0,0,0,0,0,0,0,0,0,0,0,0,0,0,0,0,0,0,2804605,0,0,0,0,0,0,0,0,0,0,0,0,0,0,0,0,0,4946167,0,0,0,0,0,0,0,0,0,0,0,0,0,0,0,0,0,2802636,0,0,0,0,0,0,0,0,0,0,0,0,0,0,0,0,0
0,0,0,0,0,0,0,0,0,0,0,0,0,0,1565779,0,0,0,0,0,0,0,0,0,0,0,0,0,3712419,0,0,0,0,0,0,0,0,0,0,0,0,0,0,3712918,0,0,0,0,0,0,0,0,0,0,0,0,0,1562292,0,0,0,0,0,0,0,0,0,0,0,0,0,0
0,0,0,0,0,0,0,0,0,0,0,0,905222,0,0,0,0,0,0,0,0,0,0,0,2612752,0,0,0,0,0,0,0,0,0,0,0,3522281,0,0,0,0,0,0,0,0,0,0,0,2611378,0,0,0,0,0,0,0,0,0,0,0,901775,0,0,0,0,0,0,0,0,0,0,0
0,0,0,0,0,0,0,0,0,0,538583,0,0,0,0,0,0,0,0,0,1792835,0,0,0,0,0,0,0,0,0,2949195,0,0,0,0,0,0,0,0,0,0,2945215,0,0,0,0,0,0,0,0,0,1791415,0,0,0,0,0,0,0,0,0,536165,0,0,0,0,0,0,0,0,0,0
0,0,0,0,0,0,0,0,0,327494,0,0,0,0,0,0,0,0,1219717,0,0,0,0,0,0,0,0,2320660,0,0,0,0,0,0,0,0,2825331,0,0,0,0,0,0,0,0,2317479,0,0,0,0,0,0,0,0,1217038,0,0,0,0,0,0,0,0,325689,0,0,0,0,0,0,0,0
0,0,0,0,0,0,0,0,203047,0,0,0,0,0,0,0,828003,0,0,0,0,0,0,0,1764173,0,0,0,0,0,0,0,2485619,0,0,0,0,0,0,0,2483140,0,0,0,0,0,0,0,1761531,0,0,0,0,0,0,0,826324,0,0,0,0,0,0,0,201571,0,0,0,0,0,0,0
0,0,0,0,0,0,0,128061,0,0,0,0,0,0,563640,0,0,0,0,0,0,1315477,0,0,0,0,0,0,2074509,0,0,0,0,0,0,0,2397639,0,0,0,0,0,0,2073320,0,0,0,0,0,0,1312054,0,0,0,0,0,0,562164,0,0,0,0,0,0,126544,0,0,0,0,0,0,0
0,0,0,0,0,0,81687,0,0,0,0,0,0,384310,0,0,0,0,0,969290,0,0,0,0,0,0,1676286,0,0,0,0,0,2171704,0,0,0,0,0,0,2166986,0,0,0,0,0,1673869,0,0,0,0,0,0,965875,0,0,0,0,0,382860,0,0,0,0,0,0,80541,0,0,0,0,0,0
0,0,0,0,0,0,52477,0,0,0,0,0,263519,0,0,0,0,0,709363,0,0,0,0,0,1324804,0,0,0,0,0,1882102,0,0,0,0,0,2101789,0,0,0,0,0,1878028,0,0,0,0,0,1322068,0,0,0,0,0,705260,0,0,0,0,0,262130,0,0,0,0,0,51868,0,0,0,0,0
0,0,0,0,0,34282,0,0,0,0,0,181163,0,0,0,0,516824,0,0,0,0,0,1030183,0,0,0,0,1583650,0,0,0,0,0,1937975,0,0,0,0,1936440,0,0,0,0,0,1577952,0,0,0,0,1027914,0,0,0,0,0,513316,0,0,0,0,179683,0,0,0,0,0,34026,0,0,0,0,0
0,0,0,0,0,22590,0,0,0,0,125107,0,0,0,0,375465,0,0,0,0,794163,0,0,0,0,1300554,0,0,0,0,1722735,0,0,0,0,0,1887285,0,0,0,0,1720428,0,0,0,0,1295290,0,0,0,0,790747,0,0,0,0,372962,0,0,0,0,123625,0,0,0,0,22457,0,0,0,0,0
0,0,0,0,14901,0,0,0,0,86659,0,0,0,0,273174,0,0,0,0,606031,0,0,0,0,1052315,0,0,0,1488785,0,0,0,0,1762732,0,0,0,0,1761490,0,0,0,0,1485787,0,0,0,0,1046481,0,0,0,604454,0,0,0,0,270077,0,0,0,0,85711,0,0,0,0,14811,0,0,0,0
0,0,0,0,9934,0,0,0,0,60565,0,0,0,197880,0,0,0,0,461413,0,0,0,840007,0,0,0,0,1261007,0,0,0,1594518,0,0,0,0,1718350,0,0,0,1592883,0,0,0,0,1257092,0,0,0,836345,0,0,0,0,457586,0,0,0,196288,0,0,0,0,59692,0,0,0,9848,0,0,0,0
0,0,0,0,6731,0,0,0,42163,0,0,0,144043,0,0,0,348721,0,0,0,0,665932,0,0,0,1050132,0,0,0,1407423,0,0,0,1619853,0,0,0,0,1621168,0,0,0,1403711,0,0,0,1044487,0,0,0,662170,0,0,0,0,345885,0,0,0,142783,0,0,0,41560,0,0,0,6646,0,0,0,0
0,0,0,0,4573,0,0,0,29695,0,0,0,104834,0,0,0,263442,0,0,0,522421,0,0,0,864336,0,0,0,1217174,0,0,0,1484899,0,0,0,1586572,0,0,0,1485755,0,0,0,1212694,0,0,0,858312,0,0,0,520524,0,0,0,260973,0,0,0,103552,0,0,0,29159,0,0,0,4493,0,0,0
0,0,0,3104,0,0,0,20998,0,0,0,76409,0,0,0,198126,0,0,409094,0,0,0,703231,0,0,0,1036686,0,0,0,1331690,0,0,0,1505487,0,0,1506566,0,0,0,1329685,0,0,0,1031755,0,0,0,698699,0,0,0,405935,0,0,196887,0,0,0,75430,0,0,0,20640,0,0,0,2986,0,0,0
0,0,0,2127,0,0,0,14881,0,0,55704,0,0,0,148736,0,0,0,318795,0,0,567437,0,0,0,873035,0,0,1171723,0,0,0,1394305,0,0,0,1477297,0,0,1393608,0,0,0,1169144,0,0,866538,0,0,0,564630,0,0,0,315575,0,0,148244,0,0,0,55009,0,0,14549,0,0,0,2071,0,0,0
0,0,0,1423,0,0,10612,0,0,0,40796,0,0,111786,0,0,0,247377,0,0,455232,0,0,0,726351,0,0,1016515,0,0,1265869,0,0,0,1409572,0,0,1410027,0,0,0,1262673,0,0,1013648,0,0,0,720512,0,0,452964,0,0,244881,0,0,0,111284,0,0,40238,0,0,0,10220,0,0,1428,0,0,0
0,0,0,986,0,0,7490,0,0,29869,0,0,0,84203,0,0,191051,0,0,363656,0,0,598914,0,0,0,871953,0,0,1128394,0,0,1317308,0,0,0,1384722,0,0,1314294,0,0,1126593,0,0,867206,0,0,0,594211,0,0,361839,0,0,189300,0,0,83736,0,0,0,29395,0,0,7273,0,0,1015,0,0,0
0,0,0,682,0,0,5394,0,0,21658,0,0,63760,0,0,147813,0,0,288794,0,0,490680,0,0,0,739254,0,0,992924,0,0,1207402,0,0,1328747,0,0,1326641,0,0,1204075,0,0,990248,0,0,734383,0,0,0,487445,0,0,286864,0,0,146429,0,0,62987,0,0,21342,0,0,5183,0,0,703,0,0,0
0,0,0,502,0,0,3830,0,0,15971,0,0,47767,0,0,114439,0,0,228544,0,0,399942,0,0,621149,0,0,863700,0,0,1087695,0,0,1251279,0,0,1305291,0,0,1246017,0,0,1086000,0,0,859705,0,0,617244,0,0,397236,0,0,227093,0,0,112711,0,0,47377,0,0,15701,0,0,3713,0,0,502,0,0
0,0,345,0,0,2760,0,0,11796,0,0,35905,0,0,88003,0,0,181114,0,0,324551,0,0,518137,0,743721,0,0,969078,0,0,1154352,0,0,1257999,0,0,1255845,0,0,1150936,0,0,965507,0,0,740912,0,513987,0,0,322087,0,0,179527,0,0,86624,0,0,35738,0,0,11443,0,0,2684,0,0,357,0,0
0,0,248,0,0,1938,0,0,8700,0,0,26993,0,67893,0,0,143118,0,0,261800,0,0,429867,0,635575,0,0,852073,0,0,1051692,0,0,1187655,0,0,1237948,0,1186724,0,0,1047588,0,0,850719,0,0,631427,0,425158,0,0,260676,0,0,141355,0,0,66782,0,26918,0,0,8410,0,0,1892,0,0,259,0,0
0,0,167,0,0,1385,0,0,6402,0,20320,0,0,52156,0,0,112708,0,211110,0,0,354149,0,0,538755,0,743987,0,0,944245,0,0,1106004,0,1196327,0,0,1194896,0,0,1101923,0,943374,0,0,740937,0,0,532657,0,351741,0,0,209179,0,0,111551,0,51510,0,0,20128,0,0,6225,0,1384,0,0,188,0,0
0,0,118,0,0,1034,0,4795,0,0,15206,0,40166,0,0,88485,0,0,169734,0,290692,0,0,452797,0,644512,0,0,841078,0,1014522,0,0,1135237,0,0,1178668,0,1132527,0,0,1011648,0,839761,0,0,639157,0,448484,0,0,289032,0,0,167816,0,87450,0,0,39515,0,15254,0,0,4576,0,1019,0,0,125,0,0
0,0,84,0,751,0,0,3536,0,11545,0,0,30848,0,69220,0,0,135975,0,238301,0,0,379263,0,552990,0,0,741651,0,920720,0,0,1062342,0,1140377,0,0,1139728,0,1060095,0,0,917943,0,739233,0,0,547936,0,375532,0,0,236220,0,134526,0,0,68374,0,30550,0,0,11419,0,3422,0,0,735,0,92,0,0
0,0,65,0,547,0,0,2610,0,8770,0,0,23753,0,54254,0,108795,0,0,194201,0,316373,0,0,471350,0,648455,0,826651,0,0,982244,0,1087894,0,0,1125090,0,1084899,0,979304,0,0,823605,0,645546,0,0,467218,0,312551,0,193158,0,0,106994,0,53943,0,0,23383,0,8608,0,2539,0,0,545,0,63,0,0
0,0,42,0,407,0,1955,0,0,6605,0,18372,0,42479,0,0,86729,0,157898,0,263156,0,0,399331,0,563606,0,735009,0,0,897923,0,1023375,0,1092090,0,0,1090064,0,1021182,0,894831,0,0,732542,0,558528,0,395712,0,0,260507,0,156574,0,85643,0,0,41953,0,18102,0,6444,0,0,1909,0,399,0,41,0,0
0,0,33,0,289,0,1470,0,0,4994,0,14122,0,33357,0,68946,0,0,128307,0,218208,0,336537,0,485219,0,0,650449,0,812081,0,951179,0,1045939,0,0,1076622,0,1043138,0,948656,0,808684,0,0,645951,0,480957,0,334457,0,215343,0,0,126896,0,68327,0,32694,0,14049,0,0,4730,0,1466,0,278,0,30,0,0
0,0,24,0,203,0,1099,0,3776,0,10912,0,0,26067,0,54758,0,104081,0,179658,0,283557,0,0,415804,0,569922,0,728786,0,874766,0,988582,0,1047893,0,0,1046293,0,985414,0,872248,0,724697,0,565065,0,0,412715,0,281223,0,177802,0,102366,0,54439,0,25607,0,0,10693,0,3635,0,1096,0,202,0,25,0,0
0,0,16,0,157,0,824,0,2887,0,8430,0,20377,0,43723,0,84112,0,0,147195,0,238210,0,354918,0,496390,0,649239,0,795203,0,923720,0,1006923,0,0,1034614,0,1004036,0,920563,0,792914,0,645181,0,492334,0,351711,0,235648,0,145643,0,0,83306,0,43089,0,20068,0,8186,0,2816,0,812,0,146,0,17,0,0
0,0,14,0,114,0,613,0,2222,0,6474,0,15910,0,34817,0,67984,0,120517,0,198573,0,302500,0,430205,0,572851,0,719784,0,853096,0,955551,0,1008964,0,0,1007399,0,952547,0,850000,0,716530,0,570018,0,426086,0,298770,0,196027,0,119354,0,67577,0,33998,0,15831,0,6239,0,2102,0,618,0,109,0,14,0,0
0,0,10,0,86,0,454,0,1694,0,5095,0,12326,0,27644,0,54813,0,98797,0,165239,0,256061,0,371489,0,503079,0,645674,0,781191,0,897317,0,970597,0,996062,0,970158,0,892753,0,778750,0,642472,0,500191,0,367176,0,252453,0,163308,0,97882,0,54255,0,27186,0,12312,0,4700,0,1634,0,463,0,76,0,11,0
0,8,0,49,0,350,0,1313,0,3890,0,9774,0,21773,0,44230,0,80824,0,136896,0,216044,0,318247,0,440532,0,575854,0,709987,0,833232,0,924219,0,972195,972805,0,921914,0,828765,0,708254,0,572532,0,436242,0,314984,0,213019,0,135248,0,80326,0,43523,0,21499,0,9538,0,3680,0,1245,0,350,0,58,0,9,0
0,6,0,40,0,251,0,1016,0,3029,0,7589,0,17293,0,35395,0,66442,112778,0,182293,0,271536,0,383233,0,510474,0,641616,0,766935,0,871454,0,937999,0,961448,936818,0,867525,0,764743,0,639128,0,505926,0,379478,0,269141,0,178725,0,111970,65509,0,34993,0,17121,0,7406,0,2826,0,955,0,274,0,36,0,7,0
0,2,0,33,0,178,0,773,0,2356,0,5976,13719,0,28293,0,54250,0,93516,0,152412,0,231590,0,331496,449503,0,576627,0,700299,0,814627,0,895651,0,940494,937802,0,894310,0,808828,0,698878,0,572440,0,445637,0,328904,227657,0,150245,0,92991,0,53352,0,28076,0,13530,5776,0,2206,0,751,0,199,0,24,0,7,0
0,1,0,21,0,140,0,590,0,1842,4652,0,10938,0,22615,0,44273,0,77091,127469,0,196885,0,285471,0,393927,0,514832,636806,0,752605,0,847172,0,908886,0,929270,907953,0,843033,0,749691,0,634312,0,510186,390165,0,282835,0,193770,0,125656,0,76728,43376,0,22579,0,10672,0,4521,0,1707,567,0,146,0,19,0,6,0
0,1,0,17,0,112,0,459,1387,0,3686,0,8646,0,18234,36032,0,63581,0,106337,0,166762,245384,0,343544,0,456302,0,574255,693454,0,792980,0,870244,0,909316,909871,0,867184,0,789808,0,689391,571979,0,452270,0,340064,0,242184,164742,0,104736,0,63401,0,35073,18074,0,8522,0,3480,0,1334,430,0,114,0,13,0,5,0
0,1,0,12,0,76,356,0,1072,0,2883,0,6845,14606,0,29293,0,52387,88623,0,141080,0,210064,0,298755,402236,0,515718,0,632523,738485,0,824937,0,881080,0,900263,879395,0,821429,0,735835,628423,0,513584,0,398316,0,295426,207254,0,138880,0,87682,52038,0,28537,0,14435,0,6682,2739,0,1050,0,303,91,0,9,0,5,0
0,0,0,10,0,50,279,0,843,0,2234,5410,0,11741,0,23721,43181,0,73817,0,118927,179675,0,258456,0,354277,459913,0,573397,0,681605,776773,0,844978,0,882259,881317,0,842778,0,772304,679025,0,570469,0,457773,349591,0,255560,0,177174,116793,0,73212,0,42558,23134,0,11644,0,5263,2131,0,829,0,234,61,0,8,0,4,0
0,0,0,7,44,0,212,0,644,1754,0,4328,0,9406,19123,0,35540,0,61228,99760,0,153753,222351,0,309647,0,409555,517220,0,626259,0,724730,804465,0,854144,0,874658,853144,0,801953,720066,0,623075,0,514004,406491,0,306039,0,220402,150511,0,98668,0,60585,34810,0,18760,9288,0,4240,0,1679,626,0,188,0,41,7,0,3,0
0,0,0,3,39,0,159,0,484,1353,0,3447,7603,0,15363,0,29159,50906,0,83439,130663,0,192002,0,269752,362082,0,464867,570412,0,672306,0,758923,822328,0,857253,855164,0,820326,0,755864,668075,0,566788,462245,0,359123,0,266373,189289,0,128432,82649,0,49996,0,28574,15229,0,7408,3329,0,1335,0,487,135,0,35,6,0,3,0
0,0,0,3,29,0,116,380,0,1053,2717,0,6100,0,12552,23754,0,42312,69879,0,110652,164836,0,235040,0,318727,414650,0,518240,618902,0,711324,785127,0,831213,0,848959,829421,0,782908,706957,0,615622,514655,0,412192,315843,0,231338,0,162656,108937,0,69046,41339,0,23495,12287,0,5929,0,2647,1073,0,362,101,0,26,6,0,3,0
0,0,0,3,20,0,92,296,0,839,2135,0,4891,10194,0,19418,34870,0,58678,93506,0,141174,203666,0,280273,0,368959,466420,0,567750,661547,0,744038,801938,0,831857,831539,0,800064,738941,0,658795,562485,0,464387,366366,0,277327,0,200358,139386,0,92211,57464,0,34410,19018,0,9922,4859,0,2063,872,0,275,76,0,18,5,0,3,0
0,0,0,1,18,0,68,234,0,666,1677,0,3935,8183,0,16086,28519,0,49053,79174,0,120635,176040,0,245246,327163,0,419399,516484,0,612315,699030,0,766314,810609,0,823430,809643,0,763335,694871,0,607926,513689,0,416782,323607,0,242360,173794,0,118817,77752,0,47919,28430,0,15666,8029,0,3902,1647,0,646,232,0,60,16,0,5,1,0
0,0,1,0,13,62,0,163,558,0,1331,3122,0,6540,13277,0,23548,40936,0,66897,102605,0,151777,213814,288931,0,375740,468041,0,562902,652717,0,728576,781045,0,810035,810262,0,780447,723076,0,647728,559659,0,466390,371758,0,285657,211935,149092,0,101261,65587,0,40064,23371,0,12837,6504,0,3070,1323,0,533,165,0,40,13,0,4,1,0
0,0,1,0,8,51,0,140,439,0,1030,2483,5324,0,10725,19639,0,33944,56264,0,87372,130527,0,186228,254542,334073,0,423126,515509,0,604634,687343,0,749501,788818,0,802424,788901,745998,0,681865,601818,0,511503,420731,0,330922,251519,183898,0,128266,86184,0,55084,33461,0,19339,10420,0,5245,2503,1021,0,415,125,0,31,11,0,2,1,0
0,0,1,0,6,41,0,114,336,833,0,1980,4285,0,8714,16193,28373,0,47301,74198,0,112369,161449,0,223159,296453,380464,0,469350,557707,0,643909,713430,763361,0,788764,789386,0,761872,708070,638950,0,555898,466114,0,377242,293771,0,220407,159651,110026,0,73107,46238,0,27949,15901,8570,0,4222,1949,0,850,313,96,0,27,6,0,2,1,0
0,0,1,0,3,33,84,0,278,658,0,1583,3456,7116,0,13380,23540,0,39648,62855,96034,0,140029,195377,262461,0,340340,425672,0,513501,597914,675429,0,732832,769834,0,782851,768901,729622,0,669236,595205,510525,0,422377,337469,0,260203,192612,137894,0,94246,62220,0,38572,23403,13018,0,6985,3422,1575,0,672,235,0,77,21,6,0,3,0,0
0,0,1,0,2,23,75,0,211,543,1289,0,2820,5684,10962,0,19737,32986,0,53469,81863,120806,0,171324,231278,303470,0,384535,468829,554309,0,634738,698152,746447,0,770395,769143,0,744057,694880,628922,0,551572,466358,381461,0,301140,228708,167974,0,118970,80739,52480,0,32439,19317,0,10925,5513,2834,0,1213,545,187,0,61,15,4,0,3,0,0
0,0,1,0,1,16,58,0,181,423,1047,0,2286,4656,8921,0,16438,27582,45020,0,70212,104023,148889,0,203562,270877,344984,0,427958,510053,592587,0,662923,716940,752819,0,763107,750207,715634,0,657739,587014,508968,0,424364,342890,267680,0,200684,146423,102553,0,68828,44181,27194,0,16130,8932,4524,0,2274,997,407,0,157,47,12,0,3,2,0,0
0,0,1,1,0,12,50,142,0,344,828,1842,0,3824,7360,13503,0,23298,37930,59660,89532,0,129343,179098,239848,0,309289,388080,468732,0,549429,625283,685223,0,728542,753569,750283,727874,0,681383,620010,546789,0,465989,384620,307107,0,237093,175748,127192,0,88494,58630,37102,22767,0,13485,7203,3747,0,1800,823,326,0,128,37,11,0,2,2,0,0
0,0,1,1,0,9,36,103,0,294,663,1458,3098,0,6121,11112,19621,0,31967,50628,77004,112105,0,157163,211346,277316,0,350225,428458,508137,585413,0,651711,701757,735719,0,745608,733873,699266,646734,0,581944,505192,425874,0,346905,274797,209053,153688,0,110187,76055,49756,0,31270,19117,11049,5971,0,3086,1445,685,0,249,99,27,9,0,1,2,0,0
0,0,1,1,0,7,28,88,243,0,522,1205,2477,5072,0,9227,16240,27156,42952,0,65915,96912,137318,0,186506,246886,315520,390228,0,468511,544858,615543,672883,0,713114,734855,733377,712863,0,668598,610750,542647,464551,0,387758,312326,244171,0,183614,135072,95221,64945,0,42366,26309,16034,9099,0,4874,2531,1188,527,0,208,75,24,9,0,1,2,0,0
0,0,1,1,6,0,20,64,188,443,0,958,2019,4175,7647,0,13675,22647,36466,56584,0,83302,119858,164617,219307,0,282776,353787,430088,505833,0,577885,639914,688306,718799,0,729257,718633,684442,637210,573897,0,502328,426600,351377,279858,0,216341,161795,117775,82274,0,55490,35913,22371,13176,0,7549,4047,2074,958,0,421,163,64,20,0,6,1,2,0,0
0,0,1,1,3,0,19,45,155,341,786,0,1702,3385,6371,11395,0,19038,30947,48267,72154,103910,0,144766,194225,253260,319521,0,392620,468138,539724,606463,659402,0,699194,718646,718256,697762,0,656611,602085,536150,463900,389619,0,317415,250104,191487,142144,0,102283,70939,47300,30360,18858,0,11080,6259,3324,1668,0,773,335,148,45,17,0,4,3,0,0,0
0,0,0,1,4,0,13,35,117,296,621,0,1407,2800,5266,9304,16254,0,26065,41306,62031,90125,127182,0,172063,225649,287878,357529,430419,0,502540,570840,629923,674628,703723,0,713425,703063,672651,625932,567010,0,498321,427146,354304,285744,222658,0,169185,124712,88756,61137,40204,0,25740,15834,9289,5132,2722,0,1358,626,272,118,32,0,12,4,2,0,0,0
0,0,0,0,5,8,0,28,96,222,520,1129,2329,0,4341,7739,13620,22060,35068,0,53591,78159,110377,152517,201378,258458,0,324505,394542,465436,534387,597833,0,648496,684582,703859,703433,682281,646873,0,592818,530751,462144,391180,321483,0,255763,198022,149786,108677,76957,52225,0,34482,21734,13340,7699,4291,0,2211,1121,499,219,93,29,0,6,4,2,0,0,0
0,0,0,0,5,7,19,0,78,171,439,934,1926,3614,0,6377,11392,18861,29758,45849,67704,0,96266,134104,179124,232277,292963,360230,0,430158,497805,564262,619488,662818,689692,0,698136,688271,660293,616748,559484,494801,426881,0,357023,290524,228362,175991,132157,94652,0,66674,44855,29204,18447,11259,6359,0,3530,1854,890,413,173,73,0,21,7,4,1,0,0,0
0,0,0,0,5,5,15,0,61,144,340,788,1591,2985,5340,0,9516,15804,25512,39133,58593,83908,117613,0,158886,207927,263891,327958,395552,463663,528377,0,589134,637373,672768,688563,688858,669224,635118,0,585446,525471,459800,392759,324657,261339,203926,0,156319,115648,82788,57413,38256,24886,15590,0,9403,5324,2951,1473,753,341,132,0,60,18,6,3,1,0,0,0
0,0,0,0,2,6,10,47,0,114,284,637,1303,2510,4428,8028,13263,0,21601,33869,50137,73163,102829,140340,185790,237944,0,297398,362065,429519,495119,556191,609627,651663,676323,0,684214,673637,647739,607824,552756,491732,425925,359447,0,294551,234207,182179,138055,101270,72048,49450,32833,0,21175,13193,7878,4388,2414,1215,615,272,0,112,48,14,4,2,1,0,0,0
0,0,0,0,2,3,10,36,96,229,0,498,1095,2092,3720,6620,11250,18455,28800,43450,0,63345,90028,123932,164954,214062,268639,331008,395948,461281,0,524233,579648,628249,659134,675850,674085,656460,624194,577598,519853,0,458296,393082,327501,266478,210384,162126,121600,88649,62228,0,42894,28011,18040,11141,6570,3645,2042,1007,484,0,224,94,37,11,4,3,0,0,0,0
0,0,0,0,2,1,10,30,72,192,387,0,911,1765,3097,5515,9483,15808,24559,37404,54979,78621,108926,0,146687,191076,243683,301112,363678,428472,490956,550592,599726,640318,663333,0,670298,660224,636580,597517,547020,488381,425253,360608,298033,240101,188352,0,143848,107126,77272,54024,36858,23957,15400,9514,5413,3046,1666,0,833,391,185,65,33,9,4,2,0,0,0,0
0,0,0,0,1,2,6,29,55,156,328,727,1459,2587,0,4568,8049,13368,21049,32233,47546,68394,95454,130035,171361,218932,273783,333765,0,395619,459073,518117,573018,617159,647584,662219,660652,644812,613016,569267,516170,456759,392970,0,330173,270243,215839,168151,127408,94664,66837,46861,31643,20580,13033,7961,4459,0,2633,1358,680,316,146,60,32,6,2,1,0,0,0,0
0,0,0,0,0,3,3,23,47,127,266,592,1216,2153,3842,6731,11219,0,18074,27895,41030,59483,83881,114509,152740,197618,247017,305553,364453,427438,487580,542744,591886,628849,650829,0,656900,648108,625660,588432,540008,485777,424409,361971,301430,244324,194008,149646,112696,83033,58106,40678,27153,0,17507,10984,6657,3778,2214,1140,529,258,123,50,19,7,1,1,0,0,0,0
0,0,0,0,0,3,2,16,38,114,208,488,1003,1808,3244,5627,9506,15390,23880,35535,51877,73354,101437,0,135234,177010,224116,278002,334882,395889,457243,513239,564767,607089,635761,649668,647845,633028,603941,562166,510933,453805,393664,332399,273611,220891,173913,0,133037,99595,72331,50899,35000,23449,14892,9162,5658,3224,1809,895,455,213,100,42,14,6,1,0,0,0,0,0
0,0,0,0,0,1,2,11,34,91,171,413,835,1539,2672,4757,8011,13055,20585,30602,45142,64189,89361,119967,158117,202542,252167,307294,365610,426041,483781,537239,583500,616903,639219,0,645359,634977,615810,580133,534514,480496,423298,363911,303732,248320,199101,155781,117850,87703,63040,44341,30383,20016,12609,7782,4778,2737,1440,785,343,182,90,28,12,6,0,0,0,0,0,0
0,0,0,0,0,1,1,9,30,67,158,313,695,1287,2245,4049,6690,11143,17588,26565,39110,55921,78483,106441,141317,181649,229516,280137,337533,395594,454251,509174,557729,595852,626191,636718,636461,621563,594908,554658,505903,451117,393449,333783,277877,224787,179079,139046,104224,77374,54702,38645,26329,16910,10866,6586,4102,2180,1201,656,284,149,76,19,12,5,0,0,0,0,0,0
0,0,0,0,0,0,2,6,23,46,146,252,594,1076,1863,3401,5655,9517,14963,23022,34043,48795,68881,94037,125254,163861,207084,256053,309500,367080,424493,480313,531964,573362,607130,627806,632737,624922,604450,573219,526981,477539,422101,363757,306211,252761,203474,160831,123286,92754,67220,48290,33574,22549,14487,9200,5639,3389,1819,1012,529,240,119,65,16,13,2,0,0,0,0,0
0,0,0,0,0,1,6,18,38,114,227,464,911,1601,2798,4784,8109,12784,19849,29545,42497,60446,83245,111349,146669,186407,233173,283900,338970,394788,452023,504498,550476,586887,614041,626370,625301,610196,585858,548629,499961,448540,392887,335244,280674,229727,183590,143660,110129,81269,59200,42103,29088,19352,12363,7786,4892,2803,1511,849,440,192,105,42,19,9,1,0,0,0,0,0
0,0,0,0,0,1,4,13,33,85,197,368,764,1358,2355,4053,6879,10893,17059,25679,36995,52958,73132,99141,130797,168188,211255,259691,312560,366426,422756,477133,525285,566053,597434,616299,1236117,594540,564958,521672,473325,420254,363752,308736,256467,207953,165559,128480,97488,71433,51968,36853,25118,16534,10546,6730,4152,2321,1249,689,363,154,95,37,15,5,1,0,0,0,0,0
0,0,0,0,0,1,4,12,32,75,196,339,705,1319,2306,3871,6581,10542,16653,24709,36326,51922,71607,97689,129125,166186,210108,258090,311498,367235,423094,477854,527193,569220,600475,619318,1243905,597778,565675,524593,473991,421304,362648,308002,255392,206213,163754,126796,95976,70470,50844,35868,24579,16021,10247,6462,3922,2183,1212,657,339,159,79,34,12,7,1,0,0,0,0,0
0,0,0,0,0,1,3,10,30,64,174,345,627,1273,2165,3632,6329,10081,16053,24072,35168,50712,70221,96244,127070,164230,208303,257328,310288,367271,423082,479285,529055,571350,604215,623949,1252108,601416,568758,526155,475581,420681,362743,307240,253413,204157,162385,125082,94543,68666,49674,34871,23670,15566,9804,6170,3654,2109,1155,588,316,159,62,32,15,4,1,0,0,0,0,0
0,0,0,0,0,1,2,7,33,62,149,304,605,1173,2050,3487,5967,9651,15504,23189,34281,49705,68559,94211,125217,162989,206277,255757,309280,366506,425020,480125,530546,574542,607302,626932,1260927,605283,571837,529221,475757,420174,363370,306401,251457,203432,159848,123242,92366,67683,48358,33853,22944,14861,9467,5867,3444,2003,1089,546,296,145,58,31,11,3,1,0,0,0,0,0
0,0,0,0,0,1,2,7,30,54,132,291,551,1094,1927,3397,5578,9340,14837,22568,33250,48306,67334,92260,123851,160882,204660,254419,308515,366206,424787,482427,532239,576450,611332,630345,1269862,609001,573905,530664,478142,420813,362542,304604,250989,200615,158523,121162,90751,66472,47103,32966,22017,14367,9051,5619,3242,1889,1032,503,276,125,62,26,10,2,1,0,0,0,0,0
0,0,0,0,0,1,1,8,22,56,126,263,502,1028,1841,3186,5372,8947,14340,21693,32369,47164,66056,90714,121494,159441,203250,252819,308326,364961,425303,483298,534972,578883,613573,635421,1277578,612447,576473,532064,479969,421636,361522,303833,249192,199263,156583,119157,89180,65132,46200,31748,21408,13749,8781,5304,3119,1769,942,475,250,112,58,23,8,3,0,0,0,0,0,0
0,0,0,0,0,1,1,7,21,49,119,234,474,971,1679,3125,5135,8556,13762,21082,31553,45678,64953,88739,120193,158044,201907,250904,306670,364914,426346,484704,535984,581759,618156,637778,1285254,615162,580030,533302,480666,422117,361283,303049,247378,198370,154635,117851,87396,63502,45228,30945,20564,13309,8467,5020,2948,1680,857,469,237,110,49,25,5,2,0,0,0,0,0,0
0,0,0,0,0,0,1,6,17,49,110,225,442,900,1591,2958,4909,8228,13339,20375,30428,44691,63532,88003,118424,156212,200423,249537,305750,364452,426157,485319,538577,584820,620407,642160,1292052,617971,583246,535771,480741,422257,361763,301458,246297,196188,153576,116114,86109,62115,43858,30124,19848,12932,8118,4780,2812,1546,861,437,217,111,37,21,5,1,0,0,0,0,0,0
0,0,0,0,0,0,1,5,22,43,109,192,439,809,1498,2811,4767,7807,12912,19733,29666,43445,62343,86469,117590,154352,198791,248504,304156,365743,424728,486711,540782,586548,623338,645870,1298278,621618,585755,538123,481365,422989,360216,301115,244931,195153,151574,114688,84617,60857,42799,29394,19214,12554,7740,4527,2673,1484,792,398,223,86,43,12,5,1,0,0,0,0,0,0
0,0,0,0,0,0,1,2,20,46,94,200,381,800,1441,2617,4535,7580,12295,19205,29099,42447,61112,85512,115107,153310,197432,246605,303944,364669,426479,486722,542428,588622,626684,648958,1305549,624374,587613,540460,482510,421814,360763,300195,243541,193783,149586,113579,83202,59860,41871,28164,18864,12211,7302,4353,2573,1434,745,379,200,83,39,9,3,2,0,0,0,0,0,0
0,0,0,0,0,0,1,1,17,46,86,180,370,735,1406,2511,4254,7382,11864,18731,28292,41543,59927,83759,113726,152223,195190,246087,302720,364361,427017,487499,544198,591070,629474,652035,1311248,628719,589273,541150,484574,422285,360010,299316,242254,191927,148631,111801,82136,58593,40834,27611,18320,11586,7047,4149,2561,1321,683,360,190,80,31,7,6,0,0,0,0,0,0,0
0,0,0,0,0,0,0,3,14,36,79,179,347,683,1389,2296,4256,7020,11510,18035,27667,40841,58650,82687,112334,150206,193712,245103,301983,363974,426994,488978,545686,593614,632036,654571,1318227,630948,592097,542508,484939,422246,359164,298754,242021,190199,147169,110093,81178,57485,39826,27002,17779,11136,6824,3965,2416,1276,643,338,174,82,22,11,3,0,0,0,0,0,0,0
0,0,0,0,0,0,0,3,11,34,85,163,320,685,1253,2240,4008,6898,11033,17628,26749,40047,57720,81159,111078,148703,193178,244043,300544,363184,427763,489724,547140,595475,633660,659090,1323921,633560,594308,544184,485603,423585,357811,297918,240445,189672,144813,109424,79313,57037,38820,26299,17254,10738,6504,3898,2303,1191,613,320,157,69,14,11,5,0,0,0,0,0,0,0
0,0,0,0,0,0,0,3,10,26,88,148,317,616,1197,2150,3826,6588,10676,17217,26199,39057,56728,79845,109747,147675,192053,243043,299554,363229,427078,490307,548186,598570,636232,661333,1330549,636839,595067,545413,487033,421981,359398,297036,239508,187589,143931,107700,78232,55952,38219,25731,16670,10391,6298,3753,2122,1171,597,292,142,63,17,11,5,0,0,0,0,0,0,0
0,0,0,0,0,0,0,3,7,27,77,140,309,613,1095,2045,3755,6341,10393,16601,25625,38283,55684,78468,108945,145826,190550,242498,299874,361139,428613,490160,550044,599769,639265,665011,1335420,639026,597317,547896,487751,421839,358206,296337,238162,185951,142829,106695,77502,54576,37508,25117,16168,10081,6008,3609,2050,1129,582,269,125,66,16,9,4,0,0,0,0,0,0,0
0,0,0,0,0,0,0,2,7,28,63,143,291,545,1094,1895,3634,6131,10052,16214,25000,37497,54523,78080,107240,144686,189096,240947,299232,361333,428456,491508,550213,602507,642161,666653,1340820,641694,600961,547366,488600,423114,357931,294394,236816,185371,141062,105860,76268,53899,36722,24410,15765,9729,5871,3513,1923,1046,566,259,135,56,16,5,5,0,0,0,0,0,0,0
0,0,0,0,0,0,0,2,4,33,58,130,268,553,966,1918,3420,5984,9783,15642,24466,36778,53930,76407,106287,143640,187990,239382,298063,362555,426891,492529,552758,603734,643744,670796,1346779,643026,602183,550040,488562,423650,356676,293628,236118,184078,139978,104096,75575,52847,36142,23643,15367,9473,5653,3324,1884,984,519,267,132,49,14,6,4,0,0,0,0,0,0,0
0,0,0,0,0,0,0,2,6,28,53,113,256,521,946,1816,3326,5595,9602,15340,23780,36110,53205,75475,105103,141938,187482,238127,296778,362591,427125,492860,554370,605834,646161,673068,1351285,646277,603800,550757,489655,423096,357581,292235,234314,182928,139110,103400,74056,52295,35299,23338,14855,9206,5449,3172,1820,928,512,240,124,42,16,6,0,1,0,0,0,0,0,0
0,0,0,0,0,0,1,2,4,22,56,105,270,453,928,1773,3137,5478,9362,14988,23251,35131,52442,74820,103957,140932,185262,237830,295942,361583,428282,493505,554545,609376,647680,674914,1356827,648745,605805,552077,489560,422810,356851,292314,233036,181495,138505,102119,73309,51260,34625,22694,14591,8909,5209,3106,1726,899,500,243,101,40,16,4,1,0,0,0,0,0,0,0
0,0,0,0,0,0,0,1,8,15,53,97,239,445,882,1709,3018,5335,9075,14658,22658,34604,51791,73759,102381,140099,184716,235729,295437,361655,428112,493627,556650,609500,652045,677926,1361152,649485,607914,553232,490336,423214,356026,291520,232179,180812,137305,100814,72338,50211,34088,22259,14213,8704,5084,2920,1636,918,431,233,103,37,16,3,1,0,0,0,0,0,0,0
0,0,0,0,0,0,0,1,3,16,52,99,217,438,846,1624,2918,5125,8791,14278,22346,33985,50770,72975,101370,138716,183237,235571,294678,361432,428216,494572,556792,610967,654131,681846,1365009,651676,609650,553801,492043,422920,355410,290709,231598,179689,135711,100036,71086,49556,33365,21927,13700,8561,4893,2862,1559,852,420,214,92,39,15,2,1,0,0,0,0,0,0,0
0,0,0,0,0,0,0,0,4,11,52,89,217,422,826,1591,2829,4919,8521,13833,21990,33435,49729,72117,100849,136875,182561,234318,295127,360386,427259,495000,559035,612874,656230,683075,1370815,653400,611122,555989,492117,421766,355394,289854,230908,178446,135127,98812,70229,48620,32996,21299,13455,8280,4849,2678,1533,794,411,204,82,37,12,5,0,0,0,0,0,0,0,0
0,0,0,0,0,0,0,0,5,8,40,91,205,387,815,1546,2716,4843,8344,13419,21377,33061,48956,71316,99595,136585,180814,233571,294081,359683,427130,496237,559569,615883,657231,686006,1374697,655595,612857,557221,491990,422405,353844,290704,229232,177968,133526,98025,69044,48097,32296,20854,13239,8053,4689,2572,1507,781,377,186,77,41,12,4,1,0,0,0,0,0,0,0
0,0,0,0,0,0,0,0,4,10,33,87,178,395,801,1426,2685,4686,8150,13164,20992,32439,48069,70278,99213,135045,180032,233095,292476,359236,426610,497422,561245,617075,660088,686621,1380287,656505,614703,558272,492519,423118,354075,288635,228644,177199,132722,96645,68423,47252,31741,20371,12927,7939,4520,2533,1404,752,373,166,76,33,15,2,2,0,0,0,0,0,0,0
0,0,0,0,0,0,0,0,4,12,35,72,170,383,736,1382,2616,4551,7919,12931,20661,31776,47283,69601,98006,133938,179444,231260,293084,358064,427073,498145,562017,618693,662293,688426,1384770,659432,614930,558992,493305,423028,354399,287531,228129,175633,131490,95972,67566,46658,31034,19976,12734,7635,4483,2465,1321,699,362,169,74,27,15,3,1,0,0,0,0,0,0,0
0,0,0,0,0,0,0,0,1,15,35,68,173,349,705,1325,2561,4476,7616,12665,20181,31405,46915,68234,96937,133289,177824,231280,291581,357494,428018,497856,563154,620306,663771,691816,1388493,660611,617515,559209,493351,423910,353524,287573,226747,174688,130223,95220,67389,45924,30299,19596,12325,7429,4371,2387,1278,695,332,158,72,22,14,1,2,0,0,0,0,0,0,0
0,0,0,0,0,0,0,0,2,11,33,73,150,354,647,1276,2500,4357,7452,12350,19944,30939,46056,67470,95999,132190,176323,230848,291119,357738,427671,498948,563393,621620,665315,694000,1393063,662733,618864,559354,494266,424259,352759,286410,226418,173533,129346,94431,66500,45395,29750,19322,12051,7076,4255,2358,1256,667,308,148,69,24,9,4,2,0,0,0,0,0,0,0
0,0,0,0,0,0,0,0,2,13,23,71,144,334,627,1302,2327,4234,7272,12163,19562,30202,45425,67108,95012,131281,175771,228930,290756,356877,428115,498918,565438,622119,668461,695431,1396539,664705,620910,560360,495318,423316,352469,285882,224989,172781,128673,93060,66085,44517,29542,18840,11578,7087,4224,2236,1215,608,313,145,59,24,8,6,1,0,0,0,0,0,0,0
0,0,0,0,0,0,0,0,2,9,29,64,148,322,612,1243,2239,4090,7116,11906,19094,29817,45214,66084,94278,129897,175006,228505,289264,357267,427065,500395,566198,623695,669781,696921,1401595,666980,620977,562556,494499,424281,351510,285192,224226,171756,127638,92246,65403,43766,29151,18591,11297,6903,4064,2227,1178,581,298,134,55,26,12,3,2,0,0,0,0,0,0,0
0,0,0,0,0,0,0,0,2,10,24,66,139,296,600,1216,2201,3934,7012,11711,18557,29531,44118,65633,93299,129517,174077,227094,288669,356464,428439,499633,567180,626055,670201,700139,1404650,668509,622502,563088,496181,422962,352030,284374,223594,170736,126825,91687,63911,43528,28671,18145,11198,6669,3957,2172,1140,577,264,134,51,17,12,6,1,0,0,0,0,0,0,0
0,0,0,0,0,0,0,1,0,10,19,75,128,298,572,1153,2163,3809,6908,11289,18486,29042,43912,64525,92405,128282,173781,226075,287745,356159,427966,500775,567340,628028,671913,701431,1408865,669901,624479,564748,495050,423048,352177,283340,222828,170034,125909,90939,63131,43137,28149,17808,11003,6500,3786,2160,1091,550,273,124,55,19,9,4,1,0,0,0,0,0,0,0
0,0,0,0,0,0,0,0,1,10,18,60,140,273,564,1108,2068,3763,6649,11184,18191,28329,43481,64102,91582,127722,172024,225869,286733,355765,427928,500796,569000,628892,674869,701341,1415020,672050,624866,564086,495601,423165,351541,283090,221980,168795,125191,90139,62733,42427,27786,17557,10771,6336,3653,2091,1079,519,271,114,49,23,9,3,1,0,0,0,0,0,0,0
0,0,0,0,0,0,0,1,0,8,17,54,142,249,528,1118,2018,3689,6453,10970,17675,28003,43000,63448,90978,126933,171521,224163,286615,355357,427500,501545,569852,630281,675735,704430,1418246,673793,624654,565759,496615,423282,350831,282609,220791,168028,124266,89288,62127,41872,27419,17184,10613,6171,3611,1957,1057,528,223,120,47,22,8,3,1,0,0,0,0,0,0,0
0,0,0,0,0,0,0,1,0,8,15,48,126,247,519,1055,1962,3650,6292,10658,17503,27457,42443,62958,90160,126188,170444,223577,286084,355033,427779,501090,570430,631414,677534,707302,1420993,675858,626381,566043,496088,423341,350342,282177,220471,166984,123395,88735,61542,41410,26846,17104,10295,6076,3482,1911,1047,489,232,109,50,20,6,3,1,0,0,0,0,0,0,0
0,0,0,0,0,0,0,0,1,9,13,41,116,251,499,998,1955,3527,6295,10409,17030,27179,42073,62123,89485,125062,170138,222411,285364,355130,427027,503014,570371,632077,679647,708674,1424980,676965,628547,565903,496962,422771,349862,281855,219652,166247,122701,87721,60701,41107,26461,16794,10168,5955,3408,1848,993,480,224,101,55,17,6,4,1,0,0,0,0,0,0,0
0,0,0,0,0,0,0,0,0,7,13,34,113,242,473,1016,1850,3481,6133,10388,16736,26683,41426,61868,88467,124258,169201,221783,284818,354500,427257,503178,572693,632000,681397,709775,1430095,677137,628439,567227,497929,423239,349404,280934,218898,165710,121408,87006,60389,40470,26039,16545,10016,5783,3344,1820,946,441,226,90,58,17,3,4,1,0,0,0,0,0,0,0
0,0,0,0,0,0,0,0,0,8,13,36,97,238,468,998,1810,3400,5995,10195,16490,26409,40789,61029,88164,123322,167847,221334,284286,354614,427331,501941,574312,634146,681406,712582,1433098,678338,629615,568379,497708,423325,349562,279783,218412,164571,121236,86491,59376,39862,25935,16233,9790,5702,3221,1784,901,465,192,90,55,16,3,4,1,0,0,0,0,0,0,0
0,0,0,0,0,0,0,0,1,5,18,27,102,208,458,947,1860,3191,5976,9889,16350,25878,40356,60257,87454,122939,167192,219730,284227,353831,427818,503073,573808,635155,683721,712882,1437179,680443,630047,568805,499030,423151,348853,279433,217240,164289,120196,85867,58683,39593,25557,15952,9624,5552,3175,1702,885,444,190,94,41,20,5,3,2,0,0,0,0,0,0,0
0,0,0,0,0,0,0,0,0,5,18,29,96,198,446,901,1797,3243,5739,9777,16046,25814,39558,59611,86756,122350,166247,219505,282919,353502,427962,504198,573102,637664,684796,715272,1439792,682022,630555,570367,498312,423323,348630,278282,217101,163267,119774,84688,58321,39327,25033,15776,9471,5481,3091,1591,887,422,179,93,47,15,7,1,1,1,0,0,0,0,0,0
0,0,0,0,0,0,0,0,0,4,14,38,90,181,432,854,1709,3239,5615,9628,15859,25305,39144,59239,86066,121137,165771,219191,282254,353198,429058,503351,574106,637557,686585,717586,1442406,683011,632897,570146,499103,422687,348633,278261,215673,162560,119159,84017,57953,38517,24862,15519,9164,5425,3017,1593,847,396,188,87,49,18,6,2,0,1,0,0,0,0,0,0
0,0,0,0,0,0,0,0,0,4,11,44,79,173,422,843,1626,3168,5568,9355,15656,24818,38924,58273,85887,120162,164984,219432,281071,353393,427716,503813,575687,638225,687552,718562,1445943,685029,634176,571277,498987,422238,348246,277839,215136,161983,117838,83192,57704,38238,24429,15131,9223,5267,3007,1559,803,377,182,87,40,19,6,3,1,0,0,0,0,0,0,0
0,0,0,0,0,0,0,0,0,3,11,41,85,171,394,794,1633,3051,5373,9347,15433,24464,38394,58076,84899,119626,164327,218701,280241,352617,428459,504036,575725,639884,688886,719302,1449520,686311,636412,571666,498242,422813,347449,277447,214254,161609,117038,82377,57311,37766,24251,14802,9116,5161,2928,1525,726,394,165,86,38,19,5,3,1,0,0,0,0,0,0,0
0,0,0,0,0,0,0,0,0,2,14,36,84,168,373,802,1565,2926,5359,9142,15230,24115,37889,57767,84020,119494,163655,217407,280229,352270,426879,504835,577621,640082,690968,721881,1450386,688190,637526,572085,498145,422243,348485,276405,213679,160589,116635,81894,56704,37451,23707,14731,8898,5117,2838,1450,758,359,173,81,38,20,6,1,0,1,0,0,0,0,0,0
0,0,0,0,0,0,0,0,0,2,16,32,75,174,367,777,1499,2897,5225,8986,15062,23895,37446,56835,83437,119278,162811,217144,279898,350778,427573,504837,578348,642205,691214,722837,1453695,689470,638247,572734,497929,422875,347408,275992,213650,159839,115592,82068,55970,36650,23718,14711,8631,5009,2751,1444,704,368,165,79,35,17,8,0,0,1,0,0,0,0,0,0
0,0,0,0,0,0,0,0,0,2,14,28,68,171,358,769,1473,2845,5005,8879,14912,23711,36919,56317,82890,118569,162224,216687,279378,350248,427353,504982,578872,643076,693158,723973,1457340,690408,638864,572316,499349,421766,347600,275329,213124,158909,115725,81480,55338,36417,23154,14523,8504,4914,2712,1416,679,364,158,80,37,14,4,2,0,0,1,0,0,0,0,0
0,0,0,0,0,0,0,0,0,1,15,24,72,157,367,735,1436,2783,4944,8770,14516,23424,36776,55719,82533,117205,162092,215736,279533,349398,427116,505116,579782,644288,694142,726094,1459904,691083,639814,573359,498582,422980,346615,275075,212331,158116,115025,80860,55049,36254,22840,14257,8325,4811,2650,1376,707,340,148,80,34,13,3,2,0,0,1,0,0,0,0,0
0,0,0,0,0,0,0,0,0,3,11,27,62,169,362,696,1427,2689,4928,8454,14372,23349,36468,54897,81993,116538,161285,215643,278471,349958,426401,506190,578714,645466,695870,726853,1462941,693358,640026,574837,499531,421195,347021,274758,210795,157610,114480,80482,54554,35802,22493,14112,8286,4659,2559,1325,692,313,158,74,34,9,3,4,0,1,0,0,0,0,0,0
0,0,0,0,0,0,0,0,0,2,13,28,58,161,335,706,1382,2675,4821,8334,14014,23256,35762,54852,81069,116271,160366,214788,278173,349939,426434,505454,580455,646068,695795,729176,1465916,693928,641277,575178,500192,422008,345591,274307,209820,157650,113797,79737,54069,35552,22372,13660,8284,4683,2477,1270,662,317,151,77,29,10,4,2,0,1,0,0,0,0,0,0
0,0,0,0,0,0,0,0,0,1,11,32,47,163,340,678,1353,2668,4685,8136,13924,22765,35678,54604,80523,115509,159824,213959,277787,349722,426486,505957,581014,647225,695746,730787,1468600,694481,642146,576563,500573,421606,345237,273275,210053,156787,113067,79686,53233,35020,22302,13406,8199,4628,2455,1279,581,323,157,81,30,11,1,3,0,1,0,0,0,0,0,0
0,0,0,0,0,0,0,0,0,4,12,25,47,145,356,659,1292,2584,4547,8118,13714,22542,35523,54226,80016,114483,159631,213474,276982,349518,426729,505930,581753,646060,698821,731011,1471808,696604,642216,576545,500627,422434,345224,272236,208908,156482,112991,78683,53183,34538,21994,13381,8042,4433,2481,1238,573,315,146,84,29,7,1,2,0,1,0,0,0,0,0,0
0,0,0,0,0,0,0,0,1,4,10,26,47,138,340,654,1281,2461,4484,7966,13603,22256,35185,53964,79359,114105,159064,212624,277243,348564,426897,506344,581457,647814,699087,732398,1474572,696959,644011,576212,500998,422794,344907,272027,208454,155899,112059,78060,52806,34270,21779,13258,7810,4424,2337,1258,592,283,148,74,26,10,4,0,0,1,0,0,0,0,0,0
0,0,0,0,0,0,0,0,1,4,11,18,49,138,292,681,1241,2405,4470,7768,13529,21965,34993,53564,78552,113595,158601,212253,276956,348272,426915,506280,581755,649030,699179,734343,1475777,698759,643820,578152,501019,422689,344850,271722,207665,155382,111345,77535,52175,34397,21618,12999,7698,4326,2270,1226,577,302,127,76,28,9,3,1,0,1,0,0,0,0,0,0
0,0,0,0,0,0,0,0,0,4,11,20,40,140,284,634,1229,2384,4356,7763,13317,21691,34550,53270,78072,113236,157396,212415,276122,348230,427290,505226,583076,649025,700983,734237,1479269,700347,644406,578300,501077,423241,344484,271081,207496,153998,111152,77114,51861,34030,21377,12827,7586,4225,2243,1195,567,285,143,61,30,7,2,2,0,1,0,0,0,0,0,0
0,0,0,0,0,0,0,0,0,2,11,19,47,131,270,629,1172,2381,4242,7619,13186,21550,34086,52894,77879,112650,157053,211426,275638,348756,426057,505808,582790,650341,701385,736176,1481936,699806,647647,577612,501974,421843,344506,270838,207382,153460,110415,76744,51730,33446,21216,12665,7292,4236,2217,1160,578,279,124,64,27,7,3,2,0,1,0,0,0,0,0,0
0,0,0,0,0,0,0,0,0,3,14,17,50,117,266,596,1160,2270,4300,7502,12945,21233,34159,52242,77545,112108,156429,210528,275231,347825,426548,507005,582515,650312,703290,737179,1484066,701798,646536,579864,501470,421919,344218,270375,207144,152837,109617,76562,51005,33416,20932,12539,7145,4150,2251,1128,554,272,119,62,26,8,4,1,1,0,0,0,0,0,0,0
0,0,0,0,0,0,0,0,1,2,12,21,44,115,254,581,1132,2222,4277,7426,12750,21128,33718,52033,76927,111826,155437,209749,275096,347151,426883,507079,583222,651079,704413,738525,1486302,702691,646727,579808,502545,422651,342312,270856,206209,152737,109383,75819,50639,33034,20758,12367,7067,4092,2194,1103,544,247,119,61,25,10,2,2,1,0,0,0,0,0,0,0
0,0,0,0,0,0,0,1,1,2,9,20,54,112,267,529,1145,2236,4114,7353,12460,21129,33251,51452,76628,111013,155158,209660,274180,347483,426484,507433,582858,651997,705708,739506,1489352,703248,647881,579570,503428,422228,342275,269847,205718,152328,108722,75542,50400,32773,20468,12147,7025,4006,2127,1077,539,254,121,50,24,12,0,1,2,0,0,0,0,0,0,0
0,0,0,0,0,0,0,0,1,2,11,15,46,118,226,549,1146,2169,4014,7242,12465,20530,33245,51123,76072,110292,154610,209272,273625,347471,426320,507400,584344,651622,706348,739924,1492344,704817,648765,580170,502960,421314,343501,269410,204531,152283,108617,74630,50228,32270,20189,12148,6941,3936,2087,1052,561,250,110,51,30,6,2,1,2,0,0,0,0,0,0,0
0,0,0,0,0,0,0,0,1,1,7,21,47,95,236,536,1114,2169,3961,7110,12295,20366,32993,50762,75794,109845,153488,208586,273804,347184,426418,506611,585864,652378,706139,743086,1492212,706142,650202,580610,502196,421807,342958,268987,205100,151013,108247,74484,49540,32171,19923,12126,6905,3768,2062,1063,527,261,98,63,22,5,2,1,2,0,0,0,0,0,0,0
0,0,0,0,0,0,0,0,0,2,6,19,47,100,220,519,1078,2163,3915,7038,12055,20290,32474,50291,75797,109395,153203,208396,272838,345976,426821,506767,585847,653725,707295,743015,1495287,707145,649734,581010,503953,421604,342036,268791,204807,150383,107530,74595,49062,32122,19574,11870,6835,3769,2006,1048,519,242,100,61,19,9,1,2,2,0,0,0,0,0,0,0
0,0,0,0,0,0,0,0,0,2,6,18,41,110,219,503,1070,2070,3935,6966,11916,20060,32114,50026,75116,109053,152920,207021,272938,346532,425084,509158,585044,653884,709316,743115,1498723,707080,650420,582297,503229,422251,341023,268764,204379,149893,107001,74266,48800,31473,19416,11770,6749,3709,1994,998,525,224,102,57,14,9,3,0,1,1,0,0,0,0,0,0
0,0,0,0,0,0,0,0,1,1,5,20,42,105,226,465,1053,2005,3945,6874,11760,19829,32112,49500,75078,108400,152016,206512,272252,346524,425657,507781,586304,654519,709540,746650,1499020,707236,651511,582386,504414,422169,341311,267251,203995,149490,107116,73670,48436,31247,19220,11639,6614,3709,1896,1003,495,206,114,52,18,10,2,1,1,0,0,0,0,0,0,0
0,0,0,0,0,0,0,0,2,0,7,18,43,95,236,477,972,2049,3806,6711,11766,19622,31836,49465,74238,107812,151440,206550,271828,345970,426165,507611,586207,656194,709750,747221,1500647,708788,652385,582781,504877,421738,340940,267057,203459,149145,106511,73229,48355,30817,19300,11251,6616,3663,1893,999,463,212,108,53,21,5,3,0,1,0,0,0,0,0,0,0
0,0,0,0,0,0,0,0,2,0,7,16,43,103,220,454,987,2061,3696,6744,11471,19493,31542,49158,74176,107204,151079,205903,271218,346592,424747,507658,586375,658541,709939,747186,1503379,709979,653551,582779,504713,421724,340603,267236,202455,148650,106041,72821,48127,30820,18886,11187,6632,3455,1908,994,475,196,109,42,21,6,2,1,1,0,0,0,0,0,0,0
0,0,0,0,0,0,0,0,2,2,6,13,42,102,219,449,957,1985,3644,6661,11320,19249,31295,48994,73716,106868,150587,205601,270929,346042,424782,507307,587023,658038,712287,747093,1507024,709906,653874,583488,504852,421739,340102,267112,202446,147661,105955,72271,47804,30475,18834,11053,6390,3553,1873,960,447,197,110,38,23,3,2,2,0,1,0,0,0,0,0,0
0,0,0,0,0,0,0,0,2,2,6,12,35,99,215,452,925,1934,3599,6489,11293,19053,31046,48720,73255,106601,150076,205290,270834,344817,425214,507785,587134,658952,713449,747487,1508374,710228,655544,583233,504699,422095,340524,266199,202253,147766,105167,71763,47528,30273,18509,11122,6312,3486,1829,906,447,213,91,45,13,8,2,2,0,0,1,0,0,0,0,0
0,0,0,0,0,0,0,0,1,3,5,7,33,92,234,444,943,1863,3551,6335,11125,19014,30860,48618,72606,106279,149601,204776,270522,344621,425918,507187,587851,658847,715029,748456,1508095,712818,655112,584587,504643,421868,340042,266533,201302,147678,104533,71752,46867,30110,18340,11156,6176,3534,1716,934,410,218,97,44,9,8,3,1,0,0,1,0,0,0,0,0
0,0,0,0,0,0,0,0,0,3,4,13,38,88,205,464,922,1850,3458,6351,11001,19008,30359,48177,72485,105703,149455,204619,270093,344410,424900,507613,588670,659270,716087,749509,1509388,713033,656079,585045,505652,420918,340037,265928,200509,147436,104402,71401,46869,29742,18163,11019,6195,3487,1671,898,428,190,115,27,9,8,2,0,1,0,1,0,0,0,0,0
0,0,0,0,0,0,0,0,0,1,8,11,44,77,216,458,900,1830,3419,6191,10971,18734,30178,47801,72211,105705,148991,204406,269028,344631,424390,508063,588429,660376,715618,750887,1511404,713917,656818,585775,505256,421246,339918,265183,200164,147109,103860,71065,46846,29349,18168,10905,6147,3330,1764,845,422,193,100,25,14,9,0,0,1,1,0,0,0,0,0,0
0,0,0,0,0,0,0,0,0,1,8,16,34,81,214,422,952,1715,3381,6256,10964,18290,29975,47644,71935,105344,148683,202870,270019,343043,425209,507902,588469,660939,715962,751919,1513981,713414,658314,586181,505589,420531,340106,264895,200543,145797,103691,70965,46099,29624,18004,10738,6064,3326,1738,827,407,185,89,30,16,5,0,0,1,1,0,0,0,0,0,0
0,0,0,0,0,0,0,0,0,1,9,12,29,90,203,432,906,1714,3375,6230,10777,18012,29850,47457,71519,104946,148101,202986,268461,343736,424273,509336,589419,659699,717062,751759,1516807,714523,658166,586855,504856,420891,340022,264796,199862,146042,103519,70295,45971,29415,17879,10481,6060,3310,1735,808,398,180,89,34,15,3,0,0,2,0,0,0,0,0,0,0
0,0,0,0,0,0,0,0,0,0,11,8,39,90,171,442,896,1730,3307,6125,10695,17885,29618,47288,71228,104649,147521,202233,268862,343624,424426,508470,589707,661110,717061,752097,1517876,716509,658414,587549,505194,420023,340337,264321,199950,145273,103027,70058,45805,29095,17766,10403,6024,3231,1756,815,369,179,92,32,12,3,0,2,0,0,0,0,0,0,0,0
0,0,0,0,0,0,0,0,0,1,5,10,48,89,167,417,881,1697,3327,6001,10463,18126,29496,46791,70798,104166,147628,201891,267707,343482,424630,509042,588602,662179,718349,753578,1518314,717356,659080,587114,506274,420280,339432,264666,198988,145237,102406,69878,45678,28914,17503,10449,5917,3144,1694,822,377,181,87,31,10,2,2,1,0,0,0,0,0,0,0,0
0,0,0,0,0,0,0,0,0,1,6,13,37,86,167,414,856,1709,3253,5914,10516,17867,29303,46569,70464,103811,147268,201207,267372,343105,425892,508007,589437,662016,719103,755283,1519954,717216,660142,587246,505598,420263,339161,264954,199102,144469,102061,69331,45462,28685,17579,10444,5763,3117,1721,793,374,174,77,32,10,2,1,1,0,0,0,0,0,0,0,0
0,0,0,0,0,0,0,0,1,0,3,15,38,67,181,364,823,1697,3167,5807,10258,17407,28699,45529,69238,101705,145233,198590,264367,339472,422134,505235,586672,659231,718052,754715,1522131,719763,663681,589991,508974,423340,341458,267512,200311,145719,102809,70191,45761,28657,17625,10545,5831,3133,1670,827,380,190,59,40,9,3,0,2,0,0,0,0,1,2801,1294,0
0,0,0,0,0,0,0,0,1,1,2,16,34,71,191,346,789,1617,3156,5623,10087,16991,28246,44638,68087,100164,142883,196636,260876,336671,418838,501955,583383,657326,716101,753794,1526148,721778,666357,593545,512128,426909,344735,268610,202844,147069,104087,70920,46148,28912,17958,10398,5875,3202,1672,812,393,170,73,31,10,3,1,1,0,0,0,0,1,2725,1370,0
0,0,0,0,0,0,0,0,1,1,1,18,33,68,183,351,760,1587,3038,5510,9864,16814,27948,43819,66933,98861,140995,193869,258781,333448,414792,498162,580710,654835,713086,754463,1527511,723771,669140,597191,515737,431143,347252,271729,203779,149472,105116,71570,46506,29461,18153,10568,5871,3238,1663,826,388,178,73,29,11,3,1,1,0,0,0,0,1,2663,1432,0
0,0,0,0,0,0,0,0,1,0,6,13,30,81,177,348,727,1537,2962,5479,9731,16547,27478,43280,65775,97486,139310,192292,256018,330041,411958,494356,577763,651547,711609,750928,1529490,726458,671277,600382,520299,433876,350513,273985,206957,151163,106571,72307,47217,29773,18409,10667,6027,3256,1673,844,398,169,73,32,12,2,1,1,0,0,0,0,1,2579,1516,0
0,0,0,0,0,0,0,0,1,0,6,16,32,63,174,338,714,1514,2901,5368,9624,16251,27159,42677,65239,96844,136927,189937,253858,326915,407528,493142,573338,648692,709822,748585,1529337,727976,674689,603540,523118,437292,353285,277615,209560,153506,107890,73118,48108,30397,18614,11006,6044,3255,1762,829,413,165,81,32,11,2,1,1,0,0,0,0,0,2507,1589,0
0,0,0,0,0,0,0,0,0,3,2,15,38,60,163,339,696,1471,2925,5328,9437,15969,26784,42260,64676,95508,135660,187845,251388,324221,404608,488584,571461,645180,706727,747700,1528421,728102,677454,606246,526398,440954,356974,280299,212400,155605,109810,74147,49244,31030,19004,11179,6353,3320,1726,878,399,196,80,28,11,4,2,0,0,0,0,0,0,2426,1670,0
0,0,0,0,0,0,0,0,1,3,3,16,35,67,138,361,677,1445,2830,5249,9378,15836,26461,41532,64500,93993,134767,185725,249069,321657,402324,485612,566454,642598,703814,745326,1525595,730201,678720,609876,529038,445201,360121,283711,215403,158086,111350,75732,50336,31866,19459,11469,6458,3435,1756,884,423,187,83,33,9,7,2,0,0,0,0,0,0,2334,1762,0
0,0,0,0,0,0,0,0,1,1,6,12,33,69,145,323,683,1441,2811,5171,9186,15787,26067,41369,63355,93473,133601,184477,246353,319619,398646,483088,563126,638738,699706,743480,1523502,730403,680374,611757,532751,448716,364175,286879,218518,160689,113613,77498,51493,32682,20002,11767,6683,3500,1887,885,442,187,88,34,12,5,3,0,0,0,0,0,0,2239,1857,0
0,0,0,0,0,0,0,0,1,1,7,11,29,61,157,301,689,1422,2707,5152,9158,15555,25716,40995,63066,92664,132228,183340,244625,316597,396729,478950,559967,636036,696578,739835,1519460,731405,680904,614040,536384,452129,367479,290645,222134,163099,116355,79390,52614,33743,20540,12204,6867,3712,1923,905,450,206,89,38,12,5,3,0,0,0,0,0,0,2158,1937,1
0,0,0,0,0,0,0,0,0,3,5,12,22,63,155,292,705,1376,2677,5000,9193,15153,25496,41017,62451,91443,131653,181953,242857,314527,393748,474952,557903,632306,694068,735967,1516486,730783,681059,616468,538197,455230,371065,294792,225036,166802,119222,81340,54181,34577,21474,12678,7152,3973,1998,969,463,213,95,42,11,7,2,0,0,0,0,0,0,2078,2017,1
0,0,0,0,0,0,0,0,0,1,7,11,18,63,150,313,666,1400,2622,4906,8955,15323,25278,40524,62018,90657,130811,180626,241105,312575,390934,473605,553223,628868,689586,734441,1512082,728652,681519,617890,541308,457645,375303,298451,228979,169685,122410,83653,55652,36334,22182,13208,7436,4195,2139,1008,501,233,98,42,13,7,1,0,0,0,0,0,0,1984,2111,1
0,0,0,0,0,0,0,0,0,1,4,13,23,58,149,301,639,1378,2623,4917,8784,15126,25126,40138,61283,90418,129798,179704,240171,310671,388082,471427,550431,624212,687186,730309,1506112,727557,681905,619094,542712,461623,378742,301754,232916,173262,124903,86759,57741,37510,23378,13767,7920,4320,2304,1089,543,254,111,44,13,6,1,0,0,0,0,0,0,1895,2200,1
0,0,0,0,0,0,0,0,0,2,4,7,26,58,143,313,656,1312,2596,4925,8712,14980,24865,39848,60706,89912,128454,179062,238943,309262,385907,468305,547791,620114,683200,727699,1499461,727456,681325,619063,544603,463738,383221,305327,236403,177821,127574,89343,60448,38926,24514,14521,8383,4676,2447,1223,593,250,125,46,14,8,1,0,0,0,0,0,0,1810,2285,1
0,0,0,0,0,0,0,0,0,2,5,4,27,60,142,317,656,1304,2555,4859,8644,14876,24520,39517,60512,89124,127780,178017,238422,306560,384543,465288,544722,618329,678772,724227,1493678,724776,680730,619532,545599,466468,386103,308831,241260,180733,131902,92196,62649,40687,25797,15466,8902,5111,2687,1291,618,300,137,49,17,8,1,0,0,0,0,0,0,1713,2382,1
0,0,0,0,0,0,0,0,0,2,4,7,23,55,153,298,652,1270,2535,4772,8623,14719,24510,39147,59625,88814,127719,176209,236938,305913,382586,462906,541964,615607,676513,718840,1487703,721939,678704,620361,545973,468602,389170,313490,244462,185293,135244,95400,64979,43248,27050,16356,9813,5466,2958,1426,716,320,135,68,21,10,1,0,0,0,0,0,0,1616,2479,1
0,0,0,0,0,0,0,0,0,1,4,7,18,58,144,295,663,1246,2484,4683,8488,14666,24402,38538,59398,88300,127001,175366,235759,304774,380296,461257,539389,613011,673159,715235,1480962,719935,676178,618592,548293,469599,392280,316937,248557,189080,138829,98832,68093,45280,28911,17690,10388,6049,3166,1598,773,376,151,83,26,10,2,0,0,0,0,0,0,1555,2540,1
0,0,0,0,0,0,0,0,0,1,3,8,19,66,128,298,601,1279,2482,4689,8387,14423,24083,38326,58803,87910,126386,174524,234993,302112,379825,458826,538433,609087,670212,713104,1473366,716472,674538,617139,548726,471181,394363,319864,252466,192802,143266,102613,70931,47918,30600,19186,11313,6626,3485,1826,875,433,176,85,41,12,1,0,0,0,0,0,0,1454,2641,1
0,0,0,0,0,0,0,0,0,1,4,5,27,62,115,288,614,1251,2451,4631,8258,14391,23848,37974,58680,87652,125194,174054,233416,301831,376411,458657,536419,605943,666465,710834,1466889,713388,671489,616658,547479,472419,395873,323132,255876,197337,146755,106506,74407,50320,33105,20692,12470,7098,3957,2104,1038,480,217,84,45,14,4,0,0,0,0,0,0,1371,2724,1
0,0,0,0,0,0,0,0,0,1,1,10,25,61,114,265,609,1238,2505,4569,8076,14220,23633,37824,58243,87035,124876,173033,232503,300860,375685,455400,534473,605307,662985,706198,1461425,709345,670031,614442,546097,472785,397114,325891,259739,201282,151106,110465,77894,53357,35604,22399,13619,7950,4482,2337,1187,570,265,107,41,26,3,0,0,0,0,0,0,1297,2796,3
0,0,0,0,0,0,0,0,0,1,1,10,27,54,102,260,582,1287,2453,4490,8021,14111,23365,37543,57835,86795,123795,172113,231770,299669,373837,454844,531861,602837,661376,704064,1453336,706886,667235,611055,544698,472805,399101,328110,263095,204747,155271,114803,81877,56434,38115,24332,15101,8890,5051,2712,1345,669,314,134,56,31,6,0,0,0,0,0,0,1223,2869,4
0,0,0,0,0,0,0,0,0,1,1,9,30,47,112,241,587,1285,2421,4320,8077,13904,23229,37133,57406,86028,122931,172056,230389,298920,373029,452693,530269,600268,659224,702247,1447071,703973,662629,608663,543231,472020,399190,330910,265784,208512,159647,118712,86089,59847,41158,26518,16691,9860,5820,3138,1556,780,373,167,74,33,9,0,0,0,0,0,0,1131,2961,4
0,0,0,0,0,0,0,0,0,1,2,4,26,57,106,249,566,1241,2357,4435,7832,13813,22806,37200,56890,85580,122610,170738,229547,296918,372647,451459,528568,598187,657856,699041,1441149,701118,659553,604998,540958,471172,400357,331268,268829,211767,163663,123384,89951,63767,44186,29119,18290,11353,6458,3694,1829,926,450,199,77,48,12,1,0,0,0,0,0,1071,3020,5
0,0,0,0,0,0,0,0,0,1,2,3,20,57,115,263,565,1200,2356,4406,7750,13637,22725,36740,56611,84506,122386,169829,228712,295520,371488,449744,526932,596969,654945,697133,1436544,697424,656818,601886,539300,469247,399440,332311,270622,215155,167893,127779,94153,67696,47433,31990,20366,12707,7507,4169,2233,1061,549,250,92,53,14,5,0,0,0,0,0,1007,3084,5
0,0,0,0,0,0,0,0,0,0,1,7,21,42,129,264,560,1159,2330,4336,7721,13450,22539,36417,56095,84345,121199,169311,227176,294743,369868,448685,525771,594260,654082,694457,1431546,695097,654218,598910,535752,467512,398587,332113,272873,218283,171777,131439,98954,71832,50987,34972,22595,14365,8591,4932,2581,1277,635,308,126,56,18,7,1,0,0,0,0,938,3152,6
0,0,0,0,0,0,0,0,0,0,1,7,21,48,126,266,520,1169,2266,4204,7667,13392,22299,35996,55548,83745,120401,168357,226381,294660,367944,446683,523558,594443,651973,692788,1427283,691567,650637,597126,532108,465777,397018,331969,273336,221507,175094,136014,103092,76356,54878,38056,25341,16143,9798,5656,3109,1608,758,368,148,65,24,12,0,1,0,0,0,867,3219,10
0,0,0,0,0,0,0,0,0,0,1,5,28,40,115,268,532,1137,2268,4175,7600,13076,22063,35735,54977,83507,119299,167723,225298,293121,366779,445481,522826,592450,649939,691859,1424016,688170,647816,593463,529904,462582,394572,332108,274238,223094,178283,140345,107395,81004,58833,41551,28167,18289,11225,6624,3715,1932,927,436,201,70,31,16,2,1,0,0,0,795,3287,14
0,0,0,0,0,0,0,0,0,0,1,7,23,43,109,254,552,1111,2208,4185,7367,13131,21789,35230,54869,82385,119060,166530,224368,291220,366114,443926,521312,591056,649572,689957,1419063,687276,644689,590626,527303,458990,393125,330848,274314,224145,181076,144105,111887,85592,63136,45285,31562,20489,12825,7779,4405,2350,1116,532,259,99,31,20,5,1,0,0,0,754,3321,21
0,0,0,0,0,0,0,0,0,0,0,7,21,42,106,257,540,1066,2189,4114,7409,12902,21593,34713,54683,82042,118121,165490,223341,289384,364391,443674,519542,590343,647985,688913,1415910,685008,641222,588099,524525,456235,390348,329597,273776,224458,184255,146805,116739,89867,67711,49140,35082,23186,14789,9088,5235,2840,1380,633,310,125,56,17,7,1,0,0,0,688,3380,28
0,0,0,0,0,0,0,0,0,0,2,2,26,35,118,235,500,1085,2119,4033,7463,12739,21134,34823,54073,81380,117746,163772,222224,288309,363824,441747,517991,589125,646339,688679,1412681,683061,639030,585160,521495,453040,388355,327404,272556,225266,184903,150884,120514,94474,72404,53672,38388,26061,17066,10613,6191,3412,1695,831,370,158,73,22,7,3,0,0,0,662,3398,36
0,0,0,0,0,0,0,0,0,0,0,5,21,44,100,235,500,1080,2069,3995,7340,12597,21160,34052,53756,81135,116002,163827,220540,287099,362533,440440,516470,587430,645117,687896,1410439,681137,637681,582957,518380,450377,385174,324595,270940,225556,186157,152807,124195,99011,77355,58244,42222,29381,19657,12237,7345,4126,2060,1046,461,197,90,28,12,2,0,0,0,592,3463,41
0,0,0,0,0,0,0,0,0,0,0,4,15,50,97,217,526,1063,2071,3902,7266,12439,20920,33774,53217,80125,115639,162199,219779,285920,360325,439594,514880,586362,644185,686479,1409781,678534,637190,580395,515604,447523,381692,321759,268849,224677,187262,154667,127614,103001,81804,63171,46629,33020,22277,14399,8634,4949,2532,1306,570,261,106,41,15,2,0,0,0,559,3485,52
0,0,0,0,0,0,0,0,0,0,0,2,16,44,93,228,500,1043,2035,3867,7068,12357,20681,33764,52373,79771,114895,160935,218083,284264,359194,437795,514185,583886,644033,685803,1407524,678763,634893,578882,513091,445298,378323,318812,266987,222828,186580,156288,130320,107250,86565,67555,51367,36952,25356,16596,10257,5945,3132,1603,686,326,152,43,19,4,0,0,0,514,3516,66
0,0,0,0,0,0,0,0,0,0,2,0,16,36,92,239,500,1004,1929,3897,7007,12176,20505,33348,52170,78813,113856,160002,217298,282931,356795,437423,512262,582443,642700,685061,1405920,678108,635084,577052,509995,442491,375479,315942,264375,220594,185666,157059,133322,110129,90950,72871,56093,40981,28960,19199,12100,6955,3974,1917,918,403,170,68,25,6,1,0,0,469,3544,83
0,0,0,0,0,0,0,0,0,0,1,3,14,37,96,232,478,1004,1965,3716,6915,11935,20341,32904,51944,77776,113254,159181,215578,281282,355943,434817,511521,580385,642107,684427,1405267,678103,632441,576389,508523,440164,372691,312905,260859,218493,184144,157241,134614,113979,94871,77703,60926,45499,32616,22353,14059,8424,4773,2413,1168,498,210,87,33,9,1,0,0,453,3549,94
0,0,0,0,0,0,0,0,0,1,2,2,10,34,104,214,463,975,1982,3745,6701,11813,20051,32761,51194,77237,112148,158086,213996,280344,353793,432956,510128,580375,640931,683548,1403732,676584,633285,574811,507515,438340,370320,308827,258357,215394,182531,156176,135240,116960,99141,81852,65912,50508,37037,25467,16375,10029,5779,3007,1467,633,271,114,40,13,1,0,0,407,3577,112
0,0,0,0,0,0,0,0,0,0,3,4,11,36,86,229,456,944,2003,3591,6651,11717,19760,32353,50714,76469,111577,156945,212218,278836,352644,431425,508360,579292,639043,683289,1401931,677556,632084,573485,508567,435207,368340,305612,254783,212665,180417,154784,135566,118885,102621,86331,70543,55748,41390,29199,19104,11991,6957,3685,1818,819,358,139,53,17,1,0,0,379,3578,139
0,0,0,0,0,0,0,0,0,0,3,3,13,40,88,200,448,934,1899,3634,6499,11651,19354,32023,50393,75833,110637,155478,210786,277078,351559,429523,506181,577333,638676,681883,1402246,677033,632741,573487,506714,434450,365822,303023,251313,209110,177621,153448,135036,119956,105666,90480,75716,60579,45990,33379,22275,14093,8356,4586,2276,1055,438,178,74,19,3,0,0,336,3593,167
0,0,0,0,0,0,0,0,0,2,2,2,14,35,75,208,439,958,1783,3586,6469,11491,19260,31667,49733,75384,109400,154225,209749,275100,349465,427214,504779,577554,636750,680562,1401126,677808,632434,574307,505437,434627,362791,300604,248728,205570,173764,151480,133896,120284,107885,94651,80451,65591,50799,37693,26148,16522,10138,5581,2819,1335,588,229,82,36,2,0,0,306,3601,189
0,0,0,0,0,0,0,0,0,3,0,4,14,26,80,195,439,919,1848,3391,6420,11370,19055,31418,49090,74672,108909,152778,207817,273518,347494,425855,502799,575943,636939,679471,1400426,676535,633605,574310,505420,433263,361737,298193,245290,202449,170972,148305,131937,119849,109802,97805,84825,70901,56166,42298,29652,19692,12095,6880,3546,1683,753,296,109,45,5,1,0,268,3612,216
0,0,0,0,0,0,0,0,0,2,1,3,13,26,75,199,433,925,1779,3396,6270,11143,19010,30791,48781,73907,107895,151664,206458,271483,345158,424007,501634,573752,635848,679281,1399715,677144,633279,575282,505852,431507,362159,295480,242550,199145,167069,145242,129896,119289,109906,100295,88900,75866,61457,47432,33981,23026,14351,8342,4541,2109,962,400,135,58,7,1,0,244,3602,250
0,0,0,0,0,0,0,0,0,2,1,3,15,21,68,192,411,882,1835,3294,6228,11036,18576,30481,48303,72957,106721,150839,205126,270109,342782,421461,500222,572403,633307,679760,1399072,677512,633603,576025,506694,430722,360829,294482,240308,196105,162996,142108,126594,117551,109847,102033,92818,80578,66995,52547,38756,26550,17109,10170,5572,2740,1183,514,174,72,17,1,0,219,3584,293
0,0,0,0,0,0,0,0,0,2,1,6,9,29,68,185,402,870,1766,3296,6058,10853,18425,30030,47720,72126,105934,148846,204303,268322,341670,419307,497786,570750,633178,676391,1400527,676791,635677,575471,507133,431709,359418,294338,237456,192839,159974,138066,123526,114875,109038,103650,95432,84919,72190,58099,43666,30808,20157,12389,6785,3459,1588,634,258,84,21,2,0,186,3562,348
0,0,0,0,0,0,0,0,0,1,2,5,11,21,72,166,416,866,1697,3219,6065,10743,17953,29923,46980,71750,104804,147532,202969,267258,338633,417064,495263,570267,631238,675346,1399546,678796,634412,578262,506012,433051,359715,293256,236052,189485,156803,133767,120339,111804,107643,103642,97993,88648,77114,63834,48929,35368,23655,14810,8300,4465,2042,833,317,125,26,4,0,172,3523,401
0,0,0,0,0,0,0,0,0,1,4,2,9,21,64,181,390,864,1648,3225,5934,10480,17820,29425,46576,70851,103581,146852,201241,265103,337400,414532,493273,568011,629217,674806,1399225,678486,637850,577002,508541,433160,359759,292435,234228,187799,153088,130306,115868,108919,104815,103689,99236,92141,81441,69603,54462,40330,27670,17652,10226,5523,2588,1120,422,167,42,7,1,159,3474,463
0,0,0,0,0,0,0,0,1,1,3,2,11,19,79,164,369,824,1697,3228,5786,10350,17632,28923,46025,70016,102562,146165,199111,262891,335603,412887,490919,565466,626996,673741,1399810,678311,639111,578885,508926,434646,359534,292554,232903,185657,150463,126445,112087,104846,102628,101715,99623,94902,86100,74551,60438,45732,31995,20943,12496,6885,3369,1409,607,198,59,12,1,131,3434,531
0,0,0,0,0,0,0,0,1,0,2,6,10,24,71,161,351,836,1662,3079,5816,10129,17507,28621,45156,69423,101798,144382,198372,260286,333446,410634,490172,561674,626213,671987,1399598,679041,639358,581340,509993,434829,360398,292560,232653,183675,147633,123139,108178,101063,98845,99743,99302,96219,90178,79502,66025,51662,37000,24430,15299,8508,4317,1854,785,256,85,24,1,121,3397,578
0,0,0,0,0,0,0,0,0,1,2,5,12,19,76,162,350,822,1609,3062,5608,10132,17002,28392,44796,68814,100618,143136,195943,258895,330774,409352,487368,559672,623894,671977,1397949,680850,640201,581935,510900,436942,360987,292752,231722,183355,145033,120034,104088,97519,94940,96300,98603,96971,92898,84254,71626,57359,42517,28841,18366,10404,5441,2539,978,373,106,30,5,102,3355,640
0,0,0,0,0,0,0,0,0,1,3,6,9,20,82,161,358,773,1622,3028,5518,9949,16887,27882,44430,67890,99669,141656,194337,257412,328989,406762,483927,559153,621076,670635,1396946,681750,641523,582259,513541,438111,361973,293130,231983,181466,143852,117072,100770,92901,90933,93178,95876,97337,94950,88289,77216,63128,48215,33845,21786,12894,6897,3247,1307,489,158,45,9,88,3288,721
0,0,0,0,0,0,0,0,0,0,3,9,8,23,73,155,341,753,1583,3001,5514,9751,16670,27529,43814,67093,98396,140252,192816,255435,326490,403584,483087,556673,620110,667871,1396742,681985,642329,584673,515167,438920,363707,293773,231993,180840,142470,114449,97275,88884,86664,89513,92988,96201,95793,91760,82677,68673,54251,39335,25980,15624,8734,4181,1755,647,223,58,12,79,3222,797
0,0,0,0,0,0,0,0,0,0,4,6,9,28,73,141,349,736,1507,2991,5420,9708,16434,27176,43221,66134,97451,139176,191123,254097,323051,401530,481022,553359,618173,666982,1395976,682634,643773,585591,516883,441086,364933,294377,232638,180778,140665,112914,94096,84484,82712,84954,89733,94476,95969,93923,87087,74741,60347,45095,30755,18960,10749,5418,2376,878,303,87,18,71,3159,868
0,0,0,0,0,0,0,0,0,0,3,5,9,29,55,167,318,716,1493,2932,5412,9631,16071,26908,42754,65079,96396,138255,189225,250785,322301,398703,477419,551970,615512,665731,1396283,683420,644745,586674,517649,443593,366390,296108,232863,180669,139763,110666,91538,81079,78097,80744,85861,91708,95447,94952,90852,80502,66435,51268,36099,22819,13445,6869,3108,1216,423,110,34,60,3104,936
0,0,0,0,0,0,0,0,0,0,3,6,8,26,67,167,292,708,1479,2831,5428,9391,15915,26570,42102,64315,95501,136815,187440,249031,319161,396082,474106,550375,614068,663040,1396354,684174,645312,588949,519419,444429,369452,297546,233090,181342,139052,108465,89339,78084,73808,76319,81591,88031,94056,95727,93014,85223,73096,57396,41840,27416,16501,8799,4096,1677,586,147,46,55,3031,1019
0,0,0,0,0,0,0,0,0,1,1,7,4,29,63,170,308,697,1428,2745,5268,9360,15827,25952,41556,63851,94266,134992,185519,247124,316875,393330,471679,547918,611783,663099,1393239,685499,646709,589732,522495,445465,371116,299890,233865,181632,138987,107311,87195,74952,70275,71520,77191,84527,90548,95402,95314,89306,78537,64182,47951,32849,19966,11063,5393,2223,832,221,58,53,2979,1079
0,0,0,0,0,0,0,0,0,1,1,5,6,27,59,160,311,687,1351,2738,5131,9280,15602,25819,40769,63428,92989,133397,183965,244693,314301,390588,469324,544572,610192,660520,1392868,686200,647730,591790,523280,448278,373733,301449,235769,181211,139363,106493,84976,72380,66827,67413,72426,80089,87895,93273,95658,92800,83847,70914,54433,38610,24460,13733,6898,3029,1139,331,77,54,2901,1165
0,0,0,0,0,0,0,0,0,1,0,6,4,23,63,139,318,670,1362,2677,5017,9114,15551,25450,40297,62255,91981,131562,182730,242343,312396,386811,466949,541804,607696,659128,1391693,686035,649353,593719,525132,450766,375996,302889,237018,182354,139561,105899,83682,69842,63908,63374,67539,75637,83789,91282,95172,95007,88511,76995,61330,44704,29320,17291,8975,4011,1532,495,122,51,2836,1241
0,0,0,0,0,0,0,0,0,1,1,4,8,23,61,144,294,651,1411,2577,4999,8896,15278,24973,40040,61412,90553,130667,180373,240866,308779,384555,463682,539459,605032,657701,1389863,687161,650350,595287,527481,453222,378876,303636,238972,183751,139135,105857,82845,67852,60572,60245,63340,70245,79264,87980,94234,95901,92357,82846,68013,51394,35054,21377,11435,5259,2133,705,185,56,2759,1326
0,0,0,0,0,0,0,0,0,1,1,3,9,13,62,146,287,625,1357,2641,4928,8694,14926,24765,39244,60657,89831,128892,178291,238984,306719,382042,460708,536076,602038,654479,1389617,687518,651412,597658,530376,455392,380238,306417,240669,184747,139596,106077,81634,66189,58280,56451,59762,65689,74251,83959,91848,95697,95102,87514,75182,58394,41309,26111,14604,7054,2792,1016,266,74,2685,1409
0,0,0,0,0,0,0,0,0,1,0,5,6,17,63,132,311,617,1316,2572,4797,8500,14862,24263,38881,59757,88802,127768,176509,235350,305057,379035,458652,532170,599815,653158,1386964,687054,653537,599366,532916,457863,382960,309160,241413,186423,140187,105992,81053,64665,56378,53549,55864,61242,69515,79103,88867,94499,96644,91545,81143,65797,48267,31452,18435,9289,3841,1442,367,97,2618,1485
0,0,0,0,0,0,0,0,0,1,1,0,8,15,64,132,283,617,1231,2606,4631,8360,14623,23945,38516,58802,88056,126240,174441,232664,301978,377220,454677,529845,596542,651466,1385169,687441,653632,601493,535187,461248,385224,311414,244170,187951,141173,105680,80636,63816,54189,51084,52269,57254,64690,74376,84411,92759,96374,94998,86646,72640,55581,37977,22844,12023,5290,1988,564,147,2538,1568
0,0,0,0,0,0,0,0,0,0,2,0,4,20,60,120,310,592,1199,2548,4586,8314,14291,23534,37947,58158,86773,124504,172570,231201,298931,374533,451144,526658,593782,649059,1383475,687653,653976,604833,536638,464685,387528,313139,246784,190043,142338,106156,79664,63235,52883,48442,49236,53397,59854,69801,79825,89079,95626,96852,91168,79329,63501,44811,28078,15409,7234,2755,811,215,2451,1664
0,0,0,0,0,0,0,0,0,0,0,2,9,16,51,126,280,585,1216,2447,4593,8153,14064,23249,37250,57742,85439,122800,171053,228729,296371,371485,446281,524182,592159,646691,1379713,688039,656416,605159,540441,467215,389937,316584,248947,191746,143683,106398,79899,62244,51310,46925,46193,49484,56248,64738,74916,85062,93184,97359,94886,85517,70639,52640,34237,19545,9635,3844,1208,308,2389,1747
0,0,0,0,0,0,0,0,0,0,0,2,6,15,55,134,259,618,1148,2409,4517,7933,13899,22722,36796,56944,84396,121249,169200,226497,293810,367203,443919,521338,589195,644111,1377745,688104,656853,606696,543700,469442,393955,318186,251795,193951,144449,107517,79814,61929,50287,44616,44145,46426,51992,59995,70072,80479,90317,96008,97264,90526,78023,60251,41468,24610,12716,5279,1795,459,2339,1830
0,0,0,0,0,0,0,0,0,0,0,1,8,19,57,115,262,600,1161,2378,4380,7776,13644,22605,36112,56019,83637,119791,166581,224471,290903,364266,441768,516186,585826,642364,1374791,687447,660652,607889,544983,473264,396695,321299,254176,195655,146303,108363,79935,61252,49528,43307,41716,43605,48361,55539,65282,75901,86410,93510,97987,94676,84458,68398,49161,30810,16369,7229,2616,698,2282,1931
0,0,0,0,0,0,0,0,0,0,0,2,8,25,43,126,253,547,1185,2309,4232,7678,13303,22602,35637,55261,81719,118941,164964,221788,288410,360840,438194,512810,583164,637983,1373247,688714,660777,610686,546176,475848,400215,324941,256560,197400,148112,109257,80682,60942,48653,42100,39753,41120,44944,51542,60400,70872,81734,90782,96718,97614,89849,76278,57444,38030,21076,9903,3673,1050,2285,2007
0,0,0,0,0,0,0,0,0,0,0,3,10,20,53,122,251,516,1204,2259,4135,7489,13222,22106,35020,54329,81066,117134,163009,219886,284597,358391,433753,509699,580302,636354,1369065,689156,660802,613066,549937,478019,403176,328097,259194,199652,149960,110422,81307,61022,48212,40975,38021,38670,42092,47711,56041,65506,76574,87430,94880,98264,94618,83408,65858,45709,27166,13168,5310,1562,2317,2111
0,0,0,0,0,0,0,0,0,0,0,2,15,17,50,115,235,527,1157,2252,4095,7316,13007,21788,34504,53662,80014,115891,160677,217324,282234,354058,431304,506043,575681,634670,1365965,688982,661604,614277,553326,481712,405633,331397,262518,201018,152101,112154,81753,61173,47772,40184,36575,36644,39315,44488,51621,60862,71578,82247,92532,97609,97519,89754,74095,54241,34059,17705,7293,2444,2405,2215
0,0,0,0,0,0,0,0,0,0,0,1,12,20,42,117,228,506,1113,2253,3969,7273,12844,21338,34055,52716,78956,114401,159156,214575,278488,351791,427002,502658,572593,631732,1362851,688535,662194,617067,556562,483712,409407,333945,265380,203994,153854,113640,82207,61739,47485,39311,35411,35051,37133,41357,47735,56268,65926,77675,88373,95934,99036,94721,82150,62951,41933,23418,10104,3572,2622,2316
0,0,0,0,0,0,0,0,0,0,0,2,13,14,48,96,226,506,1082,2169,3933,7180,12688,20863,33748,51725,78088,113169,156996,211642,276429,347172,424047,498236,570648,628148,1359898,688362,662019,619464,558702,486938,412391,337931,268357,206562,155819,115065,83521,61986,47375,38398,34621,33288,35040,38618,44499,52061,61025,72288,83299,93350,98785,98039,89069,72151,50707,30088,14170,5114,3077,2463
0,0,0,0,0,0,0,0,0,0,0,3,9,18,51,92,214,483,1078,2112,3899,7036,12464,20472,33160,51137,77362,110746,155288,209962,273070,344252,419562,496442,565189,625473,1355793,687030,664481,620381,561569,489982,416624,340542,271594,209452,158023,116369,85105,62461,47102,38268,33655,31911,33082,36294,41243,48230,56704,66738,78319,89117,97059,99945,94468,81129,59928,37854,19531,7459,3717,2675
0,0,0,0,0,0,0,0,0,0,0,1,10,20,42,92,209,473,1028,2070,3886,6867,12281,20142,32529,50343,76130,109634,153416,206862,270118,341660,415441,491445,562817,621165,1352852,686740,665761,621593,563109,493812,419461,345231,274253,212385,160346,118352,86495,63228,46969,38107,32619,30879,31417,34021,38600,44745,52502,61788,72846,84499,93927,99818,98217,88722,70085,46643,26013,10953,4778,2961
0,0,0,0,0,0,0,0,0,0,0,1,10,18,39,98,207,466,1002,2010,3781,6798,11935,19894,32068,49749,74962,108141,151302,204252,266791,338196,412883,487473,558136,619226,1347665,686281,665505,623835,565798,498038,422713,347689,278104,215604,162891,120093,87375,64283,47702,37628,31791,30083,29730,32100,36249,41511,48678,57169,67562,78878,90146,98243,100222,94449,80009,56569,33797,15646,6510,3424
0,0,0,0,0,0,0,0,0,0,0,2,8,16,43,98,195,470,991,1943,3756,6664,11645,19684,31524,49135,73876,106662,148916,202231,263752,334996,408343,483889,554107,615278,1344404,685571,665314,625482,568947,500874,426975,350982,280836,219100,165185,122532,89137,65052,48027,37381,31429,28973,28705,30418,33655,38776,45083,53019,62382,73835,84929,94860,101159,98877,87645,67659,42821,21741,9215,4204
0,0,0,0,0,0,0,0,0,0,0,0,9,17,47,87,204,474,961,1925,3567,6544,11564,19253,31392,48144,72728,105424,146721,199556,260601,331001,405346,480163,550140,611195,1338395,687069,665827,626553,571534,504252,430546,355435,284788,222234,168423,124627,91417,66294,49120,38264,31927,29052,28916,30244,33611,38355,44938,52618,62175,72973,84626,94600,101174,99478,88343,68791,43703,22347,9375,4321
0,0,0,0,0,0,0,0,0,0,0,1,5,22,34,101,207,444,978,1880,3506,6423,11405,18830,30843,47590,71433,104156,144945,196639,258486,326310,401833,475942,547129,607058,1334633,684480,666356,628881,573280,509057,433889,359033,288900,225699,171296,127468,93114,68009,50378,38974,32308,29385,28662,30294,33520,38225,44883,51966,61921,72373,84257,94467,100868,100235,88892,69769,44786,22949,9575,4426
0,0,0,0,0,0,0,0,0,0,0,2,5,16,45,91,177,463,948,1895,3378,6336,11171,18620,30136,47109,70125,102495,143489,194418,254737,323009,397740,472524,542280,604314,1329227,684043,668028,629112,576118,511795,437954,362837,292749,229387,174578,129988,95339,69487,51399,39722,32831,29473,28763,30339,33321,38221,44299,51761,61474,71915,83894,94372,100769,100598,89813,70364,45959,23609,9837,4510
0,0,0,0,0,0,0,0,0,0,0,5,4,15,47,93,163,438,957,1846,3400,6181,10891,18391,29588,46441,69162,100709,141446,191842,251969,320334,393619,468354,539166,600326,1324301,683438,667594,631145,577958,514961,440774,368208,295811,232959,177774,132841,97368,71052,52662,40621,33341,29769,28760,30255,33405,37684,44273,51365,60966,71497,83398,94337,100613,100999,90643,71317,47121,24108,10061,4642
0,0,0,0,0,0,0,0,0,0,1,3,5,17,45,85,184,436,955,1786,3437,6095,10743,17955,29327,45787,67820,99221,139588,189595,249514,316394,390537,464165,534374,597693,1319720,681581,667664,631703,581525,516838,445274,371302,300141,236474,181340,135487,99493,73025,53526,41571,33684,30041,29069,30175,33096,37764,43848,51133,60384,71187,82921,93971,100681,101240,91692,72334,47873,24873,10242,4774
0,0,0,0,0,0,0,0,0,0,3,0,5,15,50,83,182,407,913,1804,3365,5938,10497,17672,28948,44813,66961,97974,137728,187710,246267,313194,385788,460389,530302,594666,1314644,679695,669211,633505,582593,519807,448926,374556,304678,240184,184312,138087,101733,74556,55353,42262,34220,30324,29254,30236,32866,37806,43436,50790,59794,70739,82515,94043,100499,101818,92118,73592,48646,25561,10503,4872
0,0,0,0,0,0,0,0,0,0,3,1,2,15,40,86,180,401,885,1762,3309,5872,10289,17374,28480,44079,65978,96322,136405,185191,243739,309609,382320,455519,527335,591151,1308998,680078,667163,634670,585702,523162,451570,378866,308825,242908,187445,141358,103742,76521,56561,43167,34823,30703,29331,30173,32802,37585,43259,50485,59393,70092,82298,93692,100641,101874,92888,74523,49674,26339,10746,5004
0,0,0,0,0,0,0,0,0,0,1,3,2,17,33,85,176,390,883,1676,3234,5813,10237,17107,27693,43735,64926,95138,134428,183088,240898,306337,377591,452984,523445,586664,1303053,679790,666725,635405,588154,526581,454702,382884,312175,247056,190903,143818,106254,78245,57848,44065,35415,31019,29678,29992,32831,37240,43213,50043,59000,69675,81895,93225,100904,102243,93280,75634,50705,26954,11100,5120
0,0,0,0,0,0,0,0,0,1,0,2,4,14,29,80,186,403,844,1675,3130,5733,10039,16675,27433,43005,64110,93693,132828,180427,238931,302605,373657,448771,520513,582631,1298021,676819,668626,635745,590505,528718,457515,387383,315585,251255,194083,146814,108398,80251,59301,44982,35823,31590,29716,30208,32794,37128,42690,49569,58755,69025,81525,93059,100923,102804,93645,76818,51650,27679,11325,5262
0,0,0,0,0,0,0,0,0,1,0,2,6,14,31,77,176,410,825,1615,3102,5612,9902,16444,26820,42192,63740,92739,130354,178459,235780,299667,370770,444254,516416,578921,1291409,676923,667672,637271,591504,531759,462357,389428,320255,254895,197356,149693,110997,81910,60479,46227,36610,31882,29805,30507,32692,36715,42592,49164,58408,68543,80947,92657,101259,103032,94321,77829,52591,28364,11613,5413
0,0,0,0,0,0,0,0,0,1,0,3,4,16,37,67,176,379,821,1634,2988,5438,9717,16353,26218,41453,63042,91715,128702,175766,232579,297534,366913,440725,511395,575561,1286601,674558,667757,638346,593230,534081,465978,393644,323355,258675,200917,152761,113171,83948,61968,47334,37237,32185,30027,30568,32673,36809,42035,48903,58064,68121,80247,92467,101216,103074,95401,78697,53682,28998,11829,5614
0,0,0,0,0,0,0,0,0,0,1,2,6,17,35,55,158,399,812,1603,2922,5278,9561,16009,26169,40859,62035,89802,127749,173500,229514,294472,363586,436768,508148,572115,1280620,672401,667178,638440,595186,536271,470278,397254,327756,261830,204600,155450,115997,85616,63365,48376,38331,32513,30209,30523,32753,36582,41823,48463,57569,67895,79806,92026,101043,103558,96257,79420,54828,29675,12141,5800
0,0,0,0,0,0,0,0,0,0,1,1,9,15,32,61,151,397,800,1507,2903,5248,9232,15993,25826,40057,60748,89237,125623,171510,227317,290736,360096,433288,503297,567218,1276585,671440,665767,639503,597600,538665,472575,401596,331549,265702,208176,158039,118783,87407,64848,49401,38864,33344,30314,30660,32712,36365,41583,48044,57272,67595,79105,91530,101092,103891,97012,80547,55622,30598,12388,5931
0,0,0,0,0,0,0,0,0,0,1,1,5,17,30,71,150,376,777,1530,2757,5221,9072,15642,25365,39352,60051,88232,123604,169405,224849,286943,357000,429128,499790,564117,1270401,669632,665102,640912,598187,541859,475508,405347,335627,269165,211457,161386,120961,89655,66419,50302,40037,33499,31068,30493,32710,36219,41150,47929,56860,67164,78465,91159,100845,104141,98010,81353,56695,31373,12754,6078
0,0,0,0,0,0,0,0,0,0,0,2,5,15,31,72,148,370,775,1463,2719,5172,8924,15207,24894,39110,58658,86819,122399,166659,222417,284250,353133,425243,497481,560713,1262883,668619,664531,641943,599501,543519,479070,408934,338565,274045,214632,164401,123555,91372,68223,51757,40619,34038,31336,30604,32595,36005,41073,47569,56244,66640,78508,90768,100361,104602,98831,82373,57569,32133,13095,6216
0,0,0,0,0,0,0,0,0,0,0,1,6,12,34,63,155,337,758,1442,2746,5044,8701,15070,24539,38219,58222,85245,121043,164789,219325,281082,350017,421459,492892,557637,1256851,666418,664921,640918,601859,546454,482220,411773,342739,277575,218040,167332,126576,93445,69864,52863,41310,34657,31524,31079,32418,35765,40795,47416,55611,66332,78039,90498,100107,104792,99817,83300,58497,32946,13440,6379
0,0,0,0,0,0,0,0,0,0,1,0,2,16,31,69,147,329,738,1473,2643,4909,8701,14600,24220,37830,57082,84715,118203,163473,216448,278252,346124,418252,488976,554010,1251427,663142,664879,642307,602199,548777,485257,415316,346683,281385,221357,170159,129428,95906,71178,54211,42378,35032,31909,31154,32609,35451,40713,47163,55273,65817,77808,89842,100091,105024,100249,84450,59600,33704,13738,6548
0,0,0,0,0,0,0,0,0,0,0,1,4,11,34,70,164,316,696,1447,2654,4742,8628,14620,23602,36950,56939,82918,116487,161902,213986,275090,343343,413941,485301,548957,1245854,662238,662917,643010,603483,551434,488340,419262,350697,284176,225166,172868,132244,98058,73225,55348,43189,35906,31938,31316,32438,35743,40342,46754,55166,65135,77533,89115,99966,105381,100888,85475,60895,34306,14120,6679
0,0,0,0,0,0,0,0,0,0,0,0,5,9,32,73,154,293,703,1403,2586,4910,8295,14216,23492,36310,55726,81679,115710,159315,211940,271684,339740,410289,481951,544953,1239597,659934,662995,642812,605043,552604,491247,423987,353966,288198,228185,176239,135092,100454,75064,56095,44373,36352,32574,31271,32641,35532,40196,46441,54654,64814,77039,88729,99837,105413,101633,86542,61824,35303,14443,6817
0,0,0,0,0,0,0,0,0,0,0,0,4,10,32,62,138,312,661,1341,2614,4710,8294,13916,23041,35864,54728,80854,114292,156791,208614,269279,336311,407384,477508,541697,1233465,659101,659955,644722,605150,555296,493635,427985,357751,291780,231102,179643,137622,102947,76696,57898,44928,37335,32832,31581,32405,35546,40037,46033,54510,64437,76516,88421,99367,105509,102366,87616,62827,36150,14835,6952
0,0,0,0,0,0,0,0,0,0,0,0,2,9,35,54,153,288,650,1359,2470,4746,7980,13864,22667,35201,54059,79269,112722,155377,205227,266629,333173,402901,474679,538107,1227356,656035,659047,644690,608010,557364,496201,430856,361635,295516,234146,183232,140115,105456,78690,59214,45761,38111,33334,31522,32390,35486,40000,45729,54132,63961,76028,88310,98988,105828,102905,88324,64022,36995,15303,7095
0,0,0,0,0,0,0,0,0,0,0,0,3,9,31,60,138,295,638,1313,2439,4564,7903,13731,22261,34552,53071,78392,111297,152694,204156,262458,329948,399935,470034,535048,1220777,654108,659117,642214,610606,560429,498742,433708,365036,298978,238057,186170,143235,107375,80512,60674,47109,38514,33844,31746,32698,35282,39758,45691,53722,63529,75263,88139,98750,105781,103657,89250,65093,37907,15721,7246
0,0,0,0,0,0,0,0,0,0,0,1,4,9,29,68,116,301,634,1295,2313,4592,7787,13294,21882,34280,52161,77283,109836,150910,201058,260772,325695,396716,466369,531242,1214101,652146,657128,644342,609939,562462,502166,437347,368174,302160,242576,189205,146004,109572,82524,61775,48152,39365,33917,32356,32715,35338,39361,45454,53367,63060,74795,87845,98548,105864,104217,90198,66295,38751,16167,7375
0,0,0,0,0,0,0,0,0,0,0,1,3,6,29,70,131,261,624,1281,2305,4394,7784,13019,21435,33830,51523,75431,108785,149468,198498,257578,322436,393133,462391,527596,1208195,650635,656546,642982,610609,565104,504450,440655,371765,306310,245622,192895,148231,112322,83954,63625,49205,40063,34399,32474,32819,35182,39334,45283,53013,62492,74513,87321,98222,106094,104578,91279,67381,39694,16613,7537
0,0,0,0,0,0,0,0,0,0,0,1,3,8,22,77,138,251,587,1314,2248,4284,7637,12796,21205,33359,50708,74447,107036,147510,196663,253758,319794,389230,458552,523911,1201360,648711,655898,643873,611350,565895,508132,442559,375989,309733,249397,196213,151337,114223,85986,64701,50698,40777,34918,32744,32889,35208,39345,44799,52761,62087,73983,86898,98079,106109,104981,92399,68545,40495,17066,7731
0,0,0,0,0,0,0,0,0,0,0,0,5,8,25,64,135,280,565,1209,2268,4242,7455,12528,20950,32751,49949,73594,105524,145344,193877,252075,315494,385891,455206,519685,1195639,646210,654647,644085,612142,567814,510382,446140,379468,313765,252228,200056,153552,116630,87978,66517,51518,41623,35583,32931,32956,35302,38862,44895,52313,61888,73445,86428,97953,105998,105422,93467,69587,41332,17642,7886
0,0,0,0,0,0,0,0,0,0,0,1,5,9,20,53,130,290,583,1128,2257,4207,7194,12496,20405,32200,49222,72790,103602,143487,192553,248326,313066,381270,452015,516279,1188815,644515,653303,642375,614725,569814,511711,450162,382430,317765,256170,202504,156694,118950,89987,68020,52742,42394,36273,33170,33027,35169,38840,44504,52146,61429,72735,86110,97914,105869,106044,94370,70693,42366,18002,8083
0,0,0,0,0,0,0,0,0,0,0,1,4,9,17,56,118,289,572,1149,2240,3984,7145,12326,19889,31836,48320,71878,101470,142146,189845,246735,309225,378526,448120,512273,1182635,641453,652858,641970,614344,571588,515770,451221,387414,321306,259819,205542,159028,121948,91846,69717,53840,43334,36659,33397,33277,35100,38815,44494,51638,61159,72095,85541,98011,105826,106523,95207,71836,43206,18525,8293
0,0,0,0,0,0,0,0,0,0,0,1,5,6,21,43,123,266,549,1142,2144,3963,7085,12053,19593,31072,47839,70299,100920,139462,187689,243464,306612,375246,444428,508695,1174845,640906,650928,641749,615086,572822,518589,455109,390309,324878,263714,208710,162063,124024,93649,71203,55211,44092,37271,33989,33309,35108,38683,44220,51472,60696,71855,84944,97772,105739,106869,96249,73016,44108,19061,8440
0,0,0,0,0,0,0,0,0,0,0,0,5,7,21,38,122,256,542,1119,2091,3911,7061,11748,19261,30632,46946,69306,99336,137680,185499,240796,303575,371460,440530,505415,1168690,638011,649592,641887,615566,575356,520365,458826,392201,328923,267052,212179,165020,126035,96227,72646,56466,45145,37946,34156,33584,35081,38469,44244,50941,60318,71583,84699,97121,105781,107537,96926,74229,45049,19609,8591
0,0,0,0,0,0,0,0,0,0,0,0,3,16,16,36,113,249,537,1074,2056,3927,6785,11614,19081,29971,46298,68733,97051,136083,183539,237856,300962,368516,436154,501831,1161791,635616,647816,642200,617395,575730,522130,462343,395937,331665,270596,215860,167845,128758,98027,74325,57786,45964,38713,34477,33661,35130,38662,43796,50725,59798,71293,84252,96804,105624,108202,97662,75225,46208,20086,8805
0,0,0,0,0,0,0,0,0,0,0,0,0,15,16,31,122,222,565,1049,2061,3828,6675,11342,18619,29707,45379,67296,96062,134078,181062,235851,298058,364839,432578,497746,1156107,633661,646184,641753,616865,578355,524387,464199,400666,333584,274756,218282,171608,131297,100448,76106,58383,47216,39319,34751,34120,35016,38686,43479,50447,59179,71116,83653,96907,105517,108563,98442,76131,47447,20603,8974
0,0,0,0,0,0,0,0,0,0,0,0,2,8,19,31,136,220,535,1017,2012,3771,6651,10980,18259,29305,44530,66417,94765,132502,178342,233437,294503,361512,428658,494238,1150963,630065,644836,640765,617514,580720,526743,466799,403009,337885,277663,222689,174217,134249,102103,78031,59652,47879,40080,35497,33955,35228,38554,43284,50155,59024,70503,83307,96542,105451,109141,99014,77281,48297,21314,9149
0,0,0,0,0,0,0,0,0,0,0,0,3,4,17,39,132,205,529,1007,1978,3706,6484,10901,18055,28516,44138,65109,93869,130671,176232,229914,292063,357730,426032,490002,1144151,628250,643340,640063,618562,579541,530391,469854,406154,342280,280684,226016,177557,136454,104212,79391,61185,48953,40633,35916,34207,35355,38465,43117,49819,58791,69897,82971,96181,105404,109336,99933,78471,49308,21879,9351
0,0,0,0,0,0,0,0,0,0,0,1,1,3,19,51,104,208,493,993,1922,3661,6381,10789,17737,28004,43395,64736,92001,129038,174043,227371,288566,354433,422471,486491,1137847,624935,642085,640405,618900,580995,532406,472919,408811,346075,283893,229232,180200,139538,106391,80824,62705,49633,41427,36404,34749,35143,38188,43170,49622,58345,69617,82638,95737,105554,109327,100872,79554,50303,22481,9571
0,0,0,0,0,0,0,0,0,0,0,1,1,2,24,39,99,227,461,982,1905,3560,6232,10619,17514,27523,42708,63804,90971,126935,171095,225340,285324,351587,418614,482553,1131840,623193,640549,639728,618837,582648,533955,475780,412778,348574,287248,232670,183381,141833,108560,83128,63724,50488,42401,36769,35004,35386,38074,42844,49485,57999,69319,81850,95798,105490,109634,101420,80760,51162,23207,9772
0,0,0,0,0,0,0,0,0,0,0,1,0,2,21,43,84,229,456,955,1873,3398,6175,10459,17224,27150,41808,62869,89955,124770,169407,222943,282072,347782,414663,480026,1124152,622424,639145,637760,620123,583837,535935,477255,417194,352062,290511,235504,186220,144625,111044,84560,65378,51856,42556,37300,35236,35655,38114,42561,49076,57740,68974,81408,95450,105614,109736,102360,81778,52108,23765,10027
0,0,0,0,0,0,0,0,0,0,0,1,1,2,23,36,87,210,497,940,1754,3424,5984,10259,16935,26716,41196,62036,88324,123315,167904,219393,279414,343622,411229,477448,1118510,619212,636918,638703,618627,585245,538488,480532,419207,355308,294680,238273,189499,147117,113110,86421,66776,52758,43497,37764,35463,35651,38160,42512,48930,57260,68490,81071,95185,105591,110192,103052,82640,53183,24403,10230
0,0,0,0,0,0,0,0,0,0,0,1,1,4,21,35,88,206,471,935,1728,3323,5863,9982,16420,26555,40650,60995,87586,121514,165595,217122,276024,340661,406904,472986,1113002,617408,636400,635661,619763,586636,540382,483609,422479,358024,297959,242003,191818,150166,115412,88225,67845,53932,44319,38162,35757,35771,38051,42403,48747,57086,67877,80894,94928,105544,110453,103532,83942,53992,25130,10426
0,0,0,0,0,0,0,0,0,0,0,1,1,3,19,39,76,211,451,912,1741,3184,5691,9798,16262,26031,40123,59723,86340,120271,163265,214874,272732,337737,403228,469207,1106612,614800,634331,635631,620525,587934,542481,485914,424389,362410,300952,244941,194761,153090,117167,90420,69492,54996,44878,38874,35955,35854,38115,42186,48645,56478,67679,80626,94418,105224,111178,104174,84958,54955,25781,10664
0,0,0,0,0,0,0,0,0,0,0,0,1,7,15,35,80,202,449,871,1694,3173,5559,9652,15910,25654,39486,58813,84888,118764,161223,212345,269943,333749,400833,465511,1100665,611185,633810,634080,619672,590096,544577,488757,426940,365623,304220,247973,198070,155496,119904,92100,70889,56004,45669,39339,36392,35782,38282,42254,48425,56040,67441,80064,94147,105076,111393,104934,85982,55899,26522,10849
0,0,0,0,0,0,0,0,0,0,0,0,2,5,14,37,79,192,425,873,1654,3103,5495,9561,15401,25297,38819,57919,83699,117273,159245,209500,267338,329895,397191,462208,1095037,608782,630593,633898,620087,591057,546282,490902,431062,368286,307955,251106,201194,157748,122475,93988,72112,57065,46735,39802,36712,35902,38203,42320,47924,56162,67100,79329,93907,105020,111569,105659,87038,56943,27138,11091
0,0,0,0,0,0,0,0,0,0,0,1,1,4,12,37,89,183,411,826,1638,2947,5422,9352,15462,24629,38066,57226,82510,115558,156844,207256,264110,327276,393065,458951,1088704,606686,628922,633380,619725,592352,547873,493014,434606,371809,310661,254932,203616,160482,124365,96067,73853,57997,47429,40372,37020,36367,38108,42165,47921,55546,66601,79259,93393,105251,111432,106432,88237,57813,27822,11320
0,0,0,0,0,0,0,0,0,0,0,1,2,3,11,39,105,162,378,842,1573,2915,5306,8993,15310,24376,37405,56215,81011,114075,155284,204550,261429,323878,389400,455204,1082552,603879,627829,632968,619413,592477,549964,495930,437093,375212,314275,257929,206949,162928,126594,98066,75332,59237,48177,40975,37099,36855,37809,42248,47696,55366,66129,78986,92969,105087,111712,107059,89177,58931,28447,11592
0,0,0,0,0,0,0,0,0,0,0,1,2,3,13,35,95,163,385,789,1581,2846,5108,8908,14933,23989,37165,55016,79942,112519,153293,201716,259174,320849,386021,450266,1075739,603211,625658,631642,620509,592461,551627,498550,440088,378773,317571,260516,210049,165380,129463,99858,76787,60530,48542,41742,37793,36506,38183,42059,47497,55224,65698,78530,92698,105156,111853,107631,90063,60135,29000,11874
0,0,0,0,0,0,0,0,0,0,0,1,0,8,9,38,84,177,377,769,1539,2835,5009,8791,14633,23497,36338,54300,78882,111061,151053,199538,255129,318402,382921,447111,1069062,600112,624775,630313,620426,593789,553213,501189,442568,382294,320636,263365,213319,168158,131541,101790,78394,61267,49927,42122,38113,36796,38246,41987,47361,55023,65184,78118,92220,105199,112038,108422,91092,61056,29686,12105
0,0,0,0,0,0,0,0,0,0,0,1,0,7,11,30,87,187,383,756,1468,2816,4878,8591,14431,22844,35945,53179,77747,109706,149330,196782,252483,315172,379858,443559,1062054,598091,622528,630154,620490,594830,553952,503609,446059,384823,323505,267269,215559,171404,133842,103545,80111,62369,50884,42934,38294,37123,38122,41993,47159,54716,65060,77648,92164,104612,112373,109030,92043,62010,30472,12326
0,0,0,0,0,0,0,0,0,0,0,0,2,6,9,35,85,169,338,774,1484,2709,4787,8407,14099,22508,35292,52438,76470,108289,147355,194607,249871,312026,375721,440323,1055313,595910,620335,629753,620501,595585,555863,506117,448905,387363,327670,269820,218158,174228,136638,104970,81594,63680,51647,43691,38915,36893,38431,41858,47148,54260,64692,77497,91625,104670,112436,109742,92961,63028,31059,12648
0,0,0,0,0,0,0,0,0,0,0,0,1,2,19,30,80,175,334,734,1419,2625,4724,8295,13767,22217,34551,51563,75619,106833,145383,192484,246843,308784,372511,436092,1049533,592283,619434,628701,621404,595698,556823,508649,452184,390231,330696,273365,221343,176548,138677,107595,82836,65059,52358,44348,39296,37154,38555,41579,47134,54127,64343,76914,91593,104124,113033,110274,93733,64083,31768,12848
0,0,0,0,0,0,0,0,0,0,0,0,0,3,20,33,70,175,345,726,1341,2550,4692,8074,13583,21858,33818,50953,74273,104755,144067,190257,243546,305826,367985,433915,1042787,589844,617653,628153,620543,597347,559256,510154,454479,394099,333634,276354,224339,178627,140967,109487,84817,66520,53050,44865,39814,37582,38486,41728,46771,54001,63859,76735,91074,104241,113219,110727,94694,64936,32578,13123
0,0,0,0,0,0,0,0,0,0,0,0,0,5,11,43,63,157,314,699,1366,2523,4552,7937,13293,21403,33093,50301,73306,103298,142049,187730,241021,302202,366166,429362,1036172,587053,616024,626518,621458,598798,560873,512208,456644,397671,335893,280050,227334,181505,143334,111150,86182,67526,54121,45541,40292,37930,38867,41422,46414,53929,63271,76795,90766,104017,113407,111204,95386,66110,33218,13431
0,0,0,0,0,0,0,0,0,0,0,0,0,6,10,34,65,168,309,664,1280,2511,4496,7753,13166,20880,32701,49303,72051,101939,139687,185891,238463,298760,362554,426871,1028979,585259,614554,626070,619093,600412,562544,514601,459902,399093,339950,283662,229640,184508,144877,113420,87835,68950,55244,45776,40726,38369,38863,41435,46449,53538,62996,76472,90469,103891,113317,111759,96475,67030,34035,13653
0,0,0,0,0,0,0,0,0,0,0,0,0,6,11,32,65,166,320,616,1276,2384,4469,7649,12754,20698,32073,48540,70773,100677,137631,183508,236181,294723,360259,424016,1021471,582024,613729,624106,620656,600153,564304,517361,461587,403160,343051,285933,232755,186749,148009,115085,89678,69790,56212,46439,41013,38750,39101,41373,46426,53209,62852,75984,90057,103660,113424,112593,97234,67969,34731,13953
0,0,0,0,0,0,0,0,0,0,0,0,1,5,12,30,68,159,293,647,1228,2383,4325,7485,12467,20288,31577,47598,70080,98759,136300,180844,234170,291663,356682,420567,1015627,578788,611283,623760,620380,600366,566989,519217,463761,406156,346196,288537,236061,189435,150483,116808,91305,71347,56738,47490,41261,38864,39044,41733,46303,52972,62645,75740,89791,103329,113482,113177,98004,69017,35395,14293
0,0,0,0,0,0,0,0,0,0,0,0,2,4,13,24,73,140,308,612,1241,2340,4196,7269,12331,19964,30789,46983,68922,97839,133517,179315,230888,289186,353023,417196,1009581,577099,608540,623346,620093,601256,567916,521048,467286,408739,349266,291691,238526,192227,152145,119372,92742,72435,57993,47857,41880,39185,39192,41638,46126,52733,62599,75146,89398,103454,113272,113865,98958,69932,36162,14535
0,0,0,0,0,0,0,0,0,0,0,1,1,8,8,27,74,129,296,609,1225,2317,4057,7217,12038,19432,30387,46667,67593,95853,132235,177270,228125,286397,349498,413662,1003714,574191,607029,621689,619814,601790,569283,523291,470851,410981,351853,295015,241649,194709,154468,121405,94367,73744,58777,48787,42242,39443,39352,41668,46049,52431,62380,74709,89316,103216,113644,114008,99772,70916,36947,14782
0,0,0,0,0,0,0,0,0,0,1,0,2,7,12,29,68,121,271,599,1235,2139,4057,7112,11792,19238,29809,45519,66717,94794,130505,174206,225843,284205,345921,410202,997141,572366,604560,621172,618696,602795,571380,524415,473589,413880,354334,298601,244337,197336,156963,123121,96198,75083,59665,49573,42656,39906,39410,41422,46142,52299,62047,74367,88948,103187,113804,114489,100659,71821,37533,15109
0,0,0,0,0,0,0,0,0,0,1,0,2,3,15,22,65,118,274,590,1182,2131,4010,7003,11517,18847,29472,44362,65694,93470,129197,171756,223831,280142,343206,407018,990549,570022,603290,618861,619433,602787,572365,527535,474580,417794,357768,300763,247564,200138,158810,125022,98173,76260,60619,50202,43528,40016,39575,41499,45810,52254,61856,74085,88735,102778,113938,114829,101612,72766,38310,15354
0,0,0,0,0,0,0,0,0,0,1,0,0,3,10,28,55,126,256,568,1143,2120,3847,6815,11523,18370,28961,43959,64461,92125,127769,169632,220149,278211,339476,403394,985076,567210,601403,617698,619373,603607,573108,529183,477259,420323,361780,303150,250550,202890,161514,126660,99282,77843,61727,50725,44233,40368,39707,41416,45832,52216,61518,73700,88310,102802,113846,115439,102292,73760,39016,15590
0,0,0,0,0,0,0,0,0,0,1,0,0,3,13,26,59,115,262,540,1105,2056,3849,6694,11216,18177,28215,43499,63383,91328,125213,167526,217924,275266,336715,400068,978392,565213,598738,616813,618759,604171,574253,531279,480054,422887,364692,306628,253421,205277,163713,128861,100939,78673,62962,51420,44555,40671,40030,41536,45673,52351,61246,73093,88114,102565,113849,115932,103021,74748,39746,15880
0,0,0,0,0,0,0,0,0,1,0,0,0,3,11,22,56,114,269,540,1006,2097,3762,6464,10998,17808,27873,42515,62836,89567,123976,165341,215730,272342,332973,396671,973571,561239,597073,615840,618342,604733,575770,532953,482305,425928,367785,310150,255778,207581,165846,131048,102231,80523,63762,52395,44551,41148,40049,41382,46010,52097,61071,72730,87791,102462,113770,116740,103646,75530,40456,16147
0,0,0,0,0,0,0,0,0,0,1,0,1,4,11,27,50,130,255,512,997,2040,3623,6407,10771,17275,27578,41773,61607,88184,121904,163836,213491,269243,330748,393363,967161,559254,594258,614101,618739,605744,576434,534589,484986,429162,370503,312997,258220,209661,168563,133141,104063,81449,64680,53166,45454,41440,40066,41459,45663,52215,60738,72714,87407,102142,113722,117398,104331,76377,41159,16421
0,0,0,0,0,0,0,0,0,0,1,1,0,5,16,20,55,125,229,485,1054,1949,3546,6322,10484,17114,26933,41138,60932,86294,120422,162126,210152,267019,328127,390096,960511,556901,593114,612161,618173,606249,577612,537446,486577,432908,372741,315463,260591,212770,170769,134993,105664,82884,65592,53866,46298,41592,40244,41429,45762,51959,60692,72181,87107,102174,113815,117692,104932,77347,41796,16758
0,0,0,0,0,0,0,0,0,0,0,2,1,4,11,25,56,120,221,486,1010,1964,3426,6091,10283,16834,26408,40654,59635,85645,118465,159620,208050,263967,325462,386775,954477,554629,591171,611065,616778,607194,578856,538579,490314,435641,374793,318278,263520,215771,172282,136959,107624,84222,66920,54301,46784,42087,40448,41400,45703,52009,60294,72128,86714,101543,114318,118121,105730,78051,42445,17044
0,0,0,0,0,0,0,0,0,0,0,1,3,2,13,22,50,116,233,448,1042,1792,3388,5895,10319,16365,25863,39929,58950,84324,116465,157512,206354,260811,321654,384239,948994,552564,588208,610345,616626,606334,581004,540350,493055,437678,377910,321020,266285,217963,174981,138428,109538,85858,67770,55178,47081,42328,40860,41323,45708,51722,60306,71904,86354,101403,114308,118425,106274,78961,43277,17295
0,0,0,0,0,0,0,0,0,0,0,1,2,3,8,26,47,105,223,470,987,1751,3233,5991,9906,16310,25316,39088,58126,82829,114911,155282,203952,258760,318431,380131,943689,550482,585950,609476,615410,606868,581000,543638,494727,440099,381973,323267,269416,220135,177302,140903,110545,87427,68687,56164,47439,42733,41176,41432,45511,51449,60300,71705,85908,101307,114127,118944,106884,79962,43919,17565
0,0,0,0,0,0,0,0,0,0,0,0,4,2,9,24,48,95,217,479,949,1755,3178,5791,9676,15984,25013,38409,56986,81839,113300,153589,201255,255700,315154,378357,936904,546847,585232,607518,616325,606396,582239,545046,497781,442495,384636,326495,272099,222167,179867,142567,112276,88895,69815,56643,48037,42899,41317,41849,45325,51315,60210,71526,85460,101425,114013,119124,107771,80703,44581,17797
0,0,0,0,0,0,0,0,0,0,0,0,3,4,5,22,48,111,207,447,912,1734,3192,5637,9585,15510,24425,37865,55931,80422,112018,151460,199323,252862,312577,374281,931262,545524,582445,606272,614882,607746,583241,546780,500006,445310,386940,329392,275870,224899,181318,144444,114283,89399,71209,57277,48558,43288,41651,41845,45087,51364,60118,71306,85280,101017,114298,119331,108546,81283,45271,18085
0,0,0,0,0,0,0,0,0,0,0,0,3,3,6,23,44,108,194,446,894,1747,3084,5479,9272,15242,24208,37322,54774,79456,110306,149445,196808,251044,308831,371255,925285,542494,581043,605604,614509,606855,584975,548518,501827,448602,389436,332276,278382,227716,183296,146625,115922,90591,71969,58246,49005,43825,41641,42052,45139,51093,59996,71015,85335,100646,114547,119248,109400,82103,45862,18336
0,0,0,0,0,0,0,0,0,0,0,0,2,1,8,23,45,94,222,416,909,1647,3074,5339,9072,14958,23635,36821,54250,77974,108733,147694,194616,247161,306886,368378,918988,540261,579047,603143,614865,608033,585742,549937,504346,450581,393416,335280,279860,230392,185824,148038,117771,91787,73158,58857,49788,43761,41855,42156,45422,50748,59779,71048,85019,100525,114415,119747,110028,82819,46481,18533
0,0,0,0,0,0,0,0,0,0,0,0,1,4,5,23,49,100,182,425,890,1595,2968,5295,8914,14764,23175,36036,53444,76766,107701,145386,192383,244637,304353,365440,912775,537371,576617,603303,613851,608172,586454,552433,505883,452160,396613,338903,282418,233170,188068,150013,118583,93337,74018,59778,50238,44118,42142,42187,45381,50884,59480,70918,84635,100571,114463,119766,110754,83627,46952,18836
0,0,0,0,0,0,0,0,0,0,0,0,2,3,4,28,45,88,200,401,853,1568,2886,5108,8778,14427,22936,35092,52612,76248,105340,144100,189867,242032,301167,362978,905736,535124,574880,602986,613298,607728,588232,553922,508268,454959,399478,340907,286140,234419,190638,152098,119908,94846,74963,60502,50709,44380,42219,42316,45224,50871,59420,70906,84410,100240,114658,119855,111417,84419,47434,19135
0,0,0,0,0,0,0,0,0,0,0,0,2,2,6,16,55,85,179,424,774,1549,2838,5020,8499,14258,22453,34601,51603,75007,104428,141703,188246,240241,297625,358249,901798,531788,572990,601421,613301,609180,587840,555679,510519,457285,402047,344795,287682,237326,192828,153550,121932,95750,76322,61168,50975,45224,42468,42120,45224,50843,59116,70640,84272,100341,114406,120180,112075,85073,47990,19397
0,0,0,0,0,0,0,0,0,0,0,0,2,1,8,18,44,86,154,429,761,1489,2847,4785,8508,13848,22007,33966,50889,73451,102974,140309,185573,238305,294551,355436,895867,530960,569195,600259,613507,608488,590402,556346,512369,460348,404942,345785,291625,239884,194565,155749,123399,96929,77313,61944,51483,45599,42456,42365,45443,50413,59125,70381,84113,100333,114104,120771,112499,85766,48659,19581
0,0,0,0,0,0,0,0,0,0,0,0,1,4,5,17,48,79,157,379,799,1457,2727,4684,8325,13598,21720,33334,49976,72455,101578,138187,183431,235823,292067,353074,889488,526874,569751,598372,611851,609396,591286,557753,514545,463218,406967,348425,294902,241968,197013,157660,124945,98337,78053,62737,52188,45786,42632,42558,45448,50361,58824,70100,84158,100279,113987,121287,112851,86434,49200,19849
0,0,0,0,0,0,0,0,0,0,0,0,1,2,7,14,42,87,142,392,776,1379,2692,4728,8100,13347,21473,32755,48972,71158,100113,136345,181184,233201,289566,350242,883445,524459,567375,597321,611011,610080,591468,560363,516368,465738,409336,351996,296732,244911,199426,159401,126545,99186,79340,63524,52801,46076,42846,42732,45265,50174,58859,69901,84132,100173,113819,121452,113394,87267,49685,20089
0,0,0,0,0,0,0,0,0,0,0,1,0,2,4,20,35,72,169,360,800,1299,2616,4700,7932,13016,21048,32309,48127,69952,98634,134830,179377,229831,286697,347255,877732,522707,564570,596539,610189,609898,593043,561458,517459,469094,411976,355167,299257,247682,201536,161264,127717,101036,79930,64500,53360,46517,42987,42728,45384,50124,58768,69933,83730,99776,114283,121287,114067,88001,50403,20220
0,0,0,0,0,0,0,0,0,0,0,1,0,2,5,18,34,81,158,337,771,1356,2528,4496,7811,12814,20771,31488,47419,69220,97090,132953,176935,228206,283621,344332,871925,518911,563775,594928,609296,609889,594852,563160,519447,470451,415588,357332,302356,249773,203535,163055,129598,102176,81183,65242,54031,46840,43324,42659,45219,50370,58640,69764,83499,99865,114064,121563,114538,88745,50878,20490
0,0,0,0,0,0,0,0,0,0,0,0,2,1,5,16,34,67,173,326,713,1356,2463,4431,7575,12717,20073,30954,46915,67655,96199,131597,174409,225250,281453,341619,865335,516661,561599,593365,608742,610334,595218,564516,522876,472506,417143,360929,305432,251879,205332,164873,131274,103868,81993,66148,54594,47291,43435,42893,45265,50358,58402,69468,83512,99640,113962,121703,115374,89369,51373,20743
0,0,0,0,0,0,0,0,0,0,0,1,1,1,4,17,36,73,143,336,686,1329,2423,4318,7432,12345,19766,30538,45640,67318,94787,129724,172071,223084,277844,338447,860821,513715,559616,592532,607973,610687,594004,566630,524993,475811,418952,364025,308194,254390,207491,166952,133124,104690,83417,66760,55127,47757,43801,43036,45089,50273,58209,69349,83310,99677,113815,122256,115604,90030,51956,20978
0,0,0,0,0,0,0,0,0,0,1,1,0,1,3,18,29,74,147,327,662,1306,2356,4230,7364,12109,19103,29989,45392,65839,93583,127804,170355,219918,275829,335501,854905,511667,556336,590737,607996,610065,596240,567900,525916,478689,422319,366520,310378,257859,209050,169156,134270,106415,84049,67836,55626,48162,44066,43222,44933,50243,58273,69243,83014,99495,114165,122321,116005,90756,52419,21221
0,0,0,0,0,0,0,0,0,0,1,1,0,1,5,15,37,64,146,319,640,1290,2307,4179,6998,12001,18932,29511,44458,64921,92015,126382,168553,217218,272201,333206,849381,508349,555640,588432,606241,611135,596551,568288,529177,480460,425890,368873,312833,260328,212378,170252,136215,107764,85138,68302,56307,48734,44359,43163,45217,49928,58478,68928,82819,99300,114403,122389,116483,91293,53096,21483
0,0,0,0,0,0,0,0,0,0,1,1,0,1,4,19,30,73,151,293,642,1214,2322,3984,6950,11729,18683,29043,43484,63964,90476,124972,166166,215214,269750,329722,842820,506912,553262,587013,605557,610199,597944,569455,531074,483109,428283,372237,314994,263035,214107,173179,137364,109143,86166,69220,57037,49043,44415,43582,45235,49891,58229,68778,82845,99019,114434,122798,116806,91845,53755,21735
0,0,0,0,0,0,0,0,0,0,0,2,0,1,4,12,29,86,124,302,634,1192,2237,3938,6777,11457,18218,28624,43043,62658,89714,122780,164263,212436,267675,326601,837281,503535,551363,585787,604655,609439,598098,571463,533293,486034,430346,375238,317490,265401,216836,174734,139228,110589,87294,70128,57627,49406,44734,43586,45305,49978,58049,68454,82973,98781,114506,122917,117270,92445,54374,21964
0,0,0,0,0,0,0,0,0,0,0,1,2,0,3,10,34,68,138,277,655,1153,2150,3876,6729,10974,17979,27988,42340,61914,88226,121553,161758,210442,264445,324409,830469,501622,548866,584132,604589,608200,599816,572898,535492,487408,433632,377316,320882,267278,219293,176923,140666,112097,88519,70629,58317,49913,44960,43806,45378,49863,57693,68842,82640,98611,114594,122911,117729,93163,54901,22236
0,0,0,0,0,0,0,0,0,0,0,1,2,0,2,15,26,72,121,302,594,1184,2078,3754,6536,10836,17673,27352,41654,61273,86775,119648,160294,207724,261729,321418,824232,499310,546682,582854,603215,609312,600373,572814,537384,490327,436008,380234,323296,270095,221498,178974,142677,113128,89817,71814,58701,50343,45040,44177,45246,49908,57578,68707,82646,98306,114561,123241,118127,93896,55376,22448
0,0,0,0,0,0,0,0,0,0,0,1,1,1,3,11,24,67,122,322,551,1177,2025,3673,6531,10558,17229,26904,40793,60510,85363,118350,158176,205480,258983,318278,818782,496416,544534,580646,602332,610052,600435,574627,538825,492715,438717,382282,326382,272626,223947,181162,144235,114748,90964,72158,59731,50577,45650,44159,45143,49940,57642,68575,82348,98165,114463,123736,118646,94264,55974,22677
0,0,0,0,0,0,0,0,0,0,0,2,0,2,3,10,24,63,124,290,571,1112,1965,3624,6300,10400,17004,26384,40071,59368,84329,116360,156083,203312,257037,315442,813391,493530,541650,578739,601891,610034,599362,576972,541030,494448,442194,384244,329378,275476,226113,182878,146173,116087,91777,73337,60203,51186,45965,44384,45214,49893,57626,68281,82319,98189,114312,123978,119060,94781,56465,22968
0,0,0,0,0,0,0,0,0,0,0,2,0,1,6,10,26,48,140,245,586,1079,1905,3518,6140,10227,16603,26076,39423,58467,82813,115342,153274,201181,254936,312832,807217,490556,539181,577160,601436,609184,601007,578795,542208,496417,444338,387378,332026,277581,228925,184786,147701,117117,93180,74497,60605,51955,46231,44309,45427,49893,57468,68158,82173,98043,114223,124308,119373,95602,56887,23183
0,0,0,0,0,0,0,0,0,0,0,2,0,2,4,14,23,48,126,249,577,1033,1830,3490,5974,9995,16471,25327,38871,57059,82205,113182,151869,198456,252466,309610,801722,487608,537659,575479,599284,609486,601408,580093,544520,497867,447221,390617,334582,280551,230650,187472,148661,118867,94532,75318,61295,52293,46611,44426,45583,49961,57381,67780,82118,98096,114268,123982,120079,96288,57351,23416
0,0,0,0,0,0,0,0,0,0,0,1,1,0,6,14,25,47,109,264,569,970,1826,3408,5754,9850,16084,25215,37937,56411,80879,111433,150069,195884,249412,307483,795713,484981,535592,574524,598462,608262,602062,580947,546910,500405,449016,393408,336820,283421,233092,188970,150841,120496,95673,76073,62025,52622,46933,44537,45802,50080,57147,67671,82050,97951,114170,124361,120178,97074,57874,23614
0,0,0,0,0,0,0,0,0,0,0,1,1,1,6,15,27,47,116,234,528,975,1762,3311,5769,9625,15767,24640,37467,55243,79819,109889,148418,194108,246581,303866,790849,481854,533301,572293,598299,607891,602397,581795,548565,503642,450166,395938,340169,286255,235094,190974,152765,121889,96443,77534,62541,52927,47127,45010,45676,50128,57210,67531,81857,97726,114386,124481,120491,97734,58401,23853
0,0,0,0,0,0,0,0,0,0,0,0,1,2,9,5,31,53,105,250,504,986,1682,3159,5791,9295,15474,24252,36619,54639,78236,108721,146875,191584,243825,302137,784173,479052,531111,570712,595731,608081,603487,583148,549939,506577,452352,398793,342568,288759,237392,192963,154819,123113,97741,78293,63264,53423,47509,45294,45731,50120,57073,67298,81855,97481,114755,124197,121265,97953,59069,24082
0,0,0,0,0,0,0,0,0,0,0,0,1,4,5,8,28,41,117,235,518,919,1704,3123,5542,9175,15141,23699,36207,53616,77206,107357,144752,189217,241285,299285,778675,477475,526787,570345,594385,607058,603929,584666,552193,506886,456188,400575,345400,291593,239762,195130,156795,124800,98902,79165,63947,53838,48120,45336,45674,50137,56891,67194,81853,97404,114755,124262,121892,98318,59629,24264
0,0,0,0,0,0,0,0,0,0,0,0,2,3,4,7,27,47,114,228,490,898,1698,3073,5341,9088,14720,23372,35738,52520,76082,105743,142774,187387,239077,295975,772878,474814,524931,567190,593863,607916,603306,585476,553541,509974,458516,403125,348174,293809,242831,197165,158283,126078,100255,80244,64582,54370,48320,45636,45752,50069,56815,67130,81702,97462,114613,124355,122499,98648,60141,24537
0,0,0,0,0,0,0,0,0,0,0,1,0,6,1,7,24,50,107,231,474,851,1658,3065,5140,8850,14666,22956,35024,51569,74699,104665,140777,185260,237238,292876,767623,470935,523642,564975,592640,607535,603530,586878,554302,512680,461096,405763,351076,296128,244768,199564,159868,127473,101287,81469,65339,54801,48966,45665,45855,50072,56787,66854,81664,97622,114194,124650,122762,99452,60507,24791
0,0,0,0,0,0,0,0,0,0,0,1,0,5,1,5,29,52,99,233,445,850,1578,3009,5150,8607,14315,22587,34193,50898,73580,103246,139500,182580,234522,290501,761401,469060,520946,562827,593358,605793,604069,586904,556444,514743,463132,409080,353445,298410,246921,201751,161819,129290,102474,82152,66140,55278,49288,45949,46138,49793,56678,66871,81389,97811,113917,124788,123360,100029,60934,25040
0,0,0,0,0,0,0,0,0,0,0,1,1,3,1,10,21,53,100,224,459,816,1563,2881,5066,8413,14037,22021,33803,50106,72347,101853,137366,180647,232180,287714,755528,466541,518337,561533,591144,605681,605249,587244,558664,515888,465193,412873,355244,301566,248969,203927,163928,130424,103994,82840,66872,56060,49391,46102,46546,49841,56448,66960,81251,97645,113949,124795,123782,100787,61212,25314
0,0,0,0,0,0,0,0,0,0,0,1,1,2,2,9,20,48,110,199,447,802,1573,2735,4926,8423,13614,21730,33251,49334,71354,100071,135339,178767,229280,285561,750148,463593,515130,559933,590234,605263,604659,588846,560419,516987,468733,414560,358512,304119,251858,205353,166060,132364,104731,83916,67418,56848,49694,46540,46421,49856,56592,66683,81132,97511,113996,125001,124181,101304,61659,25555
0,0,0,0,0,0,0,0,0,0,0,1,1,1,1,9,23,45,110,196,399,819,1543,2707,4797,8134,13463,21349,32756,48457,70068,98597,133567,176417,227419,282671,744368,461079,513108,557790,588728,603834,606447,590197,560922,519730,469737,417646,361747,306207,254421,207503,167800,133712,106252,84647,68319,57247,50305,46707,46492,50050,56551,66769,80794,97341,113822,125335,124628,101720,62109,25794
0,0,0,0,0,0,0,0,0,0,0,1,1,0,4,7,24,45,98,210,405,797,1461,2714,4680,7937,13156,21005,32273,47507,69222,97018,131542,175119,224409,280260,738260,458594,510796,555172,588074,603994,605830,591507,562331,520986,472857,421076,363727,308449,257074,209734,169285,135245,107325,85785,69032,57589,50992,46879,46870,49811,56501,66708,80548,97329,113894,125482,125096,102131,62610,25940
0,0,0,0,0,0,0,0,0,0,0,1,0,2,3,6,27,43,109,187,400,764,1463,2588,4578,7774,12915,20578,31654,46936,67797,95344,130860,172114,222141,277663,733017,455438,508729,554415,585320,604413,604845,592463,563739,523553,475679,423205,366269,311311,258524,212364,171188,136813,108374,86923,69877,58258,51068,47182,46936,50144,56333,66600,80523,97112,113836,125685,125344,102696,63077,26208
0,0,0,0,0,0,0,0,0,0,0,0,1,1,6,9,18,46,93,201,394,732,1403,2599,4468,7531,12792,20098,31183,46069,66555,94651,128513,169869,219940,274806,727287,453495,506236,552102,584571,602065,606427,592812,565284,526358,478166,424828,369598,313610,260781,214147,173724,137838,109980,87922,70609,58622,51496,47455,47209,50126,56431,66329,80170,97166,113895,125848,125543,103311,63495,26494
0,0,0,0,0,0,0,0,0,0,0,0,1,3,2,12,19,43,87,192,386,732,1364,2527,4429,7456,12385,19811,30334,45734,65655,92981,126846,168323,217486,271799,721676,449923,504954,549461,583397,601465,606689,593206,566624,528504,480179,428218,371564,316028,263496,216903,175072,139283,111682,88386,71643,59544,51649,47919,47104,50261,56131,66548,80002,96914,114020,125991,125924,103806,63906,26729
0,0,0,0,0,0,0,0,0,0,0,0,2,1,3,9,15,41,87,206,342,720,1360,2471,4285,7425,12069,19261,30031,44714,64833,91399,125491,165932,215568,268750,715842,447527,503280,548752,580620,600451,606172,593984,568311,530751,483573,430353,373182,318622,266651,218364,176995,141061,113020,89440,72373,59731,52293,48035,47515,50079,56366,66242,79881,96856,114359,125689,126404,104325,64372,26922
0,0,0,0,0,0,0,0,0,0,0,0,2,0,3,9,11,46,83,188,331,685,1358,2461,4262,7114,11870,18766,29612,43983,63808,90024,124410,163500,212806,267065,709829,444593,500620,546495,580190,599745,605841,595306,568831,532743,486478,432050,375947,321127,269468,220512,179085,142833,113480,91039,73008,60251,52694,48229,47829,50205,56253,66150,79681,96810,114227,126032,126535,104852,64898,27145
0,0,0,0,0,0,0,0,0,0,0,0,1,2,1,9,21,35,87,172,324,676,1299,2416,4171,7152,11464,18584,28798,43217,62514,89018,122325,162942,209537,264161,704804,441162,498587,545158,577553,600007,605869,596011,570895,533442,488744,434865,378873,323541,271939,222767,180398,144668,115027,91678,73621,61131,52936,48662,47996,50390,56205,66017,79409,96782,114254,126487,126579,105234,65425,27366
0,0,0,0,0,0,0,0,0,0,0,0,0,2,2,11,20,35,82,155,341,647,1256,2374,4124,6945,11278,18227,28118,42560,62036,87403,120535,161133,207300,260941,699370,440019,494776,542504,577238,599065,606338,597005,571119,536202,489862,437673,381524,326848,273711,225168,182167,146424,116055,92381,74922,61437,53447,48944,48172,50547,56065,66035,79352,96730,114057,126530,127040,105721,65820,27615
0,0,0,0,0,0,0,0,0,0,0,0,0,2,2,6,21,44,73,149,345,625,1234,2300,4076,6792,11029,17893,27646,41951,60621,86516,119067,158401,205621,257976,694030,437471,492955,539744,575204,599124,606063,597409,573568,536772,492446,440294,384256,329205,276033,227281,184391,148052,117359,93463,75773,61791,53993,49044,48404,50574,56155,66016,79356,96398,113964,126841,127440,106121,66175,27853
0,0,0,0,0,0,0,0,0,0,0,0,0,1,3,3,23,34,92,131,335,628,1209,2231,3944,6732,10760,17477,27300,40825,60419,85053,116985,156622,202856,256336,688769,434714,488771,538765,574491,597485,605787,598095,574823,539236,494360,442743,386995,331298,278288,229904,186752,149587,118867,94522,76156,62617,54071,49493,48522,50417,56464,65854,79239,96463,113973,126835,127885,106458,66669,28041
0,0,0,0,0,0,0,0,0,0,0,0,0,2,1,8,14,41,80,141,310,631,1154,2257,3756,6491,10633,17134,26816,40308,59027,83816,115792,154206,200720,253660,683752,430975,487628,536016,573539,596431,605165,599089,576876,541593,495404,444619,389951,334009,280628,232587,188820,150677,120300,95712,76968,63238,54400,49590,48854,50575,56457,65781,78978,96335,114191,126874,128194,106906,67029,28269
0,0,0,0,0,0,0,0,0,0,0,0,0,2,2,6,19,30,73,143,310,603,1176,2112,3705,6390,10367,16809,26157,39660,58392,82180,114108,152665,198435,251206,678528,428270,484476,534030,571593,596089,605191,598993,578255,544226,497796,446626,392384,336388,283375,235068,190515,152503,121252,96856,77842,63623,55296,49948,48766,50771,56350,65944,78792,96060,114453,127006,128367,107241,67570,28415
0,0,0,0,0,0,0,0,0,0,0,0,0,1,3,9,15,26,81,142,287,604,1123,2053,3606,6234,10142,16494,25850,38733,57489,81227,112740,150557,195830,249341,672703,425682,481883,531191,570582,594773,606024,599483,578958,545248,500527,449676,395287,338732,285802,236926,192467,154104,122952,97777,78426,64435,55701,50216,48724,51153,56189,65840,78943,95798,114231,127524,128823,107411,67995,28635
0,0,0,0,0,0,0,0,0,0,0,0,0,1,6,5,13,24,63,154,303,510,1141,2001,3621,6018,9901,16275,25318,38094,56472,80396,110607,148878,194671,245781,667103,423965,479226,528624,568714,593811,606339,600055,580056,546222,503319,451769,397833,342141,287660,238718,195004,155870,124215,99039,78970,65122,56103,50605,48895,50891,56372,65859,78796,95930,113913,127607,129218,107961,68401,28829
0,0,0,0,0,0,0,0,0,0,0,0,1,0,3,11,5,26,57,161,272,522,1069,2026,3444,5835,9875,15925,24796,37666,55496,78918,109284,147085,192212,243775,661909,420525,476513,526811,566900,594122,605576,600291,581122,548126,505680,454063,399873,344712,291045,240621,196426,157674,125549,100228,79924,65727,56327,51011,49014,50857,56677,65877,78561,95773,113877,127823,129412,108465,68812,29041
0,0,0,0,0,0,0,0,0,0,0,0,0,1,2,10,8,16,71,157,278,505,1013,1993,3339,5832,9581,15565,24360,37127,54441,77744,107997,145074,189804,242033,655635,418110,474431,524673,565416,593376,605282,600118,582666,550490,506916,456771,401845,348129,292799,242591,199010,158967,126981,101180,81006,66505,56455,51604,49167,50858,56380,66163,78444,95435,113954,128116,129592,109035,69076,29281
0,0,0,0,0,0,0,0,0,0,0,0,0,1,3,4,10,19,69,152,247,524,986,1927,3295,5624,9401,15276,23964,36495,53482,76766,105954,143526,188387,238927,650352,414335,472784,523937,562748,592234,605304,600461,583870,551770,508563,459426,405241,350056,296223,244372,200801,160411,128398,102283,81924,67141,57002,51731,49329,51003,56478,66076,78377,95342,113893,128469,129614,109557,69388,29476
0,0,0,0,0,0,0,0,0,0,0,0,1,1,2,5,8,21,69,135,259,487,1059,1785,3237,5555,9187,15051,23466,35856,52593,75551,104506,142096,185579,236696,645792,411930,470052,521612,561526,590543,604185,601616,584502,553463,511181,462053,407053,352777,298514,247089,202103,162263,130049,103203,83058,67771,57432,51823,49604,51065,56709,65963,78180,95434,113805,128433,129851,110061,69858,29650
0,0,0,0,0,0,0,0,0,0,0,0,0,1,2,2,12,30,54,138,250,509,931,1841,3097,5546,9055,14525,23011,35237,52097,74416,103264,139935,183413,234124,640785,409655,467205,518650,559974,589616,603545,601982,585800,555347,514188,463725,410250,354500,301124,249424,204035,163886,131444,104211,84058,68451,58078,51671,49909,51170,56723,66086,78226,95213,113609,128633,130040,110546,70353,29806
0,0,0,0,0,0,0,0,0,0,0,0,0,1,2,5,10,33,58,120,259,496,898,1732,3069,5350,8893,14577,22684,34531,50929,73184,102351,138089,181119,231981,635863,406078,464695,516748,558413,588219,602877,602841,586375,557152,516778,466261,412651,357058,303109,251758,205944,165809,132401,105748,84770,69045,58606,52181,49817,51508,56794,65744,78335,95197,113700,128367,130231,111247,70723,29994
0,0,0,0,0,0,0,0,0,0,0,0,0,3,1,4,9,35,57,113,250,502,859,1693,3033,5255,8814,14232,22265,33902,50150,72461,100546,136524,179016,228868,630827,404808,460467,514897,557318,586168,603666,602488,587976,558271,518251,469491,415688,359244,305336,254250,207197,167857,133805,106697,85624,69743,59092,52317,50164,51640,56950,65280,78453,95082,113803,128383,130484,111720,71183,30196
0,0,0,0,0,0,0,0,0,0,0,0,0,1,4,2,13,29,56,110,257,444,867,1706,2961,5025,8623,14027,21928,33378,49472,71442,98767,135009,177597,225954,625613,401662,459171,511377,555975,586072,601718,603902,588418,560330,520181,472396,417211,361625,308536,255628,210170,169058,135025,107719,86431,70427,59513,52858,50224,51805,56849,65383,78310,95055,113579,128853,130659,112019,71528,30456
0,0,0,0,0,0,0,0,0,0,0,0,0,0,4,8,10,18,67,106,224,458,864,1599,2869,4993,8474,13705,21643,32767,48812,69858,97915,132907,175429,224412,619633,399332,456558,508905,554417,585515,601129,603533,589221,561481,523103,474650,419955,364086,310565,258426,211724,171306,136161,108787,87009,71335,59962,53235,50610,51795,56773,65475,78058,95138,113363,129117,130881,112571,71840,30617
0,0,0,0,0,0,0,0,0,0,0,0,0,0,1,10,7,21,57,102,223,452,848,1536,2772,4976,8281,13286,21295,32357,47931,69038,96296,131545,172921,222281,614613,396167,454264,507140,552281,584225,602062,602983,589420,564064,523949,477516,421834,366969,312949,260790,213838,172650,138305,109661,87718,71786,60671,53338,51088,51719,56980,65367,78156,95099,113329,129152,131114,113076,72089,30810
0,0,0,0,0,0,0,0,0,0,0,0,0,0,1,9,9,21,47,114,218,423,842,1538,2705,4919,7966,13108,20888,32051,46995,68262,94815,129234,171884,219194,610186,392302,452409,505282,549335,583973,601620,602620,591097,565393,526467,477863,425485,369821,314909,263867,215039,174632,140072,110376,88678,72472,61130,53582,51258,52085,56646,65373,78526,94864,113280,129336,131111,113522,72498,31056
0,0,0,0,0,0,0,0,0,0,0,0,0,0,1,7,6,24,57,87,226,406,811,1501,2650,4784,7798,12878,20522,31334,46324,67213,93891,127721,168752,217675,604579,389932,449880,502719,548592,582481,600259,603272,592203,566345,528997,480033,427320,373105,317668,265209,217314,176756,141195,111727,89458,73083,61744,54062,51317,51959,56925,65120,78552,94868,113496,129376,131270,113909,72787,31228
0,0,0,0,0,0,0,0,0,0,0,0,0,0,1,5,8,18,54,101,195,413,775,1494,2563,4676,7662,12699,20098,30687,45750,66051,92592,125743,167195,215646,597962,388660,447270,500159,546998,580534,600124,604224,592069,568094,530275,483156,430368,374951,319942,267676,218980,178816,142603,113025,90498,73745,61725,54815,51446,52280,57020,64894,78493,94932,113610,129227,131673,114133,73203,31402
0,0,0,0,0,0,0,0,0,0,0,0,0,0,2,4,5,22,52,96,190,392,792,1388,2539,4562,7515,12490,19827,30246,44844,65148,91342,124351,164910,213238,592577,385360,445722,497987,545431,579688,598206,604284,594614,567898,532674,485586,432522,378257,321920,269974,221552,179917,143870,114446,91124,74670,62027,55422,51536,52444,56915,64984,78441,94857,113679,129365,131804,114567,73581,31552
0,0,0,0,0,0,0,0,0,0,0,0,0,0,2,5,7,20,62,90,173,381,741,1390,2538,4431,7388,12311,19404,29616,44170,64186,89938,123059,162523,211184,587567,383207,442222,496306,543763,576652,598648,605143,595112,569375,535047,487339,435009,379789,325570,271298,224256,181524,145345,115789,92176,75087,62627,55531,52233,52410,56701,65319,78149,94794,113584,129607,132205,114663,73978,31764
0,0,0,0,0,0,0,0,0,0,0,0,0,0,3,1,10,25,51,89,173,353,747,1317,2441,4366,7160,12150,19101,29349,43031,63232,88767,121810,160934,208274,582797,380597,439517,493602,541468,576499,598282,604239,595665,572017,536284,490364,436663,383099,326118,274616,225967,183604,146905,116692,93485,75631,63369,55781,52394,52377,56791,65242,78210,94681,113640,129624,132479,115244,74127,31954
0,0,0,0,0,0,0,0,0,0,0,0,0,0,2,2,7,26,47,89,159,376,717,1302,2347,4213,7210,11774,18664,28830,42534,62490,87361,119644,159367,206349,578206,377304,436425,492996,538532,574762,597546,604941,596127,573629,537996,492472,439303,385208,329847,276288,227576,185667,148115,117905,94398,76555,63571,56269,52496,52691,56704,65181,78238,94538,113707,129753,132708,115626,74487,32131
0,0,0,0,0,0,0,0,0,0,0,0,0,0,3,1,10,20,47,76,188,365,636,1292,2312,4198,6976,11538,18343,28134,42254,61319,86113,117782,158132,203479,573447,374438,435229,489282,537035,573699,597126,604529,596871,575130,540790,493386,442054,387474,332369,278992,229281,187104,149692,119463,94944,77440,64150,56481,52672,52929,56649,65205,78355,94360,113842,129647,133205,115780,74910,32230
0,0,0,0,0,0,0,0,0,0,0,0,0,2,1,0,7,19,44,88,158,371,601,1300,2259,4068,6794,11235,18098,27688,41682,60264,84904,116523,155402,202388,567627,372541,431680,487569,535455,572836,595441,604609,598853,575272,542022,495732,444527,390167,334776,281436,231455,188690,150900,120714,96097,78045,65013,56791,52984,52977,56644,65208,78330,94315,113775,129833,133450,116107,75201,32440
0,0,0,0,0,0,0,0,0,0,0,0,0,1,1,1,6,17,37,84,164,324,626,1223,2262,3897,6706,11088,17742,27279,40807,59396,83951,115005,153897,199426,562077,370506,429191,485026,533911,571351,595210,604512,599077,576699,542690,499175,447242,392053,337635,283491,233699,190199,152457,122184,97303,78526,65372,56943,53430,53120,56642,64965,78457,94140,113843,130111,133618,116349,75668,32596
0,0,0,0,0,0,0,0,0,0,0,0,0,1,1,1,6,18,37,72,149,327,633,1212,2161,3825,6478,10985,17450,26918,39934,58521,82821,113415,152557,197239,557036,366973,426870,483399,530839,570638,595433,604117,599466,577590,545742,499523,449952,395498,339735,285823,236024,191368,154152,123276,98063,79590,65822,57155,53708,53222,56847,64817,78355,94294,113866,129930,134141,116780,75863,32740
0,0,0,0,0,0,0,0,0,0,0,0,0,1,0,1,6,21,37,72,147,299,643,1119,2146,3750,6386,10660,17230,26348,39287,57509,81213,112575,150446,195105,551607,364617,424554,481532,528399,569282,593766,605903,599165,579780,546109,503193,451926,398017,341315,288758,237836,193377,155840,123961,99442,80220,66209,57607,53652,53663,56924,64831,78113,94490,113544,130277,134167,117100,76292,32939
0,0,0,0,0,0,0,0,0,0,0,0,0,1,0,2,6,21,31,72,142,297,589,1142,2107,3732,6160,10500,16852,25986,38590,56446,80633,110763,148607,193431,546564,361944,421465,478529,527428,567696,594489,604323,600032,580677,548465,504928,454830,400154,343739,290889,240018,195203,157099,125614,100099,80861,66729,58160,53583,53749,57331,64965,77705,94633,113452,130573,134216,117397,76660,33099
0,0,0,0,0,0,0,0,0,0,0,0,0,1,1,1,5,18,34,72,134,272,572,1081,2089,3666,6138,10130,16630,25393,38133,55637,79430,109223,146606,191791,541684,358986,419275,475209,526882,564855,593865,604866,600051,582491,550639,506918,457331,401720,346748,293048,241956,196873,158823,126856,100977,81287,67651,58398,54009,53742,57297,64957,77844,94439,113619,130398,134647,117649,77095,33266
0,0,0,0,0,0,0,0,0,0,0,0,0,1,0,2,6,17,33,67,132,283,550,1048,1991,3589,6172,10002,16049,25091,37452,54822,78313,107588,145159,189415,537570,356020,416872,472463,524479,565029,591915,604375,601208,583085,552645,509901,458762,404073,349495,294871,244411,198787,160340,127926,101888,82081,68268,58459,54398,53974,57493,64871,77593,94411,113638,130376,135024,117973,77502,33450
0,0,0,0,0,0,0,0,0,0,0,0,0,1,2,2,3,14,29,81,122,278,533,1026,1935,3534,5988,9895,15808,24385,36980,54145,76932,106826,142957,187433,532293,353731,413327,472827,520456,563247,590952,605383,601548,584233,553316,512698,461002,407074,350798,297843,246584,200836,161351,129241,102948,83170,68278,59287,54577,54119,57549,64919,77464,94202,113596,130702,135173,118347,77813,33615
0,0,0,0,0,0,0,0,0,0,0,0,1,0,2,2,4,15,24,74,112,306,499,987,1904,3449,5954,9624,15477,24126,36280,53300,75678,105399,141853,185198,527349,351148,411494,469112,519384,561426,589811,605980,602834,584010,555188,514262,464007,409616,353351,299546,248583,202477,163001,130506,104272,83771,68768,59735,54562,54468,57576,65004,77216,94275,113778,130563,135536,118537,78201,33793
0,0,0,0,0,0,0,0,0,0,0,1,0,0,0,2,7,11,30,62,123,249,530,973,1861,3374,5783,9418,15169,23562,35789,52673,74647,103752,140059,183606,522523,348616,408937,466113,517652,559656,590176,603929,603252,585678,557895,515254,466384,412299,356139,301559,250862,204387,164394,131683,105324,84639,69267,59972,55040,54544,57637,64925,77153,94274,113750,130531,135841,118796,78741,33905
0,0,0,0,0,0,0,0,0,0,0,0,1,0,0,1,3,14,32,67,111,255,500,968,1817,3269,5622,9307,14892,23144,35234,51627,73688,102043,139017,181018,518245,345820,406362,463699,515695,558037,589501,604500,603441,586577,559265,518013,468427,413666,358677,304395,252344,206282,166403,132766,106485,85222,69958,60271,55470,54636,57579,64871,77307,94222,113557,130720,136083,119083,79077,34122
0,0,0,0,0,0,0,0,0,0,0,1,0,0,0,2,5,11,31,61,115,238,531,936,1769,3149,5516,9209,14578,22833,34412,50843,72811,100694,137025,179375,513498,343614,402929,461632,514312,556766,587783,604569,603963,587509,560417,519671,471186,416495,361193,306323,254297,208361,168047,134061,107438,85468,70852,60695,55898,54576,57544,64961,77287,94299,113262,130945,136211,119549,79414,34238
0,0,0,0,0,0,0,0,0,0,0,0,1,0,0,2,5,9,28,51,119,240,472,940,1733,3097,5375,8908,14384,22494,33978,49956,71426,99881,134669,177551,509417,340335,401136,459594,511228,555218,587665,603727,604452,589238,561264,521772,473242,419726,363393,308585,256489,209844,169434,135208,108438,86577,71136,61376,55925,54592,57925,65036,77042,94377,113078,131031,136481,119905,79812,34391
0,0,0,0,0,0,0,0,0,0,0,0,1,0,0,1,3,14,29,52,97,229,478,888,1708,3049,5307,8811,14035,21888,33686,49368,70278,97925,133815,175498,504322,338196,398813,456798,509412,553793,586123,603662,604684,589932,563351,523509,475869,421574,366157,310779,258273,212397,170837,136074,109763,87521,71625,61768,56225,54650,57912,65150,76847,94397,113173,130985,136602,120384,80165,34526
0,0,0,0,0,0,0,0,0,0,0,0,0,1,0,1,4,14,26,55,95,213,455,903,1678,2948,5170,8655,13690,21724,32843,48663,69438,96786,131788,173858,499996,335352,395885,454578,507774,551377,585635,603364,604159,592377,564541,525807,477281,424531,368073,312810,261450,213657,172023,137864,110319,88399,72458,61909,56815,54951,58013,64795,77040,94242,112978,131336,136982,120396,80551,34682
0,0,0,0,0,0,0,0,0,0,0,0,0,0,1,1,6,8,33,51,86,205,435,895,1641,2884,5041,8444,13496,21311,32644,47746,68302,95313,130107,172355,494785,333643,392960,452783,504809,550245,584408,602221,605224,592903,566672,527701,479362,426883,370562,315317,263434,215168,174235,138969,111323,88950,73169,62696,56620,55150,57967,65024,77086,94096,113144,131207,137097,120922,80791,34877
0,0,0,0,0,0,0,0,0,0,0,0,0,1,0,0,7,10,24,48,91,202,404,865,1611,2838,4984,8234,13197,21045,31937,47170,67004,94260,128456,170832,489661,331429,390419,450335,502688,549189,582428,602047,605664,594005,567769,529988,481373,429403,373753,317098,265389,216911,176042,140214,112174,90142,73384,63129,56947,55336,57842,65322,76837,94072,113337,131261,137139,121423,80999,35039
0,0,0,0,0,0,0,0,0,0,0,0,0,0,1,0,7,12,21,47,84,198,406,870,1559,2764,4894,8057,13049,20469,31469,46132,66289,92998,127119,168384,485374,328773,388415,446756,501065,548800,580734,601813,605894,594221,569457,532067,483921,431149,376241,319865,267530,218687,177090,141643,113371,90830,74176,63602,57127,55459,58095,65306,76846,94228,113011,131410,137181,121944,81237,35261
0,0,0,0,0,0,0,0,0,0,0,0,0,0,1,3,3,12,20,44,95,187,392,834,1538,2682,4795,8073,12584,20115,30729,45721,65424,91613,125661,166020,480871,326941,385147,444772,498682,545932,581955,601193,605768,595553,570566,532955,486856,433426,379392,321478,269138,220875,178623,143111,114329,91834,75023,63510,57689,55480,58290,65308,76855,94120,112938,131441,137609,122256,81530,35416
0,0,0,0,0,0,0,0,0,0,0,0,0,0,0,5,1,13,22,45,95,172,396,816,1467,2616,4669,7820,12575,19580,30365,44818,64738,90290,124063,164420,476931,323514,383051,441662,497280,543454,580700,601405,606264,596250,571271,535717,488288,436845,381467,323965,270445,223446,179738,144887,115128,92741,75280,64234,58101,55558,58224,65357,76926,94101,112644,131752,137924,122463,81816,35593
0,0,0,0,0,0,0,0,0,0,0,0,0,0,0,4,2,10,27,41,86,180,394,815,1372,2576,4525,7703,12338,19207,29848,44415,63351,89279,122070,162878,472326,320376,381073,439489,495179,542028,579140,601678,605406,597965,572079,537164,491178,439000,383634,326540,273332,224168,182225,145839,116410,93585,76099,64484,58094,55943,58144,65341,76953,93917,113130,131505,138354,122550,82071,35888
0,0,0,0,0,0,0,0,0,0,0,0,0,0,0,3,5,11,19,53,61,196,355,787,1384,2483,4476,7462,11881,19290,28990,44073,62389,87965,120716,160704,468384,317612,377534,438364,493249,540069,577637,599976,607307,597779,574498,538199,494440,441254,385371,329306,275054,226582,183143,147370,117550,94399,76817,64845,58407,55961,58193,65421,77024,93653,113275,131466,138641,122895,82365,36065
0,0,0,0,0,0,0,0,0,0,0,0,0,0,0,2,6,9,15,47,63,177,370,745,1388,2397,4390,7339,11796,18595,28873,42856,62080,86477,119208,159203,463360,314869,375910,435663,491581,539067,575478,599140,607254,597939,575998,541719,495945,443285,387936,331128,278365,228049,184886,148586,118430,95112,77485,65233,58629,56198,58202,65454,76949,93711,113493,131224,138916,123185,82696,36297
0,0,0,0,0,0,0,0,0,0,0,0,0,0,1,0,6,7,20,38,76,155,389,723,1294,2460,4144,7174,11702,18183,28316,42144,61098,85599,117664,157288,459247,312846,372171,433224,489809,537142,575650,598027,606269,598680,577903,544099,497012,446262,389839,334372,280338,230082,186381,150014,119668,95465,78259,65776,58659,56506,58503,65134,77040,93731,113383,131341,139057,123598,82993,36447
0,0,0,0,0,0,0,0,0,0,0,0,0,0,0,2,5,7,20,34,82,152,378,687,1312,2319,4224,6860,11414,17988,27690,41669,59940,84917,115884,155732,454249,310357,370203,430924,487168,535573,573207,599125,606029,600201,579133,544660,500049,448241,392059,336490,282656,232292,188111,151264,120876,96216,78942,66400,58610,56819,58472,65145,77071,93614,113448,131406,139067,123974,83441,36600
0,0,0,0,0,0,0,0,0,0,0,0,0,0,0,2,3,12,19,44,68,168,357,665,1252,2317,4108,6793,11092,17786,27225,40907,59188,83231,114724,153857,450021,307646,367899,429210,484621,533734,572414,598267,605009,602310,579607,547035,502671,449955,394703,338115,284684,234786,189434,152724,121815,97624,79044,66977,58904,57100,58702,64964,76994,93491,113608,131289,139544,124221,83683,36785
0,0,0,0,0,0,0,0,0,0,0,0,0,0,0,2,5,12,13,42,77,156,345,680,1214,2295,3868,6721,10923,17530,26592,40214,58384,82279,113605,151704,445643,305463,365685,426880,482038,531849,570182,597598,606724,602264,581259,547872,505650,452647,396203,340399,287116,236222,191517,153800,123709,97997,79951,67013,59300,57210,58724,65390,76925,93252,113672,131500,139529,124669,83913,36982
0,0,0,0,0,0,0,0,0,0,0,0,0,0,0,2,5,9,17,32,89,162,323,661,1209,2187,3780,6694,10671,17186,26171,39559,57520,81493,111741,149946,441155,303173,363823,423700,479960,529304,571043,595691,606900,602636,582974,549858,506290,455626,398856,342812,289038,238349,193585,154869,124429,99392,80385,67361,59765,57483,58714,65333,76924,93341,113499,131559,139532,125152,84295,37145
0,0,0,0,0,0,0,0,0,0,0,0,0,0,0,1,4,9,14,36,80,165,340,623,1166,2150,3774,6443,10546,16821,25908,38558,56919,80386,110189,148154,437211,301298,360455,421015,478227,527095,569440,595937,606779,603135,584174,551583,508516,457871,401054,345606,291129,240250,195192,156310,125254,100451,81179,67577,60071,57604,59029,65230,77006,93345,113212,131794,139637,125548,84595,37313
0,0,0,0,0,0,0,0,0,0,0,0,0,0,1,0,6,7,12,33,78,174,316,582,1181,2115,3644,6262,10366,16490,25360,38132,55863,79810,108850,145795,433590,298462,359021,418372,474997,525801,567349,595774,606734,603967,584978,554138,510046,459895,403891,347748,293387,242126,196691,157796,126326,101467,81694,68075,60504,57490,59336,65115,77140,93123,113036,132373,139723,125718,84972,37476
0,0,0,0,0,0,0,0,0,0,0,0,0,0,1,1,4,9,13,26,81,156,313,568,1194,1980,3655,6186,10014,16093,25129,37451,55244,78207,107877,144511,428687,296140,355983,416327,473308,523291,565686,595135,606844,604551,587266,555282,512474,461537,406324,350150,295764,243857,198821,158753,127794,102091,82509,68525,60813,57613,59233,65589,76964,93135,113036,132431,139819,126095,85212,37656
0,0,0,0,0,0,0,0,0,0,0,0,0,0,0,2,1,10,8,28,82,171,286,563,1101,2060,3551,6006,9819,15702,24711,37118,53825,77350,106433,143095,425162,293407,353323,413283,470487,522493,564170,593593,608475,604916,587873,557396,514839,463164,408558,353204,297518,245908,199714,161165,128369,103136,82973,69141,61082,57803,59419,65588,77027,92916,113261,132295,139910,126576,85494,37848
0,0,0,0,0,0,0,0,0,0,0,0,0,0,0,1,3,7,12,25,94,160,258,545,1050,2053,3451,5784,9800,15420,24177,36298,53369,76230,104650,141659,420756,291279,350745,411246,468645,520071,563309,592576,608547,605477,588934,559021,516577,465316,411824,354903,299858,247046,202215,162510,129433,104110,83354,69978,61215,57948,59500,65677,77073,92837,113159,132370,140109,126927,85839,37978
0,0,0,0,0,0,0,0,0,0,0,0,0,0,0,0,3,7,11,29,79,147,278,549,1022,1911,3418,5707,9458,15235,23810,35874,52655,75112,103336,139672,416424,288897,349025,408599,466358,518668,561893,591964,608214,605786,590526,559830,518460,468108,413755,357727,301906,249287,203614,163498,130894,105005,83880,70469,61553,58178,59771,65478,76881,93106,112938,132437,140381,127210,86281,38094
0,0,0,0,0,0,0,0,0,0,0,0,0,0,0,0,4,4,11,31,76,144,269,538,993,1827,3370,5686,9227,15078,23334,34985,52101,73892,102063,137885,412418,285850,347247,406026,464850,517252,559256,591481,608668,606491,591201,561465,520362,470558,416701,358914,304162,251475,204626,165102,132677,105621,84512,71047,61755,58448,59928,65567,76833,93055,113044,132425,140368,127491,86698,38316
0,0,0,0,0,0,0,0,0,0,0,0,0,0,0,1,0,7,14,29,67,145,275,509,965,1783,3283,5527,9160,14747,22784,34830,50758,73220,100486,136733,408664,283346,343223,404520,462050,515920,558455,590179,607000,607884,592678,563713,521425,473735,419493,361313,304846,254261,206726,166398,133288,106515,85732,71042,62118,58899,59919,65581,76617,93214,112985,132574,140584,127735,86930,38523
0,0,0,0,0,0,0,0,0,0,0,0,0,0,1,0,0,4,13,34,65,125,261,524,932,1751,3132,5447,8975,14467,22524,33984,50248,71757,99516,134693,404610,281744,340867,401587,459812,513989,556646,589850,606631,608232,593805,564866,524315,476119,421518,363508,307836,255918,207786,168555,134132,107379,86443,71749,62445,58929,59933,65603,76485,93459,113009,132527,140700,128005,87195,38768
0,0,0,0,0,0,0,0,0,0,0,0,0,1,0,0,0,4,13,26,63,128,255,478,957,1661,3121,5284,8781,14285,21945,33695,49343,70752,97911,133306,400762,279551,338858,398926,457726,511274,555955,588506,605990,608644,595904,565626,526717,478527,423120,366539,310285,257334,209882,169664,135196,108511,86809,72220,63052,59303,59795,65494,76522,93407,113106,132443,140929,128434,87429,38959
0,0,0,0,0,0,0,0,0,0,0,0,1,0,0,0,1,3,13,21,54,138,242,475,905,1670,3007,5128,8692,13822,21914,32975,48597,69515,97224,131502,396291,278284,335981,396382,454969,509905,554861,587686,605378,608826,596516,568896,527046,481355,424849,369606,312134,259724,211699,170817,136364,109116,87515,72855,63267,59665,59786,65726,76327,93451,113103,132411,141428,128313,87840,39137
0,0,0,0,0,0,0,0,0,0,0,0,0,1,0,0,2,2,11,26,50,124,240,470,875,1647,2889,5107,8429,13679,21519,32453,47722,68722,95862,129951,392728,275055,334180,393544,452725,507896,553857,586153,605877,609332,597137,570643,528975,483191,428171,370684,315177,261278,213261,172438,137778,110206,87887,73269,63567,59760,60245,65785,76131,93464,113080,132375,141925,128369,88197,39287
0,0,0,0,0,0,0,0,0,0,0,0,0,0,1,0,2,4,11,26,47,99,238,457,894,1609,2843,5006,8294,13487,21038,31930,46955,67529,95046,128292,388985,272934,330921,391003,451655,505506,552084,584732,606244,610213,596986,571412,532550,484465,431230,372822,316838,263902,214907,173753,138935,111335,88383,73849,64290,59826,60211,65613,76476,93477,112740,132536,142020,128859,88471,39437
0,0,0,0,0,0,0,0,0,0,0,0,0,0,1,0,1,3,9,27,46,103,228,442,832,1591,2808,4879,8161,13178,20829,31361,46181,66590,93530,127154,384696,270134,329154,389506,448487,504391,550302,583838,605326,609689,599426,572442,533851,487382,433391,374658,319719,265796,216908,175173,139971,112144,88979,74665,64393,60026,60600,65424,76670,93212,112692,132599,142315,129160,88820,39515
0,0,0,0,0,0,0,0,0,0,0,0,0,0,0,1,1,3,11,22,44,104,211,463,824,1496,2769,4784,7962,13163,20336,30795,45690,65405,92336,125446,380529,268394,327054,386700,446543,501849,548697,583004,605452,610024,599966,574391,536185,488467,436244,376653,321730,268290,218814,176647,140579,113143,89901,75053,64768,60295,60671,65418,76747,93264,112640,132773,142637,129380,88894,39746
0,0,0,0,0,0,0,0,0,0,0,0,0,0,0,1,1,6,9,19,48,95,215,427,810,1510,2718,4635,7876,12690,20111,30405,44964,64984,90292,123978,376449,267038,323960,384716,444606,499140,547271,583081,603542,611427,599404,576942,538863,490148,437581,380319,323268,270141,220290,178548,141999,113919,90670,75322,65190,60587,60692,65563,76857,92985,112620,132773,142990,129668,89131,39914
0,0,0,0,0,0,0,0,0,0,0,0,0,0,0,1,0,9,8,18,39,96,216,409,788,1514,2604,4671,7625,12395,19812,29980,44435,63908,89123,122722,372946,264209,321455,382199,441635,498072,546050,581230,603063,611670,601418,577776,539883,493432,440011,381815,325525,272636,222154,180024,142967,114793,91639,75717,65609,60859,60747,65562,77120,92794,112612,132916,142867,130138,89444,40048
0,0,0,0,0,0,0,0,0,0,0,0,0,0,0,1,2,5,12,15,35,117,192,396,759,1453,2609,4498,7612,12029,19457,29616,43728,62910,88378,121098,369091,261644,318987,379413,440288,495739,543878,581145,602598,610192,603320,579896,541734,495214,442519,384464,328271,273491,223962,181353,144608,115438,92749,76287,65883,60844,60791,65927,76920,92856,112632,132989,142962,130422,89839,40140
0,0,0,0,0,0,0,0,0,0,0,0,0,0,0,0,2,5,10,17,40,110,175,393,735,1381,2581,4497,7361,11914,18990,29054,43159,62023,87499,119337,365470,258502,317379,376967,438409,493510,542256,579472,603856,609259,603901,580790,544883,496719,444337,387311,330435,275729,225495,183120,145900,116511,92997,77082,66255,61071,60902,65807,77173,92621,112519,133236,143146,130620,90079,40406
0,0,0,0,0,0,0,0,0,0,0,0,0,0,0,0,0,6,10,16,47,90,200,384,726,1387,2426,4421,7171,11883,18552,28694,42207,61152,86183,118370,361230,256683,314764,374499,435566,491939,540332,579368,602266,611651,603397,582251,546429,499599,446515,389391,332216,277635,227933,184409,147282,116953,94148,77446,66626,61199,61127,65860,77306,92536,112376,133211,143478,130961,90418,40483
0,0,0,0,0,0,0,0,0,0,0,0,0,0,0,0,1,4,10,16,43,88,194,371,719,1319,2477,4195,7185,11398,18472,27923,41915,60269,84895,116871,357525,254899,311419,372794,433061,489516,539744,577236,602753,611409,604263,582885,548445,502715,448540,391973,333778,279845,229179,186633,148266,118034,94828,77866,67189,61266,61236,66171,76899,92800,112389,133240,143851,131034,90806,40556
0,0,0,0,0,0,0,0,0,0,0,0,0,0,0,0,1,3,9,23,38,80,180,379,737,1288,2367,4137,6921,11575,17874,27460,41216,59294,83729,115456,353817,253106,309252,370037,430867,487566,538164,575454,601975,611760,606013,583703,550233,505456,450789,393364,337064,281279,231369,187582,149469,118413,96317,78368,67427,61705,61448,66199,76667,92837,112422,133367,144104,131351,90951,40746
0,0,0,0,0,0,0,0,0,0,0,0,0,0,0,0,1,1,13,22,40,79,169,371,738,1317,2269,3999,6938,11193,17656,27056,40533,58621,82605,114117,349976,250476,307140,367178,428369,486357,536743,574368,601473,611935,605869,586401,551173,506713,453346,396684,338274,283711,233244,189018,150414,119991,97084,78804,67494,62138,61491,66501,76469,92960,112564,133039,144384,131673,91298,40918
0,0,0,0,0,0,0,0,0,0,0,0,0,0,0,1,0,1,10,22,44,77,165,355,738,1300,2230,3811,6754,11064,17297,26687,39675,57742,82096,112750,345674,248479,304729,365121,426648,483346,534496,574277,600858,612241,607196,586271,553739,508936,455764,398305,340901,285615,234946,190585,151961,120746,97657,79208,68265,62420,61387,66463,76707,92810,112477,132947,144686,132003,91635,41090
0,0,0,0,0,0,0,0,0,0,0,0,0,0,1,0,0,3,9,18,38,80,175,348,707,1268,2138,3804,6673,10632,17110,26354,39108,57291,80183,111484,343442,244988,302671,362443,424434,482229,532173,573326,600511,611016,609325,587391,555415,510325,458507,400922,342266,288095,236823,191747,153114,122433,98024,79883,68334,62948,61592,66348,76989,92517,112621,132846,144820,132357,91834,41275
0,0,0,0,0,0,0,0,0,0,0,0,0,0,1,0,0,4,6,16,35,87,167,343,666,1213,2181,3673,6423,10741,16576,25937,38775,56294,78983,109798,339940,243434,300079,360678,421386,480459,530988,571668,599223,612624,608351,589518,557595,511424,460112,404213,344157,289952,239273,193299,154467,123439,98786,80049,69093,62882,61832,66644,76843,92398,112810,132891,144754,132688,92080,41460
0,0,0,0,0,0,0,0,0,0,0,0,0,0,0,1,1,1,9,10,41,74,151,357,659,1146,2157,3626,6245,10474,16471,25263,38363,55345,78313,108360,336039,241548,297789,358337,418659,478932,528709,571454,598314,612280,608776,591763,558373,514210,461927,406325,347064,291735,240811,194738,156070,124202,99565,80625,69490,63175,61834,66666,76899,92328,112920,132847,144964,133053,92171,41749
0,0,0,0,0,0,0,0,0,0,0,0,0,0,0,1,0,3,4,14,32,78,165,311,651,1171,2007,3530,6244,10236,16235,24887,37600,54631,77147,107173,333234,238508,296436,355629,416778,475422,528146,569701,598076,610909,609907,593775,559530,516499,464520,407948,349667,293547,242702,196890,156755,125277,100213,81624,69667,63249,62112,66601,77014,92367,112806,132869,145171,133389,92440,41910
0,0,0,0,0,0,0,0,0,0,0,0,0,0,0,1,0,2,4,14,35,68,147,326,638,1162,1938,3530,6052,10043,15856,24533,36791,54065,76351,106149,328715,238045,292791,353327,414816,473463,526138,567964,597714,611975,610066,594615,561434,518099,466758,410484,351419,295993,244296,198668,158099,126012,101342,82256,69619,63874,62163,66671,77031,92175,112997,132831,145314,133749,92729,42061
0,0,0,0,0,0,0,0,0,0,0,0,0,0,0,1,1,1,3,15,30,72,146,301,611,1138,1965,3407,6002,9760,15477,24194,36360,53070,75473,104464,325869,235126,291315,350486,412494,471612,524224,567234,596674,611046,611428,596202,563306,519978,468743,412253,354438,298309,245930,199837,159575,127144,102095,82806,69880,63804,62520,66945,76925,92329,112785,133106,145306,133882,93219,42092
0,0,0,0,0,0,0,0,0,0,0,0,0,0,0,0,2,1,3,12,34,69,142,309,574,1079,1958,3441,5800,9529,15387,23681,35555,52295,74705,103095,322760,233008,288357,349179,410276,469356,522011,566148,596658,610306,611420,597120,565654,521830,471003,415007,356679,300058,247795,200974,161293,128350,102326,83416,70660,63996,62764,66844,76829,92358,112679,133110,145531,134248,93491,42243
0,0,0,0,0,0,0,0,0,0,0,0,0,0,0,0,3,0,1,16,31,50,160,306,574,1025,1875,3414,5702,9297,14841,23500,35108,51449,73789,102250,318849,230896,286122,346573,408382,466871,520312,564470,596239,611176,611541,597961,567427,524649,472855,416926,358891,302598,248757,202879,162508,129471,103045,84026,71137,64236,62883,66887,76916,92194,112979,133057,145630,134379,93847,42448
0,0,0,0,0,0,0,0,0,0,0,0,0,0,0,0,3,0,3,11,31,58,141,312,520,1011,1930,3197,5617,9196,14824,22784,34802,50864,72652,100751,315437,228501,284148,344350,405581,465276,517679,563294,595754,611639,612343,597795,569387,526691,476053,419205,360790,304057,251214,204100,164288,130418,103663,84440,72009,64251,63152,66935,76651,92538,112660,133300,145629,134575,94289,42609
0,0,0,0,0,0,0,0,0,0,0,0,0,0,0,0,2,1,2,13,29,58,126,299,530,1024,1811,3142,5447,9234,14391,22478,34164,50083,71833,99806,311205,226498,282676,341067,403923,462755,515945,562941,594234,611627,612019,599984,570397,529206,478657,420995,363016,306079,253129,205699,165239,131665,104701,85009,72191,64760,63126,67093,76640,92400,112715,133377,145973,134594,94636,42764
0,0,0,0,0,0,0,0,0,0,0,0,0,0,0,0,1,1,3,10,34,50,131,266,531,1000,1773,3069,5335,9116,14162,21990,33552,49560,70793,98219,308352,224930,279801,339490,401595,459770,514699,561152,594389,609843,614388,599110,572445,532525,479975,423543,365384,308014,254705,207638,166228,132371,105906,85705,72398,64707,63477,67148,76815,92541,112717,133294,146096,134703,95028,42930
0,0,0,0,0,0,0,0,0,0,0,0,0,0,0,0,1,1,3,12,22,63,125,266,497,975,1709,2969,5303,8830,13888,21741,33059,48984,69814,97578,304732,222301,278611,336561,399199,458454,511654,559992,592197,610474,616120,599401,575398,532733,482772,425686,368350,309730,256238,209729,167182,133258,107057,86163,72705,65220,63213,67463,76643,92579,112890,133439,145985,135035,95248,43156
0,0,0,0,0,0,0,0,0,0,0,0,0,0,0,1,0,2,5,9,22,51,125,267,464,973,1702,2890,5174,8563,13681,21363,32541,48391,68836,96121,301713,220482,275628,335208,396734,455464,511177,558001,591301,610485,614969,603200,574506,535982,484031,429059,369795,312460,258292,210712,168844,134399,107474,86976,72995,65701,63290,67338,76788,92553,112917,133505,146099,135426,95363,43360
0,0,0,0,0,0,0,0,0,0,0,0,0,0,0,1,1,2,5,7,23,59,109,255,498,896,1668,2815,5063,8413,13602,20864,32168,47530,68124,94844,298443,218552,273263,333744,393567,454034,508932,555469,590788,611360,614789,603796,576967,537225,487677,430281,372612,313575,260883,211863,170222,135683,107948,87910,73249,65645,63626,67361,76779,92734,112717,133587,146250,135883,95567,43480
0,0,0,0,0,0,0,0,0,0,0,0,0,0,0,1,1,2,4,10,27,54,104,247,503,883,1571,2812,4975,8112,13225,20877,31468,47158,67063,93400,295658,216279,271348,330288,392887,451533,507524,553595,589344,610900,615807,605074,578079,539610,488715,433630,374674,315542,262863,213180,172051,136319,108956,88374,73526,65735,64149,67225,77208,92428,112681,133703,146382,136112,95951,43581
0,0,0,0,0,0,0,0,0,0,0,0,0,0,0,1,1,0,4,11,20,49,125,223,468,850,1565,2832,4771,8023,13088,20081,31601,46127,66320,92015,292503,214746,268843,327911,389903,451059,505159,552136,588503,609021,617168,606405,580558,540330,491092,435271,377221,318788,263652,214790,173742,137131,109862,88675,74182,66195,64030,67411,77141,92408,112996,133598,146336,136473,96268,43726
0,0,0,0,0,0,0,0,0,0,0,0,0,0,0,2,0,0,4,12,20,49,104,226,459,836,1549,2683,4693,7829,12949,19974,30570,45722,65470,90776,289067,212803,266992,326446,387315,448404,502588,552157,586689,609461,617061,607210,581852,543193,492513,437759,379270,321350,265157,216304,175171,138068,110710,89105,74914,66496,64061,67609,76937,92512,112964,133572,146663,136690,96589,43829
0,0,0,0,0,0,0,0,0,0,0,0,0,0,1,0,1,0,6,5,20,58,97,214,448,812,1486,2689,4687,7652,12481,19841,30039,44959,64315,90240,286167,210368,264171,324920,384662,445627,502271,549798,586010,609136,617912,608235,582808,544733,494520,440052,381361,323789,267750,217875,176224,139514,110884,90076,75147,66843,64081,67864,76885,92582,112895,133608,146986,136623,97040,43940
0,0,0,0,0,0,0,0,0,0,0,0,0,0,0,1,1,1,2,11,15,60,91,196,440,809,1458,2676,4554,7627,12150,19319,29734,44445,63241,88965,282471,208801,262574,322250,382463,443562,500352,548096,585182,610021,618054,608614,584086,545871,497797,441678,384056,325498,269359,219486,177658,141070,111680,90432,75437,67373,64657,67661,76887,92534,112953,133605,147171,136687,97435,44101
0,0,0,0,0,0,0,0,0,0,0,0,0,0,1,0,0,2,2,9,23,47,88,201,414,764,1519,2556,4486,7511,11861,18951,29181,43662,62555,88425,279543,206223,260477,319817,380772,441419,497295,546529,585230,609117,618394,610308,585041,547834,499587,444476,386109,326782,271751,221807,178829,141520,112662,91306,75934,67513,65022,67819,76482,92664,112856,133808,147248,136973,97715,44288
0,0,0,0,0,0,0,0,0,0,0,0,0,1,0,0,0,0,4,10,13,52,85,223,394,759,1467,2581,4340,7290,11791,18588,28684,42747,62031,86819,276787,204329,258930,317325,377647,438820,495805,546089,584487,608995,617810,610801,586733,549799,501258,446929,388626,329134,273148,223725,179992,142373,113961,91727,76496,67925,65152,67768,76436,92756,112750,133851,147417,137244,98011,44493
0,0,0,0,0,0,0,0,0,0,0,0,1,0,0,0,0,0,3,10,15,45,93,191,391,745,1405,2511,4295,7112,11486,18570,28116,42086,60964,86272,273129,203014,256919,314967,375143,436875,493849,544610,582986,609621,617284,611082,589314,551070,503647,448955,390291,331395,275366,225386,181190,143950,114338,92536,77190,68116,65094,68075,76375,92737,112787,134043,147480,137320,98259,44704
0,0,0,0,0,0,0,0,0,0,0,0,0,1,0,0,0,0,4,7,20,36,93,195,375,749,1348,2425,4208,7035,11398,18148,27694,41235,60190,84765,270500,201459,254112,312842,373352,434350,491998,543265,582603,608858,618121,611196,590438,552977,506319,450717,392792,333140,277689,226578,182658,144852,115683,93201,77309,68496,65203,68142,76699,92332,112920,134247,147315,137687,98599,44833
0,0,0,0,0,0,0,0,0,0,0,0,0,1,0,0,0,0,6,5,17,44,76,181,393,724,1337,2289,4196,6831,11338,17701,27264,40812,59116,84066,267756,198652,252699,309840,372116,431333,491205,541648,580913,608838,617514,612651,591760,555651,507028,453446,394503,335525,279657,228258,183905,146166,116683,93111,78294,68696,65479,68250,76652,92301,112963,134173,147631,137754,98984,44976
0,0,0,0,0,0,0,0,0,0,0,0,0,1,0,0,0,1,3,6,16,42,82,166,374,706,1285,2342,4035,6807,11086,17278,26855,40098,58484,82972,265160,196811,250363,307898,369289,429693,489092,540068,579873,607557,618371,613801,592500,558030,508685,456277,396350,337592,281537,229760,185435,147392,117334,94138,78449,68886,65763,68373,76674,92357,112939,134147,147636,138057,99349,45133
0,0,0,0,0,0,0,0,0,0,0,0,0,1,0,0,0,1,2,5,19,39,88,162,359,679,1247,2362,3860,6720,10823,17151,26317,39464,57984,81601,262060,195769,247760,305300,367124,428253,486915,538857,578626,607100,617271,614962,594933,558832,512033,457632,399164,339212,283153,231713,186715,148497,118398,94669,78876,69122,65882,68421,77017,92404,112883,133963,148057,138117,99556,45278
0,0,0,0,0,0,0,0,0,0,0,0,0,1,0,0,0,2,0,5,16,41,85,165,338,633,1239,2285,3818,6523,10602,16916,25890,38962,57083,80579,259732,193477,245254,302986,365126,426730,485213,536414,577931,606718,618050,615761,595042,560559,514133,459929,401236,341340,285510,233397,188239,149492,118934,95699,79242,69392,65957,68705,77194,92167,112743,134202,148155,138327,99859,45380
0,0,0,0,0,0,0,0,0,0,0,0,0,1,0,0,1,0,2,5,13,43,90,162,328,623,1194,2192,3796,6315,10604,16550,25503,38445,56343,79504,256810,191297,243195,300929,362886,424279,483510,535471,576943,606329,617688,614885,598423,561847,516097,461816,403539,344044,287252,234860,189306,150871,120084,96139,79607,69765,66261,68700,77410,92053,112685,134225,148375,138473,100088,45552
0,0,0,0,0,0,0,0,0,0,0,0,0,0,1,0,1,0,1,9,9,45,82,161,325,602,1155,2121,3707,6288,10321,16288,25032,37900,55692,78477,253581,189339,241846,298656,360009,422006,481793,534180,576208,604755,619165,615970,597493,564346,518669,464340,405235,346411,288965,236349,191185,152077,120770,96727,80171,69943,66385,68791,77379,92472,112609,134056,148572,138694,100302,45742
0,0,0,0,0,0,0,0,0,0,0,0,0,0,0,1,1,0,3,5,11,43,63,154,331,597,1128,2007,3720,6132,10188,16024,24616,37372,54887,77346,250664,187657,240568,295310,358159,420202,479229,532818,575212,605345,617554,617548,598384,566232,520122,466678,407687,348603,291085,238099,192333,153091,121824,97515,80628,69992,66689,68873,77441,92462,112411,134272,148760,138934,100466,45932
0,0,0,0,0,0,0,0,0,0,0,0,0,0,1,0,1,1,0,3,19,32,75,157,297,576,1123,1964,3611,6060,9941,15772,24378,36830,53851,76618,247672,185938,237872,294036,355243,418268,477172,530993,575692,604363,617363,616980,600278,567819,522190,469044,409800,350437,293442,239703,193910,154530,122299,98072,81404,70434,66546,68958,77561,92486,112413,134472,148799,139135,100571,46203
0,0,0,0,0,0,0,0,0,0,0,0,0,0,0,1,1,1,0,3,15,35,81,141,276,573,1076,1948,3452,5954,9874,15514,24024,36364,53028,75780,244364,184728,235031,292834,353066,415062,475559,529647,573636,604334,618767,616991,600398,569470,524818,470832,413183,351625,295851,241776,194722,155565,123395,98710,81684,71017,66840,68881,77761,92176,112468,134492,148772,139578,100894,46340
0,0,0,0,0,0,0,0,0,0,0,0,0,0,0,1,2,0,0,4,14,38,76,151,273,556,1022,1903,3460,5864,9667,15312,23523,35901,52274,74782,241310,182553,234097,289836,351428,413321,473484,527052,572806,604151,618815,616832,603236,569889,526899,473613,414224,354841,296652,244269,195763,156755,124366,99685,82014,71361,67101,69151,77501,91974,112705,134335,149010,139969,101154,46433
0,0,0,0,0,0,0,0,0,0,0,0,0,0,0,0,3,0,1,5,12,40,63,145,274,531,1026,1873,3453,5727,9339,15152,23354,35030,51713,73635,238968,180449,232140,288004,348564,411253,471966,525676,570851,603472,618325,617951,603566,572234,529463,475180,416891,357218,298600,246208,196972,157522,125616,100205,82596,71672,67291,69123,77596,91979,112700,134685,148837,140284,101379,46596
0,0,0,0,0,0,0,0,0,0,0,0,0,0,0,0,3,0,2,4,7,42,67,131,281,507,1049,1805,3293,5696,9178,14929,22647,34889,50873,72879,236203,178854,228928,287379,346423,407876,469728,524847,569900,602033,618784,618643,604456,574469,531299,477186,419241,358777,301036,247683,198669,158640,126663,100821,82913,72433,67137,69166,77567,91914,112757,134855,148759,140549,101703,46835
0,0,0,0,0,0,0,0,0,0,0,0,0,0,0,1,1,1,2,3,6,36,74,117,268,530,1002,1807,3270,5517,9096,14605,22360,34153,50255,71480,233988,177035,227437,284711,344497,405883,467286,522328,569505,600614,619707,620106,605852,575507,532068,479873,421185,361485,302330,249737,200188,159886,127616,101294,83594,72549,67448,69218,77831,91881,112506,135123,148607,140977,101983,46989
0,0,0,0,0,0,0,0,0,0,0,0,0,0,0,0,3,0,3,3,5,33,68,124,275,512,947,1764,3279,5442,8886,14289,22302,33524,49457,70656,231379,175024,226075,282249,342180,403927,464607,521531,566806,600256,619739,621536,607421,576357,534377,481607,423551,363637,304453,251331,201467,161298,128045,102386,84146,72416,68078,69510,77571,91769,112530,134904,149207,141192,102188,47086
0,0,0,0,0,0,0,0,0,0,0,0,0,0,0,1,2,0,1,6,8,23,67,137,252,498,936,1732,3111,5349,8907,13971,21953,33065,48734,69473,229034,173618,223718,280742,338888,402421,462450,519851,566086,599602,618756,622521,607887,578503,535765,484032,426491,365694,306527,252393,203222,162166,128920,103493,84366,73050,68057,69539,77657,91962,112534,134805,149358,141377,102441,47256
0,0,0,0,0,0,0,0,0,0,0,0,0,0,0,0,2,1,1,7,10,32,56,128,264,464,897,1712,3092,5238,8641,13818,21581,32520,48025,68842,226431,171798,222284,277389,338079,399757,460395,517564,564053,600043,619269,622838,609072,579302,537302,487018,428016,368240,308946,253951,204698,163071,129784,104234,85251,72994,68441,69784,77615,91967,112404,134855,149683,141529,102602,47418
0,0,0,0,0,0,0,0,0,0,0,0,0,0,0,2,0,0,2,5,14,25,51,126,257,495,861,1705,2893,5229,8583,13387,21262,32080,47279,67899,223979,170534,219474,276060,335673,397391,459021,515270,562977,598710,619104,623459,610538,580206,539732,488868,431057,369683,311588,254870,206461,164636,130933,104336,85841,73483,68397,69898,77820,91910,112471,135042,149608,141750,102877,47596
0,0,0,0,0,0,0,0,0,0,0,0,0,0,0,1,1,1,2,6,11,18,66,107,250,484,862,1685,2830,5057,8441,13221,20873,31789,46570,66675,221457,168530,218292,273745,334105,394937,456758,513415,561742,597577,619265,624055,610999,582999,541082,490922,432994,372155,313063,256756,208330,165772,131472,105331,86004,74109,68685,70035,77693,91908,112752,134927,149865,141802,103233,47692
0,0,0,0,0,0,0,0,0,0,0,0,0,0,1,0,1,1,2,3,13,27,59,112,224,484,903,1599,2795,4854,8230,13148,20571,31087,45898,66119,218862,166998,216023,271835,331361,393791,454529,511264,559895,597792,618887,624070,612107,584667,542926,492751,435900,373816,314952,258944,209735,167291,132367,105477,87093,74162,68861,70142,77578,92238,112516,135075,150009,142069,103411,47883
0,0,0,0,0,0,0,0,0,0,0,0,0,0,1,0,1,2,2,2,11,26,56,109,228,465,837,1594,2772,4739,8057,12837,20037,30885,45267,65338,215851,165623,214863,269782,328636,391433,453590,508473,559613,595810,618743,623418,614024,586650,545185,494163,437599,377149,316609,260416,211502,168105,133750,106161,87420,74640,69122,70088,77726,92283,112607,135130,150104,142213,103688,47973
0,0,0,0,0,0,0,0,0,0,0,0,0,0,1,0,0,3,2,2,11,29,44,127,214,424,857,1534,2712,4664,7886,12657,19837,30259,44648,64837,213105,163983,213084,266746,326814,389672,450450,508265,556811,596753,618058,624641,613986,588130,547041,496566,439504,378940,319179,262432,212591,169587,134274,107078,87919,75029,69057,70286,77874,92380,112369,135355,150168,142517,103898,48118
0,0,0,0,0,0,0,0,0,0,0,0,0,0,1,0,1,2,3,3,9,28,49,111,236,419,764,1516,2664,4594,7828,12347,19500,29670,44353,63606,211175,162025,210923,265263,324144,387248,448489,506832,556709,594757,617975,624738,615893,588680,549284,498699,441669,381277,320447,264416,214182,170589,135480,107856,88334,75366,69234,70501,77885,92487,112446,135231,150164,142775,104268,48263
0,0,0,0,0,0,0,0,0,0,0,0,0,0,1,0,0,2,2,3,6,29,55,97,232,397,799,1424,2664,4555,7480,12294,19228,29065,43702,62769,208792,160633,208475,263935,321675,384749,447111,505185,555797,592614,617759,626667,616252,589836,550876,500740,444099,383328,322480,266046,215563,171768,136516,108841,88861,75384,69918,70232,78069,92565,112324,135332,150394,142878,104600,48310
0,0,0,0,0,0,0,0,0,0,0,0,0,0,1,0,0,3,0,3,9,21,44,111,225,394,773,1450,2568,4425,7373,12015,18868,28709,43211,61884,206675,158541,207554,260446,320802,381690,445292,504029,553544,592039,618113,626965,616598,590706,552979,503303,445946,385484,324862,267797,216705,173385,137478,109447,89437,75645,70189,70094,78300,92606,112401,135276,150672,143107,104681,48533
0,0,0,0,0,0,0,0,0,0,0,0,0,0,1,0,0,0,4,3,13,12,51,94,210,404,745,1413,2496,4367,7241,11820,18495,28438,42249,61184,204381,157311,204798,259080,318668,379885,442737,502425,552322,591942,616464,627708,616209,593939,554899,504381,448708,387409,326607,269639,218357,174549,138473,110330,89800,76205,70425,70210,78221,92444,112817,135120,150706,143520,104823,48656
0,0,0,0,0,0,0,0,0,0,0,0,0,0,1,0,0,1,0,7,11,22,38,88,226,373,758,1334,2511,4256,7063,11667,18151,28031,41695,60117,202057,155790,202999,257284,316010,378361,440549,500273,551521,590191,617266,627103,617839,595439,556081,506700,450771,389353,328137,271467,220318,175889,139648,111056,90268,76678,70336,70680,78182,92232,112836,135394,150795,143777,104988,48790
0,0,0,0,0,0,0,0,0,0,0,0,0,0,1,0,0,0,2,7,10,22,34,88,231,359,743,1376,2361,4151,7084,11331,17852,27738,40988,59575,199901,154126,200923,254430,314416,376362,439249,497789,549043,590853,616316,627179,620082,595439,558495,509068,451968,391658,330154,274050,221438,177423,140018,112271,90571,76995,70579,70899,78232,92061,112715,135698,151030,143742,105319,48963
0,0,0,0,0,0,0,0,0,0,0,0,0,0,0,1,0,1,1,7,7,23,42,80,212,365,717,1313,2392,4056,7066,11093,17421,27255,40515,59012,197414,152834,199502,252151,311639,375148,436705,495165,549609,588031,616822,626556,621622,596493,559993,511432,454679,393050,332449,275022,224299,178054,141350,112839,91317,77187,70892,70854,78343,92148,112445,136147,150934,143998,105649,49057
0,0,0,0,0,0,0,0,0,0,0,0,0,0,0,1,0,2,1,5,13,17,45,80,191,357,681,1299,2286,4065,6831,10949,17280,26735,39852,58146,195518,151267,196968,250803,308708,373234,435254,493246,546980,587957,615171,629120,621816,598179,561440,513352,456108,395946,334364,276829,225986,179698,141828,113561,91857,77661,71403,70965,78274,91986,112672,135937,151094,144344,105831,49215
0,0,0,0,0,0,0,0,0,0,0,0,0,0,1,0,0,2,2,5,10,15,42,88,174,373,697,1245,2204,3936,6722,10867,16951,26317,39440,57212,193029,149731,195798,248552,307426,369561,433386,492410,544498,587276,615742,628076,622551,600427,562905,515392,458194,397666,336850,278633,227405,180706,143243,114106,92745,77783,71563,71296,78418,91965,112453,136131,151143,144600,106053,49392
0,0,0,0,0,0,0,0,0,0,0,0,0,1,0,0,0,1,2,4,13,18,32,92,175,345,672,1225,2192,3861,6582,10589,16669,25759,38917,56459,190853,148454,193789,246582,304907,367795,430630,491262,542594,586067,614819,630511,622223,601284,564864,517795,459431,400811,338595,281140,228426,182258,144092,114893,93521,78117,71842,71451,78285,92039,112430,136198,151080,145004,106189,49569
0,0,0,0,0,0,0,0,0,0,0,0,0,1,0,0,0,2,1,5,10,17,33,92,169,359,610,1204,2094,3821,6560,10418,16182,25520,38254,55755,188765,146846,192317,244952,302011,365715,429570,487178,542171,585532,615783,627705,624670,602578,566430,519804,461777,402657,340778,282629,229998,183532,145504,115513,94060,78618,71935,71670,78246,92217,112617,135969,151119,145298,106478,49659
0,0,0,0,0,0,0,0,0,0,0,0,0,1,0,0,0,1,1,7,9,15,42,77,179,314,640,1139,2121,3781,6289,10199,16180,24802,37909,55128,186582,145144,190501,242649,300462,363563,425922,487146,541054,584075,614652,628884,623949,606030,567779,519991,465109,403536,343519,284582,231783,184589,146517,116647,94327,79435,71955,71762,78481,92117,112488,136111,151175,145365,106848,49845
0,0,0,0,0,0,0,0,0,0,0,0,0,1,0,0,0,1,2,5,8,18,43,85,169,304,619,1163,2090,3648,6099,10063,15969,24539,37188,54231,184450,143938,188681,240755,299008,360698,424575,484285,539757,583725,613691,628435,624868,607872,569529,521759,466818,406060,345025,286852,233149,186203,147438,117553,94750,79908,72364,71714,78515,92074,112768,136080,151144,145775,106935,50012
0,0,0,0,0,0,0,0,0,0,0,0,0,1,0,0,0,0,2,5,6,17,40,87,162,300,622,1113,2088,3583,5966,9854,15452,24619,36481,53305,182285,142523,187103,238597,297226,358267,422217,482726,538181,582792,613193,628308,626719,607524,572471,524003,468704,408144,346387,288984,234572,187379,148725,118657,94946,80309,72485,71983,78716,92008,112920,135981,151315,146084,107025,50246
0,0,0,0,0,0,0,0,0,0,0,0,0,0,1,0,0,0,2,5,6,20,40,79,164,319,583,1072,2062,3515,5942,9529,15406,24108,35809,52731,179936,141018,185519,237080,294392,357794,418942,481098,536504,581135,613541,628340,628139,608034,574193,526291,470688,409931,348467,290767,235973,188928,149750,119347,95591,80455,72799,72161,78853,92275,112486,136177,151552,146231,107133,50495
0,0,0,0,0,0,0,0,0,0,0,0,0,0,1,0,0,1,1,5,6,15,38,73,159,339,564,1058,1953,3487,5750,9476,15183,23583,35395,52066,177519,140246,183332,235618,292510,354100,418168,479655,534666,579756,612953,629303,627834,608651,575913,529278,472352,411606,351884,291927,237432,189896,151326,119475,96526,80780,73312,72047,79048,92295,112489,136265,151682,146432,107304,50675
0,0,0,0,0,0,0,0,0,0,0,0,0,0,1,0,0,0,2,5,5,16,38,67,138,339,554,1063,1889,3427,5617,9392,14942,23145,35109,51263,175429,138391,182563,233161,290832,351833,415566,477370,533475,579337,612177,629030,628513,609899,577297,531531,474228,414092,353880,293766,239350,191172,152428,120205,97035,81127,73531,72084,79148,92352,112490,136246,151765,146600,107605,50888
0,0,0,0,0,0,0,0,0,0,0,0,0,0,1,0,0,0,1,5,8,21,27,74,171,285,569,993,1848,3350,5616,9165,14615,22860,34528,50269,173906,136945,180754,231754,287793,350163,413693,475122,531714,578843,612165,627229,629970,611476,579029,532717,476672,416869,355797,294731,241123,193545,153107,120906,97424,81548,73643,72489,79068,92395,112628,136072,152124,146657,108010,50921
0,0,0,0,0,0,0,0,0,0,0,0,0,0,1,0,0,0,2,4,7,16,38,69,165,289,519,986,1817,3271,5521,9102,14470,22357,33997,49490,171891,135464,179036,228965,287301,347556,411645,472660,531314,578200,610183,628550,629304,612542,580500,535044,479415,419074,357385,296321,243294,194638,153968,121946,98186,81623,73996,72565,79033,92521,112709,135985,152145,146945,108328,51055
0,0,0,0,0,0,0,0,0,0,0,0,0,0,1,0,0,0,1,2,10,16,35,76,146,282,507,976,1764,3148,5516,8797,14396,22080,33595,48741,169705,134501,176738,227681,284822,346902,407644,471447,529673,576868,610175,628058,629613,614486,581796,536364,481395,421836,359157,298752,244315,196062,155193,122737,98761,82080,74133,72733,79328,92566,112609,135961,152081,147200,108730,51217
0,0,0,0,0,0,0,0,0,0,0,0,0,0,1,0,0,0,0,5,7,20,23,82,156,271,474,1026,1699,3073,5382,8749,14021,21763,32884,48477,167696,132735,175097,225564,282943,343970,406956,470105,527916,574519,610157,627552,631193,615765,582695,538516,483484,424020,360882,301010,246036,196773,156225,123531,99718,82464,74418,72868,79302,92678,112476,135913,152093,147629,109004,51392
0,0,0,0,0,0,0,0,0,0,0,0,0,0,1,0,0,0,0,5,8,20,24,73,160,257,461,997,1708,2969,5263,8593,13818,21400,32378,47841,165822,131607,173255,224136,280065,342016,405054,468842,525355,574069,608967,627515,631331,616845,584876,540154,486308,425406,363198,303703,246782,198543,157003,124231,100238,83210,74460,73217,79270,92829,112456,135757,152180,147883,109358,51491
0,0,0,0,0,0,0,0,0,0,0,0,0,0,1,0,0,0,0,4,9,14,31,79,134,254,492,936,1707,2908,5117,8432,13525,21089,32110,47368,163865,130033,172074,221146,279088,339129,403875,466198,524027,573168,608109,627766,631230,617650,586714,542106,488505,427358,365414,305416,248229,200137,158464,125030,100697,83526,74920,73117,79482,92693,112507,135933,152278,147933,109798,51583
0,0,0,0,0,0,0,0,0,0,0,0,0,0,1,0,0,0,0,3,9,18,33,65,126,256,474,946,1646,2883,4973,8326,13304,20790,31693,46877,161744,128322,170223,220004,277065,336626,401606,464658,522620,571571,607394,628101,632015,617837,588380,544320,490318,430068,367116,307417,249912,201327,159587,126337,100782,84291,75178,73267,79371,92613,112745,135674,152701,147988,110113,51694
0,0,0,0,0,0,0,0,0,0,0,0,0,0,1,0,0,0,1,1,11,17,36,58,130,235,495,863,1630,2884,4842,8134,13150,20564,31193,45928,160009,127093,168486,218414,274751,335311,399670,462084,520867,569655,608284,627733,632522,617651,590415,546109,493062,432181,368899,309043,251223,203027,160782,127371,101519,84435,75365,73647,79021,93023,112568,135682,152976,148167,110318,51872
0,0,0,0,0,0,0,0,0,0,0,0,0,0,0,1,0,0,1,6,5,16,33,64,99,260,503,897,1522,2731,4803,8021,12827,20437,30658,45449,158220,125508,166745,216394,272765,333911,397103,460574,519188,568354,606770,628094,633526,618786,591522,547910,494374,435020,371795,310649,253085,203871,161773,128009,102459,84716,75701,73800,79129,93005,112624,135522,153189,148437,110535,52012
0,0,0,0,0,0,0,0,0,0,0,0,0,0,0,1,0,0,1,5,5,8,40,53,125,227,496,846,1555,2712,4714,7823,12748,19939,30480,44599,156173,124317,165149,214441,270622,332859,395277,457765,517356,567782,605579,628518,633215,620884,592190,550426,495952,437031,374670,311319,255286,205188,163299,128285,103131,85243,75984,73623,79380,92990,112708,135253,153390,148780,110757,52209
0,0,0,0,0,0,0,0,0,0,0,0,0,0,0,1,0,0,1,3,6,8,33,57,112,236,438,908,1513,2660,4606,7748,12487,19509,30053,44455,154025,122791,164088,212877,268079,330818,393406,455939,515371,567263,605225,626673,634578,621619,593694,552515,498245,438876,375656,314402,256386,206902,163979,129738,103290,85908,76195,73673,79541,92887,112885,135392,153231,149051,111017,52359
0,0,0,0,0,0,0,0,0,0,0,0,0,0,0,1,0,0,1,2,6,12,24,63,101,243,429,856,1496,2677,4537,7453,12176,19298,29652,44109,151775,122088,162091,210953,267051,327596,391610,454055,513869,565471,604517,627074,635357,621239,596539,553667,501446,439792,378185,316084,257859,208263,165117,130755,104125,85971,76468,74042,79528,93164,112601,135381,153373,149448,111169,52549
0,0,0,0,0,0,0,0,0,0,0,0,0,0,0,0,1,0,1,2,6,9,30,66,95,228,432,803,1525,2580,4446,7267,11890,19036,29262,43423,150232,120820,160937,208996,265181,325367,389897,451840,511278,564941,603604,626913,635708,623218,597029,555055,503858,442207,380481,318127,259188,209462,165989,131425,105229,86366,76668,74235,79357,93366,112403,135612,153450,149725,111457,52685
0,0,0,0,0,0,0,0,0,0,0,0,0,0,0,0,1,0,0,3,7,11,23,59,93,214,411,829,1458,2554,4327,7233,11762,18725,28791,42487,148497,119569,159979,206760,263492,323275,387641,449186,510435,562600,603610,627009,635754,624692,598140,556903,505355,444635,382294,320093,261605,210226,167436,132513,105610,86989,76852,74322,79551,93303,112338,135879,153516,149800,111822,52739
0,0,0,0,0,0,0,0,0,0,0,0,0,0,0,1,0,0,0,2,6,13,24,42,110,190,396,818,1464,2497,4284,7114,11503,18359,28274,42020,146569,118368,158622,205319,260583,321224,385951,447411,509113,560515,602606,627885,635971,625449,598840,559690,506227,447463,384651,321774,263468,211794,168032,133689,106042,87478,77215,74669,79319,93628,112303,135741,153683,149992,112051,52956
0,0,0,0,0,0,0,0,0,0,0,0,0,0,0,0,1,0,0,3,5,15,19,47,98,192,408,756,1443,2461,4185,6985,11284,18197,27746,41215,145295,117208,156305,204120,259228,318813,382996,447785,505904,559262,601691,627111,636255,626579,600856,560873,509283,448627,385971,324954,264728,213123,169655,133952,107060,87921,77309,74816,79733,93239,112660,135595,153639,150435,112283,53084
0,0,0,0,0,0,0,0,0,0,0,0,0,0,0,0,1,0,0,2,5,12,21,41,96,188,393,769,1393,2459,4030,6783,11402,17689,27281,40945,143705,115286,155250,202286,256963,317371,381436,444284,505637,557543,600608,626402,636032,628292,602189,563216,510729,451536,387753,326465,266532,214588,170856,134899,107097,88669,77555,74964,80048,93073,112823,135621,153757,150656,112463,53314
0,0,0,0,0,0,0,0,0,0,0,0,0,0,0,0,1,0,0,2,4,12,21,46,82,204,393,711,1386,2411,3933,6667,11128,17434,27047,40479,141952,113911,153327,201273,254313,316176,378617,443526,502687,556632,600130,625760,637059,627877,603600,565978,512250,453998,389848,327710,268523,216248,172023,135772,107458,89154,77970,75033,80258,92987,112877,135280,154335,150613,112903,53389
0,0,0,0,0,0,0,0,0,0,0,0,0,0,0,0,1,0,0,2,4,6,31,48,88,175,392,705,1323,2306,4012,6550,10803,17203,26889,39788,139734,113442,151539,199118,253942,312801,376745,441379,501463,555549,598014,626450,636967,629263,604723,567409,514224,456406,392445,329244,270490,217401,172745,136694,108599,89249,78244,75332,80407,92951,112636,135334,154791,150639,113137,53576
0,0,0,0,0,0,0,0,0,0,0,0,0,0,0,0,1,0,0,0,5,8,20,57,83,189,358,718,1234,2327,3818,6474,10670,17024,26365,39261,138349,112024,150297,197258,251442,311359,374308,439332,500878,553963,597068,626236,636690,630694,605992,568607,517273,457281,395198,331207,271825,218902,173885,137103,109578,89820,78431,75605,80256,93135,112707,135345,154945,150879,113270,53654
0,0,0,0,0,0,0,0,0,0,0,0,0,0,0,0,0,1,0,1,6,6,12,54,77,191,352,704,1227,2181,3866,6337,10399,16914,25709,38940,136874,111040,149022,194718,249051,310242,373075,437153,498305,552273,595813,626309,638251,631223,607737,568818,519404,459869,397244,332578,273826,220357,175426,137891,109851,90380,78703,76072,80077,93345,112408,135595,154992,151088,113621,53800
0,0,0,0,0,0,0,0,0,0,0,0,0,0,0,0,0,0,1,3,2,6,22,36,85,183,360,667,1163,2166,3758,6264,10315,16572,25372,38466,135309,109911,147581,192817,247060,307887,372081,434114,496258,552170,594350,625694,638818,632163,607976,571791,520843,461946,399247,334797,275267,222206,175980,139146,110754,90624,79173,76249,80230,93341,112427,135462,155237,151393,113697,53968
0,0,0,0,0,0,0,0,0,0,0,0,0,0,0,0,0,0,1,2,4,7,20,38,75,190,377,601,1159,2110,3759,6066,10320,16176,24959,37632,133765,109172,145984,191308,244869,305772,369691,432994,494322,550928,594643,624597,637594,633357,610756,572798,522785,463738,400754,337294,276770,223335,177605,140023,111559,91244,79251,76094,80801,93075,112469,135712,155247,151543,114030,54033
0,0,0,0,0,0,0,0,0,0,0,0,0,0,0,0,0,0,0,3,4,6,15,38,81,194,327,608,1132,2107,3611,6134,10030,15981,24517,37179,131762,107899,145256,190164,243202,302782,367482,431748,492369,549207,594239,622836,638410,634687,611165,575026,524788,466037,403047,338539,279239,224437,178553,141264,111882,91763,79817,76115,80689,93298,112351,135825,155404,151770,114241,54148
0,0,0,0,0,0,0,0,0,0,0,0,0,0,0,0,0,0,2,1,4,3,21,40,89,167,342,572,1137,2060,3537,6033,9897,15675,24089,36529,130458,106428,143981,188341,241451,301294,365395,428407,491801,548099,591972,623796,638224,635191,613331,575931,527072,467855,404822,341036,280725,226085,179834,141820,112523,92327,80136,76272,80918,92954,112512,135753,155718,151921,114590,54237
0,0,0,0,0,0,0,0,0,0,0,0,0,0,0,0,0,0,1,3,3,3,17,49,75,161,326,615,1091,1988,3489,5878,9788,15300,23897,36123,128813,105261,142619,186643,239559,299842,362450,427492,489433,546349,591469,623805,637431,635668,615429,578161,528179,469633,407493,342711,282464,227638,181099,142695,113159,92599,80372,76890,80626,93049,112545,135900,155934,151996,114781,54414
0,0,0,0,0,0,0,0,0,0,0,0,0,0,0,0,0,0,0,4,3,5,20,38,83,142,313,580,1122,1939,3464,5783,9525,15260,23566,35469,127543,103837,141090,185587,237519,298045,359692,425275,488375,544350,591068,622936,638767,635001,616729,580221,530315,471910,409229,344642,283615,229551,182381,143725,113726,93310,80510,76863,80987,93116,112223,136208,155789,152325,115111,54521
0,0,0,0,0,0,0,0,0,0,0,0,0,0,0,0,0,0,1,3,2,5,21,35,79,142,292,597,1071,1930,3375,5652,9437,14852,23328,35073,125924,102784,140009,183709,236217,294788,358538,423269,485854,543750,590206,622238,638526,636037,617918,581474,531921,475115,410488,347348,285157,230678,183296,145125,114449,93611,81029,76924,80741,93491,112001,136590,155665,152550,115370,54723
0,0,0,0,0,0,0,0,0,0,0,0,0,0,0,0,0,0,1,2,5,9,12,31,75,139,283,570,1093,1891,3327,5660,9046,14788,22863,34718,124147,101902,138299,182169,235478,292715,356024,421133,484523,542120,589521,621062,638618,637334,617436,584649,533594,477004,412523,349434,286986,231913,184853,145733,115298,94069,81303,76946,80866,93559,112079,136647,155603,152983,115479,54893
0,0,0,0,0,0,0,0,0,0,0,0,0,0,0,0,0,0,1,3,0,10,16,32,66,153,282,521,1056,1822,3332,5457,9085,14514,22579,34085,122886,100676,136938,180987,233271,290454,354562,418569,482811,541409,588123,620943,638335,637858,619719,585056,536361,478067,414657,351346,289253,233060,186297,146360,115950,94627,81669,77153,81133,93284,112247,136782,155675,153108,115679,55089
0,0,0,0,0,0,0,0,0,0,0,0,0,0,0,0,0,0,2,1,2,7,15,33,66,138,296,502,1003,1889,3177,5544,8775,14219,22275,33706,121295,99774,135440,179341,231787,289032,351052,417221,481944,539329,586629,620942,638476,638435,620236,586882,539360,478761,417031,353509,290799,235214,187262,147032,116807,94732,82493,77311,80902,93262,112270,136734,156082,153234,115985,55163
0,0,0,0,0,0,0,0,0,0,0,0,0,0,0,0,0,0,1,2,1,7,15,31,62,144,273,509,958,1844,3199,5270,8740,13899,21872,33520,119795,98744,134197,177598,229352,287553,349528,415400,479391,537612,586041,620653,638383,639569,621205,588145,540389,482468,418338,355269,292996,236552,188155,148120,117581,95266,82850,77609,80914,93255,112337,136654,156269,153344,116211,55318
0,0,0,0,0,0,0,0,0,0,0,0,0,0,0,0,0,0,0,2,3,5,15,31,57,149,277,508,978,1774,3119,5220,8612,13816,21468,32840,118438,97553,132585,176701,226988,285806,347994,412747,478278,535763,584784,620838,637844,640202,622176,590201,541638,485306,420568,356786,294384,238842,188652,149132,118238,95970,83259,77909,80676,93547,112076,136913,156081,153754,116457,55448
0,0,0,0,0,0,0,0,0,0,0,0,0,0,0,0,0,0,0,3,5,3,11,30,61,139,276,495,949,1780,3044,5121,8346,13589,21317,32215,117135,96405,131549,174727,226240,282600,346041,411689,474990,535041,584198,620282,637743,640123,625502,589755,544184,486589,423243,358601,296314,240171,190223,149756,119102,96222,83657,78194,80655,93407,112234,137042,156041,154149,116674,55546
0,0,0,0,0,0,0,0,0,0,0,0,0,0,0,0,0,0,1,3,1,9,9,21,71,130,270,492,945,1666,3065,4956,8321,13364,20791,32139,115093,96142,130426,173178,223598,281151,344157,408806,473191,534188,583092,619310,638886,640626,625729,592262,544696,489258,424980,361008,298278,241257,191463,150808,119711,97137,83770,78165,81170,93091,112329,136976,156324,154371,116779,55748
0,0,0,0,0,0,0,0,0,0,0,0,0,0,0,0,0,0,1,2,2,6,10,26,65,141,247,501,890,1633,2974,4882,8232,13288,20460,31517,113919,94588,129696,171324,222245,278973,341816,407362,471663,532361,581577,618924,639211,640367,627101,593572,547077,491832,426815,362275,300656,242418,192999,151404,120599,97782,83868,78449,81379,93125,112150,137226,156427,154353,117089,55909
0,0,0,0,0,0,0,0,0,0,0,0,0,0,0,0,0,0,0,2,3,3,8,39,54,137,252,464,911,1661,2810,4885,8068,13048,20080,31122,112412,93719,128177,170799,219432,277384,340445,405516,469574,529403,580866,619002,638985,641241,627787,594924,549267,493337,429050,364891,301632,243941,194588,152597,121219,98350,84143,78550,81476,93083,112607,137032,156410,154527,117399,56096
0,0,0,0,0,0,0,0,0,0,0,0,0,0,0,0,0,0,0,2,3,2,11,38,54,122,249,434,913,1606,2751,4815,8020,12863,19998,30369,111531,92583,126456,169078,218138,274893,338726,402969,468171,528009,580049,617761,639714,642065,628523,596624,551256,494696,431106,366834,303601,245451,195927,153592,121764,98893,84670,78591,81556,93171,112474,137040,156713,154639,117534,56360
0,0,0,0,0,0,0,0,0,0,0,0,0,0,0,0,0,0,0,2,3,4,11,36,49,132,216,438,891,1538,2748,4738,7776,12617,19814,29952,110143,91513,125347,167203,216990,272675,337228,401379,465002,526555,578838,617121,639521,643980,629354,597929,553206,496729,431973,369970,304623,247293,197085,154849,122303,99391,84958,79012,81543,93173,112650,136978,156931,154756,117608,56634
0,0,0,0,0,0,0,0,0,0,0,0,0,0,0,0,0,0,0,2,2,5,9,27,61,118,224,448,839,1539,2730,4671,7641,12436,19356,29639,108730,90677,123941,165764,215142,271808,334080,399459,463773,524717,577512,616481,639933,643564,630299,600212,554986,498552,434450,371248,307006,248570,198329,156205,122340,100239,85298,79084,81755,93031,112867,136942,156963,154940,117916,56848
0,0,0,0,0,0,0,0,0,0,0,0,0,0,0,0,0,0,0,2,3,5,9,25,59,117,213,447,840,1443,2650,4637,7491,12209,19108,29328,107362,89804,122473,164448,212887,270683,331234,397628,463780,522199,575531,617174,639212,643680,631117,602037,557061,500123,437372,372620,308857,249710,199794,157040,123376,100638,85651,79377,81640,93135,112812,136917,157045,155181,118265,56959
0,0,0,0,0,0,0,0,0,0,0,0,0,0,0,0,0,0,0,1,6,4,9,20,70,108,205,448,796,1450,2643,4496,7363,12036,18947,28794,106103,88659,121846,162537,211895,267264,330466,395393,461754,521995,572579,616606,639212,644719,632340,602326,558652,502836,440030,373464,310792,251954,200449,158446,124370,100768,86071,79750,81545,93326,112945,136849,156959,155540,118567,57005
0,0,0,0,0,0,0,0,0,0,0,0,0,0,0,0,0,0,0,0,5,6,9,18,49,129,205,446,760,1384,2631,4398,7334,11910,18427,28599,104677,87570,120642,161075,210026,265860,328350,394459,458547,520108,572436,614886,640094,644717,633486,603549,561021,504319,442698,375089,312396,253309,201787,159431,125432,101098,86336,80128,81721,93294,113076,136879,156864,155810,118785,57143
0,0,0,0,0,0,0,0,0,0,0,0,0,0,0,0,0,0,0,1,2,6,11,24,51,98,237,412,717,1412,2475,4488,7290,11505,18343,28152,103335,86460,119345,159742,208477,263952,326689,392135,456884,518399,572431,613091,639149,646163,634499,605063,562620,505963,444517,377637,314064,254833,203396,159977,126337,101663,86473,80348,82092,93331,113070,136705,157161,155928,119011,57244
0,0,0,0,0,0,0,0,0,0,0,0,0,0,0,0,0,0,1,0,2,5,9,28,48,107,200,409,728,1341,2537,4260,7118,11451,18027,27726,101980,85659,118294,158501,206375,262724,324615,389225,455802,516160,570852,613345,638370,646918,635816,607437,562813,508939,445051,381231,315356,256067,204397,161205,127229,102186,86817,80669,82178,93376,113094,136982,156863,156308,119105,57472
0,0,0,0,0,0,0,0,0,0,0,0,0,0,0,0,0,0,1,0,2,9,7,24,58,91,203,400,743,1329,2385,4306,6970,11266,17764,27168,100668,85219,117102,156559,205192,260630,322076,387740,453105,516707,568519,612732,638679,647020,636433,609525,564073,510324,447877,382476,318105,257116,205656,162070,127809,103062,87368,80407,82353,93622,112930,137032,156974,156550,119348,57624
0,0,0,0,0,0,0,0,0,0,0,0,0,0,0,0,0,0,0,1,1,7,12,17,50,104,205,387,748,1331,2300,4154,6839,11312,17314,26755,99537,83863,115975,155643,202711,258408,321189,385911,451650,514615,567492,611529,638981,647231,637955,609185,566501,512859,449821,384481,319991,258646,207189,162699,128382,104001,87504,80909,82098,93516,113101,136962,157177,156884,119559,57716
0,0,0,0,0,0,0,0,0,0,0,0,0,0,0,0,0,0,0,0,2,5,13,17,38,116,198,398,713,1312,2281,4034,6794,11021,17251,26318,98121,83284,114090,154941,200990,257054,319014,384030,449429,511991,567942,610353,638643,647391,638313,611708,567376,514870,452297,385399,322261,261119,207873,163688,129351,104349,88157,80714,82428,93612,112953,137089,157136,157297,119759,57875
0,0,0,0,0,0,0,0,0,0,0,0,0,0,0,0,0,0,0,0,2,5,8,22,40,90,237,390,657,1271,2294,3945,6731,10870,16821,26030,97124,81650,113488,153305,199935,255142,316310,382803,447396,510742,565848,609419,638477,647731,639476,612724,570989,516028,453329,388491,323065,263246,209032,164632,130365,104794,88422,81117,82291,93898,112751,136742,157674,157805,119750,58004
0,0,0,0,0,0,0,0,0,0,0,0,0,0,0,0,0,0,0,1,1,5,7,21,36,96,205,399,633,1301,2190,3856,6533,10740,16594,25735,96091,80746,112242,151517,198015,253842,314878,379987,446202,508541,565687,607660,638588,648490,639817,614505,572566,517908,455076,390230,325819,264261,210378,165866,131119,105017,88737,81407,82467,93899,112723,136992,157572,157930,120114,58166
0,0,0,0,0,0,0,0,0,0,0,0,0,0,0,0,0,0,0,1,1,3,8,14,51,83,196,397,631,1281,2206,3734,6430,10381,16671,25335,94864,80002,110868,150137,197084,251671,312613,377219,444036,508234,564561,606817,637122,649180,641044,615371,575408,519972,456858,391840,327457,265658,212213,166881,132175,105347,89004,81755,82599,93914,112478,136780,158049,157905,120526,58343
0,0,0,0,0,0,0,0,0,0,0,0,0,0,0,0,0,0,0,1,1,2,9,16,53,92,176,372,657,1241,2117,3725,6317,10377,16142,25170,93684,78776,110202,148759,195215,249742,310435,376014,441937,506395,564059,605532,636953,648845,642361,617128,576963,521819,458504,394471,328536,267674,213182,167922,132886,106196,89285,81774,83095,93702,112483,136870,157927,158370,120847,58397
0,0,0,0,0,0,0,0,0,0,0,0,0,0,0,0,0,0,1,1,0,3,7,22,37,99,174,358,662,1193,2130,3658,6124,10175,16125,24790,92327,78232,108779,147853,193221,247997,308435,373960,439788,505487,562224,605422,636254,649396,643802,617596,578835,523217,462037,395034,330720,268807,214782,169049,133612,106831,89586,81930,83130,94121,112279,136744,158102,158611,121094,58555
0,0,0,0,0,0,0,0,0,0,0,0,0,0,0,0,0,0,0,2,0,4,8,14,43,85,196,329,634,1173,2107,3552,6081,9961,15792,24569,91198,77043,107722,146344,192075,246124,306363,371458,439435,502673,560929,605674,635112,650774,643571,620125,579074,526224,463265,397246,332057,270429,215951,170486,134461,107565,89747,82048,83353,94195,112664,136245,158619,158539,121295,58775
0,0,0,0,0,0,0,0,0,0,0,0,0,0,0,0,0,0,0,2,2,1,5,23,32,87,194,304,643,1133,2030,3490,6074,9707,15673,24130,89913,76621,106552,145170,190566,244137,304798,369055,437732,501223,559135,605195,635608,649690,644570,620795,581082,528475,466105,398131,334223,272845,216501,171258,135377,107886,90256,82269,83582,94207,112607,136681,158443,158557,121706,58927
0,0,0,0,0,0,0,0,0,0,0,0,0,0,0,0,0,0,0,3,1,2,10,11,30,87,197,300,609,1121,2019,3427,5976,9639,15343,23920,88858,75440,105851,143434,189528,241891,302784,367694,435331,500000,557566,603612,635478,650930,645276,622376,581422,530756,467601,401128,335917,273767,218276,172463,136061,108540,90861,82304,83795,93965,112744,136702,158627,158713,122064,58958
0,0,0,0,0,0,0,0,0,0,0,0,0,0,0,0,0,0,0,1,2,3,6,19,41,71,183,306,615,1084,1931,3425,5797,9503,15241,23333,87986,74785,104638,142046,187058,240979,301107,365251,434019,497663,556438,602517,635539,650471,647685,621964,584570,531285,470090,402505,338320,275513,219638,173841,136761,108986,90941,82982,83619,94073,112701,136912,158581,158978,122251,59154
0,0,0,0,0,0,0,0,0,0,0,0,0,0,0,0,0,0,0,1,1,3,9,22,31,68,170,295,592,1070,1871,3438,5543,9376,15078,23082,86490,74208,103634,140883,185875,238352,298786,364650,430983,496868,554736,602190,635563,649950,648011,624310,585861,533193,471814,404587,340151,276817,221241,174695,137574,109473,91713,83062,83855,93763,112793,136999,158897,158931,122542,59308
0,0,0,0,0,0,0,0,0,0,0,0,0,0,0,0,0,0,0,0,2,2,10,17,38,65,163,301,539,1080,1931,3236,5489,9120,14801,22947,85726,73331,102339,139347,184465,236915,297275,362139,429348,494805,553620,601219,634128,651591,649750,624808,586553,535563,473882,406706,341233,278556,222660,175926,138177,110355,91820,83499,83582,94151,112939,136880,159027,159091,122809,59452
0,0,0,0,0,0,0,0,0,0,0,0,0,0,0,0,0,0,0,0,2,2,12,16,31,65,141,302,579,1040,1906,3136,5464,9180,14268,22819,84770,72439,101448,138065,182348,235878,294851,360153,427191,493609,552284,599508,634916,652175,648935,627586,587766,537281,475645,408883,342509,280613,224160,176839,138987,110718,92477,83502,83599,94280,112973,137401,158427,159607,123075,59547
0,0,0,0,0,0,0,0,0,0,0,0,0,0,0,0,0,0,0,0,2,3,10,20,27,74,134,293,576,994,1793,3195,5457,8854,14197,22316,83616,71559,100826,136459,181189,234203,292815,358429,425310,491519,550859,598903,634447,651408,649879,629063,590333,538954,477113,411171,344729,281366,225538,178288,139898,111259,92943,83593,83785,94248,112967,137529,158435,159794,123337,59699
0,0,0,0,0,0,0,0,0,0,0,0,0,0,0,0,0,0,0,1,1,4,9,16,36,65,134,262,575,973,1780,3131,5372,8700,14154,21988,82289,71294,99304,134688,180273,232150,291927,356213,423543,489581,548447,598434,633760,651964,650646,630293,592497,540291,478664,413656,346396,283414,226960,178805,141209,111970,93119,83619,84234,94047,113185,137418,158573,159830,123575,59939
0,0,0,0,0,0,0,0,0,0,0,0,0,0,0,0,0,0,1,0,2,3,10,15,34,63,133,267,512,990,1736,3077,5222,8674,14043,21630,81274,70323,98720,134156,177826,231008,288730,355587,421588,488170,546928,596797,633181,652148,651671,630709,594759,541989,480587,415942,348301,284573,227807,180502,142100,112497,93385,83847,84627,93960,112982,137671,158766,160003,123857,60025
0,0,0,0,0,0,0,0,0,0,0,0,0,0,0,0,0,0,1,1,1,2,9,20,35,61,143,254,488,986,1730,2959,5213,8457,13877,21273,80576,68773,98020,133172,176574,228895,287699,352734,420003,486043,545585,596391,632481,651849,652336,632640,596295,543264,483310,417075,350786,286089,229145,181506,142873,113090,94186,83716,84887,93795,112976,138010,158673,160172,124135,60144
0,0,0,0,0,0,0,0,0,0,0,0,0,0,0,0,0,0,1,1,1,4,6,20,34,62,137,254,474,932,1712,2934,5137,8360,13543,20952,79592,68526,96477,132325,175271,226840,286107,350839,418069,484862,543901,595731,631538,651968,652273,634571,597129,545717,484612,419466,352501,287896,230750,181853,143955,113752,94796,83789,85116,93846,112800,138070,158955,160257,124359,60335
0,0,0,0,0,0,0,0,0,0,0,0,0,0,0,0,0,0,0,1,1,6,7,18,35,64,112,270,473,870,1678,2891,5045,8204,13404,20669,78349,68101,95922,130453,174399,224818,283607,349331,415940,482793,543680,593014,632155,651822,653719,635123,598957,546940,487203,422403,353125,289525,231812,183599,144604,114524,94803,84346,85186,93925,112720,138015,159246,160408,124617,60476
0,0,0,0,0,0,0,0,0,0,0,0,0,0,0,0,0,0,0,1,3,2,9,14,36,70,128,230,485,865,1639,2863,4861,8220,12980,20545,77423,67366,94719,129326,172976,222952,282358,346687,414082,480898,542292,593287,630948,652579,653213,636755,600433,549094,488587,424255,355229,291075,233387,184668,145180,115369,94984,84798,85444,93875,112585,138123,159540,160635,124753,60582
0,0,0,0,0,0,0,0,0,0,0,0,0,0,0,0,0,0,0,0,3,2,9,13,35,68,113,264,433,872,1575,2832,4792,7994,12998,20027,76679,66414,93741,128080,171350,222021,280393,344589,411978,479602,540412,592879,630293,652709,653616,637858,601421,551289,490982,425083,357623,293104,234615,185381,146173,116138,95486,85305,85152,94255,112602,137940,159659,160889,124912,60755
0,0,0,0,0,0,0,0,0,0,0,0,0,0,0,0,0,0,0,2,1,5,7,15,30,59,129,231,456,808,1536,2741,4714,7965,12764,19927,75398,66025,92599,127203,169031,221218,278167,343124,410176,477207,539234,591266,630821,652347,654393,638867,603644,552414,492431,427745,359474,294282,235976,186735,147042,116560,96081,85690,85178,94334,112434,138110,159935,160732,125200,60945
0,0,0,0,0,0,0,0,0,0,0,0,0,0,0,0,0,0,0,1,1,8,6,10,30,45,134,227,447,821,1487,2599,4666,7863,12570,19663,74677,64933,91943,125263,168364,218851,276513,341572,408750,474842,538129,590281,630102,652593,656100,639439,604379,554457,494625,428762,361854,295748,237390,187708,148408,117155,96199,85884,85430,94507,112293,138131,159905,161105,125481,61057
0,0,0,0,0,0,0,0,0,0,0,0,0,0,0,0,0,0,0,0,2,7,5,16,25,53,116,230,444,789,1437,2567,4603,7850,12278,19194,73927,64184,90772,123916,167334,217224,275168,339819,406307,473077,536196,590520,628415,652939,656480,640528,606286,556523,496060,430966,363442,297125,239447,188734,149011,117546,96884,86128,85657,94427,112174,138278,160233,161235,125597,61233
0,0,0,0,0,0,0,0,0,0,0,0,0,0,0,0,0,0,0,1,1,5,9,9,29,46,114,227,414,785,1402,2548,4557,7648,12128,19004,72927,63242,89753,123439,165123,216147,273321,337357,404545,471879,534776,588574,628225,652713,657426,641563,608487,557919,498214,432751,365234,298997,240486,190384,149389,118179,97089,86758,85541,94509,112276,138423,160070,161701,125608,61456
0,0,0,0,0,0,0,0,0,0,0,0,0,0,0,0,0,0,0,0,1,3,12,9,28,55,106,221,402,761,1431,2506,4494,7536,11936,18774,72164,62220,88741,122612,164259,213769,272229,334250,403747,470236,533277,587043,627546,652873,657348,642537,610094,559261,500940,434548,366893,300830,242288,191225,150551,118506,97631,86855,85756,94637,112493,138286,160031,162016,125833,61608
0,0,0,0,0,0,0,0,0,0,0,0,0,0,0,0,0,0,0,0,1,4,10,10,36,39,110,221,387,739,1405,2490,4383,7402,11926,18464,70975,62026,87389,121469,162742,212776,269247,334308,400843,469246,531028,586096,626990,652607,657267,643585,611566,562016,502529,436536,368587,302699,243807,192462,151002,119600,97629,87166,85743,94845,112456,138350,160128,162274,126104,61688
0,0,0,0,0,0,0,0,0,0,0,0,0,0,0,0,0,0,0,0,2,4,9,12,22,43,109,212,376,756,1353,2433,4350,7237,11809,18334,69932,61231,86789,120079,161550,211080,267960,331379,399737,467050,529179,585341,626609,652244,658247,644847,612675,563910,504282,438741,370308,304689,244687,193500,152227,120110,98131,87203,86225,94733,112671,138064,160358,162355,126342,61882
0,0,0,0,0,0,0,0,0,0,0,0,0,0,0,0,0,0,0,1,0,6,5,15,24,40,102,211,371,719,1369,2358,4300,7098,11623,18090,69125,60630,85990,118666,160209,209709,265992,329358,397544,465593,528083,583632,626456,651468,659804,645454,614340,565409,506331,440667,372645,306070,245793,194590,153441,120541,98434,87562,86377,95007,112621,138062,160298,162547,126664,61964
0,0,0,0,0,0,0,0,0,0,0,0,0,0,0,0,0,0,0,0,2,6,4,13,21,43,104,202,362,696,1365,2308,4158,7112,11354,17844,68601,59510,85330,117809,158442,207900,264695,328181,394740,463702,527062,582105,624991,652996,659779,647088,614045,567745,509235,442336,374242,308126,246703,195940,153870,121356,99094,87746,86519,95148,112702,137947,160290,162801,126906,62132
0,0,0,0,0,0,0,0,0,0,0,0,0,0,0,0,0,0,0,0,2,3,11,8,27,41,96,182,360,694,1331,2270,4121,6899,11095,17723,67521,59589,83807,116720,157491,206046,262641,326292,393172,462295,525301,581462,624345,651710,660939,647465,616966,568659,511416,443935,375765,309728,248956,196603,154770,122101,99609,87727,86842,95355,112559,138140,160339,162892,126990,62397
0,0,0,0,0,0,0,0,0,0,0,0,0,0,0,0,0,0,0,0,2,2,6,12,24,55,86,193,342,694,1337,2200,4161,6660,10879,17592,66772,58762,83164,115640,155334,204848,261045,324703,391768,459994,523678,580114,624679,651793,660144,648109,618593,570888,513686,445354,378051,310689,250298,198482,155733,122169,100310,87889,87042,95364,112806,138022,160218,163265,127169,62588
0,0,0,0,0,0,0,0,0,0,0,0,0,0,0,0,0,0,0,1,1,1,6,9,29,43,101,183,333,714,1230,2343,3886,6674,10671,17221,65957,57963,82813,113868,155059,203175,258921,323012,389622,457492,522800,579138,623039,653018,659659,649789,619068,573881,514265,447875,380182,312573,251810,199154,156517,122830,101133,88193,86933,95542,112933,137943,160315,163305,127380,62805
0,0,0,0,0,0,0,0,0,0,0,0,0,0,0,0,0,0,0,0,2,3,5,6,23,45,100,167,360,675,1245,2293,3828,6533,10511,17019,65286,57080,81954,113231,153429,202069,256918,320190,388481,455988,521086,578262,621793,652544,661208,650355,620259,575261,516439,449946,382003,314133,253378,200417,157233,123428,101613,88679,86888,95621,113121,137703,160468,163626,127605,62898
0,0,0,0,0,0,0,0,0,0,0,0,0,0,0,0,0,0,0,1,0,4,3,10,17,45,97,152,369,666,1229,2200,3765,6399,10407,16636,64431,56316,81003,112495,153033,199370,255713,318573,386657,453809,519735,576268,621922,651740,661929,650954,622386,576284,518461,451875,384143,316071,254588,202006,157524,124065,102169,89146,86965,95607,113158,137832,160579,163614,127968,63019
0,0,0,0,0,0,0,0,0,0,0,0,0,0,0,0,0,0,0,0,2,3,2,12,19,47,90,145,328,697,1219,2128,3674,6301,10284,16369,63692,55782,79839,111857,150916,198114,254400,316768,384587,452216,517576,575825,620665,651099,662536,652219,624033,577686,520394,454420,385471,317913,256054,203066,158236,125079,102535,89577,86801,95630,113350,138029,160446,163834,128293,63150
0,0,0,0,0,0,0,0,0,0,0,0,0,0,0,0,0,0,0,1,2,3,2,12,13,54,84,146,340,661,1146,2125,3665,6156,10130,16134,62894,55005,79413,110808,149410,196390,252657,315333,382481,450614,516742,573371,620034,651757,661465,654178,624166,580363,522260,456101,387273,320300,257635,203438,159560,125981,102704,89687,87312,95685,113133,138266,160474,164129,128510,63205
0,0,0,0,0,0,0,0,0,0,0,0,0,0,0,0,0,0,0,1,2,2,3,9,20,52,76,147,333,632,1137,2073,3638,6049,9991,15910,62034,54356,78438,110116,147982,194903,250548,313636,380675,448723,515302,572865,619189,650934,662669,654587,625868,582041,524413,457278,389700,321301,259338,204560,160285,126684,103233,90256,87462,95545,113076,138191,160783,164318,128743,63301
0,0,0,0,0,0,0,0,0,0,0,0,0,0,0,0,0,0,0,1,3,1,2,9,27,42,78,133,302,623,1163,1988,3634,6018,9746,15722,61175,54046,77177,109241,146524,193446,249179,311932,378102,447894,512847,572585,618729,650192,662430,655556,627558,583875,526185,458975,391640,323304,260184,205782,161680,127178,103585,90554,87706,95704,112730,138323,160888,164505,128999,63506
0,0,0,0,0,0,0,0,0,0,0,0,0,0,0,0,0,0,0,0,4,1,2,10,24,46,68,143,317,592,1139,2012,3485,5890,9774,15251,60686,53182,76874,107734,145175,192506,247561,309304,377158,445052,511387,571394,618654,649736,663168,655517,629929,584822,527992,461376,392893,325349,261799,207045,162364,127689,104067,91256,87644,95548,112947,138407,160879,164622,129298,63636
0,0,0,0,0,0,0,0,0,0,0,0,0,0,0,0,0,0,0,0,2,3,2,7,16,50,78,151,293,610,1084,1951,3464,5876,9448,15134,59749,52933,75949,106285,144420,190270,246039,308315,374584,443474,509745,570277,617900,650535,662914,656725,630756,586146,529584,463851,394773,327098,263109,208023,163724,128135,104657,91285,87912,95551,112908,138284,161337,164721,129512,63759
0,0,0,0,0,0,0,0,0,0,0,0,0,0,0,0,0,0,0,1,2,0,5,3,18,48,79,149,296,571,1071,1981,3400,5681,9378,15005,59002,52132,75349,105083,143364,189065,244144,306413,373065,440975,509395,567455,617636,650293,663378,657733,631979,587369,531723,465921,396879,328983,264403,208859,164612,129262,104765,91603,88150,95633,112823,138367,161324,165007,129623,63953
0,0,0,0,0,0,0,0,0,0,0,0,0,0,0,0,0,0,0,1,2,0,5,3,19,43,90,129,270,577,1051,1926,3415,5466,9354,14655,58282,51633,74278,104320,141427,188046,243172,304084,371224,440509,505884,566855,616980,650343,663132,658910,632341,589996,533291,467706,399150,330084,266052,210230,165369,130158,105325,91696,88334,95713,113230,138192,161329,165070,129921,64136
0,0,0,0,0,0,0,0,0,0,0,0,0,0,0,0,0,0,0,2,0,3,3,8,19,39,62,149,281,541,1013,1980,3213,5527,9199,14520,56956,51614,73527,102829,140747,186712,241164,302609,369503,438336,504662,565755,615721,649145,663824,659555,635102,590563,534907,470132,400648,331994,267125,212286,165788,130818,106115,91751,88629,95785,113210,138223,161410,165150,130232,64322
0,0,0,0,0,0,0,0,0,0,0,0,0,0,0,0,0,0,0,2,1,3,1,10,18,30,78,142,269,554,997,1784,3175,5475,9004,14378,56490,50458,73349,101928,139596,184865,239318,301376,367491,436029,503875,564126,614636,649821,663648,660612,635165,592263,537342,471735,402324,333603,269377,212903,167450,130996,106479,92392,88760,95736,113488,138142,161279,165343,130603,64489
0,0,0,0,0,0,0,0,0,0,0,0,0,0,0,0,0,0,0,1,3,1,2,8,20,30,65,142,293,556,990,1738,3107,5327,8962,14182,56010,49708,72501,100791,138325,183791,237882,299088,365408,435340,501763,563289,612783,648975,664580,661103,637814,593397,538689,473360,404924,334639,270838,215024,167598,131784,107036,92666,89051,95826,113521,138050,161486,165482,130833,64626
0,0,0,0,0,0,0,0,0,0,0,0,0,0,0,0,0,0,0,2,2,1,4,12,9,35,68,132,277,534,993,1716,3071,5282,8554,13971,55510,49276,71483,99994,137254,182271,236041,297391,364014,433110,500919,561797,611978,647896,665260,662508,637832,595115,540667,475799,406257,336453,272542,215895,168672,132543,107347,93084,89283,95871,113461,138139,161604,165694,130955,64830
0,0,0,0,0,0,0,0,0,0,0,0,0,0,0,0,0,0,0,2,2,4,4,7,12,21,73,136,269,526,976,1717,3065,5095,8564,13591,54771,49016,70430,98923,135915,181166,234480,295355,361563,431742,500573,559622,611384,647320,665597,662633,640203,596003,542539,478336,407269,339206,273586,216536,169508,133502,108047,93184,89453,96267,113117,138271,161574,165969,131352,64932
0,0,0,0,0,0,0,0,0,0,0,0,0,0,0,0,0,0,1,0,4,3,4,9,9,24,82,113,302,502,919,1759,2974,4961,8506,13490,53972,48456,69796,97711,134856,179948,232207,294747,360110,429046,497887,559132,610315,647662,665312,663836,640086,599526,543492,479673,410385,340643,274997,217101,170720,134154,108442,93691,89592,96294,113177,138283,161669,166174,131518,65136
0,0,0,0,0,0,0,0,0,0,0,0,0,0,0,0,0,0,0,2,3,3,3,7,12,28,65,129,271,507,909,1704,2917,4964,8245,13221,53345,47841,69031,97228,133293,178341,231354,292060,358665,427497,496962,556919,610031,646856,666001,664217,641078,601097,545726,482420,410853,342541,276258,218354,171681,134910,109092,93915,89828,96385,113244,138373,161715,166268,131722,65317
0,0,0,0,0,0,0,0,0,0,0,0,0,0,0,0,0,0,0,1,3,3,3,7,13,20,63,138,251,473,947,1602,2920,4956,7962,13211,52438,47535,68425,96071,132478,176576,229690,290287,357399,425517,495027,555925,608852,645908,666176,665233,643727,601937,547387,483348,413190,344403,277820,219637,172433,135765,109767,93846,90016,96487,113568,138255,161896,166414,131803,65599
0,0,0,0,0,0,0,0,0,0,0,0,0,0,0,0,0,0,0,1,2,2,4,8,16,18,59,120,270,459,904,1594,2846,4845,7831,13042,51987,46846,67636,95167,131136,175161,228273,288640,355989,424268,492215,554651,608374,646337,665680,664960,645141,603821,549395,484690,415376,345986,279499,220944,173553,136433,110072,93988,90491,96513,113489,138323,162119,166309,132143,65782
0,0,0,0,0,0,0,0,0,0,0,0,0,0,0,0,0,0,0,1,1,2,6,9,12,20,57,129,239,475,862,1605,2757,4778,7857,12732,51327,46166,66955,94469,129537,174121,227072,286738,354317,421674,491434,553171,607031,645932,665569,666226,646206,604981,551835,486662,416895,347542,281049,222322,174670,137012,110449,94670,90306,96724,113382,138776,161791,166604,132397,65854
0,0,0,0,0,0,0,0,0,0,0,0,0,0,0,0,0,0,0,0,2,3,6,6,14,21,54,117,258,457,819,1587,2749,4726,7741,12401,51041,45536,66135,93346,127946,173353,224765,286226,351660,420085,489353,552749,605753,646156,665747,667390,646458,606690,553143,488409,418846,348598,283571,223927,175271,137515,111045,94815,90803,96768,113203,138955,161759,166836,132554,66040
0,0,0,0,0,0,0,0,0,0,0,0,0,0,0,0,0,0,0,2,1,0,6,9,9,26,52,118,251,438,840,1489,2677,4667,7643,12373,50292,44946,65306,92651,127523,171009,223672,284164,349940,418169,487679,550785,604744,645509,666502,668020,648213,608488,554112,490532,420555,350372,285354,225141,176236,138607,111345,95314,90830,96826,113341,138569,162095,167064,132709,66193
0,0,0,0,0,0,0,0,0,0,0,0,0,0,0,0,0,0,0,2,0,2,2,11,9,27,56,110,257,413,814,1439,2708,4558,7623,12123,49432,44770,64769,91076,126461,169899,222302,281931,348449,416755,485328,549702,603761,645472,666671,668412,648687,610652,555485,492851,422469,352313,286850,226648,176936,139326,111517,95749,90907,97099,113359,138579,162127,167370,132808,66332
0,0,0,0,0,0,0,0,0,0,0,0,0,0,0,0,0,0,0,0,2,2,3,5,12,28,51,102,247,414,803,1459,2601,4471,7478,11948,49254,43977,63980,90575,124938,168757,220807,280216,346603,415124,483901,548090,602539,645573,666474,668824,650022,611136,558830,493737,423993,354470,288332,227882,178402,139365,112495,95804,91324,97086,113351,138374,162509,167452,133117,66469
0,0,0,0,0,0,0,0,0,0,0,0,0,0,0,0,0,0,0,0,0,4,3,6,13,26,54,95,219,425,781,1436,2595,4292,7411,11805,48713,43413,63137,89586,124218,167185,219470,278729,344819,413085,482436,545771,602030,644613,667283,669605,650623,614014,559916,495620,425764,355855,289809,229021,179679,140136,112943,96072,91431,97113,113579,138399,162742,167507,133297,66630
0,0,0,0,0,0,0,0,0,0,0,0,0,0,0,0,0,0,0,0,1,2,1,10,14,27,41,89,218,405,785,1404,2573,4292,7332,11538,47799,43114,62362,88594,123434,166214,217841,276428,343284,411515,480670,545246,600899,643285,667275,670998,650983,615775,561081,497709,427790,357838,290825,230266,180824,141128,113436,96384,91570,97264,113630,138096,162799,168038,133426,66856
0,0,0,0,0,0,0,0,0,0,0,0,0,0,0,0,0,0,0,0,0,2,2,9,15,25,43,98,207,374,754,1427,2512,4191,7207,11604,46955,42646,61718,87721,122230,165291,215593,275472,340841,410427,478458,544069,599499,643985,666922,670997,651880,617507,563340,499922,429262,358654,293258,231671,181276,142100,113842,96763,91815,97414,113507,138272,162761,168166,133722,66982
0,0,0,0,0,0,0,0,0,0,0,0,0,0,0,0,0,0,0,0,0,0,4,4,16,30,42,100,187,380,743,1388,2433,4195,7040,11559,46249,42035,61070,87090,120798,163894,215005,274204,338175,407593,478129,541742,598939,643160,667289,670902,654179,618279,565428,502245,431052,360115,293947,233287,182230,142793,114617,97338,91960,97435,113614,138112,162944,168285,134092,67061
0,0,0,0,0,0,0,0,0,0,0,0,0,0,0,0,0,0,0,0,0,1,1,6,15,25,44,99,178,413,728,1323,2372,4093,7024,11434,45503,41381,60778,86077,119399,163055,213369,272033,337358,405272,476014,541494,597718,642872,667046,672154,653991,620527,567212,503226,433713,361281,295207,235221,183058,143403,115197,97827,91797,97739,113594,138233,162937,168371,134380,67215
0,0,0,0,0,0,0,0,0,0,0,0,0,0,0,0,0,0,0,0,0,0,2,7,13,25,44,91,194,374,769,1289,2306,4079,6816,11318,45118,40835,59848,85211,118975,161048,211841,271023,334354,404806,473793,539631,598521,641120,666725,672640,655669,620989,569397,505320,434876,364131,296462,236185,184213,144479,115203,98417,92045,97881,113383,138402,162987,168588,134471,67494
0,0,0,0,0,0,0,0,0,0,0,0,0,0,0,0,0,0,0,0,0,1,3,8,10,15,49,91,196,382,709,1309,2230,4101,6731,10993,44579,40556,58996,84771,117700,159951,210140,268943,333561,402308,472102,538502,596904,640363,667069,673841,656596,622950,571080,506405,436412,366119,298231,237112,185187,145506,115919,98431,92294,97790,113562,138374,163008,168975,134713,67630
0,0,0,0,0,0,0,0,0,0,0,0,0,0,0,0,0,0,0,0,0,0,4,5,14,13,41,87,216,367,694,1235,2216,3973,6706,11036,43890,39803,58935,83486,116624,158337,209303,266531,331656,401531,471410,536160,595317,640834,666633,673588,658126,623517,573160,508873,438376,367683,299472,237908,187201,146080,116316,98734,92595,97679,113907,138332,163111,169095,134771,67827
0,0,0,0,0,0,0,0,0,0,0,0,0,0,0,0,0,0,0,0,0,0,2,7,10,14,37,98,212,359,671,1264,2185,3920,6683,10658,43432,39409,58265,83047,115316,157251,206805,264956,329974,400238,469325,536281,593457,639620,666899,673569,659672,624851,574670,511232,440496,369507,301008,238949,188074,146542,117228,99027,92751,97633,114055,138502,162927,169365,134929,68026
0,0,0,0,0,0,0,0,0,0,0,0,0,0,0,0,0,0,0,0,0,0,2,5,9,15,39,93,202,345,649,1266,2144,3922,6394,10696,42758,38836,57477,82569,114439,155538,206060,263314,328018,398304,467561,534901,593225,637888,667250,673739,660512,626832,575276,514151,442114,371435,302826,240319,188413,147274,117984,99503,92957,97672,113947,138507,163159,169525,135211,68133
0,0,0,0,0,0,0,0,0,0,0,0,0,0,0,0,0,0,0,0,0,0,1,9,5,16,32,107,185,347,624,1214,2118,3791,6442,10478,42365,38400,56797,81827,113508,154090,204443,262091,326714,395857,465766,533455,591799,637953,665497,675479,661431,628080,577899,515790,443525,373573,304166,241747,189623,148009,118189,100007,93140,97794,113822,138493,163368,169638,135396,68308
0,0,0,0,0,0,0,0,0,0,0,0,0,0,0,0,0,0,0,0,0,0,2,7,4,18,36,88,167,358,619,1190,2111,3727,6264,10283,41836,38116,56195,80903,112227,153408,202954,260476,324009,394090,465135,531126,591039,637290,665496,675662,662737,629330,580309,516851,445827,374771,306263,243394,190158,149014,118693,100388,93227,97754,113914,138509,163371,169797,135721,68544
0,0,0,0,0,0,0,0,0,0,0,0,0,0,0,0,0,0,0,0,0,0,2,4,10,19,29,85,168,351,628,1170,2115,3543,6180,10256,41079,37775,55434,80156,111606,151646,202137,258347,323073,391583,463785,530403,589552,635943,666203,676141,663109,630844,581739,517966,448464,376878,307964,244372,191032,149678,119359,100810,93371,97767,113983,138468,163662,169786,135976,68757
0,0,0,0,0,0,0,0,0,0,0,0,0,0,0,0,0,0,0,0,0,0,2,5,11,14,33,80,171,354,580,1130,2051,3682,5964,10097,40714,37267,55310,79026,110427,150589,200081,257250,320996,389963,461737,529918,587509,635494,666423,676187,664277,632770,582239,519898,451640,377647,310461,244780,192597,150340,119637,101133,93952,97693,113998,138669,163565,169865,136272,68910
0,0,0,0,0,0,0,0,0,0,0,0,0,0,0,0,0,0,0,0,0,0,2,4,12,15,35,71,170,330,619,1078,2046,3575,5969,9912,40100,37045,54680,78120,109363,149660,198919,255275,318892,388883,459404,529234,586044,634866,666394,676672,665272,632179,585681,522189,452990,379677,310924,246600,193983,151098,120306,101148,94136,98020,113958,138731,163721,169849,136484,69073
0,0,0,0,0,0,0,0,0,0,0,0,0,0,0,0,0,0,0,0,0,0,1,6,8,16,37,75,144,339,577,1103,2021,3540,5827,9721,39715,36525,53630,77843,108843,148357,196951,253708,317604,386174,459043,525502,586191,634920,665178,677601,666074,634087,587258,524258,454272,381660,312317,248209,195028,151980,120762,101399,94195,98344,113728,138956,163703,170005,136774,69199
0,0,0,0,0,0,0,0,0,0,0,0,0,0,0,0,0,0,0,0,0,0,1,1,8,24,25,80,153,292,595,1109,1944,3385,5850,9528,39163,36162,53259,76929,107922,147445,195317,252324,315215,385652,456851,523795,584681,634288,665951,676795,667213,635720,589072,525941,455957,383768,314113,249247,195604,153217,121121,101701,94717,98115,114007,138675,164087,170110,136981,69298
0,0,0,0,0,0,0,0,0,0,0,0,0,0,0,0,0,0,0,0,0,0,1,3,10,16,33,61,179,284,586,1092,1900,3376,5600,9563,38533,35823,52725,76198,106898,146174,194104,250356,314276,384086,454107,522715,583401,633563,666691,675876,667860,638393,590417,527557,457722,385766,314907,251550,196531,154054,121315,102010,94756,98525,114182,138308,164248,170479,137219,69379
0,0,0,0,0,0,0,0,0,0,0,0,0,0,0,0,0,0,0,0,0,1,0,3,6,13,37,66,157,310,556,1069,1879,3357,5434,9378,38044,35483,52288,75163,106236,145198,192305,249591,312142,382404,452075,521760,582302,632481,665911,677288,668576,638394,592310,529971,460685,386767,316337,252867,197854,154401,121915,102521,94694,98794,114156,138486,164171,170696,137340,69536
0,0,0,0,0,0,0,0,0,0,0,0,0,0,0,0,0,0,0,0,0,1,1,2,4,16,39,61,170,271,527,1089,1822,3279,5467,9094,37587,35120,51479,74946,104925,144157,191591,247357,310580,379977,450901,520056,581665,631273,665971,677979,669612,639507,592783,532799,462739,387817,318097,254329,198917,155132,122560,102596,95086,99030,114254,138511,164182,170798,137446,69806
0,0,0,0,0,0,0,0,0,0,0,0,0,0,0,0,0,0,0,0,0,1,1,3,6,14,36,60,158,296,547,996,1798,3217,5430,8988,36974,34834,51451,73503,104028,143041,190286,245816,308584,378412,449407,518273,580451,631113,665745,678379,670132,640970,594213,534667,463872,390395,319493,255981,199566,156094,123187,103018,95408,98915,114111,138675,164328,170899,137633,70003
0,0,0,0,0,0,0,0,0,0,0,0,0,0,0,0,0,0,0,0,1,0,2,3,4,20,30,58,146,289,545,968,1781,3119,5451,8748,36534,34405,50959,72971,103116,142115,188879,244428,305541,377091,448138,516714,579593,631326,664009,679239,671096,642220,595684,536163,465813,392571,321201,256587,200707,156892,123616,104020,95255,98861,114294,138873,163965,171318,137873,70176
0,0,0,0,0,0,0,0,0,0,0,0,0,0,0,0,0,0,0,0,0,1,1,2,6,14,36,58,137,261,556,983,1715,3054,5301,8722,36045,34018,50525,72306,101750,140979,187695,243014,304423,374340,446629,515555,578666,630714,664078,678160,671916,643334,598567,537749,467503,393976,323110,257866,201810,157230,124693,104382,95572,98692,114328,139103,163906,171524,138107,70296
0,0,0,0,0,0,0,0,0,0,0,0,0,0,0,0,0,0,0,0,0,0,2,4,3,12,32,65,124,255,536,1009,1688,3006,5234,8630,35677,33555,49895,71783,101118,139299,186235,241451,303292,372908,444079,514512,577810,628616,664143,679806,672343,644718,599223,539494,470015,395435,324717,258736,203498,158175,124968,104679,95866,99047,114181,138958,164087,171545,138509,70435
0,0,0,0,0,0,0,0,0,0,0,0,0,0,0,0,0,0,0,0,0,0,2,2,8,7,35,61,134,249,491,998,1742,2906,5055,8527,35497,33008,49196,71307,100136,137951,184987,239656,302409,370867,442426,513216,576509,627584,664401,680081,672522,647006,600412,541081,471240,397768,325947,260287,204363,159056,125614,104973,96270,99001,114237,139011,164184,171592,138856,70540
0,0,0,0,0,0,0,0,0,0,0,0,0,0,0,0,0,0,0,0,0,0,3,2,3,16,25,67,127,252,469,990,1675,2926,4943,8473,35001,32568,48576,70336,99786,137222,183436,237982,300997,369506,440172,511645,575108,626203,664627,680622,673069,647723,602470,542922,473453,399044,327785,261798,205278,159988,126167,105215,96401,99480,113871,139105,164264,172041,138888,70688
0,0,0,0,0,0,0,0,0,0,0,0,0,0,0,0,0,0,0,0,0,0,2,1,6,10,35,45,129,249,533,917,1607,2879,4943,8180,34774,32222,47938,69817,98654,136131,182020,236414,299127,368210,438950,509971,573245,625884,664169,680475,674474,648275,604681,544366,475214,401593,328865,263429,206158,160622,126797,105707,96449,99655,113819,139275,164595,171974,139004,70919
0,0,0,0,0,0,0,0,0,0,0,0,0,0,0,0,0,0,0,0,0,0,1,3,3,13,30,50,114,271,510,899,1603,2798,4985,8074,34211,32111,47243,69253,97619,134387,181179,234949,297422,365990,437690,508447,571557,626037,663770,680494,675317,648710,606911,545869,477361,402867,330732,264781,207880,160951,127694,105682,96823,99695,114176,139342,164370,172195,139260,71079
0,0,0,0,0,0,0,0,0,0,0,0,0,0,0,0,0,0,0,0,0,0,1,4,2,14,26,49,120,256,488,901,1594,2768,4927,8039,33710,31414,46930,68481,96629,133960,179206,233705,296028,364245,436044,506164,570817,626234,662743,679823,675729,651063,607673,548265,478590,406278,330987,266555,208611,161958,128355,106120,97117,99577,114259,139335,164676,172134,139524,71280
0,0,0,0,0,0,0,0,0,0,0,0,0,0,0,0,0,0,0,0,0,0,1,2,4,13,27,50,118,235,485,868,1595,2745,4748,7978,33182,31149,46614,67732,95865,132739,177719,232366,294265,362887,433790,504825,570716,624509,662987,679303,676913,652080,609126,550117,480101,407606,333947,267090,209717,162696,128661,106993,97378,99516,114320,139143,164904,172460,139710,71413
0,0,0,0,0,0,0,0,0,0,0,0,0,0,0,0,0,0,0,0,0,0,0,3,6,10,25,63,101,238,450,894,1544,2707,4637,7973,32761,30733,45982,67126,94923,131618,176608,230708,292582,361310,432114,504058,569540,622607,662905,679428,677377,654063,610144,552134,482205,409642,335177,268432,210600,163400,129391,107226,97479,99721,114670,138989,165031,172615,139878,71580
0,0,0,0,0,0,0,0,0,0,0,0,0,0,0,0,0,0,0,0,0,0,2,2,3,12,25,55,110,242,452,853,1487,2678,4573,7961,32202,30748,45185,66018,94780,130286,175920,228715,290553,360018,430541,502069,567273,623761,662197,678892,678811,654659,612549,552644,485724,410341,336617,269497,211762,164581,129876,107749,97621,100026,114613,138905,165057,172711,140487,71565
0,0,0,0,0,0,0,0,0,0,0,0,0,0,0,0,0,0,0,0,0,0,2,2,2,13,20,63,100,234,433,850,1492,2650,4575,7657,32085,29915,45027,65265,93128,129791,174807,226715,290151,357829,427907,501401,565835,622663,661630,679958,678896,656938,613736,554388,486664,412277,338297,271679,212470,165253,130658,107901,97681,100301,114676,138977,165036,172910,140810,71660
0,0,0,0,0,0,0,0,0,0,0,0,0,0,0,0,0,0,0,0,0,0,1,2,2,11,29,58,110,236,436,790,1435,2624,4535,7502,31619,29701,44431,64586,92143,129152,173350,225454,288006,356465,427037,498492,565161,622211,660228,681341,679260,658555,614568,556043,488571,414018,340124,272491,214055,165908,131558,108007,97957,100365,114680,138960,165155,173098,141078,71809
0,0,0,0,0,0,0,0,0,0,0,0,0,0,0,0,0,0,0,0,0,0,1,1,4,12,26,54,118,240,398,777,1444,2591,4449,7442,31188,29442,43698,64245,91388,127991,171858,223719,286825,354304,425817,497556,563314,620187,661001,681808,680904,658202,616136,557983,489864,416057,341141,274451,215450,166911,131975,108240,98271,100221,115063,138926,164965,173535,141151,72064
0,0,0,0,0,0,0,0,0,0,0,0,0,0,0,0,0,0,0,0,0,1,0,0,5,14,22,53,118,205,440,770,1410,2516,4474,7313,30753,28825,43672,63591,90878,126505,170332,222897,284485,352927,424692,495080,562323,620080,660180,681540,682441,658965,617793,559186,491589,417728,343752,275260,216641,167476,132471,108958,98565,100227,114957,138871,164995,173762,141536,72134
0,0,0,0,0,0,0,0,0,0,0,0,0,0,0,0,0,0,0,0,0,1,0,3,3,15,15,51,123,213,410,784,1352,2528,4361,7215,30267,28763,43088,63171,90067,124843,169363,221748,282224,351085,422604,494771,561013,618599,659524,681859,683085,660401,619379,561428,493513,419151,345642,276185,217809,168099,133331,109485,98416,100717,114538,139081,165038,174026,141745,72276
0,0,0,0,0,0,0,0,0,0,0,0,0,0,0,0,0,0,0,0,1,0,0,3,3,8,23,47,123,215,402,715,1412,2517,4235,7127,29861,28496,42623,62638,88949,123830,168105,220313,280853,349120,421013,493045,560572,616952,658475,681991,684270,662934,619679,563560,494867,420827,347099,277820,218961,169306,133412,109967,98894,100865,114358,139214,165061,174243,142012,72392
0,0,0,0,0,0,0,0,0,0,0,0,0,0,0,0,0,0,0,1,0,0,0,1,8,7,24,54,103,177,424,714,1384,2499,4239,6872,29627,27993,42437,61877,88587,122511,166837,218437,279834,347231,419383,490980,560287,615226,659388,681304,684177,663462,621971,565527,496138,422817,348586,279601,220272,170070,133694,110465,99189,100800,114813,139121,165228,174171,142290,72570
0,0,0,0,0,0,0,0,0,0,0,0,0,0,0,0,0,0,0,1,0,0,0,1,6,11,19,58,97,185,397,706,1351,2426,4149,6939,29188,27830,41947,61383,87305,122333,164507,217784,278234,345570,417585,490128,557763,614892,658572,682273,683660,664752,624186,566586,497971,424500,350183,281382,220809,171290,134415,110956,99226,101341,114627,138845,165431,174366,142549,72693
0,0,0,0,0,0,0,0,0,0,0,0,0,0,0,0,0,0,1,0,0,0,1,1,1,15,21,41,109,193,383,726,1362,2371,4048,6804,28864,27460,41515,60771,86766,120739,164088,216358,275971,344192,416320,489055,555381,615076,657128,682193,684638,665983,625021,568629,499674,426280,351695,283203,221681,172272,134846,111615,99267,101444,114679,138983,165517,174388,142788,72851
0,0,0,0,0,0,0,0,0,0,0,0,0,0,0,0,0,1,0,0,0,1,0,1,3,9,25,45,106,183,366,724,1368,2276,4038,6647,28492,27420,40765,60487,85622,120058,162564,214738,275345,342370,414038,487808,553914,614140,657421,681318,685830,666060,627254,570431,500844,428257,353290,284729,222734,173045,135614,111942,99578,101556,114915,138704,165679,174616,143071,72966
0,0,0,0,0,0,0,0,0,0,0,0,0,0,0,0,0,1,0,0,0,0,1,0,5,10,17,49,107,179,352,752,1285,2274,3850,6729,27991,27016,40620,59574,85338,118786,161257,213347,273346,341323,411652,485931,553947,613278,656755,681488,686086,666565,629227,571540,503095,430511,354619,285995,223861,174044,136242,112165,100012,101612,114925,138873,165480,174720,143440,73136
0,0,0,0,0,0,0,0,0,0,0,0,0,0,0,0,1,0,0,0,0,0,1,0,5,11,17,50,109,174,344,715,1278,2300,3776,6615,27795,26496,40237,58873,85004,117691,160358,211405,271952,339090,410838,484201,552061,612647,656277,681634,686381,668039,629766,574057,504768,431329,357388,286959,225107,175014,136925,112298,100294,101747,115141,138896,165313,174946,143815,73270
0,0,0,0,0,0,0,0,0,0,0,0,0,0,0,0,0,1,0,0,0,0,1,1,3,9,19,48,108,169,385,685,1190,2243,3894,6337,27656,26069,39834,58416,83980,117014,158953,210033,269992,337749,409542,482359,550823,610864,656272,682174,686676,668932,631482,575356,506743,433285,359284,287887,226090,175931,137569,112990,100312,101962,115375,138787,165275,174991,144308,73350
0,0,0,0,0,0,0,0,0,0,0,0,0,0,0,0,0,1,0,0,0,0,1,1,2,10,18,38,107,194,339,714,1163,2200,3842,6301,27236,25989,39215,58085,82742,116071,158077,208859,268576,336307,407216,480490,549494,610070,655614,682345,686912,670716,632912,576736,508497,435146,360617,289552,227663,176545,137947,113143,101020,101889,115140,139149,165257,175243,144389,73618
0,0,0,0,0,0,0,0,0,0,0,0,0,0,0,0,0,0,1,0,0,1,0,1,1,10,19,39,88,195,349,659,1138,2168,3810,6290,26949,25709,38631,57109,82603,115085,156488,208180,266338,333985,406199,479321,548315,608610,655480,682375,688085,670960,633959,578557,510433,436577,362529,291048,228839,177552,138310,113822,101193,101793,115193,139229,165558,175090,144792,73743
0,0,0,0,0,0,0,0,0,0,0,0,0,0,0,0,0,0,1,0,0,1,0,0,5,10,13,39,101,175,372,601,1154,2025,3785,6372,26498,25318,38293,56817,81475,114505,155364,205939,266211,331803,403705,478233,547409,607835,654019,682710,688784,671404,635963,580126,511841,438595,364277,292934,229573,178078,139342,113812,101684,101710,115490,139162,165913,175086,145010,73836
0,0,0,0,0,0,0,0,0,0,0,0,0,0,0,0,0,0,0,1,0,1,0,0,3,9,14,35,98,210,312,589,1163,2059,3711,6288,26156,24970,38008,55798,81209,113326,154662,204322,264821,330328,402407,475964,545949,606665,654135,682279,688886,672940,637251,581742,513378,440711,365654,294403,230662,179149,139864,114478,101927,101832,115425,139107,166159,175126,145152,74070
0,0,0,0,0,0,0,0,0,0,0,0,0,0,0,0,0,0,0,1,0,0,1,1,3,6,16,46,93,195,311,572,1137,2039,3593,6198,25793,24725,37799,55670,80054,112455,153584,203111,262356,328817,401682,474088,543697,606626,653138,682012,690004,674464,637954,582612,516135,442351,367063,295956,231768,179867,140344,115283,102114,101752,115760,139180,166054,175372,145276,74280
0,0,0,0,0,0,0,0,0,0,0,0,0,0,0,0,0,0,0,0,1,0,2,1,2,6,12,57,79,183,319,571,1154,1985,3571,6043,25514,24324,37332,55380,79121,111773,152074,202516,260302,327427,399673,471826,544363,604208,653224,681865,691158,674850,637797,585106,518131,444109,368382,297607,233435,179982,141502,115328,102743,101866,115606,139202,166200,175633,145446,74417
0,0,0,0,0,0,0,0,0,0,0,0,0,0,0,0,0,0,0,0,0,1,2,1,0,10,17,47,77,170,312,601,1110,1964,3516,5981,25167,24098,36837,54692,78833,110475,151383,200542,259806,324859,397808,471089,542143,603555,652806,682238,690190,676606,639813,586949,520191,445321,369668,298866,234428,181344,141749,115784,102967,102150,115877,139002,166337,175677,145742,74607
0,0,0,0,0,0,0,0,0,0,0,0,0,0,0,0,0,0,0,0,0,2,1,1,0,8,24,42,89,134,322,600,1096,1932,3492,5838,24948,23785,36477,54005,78279,109628,149767,199836,257518,324141,395514,470112,540459,602388,651458,683171,690167,677870,640998,588292,522259,446874,371705,299780,236132,182120,142855,115704,103296,102279,115967,139305,166109,175909,145819,74901
0,0,0,0,0,0,0,0,0,0,0,0,0,0,0,0,0,0,0,0,1,1,1,0,2,2,27,38,86,151,306,567,1117,1936,3389,5621,24783,23541,35800,53973,77196,108571,148738,198555,256447,322311,394187,468386,538811,601489,651484,682694,689828,679003,642917,590493,522852,449004,373337,301449,236413,183330,143581,116373,103635,102302,116086,139440,165977,176178,146012,74987
0,0,0,0,0,0,0,0,0,0,0,0,0,0,0,0,0,0,0,0,1,1,1,0,1,6,20,41,75,166,296,565,1066,1889,3304,5670,24424,22978,35643,53536,76318,107494,148118,196947,254776,321183,392057,466775,538023,600037,650847,682591,691510,678717,644159,592266,524324,451561,374684,302810,237712,184444,143861,116959,103409,103043,115967,139298,166079,176458,146148,75150
0,0,0,0,0,0,0,0,0,0,0,0,0,0,0,0,0,0,0,0,1,2,0,0,1,4,19,38,82,164,303,494,1105,1864,3262,5559,24008,22936,35382,52796,75911,106655,146234,195857,253349,318829,391752,464214,536461,599588,650787,682248,692465,679694,644948,592838,526945,453201,376814,304062,238652,185303,144537,117352,103778,103261,115909,139025,166507,176472,146524,75216
0,0,0,0,0,0,0,0,0,0,0,0,0,0,0,0,0,0,0,0,1,1,1,0,0,7,18,37,63,179,272,566,984,1922,3136,5493,23758,22824,35008,52165,75380,105301,145394,194316,252245,317565,389335,463184,535411,598830,648890,682592,692049,681146,646225,594521,528627,455146,378417,305366,239861,186353,145174,118001,104147,102941,116048,139110,166672,176681,146718,75327
0,0,0,0,0,0,0,0,0,0,0,0,0,0,0,0,0,0,0,0,1,0,1,1,0,8,22,34,60,167,288,548,1025,1805,3130,5404,23449,22488,34834,51331,74615,104910,144372,192692,250833,315900,387435,461894,533597,598275,649038,681738,692336,682062,648623,595846,530400,456027,380252,306289,240711,188091,146099,117933,104344,103232,116153,138966,166854,176822,146898,75575
0,0,0,0,0,0,0,0,0,0,0,0,0,0,0,0,0,0,0,0,1,0,2,0,1,8,21,29,69,153,295,539,1003,1834,3010,5396,23010,22440,34279,50731,73776,104449,143185,191636,248693,315172,386122,459341,532873,595927,649299,681608,692302,683524,649509,597126,532899,458138,380779,307798,242797,188554,146759,118661,104345,103269,116119,139070,167092,176885,147194,75686
0,0,0,0,0,0,0,0,0,0,0,0,0,0,0,0,0,0,0,1,0,0,1,1,2,7,22,30,62,156,267,536,983,1769,3094,5304,22714,22047,34002,50443,72645,103388,142076,191029,247344,313367,384496,457434,529865,597423,647983,681877,692593,683919,650501,598774,534419,460808,381944,309145,244328,189178,147573,119389,104226,103641,115997,139333,166933,177141,147287,75911
0,0,0,0,0,0,0,0,0,0,0,0,0,0,0,0,0,0,0,0,1,0,1,0,4,9,16,32,70,121,266,528,994,1759,3111,5114,22488,21739,33671,49771,71769,102633,141726,189142,246420,311646,382344,456444,528919,595287,648689,680951,693455,683547,652555,600026,536021,462321,383741,310910,245141,190448,148440,119689,104527,103504,116146,139635,166817,177256,147447,76117
0,0,0,0,0,0,0,0,0,0,0,0,0,0,0,0,0,0,0,0,0,2,0,0,6,10,10,32,65,129,258,506,1026,1747,2971,5023,22262,21403,33346,49282,71448,101541,140586,188082,244977,309475,381157,454788,528023,594026,647134,680989,694188,684925,653114,601716,537829,463869,385684,312470,246042,191216,149461,120064,104699,103698,116387,139379,167021,177563,147529,76250
0,0,0,0,0,0,0,0,0,0,0,0,0,0,0,0,0,0,0,0,0,1,1,0,8,9,11,34,53,142,245,516,975,1744,2935,4971,21932,21208,32962,48622,71128,100859,139158,187316,243243,307775,379837,452655,526753,594125,644548,681623,694087,685756,654561,603518,539453,465029,387907,313710,247994,191609,150217,120776,104848,103803,116545,139633,166584,177873,147770,76346
0,0,0,0,0,0,0,0,0,0,0,0,0,0,0,0,0,0,0,0,0,0,2,2,5,6,12,27,60,129,244,500,960,1730,2891,4931,21512,21013,32391,48510,70681,99766,138314,186036,241530,306589,377699,451927,524950,591920,644473,681266,695231,686319,655874,604612,541549,466373,389813,315134,248698,193462,150397,121322,104891,104166,116605,139675,166826,178032,147805,76548
0,0,0,0,0,0,0,0,0,0,0,0,0,0,0,0,0,0,0,0,0,0,2,1,5,6,16,22,59,129,258,455,946,1680,2859,4847,21324,20919,31941,47941,69865,99170,137518,184374,240496,304995,375971,450963,523533,588657,643967,681523,695643,687192,657921,606101,542233,468856,391945,316133,250219,193973,151712,121543,104992,104175,116771,139784,166718,178218,148151,76686
0,0,0,0,0,0,0,0,0,0,0,0,0,0,0,0,0,0,0,0,0,0,2,1,4,13,6,29,59,125,254,476,883,1647,2859,4774,21096,20535,31721,47370,69324,98136,136478,183236,238847,303648,374589,449440,521513,588871,642406,681008,696491,688316,657538,609014,544685,469644,393490,317656,250981,195473,152164,121754,105808,103854,117043,139920,166873,178204,148350,76800
0,0,0,0,0,0,0,0,0,0,0,0,0,0,0,0,0,0,0,0,0,0,0,4,0,14,11,27,58,118,230,485,885,1569,2885,4716,20693,20479,31185,46826,68593,97853,135305,182262,237096,301978,373390,447732,519745,587804,641912,680257,697555,687650,659747,610517,546196,471884,394928,319120,252187,196394,153126,121960,106160,103980,117101,140019,166819,178276,148842,76835
0,0,0,0,0,0,0,0,0,0,0,0,0,0,0,0,0,0,0,0,0,0,1,3,3,10,11,24,54,115,243,473,852,1541,2757,4668,20487,20278,30869,46312,67857,97265,134405,179929,236718,300156,371792,445456,518224,587342,641941,679245,697631,688834,661405,611749,547396,474546,395679,321246,253433,197410,153109,122629,106612,104245,116938,140046,166795,178722,148902,77050
0,0,0,0,0,0,0,0,0,0,0,0,0,0,0,0,0,0,0,0,0,0,1,2,3,5,17,25,57,110,219,457,859,1550,2762,4601,19988,20183,30555,45866,67070,96398,133202,179293,234594,299236,370107,444142,517754,584828,641204,679492,697389,690628,661795,612868,549748,475462,398077,322698,254178,198762,153372,123364,106811,104616,116904,139826,167169,178741,149130,77290
0,0,0,0,0,0,0,0,0,0,0,0,0,0,0,0,0,0,0,0,0,0,2,1,2,6,12,27,54,108,235,438,845,1482,2690,4551,19934,19483,30638,45417,66432,95647,132213,177774,233293,297687,368670,442462,517050,583894,639042,680385,696977,691500,662607,615985,550755,476255,400139,324358,255561,199133,154211,123681,107002,104935,117070,139709,167284,179006,149370,77396
0,0,0,0,0,0,0,0,0,0,0,0,0,0,0,0,0,0,0,0,0,0,1,1,2,6,11,28,40,130,238,424,835,1468,2573,4608,19638,19312,30028,45159,66052,94608,130753,177505,231633,295445,367176,442556,514503,584057,638479,678163,697048,692932,663924,617573,551780,478604,401160,326004,256833,200322,154839,124008,107424,105263,116883,139728,167262,178888,149946,77555
0,0,0,0,0,0,0,0,0,0,0,0,0,0,0,0,0,0,0,0,0,0,1,1,3,4,18,17,54,112,251,430,776,1470,2574,4480,19359,19116,29714,44839,65424,93517,130071,175881,230627,294513,364449,440354,514998,581728,638143,677345,698132,693098,666312,618243,553152,480049,403791,326834,258335,201077,155602,124638,107336,105407,117167,139785,167330,179186,149902,77763
0,0,0,0,0,0,0,0,0,0,0,0,0,0,0,0,0,0,0,0,0,0,1,0,2,8,12,19,47,132,226,429,781,1461,2537,4324,19367,18805,29210,44414,65029,92529,129086,174750,229071,293151,363721,437829,512565,581197,637571,677112,698090,694660,667091,619880,554743,482223,405182,327991,259650,201983,156493,125044,107648,105503,117265,140037,167240,179159,150098,78042
0,0,0,0,0,0,0,0,0,0,0,0,0,0,0,0,0,0,0,0,0,0,0,1,2,6,15,19,46,125,209,412,791,1461,2497,4268,19047,18572,28982,43948,64350,91668,128590,173111,228171,291183,362337,436469,510964,579435,636845,678132,697042,695085,668577,620983,557768,484028,405522,329708,261054,203234,157278,125559,107784,105531,117437,139960,167623,179142,150157,78280
0,0,0,0,0,0,0,0,0,0,0,0,0,0,0,0,0,0,0,0,0,0,0,1,3,8,7,23,50,105,227,401,762,1424,2461,4182,18739,18425,28694,43678,63919,90963,126954,172416,227003,289826,359678,435388,509528,577753,636048,678696,696988,695109,670151,622455,559376,485786,407619,331001,262523,203756,157869,126451,108089,105825,117079,140236,167681,179209,150454,78389
0,0,0,0,0,0,0,0,0,0,0,0,0,0,0,0,0,0,0,0,0,0,1,1,4,7,5,19,62,109,210,382,773,1378,2408,4234,18441,18151,28328,43376,63378,90401,125791,171284,225338,288006,358617,433438,508092,577014,635581,677520,696859,696963,671290,623380,561616,487545,409014,332235,264234,204070,159037,126716,108088,106457,116944,140285,167832,179248,150790,78456
0,0,0,0,0,0,0,0,0,0,0,0,0,0,0,0,0,0,0,0,0,0,0,2,2,10,6,21,66,86,196,401,736,1370,2392,4173,18248,17945,28145,42752,62604,89925,124683,170009,223851,286325,358022,431565,505857,575673,636382,674786,698727,697764,672124,625671,562190,489424,410075,334626,264969,205680,159518,126858,108640,106730,117053,140384,167736,179231,151034,78741
0,0,0,0,0,0,0,0,0,0,0,0,0,0,0,0,0,0,0,0,0,0,0,2,2,5,9,28,50,109,184,403,737,1349,2320,4145,18125,17760,27730,42458,62056,89034,123863,168860,222336,284937,356068,430107,504510,574348,635396,675279,698552,698050,673320,627376,563897,490469,412854,335487,266191,206548,160273,127468,109202,106401,117295,140456,168039,179266,151266,78788
0,0,0,0,0,0,0,0,0,0,0,0,0,0,0,0,0,0,0,0,0,0,1,3,1,4,10,26,46,96,197,383,689,1404,2341,3982,17824,17545,27579,41686,61908,88053,123133,167432,221248,283290,353994,428791,503407,574093,633508,675074,698443,698128,674465,629250,566358,492730,413301,337461,267509,207474,160816,128100,109438,106336,117419,140523,167972,179516,151363,79058
0,0,0,0,0,0,0,0,0,0,0,0,0,0,0,0,0,0,0,0,0,0,1,2,2,2,11,18,53,83,209,354,713,1361,2285,4040,17428,17468,27332,41211,61166,87626,122166,166091,219357,282268,352768,427365,502173,573136,631500,674112,700043,698144,675113,631405,568335,493979,414736,339212,268562,209105,161158,128429,109882,106483,117396,140768,168061,179262,151729,79305
0,0,0,0,0,0,0,0,0,0,0,0,0,0,0,0,0,0,0,0,0,1,0,2,2,0,9,23,40,88,190,383,688,1274,2310,4002,17266,17082,27083,40963,60526,86435,121734,164794,217548,281405,351045,426011,501227,570985,630497,674865,699355,699009,675400,633113,570521,495170,416822,341059,270015,209106,161932,129265,110289,106676,117427,140788,167985,179729,151751,79518
0,0,0,0,0,0,0,0,0,0,0,0,0,0,0,0,0,0,0,0,0,1,1,1,1,1,11,19,43,92,187,357,696,1237,2294,3923,16972,17006,26645,40665,59891,85956,120603,163411,217078,279785,349454,424022,500004,570121,629152,673676,700461,699496,677392,633378,571570,497159,418566,343091,270765,210478,162727,129649,110747,106986,117284,140550,168446,179796,151969,79593
0,0,0,0,0,0,0,0,0,0,0,0,0,0,0,0,0,0,0,0,0,0,2,1,1,2,9,16,42,99,177,345,676,1239,2251,3813,16712,16973,26182,40470,59123,85424,119632,162411,215760,277562,348527,422818,498669,568642,628368,672862,699917,701199,678531,634390,573218,498853,420068,344005,273098,211311,163526,129891,111388,106624,117389,140749,168464,180078,152289,79612
0,0,0,0,0,0,0,0,0,0,0,0,0,0,0,0,0,0,0,0,0,0,3,0,0,4,9,19,39,94,175,339,656,1249,2219,3778,16581,16721,25982,39806,58895,84464,118705,161813,214218,275983,346733,421406,497464,566898,628246,672094,699898,701834,679803,635724,573874,501802,421568,345756,274026,212233,164081,130474,111769,106889,117187,141055,168547,180422,152287,79586
0,0,0,0,0,0,0,0,0,0,0,0,0,0,0,0,0,0,0,0,0,1,1,1,0,4,8,18,37,92,167,343,660,1217,2161,3692,16374,16542,25703,39568,58303,84208,117284,160603,213647,274553,344348,420253,495781,565678,626468,672443,699984,702220,680911,636659,576591,503256,423530,347292,275088,213049,164781,130920,112163,107279,117004,141203,168388,180588,152509,79835
0,0,0,0,0,0,0,0,0,0,0,0,0,0,0,0,0,0,0,0,0,1,0,2,2,2,8,16,38,96,170,322,660,1159,2097,3729,16130,16504,25439,39077,57711,83377,116823,159408,211884,273461,342905,418859,493060,565155,625490,673248,700067,702467,681080,638581,578074,503937,426509,348646,276138,214026,165622,131648,112176,107282,117126,141115,168672,180686,152792,79931
0,0,0,0,0,0,0,0,0,0,0,0,0,0,0,0,0,0,0,0,0,0,1,2,2,1,8,15,44,83,167,350,626,1176,2023,3676,15943,16227,25381,38495,57240,82743,115741,158538,211069,271292,341666,417093,491794,563336,625024,673120,699617,704309,681828,640037,578627,506099,428626,349517,277397,214671,166817,132209,112306,107311,117380,141165,168630,180792,153162,80032
0,0,0,0,0,0,0,0,0,0,0,0,0,0,0,0,0,0,0,0,0,1,0,3,1,2,7,15,40,82,165,328,650,1099,2071,3589,15822,16105,25016,38419,56510,81958,114714,157598,209545,270038,340657,414450,490637,561674,624656,673129,699396,704299,683784,641632,580214,507341,429503,351348,278901,216295,167349,132329,112609,107483,117520,141303,168700,180944,153291,80186
0,0,0,0,0,0,0,0,0,0,0,0,0,0,0,0,0,0,0,0,1,0,0,1,3,2,9,7,42,87,161,304,605,1164,1992,3469,15800,15782,24955,37735,55836,81559,114190,156401,208254,267972,339478,413079,489071,560589,623382,673470,699864,703279,685704,642062,582508,509089,431107,352814,279947,217069,168231,133328,112646,107582,117818,141380,168601,181174,153456,80349
0,0,0,0,0,0,0,0,0,0,0,0,0,0,0,0,0,0,0,0,1,0,1,0,1,4,9,16,31,94,137,289,605,1126,2045,3355,15648,15569,24649,37267,55771,80110,113883,155179,206972,266974,337350,411819,488054,558890,623031,670859,701795,704496,685916,643588,583540,511270,432596,354388,280262,218634,169146,133710,113177,107851,117801,141348,168744,181249,153646,80512
0,0,0,0,0,0,0,0,0,0,0,0,0,0,0,0,0,0,0,0,0,1,0,1,0,4,6,21,38,77,150,296,567,1112,1964,3429,15387,15314,24344,37109,54730,79647,112672,154635,205605,265788,335145,410336,486064,559285,621467,670111,701299,705627,686793,644779,586156,512305,434795,355363,281353,220069,169918,134146,113478,108108,117910,141127,168919,181336,154056,80566
0,0,0,0,0,0,0,0,0,0,0,0,0,0,0,0,0,0,0,0,0,1,0,1,1,4,7,19,34,74,148,303,577,1058,1957,3344,15177,15291,24142,36554,54271,79027,111974,152927,204268,265077,333289,409248,484379,558057,620347,669828,700649,706093,688557,646766,586772,514237,436245,356793,283097,220676,171105,134612,113470,108324,118183,141008,168873,181625,154244,80695
0,0,0,0,0,0,0,0,0,0,0,0,0,0,0,0,0,0,0,0,0,0,1,1,0,5,9,17,39,79,131,297,554,1073,1909,3397,14793,15198,23919,36274,54126,77835,111020,151760,202820,264059,332831,406724,483210,556123,619662,670122,700028,705961,689873,648473,589002,515475,437440,357937,285315,221157,172030,135112,113860,108476,118402,140997,168851,181892,154354,80785
0,0,0,0,0,0,0,0,0,0,0,0,0,0,0,0,0,0,0,0,0,0,0,2,0,4,11,15,35,83,135,288,568,1013,1923,3273,14716,14927,23591,35997,53561,77678,109330,151173,201456,262608,330352,405991,482597,554727,618475,670166,699710,705819,690907,649800,591145,517064,438370,360125,286464,222369,172139,136133,114132,108627,118413,141184,168798,182025,154543,80946
0,0,0,0,0,0,0,0,0,0,0,0,0,0,0,0,0,0,0,0,0,0,0,0,3,1,7,17,35,77,140,293,502,1021,1885,3257,14481,14775,23289,35778,52974,77146,109030,149564,200411,261040,328866,403959,480911,553645,618469,669876,698630,706601,691477,651404,593113,518197,440861,360956,288129,223691,172180,136762,114382,109088,118269,141384,168898,182140,154732,81062
0,0,0,0,0,0,0,0,0,0,0,0,0,0,0,0,0,0,0,0,0,0,0,0,0,6,9,17,33,54,156,296,485,978,1888,3172,14423,14527,23063,35370,52718,76417,107913,149220,198569,259666,327531,401716,479350,552648,617295,669444,700091,707075,692069,651891,594357,521036,442169,362619,288887,224277,173431,137401,114683,109498,118229,141407,168964,182287,154865,81208
0,0,0,0,0,0,0,0,0,0,0,0,0,0,0,0,0,0,0,0,0,0,0,0,0,5,8,18,30,67,151,269,501,978,1860,3089,14310,14429,22522,35145,52365,75516,107400,147757,197878,257953,326319,400353,477160,552020,615941,668951,698889,709394,691927,654065,595293,523227,443748,364137,289933,225611,173948,137893,115126,109430,118400,141427,168914,182617,155124,81310
0,0,0,0,0,0,0,0,0,0,0,0,0,0,0,0,0,0,0,0,0,0,0,0,0,5,11,15,28,78,132,273,484,980,1821,3099,13999,14265,22627,34521,51623,75183,106476,147076,196219,256292,325212,399415,475042,549895,616361,666971,700282,708432,693978,654959,597472,524735,445197,364982,292124,226491,174630,138495,115450,109607,118508,141189,169433,182753,155150,81438
0,0,0,0,0,0,0,0,0,0,0,0,0,0,0,0,0,0,0,0,0,0,0,0,0,6,7,15,34,60,144,275,485,961,1756,3066,13773,14139,22253,34533,51236,74602,105434,145288,195946,254762,324228,397183,474717,547599,615149,665772,701338,707987,695829,656192,598545,526684,446722,366439,294004,227118,175464,138710,115952,109837,118712,140914,169635,182905,155361,81637
0,0,0,0,0,0,0,0,0,0,0,0,0,0,0,0,0,0,0,0,0,0,0,0,0,2,8,16,35,59,147,253,481,966,1751,2998,13638,13921,22225,33827,50952,74164,104462,144342,194712,253817,322258,395155,473135,547807,612779,665993,700441,709605,695948,657777,600714,528049,448127,368348,294219,228375,176519,139029,116243,110434,118897,140475,169886,183119,155661,81639
0,0,0,0,0,0,0,0,0,0,0,0,0,0,0,0,0,0,0,0,0,0,0,0,0,4,7,18,23,63,124,262,464,925,1706,3045,13345,13928,21921,33773,50067,73558,103969,143676,192647,253002,320222,394039,472127,546517,611993,664793,700101,710773,696706,658475,602347,529751,449789,370132,294887,230096,177245,139401,116730,110286,119044,140548,169968,183235,155839,81837
0,0,0,0,0,0,0,0,0,0,0,0,0,0,0,0,0,0,0,0,0,0,0,0,2,4,7,14,29,54,131,250,478,933,1629,2977,13193,13716,21773,33145,49902,72921,102879,142837,191868,251373,318844,392549,470029,545871,611486,664805,698661,711745,696480,659794,603958,533109,450626,371086,296350,230859,178475,139883,117306,110275,119157,140423,170155,183270,156169,81928
0,0,0,0,0,0,0,0,0,0,0,0,0,0,0,0,0,0,0,0,0,0,0,0,0,7,5,17,24,50,127,248,486,863,1709,2838,13072,13461,21535,32941,49299,72283,102679,141613,190498,249805,317657,390422,469459,544431,609883,664872,698387,712225,696780,661755,605510,534309,452707,371623,298494,231646,179011,140640,117853,110570,119130,140554,170216,183251,156438,82025
0,0,0,0,0,0,0,0,0,0,0,0,0,0,0,0,0,0,0,0,0,0,0,0,0,3,11,13,21,61,113,244,479,910,1661,2767,12959,13183,21191,32571,49078,71639,101339,141062,189492,248491,315489,389966,468021,542413,609449,664091,698439,711486,699601,662009,606893,535263,455525,373537,298901,232936,179646,141303,118221,110611,119340,140612,170195,183646,156198,82329
0,0,0,0,0,0,0,0,0,0,0,0,0,0,0,0,0,0,0,0,0,0,0,0,0,2,8,13,29,48,114,233,463,910,1590,2851,12782,13095,20725,32377,48741,71006,100562,139815,188725,247314,313583,388907,466613,541648,607477,663730,697441,712607,699673,663981,608157,537639,456284,376037,299371,234403,180104,141873,118299,111068,119516,140669,170300,183753,156416,82456
0,0,0,0,0,0,0,0,0,0,0,0,0,0,0,0,0,0,0,0,0,0,0,0,1,4,4,13,31,43,115,227,466,899,1587,2759,12644,13028,20499,32213,47829,70571,99999,138705,187588,246282,311663,387211,465342,540334,607881,662031,697769,712463,700343,665686,609519,539274,457881,377080,301039,235206,180842,142841,118196,111628,119656,140647,170440,183780,156585,82564
0,0,0,0,0,0,0,0,0,0,0,0,0,0,0,0,0,0,0,0,0,0,0,0,2,2,4,11,36,50,108,211,464,872,1558,2738,12470,12956,20333,31966,47301,69671,99422,137842,186404,243983,310873,385823,464924,538110,606853,661427,698133,712774,701056,666714,612192,539320,460139,378292,302600,235843,182133,143101,118506,111924,119649,141142,169948,184204,156596,82728
0,0,0,0,0,0,0,0,0,0,0,0,0,0,0,0,0,0,0,0,0,0,0,0,2,3,4,12,33,43,111,220,431,893,1509,2665,12419,12873,20083,31319,47057,68883,98666,137427,184720,242923,309823,383836,462745,537473,606090,661253,697641,712370,702097,668676,612575,541008,462139,380671,303183,236769,182700,144038,118942,111964,119991,141164,169882,184358,156852,82872
0,0,0,0,0,0,0,0,0,0,0,0,0,0,0,0,0,0,0,0,0,0,0,1,1,1,6,17,22,50,108,218,441,853,1513,2540,12400,12708,19960,30930,46590,68552,97613,136143,184394,240915,308373,382382,461681,536468,605107,660349,697401,713365,702994,669167,613860,542538,463850,381848,305083,237947,183168,144306,119698,111822,120242,141260,169905,184576,157026,83016
0,0,0,0,0,0,0,0,0,0,0,0,0,0,0,0,0,0,0,0,0,0,0,1,0,1,8,18,18,55,110,219,428,816,1487,2538,12237,12529,19718,30669,46075,67969,97157,135062,182480,240035,306952,381871,459561,535217,604488,658509,697706,713219,704317,670054,615809,544488,465378,383419,306180,239294,183820,144834,120073,111865,120161,141590,169768,184781,157339,83085
0,0,0,0,0,0,0,0,0,0,0,0,0,0,0,0,0,0,0,0,0,0,0,0,1,1,7,15,24,60,93,210,424,786,1527,2512,11974,12431,19379,30215,46206,67232,96234,134140,181039,238750,306065,380400,458017,533658,603386,658874,697301,713499,704260,671384,617158,546669,466647,384744,307781,240403,184748,145215,120518,112292,120048,141692,169780,184953,157329,83327
0,0,0,0,0,0,0,0,0,0,0,0,0,0,0,0,0,0,0,0,0,0,0,0,0,2,10,13,25,50,96,209,416,800,1469,2495,11881,12211,19181,29960,45645,66806,95583,133258,179827,237606,304887,378299,456536,532758,601713,658968,697123,713137,705362,672565,618988,547841,468588,386052,309120,241042,186116,145512,120800,112407,120400,141702,169618,185384,157589,83358
0,0,0,0,0,0,0,0,0,0,0,0,0,0,0,0,0,0,0,0,0,0,0,0,0,2,9,14,25,53,91,216,402,795,1416,2543,11733,11814,19114,29781,45086,66486,94982,131821,178752,236219,303114,378059,454020,531600,600320,658205,697428,714114,704682,674246,621437,549427,470277,387445,310091,241621,187004,146255,121477,112309,120719,141863,169496,185507,157796,83542
0,0,0,0,0,0,0,0,0,0,0,0,0,0,0,0,0,0,0,0,0,0,0,0,1,2,6,12,22,51,95,219,392,788,1405,2465,11510,11869,18902,29206,44848,65734,94265,130965,177578,235458,301694,375376,453182,530911,599748,656629,697145,714629,704790,675387,622126,552640,471998,388533,311490,242910,187837,146721,121755,112604,120800,141736,169721,185372,158196,83685
0,0,0,0,0,0,0,0,0,0,0,0,0,0,0,0,0,0,0,0,0,0,0,0,0,2,7,9,28,37,106,198,408,751,1428,2417,11425,11641,18597,29206,43954,65643,93222,130347,176816,233803,300687,373226,452021,529232,598875,656430,696927,714991,705671,676638,623407,553472,474062,390781,312136,244095,188232,147144,122157,113112,120744,141630,170129,185345,158442,83777
0,0,0,0,0,0,0,0,0,0,0,0,0,0,0,0,0,0,0,0,0,0,0,0,1,2,5,11,20,47,107,182,393,774,1382,2377,11362,11518,18414,28942,43718,64515,92678,129549,176136,231866,299504,372062,450396,527520,598390,655833,696752,713649,707437,678451,624066,555400,475393,392073,314145,245563,188553,147833,122424,113054,120942,141716,170320,185398,158603,83932
0,0,0,0,0,0,0,0,0,0,0,0,0,0,0,0,0,0,0,0,0,0,0,0,0,3,2,15,28,40,94,196,376,741,1338,2363,11242,11317,18236,28666,43111,64010,92125,129002,174644,230624,298548,370547,448775,526262,596622,655769,696138,714419,708073,678655,626633,556084,476888,394639,314815,246985,188902,148801,122996,113091,120809,141863,170579,185398,158835,84109
0,0,0,0,0,0,0,0,0,0,0,0,0,0,0,0,0,0,0,0,0,0,0,0,1,0,6,17,23,39,97,194,374,707,1291,2405,11047,11261,17960,28481,42569,63648,91129,128511,173338,229272,297026,369871,446533,525384,594725,655170,695565,715900,708995,679343,627527,558072,478438,395663,317050,247414,190345,149167,123526,113217,120915,141686,170889,185342,159043,84232
0,0,0,0,0,0,0,0,0,0,0,0,0,0,0,0,0,0,0,0,0,0,0,0,1,2,6,13,26,43,85,197,366,703,1311,2338,10946,11122,17857,27936,42664,62834,90727,126895,172782,228277,295141,368344,445371,523073,594720,654609,695815,714428,710385,680948,628091,560496,479875,397261,318506,248328,190947,149761,123865,113674,120719,141952,170991,185358,159240,84379
0,0,0,0,0,0,0,0,0,0,0,0,0,0,0,0,0,0,0,0,0,0,0,0,2,1,4,12,27,42,92,175,365,689,1319,2273,10854,11013,17704,27787,42036,62550,89862,125832,171896,227230,293591,367038,443818,521045,594318,653894,695088,715621,710613,682419,629111,561861,481864,398802,319770,249126,191958,150298,124158,113883,120812,142132,170739,185864,159227,84593
0,0,0,0,0,0,0,0,0,0,0,0,0,0,0,0,0,0,0,0,0,0,0,0,0,2,5,12,19,52,83,190,336,723,1227,2276,10591,11000,17615,27328,41827,61719,89344,125355,169884,226727,292012,365224,443049,519692,593312,652016,695177,716807,711102,683147,630138,563880,483365,400675,321053,250158,192603,150893,124475,114206,120897,142299,170876,185814,159421,84802
0,0,0,0,0,0,0,0,0,0,0,0,0,0,0,0,0,0,0,0,0,0,0,0,1,0,8,10,16,50,91,190,332,709,1221,2239,10411,10977,17446,26931,41605,61427,88325,124095,169009,225900,290877,363064,440992,518854,591144,652077,696308,716961,711167,683147,632961,565177,485143,401766,322542,251440,193338,151400,125000,114316,120955,142284,171009,185937,159601,84955
0,0,0,0,0,0,0,0,0,0,0,0,0,0,0,0,0,0,0,0,0,0,0,0,0,2,4,16,15,39,104,183,337,639,1237,2153,10383,10814,17281,26845,40989,61160,87610,122798,168598,224588,288924,361639,439898,517099,590641,650977,696220,717143,712229,684167,634298,566534,486371,403399,323646,252959,194125,151950,125440,114649,120728,142576,171103,185806,160034,85058
0,0,0,0,0,0,0,0,0,0,0,0,0,0,0,0,0,0,0,0,0,0,0,0,0,2,3,15,15,47,83,183,336,661,1213,2142,10313,10648,16915,26864,40412,60517,87316,122196,166954,223423,288249,359782,437924,516870,587955,650908,695463,717968,712586,686204,635523,567394,488309,404499,325616,253657,195091,152982,124963,115243,120700,142860,170958,186012,160313,85121
0,0,0,0,0,0,0,0,0,0,0,0,0,0,0,0,0,0,0,0,0,0,0,0,1,0,4,11,28,45,81,173,325,665,1211,2149,10071,10662,16702,26584,40223,59727,86618,121224,166741,221059,286832,358653,436601,514907,587461,650801,694853,717625,713594,686937,637971,568261,489951,406452,326896,254783,195522,153397,125637,115373,120803,142711,171215,186236,160337,85295
0,0,0,0,0,0,0,0,0,0,0,0,0,0,0,0,0,0,0,0,0,0,0,0,0,2,0,12,30,53,73,159,338,597,1258,2136,9904,10522,16845,25894,39989,59321,85690,120306,165941,220153,285198,357521,434693,512856,587448,649746,695344,716607,715374,687087,639280,569888,491567,408220,327448,256857,196460,153647,126174,115277,121378,142429,171338,186292,160723,85333
0,0,0,0,0,0,0,0,0,0,0,0,0,0,0,0,0,0,0,0,0,0,0,0,0,2,5,11,24,49,80,157,321,610,1217,2119,9868,10431,16593,25572,39597,58761,85180,119947,164547,218990,283649,355281,433740,512350,585335,649739,694761,716909,715598,689043,639745,571422,494039,409434,329039,257376,197648,153886,126406,116004,121183,142534,171286,186550,160942,85428
0,0,0,0,0,0,0,0,0,0,0,0,0,0,0,0,0,0,0,0,0,0,0,0,0,3,3,12,18,48,78,158,325,618,1110,2101,9819,10342,16277,25502,39084,58586,84180,119115,163687,217821,281931,354928,431768,510991,584243,647935,693930,717709,716426,690433,641073,573625,494518,411620,330846,257903,198592,154392,126885,116217,121447,142469,171357,186616,161035,85632
0,0,0,0,0,0,0,0,0,0,0,0,0,0,0,0,0,0,0,0,0,0,0,0,0,1,6,5,25,43,71,161,325,574,1156,2076,9853,10040,16164,25321,38613,57805,84115,118084,162692,216729,279949,352809,431656,509580,583030,647113,693068,718898,716414,692433,642019,575424,494948,413415,332256,259147,199288,155503,127014,116553,121457,142574,171206,186739,161212,85844
0,0,0,0,0,0,0,0,0,0,0,0,0,0,0,0,0,0,0,0,0,0,0,0,1,1,3,7,22,32,85,161,323,566,1107,2081,9605,9957,16016,25013,38509,57387,82924,117445,162040,215431,279263,350703,429662,508476,581814,646407,693309,717912,717861,692823,644104,576745,496528,414604,334457,259680,200401,155870,127723,116868,121328,142968,170955,186914,161256,86061
0,0,0,0,0,0,0,0,0,0,0,0,0,0,0,0,0,0,0,0,0,0,0,0,0,1,3,9,20,38,67,171,291,563,1148,2097,9423,9836,15881,24783,37950,57057,82247,116877,160287,214645,278090,349275,428343,506554,581800,645639,692452,718612,718655,693467,645006,578354,498814,414755,336127,260587,201140,157109,127947,116883,121821,143153,170528,187259,161491,86153
0,0,0,0,0,0,0,0,0,0,0,0,0,0,0,0,0,0,0,0,0,0,0,0,1,0,5,7,16,43,77,145,310,563,1145,1937,9455,9571,15847,24533,37615,56515,81783,115897,159144,213620,276414,347894,426838,505637,580473,644830,692180,718916,719114,694105,647294,579171,500823,416258,336915,262276,201655,157889,128140,117330,121729,143333,170416,187436,161817,86296
0,0,0,0,0,0,0,0,0,0,0,0,0,0,0,0,0,0,0,0,0,0,0,1,0,0,5,5,14,48,72,153,299,594,1082,1938,9383,9472,15553,24405,37340,56021,81129,114972,157978,212126,275771,346743,425068,503950,579511,643764,692660,717673,720575,695498,646934,581353,503385,417715,337746,263906,202379,158469,128453,117534,121842,143363,170501,187589,161965,86471
0,0,0,0,0,0,0,0,0,0,0,0,0,0,0,0,0,0,0,0,0,0,0,1,0,0,5,4,17,44,71,157,284,604,1068,1948,9156,9517,15266,24188,36957,55545,80720,114209,156843,210873,274240,346021,422685,503582,576976,644294,692185,717434,721558,695914,648415,583891,503649,419667,338924,265257,203793,158414,128731,117704,122105,143334,170594,187824,162212,86528
0,0,0,0,0,0,0,0,0,0,0,0,0,0,0,0,0,0,0,0,0,0,0,1,0,1,3,4,21,32,79,165,277,563,1061,1904,9102,9502,14993,23933,36611,55090,79972,113668,155972,209542,272966,344368,421549,501022,577492,642229,691965,718640,720324,698524,650262,584565,505346,421324,339814,266286,204708,158923,129371,118062,121937,143511,170410,188182,162434,86698
0,0,0,0,0,0,0,0,0,0,0,0,0,0,0,0,0,0,0,0,0,0,0,1,0,2,2,7,16,29,81,169,289,552,998,1932,8962,9339,14942,23638,36395,54506,79604,112657,155094,207878,271642,343143,420243,499815,576518,640995,691945,718525,721712,699043,651207,586346,507018,422738,340672,267569,206044,159284,129746,118265,122064,143393,170791,187992,162681,86924
0,0,0,0,0,0,0,0,0,0,0,0,0,0,0,0,0,0,0,0,0,0,0,0,1,2,3,8,14,33,73,162,283,530,1022,1934,8812,9156,14894,23499,35784,54029,79061,111625,154602,207053,269627,341944,419040,498789,574655,640447,691422,719304,721955,699731,653623,586087,508655,424758,341925,269236,206535,160164,130033,118520,122002,143651,170773,188046,162830,87076
0,0,0,0,0,0,0,0,0,0,0,0,0,0,0,0,0,0,0,0,0,0,0,0,0,3,3,6,15,37,73,171,278,503,1083,1746,8656,9145,14826,23167,35452,53628,78000,111065,153343,206501,268546,340228,417765,496663,573481,640813,690023,719400,723145,700638,654038,588115,510528,425795,344647,269511,207157,160794,130599,118503,122495,143427,170977,188200,163013,87206
0,0,0,0,0,0,0,0,0,0,0,0,0,0,0,0,0,0,0,0,0,0,0,0,0,3,3,9,20,27,62,172,277,522,1029,1861,8549,8957,14617,22923,35216,53040,77258,110334,152901,204678,267901,338788,416007,495353,572998,639062,690184,718844,723892,701987,655622,589035,512364,427755,345282,270591,207734,161639,131320,118491,122916,143128,171272,188097,163247,87441
0,0,0,0,0,0,0,0,0,0,0,0,0,0,0,0,0,0,0,0,0,0,0,0,1,2,3,6,21,30,73,141,284,510,1006,1822,8460,8749,14418,22739,34971,52643,76751,109668,151604,204053,266461,337466,414732,494448,570769,638286,690538,719001,723589,703353,656141,591943,512609,430112,346140,271675,208866,162178,131979,118411,123043,143130,171462,188221,163395,87505
0,0,0,0,0,0,0,0,0,0,0,0,0,0,0,0,0,0,0,0,0,0,0,0,1,0,6,6,18,40,56,145,250,534,969,1794,8296,8748,14218,22543,34698,52105,76514,108668,150451,203023,265035,335941,413405,493348,569751,637355,689474,719515,724014,704553,656938,593727,515279,430992,347042,273029,209930,162721,131969,118762,123361,143113,171476,188408,163504,87683
0,0,0,0,0,0,0,0,0,0,0,0,0,0,0,0,0,0,0,0,0,0,0,0,0,1,3,6,18,32,60,150,249,521,953,1818,8205,8604,14024,22355,34485,51741,75817,107591,149814,201674,263600,334924,411392,492302,568548,637003,688217,719919,724349,705299,659783,594269,517155,431827,348977,274089,210825,163150,132670,119011,123220,143072,171661,188569,163597,87859
0,0,0,0,0,0,0,0,0,0,0,0,0,0,0,0,0,0,0,0,0,0,0,0,0,2,5,4,18,23,66,146,234,502,996,1773,8055,8625,13862,21896,34411,51441,75145,107467,148119,200626,262240,332614,411505,490103,567795,635688,687873,719540,725706,705222,660899,596221,518705,433924,350130,275180,211914,163513,133169,119520,123251,143126,171681,188727,163795,87951
0,0,0,0,0,0,0,0,0,0,0,0,0,0,0,0,0,0,0,0,0,0,0,0,0,1,3,9,11,28,67,123,261,489,979,1741,8032,8429,13651,21863,33962,51178,74414,106527,147688,199054,260702,332104,409179,489475,566282,633986,688548,718735,727371,706694,661002,597906,519745,435350,352249,276217,212655,164325,133462,119733,123413,143177,171813,188684,164019,88072
0,0,0,0,0,0,0,0,0,0,0,0,0,0,0,0,0,0,0,0,0,0,0,0,0,2,2,6,15,28,49,134,252,504,947,1649,7947,8287,13682,21674,33629,50409,74194,105716,147120,197135,259774,331103,407491,488153,564381,633673,687919,719037,727489,707230,663414,599121,521298,437382,353254,277454,213304,164731,133993,119806,123620,143316,171791,188831,164278,88184
0,0,0,0,0,0,0,0,0,0,0,0,0,0,0,0,0,0,0,0,0,0,0,0,0,2,3,4,12,23,57,135,263,489,911,1664,7772,8303,13561,21253,33368,50247,73440,105088,146006,196246,258266,329598,406510,486296,563508,633217,686559,719397,728649,708023,665499,598904,523247,439210,354193,278377,214584,165800,134096,119875,123938,143286,171798,188960,164440,88331
0,0,0,0,0,0,0,0,0,0,0,0,0,0,0,0,0,0,0,0,0,0,0,0,1,2,2,2,14,24,48,131,245,499,892,1607,7737,8228,13358,21191,32865,49679,72995,104446,145192,195849,256982,327835,404382,486039,561846,632394,685796,719188,728940,709127,666699,601662,524228,440594,355511,279694,215135,166248,134557,120300,123823,143196,172226,189019,164566,88414
0,0,0,0,0,0,0,0,0,0,0,0,0,0,0,0,0,0,0,0,0,0,0,0,1,1,1,6,7,35,49,124,247,469,864,1649,7679,8030,13171,21017,32580,49452,72298,103823,144392,194923,255456,326061,403818,483471,561829,630070,686611,719581,728384,709197,668709,603095,526713,440760,357517,281166,215700,166762,135265,120436,123924,143398,171975,189325,164832,88535
0,0,0,0,0,0,0,0,0,0,0,0,0,0,0,0,0,0,0,0,0,0,0,1,0,1,1,6,15,31,51,114,253,451,890,1577,7544,8098,12982,20798,32199,48967,71913,102955,143953,193358,253797,325136,403113,482092,560366,629707,685855,720872,727140,710364,668284,606710,527415,441998,359339,282106,216657,167344,135483,120739,124036,143334,172267,189528,164846,88722
0,0,0,0,0,0,0,0,0,0,0,0,0,0,0,0,0,0,0,0,0,0,0,0,2,0,1,4,13,32,52,113,240,468,901,1544,7506,7870,12838,20776,31997,48554,70849,102467,142561,193153,252376,323138,401034,481545,559055,629638,685640,720649,727451,711014,670589,607122,529543,443681,359923,283372,217437,168197,135853,120921,123973,143438,172291,189781,164869,88937
0,0,0,0,0,0,0,0,0,0,0,0,0,0,0,0,0,0,0,0,0,0,0,2,0,0,0,5,12,35,48,106,230,499,848,1551,7325,7877,12752,20549,31909,48026,70843,101129,141321,192101,251375,321532,400166,479900,558274,628592,685394,719182,728618,712648,671914,608132,530487,445782,360884,284640,218644,168816,135965,121310,124025,143644,172204,189843,165288,88981
0,0,0,0,0,0,0,0,0,0,0,0,0,0,0,0,0,0,0,0,0,0,1,0,1,0,2,7,8,27,49,106,236,473,865,1468,7352,7765,12567,20368,31641,47693,70285,100433,140857,190713,250042,320311,398960,479008,556253,628322,684392,719298,728926,713080,673235,609466,532375,447076,362786,284837,219947,169524,136519,121532,124265,143421,172241,189918,165689,89068
0,0,0,0,0,0,0,0,0,0,0,0,0,0,0,0,0,0,0,0,0,0,1,0,0,2,1,6,12,24,43,111,230,444,840,1507,7224,7661,12666,19996,31404,47144,69643,100315,140041,188804,248912,319209,397538,477748,555676,626918,683355,720342,728668,714206,673677,611288,534531,447815,364172,286367,220819,169968,136726,122022,124388,143368,172290,190383,165706,89197
0,0,0,0,0,0,0,0,0,0,0,0,0,0,0,0,0,0,0,0,0,0,1,0,0,3,0,9,9,21,50,96,228,426,842,1506,7077,7578,12607,19865,30897,46932,69081,99494,139004,187878,248081,318258,394915,476311,555505,625245,682995,720466,729484,715340,674230,613252,534997,450379,365510,287278,221287,171093,137030,121955,124720,143387,172336,190453,166037,89260
0,0,0,0,0,0,0,0,0,0,0,0,0,0,0,0,0,0,0,0,0,0,1,0,0,0,3,6,12,21,34,114,223,397,823,1462,7025,7456,12389,19791,30689,46434,68445,98948,138155,187122,246615,316690,393906,473828,554698,625622,681826,719918,731209,716010,674820,614412,536747,451789,366654,288372,222392,171553,137834,122129,124770,143544,172244,190727,166020,89529
0,0,0,0,0,0,0,0,0,0,0,0,0,0,0,0,0,0,0,0,0,0,0,1,0,0,2,5,14,15,43,107,202,439,808,1455,6828,7535,12188,19547,30433,45935,68402,97871,137193,186202,245364,315425,392288,472701,553177,624243,682280,719425,731590,716872,675673,615785,538932,453562,367881,289265,223560,171993,138210,122294,124705,144027,172362,190495,166437,89637
0,0,0,0,0,0,0,0,0,0,0,0,0,0,0,0,0,0,0,0,0,0,1,0,0,0,1,5,13,16,49,93,212,422,804,1427,6760,7470,12138,19310,30124,45474,67556,97507,136495,184844,244722,314014,390754,471449,552089,623024,681967,719288,732400,717320,678269,615856,539873,454696,369607,290864,224560,172335,138701,122627,124767,144140,172304,190554,166876,89631
0,0,0,0,0,0,0,0,0,0,0,0,0,0,0,0,0,0,0,0,0,0,1,0,0,1,0,1,15,21,44,88,210,419,835,1380,6694,7269,11985,19184,29923,45030,66857,96751,136008,183526,243062,313133,389275,471219,549958,622065,681554,719086,733287,717172,679683,617848,541648,455818,370989,291836,225046,173585,139057,122705,125058,144075,172669,190445,167021,89872
0,0,0,0,0,0,0,0,0,0,0,0,0,0,0,0,0,0,0,0,0,0,0,1,0,1,0,3,11,24,39,96,204,412,795,1373,6615,7260,11747,18976,29819,44538,66364,96432,134674,182636,242005,311477,387394,469622,549248,621415,681040,718486,733430,719781,680666,618177,543220,457250,372714,293202,226115,173728,139590,123030,125008,144253,172745,190605,167034,90153
0,0,0,0,0,0,0,0,0,0,0,0,0,0,0,0,0,0,0,0,0,0,0,0,1,0,3,3,9,24,56,91,194,401,781,1352,6560,7161,11675,18956,29283,44175,66249,95361,133769,181978,240825,309386,386730,468241,547900,621084,680275,718307,733597,721074,680663,620395,545198,457977,374104,294602,226865,174396,139635,123453,125084,144527,172797,190822,167184,90205
0,0,0,0,0,0,0,0,0,0,0,0,0,0,0,0,0,0,0,0,0,0,0,0,1,1,0,7,4,29,55,88,189,402,752,1281,6535,7023,11579,18702,29127,43861,65639,94706,132906,181103,239527,308326,385276,466728,546306,620666,679528,718532,733303,722062,681939,621724,546580,459783,375019,295959,228123,175023,140095,123424,125334,144507,172930,191110,167306,90308
0,0,0,0,0,0,0,0,0,0,0,0,0,0,0,0,0,0,0,0,0,0,0,0,0,2,2,5,3,26,51,98,218,352,710,1311,6375,7030,11449,18610,28811,43535,65137,94137,131990,180153,238420,306131,384363,464770,546396,618923,679051,718281,733253,722942,683801,623571,547001,461749,376515,296572,229611,175585,140956,123274,125459,144586,173057,191119,167545,90472
0,0,0,0,0,0,0,0,0,0,0,0,0,0,0,0,0,0,0,0,0,0,0,0,0,1,3,4,8,21,50,96,199,376,700,1295,6402,6753,11632,18106,28582,43341,64730,93375,131086,178513,237928,304814,382999,464148,544653,618564,678263,716996,735315,722451,685922,624693,548432,462651,378086,297548,230582,176111,141301,123849,125491,144763,173028,191077,167697,90773
0,0,0,0,0,0,0,0,0,0,0,0,0,0,0,0,0,0,0,0,0,0,0,0,0,1,2,5,8,23,47,85,206,364,685,1338,6290,6809,11256,17992,28274,43076,64328,92604,130390,178010,235913,304502,381294,462371,543096,618386,677310,716916,734690,724121,687070,626915,548738,464288,379347,298908,231898,176474,141692,124332,125687,144608,172889,191196,167935,91039
0,0,0,0,0,0,0,0,0,0,0,0,0,0,0,0,0,0,0,0,0,0,0,0,0,1,0,6,9,23,51,90,196,359,694,1275,6187,6721,11096,17884,28040,42586,63925,92061,129605,177003,234611,303351,379929,460209,542532,617131,676532,717752,735317,724058,688758,627643,550705,465909,380229,300585,232404,177186,142078,124591,125722,144679,173065,191225,168139,91256
0,0,0,0,0,0,0,0,0,0,0,0,0,0,0,0,0,0,0,0,0,0,0,0,0,0,3,6,4,27,45,101,194,343,688,1246,6116,6684,10943,17771,27666,42508,63282,91646,128335,176055,233377,302121,378898,459189,541187,615966,675391,717512,736324,724303,689210,630280,551989,467676,381875,301196,232659,178805,142013,124982,125928,144610,173161,191308,168451,91334
0,0,0,0,0,0,0,0,0,0,0,0,0,0,0,0,0,0,0,0,0,0,0,0,0,1,3,3,7,24,52,109,163,367,658,1213,6097,6547,10817,17613,27472,42266,62617,91088,127545,174961,232180,300863,377738,457522,540479,614466,675842,717341,735589,725614,691065,629418,554293,469546,383238,302212,233760,179081,142877,125309,126124,144379,173271,191518,168716,91344
0,0,0,0,0,0,0,0,0,0,0,0,0,0,0,0,0,0,0,0,0,0,0,0,1,1,2,5,7,20,53,109,180,344,631,1205,6027,6469,10677,17307,27188,41868,62644,90155,126808,173300,231951,299119,376140,456934,538536,614317,674657,717938,735355,726068,691325,632390,555815,471057,383990,303386,234735,180062,143151,125192,126496,144502,173196,191678,168820,91597
0,0,0,0,0,0,0,0,0,0,0,0,0,0,0,0,0,0,0,0,0,0,0,0,0,2,3,0,9,20,58,92,180,333,654,1197,5908,6494,10552,17081,26908,41637,61960,89628,126020,171938,230928,298341,374186,456038,537401,612802,674226,717685,735732,727347,691754,634171,557761,471720,385842,304418,235467,180483,144084,125522,126364,144714,173008,191953,168991,91796
0,0,0,0,0,0,0,0,0,0,0,0,0,0,0,0,0,0,0,0,0,0,0,0,1,1,2,2,8,21,57,85,178,359,595,1186,5869,6348,10519,16928,26776,41010,61745,88735,125070,172306,228497,297560,372718,455117,535644,610803,675395,716290,736827,727363,693390,635894,558682,474060,386907,305082,236328,181384,144253,125998,126337,144822,172972,192100,169345,91839
0,0,0,0,0,0,0,0,0,0,0,0,0,0,0,0,0,0,0,0,0,0,0,1,1,0,1,3,6,26,45,92,170,371,634,1146,5819,6208,10418,16807,26465,40630,61175,88064,124858,171343,226724,296508,370906,454216,534754,609740,673651,717134,737165,728262,693494,636953,560892,475738,388369,306211,237032,182553,144565,126111,126668,144485,173383,192087,169473,92051
0,0,0,0,0,0,0,0,0,0,0,0,0,0,0,0,0,0,0,0,0,0,0,0,2,0,0,3,9,19,48,81,187,362,631,1164,5683,6159,10394,16565,26453,40295,60474,87623,123968,170130,226462,294570,370207,452268,533212,609083,672156,717324,738684,727819,695643,637553,562302,477625,389706,307093,237786,183657,144591,126413,126845,144760,173327,192118,169735,92219
0,0,0,0,0,0,0,0,0,0,0,0,0,0,0,0,0,0,0,0,0,0,0,0,2,0,1,4,7,18,46,79,184,341,673,1138,5618,6129,10222,16621,26180,40026,59558,86794,123675,168857,225790,293122,368827,450312,532950,608308,671463,717288,737108,729326,697012,638512,565009,478483,390619,308563,239013,183422,145552,126706,127015,144778,173666,192025,169958,92408
0,0,0,0,0,0,0,0,0,0,0,0,0,0,0,0,0,0,0,0,0,0,0,0,1,1,2,2,6,23,40,94,162,316,692,1162,5490,6131,9925,16502,25871,39822,59187,86398,122068,168331,224995,291546,367532,449280,531776,607329,669773,717906,737595,730303,698107,639433,566704,480181,391364,309939,239606,184174,146085,126784,127358,144805,173832,192128,170034,92613
0,0,0,0,0,0,0,0,0,0,0,0,0,0,0,0,0,0,0,0,0,0,0,0,0,2,2,3,6,18,49,86,143,327,630,1198,5543,5963,9878,16200,25777,39377,58777,85552,121640,167296,223743,290203,366166,448999,529535,606326,669655,717632,737102,730897,699075,641240,568300,481638,392426,311477,240766,184557,146674,126977,127364,145048,173983,192262,170132,92764
0,0,0,0,0,0,0,0,0,0,0,0,0,0,0,0,0,0,0,0,0,0,0,0,0,2,1,6,5,19,37,85,146,336,616,1160,5484,5858,9915,15984,25194,39195,58517,84933,120831,166813,222087,289760,364224,447527,529046,604108,670317,716027,738110,731326,700282,642181,569959,483041,394353,312093,241915,185251,147256,127068,127499,145193,174050,192510,170194,92894
0,0,0,0,0,0,0,0,0,0,0,0,0,0,0,0,0,0,0,0,0,0,0,0,0,0,6,2,6,17,44,82,160,306,647,1058,5543,5761,9798,15828,24953,38945,57809,84629,120051,165341,222222,287956,362797,446286,527894,603524,669121,714971,738269,732816,700729,644682,570880,484384,396320,313019,242270,185625,148096,127785,127384,145244,174014,192684,170391,93059
0,0,0,0,0,0,0,0,0,0,0,0,0,0,0,0,0,0,0,0,0,0,0,0,0,1,3,5,8,16,38,81,160,324,595,1077,5427,5891,9572,15536,24941,38479,57480,84077,119142,164706,220522,287151,362336,443795,525825,603028,668621,714980,738173,734034,702323,645271,571615,486493,397649,314433,243254,186258,148346,128078,127514,145559,174038,192523,170790,93240
0,0,0,0,0,0,0,0,0,0,0,0,0,0,0,0,0,0,0,0,0,0,0,0,0,0,4,3,9,18,40,62,173,304,566,1102,5337,5737,9584,15367,24916,38005,57136,83520,118516,163559,219333,285440,360777,442987,524943,602349,667500,715708,737866,734139,702759,647915,572450,487829,399519,315174,244336,187175,148548,128315,127544,145611,174051,192941,170763,93478
0,0,0,0,0,0,0,0,0,0,0,0,0,0,0,0,0,0,0,0,0,0,0,0,0,1,2,6,5,20,42,85,145,304,564,1054,5274,5647,9404,15460,24513,37663,56445,83279,118413,162247,217846,284187,359641,441856,523833,600744,667014,715634,738160,734999,703408,649511,573875,489440,400230,316479,245407,188134,148445,128907,127689,145573,174147,193137,170838,93701
0,0,0,0,0,0,0,0,0,0,0,0,0,0,0,0,0,0,0,0,0,0,0,0,1,0,2,4,7,20,44,79,151,296,568,1051,5220,5497,9333,15310,24243,37246,56406,82255,117984,161187,216755,283144,358455,440301,522787,599733,666302,715088,738872,734654,704557,650422,575940,490716,402048,317957,246434,188447,148695,129547,127682,145781,174067,193401,170916,93803
0,0,0,0,0,0,0,0,0,0,0,0,0,0,0,0,0,0,0,0,0,0,0,0,0,1,2,2,14,12,42,82,161,298,552,1025,5180,5529,9329,15049,23950,36936,55615,82003,116851,160730,215846,281382,356822,439977,521568,597957,665945,714656,739604,734728,705464,652357,576747,492685,403156,319072,247275,189412,149349,129636,128079,145555,174259,193432,171214,93868
0,0,0,0,0,0,0,0,0,0,0,0,0,0,0,0,0,0,0,0,0,0,0,0,0,0,4,0,12,22,31,83,164,289,560,972,5225,5445,9172,14981,23591,36765,55804,81046,115881,159596,215179,280082,355731,438064,520823,596731,665808,713406,740078,736005,705827,653267,579100,492862,405481,320284,248192,190356,149482,129782,128245,145619,174506,193367,171410,94078
0,0,0,0,0,0,0,0,0,0,0,0,0,0,0,0,0,0,0,0,0,0,0,0,0,0,2,3,11,19,36,82,152,325,533,996,5083,5430,9208,14788,23456,36358,55065,80643,115116,159175,213776,278699,354525,436480,519269,597167,664358,713685,739317,736813,706897,654505,580249,495033,406236,321952,248982,191229,149898,129912,128388,145785,174226,193518,171828,94200
0,0,0,0,0,0,0,0,0,0,0,0,0,0,0,0,0,0,0,0,0,0,0,0,0,0,3,5,8,19,33,82,158,284,545,973,4973,5511,9093,14668,23213,36196,54575,79909,114791,157603,213465,277522,353373,435075,517115,597057,662933,713445,739490,737591,707846,655833,582066,496680,407300,323128,249747,191587,150953,129980,128446,145878,174085,193698,172121,94352
0,0,0,0,0,0,0,0,0,0,0,0,0,0,0,0,0,0,0,0,0,0,0,0,0,0,3,2,11,22,34,79,153,293,529,973,4989,5442,8866,14568,22968,35939,54008,79421,113730,157446,212246,276541,351950,433421,515675,596293,662522,712986,739141,738745,708993,656161,584105,497835,409030,324436,250663,192276,151459,130470,128315,145959,174029,193942,172277,94462
0,0,0,0,0,0,0,0,0,0,0,0,0,0,0,0,0,0,0,0,0,0,0,0,0,0,3,4,8,22,32,78,162,273,500,993,4930,5327,8910,14527,22661,35500,53547,78806,112941,156711,211255,275118,351045,432342,513759,595902,660965,713097,739410,738869,710560,657480,584726,499820,409926,326307,251384,193098,151889,130847,128465,145836,174316,194149,172306,94602
0,0,0,0,0,0,0,0,0,0,0,0,0,0,0,0,0,0,0,0,0,0,0,0,0,0,2,4,8,19,34,80,159,265,501,986,4939,5231,8684,14552,22552,35228,52798,78397,112366,155452,210408,274156,349428,430929,514003,592585,661619,712196,739840,739212,711549,658181,587268,501015,411304,327478,252150,193962,152439,131107,128635,145929,174215,194350,172402,94791
0,0,0,0,0,0,0,0,0,0,0,0,0,0,0,0,0,0,0,0,0,0,0,0,0,0,3,1,11,15,41,69,145,266,502,962,4917,5179,8685,14211,22606,34774,52454,78421,110857,154932,208660,273455,348589,429134,512567,592340,660377,711753,740817,739528,712447,659127,588860,502131,413419,327850,253510,194583,152859,131377,128872,145912,174295,194322,172598,94975
0,0,0,0,0,0,0,0,0,0,0,0,0,0,0,0,0,0,0,0,0,0,0,0,0,0,3,3,7,25,32,69,140,237,487,960,4800,5101,8700,14148,22407,34457,52248,77337,110923,153419,207616,272479,346904,428801,510776,591224,659477,712434,740653,739821,713102,661439,588932,503987,415018,328960,254387,195258,153060,131704,129143,145930,174482,194391,172821,95106
0,0,0,0,0,0,0,0,0,0,0,0,0,0,0,0,0,0,0,0,0,0,0,0,0,0,2,3,8,16,43,68,123,260,509,907,4754,4953,8697,14117,21971,34333,51962,76982,109634,152779,206686,270673,345991,427683,509329,590630,659162,712065,740527,738900,715059,662774,591242,504663,416282,330291,255539,195550,153696,131895,129417,145960,174644,194164,173149,95316
0,0,0,0,0,0,0,0,0,0,0,0,0,0,0,0,0,0,0,0,0,0,0,0,0,0,2,2,8,19,40,62,127,263,487,903,4587,5088,8501,13889,21950,33976,51468,76482,109333,151330,205336,269727,345143,425782,508605,589752,658778,711559,739846,740966,714229,664535,592718,506350,417736,331331,256502,196146,154373,132025,129612,146064,174678,194308,173364,95426
0,0,0,0,0,0,0,0,0,0,0,0,0,0,0,0,0,0,0,0,0,0,0,0,0,0,1,3,7,23,28,71,124,252,465,921,4504,5056,8414,13659,21870,33928,50813,76022,108159,150511,204957,267988,344226,424223,508537,588223,657415,711681,739878,741568,715688,664950,594024,508421,418246,333104,257531,196456,154923,132443,129562,146410,174665,194313,173444,95701
0,0,0,0,0,0,0,0,0,0,0,0,0,0,0,0,0,0,0,0,0,0,0,0,0,0,1,4,5,21,32,69,126,254,430,940,4460,4956,8318,13537,21737,33372,50813,75520,107110,150294,203291,267396,342697,423885,506761,586962,656097,711613,740718,741269,715766,667394,594963,510258,419204,334788,258618,197128,155273,132474,129773,146585,174445,194603,173513,95935
0,0,0,0,0,0,0,0,0,0,0,0,0,0,0,0,0,0,0,0,0,0,0,0,0,0,1,4,7,15,30,71,126,237,437,900,4480,4815,8188,13501,21556,33075,50511,74817,106757,148783,202993,266402,340424,422462,505400,586489,655851,711545,740592,740698,717860,667475,597440,511096,421077,336112,259146,197612,155991,132687,130196,146527,174710,194508,173772,96032
0,0,0,0,0,0,0,0,0,0,0,0,0,0,0,0,0,0,0,0,0,0,0,0,0,0,1,1,8,17,36,61,125,244,450,865,4395,4797,8089,13307,21343,32920,50178,74056,106122,148316,201625,265136,339516,420990,504761,584652,655269,711127,741085,742531,717212,669028,598289,511667,423951,336537,259894,198758,156460,133348,130074,146515,174975,194628,173896,96153
0,0,0,0,0,0,0,0,0,0,0,0,0,0,0,0,0,0,0,0,0,0,0,0,0,0,1,1,1,21,39,62,119,226,468,834,4346,4765,7971,13261,21043,32751,49861,73401,105291,147723,200252,264584,337849,419807,503173,584411,654139,710189,741741,743005,717908,669831,599891,513409,425216,338285,260416,199591,157018,133484,130287,146604,174931,194774,174147,96281
0,0,0,0,0,0,0,0,0,0,0,0,0,0,0,0,0,0,0,0,0,0,0,0,0,0,0,3,3,12,51,56,113,229,464,820,4308,4751,7802,13211,21062,32315,49213,72890,104624,146951,199410,263730,336356,418339,502673,582120,655155,708823,740866,743425,719418,672063,599691,516114,426269,339427,261202,200140,157807,133712,130472,146594,175085,194814,174369,96456
0,0,0,0,0,0,0,0,0,0,0,0,0,0,0,0,0,0,0,0,0,0,0,0,0,0,1,0,6,12,46,67,100,226,424,861,4267,4665,7910,12934,20785,32043,48791,72718,104204,145686,198356,262304,335964,417402,500923,581379,653276,708497,740578,744946,720896,671830,601796,517391,428000,340329,262525,200731,157735,134299,130492,146909,174924,195125,174356,96699
0,0,0,0,0,0,0,0,0,0,0,0,0,0,0,0,0,0,0,0,0,0,0,0,0,1,0,0,5,14,36,66,97,218,441,841,4246,4642,7772,12805,20658,31671,48770,72198,103408,144657,197797,260908,334193,416542,499017,581450,652342,708553,739915,745123,721814,673044,603465,518776,429295,341030,264353,201408,158090,134593,130657,146739,175187,195176,174483,96912
0,0,0,0,0,0,0,0,0,0,0,0,0,0,0,0,0,0,0,0,0,0,0,0,0,1,0,1,4,16,37,54,106,208,409,890,4166,4549,7727,12756,20360,31400,48653,71282,103006,143880,196670,259504,333858,414031,498465,580058,651585,707729,740708,745582,722357,674953,604238,521144,430175,342426,264623,202621,158385,134578,131044,146685,175371,195435,174696,96982
0,0,0,0,0,0,0,0,0,0,0,0,0,0,0,0,0,0,0,0,0,0,0,0,0,1,1,0,6,13,32,53,114,192,425,831,4131,4607,7588,12593,20127,31273,47890,71280,102289,143008,196049,258530,332395,412012,497635,578504,651593,707257,740925,745769,723370,675932,605867,522405,431319,343860,265741,203101,158716,135197,130990,146959,175123,195596,174888,97221
0,0,0,0,0,0,0,0,0,0,0,0,0,0,0,0,0,0,0,0,0,0,0,0,0,0,1,3,4,8,38,51,101,196,418,839,4077,4493,7545,12397,19995,31278,47378,70297,102115,142556,194859,257691,330647,410788,495631,578473,650871,705618,741055,746927,724847,676521,607889,523075,432716,345104,266771,203747,159809,135023,131202,147144,175207,195614,174948,97441
0,0,0,0,0,0,0,0,0,0,0,0,0,0,0,0,0,0,0,0,0,0,0,0,0,0,0,3,3,11,29,50,94,203,441,787,4035,4514,7356,12280,19959,30813,47051,70176,100968,142367,193580,255948,330220,408907,495188,576995,649950,705515,741219,747905,724899,677445,609997,523757,434407,346327,267318,204844,160350,134892,131517,147397,175223,195801,175073,97594
0,0,0,0,0,0,0,0,0,0,0,0,0,0,0,0,0,0,0,0,0,0,0,0,0,0,1,2,2,9,22,53,101,209,394,786,3968,4412,7398,12069,19786,30653,46864,69394,100892,140974,192554,255640,328377,407775,493055,576630,649202,705112,741564,748324,725990,677943,611042,525886,435159,348026,268487,205032,161145,135212,131653,147545,175156,195935,175286,97689
0,0,0,0,0,0,0,0,0,0,0,0,0,0,0,0,0,0,0,0,0,0,0,0,0,0,1,0,4,9,22,49,92,197,389,799,3867,4348,7400,12142,19392,30456,46596,68839,100330,140414,191276,254533,327370,405362,492564,575100,648522,705826,740743,748546,726933,679912,611119,527752,437283,348535,269711,205764,161362,135985,131866,147239,175230,196231,175434,97864
0,0,0,0,0,0,0,0,0,0,0,0,0,0,0,0,0,0,0,0,0,0,0,0,0,0,1,1,3,10,22,44,104,209,379,734,3907,4256,7225,12105,19316,30352,45948,68396,99383,139838,190654,253096,326420,404330,491292,574227,647681,704728,741358,748614,727985,681200,612796,528554,438719,348953,271256,206760,161531,136497,131869,147672,175214,196198,175559,98012
0,0,0,0,0,0,0,0,0,0,0,0,0,0,0,0,0,0,0,0,0,0,0,0,0,0,1,2,4,13,13,50,101,196,378,764,3818,4253,7096,12050,19155,30062,45774,68322,98065,138778,190229,252370,323969,403827,489570,573070,647492,704818,740777,748911,729417,682046,613685,530252,439641,350568,272601,207345,161797,136848,132052,147738,175338,196277,175661,98214
0,0,0,0,0,0,0,0,0,0,0,0,0,0,0,0,0,0,0,0,0,0,0,0,0,0,2,1,3,11,25,33,92,215,401,726,3767,4210,7075,11829,19111,29608,45778,67527,97393,138386,189224,250640,322843,403454,487412,572371,647300,704216,740026,749115,730409,683903,614397,532050,441767,351469,273177,208058,162484,136898,132178,148003,175289,196308,175742,98482
0,0,0,0,0,0,0,0,0,0,0,0,0,0,0,0,0,0,0,0,0,0,0,0,0,1,1,1,3,12,17,39,96,221,387,698,3738,4207,6968,11806,18887,29447,45337,67180,97148,136986,188372,249594,321736,402173,487100,570818,645295,704862,739230,750270,731857,684232,615264,533821,442994,353306,273205,209086,162935,137545,132105,148167,175337,196158,176173,98593
0,0,0,0,0,0,0,0,0,0,0,0,0,0,0,0,0,0,0,0,0,0,0,0,0,1,0,2,5,12,16,41,101,204,389,709,3705,4072,6923,11837,18559,29275,44903,66623,96655,136527,186790,248652,320337,401232,485619,569597,644737,704550,739524,750668,731729,687023,616554,535090,443569,354258,274403,210432,163158,137332,132857,147953,175306,196548,176271,98660
0,0,0,0,0,0,0,0,0,0,0,0,0,0,0,0,0,0,0,0,0,0,0,0,0,1,1,2,4,11,16,45,97,208,381,699,3680,3994,6918,11577,18568,28803,44555,66451,96292,135645,185439,247775,319163,399372,484538,568510,644575,703665,740799,749874,732791,687921,618425,535910,444411,355917,275747,211190,163284,137534,133116,148158,175338,196715,176516,98777
0,0,0,0,0,0,0,0,0,0,0,0,0,0,0,0,0,0,0,0,0,0,0,0,0,1,1,2,6,7,20,44,87,202,382,739,3549,3978,6837,11564,18321,28668,44027,66220,95736,135018,184237,246598,318036,397855,483537,567548,643570,703184,740512,750219,734280,688297,620697,536502,446314,356671,276884,212023,163989,137745,133019,148374,175435,196923,176666,98884
0,0,0,0,0,0,0,0,0,0,0,0,0,0,0,0,0,0,0,0,0,0,0,0,0,0,1,3,3,12,14,49,95,185,408,690,3500,3926,6876,11419,18088,28399,43946,65362,95553,134091,184074,244438,316900,397002,482095,567000,642435,702789,739970,750765,735780,689303,621839,537743,447516,358147,277605,212579,164478,138226,133402,148165,175801,196926,176809,99001
0,0,0,0,0,0,0,0,0,0,0,0,0,0,0,0,0,0,0,0,0,0,0,0,0,0,2,1,1,12,21,44,98,183,386,699,3478,3869,6794,11231,18100,28095,43631,64814,94443,133746,183495,242624,316833,396109,479461,566299,640819,703803,738966,751565,736736,690022,623855,539055,448406,359381,278657,213225,165099,138764,133238,148381,175962,196722,177062,99221
0,0,0,0,0,0,0,0,0,0,0,0,0,0,0,0,0,0,0,0,0,0,0,0,0,0,2,2,3,11,13,49,89,196,383,685,3411,3940,6608,11225,17817,28081,43048,64364,94015,132652,182638,242630,314458,394676,479473,563878,640933,703262,738879,752558,735860,691697,625659,541344,448632,360632,279992,213277,165901,138928,133536,148365,176003,197044,177344,99215
0,0,0,0,0,0,0,0,0,0,0,0,0,0,0,0,0,0,0,0,0,0,0,0,0,1,2,1,2,10,17,38,96,204,364,712,3377,3782,6630,10943,17929,27681,42788,64262,93110,132095,181227,242427,313367,393231,477856,563073,640511,701366,739548,752895,736786,693019,626677,542517,450296,361560,281222,214029,166171,139329,133807,148446,176032,197118,177521,99333
0,0,0,0,0,0,0,0,0,0,0,0,0,0,0,0,0,0,0,0,0,0,0,0,0,0,2,2,2,8,19,46,86,209,363,687,3324,3716,6615,11010,17630,27574,42257,63715,92718,131055,180304,241221,313246,391397,476752,562344,639281,700038,739833,753618,738263,694497,626375,544074,452362,362610,281947,214751,167028,139412,133939,148421,176295,197197,177740,99425
0,0,0,0,0,0,0,0,0,0,0,0,0,0,0,0,0,0,0,0,0,0,0,0,0,0,2,2,2,6,22,39,94,194,369,675,3310,3675,6535,10901,17441,27237,42334,63446,91599,130352,179235,240356,311662,390846,474480,562505,638013,699606,739273,754381,738408,695772,628312,545282,454218,363643,282556,215841,167560,139566,133822,148658,176454,197186,177884,99654
0,0,0,0,0,0,0,0,0,0,0,0,0,0,0,0,0,0,0,0,0,0,0,0,0,1,2,0,4,3,21,42,92,196,374,650,3258,3680,6476,10779,17435,27047,41881,62810,91215,129421,179046,238421,310743,389468,474021,559910,637913,699291,739175,755330,739248,696917,629976,546002,455270,364656,283664,216675,168050,139878,133911,148667,176485,197582,177950,99772
0,0,0,0,0,0,0,0,0,0,0,0,0,0,0,0,0,0,0,0,0,0,0,0,0,0,2,2,3,3,21,41,102,181,357,646,3213,3680,6391,10573,17205,27024,41351,62544,90768,128759,177566,238330,309242,388106,473101,558328,636634,699286,738983,755382,739904,698794,630257,548193,456886,365295,284596,217325,168844,140209,134102,148919,176431,197823,178038,99968
0,0,0,0,0,0,0,0,0,0,0,0,0,0,0,0,0,0,0,0,0,0,0,0,0,0,1,3,1,6,23,36,98,191,324,648,3213,3698,6234,10488,17099,26844,41246,61582,90562,127483,176683,237855,308347,386922,471114,557979,635125,698099,740199,754294,741351,699605,632297,549523,458307,367144,284546,218630,168639,140942,134437,148709,176493,198116,178228,100044
0,0,0,0,0,0,0,0,0,0,0,0,0,0,0,0,0,0,0,0,0,0,0,0,0,0,1,1,3,4,28,39,77,183,346,608,3138,3715,6175,10393,16855,26841,40627,61507,89656,126665,176097,236319,307703,385661,470913,556630,633708,697106,739706,755453,741960,700140,634489,551284,459280,368018,285773,218951,169504,141072,134610,149021,176278,198393,178321,100156
0,0,0,0,0,0,0,0,0,0,0,0,0,0,0,0,0,0,0,0,0,0,0,0,0,0,0,2,1,10,23,30,93,176,335,617,3131,3649,6125,10145,16780,26720,40429,60929,89174,126502,174352,235637,306453,383363,471196,554819,632423,697146,738693,756756,742334,702000,635755,552771,459968,369296,287163,219296,170229,141182,134926,149264,176393,198337,178428,100357
0,0,0,0,0,0,0,0,0,0,0,0,0,0,0,0,0,0,0,0,0,0,0,0,0,0,0,2,5,4,19,43,79,186,328,586,3188,3538,6124,10045,16641,26383,40362,60187,88810,125781,173903,234319,304953,383118,469127,554452,631188,696589,737998,756961,743911,703447,636004,554142,462213,369405,288921,219684,170674,141737,135085,149231,176510,198398,178682,100445
0,0,0,0,0,0,0,0,0,0,0,0,0,0,0,0,0,0,0,0,0,0,0,0,0,0,0,3,3,10,20,31,89,172,323,618,3107,3546,5998,10102,16396,26118,39744,60002,88342,125196,172990,233432,303057,382362,467914,553173,631222,695525,738612,756086,745124,704927,636580,555945,463091,370723,290308,220013,171525,141822,135408,149038,176865,198288,178970,100588
0,0,0,0,0,0,0,0,0,0,0,0,0,0,0,0,0,0,0,0,0,0,0,0,0,0,1,0,5,11,14,36,79,180,313,592,3041,3495,5940,10011,16265,26034,39391,59845,87467,124769,172717,231746,301502,381231,467088,552270,630058,694683,738448,756858,745747,705048,639264,556452,464377,372444,291324,220781,172056,142131,135381,149107,176829,198599,178973,100805
0,0,0,0,0,0,0,0,0,0,0,0,0,0,0,0,0,0,0,0,0,0,0,0,0,0,1,0,5,10,16,27,86,166,317,598,3000,3377,5904,10003,16224,25818,39189,59317,87047,123556,171733,231335,300525,379729,465733,550937,629329,694901,738197,756558,746369,706142,640892,557784,465719,373828,291970,221708,172187,142785,135570,149049,177065,198614,179099,100989
0,0,0,0,0,0,0,0,0,0,0,0,0,0,0,0,0,0,0,0,0,0,0,0,0,1,0,2,4,8,14,37,81,148,324,604,2957,3367,5866,9881,16182,25350,39161,58611,86533,123048,171258,229647,299408,379396,463078,550063,629103,692690,739672,757180,747285,706851,642106,559076,466892,375583,292194,222565,172717,143187,135788,149318,177245,198481,179429,101017
0,0,0,0,0,0,0,0,0,0,0,0,0,0,0,0,0,0,0,0,0,0,0,0,0,1,0,0,5,8,15,37,72,152,296,678,2862,3351,5859,9686,15982,25192,38980,58281,85720,122716,170332,228627,298699,377358,462510,548331,627863,692671,739894,757041,747445,708226,644149,559869,468436,377267,292255,223871,172936,143717,135973,149497,177291,198743,179464,101050
0,0,0,0,0,0,0,0,0,0,0,0,0,0,0,0,0,0,0,0,0,0,0,0,0,1,0,0,3,8,15,39,79,153,311,607,2843,3401,5662,9647,15861,24997,38654,57567,85675,121927,169206,227776,297473,375870,462090,546786,626102,693620,738545,757804,748434,710142,643993,562191,469161,378544,293176,224925,173245,144223,136018,149649,177174,198832,179831,101148
0,0,0,0,0,0,0,0,0,0,0,0,0,0,0,0,0,0,0,0,0,0,0,0,0,0,1,0,3,6,21,37,86,160,309,547,2899,3252,5680,9591,15636,24806,38362,57412,84873,121438,168108,226846,295674,375114,460861,545844,625498,693263,737288,758072,749975,711063,645392,563779,470812,378696,294725,225364,174106,144633,136079,149596,177337,198879,179912,101373
0,0,0,0,0,0,0,0,0,0,0,0,0,0,0,0,0,0,0,0,0,0,0,0,0,0,0,1,1,5,18,38,87,154,293,550,2878,3192,5594,9632,15399,24683,37957,57157,84387,120641,166774,225837,294964,374497,459196,544178,624744,693522,736618,758948,749495,712737,646958,565197,471706,379452,296263,226390,174547,144856,135982,149903,177456,199055,179929,101537
0,0,0,0,0,0,0,0,0,0,0,0,0,0,0,0,0,0,0,0,0,0,0,0,0,0,0,0,1,8,18,36,79,169,292,529,2821,3156,5565,9498,15377,24554,37543,56875,83934,119732,165664,225594,293540,373036,457949,543110,624657,691664,737443,758474,749914,714750,648897,565821,473035,380754,296646,227452,175214,144852,136322,149871,177710,199010,180250,101592
0,0,0,0,0,0,0,0,0,0,0,0,0,0,0,0,0,0,0,0,0,0,0,0,0,0,0,0,3,11,14,34,84,157,275,564,2793,3115,5530,9316,15175,24521,37235,56450,83260,119508,164733,223797,293054,372549,456012,541964,622983,691381,738066,757997,751756,714178,651495,567314,474005,382050,297635,228085,175423,145499,136560,149872,177456,199260,180505,101734
0,0,0,0,0,0,0,0,0,0,0,0,0,0,0,0,0,0,0,0,0,0,0,0,0,0,0,0,6,7,16,32,69,153,295,546,2730,3197,5465,9197,15175,23849,37162,56167,82892,118434,164145,222611,292555,370793,454466,541788,620793,691676,737455,758781,751852,715951,651478,569427,475816,383300,298799,228307,176252,145467,136967,150013,177388,199433,180713,101790
0,0,0,0,0,0,0,0,0,0,0,0,0,0,0,0,0,0,0,0,0,0,0,0,0,0,0,0,5,8,13,32,74,143,294,540,2738,3114,5451,9210,14846,23868,36815,55860,82160,117630,163561,221529,291346,370385,452566,540591,620256,690064,738214,759181,752127,717042,653666,570156,476205,384849,300353,229075,176470,145997,137061,150350,177257,199661,180806,101839
0,0,0,0,0,0,0,0,0,0,0,0,0,0,0,0,0,0,0,0,0,0,0,0,0,0,0,1,4,7,19,33,62,145,282,523,2669,3182,5422,9156,14752,23541,36883,54932,81711,116998,162483,221129,289790,368776,452852,538462,619533,689671,738056,760057,752362,717234,654846,571975,477542,386321,300637,230175,176986,146343,137403,150338,177322,199943,180965,101885
0,0,0,0,0,0,0,0,0,0,0,0,0,0,0,0,0,0,0,0,0,0,0,0,0,0,0,1,2,7,14,36,62,146,300,519,2635,3096,5471,8982,14611,23488,36384,54782,80772,116775,161531,220121,289035,367355,451307,537551,618913,688393,737072,760840,752953,719069,656299,572478,479393,387749,301744,230680,177454,146817,137365,150651,177262,200230,180969,102094
0,0,0,0,0,0,0,0,0,0,0,0,0,0,0,0,0,0,0,0,0,0,0,0,0,0,0,0,4,5,20,34,70,134,292,505,2636,2992,5359,9028,14323,23370,36193,54435,80573,115626,161700,218368,287893,365925,450885,536457,617471,687278,737650,760282,754118,719942,657351,574803,480049,388791,303250,231055,177999,147026,137823,150573,177552,200161,181003,102404
0,0,0,0,0,0,0,0,0,0,0,0,0,0,0,0,0,0,0,0,0,0,0,0,0,0,0,0,4,6,18,30,79,136,256,516,2636,3027,5321,8828,14457,23132,35693,54117,80027,114996,161072,217425,286213,365483,449617,534960,616910,686962,737081,760141,755356,720219,658523,575799,481649,390629,304419,231874,178425,147120,138218,150627,177530,200128,181140,102609
0,0,0,0,0,0,0,0,0,0,0,0,0,0,0,0,0,0,0,0,0,0,0,0,0,0,0,0,4,9,9,43,70,129,243,550,2616,2930,5280,8804,14286,22772,35706,53925,79509,113993,160178,216167,285769,363786,448117,534335,616512,687036,735738,760434,755472,721206,659852,577161,483513,391520,305607,232912,179160,147025,138243,150906,177711,199969,181319,102882
0,0,0,0,0,0,0,0,0,0,0,0,0,0,0,0,0,0,0,0,0,0,0,0,0,0,0,2,2,8,12,33,71,137,250,522,2564,2978,5164,8712,14210,22734,35066,53943,78727,113357,159147,215871,284136,362263,447519,532745,616025,686158,737045,760096,755464,722030,661138,578506,485348,392282,306986,232866,180104,147418,138646,150960,177393,200222,181458,103090
0,0,0,0,0,0,0,0,0,0,0,0,0,0,0,0,0,0,0,0,0,0,0,0,0,0,1,2,0,8,11,38,68,116,269,505,2585,2905,5144,8616,14160,22438,34911,53115,78540,113119,158109,214958,282624,361606,446081,531802,614958,685793,736695,759375,756568,722892,662821,579448,487252,393620,307533,234140,180295,147835,138824,151095,177428,200420,181448,103237
0,0,0,0,0,0,0,0,0,0,0,0,0,0,0,0,0,0,0,0,0,0,0,0,0,0,0,2,2,6,14,30,68,135,253,502,2540,2880,5116,8564,13873,22250,34934,52843,77897,112273,157523,213755,282074,359488,445518,530790,613628,685909,735797,759630,757288,724532,662638,581334,488998,394920,308214,234630,181344,148287,138683,151205,177806,200422,181420,103393
0,0,0,0,0,0,0,0,0,0,0,0,0,0,0,0,0,0,0,0,0,0,0,0,0,0,0,1,4,4,13,31,63,122,260,496,2511,2835,5027,8594,13839,21983,34538,52591,77455,111414,156594,213251,281151,358474,443819,529157,613394,685030,735416,760620,757451,725336,663386,582778,490835,395824,309914,234850,181795,149026,138806,151119,177993,200499,181490,103619
0,0,0,0,0,0,0,0,0,0,0,0,0,0,0,0,0,0,0,0,0,0,0,0,0,0,0,2,3,6,15,28,53,141,250,474,2479,2767,5032,8408,13894,21747,34074,52455,76966,111017,156147,211541,279822,357825,441531,529063,612842,684297,734890,761389,758152,725543,664801,584466,491716,397102,310525,236360,181790,149471,138995,151411,177784,200502,181917,103715
0,0,0,0,0,0,0,0,0,0,0,0,0,0,0,0,0,0,0,0,0,0,0,0,0,0,1,0,5,6,15,20,70,132,227,463,2467,2795,4903,8423,13748,21563,33807,51705,77057,110113,155377,210460,278948,356368,440201,527881,613436,681756,735428,761557,759087,727175,665977,584503,493173,398871,311745,236809,182467,149461,139396,151354,177888,200634,182201,103735
0,0,0,0,0,0,0,0,0,0,0,0,0,0,0,0,0,0,0,0,0,0,0,0,0,0,0,2,6,3,14,27,60,131,245,456,2420,2793,4816,8245,13394,21788,33421,51639,75837,110325,154586,209118,277648,355150,439230,526691,612359,681920,734686,762291,759701,727704,667163,586197,494312,399738,312718,237707,183042,149811,139796,151433,177765,200803,182337,103880
0,0,0,0,0,0,0,0,0,0,0,0,0,0,0,0,0,0,0,0,0,0,0,0,0,0,1,2,3,7,12,29,66,126,226,464,2386,2742,4786,8179,13348,21211,33484,51243,75697,109002,153925,209142,276094,353899,438606,525499,611094,680493,735069,763347,759793,728772,667692,587476,495722,401183,313358,238567,183648,150056,140227,151292,177984,200827,182770,103859
0,0,0,0,0,0,0,0,0,0,0,0,0,0,0,0,0,0,0,0,0,0,0,0,0,0,1,1,4,9,8,33,60,124,231,442,2347,2823,4625,8065,13117,21263,33187,50989,75273,108144,153168,207991,275471,352428,437569,524587,608986,680391,735126,763495,760958,728498,669885,588567,496968,402062,314780,239654,184058,150157,140590,151345,178183,200825,182898,104022
0,0,0,0,0,0,0,0,0,0,0,0,0,0,0,0,0,0,0,0,0,0,0,0,0,0,1,1,2,7,11,30,66,133,218,457,2282,2741,4660,8069,12894,20930,33126,50554,74742,107628,152090,207791,273817,351263,436592,523783,608093,679822,733988,764377,762268,728732,670553,589856,498328,403620,315139,241418,184147,150449,140849,151628,177970,201059,183091,104133
0,0,0,0,0,0,0,0,0,0,0,0,0,0,0,0,0,0,0,0,0,0,0,0,0,1,0,2,1,6,15,31,68,120,232,443,2269,2739,4608,7936,12862,20680,32741,50315,74064,107787,150475,206959,272607,350140,435954,522305,606858,679926,733857,763615,763265,729901,671909,590670,499960,404172,316394,242509,184687,150861,141023,151720,178091,201104,183372,104154
0,0,0,0,0,0,0,0,0,0,0,0,0,0,0,0,0,0,0,0,0,0,0,0,0,0,1,0,3,8,13,24,68,123,232,431,2297,2656,4564,7978,12718,20584,32358,50009,73631,106861,150655,205540,271170,348772,434549,521433,605657,679453,733706,765009,763050,731564,672539,591997,500688,405739,318019,242643,185178,151434,141079,151906,177917,201475,183238,104439
0,0,0,0,0,0,0,0,0,0,0,0,0,0,0,0,0,0,0,0,0,0,0,0,0,0,0,1,4,8,13,27,66,105,219,466,2227,2631,4619,7735,12665,20431,32328,49277,73492,106175,149465,204884,270460,348320,432360,520722,603615,679442,734801,763268,764663,732089,673205,592948,502637,407759,318741,243205,185839,151841,140991,151991,178062,201539,183562,104510
0,0,0,0,0,0,0,0,0,0,0,0,0,0,0,0,0,0,0,0,0,0,0,0,0,0,0,1,3,12,12,18,59,118,208,414,2217,2579,4609,7664,12703,20154,32085,48613,73210,105640,148739,203171,270561,346982,431759,519175,602127,679084,733811,764291,764278,734821,673835,593480,504227,408858,319520,244360,186308,152801,140558,152113,178450,201528,183666,104586
0,0,0,0,0,0,0,0,0,0,0,0,0,0,0,0,0,0,0,0,0,0,0,0,0,0,0,1,4,7,13,24,57,98,224,421,2204,2512,4585,7602,12483,20239,31401,48769,72661,104984,147643,202694,268959,346065,430378,517663,603255,677653,732533,765002,764470,736170,674744,594927,505453,409675,321226,244717,187150,152993,140804,152233,178615,201477,183871,104749
0,0,0,0,0,0,0,0,0,0,0,0,0,0,0,0,0,0,0,0,0,0,0,0,0,0,0,0,2,11,11,22,60,107,213,417,2178,2547,4442,7429,12469,20132,31488,48128,72146,104477,147260,202028,267670,345243,428220,516667,602449,677223,732324,765289,765494,736399,675690,595866,506627,411018,322322,245533,188043,152960,141118,152430,178684,201640,183977,104955
0,0,0,0,0,0,0,0,0,0,0,0,0,0,0,0,0,0,0,0,0,0,0,0,0,0,0,1,2,7,17,21,55,108,216,409,2167,2523,4377,7441,12186,20168,30897,48080,71730,103650,146898,200578,267370,343220,427575,516029,601091,676640,732836,764109,766234,736748,677460,597547,507571,411924,323499,247001,188379,153217,141130,152527,178711,201778,184121,105160
0,0,0,0,0,0,0,0,0,0,0,0,0,0,0,0,0,0,0,0,0,0,0,0,0,0,0,0,5,5,12,35,47,109,208,393,2167,2499,4271,7526,12066,19851,30816,47780,71152,103506,145953,199863,266209,341473,427828,514345,599626,675666,733123,763345,767389,736840,679811,598785,508453,413840,323840,247905,188759,153977,141266,152317,178946,201939,184164,105298
0,0,0,0,0,0,0,0,0,0,0,0,0,0,0,0,0,0,0,0,0,0,0,0,0,0,0,1,3,10,11,33,45,118,190,399,2174,2496,4310,7282,12149,19436,30816,47601,70635,102356,145634,198939,265161,340982,425436,514355,598399,673884,733528,763322,768466,737599,680482,599389,510604,415559,324611,248510,189236,154312,141567,152431,179120,202053,184422,105342
0,0,0,0,0,0,0,0,0,0,0,0,0,0,0,0,0,0,0,0,0,0,0,0,0,0,0,1,6,5,14,24,54,100,215,388,2121,2477,4232,7256,12032,19415,30566,47248,70018,102156,145009,197887,263626,339899,424617,512154,597980,674587,731977,763873,767682,738465,682315,601810,511437,416110,326607,248817,189828,154567,142013,152357,179197,202153,184610,105503
0,0,0,0,0,0,0,0,0,0,0,0,0,0,0,0,0,0,0,0,0,0,0,0,0,0,0,1,2,13,7,23,56,94,204,407,2059,2408,4210,7240,11896,19284,30414,46988,69707,101325,144035,197699,261761,339059,423710,510400,597738,673540,732003,763119,769769,738357,683012,603304,513094,417283,327840,249128,190510,154930,142374,152279,179502,202168,184687,105769
0,0,0,0,0,0,0,0,0,0,0,0,0,0,0,0,0,0,0,0,0,0,0,0,0,0,0,0,2,9,15,21,48,109,215,389,1984,2448,4219,7078,11953,19037,30302,46636,69122,101025,143114,196443,260972,337943,422109,509929,596645,673747,731511,763365,768129,741031,683754,605266,513515,418808,328453,250040,191300,155232,142273,152595,179697,202162,184811,105952
0,0,0,0,0,0,0,0,0,0,0,0,0,0,0,0,0,0,0,0,0,0,0,0,0,0,0,1,4,6,10,26,52,88,221,373,2022,2406,4199,7072,11763,18950,30112,45950,69014,100665,142009,195450,260095,336797,421259,509337,595502,672507,730702,764899,767427,742241,684848,606404,515010,419836,329277,251294,191620,155901,142550,152456,179745,202209,185156,105943
0,0,0,0,0,0,0,0,0,0,0,0,0,0,0,0,0,0,0,0,0,0,0,0,0,0,0,2,3,7,8,19,53,96,189,394,1979,2367,4167,7070,11612,18834,29898,45617,68689,100145,141461,194191,259175,335607,419642,508302,594571,672436,730677,764247,768872,741631,686946,607639,516488,420408,330361,251774,192451,156485,142875,152403,179822,202430,185217,106148
0,0,0,0,0,0,0,0,0,0,0,0,0,0,0,0,0,0,0,0,0,0,0,0,0,0,0,1,5,7,4,22,32,108,198,381,1970,2354,4104,6940,11612,18736,29546,45682,67917,99725,141204,193047,257814,334592,418745,506686,594758,670698,730586,765539,768180,742293,688391,608645,518424,421078,331502,252476,193214,156536,142794,152659,179998,202452,185520,106233
0,0,0,0,0,0,0,0,0,0,0,0,0,0,0,0,0,0,0,0,0,0,0,0,0,0,0,1,4,7,4,24,33,108,195,376,1924,2356,4033,6928,11513,18453,29641,45087,67862,99128,139996,192415,257365,332975,417690,505535,593349,670633,730242,765749,768977,742587,689042,610222,519721,422288,331986,254006,193895,156696,143057,152656,180099,202460,185670,106420
0,0,0,0,0,0,0,0,0,0,0,0,0,0,0,0,0,0,0,0,0,0,0,0,0,0,0,1,4,7,6,18,44,80,202,363,1933,2318,3966,6935,11318,18409,29293,45153,67384,98002,139381,192279,256404,331376,416858,503892,593202,670271,729733,765116,769049,743606,690774,611375,520468,424094,332632,255001,194274,157060,143373,152775,179869,202698,185851,106561
0,0,0,0,0,0,0,0,0,0,0,0,0,0,0,0,0,0,0,0,0,0,0,0,0,0,1,1,3,5,9,20,36,72,208,350,1876,2285,3964,6817,11325,18372,28911,44702,67287,97394,138370,191929,254551,331034,415983,503043,591601,669628,729147,764559,770387,745032,691110,613064,520477,425932,334457,255487,195015,157230,143536,152717,180089,202638,186072,106682
0,0,0,0,0,0,0,0,0,0,0,0,0,0,0,0,0,0,0,0,0,0,0,0,0,0,1,2,1,6,8,15,46,66,204,331,1877,2238,3988,6716,11211,18059,28890,44575,66717,96870,137971,190703,253313,330499,414635,502390,590125,668520,729401,764235,770857,746465,691437,614018,522292,427181,335591,256499,195444,157492,143519,153136,180136,202777,186136,106815
0,0,0,0,0,0,0,0,0,0,0,0,0,0,0,0,0,0,0,0,0,0,0,0,0,0,1,2,2,5,4,20,37,94,163,356,1862,2201,3925,6643,11144,18003,28582,44334,66450,96005,136719,190512,252663,328800,413564,501684,589432,667933,727952,764444,772447,746533,693401,614872,523161,427894,336824,257451,196026,158130,143744,153059,180239,202752,186405,106934
0,0,0,0,0,0,0,0,0,0,0,0,0,0,0,0,0,0,0,0,0,0,0,0,0,0,1,1,2,5,3,23,43,87,173,353,1817,2170,3862,6635,11000,17900,28401,44100,65973,95444,136473,189073,251950,327869,411947,500968,588333,667156,728946,763745,772894,746569,694321,616009,525274,428520,337897,258210,196937,158578,143750,153199,180291,203029,186216,107261
0,0,0,0,0,0,0,0,0,0,0,0,0,0,0,0,0,0,0,0,0,0,0,0,0,0,1,2,1,4,5,30,33,87,174,363,1766,2172,3815,6441,11001,17746,28093,43905,65374,95542,135553,187679,251182,327252,410208,500461,586815,666004,728367,764771,773620,747145,694866,618138,526390,429406,338825,259094,197846,158559,144160,153304,180325,202974,186534,107375
0,0,0,0,0,0,0,0,0,0,0,0,0,0,0,0,0,0,0,0,0,0,0,0,0,0,2,0,3,4,11,14,46,77,182,337,1816,2110,3778,6369,10808,17671,28067,43350,64744,95202,135217,186420,250781,326021,408995,499377,585599,665264,728312,764869,773640,748653,695164,619900,527553,431084,338995,259959,198894,158585,144466,153388,180467,202902,186817,107495
0,0,0,0,0,0,0,0,0,0,0,0,0,0,0,0,0,0,0,0,0,0,0,0,0,1,0,1,2,4,14,18,31,86,168,347,1766,2109,3712,6431,10710,17511,27725,43153,64228,94546,135057,185843,249235,324694,408971,497772,584269,664933,727802,764804,773284,749885,697220,619900,529687,432138,339851,261056,199230,158922,144787,153649,180367,203032,186811,107646
0,0,0,0,0,0,0,0,0,0,0,0,0,0,0,0,0,0,0,0,0,0,0,0,0,0,1,0,2,5,14,18,37,66,176,346,1749,2082,3615,6442,10673,17101,27694,42904,63812,94130,134417,184748,248097,323566,408390,496886,582806,665034,726318,765563,773476,749940,699007,621339,530634,433930,340115,261924,199734,159413,144934,154019,180367,203178,186864,107842
0,0,0,0,0,0,0,0,0,0,0,0,0,0,0,0,0,0,0,0,0,0,0,0,0,0,1,0,2,5,7,26,37,71,161,325,1754,2063,3643,6351,10574,17117,27377,42455,63546,93450,134047,183526,247306,322631,406972,495557,582702,663425,726498,766092,773352,750632,699698,623060,531851,435350,341094,262329,200350,160263,145074,153975,180321,203242,187139,107957
0,0,0,0,0,0,0,0,0,0,0,0,0,0,0,0,0,0,0,0,0,0,0,0,0,0,1,0,3,5,6,27,32,85,162,312,1685,2079,3666,6234,10539,16995,27267,42120,63207,92942,133159,182824,247004,321556,405446,493730,582668,661773,726526,765994,773516,752361,699168,625058,533025,437303,341620,263152,201140,160650,145094,154223,180014,203675,187259,108103
0,0,0,0,0,0,0,0,0,0,0,0,0,0,0,0,0,0,0,0,0,0,0,0,0,1,0,0,3,5,6,26,40,77,165,300,1720,2006,3605,6249,10307,16975,27083,41704,63134,92181,132221,182440,246136,320647,404208,492799,581248,661775,725359,766058,773282,752995,701501,625416,535336,437635,343559,263166,201451,161535,145416,154080,180255,203476,187605,108222
0,0,0,0,0,0,0,0,0,0,0,0,0,0,0,0,0,0,0,0,0,0,0,0,1,0,0,0,3,6,6,24,41,77,152,297,1718,1997,3584,6195,10391,16674,26708,41464,62736,92342,131597,181350,244566,320277,402581,492424,580140,660161,725027,766407,774322,752967,701994,627935,535774,438969,344746,263733,201835,162127,145706,154370,180204,203747,187882,108151
0,0,0,0,0,0,0,0,0,0,0,0,0,0,0,0,0,0,0,0,0,0,0,0,0,1,0,1,3,3,9,20,45,64,157,301,1659,1973,3631,6056,10360,16703,26380,41407,62399,91294,131005,180874,243582,317678,402601,491475,578746,660407,724640,765710,775026,754183,702641,629255,537184,439378,346317,264499,202767,161994,145916,154602,180220,203942,188109,108191
0,0,0,0,0,0,0,0,0,0,0,0,0,0,0,0,0,0,0,0,0,0,0,0,0,1,0,2,2,3,8,28,36,64,171,296,1644,1951,3542,6092,10216,16547,26442,41140,61758,91384,129473,180747,242752,316841,401465,489753,578902,658764,724417,764541,776569,754046,704248,629966,539137,439871,347434,265616,203158,162675,145966,154773,180322,203899,188424,108322
0,0,0,0,0,0,0,0,0,0,0,0,0,0,0,0,0,0,0,0,0,0,0,0,0,1,0,2,2,6,7,20,36,80,137,311,1664,1897,3541,5988,10183,16387,26291,40676,61706,90560,129409,179308,241834,316041,399504,489329,578445,658698,723322,764422,776308,755682,705520,630514,540224,440941,349074,265887,203867,163133,146068,154893,180428,203955,188720,108387
0,0,0,0,0,0,0,0,0,0,0,0,0,0,0,0,0,0,0,0,0,0,0,0,0,0,2,1,2,3,12,15,41,81,126,323,1618,1936,3475,6008,10001,16403,25970,40474,61256,90243,128737,177794,241616,314302,399614,488492,577030,657656,722612,765054,776583,755488,707172,632432,540909,442341,349727,266563,204486,163814,146114,154907,180564,204016,188818,108577
0,0,0,0,0,0,0,0,0,0,0,0,0,0,0,0,0,0,0,0,0,0,0,0,0,1,1,1,1,2,12,16,36,74,147,305,1630,1890,3407,5878,10147,16152,25881,40173,61202,89479,127969,177419,239632,314473,397752,487285,575829,658223,721303,765078,776731,756107,708547,633695,541691,444259,350610,267824,204615,164063,146496,154887,180641,204209,188979,108656
0,0,0,0,0,0,0,0,0,0,0,0,0,0,0,0,0,0,0,0,0,0,0,0,0,0,2,1,0,4,9,22,30,73,144,302,1607,1884,3369,5870,9937,15955,25768,40186,60532,89113,127071,176498,238963,313741,396620,486026,575318,656942,721354,763536,777891,757998,708352,635455,543414,444935,351656,268497,205241,164470,146709,155019,180596,204588,188883,108827
0,0,0,0,0,0,0,0,0,0,0,0,0,0,0,0,0,0,0,0,0,0,0,0,0,1,1,1,1,3,13,14,32,63,154,302,1577,1889,3325,5761,9826,16102,25318,39917,60521,88051,126713,175940,238096,311817,396613,484545,574174,655283,722317,762987,777992,759356,709848,635438,545404,446515,351909,269666,205906,164514,147096,154894,180769,204948,188801,108995
0,0,0,0,0,0,0,0,0,0,0,0,0,0,0,0,0,0,0,0,0,0,0,0,0,1,0,1,1,4,8,17,26,83,135,322,1563,1866,3223,5840,9637,15845,25568,39458,59500,88063,125839,175510,237238,310587,395630,483958,572277,654582,721906,763604,777720,760265,710754,636952,546366,448268,352679,270438,206891,164421,147319,155220,180679,205022,189002,109120
0,0,0,0,0,0,0,0,0,0,0,0,0,0,0,0,0,0,0,0,0,0,0,0,0,0,1,1,0,7,6,13,37,59,146,304,1547,1807,3202,5783,9836,15538,25367,39203,59284,87678,124937,174963,236069,309391,394086,483559,571829,653129,721263,763627,778421,760641,712325,638747,546750,449307,354138,271159,207420,164542,147946,154996,180816,205085,189209,109234
0,0,0,0,0,0,0,0,0,0,0,0,0,0,0,0,0,0,0,0,0,0,0,0,0,1,0,0,2,5,6,15,33,62,155,287,1546,1763,3197,5669,9712,15597,25018,38896,58923,86983,125067,173488,235993,308583,392391,482593,570160,652881,720694,763203,779669,761003,713083,639566,548605,450336,355257,272547,206990,165328,147997,155100,180941,205355,189347,109361
0,0,0,0,0,0,0,0,0,0,0,0,0,0,0,0,0,0,0,0,0,0,0,0,0,1,0,1,1,4,6,15,29,70,127,282,1546,1766,3163,5613,9534,15598,24844,38479,58704,86498,124435,173445,234519,307223,391352,481574,569575,650400,721321,763675,780370,761016,714361,640898,549246,451946,356472,272993,207717,165767,148148,155063,181319,205309,189395,109588
0,0,0,0,0,0,0,0,0,0,0,0,0,0,0,0,0,0,0,0,0,0,0,0,1,0,0,1,1,5,3,17,32,59,128,282,1553,1737,3161,5571,9556,15329,24336,38486,58303,85882,123968,172223,234332,306474,390608,479554,568563,651018,719943,764247,779372,762269,714867,642191,551132,452858,356959,274820,208032,166125,148070,155442,181124,205426,189611,109737
0,0,0,0,0,0,0,0,0,0,0,0,0,0,0,0,0,0,0,0,0,0,0,0,0,1,0,1,2,3,6,13,40,61,132,280,1500,1736,3133,5508,9274,15478,24349,38068,58119,85254,123249,172012,232789,306193,388740,478131,568388,651048,719095,763135,780333,762496,716266,643507,551750,453920,358811,274902,209161,166098,148840,155312,180985,205603,189973,109713
0,0,0,0,0,0,0,0,0,0,0,0,0,0,0,0,0,0,0,0,0,0,0,0,0,1,0,1,2,2,8,17,33,58,139,268,1463,1750,3113,5496,9098,15374,24240,37711,58026,84733,122609,171501,231448,305191,387597,476607,568075,650202,718425,763907,780202,763083,716683,645297,552901,454821,360658,275120,209960,166209,148906,155823,180844,205722,190150,109934
0,0,0,0,0,0,0,0,0,0,0,0,0,0,0,0,0,0,0,0,0,0,0,0,0,1,0,1,1,2,5,16,37,59,127,281,1438,1713,3144,5442,9088,14948,24201,37848,57106,84751,121988,170250,231331,303142,386793,476616,565361,650388,717664,764854,779754,764023,717895,645793,553649,456487,361994,276000,210211,166808,149405,155519,181171,205696,190278,110129
0,0,0,0,0,0,0,0,0,0,0,0,0,0,0,0,0,0,0,0,0,0,0,0,0,0,1,1,0,2,5,15,44,61,128,239,1473,1668,3092,5386,8984,14976,23819,37446,56893,84367,121384,170028,229789,302408,386147,474759,565233,648857,717490,764670,779656,765247,719192,646041,555313,457872,362831,276926,210755,167376,149484,155609,181150,205844,190526,110221
0,0,0,0,0,0,0,0,0,0,0,0,0,0,0,0,0,0,0,0,0,0,0,0,0,0,1,0,1,2,8,15,30,60,131,266,1454,1684,3019,5360,8864,14758,23818,37091,56294,83988,121289,168628,229041,301091,385858,473582,564805,647364,717722,763867,780836,764933,720174,648155,556176,459525,362879,277846,211367,167832,149788,155536,181442,206007,190344,110477
