0,0,0,0,0,0,0,0,0,0,0,0,0,0,0,0,0,0,3005100,0,0,0,0,0,0,0,0,0,0,0,0,0,0,0,0,0,4538923,0,0,0,0,0,0,0,0,0,0,0,0,0,0,0,0,0,3009385,0,0,0,0,0,0,0,0,0,0,0,0,0,0,0,0,0
0,0,0,0,0,0,0,0,0,0,0,0,0,0,1866011,0,0,0,0,0,0,0,0,0,0,0,0,0,3409269,0,0,0,0,0,0,0,0,0,0,0,0,0,0,3410678,0,0,0,0,0,0,0,0,0,0,0,0,0,1867450,0,0,0,0,0,0,0,0,0,0,0,0,0,0
0,0,0,0,0,0,0,0,0,0,0,0,1229431,0,0,0,0,0,0,0,0,0,0,0,2517088,0,0,0,0,0,0,0,0,0,0,0,3060979,0,0,0,0,0,0,0,0,0,0,0,2517044,0,0,0,0,0,0,0,0,0,0,0,1228866,0,0,0,0,0,0,0,0,0,0,0
0,0,0,0,0,0,0,0,0,0,845499,0,0,0,0,0,0,0,0,0,1870862,0,0,0,0,0,0,0,0,0,2561009,0,0,0,0,0,0,0,0,0,0,2561845,0,0,0,0,0,0,0,0,0,1868872,0,0,0,0,0,0,0,0,0,845321,0,0,0,0,0,0,0,0,0,0
0,0,0,0,0,0,0,0,0,601394,0,0,0,0,0,0,0,0,1410013,0,0,0,0,0,0,0,0,2088109,0,0,0,0,0,0,0,0,2355608,0,0,0,0,0,0,0,0,2090803,0,0,0,0,0,0,0,0,1406555,0,0,0,0,0,0,0,0,600926,0,0,0,0,0,0,0,0
0,0,0,0,0,0,0,0,439411,0,0,0,0,0,0,0,1075108,0,0,0,0,0,0,0,1692319,0,0,0,0,0,0,0,2069667,0,0,0,0,0,0,0,2071971,0,0,0,0,0,0,0,1692040,0,0,0,0,0,0,0,1073951,0,0,0,0,0,0,0,438941,0,0,0,0,0,0,0
0,0,0,0,0,0,0,328592,0,0,0,0,0,0,831283,0,0,0,0,0,0,1369642,0,0,0,0,0,0,1780719,0,0,0,0,0,0,0,1935311,0,0,0,0,0,0,1779650,0,0,0,0,0,0,1368903,0,0,0,0,0,0,831409,0,0,0,0,0,0,327899,0,0,0,0,0,0,0
0,0,0,0,0,0,249744,0,0,0,0,0,0,651843,0,0,0,0,0,1111382,0,0,0,0,0,0,1514342,0,0,0,0,0,1751623,0,0,0,0,0,0,1749055,0,0,0,0,0,1514259,0,0,0,0,0,0,1110088,0,0,0,0,0,651810,0,0,0,0,0,0,249262,0,0,0,0,0,0
0,0,0,0,0,0,193259,0,0,0,0,0,516383,0,0,0,0,0,906510,0,0,0,0,0,1281747,0,0,0,0,0,1554783,0,0,0,0,0,1651386,0,0,0,0,0,1553194,0,0,0,0,0,1281103,0,0,0,0,0,905870,0,0,0,0,0,516389,0,0,0,0,0,192784,0,0,0,0,0
0,0,0,0,0,151398,0,0,0,0,0,413553,0,0,0,0,743907,0,0,0,0,0,1083269,0,0,0,0,1364356,0,0,0,0,0,1522144,0,0,0,0,1521247,0,0,0,0,0,1363425,0,0,0,0,1082619,0,0,0,0,0,742970,0,0,0,0,413332,0,0,0,0,0,151188,0,0,0,0,0
0,0,0,0,0,120040,0,0,0,0,333951,0,0,0,0,614669,0,0,0,0,916670,0,0,0,0,1189661,0,0,0,0,1379734,0,0,0,0,0,1447439,0,0,0,0,1378670,0,0,0,0,1189798,0,0,0,0,915193,0,0,0,0,613373,0,0,0,0,334436,0,0,0,0,119774,0,0,0,0,0
0,0,0,0,96267,0,0,0,0,272146,0,0,0,0,509716,0,0,0,0,778682,0,0,0,0,1033680,0,0,0,1237992,0,0,0,0,1349970,0,0,0,0,1350266,0,0,0,0,1237033,0,0,0,0,1033441,0,0,0,775941,0,0,0,0,509719,0,0,0,0,272686,0,0,0,0,95869,0,0,0,0
0,0,0,0,77842,0,0,0,0,223758,0,0,0,425421,0,0,0,0,661570,0,0,0,898989,0,0,0,0,1103187,0,0,0,1242386,0,0,0,0,1291530,0,0,0,1241701,0,0,0,0,1102421,0,0,0,897692,0,0,0,0,660037,0,0,0,425344,0,0,0,0,224030,0,0,0,77500,0,0,0,0
0,0,0,0,63539,0,0,0,185146,0,0,0,356977,0,0,0,564169,0,0,0,0,781369,0,0,0,980116,0,0,0,1131726,0,0,0,1216487,0,0,0,0,1215024,0,0,0,1132823,0,0,0,978124,0,0,0,780155,0,0,0,0,561959,0,0,0,357449,0,0,0,185007,0,0,0,63338,0,0,0,0
0,0,0,0,52343,0,0,0,154072,0,0,0,301271,0,0,0,482376,0,0,0,678990,0,0,0,869979,0,0,0,1024650,0,0,0,1130200,0,0,0,1169093,0,0,0,1131596,0,0,0,1025898,0,0,0,866757,0,0,0,677455,0,0,0,481154,0,0,0,301264,0,0,0,154138,0,0,0,52172,0,0,0
0,0,0,43324,0,0,0,129113,0,0,0,255405,0,0,0,414141,0,0,590837,0,0,0,769287,0,0,0,926115,0,0,0,1042750,0,0,0,1107871,0,0,1108392,0,0,0,1044431,0,0,0,925257,0,0,0,765543,0,0,0,589827,0,0,413960,0,0,0,254878,0,0,0,129043,0,0,0,43234,0,0,0
0,0,0,35896,0,0,0,108645,0,0,217502,0,0,0,357128,0,0,0,514502,0,0,680976,0,0,0,833927,0,0,958274,0,0,0,1037378,0,0,0,1069169,0,0,1040348,0,0,0,958266,0,0,831320,0,0,0,677517,0,0,0,514433,0,0,356814,0,0,0,216488,0,0,108757,0,0,0,36068,0,0,0
0,0,0,30132,0,0,91856,0,0,0,186096,0,0,308124,0,0,0,449706,0,0,601359,0,0,0,750270,0,0,875920,0,0,967724,0,0,0,1017496,0,0,1017574,0,0,0,971157,0,0,874766,0,0,0,746498,0,0,599917,0,0,449309,0,0,0,308296,0,0,184642,0,0,0,92313,0,0,30253,0,0,0
0,0,0,25396,0,0,78294,0,0,159910,0,0,0,266988,0,0,393385,0,0,532318,0,0,673081,0,0,0,797896,0,0,897650,0,0,961150,0,0,0,985514,0,0,962855,0,0,899119,0,0,795526,0,0,0,669527,0,0,531413,0,0,393994,0,0,266772,0,0,0,158666,0,0,78470,0,0,25484,0,0,0
0,0,0,21631,0,0,66943,0,0,137383,0,0,232232,0,0,345278,0,0,471952,0,0,603247,0,0,0,725609,0,0,829362,0,0,902130,0,0,942814,0,0,944184,0,0,904717,0,0,828880,0,0,722571,0,0,0,599679,0,0,472160,0,0,345426,0,0,231620,0,0,136848,0,0,67084,0,0,21658,0,0,0
0,0,0,18470,0,0,57450,0,0,118840,0,0,202221,0,0,303920,0,0,418336,0,0,540430,0,0,659495,0,0,763144,0,0,843472,0,0,895934,0,0,914262,0,0,898627,0,0,843969,0,0,762050,0,0,655128,0,0,538468,0,0,419428,0,0,303117,0,0,202073,0,0,118488,0,0,57606,0,0,18480,0,0
0,0,15752,0,0,49794,0,0,103057,0,0,176993,0,0,267800,0,0,371619,0,0,485067,0,0,597144,0,700300,0,0,785375,0,0,846436,0,0,879737,0,0,879768,0,0,847869,0,0,786145,0,0,698820,0,593406,0,0,483677,0,0,372120,0,0,267629,0,0,176350,0,0,103078,0,0,49594,0,0,15878,0,0
0,0,13581,0,0,43145,0,0,89900,0,0,154940,0,236532,0,0,330878,0,0,434642,0,0,541551,0,641179,0,0,729519,0,0,795773,0,0,839538,0,0,855797,0,840851,0,0,796940,0,0,728729,0,0,639334,0,538234,0,0,434244,0,0,330664,0,0,236363,0,154624,0,0,89868,0,0,42849,0,0,13733,0,0
0,0,11714,0,0,37538,0,0,78667,0,136088,0,0,209228,0,0,294453,0,391137,0,0,489605,0,0,587577,0,674280,0,0,746897,0,0,796905,0,825406,0,0,825501,0,0,797215,0,747305,0,0,673512,0,0,585140,0,487838,0,0,389932,0,0,294882,0,208850,0,0,136455,0,0,78125,0,37279,0,0,11879,0,0
0,0,10115,0,0,32830,0,68809,0,0,120096,0,185581,0,0,262427,0,0,351987,0,443798,0,0,537185,0,622654,0,0,697448,0,754504,0,0,789586,0,0,803916,0,790804,0,0,755770,0,696517,0,0,621392,0,534474,0,0,442437,0,0,350852,0,263379,0,0,185467,0,119989,0,0,68581,0,32510,0,0,10300,0,0
0,0,8781,0,28627,0,0,60668,0,105870,0,0,164969,0,235450,0,0,315907,0,402605,0,0,490486,0,574752,0,0,650026,0,710186,0,0,754423,0,776141,0,0,777605,0,754149,0,0,712073,0,648694,0,0,572565,0,487721,0,0,402178,0,315776,0,0,235380,0,164742,0,0,105920,0,60335,0,0,28415,0,8964,0,0
0,0,7660,0,25172,0,0,53410,0,93944,0,0,146814,0,210614,0,284843,0,0,364213,0,448940,0,0,529752,0,604659,0,667090,0,0,715741,0,748666,0,0,756892,0,748351,0,715787,0,0,668028,0,603414,0,0,527091,0,446632,0,363732,0,0,284623,0,210816,0,0,146695,0,93865,0,53156,0,0,25042,0,7766,0,0
0,0,6701,0,22128,0,47394,0,0,83256,0,131193,0,188897,0,0,257084,0,330589,0,409200,0,0,488117,0,561479,0,625771,0,0,677386,0,715875,0,734854,0,0,734424,0,715965,0,678434,0,0,625353,0,559848,0,485024,0,0,408048,0,330638,0,256420,0,0,189309,0,130697,0,83420,0,0,47002,0,22128,0,6774,0,0
0,0,5932,0,19322,0,42155,0,0,74108,0,117265,0,169861,0,231951,0,0,300030,0,373882,0,448811,0,520875,0,0,586540,0,638814,0,682554,0,709173,0,0,716955,0,708990,0,682824,0,640581,0,0,585122,0,517726,0,447020,0,371893,0,0,301112,0,231713,0,170139,0,116950,0,0,73941,0,41601,0,19646,0,5922,0,0
0,0,5255,0,17054,0,37444,0,66149,0,105125,0,0,152870,0,209520,0,272794,0,341569,0,413220,0,0,482523,0,546806,0,602720,0,648434,0,681587,0,696782,0,0,696842,0,680781,0,650083,0,602430,0,545718,0,0,479904,0,411263,0,340154,0,273390,0,209565,0,152998,0,0,104817,0,65819,0,37233,0,17351,0,5208,0,0
0,0,4641,0,15162,0,33313,0,59341,0,94386,0,137412,0,189606,0,247886,0,0,312455,0,379973,0,447134,0,509941,0,566937,0,614857,0,651704,0,674580,0,0,680592,0,675169,0,651896,0,615467,0,566526,0,508396,0,443853,0,378659,0,311219,0,0,248812,0,189618,0,138032,0,93916,0,58617,0,33341,0,15340,0,4627,0,0
0,0,4080,0,13514,0,29762,0,53142,0,84662,0,124225,0,171768,0,226046,0,285189,0,349993,0,413457,0,475851,0,532081,0,581462,0,621756,0,649606,0,663740,0,0,662755,0,649278,0,622714,0,581494,0,532270,0,472645,0,411776,0,347801,0,284884,0,226598,0,171979,0,124360,0,84375,0,52647,0,29695,0,13705,0,4098,0,0
0,0,3632,0,12021,0,26503,0,47806,0,76277,0,112028,0,156075,0,206158,0,261328,0,321667,0,382987,0,442511,0,499277,0,548329,0,591919,0,623776,0,643506,0,648557,0,643170,0,623916,0,591697,0,550021,0,497641,0,439945,0,381385,0,319216,0,261441,0,206592,0,155723,0,112493,0,76274,0,47085,0,26536,0,12282,0,3634,0
0,3243,0,10724,0,23766,0,43063,0,68809,0,101477,0,141503,0,188129,0,239620,0,295670,0,354343,0,412175,0,467220,0,517409,0,562116,0,596339,0,621417,0,633886,632641,0,620578,0,597088,0,562005,0,518282,0,465210,0,409708,0,352321,0,294154,0,239832,0,188124,0,141491,0,102008,0,68808,0,42286,0,23733,0,10990,0,3240,0
0,2907,0,9568,0,21354,0,38748,0,62072,0,92073,0,128816,0,171941,0,219754,271935,0,327408,0,383903,0,437016,0,487612,0,531920,0,569898,0,598325,0,615477,0,620747,613665,0,598011,0,570075,0,532125,0,487866,0,434102,0,382346,0,325242,0,271414,219602,0,171721,0,129253,0,92334,0,61957,0,38171,0,21319,0,9854,0,2877,0
0,2596,0,8653,0,19111,0,34986,0,56413,0,83240,117533,0,156975,0,201892,0,250328,0,302719,0,356737,0,409240,458201,0,504401,0,541911,0,574032,0,596168,0,605305,605902,0,594698,0,574365,0,542523,0,504260,0,457493,0,406230,354684,0,301452,0,250245,0,201515,0,156898,0,118026,83450,0,56243,0,34346,0,19262,0,8825,0,2550,0
0,2329,0,7789,0,17156,0,31621,0,51167,75852,0,106790,0,143837,0,185535,0,230441,280663,0,330677,0,382624,0,431108,0,476435,515924,0,548962,0,574859,0,589708,0,593710,589795,0,574315,0,549784,0,515667,0,475599,430516,0,379133,0,329492,0,279675,0,230533,185010,0,143513,0,107746,0,75863,0,50920,31003,0,17426,0,7942,0,2289,0
0,2070,0,7026,0,15435,0,28671,46337,0,69237,0,97608,0,131449,170975,0,212373,0,260281,0,307342,356471,0,405829,0,449142,0,490478,524168,0,553123,0,571025,0,581638,581314,0,571730,0,552235,0,524734,489808,0,448940,0,404018,0,353487,306339,0,259445,0,212673,0,169759,131823,0,98124,0,69158,0,46120,28009,0,15789,0,7174,0,2051,0
0,1883,0,6320,0,14016,25888,0,42185,0,63024,0,89258,120510,0,157235,0,196154,240711,0,286287,0,332425,0,380333,424776,0,464543,0,500702,530045,0,552395,0,566420,0,570707,566362,0,552940,0,530283,499680,0,464552,0,423914,0,378134,330444,0,285442,0,239705,196407,0,156252,0,121080,0,89315,63167,0,41821,0,25498,14249,0,6503,0,1843,0
0,1699,0,5693,0,12736,23539,0,38401,0,57628,81394,0,110697,0,144663,181457,0,222624,0,266301,310680,0,356299,0,400435,440535,0,476686,0,508232,532608,0,549437,0,559460,557558,0,550436,0,532612,507695,0,476741,0,439747,399210,0,353568,0,309419,265501,0,222610,0,180998,144055,0,110792,0,81843,57757,0,37950,0,23264,12899,0,5875,0,1674,0
0,1545,0,5186,11497,0,21421,0,35008,52660,0,74907,0,101298,133144,0,167885,0,205973,247910,0,290770,333428,0,376829,0,417643,452970,0,486453,0,512496,532290,0,545104,0,547960,545316,0,532487,512593,0,485738,0,453535,415943,0,375691,0,331039,290082,0,246562,0,206581,166870,0,133029,101494,0,74906,0,52882,34576,0,21128,0,11746,5323,0,1510,0
0,1395,0,4723,10409,0,19548,0,31860,48433,0,68354,93383,0,122437,0,155329,190980,0,230918,271526,0,312599,0,354790,394221,0,431093,464524,0,492578,0,514460,529052,0,537362,537778,0,529892,0,514100,492646,0,464612,430305,0,393948,0,352308,310953,0,270795,229522,0,191496,0,154387,122373,0,93440,68926,0,48173,0,31583,19372,0,10651,4811,0,1363,0
0,1270,0,4295,9442,0,17872,29161,0,44256,62991,0,85553,0,113281,143776,0,176887,214968,0,253421,293415,0,333575,0,372400,410035,0,442482,472768,0,495810,513990,0,523997,0,528675,524772,0,514082,495685,0,472091,443992,0,408087,371807,0,331745,0,291688,253175,0,213475,177384,0,143187,112624,0,86077,0,63159,44102,0,28970,17656,0,9730,4350,0,1250,0
0,1157,0,3950,8568,0,16295,26584,0,40757,57763,0,78993,104190,0,133503,164060,0,199876,237196,0,274837,313839,0,352261,0,388425,422043,0,452415,477152,0,497371,510811,0,517748,518587,0,511409,496549,0,477209,453259,0,421873,387569,0,350594,0,311957,273809,0,236411,198721,0,164589,132508,0,104325,79140,0,57989,40468,0,26527,16116,0,8900,3965,0,1140,0
0,1056,0,3572,7909,0,14899,24305,0,37407,53287,0,72843,96106,0,123692,152356,0,186238,221264,0,258268,294795,0,332750,367822,0,402260,432608,0,458552,481278,0,495821,506138,0,510082,506051,0,496600,479768,0,459331,433656,0,401428,367188,0,330301,294049,0,256321,220918,0,185358,152664,0,122837,96424,0,72985,53219,0,37055,24458,0,14714,8137,0,3595,1043,0
0,952,3256,0,7246,13618,0,22445,34222,0,48909,67460,0,88792,114802,0,141991,173428,0,206288,242309,0,277405,313771,348866,0,381616,414505,0,439985,463417,0,481876,493116,0,500494,499384,0,494031,481140,0,463154,441018,0,414120,381954,0,347015,311556,276442,0,240783,206171,0,173083,141783,0,113803,88993,0,67658,48824,0,34192,22276,0,13568,7426,0,3322,943,0
0,859,3002,0,6639,12467,0,20551,31450,0,45240,62426,82115,0,106350,132301,0,161568,192872,0,226908,261147,0,295854,330065,363812,0,394485,422805,0,445525,466495,0,480398,489173,0,491820,490381,479704,0,465604,446180,0,423244,394689,0,362235,328761,293861,0,260150,225844,0,193084,161011,0,131708,105647,0,82556,62301,45059,0,31408,20532,0,12392,6821,0,3054,855,0
0,791,2728,0,6097,11426,0,18979,28913,41851,0,57617,76013,0,98881,123118,150408,0,180811,212582,0,245554,279096,0,312504,345602,375989,0,404699,429456,0,449490,467164,478174,0,482712,483284,0,477908,465926,450406,0,429466,404766,0,376107,344021,0,310809,277392,244429,0,212385,180509,0,150050,122574,98209,0,76301,57538,0,41569,28975,18814,0,11458,6265,0,2811,781,0
0,734,2473,0,5594,10506,17511,0,26593,38788,0,53081,70808,91604,0,114794,140392,0,169061,198861,230833,0,263531,295877,328377,0,358251,387136,0,412345,434058,452474,0,465760,473692,0,476295,472527,465766,0,451750,434405,412484,0,387638,357870,0,326233,293773,262185,0,229926,199514,0,168613,139851,114362,0,91116,70773,53104,0,38354,26880,0,17294,10517,5761,0,2581,702,0
0,670,2293,0,5159,9601,16129,0,24605,35754,49388,0,65618,85005,107092,0,131132,158059,0,186536,216668,249153,0,279615,311157,342064,0,369978,396456,417691,0,437299,452977,462639,0,469006,467249,0,462605,452027,437486,0,419108,395752,369840,0,340247,309740,278386,0,247057,216678,186899,0,157631,130643,0,106508,84692,65851,0,49001,35449,24919,0,15927,9687,5284,0,2358,640,0
0,608,2098,0,4806,8822,14762,0,22915,33002,45808,0,61001,79113,99716,0,122724,147692,175011,0,203814,234618,264548,0,294948,325906,353869,0,379637,402492,422256,0,439562,452172,458450,0,461737,458440,450894,0,438678,423304,403050,0,379644,352938,323850,0,293927,263211,232672,0,204202,175092,147710,0,121986,99235,79086,0,60846,45631,32646,0,22993,14768,8954,0,4821,2164,579,0
0,551,1934,4420,0,8085,13662,21191,0,30695,42329,56792,0,73645,92794,114977,0,137995,164788,191684,220905,0,250435,279733,309497,0,338060,363853,386991,0,407961,425979,439235,0,449474,453675,453572,447602,0,439266,426059,408783,0,387502,363068,336825,0,308082,278637,248829,0,219262,192586,164273,138562,0,113618,92848,73407,0,56617,42200,30317,0,21271,13583,8320,0,4459,1994,526,0
0,501,1775,4116,0,7462,12594,19549,0,28654,39320,52648,68624,0,86915,107101,129541,0,154556,180516,207998,236748,0,265826,293775,322249,0,348492,372193,393533,412006,0,427278,438015,445393,0,447033,444454,437993,426742,0,412990,394101,372010,0,347656,321182,293079,263613,0,234935,208010,180477,0,154577,129514,106531,86502,0,68304,52487,39267,0,28152,19718,12526,7730,0,4105,1855,487,0
0,462,1629,3811,0,6917,11631,18086,26655,0,36643,48789,63837,81154,0,100375,121090,144775,170405,0,196222,223855,252230,0,279480,306722,333678,357401,0,379410,397786,414578,426958,0,436312,439832,439893,435712,0,426409,414506,399096,380204,0,356281,332585,306283,0,277981,250244,222771,195536,0,170270,145008,121244,99647,0,80873,63745,48888,36396,0,26225,18214,11532,7196,0,3825,1675,446,0
0,424,1526,3482,6437,0,10752,16813,24759,33985,0,45637,59547,75309,94158,0,113590,136313,159798,184944,0,212533,238416,265964,292369,0,318561,343507,364743,384431,0,401794,415682,425800,432271,0,435012,431271,425082,415207,402465,0,385894,365232,341548,317995,0,291953,264164,236783,210717,0,184767,160249,136110,113528,0,93609,75437,59358,45566,0,33787,24411,16865,10708,0,6666,3519,1546,414,0
0,391,1422,3257,5902,0,9967,15560,22939,31875,42445,0,55736,70138,88236,106788,0,127743,150747,174505,200347,226656,0,252577,278153,304805,328877,0,351410,370948,389172,403142,415929,0,423396,428277,427410,422153,0,415033,404118,389354,372695,350726,0,327811,303642,277411,250755,0,224525,199425,174613,150782,127838,0,106747,87549,70614,55213,0,42542,31556,22680,15685,9977,0,6154,3250,1426,384,0
0,366,1309,3013,5459,0,9337,14359,21304,29769,39664,0,52095,65274,82807,100444,119991,0,141830,164729,189288,214894,240069,0,265314,290593,315359,337254,357904,0,376316,392114,404835,414355,419664,0,423387,418418,413331,404816,392581,0,376242,359394,336551,313790,290217,0,263614,238503,213200,188429,164970,0,141669,120447,100040,82235,65987,0,51491,39579,29440,21183,14547,0,9283,5695,2988,1324,348,0
0,345,1215,2781,5080,8603,0,13421,19868,27720,37134,48683,60920,0,77307,94492,113155,133538,155339,0,178832,203853,227426,253955,276587,302216,0,323947,345119,362908,380844,393772,0,404274,411356,417632,414820,409843,404661,0,394405,380829,363878,344880,323092,0,300274,277189,251200,226578,201832,178338,0,155734,133736,113029,93756,77290,0,61782,48097,36839,27575,19655,13623,0,8547,5307,2742,1231,324,0
0,321,1126,2594,4722,7994,12501,0,18460,25852,34635,45668,57298,72131,0,88778,106223,126012,146908,169089,192646,0,216820,241354,264487,288148,311500,331620,0,351320,368835,382296,394432,402852,409806,0,410698,408028,401848,394734,382580,369430,350490,0,332240,310151,287793,263695,239342,214979,0,191324,168976,146876,125957,106423,87982,0,72646,57820,44815,34568,25755,18298,0,12708,7905,4926,2566,1122,305,0
0,296,1037,2426,4355,7450,11623,0,17222,24145,32423,42764,53700,67397,83547,0,100004,118697,138920,159631,183346,205143,229935,0,252725,275237,299280,318936,338796,356521,371841,0,383628,393953,402191,404595,404133,400098,393208,0,384652,372073,356921,338237,318995,297546,275324,0,251261,228053,204424,181507,160053,138171,119265,0,99828,82696,68262,53935,41999,32507,23900,0,17165,11765,7345,4619,2382,1033,287,0
0,280,963,2232,4077,6899,10876,16060,0,22542,30313,40096,50313,63213,78417,94098,112269,0,131210,150845,173608,195219,218555,241723,263511,286069,0,306656,326788,344383,360700,373447,385398,392822,398442,0,399660,396865,392038,384007,374938,360666,344858,326378,0,306066,285503,262328,239947,217156,194147,172319,151012,0,131307,111862,94318,77795,63883,50553,39576,30349,0,22316,16046,10850,6882,4324,2222,948,265,0
0,252,896,2077,3832,6404,10147,14954,21179,28229,0,37610,47177,59413,73555,88920,105778,124084,142617,164499,0,185402,207837,230755,252480,273800,294974,314390,333069,349170,0,363475,375014,384507,391154,393849,394416,389288,383714,374886,364284,0,349534,332565,314657,293787,273812,250318,229179,206535,184362,0,163192,143309,124214,105492,88636,73187,59978,47313,37129,0,28498,20956,14876,10119,6478,4029,2041,888,237,0
0,240,830,1931,3581,6008,9432,13897,19764,26534,35265,0,44619,55567,69152,83795,99661,117411,135217,155775,175975,197966,219597,0,241651,262076,283394,302988,321697,337576,353101,365143,375884,383511,387605,0,389012,387948,381608,375225,365419,353462,338383,321109,302830,282477,261631,0,239522,218296,196764,175178,154595,135746,117570,99625,83195,69252,56151,0,44358,34856,26694,19455,14039,9367,6077,3782,1889,830,220,0
0,221,762,1829,3346,5574,8867,12995,18430,24862,33124,41771,52422,64897,0,78971,93914,111312,128144,147264,167317,188264,210015,230334,251394,272035,291382,310488,0,326425,342681,355015,366862,375519,381247,384053,383632,380770,373865,366121,355553,343063,326577,0,310321,291651,270568,250275,228760,208687,187270,165875,147114,128514,111392,94114,78148,0,65383,52452,41893,32644,24949,18293,13077,8796,5650,3521,1761,777,206,0
0,202,693,1704,3167,5191,8312,12188,17154,23381,31013,39222,49507,61043,74394,88828,104716,0,121936,139505,159124,178883,200448,220395,240362,260727,280313,299637,315886,331847,345225,357578,366933,374689,378060,0,379427,377171,373545,365857,356913,345995,332281,316148,298617,279774,260394,238956,219101,198998,177707,158246,139600,0,121583,105471,88505,73608,61692,49377,39450,30617,23427,17147,12163,8232,5308,3262,1670,718,185,0
0,192,648,1579,2962,4892,7727,11451,16125,21956,28968,37048,46448,57614,70002,84031,98688,115680,132762,150839,170318,191253,210137,0,230588,250010,269577,288148,306389,320682,336063,347676,358177,366561,372971,374140,373445,371599,365690,357433,347689,336386,321554,305254,287575,269139,249456,0,228916,209293,189431,169154,150744,132313,115612,99313,83653,69729,57831,46379,37220,28798,21949,15968,11488,7674,4981,3058,1541,666,175,0
0,174,612,1507,2748,4558,7245,10758,15069,20667,27308,34806,43694,54190,66203,79300,93613,108968,126369,143670,161805,181968,201151,220734,239888,258538,278216,295758,310277,326597,338127,349119,358311,366031,369615,0,369001,368665,364933,357592,348565,338800,326634,310858,294485,277286,258330,239266,219344,199839,180416,160866,143377,125993,109385,93534,79241,65818,54538,43715,35097,26970,20597,14967,10777,7167,4681,2841,1449,624,163,0
0,162,563,1416,2608,4228,6816,10036,14186,19424,25665,32676,41278,50937,62379,75132,88253,103484,120057,136456,154106,173454,192546,210595,230263,248722,267196,285505,300586,316681,329168,340693,349403,359167,362928,365353,364579,362518,357754,349570,340939,329684,315708,300308,284823,266408,248759,228793,209986,190851,171603,153313,136367,119883,103669,88582,74639,62289,51240,41333,32975,25326,19398,14126,10021,6716,4348,2695,1348,583,152,0
0,149,523,1325,2466,3962,6341,9451,13295,18288,24093,30781,38970,48255,58536,71102,83742,97917,113662,129909,147187,164853,183631,202397,219953,239175,257250,275094,291545,306140,320113,331663,341783,350171,357737,359881,360717,359964,356467,349967,341933,332155,319539,305854,290667,274595,256266,238980,219135,200936,182115,163663,146195,129924,113711,98357,83549,70551,58906,48409,39007,30829,23964,18210,13255,9325,6390,4023,2585,1241,539,145
143,474,1246,2330,3698,5891,8929,12550,17161,22612,29108,36657,45621,55385,67033,79298,92915,107661,123655,140291,157328,174993,193473,211338,229672,247314,265020,281748,296114,311756,322718,333401,342989,350038,354710,356814,356241,354157,349583,342314,333676,323509,310017,296586,280296,264984,246573,229140,209953,192032,174000,156163,139319,123812,107871,93330,78873,66809,55668,45690,36871,28825,22676,17144,12460,8757,5972,3799,2415,1173,495,141
135,447,1156,2179,3494,5530,8418,11772,16186,21224,27490,34504,43198,52525,63140,75099,88017,102429,117238,133849,149743,167496,184665,202867,220930,237564,255401,272050,286807,302194,314312,325173,334770,342868,348856,351661,704798,347792,342238,335032,325442,314292,300701,286669,271455,254884,237567,218853,201842,183787,165841,148845,133211,117484,102447,88641,74687,63165,52568,43455,34530,27359,21329,16002,11674,8296,5592,3581,2273,1104,455,130
129,456,1135,2124,3511,5500,8405,11655,16043,21221,27264,34277,43024,52280,62898,74763,88034,101900,116670,133873,149491,167208,184235,202559,220597,238557,254654,271724,287813,302123,314505,325938,335783,343820,348564,352680,706162,348160,343317,335735,324891,314940,301222,287139,271344,254577,236790,220049,201097,183531,165574,148569,132594,116982,102670,88205,74541,62638,52319,43328,34369,27416,20975,15912,11709,8158,5569,3561,2267,1092,466,127
127,456,1094,2094,3449,5445,8257,11499,15792,21126,26800,34197,42396,52108,62318,73953,87749,101000,117050,132721,149028,166931,184244,202004,220691,238175,255281,271871,287754,302322,315362,327038,335979,345073,350325,353272,708096,349808,344020,335937,326624,315740,301184,287993,270716,254797,236844,219618,201250,183069,164883,148545,131918,116651,101874,87617,74047,62343,51798,42945,34062,26958,20868,15653,11593,8080,5488,3518,2241,1066,458,125
123,459,1079,2023,3394,5397,8063,11345,15587,20849,26473,33518,42196,51526,61914,73373,86864,101124,115672,132110,148628,166411,183748,202140,220139,238426,255490,272063,287698,303092,316245,327097,338050,346014,351751,354626,710453,351112,344999,336599,328134,315101,302695,288107,271405,254907,236725,219941,200331,182859,164617,147739,131247,116475,101153,86708,73454,61737,51553,42270,33943,26415,20591,15386,11409,7969,5401,3460,2185,1052,442,127
117,451,1057,1967,3386,5261,7930,11142,15301,20465,26170,33146,41580,51163,61203,72661,86689,100186,115214,131339,147685,166295,183220,202694,219520,238451,254502,272849,288624,303325,317601,328074,338920,347360,352293,356725,712696,352160,346317,337711,328411,316648,302698,288419,272175,254463,237475,219145,200492,182307,164214,147207,130701,115520,100761,86176,72714,61108,51116,41603,33600,26225,20156,15227,11106,7871,5332,3349,2148,1041,426,124
111,451,1015,1925,3308,5216,7689,10980,15110,19989,25837,32858,41116,50410,60768,72104,85555,99934,114995,130200,147510,165279,183524,201936,219754,237457,256119,272338,289670,303798,317430,329455,340394,348660,352809,357928,715650,352244,348463,338925,329032,317401,304002,288598,272090,254724,237445,218980,200411,181693,164203,146264,130310,114553,100282,85419,72184,60638,50413,41298,33079,25885,19866,15020,10880,7711,5170,3326,2070,1002,420,125
103,441,1009,1893,3211,5043,7614,10747,14882,19673,25554,32377,40531,49745,60450,71517,84634,99143,114392,130133,146590,164900,183283,201541,219430,237979,256001,272494,290601,304280,318637,330316,341075,348642,355517,358237,717902,353919,349009,340427,330327,318192,304050,289555,272538,254781,237138,219088,199663,181617,163719,146034,129870,114027,99217,84716,71565,60342,49681,40938,32579,25443,19643,14784,10650,7571,5015,3288,2010,960,411,124
101,434,987,1860,3096,4944,7505,10519,14681,19352,25223,32080,39753,49364,59813,71089,84278,98186,114011,129058,146167,164272,183166,200910,219738,238285,255778,273615,290111,305425,318901,331187,342419,350790,355499,359486,720424,355234,350043,340896,331492,319637,304474,289410,273355,254265,237284,218917,199847,181286,162909,145441,129762,113522,98068,84431,70826,59485,49418,40355,32126,25136,19291,14646,10374,7422,4932,3199,1979,922,401,116
100,416,967,1847,3031,4824,7287,10395,14351,19025,25002,31757,39268,48678,59074,70637,83990,97549,112760,129198,145563,164098,182399,200834,219327,237641,256902,274169,290044,305757,320161,332083,343650,351325,356826,361582,721327,356703,351210,341723,333198,319127,304903,290724,273335,254495,237358,218703,199867,180816,162488,144982,129199,112858,97626,83634,70201,58988,49002,39673,31784,24774,19187,14274,10206,7218,4856,3098,1946,903,390,115
105,387,962,1774,3012,4765,7086,10242,14129,18688,24600,31371,38934,48158,58367,70285,83120,96975,112271,128463,145737,163224,181855,200614,219271,238253,255981,274910,290489,306802,321203,332862,344111,351711,359253,361141,724628,357899,351377,343733,332898,321127,305576,290378,273964,254477,236972,218869,199675,180569,161789,144704,128476,112177,97037,82988,69999,58459,48384,39333,31348,24407,18966,13927,10060,7053,4769,3034,1878,870,383,114
109,376,939,1712,2987,4614,6955,10044,13980,18385,24287,30848,38752,47382,57913,70022,82205,96392,111499,128466,144742,163067,181632,200185,219194,237875,256549,274830,291076,307847,320843,334610,344483,354034,358925,362949,726380,359308,353374,343973,334315,321184,305968,291090,273512,255706,236552,218322,199559,179998,161577,144748,127511,111503,96691,82539,69124,58032,47840,39030,30838,24022,18711,13711,9876,6871,4720,2974,1808,847,372,114
108,378,902,1674,2901,4533,6894,9829,13700,18117,23909,30585,38172,47272,57308,69536,81774,95620,110959,127602,144241,162970,180785,200284,219213,237974,256839,274480,291668,308163,321705,336033,344919,354846,360528,363541,729203,360507,352930,345193,335334,321380,307424,291299,273986,255199,237507,217896,198797,180429,160837,144326,127198,110909,95638,82135,68561,57553,47563,38593,30237,23909,18435,13438,9745,6683,4613,2936,1741,833,370,109
106,364,886,1643,2830,4463,6747,9573,13486,17973,23475,30234,37988,46423,57033,68899,81192,95078,110269,126977,144117,162499,181143,199570,218837,238674,256296,274817,292220,308303,322755,336692,346757,355219,361650,364914,730891,360948,354637,345184,335524,323115,308094,291854,273662,255987,237187,217455,199349,179689,160404,143716,127013,109915,95775,80778,68664,56854,47059,38210,29866,23565,18117,13297,9580,6572,4494,2895,1694,788,364,110
112,347,853,1595,2784,4356,6604,9445,13190,17820,23254,29707,37646,46109,56702,68042,80809,94486,109881,126477,143555,161625,181197,199328,218858,238542,256864,275274,292106,308607,323693,337105,347856,355802,362949,365978,732781,362977,354552,346469,336701,323161,308957,292031,273720,256164,237233,217616,198666,179922,159633,143296,125991,109827,94946,80935,67827,56529,46531,37667,29618,23218,17838,13070,9404,6495,4390,2825,1623,771,359,107
107,344,812,1578,2702,4313,6502,9230,13035,17555,22732,29571,37058,45899,56041,67831,79853,94318,109444,126032,143044,161247,180413,199283,218793,238629,256980,275639,292916,308739,324338,337332,348770,357359,363699,366458,735933,363063,356148,346924,336646,324419,308934,292284,274809,256130,236781,218026,198356,179097,160357,142465,125532,109253,94384,80187,67611,56161,45758,37321,29474,22934,17450,12840,9254,6397,4375,2717,1557,790,344,101
96,348,809,1498,2653,4246,6307,9134,12903,17314,22449,29014,36724,45579,55810,66953,79745,93772,108934,125224,142690,160516,180482,199599,218512,237663,257757,275521,293045,309930,325030,338299,349584,358010,363197,368736,737536,364739,356550,347075,338509,324977,308832,292391,275110,256795,237166,217451,197789,178974,160350,141500,125701,108671,93848,80031,66698,55512,45472,37063,28959,22670,17239,12725,9030,6287,4256,2710,1500,770,339,100
94,335,778,1479,2580,4183,6204,8962,12686,17075,22290,28621,36415,45248,55234,66612,79113,93298,108714,124877,141848,160317,179619,199796,218282,238471,257377,275907,293472,309938,325916,338438,349764,358806,366170,368903,739821,364648,357523,348624,338874,325424,309378,292766,275735,256366,237551,217362,197198,178548,160283,141357,124892,108331,93182,79401,66481,55117,44939,36573,28708,22473,16870,12674,8843,6121,4241,2626,1475,753,331,97
88,330,750,1431,2551,4096,6126,8842,12422,16804,22022,28297,36028,44923,54857,66215,78576,92539,108668,124154,141633,159808,179287,199247,218204,238753,257455,275342,294013,311188,326200,339570,350507,359644,366685,369537,742142,365644,358792,349365,339290,325578,310179,293333,276049,256014,237193,218038,196951,178154,159933,141238,123882,107839,92576,79231,65807,54934,44652,35962,28492,22085,16839,12328,8743,6081,4082,2588,1452,735,320,95
87,321,712,1423,2488,4079,5919,8704,12233,16530,21943,27877,35739,44487,54455,65703,78160,91799,108396,123718,141460,159511,179027,198507,217894,239078,257639,275744,294011,311688,327240,339737,351394,361143,366599,371057,743538,366998,359125,350808,338815,327041,310794,293488,275628,257087,236490,217812,197455,178102,159183,140377,123678,107247,91957,78996,65436,54498,44468,35533,28046,21897,16685,12003,8618,5983,4056,2528,1419,714,314,89
81,313,701,1387,2444,3990,5820,8582,12003,16418,21506,27865,35389,44045,53912,65190,77819,91736,107218,123976,140677,159393,179056,197858,218040,238666,257360,276895,293951,312312,327941,340248,352057,361274,368335,372048,744890,367790,360465,351079,340207,327464,310241,294104,276688,255732,237316,217552,197066,178301,158468,140232,122906,106890,91529,78423,65143,54099,44130,35192,27844,21539,16512,11745,8595,5866,3954,2457,1400,693,307,83
79,303,681,1343,2450,3813,5794,8387,11908,16120,21317,27535,35213,43469,53549,64716,77136,91358,106931,123726,140235,159291,178393,197769,217464,238741,258062,275879,296026,312288,328475,341362,352126,362337,368935,373301,746592,367896,361819,351533,340382,328921,310678,294788,275507,256794,237271,216961,197325,177419,158511,139935,122372,106290,91318,77789,64697,53884,43568,35006,27557,21266,16190,11666,8438,5836,3895,2376,1356,688,295,77
75,300,664,1327,2390,3754,5645,8357,11658,15811,21233,27115,34881,43116,53248,64560,76290,91204,106290,123291,140388,158109,177944,197874,218030,238057,258333,277179,295797,312873,328403,342062,352908,362665,370803,373558,748764,368827,362052,352086,341184,329245,312090,293726,276119,256891,237320,216789,197392,176875,158107,139658,122141,105952,91064,76617,64864,53128,43326,34663,27197,21061,15998,11559,8315,5652,3846,2344,1314,690,281,79
69,297,666,1301,2321,3664,5561,8257,11389,15767,20986,26834,34479,42996,52748,63864,76042,90644,106014,122605,140539,157725,177294,197931,217744,238471,257997,277407,295717,313111,329706,342453,354083,364124,370202,374319,751483,369108,362392,353769,341917,328274,312869,294064,277665,256522,236925,216882,196929,176392,157738,139132,121986,105814,90497,76322,63993,52980,43014,34408,26950,20691,15789,11372,8231,5579,3812,2267,1298,669,270,78
68,281,661,1268,2277,3656,5465,8064,11150,15691,20785,26520,34196,42626,52404,63070,75964,90426,105489,121961,140000,158073,176985,197385,217634,238365,258101,277755,296152,314013,329566,343130,355375,364153,371225,375718,752445,369528,363486,355217,341558,328791,312597,295711,277244,257076,237219,216678,196196,176106,157297,138900,121557,105259,90252,75774,63910,52383,42606,34206,26728,20442,15516,11274,8074,5547,3684,2212,1291,650,269,73
65,268,633,1253,2232,3563,5431,7984,10962,15513,20459,26416,33783,42415,52027,63032,75472,89680,104998,121872,138958,158155,177356,196407,217832,237823,258556,278151,295903,315147,329955,344105,355540,364853,372696,375929,753197,371002,364970,355169,342538,328866,313316,295746,277100,257706,236893,216681,196062,176111,156785,138713,120615,104963,89667,75642,63380,52327,42025,33833,26480,20408,15264,11049,8018,5480,3598,2168,1245,631,268,68
64,271,614,1217,2190,3519,5390,7785,10989,15148,20239,26092,33566,42067,51927,62581,74896,89248,104485,121377,138526,158084,177232,196422,218111,237931,258082,277818,297441,314115,330974,344381,356254,366068,372568,376861,755517,372591,364507,356107,343001,329530,314113,295384,277202,257801,237274,215633,196857,175872,156430,137917,120675,103875,89537,75226,63103,52266,41515,33548,26075,20178,15033,11015,7859,5459,3468,2154,1221,599,268,65
62,267,598,1182,2171,3495,5334,7668,10826,15028,20067,25716,33093,41763,51676,62145,74843,88515,104339,120373,138852,157431,177268,196039,217844,238047,257660,278799,296864,315576,330842,345224,356812,366681,374318,376928,756742,373184,366082,356174,344376,329592,313603,296583,277806,257505,236690,215964,196463,175495,156419,137265,120286,103532,88818,75170,62709,51636,41708,33052,25778,20004,14813,10871,7694,5378,3443,2123,1186,596,253,69
60,266,577,1193,2090,3474,5240,7565,10695,14798,19842,25635,32671,41360,51217,62145,74475,87886,104202,119662,138425,157440,176623,196113,217229,238107,258578,278633,297754,315338,330771,346430,356477,367909,375376,378257,758482,373411,366881,356682,345095,329592,314343,297030,277529,257451,236674,216314,195612,175491,155614,137825,119322,103358,88502,74862,62252,51297,41370,32680,25634,19852,14666,10622,7610,5300,3405,2085,1158,582,247,65
59,248,583,1155,2092,3363,5163,7451,10543,14616,19629,25533,32325,41260,50737,61481,74180,87887,103087,119874,137660,157348,176616,195511,217362,238465,258304,278403,298293,316060,331399,346185,357997,368089,375372,379755,759595,374873,366839,357701,345457,330670,314393,298031,276910,257852,236400,216033,195268,175223,155325,137819,118855,102979,88384,74043,62113,51000,40954,32552,25193,19813,14423,10469,7544,5260,3311,2021,1134,588,233,65
61,236,566,1143,2052,3312,5184,7323,10421,14392,19348,25277,32133,40910,50425,61218,73543,87781,102497,119608,137852,156282,176267,195812,217434,237805,259445,278150,298055,316344,332787,345687,359357,368529,375235,380535,761825,375638,367384,358624,345571,330814,315765,297064,278273,257230,237193,214960,195833,174613,155026,136886,119118,102901,87709,73993,61402,50497,40825,32201,25193,19480,14187,10343,7438,5176,3265,1978,1136,558,238,65
58,225,562,1139,1979,3273,5113,7268,10298,14214,19088,25037,32128,40592,50006,60860,73290,87006,102282,119126,138119,155673,175672,196221,216973,238296,258455,278873,298296,316762,333058,347358,358473,369651,376010,381249,763449,375741,368517,359265,345364,332273,315181,297865,278154,257566,236894,215557,195185,174265,155078,136341,119024,102345,87545,73370,60905,50375,40588,31795,25082,19110,13998,10320,7398,5048,3196,1953,1130,549,232,67
59,213,563,1090,1966,3229,4988,7252,10175,14029,18885,24738,31942,40172,49746,60655,73025,86843,101793,118457,137695,155298,175646,195904,217086,238425,257972,278778,299490,316394,333556,347511,359635,370601,376394,382394,764327,376599,369368,359430,346490,331935,316305,298040,278336,257661,236496,215380,195464,173922,154535,135922,119145,101349,87530,73077,60617,50056,40321,31485,24755,18976,13896,10162,7235,4996,3142,1905,1135,529,224,64
60,211,547,1068,1935,3194,4884,7160,10098,13727,18851,24391,31781,39949,49195,60528,72483,86735,101574,118032,136655,155669,175095,195805,217583,237892,258073,278654,299219,317472,334341,347928,360408,370861,377439,383016,765218,377191,370111,360311,347073,332667,315552,299180,278284,257458,236468,215411,194876,174453,154125,135549,118386,101586,86929,72741,60471,49547,39883,31361,24508,18834,13779,9973,7216,4846,3113,1897,1100,516,219,63
57,212,534,1048,1913,3097,4812,7117,9937,13763,18526,24147,31571,39506,49116,60067,72086,86342,101171,118259,135958,155303,174835,195559,217231,238274,258095,279343,299042,318033,334105,349091,360943,370996,378694,383185,766603,377871,370468,361698,348033,332318,316478,298718,278360,257217,236529,215652,194668,174466,153932,135416,117627,101544,86036,72400,60508,49176,39571,31099,24319,18620,13600,9788,7140,4798,3044,1897,1049,523,212,62
63,198,529,1003,1896,3019,4770,7045,9773,13726,18397,23961,31264,39113,48925,59636,71908,85863,101310,117496,135654,154566,174756,195919,216513,238351,258351,279013,299755,318245,334719,349176,362478,371042,379282,383892,767956,377622,372391,361627,349108,332263,317426,298388,278505,258031,235762,215590,194926,173868,153884,134645,117100,101584,85787,72195,59914,49221,39003,30906,24068,18406,13543,9667,6991,4769,2982,1851,1042,503,217,60
59,187,514,974,1897,2952,4749,6899,9667,13650,18238,23672,31137,38871,48522,59127,71931,85521,100805,117255,135239,154106,174502,195501,217344,237129,258627,279249,299671,319261,335316,348808,362798,373036,380025,383554,769445,379233,372259,362425,349012,333631,316601,299024,279523,257077,236181,215673,194221,173981,153722,134366,116828,100623,86119,71627,59596,48761,38905,30636,23851,18137,13399,9659,6814,4714,2954,1819,1024,494,225,56
59,181,504,980,1825,2973,4607,6788,9637,13393,18059,23493,30840,38733,48355,58681,71564,85363,100394,116977,134856,153822,174795,195179,216477,237371,258723,280285,299471,318699,335640,350089,362974,372731,380962,385217,771271,379467,372451,363468,349827,333040,317993,299476,278634,257038,236218,215565,194237,173192,153807,133883,116285,100741,85768,71327,59564,48232,38409,30599,23631,17883,13403,9531,6707,4516,3015,1753,1021,486,216,57
58,177,499,967,1794,2921,4517,6759,9531,13109,17982,23347,30595,38378,48121,58836,71142,84607,100256,116154,134706,153822,174693,194873,216044,237839,258343,280587,300257,318770,335622,350848,363343,374127,380574,386262,772060,380148,373738,364130,349735,334497,317314,299802,278302,257895,235848,215355,194078,173315,153061,133709,116288,100481,85152,71088,59000,48004,38312,30223,23522,17803,13105,9442,6652,4428,2991,1726,1003,476,212,53
57,172,499,954,1770,2839,4501,6680,9422,12958,17704,23282,30350,38216,47616,58492,70810,84443,99982,116084,134009,153673,173919,195194,216234,237492,258817,279908,300517,319359,336731,350718,364738,373402,382270,386762,773596,381482,373003,364481,350177,335364,318167,298518,278745,258022,236469,214924,193901,172949,152875,133604,116030,100175,84354,70947,58707,47683,38151,29908,23250,17670,13067,9316,6571,4343,2965,1700,983,486,197,54
55,173,482,943,1755,2798,4377,6696,9280,12876,17419,23231,30023,38254,47270,57889,70427,84400,99514,115861,133826,153365,173569,195067,215992,237138,259450,279913,300031,320376,337196,351492,364372,374728,382209,387424,774728,382116,374659,363714,351573,335053,318820,298460,278603,258713,235700,215623,193443,172973,152846,133054,116001,99458,84235,70579,58076,47834,37787,29525,23148,17589,12886,9325,6518,4202,2919,1671,987,473,192,54
57,178,464,916,1731,2791,4300,6509,9267,12733,17359,22910,29979,37851,47238,57533,70017,84170,99291,115436,133454,152777,173557,195384,215808,236954,258975,280616,300073,320937,336750,352468,365184,375438,382661,387802,775761,382770,375243,364913,350981,335970,319089,298406,279235,258634,236113,214883,193672,171875,153007,133165,115477,98960,83932,70286,58035,47276,37687,29448,22961,17298,12847,9114,6403,4213,2858,1653,970,466,187,52
55,176,453,919,1666,2738,4256,6506,9080,12696,17195,22877,29643,37672,46689,57447,69601,83694,99181,115190,133213,152263,173162,195088,215748,237446,258081,281504,300727,320361,337490,351931,366307,376130,383810,388184,777614,383180,375865,364697,351835,335877,319235,299325,278888,258830,236397,214752,193565,171796,152579,132673,115736,98211,83211,70027,58144,46757,37670,29187,22772,17119,12713,9090,6276,4107,2827,1643,941,465,175,50
50,180,438,899,1641,2684,4221,6416,9041,12488,17075,22681,29374,37393,46467,57298,69212,83209,98689,115234,133027,152044,172869,194999,215803,237105,258696,281331,301266,319806,337922,352979,365794,377461,384202,388878,779619,382907,376565,365810,351112,336783,318909,300297,278834,258429,236712,215360,192927,171752,152165,132657,114766,97972,83172,69625,57822,46427,37473,29037,22684,16908,12575,8961,6213,4050,2803,1598,934,462,166,50
48,181,422,882,1655,2627,4183,6345,8953,12287,17052,22302,29329,37128,46353,56977,68698,82960,98803,114582,132817,152269,172518,194098,216213,236603,259532,281244,300764,320944,338375,353086,365829,378026,384907,390441,779725,384244,376526,365918,352648,336360,320101,299895,278287,258827,236684,215411,192693,171585,151894,132845,114244,97477,82773,69656,56882,46542,37205,28811,22572,16721,12496,8900,6088,4060,2714,1641,886,459,157,48
50,177,410,875,1620,2577,4159,6207,8895,12198,17009,22147,29063,36914,46114,56720,68463,82384,98471,114282,132997,151254,172689,194193,215347,237344,259964,280492,301450,321210,338567,353538,366846,377971,385774,390240,781000,385388,376969,366217,352615,337329,319636,300573,279118,258057,236889,215533,192194,171523,151582,132729,113875,97175,82858,69086,56756,45932,36975,28864,22337,16666,12187,8960,5963,4010,2659,1607,896,438,153,48
48,166,414,849,1586,2559,4049,6170,8816,12138,16810,22020,28988,36574,45804,56529,67745,82338,98268,114011,132394,151415,172033,194150,215327,237710,259845,280283,302073,321299,338869,353786,367565,378654,386079,391273,782023,385083,378034,366546,352861,338338,320409,300209,280170,257788,236562,214864,191988,171172,151979,132433,113400,96848,82310,68971,56522,45582,36861,28764,21864,16675,12109,8784,5932,3985,2614,1566,906,426,150,43
44,167,401,844,1560,2554,3984,6121,8639,12188,16546,21807,28691,36413,45367,56585,67845,81555,97564,114072,131728,151482,172168,193255,216296,237356,259740,280290,301976,322151,338547,355111,367945,379897,385910,390880,783898,385985,377526,367852,353356,338343,320687,300403,280079,258900,235870,213924,192786,171078,151521,131839,113122,96717,82241,68470,56064,45677,36444,28374,21858,16509,12086,8642,5904,3939,2590,1540,898,412,150,45
44,172,396,828,1530,2531,3957,5970,8633,12001,16452,21669,28400,36181,45296,55850,67863,81383,97041,113765,131723,151005,171855,193256,215961,237137,259689,281602,300871,323078,339449,354281,368747,380825,386671,391063,784978,387385,377296,368751,353638,338585,320920,300511,280180,259007,235851,213723,192455,171781,150690,130891,113370,96659,81974,68251,55714,45356,36279,28085,21765,16253,11936,8606,5919,3879,2564,1516,857,421,148,39
46,169,361,816,1523,2488,3920,5929,8505,11955,16289,21425,28212,35879,45261,55476,67349,81476,96831,113642,131055,150538,171710,193699,215278,237426,259505,280987,302175,322896,339298,355011,369743,380494,387933,391495,786403,387389,379392,367653,354761,339005,320344,301056,280445,258557,236342,213939,191665,171219,150990,130823,112693,96552,81597,68107,55367,45080,35857,28162,21657,16032,11847,8508,5930,3832,2456,1523,838,418,140,34
46,158,374,796,1471,2463,3881,5778,8456,11865,16140,21449,27918,35704,44720,55342,67197,81164,96724,113068,130974,150615,171017,193411,215487,236989,259687,281007,302573,322903,339736,355829,370342,380431,388362,392725,786864,387716,380412,368067,355330,339374,320892,300684,280955,258525,235999,214286,191643,170982,150061,130635,113110,95833,81634,67268,55376,44937,35487,28008,21412,16025,11681,8429,5832,3815,2437,1499,823,400,140,35
46,153,355,783,1472,2467,3800,5732,8382,11818,15977,21258,27794,35272,44382,55082,67313,80916,96301,112818,130489,150529,170294,193786,214976,237575,259575,280863,303639,322076,340110,356778,370827,380477,389624,392455,788349,388447,380757,369244,355038,339748,320675,301349,281142,258322,236412,213378,192097,170520,149520,130698,112764,96127,80683,67220,55210,44365,35443,27783,21286,15912,11645,8278,5764,3775,2413,1477,810,387,145,31
45,146,343,784,1422,2486,3772,5687,8180,11770,15864,21147,27573,35048,44182,54988,66950,80623,95931,112703,130278,149879,170468,193701,214560,237259,259382,281483,303985,322412,340214,357839,370384,381344,390010,393512,789386,388455,382218,369005,355865,339699,321311,301660,280445,258283,236173,213462,191999,170436,149360,130640,112647,95245,80712,66971,54911,44063,35169,27860,20930,15711,11636,8201,5707,3728,2354,1438,822,381,144,27
44,146,333,761,1420,2428,3773,5590,8196,11496,15777,21018,27514,34695,44066,54630,66835,80367,95441,112201,130420,149827,170357,192922,214590,237232,259575,281406,304322,322951,341005,357215,371740,381187,389993,394516,790742,389320,382453,368849,356340,340230,321735,301804,280348,258136,236507,213057,191899,170000,149799,130322,112203,95241,80079,66622,54745,43733,35006,27681,20723,15757,11572,8115,5606,3689,2331,1424,814,371,141,25
44,142,323,759,1412,2330,3782,5612,8004,11432,15664,20782,27384,34531,43934,54153,66808,79932,95217,111807,129976,149828,169945,192872,214785,237232,259618,281651,304122,323478,340544,357448,372201,382633,389906,395404,792022,390034,381831,370716,356935,339915,321811,301932,280339,258224,236537,213214,191581,169790,150128,129245,111893,95093,79982,66089,54590,43761,34668,27467,20441,15680,11476,8166,5516,3617,2290,1411,786,369,137,27
41,133,326,743,1395,2334,3663,5545,8009,11249,15490,20694,27252,34492,43650,54092,66214,79750,94872,111377,130050,148962,170594,192125,214961,236698,260118,282078,304243,323157,341741,357303,372229,383245,391095,395484,792326,391136,382561,371133,357644,339912,322267,302219,279882,258843,236193,213493,191208,169601,149449,129384,111315,95094,79506,66272,53960,43597,34528,27056,20507,15540,11364,8004,5512,3552,2228,1419,790,348,134,27
38,127,317,729,1387,2315,3622,5444,7944,11243,15327,20507,26970,34539,43261,53973,65765,79414,94470,111565,129745,149185,169826,192446,214860,236890,259381,282205,304029,323609,341923,358954,372269,383532,391469,396441,792783,391380,383779,371374,357484,341287,321458,302292,280912,258542,236305,213521,190445,169866,148662,129425,111039,94865,79173,65951,53622,43557,34425,26879,20178,15358,11322,7918,5469,3519,2211,1396,789,347,127,27
38,124,325,689,1381,2296,3621,5311,7937,11125,15212,20465,26810,34228,43185,53678,65339,79184,93989,111456,129988,148815,169851,191966,214875,236880,259647,281622,303603,324708,342150,358890,373404,383504,391863,396773,794562,391874,383686,371853,358160,340822,322725,302054,281530,258795,235742,213559,190217,169451,148555,129256,110672,94428,79318,65434,53587,43014,34529,26388,20347,15167,11150,7874,5395,3455,2260,1347,786,333,125,26
38,117,318,694,1363,2260,3549,5304,7833,11054,15175,20228,26541,34109,42746,53513,65195,78835,94158,111029,129688,149099,169056,192221,214351,236928,259275,282059,304394,323682,342951,360129,373297,383837,392269,396965,796455,392076,384362,371796,359403,340664,322642,302510,281347,258844,235994,213704,190103,168965,148231,128649,110401,94418,79138,65027,53124,43051,34263,26302,20248,15000,10959,7914,5285,3449,2245,1343,755,336,120,25
37,117,314,677,1317,2249,3571,5273,7753,10884,14921,20177,26566,33802,42679,53098,64978,78561,94097,110440,129677,148757,169419,191153,214723,236604,259297,282750,303273,324920,343178,360373,374084,384542,391689,398221,797987,392010,384340,373000,359429,340956,322388,303008,281847,258809,235997,213737,189788,168535,148098,128139,110450,93731,78791,65183,52892,42810,34014,26172,20080,14986,10832,7831,5204,3465,2173,1353,735,324,120,23
36,119,309,673,1306,2200,3491,5277,7697,10774,14844,19942,26341,33874,42411,52464,65127,78435,93627,110605,128623,148854,169385,191393,213743,237051,259503,282828,303227,324658,344239,361210,374226,384344,392823,398610,798232,392590,384917,374022,358596,342179,322510,303269,281771,258772,236587,212642,190067,168188,147943,128232,109644,93854,78541,64953,52434,42931,33639,26100,19887,14874,10730,7734,5197,3394,2192,1323,733,324,117,21
35,118,307,664,1285,2142,3507,5249,7510,10740,14670,20066,26042,33755,42167,52283,64507,78401,93596,110142,128586,148134,169629,191154,213976,236953,259446,282300,303643,325537,343826,361773,374376,385285,393003,399806,797946,393406,385672,373937,359482,342303,323760,302139,282519,258843,236483,212758,189226,168519,147605,127484,109891,93445,78512,64455,52475,42565,33443,25940,19818,14730,10689,7572,5141,3403,2159,1298,717,323,115,22
31,117,292,666,1283,2133,3441,5187,7425,10616,14677,19711,26206,33456,42017,52056,63938,78285,93139,109922,128669,147837,169825,190880,213426,236865,259836,282770,304025,324674,345401,361864,374212,385249,394564,399433,799519,393764,385706,374489,360412,342078,323800,302881,282044,259406,236276,212405,189803,167902,147100,127458,109628,93034,78196,64250,52630,42114,33266,25630,19777,14491,10633,7475,5169,3383,2098,1304,717,310,109,23
30,118,279,674,1263,2157,3357,5135,7378,10545,14470,19802,25774,33377,41784,51769,63776,77823,93294,109527,128059,148696,168875,190571,214052,235931,260559,282333,303970,325883,344681,361900,374672,386850,394200,400664,800650,393449,386568,374713,360591,342573,324335,303242,281689,259711,235772,212749,189270,167743,147179,127256,109253,92807,77791,64170,51976,42141,32995,25547,19689,14390,10579,7391,5095,3336,2091,1295,708,310,103,23
27,119,273,668,1234,2133,3330,5116,7290,10474,14462,19583,25720,33047,41555,51740,63680,77254,93183,109669,127678,148000,168625,190925,213604,236078,260726,282214,304106,326137,345486,361029,375851,387130,395536,400286,801248,395138,385494,375125,360825,343898,324455,303385,281937,259672,235412,212235,190077,167505,146444,127218,108997,92260,77650,64034,51893,41962,32665,25372,19511,14340,10506,7327,5093,3255,2101,1283,686,320,94,23
26,123,272,652,1212,2142,3245,5025,7267,10430,14444,19371,25382,32834,41503,51577,63299,77134,92705,109581,128091,147055,169016,190554,213304,236451,260205,282495,304720,325714,345523,361964,375838,388224,395079,401364,802800,394348,387368,375166,361100,343550,324782,303515,282273,259387,235590,212045,189930,167522,145959,127253,108618,92178,77147,63851,51778,41518,32615,25421,19201,14255,10414,7273,5043,3240,2063,1277,671,320,89,27
27,118,267,643,1227,2057,3278,4988,7283,10276,14304,19124,25247,32808,41068,51730,62925,77109,92206,109571,127953,146639,168794,190539,213401,236270,260165,283434,304063,325291,346346,362315,376512,388449,395915,401181,803248,395842,387478,375749,360823,344367,324572,304107,282347,259431,235541,211886,189580,167261,146220,126487,108842,91495,77130,63366,51732,41402,32308,25124,19160,14226,10274,7276,4994,3195,2076,1248,676,301,93,28
27,119,265,617,1224,2065,3228,4918,7243,10153,14270,18911,25309,32308,41170,51260,62997,76449,92095,109612,127433,146679,168656,190084,213198,236209,261046,282501,305221,325670,345542,363015,377745,387457,397277,400937,805408,395670,388272,375705,361395,344199,325235,303951,282794,258404,235580,212654,189067,167031,146710,126265,107774,91324,76785,63349,51564,41142,32101,25119,18955,14168,10133,7268,4944,3150,2056,1231,679,298,90,28
26,108,269,603,1228,2032,3228,4863,7175,10143,14058,18843,25007,32369,41033,50864,62683,76542,91868,109095,127295,146371,168535,189886,212656,236796,259718,283551,305194,326064,346307,362573,378612,388952,396699,401324,805938,397692,387000,376381,362069,344450,326254,304112,282056,258473,235648,212391,189294,166653,145807,126313,107663,91224,76569,63356,51024,40794,32275,24975,18756,14020,10099,7160,4946,3142,2004,1215,676,298,84,27
29,88,293,568,1194,2010,3285,4714,7138,10111,14009,18818,24727,32246,40854,50750,62395,76083,92117,108274,126981,146802,167754,190203,212127,236620,260121,283476,305614,326314,345131,363959,378883,389045,397351,401989,807046,397811,387967,376949,362651,344502,326288,303855,282119,258737,235588,212119,189441,166474,145743,126129,107388,90759,76372,63024,50785,40741,32163,24669,18734,13856,10065,7056,4937,3094,2017,1176,676,292,86,26
27,91,281,569,1179,1975,3267,4698,6983,10165,13868,18607,24819,32015,40623,50368,62298,76196,91212,108204,126977,146746,167060,189711,212774,236411,260633,283168,305468,327111,345720,363627,378906,389470,397995,403119,808102,397228,388936,376852,362366,346466,325399,304667,281623,259162,235184,212112,189430,166395,145370,126025,106730,91129,76018,62527,50794,40544,31626,24776,18700,13780,9956,7010,4849,3072,1995,1187,653,292,86,26
26,95,269,566,1150,1931,3262,4637,6912,10102,13743,18642,24688,31572,40478,50287,62384,75360,91132,108143,126819,146442,167331,188452,213177,236810,260380,283837,305514,326156,346732,364233,378250,390858,397928,404112,809359,398180,388464,376840,362969,345395,327019,304524,281664,258896,235367,212298,189219,166288,145157,125534,106701,90844,75720,62532,50406,40343,31586,24532,18541,13792,9799,7034,4779,3034,1975,1182,635,279,85,26
28,94,267,554,1114,1954,3205,4606,6870,9930,13825,18435,24438,31688,39982,50279,61958,75247,91101,107557,126259,146965,166817,188309,213379,236694,260434,283261,306267,326744,346966,363893,378826,391064,398575,403831,810780,398893,388912,377548,363629,345425,326343,305163,281883,258662,235446,212164,189225,165964,144944,125323,106472,90456,75633,62043,50273,40417,31364,24428,18320,13736,9681,7009,4756,3003,1887,1202,627,275,84,22
27,96,267,542,1125,1904,3146,4634,6730,9943,13725,18361,24213,31499,39822,50025,61865,75229,90400,107468,126287,146404,166415,188829,213054,236144,260339,283955,305782,327644,347373,364574,379296,390583,399383,404697,811207,399006,389629,377709,364128,345590,327279,304789,282390,258369,235373,212109,188193,166470,144675,125022,106489,90119,75247,61852,49932,40224,31258,24376,18354,13504,9685,6941,4648,3014,1866,1196,614,264,85,22
26,95,271,540,1103,1882,3108,4673,6634,9869,13538,18268,24115,31205,39895,49462,61838,75501,89735,107021,126155,146319,166105,189086,212432,236433,260289,283841,306789,327599,346778,364872,380115,391329,399171,405654,812267,398376,390776,378624,363646,346790,326435,305847,282416,257954,235110,211564,188731,166126,145095,124127,106096,90172,74863,61664,49927,39940,31221,24145,18277,13376,9668,6834,4614,2974,1860,1180,600,260,84,23
28,95,266,538,1058,1909,3014,4593,6703,9646,13596,18045,23876,30930,39493,49415,61087,74847,89476,105992,125347,145416,165455,188330,211651,235629,259476,282830,305757,327433,346887,364276,379764,390827,400335,405808,813193,399249,391458,379441,364841,347245,327368,305973,282229,259419,235782,211439,188988,166760,145106,124331,106331,89867,75002,61274,49923,39637,31324,23814,18316,13330,9920,7407,6011,3980,2334,1319,604,265,76,24
26,93,267,527,1060,1864,3024,4473,6648,9600,13458,17878,23803,30611,39072,49018,60731,74350,88413,106384,124061,144332,165069,187494,210679,234682,259060,281752,305360,327392,346423,363975,379907,391205,400848,405964,814908,399856,392921,380474,364672,348223,329035,306159,283680,260010,235805,211808,189321,166915,145580,124749,106223,90166,74655,61131,49927,39607,31286,23738,18126,13313,9753,7361,5917,3994,2319,1330,573,272,75,23
26,92,262,513,1063,1850,3014,4376,6641,9505,13261,17813,23506,30713,38666,48551,60263,73521,88397,105565,123965,143068,164438,186133,210120,233712,258029,281445,305121,325970,346192,363895,379886,391430,401324,406389,816530,401305,393190,381319,365526,349727,329259,307824,284007,260773,236327,212213,189584,167436,145777,124587,106703,90011,74573,61366,49699,39454,31301,23485,18023,13326,9627,7316,5914,3935,2360,1278,581,261,73,23
23,91,255,510,1057,1847,2935,4332,6621,9512,13068,17701,23481,30215,38597,48506,59606,73020,87852,104835,123186,142773,163309,185577,209317,233008,257445,280431,303510,326057,345460,363986,379445,392189,401541,406990,817091,402127,394180,381818,368028,349545,330363,308388,285252,261832,236647,213025,189568,167905,146200,124765,106318,90112,74813,61191,49422,39690,30963,23486,17919,13216,9617,7316,5849,3922,2380,1239,576,258,76,23
21,92,246,492,1066,1816,2891,4373,6514,9400,13122,17432,23274,30052,38353,48172,59229,72755,87594,103886,122943,141886,162379,184922,208261,232193,256464,279488,303530,324724,345794,363109,379031,393195,401194,408338,817068,403660,394795,382517,369720,349997,331162,309065,286166,261970,238238,213329,190348,167926,146200,125078,106483,90422,74520,61172,49466,39476,30936,23595,17655,13136,9629,7231,5829,3874,2364,1224,561,265,76,24
22,95,232,492,1015,1812,2911,4316,6463,9218,13090,17441,23107,29830,38199,47777,59046,72368,87149,103411,122087,140605,162407,184173,207050,232003,255295,278656,302404,323914,345164,362777,380018,391893,402442,407669,817994,405850,395253,383614,370094,351940,330991,310071,286740,262631,239451,213918,190864,168235,146141,125804,106725,89879,74631,61360,49456,39245,30920,23510,17679,12979,9509,7230,5780,3863,2375,1189,584,245,83,24
23,97,231,501,994,1824,2825,4275,6441,9154,12924,17380,23005,29639,38013,47637,58661,71940,86639,102792,121351,140239,161811,183190,206639,230603,254803,278092,301139,323378,344618,362742,379190,392502,401659,407857,819967,405628,396534,385129,370705,352259,332186,310675,287626,263729,239955,215040,191714,168270,146411,125150,107250,90291,74686,60996,49631,39367,30732,23511,17570,12882,9472,7182,5745,3870,2341,1162,589,244,75,26
25,96,225,514,950,1825,2743,4284,6406,9093,12724,17312,22879,29364,37799,47491,58219,71684,86442,102316,120682,139658,160734,182881,206039,229744,253611,278034,300238,322360,343077,363212,378769,392544,401115,408517,821653,404872,397917,385828,371498,353371,333833,310441,288795,264387,240424,216332,192454,168760,146553,125543,107312,90169,74927,61084,49406,39256,30642,23507,17466,12830,9496,7056,5733,3868,2317,1143,586,239,77,27
24,92,224,507,955,1769,2723,4264,6377,9009,12559,17352,22644,29483,37478,47090,58405,70884,86031,102205,119742,139008,159998,182212,205270,229399,252439,277201,299448,321534,343152,361715,378935,391585,402110,408064,822267,406153,397992,386982,372325,354481,334336,312430,289284,265228,240810,217200,192941,169199,146627,126053,107495,90562,74809,61014,49594,39270,30441,23475,17271,12863,9515,6987,5676,3909,2289,1114,593,231,78,27
22,92,220,498,948,1752,2683,4248,6342,8926,12528,17135,22453,29545,37269,46957,57782,70768,85331,101642,119409,138481,159753,181700,204640,227759,252351,275777,298828,320919,342579,361681,377638,392140,401152,408536,822797,406988,398365,388437,373153,355768,334695,313121,290236,265956,242106,217421,193411,169623,147549,126016,107804,90303,75173,61224,49471,39259,30319,23384,17309,12794,9412,7004,5639,3883,2283,1120,558,238,80,25
23,90,217,495,952,1718,2700,4218,6231,8876,12370,17058,22620,29224,37069,46735,57633,70670,84793,100975,119137,137862,159057,181170,203298,227588,251538,274650,298178,320350,342230,360862,377445,391396,400884,408368,823989,406506,398715,389736,374442,356536,336044,313783,290505,267774,242690,218061,193777,170146,148291,126291,107760,90741,75214,61161,49602,39082,30526,23364,17084,12882,9226,7020,5619,3885,2278,1108,551,237,78,24
24,86,209,499,944,1755,2674,4100,6173,8821,12385,16850,22280,29406,36882,46582,57338,70331,84750,100468,118709,137356,158128,180523,202817,227120,250412,273737,297993,319570,340808,359934,377722,390111,400727,408802,824202,407307,399714,389278,375603,357374,336939,314867,291375,268635,243767,219207,194534,170257,148313,127210,107528,91447,75240,61239,49713,39029,30416,23449,17152,12664,9316,6888,5527,3984,2221,1095,568,217,90,17
24,80,213,476,938,1764,2638,4035,6171,8737,12378,16696,22205,29205,36620,46159,57416,69739,84604,100528,117967,136881,157269,179400,203378,225707,249625,273292,297695,318176,340771,359277,375669,390948,400363,408349,823127,409170,400646,389141,376278,358730,337623,316275,291760,269932,244450,220125,195050,170603,148751,127422,108419,91508,75538,61559,49352,39345,30404,23226,17285,12538,9224,6852,5543,3927,2246,1093,545,221,92,15
23,78,220,467,941,1706,2657,3975,6140,8720,12178,16674,22182,28925,36510,46019,56996,69774,84280,100019,117553,136375,156757,179404,202039,224877,249855,272744,295668,318158,339224,358757,376005,389461,400630,407825,823171,409208,401143,390308,376548,359061,339822,316614,293120,270418,245508,221023,195053,171872,148835,128303,108589,91916,75604,61487,49787,39286,30317,23172,17251,12537,9178,6811,5564,3900,2224,1092,545,217,94,14
21,78,222,452,972,1664,2597,4007,6072,8585,12067,16570,22233,28627,36552,45592,56803,69575,84017,99879,116761,136376,156396,178029,201840,224427,249278,271795,294525,317958,338487,357165,375537,389310,399859,407311,823841,409483,401192,391164,376611,360825,340256,317240,295020,270431,247170,221021,196199,172594,149500,129051,108634,92105,76023,61873,49458,39275,30438,23042,17221,12626,9191,6682,5524,3921,2209,1093,523,227,93,13
21,81,202,445,972,1669,2521,4023,5955,8621,12006,16462,22020,28563,36368,45459,56615,69521,83664,99418,116183,136254,156674,177336,201242,223547,247733,271152,293764,317298,338164,355897,374894,389083,399893,406806,823070,410150,401138,391807,377278,360961,341399,318906,295515,271430,247968,222097,196946,173282,150581,128997,109210,92359,76189,61975,49724,39408,30403,22920,17268,12486,9182,6670,5561,3884,2174,1107,506,229,88,14
19,87,188,467,955,1621,2531,3957,5911,8656,11918,16240,21859,28656,36019,45492,56492,69103,83491,99076,116301,135241,156029,177792,199972,223109,246717,270206,293568,316162,337283,356159,373653,387989,399264,406460,823843,409449,401391,392032,377723,362519,341994,319657,296671,272672,248633,223064,197739,173836,151326,129702,109832,92530,76410,62066,49774,39518,30594,22712,17317,12532,9094,6627,5529,3864,2217,1073,502,222,88,13
16,84,204,464,947,1552,2543,3902,5893,8613,11840,16205,21596,28461,35991,45124,56803,68491,83183,98714,115884,135090,155889,177031,199769,222606,245739,270357,292403,315118,335866,356408,372699,387360,398097,406380,823522,408286,402105,391976,379648,362193,342665,321603,297334,273736,249599,223709,198749,174618,151556,130791,110603,92603,76542,62560,49833,39439,30821,22637,17348,12508,9044,6613,5468,3845,2257,1077,486,214,85,13
18,79,194,462,954,1536,2519,3870,5867,8516,11696,16234,21634,27982,35886,45235,56127,68463,83275,98241,115474,134930,155193,177271,199042,222041,245943,268300,291488,314845,335342,354833,372722,386291,398067,405297,823039,407732,402032,392882,379916,363155,343546,320948,299744,275437,249505,224977,199970,175228,152632,130808,111582,92809,76869,62558,50350,39615,30609,22966,17061,12599,9010,6623,5404,3774,2319,1049,487,205,90,11
19,72,191,454,927,1582,2442,3856,5886,8374,11630,16168,21559,27996,35580,45073,56029,68260,82669,98448,115376,134316,154474,176703,198701,221818,244921,267622,291375,313750,334759,354632,371621,386016,396932,404140,821942,407598,402090,393018,380978,363462,344713,322444,299706,276322,251093,225391,201330,176018,153676,131358,111921,93437,77483,62746,50295,39750,30610,23065,17138,12564,9120,6516,5353,3781,2305,1045,473,197,88,11
19,68,197,449,889,1597,2400,3866,5864,8275,11529,16233,21386,27612,35520,45167,55628,68069,82459,98116,114997,134285,154098,176457,197927,221459,245106,266392,290286,313204,334242,353173,371750,385333,396279,403188,820783,407902,402302,392941,380776,364474,345240,322745,300897,277303,252068,226762,201605,177334,154475,132634,112179,93756,77949,63214,50420,39761,30749,23028,17225,12613,9065,6456,5326,3778,2302,1067,474,192,83,11
19,66,191,454,879,1582,2402,3776,5843,8192,11534,16165,21042,27687,35357,44976,55385,67687,82443,97843,114561,134257,154081,175400,197933,220578,243904,266629,289398,312835,333733,352679,370353,384328,395782,402930,819410,407988,401297,394111,380293,365311,345107,324470,301488,278804,252289,228203,202588,178603,154895,133071,113241,94274,78655,63457,50580,40148,30478,23144,17343,12568,9083,6407,5309,3746,2294,1086,485,188,79,11
18,67,196,447,848,1554,2415,3718,5811,8245,11406,15964,20941,27653,35170,44632,55248,67647,81894,97794,114275,133842,153955,175263,197239,220444,243169,265918,289470,311526,333159,352348,369379,383345,395188,401469,818469,408013,401553,392853,381100,365075,346489,324686,303135,278786,253734,229134,204032,179620,155848,134179,113553,95294,78860,63491,51296,40273,30475,23132,17445,12680,8969,6417,5246,3768,2289,1106,473,193,74,11
17,67,188,432,865,1528,2386,3753,5712,8207,11416,15639,21089,27513,34867,44300,55338,67705,81507,97086,114669,133203,153605,175076,196563,220632,242157,265450,288635,311475,332273,351246,368180,383599,393172,402659,816653,407071,401668,393390,380812,364096,347117,325840,304317,279584,255125,229806,205564,180315,156550,135331,114121,96191,79158,63908,51424,40464,30700,23403,17439,12642,8945,6444,5168,3832,2261,1100,477,195,77,11
17,60,185,426,855,1509,2383,3750,5670,8032,11454,15587,20965,27265,34725,44140,55295,67317,81475,96963,114132,133160,153080,174766,196529,219438,242810,265016,288560,310326,331257,350173,367667,382970,392526,401287,815540,407110,400276,393566,380983,365316,346586,326453,304739,281173,256037,231690,205117,181448,158117,135743,115458,96725,79692,64437,51683,40713,30889,23547,17479,12701,8887,6443,5176,3796,2259,1109,472,191,77,10
17,62,184,421,818,1509,2360,3696,5685,7947,11409,15356,21093,26933,34604,44223,54834,67263,81158,96664,113926,132982,152693,174366,196370,219660,241381,265580,287870,310099,329825,349506,367661,381274,392074,401475,812501,406703,400598,393266,380990,364404,347004,327513,305525,282285,256968,232323,206885,182293,159138,136544,116589,97207,80015,65261,52008,41062,31039,23601,17641,12710,8876,6411,5120,3802,2297,1101,468,196,75,11
16,66,175,415,816,1464,2328,3727,5565,8013,11245,15313,20938,26812,34293,44174,54657,67158,80944,96685,113372,132316,152457,174515,196237,218709,241705,265057,286908,309734,329550,348936,366465,380565,392120,400243,810904,405851,400703,392136,380643,364968,346920,328013,306358,282430,258942,233440,207317,183989,160168,137819,117171,97897,80817,65544,52521,41252,31408,23705,17628,12699,9003,6408,5163,3753,2297,1112,458,195,71,12
17,62,182,403,814,1441,2319,3670,5471,8051,11212,15203,20909,26514,34243,43997,54113,67074,80554,96627,113240,131941,152428,173800,196536,218115,241870,264519,286930,308292,329171,348289,365842,380339,391373,398934,809886,404480,400547,390998,379960,365960,346866,328185,306833,283700,259748,234251,209570,184261,161525,138604,118163,98747,81515,65969,53347,41323,31595,24032,17645,12687,9040,6456,5135,3702,2328,1118,461,195,69,12
16,62,178,408,801,1430,2251,3676,5457,7990,11205,15048,20549,26424,34451,43614,54086,66606,80302,96454,113417,131406,151919,173676,196322,217894,240808,265588,286187,307228,328982,347770,365337,379353,390708,398510,807877,404072,399988,389803,379516,365232,347938,328089,307474,284450,260885,235176,210439,186010,161687,140503,118765,99684,82415,66925,53543,41704,31933,24159,17819,12696,8961,6524,5147,3693,2340,1108,466,197,65,12
13,64,187,393,807,1381,2325,3561,5499,7841,11160,14989,20396,26489,34062,43611,53958,66147,80009,95997,113635,131050,151395,173497,195840,218087,241211,263843,286336,307505,328014,347636,364438,379299,389529,397998,806380,402575,399061,389862,378777,364959,347535,328649,308008,285275,260858,236480,211434,187193,163024,141680,119518,100986,83177,67406,54136,42392,32083,24439,17967,12833,9030,6386,5177,3704,2391,1091,462,202,63,13
12,63,193,383,769,1389,2324,3503,5422,7861,11032,15046,20092,26489,34025,43429,53724,65952,79410,96162,112879,130721,151966,172997,195488,217812,240926,263726,285428,307583,328133,347324,363611,377823,389780,397046,804347,402567,396919,389836,378352,363670,348331,328626,307756,285885,261824,237434,212668,188417,164764,142399,120850,101738,84157,67978,54615,42979,32483,24754,17970,13032,8964,6471,5141,3742,2394,1085,469,191,63,14
11,59,195,375,767,1370,2325,3422,5370,7859,10968,15070,19898,26204,34008,43126,53700,65694,79449,95477,112894,130395,151788,172969,195121,217550,240331,262976,285702,307981,327556,346451,363939,376636,388289,396266,802962,401953,395920,389177,378038,363098,347694,329160,307486,285823,262264,238686,214230,189476,166703,143256,121863,103200,84754,68876,55408,43239,33142,24889,18156,13078,9095,6425,5195,3755,2401,1081,455,203,61,15
10,63,184,380,759,1359,2292,3437,5312,7797,10805,15023,19892,26026,33912,43002,53280,65495,79295,95098,112384,130948,151029,172755,194718,217256,240608,262724,284939,307507,327705,346812,362437,377015,386904,395038,801991,400244,396488,387444,376567,363556,347301,328442,308351,285234,263499,239145,215941,190661,167812,144508,123481,104288,85644,69739,55846,43825,33628,25258,18355,13164,9153,6464,5163,3749,2431,1107,451,202,62,14
11,63,186,369,773,1321,2286,3405,5311,7717,10792,14826,19781,26030,33624,42843,53281,65220,79207,94648,111912,130751,150714,172280,194681,217238,240534,262372,284991,307209,327557,345562,361920,377075,387286,394036,800113,399508,394844,386285,376643,362050,347173,328330,307539,286820,263133,240178,216249,192665,168804,146056,124844,104912,87020,70707,56803,44499,34000,25603,18498,13371,9230,6495,5190,3756,2422,1124,460,199,61,12
11,61,176,381,732,1333,2254,3390,5327,7626,10691,14656,19742,26003,33554,42608,52812,65092,79052,94440,111661,130507,150185,172019,194557,216786,240521,261798,285379,306415,326678,346163,362445,376345,386115,394186,797910,398795,393743,385585,375470,361008,346285,327726,307656,287104,264333,240715,216934,194194,169991,147462,126066,106473,87656,72023,57362,45255,34512,25966,18841,13479,9340,6562,5186,3802,2425,1105,475,192,64,12
13,59,167,384,740,1333,2182,3380,5283,7661,10559,14579,19595,25959,33354,42544,52564,64667,78710,94205,111414,130847,149566,171513,194301,217194,239357,262047,285230,306708,326338,346038,361341,375670,386346,392911,796721,398122,392528,384862,374913,360372,345136,327367,307305,286483,264905,241365,218359,194946,171526,148734,127177,107854,89004,72816,58667,45753,35296,26188,19173,13720,9479,6561,5215,3754,2493,1095,488,196,60,16
13,60,167,372,725,1340,2115,3446,5250,7627,10407,14524,19592,25788,33080,42210,52511,64611,78365,94019,111234,130269,149467,171381,193726,217187,239630,261383,285044,306873,325792,346021,361033,374430,386146,392280,796426,396444,391314,384087,373631,360252,344320,326063,307761,286044,264372,242570,218718,196135,173029,150227,128920,108920,90305,74011,59512,46699,35801,26482,19619,13987,9607,6665,5165,3798,2543,1106,482,201,60,14
14,58,170,354,702,1374,2091,3418,5216,7518,10345,14475,19595,25473,32787,42240,52353,64289,78189,93765,110753,130078,149540,170950,193449,216869,238974,261563,285737,306051,326005,344875,360582,375498,385337,391154,794448,396578,390266,383538,372965,358311,343817,325180,307343,285875,264294,243076,219668,196860,174430,151758,130136,110347,91869,75044,60522,47465,36415,27261,19949,14161,9769,6752,5160,3870,2532,1158,480,198,60,12
13,59,170,344,725,1353,2109,3409,5124,7410,10349,14376,19366,25462,32680,41868,52536,63818,77850,93572,110601,129261,150027,170933,192462,216475,239009,261342,284382,307201,325674,344831,360685,374374,384663,393044,791723,395253,390552,382360,372175,356990,342112,324897,306884,285457,264335,243190,220418,198070,174884,153208,131569,112052,92908,76437,61693,48732,37012,27809,20327,14471,9931,6815,5140,3971,2546,1175,486,202,56,11
14,60,165,356,699,1339,2128,3374,5085,7410,10310,14195,19102,25513,32435,41705,52317,63766,77461,93472,110119,129668,149133,170381,192896,215922,238948,261498,284694,305563,325957,344398,360613,374324,384656,391529,791780,394725,389169,381046,371480,356013,341781,323328,305688,285642,264075,243038,220978,198732,176087,154244,133229,113434,94501,77705,63181,49631,37804,28438,20902,14721,10190,6931,5201,4031,2530,1201,500,200,57,10
14,60,163,342,688,1321,2127,3387,4955,7405,10363,13944,19057,25409,32387,41434,52012,63907,77199,92798,109824,129609,148973,170053,192722,215969,237808,261829,284665,305267,326105,344104,360370,373675,384639,391729,790861,393105,389070,380469,369822,355156,340080,322726,304523,285152,263816,242578,221727,199562,177010,155994,134267,114796,96409,79169,64246,50738,38778,29345,21253,15063,10410,7115,5248,4016,2638,1189,493,208,53,10
14,59,154,339,695,1277,2138,3381,4903,7399,10228,13907,18871,25175,32423,41363,51905,63607,76856,92409,109631,128968,148823,169882,192166,216104,237475,261858,283798,305601,326582,343844,359631,373401,384678,390805,790551,393229,387259,380134,368039,355245,338411,322042,303283,284233,262940,242935,222031,199913,177895,157458,135855,116123,98077,80631,65861,51730,39907,30009,21809,15431,10751,7153,5398,4035,2684,1226,513,202,55,10
12,59,157,334,714,1248,2123,3300,4976,7214,10211,13939,18819,24867,32385,40918,51898,63456,76327,92246,109285,128909,148648,169705,192025,214952,237698,260820,284384,305690,326309,343582,358959,374763,383301,391757,789832,392435,386838,377672,367951,354223,337430,320330,302761,282734,263095,242400,221618,200033,179735,158006,137529,117597,99667,82473,66841,53239,41101,30736,22542,15879,11090,7315,5411,4129,2718,1274,515,200,58,11
10,58,147,338,717,1233,2109,3304,4894,7235,10137,13922,18668,24802,32233,40871,51310,63339,76281,91770,109406,127910,149203,169018,191582,214620,237360,261190,283618,306352,326003,343144,359510,373963,384177,389988,789712,392340,385577,377463,366618,352866,336256,319696,301322,282034,261791,242355,221352,200410,179506,159818,138788,119249,101190,84404,68618,54263,42392,31770,23214,16454,11404,7626,5448,4187,2798,1288,511,196,60,10
10,64,139,338,693,1238,2090,3262,4883,7159,10187,13725,18652,24809,31917,40852,50750,63284,76211,91264,109395,127896,148073,168865,192016,214104,237331,260607,283750,305100,326195,343959,359288,373369,383631,390115,790407,391063,385131,376439,365955,351677,335352,317549,300359,280976,261620,241110,220806,200964,179875,160317,140725,120827,102734,86148,70202,56003,43627,32695,24169,16917,11828,7919,5595,4261,2825,1333,511,197,61,10
10,65,127,343,668,1221,2110,3236,4780,7121,10179,13692,18690,24386,32186,40374,50775,62459,76556,90829,109663,126928,147920,168433,192018,213739,237549,259762,283402,305546,326025,343255,359347,373076,384152,390217,789434,390456,385479,375732,364616,350748,334277,316645,298677,280054,260573,240424,220039,200830,179857,161401,141608,122567,104615,87496,72272,57676,44936,34053,24733,17783,12308,8194,5677,4336,2929,1360,517,193,61,13
9,66,128,333,658,1221,2097,3211,4748,7072,10176,13636,18593,24309,31917,40173,50582,62350,76114,91047,108261,127521,147416,168109,191133,213835,236850,259910,284052,305186,324907,343851,359346,373279,383928,389852,789348,390391,384398,375587,363504,350178,333650,314331,297732,279102,259207,239337,219969,199687,180680,161515,142829,124121,106449,89159,74027,59418,46584,35170,25755,18632,12820,8441,5895,4418,2980,1441,509,193,63,12
8,65,125,327,667,1189,2105,3180,4745,7012,10040,13676,18354,24415,31600,40060,50373,62320,75593,90807,108196,126862,146728,168331,191143,213611,236181,259993,283242,305029,324509,343951,360056,372636,383303,390430,788934,389992,383736,375815,363182,349205,332355,313939,296159,277551,257507,238592,218833,199029,180673,162043,144093,125083,108200,91121,75965,61451,47916,36651,26902,19400,13436,8803,6094,4525,3069,1484,544,192,59,13
11,58,127,326,661,1189,2065,3181,4687,6920,9881,13902,18130,24208,31733,39570,50417,61864,75239,91010,107769,126115,146737,167691,191052,213301,235993,259687,282609,304627,325247,344105,359662,372953,382299,391040,788495,389979,383918,374716,362806,347991,331331,313811,294157,275926,256834,237759,217104,198213,180516,162557,144617,126644,109617,92969,77945,62759,50187,37952,28403,20302,14097,9157,6404,4629,3160,1553,574,187,58,15
13,49,137,329,643,1184,2039,3109,4695,6864,9856,13776,18114,24154,31376,39706,49998,61348,75440,90529,107777,125504,146220,168277,190124,212392,236500,259020,282376,304507,325133,343702,360153,373010,381757,390901,788237,390657,383401,374984,362054,346550,330937,312637,293688,273857,255712,236001,216149,197448,179984,161879,145370,127908,111242,94834,79978,64638,51798,39976,29674,21342,14927,9589,6691,4835,3226,1639,586,190,63,15
13,47,145,313,632,1173,2042,3076,4689,6857,9757,13639,18009,24161,31184,39794,49642,61021,75262,90367,107004,125972,145711,167853,189643,212029,235359,259184,282933,304009,324633,343565,360986,372060,383099,389328,788487,390954,382906,375355,361565,345749,329851,312089,292316,272798,253234,234868,215016,196694,178801,162138,145191,128778,112964,96563,81840,66930,53707,41907,30926,22833,15587,10237,6970,4983,3416,1670,634,179,66,15
15,46,147,304,613,1186,1990,3086,4670,6764,9748,13447,18099,23873,31114,39679,49499,60887,74942,89976,106721,125767,145938,166957,189080,212318,234634,259213,282566,303646,324692,343307,359849,372969,383289,388948,788898,390404,383980,373716,361379,346229,329254,310245,291845,270928,251609,233385,213553,196148,177904,161056,145286,129452,114507,98122,83805,69448,55648,43677,32706,23831,16721,10912,7274,5283,3518,1794,631,202,64,15
14,46,152,295,626,1147,1983,3099,4552,6842,9595,13449,18069,23689,30904,39496,49372,60652,74570,89930,106455,125188,146084,166504,188612,211202,235139,258917,281786,304073,324489,342670,360740,372292,383246,389899,788807,390419,383518,373004,361141,345411,328971,309839,290615,270381,249529,231592,212578,194108,177529,159949,144965,129840,115531,99657,85912,71566,58062,45605,34544,25326,17817,11672,7721,5481,3691,1892,668,210,65,14
13,48,145,316,620,1149,1917,3073,4561,6856,9508,13348,17982,23711,30506,39298,49302,60640,74258,89356,106775,124839,145236,166378,187835,211700,234870,257701,281930,303565,324240,342505,360386,372732,383427,390229,788368,390482,383339,373290,360601,345843,327409,309027,289764,269185,248874,229698,210972,192616,176081,159107,144610,130286,116058,101150,87647,74072,60265,47781,36429,26986,19074,12521,8317,5688,3900,1995,712,230,64,12
12,50,151,304,611,1167,1884,2995,4585,6742,9580,13199,17815,23606,30412,39210,48864,60754,74148,89192,105988,124742,145235,165672,187470,210776,234876,257680,281571,303729,323384,343236,359247,372661,384169,390942,788311,389605,383245,373483,360403,345183,327700,308057,289141,267713,247544,228418,208956,191299,175013,157702,144051,130099,116187,102849,88888,76438,62742,49995,38813,28626,20353,13610,8912,6094,4123,2103,765,255,60,13
11,52,139,307,624,1132,1872,2959,4602,6714,9496,13138,17632,23389,30372,39239,48555,60570,73975,88922,105688,124651,144776,165220,187254,210210,234102,258146,280607,303048,323861,342881,359812,372382,383872,390547,788702,390435,382123,373481,360771,345367,327025,307780,288359,265971,247033,226710,207567,189835,173200,156423,143317,128911,116744,104035,90695,78264,65186,52618,40889,30626,21782,14901,9591,6493,4401,2258,812,269,66,11
12,53,138,299,625,1127,1873,2926,4616,6602,9485,13127,17513,23213,30314,39086,48602,59965,73573,88930,105568,124224,144029,165040,187653,209713,233710,256593,281282,302691,323731,342092,359930,373158,382871,391487,788490,389781,383456,371778,361169,345872,326983,306909,287114,265928,245800,225354,206197,188037,171066,155258,141593,128702,116460,104977,91821,80180,67814,55138,43472,32705,23483,16137,10535,6881,4782,2456,862,291,64,12
12,50,136,305,613,1132,1832,2964,4581,6580,9391,13042,17433,23087,30149,38922,48524,59551,73465,88337,105787,123696,143625,165104,186753,210156,232783,256680,280417,303144,322597,342527,359880,372303,384508,390043,788286,390634,383179,372852,360455,344962,327074,307660,285617,265068,244545,224734,204426,186200,169527,153825,139739,127979,115933,105384,93610,81450,70184,57517,46167,35258,25344,17415,11599,7545,5128,2661,960,305,65,12
13,42,142,297,605,1144,1813,2970,4442,6696,9239,13022,17432,22859,29937,38779,48256,59629,73092,87895,105319,123380,143528,164322,186731,209740,233088,256044,280137,302646,322271,342208,360059,372680,383681,390665,788772,390879,382792,372922,360713,344053,326962,306531,286686,263760,243728,223712,203048,184465,167677,151725,138772,126472,115381,105007,94212,83817,71950,60344,48979,37591,27585,19067,12850,8172,5579,2926,1056,331,76,13
13,40,146,298,607,1126,1786,3004,4372,6635,9289,12786,17477,22845,29721,38558,48017,59645,72543,87626,105123,123232,143075,163907,186069,209831,231858,256135,280116,302119,322372,342342,358968,373339,383484,390057,790066,390244,383147,373598,359682,344978,326682,306165,285799,263742,242969,222473,201744,182638,166028,150335,136443,124719,114745,104810,94696,84793,74514,62583,51921,40441,29683,21028,14142,9109,6122,3167,1183,360,85,13
12,48,137,301,594,1104,1807,2934,4462,6470,9386,12753,17309,22790,29513,38368,47702,59321,72309,87670,104815,122939,142259,163915,185972,208797,231954,255553,279686,302149,322272,342172,358667,373188,384150,390096,788303,391179,384125,372964,360025,344592,326785,306639,285106,262930,242498,221427,200608,181529,164343,147656,135022,123568,112743,104148,94786,86047,76093,65642,54432,43164,32486,23048,15672,10143,6722,3561,1327,412,96,13
10,51,128,296,622,1072,1770,2937,4401,6527,9360,12696,17026,22760,29267,38554,47503,59094,71932,87478,104159,122602,142070,163285,185436,208454,231612,255697,279315,301578,322491,341781,359196,372392,383863,390307,788886,390549,384070,373712,361007,343542,327160,306043,284784,262804,241978,220339,199788,179941,162518,146858,132388,121676,111285,103059,94726,86232,77794,68013,57469,45910,35405,25472,17355,11378,7451,3978,1531,464,104,17
11,44,136,305,600,1056,1783,2911,4327,6540,9345,12553,16968,22595,29350,38066,47547,58795,71797,86901,104075,122286,141743,163172,185051,207523,231519,255652,278098,301737,322474,340886,359122,373244,383500,390214,789284,390179,384423,373975,360768,344472,326148,306438,284701,262527,241365,219748,198123,178943,161359,144659,130894,119425,109831,101472,93788,86770,78824,70191,59982,49261,38339,28127,19489,12734,8322,4465,1785,531,118,22
12,43,130,298,616,1037,1779,2873,4304,6530,9195,12562,16913,22707,29046,37695,47471,58524,71602,86645,103644,122231,141242,162297,185310,207103,231422,254836,278468,300865,321342,341010,358377,373554,383981,390067,789386,390125,384804,373910,360791,345220,326066,305698,285332,262094,240822,218646,197719,177728,159955,143107,129398,117478,107492,99716,93054,86297,79819,71883,62714,52190,41666,31073,21745,14512,9363,5005,2079,622,143,25
12,44,134,292,605,1039,1760,2831,4347,6469,9073,12552,16956,22633,28874,37601,47179,58415,71240,86673,102439,121759,141583,162382,183974,207430,230336,254759,278351,300267,321345,340680,358378,373517,383837,389794,789061,391351,383915,374266,361209,344954,326138,305929,285053,262476,240155,218109,197216,176918,158148,141881,127544,115247,105792,97686,91325,85803,80087,73120,65517,55266,44713,34337,24377,16512,10599,5779,2416,741,178,30
11,41,140,282,591,1035,1782,2844,4354,6280,9108,12436,16819,22549,28884,37279,47263,58112,71153,86110,102601,120816,141546,162060,183432,206964,229830,254577,277642,300647,320804,340581,358388,373134,383609,390056,788363,391803,384127,374904,361734,344323,326169,305846,284092,263040,240238,217440,197075,175611,157087,140649,125882,113300,103793,95254,89453,84841,79814,74257,67777,57946,48273,37548,27331,18758,12193,6740,2809,927,216,35
11,40,131,287,603,1003,1765,2869,4305,6229,9000,12453,16752,22491,28619,37282,46715,58130,70924,85958,102135,120785,140932,161818,183173,206351,229686,253879,277364,300312,321670,339291,358311,372719,383051,391200,788446,391056,384687,375124,361601,344670,325829,305429,285405,261837,240384,217728,195835,175470,155680,139114,124517,111593,101358,93252,87583,82976,79313,74602,69070,60930,51930,41198,30391,21473,13959,7879,3397,1144,265,39
11,39,128,294,576,1026,1731,2874,4239,6258,8864,12416,16799,22193,28699,37191,46369,58036,70746,85717,101680,120464,140066,161616,182809,205953,229424,253237,276806,300015,321493,339730,358219,372317,382762,390362,789173,391605,385036,375248,361319,344246,327336,305381,284199,262853,239905,217428,195815,173846,154966,138290,122894,110042,99469,90890,85052,81142,78184,74551,70173,63525,54948,45083,34118,24207,16193,9249,4104,1395,335,49
12,37,132,291,553,1023,1757,2856,4217,6205,8774,12479,16709,22125,28650,36849,46195,57717,70699,85201,101393,119825,140151,161189,182779,205310,228954,252510,276791,299416,321419,340061,357083,372403,382218,389536,789917,392415,384681,375693,361512,345746,326291,305920,284219,262460,239755,216929,195354,173702,154738,136876,121276,108603,97474,88797,82839,78808,76546,73884,70617,65626,57922,48706,38103,27486,18706,11017,5067,1710,432,62
12,38,131,286,547,1019,1736,2791,4180,6201,8671,12472,16668,22106,28572,36633,46240,57482,70209,85025,101423,119472,139382,160964,182280,204926,228239,252550,276344,298696,321056,340209,356384,371929,382130,390148,789992,391943,385403,375403,361551,345696,328287,305086,284433,261966,239821,217085,194804,173270,154347,135767,119852,107166,95683,86879,80472,76792,74159,72905,70331,66995,60856,52281,41974,31318,21560,13119,6217,2218,531,95
11,38,127,272,571,992,1703,2808,4132,6157,8741,12210,16585,22069,28488,36650,45982,57054,70323,84550,101422,118856,139215,159915,181976,204511,228578,251679,275864,298832,320332,339934,356784,370788,382316,390708,789464,392097,384672,376041,362298,345315,327737,307022,283643,262950,238391,216937,195105,173085,153888,134907,118906,105126,94473,84739,78595,74225,72277,70658,70104,67374,63020,55955,45798,35428,24988,15640,7651,2889,716,121
11,35,126,278,552,1024,1680,2770,4107,6062,8764,12049,16607,22043,28382,36225,45751,57213,69974,84300,100866,119195,138269,159512,181635,204680,227893,250684,275774,297921,320532,339315,356415,370840,382216,390785,789660,392256,385213,375820,362107,345789,326997,307650,284234,262703,238970,216841,194549,172965,153215,134182,118408,104087,92564,82915,76229,71973,69648,68835,68533,67526,64359,59031,50333,39337,28960,18671,9408,3780,1018,157
11,39,119,281,558,991,1715,2703,4062,6110,8662,11931,16673,21933,28104,36215,45625,57232,69405,84457,100402,118540,138116,158430,181676,204106,227111,251502,274700,297283,320437,339095,355881,371186,381515,389984,790383,392912,385431,376018,362836,346507,326775,307646,285161,262575,239843,217013,194438,173030,153623,134659,118089,104157,92230,82829,75538,71762,69114,68528,68073,67551,64714,59758,51143,39950,29904,19371,9810,3977,1100,170
12,39,113,269,573,985,1687,2706,4028,6131,8626,11822,16677,21812,27836,36298,45516,56914,69294,83877,100397,118157,137586,158444,181392,203226,226512,251331,274031,297565,318835,339119,356059,370659,381805,390355,789708,392878,386259,376656,362517,346137,328185,307688,286046,262738,240051,217556,194598,173021,153704,134988,118004,103945,92344,82058,75494,71317,68918,67847,67956,67424,64957,60080,52297,40768,30708,20051,10275,4191,1169,187
13,37,111,268,589,965,1694,2673,4082,5970,8602,11917,16484,21643,27861,36111,45444,56678,69077,83552,100053,118092,136912,158315,180589,203131,226754,250421,273540,297143,318485,338431,356187,370830,381579,389864,789972,393352,385879,376432,363206,347180,328274,308067,286596,262456,240733,217894,195146,172845,153643,135045,118261,103755,92146,81841,75329,70836,68363,67474,67600,67458,65224,60813,53017,41588,31520,20757,10777,4409,1223,200
12,38,111,271,570,983,1677,2608,4068,6019,8564,11811,16359,21685,27799,35933,45431,55972,69063,83637,99535,117811,136326,157944,180684,202656,226413,249401,273503,296055,318763,338243,355246,371135,381529,389185,791077,392749,386453,376381,363602,347257,328943,308303,287219,262979,240674,218380,194759,173288,154143,135076,118407,103974,91877,81648,74856,70178,67791,67162,67455,67288,65460,61491,53542,42829,32229,21422,11343,4637,1281,215
11,38,114,280,564,996,1612,2647,4002,5983,8517,11777,16404,21390,27874,35576,45405,55859,68640,83623,99495,116730,136742,157659,179736,202153,225757,249943,272782,295690,318150,337785,356301,369589,381062,389677,790885,393504,385495,378414,362415,348136,329095,308708,287492,263907,241001,217763,195288,173558,153970,135676,118651,104070,91414,81361,74453,69756,67424,66809,67197,66850,65815,62047,54286,43854,33071,22162,11877,4842,1379,220
9,39,113,276,549,988,1665,2577,4006,5906,8462,11909,16158,21357,27759,35632,44954,55432,68988,83064,99274,116500,136201,157174,179543,201681,225241,249670,272365,295841,317272,337798,355611,369862,380626,389778,790893,393080,386909,377326,363679,347871,329625,309091,287213,264277,241781,218076,195494,173813,154523,135169,118879,104004,91320,81320,74173,69187,66977,66821,66510,66628,65974,62495,55154,44861,33839,22850,12542,5073,1464,237
7,40,106,279,541,972,1644,2623,3958,5875,8471,11813,16088,21124,27750,35607,44640,55692,68445,82712,98976,116564,135555,157068,178724,201745,224848,248416,272911,295160,317409,337264,355512,369018,380035,389614,791106,393481,386230,377588,364350,348639,329834,309643,287366,264965,241887,218485,195738,174257,154150,135707,118936,104083,90706,81631,73596,68907,66594,66098,66192,66588,66101,62881,56033,45823,34651,23652,13192,5308,1550,254
6,43,103,265,559,986,1598,2603,3974,5816,8406,11865,15950,21094,27582,35448,44606,55645,67954,82774,98552,116256,135093,156575,178216,201608,224052,248426,272561,294698,317034,336882,355675,368520,379977,389635,790999,393160,386849,377248,365289,348685,329445,310961,287058,265486,242361,218648,195945,175268,153368,135954,119070,103929,91053,81382,73507,68267,65943,65806,65896,66490,66019,63305,56793,46899,35572,24458,13765,5573,1649,271
7,45,107,253,592,912,1609,2592,3952,5805,8431,11725,15832,21095,27562,35417,44340,55362,67687,82820,98517,115646,135097,155443,178440,200514,224253,247301,272261,295234,316141,336659,354524,368903,380236,389171,791161,393357,386512,378443,364304,348706,330791,310007,288930,265435,242249,218938,196964,174357,154482,135663,119551,103716,90808,81326,73015,68351,65568,65223,65470,66377,65971,63689,57704,47727,36462,25408,14348,5900,1727,283
8,45,106,266,551,931,1610,2561,3924,5791,8415,11572,15889,20894,27457,35360,44257,55422,67616,82144,98092,115454,134865,155305,177339,200562,223538,247437,272031,294551,315720,336110,354236,369084,380251,388778,790800,393359,387307,377590,365168,349181,330819,310091,289536,265504,242338,219956,197063,175097,154240,135766,119484,103881,91051,80652,73219,68015,65008,64480,65431,65932,66022,64109,58251,49010,37188,26396,14948,6199,1837,308
8,44,107,265,532,939,1586,2570,3799,5855,8303,11710,15665,20893,27355,35019,44315,55059,67763,81599,97763,115436,134243,155345,177261,199705,223355,246732,272223,293701,316077,335036,353583,369109,380048,388510,791380,392754,387325,378210,364676,350117,330876,310655,289206,266661,242726,220379,197353,174753,155075,135883,119171,104143,91125,80258,72954,67458,64893,63976,64778,65955,65921,64456,59110,49922,38186,27177,15584,6510,1952,337
9,42,111,275,498,944,1564,2540,3920,5736,8266,11719,15550,20822,27256,34917,44219,54683,67588,81330,97719,115134,133968,154635,177431,199514,222002,247365,270547,293493,316168,334985,352840,369025,379808,388573,790095,394179,387831,377975,364598,350374,331522,310434,289957,266680,243235,220547,197994,174876,154765,136574,119230,104255,90715,80321,72925,67053,64380,63330,64397,65803,66104,64713,59753,50822,39199,27915,16337,6877,2096,351
9,40,115,279,477,950,1535,2542,3867,5740,8290,11532,15534,20718,27151,35036,44004,54705,67368,80875,97457,115139,133190,154570,176901,198832,222716,246444,270550,292513,315782,335154,352720,367221,380205,389275,789075,394678,387922,378022,365380,350441,331372,311590,289699,266759,243437,220994,198155,175349,155012,137057,118860,104092,91102,80646,71994,66879,63961,63097,63626,65469,66330,65005,60299,51746,40273,28751,17044,7259,2217,380
8,41,118,260,488,943,1508,2512,3908,5609,8285,11447,15624,20581,27209,34659,43964,54768,66565,81397,97189,114459,132955,154136,176610,199064,221919,245961,269624,292825,314736,335073,352458,367178,379604,389194,789548,394590,387259,378780,365617,350825,331743,310684,290764,267596,243363,221884,198089,175781,155175,136487,119600,103920,91351,80489,71952,66342,63329,62374,63169,65543,66186,65298,61043,52739,41148,29781,17684,7608,2375,413
7,41,119,234,510,924,1553,2459,3863,5619,8253,11397,15545,20623,26948,34487,43881,54462,66734,81221,96690,114360,132687,153970,176009,198254,221243,245770,269410,292720,315014,334088,352613,366918,378969,388071,791024,393175,388996,377700,366690,350443,332138,311821,289599,267563,245269,221416,198301,176038,155788,136441,120071,103723,91389,80432,71763,66086,62539,62085,62835,64829,66258,65680,61647,53562,42376,30603,18415,8069,2556,422
8,38,122,227,498,919,1573,2429,3815,5712,8132,11374,15465,20555,26793,34690,43395,54152,66867,80395,96929,114100,132816,152932,176180,197548,220974,245419,268901,292673,314155,333825,352207,367110,378856,387774,790280,393589,387781,379230,366515,350535,332626,311581,290659,268254,245049,221663,199133,176125,155559,137472,119393,104217,91306,80453,71646,65633,62191,61515,62608,64306,66007,66146,62130,54434,43448,31421,19290,8507,2690,458
9,39,116,235,506,898,1550,2408,3732,5720,8142,11367,15366,20316,26858,34599,43233,54153,66657,80306,96805,113447,132712,152456,175990,197579,220447,245310,268253,291599,313948,333922,351628,366362,378751,387878,789775,394072,388523,378596,366299,350452,332510,313386,290479,268333,245898,221628,199001,176443,156567,137239,119442,104399,91203,80558,71368,65449,61946,60996,62063,64227,65490,66403,62826,55310,44699,32208,19979,9011,2831,502
8,38,111,248,485,884,1579,2360,3734,5681,8099,11268,15332,20425,26664,34313,43281,53895,66706,80024,96507,113283,132143,152686,174710,197823,220740,244094,268306,291564,312863,333333,351266,366569,378370,387770,789110,394238,389001,377926,366664,351539,332299,313422,290846,269037,245449,222306,199506,176810,156786,137243,119756,104538,91348,80116,71278,65103,61596,60658,61870,63412,65587,66389,63397,56241,45803,33207,20743,9515,2968,539
8,35,107,252,490,891,1531,2402,3779,5504,8131,11269,15250,20481,26351,34366,43050,53848,66368,79816,96158,112774,132342,152444,174328,196862,220633,244099,267350,290996,312769,332998,351118,365489,378831,387819,788975,393945,389740,378763,365536,351712,333501,312570,291231,269640,245705,222290,199725,177664,156895,137855,119522,104443,91712,79853,71176,64737,61109,60358,61269,63210,65488,66138,64271,57126,46795,34244,21565,9937,3190,579
9,31,118,240,492,886,1484,2405,3790,5525,8028,11188,15313,20278,26427,33964,42998,53887,66014,79759,95653,113383,131399,152159,173999,196064,220405,243085,268049,290858,312201,332650,350267,365701,377719,388326,788744,394368,388495,379684,366278,351691,332587,313426,291814,269778,246189,222910,199837,177983,157053,137589,120165,104448,91656,79885,71037,64567,60614,59948,60687,63129,65202,66267,64713,58113,47550,35384,22427,10417,3409,610
9,29,113,248,510,848,1475,2438,3747,5573,7902,11115,15154,20235,26478,33799,42857,53775,65951,79892,95070,113077,131348,151442,173224,197113,218675,243490,266790,290451,312774,331748,349991,365187,377995,388165,789166,393306,388838,379327,367621,350227,333973,313747,291478,270053,246929,223052,200546,177769,157601,137922,120161,104750,91231,80138,70909,64435,60198,59402,60205,62606,64950,66468,65171,59032,48654,36304,23296,11004,3591,660
9,28,113,254,509,849,1475,2462,3652,5536,7874,11103,15241,19929,26528,33853,42565,53644,65607,79731,95292,112315,131418,150829,173483,196427,218891,242561,266871,289942,312111,330995,349922,365395,376921,387912,790030,392584,389135,379201,366685,351455,333941,314334,291876,269991,247118,223808,199806,178937,157482,137802,121015,104916,91116,80141,70862,64133,59984,58852,59816,62037,64890,66498,65301,59924,49709,37551,24155,11612,3759,705
9,29,118,237,513,845,1459,2428,3675,5510,7934,10963,15245,19696,26562,33624,42849,53308,65623,79311,94927,112369,130476,151106,173025,195829,218650,242217,266923,288874,312014,330935,349154,365939,376564,386517,790712,392753,388237,380463,365947,352125,333401,315348,291113,271042,246867,224074,200760,178755,157866,138249,121337,104761,91335,80110,70728,64057,59813,58224,59197,61594,64603,66789,65324,60939,50917,38564,24953,12280,3979,735
8,32,108,247,518,813,1449,2409,3722,5448,7933,10872,15018,19845,26400,33484,42637,53248,65633,78953,95076,111858,130045,151374,172239,194776,219031,242344,266092,289358,310853,330625,349278,365509,376118,386708,789154,393984,388296,378866,367531,351555,334385,314341,292702,270649,247259,223815,201466,179171,158319,138554,121101,105144,91426,80038,70810,63765,59376,58007,58567,61199,64071,66565,66142,61596,51998,39661,25868,12956,4232,778
8,31,106,261,496,810,1438,2440,3737,5328,7901,10811,14944,19919,26080,33597,42503,52904,65329,79333,94494,111531,130150,150564,172309,195028,218284,241496,266035,288775,310523,330178,349331,365004,375534,386826,789665,392821,388513,379236,367213,351857,334708,313860,293564,270265,248094,224270,201655,179712,158435,139396,120741,105435,91332,79878,70952,63627,59156,57487,58257,60614,63770,66273,66603,62503,52723,40972,26906,13586,4454,837
8,28,111,246,488,830,1417,2399,3677,5414,7870,10654,14967,19893,26026,33513,42244,53084,64970,78831,94491,111067,129790,150593,171907,194691,217804,241382,265331,288806,310560,330046,347402,365216,375436,387486,788928,393107,387292,380359,367060,351728,335060,314167,293377,271127,247724,225054,202055,179952,159009,138989,121636,105093,91560,79874,70747,63515,59031,57122,57665,60096,63304,66387,66807,63094,53927,42066,27957,14273,4664,924
8,32,100,253,470,841,1413,2336,3746,5362,7801,10630,14913,19871,26019,33274,42171,53033,64808,78552,94243,111114,129543,150101,171883,193576,217759,241786,264613,288524,309601,329383,347795,364625,375990,386771,788210,393512,387664,379511,367367,351841,334908,314570,293825,271765,248083,224692,202554,180483,158716,139906,121336,105445,91764,79897,70577,63305,58883,56620,57178,59783,62961,66209,67007,63760,55158,43112,28953,14981,4942,990
9,35,101,242,470,851,1378,2356,3685,5326,7755,10662,14738,19902,25898,33243,41974,53015,64478,78259,94381,110841,129208,149634,171997,193389,217164,241346,264548,287431,309417,329151,348084,363165,376869,386126,787960,393115,387398,379901,367791,352115,334295,314745,294604,270989,249220,224743,203329,180292,159411,139815,121789,105783,91729,80050,70127,63264,58501,56732,56803,58959,62717,66071,67161,64485,56133,44254,30013,15637,5298,1051
9,33,102,246,471,819,1426,2295,3688,5276,7708,10611,14703,19804,25962,32957,41851,52813,64405,78101,94035,110854,129417,148950,171091,194104,216837,240181,264838,286451,309062,329232,347413,363349,376428,386573,787127,392319,387720,379627,367404,352961,334207,315465,294810,271308,248292,226106,203078,181031,159867,140330,121494,106078,91831,79935,70232,63265,58121,56388,56378,58475,62176,66237,67091,65214,57179,45343,31039,16415,5664,1106
8,33,109,233,465,837,1401,2317,3621,5270,7553,10705,14745,19853,25686,32862,41672,52456,64252,78420,93106,111472,128894,148870,170555,193900,216494,240223,263746,286604,308121,328671,347731,362793,376447,386276,786214,393510,388045,378207,367498,352569,334581,315901,294710,272144,248902,225923,203330,181753,160216,139774,122520,106001,91838,80268,70080,63196,58181,55782,56000,57832,61816,66015,67363,65660,58179,46547,32098,17197,5987,1170
9,31,113,233,451,861,1391,2293,3576,5259,7628,10538,14834,19518,25615,32746,41983,52009,64250,78040,93372,110432,128951,148750,170462,193089,216404,240063,263172,286107,308151,328281,347605,363196,375056,385260,786733,393314,387588,378504,367628,352267,336082,315351,294744,272647,249013,226380,203669,181673,160917,140148,122454,106029,92163,80276,70044,62931,58233,55360,55317,57787,61098,65695,67669,66159,59466,47487,33342,17927,6341,1243
9,31,108,240,444,850,1417,2222,3608,5203,7606,10584,14753,19395,25346,33100,41746,51795,63874,78022,93318,110018,128506,148649,169688,193289,216450,239872,262324,285529,307834,328925,346673,362346,375130,385846,785665,393093,387426,378834,367192,352913,335961,315657,295552,271733,250191,226087,203988,181823,161160,140930,122657,105979,92328,80574,70160,62708,57948,55157,54730,57342,60524,65469,67774,67017,60102,48827,34304,18821,6683,1349
9,34,100,240,454,829,1416,2236,3572,5269,7506,10558,14552,19330,25399,32891,41770,51734,64172,77336,92776,110135,128233,148428,169590,192858,216429,239248,262185,284866,307149,328780,346281,361621,375497,385284,785882,392935,387085,378754,367165,353800,335312,315984,294884,273398,249468,226362,204529,182174,161540,140671,123256,106514,92397,80679,70425,62379,57649,54801,54594,56617,60143,65347,67767,67513,61085,49850,35502,19657,7092,1431
10,33,100,238,445,835,1411,2210,3557,5236,7432,10554,14570,19160,25391,32892,41543,51545,64128,77126,92667,109414,128654,147651,169879,192645,215338,239387,262278,283862,307229,328102,346001,361684,374629,385140,785539,393389,386684,377729,367992,353711,335655,316167,294894,273912,249587,226742,204502,182593,161410,141400,123418,107047,92248,81034,70442,62384,57413,54261,54504,56025,59782,64677,68078,67999,62111,50909,36654,20426,7601,1513
9,32,109,218,450,833,1402,2234,3610,5027,7441,10596,14436,19123,25266,32889,41388,51554,63877,76973,92365,109248,128429,148075,169442,191406,215732,239413,260349,284531,306621,328158,345950,360584,374620,385197,784335,393282,386872,378373,368140,352998,336110,316069,294880,274229,250509,226922,204709,182838,161526,141346,124293,107019,92488,80864,70697,62352,57229,54167,53712,55655,59426,64373,67917,68572,63147,51966,37873,21272,8033,1628
9,30,111,218,457,823,1377,2241,3504,5139,7300,10627,14437,18864,25268,32654,41396,51590,63488,76978,92349,109180,127762,148781,168165,191222,215221,239001,260549,283519,307426,327171,345301,361121,373842,384158,784876,392167,387240,379163,367633,353520,335416,316143,295327,274042,250983,227588,204824,182824,161842,142255,124018,107391,92913,80842,70601,62551,57141,53778,53290,55241,58999,64047,67885,68879,64160,52974,39062,22320,8439,1755
9,26,114,221,449,836,1366,2223,3423,5137,7319,10544,14321,19096,24945,32443,41421,51335,63470,77275,91984,108805,127491,148193,168154,191065,214706,238538,261131,282641,306152,327607,345607,360089,374863,383449,783566,392731,386797,379380,367277,353446,335659,315911,295593,274312,250852,228364,205076,183019,162013,142826,124519,107480,93013,80852,70694,62662,56967,53647,52889,54633,58548,63692,67786,69231,65014,54299,40130,23358,8842,1882
9,23,121,226,436,836,1389,2162,3423,5105,7334,10456,14350,18954,25096,32104,41197,51597,62980,76957,92072,108421,127472,147756,168601,190389,213867,238720,260335,282776,305418,327288,345575,360968,374166,382810,783055,391883,387433,378836,367289,353536,335281,316653,296569,273754,250963,228877,205153,183249,162271,143347,124321,107937,93133,81105,70802,62558,56856,53648,52380,53930,58485,63191,67423,69696,65854,55542,41410,24290,9285,2024
9,22,115,223,464,836,1356,2188,3337,5155,7325,10399,14140,19122,24911,31991,41033,51314,63491,76571,91646,108529,127089,147402,168484,190142,213313,238700,259917,282623,305859,326242,344862,361272,373973,382056,781860,392248,387495,378626,367746,352209,336529,316901,296674,273036,251663,229160,205685,183279,162693,143420,124800,107823,93920,80903,71004,62743,56579,53531,51828,53427,58153,62635,67380,69976,66642,56817,42696,25296,9779,2141
8,23,111,220,463,830,1385,2152,3350,5110,7367,10292,14015,19116,24698,32038,41161,50954,63480,76318,91467,108651,126582,147476,167852,189987,213803,237340,259810,282158,305634,325679,344876,361553,372824,382266,781209,391628,387413,378877,367285,353001,335872,317535,296382,274040,251523,229298,205738,184059,162519,143727,125054,108365,93866,81213,70951,62924,56763,52913,51757,52943,57543,62149,67237,70064,67637,58090,43845,26286,10390,2263
8,24,109,219,441,845,1388,2138,3339,5098,7317,10168,14072,18956,24672,32043,40809,51005,63242,76360,91122,108026,127121,146970,167848,189966,213115,236609,259917,282313,304971,324512,344377,361449,372986,382367,780492,391513,387444,378867,367413,353145,336269,317027,295848,274919,251570,229343,206363,183792,163584,143400,125537,108425,94152,81460,71077,62917,56657,52874,51273,52746,56548,62055,67037,70455,68464,59228,44774,27462,10942,2414
8,20,106,223,429,827,1421,2148,3323,5008,7312,10166,14000,18861,24778,31691,40966,50835,63070,76106,90808,108372,126629,146708,167664,189830,212194,236642,259539,282373,304523,324653,343627,360983,372183,382797,779854,391495,387060,378716,367664,353094,336186,316391,296990,274343,252647,228897,207523,183826,163772,143487,125522,108773,94503,81812,71266,62677,56624,52725,50993,52353,56066,61415,67176,70644,69020,60450,45966,28577,11501,2577
8,17,97,235,429,806,1420,2164,3277,5020,7292,10200,13870,18770,24624,31746,40645,50860,62706,76049,91168,107968,126272,146262,168063,189230,212286,236092,258840,282315,303739,325020,343288,359731,372846,381737,780063,391333,386699,378883,367405,352967,336284,316935,296315,275475,252381,229384,206896,185247,163225,143970,125812,109317,94521,81946,71424,62791,56387,52561,50851,51974,55448,61059,66890,70771,69826,61634,47164,29611,12171,2696
7,18,92,236,440,793,1395,2156,3298,5000,7234,10251,13737,18817,24386,31841,40336,51004,62404,75759,91168,107865,125988,145580,168124,189226,211896,235296,258734,281870,303836,325178,342450,358772,372406,381519,779681,391411,387587,378556,367359,352935,336330,316677,296795,275594,252480,229752,206718,185492,163510,144353,126115,109531,95199,81791,71518,62932,56305,52325,50722,51484,54881,60692,66670,70825,70493,62754,48445,30716,12795,2873
7,17,90,233,437,812,1355,2177,3275,4986,7134,10153,14010,18660,24221,31811,39999,50880,62499,75861,90770,107239,126153,145445,167736,188656,211971,235502,257845,281784,303380,324001,342555,358414,372429,381890,779264,390634,387918,378346,367128,353031,336997,316291,296826,276162,252284,230086,207058,184715,164283,144382,126724,110034,95142,82159,71606,63012,56246,52138,50474,51120,54568,59986,66544,71058,70919,63804,49754,31882,13413,3033
7,18,96,224,445,772,1381,2120,3304,4994,7116,10104,13936,18600,24149,31702,39944,50338,62763,75851,90171,107708,125413,145634,166795,188865,211434,234819,258109,280795,303672,323735,342480,358688,371132,382105,778620,391056,386818,378695,366820,353335,336012,316884,297730,275769,253021,229852,207191,185296,164332,145300,126483,109819,95723,82429,71949,62815,56225,52001,50222,50799,54361,59168,66352,71146,71599,64717,51118,33071,14048,3213
7,20,89,234,431,778,1363,2081,3338,4947,7116,9996,14050,18443,24251,31486,39775,50596,62367,75381,90784,106907,125129,145431,166543,188932,210860,234139,258650,280412,303851,323037,342309,357976,371404,380735,778933,391041,385893,378060,367820,353020,336275,317040,297425,276541,253048,229804,207525,185564,164547,145474,126652,110131,95858,82860,72155,62987,56043,52019,49940,50358,53889,58874,65805,71272,72236,65732,52281,34311,14711,3436
7,20,92,226,424,779,1328,2112,3302,4913,7109,10069,13853,18516,24237,31198,39904,50413,61807,75766,90225,106972,125256,145040,166309,188175,211127,234032,257350,281164,303383,322932,341994,357021,371471,380558,779435,390721,384747,378254,367373,353151,336352,317316,297501,276286,253277,230371,207364,186072,164637,145427,127334,110526,95712,82849,72232,63346,56340,51944,49669,49921,53360,58415,65423,71332,72646,66690,53708,35525,15449,3619
5,20,95,221,419,773,1332,2074,3253,4947,7129,9997,13824,18540,24169,30995,39909,50190,61697,75782,89971,106817,125369,144962,165390,188463,210111,234191,257221,280821,302349,323100,342169,357120,371078,379528,778982,390227,384899,377910,367518,353628,336386,317146,297885,276141,253193,230709,207497,186146,165242,145699,127440,110945,95721,83247,72153,63419,56539,51700,49707,49362,52993,57967,65198,71198,73068,67771,54829,36900,16219,3793
5,18,95,217,425,749,1346,2062,3226,4955,7033,9995,13703,18543,24236,30964,39934,49667,61393,75633,90016,106747,124679,144529,165882,187683,209997,234080,257385,280320,302024,323183,341314,356688,370673,379579,778632,389566,385876,377446,367463,353002,336209,318132,297504,276554,253904,230420,207502,186075,165461,146334,127880,110705,96150,83165,72874,63344,56664,51386,49528,49067,52699,57506,64660,71197,73539,68768,56047,38140,17042,3989
4,17,93,223,419,748,1333,2063,3272,4859,7106,9952,13496,18551,24225,30986,39523,49480,61735,75104,90080,106514,124097,144563,165752,187490,209661,233488,257921,280062,301593,322654,340658,356174,370069,380467,778109,389374,385148,377761,367245,352852,336853,317558,297935,276751,253515,230308,208509,186234,165677,146216,128016,111433,96427,83253,73067,63721,56409,51550,49217,48782,52285,56973,64201,71234,73956,69479,57656,39232,17815,4225
5,17,82,232,420,766,1312,2048,3253,4807,7087,9944,13484,18478,24214,30977,39329,49218,61541,75054,90347,106085,123568,144642,165225,187332,209506,232517,257999,279745,301887,322012,340341,356477,369625,379919,777172,389865,385136,377624,367379,352692,336341,317976,298058,276784,253253,230924,208538,186576,165526,146863,128130,111820,96333,83921,73246,63667,56500,51339,49056,48787,51693,56538,63826,70966,74241,70798,58739,40480,18645,4481
5,18,79,231,413,770,1284,2107,3138,4843,7054,9869,13662,18145,24105,31054,39361,49197,61295,74803,90233,105434,124105,143896,165165,186849,209495,233025,256480,280205,301143,322127,340284,355359,369211,380386,777417,388975,384152,377939,367107,352472,336838,318110,298413,276453,254420,230792,208413,186347,165806,146518,129500,111644,96746,83995,73563,63887,56393,51408,48898,48539,51384,56116,63263,70830,74681,71634,59847,41803,19480,4795
5,18,78,236,408,751,1273,2102,3124,4826,7032,9865,13530,18137,24081,30969,39238,49085,61075,74605,89701,105682,123882,143575,165136,187162,208608,233063,256311,279186,301917,321685,339638,354619,369631,379379,777567,388706,384416,377727,366468,353059,336478,318325,297971,276885,254353,230972,209055,186365,166073,147005,128888,112381,97062,84246,73783,63753,56472,51609,48763,48171,50915,55803,62908,70810,74557,72560,61224,43045,20351,5069
5,20,79,226,403,769,1243,2089,3119,4770,6984,9887,13483,18053,24016,30932,39168,49036,60704,74630,89466,105771,123595,143463,164643,186468,209356,232553,256228,278655,301180,321960,338285,355595,369070,378755,777956,388277,383853,377504,366655,352740,336555,318525,298015,276792,254908,231143,208997,186228,166536,147260,129506,112400,97297,84446,73863,63762,56942,51506,48529,48017,50485,55418,62419,70630,74931,73180,62565,44287,21283,5339
5,19,83,212,418,734,1256,2025,3165,4747,6896,10037,13263,18088,23884,30684,39223,48896,60897,74297,89485,105193,124020,142929,164238,186256,209016,232750,255737,278356,300366,321924,338808,354304,369187,379675,775985,388968,383821,377060,366731,352519,336964,317552,298386,277067,254980,231743,208703,187062,166050,147651,129308,113013,97609,84708,74036,64128,56677,51618,48548,47514,50310,54928,62153,70373,75134,73989,63598,45669,22106,5674
3,21,85,211,414,719,1284,1972,3124,4782,6915,9963,13186,18134,23672,30524,39324,48837,60779,74215,89068,105260,123156,142637,164822,185643,209013,232886,255313,277812,299792,321792,338243,355019,367989,380016,774905,389162,383824,377365,366421,352195,337228,317448,298352,277559,254694,231961,208241,187280,166913,148011,129543,113084,97898,84829,74007,64888,56566,51514,48459,47363,49768,54862,61512,70010,75314,74759,64794,46999,23092,5963
3,23,86,195,413,738,1263,1944,3158,4748,6843,9940,13297,17930,23390,30726,39088,48602,60834,73904,89153,104690,123224,142811,164024,185971,208693,232087,255872,276377,300546,320705,338451,354335,368955,378735,774992,389073,383153,377222,367253,351388,336924,317892,298451,277080,255127,231868,208527,188091,167031,147876,129648,113187,98574,85241,73750,64799,57392,51499,48146,47265,49363,54511,61036,69744,75585,75360,66132,48123,24047,6304
4,25,85,187,416,721,1241,1977,3121,4711,6886,9761,13419,17727,23639,30458,38781,48804,60445,74137,88856,104349,123074,143020,163962,185017,208446,232011,255042,277075,299785,320855,337600,354451,369090,378542,774203,388641,383835,377206,366050,352757,335994,318216,298395,276744,254785,232345,209260,187990,167267,147840,129773,113792,98640,85471,74106,64865,57470,51509,48224,47009,49203,53927,60612,69514,75666,76132,67169,49404,25008,6666
3,24,86,179,417,735,1206,1948,3100,4744,6839,9708,13425,17705,23409,30441,38844,48490,60505,73948,88483,104474,122897,142845,163250,185175,208188,231726,254316,277318,299479,320107,338162,353949,368191,378694,773929,388337,383996,376788,365877,352656,336370,318359,298225,277489,254223,231999,210004,188040,167291,148130,130063,113947,98977,85536,74391,65158,57458,51570,48297,46910,48970,53441,60167,69214,75604,76912,68490,50602,25959,7019
2,22,87,178,426,708,1223,1910,3089,4713,6940,9510,13323,17789,23399,30521,38415,48612,60203,73766,88518,104477,122588,142368,162946,185224,208279,230741,254663,277060,298721,320850,336751,354627,367577,378612,773447,387720,384598,376023,366189,352617,336479,317863,298860,277087,254847,231846,209655,188244,167911,147883,130429,114258,99327,85576,74491,65546,57712,51712,47956,47014,48550,52977,59785,68871,75905,77397,69554,51975,26898,7368
2,18,92,188,415,681,1241,1913,3009,4780,6854,9433,13360,17668,23425,30489,38263,48382,60359,73376,88177,105006,122033,142148,162877,185088,207773,230942,253572,277620,297989,319630,338120,354084,367307,377828,773370,387560,384770,376017,366282,352912,335617,317728,299205,276758,255038,231467,210508,188279,167805,148289,130705,114664,99336,85664,74978,65575,57909,51626,47942,47038,48181,52663,59416,68414,76211,77565,70805,53314,27915,7740
2,19,87,191,407,675,1224,1897,3055,4765,6757,9512,13214,17749,23355,30416,38204,48223,60169,73318,88250,104345,122491,141220,162958,185128,207519,230130,253836,276902,299080,318572,337200,353729,367871,377959,772182,388244,384114,376614,364932,352655,336220,317791,298648,277176,254579,232773,209875,188492,168441,148328,130926,114567,99406,86493,75021,65571,58064,51674,48264,46674,48115,51981,59072,68105,76333,78138,71721,54727,28948,8115
2,18,79,200,400,682,1205,1895,3098,4679,6742,9493,13130,17690,23303,30414,38233,48178,59696,73689,87918,104346,121859,141269,162873,184415,207179,230520,253949,276405,298668,318145,336695,353417,367783,378995,771400,387310,383890,375958,366287,351747,336142,318022,298754,276913,254734,233254,209891,188791,168488,148394,131135,114703,99377,86573,75780,65670,58144,51791,48334,46627,47674,51708,58843,67498,76245,78903,72538,56086,30012,8530
2,22,78,193,395,686,1189,1931,2999,4712,6722,9462,12966,17733,23173,30250,38484,47952,59492,73285,88292,104080,121490,141219,162501,184397,207138,229920,253701,276453,297939,318394,337212,352827,367117,378658,771314,386589,384205,376215,366089,351191,336392,317877,299098,276450,254737,233203,210120,189108,168743,148816,130975,115518,99213,86947,75738,65755,58381,51936,48184,46478,47439,51658,58248,67142,76225,79457,73594,57279,31113,8917
3,22,76,187,398,679,1186,1939,2982,4694,6643,9467,13052,17440,23263,30064,38339,48186,59245,72804,88199,103997,121842,140679,162315,183875,206834,229961,253490,276199,298135,317889,336816,352627,367473,376880,771527,387503,384091,375354,365302,351841,335860,318410,298591,277746,254041,233130,211012,189041,168589,148662,131424,115597,99661,87018,76115,65959,58540,52204,48056,46538,47251,51085,57791,66969,76056,80001,74501,58553,32196,9313
2,23,70,192,389,671,1200,1915,2936,4800,6538,9392,13121,17505,23039,30045,38279,47990,59201,72748,87840,103675,121857,141052,161731,183515,206422,229447,253550,275772,297890,317483,336590,353048,366993,377185,771196,387070,383509,375875,364722,352175,336039,318324,298287,277612,254532,233233,211213,188806,168828,149271,131646,115207,100093,87214,75900,66579,58532,52377,48161,46222,47187,50818,57400,66628,76144,80397,75400,59826,33161,9718
2,25,69,190,377,690,1176,1875,2974,4759,6588,9383,13016,17513,22963,29992,38187,47813,59445,72606,87246,103575,121492,141487,161299,183060,206584,229242,252572,275986,298151,317375,336017,352270,367479,376305,770835,387256,382828,375962,364782,351917,336333,317623,298481,277295,255638,232613,211654,189197,169350,149625,130994,115420,100753,87206,76307,66542,58577,52729,48008,46164,47021,50595,57270,66041,76092,80646,76330,61160,34189,10192
4,24,70,182,375,683,1167,1868,2973,4733,6545,9370,12901,17549,22874,29854,38012,47930,59395,72386,87160,103241,121552,140951,161435,182951,206120,229343,251961,276019,297615,317752,335302,352078,366713,377411,769994,386214,383555,375853,364604,351728,335832,318041,298554,277591,254829,233769,210778,189793,169843,149109,131842,115762,100536,87598,76426,66555,58888,52619,48372,45939,47002,50161,56950,65739,75845,81204,77196,62228,35341,10619
4,24,67,192,363,678,1133,1883,3017,4644,6623,9217,13010,17418,22765,29668,38082,47861,59069,72446,86905,103482,121300,140323,161440,182358,206154,229484,251010,276161,297550,316986,335618,352414,365688,377842,768844,386970,383104,375159,364526,352473,335295,317876,298977,277790,255074,233248,211199,190235,169054,149804,131980,115751,101280,87693,76290,66837,59003,52624,48641,46121,46530,49903,56680,65395,75433,81890,78094,63343,36388,11025
4,29,66,194,352,692,1106,1905,3053,4529,6592,9214,13059,17349,22741,29740,37814,47741,58901,71924,87127,102952,121254,140537,160949,182598,205765,228216,252860,274939,296326,317551,335520,351946,366156,377240,769097,386568,382635,374738,365215,351777,335609,318115,298384,277777,255580,232930,211118,190466,169432,150139,132064,116256,101185,87856,76545,66937,59371,52753,48363,46257,46408,49770,56153,65174,75241,82092,79076,64463,37439,11484
4,24,72,187,353,666,1148,1893,3021,4432,6555,9237,13118,17306,22754,29612,37638,47668,58917,71583,86838,103246,121049,140366,159990,182764,205751,228074,252519,275017,296616,316394,335460,351591,366226,376738,769691,385843,382057,375233,364763,352064,335408,317999,298152,278077,256085,232474,211350,189856,170144,150258,132615,116437,101184,87783,76984,67141,59753,52637,48515,46318,46234,49381,55957,64735,75229,82313,79862,65605,38534,11910
3,23,74,183,343,669,1152,1874,2990,4542,6492,9217,12933,17344,22757,29257,37773,47605,58626,71788,86255,103294,120476,140055,161160,181927,205503,227725,252204,275151,295871,316513,334959,351724,365943,376831,769318,384895,381974,375558,364317,351809,336078,317808,298752,277557,255979,233209,211107,189957,170142,150001,133267,116836,101327,87921,76900,67582,59536,53171,48571,46246,46043,49280,55439,64655,75094,82469,80881,66642,39496,12355
3,23,70,183,348,655,1157,1857,2996,4515,6452,9321,12690,17292,22522,29403,37668,47324,59055,71445,86320,102778,120276,139897,160471,182305,204812,228128,252338,274568,295890,315660,334769,352546,365757,376244,768156,385156,382300,374271,365722,351211,336223,317922,298169,277746,256120,233045,211307,190206,170376,150416,132872,116825,101810,88262,77040,67817,59420,53450,48751,46050,46044,49152,54985,64397,74901,82703,81799,67765,40428,12853
3,22,68,176,350,686,1139,1860,2991,4465,6554,9173,12669,17154,22649,29055,37810,47366,58446,71640,86335,102477,119881,140048,160437,181933,204454,228050,251474,274964,295136,316053,335318,351529,365508,375697,768325,385158,382240,374827,364825,351479,335588,318099,298218,277057,256443,233132,211413,190122,170780,151276,132535,116691,102258,88565,77383,67762,59877,53443,48681,46058,45999,48892,54580,64386,74715,82753,82472,69075,41375,13356
3,20,74,152,371,676,1132,1852,2975,4513,6518,9158,12552,17201,22596,29140,37519,47347,58380,71555,85713,102437,120233,139877,159850,181799,204016,228100,251463,273444,295688,316524,335002,351435,365562,374440,768407,384846,382152,375141,364289,351947,335621,317319,298208,277763,255735,233650,212002,190025,170719,151231,133013,116530,102344,88940,78083,67686,59775,53900,48615,46067,46048,48605,54293,64120,74536,82815,83269,70101,42480,13816
2,21,67,161,347,690,1169,1804,2973,4537,6421,9179,12524,17180,22511,29209,37416,47412,58089,71380,85753,101812,120203,139441,160023,181773,203968,227085,251292,274170,294516,316512,335022,351365,365719,373987,768041,384969,381747,375066,364451,351330,335779,317286,298248,277391,256273,233884,211578,190256,170518,151835,133330,116417,102816,89260,77824,68017,60113,53748,48893,45867,45933,48593,53950,63964,74452,82814,83922,71316,43501,14293
2,18,69,161,345,677,1173,1812,2962,4512,6408,9147,12602,16843,22633,29060,37500,47191,58141,71015,85744,101980,119726,139438,160276,181285,203674,226510,251137,273289,295437,316178,334783,351457,363589,374872,767902,384968,381998,373967,365042,351951,335022,317167,298472,276976,256596,233874,211284,190781,170504,152232,133189,117012,102516,89672,78054,68361,60207,53848,48971,45833,46068,48256,53871,63459,74344,82972,84539,72563,44520,14771
2,19,68,155,355,658,1172,1834,2884,4526,6419,9084,12488,17005,22497,28995,37358,47239,58008,70883,85719,101319,120191,138809,160288,180885,203530,226349,250721,273505,294842,316165,334834,350541,364345,374517,767282,385003,381573,374545,364128,351702,334978,318052,297818,277536,256158,233741,211672,190673,171228,151680,133472,117393,102904,89477,78370,68745,60258,54075,48934,45841,46107,48180,53649,63006,74060,83487,84986,73618,45565,15303
2,19,70,153,354,641,1175,1829,2910,4469,6355,9086,12416,17114,22277,29090,37300,47178,57998,70518,85532,101458,119685,138734,159690,181482,203109,226218,250270,273009,294907,315356,334971,351126,363646,374461,767373,383917,381692,374630,364416,351366,335234,316989,298300,278121,255823,233415,212188,190613,171381,152196,133550,117059,103103,90029,78706,68478,60686,54081,49191,46135,45630,47929,53564,62779,73674,83855,85519,74706,46713,15759
2,21,67,147,361,643,1173,1823,2893,4449,6336,9020,12559,16733,22312,29113,37396,46997,57869,70221,85224,101890,119409,138319,159611,180686,203357,226669,249370,272783,294843,315625,334837,350718,363492,374555,766684,383786,380576,375377,363774,351320,335570,316988,298330,278107,255542,233779,212110,191313,170964,152640,134151,116929,102823,90606,78358,68935,60920,54188,49284,46016,45809,47822,53471,62336,73505,84006,86178,75580,47853,16255
3,24,63,148,357,666,1146,1783,2910,4439,6363,9027,12353,16699,22312,29058,37185,46846,57906,70412,85085,101062,119549,138246,158782,181069,203364,226403,249048,272734,294704,315865,334207,350294,363175,374665,765342,384379,380461,374467,364941,351168,335741,316999,298268,277098,256441,233257,212605,191294,171091,152621,134247,117620,103033,90207,78777,69452,60925,54413,49104,46375,45781,47543,53177,62182,73155,84098,86789,76619,48946,16840
4,23,64,143,365,653,1151,1758,2921,4444,6370,8965,12286,16659,22258,28917,37246,46827,57684,70426,84618,101348,118702,138253,158439,181341,202993,226266,249136,272416,294904,315245,333740,350223,362924,375189,764700,384319,380149,373816,364818,351795,335246,317231,297580,277914,255991,233498,212486,191827,171079,152532,134574,117822,103437,90077,79094,69479,61347,54331,49424,46436,45569,47663,52749,62155,72762,84182,87342,77691,49995,17397
4,23,69,144,349,667,1133,1780,2886,4378,6397,8899,12310,16550,22194,28866,37352,46593,57582,70057,84941,100795,118797,138075,158666,180519,203657,225890,248409,272698,294720,314476,333187,350587,363169,374070,764847,383993,380051,373067,365871,350918,335948,317267,297547,277474,256001,233921,211949,191890,171672,152312,134154,118785,103465,90460,79264,69533,61727,54469,49377,46539,45625,47527,52646,61693,72526,84371,87966,78567,51144,17953
4,22,64,146,354,633,1156,1806,2865,4391,6328,8797,12373,16401,22218,28894,37267,46456,57171,70380,84431,101073,118344,137883,159065,180069,202901,225639,248313,271998,294762,315082,333262,349983,363183,373897,764314,383423,380016,374571,363732,351997,335337,317318,297476,277176,255778,234449,212503,191872,171385,152239,134613,118691,103912,90778,79180,69879,61933,54565,49587,46672,45777,47239,52495,61133,72525,84457,88494,79555,52230,18496
3,21,69,146,336,633,1153,1789,2950,4331,6132,8987,12223,16459,22056,28857,37245,46525,56970,69996,84532,100865,118339,137840,158476,179933,202727,225090,248568,272015,294074,314710,333505,349841,363068,373116,764380,383465,380389,373777,363506,351949,335051,317912,296980,277327,256167,234350,212169,191794,171648,152137,135255,118524,104224,91280,79633,69872,61756,55093,49641,46771,45624,47367,52167,60914,72272,84435,89129,80556,53230,19084
3,18,74,151,327,625,1132,1807,2915,4270,6216,8899,12150,16575,22041,28618,37085,46304,57206,69730,84635,100357,118147,137902,158181,179661,202181,226069,248395,271527,293806,314586,332765,349570,362677,373350,763378,383247,380362,373550,364329,351628,335531,317167,297470,277080,255764,234789,212840,191034,171448,153558,134917,118336,104416,91568,80118,70041,61876,55088,49956,46677,45722,47152,52071,60685,72129,84450,89701,81548,54131,19696
4,18,69,153,333,609,1126,1789,2889,4313,6138,8860,12127,16609,21914,28721,36758,46352,57238,69777,84081,100204,118336,137308,158058,179736,202127,226119,248239,271405,292896,314423,332713,349686,362198,373107,763235,383956,379221,373140,364999,351304,334828,317418,297743,277228,255863,234685,212638,191639,170992,153641,135273,118273,104414,92047,80152,70198,62022,55767,49873,46608,45897,47188,51721,60427,71987,84504,90006,82566,55254,20268
4,16,69,163,319,630,1096,1771,2870,4331,6119,8912,12163,16394,21844,28670,36658,46223,57436,69478,84011,99937,118235,137371,157800,179755,201251,225926,249113,270382,292192,314507,332085,350620,361933,372873,762949,383239,379786,372897,363939,351923,334580,317471,297477,277273,256153,234567,213002,191122,172090,153324,135460,118557,104396,92367,80034,70550,62268,55622,50163,46806,45927,46921,51729,60013,71952,84437,90455,83666,56191,20945
4,11,68,174,316,616,1066,1805,2845,4350,6106,8941,12108,16371,21825,28335,36618,46157,57327,69695,83715,99718,117970,137212,157780,179563,201161,225293,248949,270068,292324,314490,332760,348746,361993,372552,763298,382862,380004,373193,363203,351397,335282,317189,298007,276459,256525,234621,212959,191295,172009,153478,135736,118806,104686,92312,80425,70469,62439,55826,50308,47251,45754,46731,51536,59683,71946,84413,91063,84355,57284,21572
4,9,69,168,311,621,1064,1785,2807,4341,6149,8845,12046,16271,21992,28173,36605,46044,57181,69462,84268,98923,118148,136885,157877,179396,200601,225213,248404,270870,292473,313465,332156,348694,361366,373150,762488,383585,379615,372334,363331,351860,334575,318110,297383,276760,256197,234306,213612,191143,172424,152978,135867,119374,104778,92132,80662,70847,62724,55858,50688,47388,45612,46816,51080,59540,71784,84362,91532,85331,58370,22126
4,11,72,163,311,620,1043,1777,2818,4326,6135,8805,12065,16139,21793,28298,36325,46313,57050,69246,83860,99661,117508,137027,157470,178877,200816,224533,248859,269929,292316,313357,332521,347861,361926,371809,762147,383677,379967,372424,363335,351453,335085,317637,297407,276540,256506,234017,213674,191642,171971,153169,136375,119298,105159,92109,81006,70849,63142,55965,51068,47228,45659,46831,50730,59344,71555,84309,92067,86183,59458,22778
4,11,71,156,317,607,1064,1752,2834,4235,6176,8782,11935,16244,21553,28339,36390,46218,56824,69346,83386,99588,117109,137282,157153,178683,201025,224510,248276,270157,291452,312750,332445,348271,360356,373158,761683,383446,379210,373377,362820,350718,336240,316967,296915,277515,255931,234266,213281,191997,172039,153632,135846,119909,105440,92383,80950,70971,63144,56303,51419,47317,45809,46685,50615,58991,71176,84384,92487,87065,60654,23364
4,11,66,152,318,632,1061,1757,2754,4256,6172,8717,11968,16198,21348,28318,36455,45929,56752,69157,83523,99036,117256,136956,157289,178884,200514,224184,248170,269754,291737,312444,331921,347485,361218,371759,762489,382597,379517,373392,363782,350334,335139,317149,296942,277256,255982,234375,213551,191922,172122,153332,136502,119823,106106,92259,81263,71029,63505,56334,51341,47712,45697,46647,50539,58950,70771,84465,92833,87836,61782,23978
4,9,75,147,307,634,1065,1757,2732,4220,6201,8618,11934,16155,21437,28106,36428,45699,56659,69354,83201,99669,116659,136470,156742,178921,200387,224604,246934,269638,292644,311583,331892,347222,361182,372167,761215,382801,379754,372908,363307,350423,335224,316726,297235,277457,256240,234557,212765,192061,172678,152690,136744,120621,106019,92635,81295,71397,63542,56489,51327,47893,45954,46515,50409,58860,70320,84536,93177,88733,62892,24553
3,12,69,145,322,607,1103,1753,2724,4197,6115,8728,11791,16051,21474,28216,36005,46017,56489,69115,83184,99379,116476,136214,156550,178827,200438,224000,246989,269462,291843,312294,331443,347119,360651,372387,760773,382454,379183,373262,362796,350500,335339,316863,297294,277786,255653,234352,213750,191741,172472,153471,136685,120774,105384,93440,81654,71354,63698,56734,51329,48027,46083,46587,50287,58662,69992,84594,93513,89616,63937,25177
3,10,68,161,307,608,1076,1723,2812,4157,6048,8687,11767,16072,21580,27986,36059,45743,56275,69060,83264,99329,116879,135218,156326,178540,201247,223083,246683,269053,291971,312039,330976,346916,360951,371809,760740,382132,379466,372752,363279,349961,334636,317270,297633,277760,256077,234166,213426,191977,172418,153757,136662,120442,106267,93533,81593,72072,63478,56849,51408,48289,46295,46493,50321,58359,69719,84369,93964,90447,65163,25749
3,10,66,160,309,594,1074,1733,2827,4070,6046,8635,11822,16078,21463,27981,35977,45581,56188,68911,83435,98985,116316,135517,155943,178453,200205,223975,246152,269602,290968,311896,330531,347031,360766,371130,760758,382801,378386,373412,362348,350122,335132,316844,297780,277509,256062,234507,213245,192127,172550,154168,136867,120515,106214,93651,81925,71827,64076,56765,51658,48498,46266,46594,50287,58021,69602,84114,94476,91119,66366,26383
4,12,62,163,310,593,1055,1754,2788,4069,5989,8607,11667,16177,21452,27896,35974,45310,56223,68925,83522,98580,116482,135088,155789,178395,200081,223085,246569,268835,290838,311932,330424,347378,359678,371026,760786,382473,378651,372859,362888,349878,334946,317163,296991,278034,255273,234673,213732,192514,172220,154469,137256,120305,106282,93891,81991,72173,64248,57034,51800,48330,46636,46532,50334,57723,69392,84045,94685,91977,67404,27088
4,12,61,167,314,588,1047,1771,2760,4077,5932,8548,11789,16073,21280,27917,36097,45233,56017,69216,82850,98845,115933,134968,155690,177695,200575,223259,245483,268424,290996,311500,329972,347799,359843,370017,761190,382295,379136,371849,362974,349540,335088,317711,296700,277374,256274,234520,212892,192850,172850,154562,137205,120395,106882,93514,82105,72572,64319,57244,52026,48325,46526,46759,50277,57495,69221,84067,94893,92945,68357,27724
4,11,62,164,324,590,994,1797,2730,4141,5908,8386,11980,15935,21267,27835,35970,45177,56012,69056,83038,98493,115919,134936,155503,176859,200624,222878,245666,268665,290675,310705,329745,347180,360247,370166,760270,382371,379484,371621,362397,350546,334295,317843,296713,277457,256096,234646,212751,192325,173354,154751,137067,121352,106567,93509,82372,72625,64657,57408,52174,48523,46640,46736,50289,57246,68877,84026,95358,93465,69627,28328
3,12,64,168,315,602,982,1765,2786,4106,5900,8376,11758,16005,21264,27805,35641,45359,56042,68487,82803,98887,115489,135031,155541,176617,200344,222942,244721,268668,290674,311044,329632,346037,359776,370541,760342,382479,378715,371799,362592,349812,334374,317039,297818,277136,255787,234616,213423,192614,173176,154772,137406,120945,106782,93610,82883,72587,65002,57519,52347,48685,46535,46872,49983,57397,68681,83853,95615,94430,70604,28991
3,13,65,162,319,586,1021,1735,2766,4029,5973,8348,11717,15855,21182,27852,35717,45198,55616,68761,82305,98954,115664,134571,155105,177014,199605,222690,244926,268996,290546,310540,328686,346510,359865,369686,759662,382905,378906,371543,361807,350108,334982,316634,297987,276749,256055,234432,213082,193097,173242,154759,137465,120987,107347,93841,82773,73101,64859,57727,52597,48925,46695,46824,49950,57150,68547,83678,95738,95350,71589,29734
3,14,65,160,320,580,1040,1706,2716,4059,5937,8390,11719,15690,21070,27964,35649,44861,55802,68278,82561,98829,115444,134596,154805,176852,199385,222451,244624,268844,289636,310719,329040,346542,359566,369453,758822,383581,378410,371262,362150,349806,334944,316891,297706,277080,256389,233946,212549,193139,173633,154879,137408,121422,107197,94303,82846,73387,64881,58176,52516,48860,46875,46912,50013,56841,68524,83646,96023,95983,72609,30429
2,18,65,147,314,590,1019,1702,2711,4027,5950,8353,11762,15729,21012,27876,35362,44780,55937,67933,82550,98238,115892,134326,154682,176754,199534,221302,245706,267679,289818,310230,329070,346310,359390,369518,758531,382805,378328,371887,361227,350770,334406,317012,296939,277598,256606,234084,212533,192546,174094,154758,137639,121600,106949,94889,83104,73438,65058,58351,52857,48932,46840,46998,49987,56858,68233,83520,96215,96721,73646,31161
2,16,62,150,313,567,1045,1669,2734,4002,5866,8414,11700,15669,21023,27908,35097,44957,55805,67774,82325,97912,115661,134837,154292,175951,200004,221336,244749,267551,289523,310384,329523,345320,359432,369918,757870,382752,378631,371823,361713,349466,334273,317575,296747,277087,256781,233620,212909,192959,173634,155283,137756,121700,106798,95135,83682,73422,65186,58456,52951,49110,47066,46985,49901,56824,67960,83492,96317,97386,74836,31831
2,18,57,151,308,592,1003,1733,2655,4005,5897,8308,11580,15821,21033,27715,35298,44430,55883,67719,82278,97799,115635,134468,154100,176277,199344,221484,244314,266763,290001,309762,329828,344452,359971,369243,758324,381873,379346,372026,361757,348424,334178,316788,297926,277246,256078,234143,213039,192967,173596,155053,137602,122123,107321,94887,83899,73515,65132,58868,53312,49153,47029,47173,49758,56830,67734,83258,96656,98175,75794,32498
2,18,55,145,315,562,1017,1743,2643,4037,5727,8338,11658,15645,21243,27269,35345,44541,55554,67539,82083,98236,115117,134458,154218,176260,198954,221219,243887,266934,289362,310072,329206,344240,360020,369062,757584,382279,378284,371913,362204,348680,333996,317634,297196,276990,256237,234138,213261,192879,173726,155233,137748,122151,107227,95457,83752,73878,65386,58964,53328,49249,47228,47285,49589,56710,67668,83030,96787,98999,76825,33189
2,20,53,134,328,578,997,1738,2604,3992,5747,8371,11563,15698,21180,27426,34816,44695,55466,67601,81946,97826,115083,134248,154041,176291,198762,221134,243277,266885,289163,309693,328561,345366,358560,369756,757459,381913,378125,371582,362513,348925,333471,317024,298087,277004,255503,234598,213409,192821,173665,155068,138537,121544,107754,95345,84050,73790,66006,58992,53434,49557,47330,47350,49406,56805,67320,83042,96900,99670,77948,33860
2,19,56,122,338,576,983,1697,2680,3909,5770,8290,11629,15629,21037,27534,34717,44456,55318,67745,82010,97473,114836,133650,154185,176488,198250,221586,242633,267159,288444,310118,328069,344316,359511,369454,757358,380928,378069,372216,361608,349367,333818,316686,297137,277238,256273,234266,213332,192766,173701,155440,138667,121739,107880,95244,84066,73971,66330,59399,53579,49647,47524,47388,49396,56641,67278,82669,97271,100186,79042,34599
2,19,51,119,340,573,1002,1678,2602,3928,5769,8191,11759,15632,20847,27404,34862,44300,55116,67898,81580,97226,114649,133758,154424,175614,198648,220932,243135,266630,288047,309491,328354,344919,358359,369984,756672,381167,377311,372136,362079,349391,333575,316606,297455,276598,256057,234922,213485,192509,173654,155535,138325,122435,107945,95207,84191,74393,66251,59921,53618,49889,47536,47457,49444,56519,67083,82676,97227,100817,80204,35276
3,17,52,122,343,555,998,1694,2608,3839,5850,8206,11495,15717,20788,27375,34755,44203,55203,67462,81734,96996,114672,133726,153782,175582,198971,220127,243716,266186,288601,308766,327489,344688,358353,369341,757023,381551,376629,372907,360894,349311,334177,316801,296931,276547,255629,235249,213099,192903,173760,155812,138510,122174,108241,95191,84370,74725,66672,59801,54021,49764,47687,47538,49584,56307,67007,82595,97416,101463,81124,35980
3,17,52,137,332,553,1000,1693,2596,3825,5880,8143,11502,15537,20873,27204,34888,44055,55002,67402,81639,96838,114847,133075,153592,175904,198681,220319,242758,266216,288603,308309,327115,344195,358980,368869,756750,381537,377013,372010,361903,348266,335007,316155,297324,276127,255704,234571,213525,193076,173854,155709,138835,122146,108499,95187,84660,75051,66518,60336,54012,50032,47681,47740,49598,56058,66824,82651,97415,102312,82033,36655
2,18,50,134,325,564,1012,1629,2626,3834,5797,8199,11408,15631,20598,27287,34849,44164,54808,67150,81266,97008,114690,133363,153318,175367,198081,220488,243336,265503,287909,308589,326887,344493,358236,368709,757413,380972,376448,372235,361583,348703,334017,316167,297498,276311,255849,234240,213383,193273,174392,155938,138061,122591,108657,95600,84781,74728,67221,60247,54423,49932,47967,47594,49755,56000,66795,82302,97632,102987,83028,37357
3,16,49,133,325,550,1024,1616,2631,3810,5766,8178,11386,15447,20930,27179,34820,43947,54972,66671,81351,96763,114740,133112,153411,174957,197500,220925,242809,265750,287167,308670,327640,343387,358781,368451,756267,380840,376846,372122,361914,348407,332960,316637,297301,276257,256300,233992,213459,193634,173666,156448,138239,122658,108667,95818,84786,75153,67366,60271,54781,50042,48111,47536,49905,55928,66742,82094,97833,103511,83938,38112
3,16,46,143,316,560,1013,1618,2616,3832,5674,8190,11337,15425,20827,27194,34703,44075,54468,66900,81219,96438,114585,132885,153532,175241,197007,219856,243628,265318,287290,308520,326972,343605,358083,368360,756872,380349,376979,371218,362400,347460,333664,316298,296980,276982,256082,234180,213216,193988,173558,156410,138399,122565,109111,96072,84574,75457,67343,60328,55024,50357,48222,47675,49768,56105,66515,81964,97951,104034,85061,38752
3,15,46,138,320,562,993,1658,2540,3838,5645,8168,11201,15435,20857,27147,34631,43982,54550,66812,80793,96828,113503,133037,153832,174685,196601,220631,242551,266044,287160,307459,327277,343295,357523,368358,756204,380467,377559,370884,361503,348657,333200,315737,297578,276638,256178,233863,213909,193555,173982,156658,138057,122685,109194,96132,84826,75793,67605,60367,55242,50606,48173,47855,49885,55919,66401,81679,98228,104485,86173,39413
3,17,42,145,305,591,956,1637,2533,3869,5616,8095,11152,15517,20756,27106,34435,44045,54485,66754,81037,96141,113817,132749,153376,174247,197242,219586,242996,265419,287115,307917,326923,342896,357691,368338,755564,380492,377031,371412,360393,349095,333302,315479,297187,277105,255549,234604,214332,192925,174177,156703,138335,122609,109383,96336,84878,76022,67528,60874,55171,50873,48358,47936,49788,55867,66245,81595,98441,105030,87070,40170
3,18,45,140,302,592,966,1614,2515,3949,5552,8014,11129,15575,20565,27048,34575,43612,54562,66925,80590,96546,113384,132816,152759,174755,196260,219790,242881,265567,287110,307064,326192,343248,357829,367918,755159,380295,377446,370355,361160,349091,332971,315684,297191,276714,255632,234917,213935,193426,174241,156356,138695,122819,109119,96257,85354,75966,68065,61096,55279,50879,48450,48046,50056,55701,66073,81540,98466,105678,87993,40893
3,17,53,137,293,603,982,1585,2483,3900,5660,7945,11063,15613,20489,26973,34441,43772,54424,66703,80558,96312,113232,132645,153011,174036,196231,219385,242687,265704,286458,307364,326630,342881,356375,368472,755414,379886,377104,370393,361441,349338,332257,315556,297285,276608,255525,235355,213866,193738,174021,156361,139176,122491,109291,96575,85172,76230,68221,61072,55564,51265,48551,47960,50226,55593,65825,81733,98339,106415,88785,41656
4,15,58,131,295,587,994,1570,2505,3845,5703,7823,11040,15526,20578,26876,34445,43654,54281,66402,80664,95716,113931,132163,152873,174098,195735,219575,242855,264583,286691,307177,326247,342836,356419,367257,755472,380871,376661,370558,361181,348564,332326,315734,297442,276766,256107,234311,214002,194081,173990,156481,138638,123072,108802,97006,85695,76322,68336,61373,55745,51467,48540,48098,50151,55706,65794,81512,98454,106959,89628,42411
3,18,50,140,289,594,978,1586,2517,3797,5677,7843,11064,15535,20362,27002,34394,43422,54256,66596,80087,96151,113274,132311,152327,173999,196159,219045,241771,265359,286574,307237,325823,342056,356347,367902,755518,379454,377808,370231,360585,349040,331837,315771,296811,277344,255978,234678,213651,194069,174540,155968,139027,122891,108911,97205,86018,76298,68517,61627,55933,51426,48911,48086,50395,55581,65596,81257,98744,107506,90594,43057
4,16,46,135,298,589,994,1569,2522,3776,5661,7839,11099,15491,20286,26853,34118,43672,54260,66411,79940,95901,113700,131683,152051,173744,196088,219157,242042,263446,286938,307734,325563,341563,356612,367927,754947,380064,377057,370769,359637,348982,332598,315340,297312,276645,256270,234469,213969,193685,174566,155935,139129,123438,108774,97171,86123,76716,68653,61662,56195,51558,49144,48051,50425,55533,65487,81303,98864,107981,91513,43715
6,15,48,134,290,585,971,1582,2465,3847,5673,7783,11265,15288,20344,26649,33973,43682,54313,65989,80282,95744,113502,131671,152072,173248,196272,218661,241506,263833,287272,306492,324876,342121,355986,368713,754582,379468,377756,369603,360350,348153,333183,315212,296755,277676,255244,235110,213381,194287,174554,156268,138846,123509,108941,97228,86260,76824,68619,62229,56103,51690,49319,48317,50480,55458,65280,81171,99074,108387,92567,44371
6,14,55,131,278,580,984,1611,2466,3787,5568,7819,11207,15352,20205,26645,34144,43380,54146,66350,79437,96143,112782,131521,152383,173386,195981,218157,241844,263832,286219,306577,325044,341568,356835,367565,754710,379699,376277,370321,360941,347122,332826,316662,295543,276887,256583,234797,214131,193998,174139,156400,138946,123523,109315,97213,86359,76986,68687,62405,56400,51832,49460,48430,50528,55363,65391,81066,99180,108768,93455,45063
7,14,53,130,277,579,976,1586,2509,3748,5544,7942,11238,15105,20157,26602,34286,43131,54064,66301,79660,95783,112147,131797,152002,173388,196011,217870,241965,264040,285452,306622,324832,340653,357225,367049,754473,379360,376743,370054,361084,347115,332767,315884,297210,275652,256586,235114,214324,193445,174462,156268,138964,123497,110065,96885,86417,77128,69056,62603,56607,52041,49403,48700,50344,55539,65203,81032,99255,109361,94259,45763
7,14,54,126,280,578,995,1546,2543,3744,5483,7994,11141,15158,20074,26582,34001,43237,53843,66237,79643,95246,112554,131850,151578,173041,195925,217858,241490,263265,286379,306497,324573,341266,355547,367753,753850,379806,375823,370354,360591,347194,333592,315366,296730,276462,256168,235175,214145,193644,174260,156214,139150,123715,109942,97518,86001,77415,69231,62792,56909,52057,49708,48645,50642,55414,65072,80873,99411,109844,95177,46416
7,16,50,125,277,581,995,1557,2476,3746,5503,8011,11117,15118,20230,26174,34138,43201,53545,66016,79483,95503,112684,131313,151290,172946,195705,218162,241143,263028,285266,306409,324958,341105,356236,366942,753917,378871,377456,369392,359662,348302,332862,315714,295964,277382,256031,234737,214282,193679,174171,155953,140012,123598,109992,97682,86187,77234,69697,62804,57015,52208,49852,48889,50630,55297,65101,80865,99394,110455,95945,47120
6,17,52,123,282,543,1046,1537,2465,3745,5510,7993,11127,14995,20306,26102,33875,43217,53577,65709,79797,95074,113059,130951,150994,172782,194951,218756,241069,262192,285569,305993,324128,342313,354651,367657,752829,379446,376402,369906,360595,348685,331639,315774,296407,277075,255768,235205,213881,193797,174366,156270,139215,124272,109900,97721,86545,77580,69491,63027,57241,52379,50270,48834,50598,55153,65167,80952,99499,110855,96645,47856
5,19,52,130,288,534,1033,1515,2523,3671,5537,7979,11050,14969,20266,26222,34028,42995,53202,65681,79832,95155,112452,130836,151520,172404,194598,218536,240124,262962,285426,305316,325004,340297,356036,366663,753305,378843,376721,369855,360268,348160,333072,314646,296720,276770,255648,235416,214065,193766,174238,156403,139273,124140,109904,97843,87090,77547,69721,63017,57452,52730,50228,49133,50392,55376,65090,81062,99429,111132,97508,48585
3,20,52,127,280,539,1041,1553,2457,3698,5444,7962,11090,14991,20130,26342,33910,42672,53297,65469,79825,94822,113051,130577,151431,171808,194432,218308,239966,262574,284871,305919,324579,340677,355731,366476,752828,379385,375267,371259,359594,347872,332404,315717,296573,276096,256178,235101,214298,193137,175444,155895,139494,123816,110499,97844,87191,78125,69345,63098,57660,53140,50289,49230,50361,55338,65175,80929,99685,111496,98302,49219
3,19,60,122,270,553,1032,1566,2372,3755,5497,7894,11002,14888,20293,26284,33898,42641,53110,65331,79546,94872,112411,131073,150973,171947,194613,217725,239690,263399,284067,306050,324216,340479,354926,366130,753450,379563,375456,370032,360442,346679,332829,315932,296221,276443,255601,235627,214151,193393,174852,156377,139543,124084,110422,97502,87773,78129,69483,63142,57899,53606,50024,49617,50518,55099,65219,81076,99711,111810,99135,49861
4,20,59,124,278,521,1029,1581,2348,3728,5556,7935,10824,14997,20119,26306,33749,42396,53266,65376,79360,94469,112377,131270,150925,171461,194903,217398,239607,262799,284463,305069,324835,340106,354930,365517,753204,378800,376359,370240,359363,347156,332259,316403,296321,275864,256015,235199,213717,194593,174507,156219,140149,124310,110108,97818,87702,78326,69666,63215,58157,53554,50445,49707,50528,55037,65187,80935,99972,112221,99904,50543
4,21,62,125,272,512,1036,1585,2376,3674,5613,7938,10754,15021,20039,26180,33695,42556,52980,65282,79457,94445,111937,131113,150804,171831,194027,217203,239802,262038,284333,305345,324183,340748,354022,366123,752247,379200,375836,369741,360191,347161,332538,315140,296682,276659,255603,234757,214082,194528,174595,156454,139964,124552,110063,98027,87790,78316,70226,63241,58196,53628,50593,50026,50678,55071,65064,80992,99896,112666,100687,51182
4,18,64,131,264,535,1018,1561,2375,3650,5604,7957,10781,15049,19952,25929,33688,42628,52725,65562,79304,94307,111697,130685,150432,171986,193962,216891,239812,261711,284418,305079,323932,340479,353959,365478,752419,378633,375901,370232,360262,347015,332465,315379,296700,276147,255906,234828,213984,194503,175094,156087,140149,124432,110276,97898,87783,78640,70347,63628,58148,53962,50768,49987,50747,55077,65035,81059,100133,112926,101442,51789
4,14,63,135,262,543,992,1589,2372,3604,5563,7923,10891,14967,19852,25829,33738,42443,52819,65386,78903,94593,111681,130278,150127,172068,193840,216949,239433,261615,284043,304766,324020,339916,354599,365200,752421,378488,375734,369210,360665,347560,331728,316125,296120,276149,256136,234572,214518,194360,174714,156347,139855,124846,110436,98251,87532,78576,70413,64066,58297,53932,50998,50074,50922,55090,65024,81006,100299,113226,102172,52526
3,14,64,145,255,545,966,1586,2386,3635,5504,7909,10974,14916,19620,25724,33730,42602,52588,65206,78975,94168,111430,130574,150086,172527,193311,216489,239038,261852,283834,304074,324509,339430,353963,365642,752234,378833,374929,369276,360570,347429,331407,315815,296742,275732,256304,234886,214486,194080,174839,156979,139535,124508,110867,98465,87780,78595,70706,63855,58458,54262,51159,50231,50969,55018,65139,80937,100424,113682,102873,53130
3,16,64,142,246,527,1003,1516,2425,3620,5523,7880,10974,14823,19580,25768,33544,42598,52608,65077,78769,93760,111740,130466,150166,172182,193023,216067,239001,261500,283884,304009,323902,339266,354417,364828,751956,379967,374137,369229,360332,347534,331504,315163,297015,276294,255910,235096,214312,193869,175309,156506,139816,124866,110707,98639,87792,79013,70608,63979,58726,54444,51277,50377,51148,55024,65159,80796,100475,114091,103612,53809
3,17,63,139,248,526,982,1584,2358,3681,5441,7827,10961,14739,19592,25960,33046,42513,52962,64761,78463,94269,110841,130559,150748,171341,192795,215745,239192,261542,283420,304566,322827,339699,353916,365093,752401,378574,374613,368695,360745,346253,332593,315004,296634,276792,255663,235058,213862,194966,174658,156601,140074,125060,110836,98627,88047,78888,70770,64056,58936,54305,51737,50535,51300,55063,65047,80712,100812,114240,104446,54386
3,16,66,144,251,517,965,1576,2343,3709,5482,7759,10921,14619,19586,25912,33102,42460,52572,64975,78393,93937,110931,130366,150271,171259,192931,215615,238986,261104,284054,303628,322224,340268,353906,364709,752366,378002,374234,369285,359800,347412,332354,315211,296284,276509,256241,235086,214017,194154,175322,156683,139898,124951,110794,99214,87961,78950,70689,64337,59132,54511,51865,50579,51356,55400,64737,80941,100785,114509,105281,54998
4,16,60,146,265,490,931,1558,2434,3731,5432,7697,10892,14642,19533,25831,33096,42380,52713,64649,78477,93703,111186,129975,150095,171112,192980,215254,238515,261426,282863,304210,322708,339567,353592,364232,752354,377563,374250,369622,359705,347349,332151,315522,296058,276561,256418,234971,214169,193875,175175,157189,139737,125212,110882,99174,88159,78891,70850,64693,59151,54710,51924,50873,51296,55499,64809,80897,100722,114965,105906,55731
4,17,60,149,270,486,935,1538,2426,3681,5413,7750,10758,14679,19559,25709,33230,42139,52769,64637,78120,93618,111109,130183,149513,170642,193037,215904,237985,260703,282698,304069,322770,339924,353002,364623,751221,377859,373967,369220,360093,347176,332011,314556,297038,276554,256854,234932,214278,194159,174607,157456,139988,124998,110815,99343,88535,78498,71416,64766,59048,54987,52220,50764,51552,55595,64900,80685,100679,115592,106644,56293
3,19,59,144,270,504,909,1545,2384,3690,5411,7715,10705,14610,19791,25379,33313,42011,52912,64168,78190,93699,110951,129754,149971,170071,193208,215442,237814,260661,282670,303284,323309,339298,353935,363531,750781,377507,374731,369353,358816,347378,332069,314621,296501,277175,256412,235773,213967,194221,175170,156748,140281,124987,110914,99460,88502,79136,71177,64603,59394,55181,52335,50908,51807,55780,64831,80560,100778,115910,107388,56923
2,18,55,155,254,507,905,1577,2366,3691,5392,7762,10719,14469,19791,25424,32855,42174,52827,64190,78214,93199,111174,129727,149312,170500,192736,215034,237540,261471,282421,303389,322439,339192,353858,363907,748588,378474,374935,368694,359420,347270,332454,313628,296969,277085,256679,235395,214474,194152,174594,157223,140226,125170,110981,99665,88482,79260,71249,64964,59240,55569,52271,51227,51860,55880,64653,80738,100683,116365,108016,57629
2,18,54,146,255,504,924,1561,2339,3698,5481,7605,10799,14435,19546,25589,32882,42119,52613,64184,77802,93577,110655,129493,149293,170900,192339,214783,237847,260649,282953,303042,321682,339766,353707,363341,748722,378202,375327,367914,359761,346544,332208,314269,296523,277653,256393,235170,214876,194182,175023,156622,140318,125287,111100,99751,88515,79388,71225,65166,59381,55748,52543,51304,51949,55986,64718,80633,100896,116493,108830,58205
2,18,53,142,267,467,962,1542,2318,3745,5365,7727,10626,14546,19357,25473,33000,42139,52649,63970,77884,93242,110601,129426,149155,170636,191899,214475,237795,260692,282694,303632,321602,339175,353312,363138,748689,377594,375447,368786,358529,347367,331673,314317,296439,277253,256497,235574,214975,194277,174463,156754,140684,125077,111789,99237,89373,79063,71260,65133,59843,55745,52656,51730,51871,56009,64958,80641,101009,116706,109420,58844
2,19,47,147,262,485,945,1527,2349,3688,5349,7717,10634,14510,19460,25254,32895,42231,52124,64052,77871,93666,110250,129194,149205,170372,191739,214311,237709,260674,282128,303746,321631,338784,352393,363238,749297,376917,375525,367867,359262,347011,331478,314872,297096,275974,256791,236087,214591,194106,174564,157151,140290,125617,111729,99874,89098,79240,71268,65034,60023,55985,53006,51517,52072,56085,65204,80482,101128,117148,109957,59454
2,18,48,146,263,490,931,1504,2412,3645,5318,7690,10608,14530,19457,25316,32842,42138,51885,64009,77988,93312,110547,128599,149435,169944,191735,214189,237656,259856,282619,303111,321073,338043,353584,363688,747825,377260,375552,367101,359452,346463,333045,314661,295641,277285,256554,235577,214986,194429,174258,157173,140068,125692,112174,99473,89521,79457,71229,65458,60132,56043,53326,51458,52241,56096,65290,80438,101178,117581,110596,60064
2,17,53,145,271,501,887,1485,2387,3666,5408,7616,10635,14470,19516,25161,32808,41832,51857,64117,77880,93548,109627,129506,148944,169388,191203,214669,236937,260273,282797,302069,320792,339002,352585,363402,747844,377333,375024,367287,359014,347144,332175,315761,295319,276923,256716,235939,214557,194488,174703,156860,140255,125642,112168,99885,89177,79698,71566,65457,60209,56381,53481,51395,52540,56084,65215,80651,100957,118135,111273,60696
2,19,52,149,265,500,875,1514,2390,3572,5395,7582,10786,14359,19429,25031,32973,41646,51636,63936,77892,93293,110221,128598,149149,169189,191554,214444,236869,259079,282988,302326,320796,338486,352374,363112,748134,376732,374571,368060,359231,347190,331811,315055,296223,276339,256305,236046,215519,194411,174191,156991,140394,125467,112134,100094,89366,79718,71859,65580,60427,56396,53861,51358,52653,56181,65147,80697,100955,118588,111981,61262
3,18,53,146,271,493,862,1536,2373,3558,5394,7578,10777,14388,19242,25204,32910,41566,51502,64035,77719,93027,110738,127525,149044,169130,191990,213490,237064,259558,281838,302484,321123,338132,351924,363842,747199,377030,373233,368490,359516,346514,332704,314309,296300,276752,256416,235855,215322,194794,174188,157107,140500,125236,112229,100361,89190,79951,71976,65602,60672,56811,53672,51499,52923,56206,65137,80733,101031,118973,112509,61931
3,17,50,133,288,496,842,1566,2387,3496,5414,7657,10653,14297,19171,25235,32816,41804,51512,63509,78025,92819,110119,128005,147933,169899,191354,214111,236059,259863,281678,302212,320454,337905,352520,364324,746463,376155,373734,368106,359783,346079,331904,315564,295854,276405,256790,236133,214780,195039,174304,157335,140464,125412,112493,100246,89412,80020,72190,65932,60627,56689,53700,51759,53069,56150,65306,80598,101277,119262,113150,62598
4,17,54,126,282,495,873,1530,2376,3488,5280,7771,10546,14263,19242,25311,32600,41713,51718,63521,77737,92593,109846,128326,147707,169670,191623,213181,236510,259311,282146,301690,320340,338307,352317,363035,746774,376167,373447,368065,359708,346349,331580,315539,296028,276512,256348,236058,214638,194695,175389,157045,140326,125874,112305,100218,89681,79951,72450,66032,60916,56811,53828,51915,52962,56272,65365,80606,101309,119590,113801,63305
4,19,54,130,276,521,827,1541,2364,3499,5326,7620,10655,14224,19140,25281,32595,41501,51461,63792,77496,92992,109546,128033,147636,169310,191022,213851,236403,259304,281061,301675,321190,337473,352014,363427,745429,376933,373884,367764,359101,346979,330787,315278,296627,276175,256492,235572,214956,195432,175133,156867,140634,125427,112777,100661,89348,80148,72434,66168,61006,56956,53868,52249,52947,56361,65420,80597,101467,119961,114396,63911
4,19,53,142,272,519,805,1512,2364,3598,5246,7599,10646,14129,19244,25103,32692,41284,51336,63708,77596,92720,109665,127655,147548,169353,191079,213737,235807,259095,280908,301888,320719,337460,352225,362421,745830,376600,373325,368094,359698,346736,331063,314527,296384,276520,256183,235807,215249,195147,175146,156862,141102,125194,113084,100260,89541,80385,72670,66043,61187,57296,53968,52433,53036,56443,65458,80504,101475,120493,114989,64525
5,18,51,139,278,499,842,1484,2369,3607,5196,7624,10665,13999,19200,25058,32702,41167,51487,63621,77326,92915,108936,127694,147655,168974,190630,213663,236460,258129,280326,302111,320327,337925,351964,362731,745613,375251,373671,368475,359625,346173,331792,314529,295985,276352,256792,235377,215123,195208,175537,157342,140712,125485,112917,100432,89440,80677,72655,66162,61317,57602,53831,52859,53121,56497,65526,80498,101391,120852,115568,65244
5,20,48,140,280,500,878,1468,2329,3591,5232,7581,10477,14188,19087,24965,32741,41339,51093,63762,77323,92240,109198,127637,147515,168521,190701,213008,236516,258415,280042,301523,320718,337660,352604,362063,745100,375330,373731,368130,359163,346334,331530,314308,296099,276795,256488,235455,215195,195165,175885,157450,140861,125572,112960,100437,89529,80777,72560,66178,61978,57505,53903,53173,53046,56590,65483,80567,101278,121171,116395,65879
5,18,50,142,279,503,857,1469,2338,3611,5229,7594,10411,14236,18942,24910,32816,41303,51026,63635,76867,92431,109090,127382,147932,167866,190292,213245,236911,257759,280193,301297,320524,337515,351537,363025,744556,376004,372447,368270,359135,346541,331002,315061,295612,276425,256502,235726,215310,194819,176116,157658,140992,125715,112659,100897,89598,80602,72662,66698,61708,57824,54076,53204,53147,56754,65542,80362,101561,121342,117107,66534
5,20,50,129,289,496,859,1469,2361,3556,5275,7552,10233,14276,18961,25102,32442,41208,51398,63453,76500,92330,109408,126967,147215,168220,190171,213446,235436,259108,279525,301730,319762,336710,352339,362200,745243,375324,372477,368255,359045,346767,330595,314988,296365,276128,256258,235678,215181,194561,176907,156537,141961,125651,112757,100734,90145,80601,72739,66736,61774,58173,54239,53209,53347,56728,65607,80228,101761,121454,117815,67239
5,19,52,117,292,485,868,1510,2337,3588,5237,7509,10234,14319,18859,25142,32280,41079,51346,63283,76529,92594,108652,127159,147131,168274,189673,213398,235283,258517,279924,301531,320135,336977,350684,362220,745672,375082,371638,368638,358808,346189,331127,314876,295897,276955,256362,235232,214867,195468,176455,157277,141203,126241,112401,101390,89732,80747,73060,66665,61932,58217,54669,53186,53417,56934,65716,80182,101852,121621,118541,67917
5,19,47,117,296,489,880,1503,2330,3533,5240,7485,10294,14234,19019,25085,32177,41091,51158,62927,77032,91779,108970,126538,147340,167759,190457,212345,235614,258268,279863,300566,321215,336017,350544,362433,745424,375721,371569,367656,358555,346375,331964,314234,296130,276619,256233,235405,215176,194988,176355,158093,140877,126116,112776,101149,89974,80788,73116,66874,62151,58051,55069,53239,53512,56968,65800,80177,101952,121930,119180,68543
5,16,50,121,288,499,879,1512,2337,3474,5275,7471,10315,14174,18899,25147,32145,40892,50978,63345,76282,92005,108696,126590,147566,167784,189503,212601,235592,257696,279603,301824,319124,336623,350725,362103,745301,374469,372876,367488,358854,345674,331629,314541,296252,276402,256014,235759,215173,195315,176140,157882,141063,126114,112905,101144,90306,80701,73450,66922,62158,58321,55083,53202,53709,57167,65682,80402,101990,122226,119692,69263
5,17,46,114,309,491,895,1489,2330,3493,5197,7442,10407,14146,18805,25090,32101,40936,50921,63316,76115,91592,108492,127101,147085,167453,190072,212147,235212,257474,279672,300421,320487,335797,350584,362050,744932,374973,372408,367104,359065,346286,331018,314692,295898,276588,256305,235237,215191,195437,176052,158619,140913,126270,113156,100656,90719,80738,73340,67240,62502,58022,55294,53333,53984,57295,65569,80289,102216,122553,120362,69848
4,21,44,110,300,509,878,1486,2296,3501,5215,7489,10379,14134,18755,24975,31953,40796,51362,62870,75953,91725,108387,126775,146796,167568,189928,212438,234218,258059,279356,300649,319919,335952,350189,361673,745555,374201,372561,367206,358388,345915,331489,315225,294591,277315,255775,235547,215452,195016,176415,158238,141465,126542,113196,100618,90610,81059,73306,67389,62817,57954,55419,53405,54225,57388,65661,80245,102141,122834,121059,70524
4,21,45,115,300,492,876,1518,2294,3440,5258,7448,10380,14073,18801,24856,31945,40916,51068,62694,75991,91807,108276,126388,146702,167425,189812,211742,235140,257478,279703,300320,319843,335972,349459,361769,743837,374943,372823,366858,358605,345359,332122,314441,295673,276441,255748,235976,215570,194848,177076,157561,141786,126512,113058,101023,90806,80998,73415,67404,62797,58443,55305,53565,54440,57435,65704,80336,102173,123040,121802,71114
4,22,45,126,281,493,883,1500,2308,3432,5257,7396,10382,14115,18750,24593,32282,40738,50747,62636,76057,91611,108154,126607,146689,167453,188835,211539,235440,257416,279534,299700,320016,335762,348774,361610,743750,375245,373078,367012,358189,345221,331568,315204,295303,276149,256722,235797,215251,195085,176005,158531,141782,126638,112673,101135,91299,80837,73608,67715,62804,58418,55471,53823,54385,57631,65557,80656,102090,123431,122336,71822
4,21,45,135,269,503,858,1490,2325,3475,5191,7399,10393,14078,18722,24680,32049,40694,50813,62604,75715,91633,108202,126052,146989,167419,188614,211344,234891,257244,279763,300115,319211,335837,349365,360920,743402,375167,372158,367948,357640,345238,331107,315376,295570,276276,256651,235921,214828,195172,176253,158483,141760,126794,112891,101265,91068,81232,73535,67751,62970,58506,55813,53922,54282,57728,65711,80475,102292,123703,122873,72585
4,19,41,151,242,516,856,1493,2319,3496,5170,7393,10337,13856,18922,24665,32015,40578,50581,62628,75952,91138,107856,126405,146648,167292,188706,211450,234632,256821,279420,300345,318674,335969,348791,360983,742600,375884,372046,367480,358154,344980,331399,315048,295554,276686,255649,236390,215128,195423,175990,158378,141844,126589,113577,101082,90960,81472,73602,67959,62987,58719,55793,54001,54433,57909,65876,80328,102577,123720,123606,73221
4,17,42,146,243,544,840,1473,2323,3448,5227,7342,10251,13977,18847,24629,31859,40663,50662,62556,75588,91281,107654,126406,146426,167350,188402,211033,233486,257978,279365,299554,319011,335384,349256,360225,743175,374846,372612,366779,358785,345400,331022,314533,296071,275935,256230,236184,215583,194913,175872,158962,141615,126825,113334,101405,90702,81912,73749,67905,63111,58790,55945,54105,54628,58030,65835,80318,102801,123974,124217,73813
5,15,39,147,240,542,848,1474,2287,3489,5180,7351,10198,14175,18681,24462,31880,40622,50705,62515,75526,90835,108034,126366,145976,166902,188623,210339,234228,256999,279722,299161,318810,335446,348485,360622,743401,374505,372333,367183,357401,346846,330309,313954,296099,276784,256092,235743,215539,195401,176023,158586,141991,127196,112850,101791,90587,81982,73881,67911,63393,58801,56232,54196,54675,58243,65815,80629,102551,124281,124924,74351
4,16,41,142,259,503,849,1508,2269,3415,5199,7393,10276,14050,18603,24584,31608,40638,50735,62201,75416,90978,107631,126265,146244,166638,188543,210389,233827,257133,278998,299815,317863,335160,348844,360360,742944,374934,371912,367257,357116,346009,330994,314126,295840,276592,256988,235410,215411,195404,176917,157958,142262,127281,112838,101486,90998,81978,74075,67866,63017,59710,55891,54406,54859,58257,65941,80549,102657,124607,125493,75028
4,15,42,135,254,508,845,1473,2314,3425,5134,7359,10422,13807,18624,24456,31638,40505,50646,62265,75457,90702,107475,126182,145979,166884,188254,210764,233657,256396,279530,298965,318176,334694,348782,360592,742243,374566,372536,366564,356950,345961,330815,314538,296326,276080,256257,236629,214743,195298,177528,158120,142104,126960,113436,101322,90891,82370,74123,68006,63264,59377,56322,54384,55110,58300,66103,80445,102862,124703,126118,75694
3,15,47,128,274,486,866,1426,2317,3466,5131,7356,10394,13701,18538,24379,31652,40543,50617,62042,75512,90783,106886,125992,145677,167166,188302,211224,233302,256290,278274,299488,318505,334063,348175,360409,742897,374088,372373,366517,356828,345914,330969,313799,296675,276262,256301,236191,215161,195801,176780,158563,141853,127065,113650,101213,91475,82207,74615,67925,63417,59382,56285,54644,55133,58578,66124,80462,102799,124941,126838,76254
3,14,47,134,275,480,834,1429,2329,3528,5025,7454,10222,13748,18380,24458,31765,40492,50234,62224,75478,90267,107166,125843,145341,166822,188601,210332,234293,256230,277756,299162,318099,333966,349560,359239,742401,373788,372539,366238,357438,345081,331263,314168,296203,276294,256043,236126,215805,195621,176735,158587,142075,127141,113485,101303,91477,82465,74602,68208,63464,59503,56187,55105,55133,58669,66361,80208,103034,125164,127319,76945
3,15,47,129,268,465,845,1444,2301,3509,5040,7401,10218,13705,18420,24603,31612,40330,50227,62323,75495,89836,107130,126031,145233,166457,187792,210470,234341,255944,277959,298832,316651,335176,348754,360490,741536,374008,371823,366393,357390,344624,332169,313794,295421,277226,255807,236410,215467,195689,176988,158542,142369,126626,113581,101880,91576,82298,74664,68243,63398,59776,56510,55174,55269,58534,66421,80349,103008,125552,127788,77609
3,14,50,140,256,459,841,1429,2310,3431,5107,7367,10064,13847,18408,24521,31788,40003,50246,62165,75427,90109,106812,125959,145136,166273,187653,210312,233742,256881,277226,298210,317573,334023,349337,359764,741452,373753,371804,365992,357925,344905,331624,314074,295272,275995,256566,236708,215954,195507,177007,159075,141636,127081,113426,101768,91739,82310,74930,68098,63713,59871,56647,55266,55506,58614,66276,80583,103227,125695,128178,78345
3,14,52,137,253,477,836,1416,2271,3459,5094,7338,10065,13789,18377,24555,31738,39815,50208,62005,75212,90363,106763,125434,145062,165976,187699,210561,233500,256568,277674,297981,316755,334429,348320,360589,741122,373469,371548,365846,357512,345681,331563,313885,295140,276172,256747,236630,216015,195246,177351,158772,141969,127387,113619,101325,91607,82502,75090,68365,63684,59969,56862,55260,55757,58596,66368,80829,102966,126055,128661,79050
3,14,60,128,250,489,820,1414,2268,3492,5072,7269,10085,13854,18450,24414,31453,40107,49927,61872,75281,90032,107185,124889,145054,165492,188737,209889,233262,256079,277527,298716,316201,334084,348006,360219,741035,372990,372176,365823,356948,345646,330614,314495,295601,276663,256228,236443,216152,195652,176624,159368,142171,127236,113872,101134,91671,82628,75163,68599,63872,59998,57058,55529,55744,58704,66372,81057,102906,126199,129210,79733
3,13,64,124,256,480,805,1402,2238,3598,5010,7246,10127,13868,18314,24459,31282,40021,49710,62005,75077,90259,106998,124977,144436,165856,187954,210224,232971,256042,277423,298091,316495,333523,347755,360202,740846,373674,371161,366251,356988,344696,331264,315091,295113,276123,257015,236359,215625,195896,176898,159285,142129,127292,113819,101833,91207,82954,75181,68599,64033,60267,57048,55867,55778,58692,66383,81270,102941,126338,129814,80370
2,14,59,132,257,460,839,1382,2237,3520,5112,7189,10102,13708,18481,24146,31478,39727,49963,61787,75135,90234,107020,124300,144603,165646,187914,210048,232530,255689,277617,297608,316595,333109,348320,359656,741061,373716,370526,366897,356795,345049,331244,313933,295576,276184,256888,236489,215539,195999,176866,159384,142409,127206,113740,102050,91439,82760,75172,68717,64222,60338,57061,56215,55712,58896,66463,81336,103006,126514,130463,80924
2,15,57,130,252,482,837,1357,2217,3458,5133,7121,10215,13630,18397,24211,31346,39880,49779,61783,75022,90149,106882,124132,144375,166278,187342,209657,232554,254740,277760,298304,316388,333000,348515,359420,740320,373298,371838,365056,356998,345565,329767,315283,295945,276546,255547,236715,216338,195817,176606,159448,142216,127591,114077,101533,91706,82768,75270,68955,64376,60354,57389,56306,55680,59066,66490,81237,103106,126822,130928,81631
2,16,54,124,258,468,871,1337,2269,3461,4993,7306,9985,13649,18365,24173,31248,40001,49913,61399,75031,90249,106233,124694,143706,165916,187864,209240,232080,255804,276410,298092,316086,334014,347499,359427,739723,374473,370748,365372,357211,345570,329420,314494,296505,276884,256101,236301,215382,196482,176893,158843,143009,127588,113531,102032,91673,82894,75332,69060,64234,60789,57485,56411,55716,59024,66721,81294,103309,127028,131418,82221
1,16,55,125,258,469,889,1326,2241,3483,4988,7319,9997,13452,18516,24166,31168,39895,49828,61413,74599,90229,106828,123704,144413,165537,187210,209298,232255,254508,277038,297777,316560,332950,347409,359932,739892,373854,371370,365059,356380,345674,330453,314186,296355,277192,255453,236403,215113,197013,176909,158704,142980,127717,113807,101882,91602,83304,75239,68861,64593,60700,57761,56434,55864,59163,66881,81434,103309,127277,131979,82759
2,15,53,135,242,461,909,1318,2204,3528,4949,7254,10062,13571,18360,23973,31473,39525,49910,61148,74911,89682,106673,124186,143958,165774,186966,209244,231411,254694,276125,298578,315882,333170,347570,359363,739730,373475,371654,365236,356453,345383,330815,313916,296626,276587,256199,235629,215508,196394,177208,159403,142649,127552,114259,101978,91621,83080,75503,69143,64382,60840,57909,56446,56119,59313,66949,81381,103308,127581,132448,83452
3,15,50,141,232,454,909,1342,2221,3461,4966,7261,10026,13456,18530,24090,31217,39840,49506,61441,74118,89971,106587,124068,144158,164973,187196,208870,231494,254605,276404,297256,316842,332312,347245,359480,739675,372748,371690,364999,357609,344372,331541,313688,295724,277076,256187,235787,215528,196468,177186,159499,143121,127577,113934,102060,92041,82969,75333,69550,64532,60953,57667,56733,56339,59373,67163,81324,103474,127754,132969,84025
3,17,47,141,236,457,875,1374,2228,3453,4964,7134,9998,13630,18517,23926,31244,39715,49482,61454,74149,89561,106205,124341,143621,165130,186755,209498,230895,254299,276705,297154,316340,332339,347406,359380,739695,372490,370967,365307,357071,345568,329839,314569,295440,277055,256355,236189,215066,196808,177212,159620,143014,127477,114216,102282,91843,83073,75425,69526,64916,60877,57966,56391,56723,59685,67189,81280,103599,127785,133543,84674
2,18,48,141,243,465,852,1342,2239,3458,4961,7132,9909,13777,18305,23922,31260,39635,49618,61051,74352,89068,106496,123896,143666,164654,186894,208696,231663,254269,275814,297163,315853,333164,347022,359489,738398,373519,370104,365802,357085,345286,329832,314635,295460,277057,255870,236509,215432,196667,176664,160155,143539,127268,114266,102302,91897,83318,75189,69923,64801,61062,58089,56529,56758,59721,67259,81387,103475,128174,134191,85248
2,17,51,137,233,456,859,1385,2214,3424,4919,7226,9919,13687,18331,23800,31148,39770,49280,60966,74460,89414,105886,123743,143495,164710,186784,208432,231278,254905,275660,297110,315474,332815,347378,358370,739288,371628,371730,365758,356363,345003,330886,314006,295543,276148,256909,236264,215267,196636,177090,160035,143544,127378,114195,102477,92036,83332,75292,69857,64961,61129,58229,56721,56919,59856,67199,81589,103584,128165,134843,85810
2,18,43,137,235,454,867,1364,2236,3420,4976,7101,10015,13582,18268,23831,31102,39706,49240,60911,74391,89272,105774,124063,143104,164797,186297,208405,231205,254285,275881,297165,315587,331978,346688,359564,737935,372773,370775,365231,356834,345445,330250,313376,295799,277273,256640,235599,216215,195972,177528,159862,143622,127838,113979,102297,92402,83273,75528,69754,65091,61055,58545,56918,56918,59936,67492,81306,103810,128506,135298,86369
2,17,48,131,236,457,860,1370,2245,3429,4917,7183,9840,13681,18290,23719,31052,39810,48837,60891,74236,89160,106080,123602,143186,164080,187144,208009,230844,254454,275830,297153,315004,332243,346624,359019,738239,372642,370371,365567,356520,344764,330086,314225,295605,277390,255954,235585,216642,195889,177604,160018,143588,128060,113854,102649,92180,83333,75650,69969,65299,60931,58674,56993,56933,60280,67253,81739,103630,128994,135651,86964
3,16,49,126,231,473,829,1386,2239,3356,4943,7129,9974,13457,18117,24016,31052,39601,48978,60846,74344,88796,105808,123649,142905,163797,186305,208738,231092,254162,275714,296924,314999,332212,346513,357851,738719,372779,369791,366118,356128,344668,329914,314821,295520,276788,256541,235825,215467,196218,177963,160297,143305,128158,114074,103097,91994,83300,75725,69925,65285,61256,58711,57097,57202,60273,67570,81559,103797,129269,136088,87536
3,15,52,114,247,469,825,1415,2212,3322,4969,7039,9975,13518,18297,23696,30885,39572,49239,60697,74277,88520,105733,123194,143099,163507,186672,208048,231138,254114,275691,296583,314456,332462,346251,358123,738461,372666,370024,365080,357077,344235,329922,314386,296482,276353,256594,235765,215130,196344,178538,159873,143797,127749,114513,102659,92482,83231,76005,69864,65152,61649,58803,57092,57173,60474,67811,81521,103872,129474,136704,88024
3,15,46,120,250,471,844,1397,2164,3346,4880,7141,9893,13554,18239,23679,31009,39272,49408,60630,74116,88347,105033,123697,142841,163969,185890,208264,230984,254091,275643,295611,314663,332652,346289,357200,739362,372045,369962,364953,356740,344674,329633,314418,296011,276410,256297,236249,215757,196029,178498,160153,143561,127962,114494,102732,92315,83509,76064,69926,65303,61783,58829,57135,57632,60365,67791,81813,103767,129779,137162,88644
3,12,45,129,255,457,841,1413,2144,3303,5015,7029,9917,13472,18199,23776,30899,39134,49376,60669,74069,88323,105068,123454,142455,163962,185986,208212,230725,253587,275881,295354,314834,331923,346770,356784,738475,373020,369743,365345,355579,344680,330264,314094,295908,276351,256670,236094,215411,196213,178312,160331,143691,128045,114796,102624,92524,83359,76132,70310,65095,62050,58758,57378,57659,60519,67829,81889,103877,129968,137615,89325
4,10,45,133,256,464,842,1393,2151,3341,4915,7094,9892,13480,17843,23985,31045,39195,49102,60610,73820,87999,105390,123595,142241,163464,185989,207945,231012,253190,275688,295260,314915,332920,345362,356705,738374,372162,370325,364310,356727,344671,329448,315075,295458,276120,256710,236052,215556,196415,178184,160448,143889,128161,114523,102822,92692,83178,76250,70490,65365,61732,59085,57420,57908,60521,67855,82020,104091,129916,138228,89932
4,8,47,133,246,476,841,1361,2161,3332,4973,7081,9869,13399,17949,23930,30920,38927,48963,60623,73899,88397,104912,123029,142576,163498,185320,208503,230587,253390,275432,294808,314539,332135,346217,356601,737736,371964,370276,365200,356342,344185,329940,314285,295777,276486,256079,236521,215511,196572,178005,160629,143993,128166,114637,103016,92480,83410,76372,70328,65857,61762,59221,57429,57923,60744,67835,82088,104268,129996,138756,90533
3,11,48,126,251,489,815,1362,2193,3316,4956,7104,9746,13461,17897,23804,31026,38956,48666,60675,73779,88448,104804,122847,142505,164014,184461,208032,230958,252696,274903,295938,314119,332000,345829,357339,736779,371519,370112,366028,356060,344297,329625,313724,295840,276439,257107,235703,215823,196290,178244,160434,144179,128189,115140,102786,92488,83743,76470,70151,65965,61834,59349,57523,58242,60657,68102,81903,104349,130366,139243,91128
4,9,51,130,249,480,822,1332,2211,3323,4900,7097,9739,13478,18043,23360,30991,39110,48817,60272,74041,87825,104920,122673,143056,163241,185037,207629,230459,253047,274868,295141,314397,332059,345356,357172,736406,371725,370262,365185,356677,343976,329481,313928,295571,276562,256895,235988,215736,196062,178129,160727,144386,128378,115246,102956,92491,83733,76536,70403,65995,61828,59304,57999,58062,60804,68277,81827,104561,130571,139685,91717
4,11,47,132,249,463,846,1346,2138,3348,4894,7017,9930,13382,17818,23576,30796,39126,48606,60543,73700,88183,104731,122757,142258,163243,184954,207213,230813,252899,274349,295161,314585,331670,345643,357089,735545,371996,369210,365432,356580,343559,330292,313629,296209,276690,256534,236086,215897,196227,177962,160508,144077,129046,114933,103425,92527,83799,76549,70706,65695,61780,59786,57922,58175,61021,68134,82079,104577,130806,140194,92301
3,13,44,130,236,456,865,1342,2144,3333,4990,7012,9809,13442,17919,23538,30733,38989,48896,59836,73860,87728,105004,122430,142167,163185,185222,207191,230564,252826,274400,294752,315017,330502,345428,358093,735006,370962,369800,364611,357031,343814,329308,313989,296684,276881,256291,236297,215673,196233,178240,160633,143602,129194,115244,103226,92773,83672,76714,70981,65489,61911,59951,58099,58263,61232,67956,82202,104731,130988,140809,92819
3,14,40,129,243,451,834,1372,2152,3328,4941,7012,9802,13493,17786,23519,30727,38904,48733,59994,73590,88260,104742,122249,141674,163115,185230,206677,230969,252700,273846,294815,314624,330296,346893,356408,735508,370881,368989,365099,356548,343627,329237,314726,296237,276632,256250,236428,216064,196105,178420,160061,144478,129143,115136,103626,92320,84246,76917,70272,65998,62064,59769,58218,58466,61388,67958,82280,104751,131136,141430,93435
2,13,43,122,248,454,820,1393,2185,3329,4874,6853,9825,13503,17825,23639,30533,38850,48622,60174,73343,88027,104665,122072,141321,163634,184237,207361,231064,252016,273058,295169,314817,331321,345390,356772,734346,371271,369817,364580,356186,343810,329059,314367,296158,277296,256312,235694,216468,197022,177880,160261,144229,129227,115261,103524,92501,84281,76606,70956,65772,62264,59801,58351,58632,61610,67789,82261,104853,131511,141900,93978
2,13,46,120,256,432,836,1381,2201,3295,4903,6905,9682,13359,17828,23717,30495,38821,48625,59892,73153,87949,104602,122309,141307,162601,185263,206614,230770,251883,273963,293722,314812,332073,345188,356828,733587,372081,369564,364349,355653,343756,329323,313315,296899,276956,256245,236420,216352,196576,178923,159499,143993,129454,115595,103609,92778,84074,76620,70954,66283,62259,59714,58359,58935,61693,67956,82323,104776,131749,142406,94534
2,12,43,124,262,434,812,1346,2227,3288,4926,6943,9640,13244,17920,23523,30558,38715,48632,59856,73303,87870,104233,122124,141795,162361,184585,207160,230437,252130,272868,294546,314019,331381,345300,356277,734361,371661,369510,364670,354823,343997,328667,314833,296048,276514,256318,237194,216014,196880,178239,160203,144034,129419,115901,103354,92859,84347,76726,70892,66527,62407,59597,58446,59120,61629,68095,82454,104848,131724,143002,95199
2,12,41,122,267,432,811,1371,2165,3294,4865,6943,9758,13250,17752,23488,30513,38883,48548,59909,72882,87890,104169,122278,141207,162323,184387,207537,229340,252776,273274,294397,313279,331704,344569,356314,733654,371871,369344,364760,354654,344280,328667,314837,295815,277418,255523,236918,215878,197322,178267,160468,144001,129347,115870,103410,93009,84360,76822,71110,66661,62468,59706,58465,59313,61617,68248,82392,105101,131678,143636,95766
1,12,41,119,267,442,806,1372,2138,3339,4860,6894,9718,13136,17808,23431,30399,39064,48283,60167,72723,87602,104144,121910,141368,162446,184466,206820,229291,252534,273691,293797,313665,330390,345287,355903,733466,371182,369865,364018,356263,343185,328960,314494,296284,276325,256806,236585,215971,197458,178316,160572,143894,129463,115702,103541,93127,84205,77052,71317,66688,62651,59774,58571,59267,61539,68569,82317,105284,131931,144088,96344
1,11,42,121,262,425,798,1378,2179,3271,4796,6950,9667,13116,17795,23437,30278,38940,48351,59931,72604,87881,104022,121806,141085,162781,184332,206226,229791,251856,274490,293383,312897,330343,345492,355967,733163,370539,369917,364005,355843,343399,328999,313979,296306,276379,256908,236781,216569,196757,178681,160555,144047,129128,115804,104009,92856,84571,77229,71394,66602,62582,60006,58648,59225,61772,68755,82369,105236,132303,144482,96905
1,9,42,117,259,460,769,1379,2127,3295,4838,6954,9634,13079,17940,23316,30206,38876,48359,59730,72626,87960,103728,121477,141190,162693,184029,206550,229471,252447,273040,293786,312352,330194,345575,355936,732194,371452,369543,364213,355079,343329,329399,314147,295913,276880,257190,236609,216708,196580,178176,161118,143986,129048,115828,103997,93261,84521,77397,71569,66624,62626,60255,58611,59177,62008,68843,82404,105485,132451,144799,97544
1,9,39,114,258,444,796,1373,2134,3278,4870,6943,9566,13103,17776,23257,30404,38412,48673,59676,73068,87002,104077,121364,141425,162673,183137,206979,229105,252038,272986,293625,312581,329756,345499,355778,731855,371363,369677,363626,355632,343186,329694,313682,295944,277154,256531,236938,216830,196469,178570,161447,143761,128593,116276,103981,93278,84844,77438,71668,66660,62799,60138,58856,59184,62212,68845,82346,105610,132745,145065,98292
1,9,32,115,249,465,819,1358,2180,3195,4874,6877,9590,13089,17648,23281,30431,38525,48455,59824,72822,87343,103408,121834,140726,162238,183269,206877,228969,251343,273508,293762,312298,330199,344651,355765,731830,372015,368365,364151,354908,344202,329306,313041,296823,276269,257495,236125,217160,196820,177880,161275,144054,129170,115750,104565,93411,84754,77846,71474,66610,62933,60275,59001,59314,62319,68680,82420,105797,132959,145629,98753
1,9,30,114,247,466,811,1362,2135,3226,4838,6806,9703,13060,17642,23330,30287,38539,48478,59628,72606,87174,103840,121425,140753,161810,184130,205835,228918,251868,272834,293449,312859,329188,344316,356497,731408,370564,369076,363956,356107,343122,329860,313071,296139,276688,257524,236087,217066,196887,178407,160794,143954,129435,115862,104739,93213,84906,77760,71671,66981,62958,60249,58975,59657,62377,68835,82240,105969,133267,146022,99368
0,8,32,113,247,462,829,1383,2074,3220,4802,6782,9743,13084,17541,23221,30227,38499,48247,59885,72495,87360,103458,121119,141255,160984,183693,206806,228455,251411,273184,292608,313053,329407,343548,356674,731907,370111,368476,364428,355564,343722,329321,313633,295806,276656,256664,236655,217481,196648,178401,160184,145047,129532,116049,104201,93616,84759,77840,71809,67250,62825,60296,59168,59681,62648,68793,82415,105912,133557,146498,99946
0,8,35,114,239,457,855,1358,2088,3254,4693,6827,9718,13124,17544,23137,30394,38186,48050,59893,72384,87454,103559,120981,140447,161505,184068,205810,228651,250988,273539,293031,312287,328734,343993,355635,732814,369888,368524,364204,354938,343722,329872,313603,294847,277261,257312,236505,216609,197051,178502,160752,145166,129429,115510,104301,93631,85065,77931,71854,67214,63106,60539,59274,59692,62677,68706,82726,105958,133681,147005,100499
0,9,35,120,230,469,827,1367,2089,3233,4683,6850,9644,13140,17563,23196,30272,38265,48044,59209,72704,87451,103191,121003,140714,160657,183906,205951,228887,251530,272286,293071,312160,329100,343774,355487,732209,370009,368501,364515,354946,343038,329991,312968,295658,277263,256982,236763,216476,197118,178481,160825,145304,129105,115909,104427,93386,85575,77729,72113,67116,63343,60766,59240,59952,62437,68911,82767,106130,133785,147410,101143
0,7,32,124,235,488,787,1359,2130,3251,4671,6767,9574,13305,17374,23304,30154,38249,47839,59150,72987,86939,103055,121470,140082,161718,183273,205653,228601,250632,272973,292891,312277,328602,343622,355251,732066,370162,368918,363667,354575,343331,330054,313138,295245,277060,257840,235716,217296,197402,178386,160585,144788,129676,116583,104179,93237,85776,77669,72130,67502,63101,61169,59391,59757,62544,69034,82886,106112,133970,147898,101739
0,8,32,120,240,493,785,1354,2115,3230,4696,6675,9616,13242,17414,23264,30046,38383,47565,59210,72536,87377,103292,120418,140553,161816,182893,205468,228546,251075,271667,293245,312088,328992,342869,355209,732911,369271,368940,363096,354661,343748,329280,313477,295573,276930,257428,236141,217142,197554,178460,161124,144141,129693,116693,104437,93339,85804,77653,72185,67503,63335,61085,59801,59644,62802,69077,82952,106143,134366,148201,102286
0,7,36,116,241,502,765,1335,2141,3257,4630,6746,9577,13173,17466,23179,29937,38232,47768,59287,72309,87053,103133,120899,140057,161119,183424,205384,228586,250358,272205,292862,311861,328260,343651,355015,731718,370399,368150,362701,354863,343910,329311,313556,295595,276458,257841,236841,216567,197572,178639,160720,144732,129382,116570,104853,93907,85456,77902,71954,67617,63607,61164,59897,59643,62778,69234,82996,106193,134632,148556,102923
0,6,40,113,241,498,771,1323,2148,3210,4606,6811,9523,13131,17474,23095,30054,38090,47654,59459,72245,86701,103445,120422,140011,161424,182990,205220,228169,250221,272165,292534,311515,328268,344464,354496,731727,369604,368487,362862,354825,342951,330131,313341,295788,276485,257694,237050,216003,197694,178864,160960,144419,129873,116713,104545,94537,85005,78330,71790,67744,63596,61149,60163,59750,62880,69350,82853,106275,134952,149038,103443
0,6,39,113,252,476,795,1291,2193,3130,4635,6755,9450,13092,17569,23079,29885,38008,48131,59021,72016,87031,102739,120388,139856,161695,182600,205365,228281,249584,272274,293176,311107,328370,343654,353935,732218,369110,369235,361884,354659,343198,330017,313829,295681,276252,257624,236930,216582,197550,178897,161051,144472,129658,116771,104791,94284,85569,77984,72013,67745,63630,61315,60429,59770,62750,69767,82671,106459,135094,149560,103968
1,5,40,115,237,503,785,1318,2123,3158,4702,6773,9388,12989,17477,23160,29787,38103,47853,59244,71795,86570,102946,120255,139949,161422,182665,205540,227543,250085,272308,292188,310835,329025,343690,354043,731024,369530,368365,362792,354058,344023,329576,313286,295420,276884,256937,237509,216533,197423,179386,160476,144751,130237,116648,104513,94422,85992,77977,72014,67627,63860,61277,60440,60016,62947,69639,82808,106424,135485,149914,104575
1,5,44,109,245,474,802,1317,2092,3135,4717,6816,9356,12972,17323,23092,30003,38000,47847,59379,71282,86597,102507,120816,139847,160942,182104,205324,227587,250802,272234,291411,311263,329043,342662,354348,730596,370099,367733,362370,355146,343038,330300,313183,295368,276073,257908,236300,217299,197938,178489,160836,144870,130535,116661,104368,94843,85709,78173,72197,67629,63888,61739,60174,60100,63171,69673,83014,106258,135807,150353,105072
2,4,41,110,240,479,808,1295,2107,3154,4673,6750,9441,12910,17407,22927,29993,37852,47889,59254,71424,86382,102637,120320,139918,161069,181497,204679,228246,250785,271904,291887,310390,329317,342847,353764,729821,370880,367146,363236,354134,343249,329950,312999,295655,277058,257103,236198,217942,197406,178539,160783,145303,130431,116542,104672,95157,85586,78129,72355,67776,63856,61836,60286,60187,63280,69635,82995,106436,136081,150843,105521
2,5,39,108,234,475,823,1304,2031,3219,4609,6822,9311,12970,17408,22775,30007,37750,47938,58978,71586,86341,102402,120802,139358,160553,182444,204017,227685,250527,272435,291438,311241,328176,342684,354377,729856,369717,367975,362193,354305,343543,329678,312710,296437,276812,256718,236528,217350,197930,178760,160834,145370,130108,116576,105299,94752,85841,78150,72530,67923,63742,61762,60646,60074,63428,69856,82954,106453,136428,151034,106262
2,5,39,112,229,469,816,1311,2052,3179,4647,6753,9248,13019,17378,22709,29679,38033,47941,59087,71355,86340,102269,120385,139647,160487,181677,204307,227039,251119,272041,291481,310691,327764,342865,354088,730432,370031,366894,362419,354477,343128,329371,313801,295652,276916,256853,236976,217001,197995,178836,160579,145545,130167,116549,105282,94903,85812,78467,72686,67696,64160,61846,60628,60169,63423,69888,83183,106664,136416,151644,106656
2,5,40,109,228,466,814,1307,2076,3175,4620,6748,9402,12811,17335,22591,29700,37957,48021,59016,71368,86409,101845,120232,139822,160067,181618,204829,226441,250805,271327,292244,309900,328972,341658,352907,731662,369725,365978,363669,353936,342739,329767,313500,295570,277512,257110,236227,217217,198126,178403,161659,145031,130159,116859,105493,94665,85756,78453,72999,67863,64200,62142,60464,60336,63466,70125,83269,106728,136431,152113,107189
2,5,41,98,239,475,774,1337,2044,3198,4604,6677,9463,12835,17068,22798,29562,38063,47728,59076,71491,85820,102244,120174,139567,160239,181826,204169,226787,250151,271643,291102,310491,328051,342541,353005,730705,368931,367438,363213,354036,342611,330103,312373,296039,276933,257467,237125,216972,197450,178968,160939,145837,130177,116792,105661,94563,85973,78373,72952,68239,64198,62040,60759,60466,63497,70021,83470,106829,136701,152503,107666
2,4,39,95,226,480,812,1342,2007,3201,4581,6731,9407,12737,17210,22802,29622,37837,47852,58798,71573,85815,101982,119620,140104,160125,181372,204569,226169,249928,271632,291449,310326,327903,342086,353311,730883,368458,367174,361923,355096,342273,329292,313453,295970,277219,256362,237975,217000,197586,178386,161313,145899,130100,117185,105859,94369,86182,78656,72659,68330,64280,62195,60735,60936,63248,70134,83853,106656,136976,152930,108114
2,4,39,96,226,472,809,1381,2018,3101,4614,6648,9531,12650,17254,22788,29629,37725,47586,58772,71817,85501,101744,120110,139262,160179,181948,204165,226696,249168,271206,291765,309667,328826,341714,352722,730182,369519,366504,362371,353989,342744,329716,313077,295440,277344,256887,237488,217105,197704,178433,161346,145618,130714,117459,105209,94674,86354,78663,72859,68299,64291,62360,60539,61244,63452,70112,83876,106822,137210,153355,108614
2,5,38,93,229,461,814,1371,1985,3153,4568,6630,9421,12847,17052,23005,29412,37675,47515,58908,71581,85657,101455,119818,139504,160187,181862,203630,226921,249313,271020,291012,309921,327537,342463,353371,729455,368964,366872,361488,354557,343512,329156,312600,295506,276926,257374,237894,216397,197890,178879,161701,145105,131091,117463,105266,94909,86461,78503,72924,68431,64361,62557,60707,61130,63652,70012,84058,106983,137192,153879,109117
2,6,36,103,211,471,813,1356,2009,3103,4618,6573,9247,12992,16996,22824,29476,37646,47561,58706,71414,85701,101899,118983,139461,160209,181966,203701,226434,249121,270888,290490,310726,327345,341752,354051,728657,368420,367180,361933,353546,343855,329529,313137,294864,276815,257480,237299,217456,197493,179110,161548,145036,131513,117243,105418,95151,86278,78820,72732,68326,64786,62380,61007,61108,63812,69995,84229,107184,137245,154498,109435
2,6,36,110,191,489,788,1355,1959,3145,4670,6498,9265,12993,16961,22769,29544,37660,47321,58714,71232,85769,101440,119552,139470,159806,181686,203437,226258,249114,270148,291368,310580,326813,342225,353139,728526,369174,366942,360949,354366,342909,329807,312628,295621,276537,257943,236592,217738,197902,179424,161352,145550,130814,117408,105434,95114,86644,78953,72655,68412,64786,62715,60921,61206,63838,70120,84446,107180,137479,154805,110005
2,7,40,97,182,492,797,1301,1969,3162,4637,6533,9314,12818,17002,22781,29686,37507,47300,58433,71648,85715,101172,118750,139228,160270,181412,203398,226178,248570,270817,291828,309781,326146,342888,353067,728579,368890,366660,361063,354089,341906,330275,313058,295110,277230,257056,237751,217138,197556,180217,160999,145910,130647,117079,105488,95914,86427,78931,72977,68444,64774,62583,60987,61325,64212,70002,84404,107536,137598,155215,110450
2,9,38,95,187,472,821,1277,1984,3122,4628,6705,9126,12727,17126,22727,29450,37630,47177,58587,71282,85537,101606,118665,139169,159867,181194,203634,225918,248378,271162,290919,309390,326768,341534,353574,728655,368843,366480,361448,353856,341871,329702,313133,296067,276326,257063,238133,217436,197514,179362,161838,145910,130671,117221,105609,95624,86495,79125,73128,68539,64747,62740,61240,61362,64157,70360,84431,107501,137871,155537,110926
3,9,40,93,180,478,842,1245,1981,3110,4610,6605,9252,12681,17133,22647,29465,37710,47155,58699,71012,85327,101299,119202,138741,159820,181537,203096,225784,248983,269785,290656,309572,326234,342201,352768,729149,367707,367229,361603,353730,342280,328748,313576,295605,276866,257415,237492,217208,197670,179988,162236,145658,130108,117347,105744,95955,86348,79069,73629,68465,64956,62694,61334,61579,64130,70412,84538,107599,138014,156031,111341
3,8,34,105,177,475,821,1256,1973,3187,4555,6558,9283,12605,17172,22578,29392,37798,47063,58445,70973,85280,101366,119460,138339,159430,181274,203935,225024,248377,270230,290114,309899,326279,341527,353572,727903,367683,367419,362161,353322,342267,328693,313270,295664,276790,257578,237651,216975,197927,179698,162265,145783,130528,117402,105619,95697,86832,79179,73675,68566,64953,62771,61506,61476,64408,70351,84690,107799,138204,156311,111825
2,9,38,99,177,485,794,1260,1982,3184,4540,6586,9211,12644,17075,22755,29328,37622,47087,58094,70886,85440,101457,118920,138772,159265,180965,203771,225109,247531,270515,290026,310000,326490,341053,353439,728223,367314,367008,362069,353713,341633,328687,313155,295694,277335,257170,237460,217880,197506,179391,162752,145795,130385,117527,105678,95703,86998,79140,74008,68888,64705,62658,61625,61748,64257,70667,84705,107860,138423,156770,112267
2,10,40,93,190,469,773,1276,2022,3140,4589,6466,9288,12648,17128,22738,29237,37368,47098,58041,70987,85207,101132,119319,138505,159653,180657,203210,225561,247541,269231,290898,308891,326833,341527,352439,727815,368303,365354,362817,353477,342402,328940,313201,295444,276496,257100,238101,217392,197913,179816,162541,145245,131387,117411,105506,95726,86933,79410,74120,68909,65001,62336,61986,61843,64298,70946,84484,108124,138641,157109,112674
3,9,39,92,186,468,786,1279,2040,3068,4640,6480,9104,12719,17086,22745,29384,37283,46704,58049,70959,85512,100683,119119,138528,159196,181538,202733,224837,247892,269104,290636,309346,327006,340180,352500,727999,367566,365904,362189,354086,341953,328705,313306,295285,276467,257897,237576,217528,198837,178968,162311,145563,131123,118073,106039,95191,86954,80078,73850,68675,65284,62450,61999,61998,64479,70847,84608,108144,139020,157495,113028
2,11,37,90,195,463,794,1263,1991,3099,4575,6616,9086,12697,16940,22639,29580,37107,46721,57978,71111,85081,100461,119200,138387,159612,181056,203060,224425,247062,269520,290828,309025,325830,340098,352123,728384,368044,365774,361983,354064,342034,328823,312945,295312,276575,257987,237393,217679,198734,179143,162429,145520,131431,118068,106003,95393,87056,80178,73647,68918,65328,62898,61776,61949,64724,71036,84611,108270,139356,157799,113381
2,11,39,84,211,456,776,1255,1979,3084,4637,6515,9164,12692,16992,22449,29559,37280,46607,57636,71088,84926,101062,118590,138498,158870,181282,202407,225088,246640,270100,290405,308535,326050,339794,352530,727520,367724,366454,362033,352678,342686,328011,313428,295211,277305,258081,236894,218109,198502,179685,161902,146183,131113,118074,106451,95015,87190,80231,73874,69170,65065,63329,61413,62172,64980,70976,84855,108345,139557,158014,113885
2,11,36,94,207,455,780,1244,1972,3068,4554,6557,9292,12612,16840,22611,29418,37274,46588,57429,70697,85262,100987,118836,137644,159274,180903,202368,224863,246881,269669,290956,308018,325663,340583,351877,726476,367627,367386,360918,353665,341827,328673,312058,296411,276964,257930,237463,217978,198704,179511,161877,146102,131606,118122,106271,95170,87187,80320,74002,69220,65295,63271,61679,62136,65018,71361,84803,108294,139833,158419,114306
2,13,31,101,201,458,777,1244,1961,3078,4559,6500,9364,12538,16923,22663,29159,37212,46402,57578,70485,85164,101338,118483,137718,158619,181388,202189,225053,246876,269966,290129,307317,326045,340473,351966,726096,367332,366933,361404,353668,342585,327106,313152,295518,277170,257457,237546,218834,197922,179986,162226,146368,131755,117620,106407,95145,87400,80209,74246,69293,65352,63375,61770,62126,65082,71356,84812,108662,139967,158693,114862
2,10,36,100,208,444,785,1269,1918,3095,4491,6538,9251,12521,17059,22404,29390,37111,46445,57530,70204,84913,101402,118548,137647,158967,180473,202357,224525,246932,270167,289147,308067,325667,340431,351724,725992,367393,366456,361846,353559,342091,328216,311834,295759,277430,257687,237372,218122,198862,180008,162165,146638,131124,118346,106108,95371,87603,80316,74377,69116,65502,63391,61886,62351,65300,71090,85016,108770,140155,158959,115419
2,8,40,99,198,449,786,1232,2008,3011,4438,6604,9342,12436,16974,22428,29224,37181,46665,57433,69880,85147,100832,118769,137482,158811,180687,201847,224239,247432,269636,289341,308554,325336,339609,351867,726259,367056,366435,361787,353470,341288,328607,311626,295880,277347,257248,238149,218026,198682,180333,161978,146683,131142,118521,106298,95362,87624,80406,74363,69302,65598,63453,62048,62422,65435,71156,84959,108892,140417,159375,115754
2,10,35,94,200,451,794,1231,1999,3017,4448,6579,9328,12496,16865,22430,29384,37156,46401,57492,69971,84607,100874,118319,137994,158210,180872,201408,224441,247012,269837,289494,307974,325447,339807,351384,726276,366846,366706,361640,352629,342063,328040,311972,295559,277036,257453,238295,217979,198683,180048,162598,146905,131381,118358,106066,95896,87560,80379,74276,69412,65874,63251,62328,62415,65317,71399,85294,108881,140405,160066,116059
2,12,36,83,215,441,787,1229,1993,3018,4423,6618,9236,12578,16950,22188,29494,37270,46391,56996,70098,84554,100595,118867,137373,158004,180593,202290,223425,246770,270149,289046,308219,325299,339217,351892,725327,368293,366156,361197,352869,340945,327985,313072,295372,276147,258132,237904,217985,198853,180668,162497,146959,131620,118135,106019,96035,87670,80125,74882,69220,65956,63280,62453,62481,65322,71794,84988,109184,140761,160372,116399
2,10,38,90,207,430,797,1215,2011,3022,4388,6533,9309,12490,16912,22329,29387,37375,46171,57126,69936,84532,100569,118448,137683,158198,179669,202118,224141,246917,268773,289551,307757,325103,338963,351697,725830,367869,366722,360533,352594,341727,327791,312860,295310,276195,257679,237821,218524,198742,180242,163510,146602,131746,118184,106259,95863,87761,80273,74725,69348,66059,63303,62588,62770,65194,71890,85248,109344,140782,160850,116773
2,9,43,87,222,419,792,1239,1951,3067,4395,6517,9263,12469,16917,22433,29243,36987,46269,57313,69879,84396,100776,117950,137367,158635,179897,201438,224725,246201,269147,288040,308545,324536,339315,351663,725143,368577,365293,361369,352431,341056,328807,312355,295287,276281,257732,237797,218966,198085,181237,163143,146566,131817,118363,105974,96148,87898,80311,74697,69244,66280,63329,62577,62968,65481,71828,85410,109470,140983,161230,117128
2,9,43,89,222,411,777,1281,1932,3022,4395,6583,9215,12444,17028,22422,29160,36894,46335,57230,69847,84691,99983,118291,137354,158059,179876,201507,224436,246893,267835,288856,307405,324770,339933,351004,725370,367249,366122,361069,351986,342216,327747,313123,294673,276418,257700,238165,218170,199090,180810,163114,146382,132447,117943,106581,95972,88217,80114,74747,69361,66348,63205,62806,63246,65326,71998,85615,109530,141336,161359,117619
1,10,39,98,217,418,793,1283,1923,2941,4446,6504,9256,12454,16931,22376,29065,36875,46228,57363,69733,84659,100067,117943,137015,158858,179338,201136,223598,247269,268681,287959,306949,325818,339155,350892,724904,366872,366204,361140,352499,341821,327820,312792,295693,276264,257378,237750,218608,198845,180889,163321,146676,132123,118051,106987,96109,87675,80521,74694,69532,66221,63439,62711,63202,65608,71915,85818,109799,141469,161715,118052
1,10,40,95,216,435,768,1302,1870,3023,4434,6443,9190,12547,16761,22452,29120,36724,46301,57323,69813,84304,100300,117627,137351,158075,179700,200613,223929,246333,268589,288580,306807,325558,339162,350512,725010,367078,365798,360842,352505,341154,329179,312220,294714,276988,256535,238940,217967,199390,180943,163396,146658,132157,118309,107090,96388,87431,80508,74803,69719,66098,63696,62654,63226,65758,71775,85967,109863,141746,162191,118404
1,10,40,101,218,430,767,1249,1927,3043,4437,6493,9215,12373,16836,22357,29043,36909,45980,57469,69776,83990,100599,117233,137532,157897,179197,200977,223813,246479,268504,287907,307514,324678,339685,350497,723815,366818,366353,360131,353056,341001,328379,312764,294810,276610,257285,237848,218730,199420,181306,163005,146703,132294,118678,106836,96710,87601,80493,74643,69815,66168,63875,62735,63135,66001,71857,86125,109949,141893,162533,118857
1,11,42,98,205,457,734,1236,1958,3053,4440,6464,9106,12389,16974,22129,29108,36824,46256,57062,69802,84302,99897,117585,137388,158114,178472,201241,223670,246699,267324,288171,307074,324977,339825,350308,724432,365893,365838,360408,352480,340795,328444,312587,294927,277118,257436,238097,218599,199517,180939,162971,146915,132459,119087,106953,96883,87512,80507,74708,69608,66250,63983,62868,63093,66008,72102,86336,110070,142068,162880,119241
1,11,39,99,198,471,713,1248,1990,3058,4392,6399,9104,12614,16841,22081,28928,36988,46050,56821,69843,84378,99608,117752,137118,157606,178803,201343,223943,245379,268354,287250,307557,324661,339193,350415,723489,367433,364945,360039,352224,341241,328424,313197,295314,275973,257733,238447,218945,199158,180786,163382,146742,132236,119270,107224,96953,87453,80575,74678,69753,66587,63838,62790,63258,65923,72303,86413,110205,142316,163290,119622
0,13,39,98,201,457,710,1286,1915,3072,4409,6400,9016,12579,16763,22285,28964,36566,46223,57032,69824,83720,100040,117488,136959,157554,178616,201360,223729,245810,267280,287793,307603,324839,337925,350299,723494,366936,365924,359194,352873,340767,328201,312711,295667,276822,256666,239319,218618,199334,181006,163110,147105,132591,119095,107482,96494,87804,80476,74887,69958,66754,63630,62795,63425,66181,72280,86362,110291,142677,163558,120054
0,10,39,102,203,460,699,1266,1969,3071,4364,6314,9086,12445,16870,22269,28911,36613,46005,56941,69719,83829,99759,117756,136669,157601,178061,201595,223740,245838,266719,287972,307326,324225,338335,350251,723497,366770,364368,361363,351839,340466,328566,312475,295935,276771,257551,237933,219048,199508,180769,163327,147237,133049,119232,106814,96636,87893,80805,74850,70224,66607,63686,63124,63428,66153,72339,86514,110266,142829,164044,120460
0,8,44,100,208,448,738,1214,1975,3008,4406,6343,9029,12361,16985,22079,28877,36665,45922,57029,69624,83992,99547,117481,136613,157151,178477,201103,223895,245776,266566,288130,306684,323574,339646,349187,723495,366708,364447,360787,351909,341083,328058,312721,295845,277352,257585,237388,218938,199352,181405,163183,147611,132817,118826,107125,96829,88264,80803,74914,69970,66693,63905,63142,63347,66245,72367,86579,110594,142911,164454,120871
0,8,42,104,218,439,725,1211,1965,3059,4379,6339,8991,12307,16900,22247,28496,36811,45983,57101,69685,83646,100169,117008,136283,156652,178597,200940,223518,245702,267216,287074,307032,323255,339310,349766,722864,366829,364917,359908,352453,341617,327141,312515,295563,277272,257954,237488,218721,199663,181473,163519,147844,132006,119149,107655,96968,88157,80650,74797,70295,66767,64129,63092,63281,66573,72432,86700,110733,142976,164855,121274
1,8,45,110,213,426,731,1200,1956,3016,4435,6241,9129,12255,16902,22264,28503,36568,45790,57113,69731,83807,99879,116849,136289,156296,178822,200714,223414,245971,266505,287286,306979,323243,338595,350369,722788,365798,364871,360091,353048,341214,326960,312464,295923,276716,257813,238116,218609,199756,181551,163397,147550,132587,119113,107789,97033,88173,80880,74830,70092,66790,64422,63114,63693,66218,72719,86752,110931,143063,165268,121621
1,9,43,105,218,431,722,1210,1986,2979,4393,6293,9040,12345,16793,22051,28867,36320,45875,56938,69740,83555,99771,116874,136308,156395,178286,200774,223376,244979,267346,287396,306200,323334,338578,349917,723295,365359,364463,360541,352654,341186,327714,312592,295348,276482,257788,238339,218870,199303,181561,163598,147699,132795,119154,107745,96915,88504,80777,74906,70120,67037,64486,62941,63819,66483,72594,86843,111149,143172,165661,122067
2,9,37,111,219,429,703,1226,2000,2932,4390,6200,9138,12345,16731,22095,28690,36627,45583,57182,69234,83627,99239,117071,136332,156226,178301,200815,223084,244843,267176,287223,306178,323397,338124,349984,723097,365246,364751,360171,352601,341236,327687,312773,295128,276298,257878,238854,218436,199466,181551,164015,147278,133223,119265,107694,96933,88246,80783,75356,70177,66912,64530,63050,64151,66530,72666,86806,111261,143363,166165,122328
2,10,35,121,229,392,691,1228,1994,2936,4411,6284,9067,12263,16761,22013,28503,36788,45801,56752,69276,83741,99180,116869,136226,156257,177681,200740,223849,244062,267292,287051,306069,322802,337907,350361,722282,365451,364769,360169,352999,340870,327468,312658,294820,277114,258074,238334,218564,199675,181514,163821,147915,133005,119445,107643,97025,88447,80634,75370,70241,67056,64569,63352,64173,66449,72984,86745,111478,143422,166411,122818
2,10,36,119,233,405,679,1226,1951,2969,4406,6326,8907,12258,16749,22060,28584,36548,45648,56681,69583,83506,99387,116638,135632,156646,177710,200528,222818,245162,266344,287579,304897,323221,338877,349592,721785,365227,364924,360316,352347,341331,327537,312375,294292,277623,258160,238829,218127,199654,181748,163460,148562,132423,120000,107675,97085,88556,80883,75221,70399,66931,64749,63449,64246,66599,73177,86605,111653,143592,166834,123117
2,9,39,119,225,429,669,1242,1933,2906,4423,6404,8844,12359,16620,22089,28659,36299,45541,56823,69110,83958,99027,116912,135726,156708,177229,200700,222164,245541,265881,286764,305559,322925,338413,349865,721059,366308,364060,360290,351978,341373,328337,311468,294781,276795,258768,238663,218863,199650,181292,163459,148425,133266,119449,107887,97386,88136,81260,75222,70474,67298,64662,63449,64350,66870,72962,86882,111706,143723,167117,123624
3,8,45,114,219,440,657,1224,1947,2854,4466,6422,8822,12320,16453,22094,28652,36331,45731,56493,69356,83906,99050,116435,135869,156452,177138,200803,222149,244699,266082,286465,305612,323213,338722,348928,720833,365824,364970,359472,352221,341667,327919,311963,294346,277605,257130,239623,218585,200012,181103,163718,148090,133310,120043,107544,97650,88409,81464,75040,70511,67152,64865,63753,64125,67045,73094,87056,111763,143827,167467,124035
3,8,48,108,225,432,643,1205,1928,2957,4439,6357,8847,12308,16608,22003,28438,36436,45633,56613,69213,83443,99501,116402,135239,156304,178036,199445,222373,244512,266242,286940,305120,323137,338274,349090,720081,367052,363674,359772,352348,340551,328756,311140,295637,276635,257966,238901,218944,200112,180724,163953,148421,133292,120261,107585,97506,88793,81391,75124,70636,67041,65178,63783,64259,66848,73502,86905,111728,144219,167738,124442
3,8,45,107,226,419,675,1165,1899,3001,4409,6320,8903,12164,16607,22095,28340,36408,45682,56533,69062,83554,99207,116798,135115,155621,177211,201342,221134,244286,266670,286660,304793,324049,336553,349104,720472,366749,363969,359206,351691,341444,328275,311918,295087,277037,257726,238476,219428,199465,181330,164011,148376,133454,120257,107776,97513,88805,81726,75065,70735,67344,65092,63859,64314,66991,73544,87127,111577,144447,168104,124850
3,9,42,103,231,412,682,1158,1887,3037,4360,6361,8882,12234,16580,21846,28491,36184,45751,56405,69524,82992,99308,116165,135720,155429,177452,200393,221063,244218,266293,286732,305886,322295,337637,348204,721301,365358,364206,359606,351433,341070,329169,312127,295128,275956,258100,238036,219840,199709,181354,164106,148241,133461,120064,108124,97776,88777,81460,75324,71010,67222,65258,64146,64207,67134,73457,87339,111706,144600,168381,125253
3,10,39,114,228,413,673,1159,1881,2963,4448,6325,8841,12241,16424,21928,28486,36212,45782,56537,68909,83375,99189,116230,135703,155212,177692,199252,221562,244026,266114,286582,306011,321928,337384,348108,721093,365528,364036,359248,351878,341351,328657,312076,295174,275547,258191,239098,218513,200592,181097,164467,148261,133335,119755,108742,97615,88970,81335,75553,70797,67746,65187,64169,64352,67167,73616,87565,111580,144855,168674,125604
3,11,36,111,232,412,684,1146,1863,2960,4488,6281,8823,12240,16553,21738,28474,36067,45737,56388,69496,83083,99113,115772,135527,155708,176932,199573,221303,243277,266896,286601,305370,321833,337088,348193,721529,364891,363642,359747,350953,341969,328587,312733,293847,276564,257866,239025,218929,199969,181838,164543,148311,132881,120066,108658,97541,89411,81249,75835,70985,67569,65365,64174,64574,67090,73633,87728,111693,144973,168968,126060
2,13,33,114,234,405,685,1144,1850,2967,4466,6277,8969,12153,16392,21749,28434,36194,45583,56185,69463,83091,99070,115872,135077,156061,176742,199311,220807,243906,266578,286412,305463,321581,336587,348740,720420,365587,363275,359544,351032,341937,328349,312374,294151,276406,257740,239372,218847,200684,181215,164936,148067,133323,120345,108553,97837,89094,81613,75664,71006,67963,65233,64109,65008,66931,73686,87899,111783,145145,169292,126378
2,14,31,104,241,400,677,1188,1832,2940,4367,6422,8893,12122,16406,21875,28260,36194,45298,56221,69325,83099,98868,116239,134814,155630,176786,199295,220705,244176,265520,286468,305738,321214,336241,348671,721068,364907,363882,358933,350922,341836,328056,312769,294813,275776,257809,239425,219344,199907,181481,164905,147889,134208,120179,108216,98135,89108,81883,75905,70959,68046,65165,64290,64833,67346,73806,87824,111707,145684,169394,126722
2,14,29,114,233,386,690,1180,1842,2920,4391,6319,8982,12088,16382,21867,28340,36027,45475,56226,68775,83393,98885,115675,134743,156128,176372,198660,221236,243358,266245,285827,304918,322522,336169,348046,721471,364146,364081,358818,351471,340531,328545,312291,295511,276314,256670,239867,219510,200189,181399,164543,148287,133844,120530,108128,98094,89296,81837,76133,71396,67686,65427,64406,64877,67358,73916,88060,111582,145852,169787,127096
2,14,32,118,221,386,690,1158,1835,2989,4282,6337,8827,12200,16536,21762,28063,36329,45168,56475,68664,83032,99030,115624,135579,155035,176585,198501,221012,243501,265155,286330,305028,321958,336254,348314,720324,364916,363568,359290,350792,340584,328544,312553,294989,276432,257563,239144,219658,199601,181804,164502,148736,133831,120557,108530,97832,89258,82126,75949,71613,67862,65614,64443,64941,67447,74017,88122,111574,146189,169906,127571
3,12,33,107,223,388,703,1120,1902,2905,4340,6251,8816,12259,16483,21771,28157,35993,45359,56214,68786,83047,98482,116361,134961,155315,176306,198256,220967,243042,265442,285684,304910,321301,337307,347867,719940,364952,363829,359057,350386,340906,328448,312388,294817,276688,258126,239006,218470,200487,182087,164452,148714,134528,120177,108523,98032,89653,81905,75838,71632,68075,65687,64578,64877,67623,73950,88482,111465,146288,170297,127972
3,13,30,106,229,392,666,1150,1872,2930,4398,6196,8838,12257,16430,21487,28356,36211,45145,56056,68675,83079,98836,115970,134732,155267,175655,199023,220298,242922,265195,285822,304783,322248,336336,347219,719964,364427,364157,359373,350435,340034,328620,312793,294778,276958,257568,239432,218826,199825,182323,164533,148972,134277,120488,108785,98265,89368,81894,76084,71667,67847,66141,64547,64989,67726,74008,88587,111477,146511,170637,128267
3,12,36,99,221,401,651,1160,1873,2922,4365,6299,8721,12316,16413,21401,28217,36189,45074,56123,68690,82853,98660,116257,134491,154615,176540,198493,220132,243154,264416,285741,305015,321864,337170,346417,719912,364073,364652,358792,350788,339820,328273,313483,294540,276944,257411,238809,219724,199510,182351,164882,148649,134184,120675,109050,98408,89601,81856,76214,71361,68357,65869,64673,65118,67878,73929,88646,111721,146734,170906,128611
3,14,32,103,221,376,677,1154,1892,2859,4386,6299,8862,12076,16404,21563,28064,36194,45103,56111,68536,82684,98894,115590,134665,154641,175930,198532,220719,242820,264808,284467,304912,322325,336719,347596,718153,365379,363044,360104,350386,339651,327756,313756,294714,276626,258090,238547,219902,199377,182416,164231,149081,133842,121358,108979,98719,89666,81944,76280,71177,68407,65925,64790,65296,68174,73790,88660,111892,146873,171206,128986
2,13,32,102,221,388,674,1152,1871,2883,4331,6267,8897,12089,16422,21623,28027,35963,45256,55886,68354,82957,98485,115753,134774,154029,175992,198245,220812,242845,264065,285050,304730,321686,336396,347977,717885,364852,364282,359089,350724,340014,327633,312687,294980,276845,258187,238799,219608,200130,182017,164304,149071,134006,121213,109348,98644,89843,82063,76120,71559,68177,66078,65023,65377,68040,73822,88866,112001,147251,171183,129438
2,13,35,100,217,395,664,1170,1838,2831,4374,6285,8932,11962,16398,21775,27929,35763,45461,55692,68511,82693,98592,115335,134408,154513,175577,198613,220371,242774,263837,285625,304282,321534,336552,347735,717328,364868,363682,359055,351348,340794,326607,311811,295573,277141,258124,238676,219739,200363,181536,164559,149005,134355,121318,109375,99036,89636,82130,76038,71966,67925,66398,65153,65239,68011,74219,88794,112252,147370,171432,129764
2,12,39,98,215,387,671,1182,1813,2861,4352,6181,8996,12072,16259,21777,27940,35759,45235,55834,68451,82725,97980,115702,134362,154130,175562,198359,220361,242115,264335,285676,303666,321050,336994,347996,716887,364641,364413,358664,351614,339772,327471,311769,294761,277307,257935,238943,219694,200391,181539,164980,148700,134847,121250,109416,99324,89574,82217,75949,72103,68123,66228,65282,65342,68069,74432,88929,112297,147763,171591,130042
2,11,38,98,214,389,661,1207,1792,2843,4346,6212,8864,12228,16260,21515,28048,35670,45250,55752,68324,82459,98487,115420,134080,154521,175233,197940,220644,241789,264687,285112,303616,321039,336901,347937,716774,364399,363930,358794,351613,339677,327869,311517,295547,275936,258579,239054,219306,200593,182151,164444,149092,134886,120997,109450,99479,89724,82249,76165,71850,68159,66550,65491,65191,68298,74319,89172,112385,147866,171963,130350
2,13,34,91,231,375,683,1153,1824,2841,4351,6253,8857,12054,16395,21594,27902,35530,45274,55817,67961,82692,98053,115705,134045,153803,175470,197775,220114,242446,264687,284528,303749,321364,336841,346938,717184,364495,363916,358617,351337,339315,327700,311931,294653,277007,258218,238774,219613,201021,181670,165096,148824,134827,121382,109497,99565,89719,82367,76157,71697,68622,66335,65650,65260,68217,74656,89284,112466,148090,172114,130687
2,12,32,99,228,374,682,1133,1874,2831,4304,6264,8842,12099,16353,21537,27702,35751,45256,55647,68314,82005,98654,115076,133848,154061,175576,197852,220199,241763,264333,284250,304250,321413,336002,346880,717628,364231,363276,358936,350563,339864,327666,312182,294677,276552,258490,238737,219489,201126,181617,165316,149258,134452,121644,109542,99261,90067,82925,75960,71416,68873,66557,65401,65495,68406,74842,89201,112850,147957,172399,131054
1,13,30,98,212,402,669,1092,1883,2884,4232,6332,8766,12062,16409,21479,27630,35773,44933,56026,67989,82330,97943,115262,133772,154177,175631,197562,219858,242149,264098,284304,304181,320476,336381,347097,717407,363434,363849,358473,351619,339274,326595,312934,294470,276902,257854,238985,219930,200842,181868,164640,149900,134639,121462,109585,99542,90165,82958,76213,71260,69075,66464,65572,65447,68312,75138,89275,112877,148212,172711,131389
1,10,33,92,210,396,694,1093,1877,2865,4255,6299,8764,12018,16363,21477,27720,35809,44772,55759,68241,82043,97447,115942,133734,153862,175727,197356,219352,242525,263836,284210,303301,321704,335479,347075,717397,363480,363779,358536,350964,340311,326549,311512,294310,277596,257974,239103,219854,200860,181927,165059,149356,134790,121571,109742,99488,90235,83262,76292,71184,69182,66562,65702,65429,68301,75368,89257,113137,148352,172914,131732
1,10,33,95,209,379,693,1102,1881,2852,4293,6287,8667,12046,16314,21287,28101,35464,45034,55537,68009,82129,97558,115350,133504,154321,175257,197725,219668,241740,263949,283641,303888,321301,335649,346381,717106,363609,363288,358275,351061,341324,326007,311186,295259,276686,258282,239052,220146,200907,181995,164583,149681,134849,121843,109837,99358,90532,82938,76716,71373,68788,66898,65512,65849,68449,75430,89119,113348,148475,173260,132032
0,8,35,97,199,388,679,1153,1823,2842,4279,6368,8621,12052,16236,21252,27866,35635,44985,55524,68063,81818,97815,114934,133598,154165,175009,197388,220039,241624,264105,283694,303196,320882,336289,346178,716837,363434,363352,357856,351876,339772,326859,311124,295207,277403,257444,239123,220043,200987,181996,165307,149536,134997,121573,109590,99673,90534,83336,76716,71299,68840,66974,65859,65736,68723,75079,89495,113305,148774,173446,132464
0,9,36,100,191,388,695,1127,1867,2803,4247,6466,8604,12003,16143,21174,28001,35549,44778,55590,67988,81785,97745,114726,133515,153550,175348,197311,220336,242014,262847,284062,303551,320550,335143,347983,716071,363767,362526,358006,351292,340472,326086,311291,295432,277340,257774,238789,219822,200633,182644,165019,149434,135217,121652,109696,100233,90159,83337,76907,71660,69000,66531,66026,65804,68689,75591,89429,113416,148891,173617,132930
1,9,36,94,195,397,716,1106,1854,2799,4268,6395,8645,12071,16075,21230,27796,35577,44612,55614,67908,81943,97274,114734,133510,153805,174836,197388,220384,241333,262660,284657,303226,319940,335520,347480,716982,362646,362275,358652,351031,339798,326491,311459,294747,277365,258377,238899,219879,200911,182587,164755,149940,135055,121873,109370,100205,90654,83172,76866,72183,69116,66404,66042,65950,68721,75523,89557,113663,148995,173862,133315
1,9,38,94,185,411,692,1135,1809,2850,4263,6350,8731,11905,16164,21310,27562,35810,44566,55536,67802,81865,97305,114446,133328,153933,174621,196896,220147,241610,263078,283066,303733,321339,334717,346727,717364,362379,361628,359905,349807,340042,326917,310513,295596,276524,258562,239348,219667,200477,183098,164886,149775,135532,121243,110371,100192,90694,83178,76892,72132,69029,66697,66186,65958,68847,75603,89676,113916,148769,174167,133804
1,10,33,97,210,387,701,1184,1761,2797,4299,6359,8608,11910,16283,21159,27421,35872,44949,55241,67693,81932,97096,114597,133260,153714,174252,196838,219895,242107,262801,282981,303023,321767,334642,346753,716913,362879,361732,359137,349782,340133,326284,311005,295274,276558,258417,239664,220148,200047,182997,165388,149516,135335,121698,110334,99925,90971,83086,77020,72283,69339,66721,66025,66270,68705,75978,89742,113964,148781,174611,134113
1,11,32,100,208,373,708,1195,1766,2848,4180,6405,8731,11741,16181,21207,27579,35734,44845,55139,67584,81815,97498,114215,132982,154006,174347,196133,219850,241925,263393,283704,302081,320761,334928,347284,715979,363475,361938,358205,349910,340471,325866,311400,294242,276779,258812,239159,220325,200344,182819,165693,149821,135028,122268,110535,99723,91073,82852,77134,72356,69558,66687,66155,66235,68967,75997,89804,114034,148799,175037,134438
1,11,37,89,207,400,688,1161,1823,2831,4240,6281,8724,11818,16143,21237,27498,35650,44773,55308,67562,81682,97012,114386,133200,153534,174655,196209,219435,241494,263622,283560,302136,320827,334360,346393,716157,363399,362247,358052,350058,340107,326121,311222,295055,276349,258387,239215,220071,200808,182821,166018,149508,135127,122570,110242,99956,90908,83173,77047,72516,69614,67152,66196,66098,69130,76075,89837,114164,148941,175265,134815
1,12,35,87,212,391,700,1168,1803,2830,4240,6181,8824,11739,16144,21223,27657,35427,44677,55536,67550,81335,97343,113923,133220,153061,174992,196060,219265,241625,262607,284279,302851,320005,333922,346562,714928,363876,362199,357535,350785,339057,326844,311322,294545,277071,258437,239691,218899,201110,183386,165953,149323,135031,122493,111006,99685,90691,83533,77300,72749,69338,67270,66232,66205,69428,76131,89862,114098,149329,175403,135176
1,12,36,85,216,393,684,1171,1831,2815,4238,6143,8732,11860,16002,21360,27561,35267,44800,55609,67282,81214,97151,114005,133254,153417,174568,195997,219017,241161,262852,283910,302608,320271,334552,346119,714794,363398,361683,357732,351006,338748,326514,311926,294347,277382,258351,239383,219091,201028,183307,165856,149779,134773,122653,111190,99781,90664,83804,77319,72906,69278,67174,66527,66202,69599,76189,89842,114257,149300,175930,135501
1,13,35,88,221,380,694,1164,1744,2888,4226,6220,8611,11857,16041,21098,27623,35376,44760,55399,67316,81240,96844,113974,133337,153659,173487,196438,218730,241342,263006,284213,301787,320400,334548,345633,714841,363367,361296,357756,350765,338881,326381,311822,295075,277309,258892,238434,219558,200649,183714,165330,150065,134987,122418,111504,99661,90884,83785,77546,72820,69460,67078,66664,66368,69581,76253,90016,114147,149544,176268,135896
1,15,29,96,213,376,743,1120,1791,2842,4224,6222,8580,11902,15864,21112,27713,35673,44422,55142,67532,81058,96716,114092,133269,152936,173979,196328,218538,241160,262913,283953,301824,320535,334404,345031,714548,363957,361598,357350,350693,338322,325846,312463,295033,277586,257831,239209,220051,201093,183216,165445,149786,135348,122509,111056,100059,90971,84162,77425,72806,69508,67257,66573,66775,69466,76290,90089,114189,149675,176612,136263
2,16,34,91,212,376,725,1109,1842,2807,4220,6169,8601,11827,16014,21132,27608,35548,44588,54945,67220,80951,96847,114134,133260,152857,173968,195993,218582,241162,262817,283155,302673,320317,333507,345439,714225,363317,361610,357877,350575,338498,326238,311710,295412,277287,257721,239392,219773,201478,183159,165814,150031,134973,122602,110992,100589,91078,83841,77522,72996,69621,67072,66678,66706,69849,76208,90143,114391,149741,176940,136601
2,15,35,103,208,375,706,1111,1818,2808,4251,6152,8556,11901,15885,21255,27503,35477,44419,54870,67227,81040,96404,114484,133002,152729,174322,195656,218020,241253,263155,282815,302315,319537,334665,344619,714176,362890,362892,357012,349906,339024,326830,311516,294967,277125,258225,239167,219610,201408,183602,165971,149705,135653,122275,110985,100459,91366,83809,78044,73004,69524,67060,66806,66931,69561,76521,90174,114574,149764,177301,136878
2,13,38,98,204,378,707,1133,1772,2868,4208,6094,8692,11795,15900,21115,27585,35602,44192,54874,67314,80948,96516,114078,132885,153153,173500,195843,218224,241086,262833,282831,302044,319334,335300,343558,714323,363241,362700,356628,349521,339988,326202,311158,295577,276233,258578,239383,219550,201310,183678,165745,150109,135462,122830,111109,100451,91300,83935,77966,73209,69547,67133,66874,66971,69793,76463,90405,114515,150085,177523,137196
2,13,33,106,196,375,716,1111,1831,2841,4214,6076,8616,11774,16048,20954,27587,35425,44243,54997,67420,80841,96333,113805,133243,152490,173520,195575,218136,241988,262275,282187,302052,319356,334001,344948,714501,361940,362180,357838,349359,339687,325873,312153,294637,277119,257859,239489,219376,202275,182918,165772,150900,134987,122793,111493,100264,91499,84022,77814,73327,69618,67483,66673,67090,69959,76591,90590,114356,150414,177595,137636
4,10,40,94,199,369,715,1095,1842,2913,4129,6073,8621,11728,15890,21103,27598,35090,44442,54788,67452,81138,96242,113527,132929,152841,173300,195594,218121,241723,262027,281823,302121,319273,333903,345154,714115,362097,361877,357688,349917,339309,326144,311500,294778,276380,258657,239131,219824,202372,182580,166170,150212,135814,122482,111626,100612,91443,84201,77712,73465,69626,67593,66719,67066,70122,76766,90702,114560,150407,177934,137896
4,9,38,91,207,374,680,1123,1828,2909,4166,6011,8661,11754,15926,20995,27496,35016,44334,55175,66989,81374,96278,113605,132299,152034,174005,195834,218352,240794,261894,282345,301131,319087,334454,344684,714599,362016,361588,357307,349672,339285,326371,311475,294109,277218,258381,239400,220156,201780,182977,166072,151009,135356,122589,111393,100953,91241,84561,77828,73206,69945,67605,66663,67231,70152,76900,90883,115000,150141,178007,138383
5,9,37,93,199,386,648,1141,1838,2844,4179,6051,8649,11872,15720,21051,27324,35205,44355,54827,66981,80782,96885,113355,132602,152373,173174,195835,218288,240872,261872,282138,301219,318780,334138,345485,712996,362799,360905,358107,348993,339560,325914,310707,294918,277413,257769,239882,220337,201826,182843,166683,150324,135443,123051,111602,100789,91491,84204,78151,73199,70301,67327,66839,67452,70330,76655,90976,115121,150351,178222,138716
5,9,39,86,200,384,661,1131,1833,2857,4189,6039,8644,11752,15883,20923,27364,35030,44370,54613,67037,80858,96613,113179,132338,152579,173543,195416,218166,240622,262140,281439,301373,318810,334105,345356,713090,361789,361704,357459,349471,339468,325642,311129,294873,276905,257987,239429,220578,201696,183016,166941,150413,135833,122791,111329,101050,91913,83929,78267,73642,70322,67279,67034,67464,70273,76803,91019,115126,150564,178480,139114
4,13,39,84,193,403,644,1144,1802,2826,4281,5996,8508,11893,15823,20823,27166,35184,44435,54479,66944,80800,96809,113137,132049,152691,173546,195220,217946,240369,262039,281746,300943,318802,333139,345943,713341,361974,360783,357193,349969,338904,325703,311475,295158,276501,258097,239240,220294,202231,183439,166852,150020,136250,122814,111414,100652,92277,83992,78387,73827,70243,67511,66891,67978,69962,76890,91237,115287,150539,178774,139446
3,13,41,83,198,383,672,1122,1777,2847,4271,5953,8562,11824,15818,20775,27165,35329,44113,54650,66600,80873,96511,113511,131998,152561,173784,194908,217166,240233,262156,281588,301098,318794,334265,344715,712812,362197,360770,356251,350071,339661,325630,311753,294469,276386,258369,239090,220567,202107,183397,167023,150446,136209,122962,111126,100892,92263,83945,78559,74063,70351,67339,67032,67968,70166,77016,91362,115357,150830,178667,139942
3,13,42,79,200,372,684,1114,1797,2839,4244,5971,8608,11700,15687,20870,27217,35194,44070,54481,66912,80558,96442,113840,132091,151877,173434,195405,216895,240158,261353,282616,300974,318444,333264,346245,712277,361626,359928,357125,349738,339136,326772,310873,294243,277197,257690,239117,220947,201788,183458,167254,150822,136096,122490,111902,100578,92467,84117,78490,74429,70314,67457,66879,67968,70434,77156,91352,115515,150926,178742,140412
3,11,39,87,189,361,687,1137,1806,2830,4225,6041,8501,11619,15824,20709,27395,35067,43981,54876,66543,80442,96298,113736,131843,152188,173389,194812,217457,239707,261062,282301,301594,318325,333426,345462,712681,361350,360032,356431,349340,340211,326406,311184,294083,276384,258260,239181,220441,201956,183693,167033,151087,136222,123026,111183,101327,92041,84239,78814,74434,70224,67603,67074,68016,70421,77262,91430,115406,151197,179053,140710
3,11,40,88,183,364,685,1143,1794,2862,4231,5941,8500,11720,15784,20683,27542,34739,44165,54374,66793,80591,96228,113259,132344,152088,173020,194921,216997,239716,261059,282522,301277,318213,333519,344831,711699,362152,360004,356359,349761,340003,326115,311133,293682,276734,258130,239567,220443,201261,184426,167260,150671,136470,123369,110890,101635,91919,84245,79251,74099,70398,67968,67024,67853,70581,77479,91403,115499,151411,179245,141039
2,13,40,84,184,359,698,1117,1835,2831,4263,5952,8452,11781,15722,20851,27465,34549,44049,54480,66719,80036,96511,113330,132271,151601,173081,194922,217707,238658,261722,281819,300908,318722,332730,344397,712493,361595,360622,356172,349364,339451,326522,311360,293899,276027,258741,239055,220654,201364,184556,166796,151024,136735,123149,111290,101580,91906,84572,79098,74382,70294,68160,67044,67866,70773,77562,91399,115548,151569,179580,141345
2,12,39,88,182,373,679,1113,1805,2868,4225,6040,8391,11670,15816,20858,27076,35110,43632,54587,66413,80582,95728,113657,131766,152062,172758,195144,216696,239724,261059,281840,301580,317045,333214,344594,712508,361674,359892,356441,349515,338844,326924,310656,294572,275288,258812,239466,219967,202361,184327,166907,151304,136642,123012,111958,101166,92053,84764,78906,74405,70503,68490,66897,67812,70972,77656,91452,115609,151772,179837,141616
2,14,40,77,193,365,662,1102,1804,2928,4136,6122,8397,11523,15862,20908,27035,34902,43878,54399,66509,80042,96200,113487,131420,152219,173021,194357,216588,239750,260943,281526,301819,317759,332053,345327,712087,360949,359985,356590,348946,339271,326203,311020,294818,276228,257441,240162,219992,202227,184524,167128,151059,136870,123040,111778,101295,91887,85099,79087,74532,70436,68668,66911,67849,70950,77848,91562,115742,151802,180128,141925
2,14,40,75,183,366,640,1152,1802,2861,4183,6099,8425,11507,15744,20887,27139,34701,43932,54473,66459,80058,95736,113683,131600,152107,172139,194445,217536,239096,261211,281668,300981,317337,332840,344933,711453,361091,359538,356696,349524,338795,326095,310822,295130,275979,258061,239548,220224,201923,184579,167037,151807,136402,123376,111915,101388,91774,85236,79289,74472,70556,68559,67270,67821,71052,77731,91766,116013,151741,180514,142177
2,14,45,72,185,350,656,1131,1836,2811,4175,6069,8457,11634,15584,20867,26982,34789,43574,54810,66365,80055,95823,113207,132243,151244,172466,194579,216424,239132,261153,281977,300698,317484,332322,345274,711822,360505,359121,356569,349235,338995,326460,311314,294925,275569,257955,239958,220260,201999,183847,167519,151301,137363,123103,111961,101499,92132,84874,79345,74896,70677,68474,67393,67709,71037,77989,91897,115986,151771,181016,142443
2,12,47,75,184,338,673,1129,1829,2757,4230,6022,8483,11642,15596,20707,26912,34789,43831,54470,66272,80088,95923,113025,131596,151632,172986,193926,216112,239568,260359,281614,301839,317015,333071,344178,711374,360710,359501,356267,349865,337877,326427,311470,293857,277078,258159,238898,220550,202277,183698,167349,151617,137239,123432,111916,101590,92488,84730,79307,75109,70710,68632,67595,67446,71262,78109,91973,116129,151825,181197,142813
1,15,42,76,188,339,666,1159,1762,2749,4251,5986,8416,11676,15751,20743,26820,34579,43939,54071,66269,80588,95656,112814,131435,151646,172513,194584,216336,238420,260879,282335,300779,317221,332176,343686,712355,359755,359858,356965,348573,339327,325571,310916,294915,276356,257802,238936,220835,202079,183864,167913,151588,137001,123928,111811,101790,92227,84880,79465,74817,71091,68692,67673,67589,71392,78039,92096,116163,151892,181585,143103
1,13,46,78,185,350,648,1162,1740,2789,4190,6034,8347,11739,15655,20623,27073,34645,43611,53784,66352,80540,95651,112683,131524,151795,172658,194165,215904,239011,261198,282106,300121,316400,332933,343603,711167,360941,359512,356689,348446,339228,325645,311740,293915,276216,257335,239673,220785,202084,184386,167346,151820,137308,123654,111954,101972,92281,85027,79414,74768,71273,68769,67818,67739,71321,78058,92170,116322,152047,181799,143429
1,15,42,82,176,347,652,1152,1765,2790,4148,6024,8427,11678,15606,20756,26806,34550,43465,53975,66553,80221,95416,113402,131387,150866,172999,194000,216021,238684,261226,281406,300398,317196,331847,342865,711872,360665,359917,355914,349247,338686,325878,310624,294866,275893,258077,239306,220368,202388,184549,167364,151610,137591,123648,112154,101736,92798,84981,79462,74831,71654,68754,67703,67782,71348,78108,92267,116457,152214,181902,143850
1,17,38,77,187,356,632,1117,1826,2749,4137,6091,8443,11560,15627,20733,26852,34654,43084,53838,66882,79756,95659,112960,131268,151439,172709,194118,216137,238850,260603,282044,299710,316961,331201,344344,709880,361471,358886,356628,349056,338846,325538,310613,294603,276663,257019,239308,220767,202705,184679,167595,151786,137043,123747,112386,101921,92570,85162,79649,74820,71871,68909,67598,68062,71234,78212,92113,116825,152212,182171,144200
2,17,36,83,179,360,643,1095,1832,2724,4141,6037,8519,11595,15504,20650,26863,34440,43332,53836,66487,79889,95676,112642,131751,150885,172689,194213,216197,239289,259979,281197,300230,316970,331452,343287,710491,361156,358915,356214,348920,338727,326056,310849,293212,277023,257756,239164,220565,202542,184819,167673,151874,136908,123984,112760,101857,92830,85113,79662,75121,71614,69254,67559,68292,71133,78387,92158,116788,152458,182207,144646
3,18,32,91,177,364,614,1082,1846,2738,4170,6024,8396,11604,15490,20758,26875,34116,43306,54244,66128,79890,95591,112887,131315,151225,172070,194236,216824,238429,260862,279894,300342,316587,331426,344014,709508,361568,359385,355750,348902,337689,326088,311012,294003,276140,258129,239319,220319,202681,185065,167628,151572,136969,124727,112540,101892,92883,85490,79376,75177,71728,69251,67939,68113,71181,78732,92204,116833,152620,182288,145039
4,14,37,88,174,363,600,1081,1833,2773,4140,6016,8428,11526,15494,20690,26702,34392,43320,53719,66298,80168,95450,112755,131293,150760,172312,193994,216690,238383,260269,280125,300194,316173,332368,343656,709493,361283,359104,356004,348568,337752,325873,311164,293960,275441,258554,239118,221203,202516,184820,167771,151811,137011,124334,112864,102058,93112,85385,79439,75482,71600,69125,68082,68101,71589,78742,92193,116951,152758,182476,145389
4,16,36,85,181,346,613,1087,1860,2682,4150,6076,8342,11480,15669,20524,26925,34112,43306,53843,66087,79610,96220,112221,131254,150873,172145,194238,216089,238870,260055,279646,299444,317179,332070,343370,709551,360835,359059,355299,349055,338197,325682,310669,294030,275501,258846,239803,220717,202622,184117,168537,151936,136729,124669,112763,102071,92999,85759,79329,75388,71857,69192,68061,68468,71683,78704,92398,116919,152925,182497,145833
4,17,37,86,172,344,629,1045,1838,2733,4125,6073,8305,11582,15625,20441,26798,34093,43489,53464,66197,79747,95597,112533,131188,151499,171456,193921,216523,239212,258877,280060,298966,316936,332005,343723,709387,360193,359289,355687,348389,338328,325270,310819,294182,276284,258096,239709,220735,202935,184551,168051,151987,137328,124209,113057,102038,92841,85914,79730,75414,71933,69049,68167,68448,71926,78739,92613,116937,152918,182862,146053
6,14,43,86,175,333,629,1065,1756,2765,4214,5963,8238,11673,15422,20550,26881,34027,43375,53569,66040,79566,95566,112487,131217,150870,172194,193630,217079,237908,259675,279316,299025,317113,331177,343555,709335,360207,359739,356264,347528,337639,326005,310727,294430,276358,258130,239401,221317,202719,184441,168014,152028,136950,124612,113168,101926,93251,85817,80216,74887,71953,69331,68148,68673,71791,78981,92732,116925,153090,183139,146334
6,14,43,90,173,329,631,1089,1709,2765,4168,5909,8416,11535,15473,20556,26651,34404,43120,53600,66031,79674,95038,112733,131215,150407,172385,194048,216097,238440,259741,279104,299068,315921,331572,342891,710033,359666,359791,355371,349110,337063,325496,310590,294406,276961,258081,238953,221901,202149,184964,167957,152397,137111,124371,113021,101914,93341,86172,79772,75233,72021,69552,68175,68640,72057,78982,92904,116924,153338,183295,146650
6,10,47,89,171,330,647,1043,1762,2740,4123,5920,8423,11686,15366,20396,26781,34224,42998,53762,66047,79466,95264,112532,131222,150062,172373,194174,216173,237485,260001,279022,298481,316485,331634,343041,709901,359485,359315,355842,348082,337749,324888,310755,294414,276388,258492,239729,221284,202418,184804,168324,152111,137220,124445,112797,102148,93465,86468,79728,75486,71876,69656,68255,68656,72188,79104,93026,117015,153569,183394,146945
7,9,42,97,165,339,646,1036,1798,2701,4101,5904,8526,11461,15533,20367,26668,34155,43216,53380,66023,79531,95173,112087,131205,150433,172051,193986,215988,238089,259093,279868,298782,315732,331544,342895,709275,360032,358971,355980,347556,338300,325207,309912,294716,276492,257890,240166,220947,202765,185211,167156,152622,137658,124512,112611,102339,93560,86424,79997,75385,72301,69639,68239,68769,72224,79082,93239,117044,153488,183872,147196
6,10,40,100,168,348,625,1060,1778,2745,4038,5950,8483,11353,15648,20250,26722,34315,43087,53185,65926,79772,95085,112458,130498,150392,172057,193998,215876,237628,259340,279666,298455,315133,332296,342131,709248,360135,359296,355085,348098,338272,325016,310239,294387,276409,258176,240572,220624,202782,184803,167662,152538,137806,124161,113102,102435,93535,86412,80405,75235,72391,69462,68795,68515,72417,79148,93148,117320,153560,184266,147331
6,10,40,96,170,361,623,1022,1777,2756,4053,5905,8450,11397,15561,20342,26442,34442,42979,53433,65825,79780,95262,111835,130728,150352,171817,193836,216563,236947,258607,279983,298259,315474,330860,343141,708515,360733,358980,354812,348202,338114,325454,309717,294719,276682,257876,240420,220962,202602,184777,168106,152407,137758,124155,113035,102667,93689,86521,80298,75889,71887,69600,68723,68919,72487,79152,93131,117780,153614,184236,147655
5,10,39,98,167,376,611,1031,1771,2695,4057,6009,8315,11522,15321,20341,26597,34253,43137,53447,65877,79765,94672,111752,130718,150421,171917,193842,215760,237591,259183,278929,298572,315097,331484,341987,709068,360311,359025,354052,348870,337964,324867,310796,293938,276610,257899,240423,220878,202913,184808,167744,153163,137339,124541,112976,102528,93978,86492,80284,76092,71887,69769,68705,69266,72317,79321,93072,117984,153661,184516,147982
5,10,36,98,180,359,612,1074,1719,2705,4090,5874,8333,11448,15537,20265,26681,34071,42930,53530,66076,79626,94739,111388,130485,151026,171593,193487,215839,237039,259128,279337,298015,315844,330110,342674,708439,360432,359935,354101,347793,337703,325375,310596,293967,276056,258632,240242,221201,202439,185072,167667,153093,137743,124505,112985,102514,94329,86241,80563,75798,72212,69887,68724,69431,72310,79419,93264,117823,154020,184657,148277
3,14,33,96,182,370,603,1055,1744,2700,4111,5839,8267,11482,15555,20117,26686,34208,43053,53387,66107,79332,94634,111625,130179,151148,171216,193707,215381,237109,259205,279008,298240,315663,330067,341593,708752,361600,358911,354180,347098,337707,325677,310777,293167,277170,258360,239770,221570,202565,184511,168151,152997,138071,124322,113420,102372,94497,86400,80665,75679,72232,69859,68937,69368,72600,79246,93481,117962,154346,184548,148721
3,14,32,94,191,356,582,1083,1791,2670,4079,5871,8175,11399,15574,20233,26629,34344,42773,53630,65754,79272,94586,111637,130317,151011,171576,192705,215655,237398,258420,279281,298358,314807,330046,341389,709238,361277,358559,353929,347215,337864,325836,310110,293957,276918,258423,240012,221252,202675,184708,168060,153069,138076,124751,113161,102857,94427,86113,80792,75796,72295,70158,68763,69719,72417,79528,93233,118250,154503,184759,148973
3,13,32,95,194,354,592,1036,1875,2600,4123,5803,8177,11565,15273,20428,26469,34286,43066,53425,65518,79246,94554,111882,130496,150616,171419,193002,214593,237380,259137,278692,298424,314590,329260,342187,709508,359921,359255,353207,347695,337788,326049,309814,294278,276483,258770,240079,221105,202256,185249,168441,152657,138129,124798,113447,102600,94551,86439,80684,76017,72105,70342,68905,69812,72518,79569,93472,118243,154535,185056,149226
3,11,32,91,192,374,599,1037,1793,2691,4021,5883,8185,11384,15389,20223,26842,33938,43125,53261,65277,79301,94842,111869,130301,150595,171108,192894,215402,236105,258776,280071,297942,314345,329235,341502,710127,359062,358787,354460,346404,337566,325967,310989,294298,276245,258958,240087,220826,202515,185214,168355,152515,138307,125087,113256,102879,94348,86600,80618,75970,72472,70331,68978,69916,72872,79592,93453,118264,154545,185399,149507
3,11,33,87,194,369,615,1032,1749,2748,4003,5874,8136,11490,15225,20306,26696,34156,42734,53286,65343,79499,94661,112021,130114,150168,170839,193229,214482,236277,259343,279500,298127,314251,329154,341961,708389,359958,358877,354373,346996,336607,326543,310550,293932,276711,258797,239609,221381,202870,185017,168310,152716,138249,124838,113484,103354,94031,86775,80577,76405,72140,70326,69187,70120,73051,79639,93586,118315,154629,185417,149933
3,12,33,86,190,375,618,1008,1777,2740,4001,5843,8202,11364,15266,20219,26714,34056,43006,52954,65540,79459,94556,111551,130139,150376,170853,193463,214171,236340,259020,278960,297763,314303,329358,341890,708465,359849,358103,355124,345787,337919,325344,310348,295089,276616,258628,239722,221409,202721,184828,168882,152906,137895,124653,113937,103070,94364,87149,80422,76275,72439,70273,69218,70081,73285,79796,93538,118589,154640,185572,150263
3,11,34,81,191,381,615,1011,1740,2790,3995,5857,8200,11334,15170,20287,26563,34091,42751,53223,65409,79117,94988,111108,130175,150140,171626,192658,213709,237042,258705,279054,296798,314624,329770,341864,708364,359869,357912,353946,347221,337275,324475,310485,295292,277229,258060,239834,221226,203258,184989,168418,153097,138139,125119,113710,102753,94782,87176,80320,76430,72595,70129,69240,70350,73382,79691,93694,118631,154843,185779,150580
3,12,31,85,185,367,607,1036,1746,2699,4096,5811,8256,11176,15213,20309,26463,34025,42782,53298,65298,79263,94255,111665,130254,149819,171474,192098,214038,236864,258678,278703,296860,314869,329264,342332,708482,359156,358258,353955,347356,336547,324668,310347,295609,276692,258030,239426,221916,203311,184775,168908,152452,138761,125170,113598,103075,94491,87341,80630,76504,72477,70296,69120,70693,73343,79749,93797,118709,155045,185903,150884
3,14,29,86,193,343,627,1056,1693,2743,4072,5802,8297,11043,15202,20248,26539,33903,42734,53526,65124,79242,93775,111626,130469,150075,170583,192681,214113,236296,258477,278723,297146,314042,330086,341929,708181,359681,357923,354187,346669,336703,324376,310721,295308,276221,258040,240232,221695,203144,184894,168789,153272,138323,124985,113862,103374,94426,87105,81072,76446,72689,70236,69391,70494,73443,79847,93814,118782,155277,186115,151151
3,15,29,85,195,344,620,1035,1723,2728,4004,5834,8344,11012,14976,20445,26378,34191,42619,53273,65258,78711,94558,111431,130112,149754,170458,192605,214253,236782,257971,277892,298078,314578,328997,341625,708266,359175,358851,353298,346942,336715,324416,311141,294728,276430,258235,239792,221564,203281,184715,168613,153638,138472,125017,113777,103814,94505,86934,81072,76491,72609,70416,69653,70523,73198,80261,93787,119017,155297,186320,151529
3,12,28,93,197,345,589,1052,1705,2696,3976,5894,8244,10881,15389,20303,26166,34207,42748,53263,64971,79016,94244,111308,129987,150586,169743,192340,214754,235859,258418,277521,297798,314675,329087,342030,706836,359965,357586,354376,346380,336969,324280,311165,294622,276347,258250,239712,222347,202296,185330,169174,153243,138498,125315,113792,103832,93782,87596,81100,76535,72681,70622,69808,70285,73572,80279,93897,119059,155415,186613,151721
3,10,30,93,187,359,576,1051,1721,2685,3970,5873,8140,11137,15063,20369,26441,33849,43158,53036,64917,78798,94130,111445,129796,150044,170220,192466,213335,237569,257392,277995,297094,314280,329519,341252,708007,358921,357479,353993,347410,336984,324542,310536,294415,276802,257974,239678,221681,202506,185603,169412,153433,138574,125485,113538,103578,94354,87530,81380,76375,72723,70951,69635,70567,73459,80312,93871,119368,155337,186956,152036
3,10,32,99,183,351,563,1048,1736,2691,3927,5896,8179,11095,15185,20075,26597,33855,43152,52869,65021,78784,93680,111780,129624,149893,170217,192289,213903,235907,258456,278534,296656,314407,329185,341890,706476,358891,357323,354482,346118,338080,324892,309636,294399,276578,258595,239266,221772,202973,185546,169338,153310,138364,125753,114110,103686,94253,87263,81546,76427,72887,70896,69816,70765,73345,80576,93777,119452,155592,187234,152219
3,11,30,104,170,357,572,1050,1720,2712,3978,5770,8239,11078,15179,20024,26552,33921,43129,52773,64808,78672,93990,111737,129514,149054,170498,192201,214376,235575,258216,278024,297228,314172,329042,342707,705182,359104,357874,353888,346494,337365,324837,309772,293886,277220,257868,239545,222381,202711,185546,169546,153306,138586,125318,114303,103647,94790,87002,81619,76816,72790,70937,69986,70568,73685,80603,93920,119384,155707,187608,152428
3,14,31,98,180,345,559,1059,1724,2687,4001,5837,8092,11200,15145,20212,26225,34029,42833,52848,64637,78886,94313,110808,129751,149049,170891,192279,213297,236207,257791,277796,296706,314615,328759,342169,705762,358629,357812,354260,346883,336627,325368,308926,293596,277753,258133,239386,222077,202738,186255,169266,153177,138849,125432,114173,103853,95134,87322,81411,76394,73116,71184,69889,70915,73547,80564,94191,119320,155950,187821,152619
3,15,34,90,189,346,562,1055,1703,2663,3985,5911,8125,11090,15136,20051,26446,33858,42796,52875,64959,78877,93408,111395,129761,149080,170467,192019,213577,236041,257709,277334,296882,313853,329817,341315,705620,358653,357272,353998,347247,337874,323988,308922,294133,276826,258182,240392,221658,202986,185965,169578,153173,138713,125776,114333,103650,95293,87317,81609,76251,73196,71463,69981,70950,73729,80614,94212,119460,156064,188159,152744
3,16,32,93,181,332,574,1060,1738,2613,4066,5783,8136,11099,15201,19923,26491,33862,42651,52831,64848,78912,93748,110778,129491,149691,170404,191244,213922,236063,257249,277424,296739,314710,328773,341507,705103,358317,358643,352990,347374,337171,324086,309957,293209,277042,258938,239727,221649,202801,186329,169028,153504,138667,126166,114202,103780,95250,87459,81864,76314,73135,71583,69786,71169,73791,80899,94264,119460,156277,188349,152937
2,18,35,95,166,332,603,1027,1774,2592,4062,5784,8111,11053,15308,19768,26517,33971,42408,52644,65260,78675,93890,110478,129418,150044,169753,191435,213224,236521,257537,276623,297514,314095,328379,340798,705565,359163,357627,353526,346948,336542,324354,310087,293555,276382,258751,240716,221243,203032,186446,168845,153172,139196,126389,113922,104239,95347,87398,81404,76792,73316,71697,69663,71452,73781,80932,94144,119689,156428,188534,153217
2,17,38,91,166,337,579,1055,1728,2617,4005,5768,8194,11082,15157,19849,26395,33896,42579,52821,64713,78910,93687,110443,129960,149452,169896,190863,213875,236266,257168,276762,296381,314521,329401,340335,705689,358003,357445,353953,346972,336600,324308,309277,294042,276312,258660,240604,221798,203140,185758,169361,153194,139420,126243,114203,104142,95236,87920,81234,76740,73441,71802,69785,71348,74010,81039,94231,119673,156622,188674,153520
2,16,40,91,161,342,589,1067,1680,2686,3909,5690,8403,11000,15124,19828,26517,33832,42467,52772,64674,78615,93474,111263,128739,150127,169711,191037,213724,235698,257237,276723,297030,313796,328600,341102,705155,357440,357576,354187,346289,336925,324550,309923,293436,276730,258733,240199,221445,204288,185188,168989,153852,139122,126470,114473,103925,95334,87852,81597,76696,73499,71700,70147,71257,74104,81130,94186,119799,156846,188928,153672
2,19,40,91,163,334,584,1080,1638,2742,3856,5775,8164,11199,14956,20056,26275,33787,42574,52821,64637,78218,93958,110788,129301,149338,170236,190373,213565,235378,257624,276914,296947,313071,329087,340786,704998,357413,357472,353754,346619,336453,324306,310192,293866,276651,258658,239834,222094,203772,185524,169184,153543,139374,126267,114800,104107,95355,87826,81887,76750,73676,71538,70192,71610,73888,81200,94231,119939,156927,189176,153955
2,20,37,91,172,328,571,1090,1660,2677,3902,5772,8159,11135,15012,19983,26591,33421,42606,52653,64613,78502,93449,110867,129347,148997,169888,190946,213139,235801,257243,277351,295880,313195,329097,340056,704855,357889,357417,353812,346013,337204,324065,310233,294300,275786,258396,240380,222459,203995,185519,168529,153719,139329,126801,114477,104143,95356,88443,81576,77241,73382,71579,70425,71613,73979,81324,94345,119830,157160,189503,154078
2,19,38,88,180,319,593,1061,1698,2657,3920,5768,8083,11201,14859,20234,26274,33352,42633,52714,64528,78675,93707,110477,129031,148860,169789,190856,213477,235918,256660,276931,296027,313116,328488,340536,704329,357420,358012,353085,346868,337410,323657,310068,293657,277080,258189,240498,222049,203818,185935,168867,153500,138914,127229,114470,104498,95364,88413,81642,77393,73476,71306,70618,71723,74133,81302,94525,119879,157350,189650,154312
2,18,43,84,179,329,593,1031,1724,2610,4006,5650,8117,11133,14966,20193,26389,33379,42134,52920,64615,78565,93598,110660,128715,148917,169396,190753,213057,236351,256482,276470,296594,312958,328374,340110,703831,358239,357627,353305,346856,336772,324069,309594,294105,276668,258810,239870,222262,203878,186218,169186,153193,139098,126637,115004,104202,95825,88033,81961,77366,73881,71309,70631,71575,74443,81389,94463,120212,157509,189733,154539
2,18,40,89,176,326,591,1051,1697,2592,3975,5752,8057,11002,14987,20168,26529,33406,42054,52583,64831,78399,93492,110869,128715,148021,169948,190994,212980,235743,256108,276616,296782,312568,328194,340043,703807,359247,356882,352842,347009,336392,325032,308971,293859,277175,258019,240375,222320,203841,186047,169205,153156,139323,126658,115060,104736,95716,88082,81884,77416,74140,71330,70836,71728,74272,81448,94743,120119,157637,189924,154779
2,19,39,91,167,318,617,1036,1670,2638,3892,5774,8071,10994,15153,20092,26094,33793,42136,52240,64778,78447,93835,110386,128475,148756,169106,191399,213355,235108,255883,276632,296005,313094,327850,340052,704020,358000,356848,353347,346685,337379,324226,309660,293335,276598,258575,240102,222528,203669,185931,169956,153422,138784,126815,115454,104567,95971,87748,82210,77550,73969,71836,70664,71706,74557,81427,94782,120411,157480,190115,155084
2,16,38,98,156,321,633,1020,1675,2621,3871,5789,8087,11003,14950,20095,26162,33690,42257,52129,64903,78048,93950,110285,128692,148632,169308,190792,213376,234398,256743,276609,295941,312964,327328,339564,704028,357849,357395,352718,346805,336616,324546,309874,293160,277175,258153,240745,222147,203695,186120,169525,153548,139363,126808,114911,105339,95602,88139,82214,77578,74224,71788,70637,71928,74471,81448,95070,120521,157539,190414,155169
2,15,43,92,166,311,637,1027,1660,2612,3826,5827,8008,11183,14948,20019,25903,33746,42296,52274,64846,77948,93819,110471,128467,148815,169333,190114,213230,234528,256522,276789,294915,313394,327347,339925,703687,357749,357273,353095,347006,335642,324822,309658,293411,276897,258594,240116,223018,203072,186154,169670,153150,139822,126757,115339,105126,95420,88042,82907,77506,74391,71482,71065,71873,74546,81639,95160,120588,157709,190469,155495
2,16,46,86,157,334,626,1023,1649,2595,3886,5705,8120,11139,15007,19900,25905,33568,42204,52729,64418,78171,93515,110666,128445,148421,168954,190821,212275,235029,256662,276550,295182,312635,327726,338739,704426,357345,357445,352918,346601,335717,325404,309194,293691,276136,259729,239846,222031,204189,185973,169429,153478,139892,126858,115272,105287,95401,88303,82805,77767,74182,71774,70967,72022,74523,81929,95101,120626,157889,190699,155653
2,14,48,77,165,325,632,1042,1625,2626,3841,5700,8073,11189,14857,19861,26075,33521,42316,52518,64510,78078,93706,109970,128653,148078,169402,190491,212603,234691,256045,276915,295407,312184,327254,338939,704360,357667,356874,353584,345746,336230,324580,309618,293604,277041,257908,240368,222561,203625,186936,169123,153324,139731,127555,114689,105361,95988,88604,82355,77997,74364,71680,71069,71999,74753,82145,95008,120850,158041,190829,155808
2,12,49,81,162,330,633,1035,1658,2557,3806,5739,8129,11044,14923,19962,25773,33616,42235,52607,64171,78208,93600,109939,128474,148493,168877,190289,213063,234234,256353,276420,294602,312711,327034,339763,703534,357516,356719,353700,345836,336645,323976,309304,293870,277061,258492,239781,222817,203395,186827,169049,153638,140190,127079,114779,105749,95995,88541,82485,78006,74541,71988,70918,72195,75092,81776,95269,120784,158265,191062,155950
3,10,48,86,169,318,613,1042,1703,2516,3712,5809,8093,11023,14993,19879,25848,33461,42528,52143,64358,77785,93712,109919,128409,148808,168644,190584,212114,235342,255507,276594,294666,312024,327466,339164,703704,357100,356934,353128,346458,336197,323489,309467,294129,276955,258404,239961,222342,204308,186581,169526,153828,139965,126825,115111,105643,96044,88882,82445,77915,74595,72037,70994,72406,75125,81776,95389,120897,158465,190972,156318
3,14,40,89,168,312,628,988,1731,2495,3818,5692,8202,10898,15048,19884,25853,33282,42303,52475,63945,78108,93273,110403,128539,148620,168102,190423,212268,234802,255738,276737,294668,312160,326638,339249,703107,357293,357231,352866,346990,335419,323222,309533,293925,277435,258513,240285,221869,205225,185930,169690,154175,139673,127078,114864,105772,96211,88684,82613,78162,74567,72146,71072,72613,75106,81747,95522,120974,158782,191046,156472
3,14,38,86,171,298,636,993,1712,2545,3837,5666,8138,10961,14899,19896,26107,33102,42284,52291,64084,77814,93502,110210,128684,148186,168621,189904,212256,234122,255949,276344,295033,311874,327485,338321,702969,358280,356257,353495,345782,336584,322281,309906,293877,277601,258302,239729,222867,204199,186920,169443,154410,139402,127135,115206,105539,96091,88714,82972,78243,74700,72224,71129,72713,75036,81838,95551,121243,158861,191111,156732
3,14,33,84,169,311,620,1010,1671,2573,3840,5669,8066,10998,14896,19940,25929,33175,42249,52147,64018,78125,93415,110040,128563,148095,168762,189765,211749,234590,254932,277025,295694,311046,326550,338553,703066,358021,356614,353515,345436,335999,323532,309008,293993,277870,257656,240416,222724,204369,186526,169774,154169,139790,126984,115447,105429,96176,89052,82730,78562,74752,72013,71596,72632,75064,82038,95812,121348,158671,191535,156770
3,16,33,84,155,329,615,1021,1655,2529,3942,5659,8023,11003,14794,20007,25920,33061,42162,52047,64379,77594,93472,110019,128531,147929,169018,189789,211759,234133,255915,275842,294992,312362,325317,338640,703236,357297,357467,352376,346426,334620,323744,309551,294120,277500,258846,239222,222762,204677,186497,169945,154266,139822,126839,115793,105401,96336,89132,82701,78596,74767,72345,71702,72308,75483,82203,95814,121285,158783,191953,156844
3,11,38,84,152,337,598,1007,1678,2504,3917,5639,8045,11042,14785,19895,26182,32944,41890,52346,63857,77802,93510,110269,128308,147721,168826,189710,211437,234237,255404,275816,295337,312059,325747,338075,703409,356934,356980,352993,346179,335296,322881,309772,294263,276954,259427,239411,221806,204625,186840,170063,154853,139580,126958,115555,105609,96630,89044,82858,78704,74928,72198,71887,72321,75856,82053,95900,121335,158875,192174,157045
2,11,38,79,155,345,591,1014,1682,2504,3896,5631,8080,11058,14759,19955,25967,32906,42053,52144,64191,77591,93542,109632,128231,148070,168811,189738,211445,233733,256033,274972,294963,312419,326365,337496,702944,356692,356881,353108,345850,335262,323437,309397,294047,277185,259536,239494,222192,204177,186787,170078,154791,140197,126721,115433,105689,96740,89195,83071,78707,74661,72529,71945,72368,75839,82224,96086,121488,158900,192339,157316
2,12,36,76,174,333,559,1030,1680,2551,3880,5609,8024,11093,14847,19765,25830,32978,41868,52223,64146,77888,93262,109506,128513,147538,168961,189383,211884,233251,255542,276084,294407,311583,325999,338766,701484,358065,356295,352900,345061,335583,324266,309090,294131,277526,258134,240596,221920,204283,186874,170077,154901,139837,127337,115399,105751,96355,89579,83498,78398,74667,72769,72241,72173,75809,82363,95929,121730,159003,192567,157534
3,13,36,70,176,330,578,1041,1640,2573,3900,5516,8046,11124,14784,19839,25716,32980,42011,52068,64073,77827,93275,109728,127983,147984,168291,189773,211586,233443,255836,275639,293951,310919,326141,338492,702628,356370,356869,352360,345588,336008,323940,309398,293423,278034,258156,240088,222180,204563,186850,169910,154933,140274,126730,115766,105578,96787,89842,83457,78417,74810,72821,72047,72503,75626,82566,96097,121778,159176,192691,157759
4,12,36,75,182,319,580,1019,1630,2610,3892,5513,7971,11093,14967,19691,25855,32912,41814,52179,63899,78012,92943,109664,128052,147939,168064,189626,211920,233070,255367,275680,294492,310792,325713,338631,702515,355915,356930,352432,345952,336699,322827,309384,293433,276634,259512,240639,221670,204354,187007,169955,155435,139491,127197,115478,105833,97302,89469,83718,78480,74757,73006,72188,72432,75708,82513,96332,121856,159329,192702,158106
4,14,33,79,174,327,590,997,1616,2624,3862,5549,7972,11075,14969,19550,25861,32860,42156,52065,63802,77817,93186,109391,128347,147571,168128,189642,211440,233137,255067,275198,294321,311429,326039,337898,702390,355961,356725,351955,346535,335622,324005,308897,293782,276428,260052,240166,221666,204367,186791,170088,155299,140387,126682,115772,105652,97260,89616,83748,78729,75018,72857,72179,72577,75770,82272,96832,121739,159568,192822,158409
4,13,36,78,166,331,603,997,1611,2583,3870,5643,7823,11090,14932,19723,25619,32883,42147,52012,63817,77561,93050,109804,127926,147718,167761,189695,211111,233470,254990,275370,294193,311410,324865,338399,701930,356960,356120,352337,345341,336449,323686,308631,294097,277441,258804,240675,221069,204950,186489,170206,155613,139935,127089,116172,105414,97113,90021,83572,78807,75170,72700,72548,72547,75591,82567,96899,121811,159676,193117,158557
5,11,39,71,183,324,583,993,1633,2609,3789,5568,7941,11105,14893,19606,25680,32786,41884,52427,63695,77602,92663,109958,127980,147415,167892,189328,211565,232822,255696,275169,293709,311427,324952,337687,701974,356852,356008,352034,345510,335981,323987,309808,292772,277700,259340,240394,221917,204139,186254,170773,155379,139976,127354,116350,105194,97178,89811,83641,78937,75205,72933,72452,72794,75591,82654,97108,121706,159899,193377,158736
4,12,39,78,161,340,591,985,1635,2624,3758,5609,7852,11046,15002,19504,25691,32899,41921,52295,63796,77657,92672,109578,127665,147173,168263,189036,211440,232944,255708,274646,294308,310688,324902,337965,701608,356272,356153,352404,345313,335844,324069,308852,294120,276778,260103,240033,221965,204173,186848,170457,155448,140197,127092,116179,105655,97367,89838,83512,79061,75281,73089,72382,72793,75870,82607,97310,121761,160021,193589,158877
3,13,36,88,158,334,593,976,1612,2600,3810,5532,7866,11009,14969,19642,25790,32735,42032,52175,63915,77434,92534,109245,127641,147453,167652,189585,210719,233972,254579,275052,294171,310511,324911,337409,701228,356709,356032,352828,344767,335751,323551,309143,294208,277740,258853,240588,221964,204631,186588,170514,155215,140386,127395,116188,105790,97420,89701,83503,79066,75737,72823,72629,72819,76160,82605,97135,121987,160027,193988,158983
2,13,40,85,151,329,594,997,1617,2535,3881,5562,7766,11016,15012,19587,25758,32863,41833,52101,63970,77386,92634,109111,127012,147547,167748,189872,210626,233765,254546,274733,293889,310455,325098,337243,700635,357157,355796,352712,344958,334785,324143,309346,294149,277684,258998,240143,222311,204683,186910,170519,154940,140672,127560,116163,105675,97506,89959,83617,78912,75720,73285,72370,72875,76203,83027,96924,122060,160178,194267,159189
2,16,33,85,162,318,605,971,1650,2547,3797,5579,7801,10967,15045,19611,25501,33112,41621,52093,63958,77142,92906,108883,127139,147226,167702,189877,211299,232773,254425,275101,293184,310412,325555,336907,700634,355952,356487,352498,345324,335103,323184,309671,294659,277086,258711,240974,222229,204234,186813,170879,155334,140485,127402,116619,105914,97256,90130,83620,78886,75897,73508,72402,72815,76169,83359,96746,122337,160374,194449,159263
2,15,33,82,171,310,600,981,1659,2533,3800,5599,7769,10994,14940,19614,25563,32960,41676,51709,64132,77404,92426,109264,127311,147108,167408,189572,211413,232967,254085,274893,293191,310884,324826,337034,699770,357163,355353,352005,345989,334999,322533,310466,293948,277333,259280,240603,222185,204315,187127,170927,155115,140535,127648,116311,106371,97551,89948,83519,79079,75763,73837,72515,72794,76283,83368,96710,122495,160418,194601,159623
2,14,35,78,170,310,589,993,1619,2579,3760,5627,7818,10931,14883,19543,25609,32971,41392,51828,64183,77361,92518,109136,127485,146911,167625,189077,211090,233259,254270,274101,293536,310959,325048,336355,699302,356981,355263,352414,345725,334962,322968,309984,294134,277110,259477,240241,222065,204614,187669,170304,155490,140751,127495,116406,106625,97411,90125,83714,79008,75921,73641,72729,72906,76268,83532,96872,122720,160228,194909,159779
2,13,36,82,173,318,570,991,1615,2554,3819,5539,7867,10993,14807,19626,25511,33088,41131,52080,63756,77551,92834,108608,127750,146725,167477,189220,210820,233439,253872,273966,293077,311048,324664,336917,700159,355743,356007,351529,345274,335067,323268,309897,294169,277036,259517,240600,222001,204743,186926,171140,155009,140846,127409,116879,106344,97518,90189,84042,79095,75892,73433,72872,73252,76226,83745,96760,122944,160288,195084,159966
2,13,38,79,178,307,592,969,1638,2543,3756,5601,7854,10951,14786,19622,25568,32772,41289,52162,63551,77609,92675,109125,126931,147109,167116,189538,210872,232880,253731,273350,293175,311486,324598,336607,700387,355537,355986,351034,345502,335441,323013,309210,294457,277180,259058,241039,222273,204409,187482,171167,154746,140613,127990,116837,106038,97824,90120,84177,79295,75898,73514,72792,73408,76478,83514,96987,122978,160687,195047,160217
2,13,40,75,174,306,591,973,1611,2545,3801,5507,7939,10807,14979,19352,25597,32750,41672,51889,63607,77557,92264,109113,127025,146690,167941,188606,211328,231886,254201,273820,293246,310736,324903,336654,699657,354880,356170,351539,345115,335260,322972,309647,294734,276210,259381,241222,222868,204123,187572,170763,155166,140386,128202,116754,106498,97610,90110,84527,79196,75873,73686,72927,73341,76521,83813,96895,123298,160697,195089,160506
2,14,37,75,174,318,567,970,1644,2529,3754,5487,7937,10921,14862,19415,25511,32711,41836,51694,63771,77173,92172,109340,126899,146855,167786,188593,210899,232300,253495,273627,293543,310307,324998,337107,698197,355496,356198,351161,345572,334718,323128,309803,294681,276561,258791,241881,222625,204528,186817,170951,155249,140858,128233,116567,106743,97607,90280,84130,79602,76053,73846,72781,73539,76542,83512,97263,123290,161138,195160,160584
1,15,38,76,170,311,559,987,1625,2503,3784,5504,7954,10864,14859,19416,25553,32769,41584,51844,63674,77080,92271,109208,126682,146618,167790,188764,211043,231733,253502,274421,292849,309785,325358,337395,696900,355842,355541,352144,344627,334740,323471,309289,295203,276748,259253,241148,223045,204559,186685,170672,155461,141366,127853,117021,106677,97356,90596,84264,79532,76112,73796,73153,73232,76827,83681,97344,123383,161269,195257,160772
2,17,33,75,176,313,564,996,1624,2500,3774,5490,7958,10955,14604,19524,25593,32703,41457,51892,63481,77350,92198,108995,127092,146199,167560,188509,210264,232944,252925,274159,292670,310068,325168,336726,697571,355813,355749,351255,344400,335479,323113,309283,294874,277460,258790,241242,222862,204819,186843,170537,155407,141489,127649,117517,106693,97565,90465,84403,79618,76007,74061,73134,73429,77139,83524,97336,123550,161483,195257,161034
2,18,33,77,165,315,550,1014,1621,2515,3776,5502,7947,10924,14679,19526,25469,32787,41294,51732,63574,77237,92310,108773,127002,146279,167242,188674,210573,232432,253297,273883,292468,309586,324631,336679,697455,355992,355674,351107,343890,336426,323495,309010,294232,277692,258505,241606,222980,204387,186865,171024,155395,141184,128387,117211,107093,97577,90441,84558,79692,76050,74135,72877,73708,77211,83567,97790,123254,161849,195169,161334
1,19,32,79,155,312,547,1045,1603,2524,3764,5573,7941,10803,14662,19470,25373,32876,41284,51705,63705,77367,91932,108653,126787,146263,167269,188634,210719,231590,253803,273208,292846,309107,325244,335967,698756,355027,355644,351530,343663,335628,322736,309758,294770,277495,259398,240698,222754,204562,187211,170932,155460,140990,128781,116991,106985,97965,90489,84786,79545,75948,74346,72818,74194,77009,83523,97912,123423,161978,195407,161434
1,18,35,79,171,293,530,1041,1653,2506,3739,5542,7900,10799,14677,19338,25368,32844,41435,51655,63659,77214,91995,108586,126828,146362,167018,188310,210153,232750,252375,274006,292305,309302,324359,337128,698127,354820,355680,350435,344406,335675,323543,309143,294479,278106,259058,240687,222869,204441,187422,171069,155440,140702,128934,116931,107425,97889,90768,84773,79660,76020,74422,72863,74240,77048,83524,97976,123455,162181,195674,161549
0,18,35,74,164,288,550,1023,1615,2513,3821,5558,7827,10732,14601,19368,25416,32980,41284,51752,63481,76851,92213,108742,126620,146410,166677,188661,210388,231786,252813,273496,292642,309361,323904,337177,697406,355139,354714,351060,344177,335508,323978,309061,294523,277607,259276,240623,222748,204943,187619,171286,155112,141410,128603,117255,107058,97953,90991,84634,79666,76491,74324,72852,74321,77258,83389,98099,123654,162352,195725,161752
0,15,36,80,157,293,548,992,1612,2529,3808,5482,7874,10781,14671,19327,25368,32909,41266,51718,63795,76510,92116,108476,126443,146052,167205,188802,210370,231056,252545,273592,292486,309670,324400,335380,698501,354840,354494,351491,344799,333994,324091,309959,293939,277757,259000,241121,222686,204653,188069,171042,155484,141344,128716,116907,107329,98243,90776,84957,79589,76563,74213,73055,74383,77441,83440,98114,123754,162423,195962,161915
0,16,38,79,153,290,558,992,1585,2502,3827,5496,7800,10926,14522,19452,25568,32443,41444,51966,62919,76968,92290,108175,126332,145941,167315,188572,210277,231185,252688,273216,292506,309302,323892,336257,697154,354786,355308,350873,344608,334599,323357,310303,293950,278047,258970,241057,223232,204534,187932,171283,155206,141593,128673,117404,106884,98387,91049,84583,79858,76756,74091,73147,74371,77546,83607,98064,124174,162462,196003,162065
0,14,39,73,155,296,572,996,1568,2491,3805,5553,7754,10959,14477,19504,25400,32622,41393,51542,63165,76893,92194,107901,126623,145829,166889,188268,210758,231402,253128,272651,292006,309401,323258,336854,697035,354374,354834,351402,344386,334538,323886,309522,294258,278050,259660,240656,222922,204875,187530,171170,155386,141982,128454,117441,107206,98509,90828,84691,80198,76486,74059,73331,74659,77531,83778,98114,124301,162657,196134,162132
0,13,38,71,148,307,579,1019,1516,2512,3739,5634,7770,10923,14625,19273,25354,32668,41341,51456,63401,76884,91763,108361,126162,145703,167088,188509,209558,232236,252749,272329,292191,308982,323929,335544,697953,353603,355451,351253,343906,333907,324381,309924,294920,277224,259175,240631,223077,205195,187884,170861,155704,141616,129096,117153,107454,98394,90777,85213,80058,76553,74195,73095,74907,77715,83795,98286,124019,163179,196268,162211
0,13,37,70,147,311,593,996,1524,2536,3731,5521,7870,10916,14614,19245,25355,32871,41110,51342,63681,76876,91527,108312,126211,145721,166707,188424,209973,231527,253008,272625,291536,308166,324482,335655,697017,354578,353978,352517,342737,334238,323937,310468,295109,277503,258787,241208,221993,205948,187661,170983,156020,141551,129017,117595,107149,98595,90954,85195,79830,76832,74400,73200,74798,78094,83838,98218,124208,163218,196471,162330
0,15,33,67,157,305,580,1003,1556,2475,3786,5516,7772,10867,14551,19294,25393,32703,41324,51303,63538,76591,91925,108030,126046,145972,166755,188019,209675,231686,253092,272644,291320,308184,323650,335944,697263,353522,355527,350845,342988,334798,324133,310427,294410,277700,259093,240727,222654,205566,187930,170835,155579,142249,129257,117487,107077,98611,91228,85176,79953,76767,74579,73436,74868,77843,83862,98513,124189,163365,196785,162395
0,15,35,70,160,302,542,1020,1557,2482,3793,5468,7815,10810,14573,19353,25192,32866,41068,51756,63144,76843,91548,108048,126313,145834,166432,187847,209779,231642,252218,272933,291382,308454,323450,335543,696879,354619,354132,351100,343434,333974,323791,310725,294789,277334,259474,240950,222670,205743,187927,171082,155621,141728,129397,117870,107297,98564,91120,85073,80262,76740,74704,73538,74982,77789,83981,98467,124331,163430,197046,162558
0,15,37,65,171,274,573,999,1551,2489,3830,5414,7924,10696,14585,19298,25260,32701,41154,51524,63380,76564,91704,107933,126613,145495,166164,187395,210268,231482,252432,272464,290875,309089,323475,335319,697131,354185,354352,349965,343150,334758,323436,310770,295044,277396,259593,241035,222870,205153,188388,171139,155589,141619,129068,118110,107489,98725,91345,84936,80059,77014,74517,73959,75109,77808,84069,98571,124387,163561,197292,162604
0,15,39,66,178,264,563,1012,1533,2538,3761,5524,7790,10841,14436,19323,25289,32519,41268,51452,63305,76392,91366,108413,126445,145787,165552,187532,210419,231326,252222,272182,291084,308994,322876,335950,696541,354070,353616,350352,344185,334260,323793,310313,293948,278219,259606,241288,222455,205494,188052,171584,155444,141969,128698,117867,107957,98827,91462,85327,80044,76954,74439,74332,75060,77849,84162,98651,124368,163762,197491,162713
0,14,37,70,170,264,554,996,1608,2505,3762,5409,7947,10745,14323,19375,25229,32574,41308,51625,62920,76332,91410,108200,126089,145929,166389,187272,209821,230987,252857,271922,291457,307594,323804,335354,696328,353960,353583,350610,344148,334165,323348,309953,294800,277260,259977,242040,222089,205620,188074,171285,155765,141730,129322,117827,107860,98872,91587,85486,80053,76984,74532,74348,75139,77931,84084,99000,124405,163857,197692,162842
0,14,37,69,165,270,552,966,1668,2484,3719,5514,7855,10742,14304,19379,25302,32330,41483,51817,62938,75706,91580,108429,125851,145667,166606,186722,209561,231429,252267,272354,291146,308136,323031,336084,695641,353957,353239,351287,342865,334438,323635,309794,294678,277688,259722,241520,223025,205279,187865,171843,155709,141741,129270,118191,107563,99258,91658,85537,80069,77109,74696,74109,75260,78003,84228,99163,124480,163971,197861,162879
0,15,37,67,151,286,550,973,1632,2577,3672,5506,7789,10808,14271,19344,25277,32437,41495,51477,62459,76183,91728,108252,125774,145503,166105,187192,209582,230913,252170,272381,291040,308397,323177,335235,695998,353800,353521,350519,343353,334394,323480,309942,294269,277791,259841,241195,223073,205828,187925,171471,156127,141555,129780,117678,107640,99493,91912,85327,80043,77560,74611,74054,75339,78033,84411,99253,124725,163950,198027,163035
0,15,37,66,142,291,552,982,1592,2542,3737,5504,7771,10674,14503,19176,25160,32798,41311,51323,62435,76075,91294,108309,126087,145801,165356,187885,209254,230608,251590,272407,291002,309078,323088,334635,695486,354145,353896,349575,343605,334654,323868,309278,294629,277250,259791,241725,222989,205704,188322,171557,155934,141941,129060,118070,107952,99498,92017,84872,80790,77339,74759,74171,75183,78031,84761,99240,124873,164209,198204,162950
0,15,34,66,143,297,540,980,1625,2520,3722,5526,7758,10624,14402,19334,25160,32591,41440,51187,62553,75926,91145,108018,126352,145387,166030,187813,208650,230686,252144,272144,290825,308365,322889,334986,695631,354360,353429,349514,343062,334910,323739,309435,294617,277387,259719,241768,222835,205480,188427,171774,156292,141762,129170,118072,107539,100043,91969,85169,80495,77281,75099,74248,75407,77968,84829,99369,124900,164380,198535,162917
0,14,33,74,137,296,520,982,1657,2499,3777,5513,7689,10654,14348,19296,25301,32479,41206,51022,62765,76340,90828,108095,126139,144887,165799,187706,209238,230170,251929,272807,290694,307718,322648,335138,696308,353939,352209,350090,343777,334573,323140,309954,294230,277254,259750,241654,223153,205442,188511,172133,156338,141780,129233,118135,107801,99510,92156,85353,80613,77469,75169,74294,75324,78189,84860,99321,124964,164694,198858,162832
0,15,31,67,146,286,537,962,1636,2522,3802,5505,7702,10648,14406,19247,25186,32535,40809,51338,62871,76043,91348,107749,125621,145254,165635,187942,208123,230969,251563,271687,291293,308304,322160,335258,696059,352987,353076,350160,343528,333712,323821,309871,294295,276937,260106,241684,223004,205793,188633,171734,156921,141687,129433,117852,108218,99130,92265,85789,80727,77359,75301,74259,75448,78062,85141,99317,125232,164613,199140,162914
0,15,28,72,143,279,562,942,1625,2531,3780,5530,7685,10534,14410,19319,25199,32197,41207,51115,62878,76221,90959,107962,125706,144797,166149,187235,208640,230112,252418,270723,291033,307595,323345,334811,695833,353326,352746,349515,343662,334944,323629,309927,293734,277578,259173,241615,223223,205760,189338,171691,156311,141888,129489,118123,108354,99100,92210,85988,80727,77387,75428,74408,75380,78033,85156,99616,125324,164463,199462,163110
0,14,27,69,146,283,547,947,1644,2518,3805,5473,7624,10710,14431,19086,25146,32205,41162,51232,62879,75732,91176,107981,125336,144716,166544,187148,208157,230518,251822,271669,289770,308518,322326,334932,696091,352971,352677,349949,343111,335287,322752,310265,294034,277243,259145,241573,223987,206111,188603,171654,156600,141705,129779,118210,108189,99254,92051,86186,81001,77582,75149,74623,75366,78096,85489,99340,125444,164855,199519,163224
0,12,26,70,149,275,552,958,1633,2552,3735,5529,7671,10656,14293,19241,25051,32286,40866,51311,62805,75629,91366,107756,125563,144966,165643,187075,208284,231107,251283,270891,289937,307861,323169,334412,695781,353628,352730,350016,342186,334813,323841,310361,293661,277564,258962,241314,224001,206178,188523,172073,156443,142128,129749,118372,107784,99639,92056,86125,81064,77718,75118,74939,75263,78306,85497,99447,125604,164813,199878,163220
0,13,25,72,143,281,567,934,1641,2549,3751,5528,7727,10638,14304,19023,25121,32257,40903,51248,62834,75738,91133,107933,125764,144276,165566,187415,208311,230477,251232,270298,290749,306502,323972,335167,694436,354575,352929,348763,343024,334583,323642,309773,293840,277785,259108,241264,223965,206001,188320,172367,156703,142003,130125,118122,107868,100068,92061,86163,81156,77656,75304,74875,75345,78368,85429,99567,125804,164914,199944,163466
0,12,28,72,141,279,567,955,1612,2558,3775,5472,7712,10688,14205,19141,25058,32135,41113,51191,62464,76026,91336,107901,125152,145143,165113,186734,208708,229929,250629,270855,289759,307913,323287,334901,694762,353689,352701,350121,342212,334868,323581,309656,294270,276599,259651,241570,223653,205814,189381,172117,156316,142408,129703,118571,107842,99761,92568,86233,80768,78064,75428,74929,75495,78151,85497,99698,126126,164917,200135,163589
0,11,30,64,147,287,562,938,1626,2578,3768,5437,7746,10558,14320,19312,24735,32085,41240,51126,62557,76047,91027,107770,125245,144841,165412,186676,208051,230165,250864,269884,290633,307553,323130,334114,694584,354155,353547,349162,342688,334779,322555,310088,294754,276322,259483,242084,223560,206348,188626,172357,156085,142590,130163,118638,107571,99920,92860,85840,81251,78172,75548,74831,75616,78071,85553,100063,126142,164927,200176,163760
0,11,31,56,154,304,536,963,1609,2540,3743,5490,7727,10533,14283,19271,24940,31838,41201,51075,63072,75680,90776,107390,125584,145113,165152,186329,208204,229740,251005,269810,291226,306750,322250,334924,694404,353756,353137,349746,342911,334339,322831,309649,294249,278032,258892,241332,223939,206349,188868,172135,156573,142357,130260,118672,107997,99875,92630,86218,81131,78258,75790,74813,75374,78462,85710,100077,125924,165148,200385,163875
0,10,32,55,146,306,542,980,1596,2503,3754,5510,7759,10454,14272,19288,24928,31887,41010,51100,62972,75811,90443,107545,125600,144875,165273,186470,207434,230031,250301,270548,290158,307207,322930,334535,693837,353715,353249,349520,343121,334582,322302,309647,293852,277764,259687,241469,223957,205982,188824,172447,157036,142523,129638,118874,108305,99926,92342,86573,81130,78319,75899,74746,75684,78523,85728,100015,126148,165269,200525,163985
1,9,29,56,150,319,524,971,1606,2491,3791,5447,7724,10532,14380,19050,25178,31774,40591,51392,62786,75765,90553,107583,125303,144875,164979,186185,208115,229447,250420,270533,289430,307973,322018,334529,693712,353253,353469,350224,343391,333294,323062,309251,293816,278154,260008,241287,223764,205940,189081,172396,156827,142821,129871,118743,108590,99855,92356,86596,81364,78218,76102,74975,75712,78394,85896,100188,126263,165444,200594,163988
1,11,27,52,156,310,543,952,1626,2473,3794,5407,7767,10605,14279,19059,25146,31875,40599,51017,63105,75529,90537,107690,125478,144659,164612,186010,207857,229947,249995,270560,289383,308035,321262,334742,693655,353317,353785,349699,343402,333726,322473,309381,293837,278079,259851,241384,223775,206010,189317,171402,157835,142575,130125,119032,108547,99582,92386,86795,81939,77986,75869,75134,75821,78732,85781,100433,126231,165556,200733,164123
1,11,24,54,155,294,541,969,1601,2533,3750,5462,7738,10621,14086,19139,25036,32174,40581,50789,62771,75876,90846,107165,125510,144965,164361,185710,207811,229570,249968,270661,290240,306388,322010,334667,693271,352833,354337,349899,342814,333669,322727,308595,294517,278014,259072,241994,223711,206402,188922,171882,157422,143238,130168,118391,109024,99572,92653,86761,82013,78155,75791,75340,75833,78898,85702,100712,126083,165801,200869,164245
1,10,27,61,146,286,541,998,1537,2508,3801,5463,7754,10533,14165,19002,25071,32151,40614,50831,62721,75784,90723,107278,125286,145056,164189,185251,207957,229931,249980,270844,289691,306042,322038,333935,693282,353631,353855,350015,342877,333853,322702,308339,294122,278161,259661,241149,224012,206861,188812,171801,157283,143507,130087,118461,108714,100145,92526,86657,82496,78003,75861,75537,75631,79092,85982,100502,126154,166049,200937,164445
1,9,29,60,158,269,535,991,1586,2471,3762,5466,7693,10530,14269,19016,24944,32156,40570,50836,62458,76139,90724,107306,124684,145080,164479,184845,207917,229833,250376,270488,289413,305913,322011,333722,693964,353251,353258,350052,342924,333737,322825,308522,293755,278110,259829,241275,223915,206646,189050,171770,157462,143566,129830,119067,108540,99975,92632,87142,82264,78167,75933,75465,75939,79007,86168,100445,126258,166099,201207,164620
2,8,32,57,152,261,548,983,1584,2488,3760,5470,7726,10379,14231,19027,24965,32120,40740,50826,62427,75624,91050,107111,124753,144750,164364,185642,206919,229519,250664,270590,289077,306709,321412,334194,692837,353735,353132,349751,342875,334145,322131,308507,294025,278070,260704,240856,223382,206689,189095,172156,157400,143082,130203,119317,108492,100149,92744,87136,82028,78627,76107,75391,75783,79242,86233,100748,126100,166268,201378,164726
2,10,31,60,145,268,566,949,1577,2482,3757,5430,7660,10517,14176,18914,24971,32097,40931,50702,62356,75776,90704,106664,125001,144902,164610,185146,207044,229321,250641,270617,288818,306380,321728,334270,692209,353647,353132,349872,342789,333988,322477,308237,294202,277843,260209,241612,223347,206515,189280,172215,157342,143221,130176,119544,108377,100134,93270,86877,82076,78681,76352,75166,76000,79449,86250,100580,126348,166393,201570,164805
2,9,29,60,156,266,540,995,1586,2457,3739,5418,7720,10502,14126,18808,25041,32115,41003,50641,62282,75509,90694,106936,124883,144821,164098,185021,207406,229181,250572,269941,289708,306147,321347,333707,692087,353724,353342,349954,343003,334238,322036,308500,293479,277948,259783,241966,223864,206099,189851,171857,157520,142779,130566,119206,108884,100377,93298,86839,82136,78887,76371,75206,76062,79653,86089,100753,126661,166281,201644,164999
3,8,28,62,156,259,539,973,1606,2398,3810,5374,7719,10568,14027,19017,24973,32103,40556,50838,62216,75841,89861,107440,124725,144251,164422,185178,206736,229724,250291,270424,288828,306287,321397,333471,692587,353051,353495,349550,342987,333821,322947,307920,294036,277283,259737,242332,223966,206315,189528,171942,157667,142980,130027,119573,109285,100212,93188,86978,82383,79021,76301,75352,76024,79569,86374,100765,126913,166316,201767,165107
3,7,28,64,158,251,557,953,1581,2456,3740,5411,7686,10574,14029,18996,25034,32018,40287,51027,62113,75520,90625,106822,124888,144217,164320,185298,207122,228815,250253,269875,289000,306018,321828,333481,692236,352747,353664,349172,343177,333929,322197,308998,293538,277346,260447,241527,224104,206437,189587,172181,157416,143066,130173,119182,109600,100643,92927,87054,82593,78922,76258,75558,76115,79590,86589,100910,126868,166497,202035,165070
2,7,31,67,147,255,540,948,1600,2479,3672,5377,7696,10563,14012,19155,24995,32127,40210,50714,62425,75182,90578,106813,125227,144079,163728,185187,206747,229043,250705,268829,289725,305391,321373,334500,691099,353707,353663,348957,342408,334294,322260,308780,292788,278297,259939,242101,223860,206367,189645,172747,157216,143018,130386,119376,109647,100412,93008,87408,82278,79236,76456,75562,75933,80122,86348,100976,127058,166644,202101,165182
2,6,32,68,148,262,540,969,1550,2494,3660,5453,7569,10616,14132,18975,24894,32211,40201,50884,62005,75537,90486,106780,124791,144414,163452,184983,206818,229151,250258,269515,288754,306051,320879,334056,691969,353052,353110,349029,342586,334612,321510,308203,294374,277321,260216,242430,222975,207016,189597,172823,157400,143089,130550,119641,109380,100632,93062,87135,82446,79260,76388,75918,76213,79779,86606,100895,127440,166934,201837,165384
2,5,33,66,137,272,540,957,1561,2481,3649,5446,7561,10615,14083,19009,24829,32180,40460,50455,62230,75584,90523,106589,124616,144068,164148,184854,205829,230026,249727,269679,288542,306194,320876,332915,693076,352378,352726,349184,343220,333508,322133,308742,293344,277128,261000,241818,224026,206222,189362,173232,157773,142987,130856,119311,109638,100549,93036,87171,82571,79158,76687,76055,76066,79952,86623,100986,127608,167124,201915,165502
2,6,35,64,131,288,533,943,1559,2514,3622,5310,7603,10655,14088,18799,25039,32018,40425,50544,62303,75593,90150,106613,124515,144176,163722,185235,206382,229007,250033,269627,287601,305870,321962,333254,691869,353403,351859,349194,343089,333389,321900,309500,293044,277319,259785,242521,224018,206729,189332,172964,157912,143580,130435,119431,109629,100917,93036,87295,82383,79289,76726,76118,76118,79778,86941,101121,127618,167383,201906,165656
2,7,34,65,125,289,545,911,1581,2469,3689,5230,7699,10530,14146,18878,24826,32199,40497,50258,62269,75985,89747,106374,124462,144089,163568,185162,206789,228520,249688,269477,288563,305484,320986,333800,692161,352294,352501,348863,343454,333483,321512,309075,293915,276320,260413,242382,224307,206247,189861,173106,157906,143543,130963,119142,109392,100742,93695,86984,82701,79338,76740,76124,76183,79887,87057,100989,127967,167406,202051,165761
1,9,32,65,120,293,532,919,1609,2439,3660,5297,7638,10493,14210,18959,24729,32140,40452,50394,61823,75849,90123,106275,124234,143846,163899,185900,206798,227405,249689,269999,288307,305280,320686,333791,690902,352502,353286,348912,343281,332836,322316,308490,293875,276755,260513,241990,223538,207430,189668,172722,158270,143582,131290,119252,109241,100609,94173,87089,82585,79217,76971,76383,76494,79744,86857,101129,128086,167426,202121,165978
1,11,31,64,113,301,543,914,1569,2460,3663,5345,7595,10441,14209,19061,24682,32006,40434,50299,62055,75822,89999,106445,123985,143547,164072,185275,206701,228134,249333,269838,289142,304407,320693,332933,691304,352034,352674,350549,341871,332985,322465,308950,293474,277010,260215,242183,223931,207054,189758,173216,157600,144339,130774,119507,109482,100531,94178,87118,82820,79080,77213,76229,76641,79854,87171,100896,128287,167618,202210,166064
1,13,27,63,131,284,550,907,1562,2460,3696,5239,7701,10508,14147,18873,24843,31934,40545,50224,61978,75654,90241,106282,124276,143002,163696,185529,206662,227537,250076,269133,289099,304936,320040,333095,691792,351609,352170,349084,343159,333003,322342,308610,293628,277388,260341,242136,223973,207068,189821,173188,157629,144227,131443,119269,109600,100668,93900,87514,82577,79132,77450,76304,76928,79745,87145,101165,128178,167903,202268,166107
2,12,29,65,125,297,519,904,1567,2472,3664,5282,7719,10472,14090,18786,24809,32044,40535,50479,61744,75420,90249,106110,124635,142737,163734,185250,206443,228155,250089,268443,288297,306014,319924,332287,691739,352021,351532,349199,343055,333435,322113,308428,294268,277230,260153,242343,224177,206521,189739,173523,157460,144595,131248,119445,109247,101001,94076,87566,82661,79257,77460,76150,77020,79883,86982,101692,128104,168183,202293,166206
2,12,29,67,127,280,519,938,1554,2427,3680,5375,7642,10404,14094,18938,24812,32000,40320,50407,61886,75359,89927,106297,124173,143130,163513,185528,205955,228143,250151,268480,287660,305965,319652,333752,690725,351190,352553,349442,341942,333374,322155,309224,293358,277932,260051,241443,225563,205864,189664,173333,158136,144585,131124,119617,109217,100883,94253,87497,82727,79480,77310,76342,77236,80022,86994,101706,128050,168361,202561,166296
2,12,30,60,132,288,525,938,1545,2425,3727,5301,7610,10445,14255,18871,24723,31909,40196,50452,62055,75038,89657,106506,124200,143130,163451,184524,207052,228037,249473,268849,288186,304548,321612,331858,690964,352010,351007,350298,341355,333683,322208,308733,294262,277767,259227,242463,224269,206470,189403,173837,158165,144403,131551,119487,109367,100781,94340,87606,82831,79555,77425,76541,77098,80067,87199,101657,128050,168497,202750,166460
1,13,30,59,145,281,528,914,1552,2366,3805,5248,7475,10636,14224,18836,24624,31762,40664,50403,61745,74875,89633,106485,123891,143592,163668,183799,206563,228467,248787,269361,287856,304540,321052,333061,690715,350108,352179,349486,342750,333556,321493,309342,293463,278073,259225,242240,224847,206507,189644,173209,158569,144556,131523,119525,109416,100865,94154,87894,82992,79503,77321,76687,77244,80090,87484,101421,128470,168563,202650,166703
1,11,33,58,136,280,543,904,1565,2409,3742,5265,7495,10589,14280,18731,24591,31896,40464,50340,61727,75147,89455,106324,123839,143009,163956,184120,205890,228614,249528,268673,287842,304403,321089,333396,689323,351603,350628,349279,343025,333799,321312,309533,293880,277077,259866,241917,225010,207151,189150,173319,158886,144146,131424,120122,109682,100822,93879,88000,82936,79843,77343,76825,77151,80181,87516,101443,128787,168437,202902,166866
1,10,31,64,133,281,558,896,1568,2360,3749,5306,7564,10479,14224,18893,24610,31858,40341,50310,61574,75055,89803,106005,124146,142559,163800,184239,205694,228097,249715,269263,287509,304940,320461,333070,689375,350804,351867,348400,342664,333165,323159,308791,293201,277990,259495,242130,224887,206872,189328,173311,158859,144599,131897,119589,109855,101114,93689,87986,83041,79844,77382,76835,77203,80492,87361,101619,128916,168529,202829,167164
1,11,32,55,145,274,541,894,1554,2393,3747,5347,7593,10427,14173,18732,24710,31910,40316,50179,61613,75160,89846,105807,123759,142790,163729,184173,205726,227784,249917,269089,287180,305205,320460,332853,688910,351131,351234,348544,341879,334007,322587,308387,294466,277608,258981,242645,224187,207439,189238,173868,159025,144703,131881,119502,109555,101586,93451,88182,83222,79603,77851,76595,77469,80403,87440,101794,128984,168725,202887,167314
1,12,32,56,143,267,547,888,1540,2444,3732,5285,7607,10377,14119,18844,24724,31619,40648,49642,61910,75050,89682,106087,123571,143101,163068,184374,205661,228194,249168,268573,287112,305320,321259,332480,688894,350908,351449,348189,342204,333171,323146,308457,293667,277453,259677,242241,225012,206467,190138,173541,159180,144728,131572,119910,109718,101677,93278,88476,83204,79535,77948,76456,77687,80573,87478,101861,129103,168871,203043,167359
1,14,25,64,139,294,524,898,1563,2416,3701,5311,7577,10298,14188,18790,24498,32001,40254,49890,61728,74952,89736,105808,123857,142786,162936,184485,205973,227919,248755,268556,287615,304692,321152,331583,689265,351273,351293,348249,341983,333436,322644,308499,294061,277447,259372,242809,224405,206897,189679,174122,159077,144229,131900,120194,109910,101362,93902,87883,83701,79534,77986,76720,77681,80605,87612,101909,129229,168944,203087,167530
1,13,24,66,144,293,522,905,1535,2426,3639,5344,7526,10336,14290,18627,24646,31930,40369,49679,61586,75202,89255,106159,123200,142794,163181,184236,206497,227550,248696,267790,288297,304612,320535,331610,689923,350708,351559,347980,342225,333391,321698,308915,294509,276633,260318,242090,224708,206806,189876,174190,158634,144767,131520,120933,109473,101051,94454,88198,83331,79838,78045,76850,77510,80788,87713,102035,129313,169061,203269,167581
1,10,27,67,140,293,514,933,1487,2452,3676,5260,7541,10386,14073,18802,24604,32004,40076,49840,61843,75124,89378,105663,123466,142742,162578,184490,205908,227914,248707,268431,287233,305230,319365,331928,690068,350822,350552,347637,342827,333476,321338,309217,294064,277024,259922,242824,224339,206504,190536,174227,158971,144073,131929,120979,109630,101037,94560,88490,83086,80173,77967,76956,77636,80897,87636,102055,129617,169036,203410,167707
1,10,27,67,133,295,524,912,1503,2489,3620,5279,7534,10385,13910,18920,24631,31843,40120,49748,61879,74867,89902,105265,123850,142244,162581,184497,205881,227698,248927,268190,287323,304269,319358,332051,689432,351572,350124,347540,343096,333245,321824,308837,294193,277340,259372,242322,224729,207052,190527,174116,159024,143938,132386,120703,109861,101065,94640,88495,83428,80141,78121,76748,77816,80935,87587,102379,129658,169032,203548,167849
1,9,27,71,131,291,523,883,1537,2503,3586,5292,7589,10425,13782,18866,24705,31746,40145,49907,61305,75000,89996,105242,123740,142253,162370,184468,206434,227029,248330,268902,287347,303660,319851,331798,688906,351138,350504,347275,342881,334339,321379,308541,294237,277558,259439,242197,224527,207113,190454,173904,159341,144777,131684,120529,110351,101043,94648,88370,83669,80391,77979,76905,77739,81139,87911,102349,129470,169222,203683,168072
1,9,28,67,132,294,538,878,1523,2494,3574,5309,7601,10390,13710,18993,24636,31668,40097,49697,61672,75083,89655,104871,123830,142426,163056,183733,205630,227941,248357,268258,286632,304280,318793,333021,688671,350298,350546,347470,343531,333289,321827,308825,293525,277556,259748,242391,224701,206851,190329,174733,158916,144612,132158,120305,110557,101291,94301,88489,83907,80443,78079,76894,77947,81030,88099,102517,129419,169365,203748,168163
1,8,28,73,130,288,544,911,1453,2472,3653,5277,7611,10310,13723,18951,24578,31800,39975,49942,61713,75148,89204,105278,123619,142110,162917,184056,204967,228049,247959,268271,287178,303242,319548,332235,689076,350467,350527,347487,343385,333295,322177,308015,294151,277240,259638,242595,224460,206594,190476,174610,158998,144884,132030,120984,109981,101765,94544,88430,83959,80405,77936,77013,78128,80995,88280,102523,129389,169619,203813,168317
1,10,29,69,131,288,548,895,1463,2443,3678,5302,7540,10370,13873,18762,24405,31786,40099,49840,61886,74921,89178,105213,123414,142146,162688,183804,205855,227231,248873,267583,286868,303886,318503,332689,689353,349770,350754,347541,342560,333526,322820,307705,293188,277596,259895,242387,224755,207333,189702,174331,159644,144639,132209,120939,110550,101783,94512,88076,84354,80295,78099,76871,78202,81315,88290,102513,129479,169614,204107,168431
2,10,25,68,142,268,556,899,1434,2490,3606,5243,7595,10387,13851,18890,24405,31630,40129,49900,61771,75045,88765,105451,123310,142401,162232,184151,205298,227129,248191,268511,286807,304090,318283,332071,689110,349947,350756,347545,342273,333452,322373,308564,293566,277263,259758,241895,225221,206928,189866,174500,159638,144856,131937,120971,111025,101696,94485,88434,84045,80760,77906,77118,77911,81627,88191,102729,129432,169580,204431,168583
1,13,26,58,146,283,538,927,1448,2403,3649,5225,7606,10319,13990,18775,24412,31645,40063,50121,61461,74319,89652,105094,123505,142272,161975,184387,205297,227220,247552,268712,286463,304020,319178,330927,688483,351105,350483,348209,341857,333334,321544,308496,293511,277215,259716,242195,225272,207055,190112,174410,159034,145345,132150,120892,111087,101959,94628,88628,83918,80465,78199,77278,77925,81597,88131,103039,129567,169570,204553,168764
1,13,25,63,135,303,516,915,1509,2381,3611,5234,7520,10406,14081,18601,24710,31482,40058,50020,61325,74488,89229,105518,123020,142273,162552,183515,205285,227376,247966,268205,286303,303573,319125,330823,688710,351110,350805,347724,341415,333697,321240,308787,293289,277087,260366,242284,224853,207150,190121,174375,158990,145333,132433,120931,111004,102495,94449,88545,83977,80625,78243,77290,77987,81635,88248,103203,129579,169755,204666,168847
1,13,26,62,135,305,528,900,1542,2321,3622,5239,7552,10270,14209,18615,24447,31600,40037,50035,61377,74792,88853,105342,122961,141779,162931,183965,205089,226525,248330,267700,286479,303501,318708,331320,688262,351026,351584,347097,341871,332515,322791,307342,293817,277086,260154,242234,225134,207110,190222,173950,159859,145100,132479,121291,110580,102905,94371,88353,84047,80756,78354,77153,78146,81754,88427,103161,129658,169771,204866,169071
1,11,28,65,139,298,563,895,1518,2321,3539,5352,7435,10240,14183,18611,24384,31798,40111,49674,61728,74560,88684,104936,123111,142123,162302,184360,204981,226493,247760,267826,286363,303352,318767,331524,687314,351479,351042,347656,341487,332835,322201,307859,294300,276268,260360,242628,224839,207125,190507,174104,159852,145066,132354,121112,111036,102763,94706,88442,84057,80676,78455,77558,78093,81606,88442,103190,129826,169812,205075,169247
1,10,28,65,142,305,568,879,1497,2361,3556,5333,7407,10204,14179,18659,24289,31716,40076,49818,61717,74147,88926,104994,123008,141949,162619,183868,205088,226761,247173,267665,286094,303432,319457,330949,686931,351274,351789,347122,342132,331716,322456,308055,294119,276892,259517,243039,225329,206509,190424,175355,158709,145728,131958,121214,111178,102710,94895,88419,84053,80952,78335,77581,78393,81467,88594,103373,129579,169952,205170,169549
2,9,27,57,156,311,545,910,1477,2389,3562,5267,7358,10434,13965,18605,24532,31453,40080,50113,61254,74254,88960,104912,122980,142145,161828,184281,205454,226519,246125,268219,286765,303298,319257,330207,687518,350905,351171,347632,341512,332760,320856,309346,293525,276608,259925,243184,225102,206544,190845,174747,159226,145273,132668,120984,111394,102684,94892,88262,84190,80945,78598,77815,78428,81540,88452,103411,129858,169817,205487,169594
2,9,26,58,154,311,534,945,1460,2361,3584,5193,7452,10389,13893,18748,24312,31543,40188,50085,61102,74284,88219,105869,122828,141580,162607,183600,205164,226608,246221,267461,286552,304035,318555,330248,687355,350544,351011,348206,341683,332711,321743,308820,292996,276678,260295,242672,224740,206848,191492,174329,159249,145243,132811,121389,111327,102392,95007,88748,83961,81238,78444,77887,78298,81916,88402,103520,129947,169739,205858,169729
5,6,25,62,155,289,542,935,1465,2384,3588,5215,7466,10249,13996,18594,24417,31292,40266,50122,61182,74031,88321,105749,122556,142407,161575,184044,204721,226533,246320,267912,286236,303182,318135,330892,687790,350609,350574,347959,341353,332849,321467,308330,293706,276524,260447,242617,224835,207224,191064,174633,159435,145607,132201,121998,111059,102229,95375,88743,84123,81108,78519,77776,78701,81846,88663,103557,129820,169818,205987,169993
3,9,23,60,155,312,514,929,1490,2364,3600,5275,7345,10270,13934,18604,24332,31490,40127,49961,61533,73741,88272,105358,123095,141416,162221,183766,204979,226462,246284,268159,285896,303302,317238,330566,688397,350692,350141,347464,341845,332860,321578,307687,294156,276608,260349,242505,225018,207359,190547,174979,159773,145622,132158,122010,111390,102341,94960,89061,84032,81271,78431,78057,78659,82064,88991,103168,129894,169968,206231,170057
3,9,22,63,150,314,532,899,1470,2399,3552,5312,7359,10246,13826,18585,24337,31669,39943,49931,61241,73800,88696,104763,123099,141517,162203,183633,205102,226307,246685,267391,285612,303143,317483,330453,688170,351284,349466,347679,342212,332791,321318,307981,293396,276864,260203,242903,224572,207225,191043,175101,159742,145465,132750,121459,111437,102671,95093,89065,84034,81276,78663,78036,78757,82271,88837,103367,129742,170208,206285,170293
3,9,23,62,147,320,546,900,1471,2353,3608,5205,7465,10199,13866,18529,24300,31463,40077,49760,61176,74086,88447,104757,123042,141385,162556,183455,204739,226911,246267,266123,286520,302990,316765,331214,687816,350695,349975,347457,341960,332958,321120,308071,293257,277563,260026,243074,224129,207698,190686,175215,159490,145853,133114,121134,111561,102656,95144,89378,83969,81364,78484,78296,78893,82078,89371,103168,129878,170294,206289,170555
3,9,27,60,153,300,565,894,1421,2426,3556,5228,7427,10297,13846,18414,24421,31320,39982,49762,61043,74185,88495,104525,122739,142160,161923,183339,204770,226160,247142,266072,286097,302976,317011,330872,687935,349749,350021,348099,341718,332721,321241,307865,293323,277078,260978,242110,225347,207170,190542,175460,159612,146244,132883,120892,111518,102857,95456,89292,84441,81028,78624,78423,78831,82320,89235,103132,130164,170208,206585,170686
2,10,24,71,151,292,579,871,1471,2353,3599,5249,7466,10142,13920,18450,24344,31292,39953,49526,61079,74205,88602,104780,122141,141944,162117,183702,204226,226508,246365,266357,285756,303139,318020,330090,687018,350622,349238,348658,341923,331873,320888,308486,293373,276584,261073,242212,225253,207288,191122,174941,159631,146274,132985,121606,111034,103092,95293,89228,84824,80871,79205,78154,79134,82116,89345,103290,130121,170119,206940,170798
3,8,24,78,145,297,584,863,1469,2380,3558,5255,7380,10293,13790,18526,24165,31463,39817,49800,60821,73931,89071,104759,121768,141907,162053,183550,204606,225738,246698,266135,285463,302815,318602,330180,685989,350676,349661,348332,341869,332093,320521,308560,293961,276577,260737,242411,224626,207691,191551,174547,159455,146686,133204,121618,111170,102945,95396,89280,84850,81189,78935,78235,79252,82269,89302,103495,129890,170373,207102,170965
2,7,23,74,153,296,549,895,1478,2329,3618,5212,7383,10196,14058,18367,24121,31547,39747,49828,60610,74056,88849,104799,122015,141629,161859,183345,204733,226100,246070,266168,285150,303597,317373,330518,686109,350422,350630,347541,341086,332963,320198,308814,292796,277239,260621,242599,224744,207442,192137,174544,159212,146888,133140,121384,111586,102683,95566,89393,85003,81308,79116,78344,79169,82239,89101,103824,130011,170341,207209,171252
2,7,22,71,146,293,577,878,1462,2368,3643,5137,7353,10314,13915,18401,24144,31544,39759,49487,60876,74151,88822,104416,122407,141156,162114,183052,204723,225253,246785,266261,285141,303133,316829,330608,686370,350605,349756,347683,341183,332180,321737,306922,294130,277016,260915,242234,224868,208006,191359,174941,159591,146458,133711,121258,111827,102551,95565,89461,85086,81310,79336,78240,79329,82178,89267,103773,130198,170222,207339,171553
2,7,18,70,150,289,564,883,1502,2358,3560,5170,7368,10203,13825,18557,24291,31160,40012,49411,60935,74074,88417,104740,122646,140895,162180,183072,204120,225853,245959,266395,285417,302901,316575,330531,686445,349714,350704,346684,341676,332452,320962,308032,293345,278142,259841,242498,225160,207637,191523,174623,159650,146553,133750,121633,111675,102645,95689,89356,85267,81306,79506,78489,79387,82213,89256,103471,130290,170546,207418,171760
3,6,21,68,142,306,564,858,1491,2372,3588,5213,7320,10194,13801,18541,24205,31343,39727,49608,60995,73786,88577,104455,122333,140991,162383,182477,203877,226108,245790,266388,285972,302323,316849,329719,687257,349867,350365,346720,340906,332826,321340,308120,293075,277232,260363,242528,225583,207674,190819,174713,160456,146190,133609,122112,111637,102702,95530,89565,84804,81773,79617,78486,79362,82618,89348,103360,130505,170268,207695,171989
2,6,22,72,140,309,552,873,1464,2420,3560,5206,7325,10147,13894,18402,24213,31511,39558,49599,60919,73829,88685,104443,122047,141357,161479,182888,203994,225531,246016,265714,286491,302372,316813,329529,687016,350446,349048,347324,340927,332334,321957,307475,293139,277426,260260,242457,225881,208053,190005,175834,160451,145799,133416,122372,111882,102632,95542,89593,84763,81854,79675,78472,79743,82453,89378,103330,130787,170286,207858,172158
2,6,21,71,133,321,543,885,1421,2482,3553,5164,7354,10210,13823,18512,24130,31550,39354,49364,60921,73905,88710,104425,122209,141223,161176,183242,203790,224951,246303,266502,285120,302935,316869,328920,687288,350139,349309,347532,340594,332118,320891,307822,294175,276993,260196,242862,225733,207713,190252,175830,160641,145536,133836,122204,112004,102492,95698,89642,84839,81903,79940,78519,79715,82443,89620,103466,130679,170174,208116,172394
2,8,21,64,134,327,553,843,1463,2482,3589,5155,7315,10147,13910,18558,24008,31423,39398,49311,61101,73850,88117,104914,121992,141342,161120,182515,204242,224821,245833,266351,285376,302303,317219,329715,686195,350064,350137,345811,341253,332539,321233,307644,293544,277092,260119,243536,225273,207540,190760,175779,160643,145776,133845,122067,112079,102650,96164,89370,85167,81779,79634,79058,79564,82308,89871,103471,130722,170260,208325,172614
1,9,24,64,139,307,542,861,1489,2476,3535,5191,7258,10201,13907,18528,24071,31204,39440,49522,60660,73790,88702,104086,122252,141317,161216,182409,203948,224427,246347,266100,285421,302140,317471,329691,686304,348989,349905,346350,341669,331895,320930,308421,293084,277254,259977,243434,225490,207799,190709,175959,160192,145995,133811,122401,112144,102673,95922,89755,85101,82014,79939,78612,79647,82571,89532,103805,130602,170591,208420,172766
1,10,25,64,139,306,540,888,1483,2414,3516,5192,7229,10221,13946,18463,24083,31225,39254,49570,60551,73985,88427,104373,121291,141634,161784,182331,203515,224418,245980,266055,284855,302634,317781,329427,686574,348001,350273,345604,341979,332347,321013,308022,293966,276547,260694,242421,225744,207781,191068,175850,160375,145926,134035,122117,112292,102867,96006,89962,85213,81957,79887,78789,79730,82459,89710,103721,130614,170555,208651,173048
1,11,28,59,132,316,546,874,1519,2362,3496,5210,7335,10200,13865,18312,24265,31225,39203,49358,60702,73657,88530,104414,121571,141312,161221,182511,203610,224635,245306,265834,285336,302600,317540,329619,685919,348547,349075,346824,340190,333591,320809,308667,294055,275899,260289,243366,225015,208206,190879,175783,160513,146455,133744,122011,112604,102850,96168,89871,85017,82261,80002,79058,79774,82175,89830,103963,130475,170740,208771,173297
2,12,26,49,143,300,570,887,1515,2342,3448,5242,7330,10248,13787,18376,24266,31098,39312,49323,60958,73266,88623,104217,122134,141278,160607,182276,203752,223834,246099,265477,284794,302877,317150,330437,685013,349339,347796,347594,339418,333577,321635,308951,293068,276397,260002,243491,225499,207642,191007,175581,160631,147288,133051,122230,112889,102945,95997,90117,85307,81999,80039,79199,79715,82295,89804,104160,130514,170768,208853,173542
2,11,25,54,159,283,570,869,1515,2317,3514,5264,7277,10134,13783,18459,24060,31285,39334,49496,60628,73425,88616,103941,122262,141058,160869,181827,203633,223923,245723,265504,284844,302184,317718,330413,685464,348142,348863,346344,340505,332495,322525,308651,292660,277076,260131,243085,225690,207304,191212,175563,160612,146864,133674,122053,112736,103508,95956,90054,85407,82140,80081,79420,79626,82531,89599,104222,130719,170688,208936,173893
2,11,26,53,156,282,564,875,1515,2346,3497,5255,7187,10231,13760,18428,24160,31207,39455,48946,60748,73732,88226,104203,122288,140895,160535,181956,203246,224453,245978,264422,284924,302732,317308,330221,684932,347977,348962,345814,341241,332671,322124,309044,292593,277213,260382,242378,225673,207818,191293,175506,160297,146991,133594,122647,112470,103494,96261,90205,85242,82214,80119,79406,79912,82591,89726,103972,130754,170999,208961,174109
2,12,23,56,149,278,552,883,1518,2306,3563,5227,7148,10295,13549,18696,24133,31086,39090,49276,60709,73705,88129,104354,122089,140358,161033,182181,203578,224241,245000,265372,283961,302506,317819,329959,684567,348149,348048,346942,340345,332925,321719,309638,292266,277290,260023,242966,225820,208015,190973,175686,160237,146793,134060,122258,112587,103571,96579,89977,85678,82278,79894,79750,79930,82455,89893,104117,130701,171004,209129,174309
3,12,23,62,147,282,545,893,1501,2301,3513,5264,7133,10372,13535,18612,24376,30951,38944,48880,61214,73512,88151,104168,121689,140649,161083,181917,203154,224327,245703,264437,284254,302798,317227,330271,684681,347631,347865,346955,340678,333243,321082,308678,293338,277281,260056,242904,225947,208139,191094,175381,160457,146586,134007,122619,112425,103657,96875,90055,85601,82038,80445,79549,79924,82692,90178,103920,130741,171044,209297,174442
3,12,23,59,146,291,554,891,1474,2344,3505,5248,7164,10233,13657,18414,24465,30838,39232,48809,60849,73725,88126,104203,121495,140818,160598,181618,203311,224222,245285,265198,283784,302525,317317,330714,684616,347247,348209,346335,340478,333277,322026,308216,293034,277115,260147,242935,225218,208907,191246,175158,160721,146647,133955,122740,112631,103702,96477,90157,85945,81937,80627,79531,80076,82711,90239,103885,130855,171180,209568,174510
3,13,23,67,130,290,569,877,1518,2269,3552,5208,7216,10130,13773,18474,24333,30970,39172,49022,60588,73545,88072,104051,121257,140794,160998,181679,202990,224293,245187,265125,284100,301781,317140,330609,684087,347254,348477,345845,341891,332806,321614,308276,293019,277192,260123,243226,225181,208336,191353,175235,160951,146803,133866,122680,112952,103868,95995,90621,85901,82439,80472,79384,79945,83027,90100,104064,130977,171211,209741,174678
3,14,20,67,130,293,566,872,1512,2308,3558,5106,7349,10136,13623,18498,24302,30940,39133,49097,60644,73455,88071,103819,121503,141116,160838,181223,202463,224714,244815,265189,284532,302283,315922,330362,683744,347359,348895,345924,341548,332871,322162,307237,293243,277209,260250,242949,225333,208493,190776,176081,161071,146866,133931,122217,113069,103751,96501,90296,86103,82788,80460,79315,80033,83134,90165,103975,131106,171063,210221,174793
4,12,22,62,135,284,569,882,1503,2293,3551,5152,7297,10168,13645,18304,24345,30842,39555,48886,60352,73540,88277,103503,121890,140347,161138,181018,202268,224159,245006,264829,285435,301391,316695,329480,683677,347465,348715,347160,340312,332944,321106,307929,294314,276701,259957,243581,225085,208288,191414,175816,160919,147377,133751,122223,112650,104089,96329,90890,85958,82833,80466,79335,80345,83017,90276,104165,131167,170979,210293,175043
4,11,18,67,132,295,540,898,1515,2308,3489,5104,7356,10159,13617,18245,24370,30986,39272,49132,60305,73577,87894,103631,121271,141010,160787,181270,202226,223895,244780,265116,284997,301480,317114,328938,683890,347707,347495,347435,340374,332678,321319,308449,293137,277022,260476,243159,225524,208100,191316,175829,161312,147247,133645,122694,112639,103680,96778,91013,85740,83093,80388,79606,80392,82885,90468,104202,131080,171101,210476,175250
3,10,23,63,148,301,498,935,1511,2284,3492,5138,7251,10198,13737,18166,24091,31044,39196,49046,60592,73169,88051,103887,121192,140544,160531,181468,202823,223257,245010,265072,284659,301476,316596,328995,684132,347147,349004,346469,340697,331808,321563,307374,294049,277166,259942,243126,226115,207798,191470,176208,160994,147248,133883,122483,112989,104012,96420,91012,86119,82973,80792,79436,80405,82901,90523,104287,131129,171234,210391,175652
3,10,25,64,147,297,515,930,1454,2281,3523,5188,7321,10108,13563,18284,24054,30981,39211,49070,60304,73524,87938,103629,121372,140234,161162,180685,202585,223323,244708,265321,285427,300908,316034,329587,682949,348320,348097,345697,340896,332143,320824,308890,293909,277413,259570,242823,225306,208768,191769,176087,161119,147521,133691,122419,113109,103717,96988,90734,86060,83274,80759,79321,80695,83123,90215,104555,130936,171652,210405,175884
4,8,24,61,149,313,512,901,1474,2342,3490,5178,7367,9920,13751,18149,24066,30900,39407,48857,60519,73349,87726,103800,121183,140485,160693,181063,202570,223596,244454,265218,284401,300620,316762,329253,683171,348026,348296,345374,340801,331805,321178,308927,294064,276931,260206,242279,225927,207991,191667,176544,161399,147400,133806,122557,112900,104108,96796,91090,86216,83127,80589,79511,80830,83371,89838,104950,130695,171886,210510,176077
4,7,24,60,148,313,508,908,1496,2323,3476,5167,7276,10034,13758,18160,23810,31256,39209,48907,60250,73417,87713,103795,121269,140399,161003,180851,202092,223639,244893,264446,283956,301586,316716,328739,682342,348618,348410,345860,340432,331874,320061,308912,294194,277326,259980,243006,225633,208400,191196,176320,161637,147500,133581,123009,113102,103769,96850,91291,86152,83316,80553,79662,80791,83436,90123,104865,130687,171879,210499,176534
4,8,21,65,137,316,513,903,1479,2278,3530,5132,7366,9960,13667,18137,24027,30963,39280,49121,60187,73309,87408,103850,121115,140548,160466,180876,202320,223243,245353,264157,283889,301517,316557,329240,682296,347233,348997,345732,340518,331025,320429,308505,294510,277766,260453,242747,225430,208487,191691,175867,161766,147281,133800,123083,113253,104005,96990,91096,86325,83430,80650,79728,80415,83756,90232,105020,130614,171997,210622,176717
4,9,19,65,138,314,515,902,1433,2376,3480,5060,7408,9974,13812,17993,24050,30690,39289,49113,60055,73331,87762,103755,121498,140182,160016,181047,201979,223894,244382,264636,283410,301010,316828,329311,682062,348391,348147,345575,339142,332529,320833,307536,294421,277612,260326,242726,226438,208549,191383,176201,161545,147302,133828,123294,112842,104363,97053,91216,86263,83741,80765,79541,80570,83783,90061,105108,130841,172034,210770,176877
3,10,23,62,142,301,522,889,1459,2363,3463,5040,7412,10045,13680,18072,23909,30825,39255,49092,59895,73376,87817,103669,121991,139326,160057,180944,202329,223619,243976,264862,283692,300367,317518,328287,682379,348336,348099,345585,339681,331278,321264,308082,293427,277783,260676,242980,226114,208461,191388,176212,161695,147045,134657,123006,113069,104048,97384,91260,86162,83660,81089,79561,80668,83797,89991,105392,130757,172108,210897,177125
3,11,21,65,144,293,521,903,1465,2362,3408,5080,7397,10098,13587,18237,23574,31065,39305,48724,60062,73563,87162,104040,121557,139829,159771,180804,202535,223472,244224,264698,283381,301154,315654,328947,682558,347993,348328,345358,339675,331593,319979,308681,293884,277347,260585,243577,225210,209156,191701,176033,161873,146908,134626,123268,113230,103920,97153,91433,86831,83110,81181,79789,80611,83964,90048,105342,130729,172403,210881,177334
4,9,20,66,143,307,506,887,1525,2306,3455,5094,7321,10119,13535,18107,23898,30861,39187,49030,59967,73017,87631,103791,121104,140282,159874,180215,202626,223459,244703,263934,283470,301089,315827,328672,682416,347708,347968,345680,340147,330996,320744,308179,294005,276811,260718,243042,226050,209011,191729,176808,161261,147004,134708,123199,113458,104381,96581,91402,87126,82825,81238,80263,80546,83936,90264,105220,130904,172336,211116,177587
4,11,21,66,136,307,505,917,1476,2341,3467,5083,7237,10172,13617,18115,23677,31062,39201,48725,60231,72873,87371,104027,120966,139775,160185,180412,202415,223451,244447,264322,283596,300810,315318,328401,683034,346589,348471,346017,338935,331822,320468,307865,293769,276924,261450,242990,225654,209002,192239,176529,161209,147324,134689,123090,113772,104262,97017,91061,87466,82726,81364,80370,80696,83873,90362,105356,130792,172452,211198,177831
3,10,24,68,140,306,529,875,1501,2332,3437,5094,7174,10139,13676,18176,23786,30837,39169,48752,60142,72845,87584,103535,120796,140019,159841,180711,202054,223269,244658,264256,284060,299914,315618,328570,681895,347811,348059,344903,339828,332074,319933,308110,293384,277626,260721,243403,225954,208387,191988,176775,162242,146735,134876,123463,113265,104731,97029,91097,87246,82848,81550,80541,80599,83845,90446,105420,130671,172605,211364,178084
3,11,22,63,158,294,525,861,1507,2383,3402,5122,7232,10007,13613,18231,23874,30884,38827,48791,60388,72788,87434,103541,120964,139698,159888,180366,202377,223268,244333,265070,282966,300807,314577,328890,681167,347612,347623,346029,339672,331960,320130,307612,293590,277505,261098,242552,226411,208550,192246,176816,161619,147328,134671,123752,113129,104601,97222,91269,87145,83065,81398,80687,80692,83911,90689,105163,130868,172699,211323,178439
3,12,23,60,161,297,528,890,1460,2396,3412,5134,7148,10157,13598,18210,23725,30770,39028,48884,60019,72901,87603,103240,120754,140002,159936,180295,202170,223229,244381,264470,282349,300930,315783,327838,681755,347261,347646,345413,340093,331944,320316,307266,293427,277559,261128,242513,226794,208553,191975,177077,161301,147653,134598,123760,113311,104795,97387,91205,86807,83720,81129,80866,80716,83993,90675,105245,130787,172665,211456,178823
3,9,27,61,153,295,529,867,1535,2303,3435,5095,7253,10048,13663,18128,23757,30618,39071,49007,59949,73206,87306,103042,120794,140137,159567,180355,201982,223119,244727,264010,282667,300222,316514,327578,680469,347542,348626,345115,340328,331421,320053,307731,293320,278013,260155,243672,225826,208486,192349,177068,160936,147965,135514,122995,113661,104990,97183,90948,86753,84070,81426,80659,80769,83916,91042,105209,130702,172563,211709,179192
3,9,23,64,155,295,536,896,1484,2363,3349,5100,7212,10140,13499,18173,23834,30712,38864,48928,60157,72636,87757,102958,120701,139626,160038,180091,202338,222882,243765,264275,282818,300627,316050,327933,680010,347867,348045,345471,340254,331004,320470,307336,293907,277378,260097,243699,225394,208867,192757,176362,161626,147763,135795,123080,113698,104989,97290,91153,86666,84114,81534,80624,81098,83817,91124,105317,130462,172739,211729,179581
3,9,24,59,153,289,548,922,1438,2348,3372,5142,7262,9921,13653,18069,23813,30624,39001,48747,60033,72903,87486,103035,120482,139793,159291,181290,201701,222128,244467,264506,282652,300967,315391,327192,680437,347400,348082,345438,340287,331107,320600,308162,292832,277084,260519,243604,224809,209388,192506,176939,161567,147641,135575,123932,113310,104875,97513,91461,86991,83824,81462,80670,81353,83856,91130,105302,130649,172595,211945,179849
3,11,23,61,155,304,541,877,1466,2306,3437,5127,7275,9901,13538,18170,23741,30768,39064,48590,59865,72932,87345,103375,120358,139490,160089,180309,201832,222156,244327,264345,282521,300620,315578,327290,679502,348464,347468,345650,339800,330809,321169,307899,292497,277937,260286,243755,225594,208470,192273,177502,160798,148376,135107,124085,113664,104633,97822,91291,87390,83525,81954,80468,81337,84238,91148,105043,130890,172685,212006,180083
3,12,21,67,148,311,536,881,1464,2260,3471,5163,7169,9898,13603,18157,23723,30885,38810,48852,59864,72725,87301,103388,120269,139690,159580,180307,201860,222571,243502,264493,282641,299949,316030,327041,679524,348277,347578,344928,340484,331024,320467,307850,292950,277672,260448,243820,225794,208014,192522,177422,161290,147891,135419,124133,113713,104597,97678,91889,87133,83568,82085,80494,81367,84372,91268,104949,130914,172502,212430,180297
3,12,18,67,150,320,518,876,1454,2276,3411,5220,7140,10000,13437,18170,23987,30667,38844,48800,59658,73213,86777,102980,120733,139530,159686,180045,201655,222524,243871,264188,282465,299925,315203,328399,679169,347993,347525,344900,339500,332216,320685,307544,292745,277442,260218,243363,226095,208925,192135,176718,162063,147488,135836,124199,114036,104520,97607,91893,87137,83918,81886,80669,81442,84614,91192,104962,130948,172444,212653,180506
4,10,21,60,156,299,538,859,1482,2269,3401,5195,7157,9980,13470,18149,23896,30502,39025,48560,59895,72779,87228,102807,120530,139558,159264,180508,201228,222950,243615,263876,282531,299593,315890,327602,679757,347291,347778,344674,340043,330919,320493,308250,293114,276710,260547,243202,226690,208783,192219,176634,161886,147878,135436,124781,113636,105141,97449,92098,87094,84205,81809,80538,81390,84926,91021,105145,130986,172255,213020,180723
4,10,20,66,145,303,520,905,1492,2207,3439,5144,7212,9904,13593,18122,23788,30605,38848,48656,59871,72350,87144,103005,120195,139919,158933,180027,201718,222454,244375,263516,282036,300219,315328,327402,679942,347226,347386,344625,340250,331283,320201,308105,293289,277041,260307,243102,226583,208526,192724,176803,161430,148408,135280,124657,113609,105450,97755,91746,87497,84235,81699,80583,81700,84775,91052,105146,131165,172294,213049,181010
4,9,20,71,151,304,507,928,1459,2229,3497,5021,7279,9882,13475,18307,23783,30699,38711,48523,59819,72511,86765,102826,120578,139662,158982,180017,201028,223202,243503,263094,283135,299785,315012,327195,680571,347042,346897,344843,339919,331520,320652,307127,293798,276986,260392,243163,226061,209343,191995,177076,161900,147876,135842,124503,113760,105202,98176,91738,87290,84276,82094,80450,81739,84739,91362,105210,131058,172495,212934,181406
4,9,19,75,153,299,515,913,1455,2291,3482,5034,7151,10021,13440,18195,23777,30570,38952,48634,59918,71995,86920,102404,121225,139114,158745,180028,201298,223014,243192,263260,282977,299765,314868,326919,680869,347163,346211,345114,340234,331722,319965,307691,293270,276564,261046,242477,226464,209066,192868,176701,161630,148401,135631,124450,113748,105888,97682,92011,87344,84322,82024,80828,81477,85107,91184,105277,131127,172688,212666,181867
4,8,24,72,147,303,526,909,1419,2333,3470,5047,7120,9998,13473,18181,23796,30547,38957,48510,59612,72232,87058,102472,120838,139028,159139,179830,201003,223040,242687,263409,283010,299637,314222,327861,680059,348209,345872,344656,340100,331773,320023,307933,292268,277450,260702,242646,225856,209257,193231,177055,161611,148321,135220,124578,114504,105356,98314,91633,87495,84168,82078,81078,81715,84759,91500,105428,130961,172704,212781,182192
4,8,22,76,151,290,530,904,1443,2365,3430,4991,7114,10144,13352,18081,23973,30490,38991,48531,59199,72503,86864,102734,120590,139411,159060,179498,201142,222533,242739,263137,282681,299821,315323,326261,680338,347276,347089,344054,339792,332611,320068,307647,292115,277496,260199,243334,226127,208938,192827,176781,162261,148143,135801,124056,114536,106049,98089,91627,87620,84039,82262,81266,81452,85100,91508,105488,131069,172600,212984,182380
4,8,23,75,149,297,544,884,1461,2325,3412,4965,7215,10108,13408,17955,24022,30609,39019,48360,59223,72482,86865,102186,120475,139576,159112,179417,201492,221652,243317,263440,281970,300128,314469,326817,679823,347004,347762,343609,339678,331916,321398,307083,292724,276910,260662,243170,226197,208510,192911,177150,162085,148392,135713,124382,114044,106025,98417,91683,87771,84021,82504,80992,81707,85020,91787,105546,131120,172660,213117,182451
4,7,25,75,152,290,570,858,1472,2335,3438,4941,7206,9979,13382,17963,23980,30743,38841,48458,59534,72246,86864,102143,119876,139809,158766,180182,200566,222644,242305,264036,282216,299281,313820,326688,680039,347232,347417,344251,339398,331486,321402,307349,292653,277027,260592,243173,225962,209158,192620,177198,162211,148360,135696,124738,113938,105920,98360,92205,87458,84185,82621,80902,81941,85228,91641,105700,130951,172622,213374,182705
3,8,27,67,155,298,533,869,1469,2301,3462,4957,7144,10000,13467,18114,23778,30723,38851,48316,59448,72366,86603,102453,120077,139100,159064,179105,201296,222700,242832,263300,281597,299325,314117,326600,680495,347178,346261,344783,338939,332531,320448,307749,292582,277627,260054,243494,225729,208532,192868,178039,161777,148315,135857,124759,113920,106040,98475,92278,87366,84553,82341,81000,82290,84974,91796,105686,131008,172703,213366,183070
3,7,27,66,161,291,532,867,1496,2269,3489,4992,7092,9973,13521,18060,23919,30610,38667,48507,59424,72224,86686,102234,119853,139251,159245,178994,201231,222042,243009,263573,281242,299285,313926,326385,679941,347714,346923,344171,339503,331675,320276,308263,293064,276686,259761,243956,225196,209250,193122,177729,161796,148593,135821,124738,114312,105851,98110,92875,87342,84815,82164,81081,82537,84929,91798,105633,131283,172598,213376,183373
3,6,30,59,160,293,550,852,1498,2287,3466,4964,7137,9891,13419,18366,23571,30712,38844,48388,59350,72289,86437,102341,119978,139279,158549,179580,200506,222329,243166,263008,281134,299055,314511,326223,679562,347245,346614,344648,340180,331543,320123,307125,293629,276911,260538,243487,225358,209384,192881,177449,161860,148800,135905,125010,114106,105786,98669,92364,87511,84630,82467,81301,82547,85070,91808,105484,131375,172720,213493,183594
3,7,28,60,151,299,543,855,1503,2231,3492,5036,7098,9872,13402,18308,23746,30542,38747,48653,59169,72284,86330,102661,119857,138480,158906,179536,200614,222642,242590,262832,281911,298675,314175,325845,679953,345921,346593,346004,339593,330849,320124,307263,293188,277819,260469,243655,225482,209233,193189,176970,162180,148938,136046,124740,114371,105513,98671,92740,87600,84734,82536,81183,82466,85329,91812,105628,131318,172728,213572,183915
3,4,34,58,156,288,543,861,1494,2245,3508,4955,7069,9863,13546,18311,23746,30416,38807,48316,59235,72422,86510,102790,119449,138481,158699,179410,200665,221877,242532,263114,282481,298552,313124,327447,678512,346330,346282,345934,339994,329892,320419,307182,293364,277895,260077,243837,225778,209616,192885,177120,162444,148898,136074,124494,114599,105593,98623,92967,87568,84807,82680,81304,82473,85333,91690,105654,131616,172584,213683,184196
3,4,37,58,152,297,529,857,1478,2289,3417,5027,7093,9894,13504,18235,23849,30217,38868,48260,59307,72361,86727,102400,119212,138351,158856,178938,200913,221812,242929,262760,282142,298653,314023,326508,677751,346538,346998,345656,338685,331897,319554,307597,293217,277534,260560,243444,225790,209492,192866,177174,162917,148743,135711,124775,114958,105622,98612,92910,87716,84936,82621,81318,82266,85627,91773,105486,132106,172422,213840,184336
2,6,34,63,154,287,526,847,1527,2279,3378,5024,7136,9752,13710,18260,23750,30271,38786,47933,59544,72293,86981,102183,119183,138090,159019,179060,200121,222756,242531,262295,281204,298884,314851,325738,678126,346341,347569,345164,338407,331967,319182,307806,293247,277594,260672,242752,226671,209166,193118,177520,162376,149066,135652,124813,115082,105912,98508,93014,87767,84946,82886,81147,82506,85283,92108,105364,132394,172440,213865,184519
2,5,35,68,151,290,540,855,1478,2266,3399,5033,7038,9846,13683,18181,23732,30366,38663,48037,59692,72092,87037,101896,119403,138022,158752,178766,200660,221720,242647,262216,281536,298706,314600,326081,677918,346377,347486,344827,339584,330282,320174,307713,292964,277740,260205,243513,226113,209272,193515,176922,162937,148650,136265,124451,114971,105951,99070,92568,88231,84860,83038,81239,82474,85262,92296,105425,132259,172701,213849,184812
2,6,34,72,148,287,535,853,1467,2287,3370,5011,7077,9930,13593,18141,23687,30502,38584,48247,59177,72291,86747,101925,119252,138540,157942,179431,200407,221824,241960,262349,281438,298207,314396,326793,677747,346444,346751,345428,339307,330181,320756,307230,292974,277399,260764,243331,225956,209833,192764,177478,163007,148273,136578,124747,114532,106342,99115,92540,88473,84574,83356,81274,82504,85414,92441,105526,132102,172840,213954,184961
2,6,29,78,139,291,523,868,1428,2299,3404,5009,7073,9927,13632,18105,23616,30568,38359,48363,59148,72121,86612,102315,119081,138543,157987,179354,200209,221460,242148,262186,281796,298095,313847,326362,677902,346515,346850,344731,339775,331170,320064,306970,292855,277881,260353,243454,226512,209199,193152,177330,162751,148565,136455,125273,114414,106259,98955,92684,88584,84945,82756,81785,82508,85304,92569,105740,131969,172992,214030,185174
2,7,27,79,125,307,522,889,1393,2347,3349,5066,7050,9883,13612,18110,23627,30488,38611,48085,59235,72150,86354,102241,119173,138711,157890,179092,199754,221783,242045,262068,281347,298222,313999,326273,677975,346061,347314,344523,339852,330030,320361,307535,292433,278123,260646,243054,226852,209381,193365,177293,161981,149107,136391,125285,114836,106143,99076,92535,88735,85161,82489,82000,82770,85234,92777,105822,131848,172912,214253,185339
2,8,30,72,127,305,529,881,1402,2362,3327,5021,7023,9865,13680,17975,23819,30515,38370,48398,58979,72192,86098,102342,119484,138185,157746,178956,200209,220784,241992,262599,281388,298771,313486,326009,677363,346024,347407,344947,339124,330749,320086,307487,292734,277820,260478,243499,226393,209625,193431,177272,162651,148443,136614,125227,114934,106321,98856,92932,88780,85253,82597,81957,82569,85507,92461,106058,132001,172857,214488,185532
1,11,23,73,137,304,521,892,1359,2404,3332,5006,6986,9846,13612,17966,23885,30576,38456,48362,58951,71943,86277,102026,119328,138366,157822,178901,199882,220545,242332,262420,281168,298739,313827,326250,676498,346626,346635,345243,338871,330502,320265,307525,293113,277515,260438,243610,226085,210235,193247,176891,162749,149113,136402,125146,115112,106434,98659,93413,88548,85044,82737,82058,82636,85751,92511,105925,132131,172987,214381,185843
1,13,21,65,146,303,511,900,1411,2299,3320,4999,7003,9943,13495,17986,23753,30789,38493,48204,59228,71508,86461,101627,119688,137733,158124,178999,199374,220184,242831,262698,280470,299148,313904,325365,676913,346312,347183,345083,338442,331579,319153,307159,292981,278457,259923,243331,227025,210278,192861,176986,162565,149567,136012,125429,115075,106560,99062,93268,88384,85141,82783,81960,82911,85916,92335,106219,131971,173118,214475,185994
1,13,18,69,145,298,522,876,1451,2277,3323,4954,6996,9983,13395,18033,23831,30661,38434,48009,59273,71938,85991,101986,119199,137992,157800,178962,199319,220662,242360,262576,280481,299271,312604,325992,677746,345500,347462,344545,339045,330920,319476,306597,293581,278215,260132,243246,226655,210582,192802,177203,162451,149355,136829,124882,115360,106785,98889,93377,88707,84928,82625,82449,82807,85918,92598,106157,132026,172994,214634,186235
1,12,19,71,146,282,525,910,1396,2278,3359,4982,6932,10033,13304,18177,23714,30623,38602,47732,59315,72093,86009,101782,119129,137778,158220,177970,199620,221085,241438,262567,280895,298394,313694,325475,677251,345755,347209,344551,339681,330437,319922,306851,293076,277334,260741,243395,226589,210668,192854,177305,162715,149416,136428,125016,115890,106351,99417,93046,88357,85264,82793,82481,82973,85924,92767,106174,132000,172968,214881,186366
1,12,20,68,148,279,540,880,1384,2313,3371,4959,6982,9924,13471,17956,23852,30508,38646,47866,58938,71752,86447,101574,119354,137281,157816,178874,199460,220342,241991,262047,281152,298418,313485,325393,677201,345541,347426,344087,339009,331518,319520,306793,292754,277093,261343,243162,227320,209816,193050,177712,162978,148928,136545,125814,115200,106740,99711,92954,88315,85322,82903,82467,83178,85889,92578,106570,132129,172795,214832,186711
3,11,18,72,143,287,546,853,1390,2268,3474,4918,6975,9858,13441,18022,23750,30472,38556,48040,59112,71746,85921,101866,118955,137315,157756,179086,199466,220307,242141,261424,281808,298176,312602,325676,676833,346484,346087,344487,338909,331016,320351,307257,292714,276442,260518,244333,227645,209341,193072,177724,162746,149287,136756,125530,115320,106873,99707,92971,88186,85620,83097,82425,83155,86084,92613,106548,132260,172750,214904,186909
4,10,15,71,144,296,533,875,1385,2281,3503,4831,6981,9845,13402,18058,23742,30427,38348,48214,59170,71695,85666,101732,119146,137342,157743,179015,199288,220569,241368,262059,281757,297723,312879,325534,676626,345753,346711,344794,338440,330739,320546,307026,292611,277049,260473,244511,226564,209918,193399,177592,162599,149605,136727,125433,115525,107099,99373,93252,88401,85485,83184,82453,83247,86052,92836,106453,132379,172842,215044,187016
3,11,14,76,147,284,541,869,1397,2305,3423,4892,7007,9876,13415,18022,23543,30506,38355,48146,59212,71718,85635,101386,119092,137763,157953,178109,199592,220759,240961,261976,281514,297821,312428,325625,677432,345046,347075,343679,339812,329816,320480,306605,293226,277390,260195,244313,226307,210190,193015,178234,162718,149804,136817,125273,115521,106729,99713,93592,88465,85271,83275,82561,83249,86255,93006,106231,132487,172921,215243,187086
3,9,16,70,162,265,539,909,1386,2295,3388,4958,7014,9892,13332,18005,23532,30472,38323,48092,58932,72059,85671,101464,118744,137544,158259,178185,199301,220380,241446,262192,281326,297055,312322,325930,676605,346094,346660,344258,338679,330542,319215,307573,293240,277624,259610,243963,226736,210023,193485,178241,162859,149868,136783,125386,115280,106957,99810,93130,88928,85500,83353,82526,83126,86520,93149,106003,132594,173065,215308,187243
3,8,19,70,151,279,536,879,1448,2282,3340,4989,7056,9793,13341,17952,23720,30190,38654,48030,58957,71533,85794,101762,118562,137791,157985,177872,199084,220485,241733,261728,281397,296626,312684,325512,677288,345739,346419,344119,338727,329766,320216,307307,292914,277424,260241,244078,226941,209748,193141,178455,163001,149496,137116,125742,115069,107243,99234,93285,89374,85585,83268,82443,83370,86528,93315,106061,132512,173230,215332,187436
3,8,16,77,153,263,517,884,1464,2312,3323,4988,7041,9847,13277,17837,23763,30317,38466,48069,58968,71785,85676,101384,118875,137577,157760,178030,198845,220546,241950,262089,280106,297242,312406,325476,677145,345420,346277,344544,338415,330862,319335,306728,293708,277024,261334,242698,227566,209722,193087,178434,162935,149759,137071,125588,115281,107328,99186,93415,89327,85435,83704,82399,83224,86773,93224,106146,132957,172990,215509,187518
3,7,19,74,154,259,528,887,1433,2328,3357,4952,7042,9842,13310,17715,23797,30334,38426,47983,59003,71687,85720,101488,118400,137754,157713,178163,198997,220289,241415,262193,280448,296641,312133,324970,677946,345192,347613,343158,338652,330512,319233,307172,292921,277280,261540,242851,227176,210118,193561,177664,163299,150076,136845,125378,115833,106969,99479,93464,89329,85590,83255,82757,83473,86710,93349,106208,133009,173123,215667,187542
3,8,24,73,144,268,528,880,1447,2239,3471,4911,7042,9862,13196,17735,23586,30533,38372,48171,58870,71738,85404,101535,118834,137149,157951,178175,198833,220661,240895,261637,280535,296874,312749,324490,677426,345967,346476,343448,338803,330152,319957,306671,292998,276826,261075,243551,227132,209998,193935,177673,163043,150184,136804,125362,116221,106903,99647,93781,89276,85695,82933,83274,83293,86608,93524,106240,133036,173344,215742,187587
3,7,28,64,155,265,517,913,1416,2241,3452,4949,6990,9809,13315,17583,23642,30393,38618,47830,58950,71615,85336,101807,118790,137063,157946,177920,198803,220599,241409,260779,280499,297009,312525,325105,677450,345236,346315,343688,338445,330040,319289,308084,292904,276768,260587,243990,226764,210060,194079,177387,163626,149455,137186,125554,116213,106877,99706,93879,89324,85829,83083,83023,83661,86707,93408,106266,133214,173611,215635,187720
2,9,27,67,159,249,535,892,1439,2240,3403,4972,7082,9823,13103,17673,23379,30575,38726,47737,58943,71476,85388,101996,118597,137319,157534,177916,198856,220553,241098,261303,279590,297347,311845,324831,678078,345256,346441,343124,338210,330559,320077,307320,291993,277124,260204,244918,226620,210523,193491,177573,163287,150065,137018,125939,115744,107096,99962,93699,89620,85623,83217,83088,83600,86813,93753,106041,133183,173918,215824,187723
2,8,26,81,151,248,523,902,1393,2269,3422,5049,7098,9744,13059,17597,23420,30589,38600,48013,58729,71252,85828,101797,118626,137168,157436,177545,199141,219927,241462,261107,280071,296469,311451,325350,677804,345410,345568,344108,337889,329920,320727,307150,292514,276910,260124,244469,227705,209591,193616,178029,162976,150356,136978,125983,115729,107120,100250,93514,89871,85560,83570,82841,83635,86946,93912,106395,132808,174100,215941,187836
2,7,26,78,146,248,536,893,1390,2229,3478,4980,7103,9731,13091,17569,23346,30366,38931,48048,58650,71286,86042,101476,118408,137577,157017,177911,198816,220201,241335,260286,280213,296475,312181,324617,677796,345113,345568,343739,337790,330567,320202,307502,292219,276950,260090,244726,227332,209894,193559,178463,162697,150261,137048,126211,116126,106238,100837,93692,89579,85843,83513,83153,83601,87056,93678,106914,132530,174238,216036,187958
2,8,25,79,135,278,501,910,1426,2189,3482,4981,7092,9779,13110,17566,23336,30351,38639,48018,58878,71393,85880,101203,118644,137141,156813,178066,198916,220631,240512,260907,279193,296699,312036,324961,677349,345158,345808,343221,338175,330935,320424,306976,292776,276351,260470,244037,227268,209926,194288,177903,163062,149462,137455,126284,115953,106877,100579,94084,89416,85872,83904,83038,83632,87218,93532,107202,132384,174354,216075,188180
2,8,22,76,141,279,506,909,1411,2226,3429,4972,7232,9560,13213,17648,23371,29954,38706,47949,59010,71553,85202,101836,118287,137383,156687,177466,199456,220653,239668,261311,279380,296383,312511,324415,676917,344826,346711,342901,338173,330168,320540,307154,293024,276022,260890,243398,227440,210521,194108,177547,163608,149921,137284,125947,116073,106865,100699,94094,89596,85981,83988,83054,83596,87377,93613,107044,132761,174394,216146,188212
2,9,23,69,143,281,503,936,1394,2233,3386,4985,7156,9652,13145,17767,23394,29737,38676,48088,58843,71604,85402,101227,118453,137322,156954,177349,199355,219729,241489,260075,279350,296529,311930,324744,676392,345634,345304,344340,337507,330433,320385,307497,291078,277845,260600,243863,226937,210208,193743,178135,163848,149890,137245,126135,115627,107555,100364,94427,89715,85787,84288,82882,83700,87349,93997,107059,132802,174345,216282,188276
2,9,26,66,146,285,484,942,1383,2251,3397,5043,7056,9680,13181,17783,23153,30006,38482,47696,59013,71520,85907,101173,118270,136816,157311,176999,199213,220264,240543,260646,279119,296781,311459,324186,677113,344994,345596,343453,337962,330550,320598,306677,292372,277188,260788,243611,226856,210483,193726,178368,164075,149547,137592,126215,115938,107163,100531,94288,89768,86053,84098,83060,83712,87354,94255,107245,132744,174418,216368,188358
2,10,24,63,153,281,495,938,1366,2271,3415,4974,7128,9740,13173,17720,23038,30226,38387,47517,59065,71519,85546,101549,117962,137103,156595,177140,199236,220436,240596,260751,279035,296598,311340,324428,676964,344499,345667,343761,337718,329839,320778,306688,292501,277375,260566,243675,226648,210489,194368,177969,164071,149971,137243,126081,116268,107209,100728,94238,89972,86061,83951,83563,83525,87357,94137,107548,132826,174327,216566,188441
2,11,19,72,149,291,488,914,1395,2269,3393,4970,7106,9749,13180,17665,23309,29948,38388,47663,59177,71369,85755,100661,118485,136632,156808,177494,198801,220342,240760,260504,278837,296150,312268,323439,676914,345159,345295,343341,337952,330218,320157,306668,292275,277504,261006,243690,227118,209823,194388,178258,163612,150070,137486,126240,116021,107779,100663,94226,89878,86528,83783,83426,83699,87495,94220,107657,132664,174452,216566,188714
3,10,19,70,144,277,533,864,1406,2326,3329,5019,7097,9758,13256,17550,23188,30019,38311,47808,59030,71575,85240,100782,118202,137055,156406,177655,198766,219770,240922,260655,279560,295613,311657,324848,675731,344365,346107,342676,338232,330594,320129,306613,292159,277127,260910,244180,226446,210318,194664,177944,163730,149846,137559,126406,116191,107724,100811,94186,90219,86300,84111,83389,83796,87537,94210,107604,132886,174667,216419,188899
2,13,21,66,150,283,513,891,1370,2275,3436,4980,7091,9770,13136,17723,23175,29829,38459,47992,58816,71122,85263,100972,118141,136846,157010,177186,198508,220195,240721,259937,279766,295848,311299,324924,675044,344437,345881,343167,338780,330061,319426,306641,293243,276690,261529,243965,225888,210261,194364,178030,164482,149663,137472,126774,116046,108133,100411,94779,89870,86348,84322,83297,84057,87352,94526,107416,133194,174512,216663,188955
2,15,20,59,160,271,527,879,1430,2291,3370,4971,7019,9813,13144,17618,23208,29994,38193,48311,58479,71224,85132,100622,118689,136514,156949,176820,198897,220279,239438,261450,278435,296279,311377,324749,675144,344820,344918,343833,338066,330712,319063,306065,293491,277344,261696,243312,225944,210329,194639,177909,164253,149759,138138,126037,116585,107809,100855,94835,90068,86305,84056,83569,84051,87558,94388,107539,133336,174334,216983,189037
2,15,20,62,163,268,542,864,1433,2297,3399,4903,6997,9853,13225,17689,23232,29774,38116,48223,58727,70955,85260,100486,118437,137069,156410,177452,198597,219645,239970,260207,279569,295139,311820,324692,675441,344488,345329,342833,338441,330520,318726,306844,293727,277344,261067,243705,226258,210237,193672,178766,163918,150043,137762,126286,116694,107990,100689,95125,90048,86448,84068,83718,84192,87320,94511,107798,133337,174116,217150,189285
2,16,18,63,157,275,545,871,1417,2269,3469,4847,6988,9726,13305,17704,23323,29718,38152,48113,58553,71286,85291,100666,118172,136787,156548,177534,198299,218976,240742,260070,278720,296186,310938,324636,675808,344088,345006,343607,338087,330222,318689,306301,294335,276585,261249,244091,226850,209680,193817,178872,163856,149924,137675,126910,116583,108215,100819,94969,89872,86495,84347,83774,84366,87173,94651,107818,133244,174180,217489,189379
2,15,19,64,143,299,541,881,1400,2242,3462,4928,6962,9655,13359,17702,23215,29763,38502,47791,58611,70607,85466,100922,118232,136440,156714,177619,197731,219958,240027,259469,278696,296109,311825,323703,675523,344397,345372,342822,337967,330685,318691,306687,293284,277440,260914,243726,227359,210245,193684,178631,163619,150025,137722,126845,116808,108378,100744,95057,90104,86535,84382,83716,84460,87360,94710,107807,133310,174253,217549,189523
2,12,23,64,139,293,538,888,1378,2275,3429,4967,6891,9630,13394,17868,23104,29687,38295,47811,58723,70837,85323,100977,117978,136069,156491,177578,197955,219877,239778,260013,278402,296472,310426,324508,675439,344554,345226,342595,338222,329497,319335,307229,292917,276924,261734,243443,227306,210179,193680,178635,163574,149856,137992,127389,116761,108273,100805,95182,90196,86641,84622,83601,84319,87448,94914,107857,133276,174493,217543,189656
3,10,25,67,126,303,541,904,1344,2323,3448,4853,6872,9707,13290,17807,23193,29844,37886,47926,58696,70849,84986,101334,117785,136393,156168,177563,198018,219588,239540,259613,279551,295859,310155,324143,675742,345036,345016,341870,338406,329781,319526,306907,292655,277292,261302,244213,227210,209421,194334,178008,163698,149807,138460,127047,117307,107968,101327,94741,90570,86685,84477,83920,84466,87491,94863,107649,133602,174218,217882,189798
3,10,20,74,135,293,546,901,1368,2278,3447,4808,6980,9614,13282,17881,23010,30060,37755,47964,58425,71080,85065,101105,117645,136562,156061,177438,197888,219482,239925,259384,279487,295468,310353,324154,675863,344069,345062,342462,337400,330426,319176,307137,293241,277191,260383,244860,227172,209744,194180,178203,163092,150796,137696,127108,117313,108348,101335,94646,90611,86854,84587,83989,84273,87888,94775,107651,133694,174290,218030,189912
3,9,25,70,132,295,558,879,1366,2292,3469,4812,6886,9758,13243,17823,22978,29840,38050,47731,58669,70693,85243,101162,117231,136868,156305,176965,198088,218827,240144,259725,279549,294534,310841,324662,675226,344042,344627,342980,337123,330004,320183,306531,292403,277724,260408,244280,227725,210257,193200,178759,163346,150560,137887,127278,117226,108684,101404,94587,90670,86647,84710,84042,84619,87834,94709,107570,133801,174412,218116,190109
3,9,25,65,140,287,546,862,1403,2304,3411,4858,6898,9743,13378,17446,23345,29648,38000,47732,58332,71329,84895,100739,117635,136526,156769,176666,197870,218282,240336,260185,278707,294921,311726,323585,674904,344583,344417,342731,337647,329668,319252,307357,293023,276885,260404,244311,227767,210354,193656,178240,163647,150383,138117,127026,117410,109024,101174,94873,90616,86611,85144,83572,85143,87744,94600,107698,133933,174375,218386,190127
3,8,23,66,152,279,533,876,1407,2256,3438,4870,6829,9880,13305,17566,22974,29984,37787,47544,58388,71237,85256,100788,117353,136541,156799,177216,197527,218698,239696,259895,277897,295752,310395,324565,674568,344635,344393,342493,337982,328937,319902,307430,292615,277002,260550,243831,228233,210320,193746,178300,163617,150431,138177,126745,117937,108483,101571,95120,90615,86766,84853,83810,85169,87915,94440,107896,134005,174514,218317,190307
3,7,21,68,153,268,540,871,1427,2253,3383,4845,6900,9816,13451,17407,22967,29810,37871,47728,58171,71399,85330,100641,117311,136814,155916,177764,197179,218458,239944,259315,278503,295282,310962,324014,674618,343986,344107,343215,337238,329611,319352,307469,292628,277307,260672,244289,227769,210861,193549,178014,163904,150250,138167,126996,117580,108732,101460,95257,90795,86663,85048,84018,85116,88038,94499,107939,134009,174737,218411,190312
3,5,22,71,152,296,508,834,1469,2254,3350,4886,6954,9738,13431,17439,22838,29992,37602,47636,58534,71047,85564,100555,117351,136616,155902,177158,197834,218543,239335,259950,277355,295212,311519,324275,673776,344235,344128,342971,337148,329507,320124,306305,293099,277978,260423,244105,227746,210330,194319,178067,163397,150543,138361,126814,117783,108710,101561,95590,90356,86974,85102,84278,85088,87983,94642,107858,134027,174763,218627,190460
3,6,21,70,142,304,488,880,1479,2224,3308,4910,6956,9854,13244,17522,22983,29850,37465,47879,58442,70895,85475,100094,118068,136058,156152,177216,197212,218964,239241,259795,277698,295047,310852,323932,674150,344559,344431,342807,336588,329752,319850,306565,293150,277119,260937,244258,227572,210399,193974,178395,163503,150506,138211,127374,117777,108864,101279,95660,90531,86880,85153,84393,85090,88142,94486,108053,134183,174771,218708,190609
3,7,20,71,140,299,490,889,1450,2257,3364,4824,7013,9810,13137,17663,22964,29773,37698,47698,58317,70808,85369,100539,117091,136346,156560,176488,197965,218649,239114,259080,277812,295131,310963,323455,674999,344116,344915,342413,337294,328698,319412,307208,292817,277771,259958,244646,227157,210941,193756,178452,163888,150619,138087,127122,118038,109233,101270,95606,90495,87087,84862,84543,85388,88120,94715,108031,133949,175073,218665,190807
3,7,21,65,144,297,499,902,1408,2240,3394,4909,6985,9739,13147,17531,23063,29682,37888,47461,58379,70930,84860,100367,118011,135767,156326,176563,197783,218871,239148,258667,277753,295041,310742,323482,674813,344673,344291,343083,337026,329474,317837,307467,292907,277070,260899,244409,227681,210330,194352,177874,164741,150284,137772,127731,117688,109288,101532,95513,90577,87160,84943,84416,85481,88363,94714,107997,134198,175242,218606,190901
5,5,23,60,143,296,506,879,1430,2211,3384,4908,7097,9727,13093,17530,23158,29787,37656,47174,58438,70725,85099,100235,117603,136251,156014,176860,197275,219320,239078,258827,277405,294874,310305,323878,674069,344400,345738,342368,337368,328282,318539,307318,292983,277155,260371,245099,227171,210680,194034,177994,164844,150818,137535,127404,118125,109268,101518,95375,90762,87353,85250,84340,85653,88112,94948,108020,134271,175302,218628,191054
5,3,23,62,137,284,504,899,1428,2231,3385,4844,7037,9773,13065,17606,23244,29574,37828,47214,58214,71036,84738,100353,117573,135715,156440,176357,197462,219040,238894,258968,277979,294095,310065,323726,674279,344315,345502,342796,336514,328959,319501,306725,292343,277534,260247,245186,227017,210868,194036,178273,164912,150766,137410,127646,117822,109194,101844,95469,90738,87615,85097,84370,85855,88042,95023,108177,134406,175296,218745,191085
4,4,22,66,130,279,510,900,1435,2259,3390,4896,6953,9757,13015,17545,23125,29671,37806,47147,58167,70874,84956,100360,117104,136147,156097,176295,197416,218496,239217,259155,277231,294737,310025,323907,674246,344444,345048,342050,336909,329790,318616,306991,292105,277330,261083,244753,227131,210933,194143,178273,164578,150452,138280,127325,117820,109292,101781,95504,91058,87595,85229,84429,85875,87942,95002,108503,134245,175466,218957,191132
4,5,24,60,128,274,527,875,1442,2222,3376,4892,7099,9660,13021,17565,22971,29909,37702,47099,57777,71145,84731,100480,117351,136080,155650,176715,197670,217828,239022,258626,277211,295116,310551,323676,673833,344318,345173,342202,336578,329709,318915,306850,291992,277340,261045,244273,227643,210703,194458,178356,164468,150367,138556,127252,117862,109529,101734,95590,90916,87654,85148,84719,85778,88258,95020,108487,134409,175405,219229,191155
4,5,24,61,123,269,527,876,1428,2208,3423,4858,7125,9622,12991,17575,22966,29938,37601,47100,58087,70304,85224,100126,117819,135982,156043,176100,197067,218437,238405,258064,278011,294949,310692,322986,675106,342834,345172,342196,337316,329165,318856,306693,292294,278114,260243,244358,227457,210961,194254,179077,163923,150618,138577,127431,117830,108979,102098,95931,90841,87703,85382,84651,85783,88420,95000,108456,134530,175517,219409,191213
4,5,27,65,114,275,500,896,1400,2243,3413,4871,7044,9545,13131,17654,22870,29676,37787,46991,58061,70665,84701,100494,117585,135867,155992,176102,196719,218979,238430,258148,277200,294918,310962,322681,674585,343010,344721,342738,337232,329224,318695,306501,292509,277669,261061,244009,227722,210488,194999,178781,164212,150082,138784,127593,117761,109659,102167,95531,90721,87876,85655,84644,85710,88557,94882,108606,134730,175591,219351,191337
4,3,28,64,120,257,523,888,1397,2281,3375,4965,6920,9676,13001,17603,22829,29783,37561,47258,58174,70361,84841,100222,117537,135802,155560,176487,197357,218150,238324,258343,277029,294884,311216,322866,673944,343004,344238,343134,337206,329529,318730,305637,292737,277684,261378,244071,226681,211354,195304,178320,164020,150760,138338,127901,117815,109713,101962,95564,90939,87847,85939,84644,85781,88721,95004,108506,134500,175993,219410,191411
4,4,24,64,128,253,524,888,1411,2253,3316,5051,6908,9615,13084,17393,22878,29844,37895,47016,57647,70826,84981,99591,117723,135449,156484,176025,197374,217289,238390,258771,276609,295420,310630,323170,673539,343163,344747,343078,336710,328901,318896,305961,292554,277772,261421,244114,227104,210750,194803,178596,164466,150388,139082,127731,117735,109887,101683,95925,90932,88036,85920,84567,86088,88695,95105,108432,134609,175949,219728,191409
4,4,24,61,129,262,536,873,1416,2181,3407,5024,6927,9642,13003,17460,22883,29754,37888,47013,57509,71119,84741,99799,117132,136315,155762,176094,196986,217598,238189,258424,277709,295012,309646,323303,672924,344197,344509,342614,336341,329081,318611,306809,292473,277404,261446,244207,227360,210809,194451,179032,164180,150648,138873,128224,117782,109699,101852,95752,91046,87900,86169,84526,86080,88750,95376,108477,134689,175914,219799,191575
4,5,23,62,125,263,552,856,1390,2233,3441,4922,6991,9535,13127,17415,22859,29752,37498,47140,57742,70761,84928,100021,117134,136118,155296,176421,196877,217759,237765,258306,277527,295326,309718,323471,672668,343969,344504,342476,336174,329152,319260,305998,291850,278361,261067,244470,226820,210842,194625,179392,164039,150923,139046,128267,117838,109583,101745,95858,91178,88086,85788,84941,85863,89121,95330,108599,134642,175938,219925,191707
3,6,24,58,131,257,549,869,1383,2236,3418,4964,6975,9542,13026,17467,23013,29656,37561,46899,57649,71005,84550,99987,117499,135937,155124,176514,196725,217313,238470,258033,277296,295081,309657,323378,672974,343757,344122,341853,336643,329330,318388,306341,292359,278078,261308,244548,227384,210604,194453,179248,164257,151133,138947,128209,117989,109366,102381,95712,91384,87769,85867,84938,86058,89131,95344,108739,134501,176099,220085,191854
2,7,26,54,125,268,536,871,1378,2224,3412,4984,6870,9600,13111,17329,23161,29475,37699,47097,57427,70783,84574,100232,117566,135612,154706,176197,197046,217957,238071,257766,277225,294696,310170,323092,672456,344150,344087,341756,336396,329285,318442,305909,293163,277507,261308,244952,227662,210735,194443,178987,164441,150600,139402,128169,118211,109262,102290,96034,91322,87488,85922,85336,86178,89056,95613,108686,134627,176126,220013,192045
2,7,28,48,130,270,519,885,1390,2240,3363,5003,6877,9628,13090,17518,22942,29380,37704,46993,57706,70618,84442,100307,117196,135724,155287,175835,196784,218159,238118,257299,277417,294661,309906,322145,673496,342911,344296,342437,336343,329622,318398,305837,292258,277823,260817,244844,228757,210506,194395,178973,164610,150669,139332,128240,118322,109464,102089,96091,91331,87700,85943,85585,86035,88968,95713,108638,134848,176076,220210,192210
1,7,27,50,131,275,500,888,1389,2181,3439,4968,6936,9597,13064,17584,22916,29521,37426,46787,57934,70538,84360,100806,117288,135159,154731,175870,197821,217520,237195,258014,277387,294341,310284,322478,672313,343806,343168,342488,336793,328966,318196,306581,292376,278029,260910,244601,228252,210902,194524,178505,164698,151118,139539,128296,118023,109680,101804,96273,91608,87619,86203,85603,85973,89215,95682,108582,134691,176277,220452,192249
1,5,31,48,129,289,490,850,1410,2166,3454,4931,7002,9564,13090,17401,23030,29566,37586,46665,57717,70473,84624,100332,117538,135023,154472,176220,197236,217830,237456,258064,277178,294480,309875,322659,671712,343253,343613,342477,336883,328636,318588,306676,292535,277325,261147,245026,227612,210822,194960,178974,163931,152106,138735,128165,118590,109584,101807,96589,91717,87665,85883,85803,85990,89486,95564,108708,134784,176523,220228,192426
1,7,30,45,136,297,489,847,1385,2220,3326,5040,6954,9520,13059,17392,23083,29568,37505,46658,58075,70233,84517,100314,116761,135253,155007,176112,197378,217491,237409,257839,277354,294738,308995,322504,672142,343281,343259,342440,336455,329316,318450,306024,293102,278059,260633,244602,228043,210265,194917,179273,164316,151959,138763,128448,118270,109936,101819,96253,91833,87935,86226,85590,85780,89651,95721,108693,135002,176557,220366,192487
1,9,25,49,140,284,491,869,1374,2199,3352,5008,6887,9598,13113,17427,22948,29450,37490,46853,57850,70710,84149,100186,116844,135151,154872,175987,197056,217892,238007,257187,276661,294849,309444,321390,673173,343047,343393,342014,336648,328982,317716,307165,292985,277095,261585,244225,228211,210707,194616,179192,164590,151928,138552,128666,118281,110002,101822,96256,92094,88046,86220,85498,85992,89596,95806,108751,135255,176516,220476,192505
1,7,25,49,142,279,505,831,1417,2149,3329,5065,6887,9593,13126,17332,23160,29227,37769,46596,57762,70473,84673,100036,116770,135163,154944,175533,197118,217745,238311,256680,277516,294134,309224,322356,672126,342534,343745,341620,337357,329113,317739,305859,293464,277427,261175,244922,227367,211499,193914,179646,164793,152006,138735,128199,118537,109980,102111,96074,92185,88386,85970,85655,86016,89471,95822,108978,135334,176500,220693,192529
1,7,23,58,130,284,513,838,1385,2170,3271,5102,6857,9634,13092,17505,22792,29520,37554,46978,57497,70391,84469,99836,117236,134591,155082,175834,196354,218071,237772,257876,276764,293856,309329,322741,671046,343889,343363,341138,336694,329031,318382,306580,292609,276891,261861,244497,228217,210271,194682,179684,164902,151867,139139,128230,118446,109870,102592,95745,92033,88994,85804,85779,85957,89451,95863,109037,135420,176542,220866,192623
1,7,26,58,132,284,496,853,1416,2142,3249,5028,6987,9554,13053,17390,22825,29726,37279,47172,57426,70220,84343,100118,117003,134664,155155,175503,196511,217805,237913,257558,276926,293188,309939,322280,671887,342468,344392,340641,336365,329244,318777,306433,292009,277602,261742,244296,228164,210898,194653,179251,165049,151535,139398,128460,118333,109940,102648,96056,91916,88997,85702,86084,86022,89407,95841,109270,135457,176590,220968,192683
1,7,25,54,143,273,500,861,1421,2083,3324,4936,6965,9725,12986,17294,22883,29538,37460,46858,57845,69829,84354,99862,117181,134835,155401,175022,196534,217453,238076,258040,276386,293828,309265,322507,670821,343761,342942,340947,336755,328171,319220,306455,292799,277295,261161,244506,228371,211095,194513,179289,164927,152103,139538,128264,118307,109537,103062,96307,91868,88728,86183,85948,86146,89381,95899,109292,135569,176641,221201,192651
1,6,24,56,134,274,513,862,1380,2134,3274,4893,7076,9590,13064,17366,22854,29437,37463,46857,57767,70160,83752,100216,116702,135575,155186,175038,196392,217782,237427,257835,276458,293596,308818,322171,671065,343620,343365,340451,336823,329253,318281,306681,292776,276904,261309,244781,228103,211181,195420,178734,164881,151957,139748,127987,118621,109473,103016,96810,91831,88378,86431,85913,86453,89394,95825,109370,135544,176745,221251,192900
1,7,21,56,136,282,518,826,1445,2081,3304,4906,6979,9695,13077,17274,22963,29505,37258,46830,57363,70596,83705,100180,116558,136332,154662,174886,196255,217415,237549,257422,276430,294393,308978,322052,670345,342982,342928,342325,335472,329308,318314,307037,292727,277228,261121,244416,228269,211950,194461,179094,164751,152175,139395,128253,118234,109935,103168,96856,92010,88415,86434,85805,86677,89413,95706,109446,135683,176855,221315,192965
1,7,21,57,123,299,502,840,1443,2128,3288,4865,6989,9548,13275,17287,22707,29506,37314,46867,57487,70090,84357,99636,117017,136079,154659,174627,196342,217098,237623,257388,276433,294315,308597,322021,670176,342803,344040,341363,336300,328571,318699,306566,292675,277306,261147,244898,228258,211318,194448,179159,164968,151913,139533,128669,118064,109828,103430,97237,91919,88469,86278,85960,86553,89687,95735,109475,135772,176888,221283,193184
1,8,19,61,125,291,510,837,1404,2160,3301,4905,6936,9627,13081,17372,22820,29373,37475,46734,57136,70381,84058,99708,116798,135575,155136,174878,196447,216774,237630,257657,276371,293802,308799,321581,669837,342740,344204,341440,335891,329106,318122,306998,292809,276691,261704,244686,228265,211524,194571,179051,165036,151887,139684,128412,118536,109821,103446,97364,92149,88176,86575,85742,86614,89603,96000,109390,136011,176875,221523,193154
1,9,16,69,131,272,515,832,1409,2181,3309,4925,6907,9489,13325,17166,22951,29397,37477,46651,57278,69995,84199,99824,116357,135491,154610,175595,196314,216924,236937,257764,277007,293125,309387,321785,669420,342007,344408,341597,336154,328392,318732,306175,292641,277096,262150,244359,227972,211631,195094,179098,165035,152035,139172,128686,118655,109835,103487,97546,91802,88464,86918,85533,86675,89723,95984,109397,135993,177011,221791,193116
0,7,26,56,146,272,498,845,1414,2180,3283,4900,6903,9610,13018,17384,22878,29494,37222,46658,57646,69965,83907,99530,116720,135309,154514,175367,195932,217026,237633,257886,276088,293644,308957,321685,668931,342121,344460,342030,336158,328324,318463,306462,292353,277371,261502,244975,227773,211022,195720,179344,165023,151612,139737,128473,118616,110641,103042,97447,91775,88857,86552,85857,86647,89941,95828,109381,136252,177131,221672,193312
0,8,26,52,154,262,496,840,1435,2179,3276,4827,6988,9613,13003,17249,22893,29585,37229,46754,57387,70043,84014,99565,116361,136006,153860,175460,195594,217402,237468,257885,275491,293697,308226,321726,669635,342288,344256,341517,336214,329071,317814,306623,292449,277214,261657,244199,227725,211986,195534,179479,164845,151326,140029,128337,119240,110437,102906,97563,92030,88768,86591,85657,87034,90008,95769,109577,136313,177109,221626,193528
0,9,22,59,145,283,479,851,1399,2238,3231,4838,6946,9585,12940,17473,22799,29526,37145,46821,57303,70082,83781,99516,116851,135701,154319,174581,196510,216775,237249,257480,276355,292920,308527,321665,668800,342661,343898,341330,336676,328048,318631,306783,292331,277626,261306,243995,228386,211280,195739,179629,164813,151708,139692,128881,118845,110466,103541,97105,92132,88972,86742,85477,86992,89988,95892,109638,136572,177201,221520,193708
0,10,21,64,139,273,510,834,1400,2232,3202,4843,6973,9446,13045,17480,22760,29377,37411,46883,57189,69636,83965,99340,116877,135678,154396,174564,196587,216760,236744,258104,275625,293065,308718,321916,668311,342567,343477,341362,336304,328882,317726,306803,292632,278051,261333,243800,228157,211363,195552,179927,164720,152280,139441,128761,119032,110507,103679,96885,92344,89154,86592,85651,86828,90163,96003,109773,136373,177558,221587,193763
0,9,23,60,145,272,516,827,1391,2243,3221,4848,6985,9440,13030,17427,22726,29469,37491,46746,57037,69948,83805,99348,116602,135242,154955,174796,195616,216880,237750,256505,276050,293420,308349,321199,669520,342040,343288,342465,335773,328323,318228,307039,292070,277605,261595,244191,227452,211866,195501,179447,165072,152200,139469,128930,119487,110457,103229,97328,92255,89345,86363,86096,86983,89942,96315,109530,136269,177881,221525,193958
1,8,21,58,151,263,522,830,1423,2186,3246,4857,6887,9620,12890,17376,22811,29550,37444,46637,56952,69908,84018,99440,116433,134899,154743,174679,195498,217036,237474,257150,276051,292953,308755,320755,669102,342271,343868,341300,336411,328527,317974,306679,292435,277380,261480,244264,227246,211996,195173,180222,165201,152135,139400,128711,119333,110946,103295,97235,92375,89393,86491,86157,87076,89920,96427,109462,136471,177962,221487,194078
1,8,22,62,146,266,512,809,1426,2193,3261,4859,6869,9575,12964,17395,22796,29480,37317,46374,57293,69955,84028,99171,116661,134897,154696,174749,195399,216969,237434,256770,276145,293151,308919,319990,668658,342289,343611,341682,336617,328342,318477,305807,292674,277003,261646,244547,227531,211720,195302,180226,165631,152027,139429,128766,119191,111066,103221,97587,91886,89519,86845,86092,87131,89933,96532,109572,136387,178130,221619,194150
1,7,22,61,137,291,503,825,1399,2186,3249,4859,6885,9691,12930,17270,22729,29384,37294,46634,57288,69848,83792,99158,116759,135031,153914,175168,196134,216600,236522,257978,275074,292371,308811,320730,667940,342899,343600,341890,336480,328406,318633,305890,292205,277129,260790,245191,228045,211316,195315,180194,166030,152299,139084,128640,119248,110948,103489,97342,92388,89436,86928,86174,87160,89809,96698,109690,136474,178050,221791,194272
2,3,26,64,141,281,506,828,1365,2230,3211,4857,6867,9702,12967,17221,22834,29399,37102,46701,57159,69797,83959,98989,116576,135134,154048,174811,195988,216737,236939,257366,275147,292720,307855,321177,667821,342413,344059,341099,337310,328308,318371,306012,291934,276921,261289,245258,228188,211139,195218,180591,165573,152467,139298,128526,119203,111221,103608,97260,92361,89647,86949,86243,87071,89838,96929,109933,136203,178286,221780,194372
3,3,25,66,133,292,501,829,1372,2215,3178,4900,6849,9579,12972,17380,22629,29538,37002,46714,57222,69576,84176,99090,116482,134832,154250,174711,196088,216236,237398,257233,275166,292273,307873,320848,668416,342177,343233,341807,337136,328596,318311,305091,291753,277085,261835,245359,227666,210899,195916,180531,166250,151826,139381,128800,119232,111248,103485,97455,92559,89355,86986,86529,87077,90034,96650,110127,136377,178236,222008,194348
3,3,26,61,135,300,506,829,1401,2165,3201,4900,6835,9537,12997,17460,22605,29419,37191,46484,57347,69516,83876,99620,116082,134696,154381,174388,196441,216111,237295,256967,275333,291972,308523,319788,668362,342300,343493,341646,336187,328808,319142,304404,292418,277846,260778,245117,228099,211238,195371,180456,166562,151913,140037,128458,119100,110641,104124,97383,92957,89047,87157,86634,87047,90240,96571,110310,136262,178187,222302,194417
3,4,25,60,141,296,502,833,1419,2109,3216,4958,6832,9634,12846,17326,22757,29275,37025,46942,57213,69373,83986,99354,115880,135003,154590,174712,195440,216562,236827,256771,274976,293021,307152,320366,668611,341964,342994,341456,336194,329588,319291,304691,292002,277041,261461,245217,228112,211387,195206,180022,166313,152687,139615,128750,119066,111032,103895,97732,92795,88933,87399,86640,87075,90308,96548,110485,136346,178239,222380,194504
3,4,25,63,135,288,505,875,1346,2145,3232,4909,6930,9553,12799,17375,22764,29261,37120,46682,57406,69342,83676,99381,115889,134869,154456,174915,195088,216148,237356,256257,275619,292639,307386,320050,668261,342426,342330,341826,336381,329239,318767,306019,291590,277079,261087,245472,227932,211476,195350,180277,165734,152483,140221,128857,118894,111356,103481,98113,92491,89380,87296,86620,87213,90421,96713,110317,136376,178433,222391,194615
3,3,24,61,144,273,512,854,1380,2143,3272,4844,6954,9513,12883,17257,22735,29282,36962,46766,57374,69637,83445,99429,115991,134696,154561,174842,194261,216654,236696,257205,274975,292436,307836,320233,667368,341892,343543,341804,336106,329129,319020,305664,291492,277188,260620,245184,228845,211205,195748,180095,165604,153008,139915,128827,118978,111352,103488,97937,92783,89451,87599,86440,87349,90332,96787,110471,136277,178592,222611,194568
3,3,26,61,137,276,539,816,1397,2142,3262,4826,6940,9573,12899,17194,22662,29329,37182,46436,57297,69508,83837,99264,115676,134941,154421,174267,195316,215708,237418,256669,275032,291710,308198,319905,668148,341419,343865,341470,335694,329432,318539,306031,291820,277191,259852,245934,228677,210801,196039,180435,165663,152967,139465,129176,119211,111054,103501,97708,93202,89810,87399,86727,87182,90264,97173,110173,136534,178570,222761,194651
3,3,23,56,145,288,520,863,1370,2125,3252,4770,6985,9620,12796,17333,22583,29261,37170,46260,57451,69509,83652,99221,116027,134879,154274,174019,195054,215971,237135,257350,274506,291979,307759,320528,667084,341711,343639,341003,336355,329268,318240,305744,291903,276942,260672,245953,228395,211019,195469,181486,165290,152462,139808,129550,118890,111460,103282,97855,93262,89683,87765,86479,87410,90492,97028,110250,136504,178838,222723,194754
2,5,18,63,151,281,508,838,1432,2080,3267,4768,6953,9650,12866,17318,22415,29358,37071,46346,57270,69453,83687,99179,116035,134911,153965,174170,194477,216081,237696,256122,274997,292257,307799,320016,667184,340794,344498,340428,337333,328611,318072,306005,292121,276110,261613,245627,228702,211149,195239,181379,166055,151933,139841,129096,119433,111102,103664,98343,92882,89925,87617,86814,87335,90324,97130,110403,136336,179191,222704,194910
2,5,19,60,154,272,503,845,1408,2089,3309,4768,6848,9571,12985,17332,22373,29329,37185,46270,57298,69822,83164,99316,116249,134488,153668,174286,194714,216190,237018,256134,274662,292225,308008,320145,667349,341161,342965,340754,337580,329052,317689,305431,292064,276889,261642,245525,228630,211508,195096,181191,166179,151957,140069,129175,119543,110579,104229,97795,93412,89686,87774,86931,87449,90423,97114,110534,136323,178972,223004,195020
2,5,18,69,150,261,509,852,1394,2079,3262,4831,6831,9557,12951,17255,22651,29193,37341,46039,57137,69941,83456,98847,116170,134769,153340,173940,194837,216160,237599,255633,274786,292232,307276,320413,667599,340716,342788,340808,336857,329270,318145,305541,292215,276336,262033,245414,228991,211339,195344,180838,165994,152027,140433,129291,119600,110846,103933,97926,93252,89963,87829,86897,87623,90411,97316,110398,136378,178889,223101,195281
1,6,17,74,146,276,516,820,1419,2131,3230,4806,6809,9532,13011,17248,22622,29330,36854,46217,57239,70063,83294,98843,116308,134108,153915,173495,195143,216139,236914,255644,275104,291880,307600,319802,667588,340882,343183,340549,336285,329606,317584,306282,291525,277565,261607,244756,229400,211786,194470,181198,166027,152392,140187,129418,119643,110865,104145,97778,93338,90195,87693,87124,87545,90701,97212,110253,136609,178889,223163,195409
0,7,14,68,159,290,494,853,1376,2147,3182,4828,6799,9503,12991,17201,22765,29302,36908,46201,57383,70083,82771,98692,116307,134271,153727,173793,195032,215824,236360,256299,274823,292288,307101,319721,667890,340734,342929,340316,336445,328664,318029,306475,291913,277409,261712,244937,228917,211584,195909,180124,165895,152790,140030,129594,119810,110648,104214,97999,93562,89858,88011,87082,87841,90656,97176,110512,136397,179120,223155,195508
0,6,14,78,150,288,506,857,1384,2093,3229,4753,6840,9368,13121,17193,22791,29259,36921,46426,57413,69593,82990,98858,116159,134019,153573,174187,194975,215031,235739,256648,275327,291911,307267,320127,667749,341092,341801,340833,336210,328779,318361,305455,292177,277454,261692,245430,228502,211965,196074,179797,165849,152656,140384,129360,119455,111264,104519,98070,93389,90080,87951,87380,87664,90753,97272,110354,136509,179127,223221,195686
0,6,19,73,157,258,547,855,1364,2103,3254,4736,6816,9394,13143,17150,22822,29171,36982,46407,57217,69479,83183,98754,115804,134554,153458,174135,194047,215301,236142,256546,275093,291972,307312,320145,667737,340890,341528,340572,336024,329033,318178,305530,292589,277260,261736,245822,227930,212273,196147,179451,166105,152796,140689,129047,119478,111558,104254,98393,93367,90066,87915,87522,87734,90931,97217,110407,136566,179172,223353,195739
0,6,18,77,147,272,525,846,1405,2094,3227,4761,6693,9600,12983,17276,22597,29269,36919,46339,57545,69108,83227,98717,115810,134501,153605,173485,194674,215315,235560,256635,275265,291954,306748,320094,667417,341086,341773,340630,336426,328486,318116,306155,291468,277108,262531,245018,228820,211995,196354,179759,165521,153096,140542,129137,119910,111454,104137,98391,93585,90074,87969,87431,88009,90652,97382,110716,136364,179358,223373,195868
0,6,19,72,154,261,522,861,1370,2137,3229,4679,6818,9449,13111,17278,22654,29157,36867,46498,57086,69319,83244,98725,115941,133914,153643,173713,194285,215511,235931,256199,275357,291730,307033,320535,666979,340499,342416,340713,335677,328495,317747,306674,291436,276898,262145,245535,228390,212131,196226,179994,166172,152325,140760,129396,119868,111690,103943,98210,94054,90004,88118,87372,87958,90866,97530,110615,136657,179042,223472,196093
0,7,20,68,143,284,534,825,1393,2142,3203,4640,6939,9375,13120,17254,22472,29327,36912,46396,56905,69468,83332,98839,115630,134132,153784,173171,194389,215693,235863,255770,275389,291539,307627,319624,667504,340592,342288,339904,335567,328215,319335,306015,291339,277094,261804,245216,228644,211999,195854,180410,166264,152559,140720,129626,119690,111773,103895,98223,94086,90262,87997,87348,88320,90777,97518,110674,136896,178989,223735,196067
0,8,20,68,151,272,543,823,1390,2141,3172,4648,6893,9452,13043,17276,22392,29364,36859,46617,57163,68893,83430,98774,116331,133728,153438,172904,195148,215144,236422,255387,274974,291317,307617,319876,667135,340965,341949,340420,334497,329313,318237,305548,292103,277420,261161,245107,228896,212161,195863,180583,166433,152231,140663,129708,119823,111709,104153,98221,93937,90519,88181,87257,88475,90888,97430,110707,136817,179278,223868,196074
0,8,20,60,164,271,514,863,1348,2134,3281,4566,6977,9346,13007,17187,22690,29205,37000,46167,57307,69264,83209,98737,115846,134583,152680,173598,193792,216304,235469,255887,274431,291619,307180,320051,667171,341453,342080,339804,334452,328279,318824,305884,291766,277510,260847,245092,229118,212511,196061,180169,166415,152461,140660,129910,119743,111551,104353,98439,94104,90350,88119,87467,88572,90957,97405,110837,136948,179235,223812,196284
0,7,21,63,157,269,530,867,1330,2135,3216,4676,6788,9554,12773,17372,22676,29002,37047,46213,57227,69321,83259,98316,116325,134194,152934,173082,194155,215907,235461,255718,274512,291829,307020,320260,666769,341457,341296,340808,334438,327788,318368,306897,291815,276887,261358,244651,228957,212724,196016,180688,165800,152914,140442,129942,119877,111422,104442,98631,94452,89924,88423,87477,88525,91017,97751,110728,136872,179333,223858,196445
0,7,20,64,151,275,518,872,1356,2118,3198,4666,6786,9474,12941,17226,22446,29129,37126,46277,57136,69472,83006,98624,115922,134364,152901,173129,194076,215486,235177,256362,274516,291403,306658,320084,666672,341405,342052,339966,335071,327688,317893,306715,292509,276299,261352,245355,228552,212677,196149,180176,166451,152731,140706,130216,119660,111559,104615,98721,94159,90144,88567,87377,88608,90957,97789,110920,136888,179452,223938,196453
0,8,23,57,150,280,519,837,1388,2108,3256,4698,6724,9418,12999,17229,22374,29079,36964,46499,56933,69483,83061,98813,115858,133940,152639,173321,194276,215394,235261,256205,274531,291562,306582,319609,666914,341076,342019,340073,335317,327056,318061,306469,292220,277109,260983,245533,228619,212492,196413,180070,166082,152872,141159,130146,119499,111780,104741,98654,94418,89904,88599,87595,88249,91152,98035,111042,136861,179693,223884,196541
1,7,22,59,141,297,497,861,1414,2059,3225,4708,6850,9351,13096,17125,22357,29151,36909,46097,57057,69254,83618,98802,115405,134120,152578,173088,194850,215233,234840,255992,274725,291434,306388,319620,666682,341234,342333,339599,334648,328373,317018,306103,292548,277181,260876,245671,228991,212776,195549,180580,166156,153271,140871,129844,119762,111998,104733,98836,94116,90139,88625,87619,88289,91429,97995,111157,136826,179748,223919,196682
1,7,22,70,129,290,510,846,1419,2092,3207,4698,6758,9484,12925,17254,22338,29252,36639,46270,57014,69347,83361,98947,115438,133663,153135,173063,194030,215122,235773,255687,274475,291204,306181,319467,667146,340948,341711,339735,335367,327992,316889,305831,292634,277679,261580,244862,229053,212473,195792,180455,166487,153275,140637,129791,120354,111655,104890,98848,93856,90415,88464,87937,88470,91413,98010,111064,137029,179718,224166,196664
1,5,25,71,133,280,520,826,1384,2112,3259,4646,6742,9513,12887,17405,22292,28927,36818,46042,57146,69328,83229,98888,115890,133131,152720,173625,194167,214682,235992,254883,274383,291272,306592,319899,666342,340662,342427,339179,335557,328410,316717,306392,291324,278424,261397,244538,229520,212293,195525,181092,166182,153293,141019,130070,119948,111544,104999,98744,94125,90557,88110,87979,88624,91550,98169,111121,137130,179831,224155,196744
2,4,21,75,127,294,488,824,1428,2094,3191,4716,6791,9450,12870,17362,22523,28736,36743,46137,56765,69828,83013,98766,115686,133574,152273,173527,194929,214242,235439,255122,274640,290495,307049,319413,666663,340797,341394,339897,335455,327445,317654,306308,291391,278132,261545,245380,229084,211876,196041,180588,166404,153479,141096,130002,119842,111994,104787,98559,94206,90576,88468,87733,88517,92130,97845,111392,137211,180010,224065,196805
2,3,22,76,121,296,473,857,1383,2107,3196,4738,6870,9312,12891,17268,22439,28806,37007,46022,56882,69142,83320,98956,115698,133055,152908,173211,194383,214235,235171,256035,273678,291054,306265,320661,665623,340871,341143,340360,335778,327009,317975,305738,291979,277093,262498,245700,228118,211871,195972,180716,166412,153898,141116,130004,119897,111781,105007,98637,94218,90735,88446,87714,88802,91934,98229,111296,137175,180123,224048,196949
1,5,21,74,132,282,480,843,1381,2117,3160,4774,6855,9371,12848,17258,22305,28940,36866,46223,56787,68932,83275,98932,115543,133211,152986,173084,194093,214311,236011,254494,274236,290980,306555,319959,666209,340465,341546,339445,336176,326990,318128,305623,292764,276324,262490,244970,228764,211961,196109,180866,166255,153709,141423,129852,120114,112045,104735,98748,94138,90757,88740,87731,89017,91586,98472,111409,137347,180065,224094,197016
1,6,19,79,127,289,461,858,1357,2172,3123,4860,6736,9504,12832,17108,22404,28874,36929,46171,56741,69204,83003,98854,115562,132960,152571,173631,193610,215048,235828,254621,273323,291442,306632,319720,665919,340010,341623,340643,335543,326487,317674,306799,292051,276493,262288,245579,228401,211812,196181,180861,166371,153969,141200,130060,119656,112749,104599,98710,94328,90846,88614,87731,89006,91645,98733,111379,137442,180116,224149,197081
1,6,22,68,138,283,459,847,1392,2149,3077,4885,6773,9524,12687,17159,22332,29143,36729,46160,56557,69534,83037,98561,115241,132697,153203,173003,193816,215154,234968,255211,273496,291019,306574,319813,665865,340224,341105,340513,335358,327395,317091,306918,291768,276754,261669,245964,228931,211837,196153,181019,166329,153870,141556,129354,120510,112300,104576,98897,94315,90919,88640,87805,89046,91708,98830,111369,137746,180116,224176,197064
1,8,19,63,133,285,465,858,1358,2104,3214,4867,6767,9418,12787,17194,22488,28821,36866,46175,56587,69580,82709,98414,115211,133509,152510,173172,193852,214732,234675,255221,273518,291379,306958,319250,666109,338566,342650,339652,335640,327010,317657,306839,291299,276474,262423,245165,229029,212794,195860,181005,166778,153375,141614,129558,120549,111807,104987,99288,94239,90562,88887,87973,89027,91787,98789,111894,137351,180281,224192,197130
1,8,18,67,138,267,491,858,1354,2104,3284,4754,6816,9430,12643,17243,22373,28867,36796,46011,56966,69342,83067,98130,115016,133500,152328,173468,193675,214372,235215,254468,273729,291408,306758,319570,665797,339331,341800,340033,334662,327712,317408,306190,292406,276712,261601,245142,229138,212656,196203,180963,166653,153474,141215,130140,120260,112167,105077,99445,94123,91029,88575,88127,88772,92277,98649,112049,137304,179965,224620,197198
1,8,22,64,135,266,528,807,1343,2143,3273,4765,6859,9291,12677,17191,22467,28887,36680,45901,57119,69521,82692,98015,114948,133553,152877,173065,193207,214872,234871,254493,274564,290428,306563,318942,666359,339744,341420,339713,335396,327246,316673,306430,292405,277612,260860,245362,229300,212242,196242,181042,166484,153437,141521,130299,120218,112324,105186,99248,94253,91383,88279,88423,88909,92030,98935,111966,137593,179801,224783,197252
1,7,22,69,126,274,512,810,1361,2104,3294,4795,6829,9212,12886,17075,22399,28938,36622,45718,57139,69065,83208,97911,115076,133159,153111,172867,194029,213974,234961,255030,273510,291335,305710,319781,665772,339500,341471,339992,334368,327117,317648,306269,292132,277679,261001,245516,229186,212298,195901,181034,166622,153676,141381,130572,120426,112105,105230,99299,94362,91320,88666,88243,88838,92144,98890,112245,137483,179975,224871,197256
0,8,20,75,131,252,503,838,1356,2132,3259,4760,6819,9330,12867,16888,22475,29123,36403,45928,56705,69485,82422,98417,115235,132995,153126,172429,194301,214378,234806,254382,273500,291330,306011,319302,665985,339919,340782,339440,334850,326865,318122,305845,292262,277135,261853,245030,229472,212375,196298,180455,166481,153987,141211,130731,120545,112322,105030,99419,94476,91152,89031,88139,88788,92307,99015,112200,137697,180077,224803,197318
0,7,18,76,134,259,503,820,1364,2136,3249,4861,6789,9183,12976,16817,22299,29140,36629,45766,56831,69576,82385,98030,115473,133186,152529,172472,193927,215020,234355,254496,273721,290869,305850,319242,665853,339918,341794,338571,334527,327684,317379,305579,292484,277448,261770,245037,229556,212214,196653,180335,166500,153428,141606,130970,120451,112332,105133,99400,94550,91325,89046,88313,88889,92125,99315,111920,137998,180176,224743,197398
0,6,18,77,135,257,495,818,1370,2162,3252,4871,6734,9248,12851,16966,22284,29025,36626,45826,56506,69543,82762,97582,115841,133184,152416,173079,193265,214820,233949,255351,272849,290316,306672,318805,665764,339898,342336,338529,334790,326884,317390,305390,292881,277597,261293,245486,228977,212727,196354,180583,166732,153441,141445,130629,120807,112613,104822,99437,95049,91017,89047,88505,89016,92364,99285,111980,137700,180216,224919,197544
0,4,21,72,136,250,494,818,1387,2136,3320,4775,6670,9326,12807,17044,22232,28851,36838,45802,56493,69348,82783,97901,115505,133228,152968,172571,193442,213717,234901,254594,273964,289738,306256,318919,664681,341397,341629,338956,334204,326537,317559,305623,292622,277449,261716,245813,228517,212510,196515,181001,166638,153350,141563,130873,120861,112748,104459,99678,95161,90944,89217,88369,89324,92347,99157,112046,137699,180318,224976,197640
0,5,23,63,135,267,486,832,1344,2186,3259,4789,6637,9395,12738,17114,22250,28717,36724,46147,56366,69163,82652,98281,115256,133136,152668,172785,193138,214147,234753,254751,272905,290960,305231,319136,664788,340829,342203,338929,333676,326532,317978,305576,291806,278323,261174,246113,228148,213007,196381,180839,167140,153323,141596,130802,121180,112271,105046,99384,95430,90884,89034,88659,89442,92451,99022,111952,138024,180291,225059,197677
1,4,19,67,137,272,515,798,1349,2149,3310,4784,6677,9320,12677,17151,22412,28603,36550,46101,56751,68722,82988,98027,115129,133722,152218,172610,193158,214239,234776,254520,273071,290488,306167,318482,664823,339952,342237,338721,334291,326984,317496,304339,293202,277971,261187,246130,228953,211513,196711,181518,166931,153160,141645,130912,121306,112068,105365,99612,94940,91425,88963,88529,89478,92557,99137,112250,137966,180394,225079,197699
1,4,18,70,127,282,481,837,1345,2153,3284,4786,6692,9301,12706,17120,22578,28429,36679,45875,56617,68928,82624,98023,115276,133585,152746,172162,193498,213780,234418,254890,273429,290318,305110,318591,664834,339602,342167,339341,334527,327260,315926,305427,292503,278109,261725,246122,228539,211884,196576,181963,166513,153389,141540,131024,121080,112256,105636,99674,95017,91194,89214,88483,89624,92704,99242,112165,138188,180347,225129,197721
1,4,18,67,135,271,481,853,1342,2164,3227,4783,6662,9348,12738,17204,22300,28625,36450,46044,56582,68640,82938,98040,115166,133568,152569,172609,192787,213825,234798,254342,273282,290663,305145,319044,663797,340114,341169,339651,335225,326336,316427,305045,292516,278311,261928,245367,228857,212386,196664,181438,166842,153437,142078,130318,121625,112424,105283,99544,95164,91344,89187,88622,89704,92728,99371,112284,138239,180461,225038,197769
1,4,18,66,138,270,487,841,1366,2141,3218,4701,6735,9417,12681,17149,22402,28466,36499,45876,56737,68583,82975,97827,115109,133608,152823,172372,192847,213693,234421,254910,273145,290516,305414,318116,664068,339524,341245,339796,334744,327399,316473,305200,292842,277502,261667,244976,229282,212133,196945,181434,166816,154055,141572,130547,121399,112699,105360,99486,95365,91278,89214,88728,89932,92529,99516,112461,138181,180690,224864,197914
1,3,15,66,144,257,500,846,1321,2156,3206,4721,6760,9412,12696,17009,22400,28624,36391,45658,56746,68872,82703,97759,115184,133782,151989,173037,193356,213254,234150,254663,273374,290386,304862,318233,663434,340633,341302,339167,334459,327779,316266,305328,293043,277539,261353,245191,228980,212043,197045,181461,167300,154053,141462,130673,121682,112662,105297,99506,95177,91549,89068,88834,89969,92796,99299,112807,138063,180694,224956,198002
1,3,17,60,144,258,517,838,1315,2166,3166,4737,6843,9293,12721,17109,22106,28654,36695,45789,56557,68448,82534,98024,115232,133457,152477,172678,192935,213819,234055,254423,273178,290214,305744,317516,663822,340561,340191,339648,334753,327285,316956,304746,292934,277834,260771,246010,228866,212033,197200,181644,167188,153683,141842,130537,121522,112954,105307,99662,95125,91534,89310,88926,89919,92597,99562,112894,138067,180714,225015,198073
1,3,19,54,145,259,523,821,1354,2082,3267,4706,6802,9366,12797,16871,22200,28586,36799,45658,56788,68448,82311,97997,115049,133151,152895,172545,192857,214173,234144,254127,272732,290318,305259,318243,663171,340036,340872,339741,334164,327322,316725,305445,292963,277018,261880,245290,228999,212649,196736,181435,166816,154294,141919,130616,121415,112663,105661,99734,95204,91607,89522,88942,89959,92552,99602,112942,138275,180732,225073,198084
