0,0,0,0,0,0,0,0,0,0,0,0,0,0,0,0,0,0,0,0,0,0,0,0,0,0,0,0,0,0,0,0,0,0,0,0,0,0,0,0,0,0,0,0,0,0,0,0,5276509,0,0,0,0,0,0,0,0,0,0,0,0,0,0,0,0,0,0,0,0,0,0,0,0,0,0,0,0,0,0,0,0,0,0,0,0,0,0,0,0,0,0,0,0,0,0,0,5276899,0,0,0,0,0,0,0,0,0,0,0,0,0,0,0,0,0,0,0,0,0,0,0,0,0,0,0,0,0,0,0,0,0,0,0,0,0,0,0,0,0,0,0,0,0,0,0
0,0,0,0,0,0,0,0,0,0,0,0,0,0,0,0,0,0,0,0,0,0,0,0,0,0,0,0,0,0,0,0,0,0,0,0,2742693,0,0,0,0,0,0,0,0,0,0,0,0,0,0,0,0,0,0,0,0,0,0,0,0,0,0,0,0,0,0,0,0,0,0,0,5063279,0,0,0,0,0,0,0,0,0,0,0,0,0,0,0,0,0,0,0,0,0,0,0,0,0,0,0,0,0,0,0,0,0,0,0,2747436,0,0,0,0,0,0,0,0,0,0,0,0,0,0,0,0,0,0,0,0,0,0,0,0,0,0,0,0,0,0,0,0,0,0,0
0,0,0,0,0,0,0,0,0,0,0,0,0,0,0,0,0,0,0,0,0,0,0,0,0,0,0,0,1472744,0,0,0,0,0,0,0,0,0,0,0,0,0,0,0,0,0,0,0,0,0,0,0,0,0,0,0,0,3798330,0,0,0,0,0,0,0,0,0,0,0,0,0,0,0,0,0,0,0,0,0,0,0,0,0,0,0,0,3805061,0,0,0,0,0,0,0,0,0,0,0,0,0,0,0,0,0,0,0,0,0,0,0,0,0,0,0,0,1477273,0,0,0,0,0,0,0,0,0,0,0,0,0,0,0,0,0,0,0,0,0,0,0,0,0,0,0,0
0,0,0,0,0,0,0,0,0,0,0,0,0,0,0,0,0,0,0,0,0,0,0,0,812095,0,0,0,0,0,0,0,0,0,0,0,0,0,0,0,0,0,0,0,0,0,0,0,2622644,0,0,0,0,0,0,0,0,0,0,0,0,0,0,0,0,0,0,0,0,0,0,0,3674894,0,0,0,0,0,0,0,0,0,0,0,0,0,0,0,0,0,0,0,0,0,0,0,2629707,0,0,0,0,0,0,0,0,0,0,0,0,0,0,0,0,0,0,0,0,0,0,0,814068,0,0,0,0,0,0,0,0,0,0,0,0,0,0,0,0,0,0,0,0,0,0,0
0,0,0,0,0,0,0,0,0,0,0,0,0,0,0,0,0,0,0,0,457361,0,0,0,0,0,0,0,0,0,0,0,0,0,0,0,0,0,0,0,0,1746137,0,0,0,0,0,0,0,0,0,0,0,0,0,0,0,0,0,0,0,3068853,0,0,0,0,0,0,0,0,0,0,0,0,0,0,0,0,0,0,0,0,3071963,0,0,0,0,0,0,0,0,0,0,0,0,0,0,0,0,0,0,0,1751193,0,0,0,0,0,0,0,0,0,0,0,0,0,0,0,0,0,0,0,0,457901,0,0,0,0,0,0,0,0,0,0,0,0,0,0,0,0,0,0,0,0
0,0,0,0,0,0,0,0,0,0,0,0,0,0,0,0,0,0,260906,0,0,0,0,0,0,0,0,0,0,0,0,0,0,0,0,0,1141721,0,0,0,0,0,0,0,0,0,0,0,0,0,0,0,0,0,2378905,0,0,0,0,0,0,0,0,0,0,0,0,0,0,0,0,0,2983881,0,0,0,0,0,0,0,0,0,0,0,0,0,0,0,0,0,2381652,0,0,0,0,0,0,0,0,0,0,0,0,0,0,0,0,0,1145010,0,0,0,0,0,0,0,0,0,0,0,0,0,0,0,0,0,261333,0,0,0,0,0,0,0,0,0,0,0,0,0,0,0,0,0
0,0,0,0,0,0,0,0,0,0,0,0,0,0,0,0,151232,0,0,0,0,0,0,0,0,0,0,0,0,0,0,0,739342,0,0,0,0,0,0,0,0,0,0,0,0,0,0,0,1764207,0,0,0,0,0,0,0,0,0,0,0,0,0,0,0,2620536,0,0,0,0,0,0,0,0,0,0,0,0,0,0,0,2620611,0,0,0,0,0,0,0,0,0,0,0,0,0,0,0,1765322,0,0,0,0,0,0,0,0,0,0,0,0,0,0,0,740799,0,0,0,0,0,0,0,0,0,0,0,0,0,0,0,151359,0,0,0,0,0,0,0,0,0,0,0,0,0,0,0
0,0,0,0,0,0,0,0,0,0,0,0,0,0,88271,0,0,0,0,0,0,0,0,0,0,0,0,0,477132,0,0,0,0,0,0,0,0,0,0,0,0,0,0,1269899,0,0,0,0,0,0,0,0,0,0,0,0,0,2159583,0,0,0,0,0,0,0,0,0,0,0,0,0,0,2559455,0,0,0,0,0,0,0,0,0,0,0,0,0,2162389,0,0,0,0,0,0,0,0,0,0,0,0,0,1270971,0,0,0,0,0,0,0,0,0,0,0,0,0,0,477237,0,0,0,0,0,0,0,0,0,0,0,0,0,88471,0,0,0,0,0,0,0,0,0,0,0,0,0,0
0,0,0,0,0,0,0,0,0,0,0,0,0,52270,0,0,0,0,0,0,0,0,0,0,0,0,306465,0,0,0,0,0,0,0,0,0,0,0,0,898459,0,0,0,0,0,0,0,0,0,0,0,0,1704808,0,0,0,0,0,0,0,0,0,0,0,0,2313385,0,0,0,0,0,0,0,0,0,0,0,0,2313718,0,0,0,0,0,0,0,0,0,0,0,0,1706777,0,0,0,0,0,0,0,0,0,0,0,0,898678,0,0,0,0,0,0,0,0,0,0,0,0,306486,0,0,0,0,0,0,0,0,0,0,0,0,52362,0,0,0,0,0,0,0,0,0,0,0,0,0
0,0,0,0,0,0,0,0,0,0,0,0,31213,0,0,0,0,0,0,0,0,0,0,0,197110,0,0,0,0,0,0,0,0,0,0,0,626173,0,0,0,0,0,0,0,0,0,0,0,1305638,0,0,0,0,0,0,0,0,0,0,0,1981242,0,0,0,0,0,0,0,0,0,0,0,2267586,0,0,0,0,0,0,0,0,0,0,0,1981964,0,0,0,0,0,0,0,0,0,0,0,1307750,0,0,0,0,0,0,0,0,0,0,0,626313,0,0,0,0,0,0,0,0,0,0,0,197027,0,0,0,0,0,0,0,0,0,0,0,31392,0,0,0,0,0,0,0,0,0,0,0
0,0,0,0,0,0,0,0,0,0,0,18632,0,0,0,0,0,0,0,0,0,0,127034,0,0,0,0,0,0,0,0,0,0,432431,0,0,0,0,0,0,0,0,0,0,979062,0,0,0,0,0,0,0,0,0,0,1630053,0,0,0,0,0,0,0,0,0,0,2087783,0,0,0,0,0,0,0,0,0,0,2088284,0,0,0,0,0,0,0,0,0,0,1631376,0,0,0,0,0,0,0,0,0,0,980829,0,0,0,0,0,0,0,0,0,0,432370,0,0,0,0,0,0,0,0,0,0,126730,0,0,0,0,0,0,0,0,0,0,18824,0,0,0,0,0,0,0,0,0,0,0
0,0,0,0,0,0,0,0,0,0,11246,0,0,0,0,0,0,0,0,0,81624,0,0,0,0,0,0,0,0,0,296768,0,0,0,0,0,0,0,0,0,0,722376,0,0,0,0,0,0,0,0,0,1302972,0,0,0,0,0,0,0,0,0,1834426,0,0,0,0,0,0,0,0,0,0,2050478,0,0,0,0,0,0,0,0,0,1834336,0,0,0,0,0,0,0,0,0,1307151,0,0,0,0,0,0,0,0,0,722097,0,0,0,0,0,0,0,0,0,0,296808,0,0,0,0,0,0,0,0,0,81748,0,0,0,0,0,0,0,0,0,11378,0,0,0,0,0,0,0,0,0,0
0,0,0,0,0,0,0,0,0,6878,0,0,0,0,0,0,0,0,0,52436,0,0,0,0,0,0,0,0,202122,0,0,0,0,0,0,0,0,0,527260,0,0,0,0,0,0,0,0,0,1018942,0,0,0,0,0,0,0,0,1556276,0,0,0,0,0,0,0,0,0,1909612,0,0,0,0,0,0,0,0,1912704,0,0,0,0,0,0,0,0,0,1558621,0,0,0,0,0,0,0,0,0,1020207,0,0,0,0,0,0,0,0,526436,0,0,0,0,0,0,0,0,0,202362,0,0,0,0,0,0,0,0,52712,0,0,0,0,0,0,0,0,0,6840,0,0,0,0,0,0,0,0,0
0,0,0,0,0,0,0,0,0,4175,0,0,0,0,0,0,0,0,33698,0,0,0,0,0,0,0,0,137277,0,0,0,0,0,0,0,0,379670,0,0,0,0,0,0,0,0,784790,0,0,0,0,0,0,0,0,1283228,0,0,0,0,0,0,0,0,1711960,0,0,0,0,0,0,0,0,1880160,0,0,0,0,0,0,0,0,1713634,0,0,0,0,0,0,0,0,1285418,0,0,0,0,0,0,0,0,784192,0,0,0,0,0,0,0,0,379156,0,0,0,0,0,0,0,0,137867,0,0,0,0,0,0,0,0,34032,0,0,0,0,0,0,0,0,4151,0,0,0,0,0,0,0,0
0,0,0,0,0,0,0,0,2570,0,0,0,0,0,0,0,21595,0,0,0,0,0,0,0,0,92977,0,0,0,0,0,0,0,270740,0,0,0,0,0,0,0,0,595043,0,0,0,0,0,0,0,1036874,0,0,0,0,0,0,0,0,1484205,0,0,0,0,0,0,0,1770242,0,0,0,0,0,0,0,0,1771606,0,0,0,0,0,0,0,1487121,0,0,0,0,0,0,0,0,1036274,0,0,0,0,0,0,0,595662,0,0,0,0,0,0,0,0,270615,0,0,0,0,0,0,0,93271,0,0,0,0,0,0,0,0,22075,0,0,0,0,0,0,0,2538,0,0,0,0,0,0,0,0
0,0,0,0,0,0,0,0,1594,0,0,0,0,0,0,0,14001,0,0,0,0,0,0,0,63062,0,0,0,0,0,0,0,192346,0,0,0,0,0,0,0,445574,0,0,0,0,0,0,0,822428,0,0,0,0,0,0,0,1254517,0,0,0,0,0,0,0,1608089,0,0,0,0,0,0,0,1745420,0,0,0,0,0,0,0,1610242,0,0,0,0,0,0,0,1256201,0,0,0,0,0,0,0,823021,0,0,0,0,0,0,0,445618,0,0,0,0,0,0,0,192265,0,0,0,0,0,0,0,63316,0,0,0,0,0,0,0,14151,0,0,0,0,0,0,0,1563,0,0,0,0,0,0,0
0,0,0,0,0,0,0,961,0,0,0,0,0,0,0,9028,0,0,0,0,0,0,42647,0,0,0,0,0,0,0,136309,0,0,0,0,0,0,329489,0,0,0,0,0,0,0,643661,0,0,0,0,0,0,0,1038168,0,0,0,0,0,0,1420159,0,0,0,0,0,0,0,1654769,0,0,0,0,0,0,1654752,0,0,0,0,0,0,0,1420479,0,0,0,0,0,0,1040419,0,0,0,0,0,0,0,642895,0,0,0,0,0,0,0,330771,0,0,0,0,0,0,135923,0,0,0,0,0,0,0,42837,0,0,0,0,0,0,9163,0,0,0,0,0,0,0,978,0,0,0,0,0,0,0
0,0,0,0,0,0,0,588,0,0,0,0,0,0,5871,0,0,0,0,0,0,28757,0,0,0,0,0,0,96025,0,0,0,0,0,0,0,242610,0,0,0,0,0,0,497135,0,0,0,0,0,0,845666,0,0,0,0,0,0,1222275,0,0,0,0,0,0,1520702,0,0,0,0,0,0,0,1631548,0,0,0,0,0,0,1521715,0,0,0,0,0,0,1223897,0,0,0,0,0,0,845100,0,0,0,0,0,0,496747,0,0,0,0,0,0,0,243407,0,0,0,0,0,0,95864,0,0,0,0,0,0,28952,0,0,0,0,0,0,5954,0,0,0,0,0,0,595,0,0,0,0,0,0,0
0,0,0,0,0,0,382,0,0,0,0,0,0,3757,0,0,0,0,0,0,19558,0,0,0,0,0,0,67173,0,0,0,0,0,0,177556,0,0,0,0,0,0,379398,0,0,0,0,0,0,678134,0,0,0,0,0,1031655,0,0,0,0,0,0,1361012,0,0,0,0,0,0,1556408,0,0,0,0,0,0,1557679,0,0,0,0,0,0,1360991,0,0,0,0,0,0,1033293,0,0,0,0,0,0,677019,0,0,0,0,0,380477,0,0,0,0,0,0,177978,0,0,0,0,0,0,67168,0,0,0,0,0,0,19514,0,0,0,0,0,0,3908,0,0,0,0,0,0,348,0,0,0,0,0,0
0,0,0,0,0,0,232,0,0,0,0,0,0,2478,0,0,0,0,0,13130,0,0,0,0,0,0,46843,0,0,0,0,0,129573,0,0,0,0,0,0,287373,0,0,0,0,0,537365,0,0,0,0,0,0,856859,0,0,0,0,0,1188704,0,0,0,0,0,0,1443191,0,0,0,0,0,0,1539535,0,0,0,0,0,1444592,0,0,0,0,0,0,1188178,0,0,0,0,0,858151,0,0,0,0,0,0,536832,0,0,0,0,0,287957,0,0,0,0,0,0,129580,0,0,0,0,0,46889,0,0,0,0,0,0,13175,0,0,0,0,0,2543,0,0,0,0,0,0,228,0,0,0,0,0,0
0,0,0,0,0,0,134,0,0,0,0,0,1603,0,0,0,0,0,8842,0,0,0,0,0,0,32705,0,0,0,0,0,93821,0,0,0,0,0,215931,0,0,0,0,0,421085,0,0,0,0,0,0,701636,0,0,0,0,0,1020238,0,0,0,0,0,1305450,0,0,0,0,0,1474407,0,0,0,0,0,0,1474886,0,0,0,0,0,1306072,0,0,0,0,0,1020415,0,0,0,0,0,701968,0,0,0,0,0,0,420877,0,0,0,0,0,216464,0,0,0,0,0,93354,0,0,0,0,0,32720,0,0,0,0,0,0,9007,0,0,0,0,0,1641,0,0,0,0,0,152,0,0,0,0,0,0
0,0,0,0,0,0,83,0,0,0,0,0,1042,0,0,0,0,0,6004,0,0,0,0,0,22785,0,0,0,0,0,67729,0,0,0,0,0,161162,0,0,0,0,0,326507,0,0,0,0,0,567504,0,0,0,0,0,861761,0,0,0,0,0,1155634,0,0,0,0,0,1376830,0,0,0,0,0,1457252,0,0,0,0,0,1377063,0,0,0,0,0,1156322,0,0,0,0,0,862544,0,0,0,0,0,567794,0,0,0,0,0,326835,0,0,0,0,0,161135,0,0,0,0,0,67141,0,0,0,0,0,22958,0,0,0,0,0,6173,0,0,0,0,0,1048,0,0,0,0,0,102,0,0,0,0,0
0,0,0,0,0,61,0,0,0,0,0,662,0,0,0,0,0,4084,0,0,0,0,0,15962,0,0,0,0,48344,0,0,0,0,0,119870,0,0,0,0,0,251565,0,0,0,0,0,453549,0,0,0,0,717473,0,0,0,0,0,1006844,0,0,0,0,0,1255811,0,0,0,0,0,1401948,0,0,0,0,1402447,0,0,0,0,0,1256823,0,0,0,0,0,1005482,0,0,0,0,0,717998,0,0,0,0,453911,0,0,0,0,0,251497,0,0,0,0,0,119722,0,0,0,0,0,48410,0,0,0,0,16048,0,0,0,0,0,4153,0,0,0,0,0,682,0,0,0,0,0,62,0,0,0,0,0
0,0,0,0,0,44,0,0,0,0,0,416,0,0,0,0,2762,0,0,0,0,0,11118,0,0,0,0,34588,0,0,0,0,0,88819,0,0,0,0,191977,0,0,0,0,0,359858,0,0,0,0,589724,0,0,0,0,0,862335,0,0,0,0,1123685,0,0,0,0,0,1316635,0,0,0,0,0,1387356,0,0,0,0,1317720,0,0,0,0,0,1124734,0,0,0,0,861546,0,0,0,0,0,590877,0,0,0,0,359525,0,0,0,0,0,191985,0,0,0,0,88364,0,0,0,0,0,34944,0,0,0,0,11098,0,0,0,0,0,2813,0,0,0,0,440,0,0,0,0,0,45,0,0,0,0,0
0,0,0,0,0,25,0,0,0,0,277,0,0,0,0,0,1848,0,0,0,0,7720,0,0,0,0,24693,0,0,0,0,0,65663,0,0,0,0,145273,0,0,0,0,282481,0,0,0,0,0,480881,0,0,0,0,727526,0,0,0,0,989588,0,0,0,0,0,1210613,0,0,0,0,1338925,0,0,0,0,1338788,0,0,0,0,0,1212673,0,0,0,0,988921,0,0,0,0,728355,0,0,0,0,0,480502,0,0,0,0,282471,0,0,0,0,146197,0,0,0,0,0,65133,0,0,0,0,24930,0,0,0,0,7758,0,0,0,0,0,1834,0,0,0,0,301,0,0,0,0,32,0,0,0,0,0
0,0,0,0,0,18,0,0,0,0,188,0,0,0,0,1232,0,0,0,0,5339,0,0,0,0,17579,0,0,0,0,48395,0,0,0,0,0,109848,0,0,0,0,219821,0,0,0,0,387729,0,0,0,0,607482,0,0,0,0,857420,0,0,0,0,1093822,0,0,0,0,1263539,0,0,0,0,0,1324788,0,0,0,0,1264940,0,0,0,0,1094243,0,0,0,0,857953,0,0,0,0,608729,0,0,0,0,387382,0,0,0,0,220290,0,0,0,0,0,110092,0,0,0,0,47879,0,0,0,0,17793,0,0,0,0,5453,0,0,0,0,1233,0,0,0,0,199,0,0,0,0,22,0,0,0,0,0
0,0,0,0,11,0,0,0,0,123,0,0,0,0,802,0,0,0,0,3749,0,0,0,0,12512,0,0,0,0,35326,0,0,0,0,82710,0,0,0,0,170149,0,0,0,0,310482,0,0,0,0,501453,0,0,0,0,733140,0,0,0,0,972113,0,0,0,0,1169657,0,0,0,0,1282040,0,0,0,0,1282716,0,0,0,0,1171536,0,0,0,0,971896,0,0,0,0,734561,0,0,0,0,502511,0,0,0,0,310127,0,0,0,0,170186,0,0,0,0,83234,0,0,0,0,34923,0,0,0,0,12649,0,0,0,0,3820,0,0,0,0,850,0,0,0,0,117,0,0,0,0,15,0,0,0,0
0,0,0,0,6,0,0,0,0,83,0,0,0,0,522,0,0,0,0,2636,0,0,0,0,8869,0,0,0,25653,0,0,0,0,62048,0,0,0,0,131056,0,0,0,0,245836,0,0,0,0,411209,0,0,0,619537,0,0,0,0,851663,0,0,0,0,1065118,0,0,0,0,1214677,0,0,0,0,1271270,0,0,0,1216405,0,0,0,0,1064519,0,0,0,0,852974,0,0,0,0,620900,0,0,0,0,411487,0,0,0,245398,0,0,0,0,131483,0,0,0,0,62268,0,0,0,0,25440,0,0,0,0,9036,0,0,0,2665,0,0,0,0,569,0,0,0,0,72,0,0,0,0,9,0,0,0,0
0,0,0,0,4,0,0,0,0,57,0,0,0,350,0,0,0,0,1812,0,0,0,0,6348,0,0,0,18611,0,0,0,0,46239,0,0,0,0,100689,0,0,0,193371,0,0,0,0,333096,0,0,0,0,519091,0,0,0,736239,0,0,0,0,954141,0,0,0,0,1131598,0,0,0,1233237,0,0,0,0,1233061,0,0,0,1131295,0,0,0,0,954885,0,0,0,0,737482,0,0,0,520890,0,0,0,0,333437,0,0,0,0,193328,0,0,0,100413,0,0,0,0,46454,0,0,0,0,18542,0,0,0,6436,0,0,0,0,1854,0,0,0,0,391,0,0,0,52,0,0,0,0,5,0,0,0,0
0,0,0,0,2,0,0,0,0,34,0,0,0,245,0,0,0,0,1244,0,0,0,4486,0,0,0,0,13493,0,0,0,34488,0,0,0,0,76752,0,0,0,152037,0,0,0,0,267950,0,0,0,430100,0,0,0,0,629163,0,0,0,843753,0,0,0,0,1037289,0,0,0,1171697,0,0,0,0,1223964,0,0,0,1172052,0,0,0,0,1037113,0,0,0,843699,0,0,0,0,631912,0,0,0,430820,0,0,0,0,268794,0,0,0,151228,0,0,0,0,76940,0,0,0,34434,0,0,0,0,13515,0,0,0,4628,0,0,0,0,1292,0,0,0,244,0,0,0,0,35,0,0,0,5,0,0,0,0
0,0,0,0,0,0,0,0,25,0,0,0,0,167,0,0,0,841,0,0,0,3232,0,0,0,0,9719,0,0,0,25552,0,0,0,58398,0,0,0,0,118064,0,0,0,214403,0,0,0,0,354137,0,0,0,532322,0,0,0,736601,0,0,0,0,936301,0,0,0,1097714,0,0,0,1186724,0,0,0,0,1187986,0,0,0,1097179,0,0,0,935980,0,0,0,0,738593,0,0,0,534523,0,0,0,0,354355,0,0,0,214184,0,0,0,118552,0,0,0,0,58108,0,0,0,25605,0,0,0,9713,0,0,0,0,3354,0,0,0,870,0,0,0,184,0,0,0,0,18,0,0,0,4,0,0,0,0
0,0,0,0,0,0,0,0,17,0,0,0,113,0,0,0,585,0,0,0,0,2274,0,0,0,7095,0,0,0,18892,0,0,0,43827,0,0,0,0,91534,0,0,0,171055,0,0,0,288579,0,0,0,447130,0,0,0,0,635410,0,0,0,834267,0,0,0,1011770,0,0,0,1133224,0,0,0,0,1177272,0,0,0,1133476,0,0,0,1011477,0,0,0,835174,0,0,0,637411,0,0,0,0,448980,0,0,0,288538,0,0,0,170208,0,0,0,91911,0,0,0,0,44084,0,0,0,18915,0,0,0,7123,0,0,0,2306,0,0,0,0,621,0,0,0,126,0,0,0,12,0,0,0,2,0,0,0,0
0,0,0,0,0,0,0,0,12,0,0,0,78,0,0,0,405,0,0,0,1618,0,0,0,5087,0,0,0,13920,0,0,0,33241,0,0,0,0,70434,0,0,0,134671,0,0,0,234299,0,0,0,372220,0,0,0,543750,0,0,0,734560,0,0,0,919385,0,0,0,1065164,0,0,0,1145254,0,0,0,0,1146608,0,0,0,1065779,0,0,0,917936,0,0,0,736942,0,0,0,544999,0,0,0,372807,0,0,0,233770,0,0,0,135250,0,0,0,70656,0,0,0,0,33352,0,0,0,13911,0,0,0,5139,0,0,0,1654,0,0,0,403,0,0,0,96,0,0,0,7,0,0,0,1,0,0,0,0
0,0,0,0,0,0,0,0,6,0,0,0,61,0,0,0,297,0,0,0,1088,0,0,0,3679,0,0,0,10247,0,0,0,24891,0,0,0,54167,0,0,0,106124,0,0,0,188312,0,0,0,307515,0,0,0,461202,0,0,0,640119,0,0,0,824445,0,0,0,986404,0,0,0,1097243,0,0,0,1136961,0,0,0,1098248,0,0,0,985904,0,0,0,825678,0,0,0,641349,0,0,0,462896,0,0,0,306714,0,0,0,188570,0,0,0,106510,0,0,0,54178,0,0,0,25129,0,0,0,10270,0,0,0,3683,0,0,0,1163,0,0,0,286,0,0,0,64,0,0,0,5,0,0,0,0,0,0,0
0,0,0,0,0,0,0,3,0,0,0,39,0,0,0,228,0,0,0,750,0,0,0,2654,0,0,0,7519,0,0,0,18602,0,0,0,41474,0,0,83264,0,0,0,150495,0,0,0,251952,0,0,0,387844,0,0,0,552124,0,0,0,731661,0,0,0,901832,0,0,0,1034560,0,0,0,1109650,0,0,1108791,0,0,0,1034709,0,0,0,902855,0,0,0,732554,0,0,0,553841,0,0,0,388279,0,0,0,251970,0,0,0,150845,0,0,0,83251,0,0,41534,0,0,0,18855,0,0,0,7522,0,0,0,2675,0,0,0,827,0,0,0,198,0,0,0,48,0,0,0,3,0,0,0,0,0,0,0
0,0,0,0,0,0,0,1,0,0,0,23,0,0,0,174,0,0,538,0,0,0,1864,0,0,0,5535,0,0,0,14012,0,0,0,31566,0,0,64473,0,0,0,120474,0,0,0,205129,0,0,0,322999,0,0,0,472815,0,0,642319,0,0,0,814319,0,0,0,962987,0,0,0,1063836,0,0,0,1102373,0,0,1064987,0,0,0,963006,0,0,0,814201,0,0,0,644247,0,0,473275,0,0,0,323761,0,0,0,205392,0,0,0,120361,0,0,0,64736,0,0,31787,0,0,0,14102,0,0,0,5412,0,0,0,1965,0,0,0,575,0,0,130,0,0,0,32,0,0,0,2,0,0,0,0,0,0,0
0,0,0,0,0,0,0,1,0,0,0,14,0,0,109,0,0,0,389,0,0,0,1319,0,0,4033,0,0,0,10459,0,0,0,24025,0,0,50065,0,0,0,94986,0,0,0,166856,0,0,0,267500,0,0,401315,0,0,0,559021,0,0,0,726220,0,0,885694,0,0,0,1006591,0,0,0,1076063,0,0,1075827,0,0,0,1007724,0,0,0,884063,0,0,728121,0,0,0,560308,0,0,0,402046,0,0,0,267910,0,0,166744,0,0,0,95249,0,0,0,50075,0,0,24227,0,0,0,10531,0,0,0,3989,0,0,1428,0,0,0,389,0,0,0,94,0,0,22,0,0,0,1,0,0,0,0,0,0,0
0,0,0,0,0,0,0,1,0,0,10,0,0,0,77,0,0,0,273,0,0,948,0,0,0,2938,0,0,7712,0,0,0,18180,0,0,0,38669,0,0,75318,0,0,0,134350,0,0,220060,0,0,0,337564,0,0,0,482929,0,0,642849,0,0,0,803070,0,0,941291,0,0,0,1033721,0,0,0,1069254,0,0,1033905,0,0,0,941664,0,0,803272,0,0,0,644408,0,0,0,482960,0,0,338345,0,0,0,220827,0,0,134189,0,0,0,75173,0,0,0,39001,0,0,18476,0,0,0,7657,0,0,2907,0,0,0,1052,0,0,0,276,0,0,68,0,0,0,13,0,0,1,0,0,0,0,0,0,0
0,0,0,0,0,0,0,0,0,0,9,0,0,0,43,0,0,195,0,0,0,685,0,0,2168,0,0,0,5678,0,0,13823,0,0,0,29888,0,0,58870,0,0,0,107888,0,0,180297,0,0,0,282220,0,0,413034,0,0,0,564151,0,0,721375,0,0,0,868348,0,0,981786,0,0,0,1044448,0,0,1043946,0,0,0,981807,0,0,869409,0,0,0,721874,0,0,564452,0,0,0,414044,0,0,282262,0,0,0,181320,0,0,107283,0,0,0,59123,0,0,30283,0,0,0,13831,0,0,5729,0,0,0,2171,0,0,708,0,0,0,201,0,0,49,0,0,0,9,0,0,1,0,0,0,0,0,0,0
0,0,0,0,0,0,0,0,0,0,5,0,0,28,0,0,0,141,0,0,510,0,0,0,1553,0,0,4199,0,0,10358,0,0,0,22946,0,0,46117,0,0,0,85912,0,0,146977,0,0,0,234734,0,0,350458,0,0,490501,0,0,0,642505,0,0,792295,0,0,0,919939,0,0,1007992,0,0,0,1036867,0,0,1005344,0,0,921212,0,0,0,793949,0,0,642292,0,0,0,491119,0,0,350522,0,0,0,234869,0,0,147736,0,0,85644,0,0,0,46459,0,0,23251,0,0,0,10498,0,0,4221,0,0,0,1585,0,0,486,0,0,142,0,0,0,36,0,0,5,0,0,0,1,0,0,0,0,0,0
0,0,0,0,0,0,0,0,0,0,4,0,0,19,0,0,92,0,0,0,386,0,0,1151,0,0,3084,0,0,0,7753,0,0,17636,0,0,35912,0,0,0,68264,0,0,119261,0,0,194191,0,0,0,295486,0,0,422837,0,0,566686,0,0,0,716659,0,0,852328,0,0,957657,0,0,0,1016349,0,0,1013557,0,0,0,958282,0,0,854205,0,0,716542,0,0,0,567841,0,0,422789,0,0,295243,0,0,0,194731,0,0,119574,0,0,68249,0,0,0,36245,0,0,17812,0,0,7835,0,0,0,3130,0,0,1145,0,0,347,0,0,0,90,0,0,31,0,0,5,0,0,0,0,0,0,0,0,0,0
0,0,0,0,0,0,0,0,0,4,0,0,0,15,0,0,66,0,0,258,0,0,842,0,0,0,2304,0,0,5739,0,0,13487,0,0,0,27983,0,0,54043,0,0,96311,0,0,159362,0,0,0,248108,0,0,361530,0,0,496228,0,0,641239,0,0,0,781756,0,0,900906,0,0,980573,0,0,0,1008247,0,0,979957,0,0,902010,0,0,781572,0,0,0,642004,0,0,497563,0,0,361321,0,0,248323,0,0,0,160012,0,0,96366,0,0,54106,0,0,0,28285,0,0,13547,0,0,5816,0,0,2340,0,0,0,851,0,0,244,0,0,65,0,0,23,0,0,0,2,0,0,0,0,0,0,0,0,0
0,0,0,0,0,0,0,0,0,1,0,0,9,0,0,0,55,0,0,202,0,0,587,0,0,1688,0,0,4295,0,0,0,10309,0,0,21681,0,0,42676,0,0,77352,0,0,130236,0,0,0,207184,0,0,307177,0,0,430768,0,0,569594,0,0,710170,0,0,0,836895,0,0,936455,0,0,987536,0,0,987813,0,0,936253,0,0,0,837723,0,0,710403,0,0,569584,0,0,431491,0,0,307843,0,0,0,207376,0,0,130521,0,0,77590,0,0,42680,0,0,22061,0,0,0,10278,0,0,4298,0,0,1796,0,0,588,0,0,171,0,0,0,54,0,0,13,0,0,2,0,0,0,0,0,0,0,0,0
0,0,0,0,0,0,0,0,0,0,0,0,8,0,0,40,0,0,147,0,0,421,0,0,0,1301,0,0,3150,0,0,7808,0,0,16954,0,0,33074,0,0,62147,0,0,106238,0,0,171755,0,0,0,259598,0,0,371455,0,0,501235,0,0,639046,0,0,770959,0,0,882064,0,0,956795,0,0,0,981888,0,0,955304,0,0,882499,0,0,772712,0,0,639425,0,0,500321,0,0,372810,0,0,260484,0,0,0,171660,0,0,106459,0,0,61983,0,0,33580,0,0,17141,0,0,7722,0,0,3296,0,0,1343,0,0,0,403,0,0,135,0,0,39,0,0,8,0,0,1,0,0,0,0,0,0,0,0,0
0,0,0,0,0,0,0,0,0,0,0,0,7,0,0,27,0,0,103,0,0,323,0,0,938,0,0,2439,0,0,5818,0,0,12992,0,0,26161,0,0,49135,0,0,86333,0,0,141486,0,0,0,218602,0,0,318355,0,0,437594,0,0,570400,0,0,703421,0,0,823023,0,0,915004,0,0,962366,0,0,964417,0,0,913948,0,0,822363,0,0,704785,0,0,571122,0,0,437578,0,0,318847,0,0,219126,0,0,0,141510,0,0,86381,0,0,49406,0,0,26520,0,0,13194,0,0,5740,0,0,2568,0,0,958,0,0,287,0,0,96,0,0,30,0,0,4,0,0,1,0,0,0,0,0,0,0,0,0
0,0,0,0,0,0,0,0,0,0,0,0,6,0,0,18,0,0,63,0,0,245,0,0,698,0,0,1854,0,0,4385,0,0,9931,0,0,20406,0,0,39017,0,0,69885,0,0,115849,0,0,182880,0,0,271547,0,0,379672,0,0,504532,0,0,636358,0,0,760487,0,0,864828,0,0,932948,0,0,958399,0,0,933503,0,0,864097,0,0,760283,0,0,637793,0,0,505476,0,0,379744,0,0,271768,0,0,183390,0,0,116061,0,0,70046,0,0,39189,0,0,20735,0,0,9974,0,0,4384,0,0,1941,0,0,697,0,0,227,0,0,66,0,0,22,0,0,3,0,0,1,0,0,0,0,0,0,0,0
0,0,0,0,0,0,0,0,0,0,0,3,0,0,12,0,0,47,0,0,178,0,0,506,0,0,1386,0,0,3368,0,0,7501,0,0,16117,0,0,30680,0,0,56254,0,0,94753,0,0,151936,0,230126,0,0,326900,0,0,444025,0,0,570978,0,0,696397,0,0,809328,0,0,893670,0,0,940910,0,0,939788,0,0,893999,0,0,809220,0,0,697185,0,0,571759,0,0,443642,0,0,328361,0,0,230186,0,152284,0,0,95297,0,0,56182,0,0,31123,0,0,16163,0,0,7535,0,0,3474,0,0,1394,0,0,500,0,0,178,0,0,47,0,0,12,0,0,4,0,0,0,0,0,0,0,0,0,0,0
0,0,0,0,0,0,0,0,0,0,0,0,0,0,10,0,0,41,0,0,111,0,0,405,0,1009,0,0,2574,0,0,5736,0,0,12469,0,0,24352,0,0,44717,0,0,77667,0,0,125736,0,193203,0,0,280797,0,0,387474,0,0,508060,0,0,632480,0,0,750303,0,0,847669,0,0,912254,0,0,935000,0,911202,0,0,848036,0,0,750312,0,0,634413,0,0,507828,0,0,387829,0,0,281568,0,0,194306,0,125844,0,0,77854,0,0,45156,0,0,24509,0,0,12427,0,0,5856,0,0,2576,0,0,1081,0,372,0,0,115,0,0,44,0,0,10,0,0,3,0,0,0,0,0,0,0,0,0,0,0
0,0,0,0,0,0,0,0,0,0,0,0,0,0,7,0,31,0,0,77,0,0,302,0,0,766,0,0,1907,0,0,4461,0,9603,0,0,19018,0,0,35721,0,0,62777,0,0,104049,0,0,161833,0,238912,0,0,336825,0,0,448708,0,0,570777,0,0,689303,0,795746,0,0,875406,0,0,918307,0,0,917429,0,0,875974,0,0,795774,0,690192,0,0,570199,0,0,450044,0,0,336943,0,0,239891,0,0,162476,0,104168,0,0,63038,0,0,36092,0,0,19300,0,0,9676,0,4520,0,0,1966,0,0,786,0,0,276,0,0,92,0,0,26,0,7,0,0,3,0,0,0,0,0,0,0,0,0,0,0
0,0,0,0,0,0,0,0,0,0,0,0,0,5,0,0,23,0,0,52,0,0,223,0,579,0,0,1461,0,0,3385,0,0,7424,0,0,14858,0,28543,0,0,50503,0,0,85227,0,0,135241,0,202942,0,0,289985,0,0,394222,0,0,509966,0,629522,0,0,740641,0,0,831152,0,0,891514,0,0,914088,0,891078,0,0,831985,0,0,740738,0,0,628875,0,511132,0,0,394314,0,0,290874,0,0,203570,0,135448,0,0,85504,0,0,50915,0,0,28931,0,0,15199,0,7439,0,0,3496,0,0,1445,0,0,606,0,210,0,0,63,0,0,22,0,0,5,0,3,0,0,0,0,0,0,0,0,0,0,0
0,0,0,0,0,0,0,0,0,0,0,0,0,4,0,0,11,0,0,41,0,145,0,0,457,0,0,1093,0,2625,0,0,5698,0,0,11630,0,0,22731,0,40828,0,0,69717,0,0,111983,0,171477,0,0,248449,0,0,343729,0,0,453291,0,569983,0,0,682272,0,0,782972,0,857406,0,0,897939,0,0,897471,0,0,857728,0,783120,0,0,682848,0,0,570596,0,453040,0,0,344323,0,0,249386,0,0,171849,0,112433,0,0,69933,0,0,41162,0,22948,0,0,11843,0,0,5829,0,0,2624,0,1136,0,0,433,0,0,147,0,58,0,0,14,0,0,3,0,0,3,0,0,0,0,0,0,0,0,0,0
0,0,0,0,0,0,0,0,0,0,0,0,0,2,0,0,9,0,30,0,0,99,0,0,346,0,828,0,0,2010,0,0,4448,0,9001,0,0,17922,0,0,32978,0,56576,0,0,92541,0,0,144008,0,212634,0,0,298270,0,0,399650,0,511228,0,0,625496,0,0,730276,0,816870,0,0,873014,0,0,892202,0,873359,0,0,816639,0,0,730501,0,625505,0,0,512753,0,0,400267,0,298612,0,0,212447,0,0,144423,0,93024,0,0,56985,0,0,33084,0,18227,0,0,9229,0,0,4558,0,2028,0,0,843,0,0,316,0,114,0,0,39,0,0,12,0,2,0,0,3,0,0,0,0,0,0,0,0,0,0
0,0,0,0,0,0,0,0,0,0,0,0,0,2,0,5,0,0,19,0,78,0,0,242,0,0,660,0,1536,0,0,3370,0,0,7112,0,14105,0,0,26217,0,46026,0,0,76262,0,0,120541,0,180425,0,0,257279,0,351191,0,0,455616,0,0,568558,0,675689,0,0,770283,0,0,840884,0,878892,0,0,877494,0,840732,0,0,770391,0,0,675755,0,569694,0,0,457510,0,0,350451,0,258079,0,0,180468,0,120418,0,0,77091,0,0,46001,0,26771,0,0,14269,0,7240,0,0,3562,0,0,1503,0,617,0,0,242,0,0,92,0,24,0,0,8,0,3,0,0,1,0,0,0,0,0,0,0,0,0,0
0,0,0,0,0,0,0,0,0,0,0,0,2,0,0,3,0,0,12,0,56,0,0,187,0,473,0,0,1201,0,2590,0,0,5483,0,0,11173,0,20914,0,0,37334,0,62529,0,0,100110,0,152994,0,0,220880,0,0,305760,0,404594,0,0,512334,0,621021,0,0,721372,0,800695,0,0,856243,0,0,873295,0,855265,0,0,801986,0,720992,0,0,620875,0,513637,0,0,405706,0,0,305816,0,221111,0,0,152978,0,100482,0,0,62971,0,37349,0,0,21444,0,0,11225,0,5759,0,0,2663,0,1151,0,0,462,0,185,0,0,65,0,0,19,0,9,0,0,2,0,1,0,0,0,0,0,0,0,0,0,0
0,0,0,0,0,0,0,0,0,0,0,0,1,0,0,3,0,7,0,0,42,0,134,0,0,367,0,915,0,0,1991,0,4291,0,0,8677,0,16899,0,0,29820,0,51328,0,0,82860,0,0,128413,0,189255,0,0,264965,0,356613,0,0,459880,0,565181,0,0,670020,0,758513,0,0,823541,0,861089,0,0,859808,0,824707,0,0,758387,0,669289,0,0,566529,0,460925,0,0,356632,0,265695,0,0,189094,0,0,128301,0,83610,0,0,51574,0,30405,0,0,16838,0,8923,0,0,4406,0,2032,0,0,885,0,340,0,0,157,0,44,0,0,12,0,7,0,0,2,0,1,0,0,0,0,0,0,0,0,0,0
0,0,0,0,0,0,0,0,0,0,0,0,0,0,2,0,0,6,0,31,0,0,97,0,256,0,0,695,0,1589,0,0,3337,0,6804,0,0,13329,0,24151,0,0,41671,0,68659,0,0,107300,0,160776,0,0,228964,0,312172,0,0,410303,0,511654,0,0,616549,0,712245,0,0,786465,0,839161,0,0,855650,0,837998,0,788766,0,0,711728,0,617075,0,0,513762,0,409140,0,0,313128,0,229173,0,0,160954,0,107725,0,0,68938,0,42223,0,0,24437,0,13460,0,0,6982,0,3366,0,0,1581,0,667,0,0,266,0,123,0,0,31,0,11,0,0,6,0,2,0,0,0,0,0,0,0,0,0,0,0,0
0,0,0,0,0,0,0,0,0,0,0,0,0,0,2,0,0,3,0,17,0,71,0,0,198,0,527,0,0,1215,0,2667,0,0,5283,0,10441,0,0,19571,0,33697,0,56615,0,0,89737,0,135838,0,0,196681,0,272594,0,0,362408,0,461775,0,0,563640,0,661674,0,746738,0,0,808332,0,844507,0,0,841946,0,810007,0,0,746991,0,663174,0,564185,0,0,462633,0,362142,0,0,273011,0,197419,0,0,136431,0,89293,0,0,57383,0,34208,0,19442,0,0,10752,0,5538,0,0,2558,0,1218,0,0,505,0,211,0,0,94,0,23,0,7,0,0,4,0,2,0,0,0,0,0,0,0,0,0,0,0,0
0,0,0,0,0,0,0,0,0,0,0,0,0,0,1,0,3,0,0,8,0,50,0,0,142,0,396,0,935,0,0,2116,0,4202,0,0,8170,0,15688,0,27305,0,0,46265,0,75014,0,0,114365,0,167931,0,236243,0,0,319685,0,413153,0,0,512191,0,610787,0,702505,0,0,775199,0,821562,0,0,839640,0,820861,0,775976,0,0,702591,0,612880,0,0,512711,0,413953,0,319057,0,0,237070,0,168656,0,0,114591,0,74952,0,46808,0,0,27686,0,15699,0,0,8491,0,4302,0,1983,0,0,948,0,375,0,0,175,0,60,0,17,0,0,5,0,3,0,0,2,0,0,0,0,0,0,0,0,0,0,0
0,0,0,0,0,0,0,0,0,0,0,0,0,0,0,0,3,0,5,0,0,32,0,102,0,300,0,0,730,0,1608,0,0,3297,0,6503,0,12373,0,0,22297,0,37708,0,62086,0,0,96354,0,142843,0,204108,0,0,279696,0,367330,0,0,463584,0,560475,0,654642,0,0,735942,0,795321,0,826862,0,0,826142,0,794111,0,736359,0,0,656404,0,561960,0,464080,0,0,367644,0,279673,0,0,204557,0,143455,0,96525,0,0,62254,0,38142,0,22542,0,0,12563,0,6664,0,3415,0,0,1490,0,751,0,0,286,0,125,0,43,0,0,15,0,4,0,1,0,0,2,0,0,0,0,0,0,0,0,0,0,0
0,0,0,0,0,0,0,0,0,0,0,0,0,0,0,0,2,0,4,0,17,0,0,82,0,202,0,549,0,0,1269,0,2620,0,5185,0,0,9809,0,17946,0,30986,0,0,50898,0,80602,0,121476,0,0,175096,0,243980,0,324705,0,0,416289,0,511607,0,606518,0,0,692899,0,762486,0,806758,0,0,823548,0,805940,0,761689,0,695148,0,0,607538,0,512501,0,417220,0,0,325160,0,243304,0,175856,0,0,121795,0,80762,0,51461,0,0,31343,0,18118,0,10055,0,0,5253,0,2609,0,1228,0,0,519,0,232,0,97,0,0,31,0,12,0,1,0,0,2,0,1,0,0,0,0,0,0,0,0,0,0,0
0,0,0,0,0,0,0,0,0,0,0,0,0,0,0,0,2,0,2,0,11,0,55,0,0,160,0,415,0,985,0,0,2026,0,4075,0,7779,0,14432,0,0,25523,0,41485,0,67438,0,0,102440,0,150287,0,211093,0,285774,0,0,371321,0,464933,0,557953,0,0,647545,0,725607,0,780428,0,811827,0,0,811240,0,779931,0,726252,0,0,649410,0,559319,0,465059,0,372395,0,0,285815,0,211474,0,150205,0,0,103114,0,67164,0,42602,0,25498,0,0,14511,0,8022,0,4176,0,0,1995,0,952,0,384,0,187,0,0,71,0,22,0,11,0,0,1,0,2,0,0,0,0,0,0,0,0,0,0,0,0,0
0,0,0,0,0,0,0,0,0,0,0,0,0,0,0,2,0,0,1,0,10,0,42,0,114,0,0,334,0,715,0,1589,0,3189,0,0,6292,0,11449,0,20748,0,34267,0,0,55889,0,86333,0,128271,0,181997,0,0,249715,0,329839,0,419047,0,511229,0,0,601625,0,684400,0,749391,0,793287,0,0,807825,0,790987,0,750812,0,685474,0,0,602876,0,512127,0,419477,0,330331,0,0,250074,0,182888,0,128331,0,86694,0,0,56019,0,34913,0,20686,0,11668,0,0,6385,0,3278,0,1550,0,713,0,0,297,0,147,0,54,0,17,0,0,8,0,1,0,1,0,0,0,0,0,0,0,0,0,0,0,0,0
0,0,0,0,0,0,0,0,0,0,0,0,0,0,0,1,0,2,0,6,0,0,31,0,88,0,245,0,543,0,0,1254,0,2512,0,4914,0,9205,0,16865,0,0,28090,0,46155,0,72380,0,108847,0,156784,0,0,217583,0,291194,0,375294,0,465723,0,0,555564,0,641610,0,713294,0,768241,0,797195,0,0,795676,0,767613,0,715586,0,642250,0,557276,0,0,465559,0,376231,0,291477,0,218388,0,0,157070,0,108859,0,72858,0,46433,0,28491,0,0,16827,0,9393,0,5051,0,2573,0,1233,0,0,534,0,232,0,117,0,39,0,0,15,0,6,0,0,0,1,0,0,0,0,0,0,0,0,0,0,0,0,0
0,0,0,0,0,0,0,0,0,0,0,0,0,0,0,0,0,3,0,5,0,19,0,0,65,0,184,0,427,0,937,0,2007,0,3870,0,0,7448,0,13464,0,23085,0,38171,0,60206,0,0,92259,0,134483,0,188549,0,255884,0,334588,0,420708,0,0,510165,0,597360,0,675237,0,737633,0,780270,0,0,792263,0,778627,0,738502,0,676681,0,599231,0,510768,0,0,421485,0,334394,0,256654,0,189666,0,134689,0,0,91967,0,60704,0,38557,0,23413,0,13573,0,7533,0,0,3984,0,2011,0,958,0,394,0,199,0,0,79,0,32,0,12,0,4,0,0,0,1,0,0,0,0,0,0,0,0,0,0,0,0,0
0,0,0,0,0,0,0,0,0,0,0,0,0,0,0,0,0,1,0,5,0,17,0,44,0,145,0,327,0,0,713,0,1589,0,2986,0,6025,0,10706,0,18892,0,31748,0,0,50126,0,77328,0,115115,0,162796,0,223928,0,296327,0,0,378547,0,465879,0,552633,0,634427,0,704222,0,755718,0,782407,0,0,783066,0,755168,0,704403,0,636788,0,554067,0,466008,0,378948,0,0,296437,0,225384,0,163082,0,115101,0,77710,0,50741,0,0,31745,0,19028,0,11053,0,6030,0,3172,0,1544,0,729,0,0,313,0,148,0,55,0,21,0,13,0,2,0,0,0,0,1,0,0,0,0,0,0,0,0,0,0,0,0
0,0,0,0,0,0,0,0,0,0,0,0,0,0,0,0,0,0,0,5,0,13,0,38,0,100,0,252,0,552,0,1229,0,2356,0,0,4768,0,8722,0,15201,0,26287,0,41592,0,65053,0,97927,0,140085,0,195298,0,0,260893,0,338536,0,422816,0,509038,0,591613,0,667996,0,727090,0,765618,0,0,779922,0,764949,0,728025,0,668106,0,594291,0,509128,0,423316,0,338792,0,261794,0,0,195980,0,140395,0,97724,0,65673,0,42101,0,26294,0,15456,0,8799,0,0,4909,0,2466,0,1207,0,555,0,257,0,121,0,42,0,16,0,9,0,0,2,0,0,0,1,0,0,0,0,0,0,0,0,0,0,0,0
0,0,0,0,0,0,0,0,0,0,0,0,0,0,0,0,0,0,2,0,11,0,31,0,0,82,0,174,0,436,0,972,0,1812,0,3818,0,6950,0,12430,0,21381,0,34710,0,54190,0,0,83142,0,120584,0,169226,0,229120,0,300988,0,380922,0,466462,0,549935,0,627401,0,695421,0,743290,0,769886,0,0,769415,0,742954,0,694985,0,629416,0,551944,0,465348,0,382043,0,301560,0,230446,0,169320,0,120813,0,0,82984,0,54926,0,35109,0,21585,0,12558,0,7067,0,3912,0,1936,0,910,0,449,0,210,0,90,0,0,32,0,10,0,8,0,1,0,1,0,0,0,0,0,0,0,0,0,0,0,0,0,0
0,0,0,0,0,0,0,0,0,0,0,0,0,0,0,0,0,0,0,0,8,0,27,0,54,0,141,0,343,0,723,0,1476,0,2967,0,0,5555,0,10106,0,17473,0,28694,0,45429,0,69984,0,102891,0,146746,0,200170,0,266992,0,341081,0,424721,0,507654,0,587303,0,659484,0,716461,0,753420,0,0,766216,0,753054,0,716314,0,661162,0,589033,0,508245,0,424072,0,342407,0,267046,0,201531,0,146639,0,103083,0,70130,0,45914,0,29361,0,17440,0,10181,0,5769,0,0,3026,0,1508,0,759,0,344,0,161,0,73,0,22,0,7,0,6,0,1,0,1,0,0,0,0,0,0,0,0,0,0,0,0,0,0
0,0,0,0,0,0,0,0,0,0,0,0,0,0,0,0,0,0,0,0,6,0,20,0,37,0,107,0,261,0,566,0,1178,0,2376,0,4391,0,8159,0,14165,0,23801,0,37955,0,58632,0,87679,0,126410,0,174641,0,235362,0,305070,0,383601,0,466039,0,546825,0,621974,0,684579,0,732125,0,757570,0,0,755757,0,731958,0,687077,0,622157,0,547957,0,466447,0,383836,0,306053,0,235625,0,175384,0,126207,0,88264,0,58628,0,38649,0,24206,0,14160,0,8383,0,4482,0,2387,0,1197,0,593,0,265,0,123,0,54,0,18,0,6,0,5,0,0,0,1,0,0,0,0,0,0,0,0,0,0,0,0,0,0
0,0,0,0,0,0,0,0,0,0,0,0,0,0,0,0,0,0,0,0,4,0,12,0,26,0,91,0,197,0,450,0,873,0,1889,0,3574,0,6604,0,11406,0,19682,0,31496,0,49188,0,74440,0,108290,0,152020,0,206222,0,271378,0,345314,0,424694,0,505724,0,583579,0,651324,0,705791,0,742141,0,753756,0,740229,0,706355,0,653127,0,583710,0,506920,0,425557,0,345655,0,271885,0,207141,0,152462,0,108384,0,74568,0,49672,0,32125,0,19940,0,11559,0,6683,0,3614,0,1882,0,947,0,470,0,203,0,96,0,35,0,13,0,6,0,4,0,0,0,1,0,0,0,0,0,0,0,0,0,0,0,0,0
0,0,0,0,0,0,0,0,0,0,0,0,0,0,0,0,0,0,0,3,0,10,0,17,0,72,0,147,0,354,0,684,0,1467,0,2876,0,5350,0,9275,0,15976,0,26298,0,41208,0,62713,0,92790,0,131349,0,180786,0,240116,0,309324,0,385537,0,464352,0,544357,0,616051,0,676278,0,721325,0,744295,744459,0,719981,0,677581,0,616776,0,544780,0,466248,0,386037,0,309776,0,240487,0,181296,0,131886,0,92485,0,63328,0,41773,0,26694,0,16260,0,9357,0,5490,0,2828,0,1498,0,733,0,367,0,159,0,72,0,30,0,9,0,6,0,1,0,1,0,0,0,0,0,0,0,0,0,0,0,0,0,0,0
0,0,0,0,0,0,0,0,0,0,0,0,0,0,0,0,0,0,0,2,0,7,0,16,0,48,0,111,0,271,0,556,0,1161,0,2278,4251,0,7675,0,12923,0,21779,0,34469,0,53064,0,78592,0,113167,0,157293,0,212289,0,275750,0,348256,0,425405,0,503814,0,578949,0,644289,0,695810,0,729648,0,741463,730757,0,695748,0,645132,0,578358,0,505605,0,426389,0,348793,0,276406,0,212010,0,157973,0,113568,0,78856,0,53608,0,34929,0,22188,0,13177,0,7690,0,4359,2257,0,1211,0,562,0,280,0,125,0,55,0,20,0,9,0,5,0,1,0,1,0,0,0,0,0,0,0,0,0,0,0,0,0,0,0
0,0,0,0,0,0,0,0,0,0,0,0,0,0,0,0,0,0,0,3,0,5,0,13,0,54,0,93,0,262,0,521,0,1088,0,2177,4064,0,7338,0,12489,0,20895,0,34108,0,51550,0,77147,0,111662,0,155767,0,210174,0,274213,0,346512,0,425327,0,505359,0,579942,0,646968,0,699579,0,733153,0,744909,733288,0,700957,0,646359,0,580951,0,505631,0,425703,0,347096,0,274786,0,211127,0,156010,0,111701,0,78005,0,52147,0,34136,0,21502,0,12902,0,7378,0,4048,2190,0,1128,0,537,0,266,0,109,0,46,0,20,0,8,0,4,0,1,0,0,0,0,0,0,0,0,0,0,0,0,0,0,0,0,0
0,0,0,0,0,0,0,0,0,0,0,0,0,0,0,0,0,0,0,3,0,5,0,15,0,52,0,92,0,225,0,500,0,1032,0,2076,3825,0,6962,0,12028,0,20434,0,32838,0,50572,0,76023,0,109292,0,154208,0,207893,0,272833,0,345616,0,424661,0,505847,0,581605,0,650535,0,703058,0,735659,0,750316,737731,0,702546,0,649828,0,582606,0,506446,0,424581,0,345870,0,273436,0,209145,0,154294,0,110243,0,76202,0,50939,0,33391,0,20574,0,12434,0,6954,0,3922,2027,0,1097,0,519,0,247,0,102,0,34,0,22,0,9,0,3,0,1,0,0,0,0,0,0,0,0,0,0,0,0,0,0,0,0,0
0,0,0,0,0,0,0,0,0,0,0,0,0,0,0,0,0,1,0,2,0,5,0,13,0,50,0,79,0,215,0,463,0,957,0,1976,3682,0,6595,0,11666,0,19762,0,31832,0,49141,0,74399,0,108189,0,152285,0,206190,0,270438,0,345189,0,424333,0,505988,0,584263,0,651303,0,706538,0,741402,0,753327,742314,0,705834,0,652475,0,584850,0,505528,0,424262,0,345092,0,271279,0,207497,0,152427,0,108470,0,74788,0,49827,0,32410,0,19908,0,11977,0,6645,0,3741,1926,0,989,0,505,0,217,0,100,0,36,0,13,0,10,0,5,0,0,0,0,0,0,0,0,0,0,0,0,0,0,0,0,0,0,0
0,0,0,0,0,0,0,0,0,0,0,0,0,0,0,1,0,0,0,3,0,2,0,10,0,45,0,86,0,200,0,439,0,916,0,1820,3484,0,6392,0,11174,0,19103,0,30862,0,48209,0,72763,0,106496,0,150328,0,204271,0,268967,0,344176,0,424317,0,505904,0,586739,0,653191,0,709708,0,746050,0,757538,744962,0,709170,0,655953,0,585229,0,505953,0,424004,0,344502,0,269924,0,205143,0,150543,0,107122,0,73037,0,48990,0,31320,0,19303,0,11490,0,6505,0,3543,1771,0,931,0,469,0,205,0,92,0,29,0,10,0,10,0,4,0,0,0,0,0,0,0,0,0,0,0,0,0,0,0,0,0,0,0
0,0,0,0,0,0,0,0,0,0,0,0,0,0,0,1,0,0,0,3,0,5,0,10,0,34,0,83,0,194,0,390,0,891,0,1761,3298,0,6078,0,10794,0,18423,0,29972,0,47378,0,71389,0,104705,0,148602,0,202290,0,268199,0,341957,0,424052,0,507460,0,586767,0,656904,0,713202,0,748374,0,761760,747862,0,713894,0,657325,0,586517,0,507584,0,422689,0,342854,0,269760,0,202975,0,148603,0,105373,0,72454,0,47591,0,30270,0,18709,0,11019,0,6324,0,3264,1743,0,858,0,437,0,197,0,81,0,25,0,12,0,8,0,4,0,0,0,0,0,0,0,0,0,0,0,0,0,0,0,0,0,0,0
0,0,0,0,0,0,0,0,0,0,0,0,0,0,0,1,0,1,0,2,0,4,0,8,0,35,0,84,0,160,0,369,0,844,0,1635,3257,0,5852,0,10311,0,17665,0,29279,0,46424,0,70475,0,102685,0,146416,0,201091,0,267102,0,340830,0,422724,0,507938,0,588440,0,659099,0,715962,0,753360,0,764599,750900,0,717489,0,659545,0,588662,0,506820,0,422700,0,342528,0,267197,0,201548,0,147420,0,104111,0,70950,0,46155,0,29706,0,17986,0,10713,0,6008,0,3145,1665,0,821,0,382,0,183,0,74,0,30,0,10,0,5,0,3,0,0,0,0,0,0,0,0,0,0,0,0,0,0,0,0,0,0,0
0,0,0,0,0,0,0,0,0,0,0,0,0,0,0,1,0,0,0,1,0,6,0,12,0,27,0,75,0,164,0,349,0,753,0,1609,3068,0,5657,0,10004,0,17039,0,28439,0,45446,0,68729,0,101786,0,144646,0,200477,0,264478,0,340243,0,422176,0,507278,0,589626,0,661676,0,719988,0,756462,0,766416,755369,0,719835,0,662786,0,589663,0,507347,0,422327,0,341548,0,266446,0,199867,0,145543,0,102825,0,69326,0,45516,0,28817,0,17489,0,10279,0,5750,0,3102,1549,0,755,0,362,0,169,0,66,0,23,0,11,0,5,0,1,0,1,0,0,0,0,0,0,0,0,0,0,0,0,0,0,0,0,0
0,0,0,0,0,0,0,0,0,0,0,0,0,0,0,1,0,0,0,1,0,3,0,14,0,24,0,67,0,155,0,343,0,705,0,1486,2953,0,5439,0,9667,0,16557,0,27682,0,44572,0,67482,0,100275,0,143226,0,198539,0,263987,0,338517,0,422139,0,507648,0,590244,0,664901,0,721549,0,759403,0,771129,758605,0,722444,0,663743,0,591089,0,508714,0,421768,0,340453,0,264976,0,197977,0,144422,0,101341,0,68002,0,44912,0,28213,0,16928,0,9923,0,5413,0,2993,1496,0,692,0,334,0,161,0,58,0,30,0,6,0,5,0,2,0,0,0,0,0,0,0,0,0,0,0,0,0,0,0,0,0,0,0
0,0,0,0,0,0,0,0,0,0,0,0,0,0,0,1,0,0,0,0,0,4,0,12,0,27,0,53,0,151,0,291,0,708,0,1396,2730,0,5325,0,9380,0,16206,0,26919,0,43490,0,66610,0,98705,0,141436,0,197635,0,262210,0,337838,0,421260,0,508470,0,591750,0,665988,0,724871,0,762302,0,774168,762597,0,723578,0,666366,0,592393,0,508748,0,422296,0,339250,0,263000,0,197489,0,142807,0,99827,0,66893,0,43957,0,27406,0,16511,0,9622,0,5270,0,2848,1406,0,670,0,297,0,146,0,54,0,28,0,6,0,5,0,2,0,0,0,0,0,0,0,0,0,0,0,0,0,0,0,0,0,0,0
0,0,0,0,0,0,0,0,0,0,0,0,0,0,0,0,0,1,0,0,0,5,0,10,0,23,0,52,0,143,0,292,0,649,0,1356,2650,0,4966,0,8947,0,15938,0,26487,0,42602,0,65367,0,97754,0,140815,0,195070,0,260506,0,337224,0,421286,0,508475,0,592226,0,668197,0,726591,0,766301,0,777907,765736,0,725904,0,667873,0,593886,0,508991,0,422124,0,337805,0,261894,0,196037,0,141337,0,98384,0,66223,0,42897,0,26786,0,16050,0,9287,0,5196,0,2655,1340,0,658,0,297,0,121,0,47,0,27,0,5,0,6,0,1,0,1,0,0,0,0,0,0,0,0,0,0,0,0,0,0,0,0,0
0,0,0,0,0,0,0,0,0,0,0,0,0,0,0,1,0,0,0,0,0,3,0,7,0,27,0,51,0,133,0,290,0,610,0,1220,2566,0,4876,0,8726,0,15455,0,25796,0,41741,0,64565,0,96620,0,139545,0,192518,0,260032,0,336569,0,420661,0,508851,0,593439,0,669585,0,730740,0,767892,0,780973,767924,0,728878,0,669536,0,593815,0,510184,0,421881,0,337533,0,259689,0,195248,0,140166,0,96938,0,65457,0,41964,0,25994,0,15724,0,9116,0,4933,0,2540,1319,0,599,0,269,0,130,0,46,0,18,0,9,0,5,0,1,0,0,0,0,0,0,0,0,0,0,0,0,0,0,0,0,0,0,0
0,0,0,0,0,0,0,0,0,0,0,0,0,0,0,1,0,0,0,0,0,4,0,6,0,24,0,54,0,124,0,281,0,526,0,1210,2495,0,4735,0,8453,0,15010,0,25388,0,40943,0,63405,0,95322,0,138296,0,191745,0,258213,0,335734,0,419735,0,509853,0,595455,0,670686,0,732439,0,770764,0,784572,769845,0,731785,0,671157,0,595838,0,509361,0,421593,0,336490,0,259131,0,192964,0,139418,0,96268,0,63784,0,41327,0,25377,0,15179,0,8872,0,4776,0,2521,1238,0,557,0,255,0,127,0,38,0,20,0,10,0,2,0,2,0,0,0,0,0,0,0,0,0,0,0,0,0,0,0,0,0,0,0
0,0,0,0,0,0,0,0,0,0,0,0,0,0,0,0,0,1,0,0,0,4,0,5,0,23,0,58,0,105,0,258,0,506,0,1184,2372,0,4656,0,8278,0,14619,0,24864,0,39759,0,62624,0,94602,0,136439,0,190764,0,256960,0,334743,0,419648,0,509479,0,596470,0,673595,0,734031,0,773807,0,785930,773531,0,732971,0,674618,0,595998,0,510135,0,420365,0,335641,0,258475,0,192008,0,137950,0,94723,0,62982,0,40877,0,24769,0,14791,0,8645,0,4634,0,2344,1203,0,534,0,249,0,104,0,48,0,17,0,8,0,3,0,1,0,0,0,0,0,0,0,0,0,0,0,0,0,0,0,0,0,0,0
0,0,0,0,0,0,0,0,0,0,0,0,0,0,0,0,0,1,0,0,0,3,0,6,0,24,0,50,0,108,0,239,0,479,0,1128,2400,0,4413,0,8039,0,14177,0,24143,0,39613,0,61834,0,92905,0,135147,0,189692,0,256013,0,333866,0,419371,0,510712,0,596200,0,675374,0,734745,0,776917,0,790280,775813,0,735333,0,675538,0,596864,0,510095,0,419639,0,335583,0,257536,0,190805,0,135970,0,94128,0,62202,0,40154,0,24382,0,14266,0,8283,0,4538,0,2356,1118,0,520,0,237,0,110,0,33,0,19,0,5,0,1,0,1,0,0,0,0,0,0,0,0,0,0,0,0,0,0,0,0,0,0,0
0,0,0,0,0,0,0,0,0,0,0,0,0,0,0,0,0,1,0,0,0,1,0,5,0,22,0,47,0,98,0,246,0,480,0,1088,2296,0,4265,0,7800,0,13967,0,23673,0,38986,0,60534,0,92469,0,134288,0,187506,0,255819,0,333164,0,419503,0,510030,0,597144,0,676250,0,737824,0,779118,0,791739,778381,0,739796,0,675727,0,597696,0,509391,0,420348,0,334789,0,256456,0,189404,0,134695,0,92841,0,61709,0,39265,0,23898,0,14021,0,7975,0,4446,0,2260,1057,0,504,0,239,0,88,0,32,0,21,0,3,0,2,0,0,0,1,0,0,0,0,0,0,0,0,0,0,0,0,0,0,0,0,0
0,0,0,0,0,0,0,0,0,0,0,0,0,0,0,0,0,0,0,1,0,1,0,4,0,23,0,39,0,109,0,216,0,468,0,1076,2237,0,4087,0,7573,0,13653,0,23254,0,38249,0,59989,0,91078,0,133209,0,186960,0,253017,0,333649,0,418693,0,510735,0,598894,0,676379,0,741038,0,779108,0,794760,781559,0,741634,0,677577,0,598777,0,509402,0,420823,0,333705,0,254876,0,188046,0,133821,0,92208,0,60701,0,38388,0,23508,0,13807,0,7775,0,4270,0,2161,1001,0,507,0,223,0,90,0,25,0,17,0,5,0,2,0,0,0,1,0,0,0,0,0,0,0,0,0,0,0,0,0,0,0,0,0
0,0,0,0,0,0,0,0,0,0,0,0,0,0,0,0,0,0,0,1,0,0,0,7,0,20,0,35,0,95,0,228,0,452,0,1053,2098,0,4052,0,7306,0,13437,0,22459,0,38086,0,59153,0,90149,0,132050,0,185964,0,251022,0,332679,0,419527,0,510766,0,599846,0,677149,0,743544,0,781111,0,796834,783953,0,743454,0,678706,0,599422,0,510478,0,420122,0,333341,0,253994,0,186824,0,132640,0,91539,0,59636,0,38061,0,23034,0,13558,0,7523,0,4146,0,2076,981,0,450,0,215,0,83,0,27,0,14,0,5,0,2,0,1,0,0,0,0,0,0,0,0,0,0,0,0,0,0,0,0,0,0,0
0,0,0,0,0,0,0,0,0,0,0,0,0,0,0,0,0,0,0,0,0,1,0,5,0,25,0,27,0,103,0,187,0,465,0,964,2034,0,3910,0,7254,0,13052,0,22261,0,37077,0,58633,0,89235,0,130822,0,184223,0,251062,0,331348,0,419491,0,509841,0,600937,0,679870,0,742779,0,784788,0,800429,786065,0,744626,0,680054,0,600098,0,510153,0,421429,0,331329,0,253383,0,185881,0,132091,0,90344,0,58719,0,37390,0,22624,0,13190,0,7568,0,3893,0,2046,919,0,460,0,213,0,63,0,21,0,15,0,8,0,2,0,1,0,0,0,0,0,0,0,0,0,0,0,0,0,0,0,0,0,0,0
0,0,0,0,0,0,0,0,0,0,0,0,0,0,0,0,0,0,0,0,0,1,0,4,0,24,0,35,0,63,0,218,0,431,0,934,1983,0,3764,0,7088,0,12703,0,21975,0,36521,0,57967,0,88757,0,129979,0,182851,0,250327,0,330460,0,418354,0,510922,0,600951,0,681456,0,743772,0,787696,0,803343,788336,0,745840,0,681285,0,600640,0,511034,0,419212,0,332105,0,251908,0,185060,0,131268,0,89148,0,58520,0,36432,0,22287,0,13045,0,7279,0,3831,0,1961,911,0,432,0,187,0,66,0,18,0,12,0,9,0,3,0,0,0,0,0,0,0,0,0,0,0,0,0,0,0,0,0,0,0,0,0
0,0,0,0,0,0,0,0,0,0,0,0,0,0,0,0,0,0,0,0,0,1,0,4,0,18,0,38,0,58,0,207,0,415,0,913,1897,0,3687,0,6899,0,12517,0,21533,0,35777,0,57670,0,87750,0,128828,0,182218,0,248706,0,329620,0,418878,0,510599,0,600664,0,682913,0,746590,0,789342,0,806052,789713,0,748469,0,681618,0,602149,0,510960,0,418967,0,331054,0,251398,0,184082,0,130172,0,88385,0,57596,0,36039,0,21952,0,12725,0,7056,0,3812,0,1881,911,0,393,0,173,0,64,0,27,0,11,0,6,0,1,0,0,0,0,0,0,0,0,0,0,0,0,0,0,0,0,0,0,0,0,0
0,0,0,0,0,0,0,0,0,0,0,0,0,0,0,0,0,0,0,0,0,0,0,3,0,14,0,35,0,82,0,169,0,396,0,856,1863,0,3621,0,6663,0,12374,0,21192,0,35266,0,56544,0,87079,0,127705,0,181478,0,248500,0,327964,0,418014,0,510791,0,602195,0,683352,0,749084,0,791607,0,806870,792676,0,749603,0,683648,0,602390,0,511073,0,419333,0,329878,0,250232,0,183608,0,128992,0,87585,0,56945,0,35743,0,21622,0,12467,0,6830,0,3736,0,1790,891,0,379,0,159,0,72,0,16,0,19,0,3,0,1,0,0,0,0,0,0,0,0,0,0,0,0,0,0,0,0,0,0,0,0,0
0,0,0,0,0,0,0,0,0,0,0,0,0,0,0,0,0,0,0,0,0,0,0,2,0,18,0,28,0,72,0,167,0,399,0,803,1788,0,3589,0,6523,0,12079,0,20709,0,34969,0,56118,0,85809,0,127423,0,180602,0,247401,0,326652,0,417546,0,511809,0,602331,0,684274,0,751277,0,793027,0,809073,794633,0,751360,0,685067,0,603464,0,511437,0,417633,0,330223,0,248852,0,182448,0,128282,0,86870,0,56627,0,35112,0,21286,0,11937,0,6734,0,3741,0,1739,842,0,366,0,157,0,58,0,36,0,11,0,4,0,1,0,0,0,0,0,0,0,0,0,0,0,0,0,0,0,0,0,0,0,0,0
0,0,0,0,0,0,0,0,0,0,0,0,0,0,0,0,0,0,0,0,0,0,0,3,0,12,0,25,0,69,0,152,0,373,0,818,1725,0,3537,0,6444,0,11623,0,20655,0,34315,0,55201,0,85574,0,126515,0,179769,0,246283,0,325806,0,417292,0,511312,0,603151,0,685711,0,752336,0,795283,0,812117,795883,0,752357,0,686833,0,603383,0,512476,0,417777,0,328302,0,248185,0,181696,0,127605,0,86275,0,55718,0,34891,0,20737,0,11803,0,6681,0,3565,0,1696,812,0,354,0,171,0,65,0,28,0,9,0,3,0,2,0,0,0,0,0,0,0,0,0,0,0,0,0,0,0,0,0,0,0,0,0
0,0,0,0,0,0,0,0,0,0,0,0,0,0,0,0,0,0,0,0,0,0,0,3,0,12,0,28,0,57,0,147,0,354,0,795,1692,0,3323,0,6430,0,11508,0,20269,0,33811,0,54629,0,84775,0,125380,0,179375,0,246039,0,325192,0,416090,0,512035,0,603120,0,686371,0,753195,0,798508,0,813969,797764,0,753953,0,687228,0,605011,0,512457,0,417292,0,327407,0,248343,0,179945,0,126317,0,85870,0,55201,0,34372,0,20475,0,11652,0,6504,0,3389,0,1723,786,0,354,0,167,0,49,0,23,0,14,0,4,0,1,0,0,0,0,0,0,0,0,0,0,0,0,0,0,0,0,0,0,0,0,0
0,0,0,0,0,0,0,0,0,0,0,0,0,0,0,0,0,0,0,0,0,0,0,1,0,10,0,31,0,48,0,139,0,320,0,802,1628,0,3322,0,6185,0,11450,0,20051,0,33059,0,54391,0,83746,0,124548,0,178504,0,245529,0,324696,0,415731,0,511733,0,604126,0,687410,0,754619,0,799529,0,816448,799203,0,756324,0,687875,0,604813,0,512649,0,417204,0,327500,0,246958,0,179408,0,125454,0,84951,0,54740,0,33914,0,20138,0,11583,0,6304,0,3290,0,1696,764,0,342,0,157,0,42,0,27,0,11,0,5,0,0,0,0,0,0,0,0,0,0,0,0,0,0,0,0,0,0,0,0,0,0,0
0,0,0,0,0,0,0,0,0,0,0,0,0,0,0,0,0,0,0,0,0,0,0,2,0,9,0,21,0,52,0,133,0,349,0,758,1583,0,3226,0,6055,0,11307,0,19666,0,32963,0,53398,0,83038,0,123724,0,177389,0,245414,0,324470,0,414856,0,511523,0,604197,0,688863,0,756080,0,801830,0,817377,801945,0,756936,0,689819,0,604596,0,513423,0,417330,0,325861,0,246345,0,179003,0,124758,0,83940,0,54181,0,33612,0,19751,0,11253,0,6170,0,3246,0,1628,769,0,318,0,160,0,49,0,20,0,8,0,4,0,0,0,0,0,0,0,0,0,0,0,0,0,0,0,0,0,0,0,0,0,0,0
0,0,0,0,0,0,0,0,0,0,0,0,0,0,0,0,0,0,0,0,0,0,0,2,0,9,0,21,0,39,0,138,0,344,0,717,1508,0,3182,0,6011,0,11167,0,19235,0,32638,0,53116,0,82255,0,122936,0,176618,0,244643,0,323026,0,416299,0,510510,0,603871,0,691246,0,758440,0,801995,0,819571,802397,0,759058,0,691147,0,605619,0,512093,0,418212,0,325410,0,245278,0,178377,0,123367,0,83378,0,53672,0,33110,0,19631,0,10995,0,6094,0,3173,0,1536,768,0,319,0,154,0,51,0,22,0,6,0,3,0,1,0,0,0,0,0,0,0,0,0,0,0,0,0,0,0,0,0,0,0,0,0
0,0,0,0,0,0,0,0,0,0,0,0,0,0,0,0,0,0,0,0,0,0,0,1,0,12,0,16,0,42,0,129,0,336,0,709,1446,0,3110,0,5940,0,10880,0,18993,0,32406,0,52401,0,81632,0,122536,0,176000,0,242901,0,323473,0,415458,0,510127,0,605902,0,690528,0,760267,0,803991,0,820136,804843,0,760081,0,692474,0,606218,0,513200,0,416299,0,325582,0,244969,0,176967,0,123280,0,82162,0,53184,0,32679,0,19499,0,10779,0,5840,0,3207,0,1499,734,0,316,0,145,0,55,0,11,0,10,0,3,0,0,0,0,0,0,0,0,0,0,0,0,0,0,0,0,0,0,0,0,0,0,0
0,0,0,0,0,0,0,0,0,0,0,0,0,0,0,0,0,0,0,0,0,0,0,2,0,11,0,16,0,41,0,140,0,296,0,693,1433,0,2972,0,5853,0,10759,0,18758,0,32022,0,51870,0,80955,0,121567,0,175310,0,242432,0,322556,0,415182,0,511354,0,606158,0,691296,0,760149,0,806162,0,822750,805707,0,761791,0,692607,0,607992,0,512731,0,416157,0,324250,0,244342,0,176518,0,122625,0,81657,0,52448,0,32360,0,19105,0,10774,0,5810,0,3061,0,1529,678,0,319,0,139,0,44,0,19,0,5,0,3,0,0,0,0,0,0,0,0,0,0,0,0,0,0,0,0,0,0,0,0,0,0,0
0,0,0,0,0,0,0,0,0,0,0,0,0,0,0,0,0,0,0,0,0,0,0,4,0,6,0,17,0,39,0,128,0,306,0,661,1435,0,2914,0,5680,0,10389,0,18756,0,31627,0,51476,0,80476,0,120637,0,174481,0,241506,0,322493,0,413576,0,511569,0,607728,0,692750,0,761055,0,807415,0,823624,807742,0,763176,0,693549,0,608820,0,512874,0,415455,0,324031,0,243394,0,175903,0,121836,0,81229,0,51994,0,31882,0,18806,0,10569,0,5738,0,3015,0,1485,683,0,263,0,143,0,47,0,16,0,7,0,2,0,1,0,0,0,0,0,0,0,0,0,0,0,0,0,0,0,0,0,0,0,0,0
0,0,0,0,0,0,0,0,0,0,0,0,0,0,0,0,0,0,0,0,0,1,0,3,0,7,0,17,0,36,0,123,0,298,0,665,1415,0,2837,0,5539,0,10282,0,18314,0,31286,0,51011,0,80153,0,120077,0,173729,0,240866,0,321448,0,413245,0,512222,0,607566,0,693634,0,763952,0,807540,0,824661,809910,0,764410,0,694926,0,608718,0,513216,0,415081,0,323595,0,242692,0,174984,0,121176,0,80800,0,51351,0,31581,0,18471,0,10458,0,5605,0,2878,0,1484,673,0,276,0,123,0,53,0,13,0,4,0,2,0,1,0,0,0,0,0,0,0,0,0,0,0,0,0,0,0,0,0,0,0,0,0
0,0,0,0,0,0,0,0,0,0,0,0,0,0,0,0,0,0,0,0,0,1,0,2,0,4,0,18,0,47,0,112,0,274,0,656,1360,0,2826,0,5412,0,10233,0,17988,0,31003,0,50612,0,79479,0,119824,0,171891,0,240513,0,321541,0,412824,0,511333,0,607342,0,695284,0,764878,0,809800,0,827534,810830,0,764834,0,696330,0,608731,0,513400,0,414677,0,323671,0,241972,0,173840,0,120338,0,80348,0,50983,0,31356,0,18201,0,10302,0,5451,0,2865,0,1395,654,0,245,0,123,0,49,0,18,0,2,0,2,0,0,0,0,0,0,0,0,0,0,0,0,0,0,0,0,0,0,0,0,0,0,0
0,0,0,0,0,0,0,0,0,0,0,0,0,0,0,0,0,0,0,0,0,0,0,2,0,5,0,18,0,51,0,98,0,292,0,607,1332,0,2683,0,5382,0,10119,0,17745,0,30823,0,50237,0,78915,0,118932,0,172050,0,238903,0,321196,0,413266,0,510782,0,607037,0,695956,0,765904,0,811038,0,829245,812708,0,766504,0,696835,0,609486,0,512883,0,414838,0,323215,0,241292,0,173140,0,120033,0,79346,0,50748,0,31131,0,17960,0,10145,0,5269,0,2841,0,1341,632,0,258,0,118,0,44,0,18,0,2,0,3,0,0,0,0,0,0,0,0,0,0,0,0,0,0,0,0,0,0,0,0,0,0,0
0,0,0,0,0,0,0,0,0,0,0,0,0,0,0,0,0,0,0,0,0,1,0,2,0,5,0,21,0,42,0,115,0,278,0,570,1275,0,2731,0,5214,0,9925,0,17619,0,30450,0,49891,0,78169,0,118113,0,171560,0,238577,0,320442,0,412905,0,510827,0,607442,0,697174,0,767170,0,812657,0,830058,814037,0,767871,0,698239,0,609791,0,512175,0,414641,0,322853,0,240934,0,172205,0,119144,0,79102,0,50177,0,30715,0,18007,0,9884,0,5312,0,2733,0,1275,652,0,256,0,114,0,38,0,15,0,3,0,2,0,0,0,0,0,0,0,0,0,0,0,0,0,0,0,0,0,0,0,0,0,0,0
0,0,0,0,0,0,0,0,0,0,0,0,0,0,0,0,0,0,0,0,0,1,0,1,0,5,0,16,0,50,0,92,0,278,0,558,1300,0,2647,0,5235,0,9592,0,17592,0,30162,0,49054,0,77919,0,117536,0,170367,0,239279,0,319560,0,411967,0,511364,0,608259,0,697002,0,768195,0,814514,0,830758,815490,0,768427,0,699483,0,610390,0,512512,0,414640,0,322560,0,240102,0,171394,0,118660,0,78908,0,49551,0,30066,0,17748,0,9935,0,5302,0,2683,0,1196,637,0,259,0,102,0,41,0,12,0,6,0,0,0,1,0,0,0,0,0,0,0,0,0,0,0,0,0,0,0,0,0,0,0,0,0
0,0,0,0,0,0,0,0,0,0,0,0,0,0,0,0,0,0,0,0,0,1,0,1,0,3,0,21,0,35,0,99,0,272,0,545,1256,0,2607,0,5165,0,9586,0,17310,0,29747,0,48930,0,77053,0,116919,0,170313,0,237802,0,319088,0,412458,0,510940,0,609157,0,697278,0,768446,0,816104,0,833058,816607,0,769988,0,699251,0,610043,0,513649,0,414619,0,320861,0,240077,0,171511,0,117948,0,78009,0,49521,0,29799,0,17475,0,9829,0,5195,0,2563,0,1288,562,0,265,0,98,0,35,0,14,0,5,0,1,0,1,0,0,0,0,0,0,0,0,0,0,0,0,0,0,0,0,0,0,0,0,0
0,0,0,0,0,0,0,0,0,0,0,0,0,0,0,0,0,0,0,0,0,1,0,0,0,3,0,22,0,42,0,92,0,245,0,545,1228,0,2592,0,5028,0,9565,0,17109,0,29411,0,48593,0,76517,0,116352,0,169729,0,237297,0,319589,0,410714,0,511749,0,609192,0,697388,0,769904,0,818400,0,833231,816851,0,771642,0,700012,0,611758,0,512310,0,414590,0,320668,0,239747,0,171071,0,117089,0,77869,0,48727,0,29694,0,17261,0,9678,0,5106,0,2543,0,1304,547,0,254,0,91,0,40,0,13,0,3,0,0,0,2,0,0,0,0,0,0,0,0,0,0,0,0,0,0,0,0,0,0,0,0,0
0,0,0,0,0,0,0,0,0,0,0,0,0,0,0,0,0,0,0,0,0,1,0,0,0,3,0,23,0,43,0,84,0,227,0,549,1235,0,2491,0,4966,0,9456,0,17056,0,28980,0,48115,0,76312,0,115708,0,169048,0,237129,0,318540,0,411033,0,510891,0,609808,0,698335,0,770865,0,819088,0,834539,818143,0,773560,0,700842,0,610375,0,513938,0,413607,0,321078,0,238705,0,170287,0,117017,0,77167,0,48284,0,29484,0,17177,0,9495,0,4977,0,2569,0,1241,543,0,255,0,89,0,30,0,15,0,3,0,1,0,1,0,0,0,0,0,0,0,0,0,0,0,0,0,0,0,0,0,0,0,0,0
0,0,0,0,0,0,0,0,0,0,0,0,0,0,0,0,0,0,0,0,0,1,0,0,0,5,0,21,0,36,0,82,0,223,0,585,1133,0,2450,0,5017,0,9299,0,16831,0,28666,0,47714,0,76045,0,115318,0,168469,0,236671,0,317989,0,410611,0,509970,0,610387,0,700102,0,771455,0,819941,0,836385,819796,0,774021,0,701044,0,611107,0,513745,0,413924,0,320380,0,237419,0,170305,0,116720,0,76336,0,48124,0,29133,0,17039,0,9342,0,4914,0,2541,0,1186,540,0,244,0,95,0,31,0,11,0,4,0,0,0,1,0,0,0,0,0,0,0,0,0,0,0,0,0,0,0,0,0,0,0,0,0
0,0,0,0,0,0,0,0,0,0,0,0,0,0,0,0,0,0,0,0,0,1,0,2,0,3,0,18,0,32,0,80,0,230,0,560,1155,0,2412,0,4925,0,9132,0,16458,0,28653,0,47439,0,75282,0,114957,0,168216,0,235928,0,317087,0,410595,0,509809,0,610383,0,701111,0,773121,0,820169,0,838214,821319,0,774427,0,701459,0,612431,0,513606,0,413563,0,319706,0,236497,0,170570,0,115297,0,75960,0,48233,0,28999,0,16732,0,9257,0,4840,0,2449,0,1218,506,0,221,0,98,0,35,0,9,0,3,0,0,0,1,0,0,0,0,0,0,0,0,0,0,0,0,0,0,0,0,0,0,0,0,0
0,0,0,0,0,0,0,0,0,0,0,0,0,0,0,0,0,0,0,1,0,0,0,2,0,5,0,17,0,34,0,80,0,220,0,524,1155,0,2374,0,4856,0,9098,0,16256,0,28411,0,46990,0,74801,0,114355,0,168356,0,234522,0,317237,0,410062,0,510941,0,610385,0,701736,0,773440,0,820328,0,838924,822379,0,776412,0,701661,0,613463,0,513840,0,412664,0,319000,0,237387,0,169363,0,115165,0,75696,0,47476,0,28738,0,16616,0,9245,0,4700,0,2427,0,1178,528,0,224,0,90,0,33,0,9,0,2,0,1,0,1,0,0,0,0,0,0,0,0,0,0,0,0,0,0,0,0,0,0,0,0,0
0,0,0,0,0,0,0,0,0,0,0,0,0,0,0,0,0,0,0,0,0,1,0,0,0,10,0,17,0,25,0,95,0,217,0,511,1100,0,2382,0,4747,0,9109,0,16233,0,27977,0,46773,0,74661,0,113847,0,166774,0,234235,0,316828,0,410480,0,511364,0,609750,0,701397,0,775084,0,822005,0,839819,824447,0,775767,0,704133,0,612233,0,514891,0,412429,0,318078,0,237110,0,168517,0,115098,0,74977,0,47018,0,28751,0,16402,0,9039,0,4714,0,2348,0,1160,482,0,242,0,85,0,33,0,10,0,1,0,1,0,1,0,0,0,0,0,0,0,0,0,0,0,0,0,0,0,0,0,0,0,0,0
0,0,0,0,0,0,0,0,0,0,0,0,0,0,0,0,0,0,0,0,0,0,0,2,0,8,0,17,0,18,0,101,0,218,0,477,1104,0,2308,0,4695,0,9045,0,16066,0,27628,0,46502,0,74264,0,113857,0,166116,0,233626,0,315867,0,410381,0,510945,0,610898,0,702271,0,774388,0,823866,0,841715,824879,0,776458,0,704485,0,613492,0,514104,0,411616,0,318736,0,237177,0,167651,0,114298,0,74902,0,46596,0,28500,0,16324,0,8788,0,4709,0,2349,0,1101,500,0,226,0,89,0,31,0,9,0,3,0,1,0,1,0,0,0,0,0,0,0,0,0,0,0,0,0,0,0,0,0,0,0,0,0
0,0,0,0,0,0,0,0,0,0,0,0,0,0,0,0,0,0,0,0,0,0,0,3,0,10,0,15,0,18,0,99,0,200,0,483,1064,0,2315,0,4583,0,8891,0,15802,0,27639,0,46369,0,73678,0,112996,0,165462,0,233643,0,315451,0,410263,0,511449,0,610977,0,702409,0,776304,0,824779,0,842483,824247,0,778605,0,705356,0,614042,0,513137,0,411333,0,318291,0,236592,0,167953,0,113519,0,74603,0,46609,0,28061,0,15998,0,8811,0,4661,0,2257,0,1110,488,0,224,0,84,0,29,0,9,0,3,0,0,0,1,0,0,0,0,0,0,0,0,0,0,0,0,0,0,0,0,0,0,0,0,0
0,0,0,0,0,0,0,0,0,0,0,0,0,0,0,0,0,0,0,0,0,0,0,2,0,11,0,11,0,30,0,84,0,200,0,472,1080,0,2275,0,4446,0,8674,0,15812,0,27515,0,45934,0,73312,0,112449,0,164737,0,233514,0,315531,0,409996,0,510041,0,612752,0,703198,0,777403,0,824666,0,843249,826324,0,778201,0,706669,0,614077,0,512556,0,411554,0,317996,0,236355,0,167135,0,113470,0,74245,0,46219,0,27885,0,15853,0,8714,0,4609,0,2223,0,1137,459,0,205,0,88,0,26,0,11,0,1,0,2,0,0,0,0,0,0,0,0,0,0,0,0,0,0,0,0,0,0,0,0,0,0,0
0,0,0,0,0,0,0,0,0,0,0,0,0,0,0,0,0,0,0,0,0,0,0,1,0,9,0,13,0,32,0,80,0,198,0,487,1077,0,2246,0,4375,0,8516,0,15501,0,27582,0,45579,0,73068,0,111805,0,164624,0,232642,0,315266,0,409139,0,510317,0,613074,0,704547,0,777382,0,825513,0,844851,828022,0,778485,0,706182,0,615449,0,513072,0,410440,0,317690,0,235636,0,167338,0,113082,0,73312,0,45991,0,27671,0,15882,0,8672,0,4451,0,2234,0,1088,455,0,202,0,94,0,20,0,12,0,4,0,0,0,0,0,0,0,0,0,0,0,0,0,0,0,0,0,0,0,0,0,0,0,0,0
0,0,0,0,0,0,0,0,0,0,0,0,0,0,0,0,0,0,0,0,0,0,0,1,0,6,0,14,0,31,0,70,0,208,0,503,1049,0,2197,0,4314,0,8465,0,15385,0,27178,0,45367,0,72738,0,111550,0,164263,0,232065,0,314339,0,409139,0,511377,0,612815,0,703864,0,778091,0,828296,0,845566,828230,0,780710,0,705919,0,614867,0,513184,0,410709,0,317596,0,234647,0,166765,0,112702,0,73282,0,45747,0,27249,0,15801,0,8643,0,4446,0,2218,0,1001,484,0,191,0,78,0,37,0,8,0,3,0,0,0,0,0,0,0,0,0,0,0,0,0,0,0,0,0,0,0,0,0,0,0,0,0
0,0,0,0,0,0,0,0,0,0,0,0,0,0,0,0,0,0,0,0,0,0,0,0,0,3,0,16,0,35,0,57,0,220,0,469,1019,0,2222,0,4321,0,8283,0,15449,0,26893,0,45192,0,72224,0,111238,0,164180,0,231206,0,314328,0,409632,0,511026,0,611326,0,706165,0,778091,0,830179,0,845160,830257,0,781123,0,707605,0,613062,0,513616,0,410820,0,317175,0,234581,0,165957,0,111945,0,73312,0,45593,0,26984,0,15510,0,8515,0,4478,0,2162,0,1011,457,0,201,0,66,0,30,0,13,0,1,0,0,0,0,0,0,0,0,0,0,0,0,0,0,0,0,0,0,0,0,0,0,0,0,0
0,0,0,0,0,0,0,0,0,0,0,0,0,0,0,0,0,0,0,0,0,0,0,1,0,5,0,10,0,29,0,69,0,214,0,466,1002,0,2164,0,4243,0,8233,0,15381,0,26902,0,44655,0,72190,0,110857,0,163668,0,231159,0,313621,0,408567,0,511923,0,612178,0,705465,0,780672,0,828981,0,846724,830826,0,782587,0,707308,0,614208,0,513167,0,410901,0,316166,0,234472,0,165533,0,111757,0,72634,0,45500,0,27007,0,15248,0,8439,0,4340,0,2193,0,998,442,0,191,0,72,0,27,0,12,0,1,0,0,0,0,0,0,0,0,0,0,0,0,0,0,0,0,0,0,0,0,0,0,0,0,0
0,0,0,0,0,0,0,0,0,0,0,0,0,0,0,0,0,0,0,0,0,0,0,0,0,5,0,12,0,24,0,72,0,213,0,441,1027,0,2096,0,4249,0,8130,0,15121,0,26726,0,44385,0,72029,0,110574,0,162706,0,230265,0,313643,0,409351,0,511150,0,612783,0,705903,0,781030,0,830143,0,847578,831477,0,783829,0,708336,0,613849,0,512604,0,410497,0,316911,0,233491,0,165050,0,111685,0,72164,0,45355,0,26830,0,15099,0,8370,0,4342,0,2120,0,1013,450,0,175,0,65,0,29,0,10,0,1,0,0,0,0,0,0,0,0,0,0,0,0,0,0,0,0,0,0,0,0,0,0,0,0,0
0,0,0,0,0,0,0,0,0,0,0,0,0,0,0,0,0,0,0,0,0,0,0,0,0,1,0,14,0,16,0,78,0,200,0,439,995,0,2072,0,4093,0,8126,0,15049,0,26391,0,44541,0,71392,0,109832,0,162605,0,230267,0,313020,0,409457,0,510874,0,612372,0,706754,0,781542,0,831183,0,849909,832218,0,783705,0,707259,0,615205,0,512372,0,410916,0,316471,0,233135,0,164350,0,111383,0,72079,0,45039,0,26510,0,15228,0,8202,0,4258,0,2138,0,1030,404,0,179,0,61,0,34,0,7,0,2,0,1,0,0,0,0,0,0,0,0,0,0,0,0,0,0,0,0,0,0,0,0,0,0,0
0,0,0,0,0,0,0,0,0,0,0,0,0,0,0,0,0,0,0,0,0,0,0,0,0,1,0,9,0,31,0,64,0,196,0,431,947,0,2076,0,4151,0,7938,0,14884,0,26462,0,43916,0,71260,0,109918,0,161757,0,230118,0,312788,0,409083,0,510963,0,612617,0,707232,0,780958,0,834230,0,850091,832213,0,784821,0,707954,0,614840,0,512470,0,410806,0,316211,0,232478,0,164396,0,110818,0,71994,0,44566,0,26604,0,14925,0,8221,0,4150,0,2130,0,954,455,0,165,0,72,0,34,0,7,0,2,0,0,0,1,0,0,0,0,0,0,0,0,0,0,0,0,0,0,0,0,0,0,0,0,0
0,0,0,0,0,0,0,0,0,0,0,0,0,0,0,0,0,0,0,0,0,0,0,0,0,4,0,5,0,29,0,64,0,202,0,403,946,0,2069,0,4154,0,7918,0,14651,0,26028,0,43890,0,70973,0,109639,0,161806,0,230009,0,312520,0,408449,0,510688,0,612999,0,706090,0,783059,0,834901,0,851207,833483,0,784598,0,709068,0,613726,0,512771,0,411017,0,315755,0,232294,0,164009,0,111157,0,71393,0,44169,0,26354,0,14888,0,8129,0,4149,0,2103,0,947,418,0,169,0,68,0,31,0,6,0,2,0,0,0,1,0,0,0,0,0,0,0,0,0,0,0,0,0,0,0,0,0,0,0,0,0
0,0,0,0,0,0,0,0,0,0,0,0,0,0,0,0,0,0,0,0,0,0,0,0,0,5,0,7,0,22,0,71,0,178,0,418,939,0,2033,0,4128,0,7909,0,14656,0,25813,0,43779,0,70239,0,109262,0,162215,0,229643,0,312036,0,407506,0,510582,0,613082,0,707030,0,784128,0,835260,0,851804,834128,0,785504,0,709321,0,613815,0,512715,0,411118,0,315670,0,232148,0,163513,0,110556,0,71296,0,44024,0,26274,0,14852,0,7880,0,4160,0,2058,0,949,396,0,176,0,72,0,27,0,9,0,1,0,1,0,0,0,0,0,0,0,0,0,0,0,0,0,0,0,0,0,0,0,0,0,0,0
0,0,0,0,0,0,0,0,0,0,0,0,0,0,0,0,0,0,0,0,0,0,0,0,0,5,0,9,0,22,0,65,0,176,0,402,931,0,1996,0,4094,0,7928,0,14691,0,25561,0,43218,0,69920,0,109142,0,161592,0,229788,0,312196,0,406528,0,510819,0,612373,0,708440,0,785051,0,835552,0,851717,835330,0,786459,0,710283,0,614550,0,512084,0,410612,0,315719,0,231596,0,162758,0,110347,0,71165,0,43842,0,25861,0,14930,0,7949,0,4048,0,2035,0,938,412,0,162,0,76,0,29,0,5,0,1,0,1,0,0,0,0,0,0,0,0,0,0,0,0,0,0,0,0,0,0,0,0,0,0,0
0,0,0,0,0,0,0,0,0,0,0,0,0,0,0,0,0,0,0,0,0,0,0,1,0,2,0,11,0,24,0,57,0,174,0,444,865,0,1975,0,4084,0,7909,0,14383,0,25520,0,43110,0,69966,0,108635,0,161046,0,229571,0,311476,0,407401,0,509938,0,613499,0,708208,0,786567,0,834701,0,852579,836011,0,788241,0,709745,0,614320,0,512956,0,411027,0,314246,0,231330,0,162799,0,109902,0,70834,0,43707,0,25964,0,14648,0,7866,0,4080,0,2010,0,899,396,0,173,0,79,0,20,0,8,0,0,0,1,0,0,0,0,0,0,0,0,0,0,0,0,0,0,0,0,0,0,0,0,0,0,0
0,0,0,0,0,0,0,0,0,0,0,0,0,0,0,0,0,0,0,0,0,1,0,0,0,3,0,5,0,28,0,66,0,164,0,406,852,0,1963,0,4069,0,7900,0,14314,0,25337,0,42710,0,70269,0,107671,0,161035,0,229174,0,311265,0,407210,0,509763,0,614291,0,708567,0,786270,0,835796,0,853051,836748,0,788230,0,710716,0,614280,0,514226,0,410533,0,313364,0,230539,0,163096,0,109369,0,70681,0,43615,0,25818,0,14637,0,7758,0,4096,0,1972,0,902,383,0,160,0,78,0,15,0,10,0,1,0,1,0,0,0,0,0,0,0,0,0,0,0,0,0,0,0,0,0,0,0,0,0,0,0
0,0,0,0,0,0,0,0,0,0,0,0,0,0,0,0,0,0,0,0,0,1,0,1,0,2,0,3,0,26,0,73,0,175,0,371,854,0,1951,0,4044,0,7786,0,14181,0,25354,0,42820,0,69768,0,107575,0,160440,0,228156,0,311283,0,406774,0,510144,0,614896,0,709325,0,786067,0,836486,0,852460,838600,0,789098,0,710941,0,614971,0,513909,0,409789,0,313657,0,230553,0,162390,0,109260,0,70136,0,43585,0,25711,0,14494,0,7800,0,3972,0,1995,0,916,353,0,168,0,65,0,19,0,7,0,2,0,1,0,0,0,0,0,0,0,0,0,0,0,0,0,0,0,0,0,0,0,0,0,0,0
0,0,0,0,0,0,0,0,0,0,0,0,0,0,0,0,0,0,0,0,0,1,0,1,0,1,0,6,0,23,0,69,0,165,0,382,873,0,1894,0,3944,0,7695,0,14200,0,25359,0,42580,0,69319,0,107354,0,159725,0,228710,0,310596,0,406428,0,511081,0,614094,0,710029,0,785986,0,836931,0,854447,838237,0,788949,0,711710,0,615819,0,513675,0,410156,0,313555,0,229862,0,162009,0,108518,0,70619,0,43168,0,25709,0,14340,0,7757,0,3970,0,1944,0,898,371,0,154,0,68,0,14,0,9,0,4,0,0,0,0,0,0,0,0,0,0,0,0,0,0,0,0,0,0,0,0,0,0,0,0,0
0,0,0,0,0,0,0,0,0,0,0,0,0,0,0,0,0,0,0,0,0,0,0,1,0,3,0,5,0,25,0,53,0,182,0,366,874,0,1840,0,3871,0,7631,0,14287,0,25123,0,42831,0,68736,0,107386,0,159773,0,227811,0,309833,0,407325,0,510326,0,614684,0,709886,0,788092,0,835622,0,855364,839284,0,789210,0,712302,0,616447,0,512535,0,409830,0,313957,0,229304,0,162014,0,108314,0,70210,0,43232,0,25381,0,14387,0,7699,0,3923,0,1926,0,931,345,0,157,0,58,0,19,0,8,0,5,0,0,0,0,0,0,0,0,0,0,0,0,0,0,0,0,0,0,0,0,0,0,0,0,0
0,0,0,0,0,0,0,0,0,0,0,0,0,0,0,0,0,0,0,0,0,0,0,1,0,2,0,9,0,20,0,58,0,172,0,366,849,0,1827,0,3922,0,7546,0,14212,0,24905,0,42633,0,68603,0,107033,0,159608,0,227500,0,309896,0,407189,0,510875,0,613724,0,710236,0,787861,0,836525,0,856003,839996,0,789866,0,712207,0,618003,0,512411,0,409654,0,312360,0,230009,0,161517,0,108034,0,70175,0,42915,0,25432,0,14330,0,7622,0,3893,0,1925,0,892,360,0,133,0,63,0,23,0,7,0,5,0,1,0,0,0,0,0,0,0,0,0,0,0,0,0,0,0,0,0,0,0,0,0,0,0
0,0,0,0,0,0,0,0,0,0,0,0,0,0,0,0,0,0,0,0,0,0,0,1,0,5,0,6,0,24,0,50,0,177,0,340,844,0,1792,0,3895,0,7537,0,13950,0,25065,0,42166,0,68464,0,107102,0,159432,0,226817,0,309799,0,406700,0,510370,0,614272,0,711284,0,787027,0,837374,0,857226,840993,0,789752,0,713155,0,618030,0,512700,0,409413,0,312195,0,229474,0,160865,0,108071,0,69782,0,42813,0,25442,0,14161,0,7605,0,3851,0,1903,0,882,349,0,153,0,65,0,25,0,4,0,5,0,1,0,0,0,0,0,0,0,0,0,0,0,0,0,0,0,0,0,0,0,0,0,0,0
0,0,0,0,0,0,0,0,0,0,0,0,0,0,0,0,0,0,0,0,0,0,0,3,0,2,0,7,0,23,0,56,0,148,0,331,824,0,1817,0,3817,0,7466,0,13913,0,24848,0,42280,0,68188,0,107098,0,158680,0,226324,0,310407,0,406335,0,509881,0,614325,0,711116,0,786933,0,840883,0,856201,841694,0,790683,0,713404,0,617294,0,513383,0,409295,0,311995,0,228915,0,160464,0,108027,0,69637,0,42645,0,25053,0,14259,0,7589,0,3845,0,1830,0,876,359,0,162,0,68,0,15,0,8,0,1,0,1,0,0,0,0,0,0,0,0,0,0,0,0,0,0,0,0,0,0,0,0,0,0,0
0,0,0,0,0,0,0,0,0,0,0,0,0,0,0,0,0,0,0,0,0,0,0,0,0,5,0,8,0,25,0,46,0,145,0,376,797,0,1832,0,3691,0,7528,0,13919,0,24719,0,41815,0,68322,0,106522,0,158350,0,226010,0,310719,0,405715,0,510643,0,614591,0,710762,0,788298,0,840615,0,857359,841914,0,791451,0,714249,0,616645,0,512950,0,409350,0,311893,0,228294,0,160468,0,107146,0,69950,0,42447,0,25033,0,14199,0,7459,0,3873,0,1830,0,853,339,0,165,0,66,0,13,0,6,0,2,0,0,0,1,0,0,0,0,0,0,0,0,0,0,0,0,0,0,0,0,0,0,0,0,0
0,0,0,0,0,0,0,0,0,0,0,0,0,0,0,0,0,0,0,0,0,0,0,0,0,5,0,11,0,17,0,53,0,131,0,361,783,0,1790,0,3777,0,7470,0,13903,0,24359,0,41804,0,68226,0,106033,0,158624,0,226207,0,309177,0,406450,0,509922,0,614413,0,711209,0,789048,0,841073,0,858853,841797,0,791161,0,714335,0,618076,0,513052,0,408006,0,312409,0,228028,0,159819,0,107786,0,69070,0,42594,0,24814,0,14204,0,7578,0,3721,0,1851,0,797,361,0,171,0,56,0,18,0,3,0,1,0,0,0,1,0,0,0,0,0,0,0,0,0,0,0,0,0,0,0,0,0,0,0,0,0
0,0,0,0,0,0,0,0,0,0,0,0,0,0,0,0,0,0,0,0,0,0,0,0,0,5,0,7,0,20,0,45,0,142,0,371,791,0,1776,0,3702,0,7382,0,13798,0,24438,0,41547,0,68275,0,105504,0,158606,0,226068,0,308573,0,406511,0,510311,0,614694,0,710865,0,789656,0,841398,0,859245,841790,0,791629,0,715176,0,617729,0,513422,0,408344,0,312092,0,227421,0,160418,0,106729,0,69054,0,42441,0,25007,0,14019,0,7370,0,3840,0,1766,0,831,350,0,173,0,54,0,18,0,2,0,2,0,0,0,0,0,1,0,0,0,0,0,0,0,0,0,0,0,0,0,0,0,0,0,0,0
0,0,0,0,0,0,0,0,0,0,0,0,0,0,0,0,0,0,0,0,0,0,0,0,0,3,0,11,0,18,0,50,0,144,0,363,779,0,1789,0,3674,0,7274,0,13685,0,24412,0,41612,0,67625,0,105791,0,158351,0,225004,0,308965,0,406092,0,510510,0,614613,0,710961,0,789687,0,843499,0,859337,842699,0,791167,0,715162,0,618585,0,513077,0,408453,0,311905,0,227170,0,159961,0,106708,0,68665,0,42455,0,24887,0,13872,0,7452,0,3743,0,1785,0,810,373,0,148,0,60,0,15,0,4,0,2,0,0,0,1,0,0,0,0,0,0,0,0,0,0,0,0,0,0,0,0,0,0,0,0,0
0,0,0,0,0,0,0,0,0,0,0,0,0,0,0,0,0,0,0,0,0,0,0,1,0,2,0,8,0,21,0,45,0,149,0,330,826,0,1811,0,3578,0,7194,0,13609,0,24364,0,41482,0,67710,0,105858,0,157567,0,225169,0,308619,0,405811,0,509842,0,614906,0,711537,0,790197,0,842702,0,860849,842663,0,793311,0,715109,0,617822,0,514142,0,407633,0,311188,0,227594,0,159291,0,106627,0,68435,0,42365,0,24986,0,13747,0,7347,0,3771,0,1765,0,844,340,0,172,0,45,0,18,0,2,0,2,0,1,0,1,0,0,0,0,0,0,0,0,0,0,0,0,0,0,0,0,0,0,0,0,0
0,0,0,0,0,0,0,0,0,0,0,0,0,0,0,0,0,0,0,0,0,1,0,1,0,1,0,10,0,22,0,51,0,123,0,311,878,0,1723,0,3637,0,7091,0,13521,0,24226,0,41535,0,67385,0,105615,0,157421,0,224715,0,308090,0,405364,0,509748,0,615418,0,712010,0,791894,0,842153,0,860966,844013,0,792977,0,715031,0,618965,0,513126,0,408269,0,311161,0,227069,0,159032,0,106680,0,68154,0,42175,0,24954,0,13690,0,7265,0,3785,0,1739,0,835,358,0,146,0,51,0,15,0,4,0,3,0,0,0,1,0,0,0,0,0,0,0,0,0,0,0,0,0,0,0,0,0,0,0,0,0
0,0,0,0,0,0,0,0,0,0,0,0,0,0,0,0,0,0,0,1,0,1,0,0,0,2,0,5,0,27,0,45,0,141,0,290,832,0,1771,0,3593,0,7208,0,13290,0,24147,0,41352,0,67328,0,105602,0,157139,0,224714,0,307375,0,405693,0,510209,0,615057,0,712837,0,790863,0,842809,0,862454,844518,0,792436,0,715685,0,619006,0,512988,0,408389,0,310398,0,227318,0,158499,0,106689,0,68404,0,41892,0,24545,0,13675,0,7272,0,3694,0,1820,0,812,372,0,134,0,50,0,20,0,3,0,3,0,1,0,0,0,0,0,0,0,0,0,0,0,0,0,0,0,0,0,0,0,0,0,0,0
0,0,0,0,0,0,0,0,0,0,0,0,0,0,0,0,0,0,0,1,0,1,0,0,0,1,0,5,0,21,0,57,0,128,0,306,833,0,1717,0,3599,0,7009,0,13398,0,23930,0,41351,0,67474,0,104837,0,157303,0,224693,0,307279,0,404817,0,510163,0,615377,0,713135,0,791396,0,842883,0,861913,846175,0,793191,0,714961,0,620471,0,512526,0,408066,0,310648,0,226733,0,158098,0,106455,0,68500,0,41608,0,24612,0,13587,0,7207,0,3733,0,1831,0,787,366,0,144,0,59,0,13,0,8,0,1,0,1,0,0,0,0,0,0,0,0,0,0,0,0,0,0,0,0,0,0,0,0,0,0,0
0,0,0,0,0,0,0,0,0,0,0,0,0,0,0,0,0,0,0,1,0,1,0,0,0,0,0,8,0,21,0,42,0,128,0,300,781,0,1742,0,3651,0,6976,0,13251,0,24095,0,41071,0,67038,0,105132,0,156806,0,224541,0,307540,0,403700,0,510055,0,616863,0,712166,0,791643,0,844312,0,862220,846573,0,792991,0,715724,0,619764,0,513228,0,407288,0,311034,0,226594,0,158536,0,105862,0,68024,0,41622,0,24301,0,13732,0,7232,0,3639,0,1760,0,855,343,0,144,0,49,0,20,0,8,0,1,0,0,0,0,0,0,0,0,0,0,0,0,0,0,0,0,0,0,0,0,0,0,0,0,0
0,0,0,0,0,0,0,0,0,0,0,0,0,0,0,0,0,0,0,1,0,1,0,0,0,0,0,8,0,16,0,52,0,117,0,311,779,0,1722,0,3518,0,7037,0,13287,0,23891,0,40978,0,66874,0,104758,0,156718,0,223644,0,308180,0,403323,0,510824,0,616443,0,713036,0,792046,0,843965,0,862727,845568,0,794678,0,715709,0,619678,0,513965,0,407283,0,310434,0,226847,0,157775,0,105798,0,68202,0,41266,0,24272,0,13624,0,7302,0,3543,0,1842,0,802,337,0,149,0,51,0,22,0,4,0,1,0,0,0,0,0,0,0,0,0,0,0,0,0,0,0,0,0,0,0,0,0,0,0,0,0
0,0,0,0,0,0,0,0,0,0,0,0,0,0,0,0,0,0,0,0,0,2,0,0,0,0,0,5,0,17,0,57,0,132,0,310,725,0,1663,0,3538,0,6913,0,13135,0,23662,0,40393,0,66348,0,103721,0,155936,0,222442,0,306282,0,402215,0,507888,0,615003,0,711431,0,790929,0,843382,0,862302,845590,0,794378,0,717394,0,620652,0,514820,0,409219,0,311215,0,226941,0,158270,0,106227,0,68437,4,41615,15,24277,52,13830,124,7466,269,3979,481,2375,687,1560,1848,664,776,504,447,284,216,141,98,56,35,18,10,3,0,0,0,0,0,0,0,0,0,0,0,0,0,0,0,0,0,0,0,0,0,0
0,0,0,0,0,0,0,0,0,0,0,0,0,0,0,0,0,0,0,0,0,1,0,1,0,1,0,8,0,14,0,52,0,128,0,286,730,0,1652,0,3478,0,6866,0,13010,0,23436,0,40074,0,65577,0,102922,0,154809,0,221137,0,305103,0,401337,0,505897,0,612863,0,711518,0,789722,0,843103,0,863316,846308,0,796294,0,718035,0,621795,0,515952,0,410710,0,313281,0,227541,0,159138,0,106294,1,68592,1,42099,20,24363,42,13790,138,7477,297,3989,477,2389,676,1520,1861,705,765,491,440,310,226,137,96,52,35,15,11,3,1,0,0,0,0,0,0,0,0,0,0,0,0,0,0,0,0,0,0,0,0,0
0,0,0,0,0,0,0,0,0,0,0,0,0,0,0,0,0,0,0,0,0,0,0,2,0,2,0,6,0,19,0,51,0,120,0,282,669,0,1690,0,3421,0,6864,0,12834,0,23097,0,39576,0,65119,0,102330,0,153528,0,220527,0,303387,0,399658,0,504704,0,610987,0,711062,0,788599,0,842403,0,864106,847772,0,795892,0,720779,0,623246,0,517079,0,412182,0,314394,0,228701,0,159746,0,106666,1,69001,2,42246,20,24588,49,13825,133,7432,301,4096,472,2385,704,1530,1834,695,754,509,436,300,242,140,94,54,33,19,8,3,1,1,0,0,0,0,0,0,0,0,0,0,0,0,0,0,0,0,0,0,0,0
0,0,0,0,0,0,0,0,0,0,0,0,0,0,0,0,0,0,0,0,0,0,0,1,0,3,0,6,0,18,0,43,0,135,0,287,695,0,1604,0,3417,0,6737,0,12780,0,22726,0,39055,0,64650,0,101762,0,152608,0,218582,0,303176,0,398439,0,501724,0,611366,0,708504,0,789009,0,841719,0,863970,848275,0,797811,0,721091,0,626567,0,518276,0,413236,0,314642,0,230313,0,159818,0,108068,0,68921,2,42554,15,24625,48,13780,122,7587,274,4069,475,2476,658,1512,1845,739,759,502,441,278,248,157,80,63,36,14,12,2,1,0,0,0,0,0,0,0,0,0,0,0,0,0,0,0,0,0,0,0,0,0
0,0,0,0,0,0,0,0,0,0,0,0,0,0,0,0,0,0,0,0,0,0,0,2,0,3,0,3,0,19,0,50,0,117,0,276,696,0,1608,0,3353,0,6601,0,12626,0,22621,0,38770,0,63992,0,101176,0,151110,0,217987,0,301327,0,397513,0,500340,0,608795,0,708017,0,787664,0,842723,0,864280,847398,0,799756,0,723320,0,627301,0,519775,0,414979,0,315861,0,231229,0,161283,0,107893,0,69170,1,42586,14,24713,45,14183,117,7441,265,4130,501,2442,648,1509,1860,696,787,475,449,305,260,134,105,51,29,13,11,3,0,1,0,0,0,0,0,0,0,0,0,0,0,0,0,0,0,0,0,0,0,0
0,0,0,0,0,0,0,0,0,0,0,0,0,0,0,0,0,0,0,0,0,1,0,1,0,2,0,2,0,22,0,47,0,117,0,282,689,0,1538,0,3302,0,6616,0,12439,0,22607,0,38168,0,63662,0,100346,0,150261,0,216573,0,300100,0,394655,0,500224,0,607115,0,706000,0,787311,0,842890,0,863784,849199,0,801252,0,724866,0,628186,0,521667,0,415738,0,317197,0,232234,0,162112,0,108581,0,69527,6,42553,13,25062,49,13927,128,7605,286,4121,491,2420,683,1570,1881,678,769,498,436,322,238,140,107,55,27,18,10,1,0,0,1,0,0,0,0,0,0,0,0,0,0,0,0,0,0,0,0,0,0,0
0,0,0,0,0,0,0,0,0,0,0,0,0,0,0,0,0,0,0,1,0,0,0,0,0,2,0,3,0,17,0,42,0,120,0,285,679,0,1535,0,3245,0,6472,0,12391,0,22318,0,38020,0,63017,0,99787,0,149244,0,215535,0,297881,0,394480,0,498562,0,604783,0,704253,0,787279,0,842279,0,863230,851398,0,802530,0,725676,0,629947,0,523194,0,416939,0,318652,0,232618,0,163494,0,108892,0,69903,2,42851,9,25197,42,14145,127,7551,291,4118,470,2452,652,1575,1901,682,771,507,463,282,242,161,92,56,35,21,8,1,0,0,1,0,0,0,0,0,0,0,0,0,0,0,0,0,0,0,0,0,0,0
0,0,0,0,0,0,0,0,0,0,0,0,0,0,0,0,0,0,0,1,0,0,0,0,0,2,0,3,0,13,0,41,0,130,0,314,664,0,1443,0,3244,0,6456,0,12242,0,21927,0,37769,0,62726,0,98655,0,149146,0,213833,0,296452,0,392881,0,497306,0,603296,0,703314,0,786359,0,840923,0,863950,850778,0,804499,0,727310,0,631425,0,525048,0,418185,0,319919,0,234260,0,163632,0,109597,0,70411,5,43131,10,25276,41,14223,123,7601,280,4165,446,2521,636,1593,1847,699,778,509,465,276,248,163,95,58,33,15,13,3,0,0,1,0,0,0,0,0,0,0,0,0,0,0,0,0,0,0,0,0,0,0
0,0,0,0,0,0,0,0,0,0,0,0,0,0,0,0,0,0,0,1,0,0,0,1,0,2,0,2,0,13,0,41,0,128,0,287,671,0,1464,0,3179,0,6356,0,12136,0,21629,0,37552,0,61816,0,98342,0,147802,0,213383,0,295085,0,391350,0,495295,0,602224,0,702418,0,785242,0,839993,0,863480,852720,0,805123,0,728632,0,632965,0,525731,0,420172,0,321407,0,235231,0,164253,0,110746,0,70870,2,43322,15,25301,49,14402,118,7577,281,4202,478,2433,646,1624,1830,727,769,520,465,273,254,143,114,58,32,10,15,5,0,1,0,0,0,0,0,0,0,0,0,0,0,0,0,0,0,0,0,0,0,0
0,0,0,0,0,0,0,0,0,0,0,0,0,0,0,0,0,0,0,0,0,1,0,2,0,1,0,1,0,17,0,34,0,130,0,273,662,0,1459,0,3160,0,6276,0,12019,0,21427,0,37387,0,61176,0,97682,0,146697,0,212287,0,293213,0,389769,0,494721,0,600153,0,700338,0,784446,0,841545,0,862363,852098,0,806280,0,730823,0,634276,0,527705,0,421633,0,322853,0,235887,0,166152,0,110576,0,71770,1,43576,15,25325,49,14409,112,7746,284,4148,479,2474,678,1590,1859,717,735,532,459,295,269,140,92,65,34,16,12,3,1,1,0,0,0,0,0,0,0,0,0,0,0,0,0,0,0,0,0,0,0,0
0,0,0,0,0,0,0,0,0,0,0,0,0,0,0,0,0,0,0,0,0,1,0,2,0,1,0,3,0,18,0,35,0,106,0,286,648,0,1478,0,3149,0,6265,0,11806,0,21314,0,36867,0,61002,0,96745,0,146274,0,210843,0,292095,0,387932,0,492927,0,599056,0,698622,0,783590,0,839982,0,863538,852545,0,806863,0,731628,0,635796,0,530247,0,422535,0,324704,0,237248,0,166818,0,111726,0,71864,3,43737,12,25798,56,14379,117,7755,295,4219,460,2487,645,1620,1856,720,771,511,467,342,200,160,109,69,22,24,11,2,0,1,1,0,0,0,0,0,0,0,0,0,0,0,0,0,0,0,0,0,0,0
0,0,0,0,0,0,0,0,0,0,0,0,0,0,0,0,0,0,0,0,0,1,0,2,0,1,0,5,0,14,0,31,0,106,0,289,629,0,1491,0,3095,0,6108,0,11771,0,21014,0,36644,0,60752,0,96437,0,144736,0,210619,0,290470,0,386488,0,491017,0,597504,0,696818,0,781479,0,840525,0,863936,851945,0,808687,0,732820,0,636536,0,531435,0,425872,0,324978,0,239181,0,168003,0,111974,0,72212,5,44142,11,25974,55,14529,126,7868,279,4322,464,2443,670,1610,1864,708,789,514,459,313,243,161,106,59,34,21,8,2,2,2,0,0,0,0,0,0,0,0,0,0,0,0,0,0,0,0,0,0,0,0
0,0,0,0,0,0,0,0,0,0,0,0,0,0,0,0,0,0,0,0,0,1,0,1,0,3,0,6,0,7,0,35,0,113,0,270,623,0,1406,0,3056,0,6160,0,11597,0,20881,0,36386,0,60339,0,95759,0,144381,0,208487,0,290603,0,383081,0,489976,0,595643,0,695531,0,780635,0,838905,0,863586,853368,0,808928,0,735339,0,638097,0,533162,0,427513,0,326649,0,239857,0,168590,0,113024,0,72959,2,44424,8,25981,58,14757,123,8059,255,4281,456,2478,657,1600,1897,713,737,551,478,284,251,155,110,57,43,21,10,2,1,2,0,0,0,0,0,0,0,0,0,0,0,0,0,0,0,0,0,0,0,0
0,0,0,0,0,0,0,0,0,0,0,0,0,0,0,0,0,0,0,0,0,1,0,2,0,2,0,5,0,9,0,29,0,116,0,274,597,0,1381,0,3089,0,6122,0,11387,0,20804,0,36008,0,59994,0,95057,0,143391,0,207536,0,288382,0,382037,0,487439,0,595735,0,693643,0,779540,0,837948,0,863182,853517,0,810554,0,735991,0,640423,0,534887,0,428265,0,328433,0,241202,0,169661,0,114003,0,73219,4,44965,17,26001,49,15067,119,8164,283,4369,447,2497,631,1603,1899,727,727,538,493,313,238,133,116,74,35,21,6,3,4,0,0,0,0,0,0,0,0,0,0,0,0,0,0,0,0,0,0,0,0,0
0,0,0,0,0,0,0,0,0,0,0,0,0,0,0,0,0,0,0,0,0,0,0,3,0,1,0,8,0,8,0,24,0,109,0,262,632,0,1310,0,3044,0,6074,0,11413,0,20521,0,35833,0,59516,0,93775,0,143211,0,205943,0,286974,0,381679,0,485545,0,592536,0,693615,0,777048,0,837303,0,863886,853242,0,810461,0,738219,0,642910,0,536601,0,429967,0,329971,0,242260,0,170043,0,115310,0,73606,4,45302,15,26412,45,15016,123,8390,277,4424,460,2540,614,1602,1886,687,785,528,479,330,223,153,109,64,43,19,8,3,3,1,0,0,0,0,0,0,0,0,0,0,0,0,0,0,0,0,0,0,0,0
0,0,0,0,0,0,0,0,0,0,0,0,0,0,0,0,0,0,0,0,0,0,0,3,0,1,0,6,0,9,0,26,0,100,0,274,590,0,1342,0,3042,0,5919,0,11384,0,20343,0,35443,0,59035,0,93398,0,141944,0,205098,0,286096,0,379486,0,484142,0,590767,0,691660,0,775640,0,836138,0,863876,854055,0,812107,0,738351,0,644278,0,540382,0,431292,0,330711,0,243181,0,171833,0,115882,0,74216,4,45620,16,26630,43,15314,126,8278,265,4454,476,2549,662,1598,1845,725,757,556,462,327,242,157,117,51,47,20,11,2,3,1,0,0,0,0,0,0,0,0,0,0,0,0,0,0,0,0,0,0,0,0
0,0,0,0,0,0,0,0,0,0,0,0,0,0,0,0,0,0,0,0,0,0,0,2,0,3,0,2,0,11,0,28,0,99,0,275,608,0,1313,0,2990,0,5893,0,11123,0,20270,0,35280,0,58369,0,93072,0,140804,0,204745,0,283468,0,378677,0,481990,0,589279,0,689563,0,775193,0,835882,0,862462,854857,0,812648,0,739644,0,646804,0,540309,0,433464,0,333276,0,244249,0,172873,0,116606,0,75080,2,45638,8,27243,47,15249,122,8386,252,4594,463,2574,662,1583,1905,688,771,527,514,307,241,159,122,67,36,20,9,4,3,1,0,0,0,0,0,0,0,0,0,0,0,0,0,0,0,0,0,0,0,0
0,0,0,0,0,0,0,0,0,0,0,0,0,0,0,0,0,0,0,0,0,0,0,2,0,2,0,3,0,10,0,32,0,91,0,271,618,0,1288,0,2976,0,5887,0,10965,0,20131,0,35032,0,58174,0,92049,0,140544,0,202741,0,283029,0,376200,0,480856,0,587038,0,688207,0,773417,0,835346,0,861981,854901,0,813829,0,740662,0,648250,0,542963,0,435066,0,334154,0,246124,0,174296,0,117041,0,75744,2,46397,12,27540,44,15365,104,8321,290,4669,430,2659,639,1622,1874,710,774,535,503,334,233,169,112,70,39,25,8,4,3,1,0,0,0,0,0,0,0,0,0,0,0,0,0,0,0,0,0,0,0,0
0,0,0,0,0,0,0,0,0,0,0,0,0,0,0,0,0,0,0,0,0,0,0,2,0,1,0,6,0,8,0,30,0,108,0,231,585,0,1333,0,2897,0,5816,0,11135,0,19820,0,34756,0,57659,0,91454,0,139515,0,202187,0,281180,0,375522,0,478199,0,585366,0,686637,0,773159,0,832305,0,862904,855302,0,813718,0,742554,0,649103,0,545770,0,436533,0,335515,0,247798,0,175058,0,118206,0,76531,3,46873,16,27693,41,15517,107,8530,268,4602,456,2696,666,1628,1902,714,754,526,509,321,257,158,117,78,30,25,8,7,2,1,0,0,0,0,0,0,0,0,0,0,0,0,0,0,0,0,0,0,0,0
0,0,0,0,0,0,0,0,0,0,0,0,0,0,0,0,0,0,0,0,0,0,0,1,0,4,0,2,0,9,0,40,0,102,0,224,555,0,1341,0,2867,0,5785,0,10990,0,19868,0,34468,0,57125,0,91160,0,138550,0,201200,0,279636,0,373924,0,476252,0,583870,0,684833,0,772222,0,831042,0,862551,855160,0,815095,0,742793,0,651261,0,547077,0,438787,0,336789,0,249596,0,176377,0,119045,0,76957,3,47396,12,28079,48,15812,102,8558,238,4743,471,2647,642,1697,1841,721,802,531,491,322,251,170,134,50,51,19,9,6,2,2,0,0,0,0,0,0,0,0,0,0,0,0,0,0,0,0,0,0,0,0
0,0,0,0,0,0,0,0,0,0,0,0,0,0,0,0,0,0,0,0,0,0,0,2,0,2,0,3,0,7,0,36,0,100,0,232,572,0,1321,0,2804,0,5806,0,10830,0,19790,0,33896,0,56925,0,90119,0,138307,0,199875,0,279077,0,371368,0,475388,0,581816,0,682631,0,770099,0,831991,0,859277,857156,0,816688,0,743798,0,652514,0,548714,0,439638,0,339691,0,250743,0,177469,0,120128,0,77552,3,48015,11,28192,40,16068,111,8654,235,4711,462,2729,615,1712,1932,700,795,533,510,310,254,169,134,75,33,19,12,6,2,1,0,0,0,0,0,0,0,0,0,0,0,0,0,0,0,0,0,0,0,0
0,0,0,0,0,0,0,0,0,0,0,0,0,0,0,0,0,0,0,0,0,0,0,1,0,3,0,2,0,10,0,36,0,99,0,218,581,0,1247,0,2799,0,5686,0,10850,0,19529,0,33881,0,56578,0,89530,0,137123,0,199123,0,277637,0,369896,0,473497,0,579960,0,681634,0,766710,0,831439,0,860947,856143,0,816767,0,745145,0,655000,0,549220,0,441866,0,341120,0,252662,0,178814,0,121195,0,78376,2,48250,7,28573,48,16315,114,8726,231,4730,433,2748,610,1756,1962,671,813,551,514,318,271,170,129,62,39,17,14,8,1,1,0,0,0,0,0,0,0,0,0,0,0,0,0,0,0,0,0,0,0,0
0,0,0,0,0,0,0,0,0,0,0,0,0,0,0,0,0,0,0,0,0,0,0,0,0,3,0,4,0,13,0,34,0,89,0,210,567,0,1255,0,2757,0,5697,0,10654,0,19576,0,33558,0,55999,0,89493,0,136050,0,198050,0,275892,0,368227,0,472274,0,578108,0,679734,0,765892,0,828311,0,860953,855580,0,818090,0,748136,0,654591,0,551564,0,443433,0,343206,0,254829,0,179749,0,122512,1,79155,1,48570,8,28845,43,16444,123,8971,217,4733,483,2753,639,1751,1954,697,814,555,504,352,261,175,112,82,31,25,10,4,3,2,0,0,0,0,0,0,0,0,0,0,0,0,0,0,0,0,0,0,0,0
0,0,0,0,0,0,0,0,0,0,0,0,0,0,0,0,0,0,0,0,0,0,0,0,0,2,0,3,0,17,0,29,0,93,0,220,529,0,1230,0,2770,0,5601,0,10585,0,19271,0,33569,0,55797,0,88479,0,135475,0,196822,0,274570,0,367318,0,470394,0,577003,0,675832,0,764684,0,827833,0,860123,856408,0,818024,0,748721,0,657644,0,552392,0,445679,0,344754,0,255964,0,181657,0,123262,1,79937,1,49188,7,29228,49,16693,115,9134,227,4838,481,2743,615,1795,1954,724,801,527,528,339,273,182,123,71,37,23,10,6,2,2,0,0,0,0,0,0,0,0,0,0,0,0,0,0,0,0,0,0,0,0
0,0,0,0,0,0,0,0,0,0,0,0,0,0,0,0,0,0,0,0,0,0,0,0,0,1,0,4,0,10,0,31,0,103,0,202,542,0,1238,0,2724,0,5539,0,10468,0,19197,0,33199,0,55330,0,88389,0,134650,0,195685,0,273324,0,365606,0,468557,0,574121,0,675494,0,763434,0,826023,0,858679,857546,0,817054,0,751083,0,659415,0,553832,0,448093,0,346549,0,256408,0,183638,0,124371,1,80637,3,49712,15,29805,51,16865,102,9171,235,4963,442,2815,632,1773,1954,728,820,558,515,348,259,188,116,76,42,17,15,5,3,3,0,0,0,0,0,0,0,0,0,0,0,0,0,0,0,0,0,0,0,0
0,0,0,0,0,0,0,0,0,0,0,0,0,0,0,0,0,0,0,0,0,0,0,1,0,0,0,6,0,8,0,42,0,79,0,227,543,0,1249,0,2633,0,5520,0,10449,0,18947,0,32888,0,55081,0,87781,0,133694,0,195024,0,272118,0,364198,0,466188,0,572135,0,673277,0,760727,0,826283,0,859256,855444,0,819413,0,751032,0,660297,0,556009,0,450405,0,348410,0,258688,0,184660,0,125508,0,81374,2,50504,12,29968,33,17121,100,9447,240,4997,426,2894,635,1698,2015,718,824,560,543,338,283,171,126,81,29,24,12,6,4,3,0,0,0,0,0,0,0,0,0,0,0,0,0,0,0,0,0,0,0,0
0,0,0,0,0,0,0,0,0,0,0,0,0,0,0,0,0,0,0,0,0,0,0,1,0,3,0,5,0,7,0,37,0,99,0,208,554,0,1241,0,2616,0,5386,0,10432,0,18832,0,32585,0,54719,0,87081,0,133257,0,193818,0,270556,0,362334,0,465245,0,570058,0,671071,0,758917,0,826787,0,855472,856678,0,819755,0,751766,0,662175,0,558733,0,451686,0,350561,0,260579,0,186060,0,126892,0,81999,2,51077,14,30305,37,17374,108,9465,236,5180,437,2747,635,1859,1985,698,856,565,545,334,284,174,125,74,44,15,18,4,3,1,2,0,0,0,0,0,0,0,0,0,0,0,0,0,0,0,0,0,0,0
0,0,0,0,0,0,0,0,0,0,0,0,0,0,0,0,0,0,0,0,0,0,0,2,0,1,0,5,0,10,0,40,0,77,0,248,541,0,1208,0,2649,0,5384,0,10006,0,18921,0,32643,0,54118,0,86849,0,132075,0,193185,0,269067,0,360079,0,463335,0,568187,0,669398,0,758390,0,822710,0,857194,855610,0,820173,0,754019,0,662420,0,560364,0,454029,0,353134,0,262268,0,187633,0,127521,0,83384,2,51260,10,30927,34,17546,101,9635,249,5234,412,2934,637,1748,2009,709,868,560,563,344,280,189,118,69,41,24,17,6,3,1,1,0,0,0,0,0,0,0,0,0,0,0,0,0,0,0,0,0,0,0
0,0,0,0,0,0,0,0,0,0,0,0,0,0,0,0,0,0,0,0,0,0,0,0,0,3,0,3,0,12,0,38,0,86,0,234,539,0,1162,0,2667,0,5215,0,10193,0,18453,0,32494,0,54131,0,86214,0,131521,0,191866,0,267296,0,359291,0,459911,0,565893,0,669829,0,756404,0,820906,0,856740,853968,0,821808,0,753235,0,664761,0,564245,0,455253,0,354744,0,264314,0,189108,0,128358,0,84132,0,51971,11,31438,31,17768,111,9859,232,5360,405,2915,621,1825,2018,721,874,534,573,347,287,188,133,59,50,22,17,7,2,2,0,0,0,0,0,0,0,0,0,0,0,0,0,0,0,0,0,0,0,0
0,0,0,0,0,0,0,0,0,0,0,0,0,0,0,0,0,0,0,0,0,0,0,0,0,3,0,2,0,11,0,31,0,84,0,249,532,0,1191,0,2613,0,5179,0,10041,0,18365,0,32299,0,53760,0,85464,0,131100,0,190260,0,267467,0,356056,0,459005,0,563849,0,666904,0,753871,0,820580,0,855331,855410,0,819555,0,755670,0,667584,0,564734,0,457770,0,357551,0,264944,0,190710,0,129778,0,85066,1,52952,10,31909,30,18064,90,9962,207,5390,441,3023,623,1806,2011,743,882,562,503,400,298,207,107,68,45,29,15,6,4,1,0,0,0,0,0,0,0,0,0,0,0,0,0,0,0,0,0,0,0,0
0,0,0,0,0,0,0,0,0,0,0,0,0,0,0,0,0,0,0,0,0,0,0,0,0,1,0,6,0,5,0,37,0,93,0,231,530,0,1151,0,2600,0,5269,0,9872,0,18251,0,32204,0,53278,0,85198,0,130530,0,189250,0,265568,0,354876,0,456173,0,562027,0,664736,0,752352,0,819192,0,854366,854690,0,821614,0,755996,0,668989,0,566551,0,459921,0,359266,0,267897,0,191826,0,130829,0,85741,2,53706,12,32149,37,18538,88,10171,226,5454,416,3073,602,1888,2033,743,906,520,553,361,315,204,126,73,38,31,16,7,2,1,1,0,0,0,0,0,0,0,0,0,0,0,0,0,0,0,0,0,0,0
0,0,0,0,0,0,0,0,0,0,0,0,0,0,0,0,0,0,0,0,0,0,0,0,0,1,0,5,0,9,0,35,0,90,0,226,518,0,1192,0,2566,0,5174,0,9892,0,18059,0,32008,0,52868,0,84959,0,129507,0,188735,0,263435,0,354055,0,454106,0,559771,0,661726,0,751491,0,817513,0,852867,855334,0,821705,0,758094,0,669223,0,568066,0,463012,0,360078,0,271293,0,192975,0,131951,0,86531,0,54607,11,32461,44,18965,96,10267,233,5699,372,3055,642,1915,2020,753,897,574,536,361,314,211,132,73,49,27,12,7,4,0,0,1,0,0,0,0,0,0,0,0,0,0,0,0,0,0,0,0,0,0
0,0,0,0,0,0,0,0,0,0,0,0,0,0,0,0,0,0,0,0,0,0,0,0,0,1,0,7,0,11,0,21,0,101,0,228,501,0,1177,0,2544,0,5131,0,9735,0,18145,0,31574,0,52535,0,84613,0,128740,0,187267,0,262611,0,352200,0,452407,0,557846,0,659469,0,749095,0,816828,0,850970,855324,0,821549,0,759340,0,671690,0,569937,0,464502,0,362436,0,272161,0,195056,0,133851,1,87694,0,54983,10,33030,32,19335,104,10467,231,5756,399,3125,614,1959,2088,747,891,552,595,353,322,213,127,74,45,27,17,10,3,0,1,0,0,0,0,0,0,0,0,0,0,0,0,0,0,0,0,0,0,0
0,0,0,0,0,0,0,0,0,0,0,0,0,0,0,0,0,0,0,0,0,0,0,0,0,2,0,3,0,11,0,25,0,92,0,224,521,0,1136,0,2568,0,5028,0,9769,0,17949,0,31483,0,52497,0,83896,0,127340,0,187069,0,260871,0,350355,0,450925,0,555773,0,657572,0,747419,0,815308,0,849528,854176,0,823885,0,759017,0,672764,0,573196,0,466078,0,364737,0,273596,0,196181,0,135434,1,88631,2,55891,6,33701,35,19491,90,10693,232,5919,409,3231,602,1977,1996,768,928,595,573,360,327,195,151,74,45,28,16,9,3,1,0,0,0,0,0,0,0,0,0,0,0,0,0,0,0,0,0,0,0,0
0,0,0,0,0,0,0,0,0,0,0,0,0,0,0,0,0,0,0,0,0,0,0,0,0,3,0,3,0,10,0,32,0,84,0,219,486,0,1191,0,2530,0,4998,0,9746,0,17857,0,30948,0,52381,0,83432,0,126649,0,185792,0,259521,0,348674,0,449015,0,553357,0,655165,0,746851,0,812220,0,850312,853282,0,823100,0,762129,0,673454,0,574048,0,468680,0,367114,0,275200,0,198284,0,136262,0,89979,1,56627,5,34264,38,19782,87,10846,213,6055,409,3369,599,1942,2052,749,964,573,588,360,343,207,144,75,54,21,21,9,2,1,0,0,0,0,0,0,0,0,0,0,0,0,0,0,0,0,0,0,0,0
0,0,0,0,0,0,0,0,0,0,0,0,0,0,0,0,0,0,0,0,0,0,0,2,0,1,0,3,0,10,0,30,0,96,0,215,518,0,1097,0,2567,0,4999,0,9447,0,17926,0,30797,0,51940,0,82639,0,126476,0,184622,0,257999,0,346932,0,447470,0,550814,0,652786,0,745083,0,810965,0,847860,854886,0,823081,0,763007,0,674516,0,576098,0,470606,0,369005,0,277124,0,200682,0,137684,1,90619,0,57461,6,34914,31,20227,94,11139,221,6045,433,3396,606,2035,2077,717,980,559,610,354,353,225,142,68,56,30,16,6,3,1,0,0,0,0,0,0,0,0,0,0,0,0,0,0,0,0,0,0,0,0
0,0,0,0,0,0,0,0,0,0,0,0,0,0,0,0,0,0,0,0,0,1,0,1,0,1,0,3,0,10,0,30,0,93,0,196,524,0,1104,0,2547,0,4897,0,9479,0,17665,0,30795,0,51528,0,82346,0,125408,0,183294,0,257146,0,345577,0,445150,0,548860,0,650659,0,742673,0,810106,0,846996,852872,0,824083,0,763137,0,676528,0,577643,0,473709,0,370878,0,279260,0,201808,0,139411,1,91890,0,58115,9,35625,37,20675,90,11332,206,6175,407,3405,584,2173,2156,694,958,565,592,400,337,235,146,71,55,32,10,8,7,0,0,0,0,0,0,0,0,0,0,0,0,0,0,0,0,0,0,0,0,0
0,0,0,0,0,0,0,0,0,0,0,0,0,0,0,0,0,0,0,0,0,0,0,2,0,0,0,3,0,13,0,29,0,106,0,210,491,0,1132,0,2434,0,4945,0,9371,0,17585,0,30560,0,51089,0,81910,0,124812,0,182382,0,255149,0,345048,0,441951,0,546728,0,649250,0,738211,0,809934,0,847367,851861,0,822977,0,764035,0,677701,0,581044,0,475159,0,373139,0,281469,0,203816,0,140924,1,92698,0,59348,6,36361,33,20750,89,11688,196,6380,405,3499,592,2137,2211,712,951,594,602,387,361,220,164,74,51,33,18,6,3,1,0,0,0,0,0,0,0,0,0,0,0,0,0,0,0,0,0,0,0,0
0,0,0,0,0,0,0,0,0,0,0,0,0,0,0,0,0,0,0,0,0,0,0,1,0,2,0,2,0,14,0,33,0,88,0,227,511,0,1103,0,2413,0,4920,0,9344,0,17396,0,30375,0,50529,0,81382,0,124398,0,181151,0,254685,0,341603,0,440774,0,544773,0,647462,0,736766,0,806761,0,846203,852357,0,823095,0,762480,0,681237,0,582510,0,477839,0,375520,0,282960,0,205673,0,142217,1,94486,0,59807,3,37125,28,21248,87,11849,213,6504,422,3631,591,2195,2193,715,1022,558,597,394,339,239,158,79,58,28,25,6,2,1,0,0,0,0,0,0,0,0,0,0,0,0,0,0,0,0,0,0,0,0
0,0,0,0,0,0,0,0,0,0,0,0,0,0,0,0,0,0,0,0,0,0,0,1,0,2,0,4,0,11,0,41,0,78,0,235,515,0,1090,0,2421,0,4748,0,9486,0,17044,0,30592,0,49990,0,80457,0,123780,0,180376,0,253595,0,339536,0,438794,0,542817,0,645140,0,735038,0,804890,0,843807,852765,0,823201,0,762905,0,682731,0,585182,0,479412,0,378433,0,284914,0,207011,0,144050,1,95409,2,61295,9,37365,23,21665,100,12149,198,6690,397,3715,585,2286,2183,738,962,576,612,406,340,238,159,94,52,39,15,10,3,0,0,0,0,0,0,0,0,0,0,0,0,0,0,0,0,0,0,0,0,0
0,0,0,0,0,0,0,0,0,0,0,0,0,0,0,0,0,0,0,0,0,0,0,0,0,4,0,2,0,12,0,46,0,81,0,205,510,0,1099,0,2358,0,4824,0,9375,0,17076,0,29964,0,49823,0,80084,0,122859,0,179670,0,251885,0,338392,0,437154,0,539883,0,643119,0,733385,0,802222,0,843103,851218,0,823365,0,765523,0,683970,0,586024,0,481584,0,380502,0,287419,0,209250,0,145101,0,96670,1,62110,7,38191,29,22107,100,12488,210,6814,381,3827,605,2267,2225,726,1009,570,600,421,356,206,176,97,55,35,21,12,0,1,0,0,0,0,0,0,0,0,0,0,0,0,0,0,0,0,0,0,0,0
0,0,0,0,0,0,0,0,0,0,0,0,0,0,0,0,0,0,0,0,0,0,0,0,0,3,0,4,0,10,0,40,0,73,0,199,485,0,1126,0,2332,0,4852,0,9285,0,16857,0,29769,0,49444,0,79677,0,122422,0,178147,0,251087,0,336309,0,434646,0,538224,0,640885,0,731260,0,800910,0,841371,848758,0,823975,0,768159,0,685656,0,586289,0,484613,0,382591,0,289839,0,210671,0,146951,1,98068,2,63337,7,38561,25,22678,84,12786,196,6974,359,3908,580,2338,2244,762,983,580,649,395,363,193,183,112,55,28,24,11,2,0,1,0,0,0,0,0,0,0,0,0,0,0,0,0,0,0,0,0,0,0
0,0,0,0,0,0,0,0,0,0,0,0,0,0,0,0,0,0,0,0,0,0,0,0,0,2,0,2,0,15,0,32,0,74,0,196,508,0,1109,0,2375,0,4732,0,9158,0,16778,0,29663,0,49070,0,79064,0,121446,0,177561,0,249577,0,335010,0,431827,0,536490,0,639075,0,728235,0,799483,0,839917,848233,0,823141,0,769366,0,686721,0,588964,0,486072,0,385211,0,292262,0,212731,0,148441,1,99440,1,64478,4,39286,20,23195,86,12990,172,7122,388,4029,584,2412,2200,776,1035,569,660,432,361,215,175,112,58,31,18,12,3,2,0,0,0,0,0,0,0,0,0,0,0,0,0,0,0,0,0,0,0,0
0,0,0,0,0,0,0,0,0,0,0,0,0,0,0,0,0,0,0,0,0,0,0,0,0,1,0,7,0,14,0,34,0,63,0,186,523,0,1124,0,2314,0,4662,0,9021,0,16800,0,29338,0,48648,0,79041,0,120056,0,176215,0,248478,0,332966,0,431168,0,533266,0,636926,0,725955,0,797345,0,839043,847616,0,824883,0,767275,0,688486,0,591748,0,488451,0,387377,0,293817,0,215122,0,150240,0,100842,0,65403,2,39853,22,23669,83,13540,192,7314,396,4088,575,2425,2283,741,1052,608,682,415,364,227,174,114,67,32,21,11,3,1,0,0,0,0,0,0,0,0,0,0,0,0,0,0,0,0,0,0,0,0
0,0,0,0,0,0,0,0,0,0,0,0,0,0,0,0,0,0,0,0,0,0,0,0,0,2,0,6,0,10,0,27,0,76,0,196,474,0,1055,0,2337,0,4694,0,9004,0,16499,0,29364,0,48599,0,77864,0,119273,0,175453,0,247029,0,332542,0,427824,0,532168,0,632105,0,725046,0,796218,0,836890,846720,0,824494,0,770292,0,688495,0,593413,0,490657,0,389105,0,296898,0,216117,0,152642,0,102489,2,66337,4,40596,25,24109,80,13889,190,7526,377,4249,561,2451,2370,744,1067,595,677,462,352,229,182,108,79,35,16,13,5,1,0,0,0,0,0,0,0,0,0,0,0,0,0,0,0,0,0,0,0,0
0,0,0,0,0,0,0,0,0,0,0,0,0,0,0,0,0,0,0,0,0,0,0,1,0,0,0,5,0,10,0,28,0,78,0,188,445,0,1089,0,2339,0,4625,0,8927,0,16592,0,28875,0,48173,0,77561,0,118828,0,174181,0,244810,0,330764,0,426618,0,529718,0,630913,0,722358,0,793400,0,837737,844148,0,824376,0,770024,0,690838,0,595434,0,493004,0,391275,0,299274,0,218003,0,153910,0,104599,2,66912,3,41462,26,24802,78,14101,172,7849,365,4366,531,2586,2322,788,1140,567,672,453,390,219,192,113,78,32,23,9,4,3,0,0,0,0,0,0,0,0,0,0,0,0,0,0,0,0,0,0,0,0
0,0,0,0,0,0,0,0,0,0,0,0,0,0,0,0,0,0,0,0,0,0,0,1,0,0,0,5,0,6,0,28,0,87,0,182,438,0,1088,0,2264,0,4663,0,8829,0,16596,0,28510,0,47923,0,76847,0,117940,0,173124,0,244245,0,327827,0,424967,0,527698,0,628363,0,720851,0,790335,0,835938,844531,0,824399,0,770089,0,693209,0,596498,0,495456,0,393812,0,300869,0,219750,0,156191,0,106052,3,68051,4,42455,24,25342,80,14334,183,8221,354,4461,592,2547,2403,715,1185,613,669,474,402,221,200,108,83,31,23,9,8,2,0,0,0,0,0,0,0,0,0,0,0,0,0,0,0,0,0,0,0,0
0,0,0,0,0,0,0,0,0,0,0,0,0,0,0,0,0,0,0,0,0,0,0,1,0,2,0,4,0,9,0,23,0,82,0,207,438,0,1003,0,2263,0,4579,0,8936,0,16317,0,28499,0,47388,0,76264,0,117264,0,172365,0,242391,0,326434,0,423519,0,524939,0,626161,0,717085,0,789593,0,833708,843630,0,824144,0,771916,0,693939,0,598628,0,496842,0,396132,0,303672,0,222441,0,158080,0,107114,3,69607,4,43019,20,25957,78,14749,195,8241,336,4737,581,2676,2387,734,1144,667,683,467,424,227,181,123,78,35,23,9,6,5,0,0,0,0,0,0,0,0,0,0,0,0,0,0,0,0,0,0,0,0
0,0,0,0,0,0,0,0,0,0,0,0,0,0,0,0,0,0,0,0,0,0,0,1,0,3,0,3,0,8,0,29,0,74,0,213,447,0,992,0,2173,0,4582,0,8792,0,16181,0,28179,0,47348,0,75741,0,116467,0,171230,0,241054,0,325146,0,421630,0,522720,0,624273,0,714357,0,786838,0,832252,843327,0,823075,0,772211,0,694704,0,602141,0,497767,0,398578,0,306076,0,225112,0,160176,0,108569,3,70777,2,44023,18,26318,77,15239,173,8501,325,4778,586,2801,2420,741,1184,656,740,438,439,214,212,121,68,38,26,11,8,0,2,0,0,0,0,0,0,0,0,0,0,0,0,0,0,0,0,0,0,0
0,0,0,0,0,0,0,0,0,0,0,0,0,0,0,0,0,0,0,0,0,0,0,1,0,2,0,3,0,7,0,27,0,84,0,187,471,0,977,0,2130,0,4494,0,8795,0,16072,0,27957,0,47026,0,75384,0,115630,0,170130,0,239024,0,323616,0,419286,0,520724,0,622251,0,712523,0,785044,0,829510,843444,0,821491,0,772960,0,697720,0,602135,0,500814,0,401101,0,307689,0,228158,0,161274,0,110582,4,72038,3,45009,18,26876,69,15600,153,8784,317,4866,590,2951,2472,762,1169,620,757,445,432,250,218,120,72,44,18,17,7,1,2,1,0,0,0,0,0,0,0,0,0,0,0,0,0,0,0,0,0,0
0,0,0,0,0,0,0,0,0,0,0,0,0,0,0,0,0,0,0,0,0,0,0,1,0,2,0,2,0,8,0,23,0,83,0,211,439,0,965,0,2193,0,4455,0,8744,0,15823,0,27737,0,46552,0,75406,0,114772,0,168663,0,238284,0,320734,0,417990,0,518659,0,618156,0,710885,0,783616,0,828095,841420,0,823356,0,771927,0,698548,0,603876,0,503568,0,403311,0,310528,0,230623,0,163245,0,111934,1,73178,4,46216,23,27453,70,15842,148,9197,304,4953,571,3045,2568,759,1196,623,760,436,462,248,220,121,84,46,18,19,6,1,1,1,0,0,0,0,0,0,0,0,0,0,0,0,0,0,0,0,0,0
0,0,0,0,0,0,0,0,0,0,0,0,0,0,0,0,0,0,0,0,0,0,0,1,0,2,0,1,0,10,0,24,0,69,0,206,435,0,982,0,2156,0,4315,0,8779,0,15589,0,27552,0,46412,0,74920,0,114333,0,167305,0,236285,0,320469,0,414648,0,515793,0,616887,0,707658,0,782050,0,825745,841488,0,822191,0,773238,0,699336,0,606432,0,504982,0,406213,0,313248,0,231534,0,166028,0,113414,2,74576,3,46948,17,28177,71,16583,158,9272,318,5128,587,3116,2661,720,1237,652,773,440,453,257,233,122,77,51,18,16,8,2,2,0,0,0,0,0,0,0,0,0,0,0,0,0,0,0,0,0,0,0
0,0,0,0,0,0,0,0,0,0,0,0,0,0,0,0,0,0,0,0,0,0,0,1,0,1,0,2,0,13,0,15,0,97,0,180,419,0,988,0,2104,0,4375,0,8559,0,15526,0,27274,0,45991,0,74263,0,113764,0,166787,0,234656,0,318492,0,413048,0,514038,0,614135,0,704839,0,779092,0,824680,839624,0,822267,0,774260,0,700628,0,607860,0,507647,0,407922,0,315937,0,234331,0,167991,0,114727,2,76154,3,47563,17,29015,75,17045,164,9500,295,5424,568,3233,2659,743,1275,642,779,451,471,266,225,126,85,45,21,8,13,5,3,0,0,0,0,0,0,0,0,0,0,0,0,0,0,0,0,0,0,0
0,0,0,0,0,0,0,0,0,0,0,0,0,0,0,0,0,0,0,0,0,0,0,1,0,1,0,2,0,12,0,26,0,72,0,182,437,0,937,0,2191,0,4348,0,8305,0,15432,0,27223,0,45553,0,73577,0,113181,0,165517,0,234433,0,315463,0,410682,0,512621,0,611513,0,702063,0,776442,0,823116,838315,0,822376,0,775616,0,700195,0,609944,0,510564,0,410290,0,318512,0,236917,0,169457,0,117137,2,76874,4,48999,18,29591,58,17414,173,9859,312,5604,546,3229,2830,728,1270,666,820,460,492,266,217,142,82,39,28,10,15,5,2,0,0,0,0,0,0,0,0,0,0,0,0,0,0,0,0,0,0,0
0,0,0,0,0,0,0,0,0,0,0,0,0,0,0,0,0,0,0,0,0,0,0,1,0,1,0,3,0,13,0,21,0,72,0,169,454,0,926,0,2116,0,4393,0,8236,0,15281,0,27108,0,45388,0,72764,0,111960,0,165396,0,232057,0,314756,0,407719,0,510277,0,608815,0,701428,0,773019,0,821441,837085,0,822580,0,775024,0,701372,0,612099,0,512990,0,412720,0,320883,0,239176,0,172129,0,118076,0,78520,5,49944,14,30508,72,17823,143,10223,324,5779,532,3334,2877,721,1328,681,831,458,493,286,234,144,79,39,32,16,12,5,3,0,0,0,0,0,0,0,0,0,0,0,0,0,0,0,0,0,0,0
0,0,0,0,0,0,0,0,0,0,0,0,0,0,0,0,0,0,0,0,0,0,0,1,0,1,0,2,0,12,0,24,0,72,0,169,442,0,949,0,2101,0,4279,0,8310,0,14996,0,26640,0,45237,0,72408,0,111202,0,164257,0,231328,0,312761,0,406203,0,506804,0,605987,0,698957,0,772178,0,818982,835205,0,822945,0,774332,0,703219,0,614007,0,515034,0,415711,0,323909,0,240815,0,174209,0,119979,0,79840,3,50850,14,31262,73,18382,129,10569,295,5893,519,3531,2909,712,1393,653,893,468,485,262,253,149,92,44,34,15,11,6,1,1,0,0,0,0,0,0,0,0,0,0,0,0,0,0,0,0,0,0
0,0,0,0,0,0,0,0,0,0,0,0,0,0,0,0,0,0,0,0,0,1,0,1,0,1,0,1,0,9,0,25,0,83,0,172,423,0,997,0,2050,0,4251,0,8120,0,14879,0,26412,0,44759,0,71839,0,110850,0,163396,0,229718,0,309980,0,404655,0,504339,0,604580,0,696158,0,770600,0,815603,834345,0,821784,0,775622,0,704371,0,615691,0,517346,0,418542,0,326163,0,243311,0,175546,0,122045,1,81569,2,51855,12,32121,63,18912,154,10907,305,6120,524,3662,2978,712,1376,673,912,502,498,263,248,152,106,42,42,16,4,4,4,0,1,0,0,0,0,0,0,0,0,0,0,0,0,0,0,0,0,0
0,0,0,0,0,0,0,0,0,0,0,0,0,0,0,0,0,0,0,0,0,1,0,0,0,2,0,2,0,11,0,23,0,71,0,177,412,0,1015,0,2041,0,4166,0,8048,0,14780,0,26426,0,44181,0,71308,0,109943,0,162121,0,228650,0,308706,0,402895,0,501074,0,602651,0,693708,0,766705,0,814904,833594,0,821075,0,775386,0,706245,0,616763,0,519205,0,421630,0,328165,0,246403,0,177480,0,124053,2,82673,2,53086,17,32876,43,19685,145,11285,279,6349,488,3757,3020,717,1468,640,912,511,517,286,247,149,108,59,35,17,6,5,1,2,1,0,0,0,0,0,0,0,0,0,0,0,0,0,0,0,0,0
0,0,0,0,0,0,0,0,0,0,0,0,0,0,0,0,0,0,0,0,0,0,0,2,0,0,0,3,0,10,0,22,0,69,0,159,431,0,976,0,2015,0,4191,0,7843,0,14925,0,26059,0,43813,0,70701,0,109424,0,160552,0,227203,0,307871,0,400494,0,499078,0,599669,0,690571,0,764615,0,813271,832988,0,819449,0,776846,0,705639,0,619117,0,521410,0,423618,0,331133,0,248601,0,180405,0,125838,2,84359,3,53834,19,33925,48,20124,135,11686,296,6719,476,3843,3044,738,1595,633,912,506,552,285,286,122,127,57,37,15,11,3,4,0,1,0,0,0,0,0,0,0,0,0,0,0,0,0,0,0,0,0
0,0,0,0,0,0,0,0,0,0,0,0,0,0,0,0,0,0,0,0,0,0,0,1,0,1,0,4,0,1,0,25,0,75,0,144,458,0,913,0,2048,0,4099,0,7919,0,14614,0,25748,0,43394,0,70487,0,108581,0,159667,0,225855,0,305956,0,398209,0,496655,0,596434,0,688359,0,762406,0,812250,830618,0,819362,0,776693,0,707017,0,620500,0,524716,0,425438,0,333530,0,251254,0,182609,0,127750,0,85884,1,55179,16,34681,47,20640,146,12250,279,6893,483,3928,3223,747,1614,637,948,477,560,314,270,145,127,49,42,20,8,6,2,1,1,0,0,0,0,0,0,0,0,0,0,0,0,0,0,0,0,0
0,0,0,0,0,0,0,0,0,0,0,0,0,0,0,0,0,0,0,0,0,0,0,0,0,2,0,1,0,10,0,13,0,64,0,172,414,0,937,0,2020,0,4111,0,7837,0,14432,0,25493,0,43095,0,70250,0,107338,0,158538,0,224950,0,303934,0,395760,0,494186,0,594694,0,685012,0,760337,0,810079,829054,0,818068,0,777259,0,708733,0,622152,0,527033,0,428665,0,335070,0,254052,0,184962,0,129549,1,87372,2,56664,12,35626,45,21276,133,12569,266,7224,453,4138,3220,747,1631,692,1012,475,573,323,265,161,113,49,52,18,10,6,2,2,0,0,0,0,0,0,0,0,0,0,0,0,0,0,0,0,0,0
0,0,0,0,0,0,0,0,0,0,0,0,0,0,0,0,0,0,0,0,0,0,0,1,0,1,0,3,0,7,0,16,0,70,0,144,424,0,909,0,2059,0,3932,0,7833,0,14323,0,25224,0,42845,0,69530,0,106950,0,157373,0,223661,0,302386,0,392320,0,493004,0,590923,0,683243,0,757502,0,807904,828368,0,817437,0,776940,0,709516,0,624080,0,529303,0,430952,0,337639,0,256677,0,187735,0,131190,0,89338,2,57822,10,36537,41,22015,126,13020,285,7429,481,4337,3309,711,1685,643,1094,475,582,343,280,158,114,60,43,23,13,4,2,1,1,0,0,0,0,0,0,0,0,0,0,0,0,0,0,0,0,0
0,0,0,0,0,0,0,0,0,0,0,0,0,0,0,0,0,0,0,0,0,0,0,1,0,2,0,1,0,8,0,17,0,51,0,171,402,0,914,0,2021,0,3943,0,7685,0,14123,0,25237,0,42703,0,68698,0,105998,0,155877,0,222703,0,300560,0,391262,0,489405,0,588355,0,680635,0,755616,0,804518,827914,0,816514,0,777510,0,709568,0,625653,0,531931,0,433930,0,340406,0,258650,0,190019,0,133646,2,90495,2,59640,13,37388,34,22855,116,13399,272,7766,471,4468,3464,715,1705,704,1084,481,623,323,314,152,121,59,51,17,16,7,2,1,1,0,0,0,0,0,0,0,0,0,0,0,0,0,0,0,0,0
0,0,0,0,0,0,0,0,0,0,0,0,0,0,0,0,0,0,0,0,0,0,0,1,0,1,0,2,0,9,0,18,0,58,0,149,414,0,839,0,1996,0,3924,0,7595,0,14264,0,24682,0,42656,0,67932,0,105276,0,155311,0,220327,0,298497,0,389714,0,486827,0,586084,0,678183,0,752634,0,803798,824960,0,816029,0,777455,0,710789,0,627519,0,533458,0,436144,0,344128,0,261434,0,191721,0,135678,0,92546,3,60857,9,38471,29,23402,114,13962,264,7996,473,4672,3490,770,1824,666,1086,514,644,348,331,144,118,63,61,20,13,6,5,0,1,0,0,0,0,0,0,0,0,0,0,0,0,0,0,0,0,0
0,0,0,0,0,0,0,0,0,0,0,0,0,0,0,0,0,0,0,0,0,0,0,1,0,1,0,3,0,5,0,30,0,52,0,141,397,0,885,0,1900,0,3901,0,7483,0,14004,0,24628,0,41932,0,68144,0,103805,0,154448,0,218113,0,297490,0,387220,0,484890,0,583460,0,675052,0,749552,0,801993,824623,0,814899,0,777076,0,711315,0,629774,0,535719,0,438918,0,346322,0,263923,0,194450,0,137609,1,94130,3,62710,10,39230,37,24305,110,14482,268,8302,441,4889,3568,755,1852,692,1128,488,719,344,326,161,137,56,56,21,18,5,5,0,1,0,0,0,0,0,0,0,0,0,0,0,0,0,0,0,0,0
0,0,0,0,0,0,0,0,0,0,0,0,0,0,0,0,0,0,0,0,0,1,0,1,0,0,0,3,0,8,0,29,0,48,0,159,370,0,864,0,1886,0,3868,0,7580,0,13760,0,24351,0,41501,0,67613,0,103449,0,152808,0,216887,0,295458,0,385605,0,482179,0,581145,0,671578,0,747046,0,800378,822720,0,814625,0,775563,0,712826,0,631983,0,537910,0,440039,0,350897,0,266654,0,196018,0,140119,0,95839,2,63770,15,40859,33,24984,99,14740,276,8757,462,5054,3656,765,1930,655,1177,494,725,369,330,170,155,56,60,15,18,8,4,1,1,0,0,0,0,0,0,0,0,0,0,0,0,0,0,0,0,0
0,0,0,0,0,0,0,0,0,0,0,0,0,0,0,0,0,0,0,0,0,0,0,1,0,1,0,2,0,9,0,25,0,53,0,157,362,0,885,0,1826,0,3880,0,7466,0,13555,0,24404,0,41024,0,66780,0,102978,0,151324,0,215738,0,293669,0,382624,0,480638,0,577343,0,669123,0,745852,0,797260,821306,0,814048,0,775584,0,713513,0,633478,0,539031,0,444190,0,351753,0,270945,0,198691,0,141798,1,97849,1,65162,17,41926,42,25814,90,15262,257,9094,437,5224,3798,766,1962,718,1149,549,752,350,356,185,166,57,58,15,19,10,4,1,1,0,0,0,0,0,0,0,0,0,0,0,0,0,0,0,0,0
0,0,0,0,0,0,0,0,0,0,0,0,0,0,0,0,0,0,0,0,0,1,0,0,0,1,0,2,0,9,0,21,0,52,0,154,395,0,831,0,1858,0,3763,0,7342,0,13519,0,24334,0,40546,0,66363,0,101701,0,150780,0,213854,0,291777,0,380880,0,477157,0,575557,0,666202,0,743354,0,794963,820383,0,812052,0,776382,0,714763,0,634411,0,541516,0,445640,0,355191,0,272907,0,202326,0,143514,1,99656,1,66677,13,43009,40,26694,98,15903,241,9399,438,5463,3962,787,2021,678,1260,553,728,335,411,197,170,65,52,20,19,9,4,2,1,0,0,0,0,0,0,0,0,0,0,0,0,0,0,0,0,0
0,0,0,0,0,0,0,0,0,0,0,0,0,0,0,0,0,0,0,0,0,0,0,1,0,0,0,3,0,14,0,24,0,56,0,135,395,0,873,0,1743,0,3714,0,7264,0,13442,0,23987,0,40507,0,65396,0,101084,0,149018,0,212952,0,289774,0,378371,0,474795,0,572964,0,664803,0,740128,0,792538,817796,0,812409,0,775976,0,715236,0,636483,0,542715,0,448802,0,357774,0,275280,0,205148,0,146247,1,101473,2,67783,10,44472,42,27404,95,16575,251,9630,420,5792,4066,745,2130,694,1344,555,757,363,393,182,191,77,56,26,16,10,4,1,1,0,0,0,0,0,0,0,0,0,0,0,0,0,0,0,0,0
0,0,0,0,0,0,0,0,0,0,0,0,0,0,0,0,0,0,0,0,0,0,0,0,0,2,0,3,0,9,0,22,0,59,0,136,430,0,819,0,1782,0,3662,0,7208,0,13393,0,23535,0,40228,0,64999,0,100108,0,147923,0,211580,0,287746,0,376431,0,471793,0,570607,0,661770,0,736851,0,791487,815890,0,812358,0,775044,0,716267,0,636429,0,545266,0,451914,0,360235,0,278313,0,208034,0,148667,1,102852,3,69448,8,45655,37,28391,101,17214,236,10083,401,6024,4211,742,2207,759,1317,594,772,356,402,198,197,77,64,27,14,8,7,0,2,0,0,0,0,0,0,0,0,0,0,0,0,0,0,0,0,0
0,0,0,0,0,0,0,0,0,0,0,0,0,0,0,0,0,0,0,0,0,0,0,0,0,2,0,4,0,5,0,23,0,57,0,149,402,0,846,0,1763,0,3511,0,7220,0,13039,0,23476,0,39856,0,64659,0,98860,0,147036,0,209342,0,286376,0,373914,0,470841,0,566429,0,659189,0,734474,0,788537,815265,0,810600,0,776161,0,715801,0,638400,0,547068,0,453951,0,363097,0,281537,0,210462,0,151029,1,105065,4,71281,8,46526,37,29148,88,18140,235,10483,425,6240,4364,736,2277,717,1447,557,840,379,423,201,195,77,72,27,17,7,8,2,0,0,0,0,0,0,0,0,0,0,0,0,0,0,0,0,0,0
0,0,0,0,0,0,0,0,0,0,0,0,0,0,0,0,0,0,0,0,0,0,0,0,0,1,0,6,0,5,0,20,0,60,0,148,390,0,844,0,1674,0,3585,0,7057,0,13069,0,23300,0,39371,0,63803,0,98380,0,145845,0,207974,0,284108,0,372519,0,466845,0,564712,0,656406,0,730875,0,786950,812909,0,809851,0,775541,0,717695,0,639246,0,549679,0,455997,0,366184,0,284056,0,212858,0,153702,0,107262,0,72944,10,47828,40,30131,94,18337,221,11163,416,6551,4514,734,2390,716,1446,620,848,390,441,217,209,81,68,32,24,6,8,2,0,0,0,0,0,0,0,0,0,0,0,0,0,0,0,0,0,0
0,0,0,0,0,0,0,0,0,0,0,0,0,0,0,0,0,0,0,0,0,0,0,0,0,1,0,4,0,7,0,19,0,54,0,159,367,0,781,0,1777,0,3442,0,6938,0,13241,0,22985,0,38866,0,63396,0,97430,0,145301,0,206455,0,282916,0,370529,0,465470,0,563860,0,653259,0,729678,0,785302,813700,0,810082,0,775515,0,718742,0,640443,0,552355,0,457188,0,368090,0,285519,0,213957,0,155315,0,107932,0,73505,9,48246,36,30491,80,18653,220,11120,404,6711,4529,721,2472,673,1492,579,913,387,443,191,226,89,73,25,25,6,13,0,1,0,0,0,0,0,0,0,0,0,0,0,0,0,0,0,0,0
0,0,0,0,0,0,0,0,0,0,0,0,0,0,0,0,0,0,0,0,0,0,0,0,0,0,0,5,0,6,0,20,0,46,0,164,354,0,789,0,1692,0,3498,0,6831,0,12972,0,22857,0,38614,0,62965,0,97063,0,143720,0,205782,0,281062,0,368296,0,464333,0,561813,0,651202,0,728870,0,784859,812694,0,810777,0,775890,0,719947,0,642159,0,553633,0,458894,0,369866,0,286930,0,215592,0,155993,0,109218,3,74002,8,48613,33,30716,83,18872,198,11329,418,6657,4621,713,2472,741,1522,558,918,411,448,208,225,86,76,29,22,8,10,0,2,0,0,0,0,0,0,0,0,0,0,0,0,0,0,0,0,0
0,0,0,0,0,0,0,0,0,0,0,0,0,0,0,0,0,0,0,0,0,0,0,0,0,1,0,2,0,8,0,15,0,59,0,153,340,0,780,0,1673,0,3374,0,6882,0,12765,0,22509,0,38353,0,62271,0,96153,0,143542,0,203854,0,279455,0,366728,0,463478,0,558510,0,651102,0,727659,0,783210,812789,0,809538,0,777763,0,720861,0,643693,0,555637,0,460728,0,370255,0,289217,0,216318,0,157191,0,110280,0,74943,8,49010,37,30935,87,19214,221,11357,408,6826,4626,740,2565,713,1550,540,912,399,503,200,221,90,89,29,19,9,8,1,2,0,0,0,0,0,0,0,0,0,0,0,0,0,0,0,0,0
0,0,0,0,0,0,0,0,0,0,0,0,0,0,0,0,0,0,0,0,0,0,0,0,0,1,0,3,0,7,0,17,0,61,0,141,347,0,762,0,1626,0,3415,0,6723,0,12639,0,22533,0,37867,0,61234,0,96143,0,141795,0,203219,0,278133,0,365039,0,460468,0,557025,0,649817,0,726569,0,782120,810982,0,809792,0,779908,0,721808,0,644968,0,556854,0,462872,0,373008,0,289673,0,218239,0,158473,0,110665,2,75464,8,49766,33,31291,81,19506,203,11451,397,6876,4701,752,2551,727,1519,609,955,403,469,220,226,88,90,28,26,10,7,1,2,0,0,0,0,0,0,0,0,0,0,0,0,0,0,0,0,0
0,0,0,0,0,0,0,0,0,0,0,0,0,0,0,0,0,0,0,0,0,0,0,0,0,1,0,5,0,7,0,20,0,53,0,144,344,0,751,0,1581,0,3454,0,6708,0,12377,0,22279,0,37428,0,61217,0,94929,0,141336,0,201753,0,276186,0,363575,0,457785,0,555623,0,647749,0,725526,0,781732,810470,0,809952,0,780048,0,722882,0,647008,0,557616,0,465772,0,374344,0,291752,0,219398,0,159336,0,111935,1,75846,9,50218,29,31770,72,19684,188,11555,392,6986,4755,728,2657,736,1546,613,965,389,478,238,228,79,89,26,37,9,5,2,2,0,0,0,0,0,0,0,0,0,0,0,0,0,0,0,0,0
0,0,0,0,0,0,0,0,0,0,0,0,0,0,0,0,0,0,0,0,0,0,0,0,0,2,0,4,0,10,0,18,0,57,0,128,340,0,727,0,1617,0,3376,0,6603,0,12305,0,21916,0,37104,0,60639,0,94483,0,140177,0,200646,0,275042,0,361771,0,456271,0,553731,0,645546,0,724506,0,781566,809158,0,810536,0,780472,0,723853,0,647699,0,559375,0,467222,0,376172,0,293487,0,220837,0,160186,0,113351,0,76673,3,50548,28,32222,66,19818,182,11785,373,7046,4774,704,2682,715,1630,608,986,389,531,224,210,98,92,41,30,8,5,2,2,0,0,0,0,0,0,0,0,0,0,0,0,0,0,0,0,0
0,0,0,0,0,0,0,0,0,0,0,0,0,0,0,0,0,0,0,0,0,0,0,0,0,4,0,3,0,9,0,20,0,55,0,137,298,0,731,0,1632,0,3267,0,6576,0,12113,0,21725,0,36747,0,60245,0,93362,0,139409,0,199648,0,273304,0,360208,0,454306,0,552652,0,642698,0,723445,0,779536,810084,0,810322,0,781434,0,724656,0,649439,0,560927,0,468382,0,378490,0,295029,0,222144,0,161484,0,114065,2,77669,5,51156,25,32386,61,19961,188,12064,368,7151,4728,738,2619,721,1704,588,1000,438,503,242,242,82,103,28,30,10,7,1,2,0,0,0,0,0,0,0,0,0,0,0,0,0,0,0,0,0
0,0,0,0,0,0,0,0,0,0,0,0,0,0,0,0,0,0,0,0,0,0,0,0,0,4,0,6,0,4,0,23,0,47,0,131,297,0,732,0,1610,0,3299,0,6400,0,12099,0,21436,0,36644,0,59595,0,92311,0,138757,0,198464,0,271194,0,358216,0,453641,0,549329,0,642258,0,720832,0,779302,810019,0,810895,0,781023,0,726048,0,650614,0,562801,0,470487,0,379909,0,296447,0,223596,0,163216,0,115025,1,78024,8,51549,24,32820,63,20304,193,12198,369,7146,4863,719,2666,743,1676,614,977,453,538,231,228,97,103,39,32,7,8,2,2,0,0,0,0,0,0,0,0,0,0,0,0,0,0,0,0,0
0,0,0,0,0,0,0,0,0,0,0,0,0,0,0,0,0,0,0,0,0,0,0,2,0,2,0,4,0,10,0,16,0,47,0,132,283,0,761,0,1614,0,3176,0,6366,0,11921,0,21317,0,36284,0,59145,0,92075,0,137435,0,196257,0,270869,0,356435,0,451238,0,547984,0,640617,0,718795,0,778663,809081,0,810309,0,782686,0,727002,0,651519,0,565300,0,472313,0,381586,0,297808,0,225261,0,163665,0,116332,2,78877,7,51965,22,33249,64,20609,174,12311,315,7257,5002,701,2693,750,1708,611,1005,451,555,223,247,107,95,44,30,9,11,2,2,0,0,0,0,0,0,0,0,0,0,0,0,0,0,0,0,0
0,0,0,0,0,0,0,0,0,0,0,0,0,0,0,0,0,0,0,0,0,1,0,1,0,3,0,3,0,6,0,19,0,58,0,123,310,0,732,0,1568,0,3205,0,6167,0,11859,0,21245,0,35810,0,58884,0,91270,0,136691,0,194953,0,268933,0,354651,0,449574,0,546440,0,638446,0,718469,0,775996,809848,0,809948,0,782500,0,728799,0,652963,0,566610,0,474511,0,383275,0,299432,0,226190,0,165491,0,116780,3,79698,6,52651,22,33744,66,20551,170,12631,338,7418,4990,743,2770,726,1667,644,983,485,521,260,254,100,102,47,33,8,9,1,3,0,0,0,0,0,0,0,0,0,0,0,0,0,0,0,0,0
0,0,0,0,0,0,0,0,0,0,0,0,0,0,0,0,0,0,0,0,0,1,0,1,0,2,0,5,0,7,0,19,0,47,0,132,290,0,740,0,1538,0,3189,0,6137,0,11738,0,20845,0,35728,0,58118,0,90761,0,135294,0,194563,0,267288,0,352120,0,447039,0,545641,0,637313,0,716454,0,774962,808517,0,810523,0,782984,0,729065,0,654908,0,568848,0,476123,0,385599,0,300667,0,227635,0,167163,0,117436,2,80380,5,53403,16,34043,71,20816,177,12629,332,7580,5119,741,2733,701,1736,610,1045,443,563,231,283,108,98,47,33,10,10,0,3,0,0,0,0,0,0,0,0,0,0,0,0,0,0,0,0,0
0,0,0,0,0,0,0,0,0,0,0,0,0,0,0,0,0,0,0,0,0,0,0,2,0,3,0,4,0,7,0,14,0,54,0,125,313,0,695,0,1565,0,3090,0,6177,0,11551,0,20588,0,35149,0,57912,0,90159,0,134910,0,193020,0,265075,0,351673,0,444506,0,542744,0,635374,0,715085,0,774089,808107,0,810880,0,782464,0,729199,0,658068,0,570668,0,478596,0,387050,0,302395,0,229146,0,168268,0,118473,1,81161,8,53794,15,34312,75,21208,172,12841,317,7604,5187,737,2739,751,1733,637,1077,453,547,242,276,115,113,37,37,8,9,1,3,0,0,0,0,0,0,0,0,0,0,0,0,0,0,0,0,0
0,0,0,0,0,0,0,0,0,0,0,0,0,0,0,0,0,0,0,0,0,0,0,1,0,3,0,4,0,5,0,18,0,43,0,129,317,0,674,0,1562,0,3115,0,6077,0,11447,0,20333,0,34963,0,57192,0,89771,0,133718,0,191570,0,263814,0,349450,0,443149,0,540788,0,633403,0,713486,0,772705,807609,0,809979,0,783237,0,732328,0,659931,0,571672,0,479525,0,389173,0,303312,0,231606,0,169069,0,119808,1,81951,6,54270,17,34456,59,21704,151,12929,328,7777,5094,731,2877,728,1756,654,1055,436,574,260,288,111,106,44,30,14,11,1,2,0,1,0,0,0,0,0,0,0,0,0,0,0,0,0,0,0
0,0,0,0,0,0,0,0,0,0,0,0,0,0,0,0,0,0,0,0,0,0,0,1,0,3,0,2,0,7,0,15,0,45,0,126,305,0,671,0,1508,0,3086,0,6048,0,11316,0,20277,0,34529,0,57117,0,88808,0,132671,0,190653,0,261896,0,346846,0,442268,0,538901,0,631516,0,711100,0,772483,807013,0,809090,0,784623,0,733439,0,659641,0,574327,0,481569,0,390470,0,306314,0,232514,0,170898,0,120082,2,82900,6,54995,22,35056,57,21760,166,13173,314,7765,5274,712,2863,692,1840,684,1029,448,589,272,269,115,118,48,34,7,15,1,3,0,1,0,0,0,0,0,0,0,0,0,0,0,0,0,0,0
0,0,0,0,0,0,0,0,0,0,0,0,0,0,0,0,0,0,0,0,0,0,0,1,0,2,0,2,0,5,0,18,0,52,0,129,302,0,618,0,1472,0,3127,0,5983,0,11126,0,20012,0,34386,0,56296,0,88097,0,131905,0,189514,0,260898,0,345424,0,439608,0,537172,0,628870,0,709364,0,773169,805961,0,807220,0,786417,0,733985,0,662076,0,576081,0,482745,0,392215,0,308488,0,234399,0,171407,0,121023,1,84007,8,55490,20,35278,55,22215,144,13209,294,7878,5332,716,2926,756,1832,639,1076,465,590,280,275,113,128,50,38,10,9,2,2,0,1,0,0,0,0,0,0,0,0,0,0,0,0,0,0,0
0,0,0,0,0,0,0,0,0,0,0,0,0,0,0,0,0,0,0,0,0,0,0,1,0,2,0,2,0,6,0,17,0,46,0,142,281,0,678,0,1404,0,3021,0,5903,0,11028,0,19823,0,34204,0,55764,0,87432,0,131092,0,188300,0,259188,0,344024,0,437225,0,535658,0,626326,0,709493,0,769811,805091,0,810082,0,784918,0,735596,0,663268,0,577310,0,484799,0,394638,0,310175,0,236343,0,172178,0,122451,1,84282,7,56042,18,35496,52,22459,145,13448,291,8090,5286,762,2970,739,1807,679,1090,482,621,265,281,132,125,52,41,11,10,1,3,0,0,0,0,0,0,0,0,0,0,0,0,0,0,0,0,0
0,0,0,0,0,0,0,0,0,0,0,0,0,0,0,0,0,0,0,0,0,0,0,1,0,3,0,3,0,6,0,13,0,52,0,130,287,0,684,0,1349,0,3018,0,5806,0,10913,0,19671,0,33790,0,55111,0,87065,0,129816,0,187329,0,257550,0,342327,0,435441,0,534004,0,625212,0,705786,0,769771,804511,0,810958,0,784666,0,735031,0,666213,0,579027,0,486494,0,396911,0,311821,0,237078,0,174042,0,123189,1,85312,5,56323,15,36388,54,22613,123,13494,301,8012,5510,756,3049,716,1835,657,1118,478,624,286,278,124,136,56,37,14,9,2,3,0,0,0,0,0,0,0,0,0,0,0,0,0,0,0,0,0
0,0,0,0,0,0,0,0,0,0,0,0,0,0,0,0,0,0,0,0,0,0,0,0,0,3,0,3,0,7,0,16,0,53,0,116,277,0,687,0,1410,0,2818,0,5896,0,10839,0,19300,0,33502,0,54773,0,86050,0,128972,0,186304,0,256531,0,340455,0,434072,0,530940,0,623093,0,704232,0,768627,803320,0,811225,0,785531,0,737376,0,666812,0,579808,0,489686,0,398340,0,313160,0,238949,0,174969,0,124503,1,86281,5,56838,17,36615,49,22778,125,13777,278,8211,5440,722,3086,748,1851,712,1149,482,617,272,327,116,140,48,43,7,11,2,5,0,0,0,0,0,0,0,0,0,0,0,0,0,0,0,0,0
0,0,0,0,0,0,0,0,0,0,0,0,0,0,0,0,0,0,0,0,0,0,0,1,0,2,0,2,0,11,0,15,0,42,0,117,264,0,671,0,1379,0,2857,0,5745,0,10708,0,19252,0,33191,0,54254,0,85648,0,127937,0,184805,0,255323,0,339006,0,431292,0,528894,0,621714,0,703242,0,766025,803290,0,810871,0,787063,0,738093,0,666492,0,582470,0,492100,0,399666,0,315240,0,239934,0,177124,0,125449,1,86658,8,57611,14,37063,49,23169,131,14001,285,8263,5433,727,3202,782,1850,701,1200,435,633,284,334,138,126,53,40,11,12,2,1,1,1,0,0,0,0,0,0,0,0,0,0,0,0,0,0,0
0,0,0,0,0,0,0,0,0,0,0,0,0,0,0,0,0,0,0,0,0,0,0,0,0,4,0,0,0,7,0,19,0,43,0,101,272,0,650,0,1421,0,2768,0,5646,0,10569,0,19066,0,32824,0,53835,0,84809,0,127455,0,183618,0,253086,0,337070,0,430762,0,526178,0,619534,0,702082,0,764193,802527,0,810770,0,788642,0,738374,0,668733,0,584564,0,492327,0,401865,0,317297,0,241802,0,177817,0,127224,1,87151,8,58117,15,37650,39,23193,138,14333,297,8298,5605,684,3173,766,1982,666,1228,465,637,281,332,139,136,47,39,18,11,2,2,0,1,0,0,0,0,0,0,0,0,0,0,0,0,0,0,0
0,0,0,0,0,0,0,0,0,0,0,0,0,0,0,0,0,0,0,0,0,0,0,1,0,3,0,0,0,5,0,21,0,46,0,101,243,0,651,0,1386,0,2836,0,5472,0,10673,0,18774,0,32452,0,53442,0,83759,0,127104,0,181611,0,252591,0,335232,0,427825,0,524713,0,618215,0,699468,0,764260,800140,0,810839,0,788654,0,740638,0,669297,0,587153,0,494730,0,403403,0,318518,0,243489,0,179717,0,127566,1,88152,7,58719,19,38156,43,23703,120,14381,276,8475,5642,667,3206,753,1982,680,1215,498,684,278,333,141,120,51,46,16,12,2,1,0,1,0,0,0,0,0,0,0,0,0,0,0,0,0,0,0
0,0,0,0,0,0,0,0,0,0,0,0,0,0,0,0,0,0,0,0,0,0,0,0,0,2,0,3,0,5,0,17,0,35,0,113,236,0,632,0,1328,0,2885,0,5391,0,10525,0,18537,0,32120,0,52954,0,83409,0,125112,0,181275,0,251058,0,333082,0,425906,0,523098,0,615847,0,698809,0,761382,800717,0,810163,0,788880,0,741675,0,671754,0,587467,0,498229,0,404352,0,320988,0,244916,0,180689,0,128535,1,89246,7,59217,9,38758,46,24017,109,14456,277,8667,5702,667,3168,756,2023,689,1245,509,710,296,310,150,121,48,42,17,13,2,3,0,1,0,0,0,0,0,0,0,0,0,0,0,0,0,0,0
0,0,0,0,0,0,0,0,0,0,0,0,0,0,0,0,0,0,0,0,0,0,0,0,0,3,0,3,0,4,0,20,0,41,0,99,262,0,627,0,1321,0,2786,0,5470,0,10189,0,18429,0,31783,0,52557,0,82528,0,124148,0,179945,0,250027,0,331884,0,423650,0,520399,0,613703,0,697048,0,760701,799585,0,809948,0,789662,0,742896,0,674228,0,589300,0,498553,0,407687,0,321388,0,246931,0,181577,0,129980,1,89829,3,60232,12,39049,40,24314,102,14701,293,8836,5797,655,3207,786,2061,685,1212,503,693,304,332,142,129,40,53,15,17,1,1,0,0,1,0,0,0,0,0,0,0,0,0,0,0,0,0,0
0,0,0,0,0,0,0,0,0,0,0,0,0,0,0,0,0,0,0,0,0,0,0,0,0,3,0,2,0,7,0,13,0,44,0,101,226,0,591,0,1342,0,2764,0,5402,0,10058,0,18220,0,31444,0,51838,0,81917,0,123859,0,178853,0,247125,0,330203,0,422167,0,518626,0,611814,0,696163,0,758223,798649,0,810328,0,789373,0,744848,0,675538,0,591734,0,500396,0,409641,0,323197,0,247632,0,183432,0,131255,0,90533,2,60673,14,39447,42,24695,114,14737,292,8977,5846,657,3354,700,2070,708,1268,489,688,319,353,138,126,52,39,25,18,2,1,0,0,1,0,0,0,0,0,0,0,0,0,0,0,0,0,0
0,0,0,0,0,0,0,0,0,0,0,0,0,0,0,0,0,0,0,0,0,0,0,0,0,2,0,2,0,6,0,10,0,34,0,106,242,0,573,0,1283,0,2719,0,5363,0,9893,0,18135,0,31133,0,51157,0,80956,0,122867,0,177491,0,246477,0,327684,0,421174,0,516308,0,610085,0,692902,0,758531,798086,0,809621,0,790010,0,744904,0,678174,0,592980,0,501879,0,411514,0,325162,0,249886,0,184768,0,132351,2,91117,5,61353,15,39763,34,24964,112,15218,260,9112,5821,664,3366,724,2098,728,1326,491,661,326,362,148,131,47,48,24,17,1,1,0,1,0,0,0,0,0,0,0,0,0,0,0,0,0,0,0
0,0,0,0,0,0,0,0,0,0,0,0,0,0,0,0,0,0,0,0,0,0,0,0,0,2,0,2,0,6,0,8,0,30,0,107,233,0,564,0,1279,0,2716,0,5253,0,9875,0,17888,0,30618,0,50970,0,80598,0,121488,0,176430,0,244810,0,326373,0,417478,0,515134,0,607478,0,692267,0,757033,797454,0,809763,0,790397,0,744555,0,680755,0,594273,0,504759,0,413612,0,326206,0,251619,0,186296,0,133056,0,92168,4,61976,6,40395,36,25255,101,15465,286,9064,5971,665,3441,700,2112,726,1296,550,683,307,370,166,138,54,49,18,19,1,0,0,1,0,0,0,0,0,0,0,0,0,0,0,0,0,0,0
0,0,0,0,0,0,0,0,0,0,0,0,0,0,0,0,0,0,0,0,0,0,0,0,0,2,0,1,0,4,0,14,0,39,0,92,242,0,525,0,1326,0,2589,0,5145,0,9952,0,17523,0,30445,0,50580,0,80066,0,120542,0,174838,0,243441,0,324495,0,415864,0,512295,0,606621,0,690063,0,755627,796043,0,810422,0,791071,0,746174,0,680230,0,597792,0,506384,0,414947,0,328615,0,252895,0,187222,0,134351,0,93208,5,62470,6,40855,30,25685,94,15563,251,9245,6078,648,3445,748,2184,697,1338,541,726,303,362,165,146,49,47,21,16,3,1,0,1,0,0,0,0,0,0,0,0,0,0,0,0,0,0,0
0,0,0,0,0,0,0,0,0,0,0,0,0,0,0,0,0,0,0,0,0,0,0,0,0,1,0,1,0,5,0,15,0,35,0,86,250,0,568,0,1205,0,2654,0,5029,0,9734,0,17481,0,30038,0,50157,0,79261,0,119467,0,174206,0,241262,0,322860,0,414003,0,510554,0,603688,0,689725,0,754299,795389,0,809115,0,791864,0,748243,0,681336,0,598885,0,508930,0,416510,0,330075,0,254784,0,188698,0,135066,0,94233,2,63205,8,41258,31,26078,91,15674,275,9417,6068,691,3428,743,2231,712,1372,518,754,325,351,187,123,58,54,22,13,4,2,0,1,0,0,0,0,0,0,0,0,0,0,0,0,0,0,0
0,0,0,0,0,0,0,0,0,0,0,0,0,0,0,0,0,0,0,0,0,0,0,0,0,2,0,0,0,2,0,21,0,28,0,90,230,0,539,0,1244,0,2598,0,5045,0,9567,0,17119,0,30023,0,49293,0,78987,0,118783,0,172622,0,239932,0,321184,0,411650,0,509186,0,601289,0,688322,0,751672,796103,0,807854,0,792836,0,748591,0,683089,0,601826,0,509373,0,418456,0,332530,0,256120,0,190127,1,136215,0,95393,2,63391,10,41948,25,26354,95,15969,243,9634,6004,692,3519,770,2248,708,1376,531,763,352,371,163,138,63,57,17,15,3,4,1,0,0,0,0,0,0,0,0,0,0,0,0,0,0,0,0
0,0,0,0,0,0,0,0,0,0,0,0,0,0,0,0,0,0,0,0,0,0,0,0,0,0,0,2,0,4,0,14,0,31,0,90,236,0,541,0,1239,0,2485,0,5054,0,9501,0,16988,0,29622,0,49390,0,77587,0,117927,0,171396,0,238446,0,319049,0,410175,0,507256,0,599617,0,684766,0,751693,794161,0,809239,0,792825,0,749791,0,685455,0,602096,0,512552,0,419739,0,334386,0,257122,0,191387,0,138226,0,95689,2,64391,10,42292,31,26529,92,16245,255,9705,6178,678,3575,743,2297,692,1384,553,759,367,389,161,139,59,62,17,17,2,6,1,0,0,0,0,0,0,0,0,0,0,0,0,0,0,0,0
0,0,0,0,0,0,0,0,0,0,0,0,0,0,0,0,0,0,0,0,0,0,0,0,0,0,0,2,0,6,0,14,0,24,0,96,232,0,528,0,1196,0,2460,0,5063,0,9329,0,16840,0,29296,0,48708,0,77126,0,117170,0,170088,0,236945,0,317370,0,408521,0,504796,0,597513,0,683022,0,750065,793943,0,808994,0,793428,0,749962,0,686581,0,604597,0,513998,0,422072,0,336570,0,258363,0,193133,1,139004,1,96780,2,64819,10,43002,22,26732,93,16522,234,9823,6312,641,3630,731,2303,727,1403,535,812,361,381,167,150,59,54,23,14,4,3,2,0,0,0,0,0,0,0,0,0,0,0,0,0,0,0,0
0,0,0,0,0,0,0,0,0,0,0,0,0,0,0,0,0,0,0,0,0,0,0,0,0,0,0,2,0,3,0,17,0,31,0,73,256,0,526,0,1170,0,2426,0,5064,0,9131,0,16758,0,29041,0,48168,0,76250,0,116396,0,169035,0,235466,0,315473,0,406292,0,503125,0,595600,0,680306,0,749748,792979,0,808382,0,794154,0,751742,0,686198,0,607527,0,515754,0,424475,0,337229,0,260434,0,194104,1,140744,0,97197,2,66003,12,43392,25,27207,104,16730,236,9877,6399,630,3699,754,2292,749,1431,548,799,350,408,154,167,59,56,22,16,3,6,1,0,0,0,0,0,0,0,0,0,0,0,0,0,0,0,0
0,0,0,0,0,0,0,0,0,0,0,0,0,0,0,0,0,0,0,0,0,0,0,0,0,1,0,1,0,4,0,16,0,28,0,85,227,0,516,0,1188,0,2418,0,4789,0,9310,0,16600,0,28727,0,47798,0,75646,0,114873,0,168371,0,233824,0,313905,0,404014,0,500846,0,594134,0,679590,0,746987,791610,0,808591,0,795330,0,752370,0,687806,0,608483,0,518360,0,425133,0,340192,0,261845,0,196163,0,140768,0,98640,5,66911,8,43667,26,27547,81,16873,226,10225,6359,645,3740,725,2347,719,1478,559,795,384,408,167,164,58,47,19,23,6,6,1,0,0,0,0,0,0,0,0,0,0,0,0,0,0,0,0
0,0,0,0,0,0,0,0,0,0,0,0,0,0,0,0,0,0,0,0,0,0,0,1,0,0,0,0,0,5,0,11,0,36,0,74,215,0,532,0,1164,0,2415,0,4660,0,9255,0,16368,0,28532,0,47061,0,75113,0,114022,0,166874,0,232364,0,312796,0,401235,0,499077,0,592071,0,677719,0,745645,790876,0,807613,0,796577,0,752695,0,690651,0,608457,0,520097,0,427688,0,342879,0,263357,0,197227,0,142356,0,99458,4,67476,8,44090,22,28045,85,17125,206,10255,6507,634,3787,756,2367,699,1456,581,825,363,429,178,173,47,61,15,24,3,10,1,0,0,0,0,0,0,0,0,0,0,0,0,0,0,0,0
0,0,0,0,0,0,0,0,0,0,0,0,0,0,0,0,0,0,0,0,0,0,0,1,0,0,0,2,0,4,0,15,0,29,0,71,181,0,586,0,1139,0,2309,0,4666,0,9167,0,16177,0,28172,0,46678,0,74353,0,113312,0,165270,0,231146,0,310265,0,401177,0,495944,0,590481,0,674574,0,744692,790518,0,807917,0,795883,0,754455,0,691116,0,610740,0,520697,0,432126,0,343393,0,265370,1,198345,0,143718,0,100518,3,68193,9,44541,19,28412,102,17190,236,10399,6541,613,3827,749,2438,717,1472,588,825,356,432,194,170,61,54,24,21,4,7,2,1,0,0,0,0,0,0,0,0,0,0,0,0,0,0,0
0,0,0,0,0,0,0,0,0,0,0,0,0,0,0,0,0,0,0,0,0,0,0,1,0,1,0,1,0,4,0,12,0,34,0,78,206,0,549,0,1157,0,2255,0,4705,0,8842,0,16107,0,27792,0,46092,0,73990,0,112707,0,163214,0,230242,0,308619,0,398948,0,493675,0,588369,0,673977,0,742640,789438,0,807304,0,795505,0,756508,0,693199,0,611689,0,523062,0,433107,0,345619,0,267042,1,200340,0,144457,0,101465,2,68734,4,45484,23,28511,86,17526,204,10526,6697,598,3874,804,2367,734,1515,573,871,353,433,173,175,70,58,20,26,5,5,3,1,0,0,0,0,0,0,0,0,0,0,0,0,0,0,0
0,0,0,0,0,0,0,0,0,0,0,0,0,0,0,0,0,0,0,0,0,0,0,0,0,3,0,0,0,6,0,9,0,29,0,72,229,0,502,0,1136,0,2253,0,4557,0,8835,0,15930,0,27498,0,45700,0,73047,0,111155,0,163131,0,228623,0,307181,0,396046,0,491722,0,586167,0,673196,0,740760,788442,0,806485,0,796739,0,758574,0,693216,0,612924,0,525181,0,435596,0,347293,0,268510,0,201691,0,146121,0,102254,3,69407,4,45806,26,29020,93,17800,212,10526,6887,599,3914,783,2491,719,1445,609,903,375,403,198,186,64,62,19,28,3,5,3,2,0,0,0,0,0,0,0,0,0,0,0,0,0,0,0
0,0,0,0,0,0,0,0,0,0,0,0,0,0,0,0,0,0,0,0,0,0,0,0,0,2,0,1,0,7,0,7,0,28,0,74,225,0,498,0,1112,0,2227,0,4535,0,8691,0,15735,0,27201,0,45114,0,72656,0,110346,0,161642,0,227060,0,305159,0,394430,0,489321,0,584733,0,670971,0,739414,787986,0,806048,0,797217,0,758556,0,694684,0,615724,0,527122,0,437131,0,348660,0,270495,0,203427,1,147686,0,102841,2,69913,7,46327,18,29570,80,17918,211,10726,6979,617,3924,748,2509,743,1481,587,898,378,434,186,184,81,56,27,22,5,5,3,2,0,0,0,0,0,0,0,0,0,0,0,0,0,0,0
0,0,0,0,0,0,0,0,0,0,0,0,0,0,0,0,0,0,0,0,0,0,0,0,0,1,0,4,0,3,0,6,0,27,0,74,231,0,485,0,1026,0,2283,0,4514,0,8522,0,15732,0,26874,0,44778,0,71711,0,109560,0,160790,0,224965,0,303759,0,391406,0,487413,0,584121,0,668230,0,738657,786536,0,806805,0,796575,0,758067,0,696626,0,618377,0,529405,0,438540,0,350507,0,272639,0,204529,1,149451,0,103453,3,70694,4,46753,20,29696,82,18281,201,10868,7003,593,4174,733,2411,776,1542,572,891,390,470,167,184,80,72,23,23,7,7,2,3,0,0,0,0,0,0,0,0,0,0,0,0,0,0,0
0,0,0,0,0,0,0,0,0,0,0,0,0,0,0,0,0,0,0,0,0,0,0,0,0,1,0,2,0,3,0,11,0,22,0,87,194,0,511,0,1008,0,2257,0,4400,0,8483,0,15472,0,26489,0,44455,0,71291,0,108482,0,159174,0,224658,0,301757,0,388961,0,484857,0,582124,0,665876,0,738037,786115,0,805629,0,797090,0,759613,0,697302,0,620363,0,531438,0,440489,0,352542,0,274005,0,206289,1,150262,0,104855,2,71443,3,47070,16,30255,84,18199,191,11133,7166,634,4118,732,2512,736,1576,592,878,427,443,178,190,84,75,20,27,8,7,2,1,1,0,0,0,0,0,0,0,0,0,0,0,0,0,0
0,0,0,0,0,0,0,0,0,0,0,0,0,0,0,0,0,0,0,0,0,0,0,0,0,1,0,3,0,3,0,9,0,26,0,82,194,0,508,0,983,0,2268,0,4442,0,8350,0,15231,0,26387,0,43988,0,70517,0,107753,0,157843,0,222705,0,299417,0,387122,0,483608,0,578466,0,665854,0,735945,784765,0,806175,0,796923,0,760543,0,698835,0,622232,0,533970,0,441505,0,354442,0,276163,0,207817,0,151318,0,106137,2,71877,6,47665,20,30488,73,18628,190,11321,7182,609,4210,705,2581,750,1613,590,883,416,468,176,205,77,72,21,34,5,8,1,1,1,0,0,0,0,0,0,0,0,0,0,0,0,0,0
0,0,0,0,0,0,0,0,0,0,0,0,0,0,0,0,0,0,0,0,0,0,0,0,0,1,0,2,0,3,0,10,0,25,0,91,208,0,456,0,1008,0,2169,0,4473,0,8289,0,14939,0,26100,0,44058,0,69723,0,106405,0,157375,0,220113,0,298481,0,384788,0,481651,0,576373,0,663945,0,735883,781895,0,806011,0,798331,0,760460,0,700911,0,623625,0,534137,0,444991,0,356558,0,277842,0,209198,1,152197,1,107452,1,72675,5,48143,23,30810,66,19110,204,11445,7263,620,4139,786,2556,766,1573,636,882,429,478,193,193,82,79,22,28,8,9,2,2,1,0,0,0,0,0,0,0,0,0,0,0,0,0,0
0,0,0,0,0,0,0,0,0,0,0,0,0,0,0,0,0,0,0,0,0,0,0,1,0,0,0,1,0,4,0,11,0,25,0,82,206,0,464,0,1000,0,2213,0,4331,0,8141,0,14857,0,25708,0,43277,0,69506,0,105652,0,155666,0,219143,0,296191,0,383895,0,478734,0,574780,0,662148,0,733535,782785,0,804954,0,797847,0,760925,0,702872,0,625590,0,537103,0,445252,0,359336,0,279339,0,210739,0,153309,1,108168,2,73726,8,48500,24,31186,57,19355,207,11612,7310,549,4297,725,2655,750,1553,623,953,417,471,203,193,80,82,25,31,7,11,3,1,1,0,0,0,0,0,0,0,0,0,0,0,0,0,0
0,0,0,0,0,0,0,0,0,0,0,0,0,0,0,0,0,0,0,0,0,0,0,0,0,1,0,1,0,3,0,12,0,27,0,81,196,0,450,0,979,0,2228,0,4249,0,8127,0,14510,0,25561,0,43120,0,68238,0,105576,0,154284,0,217138,0,295397,0,381150,0,476796,0,572438,0,660068,0,730818,782378,0,805165,0,798828,0,761890,0,705120,0,626862,0,538721,0,447370,0,361271,0,280741,0,211611,2,154917,0,109267,2,74347,4,49166,17,31401,76,19561,203,11874,7444,585,4212,753,2688,716,1606,636,957,437,492,194,201,84,77,32,28,6,12,3,2,1,0,0,0,0,0,0,0,0,0,0,0,0,0,0
0,0,0,0,0,0,0,0,0,0,0,0,0,0,0,0,0,0,0,0,0,0,0,0,0,1,0,1,0,3,0,17,0,25,0,78,169,0,461,0,1003,0,2117,0,4271,0,7858,0,14522,0,25361,0,42583,0,67924,0,104292,0,153289,0,216627,0,292024,0,379465,0,474279,0,570519,0,657958,0,730147,780103,0,805140,0,799167,0,765293,0,704560,0,628969,0,540808,0,449548,0,363072,0,282136,0,213069,2,156069,0,110144,4,75302,7,49704,17,31810,71,19833,186,11852,7681,547,4323,728,2709,740,1588,664,1005,404,496,207,215,77,77,28,34,7,13,1,2,2,0,0,0,0,0,0,0,0,0,0,0,0,0,0
0,0,0,0,0,0,0,0,0,0,0,0,0,0,0,0,0,0,0,0,0,0,0,0,0,0,0,2,0,4,0,13,0,29,0,70,166,0,455,0,1026,0,2075,0,4122,0,7914,0,14344,0,25174,0,42024,0,67127,0,103641,0,152369,0,214493,0,290125,0,378191,0,472014,0,567682,0,656587,0,728217,779040,0,805313,0,800613,0,764345,0,706160,0,630993,0,542979,0,452063,0,363973,0,284203,0,214918,2,156970,0,111263,2,75837,6,50689,19,32053,71,19907,187,12130,7767,547,4446,705,2717,751,1611,666,994,442,488,206,224,81,79,26,28,11,12,2,4,1,0,0,0,0,0,0,0,0,0,0,0,0,0,0
0,0,0,0,0,0,0,0,0,0,0,0,0,0,0,0,0,0,0,0,0,0,0,0,0,0,0,1,0,4,0,15,0,30,0,59,190,0,457,0,936,0,2099,0,4022,0,7815,0,14177,0,24954,0,41643,0,66865,0,102479,0,150873,0,213260,0,288512,0,375523,0,470611,0,564951,0,654953,0,726083,779885,0,803909,0,799950,0,767108,0,706756,0,632976,0,544612,0,453822,0,366163,0,285117,0,216593,1,158329,0,112556,0,76730,8,51229,16,32291,70,20178,188,12332,7795,558,4530,730,2755,754,1674,633,1023,438,491,234,203,91,81,28,27,11,12,5,3,1,0,0,0,0,0,0,0,0,0,0,0,0,0,0
0,0,0,0,0,0,0,0,0,0,0,0,0,0,0,0,0,0,0,0,0,0,0,0,0,0,0,1,0,4,0,13,0,30,0,60,162,0,435,0,983,0,2047,0,3980,0,7673,0,14027,0,24717,0,41350,0,66239,0,101508,0,149586,0,212124,0,285810,0,374072,0,469274,0,562953,0,651538,0,725769,777642,0,804223,0,800667,0,767397,0,709425,0,633974,0,546636,0,455299,0,367358,0,288034,0,217761,0,159552,0,113271,2,77597,8,51881,18,32739,73,20405,194,12570,7911,556,4580,675,2792,776,1685,649,1066,450,502,201,220,106,70,27,32,6,12,3,7,1,0,0,0,0,0,0,0,0,0,0,0,0,0,0
0,0,0,0,0,0,0,0,0,0,0,0,0,0,0,0,0,0,0,0,0,0,0,0,0,0,0,2,0,3,0,10,0,23,0,77,150,0,417,0,969,0,2003,0,3961,0,7533,0,14051,0,24189,0,41136,0,65506,0,101047,0,148209,0,210343,0,284738,0,371075,0,467549,0,561360,0,649231,0,724017,777027,0,804966,0,799724,0,767167,0,711898,0,635652,0,547670,0,458283,0,369435,0,289304,0,219734,0,160224,1,114265,2,78744,4,52458,15,33175,61,20554,178,12631,8010,564,4673,721,2771,780,1734,646,1079,465,509,197,214,96,90,23,31,9,14,3,6,0,2,0,0,0,0,0,0,0,0,0,0,0,0,0
0,0,0,0,0,0,0,0,0,0,0,0,0,0,0,0,0,0,0,0,0,0,0,0,0,1,0,1,0,5,0,9,0,22,0,65,144,0,430,0,934,0,1971,0,3928,0,7471,0,13755,0,24163,0,40546,0,64938,0,99946,0,147598,0,208615,0,282979,0,369390,0,464810,0,558707,0,648355,0,722319,777187,0,802051,0,800786,0,768663,0,713208,0,637215,0,550603,0,459279,0,371027,0,291636,0,220429,0,162014,1,115252,1,79637,6,52831,12,33776,63,20744,180,12816,8101,548,4716,725,2873,767,1727,666,1069,470,498,218,224,110,81,33,30,13,9,4,5,0,2,0,0,0,0,0,0,0,0,0,0,0,0,0
0,0,0,0,0,0,0,0,0,0,0,0,0,0,0,0,0,0,0,0,0,0,0,0,0,1,0,1,0,4,0,5,0,24,0,69,147,0,418,0,942,0,1907,0,3807,0,7539,0,13595,0,23907,0,39932,0,64449,0,99221,0,146352,0,207042,0,281800,0,367047,0,461999,0,557437,0,646287,0,720835,776025,0,801966,0,799982,0,769804,0,714881,0,639463,0,551515,0,461997,0,373543,0,292272,0,222658,0,162629,1,116452,2,80076,7,53559,15,34361,65,21065,183,13099,8037,526,4822,730,2869,799,1748,670,1095,430,567,199,229,104,101,35,28,13,9,4,5,0,1,0,0,0,0,0,0,0,0,0,0,0,0,0
0,0,0,0,0,0,0,0,0,0,0,0,0,0,0,0,0,0,0,0,0,0,0,1,0,0,0,1,0,2,0,6,0,29,0,59,170,0,405,0,899,0,1883,0,3813,0,7370,0,13459,0,23717,0,39519,0,64110,0,98222,0,145015,0,205716,0,279640,0,365156,0,460762,0,555054,0,643792,0,719813,774769,0,801133,0,800234,0,771406,0,714871,0,641791,0,553751,0,463632,0,376207,0,294055,0,223369,0,164485,1,117106,2,80776,7,54322,19,34739,72,21357,171,13193,8252,547,4756,730,2966,742,1826,654,1061,456,576,210,253,105,96,35,37,6,10,3,5,0,1,0,0,0,0,0,0,0,0,0,0,0,0,0
0,0,0,0,0,0,0,0,0,0,0,0,0,0,0,0,0,0,0,0,0,0,0,1,0,0,0,1,0,1,0,10,0,17,0,69,157,0,412,0,839,0,1856,0,3781,0,7264,0,13399,0,23346,0,39255,0,63556,0,97199,0,144071,0,203968,0,278325,0,362748,0,457900,0,553791,0,642919,0,716916,774344,0,800574,0,801012,0,771882,0,715458,0,643066,0,556773,0,464912,0,377538,0,297154,0,224386,0,165593,1,118524,3,81297,2,55166,23,34885,62,21977,147,13291,8214,531,4921,748,2914,763,1894,644,1114,451,550,219,269,114,93,32,38,9,11,2,5,1,0,0,0,0,0,0,0,0,0,0,0,0,0,0
0,0,0,0,0,0,0,0,0,0,0,0,0,0,0,0,0,0,0,0,0,0,0,1,0,0,0,0,0,2,0,8,0,14,0,66,165,0,414,0,828,0,1848,0,3650,0,7166,0,13367,0,23111,0,38486,0,62961,0,96620,0,142899,0,203077,0,276407,0,361345,0,455530,0,550973,0,641278,0,715467,773540,0,801315,0,800159,0,772907,0,716127,0,644770,0,557294,0,467751,0,379124,0,299209,0,226463,0,166971,0,118952,1,82459,4,55246,16,35692,61,22144,160,13564,8351,518,4939,703,2972,780,1956,651,1104,439,568,231,256,121,106,33,34,15,11,3,5,0,0,0,0,0,0,0,0,0,0,0,0,0,0,0
0,0,0,0,0,0,0,0,0,0,0,0,0,0,0,0,0,0,0,0,0,0,0,0,0,1,0,1,0,3,0,5,0,21,0,59,165,0,391,0,840,0,1763,0,3653,0,7062,0,13169,0,23077,0,38265,0,62004,0,95558,0,142558,0,200985,0,274610,0,359968,0,453217,0,549333,0,639438,0,713660,771980,0,799281,0,802655,0,772098,0,718804,0,645868,0,558980,0,469636,0,381268,0,300769,0,228260,0,168397,0,120082,2,83223,7,55912,16,35838,59,22516,156,13693,8523,497,4966,695,3119,764,1885,650,1140,461,568,244,266,108,107,40,35,13,13,3,4,0,1,0,0,0,0,0,0,0,0,0,0,0,0,0
0,0,0,0,0,0,0,0,0,0,0,0,0,0,0,0,0,0,0,0,0,0,0,0,0,1,0,1,0,2,0,4,0,21,0,61,164,0,383,0,811,0,1749,0,3553,0,7054,0,12887,0,22721,0,38094,0,61114,0,95038,0,141277,0,199665,0,273378,0,357456,0,450671,0,548803,0,637098,0,711912,770267,0,799218,0,802443,0,773183,0,720051,0,646822,0,561771,0,471228,0,383582,0,301807,0,230329,0,169389,0,121518,1,84011,1,55907,20,36626,63,22822,173,13927,8579,531,5054,682,3055,811,1926,665,1118,445,611,240,286,110,111,37,32,16,13,2,6,0,1,0,0,0,0,0,0,0,0,0,0,0,0,0
0,0,0,0,0,0,0,0,0,0,0,0,0,0,0,0,0,0,0,0,0,0,0,0,0,0,0,2,0,3,0,8,0,18,0,56,149,0,382,0,804,0,1702,0,3586,0,6905,0,12732,0,22417,0,37774,0,60620,0,94159,0,140028,0,198505,0,271488,0,356378,0,448712,0,545517,0,635676,0,709802,768740,0,800677,0,800625,0,774148,0,720860,0,649400,0,564378,0,472731,0,385712,0,303575,0,231397,0,170912,0,122340,2,84731,5,56710,26,36811,69,23172,174,14010,8914,539,5046,680,3102,802,1937,658,1178,436,617,250,301,94,116,43,26,17,13,5,5,0,1,0,0,0,0,0,0,0,0,0,0,0,0,0
0,0,0,0,0,0,0,0,0,0,0,0,0,0,0,0,0,0,0,0,0,0,0,0,0,0,0,1,0,2,0,9,0,23,0,45,133,0,386,0,794,0,1771,0,3518,0,6784,0,12546,0,22202,0,37289,0,60305,0,93175,0,138500,0,197253,0,269544,0,354346,0,447754,0,542899,0,633338,0,708510,768188,0,798895,0,801610,0,773704,0,723146,0,651844,0,565197,0,475013,0,387630,0,305005,0,233140,0,171921,0,123975,2,85421,6,57344,20,37275,55,23365,141,14363,8948,508,5245,696,3045,820,1943,682,1139,462,643,258,302,108,112,42,33,10,14,4,5,1,1,0,0,0,0,0,0,0,0,0,0,0,0,0
0,0,0,0,0,0,0,0,0,0,0,0,0,0,0,0,0,0,0,0,0,0,0,0,0,0,0,1,0,2,0,9,0,15,0,53,134,0,337,0,841,0,1751,0,3440,0,6729,0,12414,0,21785,0,37010,0,59996,0,91977,0,137852,0,195688,0,268466,0,352384,0,444868,0,540500,0,630809,0,708321,767135,0,798622,0,800397,0,775080,0,725538,0,651640,0,567444,0,477622,0,389046,0,306661,0,234675,0,173871,0,124522,1,86238,4,58118,21,37631,55,23633,144,14595,9171,502,5208,698,3123,820,1941,707,1130,471,633,279,328,98,112,38,40,10,17,3,2,1,1,0,0,0,0,0,0,0,0,0,0,0,0,0
0,0,0,0,0,0,0,0,0,0,0,0,0,0,0,0,0,0,0,0,0,0,0,0,0,0,0,2,0,0,0,5,0,26,0,45,142,0,354,0,774,0,1749,0,3366,0,6635,0,12226,0,21756,0,36248,0,59592,0,91130,0,136485,0,194882,0,266065,0,350786,0,443332,0,538574,0,628974,0,706966,765392,0,797249,0,801270,0,776053,0,724345,0,655605,0,569275,0,479929,0,390267,0,308587,0,236595,0,174979,0,125231,1,87128,6,58617,22,38213,47,23952,125,14853,9254,499,5264,668,3181,767,2028,689,1158,459,658,283,304,128,95,41,46,15,10,2,3,0,1,0,0,0,0,0,0,0,0,0,0,0,0,0
0,0,0,0,0,0,0,0,0,0,0,0,0,0,0,0,0,0,0,0,0,0,0,0,0,0,0,2,0,0,0,7,0,20,0,56,145,0,342,0,784,0,1636,0,3423,0,6432,0,12179,0,21709,0,35841,0,58532,0,90965,0,135115,0,193598,0,264870,0,348820,0,441233,0,536352,0,626533,0,706114,762130,0,797100,0,802774,0,777002,0,725764,0,656382,0,570963,0,481537,0,393086,0,310030,0,238165,0,176431,0,126227,0,87766,5,59481,25,38452,55,24405,133,14977,9300,496,5356,640,3264,783,2042,712,1174,446,647,275,331,130,97,35,46,16,12,6,1,0,1,0,0,0,0,0,0,0,0,0,0,0,0,0
0,0,0,0,0,0,0,0,0,0,0,0,0,0,0,0,0,0,0,0,0,0,0,0,0,0,0,1,0,1,0,10,0,14,0,58,144,0,314,0,731,0,1661,0,3299,0,6514,0,11967,0,21244,0,35753,0,58009,0,89971,0,134327,0,191997,0,263677,0,346863,0,438983,0,534328,0,624625,0,704024,762358,0,796117,0,802903,0,776762,0,728186,0,657376,0,571827,0,484347,0,394660,0,312463,0,239396,0,177137,0,127497,1,89179,2,59602,17,38857,50,24844,134,15116,9346,506,5405,658,3356,759,2079,703,1210,444,641,290,321,120,106,45,39,9,16,5,3,0,0,0,1,0,0,0,0,0,0,0,0,0,0,0
0,0,0,0,0,0,0,0,0,0,0,0,0,0,0,0,0,0,0,0,0,0,0,0,0,0,0,1,0,2,0,9,0,14,0,51,153,0,328,0,723,0,1584,0,3270,0,6516,0,11737,0,20911,0,35607,0,57362,0,89719,0,132749,0,190678,0,261364,0,345828,0,435587,0,532880,0,622948,0,702579,761811,0,795433,0,801841,0,777143,0,730107,0,658549,0,574948,0,485068,0,397106,0,314614,0,240638,0,178659,0,128449,1,89504,6,60648,18,39358,56,24959,132,15421,9452,513,5423,710,3374,795,2057,704,1223,492,633,297,306,122,117,41,47,8,14,6,3,1,0,0,1,0,0,0,0,0,0,0,0,0,0,0
0,0,0,0,0,0,0,0,0,0,0,0,0,0,0,0,0,0,0,0,0,0,0,0,0,0,0,2,0,2,0,8,0,17,0,55,137,0,291,0,708,0,1576,0,3309,0,6304,0,11714,0,20692,0,35184,0,56578,0,88992,0,132620,0,188506,0,260270,0,343196,0,434428,0,530259,0,621553,0,699969,761384,0,795201,0,801692,0,777364,0,730664,0,660241,0,576919,0,487780,0,399708,0,315518,0,242335,0,179494,0,129530,0,90536,5,61014,18,39853,54,25337,131,15491,9659,500,5616,704,3328,821,2083,699,1272,439,677,265,341,128,115,43,42,13,15,3,5,0,0,0,1,0,0,0,0,0,0,0,0,0,0,0
0,0,0,0,0,0,0,0,0,0,0,0,0,0,0,0,0,0,0,0,0,0,0,0,0,0,0,1,0,3,0,4,0,22,0,53,119,0,316,0,737,0,1515,0,3248,0,6133,0,11646,0,20512,0,34646,0,56563,0,87921,0,131016,0,188314,0,258256,0,341280,0,432364,0,528430,0,619134,0,699970,758226,0,795818,0,801083,0,778938,0,731031,0,662110,0,578663,0,489237,0,401254,0,318051,0,243327,0,181559,0,130468,1,91061,5,61494,17,40318,65,25690,131,15580,9827,532,5525,699,3443,821,2074,708,1280,489,703,270,332,135,121,34,47,13,17,2,4,1,1,0,0,0,0,0,0,0,0,0,0,0,0,0
0,0,0,0,0,0,0,0,0,0,0,0,0,0,0,0,0,0,0,0,0,0,0,0,0,0,0,2,0,1,0,7,0,18,0,47,119,0,320,0,714,0,1530,0,3138,0,6141,0,11406,0,20283,0,34317,0,55787,0,87232,0,130121,0,186758,0,256802,0,339799,0,430339,0,526598,0,617007,0,697646,757794,0,793939,0,802938,0,779932,0,730814,0,664068,0,580715,0,490704,0,403188,0,319709,0,245489,0,182482,0,131340,2,91942,3,62186,18,40597,60,25970,121,15915,9848,495,5761,673,3455,771,2174,682,1304,477,711,289,330,131,122,43,41,22,10,5,5,1,0,0,0,0,0,0,0,0,0,0,0,0,0,0
0,0,0,0,0,0,0,0,0,0,0,0,0,0,0,0,0,0,0,0,0,0,0,0,0,1,0,1,0,1,0,8,0,17,0,51,115,0,319,0,703,0,1548,0,3093,0,6100,0,11205,0,19838,0,34147,0,55156,0,86820,0,129200,0,185226,0,256045,0,336873,0,429003,0,524018,0,615030,0,695707,757613,0,792917,0,802522,0,781204,0,732075,0,665208,0,582134,0,493745,0,403715,0,321903,0,246921,0,183722,0,132387,0,93143,6,62766,13,40997,59,26080,113,16331,9923,482,5842,659,3503,746,2204,690,1327,494,711,290,355,129,128,42,47,18,9,3,6,0,1,0,0,0,0,0,0,0,0,0,0,0,0,0
0,0,0,0,0,0,0,0,0,0,0,0,0,0,0,0,0,0,0,0,0,0,0,0,0,1,0,0,0,1,0,7,0,23,0,54,106,0,298,0,726,0,1492,0,3072,0,5937,0,11285,0,19487,0,33525,0,55135,0,85470,0,128426,0,184030,0,254658,0,335077,0,426226,0,522495,0,613683,0,694229,755011,0,794155,0,801759,0,781322,0,734262,0,665507,0,584845,0,494542,0,406337,0,323883,0,248221,0,184710,0,133916,0,93309,5,63614,17,41784,56,26273,125,16302,10173,493,5827,673,3613,764,2182,724,1308,513,701,300,350,130,122,51,45,17,17,3,2,1,1,0,0,0,0,0,0,0,0,0,0,0,0,0
0,0,0,0,0,0,0,0,0,0,0,0,0,0,0,0,0,0,0,0,0,0,0,1,0,0,0,0,0,1,0,11,0,19,0,46,111,0,295,0,713,0,1477,0,3089,0,5885,0,10916,0,19459,0,33255,0,54394,0,85265,0,126765,0,182769,0,252249,0,334075,0,425218,0,519488,0,612466,0,691639,755216,0,792629,0,801916,0,781726,0,734824,0,668753,0,584994,0,497423,0,408164,0,325307,0,249767,0,186128,0,134528,1,94381,4,64266,17,42288,50,26513,131,16488,10303,457,5981,660,3597,782,2206,718,1324,496,718,317,346,104,134,47,56,19,15,4,2,1,0,0,1,0,0,0,0,0,0,0,0,0,0,0
0,0,0,0,0,0,0,0,0,0,0,0,0,0,0,0,0,0,0,0,0,0,0,0,0,1,0,0,0,2,0,12,0,17,0,40,113,0,293,0,674,0,1470,0,3028,0,5793,0,10923,0,19210,0,33090,0,53555,0,84297,0,125977,0,180878,0,251664,0,332214,0,422948,0,518513,0,608927,0,691427,752964,0,792929,0,801479,0,781759,0,736303,0,670021,0,586929,0,500026,0,409542,0,327294,0,251213,0,186946,0,135819,0,95191,4,64865,19,42718,48,27072,124,16456,10454,465,6153,620,3592,776,2203,743,1335,470,739,319,347,126,126,56,56,20,14,3,2,1,0,0,1,0,0,0,0,0,0,0,0,0,0,0
0,0,0,0,0,0,0,0,0,0,0,0,0,0,0,0,0,0,0,0,0,0,0,0,0,0,0,2,0,4,0,8,0,15,0,40,129,0,274,0,646,0,1440,0,3027,0,5715,0,10697,0,19208,0,32614,0,53389,0,83326,0,125065,0,179997,0,249193,0,330783,0,420837,0,516436,0,608072,0,688426,753788,0,790960,0,801496,0,782556,0,736830,0,671743,0,589535,0,500857,0,412926,0,327420,0,253130,0,188587,0,136647,0,95582,6,65600,14,43131,51,27278,135,16955,10510,458,6186,636,3638,785,2260,709,1311,509,758,297,359,128,145,53,54,19,13,4,4,1,0,0,1,0,0,0,0,0,0,0,0,0,0,0
0,0,0,0,0,0,0,0,0,0,0,0,0,0,0,0,0,0,0,0,0,0,0,0,0,0,0,3,0,2,0,8,0,18,0,47,117,0,279,0,650,0,1407,0,2925,0,5677,0,10562,0,19072,0,32455,0,52739,0,82394,0,124459,0,178507,0,247351,0,329295,0,419815,0,514467,0,604692,0,687500,751986,0,790582,0,801614,0,782846,0,738281,0,673446,0,592239,0,502846,0,412764,0,329744,0,254322,0,189962,1,137870,0,96644,1,66338,15,43365,40,27594,137,17178,10672,473,6179,639,3667,784,2345,731,1287,528,778,289,345,140,130,67,58,14,18,1,5,1,0,0,1,0,0,0,0,0,0,0,0,0,0,0
0,0,0,0,0,0,0,0,0,0,0,0,0,0,0,0,0,0,0,0,0,0,0,0,0,0,0,2,0,3,0,6,0,16,0,49,129,0,258,0,654,0,1386,0,2823,0,5603,0,10427,0,18851,0,32104,0,52286,0,81837,0,123463,0,177255,0,246270,0,326938,0,418008,0,511553,0,604082,0,685844,749291,0,790524,0,801304,0,784440,0,739146,0,675499,0,594225,0,504210,0,414193,0,331816,0,254870,0,192339,0,138267,0,97753,7,66832,17,43928,37,27979,127,17301,10820,463,6227,637,3736,799,2310,716,1322,548,788,291,355,129,156,55,60,18,14,5,6,0,0,0,1,0,0,0,0,0,0,0,0,0,0,0
0,0,0,0,0,0,0,0,0,0,0,0,0,0,0,0,0,0,0,0,0,0,0,0,0,1,0,0,0,4,0,4,0,15,0,50,130,0,251,0,630,0,1357,0,2774,0,5620,0,10212,0,18683,0,31758,0,51701,0,81515,0,121769,0,176246,0,246013,0,324149,0,415648,0,510510,0,601369,0,685287,747224,0,789876,0,801438,0,784703,0,740046,0,676117,0,596449,0,506843,0,415830,0,333237,0,256988,0,193180,1,139944,0,98184,4,67522,13,44381,38,28248,126,17514,11041,454,6276,630,3760,762,2384,710,1368,506,797,297,357,136,165,57,61,15,24,2,3,0,0,0,1,0,0,0,0,0,0,0,0,0,0,0
0,0,0,0,0,0,0,0,0,0,0,0,0,0,0,0,0,0,0,0,0,0,0,1,0,0,0,0,0,3,0,4,0,16,0,42,125,0,257,0,588,0,1354,0,2822,0,5385,0,10291,0,18326,0,31748,0,51292,0,80151,0,121177,0,175384,0,242756,0,324275,0,413465,0,508016,0,599218,0,683771,746119,0,789504,0,802453,0,783821,0,742156,0,677419,0,597378,0,508524,0,418466,0,334839,0,258903,0,193691,0,141052,0,99302,6,67730,19,44868,46,28706,133,17677,11093,442,6399,636,3867,734,2334,739,1434,528,778,318,374,122,167,53,68,16,22,2,2,0,0,0,1,0,0,0,0,0,0,0,0,0,0,0
0,0,0,0,0,0,0,0,0,0,0,0,0,0,0,0,0,0,0,0,0,0,0,0,0,1,0,0,0,2,0,6,0,14,0,51,116,0,268,0,567,0,1356,0,2727,0,5384,0,10147,0,18072,0,31272,0,50904,0,79528,0,120584,0,174825,0,240782,0,322530,0,410947,0,505902,0,598878,0,679754,747283,0,787440,0,802064,0,785239,0,742395,0,678938,0,599330,0,510013,0,421707,0,335907,0,259913,0,195078,1,142340,0,100156,5,68252,18,45340,37,28684,125,18164,11032,444,6600,643,3881,731,2346,741,1481,524,781,320,377,143,150,54,68,20,20,3,0,0,2,0,1,0,0,0,0,0,0,0,0,0,0,0
0,0,0,0,0,0,0,0,0,0,0,0,0,0,0,0,0,0,0,0,0,0,0,0,0,1,0,0,0,2,0,5,0,14,0,56,100,0,263,0,589,0,1285,0,2744,0,5296,0,10084,0,17934,0,30740,0,50413,0,79320,0,119828,0,173044,0,239583,0,319563,0,410462,0,503606,0,595921,0,679047,745418,0,787770,0,801951,0,785474,0,743999,0,680639,0,600627,0,511905,0,423122,0,337610,0,261390,0,196790,0,142997,1,101284,5,68756,14,45491,44,29096,126,18228,11292,442,6580,626,4002,737,2343,759,1467,529,798,362,380,129,152,55,78,15,19,3,0,0,1,0,2,0,0,0,0,0,0,0,0,0,0,0
0,0,0,0,0,0,0,0,0,0,0,0,0,0,0,0,0,0,0,0,0,0,0,0,0,1,0,1,0,0,0,4,0,14,0,48,110,0,252,0,573,0,1296,0,2656,0,5200,0,10188,0,17594,0,30342,0,49899,0,79015,0,118807,0,171246,0,238179,0,318344,0,407585,0,502104,0,593996,0,677397,744180,0,786895,0,801064,0,788173,0,743913,0,681265,0,603305,0,513892,0,424581,0,339590,0,263352,0,197748,0,144704,0,101018,5,69751,12,45949,44,29542,119,18390,11411,467,6616,675,3979,719,2425,738,1505,504,819,329,402,145,176,50,64,18,16,4,0,0,1,0,2,0,0,0,0,0,0,0,0,0,0,0
0,0,0,0,0,0,0,0,0,0,0,0,0,0,0,0,0,0,0,0,0,0,0,0,0,0,0,2,0,0,0,3,0,19,0,45,103,0,254,0,594,0,1213,0,2621,0,5283,0,9820,0,17507,0,30055,0,49659,0,78142,0,117770,0,170546,0,236470,0,315987,0,407181,0,498681,0,591898,0,676114,742388,0,787040,0,800953,0,787822,0,745177,0,683455,0,603628,0,517100,0,426634,0,340663,0,265051,0,199480,1,145271,0,102193,7,70453,11,46250,47,29780,111,18703,11371,457,6701,650,4049,704,2465,756,1499,525,838,323,401,142,192,55,48,21,16,5,2,0,2,0,1,0,0,0,0,0,0,0,0,0,0,0
0,0,0,0,0,0,0,0,0,0,0,0,0,0,0,0,0,0,0,0,0,0,0,0,0,0,0,0,0,2,0,3,0,16,0,47,92,0,268,0,584,0,1208,0,2612,0,5224,0,9754,0,17242,0,29618,0,49588,0,77203,0,116725,0,168963,0,235120,0,314975,0,403686,0,498291,0,590155,0,674540,741726,0,783891,0,801685,0,788667,0,746239,0,684236,0,606616,0,517621,0,428399,0,343239,0,267096,0,200354,0,146028,1,103405,4,70968,15,46713,45,29991,114,18911,11417,453,6828,674,3963,743,2597,706,1542,527,877,322,394,146,175,62,57,20,18,1,4,0,1,0,1,0,0,0,0,0,0,0,0,0,0,0
0,0,0,0,0,0,0,0,0,0,0,0,0,0,0,0,0,0,0,0,0,0,0,0,0,0,0,1,0,0,0,4,0,8,0,50,101,0,250,0,557,0,1193,0,2674,0,5127,0,9626,0,17024,0,29367,0,48712,0,76744,0,116165,0,168052,0,233762,0,312821,0,402314,0,495189,0,588516,0,672022,740802,0,783813,0,801186,0,788879,0,748068,0,685871,0,607307,0,519975,0,429771,0,345578,0,268494,0,201922,1,146966,2,104349,2,71373,15,47305,45,30428,110,18939,11716,474,6785,615,4138,718,2620,712,1529,523,875,331,396,152,176,59,69,20,14,2,1,1,1,0,1,0,0,0,0,0,0,0,0,0,0,0
0,0,0,0,0,0,0,0,0,0,0,0,0,0,0,0,0,0,0,0,0,0,0,0,0,0,0,1,0,0,0,3,0,20,0,42,101,0,241,0,531,0,1239,0,2541,0,5072,0,9579,0,16832,0,28895,0,48078,0,76783,0,114658,0,167116,0,232978,0,310426,0,400215,0,493366,0,586712,0,670565,739551,0,783024,0,800603,0,789780,0,749098,0,686468,0,609390,0,521589,0,432114,0,347547,0,269711,0,203140,0,148370,1,105116,4,71878,11,47887,45,30626,117,18996,12028,477,6743,609,4230,737,2612,686,1550,568,865,297,450,146,173,71,58,26,16,3,0,1,2,0,0,0,0,0,0,0,0,0,0,0,0,0
0,0,0,0,0,0,0,0,0,0,0,0,0,0,0,0,0,0,0,0,0,0,0,0,0,0,0,1,0,0,0,2,0,15,0,44,106,0,224,0,511,0,1234,0,2533,0,4990,0,9436,0,16701,0,28723,0,47939,0,75413,0,113911,0,166149,0,231093,0,308919,0,397612,0,492230,0,584871,0,669530,737399,0,781905,0,800504,0,790217,0,750516,0,688558,0,610625,0,523283,0,433807,0,349026,0,271835,0,204275,0,149105,0,106256,6,72352,14,48667,38,30936,108,19252,11978,472,6889,611,4215,758,2607,713,1605,583,842,324,422,157,184,65,70,17,18,3,2,1,1,0,0,0,0,0,0,0,0,0,0,0,0,0
0,0,0,0,0,0,0,0,0,0,0,0,0,0,0,0,0,0,0,0,0,0,0,0,0,0,0,1,0,0,0,2,0,15,0,51,91,0,209,0,546,0,1186,0,2521,0,4940,0,9277,0,16588,0,28604,0,47113,0,75132,0,112550,0,165069,0,229762,0,307536,0,395721,0,489325,0,583003,0,668411,735999,0,781953,0,799461,0,790450,0,752284,0,689804,0,612072,0,525120,0,435941,0,351354,0,272509,0,206037,0,149968,1,106852,8,73389,15,48540,32,31549,118,19437,12059,463,7074,576,4301,719,2634,736,1590,553,856,332,451,162,182,58,67,21,22,1,3,1,1,0,0,0,0,0,0,0,0,0,0,0,0,0
0,0,0,0,0,0,0,0,0,0,0,0,0,0,0,0,0,0,0,0,0,0,0,0,0,0,0,1,0,1,0,2,0,11,0,40,96,0,228,0,546,0,1195,0,2437,0,4907,0,8919,0,16657,0,28423,0,46708,0,73966,0,112071,0,163689,0,228561,0,306032,0,394054,0,486675,0,581596,0,665867,734697,0,781629,0,800323,0,790691,0,751929,0,691882,0,613431,0,527238,0,437469,0,353424,0,274885,0,206719,0,151159,0,107385,5,73946,10,49221,40,31561,117,19903,12131,433,7100,647,4254,726,2693,697,1647,559,876,306,457,174,192,49,73,16,24,0,6,1,1,0,0,0,0,0,0,0,0,0,0,0,0,0
0,0,0,0,0,0,0,0,0,0,0,0,0,0,0,0,0,0,0,0,0,0,0,0,0,0,0,1,0,1,0,1,0,14,0,42,91,0,206,0,579,0,1173,0,2368,0,4799,0,8957,0,16294,0,28196,0,46565,0,72760,0,111547,0,162100,0,227048,0,304644,0,392468,0,484462,0,578957,0,664833,733492,0,781047,0,800324,0,791078,0,752954,0,694042,0,614995,0,527895,0,439944,0,354530,0,276706,0,207591,0,152635,1,108327,4,74451,11,49785,40,31840,113,19933,12380,442,7295,644,4256,685,2745,689,1680,534,885,333,451,175,197,58,66,22,18,2,5,1,1,0,0,0,0,0,0,0,0,0,0,0,0,0
0,0,0,0,0,0,0,0,0,0,0,0,0,0,0,0,0,0,0,0,0,0,0,0,0,0,0,1,0,0,0,3,0,13,0,41,78,0,255,0,532,0,1151,0,2345,0,4656,0,8869,0,16289,0,27873,0,45871,0,72494,0,110429,0,161199,0,225544,0,302740,0,389853,0,484185,0,577003,0,661784,732743,0,780950,0,800005,0,790758,0,754157,0,694144,0,617638,0,530276,0,441549,0,356021,0,278386,0,209444,0,153227,2,109134,4,75127,8,50141,35,32299,125,20049,12649,429,7271,678,4368,721,2697,705,1653,541,926,349,447,175,182,74,67,14,24,1,4,0,3,0,0,0,0,0,0,0,0,0,0,0,0,0
0,0,0,0,0,0,0,0,0,0,0,0,0,0,0,0,0,0,0,0,0,0,0,0,0,0,0,1,0,1,0,2,0,10,0,40,91,0,243,0,521,0,1141,0,2329,0,4673,0,8812,0,15850,0,27686,0,45330,0,72222,0,109504,0,159805,0,223448,0,300939,0,389602,0,482002,0,574030,0,659721,732775,0,779508,0,800186,0,791475,0,754076,0,695730,0,619837,0,532360,0,443550,0,357093,0,279450,0,211140,0,154556,1,110014,7,75943,8,50249,38,32398,109,20600,12782,436,7258,653,4520,744,2743,672,1645,541,968,347,458,175,176,70,63,21,20,3,4,0,3,0,0,0,0,0,0,0,0,0,0,0,0,0
0,0,0,0,0,0,0,0,0,0,0,0,0,0,0,0,0,0,0,0,0,0,0,0,0,0,0,0,0,2,0,4,0,7,0,41,92,0,241,0,525,0,1114,0,2319,0,4562,0,8745,0,15783,0,27346,0,45140,0,71428,0,108009,0,159652,0,221375,0,299330,0,387599,0,479867,0,571958,0,658820,730636,0,779471,0,799342,0,791858,0,755456,0,697014,0,621598,0,533933,0,446193,0,358350,0,280833,0,212076,1,156363,0,110684,4,76564,4,50998,38,32571,117,20584,13025,400,7351,644,4584,767,2760,647,1695,570,971,355,441,175,195,70,65,18,16,4,6,0,2,0,0,0,0,0,0,0,0,0,0,0,0,0
0,0,0,0,0,0,0,0,0,0,0,0,0,0,0,0,0,0,0,0,0,0,0,0,0,0,0,0,0,1,0,6,0,12,0,28,100,0,210,0,510,0,1131,0,2317,0,4459,0,8668,0,15529,0,27210,0,44724,0,70401,0,107639,0,157667,0,220633,0,297629,0,385409,0,478201,0,570291,0,657233,729656,0,777048,0,800545,0,791988,0,756622,0,698474,0,622366,0,536641,0,446929,0,360966,0,281656,0,213960,1,157413,0,111787,2,76686,8,51787,47,32866,133,20814,12919,431,7619,637,4531,762,2806,688,1672,589,950,384,458,192,180,71,66,14,25,3,6,0,2,0,0,0,0,0,0,0,0,0,0,0,0,0
0,0,0,0,0,0,0,0,0,0,0,0,0,0,0,0,0,0,0,0,0,0,0,0,0,0,0,0,0,1,0,2,0,13,0,27,96,0,228,0,483,0,1103,0,2322,0,4404,0,8460,0,15326,0,26880,0,44531,0,69656,0,107086,0,156176,0,219266,0,295512,0,384447,0,475550,0,569196,0,654504,727632,0,777320,0,799961,0,793884,0,755860,0,700243,0,623911,0,539209,0,448671,0,362251,0,283664,0,215307,1,158504,2,112381,2,77219,10,52182,44,33626,110,20731,13080,431,7710,639,4667,687,2851,713,1702,566,949,371,500,171,196,70,54,19,24,4,7,1,1,0,1,0,0,0,0,0,0,0,0,0,0,0
0,0,0,0,0,0,0,0,0,0,0,0,0,0,0,0,0,0,0,0,0,0,0,0,0,0,0,0,0,0,0,1,0,12,0,33,106,0,213,0,500,0,1058,0,2279,0,4420,0,8371,0,15256,0,26477,0,43579,0,69688,0,105597,0,155004,0,218954,0,293517,0,381164,0,474446,0,566763,0,653666,725491,0,777754,0,799960,0,792368,0,758492,0,700453,0,626808,0,540070,0,450607,0,363901,0,285714,0,216882,0,159266,2,113285,1,77995,11,52492,27,33765,120,21242,13069,423,7845,617,4635,737,2921,693,1717,592,961,337,497,184,187,56,78,16,17,3,10,0,2,0,1,0,0,0,0,0,0,0,0,0,0,0
0,0,0,0,0,0,0,0,0,0,0,0,0,0,0,0,0,0,0,0,0,0,0,0,0,0,0,0,0,0,0,1,0,12,0,31,98,0,207,0,491,0,1058,0,2265,0,4352,0,8353,0,15036,0,25978,0,43187,0,69147,0,105039,0,153803,0,217609,0,291568,0,379209,0,472785,0,565155,0,651300,724669,0,776288,0,799758,0,792677,0,759282,0,702383,0,627570,0,542744,0,452374,0,365528,0,287429,0,218338,0,160285,1,113941,2,78880,9,52912,37,34117,109,21435,13227,417,7913,612,4763,740,2885,739,1690,571,978,369,486,178,187,78,67,21,20,5,7,1,1,0,1,0,0,0,0,0,0,0,0,0,0,0
0,0,0,0,0,0,0,0,0,0,0,0,0,0,0,0,0,0,0,0,0,0,0,0,0,0,0,0,0,0,0,3,0,10,0,41,97,0,197,0,443,0,1088,0,2177,0,4264,0,8354,0,14833,0,25754,0,42929,0,68370,0,103998,0,153387,0,215419,0,290923,0,376121,0,470603,0,563507,0,650268,723118,0,774763,0,799775,0,791962,0,761686,0,703844,0,628763,0,544663,0,454663,0,367375,0,288770,0,219624,0,161081,2,115232,1,79454,13,53120,33,34630,106,21577,13412,392,8057,659,4754,741,2900,724,1708,577,1003,354,517,178,192,71,69,17,25,6,8,1,1,0,1,0,0,0,0,0,0,0,0,0,0,0
0,0,0,0,0,0,0,0,0,0,0,0,0,0,0,0,0,0,0,0,0,0,0,0,0,0,0,0,0,1,0,4,0,9,0,33,92,0,192,0,459,0,1039,0,2161,0,4302,0,8184,0,14763,0,25360,0,42324,0,67799,0,103618,0,151903,0,214515,0,289012,0,374339,0,468562,0,561447,0,647899,721372,0,774755,0,799361,0,792751,0,761732,0,706723,0,630073,0,546314,0,456474,0,369291,0,290027,0,220293,0,162625,2,116250,0,80216,14,53551,32,34957,104,21787,13597,387,8019,642,4875,726,2915,716,1755,578,972,405,511,195,191,78,70,17,21,7,7,1,1,0,1,0,0,0,0,0,0,0,0,0,0,0
0,0,0,0,0,0,0,0,0,0,0,0,0,0,0,0,0,0,0,0,0,0,0,0,0,0,0,0,0,1,0,3,0,13,0,35,81,0,203,0,458,0,1016,0,2116,0,4227,0,8063,0,14571,0,25145,0,41943,0,67110,0,103054,0,150930,0,212865,0,287492,0,372297,0,466379,0,558912,0,646895,720912,0,773485,0,798911,0,793492,0,762221,0,707506,0,632183,0,547352,0,458679,0,371602,0,291411,1,221867,0,163168,2,117459,2,81109,12,53816,24,35161,102,22117,13667,369,8149,646,4951,741,2947,706,1755,580,964,421,511,190,205,73,77,16,22,4,8,1,1,0,1,0,0,0,0,0,0,0,0,0,0,0
0,0,0,0,0,0,0,0,0,0,0,0,0,0,0,0,0,0,0,0,0,0,0,0,0,0,0,0,0,2,0,3,0,13,0,33,77,0,193,0,456,0,978,0,2120,0,4048,0,8037,0,14403,0,24823,0,41712,0,66441,0,102357,0,149712,0,211081,0,285627,0,370939,0,464482,0,556675,0,645869,720022,0,772074,0,798348,0,794455,0,763028,0,707852,0,633689,0,548924,0,461743,0,373176,0,292880,0,222911,0,164236,1,118666,1,81621,9,54523,24,35402,110,22340,13762,412,8123,630,5014,750,2974,715,1819,563,974,393,546,194,220,71,80,14,20,7,8,1,0,0,2,0,0,0,0,0,0,0,0,0,0,0
0,0,0,0,0,0,0,0,0,0,0,0,0,0,0,0,0,0,0,0,0,0,0,0,0,0,0,0,0,1,0,4,0,11,0,29,81,0,185,0,439,0,986,0,2082,0,4035,0,7939,0,14136,0,24742,0,41382,0,65761,0,101233,0,148285,0,209745,0,284236,0,369067,0,462559,0,556166,0,642764,718408,0,771569,0,798594,0,794852,0,763105,0,709184,0,635542,0,550832,0,462594,0,375877,0,294583,0,224250,0,165281,0,119173,1,82488,8,55265,38,35595,104,22548,13977,370,8223,615,5046,678,3084,690,1824,600,1017,357,527,192,249,68,76,16,23,6,8,1,1,0,1,0,0,0,0,0,0,0,0,0,0,0
0,0,0,0,0,0,0,0,0,0,0,0,0,0,0,0,0,0,0,0,0,0,0,0,0,0,0,1,0,0,0,3,0,13,0,30,77,0,177,0,423,0,980,0,2007,0,4119,0,7726,0,14088,0,24377,0,40888,0,65518,0,100210,0,147414,0,208553,0,281706,0,367786,0,459946,0,553916,0,641594,717761,0,770143,0,797423,0,795179,0,764350,0,711267,0,636863,0,552536,0,464268,0,377736,0,296526,0,225653,1,166849,0,119388,1,83214,11,55730,33,36069,90,22672,14171,402,8245,627,5135,745,3081,678,1859,619,1008,369,511,202,248,63,66,26,23,5,7,0,2,0,1,0,0,0,0,0,0,0,0,0,0,0
0,0,0,0,0,0,0,0,0,0,0,0,0,0,0,0,0,0,0,0,0,0,0,0,0,0,0,0,0,2,0,4,0,8,0,32,67,0,186,0,442,0,921,0,2017,0,4014,0,7692,0,13859,0,24317,0,40268,0,64915,0,99737,0,146082,0,206579,0,280449,0,366178,0,457768,0,551139,0,641341,715568,0,768975,0,796785,0,794963,0,766221,0,712713,0,638997,0,554098,0,467322,0,378765,0,297961,0,227401,1,167458,0,120253,3,83917,14,56059,31,36354,82,22859,14408,401,8500,612,5091,723,3120,678,1906,599,998,392,534,197,237,65,64,26,25,5,5,1,3,0,1,0,0,0,0,0,0,0,0,0,0,0
0,0,0,0,0,0,0,0,0,0,0,0,0,0,0,0,0,0,0,0,0,0,0,0,0,0,0,0,0,2,0,1,0,19,0,32,60,0,193,0,419,0,909,0,1993,0,4012,0,7538,0,13759,0,24113,0,39823,0,64234,0,98958,0,145061,0,205228,0,278720,0,364516,0,455300,0,549886,0,639144,713588,0,769477,0,795766,0,795615,0,766205,0,713897,0,640655,0,556620,0,469608,0,379840,0,299887,0,228679,1,168479,2,121060,2,84374,13,56642,29,36941,85,23107,14549,420,8525,570,5226,724,3088,699,1943,587,1044,358,551,203,224,69,76,22,21,5,9,1,1,0,1,0,0,0,0,0,0,0,0,0,0,0
0,0,0,0,0,0,0,0,0,0,0,0,0,0,0,0,0,0,0,0,0,0,0,0,0,0,0,1,0,2,0,3,0,12,0,28,79,0,175,0,415,0,887,0,1973,0,4038,0,7429,0,13599,0,23615,0,39761,0,63503,0,97905,0,144505,0,203516,0,277410,0,362228,0,452868,0,548827,0,637504,712295,0,768351,0,794314,0,796678,0,768146,0,713777,0,642723,0,558750,0,470419,0,382750,0,300955,0,229869,0,169835,0,121736,0,85178,11,57258,32,37490,90,23423,14475,413,8629,571,5129,714,3220,750,1933,579,1078,378,541,196,228,72,80,19,23,9,5,1,2,0,0,0,0,0,0,0,0,0,0,0,0,0
0,0,0,0,0,0,0,0,0,0,0,0,0,0,0,0,0,0,0,0,0,0,0,0,0,0,0,2,0,0,0,4,0,11,0,28,65,0,179,0,401,0,901,0,1945,0,3907,0,7470,0,13456,0,23323,0,39113,0,63230,0,97275,0,142710,0,202712,0,275142,0,360383,0,452245,0,545998,0,636357,710158,0,767346,0,795193,0,795520,0,769181,0,715054,0,644327,0,561513,0,471916,0,384123,0,302554,0,231186,0,171250,2,122691,0,85898,7,57516,29,37787,93,23814,14634,416,8660,616,5190,702,3261,739,1964,602,1046,383,517,213,233,82,70,18,32,7,6,1,1,0,0,0,0,0,0,0,0,0,0,0,0,0
0,0,0,0,0,0,0,0,0,0,0,0,0,0,0,0,0,0,0,0,0,0,0,0,0,0,0,0,0,2,0,3,0,11,0,33,65,0,160,0,389,0,900,0,1880,0,3934,0,7298,0,13270,0,22949,0,38989,0,62698,0,96749,0,142054,0,199950,0,274031,0,358266,0,450032,0,545296,0,633741,709753,0,766697,0,793890,0,795285,0,769191,0,718369,0,645700,0,562568,0,473784,0,385512,0,305153,0,232319,0,172016,2,123637,2,86870,7,57909,31,38057,78,24054,14802,415,8825,602,5253,744,3200,803,1916,611,1063,373,577,193,227,76,82,16,32,5,6,1,2,0,0,0,0,0,0,0,0,0,0,0,0,0
0,0,0,0,0,0,0,0,0,0,0,0,0,0,0,0,0,0,0,0,0,0,0,0,0,0,0,0,0,1,0,4,0,10,0,33,65,0,159,0,410,0,844,0,1938,0,3794,0,7272,0,13128,0,22717,0,38779,0,61962,0,95618,0,140983,0,199588,0,271567,0,356470,0,448457,0,542305,0,631385,710397,0,764793,0,793900,0,795019,0,770120,0,720732,0,646838,0,563482,0,475812,0,387513,0,306813,0,234373,0,172826,1,124517,1,87081,7,58717,25,38375,69,24267,15092,395,8791,579,5377,721,3291,741,1944,646,1028,378,606,197,229,82,82,17,28,6,8,2,1,0,0,0,0,0,0,0,0,0,0,0,0,0
0,0,0,0,0,0,0,0,0,0,0,0,0,0,0,0,0,0,0,0,0,0,0,0,0,0,0,0,0,1,0,3,0,13,0,30,63,0,156,0,403,0,868,0,1819,0,3750,0,7228,0,12853,0,22689,0,38371,0,61598,0,94574,0,139459,0,198293,0,270070,0,354427,0,447048,0,540065,0,630380,708321,0,762905,0,793553,0,796114,0,771144,0,721259,0,649525,0,565750,0,477136,0,388753,0,308370,0,235532,0,174791,2,125685,1,87305,6,59027,29,38764,80,24581,15192,378,9108,568,5300,710,3264,770,1970,577,1128,390,575,216,246,76,87,15,26,5,10,1,2,0,0,0,0,0,0,0,0,0,0,0,0,0
0,0,0,0,0,0,0,0,0,0,0,0,0,0,0,0,0,0,0,0,0,0,0,0,0,0,0,0,0,2,0,3,0,10,0,30,67,0,155,0,381,0,876,0,1790,0,3626,0,7120,0,12747,0,22643,0,37794,0,61114,0,93824,0,138219,0,196811,0,269021,0,351674,0,445640,0,538855,0,628238,705153,0,763482,0,793108,0,795996,0,772983,0,721970,0,650971,0,568436,0,477459,0,392047,0,308690,0,236922,0,176399,2,126595,1,87872,9,59726,33,39022,77,24792,15361,387,9073,585,5441,708,3348,788,1933,587,1150,406,590,200,237,73,85,23,29,4,13,1,1,0,0,0,0,0,0,0,0,0,0,0,0,0
0,0,0,0,0,0,0,0,0,0,0,0,0,0,0,0,0,0,0,0,0,0,0,0,0,0,0,0,0,0,0,5,0,10,0,24,71,0,168,0,367,0,888,0,1751,0,3609,0,6969,0,12800,0,21992,0,37594,0,60540,0,93013,0,137476,0,195084,0,267368,0,351595,0,442369,0,537555,0,625762,704248,0,760727,0,793415,0,796210,0,774616,0,722720,0,653389,0,569078,0,480884,0,392131,0,311062,0,238118,0,177944,2,127103,0,88627,6,60290,32,39213,79,25116,15406,398,9283,543,5502,721,3387,743,1975,571,1188,414,586,196,227,68,110,26,27,6,6,2,3,0,0,0,0,0,0,0,0,0,0,0,0,0
0,0,0,0,0,0,0,0,0,0,0,0,0,0,0,0,0,0,0,0,0,0,0,0,0,0,0,0,0,1,0,3,0,9,0,29,52,0,176,0,362,0,841,0,1819,0,3495,0,6901,0,12607,0,21999,0,37089,0,59807,0,92503,0,136366,0,193564,0,265861,0,349896,0,441132,0,534562,0,624792,701373,0,760078,0,792991,0,797950,0,774865,0,723420,0,653950,0,572283,0,482114,0,394732,0,312426,0,239682,0,178619,1,128215,2,89376,9,60567,32,39627,93,25334,15586,388,9333,561,5610,756,3387,748,1995,572,1170,421,586,193,242,83,104,24,28,5,6,2,3,0,0,0,0,0,0,0,0,0,0,0,0,0
0,0,0,0,0,0,0,0,0,0,0,0,0,0,0,0,0,0,0,0,0,0,0,0,0,0,0,0,0,1,0,4,0,8,0,27,65,0,151,0,378,0,804,0,1811,0,3500,0,6721,0,12535,0,21663,0,36818,0,59446,0,91321,0,135174,0,192410,0,264702,0,348060,0,438471,0,532697,0,622700,700738,0,758799,0,792240,0,798779,0,775204,0,725859,0,655454,0,573683,0,482884,0,397411,0,314100,0,241057,0,180108,1,128457,1,90051,5,61311,34,39912,97,25401,15909,386,9405,554,5696,729,3413,754,1991,580,1239,407,611,178,245,84,112,16,29,7,5,2,3,0,0,0,0,0,0,0,0,0,0,0,0,0
0,0,0,0,0,0,0,0,0,0,0,0,0,0,0,0,0,0,0,0,0,0,0,0,0,0,0,0,0,1,0,4,0,5,0,32,53,0,154,0,362,0,828,0,1736,0,3449,0,6694,0,12233,0,21580,0,36744,0,58748,0,90428,0,134202,0,191260,0,262878,0,346020,0,437014,0,530504,0,621122,698595,0,758324,0,792451,0,797894,0,775776,0,727782,0,657278,0,574555,0,486130,0,398689,0,315149,0,242811,0,180899,0,129781,1,90667,5,61667,34,40678,76,25516,16034,367,9370,565,5799,694,3451,776,2049,576,1213,408,603,198,239,90,91,25,33,5,8,2,2,0,1,0,0,0,0,0,0,0,0,0,0,0
0,0,0,0,0,0,0,0,0,0,0,0,0,0,0,0,0,0,0,0,0,0,0,0,0,0,0,0,0,0,0,2,0,9,0,22,65,0,133,0,396,0,812,0,1724,0,3372,0,6562,0,11954,0,21573,0,36333,0,57921,0,89899,0,133256,0,190387,0,261148,0,343479,0,436125,0,527645,0,620049,696943,0,756821,0,792118,0,799086,0,775942,0,728473,0,659082,0,576391,0,488064,0,400257,0,317411,0,244079,0,181290,1,131223,1,91429,8,62094,26,40850,72,26003,15987,386,9545,552,5755,721,3542,793,2109,556,1215,409,606,193,265,81,94,24,25,5,11,0,4,0,0,0,0,0,0,0,0,0,0,0,0,0
0,0,0,0,0,0,0,0,0,0,0,0,0,0,0,0,0,0,0,0,0,0,0,0,0,0,0,0,0,0,0,0,0,9,0,27,55,0,155,0,372,0,818,0,1626,0,3388,0,6515,0,12009,0,20943,0,35809,0,57720,0,89254,0,132561,0,189319,0,258951,0,342038,0,433605,0,527477,0,616455,695622,0,755937,0,792175,0,798555,0,776916,0,729234,0,660835,0,578256,0,490787,0,401441,0,319215,0,245184,0,182260,1,131877,1,92677,6,62388,26,41516,71,25981,16267,390,9584,552,5817,707,3574,769,2160,598,1152,433,615,196,277,87,88,31,22,8,11,0,3,0,0,0,0,0,0,0,0,0,0,0,0,0
0,0,0,0,0,0,0,0,0,0,0,0,0,0,0,0,0,0,0,0,0,0,0,0,0,0,0,0,0,0,0,4,0,6,0,20,59,0,172,0,346,0,797,0,1637,0,3359,0,6412,0,11711,0,21049,0,35129,0,57320,0,88517,0,131705,0,187837,0,258042,0,340090,0,430330,0,526139,0,614937,694313,0,755459,0,791123,0,798721,0,777426,0,730298,0,663359,0,579729,0,492076,0,404075,0,320347,0,246813,0,183435,1,132679,1,92864,3,63126,26,41731,74,26430,16376,410,9607,516,5932,714,3613,814,2128,611,1173,427,620,201,277,92,94,25,32,5,12,0,1,0,1,0,0,0,0,0,0,0,0,0,0,0
0,0,0,0,0,0,0,0,0,0,0,0,0,0,0,0,0,0,0,0,0,0,0,0,0,0,0,0,0,0,0,3,0,9,0,21,48,0,159,0,358,0,799,0,1583,0,3297,0,6284,0,11776,0,20840,0,34705,0,56704,0,87721,0,130507,0,187129,0,256228,0,337726,0,429665,0,523298,0,612750,693605,0,754372,0,790608,0,798977,0,777598,0,730753,0,664120,0,583657,0,493926,0,405892,0,321370,0,248271,0,184769,0,133976,2,93386,2,63576,23,41878,84,26824,16509,389,9706,561,6061,715,3620,822,2156,578,1226,407,607,212,297,75,110,24,31,5,15,0,2,0,1,0,0,0,0,0,0,0,0,0,0,0
0,0,0,0,0,0,0,0,0,0,0,0,0,0,0,0,0,0,0,0,0,0,0,0,0,0,0,0,0,1,0,2,0,9,0,18,55,0,146,0,383,0,738,0,1596,0,3210,0,6283,0,11674,0,20455,0,34569,0,55949,0,86972,0,129909,0,185891,0,254451,0,335535,0,427056,0,521354,0,612085,691949,0,754453,0,789118,0,799260,0,779228,0,731160,0,665721,0,585247,0,495970,0,407344,0,322892,0,249446,0,186496,0,134480,3,94312,5,64368,26,42125,73,26962,16550,383,9868,565,6105,746,3673,785,2154,578,1224,406,604,230,283,76,126,20,33,8,8,1,2,0,1,0,0,0,0,0,0,0,0,0,0,0
0,0,0,0,0,0,0,0,0,0,0,0,0,0,0,0,0,0,0,0,0,0,0,0,0,0,0,0,0,2,0,2,0,7,0,14,70,0,138,0,359,0,734,0,1532,0,3219,0,6232,0,11454,0,20311,0,34335,0,55372,0,86286,0,128762,0,184514,0,253058,0,333828,0,425312,0,519531,0,609399,691696,0,752242,0,789513,0,798467,0,779965,0,732712,0,667222,0,587355,0,497607,0,409138,0,325198,0,250431,0,187305,0,135844,1,94839,6,64801,27,42496,78,27195,16739,365,10119,558,5999,737,3704,756,2202,620,1165,412,620,233,287,89,122,25,29,5,10,1,2,0,0,0,0,0,0,0,0,0,0,0,0,0
0,0,0,0,0,0,0,0,0,0,0,0,0,0,0,0,0,0,0,0,0,0,0,0,0,0,0,0,0,1,0,4,0,4,0,22,51,0,158,0,323,0,763,0,1509,0,3156,0,6059,0,11425,0,19997,0,34130,0,54857,0,85529,0,128210,0,182538,0,251588,0,332370,0,423477,0,517332,0,607279,690106,0,751393,0,789249,0,799125,0,779646,0,734677,0,668924,0,589145,0,499257,0,411190,0,326435,0,251824,0,188525,1,136495,2,95705,7,65275,22,42928,81,27357,17030,355,10066,569,6195,742,3658,780,2174,638,1202,420,631,226,294,88,105,31,31,7,11,1,3,0,0,0,0,0,0,0,0,0,0,0,0,0
0,0,0,0,0,0,0,0,0,0,0,0,0,0,0,0,0,0,0,0,0,0,0,0,0,0,0,0,0,2,0,4,0,6,0,18,49,0,166,0,307,0,760,0,1496,0,3155,0,5940,0,11276,0,19742,0,33750,0,54214,0,85230,0,126723,0,181478,0,249958,0,330993,0,420173,0,516538,0,606776,686787,0,750691,0,789128,0,798812,0,779072,0,737020,0,671865,0,589670,0,501004,0,412846,0,328857,0,253258,0,189542,1,137065,2,96514,7,65726,23,43367,79,27617,17305,344,10124,570,6223,710,3751,794,2168,614,1250,405,635,238,281,96,114,21,34,12,8,2,2,0,0,0,0,0,0,0,0,0,0,0,0,0
0,0,0,0,0,0,0,0,0,0,0,0,0,0,0,0,0,0,0,0,0,0,0,0,0,0,0,0,0,1,0,4,0,6,0,15,58,0,151,0,332,0,680,0,1527,0,3073,0,5950,0,10933,0,19690,0,33123,0,53877,0,84830,0,126345,0,179274,0,248210,0,329677,0,419136,0,513006,0,605397,685300,0,749905,0,789260,0,798537,0,780332,0,737832,0,672531,0,591778,0,503368,0,413611,0,330777,0,254886,0,190547,0,138476,3,96852,3,66466,19,43716,64,27763,17398,348,10308,600,6191,728,3812,796,2172,596,1263,420,644,225,301,102,106,22,32,10,8,3,2,0,0,0,0,0,0,0,0,0,0,0,0,0
0,0,0,0,0,0,0,0,0,0,0,0,0,0,0,0,0,0,0,0,0,0,0,0,0,0,0,0,0,1,0,5,0,3,0,16,55,0,147,0,336,0,696,0,1487,0,3091,0,5810,0,10832,0,19330,0,32979,0,53579,0,83731,0,125213,0,178577,0,246384,0,327566,0,416924,0,511628,0,603412,684878,0,749132,0,787742,0,798979,0,780552,0,739160,0,674136,0,592572,0,506036,0,415919,0,331747,0,256049,0,192005,0,139554,2,97817,9,66525,26,44072,64,28152,17427,374,10489,573,6321,710,3832,787,2230,591,1255,430,642,222,296,104,118,24,34,7,6,3,3,0,0,0,0,0,0,0,0,0,0,0,0,0
0,0,0,0,0,0,0,0,0,0,0,0,0,0,0,0,0,0,0,0,0,0,0,0,0,0,0,0,0,1,0,4,0,5,0,17,55,0,140,0,316,0,698,0,1500,0,2946,0,5889,0,10661,0,19160,0,32478,0,53100,0,82880,0,124132,0,177473,0,245811,0,324679,0,415410,0,510511,0,600514,683217,0,748108,0,787966,0,799319,0,781335,0,740448,0,674258,0,595129,0,508181,0,417962,0,333164,0,257069,0,192823,0,140313,2,98974,7,66735,21,44546,74,28466,17642,375,10573,534,6366,756,3907,750,2252,620,1205,430,684,235,296,92,112,30,34,8,4,2,4,0,0,0,0,0,0,0,0,0,0,0,0,0
0,0,0,0,0,0,0,0,0,0,0,0,0,0,0,0,0,0,0,0,0,0,0,0,0,0,0,0,0,1,0,4,0,6,0,18,45,0,143,0,314,0,709,0,1508,0,2897,0,5705,0,10660,0,18858,0,32258,0,52495,0,81607,0,123429,0,176696,0,244062,0,324188,0,412689,0,507712,0,599018,682058,0,746452,0,787618,0,800139,0,781904,0,740688,0,676381,0,597054,0,509015,0,420161,0,334995,0,258515,0,194301,0,141551,2,99299,4,67352,23,44774,57,28664,17914,353,10661,517,6523,763,3837,728,2273,634,1258,417,660,242,313,95,106,23,46,6,4,2,4,0,0,0,0,0,0,0,0,0,0,0,0,0
0,0,0,0,0,0,0,0,0,0,0,0,0,0,0,0,0,0,0,0,0,0,0,0,0,0,0,0,0,1,0,3,0,8,0,17,49,0,117,0,312,0,710,0,1453,0,2898,0,5626,0,10492,0,18643,0,31800,0,52248,0,80831,0,121687,0,175976,0,242992,0,321418,0,411906,0,504989,0,598084,680182,0,744643,0,787621,0,800461,0,782469,0,742019,0,677394,0,599136,0,510889,0,421724,0,336133,0,260475,0,195846,1,142307,2,99990,3,68033,26,45105,72,28862,18001,367,10849,516,6522,773,3816,788,2264,658,1292,414,661,243,298,99,106,29,37,11,5,3,3,0,0,0,0,0,0,0,0,0,0,0,0,0
0,0,0,0,0,0,0,0,0,0,0,0,0,0,0,0,0,0,0,0,0,0,0,0,0,0,0,0,0,1,0,4,0,5,0,17,42,0,137,0,314,0,652,0,1443,0,2835,0,5556,0,10545,0,18259,0,31695,0,51350,0,80389,0,120943,0,174921,0,240837,0,320263,0,409305,0,502851,0,596682,679100,0,743351,0,787431,0,799814,0,784537,0,741686,0,679949,0,600102,0,512679,0,423936,0,337998,0,261387,0,197239,0,143201,2,101015,1,68065,18,45461,80,29077,18232,350,10969,531,6589,738,3895,774,2251,663,1315,423,668,245,299,91,108,35,38,6,9,2,2,0,0,0,0,0,0,0,0,0,0,0,0,0
0,0,0,0,0,0,0,0,0,0,0,0,0,0,0,0,0,0,0,0,0,0,0,0,0,0,0,0,0,1,0,2,0,8,0,17,45,0,130,0,284,0,659,0,1428,0,2867,0,5506,0,10266,0,18264,0,31199,0,51272,0,79486,0,119585,0,173746,0,239467,0,318768,0,407218,0,501584,0,594093,677081,0,743736,0,785825,0,800032,0,784388,0,743717,0,680622,0,602642,0,514034,0,425977,0,339976,0,263062,0,197741,0,144352,1,101767,7,68504,24,46123,69,29341,18186,349,11109,520,6694,746,3868,777,2316,640,1333,474,657,242,277,78,125,43,39,5,11,1,2,0,0,0,0,0,0,0,0,0,0,0,0,0
0,0,0,0,0,0,0,0,0,0,0,0,0,0,0,0,0,0,0,0,0,0,0,0,0,0,0,0,0,1,0,1,0,9,0,22,41,0,140,0,268,0,618,0,1419,0,2848,0,5404,0,10227,0,17960,0,30885,0,50768,0,78903,0,118794,0,172314,0,237729,0,317029,0,405388,0,499958,0,592729,674743,0,742485,0,785643,0,800136,0,785181,0,743866,0,683591,0,603389,0,516316,0,426909,0,342479,0,264635,0,199199,0,144907,0,102396,8,69320,25,46111,71,29487,18409,341,11360,517,6662,745,3936,741,2403,623,1351,480,655,254,268,91,116,46,38,4,16,0,0,0,0,0,0,0,0,0,0,0,0,0,0,0
0,0,0,0,0,0,0,0,0,0,0,0,0,0,0,0,0,0,0,0,0,0,0,0,0,0,0,0,0,0,0,3,0,7,0,26,39,0,110,0,277,0,627,0,1406,0,2799,0,5386,0,10165,0,17665,0,30541,0,50264,0,78103,0,118044,0,170525,0,236793,0,315227,0,404140,0,497651,0,590763,673031,0,740831,0,786153,0,800084,0,785500,0,746100,0,682958,0,606738,0,517900,0,428601,0,343454,0,266728,0,199754,0,146264,0,103114,10,70051,22,46390,66,29683,18525,351,11369,531,6814,709,3987,789,2350,634,1378,447,686,247,282,95,125,32,46,7,11,0,0,0,0,0,0,0,0,0,0,0,0,0,0,0
0,0,0,0,0,0,0,0,0,0,0,0,0,0,0,0,0,0,0,0,0,0,0,0,0,0,0,0,0,0,0,2,0,6,0,18,48,0,115,0,270,0,604,0,1413,0,2765,0,5368,0,9946,0,17646,0,30060,0,49631,0,77459,0,117524,0,168939,0,235486,0,313040,0,402411,0,496134,0,589317,671558,0,739385,0,784582,0,801585,0,785797,0,747577,0,685307,0,606827,0,519249,0,430754,0,345576,0,267506,0,201348,0,147187,2,103506,5,70819,21,46762,63,29799,18913,326,11405,535,6918,729,3992,770,2408,640,1345,449,705,229,319,95,126,22,44,10,10,1,0,0,0,0,0,0,0,0,0,0,0,0,0,0
0,0,0,0,0,0,0,0,0,0,0,0,0,0,0,0,0,0,0,0,0,0,0,0,0,0,0,0,0,0,0,0,0,5,0,18,39,0,126,0,270,0,631,0,1305,0,2828,0,5272,0,9742,0,17568,0,29504,0,49332,0,77018,0,116001,0,168382,0,233346,0,311871,0,400017,0,495206,0,587467,670029,0,738414,0,784218,0,800259,0,786586,0,749208,0,686791,0,607917,0,521531,0,432754,0,347081,0,269281,0,202310,0,147867,1,104112,9,71358,17,47283,72,29972,19004,312,11531,555,6964,719,4051,760,2455,688,1332,444,706,248,313,98,123,27,36,10,10,3,1,0,0,0,0,0,0,0,0,0,0,0,0,0
0,0,0,0,0,0,0,0,0,0,0,0,0,0,0,0,0,0,0,0,0,0,0,0,0,0,0,0,0,0,0,1,0,6,0,11,39,0,128,0,273,0,622,0,1305,0,2752,0,5146,0,9777,0,17386,0,29248,0,48464,0,76660,0,115458,0,166725,0,231722,0,310168,0,398454,0,492653,0,585352,670088,0,737178,0,783378,0,798855,0,788850,0,749692,0,688136,0,610560,0,522165,0,434903,0,348759,0,270761,0,203250,0,148846,1,104728,10,72092,16,47591,67,30380,19097,319,11706,543,6922,768,4146,765,2387,658,1407,430,730,235,319,102,121,35,41,8,10,2,1,0,0,0,0,0,0,0,0,0,0,0,0,0
0,0,0,0,0,0,0,0,0,0,0,0,0,0,0,0,0,0,0,0,0,0,0,0,0,0,0,0,0,1,0,0,0,3,0,13,46,0,116,0,257,0,642,0,1278,0,2702,0,5108,0,9674,0,16960,0,29110,0,48064,0,75838,0,114665,0,165602,0,230735,0,307188,0,398116,0,490142,0,583183,669477,0,735668,0,782070,0,799372,0,789978,0,750738,0,688827,0,612260,0,523641,0,436930,0,350720,0,272735,0,204405,0,148919,1,105665,7,72513,28,48020,78,30930,19137,308,11688,501,7028,722,4281,743,2437,653,1435,436,719,233,347,101,122,32,40,5,12,2,1,0,0,0,0,0,0,0,0,0,0,0,0,0
0,0,0,0,0,0,0,0,0,0,0,0,0,0,0,0,0,0,0,0,0,0,0,0,0,0,0,0,0,1,0,2,0,2,0,22,32,0,107,0,267,0,618,0,1228,0,2626,0,5189,0,9469,0,16956,0,28665,0,47562,0,75528,0,113506,0,164729,0,228925,0,307038,0,394384,0,488703,0,581270,667576,0,735609,0,780995,0,799491,0,789465,0,752964,0,691146,0,612722,0,526760,0,437208,0,352700,0,273784,0,206423,0,149271,1,106368,9,73302,17,48124,70,31083,19419,322,11810,550,7018,731,4220,811,2452,658,1432,433,727,249,327,104,138,35,33,8,11,2,0,0,1,0,0,0,0,0,0,0,0,0,0,0
0,0,0,0,0,0,0,0,0,0,0,0,0,0,0,0,0,0,0,0,0,0,0,0,0,0,0,0,0,1,0,1,0,4,0,20,34,0,113,0,248,0,608,0,1243,0,2518,0,5248,0,9250,0,16670,0,28541,0,47032,0,75010,0,112599,0,163602,0,227665,0,304920,0,393473,0,485901,0,579890,665312,0,734256,0,780223,0,799655,0,790785,0,752876,0,692382,0,616214,0,527851,0,439761,0,353899,0,275596,0,206472,0,150945,0,107283,9,73429,21,48458,68,31394,19742,341,11694,552,7191,724,4226,786,2509,598,1457,464,718,258,335,102,141,28,43,5,12,1,1,0,0,0,0,0,0,0,0,0,0,0,0,0
0,0,0,0,0,0,0,0,0,0,0,0,0,0,0,0,0,0,0,0,0,0,0,0,0,0,0,0,0,1,0,1,0,5,0,18,37,0,116,0,234,0,599,0,1215,0,2513,0,5057,0,9277,0,16479,0,28297,0,46985,0,73464,0,112515,0,162110,0,225669,0,304319,0,391057,0,483906,0,579438,662696,0,733921,0,779167,0,798641,0,791731,0,754346,0,694882,0,616230,0,530238,0,441379,0,355686,0,276651,0,207465,0,152165,0,108127,8,73906,24,48841,68,31617,19842,321,11897,516,7113,742,4337,744,2563,662,1436,478,730,243,336,115,139,30,40,7,13,1,1,0,1,0,0,0,0,0,0,0,0,0,0,0
0,0,0,0,0,0,0,0,0,0,0,0,0,0,0,0,0,0,0,0,0,0,0,0,0,0,0,0,0,1,0,1,0,4,0,16,41,0,104,0,245,0,593,0,1196,0,2491,0,4870,0,9176,0,16318,0,28187,0,46452,0,73166,0,111219,0,161226,0,224816,0,301940,0,388897,0,482856,0,576992,660194,0,733739,0,778907,0,797889,0,792749,0,755382,0,697075,0,618029,0,531212,0,443722,0,355950,0,278051,0,209456,0,153356,0,108341,7,74442,23,49563,62,31821,19830,327,12062,508,7140,740,4449,746,2593,635,1444,482,731,243,332,112,170,31,35,5,12,1,1,0,2,0,0,0,0,0,0,0,0,0,0,0
0,0,0,0,0,0,0,0,0,0,0,0,0,0,0,0,0,0,0,0,0,0,0,0,0,0,0,0,0,0,0,3,0,6,0,10,32,0,117,0,235,0,581,0,1213,0,2418,0,4830,0,9036,0,16300,0,27736,0,46071,0,72559,0,110338,0,159345,0,224487,0,300140,0,386417,0,481575,0,574981,659343,0,730652,0,778778,0,799081,0,792812,0,756513,0,697468,0,619714,0,534122,0,444771,0,357802,0,279591,0,210637,0,154400,0,109426,4,75030,19,49910,53,31794,20024,326,12222,502,7195,734,4351,793,2607,674,1451,479,750,247,334,119,152,38,36,7,13,1,1,0,2,0,0,0,0,0,0,0,0,0,0,0
0,0,0,0,0,0,0,0,0,0,0,0,0,0,0,0,0,0,0,0,0,0,0,0,0,0,0,0,0,1,0,1,0,4,0,12,46,0,110,0,237,0,534,0,1212,0,2446,0,4581,0,9178,0,16089,0,27546,0,45564,0,71914,0,109042,0,158507,0,222846,0,298196,0,385623,0,479173,0,572685,657906,0,730115,0,779146,0,799937,0,790810,0,757208,0,699171,0,621972,0,535381,0,446480,0,360297,0,280390,0,211897,0,155701,1,109906,4,75588,16,50182,61,32177,20290,322,12270,533,7216,745,4362,779,2692,653,1461,494,732,259,344,122,133,36,49,8,9,3,1,0,2,0,0,0,0,0,0,0,0,0,0,0
0,0,0,0,0,0,0,0,0,0,0,0,0,0,0,0,0,0,0,0,0,0,0,0,0,0,0,0,0,1,0,2,0,2,0,21,40,0,103,0,250,0,529,0,1155,0,2366,0,4673,0,8980,0,15903,0,27280,0,45264,0,71219,0,108020,0,158017,0,220553,0,297380,0,383018,0,477641,0,570206,657031,0,729630,0,777806,0,798235,0,794552,0,755934,0,700452,0,624490,0,537866,0,447670,0,361913,0,281463,0,213623,0,156608,1,110537,9,75844,16,50462,58,32660,20565,341,12332,459,7332,707,4398,778,2692,661,1478,443,768,268,333,131,132,43,36,10,14,1,1,0,1,0,1,0,0,0,0,0,0,0,0,0
0,0,0,0,0,0,0,0,0,0,0,0,0,0,0,0,0,0,0,0,0,0,0,0,0,0,0,0,0,1,0,0,0,5,0,15,43,0,106,0,240,0,532,0,1117,0,2351,0,4681,0,8778,0,15733,0,27214,0,44705,0,70367,0,107355,0,156389,0,219602,0,295488,0,381946,0,475073,0,568786,656023,0,729165,0,775123,0,799121,0,793658,0,758815,0,701023,0,626332,0,539637,0,449994,0,362374,0,283778,0,214368,0,157449,1,111737,5,76327,17,50766,61,32871,20705,329,12394,514,7266,687,4523,784,2697,646,1503,455,766,248,356,119,128,42,49,5,16,1,1,0,2,0,0,0,0,0,0,0,0,0,0,0
0,0,0,0,0,0,0,0,0,0,0,0,0,0,0,0,0,0,0,0,0,0,0,0,0,0,0,0,0,0,0,1,0,7,0,15,34,0,113,0,232,0,520,0,1128,0,2291,0,4692,0,8583,0,15520,0,26970,0,43905,0,70057,0,106495,0,155929,0,217529,0,293986,0,380788,0,473143,0,567295,654226,0,726518,0,775398,0,799314,0,793850,0,759969,0,701980,0,628206,0,540979,0,451890,0,364791,0,284399,0,216212,0,158073,0,112812,5,76831,24,51003,65,32888,20922,326,12528,513,7315,709,4487,819,2774,671,1478,444,765,257,357,121,144,45,42,8,12,1,3,0,1,0,0,0,0,0,0,0,0,0,0,0
0,0,0,0,0,0,0,0,0,0,0,0,0,0,0,0,0,0,0,0,0,0,0,0,0,0,0,0,0,0,0,1,0,7,0,17,27,0,109,0,226,0,523,0,1096,0,2337,0,4621,0,8474,0,15473,0,26588,0,43642,0,69193,0,105918,0,154254,0,216711,0,292178,0,379108,0,471015,0,565308,652377,0,725764,0,774677,0,799932,0,794557,0,761119,0,703925,0,628292,0,543073,0,454075,0,365705,0,286141,0,217024,0,159419,1,113140,8,77611,23,51413,60,33180,20959,318,12616,509,7527,681,4465,805,2831,687,1493,457,702,261,361,138,142,43,50,6,10,0,3,1,1,0,0,0,0,0,0,0,0,0,0,0
0,0,0,0,0,0,0,0,0,0,0,0,0,0,0,0,0,0,0,0,0,0,0,0,0,0,0,0,0,0,0,2,0,5,0,17,33,0,109,0,210,0,518,0,1097,0,2275,0,4454,0,8584,0,15232,0,26147,0,43644,0,68537,0,104369,0,153741,0,214993,0,291530,0,376656,0,469308,0,563316,651663,0,724371,0,774217,0,799133,0,794348,0,762048,0,706454,0,629075,0,544654,0,456060,0,367518,0,287677,0,218393,0,160450,0,113313,6,78137,21,52067,58,33454,20966,307,12863,516,7649,709,4483,806,2847,683,1482,428,738,265,376,130,146,49,48,7,10,1,4,1,0,0,0,0,0,0,0,0,0,0,0,0
0,0,0,0,0,0,0,0,0,0,0,0,0,0,0,0,0,0,0,0,0,0,0,0,0,0,0,0,0,0,0,1,0,4,0,16,44,0,85,0,233,0,477,0,1112,0,2235,0,4405,0,8399,0,15044,0,26077,0,43127,0,68018,0,103705,0,152369,0,214176,0,288662,0,375620,0,467505,0,562208,650167,0,722468,0,774197,0,798071,0,795508,0,761993,0,708136,0,630537,0,546645,0,457259,0,370598,0,287777,0,220488,1,161145,0,114038,6,78856,22,52367,59,33634,21087,306,12958,554,7713,679,4538,780,2834,662,1567,469,716,275,383,114,156,56,38,11,10,1,6,0,1,0,0,0,0,0,0,0,0,0,0,0
0,0,0,0,0,0,0,0,0,0,0,0,0,0,0,0,0,0,0,0,0,0,0,0,0,0,0,0,0,0,0,1,0,2,0,16,41,0,88,0,203,0,509,0,1025,0,2320,0,4287,0,8439,0,14912,0,25693,0,42425,0,67861,0,102706,0,151391,0,212396,0,287533,0,373319,0,466108,0,559241,649335,0,721367,0,773604,0,798961,0,795369,0,763670,0,707586,0,633749,0,548041,0,459131,0,371380,0,290152,0,221022,1,162228,0,114804,5,79345,29,52908,45,33905,21269,277,12900,517,7839,694,4679,789,2806,651,1608,440,747,266,370,127,156,41,52,10,10,1,5,0,0,0,1,0,0,0,0,0,0,0,0,0
0,0,0,0,0,0,0,0,0,0,0,0,0,0,0,0,0,0,0,0,0,0,0,0,0,0,0,0,0,0,0,0,0,2,0,18,40,0,92,0,201,0,496,0,1039,0,2262,0,4267,0,8350,0,14840,0,25172,0,42319,0,66924,0,102522,0,149614,0,211185,0,286051,0,372015,0,463230,0,557916,647226,0,720728,0,772237,0,800891,0,794053,0,765376,0,709376,0,633935,0,550426,0,460326,0,373550,0,292051,0,222047,0,162474,0,116168,4,79774,23,53332,50,34288,21273,315,13002,492,7918,684,4747,786,2796,633,1598,449,787,264,362,129,153,51,52,12,7,2,4,0,2,0,0,0,0,0,0,0,0,0,0,0
0,0,0,0,0,0,0,0,0,0,0,0,0,0,0,0,0,0,0,0,0,0,0,0,0,0,0,0,0,0,0,0,0,4,0,13,39,0,99,0,192,0,481,0,1103,0,2160,0,4232,0,8278,0,14577,0,25254,0,41698,0,66576,0,101340,0,149097,0,209331,0,284167,0,370322,0,462474,0,555791,645387,0,718608,0,772590,0,800280,0,793974,0,766793,0,710865,0,636139,0,551279,0,462629,0,375023,0,293835,0,222764,0,163648,1,116540,4,80592,24,53689,55,34269,21864,306,13054,494,7824,700,4761,816,2824,652,1593,465,792,266,370,127,148,56,53,11,9,2,3,1,1,0,0,0,0,0,0,0,0,0,0,0
0,0,0,0,0,0,0,0,0,0,0,0,0,0,0,0,0,0,0,0,0,0,0,0,0,0,0,0,0,0,0,1,0,4,0,11,42,0,93,0,206,0,458,0,1088,0,2119,0,4247,0,8071,0,14506,0,25044,0,41459,0,65769,0,100667,0,147560,0,208300,0,282724,0,368526,0,461365,0,553046,644228,0,717403,0,771431,0,798607,0,796327,0,766366,0,712067,0,639043,0,552381,0,465015,0,376273,0,295096,0,224523,0,164476,1,117331,5,80978,23,54151,55,34579,22104,289,13144,518,7954,706,4792,799,2907,660,1583,419,793,288,371,138,142,50,56,11,14,1,2,1,1,0,0,0,0,0,0,0,0,0,0,0
0,0,0,0,0,0,0,0,0,0,0,0,0,0,0,0,0,0,0,0,0,0,0,0,0,0,0,0,0,0,0,0,0,4,0,15,42,0,86,0,196,0,445,0,1028,0,2158,0,4155,0,7997,0,14309,0,24766,0,41026,0,65224,0,99957,0,146919,0,207008,0,280546,0,367879,0,459132,0,551910,640522,0,715581,0,771426,0,799518,0,796126,0,767287,0,713884,0,640375,0,554163,0,466819,0,377917,0,296602,0,225766,0,165534,0,117823,6,81905,21,54300,61,35085,22019,297,13206,487,8085,685,4837,788,2863,667,1609,437,826,277,381,129,168,42,51,10,17,0,2,1,1,0,0,0,0,0,0,0,0,0,0,0
0,0,0,0,0,0,0,0,0,0,0,0,0,0,0,0,0,0,0,0,0,0,0,0,0,0,0,0,0,0,0,1,0,1,0,20,39,0,69,0,213,0,450,0,1007,0,2140,0,4113,0,7925,0,14063,0,24512,0,40710,0,64483,0,99502,0,146145,0,204700,0,280227,0,365348,0,457107,0,550914,639519,0,714264,0,770527,0,797759,0,797020,0,768642,0,715412,0,641258,0,556476,0,467818,0,379482,0,299279,0,226173,0,166328,0,119034,2,82041,12,54980,60,35354,22132,292,13283,488,8223,703,4795,798,2911,675,1592,476,808,275,401,140,161,35,62,8,17,0,2,1,1,0,0,0,0,0,0,0,0,0,0,0
0,0,0,0,0,0,0,0,0,0,0,0,0,0,0,0,0,0,0,0,0,0,0,0,0,0,0,0,0,0,0,1,0,3,0,11,39,0,71,0,212,0,439,0,1020,0,2099,0,4115,0,7716,0,14125,0,24108,0,40200,0,64416,0,98249,0,144504,0,204217,0,278200,0,363260,0,456093,0,548969,637672,0,712618,0,771002,0,797005,0,797477,0,769221,0,716318,0,643426,0,558732,0,469348,0,381430,0,299465,0,228352,0,167157,0,120068,4,82167,13,55440,54,35623,22269,287,13611,474,8094,687,4926,773,2908,705,1615,483,817,261,425,120,157,49,60,11,12,0,3,1,1,0,0,0,0,0,0,0,0,0,0,0
0,0,0,0,0,0,0,0,0,0,0,0,0,0,0,0,0,0,0,0,0,0,0,0,0,0,0,0,0,0,0,0,0,5,0,10,38,0,85,0,194,0,407,0,1043,0,2059,0,4020,0,7642,0,14059,0,23881,0,39708,0,63870,0,97161,0,143299,0,203545,0,276324,0,362002,0,453766,0,548217,636259,0,711070,0,767857,0,798085,0,797478,0,770172,0,717585,0,645111,0,561177,0,471535,0,382816,0,300835,0,228839,0,169271,2,120085,2,83018,14,55637,51,35887,22615,304,13558,499,8215,710,4959,756,2904,681,1690,464,818,295,414,125,138,56,57,11,14,0,1,1,2,0,0,0,0,0,0,0,0,0,0,0
0,0,0,0,0,0,0,0,0,0,0,0,0,0,0,0,0,0,0,0,0,0,0,0,0,0,0,0,0,0,0,1,0,2,0,13,33,0,68,0,199,0,462,0,963,0,2031,0,4011,0,7647,0,13785,0,23792,0,39671,0,62931,0,96241,0,142326,0,202096,0,274921,0,360336,0,451951,0,545833,633916,0,710966,0,766588,0,797842,0,798886,0,770983,0,718517,0,647063,0,563099,0,472992,0,384474,0,301863,0,230308,0,169970,1,121318,2,83234,21,56122,62,36198,22628,301,13774,491,8304,714,4955,749,2961,680,1685,472,855,295,396,122,155,49,56,5,19,0,2,1,1,0,0,0,0,0,0,0,0,0,0,0
0,0,0,0,0,0,0,0,0,0,0,0,0,0,0,0,0,0,0,0,0,0,0,0,0,0,0,0,0,0,0,0,0,2,0,15,27,0,77,0,195,0,420,0,972,0,2000,0,4039,0,7520,0,13500,0,23643,0,38895,0,62473,0,96048,0,141467,0,200779,0,272994,0,358570,0,449821,0,544222,632311,0,709725,0,766114,0,797619,0,798845,0,771375,0,720234,0,649043,0,563694,0,475895,0,385857,0,303253,0,231611,0,170858,2,122066,7,84476,17,56088,45,36674,22775,276,13749,471,8335,678,5009,776,3021,686,1718,475,843,287,414,119,157,51,41,12,22,2,2,0,1,0,0,0,0,0,0,0,0,0,0,0
0,0,0,0,0,0,0,0,0,0,0,0,0,0,0,0,0,0,0,0,0,0,0,0,0,0,0,0,0,0,0,0,0,5,0,12,25,0,80,0,186,0,412,0,983,0,2035,0,3914,0,7387,0,13472,0,23167,0,39028,0,61688,0,95105,0,140182,0,199252,0,272165,0,356199,0,448470,0,542195,631141,0,708945,0,765150,0,796842,0,798866,0,772192,0,720553,0,651898,0,566144,0,476965,0,387563,0,305088,0,232609,0,171528,1,123209,6,85041,27,56509,43,36852,22852,283,14005,456,8296,675,5030,765,3018,722,1669,529,883,267,400,140,159,39,45,11,23,1,5,0,1,0,0,0,0,0,0,0,0,0,0,0
0,0,0,0,0,0,0,0,0,0,0,0,0,0,0,0,0,0,0,0,0,0,0,0,0,0,0,0,0,0,0,1,0,3,0,7,25,0,81,0,184,0,413,0,975,0,1991,0,3814,0,7377,0,13251,0,23059,0,38402,0,61377,0,94525,0,139152,0,198662,0,270445,0,354128,0,445548,0,539813,630218,0,708103,0,763840,0,797535,0,798755,0,773565,0,722546,0,652052,0,568603,0,478353,0,389459,0,306417,0,233500,0,172749,1,123715,5,85433,29,57274,49,37194,23091,278,13991,452,8440,735,5013,783,3088,697,1716,496,901,271,392,136,174,39,49,16,15,4,2,1,0,0,0,0,0,0,0,0,0,0,0,0
0,0,0,0,0,0,0,0,0,0,0,0,0,0,0,0,0,0,0,0,0,0,0,0,0,0,0,0,0,0,0,1,0,3,0,8,28,0,71,0,180,0,428,0,945,0,1888,0,3942,0,7234,0,13116,0,22749,0,37899,0,60923,0,93595,0,138240,0,197158,0,268669,0,352581,0,444217,0,538740,628010,0,705871,0,764040,0,797260,0,798119,0,775081,0,724404,0,653142,0,569918,0,480888,0,390239,0,308765,0,234165,0,174162,0,124029,6,86340,26,57620,49,37244,23424,272,14142,454,8481,708,5138,744,3083,675,1757,502,914,288,407,125,180,35,41,22,17,2,4,0,0,0,0,0,0,0,0,0,0,0,0,0
0,0,0,0,0,0,0,0,0,0,0,0,0,0,0,0,0,0,0,0,0,0,0,0,0,0,0,0,0,0,0,0,0,3,0,13,28,0,70,0,163,0,416,0,943,0,1966,0,3787,0,7182,0,13039,0,22500,0,37505,0,59956,0,93011,0,137741,0,195266,0,267573,0,351073,0,442526,0,536070,626048,0,705217,0,763530,0,795922,0,799880,0,775527,0,726116,0,654022,0,572492,0,481155,0,392130,0,309965,0,236798,0,174323,0,125240,5,86658,24,58045,64,37529,23761,265,14184,510,8503,682,5150,749,3012,688,1792,523,920,298,393,139,194,40,41,20,13,4,6,0,0,0,0,0,0,0,0,0,0,0,0,0
0,0,0,0,0,0,0,0,0,0,0,0,0,0,0,0,0,0,0,0,0,0,0,0,0,0,0,0,0,0,0,0,0,4,0,10,28,0,60,0,175,0,432,0,909,0,1926,0,3807,0,6914,0,12930,0,22258,0,37102,0,59550,0,92341,0,136995,0,193742,0,266132,0,349530,0,439702,0,535226,624417,0,703608,0,762479,0,796220,0,799705,0,776368,0,726666,0,656420,0,573658,0,483574,0,393766,0,311425,0,237793,0,175770,0,125960,9,86989,20,58588,68,37734,23803,273,14381,456,8716,697,5199,778,3009,681,1773,542,914,300,423,139,188,39,52,14,15,3,3,0,0,0,0,0,0,0,0,0,0,0,0,0
0,0,0,0,0,0,0,0,0,0,0,0,0,0,0,0,0,0,0,0,0,0,0,0,0,0,0,0,0,0,0,0,0,5,0,11,24,0,64,0,164,0,411,0,898,0,1943,0,3720,0,6912,0,12520,0,22157,0,36767,0,59537,0,91125,0,135766,0,192831,0,264281,0,347747,0,438504,0,532750,623782,0,701268,0,761281,0,795319,0,801621,0,776951,0,727626,0,658770,0,574818,0,485580,0,395448,0,312128,0,239687,0,176231,0,126975,8,87834,16,58833,52,38040,24102,273,14532,447,8856,688,5205,750,3037,706,1769,514,952,299,431,133,173,52,51,13,13,4,3,0,0,0,0,0,0,0,0,0,0,0,0,0
0,0,0,0,0,0,0,0,0,0,0,0,0,0,0,0,0,0,0,0,0,0,0,0,0,0,0,0,0,0,0,1,0,2,0,12,27,0,70,0,172,0,381,0,849,0,1927,0,3793,0,6747,0,12374,0,21972,0,36319,0,58828,0,90710,0,134892,0,192007,0,261945,0,345590,0,436591,0,530761,622475,0,700797,0,760338,0,795798,0,801763,0,777917,0,729026,0,659133,0,576747,0,487355,0,396438,0,314539,0,240465,0,177583,0,127409,14,88464,16,59352,50,38408,24271,255,14638,466,8896,680,5225,720,3072,681,1771,509,972,329,436,123,172,50,50,14,14,5,2,0,0,0,0,0,0,0,0,0,0,0,0,0
0,0,0,0,0,0,0,0,0,0,0,0,0,0,0,0,0,0,0,0,0,0,0,0,0,0,0,0,0,0,0,1,0,2,0,14,24,0,75,0,161,0,391,0,819,0,1858,0,3642,0,6799,0,12258,0,21552,0,35948,0,58097,0,90118,0,133999,0,190460,0,261427,0,342975,0,435714,0,528620,620296,0,699640,0,759706,0,795539,0,802028,0,778436,0,731110,0,659515,0,578384,0,488803,0,399173,0,315599,0,242049,0,178501,0,128458,9,88766,16,59738,53,38767,24487,253,14873,459,8913,690,5188,773,3029,692,1809,528,976,306,452,134,172,43,54,10,19,4,2,0,2,0,0,0,0,0,0,0,0,0,0,0
0,0,0,0,0,0,0,0,0,0,0,0,0,0,0,0,0,0,0,0,0,0,0,0,0,0,0,0,0,0,0,0,0,5,0,10,33,0,64,0,173,0,365,0,831,0,1785,0,3594,0,6686,0,12272,0,21280,0,35695,0,57554,0,89321,0,132930,0,189511,0,259391,0,342294,0,432383,0,527565,618695,0,698271,0,758898,0,795012,0,802049,0,779704,0,732220,0,661936,0,579625,0,490101,0,401050,0,317229,0,242948,0,179831,0,128828,8,89783,21,60075,48,39034,24778,259,14758,472,8976,721,5321,758,3001,702,1835,546,954,314,445,134,184,50,49,17,19,3,2,0,2,0,0,0,0,0,0,0,0,0,0,0
0,0,0,0,0,0,0,0,0,0,0,0,0,0,0,0,0,0,0,0,0,0,0,0,0,0,0,0,0,0,0,0,0,4,0,12,24,0,71,0,166,0,374,0,817,0,1755,0,3531,0,6609,0,12103,0,21205,0,35075,0,57295,0,88578,0,131668,0,188625,0,258502,0,339997,0,430144,0,525679,618187,0,696358,0,758467,0,793756,0,802424,0,781315,0,733434,0,661996,0,581701,0,492132,0,403385,0,318325,0,244089,0,180644,1,129942,4,90299,18,60555,41,39373,24771,248,15040,473,9060,703,5324,769,3102,716,1784,532,974,303,480,130,177,51,53,13,17,3,3,0,2,0,0,0,0,0,0,0,0,0,0,0
0,0,0,0,0,0,0,0,0,0,0,0,0,0,0,0,0,0,0,0,0,0,0,0,0,0,0,0,0,0,0,1,0,5,0,7,32,0,57,0,152,0,382,0,821,0,1666,0,3542,0,6577,0,11915,0,20814,0,35153,0,56423,0,88092,0,130770,0,187143,0,256936,0,338500,0,428631,0,524319,615708,0,695406,0,756372,0,795117,0,802181,0,780621,0,735182,0,664698,0,583299,0,493452,0,404419,0,319565,0,246249,0,181940,0,130680,3,90651,18,61057,53,39456,25131,257,15217,471,9060,641,5445,742,3079,718,1812,535,1008,321,456,140,174,44,50,15,20,2,3,0,2,0,0,0,0,0,0,0,0,0,0,0
0,0,0,0,0,0,0,0,0,0,0,0,0,0,0,0,0,0,0,0,0,0,0,0,0,0,0,0,0,0,0,1,0,3,0,11,31,0,57,0,149,0,356,0,828,0,1663,0,3551,0,6363,0,11877,0,20613,0,34826,0,56104,0,87173,0,129875,0,185929,0,255091,0,336355,0,427681,0,522720,613825,0,693543,0,756513,0,794479,0,803067,0,781203,0,734344,0,668200,0,584917,0,494423,0,405923,0,321518,0,247177,0,183368,0,131456,6,91259,18,61220,46,39834,25339,257,15287,468,9059,672,5465,769,3210,687,1779,558,1018,315,478,131,183,40,57,12,17,4,5,0,2,0,0,0,0,0,0,0,0,0,0,0
0,0,0,0,0,0,0,0,0,0,0,0,0,0,0,0,0,0,0,0,0,0,0,0,0,0,0,0,0,0,0,1,0,5,0,12,18,0,59,0,156,0,355,0,773,0,1781,0,3350,0,6421,0,11636,0,20315,0,34586,0,55693,0,86367,0,128912,0,184944,0,253741,0,334462,0,425906,0,520501,611933,0,693498,0,754737,0,793975,0,803675,0,781812,0,736400,0,668497,0,586577,0,496451,0,408411,0,322802,0,248157,0,184346,0,132112,7,91913,16,61523,40,40474,25359,262,15318,450,9215,670,5401,800,3261,707,1819,544,991,313,493,147,179,40,50,12,19,2,5,0,1,0,0,0,0,0,0,0,0,0,0,0
0,0,0,0,0,0,0,0,0,0,0,0,0,0,0,0,0,0,0,0,0,0,0,0,0,0,0,0,0,0,0,1,0,3,0,10,22,0,51,0,159,0,355,0,777,0,1715,0,3321,0,6337,0,11506,0,20256,0,34086,0,55307,0,85437,0,128408,0,182689,0,252581,0,333504,0,424188,0,518857,609657,0,692245,0,753828,0,793626,0,803626,0,782270,0,737419,0,671010,0,587474,0,498962,0,409291,0,325275,0,249376,0,184355,0,133427,4,92425,18,62271,40,40572,25681,268,15320,446,9376,617,5516,775,3331,704,1809,554,1012,303,493,143,179,39,62,13,19,2,3,0,2,0,0,0,0,0,0,0,0,0,0,0
0,0,0,0,0,0,0,0,0,0,0,0,0,0,0,0,0,0,0,0,0,0,0,0,0,0,0,0,0,0,0,0,0,6,0,5,22,0,53,0,151,0,337,0,786,0,1699,0,3277,0,6335,0,11168,0,20107,0,34027,0,54830,0,84707,0,127044,0,182166,0,250680,0,332271,0,421776,0,517969,608441,0,689434,0,753381,0,793664,0,802305,0,784283,0,737946,0,671124,0,590787,0,500942,0,410889,0,327145,0,250110,0,185812,1,133666,3,93393,14,62688,47,40740,25697,261,15763,449,9252,626,5594,810,3294,737,1848,538,1036,320,473,155,180,41,63,13,19,3,3,0,2,0,0,0,0,0,0,0,0,0,0,0
0,0,0,0,0,0,0,0,0,0,0,0,0,0,0,0,0,0,0,0,0,0,0,0,0,0,0,0,0,0,0,1,0,1,0,12,14,0,65,0,152,0,332,0,780,0,1638,0,3295,0,6140,0,11220,0,19840,0,33645,0,54066,0,84825,0,125336,0,181009,0,249526,0,329998,0,421112,0,515788,606265,0,688758,0,751937,0,792000,0,804713,0,783371,0,739947,0,673056,0,592353,0,502841,0,412370,0,328528,0,251019,0,186914,0,134875,6,93824,7,63055,51,41197,25870,252,15701,481,9451,609,5593,788,3344,696,1921,520,1017,317,487,148,182,49,63,10,16,5,4,0,2,0,0,0,0,0,0,0,0,0,0,0
0,0,0,0,0,0,0,0,0,0,0,0,0,0,0,0,0,0,0,0,0,0,0,0,0,0,0,0,0,0,0,1,0,2,0,11,20,0,58,0,136,0,356,0,754,0,1644,0,3163,0,6175,0,11042,0,19760,0,33109,0,53780,0,83554,0,124940,0,179917,0,248129,0,328428,0,419117,0,513753,604438,0,687782,0,750524,0,791831,0,803977,0,785895,0,740249,0,674834,0,593979,0,504530,0,414347,0,329415,0,252592,0,187998,0,135644,5,94554,9,63116,49,41611,26251,245,15834,467,9528,643,5528,808,3322,779,1941,489,1054,317,489,149,185,53,62,11,17,4,2,0,2,0,0,0,0,0,0,0,0,0,0,0
0,0,0,0,0,0,0,0,0,0,0,0,0,0,0,0,0,0,0,0,0,0,0,0,0,0,0,0,0,0,0,1,0,2,0,15,12,0,53,0,160,0,333,0,738,0,1607,0,3206,0,5977,0,11011,0,19383,0,32930,0,53432,0,82843,0,124394,0,178390,0,246664,0,327156,0,417091,0,511737,602685,0,685594,0,750908,0,790835,0,804429,0,786375,0,742116,0,676531,0,594472,0,506378,0,416055,0,330683,0,254570,0,189231,0,136218,5,94737,19,63913,42,41848,26427,268,15879,459,9661,640,5520,815,3381,758,1923,516,1074,320,504,139,196,53,62,8,16,3,7,0,0,0,0,0,0,0,0,0,0,0,0,0
0,0,0,0,0,0,0,0,0,0,0,0,0,0,0,0,0,0,0,0,0,0,0,0,0,0,0,0,0,0,0,1,0,2,0,11,18,0,51,0,147,0,345,0,725,0,1587,0,3113,0,5946,0,10797,0,19318,0,32562,0,52952,0,82362,0,123286,0,177353,0,245265,0,325804,0,415027,0,509340,602014,0,683443,0,750644,0,790753,0,802803,0,786866,0,743392,0,678857,0,595582,0,508432,0,418294,0,332362,0,255206,0,190483,1,137196,2,95421,19,64414,35,42297,26379,237,16028,431,9700,644,5652,795,3426,728,1945,535,1065,332,493,148,201,38,74,10,11,2,5,0,1,0,0,0,0,0,0,0,0,0,0,0
0,0,0,0,0,0,0,0,0,0,0,0,0,0,0,0,0,0,0,0,0,0,0,0,0,0,0,0,0,0,0,0,0,2,0,10,20,0,45,0,155,0,325,0,760,0,1506,0,3055,0,5931,0,10602,0,19051,0,32306,0,52423,0,82003,0,122362,0,176575,0,243463,0,323736,0,413538,0,507886,599738,0,682526,0,748389,0,791602,0,802244,0,787696,0,745195,0,680231,0,597481,0,510200,0,418998,0,334033,0,256762,0,191919,0,137858,5,95798,10,65125,40,42325,26650,243,16201,454,9683,662,5764,752,3400,755,1977,551,1069,310,514,159,182,47,76,11,10,2,6,0,1,0,0,0,0,0,0,0,0,0,0,0
0,0,0,0,0,0,0,0,0,0,0,0,0,0,0,0,0,0,0,0,0,0,0,0,0,0,0,0,0,0,0,0,0,2,0,9,15,0,60,0,142,0,331,0,747,0,1511,0,2975,0,5805,0,10618,0,18676,0,32066,0,52122,0,81041,0,121931,0,175037,0,242241,0,321851,0,411848,0,506356,598239,0,680155,0,747564,0,791315,0,803828,0,787873,0,745328,0,680836,0,600877,0,512588,0,418687,0,335635,0,258652,0,192686,1,139038,5,97003,11,65121,40,42471,26875,215,16371,452,9854,615,5784,782,3379,778,2014,558,1078,307,504,163,193,50,64,9,18,2,5,0,1,0,0,0,0,0,0,0,0,0,0,0
0,0,0,0,0,0,0,0,0,0,0,0,0,0,0,0,0,0,0,0,0,0,0,0,0,0,0,0,0,0,0,0,0,2,0,5,25,0,57,0,138,0,327,0,749,0,1475,0,2959,0,5697,0,10558,0,18518,0,31608,0,51546,0,80781,0,120394,0,174366,0,240481,0,320458,0,410212,0,504544,595820,0,679550,0,747084,0,789612,0,804684,0,788682,0,746394,0,682096,0,602515,0,514066,0,421713,0,336399,0,259828,0,193830,1,139634,3,97444,13,65902,41,42577,27124,239,16576,479,9794,631,5860,772,3352,756,2074,538,1092,324,516,154,184,55,63,11,17,2,5,1,1,0,0,0,0,0,0,0,0,0,0,0
0,0,0,0,0,0,0,0,0,0,0,0,0,0,0,0,0,0,0,0,0,0,0,0,0,0,0,0,0,0,0,0,0,1,0,6,26,0,58,0,138,0,318,0,705,0,1464,0,2953,0,5568,0,10469,0,18446,0,31182,0,51231,0,79865,0,119939,0,173076,0,239156,0,318253,0,408727,0,502413,594859,0,678233,0,745016,0,789465,0,805416,0,789015,0,748030,0,683534,0,604065,0,515328,0,422713,0,338758,0,260803,0,195172,2,140707,3,98534,16,65638,42,42890,27439,235,16539,424,10023,648,5832,776,3494,735,2030,541,1081,335,551,141,205,46,64,14,15,1,3,0,3,0,0,0,0,0,0,0,0,0,0,0
0,0,0,0,0,0,0,0,0,0,0,0,0,0,0,0,0,0,0,0,0,0,0,0,0,0,0,0,0,0,0,0,0,0,0,8,21,0,52,0,137,0,297,0,711,0,1430,0,2898,0,5515,0,10317,0,18264,0,31206,0,50425,0,79316,0,119094,0,171577,0,238315,0,316921,0,406008,0,500802,593485,0,677320,0,742824,0,790715,0,804615,0,790238,0,748549,0,685295,0,605351,0,516164,0,425952,0,339984,0,261781,0,195835,1,141786,2,98745,13,66498,45,43138,27545,214,16933,442,10085,614,5837,837,3435,742,2083,538,1071,323,554,149,200,54,62,14,18,2,3,1,2,0,0,0,0,0,0,0,0,0,0,0
0,0,0,0,0,0,0,0,0,0,0,0,0,0,0,0,0,0,0,0,0,0,0,0,0,0,0,0,0,0,0,0,0,0,0,8,26,0,55,0,123,0,280,0,734,0,1348,0,2895,0,5502,0,10144,0,18187,0,30806,0,50107,0,78756,0,117995,0,170253,0,236947,0,315180,0,404658,0,498729,591514,0,676593,0,743498,0,788151,0,804922,0,790506,0,750469,0,686844,0,607452,0,516995,0,426500,0,342372,0,263653,0,196575,2,142527,1,99201,13,66966,60,43618,27827,243,17011,431,10050,638,5921,733,3569,750,2068,551,1079,316,529,162,203,52,66,19,17,3,4,0,1,0,0,0,0,0,0,0,0,0,0,0
0,0,0,0,0,0,0,0,0,0,0,0,0,0,0,0,0,0,0,0,0,0,0,0,0,0,0,0,0,0,0,0,0,1,0,5,13,0,54,0,137,0,286,0,660,0,1406,0,2779,0,5497,0,10193,0,17789,0,30421,0,49896,0,77999,0,117396,0,168807,0,235362,0,313688,0,402794,0,496703,590752,0,675009,0,742912,0,786984,0,804749,0,790935,0,752370,0,687730,0,608650,0,518713,0,429417,0,342877,0,265252,0,197649,0,143441,0,99722,10,67669,41,44070,27997,226,17059,441,10136,633,5895,756,3581,767,2068,561,1067,341,505,162,214,49,66,16,23,2,4,0,1,0,0,0,0,0,0,0,0,0,0,0
0,0,0,0,0,0,0,0,0,0,0,0,0,0,0,0,0,0,0,0,0,0,0,0,0,0,0,0,0,0,0,0,0,3,0,2,8,0,65,0,106,0,322,0,630,0,1391,0,2730,0,5502,0,9880,0,17804,0,30106,0,49299,0,77292,0,116681,0,167925,0,232828,0,312960,0,400462,0,496669,588287,0,673253,0,742370,0,786546,0,803623,0,792061,0,752017,0,690544,0,610406,0,521311,0,430761,0,344162,0,266077,0,199169,0,144276,1,100380,14,68241,26,44107,28390,228,17042,430,10192,642,5966,770,3566,741,2097,563,1090,313,540,158,220,46,72,18,21,2,4,0,0,0,0,0,0,0,0,0,0,0,0,0
0,0,0,0,0,0,0,0,0,0,0,0,0,0,0,0,0,0,0,0,0,0,0,0,0,0,0,0,0,0,0,2,0,0,0,3,13,0,51,0,124,0,289,0,632,0,1380,0,2705,0,5345,0,9931,0,17615,0,29907,0,48834,0,76833,0,115382,0,166788,0,232034,0,311121,0,398403,0,493718,587821,0,672777,0,740903,0,786290,0,803262,0,791906,0,754245,0,690646,0,612757,0,522784,0,432264,0,346480,0,267426,0,200025,1,145138,2,101068,14,68437,27,44431,28435,238,17289,423,10224,639,6074,777,3580,722,2103,584,1133,306,503,175,228,41,77,12,23,3,5,0,0,0,0,0,0,0,0,0,0,0,0,0
0,0,0,0,0,0,0,0,0,0,0,0,0,0,0,0,0,0,0,0,0,0,0,0,0,0,0,0,0,0,0,2,0,1,0,4,10,0,48,0,137,0,258,0,667,0,1315,0,2711,0,5281,0,9963,0,17289,0,29573,0,48254,0,76394,0,114308,0,165950,0,230677,0,308579,0,397122,0,493024,585403,0,672477,0,738953,0,785488,0,803002,0,792917,0,754189,0,693977,0,613446,0,524463,0,434097,0,347966,0,268385,0,201512,0,145778,1,101931,13,68946,32,44948,28482,251,17357,412,10339,637,6104,784,3580,727,2151,567,1126,320,500,177,230,49,81,15,22,2,3,1,0,0,0,0,0,0,0,0,0,0,0,0
0,0,0,0,0,0,0,0,0,0,0,0,0,0,0,0,0,0,0,0,0,0,0,0,0,0,0,0,0,0,0,1,0,2,0,1,22,0,40,0,122,0,284,0,626,0,1292,0,2644,0,5209,0,9884,0,17207,0,29237,0,48073,0,75392,0,113974,0,164494,0,229193,0,307329,0,395113,0,490524,584647,0,670144,0,738761,0,784592,0,803645,0,794584,0,754641,0,694388,0,614746,0,526623,0,435852,0,349627,0,269844,0,202188,0,146914,0,102333,19,69506,31,45184,28781,230,17401,413,10389,656,6151,805,3644,766,2142,587,1088,312,523,160,254,56,76,16,20,2,3,1,0,0,0,0,0,0,0,0,0,0,0,0
0,0,0,0,0,0,0,0,0,0,0,0,0,0,0,0,0,0,0,0,0,0,0,0,0,0,0,0,0,0,0,1,0,1,0,5,16,0,38,0,115,0,279,0,617,0,1254,0,2642,0,5151,0,9756,0,17073,0,28781,0,47737,0,74788,0,113476,0,163427,0,226975,0,305752,0,394027,0,488431,583543,0,667911,0,737623,0,784178,0,803870,0,794715,0,756874,0,695317,0,616541,0,527995,0,437932,0,350829,0,271751,0,202801,0,147808,1,102996,11,69645,32,45859,28764,238,17680,399,10429,655,6186,776,3640,754,2240,562,1064,303,571,145,254,57,73,15,21,4,2,1,1,0,0,0,0,0,0,0,0,0,0,0
0,0,0,0,0,0,0,0,0,0,0,0,0,0,0,0,0,0,0,0,0,0,0,0,0,0,0,0,0,0,0,0,0,2,0,8,12,0,47,0,104,0,254,0,622,0,1217,0,2642,0,5114,0,9517,0,16925,0,28645,0,47281,0,74044,0,112211,0,162351,0,226660,0,303713,0,392409,0,486814,581306,0,666705,0,736301,0,783534,0,803575,0,796128,0,757919,0,696673,0,618202,0,530015,0,439168,0,352983,0,272401,0,203782,0,148795,3,103566,14,70127,43,46086,29090,239,17757,383,10560,671,6211,766,3731,723,2252,575,1094,309,544,160,240,62,74,14,26,1,6,1,1,0,0,0,0,0,0,0,0,0,0,0
0,0,0,0,0,0,0,0,0,0,0,0,0,0,0,0,0,0,0,0,0,0,0,0,0,0,0,0,0,0,0,0,0,2,0,9,18,0,37,0,99,0,249,0,608,0,1232,0,2576,0,5000,0,9434,0,16786,0,28501,0,46766,0,73315,0,111348,0,161565,0,225274,0,302641,0,390310,0,485061,578955,0,665165,0,735673,0,782964,0,803880,0,796194,0,759079,0,698567,0,620546,0,530977,0,441104,0,353982,0,273717,0,205168,0,148767,5,104666,15,70781,31,46412,29286,233,17853,382,10620,654,6266,761,3738,781,2228,571,1131,331,518,155,234,68,73,12,24,2,6,1,1,0,0,0,0,0,0,0,0,0,0,0
0,0,0,0,0,0,0,0,0,0,0,0,0,0,0,0,0,0,0,0,0,0,0,0,0,0,0,0,0,0,0,0,0,2,0,8,15,0,56,0,86,0,249,0,588,0,1239,0,2547,0,4889,0,9280,0,16708,0,28104,0,46405,0,72974,0,110240,0,160099,0,224303,0,301708,0,388531,0,483674,575432,0,664667,0,734465,0,781956,0,805117,0,796517,0,759178,0,699558,0,622710,0,533355,0,442067,0,355205,0,275535,0,206519,1,149742,3,105224,9,71197,29,46553,29792,225,17816,407,10809,648,6263,761,3735,751,2250,598,1170,322,533,167,224,66,77,15,22,4,6,2,1,0,0,0,0,0,0,0,0,0,0,0
0,0,0,0,0,0,0,0,0,0,0,0,0,0,0,0,0,0,0,0,0,0,0,0,0,0,0,0,0,0,0,0,0,0,0,11,16,0,37,0,97,0,252,0,583,0,1207,0,2514,0,4830,0,9195,0,16397,0,27955,0,45925,0,72487,0,109218,0,159267,0,223170,0,299932,0,386654,0,481711,575000,0,662264,0,733051,0,782242,0,804067,0,798348,0,760494,0,700225,0,624337,0,535012,0,444152,0,356364,0,276494,0,207805,1,150482,1,105806,10,71919,36,46632,30057,206,17892,420,10904,656,6319,771,3779,725,2276,564,1184,341,522,176,221,71,72,18,22,5,4,2,1,0,0,0,0,0,0,0,0,0,0,0
0,0,0,0,0,0,0,0,0,0,0,0,0,0,0,0,0,0,0,0,0,0,0,0,0,0,0,0,0,0,0,0,0,2,0,7,18,0,38,0,90,0,258,0,558,0,1193,0,2436,0,4796,0,9146,0,16275,0,27513,0,45742,0,71588,0,108690,0,158216,0,221678,0,298521,0,385236,0,480085,573649,0,659413,0,731506,0,783517,0,804134,0,798455,0,761126,0,702345,0,624924,0,537928,0,445140,0,357264,0,278217,0,208609,0,151397,2,106370,7,72454,30,47184,29979,210,18256,433,10881,647,6430,734,3882,727,2220,553,1216,327,560,185,208,67,89,13,21,5,6,2,0,0,0,0,0,0,0,0,0,0,0,0
0,0,0,0,0,0,0,0,0,0,0,0,0,0,0,0,0,0,0,0,0,0,0,0,0,0,0,0,0,0,0,1,0,0,0,7,15,0,49,0,86,0,239,0,541,0,1176,0,2462,0,4725,0,9100,0,16002,0,27377,0,45015,0,71317,0,107711,0,157363,0,220743,0,296833,0,382965,0,478666,571205,0,658760,0,730083,0,782706,0,805403,0,797909,0,762939,0,703551,0,627335,0,537977,0,447194,0,358795,0,279859,0,209465,1,152421,3,106806,10,72838,32,47566,29981,206,18566,424,10992,627,6455,747,3953,724,2208,590,1183,345,561,164,230,67,82,14,26,4,7,0,1,0,0,0,0,0,0,0,0,0,0,0
0,0,0,0,0,0,0,0,0,0,0,0,0,0,0,0,0,0,0,0,0,0,0,0,0,0,0,0,0,0,0,1,0,2,0,2,19,0,54,0,83,0,233,0,536,0,1172,0,2391,0,4782,0,8871,0,15851,0,27102,0,44667,0,70460,0,107332,0,156445,0,219207,0,294916,0,381728,0,476350,570531,0,656764,0,729337,0,781705,0,804785,0,797632,0,766534,0,703550,0,628534,0,540643,0,448089,0,360715,0,280587,0,211010,1,153285,2,107685,9,73332,34,47789,30209,219,18547,391,11135,627,6582,766,3894,757,2288,554,1159,361,561,152,250,60,85,17,24,6,5,0,2,0,0,0,0,0,0,0,0,0,0,0
0,0,0,0,0,0,0,0,0,0,0,0,0,0,0,0,0,0,0,0,0,0,0,0,0,0,0,0,0,1,0,0,0,2,0,7,17,0,39,0,92,0,238,0,541,0,1105,0,2390,0,4761,0,8698,0,15727,0,26752,0,44330,0,70260,0,106428,0,155109,0,217697,0,293316,0,381035,0,474111,568988,0,655620,0,728074,0,780539,0,804793,0,798993,0,766059,0,706619,0,629134,0,541154,0,451110,0,362586,0,281028,0,212331,1,154398,1,108616,8,73370,34,48134,30465,200,18694,402,11088,646,6668,792,3923,745,2264,535,1202,375,556,154,252,50,94,14,31,4,6,1,1,0,0,0,0,0,0,0,0,0,0,0
0,0,0,0,0,0,0,0,0,0,0,0,0,0,0,0,0,0,0,0,0,0,0,0,0,0,0,1,0,0,0,0,0,3,0,7,16,0,38,0,87,0,236,0,510,0,1117,0,2406,0,4556,0,8646,0,15565,0,26609,0,43805,0,69555,0,105783,0,154667,0,216277,0,291481,0,378806,0,473354,566694,0,653741,0,727767,0,779031,0,804747,0,799861,0,765620,0,709358,0,630598,0,543583,0,452262,0,363815,0,283357,0,212702,1,155369,0,109442,8,73751,30,48441,30615,206,18833,405,11258,627,6722,798,3957,737,2245,564,1170,376,556,181,251,55,89,18,30,4,7,0,1,0,0,0,0,0,0,0,0,0,0,0
0,0,0,0,0,0,0,0,0,0,0,0,0,0,0,0,0,0,0,0,0,0,0,0,0,0,0,0,0,1,0,0,0,1,0,12,12,0,41,0,100,0,204,0,507,0,1140,0,2319,0,4606,0,8541,0,15342,0,26370,0,43479,0,68982,0,105169,0,153399,0,215104,0,290449,0,377547,0,470504,564587,0,653217,0,725846,0,779184,0,804755,0,799485,0,767405,0,710577,0,632547,0,545504,0,452956,0,365479,0,284817,0,214016,1,155514,1,109995,9,74686,34,48800,30771,218,18930,401,11283,642,6823,793,4034,756,2201,583,1177,326,590,171,258,49,104,17,23,6,7,0,1,0,0,0,0,0,0,0,0,0,0,0
0,0,0,0,0,0,0,0,0,0,0,0,0,0,0,0,0,0,0,0,0,0,0,0,0,0,0,0,0,1,0,0,0,1,0,7,21,0,40,0,92,0,207,0,524,0,1120,0,2323,0,4564,0,8491,0,15041,0,26206,0,42939,0,68605,0,104481,0,152475,0,213775,0,289260,0,375854,0,468388,562865,0,651947,0,724883,0,777932,0,805056,0,800353,0,767707,0,711066,0,635303,0,546449,0,455431,0,366287,0,286880,0,214910,0,156469,2,110602,10,74787,39,49204,31140,203,18936,382,11501,642,6921,771,3962,734,2275,593,1153,346,616,164,262,51,101,19,25,6,6,0,2,0,0,0,0,0,0,0,0,0,0,0
0,0,0,0,0,0,0,0,0,0,0,0,0,0,0,0,0,0,0,0,0,0,0,0,0,0,0,1,0,0,0,0,0,3,0,6,16,0,40,0,86,0,219,0,532,0,1087,0,2275,0,4491,0,8413,0,15015,0,25858,0,42813,0,67682,0,103280,0,151341,0,212817,0,288319,0,373395,0,466634,561891,0,649709,0,724804,0,777088,0,804564,0,800541,0,768580,0,712640,0,637352,0,548510,0,456078,0,368337,0,287791,0,216635,0,157543,5,110590,11,75414,32,49507,31361,209,19131,385,11616,626,6957,750,4015,759,2252,594,1209,345,611,180,250,57,94,20,30,5,6,0,1,0,0,0,0,0,0,0,0,0,0,0
0,0,0,0,0,0,0,0,0,0,0,0,0,0,0,0,0,0,0,0,0,0,0,0,0,0,0,0,0,1,0,1,0,2,0,6,12,0,35,0,86,0,202,0,518,0,1040,0,2337,0,4451,0,8280,0,14888,0,25543,0,42322,0,67552,0,102470,0,150260,0,211867,0,285931,0,372274,0,464730,560543,0,648003,0,723669,0,776790,0,803392,0,801230,0,770085,0,714189,0,638673,0,550199,0,458590,0,368773,0,288873,0,217766,0,158656,4,111676,16,75225,28,50122,31713,201,19242,396,11588,607,7021,766,4081,786,2280,583,1221,357,613,178,267,48,89,17,33,4,7,0,0,0,0,0,0,0,0,0,0,0,0,0
0,0,0,0,0,0,0,0,0,0,0,0,0,0,0,0,0,0,0,0,0,0,0,0,0,0,0,0,0,1,0,1,0,2,0,4,16,0,26,0,84,0,216,0,495,0,1091,0,2191,0,4471,0,8202,0,14747,0,25188,0,42077,0,66849,0,101590,0,149686,0,210792,0,284653,0,370012,0,462952,558351,0,648118,0,721468,0,776424,0,803907,0,801496,0,771021,0,714515,0,639845,0,552427,0,460207,0,370657,0,289950,0,219198,0,159579,2,111821,11,75861,32,50672,31698,215,19450,396,11679,604,7031,765,4174,779,2303,560,1245,370,589,161,268,56,94,16,33,4,10,0,0,0,0,0,0,0,0,0,0,0,0,0
0,0,0,0,0,0,0,0,0,0,0,0,0,0,0,0,0,0,0,0,0,0,0,0,0,0,0,0,0,1,0,1,0,2,0,4,10,0,39,0,83,0,202,0,492,0,1069,0,2243,0,4336,0,8181,0,14567,0,25086,0,41422,0,66208,0,101371,0,148335,0,209314,0,283819,0,368102,0,461248,556479,0,647083,0,719776,0,775617,0,804321,0,802005,0,771720,0,715017,0,642015,0,554276,0,461847,0,372021,0,291214,0,219904,0,161103,4,112566,12,76377,27,50736,31910,194,19738,368,11778,600,7129,744,4186,738,2338,556,1254,384,586,173,261,60,95,15,29,6,10,0,1,0,0,0,0,0,0,0,0,0,0,0
0,0,0,0,0,0,0,0,0,0,0,0,0,0,0,0,0,0,0,0,0,0,0,0,0,0,0,1,0,0,0,0,0,3,0,4,7,0,38,0,86,0,204,0,477,0,1055,0,2176,0,4293,0,8065,0,14477,0,24909,0,41125,0,65637,0,100483,0,147060,0,208622,0,281754,0,366905,0,459548,554599,0,644688,0,718982,0,775788,0,803506,0,803244,0,772418,0,716378,0,642874,0,555767,0,464340,0,373907,0,291842,0,221426,0,161460,3,113613,13,76866,26,51213,32003,211,19737,365,11921,667,7131,751,4266,758,2279,562,1232,385,599,182,258,65,79,23,35,5,11,0,1,0,0,0,0,0,0,0,0,0,0,0
0,0,0,0,0,0,0,0,0,0,0,0,0,0,0,0,0,0,0,0,0,0,0,0,0,0,0,0,0,1,0,2,0,1,0,4,6,0,34,0,91,0,198,0,483,0,1014,0,2148,0,4251,0,7919,0,14415,0,24510,0,41039,0,64649,0,100007,0,146570,0,207005,0,279630,0,365461,0,457704,553395,0,642880,0,718703,0,774449,0,804264,0,802892,0,772557,0,719319,0,643741,0,556896,0,466923,0,375134,0,293411,0,221522,0,162453,2,114712,13,77311,30,51428,32406,201,19904,354,11960,645,7232,776,4284,751,2270,566,1218,386,614,190,252,56,95,23,35,3,8,1,1,0,0,0,0,0,0,0,0,0,0,0
0,0,0,0,0,0,0,0,0,0,0,0,0,0,0,0,0,0,0,0,0,0,0,0,0,0,0,0,0,1,0,1,0,3,0,2,10,0,34,0,77,0,211,0,446,0,1024,0,2132,0,4256,0,7766,0,14219,0,24412,0,40514,0,64323,0,98700,0,145866,0,205840,0,278384,0,364331,0,455532,550875,0,642214,0,717063,0,774204,0,803362,0,802527,0,775469,0,719455,0,645066,0,559868,0,467745,0,377034,0,294476,0,223071,0,163380,2,114915,12,78201,35,51640,32540,195,20053,406,12152,603,7202,745,4208,780,2327,580,1253,386,614,185,267,54,88,19,40,2,9,1,1,0,0,0,0,0,0,0,0,0,0,0
0,0,0,0,0,0,0,0,0,0,0,0,0,0,0,0,0,0,0,0,0,0,0,0,0,0,0,0,0,1,0,1,0,0,0,5,10,0,33,0,78,0,186,0,484,0,992,0,2118,0,4113,0,7746,0,14135,0,23924,0,40143,0,64365,0,98118,0,144589,0,204263,0,276881,0,362550,0,454218,550184,0,639672,0,717183,0,771998,0,803425,0,803335,0,775840,0,721572,0,646381,0,561119,0,469432,0,378172,0,295430,0,225098,0,164222,3,115294,10,78682,30,51876,32992,185,20171,417,12288,590,7160,748,4257,763,2374,588,1331,356,610,179,266,65,86,16,40,4,10,0,1,0,0,0,0,0,0,0,0,0,0,0
0,0,0,0,0,0,0,0,0,0,0,0,0,0,0,0,0,0,0,0,0,0,0,0,0,0,0,0,0,1,0,1,0,1,0,6,14,0,27,0,85,0,189,0,454,0,1019,0,2041,0,4118,0,7590,0,13985,0,23897,0,39677,0,63594,0,97454,0,143555,0,202780,0,276106,0,360147,0,452194,548972,0,638795,0,715818,0,771626,0,802993,0,803589,0,776860,0,722461,0,648078,0,562679,0,470354,0,380463,0,297312,0,225926,0,164682,2,116197,17,79315,29,52215,33255,197,20239,398,12393,576,7258,806,4242,755,2421,606,1298,336,640,188,246,79,84,17,43,5,5,1,2,0,0,0,0,0,0,0,0,0,0,0
0,0,0,0,0,0,0,0,0,0,0,0,0,0,0,0,0,0,0,0,0,0,0,0,0,0,0,0,0,1,0,0,0,2,0,6,12,0,29,0,71,0,203,0,437,0,1007,0,1991,0,4082,0,7661,0,13694,0,23778,0,39170,0,62826,0,97050,0,142245,0,202139,0,273631,0,359784,0,450836,546110,0,636694,0,714669,0,772409,0,802605,0,804515,0,777353,0,722954,0,650126,0,563320,0,472146,0,382841,0,298548,0,226383,0,166221,3,116866,10,79643,24,52702,33353,212,20570,394,12314,597,7315,818,4265,751,2439,585,1339,353,616,183,268,76,94,12,46,3,7,0,1,0,0,0,0,0,0,0,0,0,0,0
0,0,0,0,0,0,0,0,0,0,0,0,0,0,0,0,0,0,0,0,0,0,0,0,0,0,0,0,0,1,0,0,0,2,0,5,15,0,28,0,72,0,176,0,445,0,1002,0,1982,0,4071,0,7562,0,13504,0,23430,0,38964,0,62370,0,95779,0,141622,0,200667,0,273018,0,357038,0,449983,545383,0,634955,0,712456,0,771336,0,802695,0,805012,0,777832,0,725104,0,651190,0,565169,0,474029,0,383965,0,300197,0,227052,0,167044,2,117698,9,80225,29,52942,33840,193,20563,415,12479,596,7394,759,4276,782,2478,595,1281,380,632,190,267,73,91,15,35,7,6,0,0,0,1,0,0,0,0,0,0,0,0,0
0,0,0,0,0,0,0,0,0,0,0,0,0,0,0,0,0,0,0,0,0,0,0,0,0,0,0,0,0,1,0,0,0,1,0,7,13,0,28,0,72,0,180,0,441,0,969,0,2000,0,3980,0,7393,0,13471,0,23231,0,38614,0,61630,0,95079,0,141585,0,198819,0,270745,0,356460,0,447012,544664,0,633399,0,711431,0,770976,0,802354,0,805612,0,778289,0,725946,0,652538,0,566944,0,476382,0,384915,0,301882,0,227732,0,167959,0,118456,13,80944,30,53445,33881,187,20777,387,12539,622,7510,758,4296,723,2448,631,1298,370,638,193,281,67,94,23,28,6,8,0,0,0,1,0,0,0,0,0,0,0,0,0
0,0,0,0,0,0,0,0,0,0,0,0,0,0,0,0,0,0,0,0,0,0,0,0,0,0,0,0,0,1,0,0,0,0,0,10,11,0,35,0,79,0,165,0,429,0,940,0,1974,0,3899,0,7297,0,13390,0,22931,0,38292,0,61125,0,94491,0,139972,0,198115,0,270358,0,353324,0,447317,541179,0,632344,0,709749,0,769317,0,803211,0,805776,0,779748,0,725924,0,655287,0,568018,0,478531,0,386039,0,303394,0,229188,0,168530,0,119576,11,81213,35,53702,34341,199,21072,357,12536,621,7447,733,4346,728,2466,630,1294,367,648,190,272,81,90,18,30,6,6,0,2,0,1,0,0,0,0,0,0,0,0,0
0,0,0,0,0,0,0,0,0,0,0,0,0,0,0,0,0,0,0,0,0,0,0,0,0,0,0,0,0,0,0,1,0,1,0,6,17,0,32,0,76,0,172,0,419,0,930,0,1942,0,3824,0,7269,0,13178,0,22920,0,37865,0,60621,0,94143,0,138687,0,196601,0,269265,0,352029,0,445089,540248,0,629137,0,709675,0,768484,0,802354,0,808375,0,778958,0,726941,0,657391,0,570251,0,478664,0,387449,0,305719,0,230164,0,169025,0,120467,6,81764,29,54129,34506,195,21160,351,12748,634,7458,791,4364,740,2475,609,1332,372,651,204,267,81,95,13,27,7,9,0,1,0,1,0,0,0,0,0,0,0,0,0
0,0,0,0,0,0,0,0,0,0,0,0,0,0,0,0,0,0,0,0,0,0,0,0,0,0,0,0,0,0,0,0,0,3,0,5,13,0,28,0,76,0,166,0,452,0,923,0,1889,0,3710,0,7214,0,13059,0,22759,0,37505,0,60225,0,93125,0,137731,0,195793,0,266638,0,351208,0,442767,538515,0,629101,0,707387,0,767798,0,802813,0,807449,0,780894,0,729715,0,657773,0,572118,0,479082,0,389949,0,306683,0,231277,0,170153,0,120711,7,82723,30,54050,34790,207,21489,362,12810,576,7496,800,4375,759,2506,637,1375,354,646,191,295,75,84,17,37,4,4,0,1,0,1,0,0,0,0,0,0,0,0,0
0,0,0,0,0,0,0,0,0,0,0,0,0,0,0,0,0,0,0,0,0,0,0,0,0,0,0,0,0,0,0,0,0,2,0,5,10,0,36,0,72,0,158,0,418,0,905,0,1890,0,3648,0,7217,0,12785,0,22442,0,37276,0,59871,0,92581,0,137079,0,194020,0,265267,0,348858,0,442035,536651,0,627934,0,707018,0,765227,0,803177,0,807641,0,782502,0,730232,0,659548,0,573671,0,480127,0,392002,0,307528,0,233152,0,170300,0,121701,8,83278,30,54512,35259,210,21468,382,12858,612,7571,778,4480,739,2505,637,1358,352,692,176,306,68,80,19,33,4,5,0,1,0,1,0,0,0,0,0,0,0,0,0
0,0,0,0,0,0,0,0,0,0,0,0,0,0,0,0,0,0,0,0,0,0,0,0,0,0,0,0,0,0,0,0,0,2,0,3,17,0,31,0,67,0,177,0,418,0,844,0,1846,0,3699,0,7015,0,12973,0,22051,0,36830,0,59855,0,91766,0,135413,0,193072,0,263787,0,347627,0,439675,535184,0,626303,0,705173,0,767056,0,801863,0,807126,0,783120,0,732552,0,660662,0,574353,0,482700,0,393392,0,308933,0,233937,0,171579,1,122272,9,83744,35,55051,35554,181,21688,365,12806,585,7760,777,4460,748,2514,625,1367,371,684,210,280,75,84,20,26,9,3,1,1,0,1,0,0,0,0,0,0,0,0,0
0,0,0,0,0,0,0,0,0,0,0,0,0,0,0,0,0,0,0,0,0,0,0,0,0,0,0,0,0,0,0,1,0,2,0,2,12,0,38,0,64,0,168,0,410,0,841,0,1844,0,3628,0,7037,0,12742,0,21905,0,36781,0,58912,0,91240,0,134674,0,191746,0,262045,0,346013,0,437793,533194,0,625388,0,704990,0,766381,0,799725,0,807753,0,784670,0,732495,0,662085,0,576584,0,485105,0,394658,0,310113,0,234985,0,172703,1,123076,8,84409,32,55416,35640,205,21793,380,13020,610,7774,740,4506,758,2537,632,1367,387,683,207,270,72,101,19,26,6,4,1,0,0,1,0,0,0,0,0,0,0,0,0
0,0,0,0,0,0,0,0,0,0,0,0,0,0,0,0,0,0,0,0,0,0,0,0,0,0,0,0,0,0,0,0,0,2,0,5,11,0,36,0,56,0,177,0,369,0,856,0,1811,0,3661,0,6877,0,12614,0,21876,0,36329,0,58432,0,90415,0,133726,0,190374,0,261159,0,343939,0,436377,531247,0,623217,0,705047,0,764526,0,800075,0,808155,0,784826,0,734048,0,663784,0,578532,0,486471,0,396399,0,311122,0,236004,0,174124,1,123630,10,84889,36,55956,35716,185,21912,362,13259,570,7827,761,4472,772,2528,622,1446,375,692,198,288,64,93,23,33,4,3,1,0,0,1,0,0,0,0,0,0,0,0,0
0,0,0,0,0,0,0,0,0,0,0,0,0,0,0,0,0,0,0,0,0,0,0,0,0,0,0,0,0,0,0,0,0,1,0,3,14,0,30,0,66,0,159,0,383,0,842,0,1766,0,3634,0,6821,0,12378,0,21793,0,36061,0,57977,0,89460,0,132542,0,189634,0,259612,0,342099,0,434369,530052,0,621848,0,704013,0,763714,0,799979,0,808193,0,785995,0,734336,0,665042,0,581296,0,488010,0,397320,0,312644,0,237416,0,174789,2,124669,9,85321,35,56355,35694,188,22221,353,13323,595,7885,748,4594,775,2500,626,1419,409,697,196,273,67,88,28,41,3,1,1,0,0,1,0,0,0,0,0,0,0,0,0
0,0,0,0,0,0,0,0,0,0,0,0,0,0,0,0,0,0,0,0,0,0,0,0,0,0,0,0,0,0,0,0,0,0,0,3,15,0,29,0,72,0,161,0,351,0,824,0,1757,0,3580,0,6830,0,12177,0,21580,0,35843,0,57460,0,88780,0,131635,0,188517,0,258122,0,340437,0,432621,528600,0,621372,0,701769,0,762898,0,800675,0,808030,0,785749,0,736527,0,666676,0,582010,0,489399,0,399701,0,313264,0,238789,0,175854,2,125128,9,86085,29,56529,36171,182,22325,378,13479,601,7864,735,4628,750,2510,627,1450,404,719,199,263,65,106,21,35,5,0,1,1,0,0,0,0,0,0,0,0,0,0,0
0,0,0,0,0,0,0,0,0,0,0,0,0,0,0,0,0,0,0,0,0,0,0,0,0,0,0,0,0,0,0,0,0,1,0,2,17,0,30,0,73,0,158,0,333,0,803,0,1774,0,3507,0,6698,0,12260,0,21077,0,35597,0,57301,0,87689,0,131029,0,187242,0,257763,0,337731,0,431382,527021,0,618871,0,701497,0,762120,0,800311,0,807672,0,786260,0,738017,0,668320,0,583506,0,491162,0,400700,0,315350,0,240541,0,176328,1,125799,9,86283,30,57285,36043,169,22609,340,13624,598,7871,744,4599,774,2608,633,1412,410,713,195,277,78,98,18,39,0,4,1,1,0,0,0,0,0,0,0,0,0,0,0
0,0,0,0,0,0,0,0,0,0,0,0,0,0,0,0,0,0,0,0,0,0,0,0,0,0,0,0,0,0,0,0,0,1,0,5,11,0,26,0,73,0,151,0,352,0,782,0,1701,0,3456,0,6630,0,12191,0,20959,0,35046,0,56944,0,87583,0,129521,0,186144,0,256135,0,337645,0,428712,524022,0,619215,0,699434,0,761618,0,800306,0,807561,0,786508,0,739070,0,670371,0,584773,0,492077,0,403641,0,316094,0,241570,0,177819,1,126388,10,86584,27,57456,36767,163,22452,383,13878,622,7934,746,4569,759,2627,648,1391,404,737,205,280,70,97,21,33,3,4,1,1,0,0,0,0,0,0,0,0,0,0,0
0,0,0,0,0,0,0,0,0,0,0,0,0,0,0,0,0,0,0,0,0,0,0,0,0,0,0,0,0,0,0,1,0,0,0,6,11,0,20,0,68,0,159,0,349,0,789,0,1702,0,3384,0,6610,0,12102,0,20664,0,34876,0,56454,0,86604,0,129543,0,184424,0,254466,0,335608,0,427490,522689,0,617652,0,698253,0,760764,0,799402,0,807894,0,788508,0,739056,0,671250,0,586670,0,494912,0,404532,0,318227,0,242563,0,178415,1,126981,8,87299,27,57752,36924,173,22656,369,13691,589,8141,747,4642,773,2597,622,1427,419,717,214,285,63,114,20,28,3,7,1,1,0,0,0,0,0,0,0,0,0,0,0
0,0,0,0,0,0,0,0,0,0,0,0,0,0,0,0,0,0,0,0,0,0,0,0,0,0,0,0,0,0,0,1,0,0,0,4,12,0,27,0,56,0,158,0,353,0,810,0,1651,0,3365,0,6557,0,11800,0,20623,0,34411,0,56167,0,85905,0,128036,0,183564,0,253612,0,333950,0,424948,522024,0,616462,0,696708,0,759856,0,799293,0,807847,0,788044,0,741869,0,672373,0,587573,0,497033,0,405604,0,320836,0,243281,1,178882,4,128126,8,87686,27,58057,36940,183,23029,360,13683,594,8209,714,4787,745,2595,643,1453,402,742,207,275,67,112,23,30,2,6,1,2,0,0,0,0,0,0,0,0,0,0,0
0,0,0,0,0,0,0,0,0,0,0,0,0,0,0,0,0,0,0,0,0,0,0,0,0,0,0,0,0,0,0,0,0,2,0,2,10,0,29,0,56,0,149,0,359,0,796,0,1639,0,3299,0,6419,0,11794,0,20346,0,34448,0,55188,0,85346,0,127076,0,183359,0,251574,0,332231,0,423575,520508,0,613472,0,695414,0,759555,0,799197,0,808747,0,788894,0,742785,0,673109,0,590341,0,497512,0,407706,0,321762,0,245166,0,179742,3,128806,9,87976,28,58453,37358,189,23110,335,13854,632,8163,723,4732,786,2694,612,1471,397,745,201,281,71,110,22,27,6,4,1,2,0,0,0,0,0,0,0,0,0,0,0
0,0,0,0,0,0,0,0,0,0,0,0,0,0,0,0,0,0,0,0,0,0,0,0,0,0,0,0,0,0,0,0,0,1,0,4,11,0,28,0,61,0,144,0,357,0,795,0,1662,0,3134,0,6462,0,11697,0,20141,0,33970,0,54648,0,84824,0,126518,0,181745,0,251208,0,329822,0,422667,518332,0,612579,0,693786,0,758588,0,797401,0,810527,0,790009,0,743155,0,675135,0,591003,0,499659,0,409170,0,322779,0,246930,0,180842,1,129238,7,88715,20,58476,37641,185,23236,344,14068,636,8079,705,4749,767,2743,629,1497,402,744,194,296,80,96,23,30,4,6,1,1,0,1,0,0,0,0,0,0,0,0,0
0,0,0,0,0,0,0,0,0,0,0,0,0,0,0,0,0,0,0,0,0,0,0,0,0,0,0,0,0,0,0,0,0,0,0,3,14,0,22,0,66,0,152,0,352,0,758,0,1681,0,3200,0,6248,0,11451,0,20136,0,33452,0,54508,0,83938,0,126123,0,180198,0,249285,0,330088,0,420171,516638,0,611037,0,692503,0,758263,0,797772,0,808605,0,791600,0,743916,0,676667,0,592644,0,500978,0,410509,0,324462,0,247930,0,182464,0,129736,11,88950,20,58939,37964,157,23530,360,14096,584,8237,702,4772,758,2781,623,1451,406,752,203,299,74,102,21,35,2,6,1,1,0,1,0,0,0,0,0,0,0,0,0
0,0,0,0,0,0,0,0,0,0,0,0,0,0,0,0,0,0,0,0,0,0,0,0,0,0,0,0,0,0,0,0,0,0,0,3,12,0,16,0,66,0,148,0,342,0,779,0,1589,0,3177,0,6087,0,11447,0,19843,0,33270,0,53870,0,83565,0,124683,0,179678,0,247471,0,328154,0,418886,515796,0,609841,0,690537,0,757186,0,797006,0,809732,0,792392,0,744521,0,677407,0,594659,0,503104,0,411970,0,325937,0,248655,0,183762,1,130165,8,89685,26,59467,38250,162,23562,378,14105,595,8322,747,4800,776,2744,639,1485,407,741,217,281,77,105,19,40,3,9,0,0,0,1,0,0,0,0,0,0,0,0,0
0,0,0,0,0,0,0,0,0,0,0,0,0,0,0,0,0,0,0,0,0,0,0,0,0,0,0,0,0,0,0,0,0,0,0,2,15,0,19,0,63,0,142,0,330,0,749,0,1596,0,3173,0,6080,0,11159,0,19793,0,32736,0,53610,0,82957,0,123635,0,178135,0,246108,0,327178,0,418094,513434,0,607900,0,690807,0,754930,0,796700,0,809575,0,793031,0,746315,0,678066,0,597540,0,505070,0,413134,0,326461,0,249974,0,184546,1,130803,9,90356,28,59794,38804,154,23742,382,14067,579,8463,688,4880,811,2743,651,1505,386,742,210,281,91,108,22,33,3,14,0,0,0,1,0,0,0,0,0,0,0,0,0
0,0,0,0,0,0,0,0,0,0,0,0,0,0,0,0,0,0,0,0,0,0,0,0,0,0,0,0,0,0,0,0,0,1,0,2,10,0,22,0,50,0,141,0,342,0,740,0,1619,0,3114,0,5962,0,11129,0,19386,0,32617,0,52928,0,82400,0,123258,0,177056,0,244492,0,325886,0,415943,512444,0,605738,0,688891,0,754735,0,796538,0,809514,0,794335,0,747542,0,679733,0,597838,0,507481,0,414652,0,328097,0,250589,0,185487,3,131670,5,90498,27,60593,38889,166,23730,369,14462,589,8371,750,4931,758,2826,650,1530,399,721,204,287,86,107,16,43,3,12,0,1,0,0,0,0,0,0,0,0,0,0,0
0,0,0,0,0,0,0,0,0,0,0,0,0,0,0,0,0,0,0,0,0,0,0,0,0,0,0,0,0,0,0,0,0,1,0,3,6,0,23,0,61,0,135,0,313,0,741,0,1567,0,3053,0,6021,0,10848,0,19202,0,32284,0,52605,0,81687,0,121957,0,176562,0,243175,0,324396,0,414362,510357,0,605390,0,687930,0,753659,0,794801,0,810060,0,793815,0,749241,0,682182,0,599584,0,507840,0,416777,0,329080,0,252558,0,186347,2,132629,9,90877,36,60496,39355,149,24006,358,14398,595,8561,722,4962,770,2789,666,1504,426,721,199,296,68,117,18,39,6,8,1,2,0,0,0,0,0,0,0,0,0,0,0
0,0,0,0,0,0,0,0,0,0,0,0,0,0,0,0,0,0,0,0,0,0,0,0,0,0,0,0,0,0,0,0,0,0,0,4,5,0,27,0,54,0,125,0,305,0,730,0,1539,0,3033,0,5882,0,10821,0,19139,0,31919,0,51977,0,80671,0,121589,0,175026,0,242459,0,322977,0,412783,508336,0,603780,0,686859,0,752102,0,795174,0,809306,0,795341,0,749657,0,684184,0,601065,0,509847,0,417893,0,331363,0,252842,0,187525,1,133368,5,91444,23,60748,39621,161,24141,358,14606,557,8657,710,5019,719,2844,640,1542,410,738,209,295,70,100,28,38,4,10,1,2,0,0,0,0,0,0,0,0,0,0,0
0,0,0,0,0,0,0,0,0,0,0,0,0,0,0,0,0,0,0,0,0,0,0,0,0,0,0,0,0,0,0,0,0,0,0,3,8,0,16,0,62,0,126,0,293,0,721,0,1550,0,2942,0,5824,0,10663,0,18897,0,31730,0,51479,0,80309,0,120516,0,174074,0,241752,0,321331,0,411094,507236,0,601405,0,684707,0,751720,0,795011,0,809730,0,795615,0,751604,0,683672,0,604103,0,511320,0,418582,0,333087,0,254338,1,188376,2,134218,6,91979,25,61469,39373,174,24589,357,14576,575,8691,714,5058,770,2796,634,1572,408,757,206,296,75,108,30,34,5,10,1,3,0,0,0,0,0,0,0,0,0,0,0
0,0,0,0,0,0,0,0,0,0,0,0,0,0,0,0,0,0,0,0,0,0,0,0,0,0,0,0,0,0,0,0,0,0,0,2,7,0,23,0,53,0,122,0,308,0,666,0,1537,0,2892,0,5778,0,10554,0,18780,0,31304,0,51155,0,79958,0,119906,0,172975,0,240320,0,319554,0,409659,505867,0,598747,0,683437,0,751801,0,793534,0,810591,0,796653,0,750751,0,686647,0,605085,0,513334,0,420796,0,334162,0,255454,0,189405,3,134718,7,92420,28,61789,39799,179,24553,343,14859,556,8722,732,5082,760,2920,625,1541,440,749,201,299,76,104,31,34,7,9,1,4,0,0,0,0,0,0,0,0,0,0,0
0,0,0,0,0,0,0,0,0,0,0,0,0,0,0,0,0,0,0,0,0,0,0,0,0,0,0,0,0,0,0,0,0,0,0,1,7,0,27,0,45,0,122,0,321,0,668,0,1527,0,2954,0,5656,0,10233,0,18647,0,31061,0,50602,0,79145,0,119444,0,172039,0,238712,0,318336,0,408685,502668,0,597479,0,683922,0,749413,0,794302,0,810360,0,795900,0,753204,0,688424,0,605504,0,515015,0,423115,0,335380,0,256742,1,189354,1,135891,8,93062,20,62124,40071,168,24703,332,14881,593,8879,733,5097,756,2897,631,1591,443,738,203,310,76,102,28,34,8,8,1,4,0,0,0,0,0,0,0,0,0,0,0
0,0,0,0,0,0,0,0,0,0,0,0,0,0,0,0,0,0,0,0,0,0,0,0,0,0,0,0,0,0,0,0,0,0,0,1,9,0,24,0,46,0,119,0,323,0,661,0,1489,0,2971,0,5478,0,10236,0,18384,0,30742,0,50299,0,78587,0,118632,0,171137,0,237255,0,317184,0,405969,501527,0,596451,0,680749,0,750565,0,794094,0,810461,0,794854,0,754243,0,690294,0,607598,0,515963,0,425481,0,336919,0,257607,0,190796,3,135664,7,93976,25,62688,40301,167,24772,341,15022,597,8911,742,5196,775,2897,649,1542,442,773,198,311,86,86,30,39,5,10,1,4,0,0,0,0,0,0,0,0,0,0,0
0,0,0,0,0,0,0,0,0,0,0,0,0,0,0,0,0,0,0,0,0,0,0,0,0,0,0,0,0,0,0,0,0,0,0,2,8,0,18,0,56,0,132,0,302,0,674,0,1401,0,2921,0,5521,0,10170,0,18000,0,30760,0,49982,0,77875,0,117468,0,170028,0,236142,0,315780,0,404157,499638,0,595173,0,680306,0,748586,0,794884,0,809483,0,796133,0,755222,0,691653,0,608506,0,517536,0,427020,0,338491,0,259151,0,191510,3,136764,3,94464,24,62912,40483,172,24945,348,15140,594,8956,773,5206,799,2920,668,1533,456,786,201,319,68,100,24,43,5,6,0,4,0,0,0,0,0,0,0,0,0,0,0
0,0,0,0,0,0,0,0,0,0,0,0,0,0,0,0,0,0,0,0,0,0,0,0,0,0,0,0,0,0,0,0,0,0,0,3,6,0,16,0,56,0,132,0,282,0,641,0,1447,0,2845,0,5445,0,10041,0,18040,0,30328,0,49592,0,77831,0,116388,0,168678,0,234681,0,314575,0,402409,497971,0,593668,0,679790,0,747343,0,791835,0,811110,0,797356,0,756876,0,692211,0,609503,0,519954,0,428139,0,339874,0,260555,0,192851,5,137279,2,95088,26,63388,40526,169,25296,354,15363,551,8984,729,5194,753,3028,663,1529,446,790,200,296,89,106,20,45,7,8,1,1,0,0,0,0,0,0,0,0,0,0,0
0,0,0,0,0,0,0,0,0,0,0,0,0,0,0,0,0,0,0,0,0,0,0,0,0,0,0,0,0,0,0,0,0,0,0,3,4,0,14,0,64,0,114,0,287,0,626,0,1381,0,2910,0,5401,0,9992,0,17673,0,30096,0,49368,0,76991,0,115501,0,167412,0,234104,0,312798,0,401333,496037,0,592144,0,678304,0,747346,0,790859,0,810976,0,798308,0,756979,0,693466,0,611520,0,521389,0,429975,0,341068,0,262051,0,193416,1,138637,7,95321,22,63565,40993,164,25415,360,15334,562,9155,732,5246,746,2993,624,1606,450,765,209,315,81,117,23,37,8,8,0,2,0,0,0,0,0,0,0,0,0,0,0
0,0,0,0,0,0,0,0,0,0,0,0,0,0,0,0,0,0,0,0,0,0,0,0,0,0,0,0,0,0,0,0,0,0,0,3,1,0,16,0,59,0,118,0,287,0,632,0,1357,0,2830,0,5339,0,9941,0,17673,0,29573,0,48986,0,76678,0,114651,0,166253,0,232112,0,310871,0,399813,496174,0,589869,0,676807,0,746989,0,791015,0,809996,0,797691,0,759270,0,694934,0,613090,0,523241,0,431235,0,342329,0,263297,1,194829,3,138741,9,96197,16,63750,41281,176,25611,389,15491,575,9141,752,5290,752,3035,641,1608,444,745,201,322,80,117,28,32,8,11,0,2,0,0,0,0,0,0,0,0,0,0,0
0,0,0,0,0,0,0,0,0,0,0,0,0,0,0,0,0,0,0,0,0,0,0,0,0,0,0,0,0,0,0,0,0,0,0,2,5,0,25,0,40,0,105,0,299,0,622,0,1322,0,2768,0,5229,0,9948,0,17403,0,29479,0,48444,0,75971,0,114054,0,165032,0,231126,0,309543,0,398262,493659,0,589654,0,675191,0,745399,0,790321,0,810734,0,798142,0,759872,0,697020,0,614444,0,524794,0,432016,0,344208,0,263801,0,196556,1,139201,8,96716,20,64545,41551,189,25838,372,15489,545,9257,732,5374,753,3038,657,1636,467,712,200,328,78,137,20,33,10,8,1,2,0,0,0,0,0,0,0,0,0,0,0
0,0,0,0,0,0,0,0,0,0,0,0,0,0,0,0,0,0,0,0,0,0,0,0,0,0,0,0,0,0,0,0,0,0,0,3,4,0,16,0,51,0,125,0,277,0,651,0,1333,0,2637,0,5351,0,9683,0,17125,0,29340,0,47919,0,75202,0,113947,0,163833,0,229768,0,307780,0,396075,493079,0,587972,0,673178,0,744411,0,790846,0,809318,0,799876,0,761145,0,697241,0,616860,0,525934,0,433622,0,345698,0,265175,0,197141,2,140665,7,97199,21,64772,41873,172,26106,350,15530,519,9261,768,5428,746,3084,657,1601,455,748,208,337,86,108,29,40,5,12,1,2,0,0,0,0,0,0,0,0,0,0,0
0,0,0,0,0,0,0,0,0,0,0,0,0,0,0,0,0,0,0,0,0,0,0,0,0,0,0,0,0,0,0,0,0,0,0,2,7,0,13,0,53,0,123,0,279,0,624,0,1298,0,2701,0,5133,0,9648,0,16906,0,29196,0,47540,0,74820,0,112312,0,163529,0,228601,0,306466,0,395033,490636,0,585597,0,673077,0,742296,0,789795,0,809998,0,801019,0,761844,0,700281,0,616454,0,528049,0,435163,0,346981,0,266896,0,198115,2,140906,4,98004,23,65225,42190,167,26216,344,15581,566,9211,780,5471,722,3167,703,1609,435,774,220,302,88,124,19,51,6,10,1,2,0,0,0,0,0,0,0,0,0,0,0
0,0,0,0,0,0,0,0,0,0,0,0,0,0,0,0,0,0,0,0,0,0,0,0,0,0,0,0,0,0,0,0,0,1,0,0,8,0,17,0,48,0,128,0,256,0,601,0,1352,0,2591,0,5224,0,9391,0,16826,0,28673,0,47406,0,74011,0,111813,0,162451,0,226874,0,305861,0,393249,488921,0,583671,0,672052,0,741014,0,788970,0,810390,0,801565,0,763607,0,700117,0,618994,0,529759,0,437087,0,348390,0,267977,0,198623,3,142054,7,98386,19,65875,42250,166,26283,355,15688,541,9390,719,5467,769,3166,650,1635,421,815,218,324,86,108,24,53,6,10,0,2,0,0,0,0,0,0,0,0,0,0,0
0,0,0,0,0,0,0,0,0,0,0,0,0,0,0,0,0,0,0,0,0,0,0,0,0,0,0,0,0,0,0,0,0,0,0,2,6,0,25,0,48,0,111,0,253,0,612,0,1273,0,2601,0,5156,0,9463,0,16566,0,28624,0,46727,0,73625,0,111422,0,161353,0,225361,0,303726,0,392146,487615,0,582124,0,669526,0,740450,0,788957,0,810757,0,802933,0,763572,0,701427,0,621044,0,531355,0,438024,0,350034,0,268923,0,199452,2,143336,7,99028,26,65922,42801,177,26291,360,15607,557,9472,705,5474,784,3182,660,1627,431,841,218,330,74,106,33,41,7,13,1,2,0,0,0,0,0,0,0,0,0,0,0
0,0,0,0,0,0,0,0,0,0,0,0,0,0,0,0,0,0,0,0,0,0,0,0,0,0,0,0,0,0,0,0,0,0,0,2,6,0,24,0,48,0,96,0,263,0,596,0,1272,0,2556,0,5076,0,9456,0,16705,0,28261,0,46302,0,72979,0,110541,0,160590,0,224272,0,301778,0,391329,485168,0,579516,0,668747,0,740290,0,789003,0,809678,0,803394,0,764663,0,703030,0,623058,0,532405,0,439697,0,350949,0,270463,0,200932,2,143868,5,99728,17,66158,43098,159,26416,360,15831,570,9518,691,5463,798,3174,649,1624,446,817,243,353,73,103,34,46,3,15,0,1,0,0,0,0,0,0,0,0,0,0,0
0,0,0,0,0,0,0,0,0,0,0,0,0,0,0,0,0,0,0,0,0,0,0,0,0,0,0,0,0,0,0,0,0,0,0,2,8,0,20,0,42,0,110,0,240,0,607,0,1212,0,2619,0,5011,0,9281,0,16562,0,28039,0,45996,0,71933,0,109971,0,159591,0,223837,0,300066,0,389028,482461,0,579438,0,667223,0,739681,0,788622,0,811571,0,801462,0,764585,0,705919,0,624246,0,534324,0,441297,0,351531,0,272570,0,201449,4,144815,3,100397,23,66779,42983,167,26757,313,15938,562,9529,674,5519,785,3119,648,1680,431,846,235,362,79,111,31,45,4,13,0,2,0,0,0,0,0,0,0,0,0,0,0
0,0,0,0,0,0,0,0,0,0,0,0,0,0,0,0,0,0,0,0,0,0,0,0,0,0,0,0,0,0,0,0,0,0,0,4,7,0,16,0,43,0,105,0,258,0,571,0,1222,0,2541,0,4880,0,9328,0,16384,0,27816,0,45510,0,71877,0,108233,0,159350,0,222196,0,299038,0,386980,481625,0,576864,0,666136,0,739061,0,788556,0,810204,0,802376,0,766654,0,705752,0,626797,0,535892,0,443081,0,352961,0,272992,0,202448,3,145859,7,101029,23,67137,43262,181,26809,302,16275,561,9474,715,5633,791,3034,648,1710,450,838,256,362,99,94,28,44,7,16,1,2,0,0,0,0,0,0,0,0,0,0,0
0,0,0,0,0,0,0,0,0,0,0,0,0,0,0,0,0,0,0,0,0,0,0,0,0,0,0,0,0,0,0,0,0,0,0,3,7,0,16,0,38,0,122,0,248,0,571,0,1205,0,2433,0,4897,0,9288,0,16114,0,27668,0,45110,0,71002,0,108176,0,157719,0,221494,0,297439,0,385445,479932,0,574793,0,666046,0,737347,0,787875,0,809440,0,803676,0,768254,0,706878,0,627132,0,538629,0,443456,0,355772,0,273763,0,203264,2,146900,6,101642,17,67110,43590,176,27125,310,16400,542,9550,711,5684,736,3096,631,1726,418,864,243,384,90,110,24,40,13,13,0,2,0,1,0,0,0,0,0,0,0,0,0
0,0,0,0,0,0,0,0,0,0,0,0,0,0,0,0,0,0,0,0,0,0,0,0,0,0,0,0,0,0,0,0,0,1,0,3,3,0,17,0,44,0,118,0,229,0,568,0,1213,0,2420,0,4797,0,9075,0,15999,0,27474,0,44794,0,70429,0,107483,0,157134,0,220001,0,295869,0,383602,478584,0,573743,0,663686,0,737336,0,786558,0,809827,0,804147,0,768701,0,708367,0,629045,0,540053,0,445882,0,356763,0,274237,0,204790,2,147675,4,102005,20,67472,43753,173,27506,315,16441,584,9644,703,5610,760,3178,671,1663,433,891,239,382,82,122,22,35,10,20,0,0,0,1,0,0,0,0,0,0,0,0,0
0,0,0,0,0,0,0,0,0,0,0,0,0,0,0,0,0,0,0,0,0,0,0,0,0,0,0,0,0,0,0,0,0,1,0,3,4,0,19,0,47,0,108,0,231,0,555,0,1207,0,2387,0,4778,0,8954,0,15879,0,27176,0,44211,0,70348,0,106696,0,155811,0,219258,0,294315,0,381283,476652,0,572742,0,662772,0,735131,0,787345,0,809440,0,804891,0,770167,0,708463,0,630386,0,541523,0,448019,0,358315,0,275873,0,205830,3,148167,5,102589,20,68133,43989,165,27464,302,16506,592,9682,723,5768,701,3145,655,1783,432,845,255,363,92,117,28,32,9,21,1,1,0,0,0,0,0,0,0,0,0,0,0
0,0,0,0,0,0,0,0,0,0,0,0,0,0,0,0,0,0,0,0,0,0,0,0,0,0,0,0,0,0,0,0,0,2,0,2,5,0,13,0,52,0,110,0,240,0,550,0,1165,0,2386,0,4678,0,8866,0,15861,0,26651,0,44082,0,69512,0,105975,0,155481,0,216772,0,293720,0,380239,474189,0,571310,0,660826,0,735112,0,786386,0,810588,0,805545,0,769512,0,710213,0,631469,0,543514,0,449547,0,359712,0,276997,0,207327,0,148659,2,102879,16,68747,44475,147,27389,328,16617,555,9913,747,5731,768,3172,659,1775,429,884,227,374,82,141,20,29,8,23,1,2,0,0,0,0,0,0,0,0,0,0,0
0,0,0,0,0,0,0,0,0,0,0,0,0,0,0,0,0,0,0,0,0,0,0,0,0,0,0,0,0,0,0,0,0,2,0,2,2,0,16,0,52,0,102,0,257,0,553,0,1154,0,2353,0,4680,0,8687,0,15798,0,26342,0,43693,0,69491,0,104849,0,153848,0,216785,0,291698,0,378168,473885,0,568942,0,658821,0,733573,0,787034,0,810203,0,805836,0,770170,0,712476,0,632858,0,544763,0,450997,0,361705,0,278422,0,207580,0,149801,9,103314,14,69590,44233,148,27934,305,16653,531,9959,744,5748,745,3238,652,1741,444,867,264,365,92,132,28,26,10,21,0,3,0,0,0,0,0,0,0,0,0,0,0
0,0,0,0,0,0,0,0,0,0,0,0,0,0,0,0,0,0,0,0,0,0,0,0,0,0,0,0,0,0,0,0,0,2,0,2,2,0,16,0,48,0,113,0,239,0,563,0,1087,0,2403,0,4652,0,8608,0,15493,0,26344,0,43183,0,68916,0,104208,0,153004,0,215311,0,289898,0,377070,471693,0,567671,0,657578,0,733423,0,785429,0,812025,0,804051,0,771765,0,712678,0,634925,0,546089,0,453946,0,362802,0,279904,0,208169,0,150400,5,104346,21,69755,44565,168,28067,312,16798,562,9939,768,5729,751,3254,666,1744,443,860,241,385,97,138,28,30,7,14,1,4,0,0,0,0,0,0,0,0,0,0,0
0,0,0,0,0,0,0,0,0,0,0,0,0,0,0,0,0,0,0,0,0,0,0,0,0,0,0,0,0,0,0,0,0,2,0,0,3,0,19,0,37,0,105,0,243,0,534,0,1111,0,2283,0,4618,0,8668,0,15149,0,26271,0,42989,0,68233,0,103776,0,151854,0,213204,0,289182,0,375569,470647,0,565641,0,656358,0,732735,0,784117,0,810836,0,805705,0,772242,0,714777,0,635882,0,548031,0,454967,0,364855,0,281101,0,208917,0,151212,3,105109,14,70278,44859,148,28055,305,17015,578,10016,753,5640,774,3311,650,1762,455,856,267,352,101,141,30,37,9,13,1,2,0,1,0,0,0,0,0,0,0,0,0
0,0,0,0,0,0,0,0,0,0,0,0,0,0,0,0,0,0,0,0,0,0,0,0,0,0,0,0,0,0,0,0,0,1,0,2,3,0,15,0,44,0,96,0,238,0,543,0,1130,0,2241,0,4543,0,8420,0,15201,0,25860,0,42948,0,67607,0,102815,0,151126,0,212580,0,287282,0,374370,469001,0,564188,0,655507,0,730230,0,784277,0,810660,0,805745,0,773885,0,715160,0,637048,0,549991,0,457376,0,365234,0,282567,0,210249,1,152136,5,105422,17,70524,45408,140,28255,310,17024,544,10082,748,5807,789,3272,661,1816,462,840,265,358,91,144,36,41,9,13,2,1,0,2,0,0,0,0,0,0,0,0,0
0,0,0,0,0,0,0,0,0,0,0,0,0,0,0,0,0,0,0,0,0,0,0,0,0,0,0,0,0,0,0,0,0,1,0,2,5,0,11,0,44,0,96,0,238,0,531,0,1109,0,2251,0,4413,0,8325,0,15157,0,25557,0,42452,0,67246,0,101993,0,150558,0,210834,0,286055,0,373034,467241,0,562620,0,653768,0,730167,0,783573,0,810087,0,806804,0,774155,0,716713,0,638975,0,551370,0,459057,0,366084,0,283581,0,211665,2,152728,3,106159,17,70965,45557,156,28447,323,17138,574,10171,755,5823,799,3290,682,1796,430,888,239,350,89,149,31,49,8,14,2,1,0,1,0,0,0,0,0,0,0,0,0
0,0,0,0,0,0,0,0,0,0,0,0,0,0,0,0,0,0,0,0,0,0,0,0,0,0,0,0,0,0,0,1,0,1,0,4,1,0,12,0,41,0,103,0,217,0,510,0,1074,0,2283,0,4399,0,8321,0,14806,0,25452,0,42249,0,66444,0,101342,0,149218,0,210274,0,284892,0,371319,465381,0,561805,0,651459,0,727724,0,785058,0,810007,0,806572,0,775943,0,717116,0,641480,0,552195,0,459896,0,368913,0,283979,0,212493,1,153666,4,106488,18,71875,45702,162,28739,294,17274,562,10186,740,5897,791,3293,629,1811,448,905,232,356,91,143,35,50,16,7,3,5,0,1,0,0,0,0,0,0,0,0,0
0,0,0,0,0,0,0,0,0,0,0,0,0,0,0,0,0,0,0,0,0,0,0,0,0,0,0,0,0,0,0,1,0,2,0,1,8,0,7,0,36,0,99,0,231,0,458,0,1081,0,2235,0,4383,0,8291,0,14556,0,25200,0,41768,0,65982,0,100665,0,148464,0,209852,0,282963,0,369087,464664,0,560548,0,649533,0,727191,0,782131,0,809953,0,808243,0,776813,0,719666,0,641913,0,554759,0,461090,0,369281,0,286066,0,213798,1,153796,5,107294,12,72125,45922,158,28894,324,17475,559,10336,746,5924,742,3333,617,1845,468,869,232,352,100,145,30,55,15,7,2,5,0,1,0,0,0,0,0,0,0,0,0
0,0,0,0,0,0,0,0,0,0,0,0,0,0,0,0,0,0,0,0,0,0,0,0,0,0,0,0,0,0,0,1,0,2,0,4,4,0,7,0,41,0,92,0,212,0,511,0,1010,0,2256,0,4312,0,8106,0,14522,0,25105,0,41131,0,65575,0,100348,0,147305,0,208419,0,281651,0,368114,462429,0,559285,0,647990,0,725801,0,781288,0,810310,0,809016,0,777600,0,720479,0,643821,0,555806,0,462519,0,371323,0,287300,0,214631,1,154690,4,107999,12,72384,46324,162,29009,308,17660,595,10372,719,5950,762,3377,642,1790,470,881,252,360,108,136,32,55,12,9,2,4,0,1,0,0,0,0,0,0,0,0,0
0,0,0,0,0,0,0,0,0,0,0,0,0,0,0,0,0,0,0,0,0,0,0,0,0,0,0,0,0,0,0,1,0,2,0,3,3,0,9,0,40,0,89,0,225,0,489,0,1023,0,2242,0,4298,0,8025,0,14250,0,24763,0,40880,0,65208,0,99904,0,146298,0,207439,0,280126,0,366002,461772,0,557315,0,646620,0,725043,0,780430,0,809076,0,809700,0,778704,0,721672,0,646106,0,556738,0,464909,0,372281,0,288577,0,215494,0,155919,4,108135,10,72749,46808,150,29375,300,17654,544,10316,754,5934,796,3393,673,1793,443,944,235,362,98,151,33,57,7,8,0,7,0,0,0,0,0,0,0,0,0,0,0
0,0,0,0,0,0,0,0,0,0,0,0,0,0,0,0,0,0,0,0,0,0,0,0,0,0,0,0,0,0,0,2,0,2,0,1,4,0,10,0,36,0,79,0,235,0,479,0,1010,0,2210,0,4275,0,7857,0,14179,0,24662,0,40524,0,64948,0,98797,0,145884,0,205924,0,279030,0,364675,459696,0,555430,0,646092,0,723906,0,779251,0,807509,0,811635,0,779319,0,723483,0,646957,0,559160,0,465810,0,372875,0,290883,0,216381,1,156521,7,108924,15,72925,47268,150,29623,314,17697,572,10364,762,6009,810,3393,646,1863,453,899,246,388,101,134,36,54,10,7,0,6,0,0,0,0,0,0,0,0,0,0,0
0,0,0,0,0,0,0,0,0,0,0,0,0,0,0,0,0,0,0,0,0,0,0,0,0,0,0,0,0,0,0,1,0,1,0,4,1,0,11,0,30,0,91,0,205,0,500,0,1031,0,2084,0,4276,0,7786,0,14174,0,24226,0,40320,0,63870,0,98689,0,145083,0,204300,0,278055,0,363563,457824,0,553729,0,643629,0,722712,0,779291,0,809529,0,809801,0,779554,0,725730,0,648902,0,561158,0,466311,0,374755,0,291246,0,218376,2,156792,5,109722,13,73556,47379,152,29871,306,17911,557,10417,711,6079,796,3395,678,1892,459,905,226,388,94,146,40,44,10,8,1,5,0,0,0,0,0,0,0,0,0,0,0
0,0,0,0,0,0,0,0,0,0,0,0,0,0,0,0,0,0,0,0,0,0,0,0,0,0,0,0,0,0,0,0,0,1,0,4,3,0,14,0,21,0,82,0,210,0,492,0,979,0,2086,0,4200,0,7778,0,14053,0,23818,0,40062,0,63784,0,97680,0,144276,0,203003,0,277203,0,361702,455974,0,551827,0,643022,0,721570,0,778711,0,808561,0,810155,0,781821,0,725152,0,651254,0,562975,0,466932,0,376990,0,292235,0,219096,3,158132,2,110274,14,74025,47798,149,29825,311,18036,576,10603,728,6091,792,3337,677,1928,480,931,247,371,92,155,39,41,10,10,1,3,1,0,0,0,0,0,0,0,0,0,0
0,0,0,0,0,0,0,0,0,0,0,0,0,0,0,0,0,0,0,0,0,0,0,0,0,0,0,0,0,0,0,0,0,1,0,4,4,0,14,0,24,0,79,0,203,0,451,0,1021,0,2130,0,4019,0,7716,0,13847,0,23694,0,39631,0,63348,0,97108,0,142871,0,202267,0,275646,0,360786,453565,0,550914,0,642322,0,718591,0,778758,0,808904,0,811887,0,779405,0,728036,0,652886,0,564477,0,468782,0,378118,0,293089,0,219770,1,159467,2,111002,15,74819,47823,136,30093,307,18092,532,10735,721,6079,764,3473,641,1964,472,940,228,386,104,138,36,44,8,14,1,3,0,0,0,0,0,0,0,0,0,0,0
0,0,0,0,0,0,0,0,0,0,0,0,0,0,0,0,0,0,0,0,0,0,0,0,0,0,0,0,0,0,0,0,0,0,0,3,8,0,10,0,24,0,76,0,195,0,480,0,980,0,2056,0,4074,0,7578,0,13814,0,23507,0,39167,0,62781,0,96315,0,142479,0,200989,0,274126,0,359746,452144,0,549147,0,639918,0,717703,0,778164,0,809744,0,811344,0,782031,0,727157,0,654518,0,566671,0,470508,0,379354,0,293936,0,221270,2,159945,5,111601,15,75280,48259,147,30269,309,18080,556,10815,726,6084,766,3540,685,1908,487,923,250,383,105,138,34,52,7,15,1,4,0,0,0,0,0,0,0,0,0,0,0
0,0,0,0,0,0,0,0,0,0,0,0,0,0,0,0,0,0,0,0,0,0,0,0,0,0,0,0,0,0,0,0,0,0,0,3,10,0,12,0,28,0,72,0,188,0,456,0,987,0,2026,0,3995,0,7547,0,13580,0,23508,0,38851,0,62008,0,95990,0,141226,0,200085,0,272908,0,358926,450011,0,547553,0,638283,0,717399,0,775527,0,810283,0,812209,0,782384,0,728277,0,656621,0,567034,0,473264,0,379998,0,296124,0,221785,1,160893,5,112635,21,75385,48583,128,30508,315,18214,564,10728,730,6236,770,3486,660,2005,450,919,240,413,93,162,37,43,6,16,1,2,1,0,0,0,0,0,0,0,0,0,0
0,0,0,0,0,0,0,0,0,0,0,0,0,0,0,0,0,0,0,0,0,0,0,0,0,0,0,0,0,0,0,0,0,1,0,2,10,0,14,0,27,0,73,0,202,0,457,0,969,0,1969,0,3945,0,7509,0,13571,0,22834,0,38782,0,61700,0,95183,0,140463,0,199162,0,271411,0,357190,448241,0,546381,0,636140,0,716389,0,776562,0,808186,0,812340,0,784736,0,728120,0,657884,0,569870,0,474492,0,382640,0,296271,0,222799,2,161678,5,113312,16,75639,49096,139,30670,311,18253,545,10782,735,6315,742,3596,676,1961,486,887,255,404,98,166,40,49,6,13,1,4,1,0,0,0,0,0,0,0,0,0,0
0,0,0,0,0,0,0,0,0,0,0,0,0,0,0,0,0,0,0,0,0,0,0,0,0,0,0,0,0,0,0,0,0,1,0,2,6,0,20,0,29,0,65,0,200,0,452,0,930,0,1960,0,3917,0,7438,0,13261,0,22854,0,38435,0,61366,0,94327,0,139750,0,197867,0,270413,0,355340,447943,0,544062,0,634315,0,715485,0,775136,0,808370,0,812653,0,784048,0,731738,0,658358,0,570754,0,476985,0,383122,0,298686,0,223789,1,162589,5,113486,19,76553,48979,127,30819,297,18527,531,10839,737,6338,720,3753,658,1934,478,887,245,432,94,174,41,42,8,12,2,3,1,0,0,0,0,0,0,0,0,0,0
0,0,0,0,0,0,0,0,0,0,0,0,0,0,0,0,0,0,0,0,0,0,0,0,0,0,0,0,0,0,0,0,0,1,0,2,7,0,18,0,31,0,79,0,163,0,454,0,921,0,1911,0,3966,0,7354,0,12962,0,22726,0,38001,0,61061,0,93842,0,138585,0,197087,0,268095,0,354010,447155,0,541746,0,633545,0,713641,0,774838,0,807651,0,813887,0,784524,0,732849,0,659066,0,573601,0,477808,0,385734,0,299232,0,224689,1,163510,6,114372,21,76492,49410,118,30961,298,18771,513,11077,754,6348,754,3663,681,1976,472,930,237,412,115,164,40,43,7,14,2,3,1,0,0,0,0,0,0,0,0,0,0
0,0,0,0,0,0,0,0,0,0,0,0,0,0,0,0,0,0,0,0,0,0,0,0,0,0,0,0,0,0,0,1,0,0,0,3,6,0,20,0,30,0,66,0,184,0,403,0,946,0,1955,0,3903,0,7236,0,12831,0,22584,0,37777,0,60373,0,93101,0,137834,0,196003,0,267191,0,351657,445660,0,540110,0,633361,0,711803,0,773494,0,809450,0,811458,0,786902,0,733895,0,662266,0,572646,0,479885,0,387336,0,300649,0,225444,0,164360,7,114931,17,77107,49776,126,30986,300,18969,514,11161,715,6458,712,3664,696,1951,474,960,271,400,112,167,37,44,9,13,4,3,1,0,0,0,0,0,0,0,0,0,0
0,0,0,0,0,0,0,0,0,0,0,0,0,0,0,0,0,0,0,0,0,0,0,0,0,0,0,0,0,1,0,0,0,0,0,2,10,0,17,0,27,0,70,0,180,0,419,0,963,0,1909,0,3833,0,7153,0,12822,0,22518,0,37366,0,60014,0,92427,0,137023,0,194195,0,266325,0,350957,442670,0,539927,0,631185,0,710904,0,772275,0,809071,0,813014,0,787692,0,735741,0,661887,0,574052,0,481476,0,389200,0,301887,0,226551,0,165093,4,115816,17,77413,50000,130,31357,309,19031,519,11177,722,6420,754,3748,661,1943,471,972,274,435,114,146,38,52,9,13,4,2,1,0,0,0,0,0,0,0,0,0,0
0,0,0,0,0,0,0,0,0,0,0,0,0,0,0,0,0,0,0,0,0,0,0,0,0,0,0,0,0,1,0,0,0,0,0,2,7,0,17,0,31,0,65,0,180,0,397,0,972,0,1957,0,3705,0,7066,0,12777,0,22462,0,36965,0,59509,0,91672,0,135879,0,193351,0,265085,0,349124,441995,0,536989,0,630823,0,709740,0,771700,0,808403,0,813463,0,788466,0,737215,0,663602,0,574601,0,483549,0,390028,0,303498,0,227932,0,166211,5,115506,17,78254,50410,126,31614,287,19294,491,11154,695,6418,751,3766,688,1953,481,925,296,447,117,148,40,61,7,12,2,2,1,1,0,0,0,0,0,0,0,0,0
0,0,0,0,0,0,0,0,0,0,0,0,0,0,0,0,0,0,0,0,0,0,0,0,0,0,0,0,0,0,0,1,0,0,0,3,5,0,16,0,28,0,65,0,172,0,421,0,898,0,1962,0,3717,0,6923,0,12778,0,22082,0,36736,0,58959,0,90948,0,135114,0,193037,0,263385,0,347759,439969,0,536804,0,628161,0,709184,0,770368,0,808304,0,812797,0,789760,0,738173,0,664633,0,577807,0,483743,0,391598,0,304754,0,229696,2,166134,5,116969,15,78531,50782,138,31726,308,19363,503,11261,718,6412,792,3715,685,1982,460,1046,250,442,124,164,35,58,8,12,4,2,1,0,0,1,0,0,0,0,0,0,0
0,0,0,0,0,0,0,0,0,0,0,0,0,0,0,0,0,0,0,0,0,0,0,0,0,0,0,0,0,0,0,1,0,1,0,3,4,0,13,0,34,0,61,0,179,0,427,0,870,0,1886,0,3690,0,6898,0,12844,0,21781,0,36143,0,58254,0,90834,0,134400,0,191068,0,262704,0,346171,438519,0,534587,0,627575,0,708087,0,769710,0,808612,0,812244,0,789847,0,739830,0,665891,0,579432,0,485574,0,393133,0,305959,0,230690,1,166711,2,117858,13,79132,51005,126,31976,282,19432,484,11409,734,6529,781,3675,678,2015,456,1020,288,419,146,165,34,52,9,12,3,4,0,0,0,1,0,0,0,0,0,0,0
0,0,0,0,0,0,0,0,0,0,0,0,0,0,0,0,0,0,0,0,0,0,0,0,0,0,0,0,0,0,0,1,0,2,0,3,2,0,12,0,32,0,72,0,177,0,436,0,923,0,1818,0,3626,0,6998,0,12528,0,21581,0,35821,0,58254,0,89902,0,133234,0,189987,0,261114,0,345501,436768,0,532785,0,626417,0,706738,0,769281,0,807127,0,812976,0,790331,0,741980,0,667640,0,580976,0,486909,0,393637,0,307924,0,231632,0,167671,5,118555,6,79501,51499,130,31957,281,19520,501,11573,712,6552,798,3712,653,2004,462,1011,287,441,140,167,35,65,5,12,3,2,1,1,0,1,0,0,0,0,0,0,0
0,0,0,0,0,0,0,0,0,0,0,0,0,0,0,0,0,0,0,0,0,0,0,0,0,0,0,0,0,0,0,1,0,3,0,2,3,0,8,0,26,0,74,0,194,0,412,0,916,0,1808,0,3495,0,6922,0,12396,0,21391,0,35840,0,57543,0,88965,0,132699,0,188614,0,260735,0,343529,434273,0,532297,0,624447,0,706242,0,768722,0,806161,0,813916,0,790853,0,742361,0,669558,0,583068,0,488302,0,395152,0,308909,0,233022,0,168901,3,118412,13,79910,51796,129,32238,279,19566,485,11717,696,6609,795,3678,693,1965,467,1026,275,476,114,183,36,55,13,12,1,3,1,1,0,0,0,1,0,0,0,0,0
0,0,0,0,0,0,0,0,0,0,0,0,0,0,0,0,0,0,0,0,0,0,0,0,0,0,0,0,0,0,0,0,0,3,0,2,2,0,13,0,21,0,86,0,170,0,404,0,888,0,1849,0,3489,0,6748,0,12277,0,21452,0,35559,0,56848,0,88431,0,131768,0,188213,0,258729,0,341954,433953,0,530013,0,622450,0,705235,0,768809,0,805887,0,813471,0,791143,0,743532,0,671912,0,583971,0,489889,0,397035,0,310073,0,233843,0,169890,2,118835,12,80422,51970,122,32441,284,19846,503,11666,674,6745,771,3803,696,1951,470,993,288,470,122,183,42,55,13,10,2,3,1,0,0,0,0,1,0,0,0,0,0
0,0,0,0,0,0,0,0,0,0,0,0,0,0,0,0,0,0,0,0,0,0,0,0,0,0,0,0,0,0,0,1,0,1,0,2,4,0,10,0,27,0,87,0,167,0,416,0,838,0,1779,0,3535,0,6575,0,12208,0,21229,0,35072,0,56707,0,88050,0,131104,0,186504,0,257289,0,340237,432435,0,528890,0,621983,0,703618,0,766929,0,805768,0,813710,0,792753,0,744375,0,673636,0,585763,0,491060,0,398100,0,311883,0,234282,0,171332,1,119612,15,80362,52314,137,32714,285,19985,486,11732,691,6827,778,3748,677,2015,471,1001,277,477,127,188,34,67,12,9,2,3,1,0,0,0,0,1,0,0,0,0,0
0,0,0,0,0,0,0,0,0,0,0,0,0,0,0,0,0,0,0,0,0,0,0,0,0,0,0,0,0,0,0,0,0,1,0,2,4,0,10,0,31,0,80,0,169,0,382,0,860,0,1767,0,3468,0,6510,0,12056,0,20977,0,34679,0,56460,0,87257,0,130251,0,185859,0,255804,0,339148,430544,0,526631,0,619859,0,703877,0,765859,0,806493,0,812866,0,794948,0,745033,0,674577,0,586678,0,493587,0,399315,0,312412,0,236190,0,171530,2,120337,13,80897,52858,119,32930,271,19964,537,11877,702,6762,782,3794,673,2024,479,1004,292,464,128,190,41,64,10,15,1,2,0,1,0,1,0,0,0,0,0,0,0
0,0,0,0,0,0,0,0,0,0,0,0,0,0,0,0,0,0,0,0,0,0,0,0,0,0,0,0,0,0,0,0,0,0,0,1,7,0,7,0,29,0,70,0,176,0,366,0,883,0,1703,0,3402,0,6515,0,11993,0,20541,0,34662,0,55596,0,87232,0,128828,0,185292,0,254561,0,337333,428450,0,526441,0,618072,0,702124,0,765549,0,805149,0,814716,0,795130,0,746198,0,675896,0,588637,0,494757,0,400329,0,314127,0,237165,0,172488,2,120839,13,81420,53041,137,33041,273,20224,510,11904,704,6860,739,3857,676,2068,494,1009,274,463,107,191,40,64,9,18,1,3,1,0,0,1,0,0,0,0,0,0,0
0,0,0,0,0,0,0,0,0,0,0,0,0,0,0,0,0,0,0,0,0,0,0,0,0,0,0,0,0,0,0,0,0,0,0,2,7,0,6,0,30,0,65,0,175,0,376,0,807,0,1740,0,3360,0,6368,0,11859,0,20487,0,34183,0,55427,0,86241,0,128549,0,184387,0,252808,0,335671,427131,0,523298,0,616908,0,702727,0,764744,0,804684,0,814937,0,796003,0,748408,0,675658,0,590161,0,495992,0,402533,0,315423,0,238047,0,173359,3,121562,9,81538,53377,119,33340,290,20475,501,11958,707,6921,751,3844,670,2080,497,1093,250,421,112,195,47,59,8,15,1,2,0,1,0,1,0,0,0,0,0,0,0
0,0,0,0,0,0,0,0,0,0,0,0,0,0,0,0,0,0,0,0,0,0,0,0,0,0,0,0,0,0,0,0,0,0,0,1,7,0,8,0,38,0,70,0,158,0,380,0,828,0,1668,0,3326,0,6365,0,11623,0,20325,0,33954,0,55180,0,85583,0,127832,0,182872,0,251890,0,334112,424837,0,522408,0,616556,0,700110,0,765579,0,803658,0,815177,0,796097,0,748473,0,678852,0,591351,0,497284,0,404146,0,316312,0,239683,0,174130,4,121537,8,82635,53448,123,33481,284,20707,489,11994,700,6953,801,3906,667,2101,514,1041,276,431,114,184,42,67,9,13,1,3,0,2,0,0,0,0,0,0,0,0,0
0,0,0,0,0,0,0,0,0,0,0,0,0,0,0,0,0,0,0,0,0,0,0,0,0,0,0,0,0,0,0,0,0,0,0,1,6,0,16,0,36,0,67,0,150,0,392,0,813,0,1667,0,3226,0,6369,0,11546,0,20067,0,33537,0,54773,0,85381,0,126381,0,182464,0,250505,0,332376,423542,0,521765,0,613994,0,699165,0,764668,0,805023,0,814695,0,795773,0,750140,0,679590,0,592375,0,499607,0,405732,0,317449,0,240748,0,174871,3,122606,13,82609,53937,124,33709,281,20751,524,12004,688,7000,795,3906,681,2133,523,1072,263,441,113,178,51,69,9,8,2,2,0,3,0,0,0,0,0,0,0,0,0
0,0,0,0,0,0,0,0,0,0,0,0,0,0,0,0,0,0,0,0,0,0,0,0,0,0,0,0,0,0,0,0,0,0,0,1,7,0,16,0,39,0,57,0,162,0,375,0,831,0,1647,0,3209,0,6206,0,11513,0,19776,0,33592,0,54245,0,84305,0,126194,0,180658,0,250331,0,330440,422652,0,518797,0,613385,0,698058,0,763345,0,803828,0,816062,0,796550,0,751050,0,681488,0,593540,0,500631,0,407403,0,319066,0,241098,0,176797,4,122986,10,82928,54389,123,33895,273,20709,520,12217,662,6977,779,4031,666,2134,512,1067,274,469,117,179,47,60,10,11,0,1,0,4,0,0,0,0,0,0,0,0,0
0,0,0,0,0,0,0,0,0,0,0,0,0,0,0,0,0,0,0,0,0,0,0,0,0,0,0,0,0,0,0,0,0,0,0,2,5,0,17,0,28,0,75,0,153,0,368,0,774,0,1675,0,3183,0,6217,0,11176,0,19803,0,33057,0,54068,0,83796,0,125192,0,179887,0,248634,0,329360,420901,0,517657,0,612218,0,696473,0,762631,0,803576,0,815947,0,797960,0,751491,0,681318,0,596664,0,502273,0,408775,0,319752,0,242903,0,177124,4,123768,11,83450,54626,133,34324,287,20711,526,12370,642,7068,752,4011,700,2123,533,1068,273,477,115,177,38,61,11,10,1,2,0,3,0,0,0,0,0,0,0,0,0
0,0,0,0,0,0,0,0,0,0,0,0,0,0,0,0,0,0,0,0,0,0,0,0,0,0,0,0,0,0,0,0,0,0,0,1,6,0,17,0,27,0,76,0,155,0,349,0,783,0,1623,0,3135,0,6217,0,11034,0,19498,0,33009,0,53483,0,83379,0,124460,0,178526,0,248228,0,327637,418952,0,516362,0,610048,0,696022,0,761217,0,803154,0,816144,0,799737,0,751900,0,683015,0,597771,0,504718,0,409334,0,321506,0,243718,0,177968,3,124533,12,83593,54992,122,34702,297,20883,522,12331,666,7158,791,3931,738,2186,494,1047,284,498,120,163,42,65,9,9,2,4,0,2,0,0,0,0,0,0,0,0,0
0,0,0,0,0,0,0,0,0,0,0,0,0,0,0,0,0,0,0,0,0,0,0,0,0,0,0,0,0,0,0,0,0,0,0,0,12,0,13,0,27,0,78,0,164,0,343,0,750,0,1627,0,3143,0,6031,0,10966,0,19440,0,32845,0,53121,0,82203,0,124400,0,177798,0,245624,0,326661,418264,0,512852,0,610712,0,694449,0,760060,0,803154,0,815224,0,799950,0,754397,0,684046,0,599448,0,506061,0,411297,0,322854,0,244654,0,178616,2,125251,12,83989,55240,113,34758,289,21036,488,12616,667,7216,811,3920,701,2267,497,1030,282,506,114,183,53,51,8,17,2,3,0,2,0,0,0,0,0,0,0,0,0
0,0,0,0,0,0,0,0,0,0,0,0,0,0,0,0,0,0,0,0,0,0,0,0,0,0,0,0,0,0,0,0,0,0,0,0,6,0,18,0,22,0,76,0,186,0,317,0,720,0,1620,0,3119,0,5896,0,10804,0,19552,0,32494,0,52718,0,81668,0,123286,0,176916,0,244498,0,326113,414935,0,513366,0,608418,0,692970,0,759373,0,803321,0,815416,0,799812,0,754929,0,685893,0,601309,0,508021,0,411746,0,323998,0,246189,0,179319,2,125657,10,85056,55527,116,34695,278,21455,523,12477,669,7369,790,4030,685,2177,558,1089,281,451,136,180,56,60,10,19,2,4,0,2,0,0,0,0,0,0,0,0,0
0,0,0,0,0,0,0,0,0,0,0,0,0,0,0,0,0,0,0,0,0,0,0,0,0,0,0,0,0,0,0,0,0,0,0,1,4,0,17,0,29,0,72,0,168,0,329,0,710,0,1552,0,3143,0,5900,0,10782,0,19112,0,32374,0,52096,0,81513,0,122181,0,176027,0,243197,0,324620,414076,0,511280,0,606754,0,692540,0,759796,0,800455,0,815488,0,801709,0,755320,0,687391,0,602848,0,508105,0,414640,0,325999,0,246595,0,180479,2,126057,10,85070,55995,105,35304,287,21516,493,12561,704,7362,766,4092,686,2211,556,1139,266,475,118,171,64,59,13,15,1,6,0,2,0,0,0,0,0,0,0,0,0
0,0,0,0,0,0,0,0,0,0,0,0,0,0,0,0,0,0,0,0,0,0,0,0,0,0,0,0,0,0,0,0,0,0,0,1,5,0,14,0,33,0,68,0,159,0,329,0,740,0,1499,0,3081,0,5885,0,10730,0,18877,0,32054,0,51729,0,81263,0,121215,0,174711,0,242524,0,321657,414219,0,509635,0,605240,0,690781,0,758772,0,800402,0,816085,0,801480,0,756790,0,689205,0,604399,0,509886,0,415881,0,327196,0,247659,0,180944,1,126628,9,85994,56120,103,35619,302,21634,470,12575,694,7462,765,4006,697,2268,544,1162,287,471,110,174,64,66,11,16,2,4,0,2,0,0,0,0,0,0,0,0,0
0,0,0,0,0,0,0,0,0,0,0,0,0,0,0,0,0,0,0,0,0,0,0,0,0,0,0,0,0,0,0,0,0,0,0,1,4,0,9,0,42,0,53,0,148,0,332,0,718,0,1512,0,3057,0,5696,0,10857,0,18636,0,31637,0,51228,0,80457,0,121087,0,173876,0,240981,0,320301,411577,0,508784,0,604239,0,689214,0,757293,0,800552,0,816361,0,802232,0,757297,0,690116,0,607673,0,511046,0,417576,0,327948,0,248750,0,181559,0,127499,12,86544,56293,110,35842,278,21846,533,12723,683,7412,755,4082,717,2294,550,1165,292,470,118,180,64,59,13,16,2,5,1,1,0,0,0,0,0,0,0,0,0
0,0,0,0,0,0,0,0,0,0,0,0,0,0,0,0,0,0,0,0,0,0,0,0,0,0,0,0,0,0,0,0,0,0,0,1,5,0,9,0,35,0,59,0,143,0,330,0,711,0,1540,0,2921,0,5792,0,10473,0,18632,0,31096,0,51060,0,80350,0,120217,0,172515,0,239556,0,319582,410262,0,506018,0,602714,0,687425,0,758977,0,799364,0,817037,0,800994,0,759112,0,692061,0,607956,0,513283,0,418652,0,329541,0,250057,0,182227,1,127892,11,87405,56723,108,36021,283,21956,499,12843,690,7392,777,4095,731,2314,561,1158,305,482,118,190,53,49,15,22,0,5,1,1,0,0,0,0,0,0,0,0,0
0,0,0,0,0,0,0,0,0,0,0,0,0,0,0,0,0,0,0,0,0,0,0,0,0,0,0,0,0,0,0,0,0,1,0,1,2,0,13,0,28,0,62,0,148,0,327,0,693,0,1495,0,2923,0,5751,0,10401,0,18265,0,31173,0,50616,0,79475,0,119564,0,171756,0,237752,0,318240,408496,0,505686,0,600338,0,687101,0,756125,0,801059,0,816423,0,802407,0,759676,0,693253,0,608574,0,515085,0,420713,0,330679,0,250855,0,183306,0,128939,9,87710,57490,105,35839,302,22074,506,12922,666,7424,763,4209,725,2301,523,1170,307,502,110,192,53,61,15,22,0,5,1,1,0,0,0,0,0,0,0,0,0
0,0,0,0,0,0,0,0,0,0,0,0,0,0,0,0,0,0,0,0,0,0,0,0,0,0,0,0,0,0,0,0,0,0,0,1,6,0,10,0,25,0,62,0,161,0,285,0,719,0,1416,0,2971,0,5594,0,10414,0,18189,0,30706,0,50348,0,79078,0,118637,0,170600,0,237225,0,316215,406996,0,503889,0,599377,0,685650,0,754917,0,801291,0,817654,0,801346,0,760546,0,693698,0,611057,0,516174,0,421820,0,333173,0,252007,0,184209,0,129701,12,88024,57764,88,36239,308,22253,511,12909,660,7464,767,4263,716,2336,496,1156,287,520,130,183,49,64,9,25,0,4,2,2,0,0,0,0,0,0,0,0,0
0,0,0,0,0,0,0,0,0,0,0,0,0,0,0,0,0,0,0,0,0,0,0,0,0,0,0,0,0,0,0,0,0,0,0,0,6,0,11,0,25,0,50,0,162,0,298,0,690,0,1429,0,2887,0,5654,0,10255,0,18002,0,30398,0,50025,0,78607,0,117779,0,169695,0,235783,0,314743,405557,0,502282,0,597890,0,683744,0,754877,0,799924,0,818069,0,803353,0,761412,0,694580,0,612667,0,518543,0,422515,0,333743,0,253617,0,185182,0,130003,8,88775,58060,99,36662,286,22247,502,13116,668,7463,750,4283,716,2381,508,1162,279,495,140,202,44,66,7,23,2,4,2,1,0,0,0,0,0,0,0,0,0
0,0,0,0,0,0,0,0,0,0,0,0,0,0,0,0,0,0,0,0,0,0,0,0,0,0,0,0,0,0,0,0,0,0,0,1,3,0,14,0,23,0,58,0,152,0,325,0,663,0,1349,0,3001,0,5526,0,10146,0,17750,0,30347,0,49632,0,78155,0,116680,0,168518,0,235083,0,313321,403042,0,501459,0,596205,0,683486,0,754320,0,798480,0,817724,0,804372,0,763185,0,695759,0,613117,0,520162,0,425155,0,333877,0,254674,0,186295,0,131174,14,89082,58412,104,37021,261,22325,480,13051,711,7575,705,4327,751,2384,493,1196,283,517,131,201,43,64,8,28,1,4,2,1,0,0,0,0,0,0,0,0,0
0,0,0,0,0,0,0,0,0,0,0,0,0,0,0,0,0,0,0,0,0,0,0,0,0,0,0,0,0,0,0,0,0,0,0,1,2,0,15,0,19,0,53,0,166,0,293,0,672,0,1341,0,2968,0,5486,0,10008,0,17748,0,29928,0,49109,0,77321,0,116304,0,168177,0,233373,0,311941,401627,0,499589,0,595741,0,682739,0,751175,0,798909,0,817229,0,805533,0,764174,0,697429,0,614599,0,520729,0,426784,0,335311,0,255885,0,187154,1,132541,10,89662,58473,105,37123,261,22491,493,13176,698,7619,735,4368,752,2350,505,1194,305,523,141,199,41,70,8,20,3,6,1,2,0,0,0,0,0,0,0,0,0
0,0,0,0,0,0,0,0,0,0,0,0,0,0,0,0,0,0,0,0,0,0,0,0,0,0,0,0,0,0,0,0,0,0,0,0,3,0,11,0,20,0,54,0,145,0,299,0,644,0,1404,0,2807,0,5429,0,9967,0,17491,0,30048,0,48579,0,76559,0,115610,0,167330,0,231637,0,311320,400378,0,497601,0,594114,0,681199,0,750696,0,798925,0,816658,0,806477,0,764686,0,699536,0,615486,0,522362,0,427858,0,336747,0,256604,0,188721,1,132778,10,90249,59241,96,37265,246,22702,502,13429,648,7614,774,4358,740,2295,532,1144,309,567,148,203,37,74,10,20,1,7,2,1,0,0,0,0,0,0,0,0,0
0,0,0,0,0,0,0,0,0,0,0,0,0,0,0,0,0,0,0,0,0,0,0,0,0,0,0,0,0,0,0,0,0,0,0,0,4,0,9,0,26,0,58,0,132,0,273,0,652,0,1391,0,2752,0,5364,0,10002,0,17352,0,29567,0,48346,0,76090,0,114993,0,166101,0,230991,0,309116,399732,0,495875,0,592526,0,679402,0,749674,0,798021,0,817945,0,806621,0,765516,0,701047,0,617653,0,523112,0,429575,0,338322,0,257630,0,189417,0,133327,11,90993,59619,112,37513,246,22853,470,13414,663,7642,764,4377,741,2285,547,1156,291,611,138,188,50,71,10,17,0,9,2,1,0,0,0,0,0,0,0,0,0
0,0,0,0,0,0,0,0,0,0,0,0,0,0,0,0,0,0,0,0,0,0,0,0,0,0,0,0,0,0,0,0,0,0,0,0,5,0,11,0,22,0,48,0,126,0,313,0,642,0,1321,0,2760,0,5333,0,9667,0,17438,0,29338,0,48220,0,74987,0,114299,0,165324,0,230022,0,307565,398559,0,494381,0,590505,0,678583,0,749018,0,797837,0,816836,0,807129,0,766364,0,702783,0,619113,0,524328,0,431135,0,339969,0,258959,0,190194,0,134081,13,91185,60429,115,37537,242,22846,462,13589,657,7803,778,4343,743,2359,521,1223,287,570,136,203,48,67,12,16,1,6,1,1,0,0,0,0,0,0,0,0,0
0,0,0,0,0,0,0,0,0,0,0,0,0,0,0,0,0,0,0,0,0,0,0,0,0,0,0,0,0,0,0,0,0,0,0,1,6,0,7,0,21,0,48,0,127,0,276,0,630,0,1369,0,2717,0,5216,0,9700,0,17074,0,29384,0,47907,0,74309,0,113311,0,164461,0,228330,0,307067,395751,0,493619,0,590227,0,676655,0,747909,0,797435,0,816844,0,807517,0,767687,0,703861,0,619822,0,526637,0,432138,0,341696,0,259912,0,191231,1,134714,10,91892,60651,102,37785,263,23127,431,13676,624,7863,738,4440,714,2374,532,1204,298,569,146,209,39,61,9,25,1,6,1,1,0,0,0,0,0,0,0,0,0
0,0,0,0,0,0,0,0,0,0,0,0,0,0,0,0,0,0,0,0,0,0,0,0,0,0,0,0,0,0,0,0,0,0,0,1,4,0,11,0,15,0,47,0,118,0,319,0,606,0,1281,0,2769,0,5133,0,9495,0,16984,0,29001,0,47385,0,74496,0,112339,0,163377,0,227484,0,304648,395360,0,492124,0,588360,0,674708,0,747786,0,796499,0,817591,0,808214,0,768372,0,704744,0,621384,0,528079,0,433901,0,342669,0,261739,0,191370,1,135708,13,92543,60762,105,38355,252,23150,456,13669,661,7863,750,4488,712,2405,526,1204,307,583,116,208,52,63,13,22,1,6,1,0,0,0,0,0,0,0,0,0,0
0,0,0,0,0,0,0,0,0,0,0,0,0,0,0,0,0,0,0,0,0,0,0,0,0,0,0,0,0,0,0,0,0,0,0,2,6,0,6,0,10,0,53,0,139,0,292,0,611,0,1274,0,2671,0,5210,0,9405,0,16874,0,28726,0,46984,0,73875,0,111525,0,162199,0,226518,0,304418,392879,0,490032,0,587549,0,674391,0,745227,0,797073,0,817392,0,808936,0,769160,0,706219,0,622769,0,529350,0,435321,0,344365,0,261628,0,193238,1,136471,12,92920,61121,85,38507,252,23343,474,13806,646,7883,804,4443,743,2438,543,1204,333,542,130,217,53,68,13,22,0,6,1,0,0,0,0,0,0,0,0,0,0
0,0,0,0,0,0,0,0,0,0,0,0,0,0,0,0,0,0,0,0,0,0,0,0,0,0,0,0,0,0,0,0,0,0,0,0,6,0,5,0,20,0,50,0,132,0,308,0,601,0,1258,0,2676,0,5062,0,9381,0,16567,0,28710,0,46449,0,73435,0,110997,0,161053,0,224977,0,302826,392848,0,488129,0,585143,0,673161,0,744870,0,796883,0,816980,0,809219,0,770728,0,707559,0,623577,0,531001,0,436717,0,345888,0,262812,0,193981,1,137110,12,93778,61225,94,38948,265,23219,470,14019,635,7992,799,4509,754,2454,527,1201,325,539,139,216,57,74,9,20,2,5,0,1,0,0,0,0,0,0,0,0,0
0,0,0,0,0,0,0,0,0,0,0,0,0,0,0,0,0,0,0,0,0,0,0,0,0,0,0,0,0,0,0,0,0,0,0,2,2,0,13,0,11,0,57,0,123,0,283,0,614,0,1278,0,2580,0,5171,0,9104,0,16459,0,28284,0,46308,0,72756,0,110307,0,160563,0,223551,0,301113,392547,0,486315,0,583026,0,671877,0,743401,0,796424,0,817714,0,809651,0,772026,0,708304,0,624629,0,533135,0,437875,0,347107,0,264946,0,194098,1,137727,9,94442,61680,101,39051,257,23571,454,13989,643,8060,783,4649,765,2419,523,1240,315,553,131,217,58,79,10,20,2,4,0,1,0,0,0,0,0,0,0,0,0
0,0,0,0,0,0,0,0,0,0,0,0,0,0,0,0,0,0,0,0,0,0,0,0,0,0,0,0,0,0,0,0,0,0,0,2,3,0,10,0,17,0,52,0,117,0,271,0,644,0,1298,0,2568,0,5012,0,9131,0,16210,0,28162,0,45710,0,72646,0,109251,0,159763,0,222407,0,300660,389934,0,484722,0,582929,0,669503,0,743678,0,794381,0,817428,0,811613,0,771818,0,709207,0,627145,0,533908,0,439739,0,348884,0,265317,0,194715,2,139240,13,94682,62254,81,39180,284,23797,458,13945,631,8112,778,4647,783,2466,560,1254,296,576,140,206,48,79,8,28,0,3,0,1,1,0,0,0,0,0,0,0,0
0,0,0,0,0,0,0,0,0,0,0,0,0,0,0,0,0,0,0,0,0,0,0,0,0,0,0,0,0,0,0,0,0,0,0,3,3,0,6,0,24,0,34,0,135,0,262,0,589,0,1317,0,2576,0,4957,0,9152,0,15883,0,27816,0,45940,0,71711,0,109071,0,158108,0,222216,0,299287,387447,0,483315,0,580791,0,669333,0,741523,0,795417,0,815923,0,813067,0,772882,0,710389,0,628877,0,535737,0,441132,0,349096,0,266495,0,196391,4,139622,13,95219,62624,93,39495,246,23824,473,14152,627,8184,727,4742,733,2492,547,1287,298,581,143,205,60,68,13,24,0,6,0,0,1,0,0,0,0,0,0,0,0
0,0,0,0,0,0,0,0,0,0,0,0,0,0,0,0,0,0,0,0,0,0,0,0,0,0,0,0,0,0,0,0,0,0,0,2,1,0,11,0,18,0,41,0,123,0,281,0,567,0,1292,0,2598,0,4862,0,8905,0,16001,0,27499,0,45694,0,71390,0,107891,0,157760,0,220686,0,298019,386024,0,481000,0,579885,0,668068,0,741491,0,793441,0,817312,0,811798,0,774218,0,712838,0,629529,0,537472,0,442769,0,349902,0,267452,0,198075,4,139970,13,96019,62915,100,39489,255,24129,459,14288,638,8173,765,4778,731,2507,539,1300,334,561,144,210,50,82,15,20,0,4,0,1,0,0,0,0,0,0,0,0,0
0,0,0,0,0,0,0,0,0,0,0,0,0,0,0,0,0,0,0,0,0,0,0,0,0,0,0,0,0,0,0,0,0,1,0,1,3,0,9,0,20,0,43,0,116,0,261,0,589,0,1262,0,2530,0,4803,0,8839,0,15789,0,27624,0,44994,0,70809,0,107519,0,156561,0,219898,0,296517,383748,0,480670,0,576920,0,668101,0,741074,0,791901,0,818132,0,811358,0,775984,0,714036,0,630787,0,539741,0,442938,0,351828,0,268564,0,198520,3,140859,14,96466,63245,113,40054,229,24251,463,14101,671,8395,760,4717,739,2537,540,1322,332,564,150,217,57,71,21,22,0,4,0,1,0,0,0,0,0,0,0,0,0
0,0,0,0,0,0,0,0,0,0,0,0,0,0,0,0,0,0,0,0,0,0,0,0,0,0,0,0,0,0,0,1,0,0,0,1,4,0,6,0,15,0,40,0,127,0,259,0,594,0,1213,0,2469,0,4734,0,8890,0,15670,0,27281,0,44703,0,70390,0,106850,0,155833,0,218254,0,294882,382596,0,479386,0,575687,0,666503,0,739076,0,792618,0,818547,0,811069,0,776627,0,714897,0,632679,0,540842,0,445181,0,353028,0,269767,0,199343,4,141825,10,96834,63958,109,40054,233,24373,464,14385,654,8283,755,4793,696,2567,558,1334,321,582,154,224,49,86,16,19,1,4,0,1,0,0,0,0,0,0,0,0,0
0,0,0,0,0,0,0,0,0,0,0,0,0,0,0,0,0,0,0,0,0,0,0,0,0,0,0,0,0,0,0,0,0,1,0,0,2,0,8,0,12,0,40,0,124,0,255,0,571,0,1230,0,2427,0,4713,0,8794,0,15619,0,26871,0,44147,0,70187,0,105880,0,155220,0,217208,0,293642,381276,0,477038,0,575016,0,664572,0,738875,0,791787,0,817138,0,813757,0,776240,0,715626,0,634841,0,542859,0,446468,0,354359,0,271746,2,199399,1,142298,11,97393,63876,104,40756,262,24723,443,14360,664,8365,791,4671,704,2615,563,1397,308,593,146,238,52,76,23,18,0,6,1,0,0,0,0,0,0,0,0,0,0
0,0,0,0,0,0,0,0,0,0,0,0,0,0,0,0,0,0,0,0,0,0,0,0,0,0,0,0,0,0,0,0,0,0,0,1,1,0,9,0,17,0,41,0,132,0,239,0,533,0,1228,0,2427,0,4613,0,8717,0,15648,0,26577,0,44057,0,69254,0,105449,0,154258,0,216020,0,291632,380080,0,475713,0,574292,0,662905,0,738446,0,791086,0,817465,0,813121,0,777376,0,716693,0,635668,0,544901,0,448261,0,355582,0,272594,0,200778,3,142688,5,98224,64428,104,40824,241,24850,469,14513,611,8347,763,4760,738,2590,570,1372,325,575,164,254,52,73,21,24,0,6,0,0,0,0,0,0,0,0,0,0,0
0,0,0,0,0,0,0,0,0,0,0,0,0,0,0,0,0,0,0,0,0,0,0,0,0,0,0,0,0,0,0,0,0,0,0,0,2,0,8,0,22,0,49,0,119,0,253,0,522,0,1169,0,2435,0,4578,0,8652,0,15536,0,26509,0,43516,0,68568,0,104998,0,153053,0,215424,0,290374,377858,0,475187,0,571801,0,662020,0,737126,0,791607,0,816766,0,813778,0,777943,0,718812,0,636988,0,545633,0,450165,0,357198,0,273500,0,201303,6,143744,10,98437,64989,103,40893,237,25113,399,14662,598,8412,781,4758,739,2622,568,1364,316,590,163,249,59,70,22,22,2,8,0,0,0,0,0,0,0,0,0,0,0
0,0,0,0,0,0,0,0,0,0,0,0,0,0,0,0,0,0,0,0,0,0,0,0,0,0,0,0,0,0,0,0,0,0,0,0,2,0,7,0,25,0,49,0,116,0,240,0,538,0,1166,0,2364,0,4514,0,8690,0,15427,0,26239,0,43077,0,67764,0,104428,0,152772,0,213930,0,289113,376508,0,472821,0,570621,0,661406,0,736248,0,790333,0,817630,0,815123,0,778919,0,718341,0,638691,0,547441,0,451277,0,358909,0,274321,1,202451,4,144262,7,98809,65161,96,41367,254,25316,440,14628,641,8496,765,4832,720,2657,553,1416,308,589,139,259,59,77,17,23,5,6,0,0,0,0,0,0,0,0,0,0,0
0,0,0,0,0,0,0,0,0,0,0,0,0,0,0,0,0,0,0,0,0,0,0,0,0,0,0,0,0,0,0,0,0,0,0,0,2,0,7,0,25,0,46,0,115,0,233,0,552,0,1121,0,2323,0,4597,0,8539,0,15286,0,26164,0,42439,0,67798,0,103455,0,151528,0,213269,0,287623,374925,0,470914,0,569769,0,660179,0,734429,0,790947,0,817227,0,814865,0,779877,0,720075,0,640385,0,548626,0,453216,0,359265,0,276451,1,202684,4,145351,6,99216,65352,90,41925,260,25228,414,14982,649,8544,779,4804,741,2611,575,1378,353,597,149,262,61,72,14,26,4,4,0,0,0,0,0,0,0,0,0,0,0
0,0,0,0,0,0,0,0,0,0,0,0,0,0,0,0,0,0,0,0,0,0,0,0,0,0,0,0,0,0,0,0,0,0,0,0,1,0,9,0,22,0,60,0,91,0,242,0,519,0,1100,0,2377,0,4525,0,8507,0,15057,0,25770,0,42331,0,67336,0,102362,0,150581,0,212416,0,286519,373936,0,468824,0,567764,0,658650,0,733969,0,789504,0,818395,0,814966,0,781124,0,721317,0,642330,0,550099,0,453863,0,360908,0,277137,0,204143,4,145941,7,99964,65508,88,42200,270,25491,417,14932,633,8675,735,4901,735,2644,531,1404,366,620,144,255,66,73,15,26,2,7,0,0,0,0,0,0,0,0,0,0,0
0,0,0,0,0,0,0,0,0,0,0,0,0,0,0,0,0,0,0,0,0,0,0,0,0,0,0,0,0,0,0,0,0,0,0,0,1,0,6,0,28,0,51,0,108,0,228,0,487,0,1155,0,2275,0,4636,0,8348,0,14951,0,25569,0,42102,0,66498,0,101919,0,149652,0,211104,0,285188,372607,0,467931,0,565885,0,657442,0,732852,0,789378,0,818199,0,815346,0,780593,0,723151,0,644039,0,551868,0,455477,0,362000,0,278400,0,205057,3,146507,6,100793,65828,98,42184,227,25670,443,15034,647,8828,746,4933,754,2656,535,1389,369,642,143,249,59,84,12,26,4,8,0,0,0,0,0,0,0,0,0,0,0
0,0,0,0,0,0,0,0,0,0,0,0,0,0,0,0,0,0,0,0,0,0,0,0,0,0,0,0,0,0,0,0,0,0,0,0,2,0,9,0,21,0,41,0,106,0,235,0,514,0,1096,0,2245,0,4582,0,8247,0,15010,0,25349,0,41565,0,65746,0,101730,0,148952,0,209942,0,283640,371338,0,465985,0,564245,0,655549,0,733914,0,788326,0,817197,0,816045,0,782326,0,724293,0,645178,0,551940,0,457619,0,363979,0,278685,0,206527,2,147321,7,101368,66290,98,42164,229,25850,455,15242,658,8924,704,4944,731,2719,558,1356,367,624,148,286,55,79,13,28,5,4,0,1,0,0,0,0,0,0,0,0,0
0,0,0,0,0,0,0,0,0,0,0,0,0,0,0,0,0,0,0,0,0,0,0,0,0,0,0,0,0,0,0,0,0,0,0,0,3,0,8,0,21,0,42,0,104,0,216,0,534,0,1121,0,2239,0,4401,0,8375,0,14628,0,25296,0,41378,0,65577,0,100426,0,148158,0,208371,0,283438,370313,0,463656,0,562091,0,655168,0,732397,0,788025,0,818009,0,815187,0,785095,0,724791,0,644697,0,554619,0,459153,0,364718,0,280456,0,207049,2,148313,7,101507,66985,97,42561,248,25800,459,15452,683,8857,739,4909,737,2741,543,1407,363,627,158,262,60,85,10,25,6,3,0,2,0,0,0,0,0,0,0,0,0
0,0,0,0,0,0,0,0,0,0,0,0,0,0,0,0,0,0,0,0,0,0,0,0,0,0,0,0,0,0,0,0,0,0,0,1,3,0,11,0,16,0,31,0,103,0,219,0,527,0,1059,0,2325,0,4301,0,8217,0,14540,0,24768,0,41425,0,65119,0,99645,0,147433,0,207469,0,281557,368327,0,462904,0,560561,0,653089,0,732354,0,788502,0,816946,0,816593,0,784316,0,726163,0,646493,0,555496,0,460835,0,366846,0,281278,0,208232,2,148423,9,102600,67125,89,42918,209,26021,456,15478,651,9015,747,4899,731,2768,543,1401,352,637,164,273,56,93,11,22,6,5,0,0,0,0,0,0,0,0,0,0,0
0,0,0,0,0,0,0,0,0,0,0,0,0,0,0,0,0,0,0,0,0,0,0,0,0,0,0,0,0,0,0,0,0,0,0,1,4,0,11,0,15,0,31,0,103,0,218,0,470,0,1080,0,2276,0,4269,0,8118,0,14456,0,24782,0,40896,0,64489,0,99578,0,146054,0,205868,0,281413,366303,0,461576,0,558625,0,652044,0,731497,0,788129,0,817610,0,815772,0,785199,0,726812,0,648693,0,557064,0,462532,0,367805,1,282465,0,208958,1,149389,9,102744,68077,97,42888,229,26138,438,15688,609,9022,741,4978,745,2786,547,1443,343,635,180,268,55,92,11,26,6,6,0,0,0,0,0,0,0,0,0,0,0
0,0,0,0,0,0,0,0,0,0,0,0,0,0,0,0,0,0,0,0,0,0,0,0,0,0,0,0,0,0,0,0,0,0,0,1,4,0,8,0,18,0,32,0,87,0,225,0,459,0,1092,0,2191,0,4304,0,8099,0,14243,0,24627,0,40567,0,64305,0,98379,0,145364,0,205354,0,279868,364971,0,460289,0,555767,0,651551,0,730149,0,788367,0,817282,0,816389,0,785875,0,727092,0,650903,0,558682,0,463347,0,369385,1,283759,0,210091,2,149613,6,103566,68200,94,43420,222,26435,438,15660,608,9069,714,5072,739,2814,572,1399,349,644,175,273,54,88,14,32,4,5,0,0,0,0,0,0,0,0,0,0,0
0,0,0,0,0,0,0,0,0,0,0,0,0,0,0,0,0,0,0,0,0,0,0,0,0,0,0,0,0,0,0,0,0,0,0,0,5,0,5,0,22,0,31,0,87,0,227,0,460,0,1065,0,2204,0,4279,0,8012,0,14045,0,24533,0,40221,0,63934,0,97596,0,143697,0,205094,0,278282,364516,0,457852,0,555783,0,648700,0,729676,0,787223,0,817782,0,817125,0,785794,0,728541,0,652819,0,560330,0,464161,0,370865,1,285212,0,210363,2,150966,4,103805,68616,82,43611,242,26696,445,15649,635,9175,759,4993,767,2813,579,1374,367,642,174,267,55,90,15,31,3,9,0,0,0,0,0,0,0,0,0,0,0
0,0,0,0,0,0,0,0,0,0,0,0,0,0,0,0,0,0,0,0,0,0,0,0,0,0,0,0,0,0,0,0,0,0,0,0,2,0,6,0,17,0,34,0,96,0,214,0,469,0,1044,0,2198,0,4176,0,7900,0,14169,0,24056,0,39927,0,63466,0,96960,0,143786,0,203064,0,277155,362862,0,456846,0,554442,0,648164,0,727573,0,787108,0,816892,0,818474,0,786577,0,730159,0,652887,0,561943,0,465610,0,371961,0,286272,0,211736,3,151471,5,104352,69187,85,43943,233,26866,409,15775,653,8995,749,5259,728,2852,566,1393,376,643,150,259,62,96,9,33,4,6,0,1,0,0,0,0,0,0,0,0,0
0,0,0,0,0,0,0,0,0,0,0,0,0,0,0,0,0,0,0,0,0,0,0,0,0,0,0,0,0,0,0,0,0,0,0,0,1,0,8,0,15,0,40,0,86,0,204,0,457,0,1066,0,2112,0,4218,0,7846,0,14008,0,24051,0,39490,0,62791,0,96538,0,142725,0,202143,0,275922,361112,0,455666,0,554067,0,645575,0,727311,0,785061,0,817718,0,818644,0,787427,0,731087,0,654979,0,562281,0,467969,0,373281,1,287076,0,213079,4,152185,8,104755,69981,93,43741,242,26933,404,16027,647,9122,734,5167,763,2913,593,1407,375,641,142,257,65,94,20,27,6,5,1,1,0,0,0,0,0,0,0,0,0
0,0,0,0,0,0,0,0,0,0,0,0,0,0,0,0,0,0,0,0,0,0,0,0,0,0,0,0,0,0,0,0,0,0,0,0,2,0,7,0,12,0,38,0,91,0,203,0,466,0,1027,0,2160,0,4069,0,7739,0,13898,0,23672,0,39245,0,62591,0,96167,0,141543,0,201492,0,274168,360462,0,454248,0,551850,0,645358,0,724868,0,785387,0,817683,0,817791,0,788148,0,733255,0,655126,0,565116,0,468329,0,374750,1,288319,0,214165,4,153204,10,105359,69860,86,44470,218,26994,397,16250,649,9191,742,5234,761,2918,598,1392,357,621,158,273,69,90,17,29,4,5,0,2,0,0,0,0,0,0,0,0,0
0,0,0,0,0,0,0,0,0,0,0,0,0,0,0,0,0,0,0,0,0,0,0,0,0,0,0,0,0,0,0,0,0,0,0,0,1,0,6,0,15,0,34,0,87,0,213,0,432,0,1010,0,2099,0,4090,0,7604,0,13822,0,23513,0,38989,0,62384,0,94960,0,141104,0,200443,0,273011,358556,0,453350,0,549854,0,644304,0,724175,0,784124,0,818641,0,817659,0,789708,0,732753,0,658079,0,565046,0,470448,0,375771,0,289796,0,215221,4,153746,6,106029,70198,76,44438,240,27394,411,16285,625,9347,737,5198,760,2960,588,1430,345,653,151,268,62,96,19,25,5,8,0,2,0,0,0,0,0,0,0,0,0
0,0,0,0,0,0,0,0,0,0,0,0,0,0,0,0,0,0,0,0,0,0,0,0,0,0,0,0,0,0,0,0,0,0,0,0,0,0,5,0,11,0,37,0,99,0,206,0,424,0,975,0,2048,0,4089,0,7634,0,13482,0,23392,0,38872,0,61498,0,94905,0,139691,0,199604,0,272464,356437,0,451400,0,549992,0,642806,0,721970,0,784404,0,817175,0,819340,0,789837,0,734566,0,658240,0,567605,0,471735,0,376951,0,290910,0,216311,3,154445,7,106546,70416,88,45003,241,27455,386,16319,621,9354,749,5279,773,2964,558,1407,350,694,160,259,57,100,22,26,3,6,0,2,0,0,0,0,0,0,0,0,0
0,0,0,0,0,0,0,0,0,0,0,0,0,0,0,0,0,0,0,0,0,0,0,0,0,0,0,0,0,0,0,0,0,0,0,0,1,0,4,0,10,0,44,0,76,0,208,0,463,0,924,0,2012,0,4069,0,7511,0,13424,0,23273,0,38522,0,61394,0,94088,0,139066,0,198425,0,271168,355747,0,449214,0,547956,0,640814,0,722755,0,781981,0,817447,0,819960,0,790865,0,735070,0,659936,0,569764,0,472812,0,378726,0,291642,1,217047,0,155591,8,106852,71125,81,45121,233,27696,419,16321,593,9378,736,5393,792,2950,583,1446,358,682,166,255,55,92,32,19,3,7,0,2,0,0,0,0,0,0,0,0,0
0,0,0,0,0,0,0,0,0,0,0,0,0,0,0,0,0,0,0,0,0,0,0,0,0,0,0,0,0,0,0,0,0,0,0,0,1,0,2,0,12,0,43,0,76,0,194,0,474,0,969,0,1978,0,3974,0,7375,0,13361,0,23027,0,38172,0,60771,0,93883,0,138182,0,197626,0,269580,354503,0,447764,0,545229,0,640534,0,722090,0,781858,0,816024,0,820470,0,791686,0,737380,0,660593,0,570148,0,475168,0,379814,0,293516,2,217878,0,155904,8,107791,71258,90,45372,229,27924,373,16471,586,9408,729,5492,794,2833,602,1502,360,697,164,261,51,99,25,16,2,8,0,1,0,1,0,0,0,0,0,0,0
0,0,0,0,0,0,0,0,0,0,0,0,0,0,0,0,0,0,0,0,0,0,0,0,0,0,0,0,0,0,0,0,0,0,0,0,2,0,1,0,12,0,36,0,87,0,205,0,432,0,962,0,1971,0,3920,0,7281,0,13243,0,22829,0,37553,0,60932,0,92769,0,138442,0,195720,0,268479,353288,0,446086,0,544767,0,638330,0,721388,0,782035,0,813966,0,820470,0,793403,0,739110,0,660915,0,572750,0,475265,0,381835,0,294357,1,218851,0,157233,12,108299,71521,79,45655,250,27795,413,16571,596,9581,755,5434,797,2978,554,1501,354,707,174,253,65,93,20,13,3,6,2,0,0,0,0,1,0,0,0,0,0
0,0,0,0,0,0,0,0,0,0,0,0,0,0,0,0,0,0,0,0,0,0,0,0,0,0,0,0,0,0,0,0,0,0,0,0,3,0,0,0,15,0,37,0,88,0,200,0,426,0,915,0,2007,0,3882,0,7142,0,13012,0,22662,0,37399,0,60627,0,92128,0,137276,0,194856,0,266983,352046,0,445191,0,542316,0,638812,0,719168,0,780911,0,815752,0,819237,0,794135,0,739727,0,663784,0,573543,0,476335,0,382369,0,296146,1,220048,0,157757,4,109349,71888,89,45912,204,28057,385,16453,622,9707,760,5492,803,2967,556,1529,352,719,175,252,57,86,22,20,1,8,2,0,0,1,0,0,0,0,0,0,0
0,0,0,0,0,0,0,0,0,0,0,0,0,0,0,0,0,0,0,0,0,0,0,0,0,0,0,0,0,0,0,0,0,0,0,0,2,0,1,0,15,0,40,0,82,0,211,0,429,0,912,0,1938,0,3873,0,7069,0,13020,0,22306,0,37311,0,59780,0,92293,0,135624,0,194515,0,265449,350522,0,443555,0,541915,0,635591,0,718890,0,780331,0,816254,0,819021,0,795092,0,740573,0,665415,0,574899,0,478127,0,383211,0,297272,1,221288,0,158630,7,109467,72498,92,46111,233,28273,422,16725,623,9574,760,5561,824,3003,559,1518,364,706,173,264,54,84,19,26,0,8,2,0,0,1,0,0,0,0,0,0,0
0,0,0,0,0,0,0,0,0,0,0,0,0,0,0,0,0,0,0,0,0,0,0,0,0,0,0,0,0,0,0,0,0,0,0,0,1,0,2,0,12,0,40,0,99,0,197,0,422,0,947,0,1912,0,3778,0,7069,0,12789,0,22160,0,36971,0,59542,0,91614,0,135066,0,193163,0,264969,348557,0,441794,0,540992,0,634458,0,717379,0,779486,0,815723,0,819360,0,796458,0,741531,0,666700,0,576410,0,479810,0,384653,0,298178,0,222584,0,159355,6,109652,73025,101,46251,204,28399,401,17005,634,9552,782,5600,805,3042,578,1480,368,719,181,256,44,88,24,20,2,5,2,0,0,1,0,0,0,0,0,0,0
0,0,0,0,0,0,0,0,0,0,0,0,0,0,0,0,0,0,0,0,0,0,0,0,0,0,0,0,0,0,0,0,0,0,0,0,1,0,4,0,15,0,28,0,104,0,186,0,454,0,902,0,1944,0,3719,0,6929,0,12538,0,22079,0,36760,0,59002,0,91162,0,134781,0,191795,0,263420,347018,0,441041,0,539030,0,634029,0,714643,0,780726,0,814006,0,821392,0,795599,0,742955,0,667802,0,577502,0,481796,0,386447,0,299239,1,223576,0,159838,5,110283,73524,92,46487,200,28586,385,17126,575,9618,768,5681,813,3001,589,1494,373,731,165,256,50,92,19,21,1,5,2,3,0,0,0,0,0,0,0,0,0
0,0,0,0,0,0,0,0,0,0,0,0,0,0,0,0,0,0,0,0,0,0,0,0,0,0,0,0,0,0,0,0,0,0,0,0,1,0,2,0,13,0,33,0,91,0,201,0,441,0,909,0,1927,0,3662,0,6834,0,12602,0,21738,0,36643,0,58636,0,90286,0,134291,0,190529,0,261718,345978,0,440393,0,537355,0,632448,0,713757,0,779045,0,815020,0,821006,0,797052,0,744229,0,668243,0,579690,0,482701,0,387336,0,300722,1,224495,0,160738,7,111139,73571,101,46784,213,28615,388,17364,575,9812,775,5604,806,3025,600,1565,369,690,159,286,57,84,17,24,1,5,3,3,0,0,0,0,0,0,0,0,0
0,0,0,0,0,0,0,0,0,0,0,0,0,0,0,0,0,0,0,0,0,0,0,0,0,0,0,0,0,0,0,0,0,0,0,0,1,0,2,0,13,0,37,0,87,0,191,0,414,0,930,0,1908,0,3568,0,6874,0,12367,0,21605,0,36242,0,58416,0,89798,0,133107,0,189690,0,261010,344125,0,438784,0,536051,0,630951,0,712962,0,776663,0,816018,0,822778,0,796828,0,744820,0,670164,0,580937,0,484097,0,389189,0,301162,1,225401,1,161696,7,111840,74125,100,46994,183,28998,397,17142,611,10023,715,5629,811,3061,603,1566,368,700,157,289,62,92,11,22,2,5,2,5,0,0,0,0,0,0,0,0,0
0,0,0,0,0,0,0,0,0,0,0,0,0,0,0,0,0,0,0,0,0,0,0,0,0,0,0,0,0,0,0,0,0,0,0,0,0,0,1,0,9,0,44,0,81,0,176,0,438,0,872,0,1855,0,3699,0,6641,0,12297,0,21402,0,35862,0,58009,0,89286,0,132153,0,188982,0,260066,342946,0,436890,0,535116,0,629393,0,710498,0,776960,0,815253,0,823193,0,798052,0,745576,0,672565,0,581752,0,485089,0,390588,0,303151,1,225721,0,162766,7,112312,74221,97,47623,212,29012,393,17282,622,10046,748,5659,801,3092,608,1516,391,741,144,296,62,94,13,17,4,7,1,3,0,1,0,0,0,0,0,0,0
0,0,0,0,0,0,0,0,0,0,0,0,0,0,0,0,0,0,0,0,0,0,0,0,0,0,0,0,0,0,0,0,0,0,0,0,0,0,3,0,9,0,31,0,81,0,190,0,397,0,849,0,1852,0,3575,0,6720,0,12019,0,21311,0,35651,0,57411,0,88822,0,131692,0,187413,0,258399,342667,0,435503,0,532800,0,626991,0,711343,0,776468,0,814439,0,823650,0,798903,0,746351,0,673993,0,582935,0,486801,0,392110,0,303236,1,227431,0,163500,9,113239,74558,79,47781,214,29141,392,17422,586,10196,770,5660,798,3126,581,1524,381,754,146,308,62,87,15,18,3,7,0,4,0,0,0,0,0,0,0,0,0
0,0,0,0,0,0,0,0,0,0,0,0,0,0,0,0,0,0,0,0,0,0,0,0,0,0,0,0,0,0,0,0,0,0,0,0,1,0,2,0,11,0,26,0,87,0,179,0,410,0,863,0,1790,0,3568,0,6531,0,12059,0,21091,0,35361,0,56999,0,88402,0,130819,0,186290,0,257967,341174,0,434251,0,530248,0,626253,0,709905,0,775506,0,815184,0,823572,0,798640,0,749515,0,673866,0,584825,0,487474,0,393397,0,305647,0,227934,0,163965,12,113638,75410,74,48005,211,29418,396,17373,594,10154,740,5692,774,3187,597,1529,404,736,148,304,60,94,13,19,3,6,2,3,0,0,0,0,0,0,0,0,0
0,0,0,0,0,0,0,0,0,0,0,0,0,0,0,0,0,0,0,0,0,0,0,0,0,0,0,0,0,0,0,0,0,0,0,0,1,0,2,0,10,0,33,0,79,0,183,0,392,0,841,0,1729,0,3584,0,6543,0,11988,0,20688,0,35212,0,56356,0,87796,0,130387,0,185748,0,256460,340402,0,431020,0,529689,0,625619,0,709528,0,774142,0,814077,0,823374,0,800250,0,749965,0,675897,0,585234,0,490279,0,394192,0,305917,1,229525,0,165056,7,113969,75831,86,48419,200,29494,386,17625,584,10188,736,5765,779,3209,577,1566,400,730,159,287,64,100,14,20,2,8,1,3,0,0,0,0,0,0,0,0,0
0,0,0,0,0,0,0,0,0,0,0,0,0,0,0,0,0,0,0,0,0,0,0,0,0,0,0,0,0,0,0,0,0,0,0,0,1,0,4,0,8,0,37,0,66,0,194,0,378,0,813,0,1724,0,3463,0,6606,0,11726,0,20810,0,34749,0,56087,0,86845,0,129913,0,184608,0,255959,337837,0,430860,0,527387,0,624360,0,708674,0,773579,0,814293,0,822419,0,801110,0,751264,0,676662,0,588161,0,490994,0,395475,0,307307,1,230245,0,165907,8,114325,76109,94,48689,195,29888,406,17912,556,10218,725,5766,780,3254,577,1577,387,741,175,278,74,94,22,17,3,9,2,1,0,0,0,0,0,0,0,0,0
0,0,0,0,0,0,0,0,0,0,0,0,0,0,0,0,0,0,0,0,0,0,0,0,0,0,0,0,0,0,0,0,0,0,0,0,0,0,7,0,10,0,31,0,63,0,189,0,374,0,799,0,1704,0,3435,0,6405,0,11747,0,20519,0,34667,0,55234,0,86438,0,129110,0,184199,0,253644,337297,0,429197,0,526840,0,622359,0,707888,0,773691,0,812327,0,823861,0,801283,0,751848,0,677946,0,589531,0,492578,0,396657,0,309558,0,230704,0,166568,9,115029,76640,90,48927,196,30012,398,17992,621,10225,726,5857,760,3255,579,1582,381,758,165,268,69,110,13,23,2,11,1,1,0,0,0,0,0,0,0,0,0
0,0,0,0,0,0,0,0,0,0,0,0,0,0,0,0,0,0,0,0,0,0,0,0,0,0,0,0,0,0,0,0,0,0,0,0,2,0,3,0,12,0,22,0,70,0,179,0,393,0,796,0,1682,0,3449,0,6399,0,11527,0,20377,0,34059,0,55171,0,85917,0,127976,0,182943,0,253008,335609,0,428473,0,526341,0,620198,0,705752,0,773214,0,812585,0,823562,0,802167,0,752904,0,679500,0,590232,0,493871,0,399299,0,310272,0,231617,0,167455,8,115849,76659,93,49415,193,30115,360,18105,617,10363,730,5852,765,3224,575,1633,407,729,181,286,61,95,18,23,3,12,0,1,0,0,0,0,0,0,0,0,0
0,0,0,0,0,0,0,0,0,0,0,0,0,0,0,0,0,0,0,0,0,0,0,0,0,0,0,0,0,0,0,0,0,0,0,0,2,0,2,0,12,0,20,0,78,0,167,0,382,0,804,0,1655,0,3333,0,6503,0,11441,0,20006,0,33752,0,54842,0,85326,0,127187,0,182064,0,251601,334224,0,427767,0,523359,0,619613,0,705352,0,771984,0,812321,0,824382,0,803315,0,752530,0,681302,0,591496,0,495888,0,400031,0,311743,0,232676,2,168280,9,116107,77181,102,49834,204,30244,369,18135,602,10529,759,5880,789,3181,616,1582,394,766,185,279,64,96,18,24,2,13,1,0,0,1,0,0,0,0,0,0,0
0,0,0,0,0,0,0,0,0,0,0,0,0,0,0,0,0,0,0,0,0,0,0,0,0,0,0,0,0,0,0,0,0,0,0,0,1,0,7,0,6,0,26,0,69,0,159,0,360,0,809,0,1603,0,3390,0,6346,0,11339,0,19806,0,33768,0,54130,0,85026,0,126444,0,181526,0,250149,332920,0,425750,0,522548,0,618589,0,703356,0,771001,0,813800,0,823287,0,804182,0,754807,0,680995,0,592602,0,497302,0,401973,0,313430,0,233204,0,168820,5,116868,77667,88,49919,228,30556,366,18384,601,10418,740,5995,776,3210,606,1644,372,763,163,293,69,94,13,29,1,9,0,1,0,0,0,0,0,0,0,0,0
0,0,0,0,0,0,0,0,0,0,0,0,0,0,0,0,0,0,0,0,0,0,0,0,0,0,0,0,0,0,0,0,0,0,0,0,2,0,5,0,5,0,29,0,62,0,167,0,357,0,782,0,1598,0,3325,0,6285,0,11249,0,19711,0,33444,0,54168,0,84252,0,125490,0,180622,0,249243,331612,0,423152,0,521532,0,617142,0,703170,0,770647,0,813142,0,824567,0,803174,0,755502,0,682265,0,595292,0,498323,0,403464,0,314019,0,235044,0,168601,10,117555,78602,82,49858,234,30992,392,18304,566,10557,747,5905,793,3334,590,1639,392,732,171,295,68,90,12,33,4,4,1,2,0,0,0,0,0,0,0,0,0
0,0,0,0,0,0,0,0,0,0,0,0,0,0,0,0,0,0,0,0,0,0,0,0,0,0,0,0,0,0,0,0,0,0,0,0,3,0,2,0,11,0,29,0,70,0,143,0,348,0,801,0,1583,0,3268,0,6215,0,11018,0,19893,0,32958,0,53906,0,83560,0,125249,0,179180,0,248913,329808,0,421691,0,519925,0,615637,0,702329,0,769711,0,812100,0,823530,0,806133,0,756110,0,683021,0,596978,0,500416,0,404870,0,315289,0,235878,1,168993,10,118294,78869,82,50109,253,31191,377,18497,603,10655,725,5965,786,3352,582,1676,411,688,191,292,73,95,18,32,3,7,0,2,0,0,0,0,0,0,0,0,0
0,0,0,0,0,0,0,0,0,0,0,0,0,0,0,0,0,0,0,0,0,0,0,0,0,0,0,0,0,0,0,0,0,0,0,0,3,0,1,0,8,0,34,0,64,0,142,0,343,0,779,0,1616,0,3150,0,6152,0,11054,0,19543,0,32918,0,53392,0,83079,0,124181,0,178559,0,246805,329615,0,420322,0,517583,0,615630,0,699853,0,769605,0,811725,0,824736,0,804952,0,758617,0,685056,0,597166,0,501832,0,406473,0,316141,0,236254,1,170767,6,118457,79662,87,50184,231,31476,371,18509,610,10659,748,5980,790,3363,600,1691,399,737,178,297,59,99,18,36,2,7,0,1,0,0,0,0,0,0,0,0,0
0,0,0,0,0,0,0,0,0,0,0,0,0,0,0,0,0,0,0,0,0,0,0,0,0,0,0,0,0,0,0,0,0,0,0,1,0,0,6,0,7,0,24,0,62,0,156,0,345,0,721,0,1649,0,3169,0,5993,0,10975,0,19435,0,32511,0,53198,0,82520,0,123077,0,177951,0,245944,327925,0,418980,0,517340,0,612976,0,698878,0,768587,0,812275,0,824181,0,805490,0,759700,0,686241,0,598728,0,503850,0,407467,0,317037,0,237577,2,171737,7,118972,79745,75,50574,215,31589,392,18748,586,10677,733,6063,774,3372,602,1706,395,758,188,309,53,98,18,33,3,7,0,1,0,0,0,0,0,0,0,0,0
0,0,0,0,0,0,0,0,0,0,0,0,0,0,0,0,0,0,0,0,0,0,0,0,0,0,0,0,0,0,0,0,0,0,0,0,3,0,5,0,9,0,19,0,60,0,162,0,334,0,729,0,1563,0,3174,0,5838,0,11007,0,19352,0,32106,0,52517,0,82168,0,123127,0,176709,0,245065,326082,0,417893,0,515885,0,610986,0,698660,0,767090,0,811293,0,825114,0,805933,0,760127,0,688558,0,600230,0,505218,0,408308,0,318870,0,238873,1,171824,7,119694,80004,85,51076,200,31831,391,18587,618,10794,727,6110,788,3416,596,1737,386,759,186,298,62,95,24,36,3,4,1,1,0,0,0,0,0,0,0,0,0
0,0,0,0,0,0,0,0,0,0,0,0,0,0,0,0,0,0,0,0,0,0,0,0,0,0,0,0,0,0,0,0,0,0,0,1,3,0,2,0,10,0,21,0,65,0,142,0,320,0,729,0,1591,0,3039,0,5877,0,10954,0,19229,0,31780,0,52019,0,81457,0,123089,0,175631,0,243821,324823,0,415940,0,514621,0,610143,0,697241,0,766249,0,810906,0,824644,0,807759,0,760681,0,690273,0,601536,0,506234,0,410227,0,319150,0,240618,1,172810,8,120068,79878,89,51742,199,31879,387,18778,594,10802,750,6204,801,3376,570,1747,378,815,171,315,62,104,18,24,5,7,0,1,0,0,0,0,0,0,0,0,0
0,0,0,0,0,0,0,0,0,0,0,0,0,0,0,0,0,0,0,0,0,0,0,0,0,0,0,0,0,0,0,0,0,0,0,1,2,0,4,0,9,0,23,0,60,0,138,0,337,0,736,0,1504,0,3054,0,5876,0,10903,0,18833,0,31934,0,51171,0,81430,0,121479,0,175345,0,242977,323135,0,414976,0,512316,0,609817,0,695910,0,765237,0,810524,0,823826,0,809206,0,761763,0,691682,0,602960,0,508026,0,410942,0,320479,0,241681,0,173602,8,120421,80562,78,52137,226,31888,349,18996,590,10848,747,6229,808,3366,586,1773,366,823,185,293,70,98,17,38,2,5,0,1,0,0,0,0,0,0,0,0,0
0,0,0,0,0,0,0,0,0,0,0,0,0,0,0,0,0,0,0,0,0,0,0,0,0,0,0,0,0,0,0,0,0,0,0,1,1,0,6,0,10,0,19,0,63,0,136,0,345,0,725,0,1519,0,3007,0,5816,0,10723,0,18614,0,31691,0,51414,0,80056,0,120928,0,174840,0,240828,322623,0,413477,0,511137,0,607629,0,695966,0,764667,0,808291,0,825224,0,809253,0,763224,0,692183,0,605930,0,508327,0,412107,0,322297,0,242414,0,174868,12,120934,80985,74,52174,195,32232,377,19045,633,10872,761,6253,828,3413,616,1735,393,785,194,304,70,110,13,31,2,7,0,1,0,0,0,0,0,0,0,0,0
0,0,0,0,0,0,0,0,0,0,0,0,0,0,0,0,0,0,0,0,0,0,0,0,0,0,0,0,0,0,0,0,0,0,0,1,2,0,2,0,12,0,24,0,56,0,142,0,343,0,731,0,1449,0,3001,0,5806,0,10459,0,18625,0,31254,0,51023,0,79621,0,120716,0,173245,0,239878,321357,0,412576,0,509377,0,606672,0,693573,0,763836,0,810019,0,824813,0,809620,0,763375,0,693799,0,606718,0,510506,0,412994,0,324042,0,243237,1,175445,6,121619,81761,86,52091,181,32587,362,19251,616,10787,769,6454,774,3444,602,1738,395,804,178,327,65,107,20,23,3,7,0,0,0,1,0,0,0,0,0,0,0
0,0,0,0,0,0,0,0,0,0,0,0,0,0,0,0,0,0,0,0,0,0,0,0,0,0,0,0,0,0,0,0,0,1,0,0,1,0,4,0,12,0,19,0,55,0,138,0,341,0,707,0,1432,0,3041,0,5633,0,10468,0,18337,0,31142,0,50735,0,79159,0,119646,0,172681,0,238532,319812,0,410956,0,507991,0,605939,0,692879,0,763157,0,809414,0,824815,0,809093,0,764713,0,695511,0,608310,0,511928,0,415314,0,324054,0,244643,1,175700,8,122638,81889,96,52714,186,32533,364,19348,588,11013,773,6412,765,3477,579,1785,369,817,180,331,72,101,21,24,2,8,0,0,0,1,0,0,0,0,0,0,0
0,0,0,0,0,0,0,0,0,0,0,0,0,0,0,0,0,0,0,0,0,0,0,0,0,0,0,0,0,0,0,0,0,0,0,1,0,0,5,0,9,0,18,0,57,0,134,0,334,0,683,0,1446,0,2939,0,5650,0,10300,0,18373,0,30888,0,50286,0,78792,0,118728,0,171998,0,237598,317466,0,409476,0,508296,0,602686,0,693257,0,762267,0,808962,0,824208,0,810856,0,765472,0,696403,0,609950,0,513218,0,416005,0,325797,0,245292,0,176850,3,123143,82306,103,52970,168,32789,370,19301,588,11232,770,6441,791,3358,634,1799,377,827,166,351,62,105,17,27,2,6,0,1,0,1,0,0,0,0,0,0,0
0,0,0,0,0,0,0,0,0,0,0,0,0,0,0,0,0,0,0,0,0,0,0,0,0,0,0,0,0,0,0,0,0,0,0,1,0,0,2,0,9,0,16,0,58,0,134,0,341,0,667,0,1434,0,2897,0,5717,0,10128,0,18188,0,30520,0,50153,0,78193,0,118195,0,170687,0,236636,316534,0,408816,0,505415,0,601422,0,691995,0,762691,0,807696,0,825642,0,810502,0,765978,0,698001,0,611525,0,514310,0,417492,0,326532,0,246365,0,177922,9,123745,82807,89,53412,158,32870,365,19439,621,11312,793,6354,782,3505,630,1721,402,828,183,345,67,100,19,32,2,0,1,2,0,1,0,0,0,0,0,0,0
0,0,0,0,0,0,0,0,0,0,0,0,0,0,0,0,0,0,0,0,0,0,0,0,0,0,0,0,0,0,0,0,0,0,0,0,1,0,2,0,8,0,25,0,45,0,144,0,309,0,669,0,1402,0,2974,0,5525,0,10184,0,17845,0,30179,0,49651,0,77740,0,117431,0,170432,0,235631,314800,0,407011,0,503830,0,600982,0,690616,0,761979,0,807628,0,825851,0,810649,0,767320,0,699201,0,612516,0,515643,0,419212,0,327709,0,246871,0,179026,9,124325,83038,90,53885,167,32964,361,19787,598,11348,771,6413,765,3523,619,1712,423,825,167,348,67,110,15,27,3,3,1,2,0,1,0,0,0,0,0,0,0
0,0,0,0,0,0,0,0,0,0,0,0,0,0,0,0,0,0,0,0,0,0,0,0,0,0,0,0,0,0,0,0,0,0,0,0,1,0,2,0,11,0,21,0,46,0,121,0,308,0,672,0,1405,0,2922,0,5547,0,10038,0,17611,0,30076,0,49360,0,77296,0,116385,0,169331,0,235749,312988,0,404646,0,502974,0,600097,0,688871,0,762038,0,806393,0,826372,0,810273,0,768879,0,701147,0,613465,0,517058,0,420704,0,328625,0,248413,0,179456,7,125272,83291,67,53908,173,33077,365,20037,606,11424,767,6477,769,3538,595,1735,412,855,181,320,64,114,16,26,4,5,0,2,0,0,0,0,0,0,0,0,0
0,0,0,0,0,0,0,0,0,0,0,0,0,0,0,0,0,0,0,0,0,0,0,0,0,0,0,0,0,0,0,0,0,0,0,0,1,0,3,0,6,0,22,0,41,0,112,0,300,0,644,0,1429,0,2912,0,5486,0,9909,0,17626,0,29808,0,48901,0,76614,0,115849,0,168084,0,234100,313353,0,402195,0,501946,0,598112,0,688914,0,760500,0,806970,0,825208,0,812390,0,768625,0,702289,0,615392,0,518473,0,421701,0,330291,0,248983,0,180520,5,125637,83836,78,53965,190,33423,349,20023,634,11622,768,6510,769,3524,596,1770,423,828,199,315,61,119,8,36,4,6,0,1,0,0,0,0,0,0,0,0,0
0,0,0,0,0,0,0,0,0,0,0,0,0,0,0,0,0,0,0,0,0,0,0,0,0,0,0,0,0,0,0,0,0,0,0,1,2,0,1,0,8,0,14,0,44,0,120,0,281,0,661,0,1405,0,2843,0,5356,0,9919,0,17572,0,29317,0,48931,0,76099,0,115411,0,166091,0,234052,311336,0,401942,0,499754,0,598208,0,686998,0,760815,0,804936,0,825109,0,811744,0,771143,0,702977,0,617559,0,519873,0,422855,0,330895,0,249960,0,181507,5,126348,84442,79,54100,175,33718,390,20145,609,11674,742,6495,776,3558,593,1790,393,847,207,339,68,121,12,31,3,8,0,1,0,0,0,0,0,0,0,0,0
0,0,0,0,0,0,0,0,0,0,0,0,0,0,0,0,0,0,0,0,0,0,0,0,0,0,0,0,0,0,0,0,0,0,0,0,2,0,4,0,4,0,13,0,49,0,116,0,295,0,631,0,1369,0,2778,0,5303,0,9990,0,17244,0,29324,0,48305,0,76038,0,114107,0,166077,0,232087,310422,0,401136,0,497402,0,596830,0,685807,0,758771,0,807826,0,824445,0,811884,0,771049,0,705088,0,618306,0,521827,0,423874,0,332560,0,251025,0,181974,3,127154,84543,75,54629,178,33784,363,20354,604,11742,738,6515,812,3483,587,1840,381,870,211,339,63,115,15,36,1,10,0,1,0,0,0,0,0,0,0,0,0
0,0,0,0,0,0,0,0,0,0,0,0,0,0,0,0,0,0,0,0,0,0,0,0,0,0,0,0,0,0,0,0,0,0,0,0,2,0,4,0,8,0,16,0,45,0,123,0,276,0,628,0,1335,0,2760,0,5312,0,9845,0,17490,0,28781,0,48001,0,75085,0,113798,0,165283,0,230642,309823,0,400006,0,495618,0,594987,0,685085,0,756789,0,807886,0,824789,0,813652,0,771352,0,706105,0,619472,0,522705,0,426431,0,333503,0,251941,0,182940,7,127220,85129,71,55127,168,34073,342,20291,620,11729,783,6482,799,3523,608,1882,398,851,207,335,67,108,20,38,2,8,0,2,0,0,0,0,0,0,0,0,0
0,0,0,0,0,0,0,0,0,0,0,0,0,0,0,0,0,0,0,0,0,0,0,0,0,0,0,0,0,0,0,0,0,0,0,0,2,0,1,0,12,0,14,0,39,0,127,0,273,0,620,0,1346,0,2659,0,5379,0,9768,0,17084,0,28948,0,47705,0,74349,0,113157,0,164438,0,229392,308848,0,398372,0,494642,0,593094,0,683926,0,756091,0,807989,0,825108,0,814158,0,771768,0,705698,0,621185,0,525245,0,427899,0,334397,0,253408,0,183719,5,127754,85433,79,55555,173,34022,369,20598,612,11761,721,6588,776,3565,612,1851,417,878,207,321,61,126,14,38,3,7,1,1,0,0,0,0,0,0,0,0,0
0,0,0,0,0,0,0,0,0,0,0,0,0,0,0,0,0,0,0,0,0,0,0,0,0,0,0,0,0,0,0,0,0,0,0,0,2,0,1,0,8,0,22,0,42,0,118,0,282,0,601,0,1283,0,2725,0,5213,0,9659,0,17020,0,28625,0,47151,0,74234,0,111834,0,163494,0,229276,307434,0,396241,0,494015,0,592937,0,681209,0,756237,0,806232,0,826654,0,813398,0,773061,0,707051,0,622726,0,526737,0,428949,0,336255,0,253802,1,184428,5,128178,86539,80,55405,176,34267,342,20818,595,11759,786,6522,800,3604,580,1930,414,868,186,350,66,109,20,39,5,7,1,0,0,0,0,0,0,0,0,0,0
0,0,0,0,0,0,0,0,0,0,0,0,0,0,0,0,0,0,0,0,0,0,0,0,0,0,0,0,0,0,0,0,0,0,0,1,0,0,2,0,8,0,22,0,47,0,119,0,260,0,606,0,1299,0,2670,0,5292,0,9348,0,16515,0,28960,0,46681,0,73591,0,111756,0,162385,0,227616,306004,0,395315,0,492954,0,590830,0,681418,0,754698,0,805841,0,825646,0,815219,0,773920,0,707935,0,624220,0,527844,0,431154,0,337372,0,254596,1,184802,6,129140,86671,76,55999,183,34295,352,20888,579,11855,774,6620,783,3653,609,1873,432,879,193,340,73,124,15,39,2,7,0,1,0,0,0,0,0,0,0,0,0
0,0,0,0,0,0,0,0,0,0,0,0,0,0,0,0,0,0,0,0,0,0,0,0,0,0,0,0,0,0,0,0,0,0,0,1,0,0,3,0,8,0,16,0,55,0,109,0,274,0,615,0,1243,0,2723,0,5198,0,9303,0,16521,0,28334,0,46546,0,73265,0,111249,0,161682,0,225848,305051,0,393874,0,492560,0,588060,0,680097,0,754868,0,804946,0,825871,0,815944,0,774824,0,709000,0,625081,0,529842,0,432359,0,338068,0,256474,1,185233,1,129576,87324,83,56178,175,34825,355,20658,605,11983,752,6727,760,3672,592,1862,440,918,188,338,64,123,17,33,3,9,0,1,0,0,0,0,0,0,0,0,0
0,0,0,0,0,0,0,0,0,0,0,0,0,0,0,0,0,0,0,0,0,0,0,0,0,0,0,0,0,0,0,0,0,0,0,1,0,0,4,0,4,0,23,0,46,0,102,0,287,0,591,0,1284,0,2661,0,5120,0,9220,0,16293,0,28205,0,46215,0,73256,0,110404,0,160600,0,224930,303509,0,392730,0,490743,0,587549,0,677874,0,754440,0,803846,0,826486,0,816090,0,776971,0,709514,0,626737,0,531143,0,433745,0,339773,0,256593,0,186429,1,130487,87551,84,56307,177,35110,352,20781,602,12011,749,6677,770,3729,624,1846,406,948,186,349,64,112,22,32,4,8,1,0,0,0,0,0,0,0,0,0,0
0,0,0,0,0,0,0,0,0,0,0,0,0,0,0,0,0,0,0,0,0,0,0,0,0,0,0,0,0,0,0,0,0,0,0,0,1,0,2,0,7,0,19,0,53,0,108,0,262,0,612,0,1312,0,2577,0,4967,0,9290,0,16246,0,27877,0,45931,0,72690,0,109768,0,160107,0,224210,301862,0,390786,0,489616,0,586675,0,677018,0,752387,0,803953,0,825218,0,818173,0,777569,0,710495,0,628635,0,532330,0,434033,0,342131,0,256721,1,188249,2,130941,87869,74,56693,185,35263,353,20850,605,12024,766,6805,739,3692,602,1915,407,949,198,334,65,127,18,28,4,8,1,0,0,0,0,0,0,0,0,0,0
0,0,0,0,0,0,0,0,0,0,0,0,0,0,0,0,0,0,0,0,0,0,0,0,0,0,0,0,0,0,0,0,0,0,0,0,1,0,2,0,5,0,21,0,40,0,123,0,252,0,629,0,1255,0,2538,0,4915,0,9224,0,16195,0,27742,0,45254,0,72441,0,109320,0,159282,0,222867,300793,0,390008,0,487250,0,586288,0,676806,0,750160,0,802422,0,826739,0,818379,0,777168,0,713682,0,629061,0,533321,0,435925,0,342656,0,258774,0,188333,3,131679,88347,65,57121,179,35227,377,21030,619,12231,723,6734,761,3750,624,1914,424,932,194,354,76,110,20,30,3,10,0,0,0,0,0,0,0,0,0,0,0
0,0,0,0,0,0,0,0,0,0,0,0,0,0,0,0,0,0,0,0,0,0,0,0,0,0,0,0,0,0,0,0,0,0,0,0,1,0,3,0,4,0,14,0,50,0,108,0,262,0,628,0,1244,0,2527,0,4851,0,9123,0,15968,0,27533,0,44970,0,71772,0,108868,0,158275,0,222105,299556,0,389183,0,486483,0,582922,0,676573,0,749551,0,801717,0,826833,0,818382,0,779165,0,713724,0,630933,0,534607,0,437394,0,343782,0,260021,0,188533,4,132729,88997,66,57269,196,35240,360,21289,598,12263,732,6765,782,3732,638,1919,419,922,198,350,85,130,21,28,2,9,0,0,0,0,0,0,0,0,0,0,0
0,0,0,0,0,0,0,0,0,0,0,0,0,0,0,0,0,0,0,0,0,0,0,0,0,0,0,0,0,0,0,0,0,0,0,0,1,0,3,0,5,0,16,0,37,0,118,0,285,0,556,0,1248,0,2467,0,4912,0,8992,0,15988,0,27094,0,44858,0,71325,0,108301,0,157455,0,221131,297832,0,388551,0,484071,0,582881,0,674475,0,749358,0,801732,0,825542,0,818726,0,780425,0,715660,0,631236,0,537783,0,436840,0,345192,0,260867,0,189445,5,133560,89680,70,57503,180,35581,381,21197,581,12410,714,6887,766,3803,579,1954,416,928,200,339,76,121,18,37,5,8,1,0,0,0,0,0,0,0,0,0,0
0,0,0,0,0,0,0,0,0,0,0,0,0,0,0,0,0,0,0,0,0,0,0,0,0,0,0,0,0,0,0,0,0,0,0,0,1,0,4,0,5,0,14,0,42,0,106,0,272,0,590,0,1214,0,2488,0,4797,0,8890,0,15765,0,27086,0,44664,0,70749,0,107973,0,156519,0,220123,296899,0,386248,0,482974,0,582498,0,671799,0,748708,0,801361,0,826071,0,818842,0,782123,0,716521,0,632833,0,537652,0,439829,0,346037,0,261355,0,190252,5,134697,89654,76,58014,205,35866,391,21294,619,12283,767,6948,742,3786,617,1970,428,942,198,344,75,115,22,35,1,8,0,2,0,0,0,0,0,0,0,0,0
0,0,0,0,0,0,0,0,0,0,0,0,0,0,0,0,0,0,0,0,0,0,0,0,0,0,0,0,0,0,0,0,0,0,0,0,2,0,3,0,7,0,14,0,48,0,106,0,259,0,571,0,1209,0,2456,0,4722,0,8777,0,15662,0,26972,0,44390,0,70282,0,106935,0,155994,0,218966,295995,0,385545,0,481097,0,580877,0,671121,0,747141,0,801679,0,825001,0,820820,0,781457,0,717519,0,634778,0,539892,0,440892,0,346695,0,262375,0,191592,5,134674,90386,75,58375,190,35923,399,21443,588,12496,763,6896,766,3774,626,2006,410,948,186,358,67,130,21,38,2,9,3,0,0,0,0,0,0,0,0,0,0
0,0,0,0,0,0,0,0,0,0,0,0,0,0,0,0,0,0,0,0,0,0,0,0,0,0,0,0,0,0,0,0,0,0,0,1,0,0,4,0,6,0,16,0,52,0,94,0,252,0,549,0,1249,0,2339,0,4784,0,8739,0,15469,0,26365,0,44340,0,69635,0,106606,0,154896,0,217872,295757,0,383720,0,480138,0,579126,0,670134,0,745940,0,801165,0,825368,0,821267,0,783333,0,718177,0,635194,0,541158,0,442460,0,347977,0,264189,0,191728,6,135164,90792,79,58851,183,36156,378,21577,578,12474,721,6940,755,3781,633,2062,412,934,204,363,74,124,15,40,2,9,2,0,0,0,0,0,0,0,0,0,0
0,0,0,0,0,0,0,0,0,0,0,0,0,0,0,0,0,0,0,0,0,0,0,0,0,0,0,0,0,0,0,0,0,1,0,0,1,0,3,0,6,0,18,0,37,0,109,0,250,0,542,0,1167,0,2311,0,4855,0,8608,0,15320,0,26427,0,43744,0,69416,0,105581,0,154387,0,217353,293178,0,383184,0,479463,0,577064,0,669266,0,745784,0,799266,0,826671,0,820895,0,783305,0,720570,0,636019,0,542405,0,443670,0,349750,0,265075,0,192924,5,135710,91114,71,58865,176,36452,372,21692,577,12556,719,6946,781,3866,634,2030,434,920,203,393,70,133,19,31,1,10,2,1,0,0,0,0,0,0,0,0,0
0,0,0,0,0,0,0,0,0,0,0,0,0,0,0,0,0,0,0,0,0,0,0,0,0,0,0,0,0,0,0,0,0,1,0,0,1,0,2,0,6,0,15,0,35,0,103,0,253,0,561,0,1140,0,2376,0,4643,0,8725,0,15165,0,26109,0,43437,0,68848,0,104881,0,154099,0,216575,292016,0,381322,0,477544,0,576108,0,668048,0,744242,0,800066,0,826918,0,820209,0,784430,0,721108,0,638534,0,542575,0,445534,0,351244,0,265938,0,194120,3,136377,91406,67,59078,159,36777,382,21722,567,12647,710,7071,750,3871,634,1986,442,979,195,381,83,125,21,31,2,7,3,1,0,0,0,0,0,0,0,0,0
0,0,0,0,0,0,0,0,0,0,0,0,0,0,0,0,0,0,0,0,0,0,0,0,0,0,0,0,0,0,0,0,0,1,0,0,0,0,3,0,6,0,8,0,40,0,115,0,259,0,484,0,1132,0,2392,0,4626,0,8489,0,15032,0,26193,0,42981,0,68336,0,104397,0,153328,0,215105,291473,0,380038,0,475812,0,575790,0,666257,0,743598,0,799734,0,827408,0,819969,0,784936,0,721797,0,639686,0,544457,0,446987,0,352477,0,266812,0,194758,3,137113,92222,69,59101,167,36979,353,21761,579,12669,731,7237,772,3810,633,2019,419,981,211,377,86,128,24,35,2,7,3,1,0,0,0,0,0,0,0,0,0
0,0,0,0,0,0,0,0,0,0,0,0,0,0,0,0,0,0,0,0,0,0,0,0,0,0,0,0,0,0,0,0,0,0,0,1,0,0,3,0,3,0,11,0,40,0,114,0,251,0,488,0,1131,0,2421,0,4500,0,8411,0,15015,0,25903,0,42738,0,67778,0,103970,0,152325,0,214276,290172,0,378266,0,475496,0,573042,0,665963,0,742556,0,799565,0,826341,0,822006,0,785985,0,722770,0,640288,0,546384,0,448084,0,353593,0,267404,0,195679,3,137659,92641,68,59554,192,37088,368,22001,560,12740,725,7277,784,3859,631,2042,420,969,202,366,90,130,26,28,0,8,2,2,0,0,0,0,0,0,0,0,0
0,0,0,0,0,0,0,0,0,0,0,0,0,0,0,0,0,0,0,0,0,0,0,0,0,0,0,0,0,0,0,0,0,0,0,0,1,0,3,0,6,0,11,0,38,0,119,0,225,0,541,0,1102,0,2315,0,4563,0,8302,0,15056,0,25817,0,42141,0,67418,0,102967,0,151909,0,213449,288775,0,377054,0,473176,0,573704,0,662767,0,742941,0,798584,0,826024,0,822775,0,787102,0,723600,0,642430,0,547429,0,448729,0,354812,0,268845,0,196221,3,138184,93134,62,59960,203,37386,337,22244,534,12739,714,7366,763,3884,658,2021,450,951,207,380,88,112,29,35,1,8,1,3,0,0,0,0,0,0,0,0,0
0,0,0,0,0,0,0,0,0,0,0,0,0,0,0,0,0,0,0,0,0,0,0,0,0,0,0,0,0,0,0,0,0,0,0,0,0,0,4,0,6,0,13,0,39,0,103,0,236,0,535,0,1101,0,2238,0,4537,0,8424,0,14871,0,25482,0,42207,0,66757,0,102614,0,150411,0,212098,288028,0,376099,0,472635,0,570962,0,663105,0,741701,0,797734,0,826115,0,822655,0,788302,0,724925,0,643186,0,548808,0,450303,0,355876,0,269759,0,197439,5,138656,93406,68,60405,187,37459,358,22408,560,12880,712,7355,737,3921,674,2033,436,969,216,371,80,126,27,35,4,9,0,3,0,0,0,0,0,0,0,0,0
0,0,0,0,0,0,0,0,0,0,0,0,0,0,0,0,0,0,0,0,0,0,0,0,0,0,0,0,0,0,0,0,0,0,0,0,0,0,3,0,5,0,13,0,39,0,102,0,239,0,534,0,1051,0,2292,0,4485,0,8216,0,14751,0,25568,0,41743,0,66094,0,102211,0,149637,0,211274,286867,0,375223,0,471180,0,569125,0,662011,0,740849,0,796925,0,827088,0,822593,0,788113,0,726322,0,644614,0,550375,0,451461,0,357295,0,271564,0,197505,4,139140,94223,60,60614,182,37821,365,22269,571,12984,706,7375,765,3982,684,2053,400,965,215,381,79,128,27,33,4,7,0,3,0,1,0,0,0,0,0,0,0
0,0,0,0,0,0,0,0,0,0,0,0,0,0,0,0,0,0,0,0,0,0,0,0,0,0,0,0,0,0,0,0,0,0,0,0,1,0,2,0,4,0,16,0,43,0,99,0,238,0,521,0,1077,0,2251,0,4511,0,8049,0,14617,0,25233,0,41368,0,65775,0,101383,0,149296,0,209727,286320,0,373277,0,470018,0,567740,0,660584,0,740490,0,795720,0,827491,0,824171,0,789206,0,727235,0,644826,0,551156,0,454748,0,357105,0,272197,0,198881,4,139747,94796,53,60964,203,37982,344,22524,548,13027,720,7418,760,3945,663,2051,419,972,210,392,74,132,23,47,4,7,0,2,0,1,0,0,0,0,0,0,0
0,0,0,0,0,0,0,0,0,0,0,0,0,0,0,0,0,0,0,0,0,0,0,0,0,0,0,0,0,0,0,0,0,0,0,0,1,0,1,0,3,0,13,0,44,0,102,0,231,0,504,0,1096,0,2249,0,4423,0,8002,0,14630,0,25229,0,40884,0,65296,0,100562,0,148293,0,209535,284249,0,372598,0,468494,0,566591,0,659327,0,739618,0,795860,0,826242,0,824966,0,789847,0,728795,0,646131,0,552262,0,455754,0,358546,0,273507,1,200057,4,139844,95472,56,61289,195,37923,335,22724,548,13162,746,7452,783,3888,668,2094,437,947,213,391,85,124,30,39,5,7,1,2,0,1,0,0,0,0,0,0,0
0,0,0,0,0,0,0,0,0,0,0,0,0,0,0,0,0,0,0,0,0,0,0,0,0,0,0,0,0,0,0,0,0,0,0,0,0,0,1,0,5,0,21,0,31,0,112,0,218,0,528,0,1058,0,2236,0,4268,0,8121,0,14462,0,24621,0,40914,0,65249,0,99785,0,147658,0,207692,283907,0,371084,0,466562,0,565445,0,657916,0,738613,0,796846,0,825738,0,825078,0,790012,0,730270,0,647451,0,554419,0,456722,0,360102,0,273938,1,200418,3,141225,95432,54,61966,209,38128,330,22873,548,13128,723,7512,745,3974,649,2109,458,947,201,377,84,147,32,30,8,11,1,1,0,1,0,0,0,0,0,0,0
0,0,0,0,0,0,0,0,0,0,0,0,0,0,0,0,0,0,0,0,0,0,0,0,0,0,0,0,0,0,0,0,0,0,0,0,0,0,2,0,3,0,16,0,45,0,104,0,222,0,491,0,1077,0,2182,0,4316,0,7973,0,14380,0,24487,0,40430,0,65160,0,99447,0,145961,0,206944,283327,0,368676,0,465633,0,565219,0,656256,0,737837,0,796533,0,826421,0,824131,0,790505,0,732029,0,649231,0,554612,0,457637,0,361948,0,274923,1,201765,3,141359,96138,70,62110,197,38430,341,23016,555,13154,740,7553,758,3976,641,2093,433,1012,188,392,88,149,29,39,5,13,1,0,0,1,0,0,0,0,0,0,0
0,0,0,0,0,0,0,0,0,0,0,0,0,0,0,0,0,0,0,0,0,0,0,0,0,0,0,0,0,0,0,0,0,0,0,0,1,0,0,0,5,0,16,0,37,0,88,0,246,0,479,0,1070,0,2176,0,4219,0,7926,0,14287,0,24217,0,40175,0,64618,0,99052,0,145511,0,205800,281126,0,368749,0,464414,0,562879,0,656206,0,737442,0,795375,0,825145,0,825363,0,792498,0,731411,0,650736,0,557071,0,457885,0,362957,0,276384,1,202041,2,142365,96555,66,62351,184,38751,326,23232,567,13249,730,7516,787,3954,676,2114,458,995,198,395,90,152,27,40,8,13,0,1,0,0,0,0,0,0,0,0,0
0,0,0,0,0,0,0,0,0,0,0,0,0,0,0,0,0,0,0,0,0,0,0,0,0,0,0,0,0,0,0,0,0,0,0,0,1,0,0,0,6,0,13,0,27,0,112,0,210,0,517,0,1022,0,2208,0,4112,0,7908,0,14124,0,23990,0,40004,0,64054,0,98523,0,145137,0,204585,279895,0,367571,0,463303,0,560524,0,655940,0,735811,0,795067,0,825695,0,825075,0,794400,0,732108,0,652113,0,558015,0,459143,0,364016,0,277080,0,203026,4,143116,97110,70,63037,188,38840,341,23227,525,13313,751,7602,771,4017,702,2078,437,1006,211,391,101,141,28,45,6,12,1,2,0,0,0,0,0,0,0,0,0
0,0,0,0,0,0,0,0,0,0,0,0,0,0,0,0,0,0,0,0,0,0,0,0,0,0,0,0,0,0,0,0,0,0,0,0,1,0,0,0,6,0,15,0,30,0,102,0,216,0,470,0,1077,0,2150,0,4224,0,7768,0,13915,0,23756,0,39892,0,63845,0,97934,0,143942,0,203689,279166,0,366197,0,461450,0,559531,0,654394,0,736199,0,794623,0,824916,0,824308,0,795610,0,734744,0,652464,0,558755,0,460396,0,365217,0,278138,1,204382,6,143841,97527,67,63270,193,38979,340,23309,564,13332,761,7617,808,4095,660,2136,424,1006,224,408,86,128,31,51,10,10,1,1,0,0,0,0,0,0,0,0,0
0,0,0,0,0,0,0,0,0,0,0,0,0,0,0,0,0,0,0,0,0,0,0,0,0,0,0,0,0,0,0,0,0,0,0,1,0,0,0,0,7,0,12,0,36,0,79,0,234,0,476,0,1082,0,2093,0,4113,0,7783,0,13679,0,23866,0,39521,0,63332,0,97193,0,143037,0,203361,277471,0,364532,0,461014,0,558249,0,653010,0,734199,0,794440,0,825429,0,825828,0,794955,0,735154,0,654493,0,560416,0,462384,0,365503,0,279554,1,204622,6,144996,97927,75,63484,152,39179,341,23522,516,13560,735,7614,772,4184,649,2136,460,995,219,403,87,138,29,45,10,11,2,2,0,0,0,0,0,0,0,0,0
0,0,0,0,0,0,0,0,0,0,0,0,0,0,0,0,0,0,0,0,0,0,0,0,0,0,0,0,0,0,0,0,0,0,0,1,0,0,0,0,5,0,13,0,33,0,87,0,226,0,470,0,1102,0,2098,0,4086,0,7531,0,13594,0,23722,0,39246,0,63109,0,96748,0,141911,0,202663,276672,0,363034,0,458275,0,558055,0,651577,0,733289,0,794059,0,825602,0,825807,0,795777,0,736885,0,656059,0,561848,0,462336,0,367305,0,280403,3,205787,9,145618,98150,67,63857,179,39495,344,23679,537,13483,749,7615,795,4212,659,2160,458,980,209,405,93,141,27,48,7,10,2,1,0,1,0,0,0,0,0,0,0
0,0,0,0,0,0,0,0,0,0,0,0,0,0,0,0,0,0,0,0,0,0,0,0,0,0,0,0,0,0,0,0,0,0,0,0,1,0,0,0,2,0,15,0,36,0,83,0,222,0,506,0,1039,0,2070,0,3994,0,7585,0,13475,0,23495,0,39159,0,62459,0,95775,0,141594,0,201989,275372,0,361718,0,457091,0,556210,0,651625,0,732002,0,793651,0,825537,0,825860,0,796475,0,737250,0,657321,0,562799,0,464582,0,368389,0,281268,2,206501,3,146528,98838,58,64238,170,39542,350,23761,558,13647,687,7640,818,4196,613,2238,432,1003,202,394,104,142,26,45,9,9,2,2,0,1,0,0,0,0,0,0,0
0,0,0,0,0,0,0,0,0,0,0,0,0,0,0,0,0,0,0,0,0,0,0,0,0,0,0,0,0,0,0,0,0,0,0,0,0,0,1,0,1,0,12,0,36,0,88,0,227,0,502,0,1012,0,2021,0,4013,0,7404,0,13614,0,23319,0,38628,0,61960,0,95506,0,140929,0,200778,274597,0,360053,0,455854,0,555225,0,649677,0,731622,0,792337,0,826505,0,826209,0,797367,0,737986,0,658146,0,563869,0,466063,0,370112,0,282250,1,207581,4,146874,99601,66,64144,158,39945,348,23833,534,13713,684,7647,820,4304,676,2134,440,1061,196,387,100,139,26,47,6,12,1,2,0,1,0,0,0,0,0,0,0
0,0,0,0,0,0,0,0,0,0,0,0,0,0,0,0,0,0,0,0,0,0,0,0,0,0,0,0,0,0,0,0,0,0,0,0,0,0,1,0,2,0,15,0,38,0,81,0,210,0,512,0,1019,0,1988,0,3924,0,7413,0,13362,0,23211,0,38419,0,61760,0,94510,0,140453,0,200159,273238,0,359153,0,453297,0,553880,0,649030,0,730263,0,792036,0,825087,0,828163,0,798257,0,739424,0,658497,0,565896,0,467542,0,370750,0,283772,2,208067,5,147771,99653,73,64700,176,40237,321,23969,530,13724,696,7757,794,4299,696,2176,448,1023,179,428,98,130,23,47,9,12,2,1,0,0,0,0,0,0,0,0,0
0,0,0,0,0,0,0,0,0,0,0,0,0,0,0,0,0,0,0,0,0,0,0,0,0,0,0,0,0,0,0,0,0,0,0,0,0,0,0,0,4,0,15,0,35,0,93,0,214,0,486,0,957,0,2064,0,3878,0,7380,0,13243,0,22907,0,38401,0,61193,0,94176,0,139354,0,199412,272260,0,357318,0,453771,0,551125,0,647657,0,729519,0,792222,0,824948,0,826897,0,798541,0,741191,0,660081,0,567584,0,468214,0,372655,0,284355,1,209185,7,148227,100220,63,65299,154,40246,329,24256,551,13777,704,7828,813,4275,667,2227,430,1031,203,433,94,150,20,46,9,11,1,1,0,0,0,0,0,0,0,0,0
0,0,0,0,0,0,0,0,0,0,0,0,0,0,0,0,0,0,0,0,0,0,0,0,0,0,0,0,0,0,0,0,0,0,0,0,0,0,0,0,4,0,17,0,31,0,98,0,208,0,457,0,970,0,2041,0,3843,0,7397,0,13123,0,22753,0,37904,0,61155,0,93596,0,138810,0,198134,271239,0,356313,0,451543,0,550879,0,645160,0,729512,0,790621,0,825135,0,827436,0,799996,0,741574,0,661458,0,568915,0,469584,0,373790,0,285839,1,209726,7,148807,101127,73,65384,166,40520,325,24078,570,14046,701,7940,789,4250,648,2284,458,998,189,462,82,157,17,47,7,12,1,1,0,0,0,0,0,0,0,0,0
0,0,0,0,0,0,0,0,0,0,0,0,0,0,0,0,0,0,0,0,0,0,0,0,0,0,0,0,0,0,0,0,0,0,0,0,0,0,0,0,6,0,7,0,37,0,98,0,207,0,452,0,960,0,2055,0,3795,0,7234,0,13095,0,22484,0,37747,0,60609,0,93034,0,138067,0,197471,269801,0,354947,0,450440,0,550532,0,643611,0,727374,0,791188,0,823708,0,828849,0,800546,0,743075,0,662916,0,569996,0,470847,0,374982,0,286528,2,211107,7,149402,100935,81,65649,170,40761,326,24339,555,14256,705,7976,792,4262,649,2270,465,1034,215,420,102,142,30,35,5,17,1,0,0,0,0,0,0,0,0,0,0
0,0,0,0,0,0,0,0,0,0,0,0,0,0,0,0,0,0,0,0,0,0,0,0,0,0,0,0,0,0,0,0,0,0,0,0,0,0,1,0,2,0,12,0,28,0,88,0,211,0,443,0,957,0,1932,0,3998,0,7126,0,12771,0,22479,0,37491,0,60236,0,92832,0,136813,0,196271,268164,0,354894,0,449484,0,547406,0,643345,0,727011,0,789754,0,824077,0,828296,0,801403,0,745480,0,663829,0,570800,0,472771,0,375360,0,287765,1,212291,6,149666,101644,76,66002,148,41055,326,24578,533,14320,698,8076,738,4292,651,2274,471,1049,235,429,90,146,28,37,3,12,2,1,0,0,0,0,0,0,0,0,0
0,0,0,0,0,0,0,0,0,0,0,0,0,0,0,0,0,0,0,0,0,0,0,0,0,0,0,0,0,0,0,0,0,0,0,0,1,0,0,0,4,0,6,0,38,0,83,0,199,0,458,0,921,0,1931,0,3833,0,7109,0,12751,0,22322,0,37048,0,59824,0,91979,0,137352,0,194188,267346,0,353543,0,447452,0,546914,0,642675,0,726356,0,787841,0,823926,0,829443,0,801934,0,745498,0,665689,0,571674,0,474425,0,377413,1,288707,1,212725,6,150555,102100,66,66330,136,41262,333,24762,519,14288,712,8143,777,4381,648,2279,466,1058,226,435,81,147,32,37,3,13,1,2,0,0,0,0,0,0,0,0,0
0,0,0,0,0,0,0,0,0,0,0,0,0,0,0,0,0,0,0,0,0,0,0,0,0,0,0,0,0,0,0,0,0,0,0,0,0,0,2,0,1,0,11,0,30,0,75,0,222,0,460,0,922,0,1889,0,3720,0,7046,0,12793,0,22112,0,36844,0,59241,0,91842,0,136377,0,193679,266240,0,352176,0,446049,0,545107,0,642020,0,725392,0,787186,0,823662,0,830231,0,801842,0,746671,0,666905,0,572936,0,475990,0,378754,1,289870,0,213382,4,151142,102619,56,66356,159,41560,346,25130,547,14226,701,8140,787,4487,671,2300,464,1049,225,447,90,139,27,36,5,12,3,0,0,0,0,0,0,0,0,0,0
0,0,0,0,0,0,0,0,0,0,0,0,0,0,0,0,0,0,0,0,0,0,0,0,0,0,0,0,0,0,0,0,0,0,0,0,1,0,0,0,2,0,12,0,24,0,91,0,193,0,469,0,915,0,1818,0,3736,0,6952,0,12707,0,21853,0,36782,0,58980,0,90848,0,135652,0,193238,265390,0,350164,0,445250,0,543676,0,640662,0,723521,0,787399,0,823582,0,829968,0,803293,0,747981,0,667361,0,575351,0,476706,0,379882,1,290917,0,214213,2,151601,103305,57,66838,180,41655,328,25220,538,14479,712,8113,733,4566,669,2333,458,1064,230,428,79,148,24,41,3,13,1,0,0,0,0,0,0,0,0,0,0
0,0,0,0,0,0,0,0,0,0,0,0,0,0,0,0,0,0,0,0,0,0,0,0,0,0,0,0,0,0,0,0,0,0,0,0,1,0,0,0,1,0,15,0,28,0,86,0,180,0,465,0,915,0,1850,0,3615,0,7009,0,12461,0,21767,0,36517,0,58706,0,90274,0,134619,0,192326,264779,0,348388,0,443874,0,543495,0,638469,0,723903,0,786522,0,823236,0,829380,0,804385,0,748319,0,668364,0,577508,0,477979,0,380876,0,291863,0,215548,3,152155,103563,52,67307,162,41935,300,25544,507,14415,714,8212,773,4542,660,2347,469,1038,215,466,71,147,29,41,6,11,1,0,0,0,0,0,0,0,0,0,0
0,0,0,0,0,0,0,0,0,0,0,0,0,0,0,0,0,0,0,0,0,0,0,0,0,0,0,0,0,0,0,0,0,0,0,0,1,0,0,0,4,0,8,0,36,0,68,0,204,0,438,0,913,0,1832,0,3652,0,6850,0,12423,0,21709,0,35991,0,58405,0,89767,0,133891,0,191180,262997,0,348337,0,442567,0,541635,0,638220,0,721508,0,786644,0,823074,0,829291,0,805428,0,748043,0,671851,0,578133,0,479382,0,382137,0,292943,0,216074,1,152876,104314,66,67368,152,42277,336,25489,520,14446,707,8358,796,4466,686,2382,460,1064,233,453,90,147,24,44,7,7,1,2,0,0,0,0,0,0,0,0,0
0,0,0,0,0,0,0,0,0,0,0,0,0,0,0,0,0,0,0,0,0,0,0,0,0,0,0,0,0,0,0,0,0,0,0,0,0,0,1,0,3,0,8,0,39,0,73,0,171,0,458,0,870,0,1814,0,3674,0,6785,0,12287,0,21426,0,35960,0,57898,0,89419,0,132690,0,190724,262003,0,347215,0,441529,0,539616,0,635965,0,721172,0,786467,0,823103,0,830273,0,805563,0,749368,0,672574,0,579811,0,480689,0,383167,0,294057,0,216932,6,153681,104104,59,68074,137,42571,350,25550,547,14617,683,8323,799,4515,693,2357,443,1074,232,446,95,160,23,45,8,9,1,2,0,0,0,0,0,0,0,0,0
0,0,0,0,0,0,0,0,0,0,0,0,0,0,0,0,0,0,0,0,0,0,0,0,0,0,0,0,0,0,0,0,0,0,0,0,0,0,0,0,4,0,11,0,33,0,71,0,192,0,416,0,889,0,1826,0,3562,0,6787,0,12231,0,21331,0,35746,0,57101,0,89242,0,131740,0,190267,260098,0,346518,0,439641,0,539158,0,634740,0,720112,0,786387,0,822648,0,830238,0,805375,0,751840,0,673385,0,580510,0,483119,0,383101,0,295499,1,217775,3,154229,105067,64,68156,150,42769,316,25851,533,14704,715,8356,759,4556,672,2338,441,1094,242,444,107,153,22,53,7,11,0,2,0,0,0,0,0,0,0,0,0
0,0,0,0,0,0,0,0,0,0,0,0,0,0,0,0,0,0,0,0,0,0,0,0,0,0,0,0,0,0,0,0,0,0,0,0,0,0,1,0,3,0,13,0,32,0,72,0,181,0,420,0,869,0,1737,0,3623,0,6718,0,12191,0,21215,0,35318,0,56932,0,88495,0,131511,0,188915,260192,0,344689,0,438051,0,536956,0,634091,0,719678,0,784556,0,823486,0,830401,0,805854,0,751703,0,675618,0,582513,0,483149,0,385249,0,296270,2,218889,2,155067,105543,60,68236,148,42985,305,26076,524,14870,711,8376,765,4480,684,2352,487,1096,236,458,96,171,22,45,10,8,0,1,0,1,0,0,0,0,0,0,0
0,0,0,0,0,0,0,0,0,0,0,0,0,0,0,0,0,0,0,0,0,0,0,0,0,0,0,0,0,0,0,0,0,0,0,0,0,0,1,0,2,0,13,0,34,0,73,0,154,0,433,0,825,0,1817,0,3508,0,6642,0,12020,0,21120,0,35208,0,56637,0,87726,0,130950,0,188175,258993,0,343091,0,436783,0,536052,0,633186,0,719177,0,783542,0,823315,0,830611,0,806179,0,752321,0,676899,0,584032,0,484611,0,386213,0,297511,1,219360,2,155867,106024,63,68754,163,43243,307,26171,518,14980,697,8431,803,4474,680,2362,476,1123,252,457,87,170,25,44,8,11,0,0,0,1,0,0,0,0,0,0,0
0,0,0,0,0,0,0,0,0,0,0,0,0,0,0,0,0,0,0,0,0,0,0,0,0,0,0,0,0,0,0,0,0,0,0,0,0,0,1,0,2,0,11,0,29,0,80,0,174,0,413,0,827,0,1773,0,3510,0,6598,0,11939,0,20897,0,34919,0,56165,0,87616,0,130316,0,187334,256698,0,342035,0,435791,0,535349,0,631495,0,717785,0,783184,0,823219,0,830797,0,807931,0,753869,0,676682,0,585757,0,485493,0,387512,0,298349,0,220676,2,156507,106383,68,69532,152,43143,314,26192,494,15104,695,8576,788,4537,642,2395,487,1092,265,453,100,172,26,42,7,11,1,1,0,1,0,0,0,0,0,0,0
0,0,0,0,0,0,0,0,0,0,0,0,0,0,0,0,0,0,0,0,0,0,0,0,0,0,0,0,0,0,0,0,0,0,0,0,0,0,2,0,1,0,8,0,34,0,76,0,184,0,398,0,837,0,1716,0,3390,0,6603,0,11821,0,20884,0,34480,0,55967,0,86416,0,130214,0,186161,256355,0,340072,0,435165,0,533603,0,630842,0,716698,0,782350,0,823095,0,831573,0,807312,0,755465,0,677990,0,586668,0,486874,0,389203,0,299656,0,221308,4,157119,106858,59,69991,152,43174,315,26184,490,15341,706,8518,827,4486,689,2369,456,1163,263,461,98,172,28,44,5,12,0,2,0,1,0,0,0,0,0,0,0
0,0,0,0,0,0,0,0,0,0,0,0,0,0,0,0,0,0,0,0,0,0,0,0,0,0,0,0,0,0,0,0,0,0,0,0,1,0,0,0,2,0,9,0,30,0,85,0,180,0,387,0,816,0,1701,0,3376,0,6506,0,11814,0,20526,0,34460,0,55452,0,85974,0,129940,0,184931,255363,0,338556,0,432942,0,533437,0,629238,0,714946,0,783858,0,821806,0,832262,0,808316,0,755392,0,679415,0,587952,0,488351,0,390906,1,299920,0,223109,3,156850,107790,58,70173,145,43448,293,26463,466,15269,753,8585,793,4588,676,2385,453,1139,267,487,98,178,23,50,3,8,2,1,0,1,0,0,0,0,0,0,0
0,0,0,0,0,0,0,0,0,0,0,0,0,0,0,0,0,0,0,0,0,0,0,0,0,0,0,0,0,0,0,0,0,0,0,0,1,0,0,0,2,0,7,0,21,0,81,0,197,0,376,0,826,0,1647,0,3300,0,6502,0,11729,0,20401,0,34339,0,55267,0,85538,0,128705,0,184239,253983,0,337803,0,431894,0,532149,0,627548,0,713912,0,782944,0,823707,0,831848,0,807830,0,756381,0,679887,0,589045,0,490522,0,391671,2,301931,0,223436,2,157610,108296,49,70500,146,44023,310,26419,504,15352,755,8498,825,4643,667,2373,476,1185,244,503,93,172,29,48,4,9,1,1,0,0,0,0,0,0,0,0,0
0,0,0,0,0,0,0,0,0,0,0,0,0,0,0,0,0,0,0,0,0,0,0,0,0,0,0,0,0,0,0,0,0,0,0,0,0,0,1,0,2,0,9,0,23,0,74,0,186,0,383,0,835,0,1639,0,3204,0,6436,0,11615,0,20375,0,34156,0,54856,0,85329,0,127519,0,183043,253682,0,336283,0,430228,0,531388,0,626238,0,713377,0,782033,0,822489,0,832234,0,808950,0,757971,0,680787,0,590007,0,491898,0,393100,1,303912,1,223216,1,158292,108683,58,70879,137,44370,302,26738,511,15326,725,8572,840,4677,641,2349,510,1201,271,496,95,166,23,51,2,10,1,1,0,0,0,0,0,0,0,0,0
0,0,0,0,0,0,0,0,0,0,0,0,0,0,0,0,0,0,0,0,0,0,0,0,0,0,0,0,0,0,0,0,0,0,0,0,0,0,0,0,4,0,8,0,29,0,65,0,186,0,373,0,794,0,1672,0,3233,0,6252,0,11623,0,20290,0,33738,0,54693,0,84761,0,126980,0,181906,252227,0,335689,0,429141,0,528872,0,625540,0,713375,0,780643,0,822105,0,832882,0,810733,0,756850,0,683302,0,591361,0,492039,0,395198,1,304401,2,224500,1,158962,108927,48,71552,143,44362,324,26878,547,15516,701,8753,803,4551,657,2442,480,1152,292,497,98,165,19,54,5,10,1,0,0,0,0,0,0,0,0,0,0
0,0,0,0,0,0,0,0,0,0,0,0,0,0,0,0,0,0,0,0,0,0,0,0,0,0,0,0,0,0,0,0,0,0,0,0,0,0,0,0,4,0,12,0,20,0,76,0,170,0,392,0,804,0,1637,0,3257,0,6272,0,11392,0,19951,0,33769,0,53938,0,84515,0,126022,0,181025,251536,0,334288,0,428202,0,527450,0,624965,0,711852,0,780096,0,822381,0,832031,0,810285,0,759374,0,684498,0,592968,0,492765,0,396740,1,305060,1,225288,3,160202,109215,55,71800,134,44648,287,27002,497,15739,731,8712,772,4701,658,2395,514,1169,278,499,96,181,20,46,4,12,1,0,0,0,0,0,0,0,0,0,0
0,0,0,0,0,0,0,0,0,0,0,0,0,0,0,0,0,0,0,0,0,0,0,0,0,0,0,0,0,0,0,0,0,0,0,0,0,0,1,0,6,0,8,0,25,0,65,0,176,0,386,0,789,0,1640,0,3268,0,6128,0,11337,0,19835,0,33468,0,53567,0,83665,0,125852,0,180907,249465,0,333508,0,426140,0,526529,0,623517,0,712010,0,779373,0,821383,0,831767,0,811969,0,760642,0,685411,0,593787,0,494432,0,397420,0,306396,2,226435,3,160765,109693,70,71888,139,44833,313,27231,508,15744,740,8696,799,4806,667,2409,474,1187,281,483,93,183,28,47,4,14,0,1,0,0,0,0,0,0,0,0,0
0,0,0,0,0,0,0,0,0,0,0,0,0,0,0,0,0,0,0,0,0,0,0,0,0,0,0,0,0,0,0,0,0,0,0,0,0,0,2,0,4,0,8,0,28,0,67,0,175,0,390,0,759,0,1661,0,3164,0,6191,0,11082,0,19795,0,33001,0,53212,0,83474,0,125367,0,179413,249303,0,331976,0,425525,0,524966,0,622428,0,709585,0,779765,0,820405,0,833656,0,811929,0,761385,0,685990,0,595055,0,496269,0,397993,1,307219,0,228082,3,161058,110342,65,72171,139,45411,287,27305,520,15805,679,8871,776,4757,657,2420,481,1200,262,495,90,190,26,51,6,15,0,1,0,0,0,0,0,0,0,0,0
0,0,0,0,0,0,0,0,0,0,0,0,0,0,0,0,0,0,0,0,0,0,0,0,0,0,0,0,0,0,0,0,0,0,0,0,1,0,1,0,3,0,11,0,28,0,75,0,165,0,367,0,776,0,1564,0,3208,0,6093,0,11050,0,19662,0,32748,0,52796,0,82899,0,124478,0,179303,247820,0,331038,0,424541,0,523366,0,621102,0,709039,0,778367,0,820837,0,832533,0,812852,0,762537,0,688139,0,596295,0,497747,0,397960,1,308770,0,228793,6,162074,110815,49,72386,134,45688,281,27352,538,16026,699,8925,797,4723,685,2414,459,1229,280,502,100,180,24,56,6,15,0,0,0,0,0,0,0,0,0,0,0
0,0,0,0,0,0,0,0,0,0,0,0,0,0,0,0,0,0,0,0,0,0,0,0,0,0,0,0,0,0,0,0,0,0,0,0,1,0,0,0,4,0,12,0,31,0,72,0,147,0,352,0,758,0,1555,0,3186,0,6058,0,10970,0,19555,0,32360,0,52746,0,82229,0,123788,0,178213,247705,0,328917,0,423858,0,522264,0,619454,0,708006,0,777133,0,820939,0,832412,0,814356,0,763112,0,688354,0,598809,0,498762,0,399310,0,309143,0,229283,2,163712,111587,56,72376,132,45859,279,27767,513,15985,712,8988,814,4719,688,2495,494,1230,261,498,96,196,23,51,7,14,0,0,0,0,0,0,0,0,0,0,0
0,0,0,0,0,0,0,0,0,0,0,0,0,0,0,0,0,0,0,0,0,0,0,0,0,0,0,0,0,0,0,0,0,0,0,0,1,0,0,0,3,0,11,0,31,0,63,0,151,0,339,0,806,0,1484,0,3201,0,5917,0,11036,0,19162,0,32146,0,52436,0,82171,0,123139,0,177585,246145,0,328422,0,421532,0,520874,0,618820,0,706741,0,777215,0,819709,0,833545,0,813655,0,764255,0,690462,0,599752,0,499899,0,400639,1,310205,0,230316,2,163882,112195,52,73165,136,46024,270,27784,534,16106,685,8912,799,4872,698,2520,495,1227,275,523,91,180,31,58,4,17,1,1,0,0,0,0,0,0,0,0,0
0,0,0,0,0,0,0,0,0,0,0,0,0,0,0,0,0,0,0,0,0,0,0,0,0,0,0,0,0,0,0,0,0,0,0,0,0,0,1,0,6,0,9,0,25,0,61,0,162,0,354,0,741,0,1535,0,3035,0,5968,0,10919,0,18955,0,32051,0,52114,0,81778,0,122202,0,176912,245184,0,326688,0,421211,0,519442,0,616926,0,706867,0,774866,0,820694,0,832535,0,814976,0,765519,0,691354,0,600974,0,500668,0,402637,0,310966,1,231480,1,164604,112817,50,73568,134,46000,265,27935,543,16170,701,8992,780,4836,710,2551,510,1237,270,507,102,211,26,54,1,14,1,2,0,0,0,0,0,0,0,0,0
0,0,0,0,0,0,0,0,0,0,0,0,0,0,0,0,0,0,0,0,0,0,0,0,0,0,0,0,0,0,0,0,0,0,0,0,1,0,0,0,6,0,12,0,23,0,59,0,163,0,367,0,694,0,1530,0,2997,0,5886,0,10694,0,18743,0,32030,0,51860,0,81521,0,121675,0,175797,243810,0,325575,0,419253,0,518911,0,615983,0,705040,0,774982,0,820125,0,833086,0,815175,0,766894,0,692567,0,601445,0,502473,0,404235,0,312176,1,231967,2,165503,112767,58,74259,141,46401,277,27916,523,16226,700,8938,760,5002,678,2561,497,1263,262,500,104,216,35,47,2,11,1,2,0,0,0,0,0,0,0,0,0
0,0,0,0,0,0,0,0,0,0,0,0,0,0,0,0,0,0,0,0,0,0,0,0,0,0,0,0,0,0,0,0,0,0,0,0,0,0,3,0,4,0,6,0,28,0,81,0,143,0,344,0,728,0,1541,0,2959,0,5817,0,10630,0,18865,0,31676,0,51368,0,80966,0,120702,0,174960,243505,0,324322,0,417003,0,517877,0,615192,0,703787,0,774596,0,819785,0,834403,0,814721,0,767169,0,694054,0,603098,0,503417,0,405141,0,314250,1,232546,1,165974,113573,48,74269,146,46864,261,28044,520,16272,729,8921,804,5084,652,2610,533,1190,264,553,108,202,30,54,2,10,1,1,0,0,0,0,0,0,0,0,0
0,0,0,0,0,0,0,0,0,0,0,0,0,0,0,0,0,0,0,0,0,0,0,0,0,0,0,0,0,0,0,0,0,0,0,0,0,0,4,0,3,0,7,0,31,0,73,0,136,0,342,0,756,0,1506,0,3041,0,5646,0,10500,0,18748,0,31363,0,51310,0,80173,0,120384,0,174071,242407,0,323726,0,416174,0,515290,0,613885,0,702551,0,773445,0,820097,0,834187,0,816121,0,768270,0,694552,0,604042,0,505290,0,405788,0,316143,1,233274,2,166727,114248,52,74503,154,47269,291,28091,534,16278,709,9109,803,4986,656,2693,550,1197,261,535,110,213,26,59,2,10,1,2,0,0,0,0,0,0,0,0,0
0,0,0,0,0,0,0,0,0,0,0,0,0,0,0,0,0,0,0,0,0,0,0,0,0,0,0,0,0,0,0,0,0,0,0,0,0,0,4,0,1,0,12,0,29,0,58,0,164,0,336,0,756,0,1518,0,2983,0,5616,0,10478,0,18606,0,31119,0,50963,0,79412,0,120237,0,173040,241438,0,322003,0,414511,0,514627,0,612751,0,701621,0,773411,0,819188,0,834473,0,816907,0,768643,0,695472,0,606199,0,505674,0,407836,0,316316,1,234735,2,167590,114600,40,75042,155,47285,284,28393,511,16297,730,9157,784,5121,665,2645,518,1238,269,523,108,214,22,58,2,14,2,1,0,0,0,0,0,0,0,0,0
0,0,0,0,0,0,0,0,0,0,0,0,0,0,0,0,0,0,0,0,0,0,0,0,0,0,0,0,0,0,0,0,0,0,0,0,1,0,2,0,4,0,12,0,24,0,69,0,155,0,343,0,749,0,1505,0,2993,0,5613,0,10400,0,18263,0,31108,0,50704,0,79088,0,119091,0,172782,239573,0,322128,0,412583,0,513291,0,611094,0,701046,0,772010,0,819178,0,835282,0,817806,0,768297,0,697130,0,606591,0,508287,0,409170,0,317495,2,235474,1,167610,115432,50,75471,154,47342,272,28573,537,16477,703,9192,773,5154,683,2667,502,1262,270,540,107,198,23,47,4,15,1,5,0,0,0,0,0,0,0,0,0
0,0,0,0,0,0,0,0,0,0,0,0,0,0,0,0,0,0,0,0,0,0,0,0,0,0,0,0,0,0,0,0,0,0,0,0,0,0,3,0,4,0,13,0,24,0,64,0,152,0,343,0,734,0,1458,0,3034,0,5548,0,10379,0,17999,0,30909,0,50308,0,78373,0,118831,0,171833,239282,0,319989,0,412548,0,510783,0,609900,0,699856,0,772052,0,818827,0,834989,0,818202,0,770104,0,697235,0,608247,0,510176,0,410594,0,317895,0,236314,6,168724,115426,54,76165,156,47513,257,28676,496,16676,676,9310,790,5134,675,2675,526,1273,273,524,105,203,25,45,3,15,0,5,0,0,0,0,0,0,0,0,0
0,0,0,0,0,0,0,0,0,0,0,0,0,0,0,0,0,0,0,0,0,0,0,0,0,0,0,0,0,0,0,0,0,0,0,0,0,0,4,0,1,0,19,0,21,0,44,0,177,0,326,0,716,0,1495,0,3011,0,5536,0,10201,0,17923,0,30714,0,49891,0,77818,0,117597,0,171875,238469,0,318935,0,409541,0,510746,0,609142,0,699022,0,771642,0,817984,0,835408,0,818403,0,771060,0,697548,0,610067,0,511977,0,411598,0,318752,1,237277,3,169510,115750,52,76428,147,47941,297,28671,522,16874,669,9252,797,5187,695,2688,536,1242,267,544,96,196,30,49,2,14,1,7,0,0,0,0,0,0,0,0,0
0,0,0,0,0,0,0,0,0,0,0,0,0,0,0,0,0,0,0,0,0,0,0,0,0,0,0,0,0,0,0,0,0,0,0,0,0,0,4,0,3,0,11,0,31,0,43,0,162,0,357,0,689,0,1451,0,2960,0,5575,0,10060,0,17951,0,30320,0,49623,0,77568,0,116889,0,170843,237312,0,317366,0,409329,0,508857,0,608229,0,697914,0,770226,0,817458,0,836311,0,819270,0,770616,0,700548,0,610545,0,512671,0,413416,0,319769,2,237985,7,170550,116439,60,76524,141,48110,292,28995,520,17116,674,9206,795,5240,694,2660,517,1285,246,562,112,192,37,48,4,12,1,5,0,0,0,0,0,0,0,0,0
0,0,0,0,0,0,0,0,0,0,0,0,0,0,0,0,0,0,0,0,0,0,0,0,0,0,0,0,0,0,0,0,0,0,0,0,0,0,1,0,8,0,12,0,23,0,47,0,160,0,352,0,654,0,1467,0,2872,0,5527,0,10163,0,17783,0,29968,0,49195,0,77107,0,117304,0,169133,236059,0,316758,0,407775,0,507857,0,606519,0,696406,0,769994,0,817733,0,835554,0,819458,0,771818,0,701443,0,612878,0,514637,0,413325,0,320852,0,239432,5,170779,117336,57,77093,131,48160,256,29156,500,17145,649,9422,803,5202,670,2731,516,1270,264,588,103,189,40,46,4,13,2,3,0,1,0,0,0,0,0,0,0
0,0,0,0,0,0,0,0,0,0,0,0,0,0,0,0,0,0,0,0,0,0,0,0,0,0,0,0,0,0,0,0,0,0,0,0,0,0,1,0,4,0,18,0,19,0,57,0,146,0,330,0,677,0,1427,0,2882,0,5470,0,10006,0,17564,0,29892,0,48801,0,76753,0,116198,0,168642,235402,0,315291,0,407092,0,505976,0,606077,0,695938,0,768441,0,817316,0,834126,0,821318,0,773453,0,701596,0,614922,0,514872,0,415053,0,321884,0,240028,3,171994,117775,52,77336,128,48512,272,29350,492,16996,701,9586,813,5275,674,2710,520,1300,280,548,112,202,29,55,2,14,1,3,0,1,0,0,0,0,0,0,0
0,0,0,0,0,0,0,0,0,0,0,0,0,0,0,0,0,0,0,0,0,0,0,0,0,0,0,0,0,0,0,0,0,0,0,0,0,0,2,0,6,0,10,0,25,0,45,0,163,0,320,0,719,0,1345,0,2896,0,5435,0,9871,0,17533,0,29523,0,48821,0,76030,0,115089,0,168243,234415,0,314409,0,406136,0,504346,0,604654,0,694430,0,768138,0,816348,0,835461,0,819867,0,775172,0,703531,0,615699,0,516086,0,416806,0,323277,1,240660,4,172333,118576,56,77739,125,48874,275,29318,495,17203,683,9597,766,5418,654,2721,533,1289,260,546,120,194,42,51,6,13,1,3,0,1,0,0,0,0,0,0,0
0,0,0,0,0,0,0,0,0,0,0,0,0,0,0,0,0,0,0,0,0,0,0,0,0,0,0,0,0,0,0,0,0,0,0,0,0,0,2,0,6,0,8,0,24,0,52,0,144,0,331,0,662,0,1416,0,2725,0,5511,0,9750,0,17302,0,29617,0,48144,0,75368,0,114996,0,166943,232890,0,313647,0,405396,0,503383,0,603712,0,693124,0,767307,0,815247,0,835728,0,820617,0,776375,0,705347,0,616448,0,517377,0,417510,0,324637,1,241065,3,173986,118694,52,77942,134,49026,260,29772,479,17258,693,9618,817,5368,667,2784,511,1279,267,547,124,205,33,56,3,13,1,3,0,1,0,0,0,0,0,0,0
0,0,0,0,0,0,0,0,0,0,0,0,0,0,0,0,0,0,0,0,0,0,0,0,0,0,0,0,0,0,0,0,0,0,0,0,1,0,2,0,4,0,7,0,24,0,57,0,139,0,311,0,709,0,1331,0,2737,0,5394,0,9671,0,17303,0,29224,0,47829,0,74914,0,114334,0,166158,231928,0,312306,0,404049,0,503241,0,600730,0,693742,0,766092,0,814546,0,835747,0,821487,0,777433,0,706194,0,617349,0,519054,0,418909,0,325361,1,243114,4,173412,119446,49,78556,132,49369,269,29604,509,17494,697,9766,795,5328,690,2800,484,1313,269,546,116,211,37,57,7,11,1,3,0,1,0,0,0,0,0,0,0
0,0,0,0,0,0,0,0,0,0,0,0,0,0,0,0,0,0,0,0,0,0,0,0,0,0,0,0,0,0,0,0,0,0,0,0,0,0,3,0,3,0,13,0,14,0,55,0,130,0,339,0,641,0,1395,0,2685,0,5208,0,9672,0,17270,0,29113,0,47522,0,74642,0,113189,0,165568,231007,0,311644,0,402666,0,501588,0,598897,0,692807,0,766158,0,815577,0,834508,0,821767,0,777970,0,707209,0,618531,0,520710,0,419850,0,327018,1,243513,1,174362,120308,54,78539,126,49762,246,29768,520,17554,706,9865,795,5359,726,2703,505,1343,279,557,108,218,28,66,6,16,1,3,0,1,0,0,0,0,0,0,0
0,0,0,0,0,0,0,0,0,0,0,0,0,0,0,0,0,0,0,0,0,0,0,0,0,0,0,0,0,0,0,0,0,0,0,0,0,0,3,0,5,0,4,0,26,0,43,0,127,0,344,0,648,0,1326,0,2703,0,5108,0,9675,0,17041,0,28937,0,47150,0,74325,0,113078,0,164206,230426,0,310146,0,401131,0,499978,0,599487,0,690279,0,764791,0,816017,0,835610,0,821188,0,779525,0,708472,0,618685,0,522308,0,421595,0,327588,0,244255,2,175709,120051,55,79410,111,49981,260,30010,481,17734,727,9817,804,5435,677,2792,468,1370,267,572,99,219,39,56,9,17,1,4,0,1,0,0,0,0,0,0,0
0,0,0,0,0,0,0,0,0,0,0,0,0,0,0,0,0,0,0,0,0,0,0,0,0,0,0,0,0,0,0,0,0,0,0,0,0,0,3,0,4,0,5,0,17,0,51,0,125,0,322,0,698,0,1308,0,2588,0,5047,0,9611,0,16892,0,28871,0,46984,0,73794,0,112330,0,164015,228608,0,309098,0,400558,0,499010,0,597120,0,689086,0,764529,0,816222,0,835649,0,821231,0,779642,0,710437,0,620487,0,522687,0,423013,0,328637,0,245710,4,175529,121358,54,79628,129,49986,292,30377,449,17636,730,9884,795,5519,699,2833,487,1317,268,602,114,208,32,59,6,19,1,4,0,0,0,0,0,0,0,0,0
0,0,0,0,0,0,0,0,0,0,0,0,0,0,0,0,0,0,0,0,0,0,0,0,0,0,0,0,0,0,0,0,0,0,0,0,1,0,0,0,5,0,7,0,17,0,60,0,127,0,292,0,696,0,1308,0,2486,0,5094,0,9619,0,16756,0,28451,0,46845,0,73655,0,111720,0,162743,228430,0,306392,0,400257,0,497058,0,597344,0,687979,0,763214,0,815448,0,835605,0,822794,0,779503,0,712181,0,621837,0,523633,0,424137,1,329396,0,246583,2,176921,121483,52,80289,120,50216,300,30519,470,17616,705,10029,799,5519,723,2805,492,1352,269,598,119,219,30,52,7,18,2,8,0,0,0,0,0,0,0,0,0
0,0,0,0,0,0,0,0,0,0,0,0,0,0,0,0,0,0,0,0,0,0,0,0,0,0,0,0,0,0,0,0,0,0,0,0,0,0,1,0,5,0,10,0,18,0,60,0,129,0,308,0,652,0,1248,0,2503,0,5118,0,9615,0,16537,0,28425,0,46367,0,73428,0,111313,0,161980,226046,0,306451,0,397696,0,497068,0,596426,0,687378,0,761543,0,815668,0,836594,0,821884,0,780772,0,712058,0,623156,0,524374,0,426442,1,330878,0,247187,1,178094,121853,41,80123,108,50861,295,30552,473,17750,683,10159,814,5511,762,2821,484,1346,279,603,110,225,32,59,2,18,1,9,0,0,0,0,0,0,0,0,0
0,0,0,0,0,0,0,0,0,0,0,0,0,0,0,0,0,0,0,0,0,0,0,0,0,0,0,0,0,0,0,0,0,0,0,0,1,0,3,0,2,0,8,0,19,0,62,0,125,0,292,0,626,0,1229,0,2521,0,4998,0,9513,0,16530,0,28201,0,45997,0,73035,0,110879,0,160780,225412,0,305094,0,396579,0,495363,0,595112,0,686217,0,761561,0,815282,0,836868,0,822783,0,781044,0,713613,0,623323,0,527577,0,425766,0,332202,0,248545,1,178376,122870,46,80289,133,51166,286,30588,471,17953,729,10145,814,5571,723,2913,523,1323,259,606,115,216,38,59,4,23,0,5,0,1,0,0,0,0,0,0,0
0,0,0,0,0,0,0,0,0,0,0,0,0,0,0,0,0,0,0,0,0,0,0,0,0,0,0,0,0,0,0,0,0,0,0,0,1,0,3,0,4,0,5,0,23,0,61,0,116,0,299,0,591,0,1209,0,2594,0,5013,0,9126,0,16571,0,27923,0,45848,0,72765,0,109934,0,160358,224520,0,304208,0,394963,0,494638,0,593616,0,684600,0,761105,0,815119,0,834980,0,824088,0,781493,0,713916,0,627061,0,527825,0,428038,0,333152,1,248906,4,179475,123492,36,80697,131,51138,259,30764,497,18173,683,10130,798,5613,748,2941,521,1289,262,630,99,225,39,60,1,24,1,3,0,2,0,0,0,0,0,0,0
0,0,0,0,0,0,0,0,0,0,0,0,0,0,0,0,0,0,0,0,0,0,0,0,0,0,0,0,0,0,0,0,0,0,0,0,2,0,3,0,1,0,7,0,23,0,54,0,132,0,284,0,590,0,1225,0,2546,0,4944,0,9158,0,16201,0,27979,0,45469,0,71979,0,109612,0,159139,224778,0,302631,0,393303,0,492829,0,592642,0,683973,0,760525,0,813569,0,836299,0,824564,0,783254,0,714196,0,628673,0,528755,0,428684,0,333889,0,249863,3,180946,124019,31,81095,131,50955,249,31447,467,18092,703,10150,797,5716,772,2899,500,1311,271,617,103,222,42,61,4,22,1,6,0,1,0,0,0,0,0,0,0
0,0,0,0,0,0,0,0,0,0,0,0,0,0,0,0,0,0,0,0,0,0,0,0,0,0,0,0,0,0,0,0,0,0,0,1,1,0,2,0,3,0,7,0,22,0,59,0,119,0,271,0,609,0,1245,0,2560,0,4811,0,9027,0,16203,0,27574,0,45356,0,71548,0,108586,0,158895,223533,0,302205,0,391729,0,490948,0,591477,0,682674,0,760713,0,812709,0,835124,0,826637,0,783934,0,715627,0,629666,0,530326,0,429493,0,335061,1,251013,2,180945,124582,41,81844,130,51331,274,31287,448,18322,676,10354,769,5718,769,2945,508,1339,297,581,121,229,36,61,3,19,2,6,0,0,0,0,0,0,0,0,0
0,0,0,0,0,0,0,0,0,0,0,0,0,0,0,0,0,0,0,0,0,0,0,0,0,0,0,0,0,0,0,0,0,0,0,0,3,0,0,0,3,0,8,0,21,0,48,0,121,0,292,0,584,0,1264,0,2498,0,4816,0,8912,0,16099,0,27412,0,44932,0,71251,0,108302,0,157470,222603,0,301074,0,391643,0,489524,0,589314,0,682616,0,758863,0,812790,0,836075,0,825174,0,786165,0,716881,0,629799,0,532122,0,431200,0,335774,1,251972,3,181297,125079,43,82408,112,51621,266,31527,508,18396,716,10389,760,5668,751,3022,520,1342,282,595,118,225,38,63,5,20,3,4,1,0,0,0,0,0,0,0,0
0,0,0,0,0,0,0,0,0,0,0,0,0,0,0,0,0,0,0,0,0,0,0,0,0,0,0,0,0,0,0,0,0,0,0,0,2,0,1,0,5,0,5,0,20,0,49,0,114,0,285,0,596,0,1246,0,2536,0,4780,0,8741,0,15856,0,27405,0,44559,0,70925,0,107542,0,157049,221445,0,299873,0,389416,0,489202,0,588701,0,681158,0,757987,0,812666,0,835735,0,825737,0,786895,0,718492,0,630974,0,533119,0,432077,0,337584,0,252451,2,181725,125674,33,82955,124,52168,261,31612,501,18499,690,10460,796,5648,765,3020,533,1330,275,618,108,252,38,58,8,20,3,4,0,0,0,0,0,0,0,0,0
0,0,0,0,0,0,0,0,0,0,0,0,0,0,0,0,0,0,0,0,0,0,0,0,0,0,0,0,0,0,0,0,0,0,0,0,0,0,3,0,6,0,7,0,17,0,47,0,109,0,263,0,610,0,1211,0,2561,0,4756,0,8613,0,15758,0,27190,0,44248,0,70374,0,107186,0,156201,220537,0,298306,0,389091,0,487411,0,587518,0,679920,0,757528,0,812612,0,835668,0,826247,0,786818,0,720203,0,631631,0,535150,0,433566,0,337467,0,254077,1,182398,126118,36,83282,121,52441,242,32048,479,18647,670,10380,808,5749,774,3050,533,1347,266,601,129,242,40,59,10,22,2,2,1,0,0,0,0,0,0,0,0
0,0,0,0,0,0,0,0,0,0,0,0,0,0,0,0,0,0,0,0,0,0,0,0,0,0,0,0,0,0,0,0,0,0,0,0,1,0,3,0,4,0,9,0,22,0,27,0,132,0,254,0,591,0,1226,0,2537,0,4695,0,8667,0,15645,0,26791,0,43875,0,70103,0,106495,0,155557,219699,0,297042,0,387882,0,486207,0,586110,0,680109,0,755718,0,811313,0,836233,0,826527,0,786498,0,722239,0,633725,0,535849,0,435175,0,338975,0,254122,1,183458,126884,38,83721,121,52595,273,32257,474,18687,717,10510,812,5695,712,3104,537,1383,260,613,123,236,38,60,12,27,0,2,1,0,0,0,0,0,0,0,0
0,0,0,0,0,0,0,0,0,0,0,0,0,0,0,0,0,0,0,0,0,0,0,0,0,0,0,0,0,0,0,0,0,0,0,0,0,0,3,0,5,0,10,0,15,0,37,0,111,0,269,0,594,0,1200,0,2452,0,4648,0,8632,0,15618,0,26594,0,43708,0,69309,0,106070,0,154613,218652,0,296500,0,386203,0,485056,0,585606,0,678121,0,755255,0,811272,0,835985,0,826793,0,786928,0,722598,0,635796,0,537533,0,435994,0,340647,0,254801,0,184072,127774,41,83982,107,52962,280,32180,470,18944,658,10562,836,5798,722,3051,571,1382,267,627,117,232,38,67,13,22,1,3,1,0,0,0,0,0,0,0,0
0,0,0,0,0,0,0,0,0,0,0,0,0,0,0,0,0,0,0,0,0,0,0,0,0,0,0,0,0,0,0,0,0,0,0,0,0,0,1,0,6,0,10,0,20,0,37,0,101,0,279,0,574,0,1240,0,2411,0,4631,0,8545,0,15321,0,26460,0,43468,0,69158,0,105323,0,154015,217568,0,295427,0,384760,0,484076,0,584977,0,676202,0,754676,0,810086,0,836708,0,826600,0,788406,0,723940,0,636888,0,538880,0,436926,0,341575,0,256620,2,184080,128172,37,84538,107,53385,274,32265,482,18981,659,10691,802,5846,753,3086,532,1389,295,615,118,231,40,74,9,26,0,3,1,0,0,0,0,0,0,0,0
0,0,0,0,0,0,0,0,0,0,0,0,0,0,0,0,0,0,0,0,0,0,0,0,0,0,0,0,0,0,0,0,0,0,0,0,0,0,2,0,5,0,8,0,22,0,42,0,104,0,249,0,571,0,1248,0,2396,0,4494,0,8616,0,15293,0,26248,0,43168,0,68849,0,104616,0,153610,216340,0,294559,0,383240,0,482324,0,583409,0,676138,0,753551,0,809951,0,835039,0,828929,0,789390,0,724284,0,638300,0,540162,0,437462,0,343332,0,257420,2,185235,128143,40,85413,101,53627,235,32353,474,19079,694,10757,780,5932,757,3066,537,1403,291,606,123,235,48,70,6,24,0,5,1,0,0,0,0,0,0,0,0
0,0,0,0,0,0,0,0,0,0,0,0,0,0,0,0,0,0,0,0,0,0,0,0,0,0,0,0,0,0,0,0,0,0,0,0,1,0,1,0,4,0,9,0,17,0,48,0,103,0,250,0,564,0,1209,0,2358,0,4585,0,8464,0,15241,0,25997,0,42942,0,68166,0,104585,0,152459,216149,0,292617,0,382712,0,480418,0,580959,0,675791,0,752948,0,808528,0,836885,0,829249,0,790079,0,724891,0,639747,0,540646,0,440167,0,343326,0,258633,3,186086,129005,43,85436,107,54076,269,32575,490,19121,695,10811,796,5972,729,3053,532,1450,281,616,125,241,39,69,13,21,1,4,1,0,0,0,0,0,0,0,0
0,0,0,0,0,0,0,0,0,0,0,0,0,0,0,0,0,0,0,0,0,0,0,0,0,0,0,0,0,0,0,0,0,0,0,0,1,0,1,0,5,0,10,0,13,0,46,0,119,0,248,0,559,0,1169,0,2385,0,4545,0,8205,0,15356,0,25795,0,42743,0,67735,0,103622,0,151848,214823,0,292430,0,381912,0,478815,0,580333,0,673831,0,751981,0,808014,0,837223,0,829100,0,791069,0,725863,0,640834,0,542786,0,440874,0,344653,0,259120,2,187058,129554,42,85971,91,54163,281,32866,454,19324,677,10814,769,6060,728,3073,557,1439,289,627,126,236,34,67,12,22,1,4,1,0,0,0,0,0,0,0,0
0,0,0,0,0,0,0,0,0,0,0,0,0,0,0,0,0,0,0,0,0,0,0,0,0,0,0,0,0,0,0,0,0,0,0,1,0,0,2,0,4,0,8,0,15,0,43,0,119,0,261,0,525,0,1151,0,2393,0,4425,0,8355,0,15033,0,25605,0,42620,0,67193,0,103073,0,151202,213549,0,292015,0,379564,0,478033,0,579225,0,673186,0,751003,0,808533,0,835054,0,830263,0,793088,0,725210,0,642796,0,543583,0,441932,0,345962,0,260164,2,188605,129891,41,86085,103,54533,277,33132,483,19488,681,10811,774,6038,701,3116,570,1444,302,636,123,241,48,63,5,21,1,3,2,0,0,0,0,0,0,0,0
0,0,0,0,0,0,0,0,0,0,0,0,0,0,0,0,0,0,0,0,0,0,0,0,0,0,0,0,0,0,0,0,0,0,0,1,0,0,1,0,5,0,7,0,19,0,45,0,116,0,239,0,556,0,1117,0,2316,0,4486,0,8310,0,14920,0,25206,0,42231,0,67036,0,102192,0,150628,212759,0,289754,0,379602,0,476435,0,577678,0,672799,0,749529,0,809234,0,834198,0,831498,0,792491,0,727926,0,642355,0,544691,0,444103,0,346989,0,261417,0,189257,130699,29,86304,104,54918,270,33308,476,19425,665,10899,765,6060,729,3108,575,1498,295,615,117,266,39,63,8,22,1,3,1,0,0,0,0,0,0,0,0
0,0,0,0,0,0,0,0,0,0,0,0,0,0,0,0,0,0,0,0,0,0,0,0,0,0,0,0,0,0,0,0,0,0,0,1,0,0,2,0,1,0,6,0,29,0,34,0,116,0,232,0,562,0,1108,0,2286,0,4390,0,8402,0,14576,0,25019,0,41756,0,66809,0,101871,0,149386,212230,0,288976,0,378137,0,475595,0,576622,0,670073,0,751410,0,806698,0,835542,0,830406,0,793745,0,729462,0,642302,0,546173,0,446432,0,348213,0,261985,1,189464,131765,31,86608,124,55310,285,33358,449,19534,684,10938,774,6096,753,3172,540,1471,297,655,118,253,33,70,10,22,1,4,1,0,0,0,0,0,0,0,0
0,0,0,0,0,0,0,0,0,0,0,0,0,0,0,0,0,0,0,0,0,0,0,0,0,0,0,0,0,0,0,0,0,0,0,1,0,0,2,0,1,0,15,0,16,0,37,0,108,0,263,0,511,0,1120,0,2245,0,4364,0,8247,0,14538,0,24923,0,41462,0,66419,0,101086,0,149282,210807,0,287964,0,376817,0,475078,0,574383,0,669906,0,750429,0,806935,0,835111,0,830653,0,794226,0,730637,0,642301,0,548415,0,447292,0,349913,0,262569,1,190667,131989,35,87029,118,55623,277,33562,447,19540,707,11102,776,6011,759,3216,511,1481,310,662,112,253,39,60,14,24,0,6,0,1,0,0,0,0,0,0,0
0,0,0,0,0,0,0,0,0,0,0,0,0,0,0,0,0,0,0,0,0,0,0,0,0,0,0,0,0,0,0,0,0,0,0,0,1,0,2,0,6,0,11,0,11,0,41,0,106,0,253,0,534,0,1047,0,2272,0,4273,0,8218,0,14384,0,24701,0,41183,0,66040,0,100803,0,148152,210038,0,286986,0,375320,0,473125,0,573836,0,669313,0,749808,0,806204,0,834791,0,830126,0,796275,0,730760,0,644232,0,550001,0,448026,0,351681,0,263088,3,191038,132943,33,87658,120,55615,249,33718,443,19774,722,11127,800,5991,804,3175,558,1503,319,661,123,237,37,66,15,21,1,5,0,1,0,0,0,0,0,0,0
0,0,0,0,0,0,0,0,0,0,0,0,0,0,0,0,0,0,0,0,0,0,0,0,0,0,0,0,0,0,0,0,0,0,0,0,1,0,1,0,5,0,9,0,18,0,35,0,109,0,254,0,487,0,1108,0,2155,0,4375,0,8085,0,14242,0,24413,0,41113,0,65279,0,100658,0,147547,209256,0,285355,0,374331,0,472464,0,572268,0,667712,0,748864,0,805930,0,834957,0,830571,0,796688,0,732447,0,645665,0,550857,0,449522,0,351548,0,264752,3,191762,133449,27,87993,107,55974,244,34131,450,20029,689,11039,804,6062,742,3257,563,1514,317,667,106,252,35,69,9,27,2,3,0,1,0,0,0,0,0,0,0
0,0,0,0,0,0,0,0,0,0,0,0,0,0,0,0,0,0,0,0,0,0,0,0,0,0,0,0,0,0,0,0,0,0,0,0,1,0,1,0,4,0,8,0,14,0,43,0,95,0,244,0,541,0,1035,0,2209,0,4305,0,7976,0,14058,0,24464,0,40649,0,65423,0,99423,0,147214,208761,0,283748,0,373468,0,471602,0,570483,0,667085,0,746864,0,805014,0,835929,0,831209,0,796944,0,733266,0,647037,0,552604,0,450374,0,352871,0,265204,2,192843,133707,37,88899,105,56108,241,34373,430,20133,649,11250,803,6035,777,3271,564,1518,307,667,123,249,43,63,9,26,1,4,0,0,0,1,0,0,0,0,0
0,0,0,0,0,0,0,0,0,0,0,0,0,0,0,0,0,0,0,0,0,0,0,0,0,0,0,0,0,0,0,0,0,0,0,0,0,0,2,0,6,0,5,0,18,0,37,0,108,0,223,0,510,0,1113,0,2188,0,4258,0,7860,0,14067,0,24369,0,40289,0,64538,0,99366,0,146984,207219,0,283539,0,371623,0,469462,0,569890,0,666282,0,746301,0,804206,0,836179,0,831170,0,798300,0,732806,0,649636,0,553218,0,452073,0,353421,0,266369,3,193132,134853,33,88934,102,56596,247,34502,474,20320,669,11388,774,6138,778,3242,570,1497,298,698,121,250,38,74,10,25,2,4,0,0,0,1,0,0,0,0,0
0,0,0,0,0,0,0,0,0,0,0,0,0,0,0,0,0,0,0,0,0,0,0,0,0,0,0,0,0,0,0,0,0,0,0,0,0,0,3,0,2,0,9,0,13,0,29,0,114,0,220,0,508,0,1102,0,2197,0,4207,0,7667,0,14112,0,24260,0,40024,0,64290,0,98798,0,145216,207329,0,282957,0,369893,0,468762,0,568287,0,664594,0,745158,0,805800,0,834633,0,831356,0,798916,0,734450,0,650126,0,554996,0,452673,0,354824,0,267061,1,194583,135247,47,89586,98,56602,252,34777,440,20485,666,11451,767,6167,770,3244,583,1517,326,679,121,267,39,69,10,19,2,6,0,0,0,1,0,0,0,0,0
0,0,0,0,0,0,0,0,0,0,0,0,0,0,0,0,0,0,0,0,0,0,0,0,0,0,0,0,0,0,0,0,0,0,0,0,0,0,2,0,5,0,5,0,13,0,33,0,96,0,237,0,486,0,1100,0,2143,0,4111,0,7690,0,14072,0,23973,0,39587,0,64072,0,98137,0,144650,206463,0,281213,0,369445,0,466619,0,567776,0,663370,0,744256,0,806722,0,833511,0,831649,0,799091,0,736336,0,651630,0,555206,0,454331,0,355400,0,268962,2,194766,135756,42,90645,105,56564,271,35123,459,20430,700,11487,785,6170,758,3355,535,1550,327,642,125,280,38,66,9,18,3,4,0,0,0,1,0,0,0,0,0
0,0,0,0,0,0,0,0,0,0,0,0,0,0,0,0,0,0,0,0,0,0,0,0,0,0,0,0,0,0,0,0,0,0,0,0,0,0,1,0,5,0,4,0,10,0,41,0,87,0,222,0,539,0,1071,0,2119,0,4060,0,7683,0,13771,0,23924,0,39241,0,63852,0,97721,0,144271,204882,0,280658,0,368406,0,465568,0,565637,0,662066,0,745147,0,803618,0,834132,0,833116,0,799283,0,737181,0,653342,0,555950,0,455106,0,357438,0,269456,3,195767,136519,42,90510,89,57662,266,34830,445,20703,675,11629,772,6171,744,3352,549,1563,307,667,127,263,44,70,7,14,2,7,0,1,0,0,0,0,0,0,0
0,0,0,0,0,0,0,0,0,0,0,0,0,0,0,0,0,0,0,0,0,0,0,0,0,0,0,0,0,0,0,0,0,0,0,0,0,0,2,0,2,0,4,0,10,0,43,0,79,0,235,0,509,0,1095,0,2084,0,3975,0,7653,0,13787,0,23670,0,39314,0,62912,0,97128,0,143906,204177,0,279624,0,366348,0,464299,0,565327,0,660775,0,743756,0,803508,0,835079,0,832581,0,800099,0,738115,0,654302,0,556589,0,456486,0,359447,0,270254,3,196544,137181,41,90670,103,58186,243,35136,471,20554,701,11575,760,6366,738,3349,548,1580,297,652,123,267,39,77,6,14,2,6,0,2,0,0,0,0,0,0,0
0,0,0,0,0,0,0,0,0,0,0,0,0,0,0,0,0,0,0,0,0,0,0,0,0,0,0,0,0,0,0,0,0,0,0,0,0,0,0,0,4,0,3,0,13,0,36,0,88,0,216,0,504,0,1084,0,2060,0,3976,0,7609,0,13624,0,23312,0,39150,0,63083,0,96473,0,142728,203766,0,277449,0,365593,0,462796,0,564174,0,660389,0,742448,0,801866,0,835823,0,834414,0,799695,0,739932,0,654699,0,558732,0,456987,0,360296,0,272361,2,196700,137617,46,91475,111,58052,232,35418,462,20672,688,11647,768,6382,760,3323,601,1589,287,661,120,273,29,79,8,14,3,4,0,2,0,0,0,0,0,0,0
0,0,0,0,0,0,0,0,0,0,0,0,0,0,0,0,0,0,0,0,0,0,0,0,0,0,0,0,0,0,0,0,0,0,0,0,0,0,0,0,3,0,4,0,9,0,31,0,90,0,237,0,500,0,1052,0,2030,0,3945,0,7588,0,13278,0,23547,0,39001,0,62171,0,96246,0,142141,202646,0,276610,0,363826,0,462625,0,562892,0,658287,0,741391,0,802482,0,835306,0,834383,0,800507,0,740847,0,655961,0,559987,0,459013,0,361062,0,273336,2,197715,138232,43,91435,112,58296,241,35617,448,20777,682,11775,773,6479,793,3293,595,1571,267,685,130,269,41,70,10,13,3,5,0,2,0,0,0,0,0,0,0
0,0,0,0,0,0,0,0,0,0,0,0,0,0,0,0,0,0,0,0,0,0,0,0,0,0,0,0,0,0,0,0,0,0,0,0,0,0,0,0,4,0,3,0,13,0,32,0,70,0,258,0,495,0,987,0,2078,0,3949,0,7382,0,13397,0,23107,0,38822,0,62172,0,95475,0,142090,201063,0,275771,0,363134,0,460406,0,561568,0,657292,0,741592,0,802140,0,833913,0,834902,0,800730,0,741897,0,657911,0,561012,0,460374,0,362179,0,273746,2,199208,138713,35,91941,103,58616,237,35442,471,21043,701,11939,763,6450,755,3360,612,1545,296,680,130,252,36,79,13,13,1,6,0,2,0,0,0,0,0,0,0
0,0,0,0,0,0,0,0,0,0,0,0,0,0,0,0,0,0,0,0,0,0,0,0,0,0,0,0,0,0,0,0,0,0,0,0,0,0,0,0,3,0,4,0,14,0,27,0,87,0,222,0,506,0,980,0,2035,0,4088,0,7341,0,13142,0,22947,0,38476,0,61606,0,95498,0,140976,200036,0,274614,0,362339,0,458851,0,560722,0,656171,0,740246,0,801554,0,833824,0,834866,0,803395,0,741604,0,659456,0,562787,0,460752,0,363819,0,274661,5,199628,139227,40,92828,106,58585,221,35755,465,21033,664,12127,763,6488,796,3324,570,1608,312,668,136,260,35,82,10,15,1,5,0,2,0,0,0,0,0,0,0
0,0,0,0,0,0,0,0,0,0,0,0,0,0,0,0,0,0,0,0,0,0,0,0,0,0,0,0,0,0,0,0,0,0,0,0,0,0,0,0,1,0,6,0,10,0,34,0,87,0,221,0,449,0,1041,0,2048,0,3966,0,7310,0,12984,0,23009,0,37904,0,61303,0,95256,0,140384,199585,0,273643,0,360405,0,458330,0,558298,0,655242,0,739961,0,800739,0,834100,0,835036,0,803307,0,742925,0,661452,0,563242,0,462554,0,364784,0,275354,1,200965,139599,37,93021,104,59128,216,35904,436,21076,697,12056,775,6514,782,3438,569,1599,282,705,118,259,41,79,10,20,1,4,0,2,0,0,0,0,0,0,0
0,0,0,0,0,0,0,0,0,0,0,0,0,0,0,0,0,0,0,0,0,0,0,0,0,0,0,0,0,0,0,0,0,0,0,0,0,0,0,0,2,0,5,0,15,0,26,0,100,0,227,0,477,0,950,0,2017,0,3939,0,7196,0,12919,0,22897,0,37776,0,60791,0,94870,0,139396,198873,0,271915,0,359760,0,457880,0,557872,0,653333,0,738525,0,799772,0,833913,0,835823,0,804410,0,743299,0,661930,0,565804,0,463342,0,366155,0,276226,0,201566,140389,37,93341,102,59593,264,36025,443,21122,719,12191,782,6512,735,3430,595,1595,299,693,119,261,36,89,11,15,4,4,0,0,0,1,0,0,0,0,0
0,0,0,0,0,0,0,0,0,0,0,0,0,0,0,0,0,0,0,0,0,0,0,0,0,0,0,0,0,0,0,0,0,0,0,0,0,0,0,0,3,0,2,0,12,0,39,0,87,0,232,0,431,0,981,0,2021,0,3838,0,7269,0,12851,0,22616,0,37713,0,60644,0,93797,0,138955,197433,0,272106,0,358978,0,455306,0,556946,0,652040,0,737106,0,800487,0,833337,0,834886,0,805528,0,745148,0,662857,0,567181,0,465480,0,366599,0,277352,2,201595,141136,34,93991,94,59839,247,36250,443,21389,689,12086,785,6666,732,3395,598,1610,302,739,110,246,36,101,7,18,1,5,0,0,0,1,0,0,0,0,0
0,0,0,0,0,0,0,0,0,0,0,0,0,0,0,0,0,0,0,0,0,0,0,0,0,0,0,0,0,0,0,0,0,0,0,0,0,0,0,0,0,0,4,0,11,0,42,0,90,0,199,0,472,0,965,0,1990,0,3866,0,7195,0,12733,0,22319,0,37352,0,60674,0,93287,0,138005,196820,0,270630,0,358400,0,453666,0,556279,0,652077,0,735364,0,798822,0,833531,0,835241,0,805857,0,746377,0,664933,0,567344,0,466688,0,368867,0,278010,1,202693,140718,38,94660,104,60079,259,36600,432,21469,680,12121,782,6686,754,3503,557,1614,285,704,122,266,40,97,7,20,1,5,0,0,0,1,0,0,0,0,0
0,0,0,0,0,0,0,0,0,0,0,0,0,0,0,0,0,0,0,0,0,0,0,0,0,0,0,0,0,0,0,0,0,0,0,0,0,0,0,0,0,0,4,0,12,0,39,0,94,0,176,0,470,0,956,0,1968,0,3846,0,7052,0,12759,0,21965,0,37281,0,60355,0,92916,0,136648,196452,0,269319,0,356677,0,453723,0,553966,0,652011,0,734397,0,798009,0,831935,0,837481,0,807045,0,746094,0,665670,0,569448,0,467910,0,369306,0,279551,3,203006,142010,32,94684,111,60643,270,36621,433,21638,646,12273,768,6765,765,3447,564,1645,313,667,116,281,37,94,9,24,0,7,0,0,0,0,0,1,0,0,0
0,0,0,0,0,0,0,0,0,0,0,0,0,0,0,0,0,0,0,0,0,0,0,0,0,0,0,0,0,0,0,0,0,0,0,0,0,0,0,0,0,0,4,0,14,0,35,0,88,0,207,0,435,0,976,0,1897,0,3814,0,7123,0,12494,0,21890,0,37192,0,59835,0,92219,0,136354,194986,0,268330,0,355928,0,452766,0,553236,0,649741,0,734119,0,797809,0,832480,0,835579,0,807900,0,749130,0,665976,0,570150,0,469486,0,370471,0,280548,2,204062,142280,25,95004,84,60743,272,36883,467,21818,658,12246,802,6729,779,3576,549,1624,336,691,110,285,44,88,9,23,2,4,0,0,0,0,0,1,0,0,0
0,0,0,0,0,0,0,0,0,0,0,0,0,0,0,0,0,0,0,0,0,0,0,0,0,0,0,0,0,0,0,0,0,0,0,0,0,0,0,0,0,0,8,0,9,0,35,0,95,0,210,0,421,0,956,0,1930,0,3707,0,7058,0,12489,0,21645,0,36860,0,59556,0,91589,0,136015,194182,0,267991,0,354124,0,451175,0,551685,0,648405,0,734427,0,796905,0,832363,0,836380,0,807575,0,749346,0,667908,0,572616,0,469785,0,371676,0,281774,2,204299,142884,32,95637,96,61052,251,37140,438,21880,658,12349,803,6799,818,3558,555,1650,346,686,116,284,51,84,12,22,2,3,0,0,0,0,0,1,0,0,0
0,0,0,0,0,0,0,0,0,0,0,0,0,0,0,0,0,0,0,0,0,0,0,0,0,0,0,0,0,0,0,0,0,0,0,0,0,0,0,0,2,0,4,0,8,0,44,0,83,0,214,0,435,0,947,0,1881,0,3710,0,6909,0,12504,0,21572,0,36736,0,58768,0,90831,0,135865,193176,0,266705,0,353678,0,449773,0,549672,0,647735,0,733556,0,795970,0,832540,0,836331,0,808961,0,750163,0,668796,0,574088,0,471696,0,372479,0,282399,2,205468,143255,33,95816,112,61438,235,37414,450,22055,634,12478,795,6872,765,3531,542,1667,319,740,120,265,47,82,15,21,2,3,0,0,0,0,0,1,0,0,0
0,0,0,0,0,0,0,0,0,0,0,0,0,0,0,0,0,0,0,0,0,0,0,0,0,0,0,0,0,0,0,0,0,0,0,0,0,0,0,0,2,0,6,0,9,0,44,0,82,0,205,0,415,0,926,0,1902,0,3665,0,6886,0,12201,0,21789,0,36329,0,58164,0,90524,0,135372,192666,0,265775,0,352036,0,447695,0,548497,0,647747,0,731296,0,796072,0,831950,0,838114,0,807879,0,752729,0,669526,0,574990,0,473646,0,372711,0,283977,4,206234,143791,26,96082,128,61778,241,37651,458,22222,632,12482,794,6876,750,3587,541,1678,334,731,123,274,41,83,7,29,0,3,0,0,0,0,0,1,0,0,0
0,0,0,0,0,0,0,0,0,0,0,0,0,0,0,0,0,0,0,0,0,0,0,0,0,0,0,0,0,0,0,0,0,0,0,0,0,0,0,0,2,0,2,0,14,0,31,0,97,0,196,0,383,0,941,0,1880,0,3613,0,6743,0,12233,0,21871,0,35819,0,57655,0,90289,0,134747,191484,0,265275,0,350326,0,447168,0,547916,0,645446,0,730360,0,795380,0,832393,0,837206,0,811370,0,751570,0,671508,0,575592,0,474641,0,374574,0,284330,2,207374,144320,25,96598,119,61795,236,37936,445,22346,639,12673,751,6863,789,3576,545,1731,313,707,132,268,43,91,7,24,1,3,0,0,0,0,0,1,0,0,0
0,0,0,0,0,0,0,0,0,0,0,0,0,0,0,0,0,0,0,0,0,0,0,0,0,0,0,0,0,0,0,0,0,0,0,0,0,0,0,0,1,0,5,0,12,0,33,0,91,0,196,0,403,0,875,0,1883,0,3573,0,6816,0,12101,0,21587,0,35583,0,57620,0,89677,0,133819,190957,0,264125,0,348963,0,445959,0,546697,0,645361,0,728278,0,794473,0,832947,0,838769,0,810236,0,752891,0,672589,0,576305,0,476689,0,375041,0,286054,1,208138,144988,34,96803,120,62213,245,38061,437,22422,656,12739,768,6869,799,3614,557,1733,294,750,122,267,52,76,14,24,0,2,0,0,0,0,0,1,0,0,0
0,0,0,0,0,0,0,0,0,0,0,0,0,0,0,0,0,0,0,0,0,0,0,0,0,0,0,0,0,0,0,0,0,0,0,0,0,0,0,0,2,0,4,0,13,0,29,0,89,0,184,0,399,0,891,0,1827,0,3586,0,6699,0,12109,0,21353,0,35374,0,57501,0,88877,0,133033,190596,0,262916,0,348040,0,445124,0,545126,0,643367,0,727773,0,794156,0,833208,0,838791,0,810037,0,754807,0,672640,0,578838,0,476610,0,376989,1,286774,2,209270,145323,31,97341,117,62633,233,38210,466,22590,626,12785,775,6906,794,3637,561,1725,323,761,111,262,47,70,16,27,0,2,0,0,0,1,0,0,0,0,0
0,0,0,0,0,0,0,0,0,0,0,0,0,0,0,0,0,0,0,0,0,0,0,0,0,0,0,0,0,0,0,0,0,0,0,0,0,0,0,0,2,0,4,0,10,0,36,0,82,0,167,0,424,0,876,0,1790,0,3453,0,6682,0,12235,0,20993,0,35402,0,57045,0,88490,0,132076,190456,0,261738,0,346253,0,444014,0,544557,0,641664,0,727638,0,792012,0,834212,0,838954,0,810928,0,754773,0,674797,0,579619,0,477890,0,377824,1,288318,1,209928,146053,30,97686,98,62685,231,38667,461,22534,672,12873,787,6960,739,3640,553,1771,319,741,111,288,38,87,15,22,1,0,0,1,0,1,0,0,0,0,0
0,0,0,0,0,0,0,0,0,0,0,0,0,0,0,0,0,0,0,0,0,0,0,0,0,0,0,0,0,0,0,0,0,0,0,0,0,0,1,0,1,0,5,0,14,0,34,0,82,0,158,0,390,0,932,0,1733,0,3487,0,6621,0,11995,0,20828,0,35358,0,56526,0,87906,0,132013,189599,0,260015,0,345861,0,442834,0,543015,0,639990,0,726205,0,792771,0,834898,0,837800,0,811662,0,756065,0,676267,0,579964,0,479763,0,378978,0,289141,0,210242,147044,34,98267,105,62934,245,38570,457,22876,625,12947,797,6935,762,3688,598,1752,310,734,120,289,43,84,11,24,0,1,0,1,0,1,0,0,0,0,0
0,0,0,0,0,0,0,0,0,0,0,0,0,0,0,0,0,0,0,0,0,0,0,0,0,0,0,0,0,0,0,0,0,0,0,0,0,0,0,0,4,0,3,0,13,0,28,0,76,0,194,0,382,0,853,0,1797,0,3483,0,6541,0,11905,0,20834,0,34809,0,56445,0,87536,0,131238,188576,0,259333,0,345752,0,439664,0,542068,0,639159,0,725759,0,792734,0,832845,0,839814,0,811415,0,757063,0,677426,0,581166,0,480897,0,380444,0,289314,2,212005,147753,33,98588,100,63149,234,38740,448,22924,606,13022,781,7025,754,3681,593,1742,318,752,124,296,45,86,10,22,1,2,0,1,0,1,0,0,0,0,0
0,0,0,0,0,0,0,0,0,0,0,0,0,0,0,0,0,0,0,0,0,0,0,0,0,0,0,0,0,0,0,0,0,0,0,0,0,0,1,0,2,0,6,0,9,0,32,0,74,0,182,0,398,0,832,0,1743,0,3497,0,6444,0,11770,0,20687,0,34783,0,56071,0,87281,0,130759,187042,0,258206,0,344415,0,439414,0,539962,0,637629,0,726360,0,791870,0,832578,0,839617,0,812306,0,758965,0,676025,0,583994,0,482618,0,381193,0,290264,0,212657,148522,28,98994,100,63365,225,38883,462,23125,616,13014,803,7069,764,3726,596,1769,306,766,127,290,47,85,11,22,2,3,0,1,0,1,0,0,0,0,0
0,0,0,0,0,0,0,0,0,0,0,0,0,0,0,0,0,0,0,0,0,0,0,0,0,0,0,0,0,0,0,0,0,0,0,0,1,0,0,0,3,0,6,0,11,0,29,0,83,0,156,0,423,0,820,0,1776,0,3407,0,6418,0,11702,0,20544,0,34556,0,55883,0,86655,0,130271,185823,0,257698,0,342465,0,438227,0,538797,0,636998,0,725779,0,791651,0,831409,0,840368,0,814393,0,757373,0,678102,0,584746,0,484081,0,382965,1,290769,0,213610,149121,32,99335,106,63778,210,39100,445,22999,639,13142,760,7173,773,3708,590,1801,324,775,137,280,53,90,8,24,0,3,0,2,0,1,0,0,0,0,0
0,0,0,0,0,0,0,0,0,0,0,0,0,0,0,0,0,0,0,0,0,0,0,0,0,0,0,0,0,0,0,0,0,0,0,0,1,0,0,0,2,0,7,0,11,0,29,0,77,0,160,0,404,0,859,0,1728,0,3391,0,6359,0,11629,0,20396,0,34338,0,55562,0,86652,0,128622,185029,0,257224,0,342121,0,436472,0,537399,0,636322,0,723216,0,791750,0,831657,0,840721,0,814342,0,758954,0,679917,0,585483,0,484698,0,384478,0,292469,1,213634,149812,29,99691,89,64065,229,39423,444,23056,649,13171,771,7225,787,3751,621,1786,335,769,131,267,58,99,8,20,2,4,0,1,0,1,0,0,0,0,0
0,0,0,0,0,0,0,0,0,0,0,0,0,0,0,0,0,0,0,0,0,0,0,0,0,0,0,0,0,0,0,0,0,0,0,0,1,0,0,0,2,0,4,0,14,0,29,0,75,0,170,0,384,0,821,0,1750,0,3353,0,6333,0,11553,0,20281,0,34170,0,55151,0,86184,0,127900,184269,0,255971,0,341669,0,435612,0,535444,0,635229,0,723086,0,790347,0,831106,0,839819,0,817682,0,758762,0,680987,0,586533,0,486625,0,385275,0,293368,1,214352,150159,35,100505,90,64150,235,39634,411,23153,665,13403,775,7188,766,3801,608,1782,336,804,146,261,48,105,8,20,3,4,0,1,0,0,0,0,0,0,0
0,0,0,0,0,0,0,0,0,0,0,0,0,0,0,0,0,0,0,0,0,0,0,0,0,0,0,0,0,0,0,0,0,0,0,0,1,0,0,0,1,0,7,0,9,0,40,0,60,0,175,0,385,0,817,0,1667,0,3392,0,6261,0,11515,0,19978,0,34247,0,54778,0,85353,0,127564,183664,0,254785,0,340159,0,434264,0,534783,0,633800,0,722719,0,788824,0,830834,0,841050,0,817276,0,760111,0,682641,0,587916,0,486835,0,387145,0,294660,1,214797,150355,32,101465,91,64274,242,39828,422,23468,707,13228,783,7291,777,3840,550,1801,336,804,129,284,53,94,14,18,2,5,0,1,0,0,0,0,0,0,0
0,0,0,0,0,0,0,0,0,0,0,0,0,0,0,0,0,0,0,0,0,0,0,0,0,0,0,0,0,0,0,0,0,0,0,0,0,0,1,0,0,0,6,0,10,0,33,0,83,0,132,0,382,0,815,0,1682,0,3348,0,6286,0,11363,0,19756,0,33792,0,54677,0,85057,0,127099,183019,0,253802,0,338311,0,434281,0,533841,0,631682,0,721114,0,788029,0,831908,0,841844,0,815928,0,761266,0,683981,0,589287,0,487693,0,388404,0,296276,1,215767,150810,33,101487,83,64842,235,40193,404,23508,670,13327,793,7286,777,3879,571,1831,326,805,122,277,56,104,9,18,1,4,0,1,0,0,0,0,0,0,0
0,0,0,0,0,0,0,0,0,0,0,0,0,0,0,0,0,0,0,0,0,0,0,0,0,0,0,0,0,0,0,0,0,0,0,0,0,0,0,0,2,0,6,0,9,0,29,0,70,0,171,0,356,0,806,0,1664,0,3241,0,6308,0,11379,0,19778,0,33335,0,54380,0,84288,0,126891,182267,0,252317,0,337431,0,432159,0,533518,0,631143,0,719332,0,788428,0,830566,0,842291,0,816870,0,762505,0,684491,0,590193,0,490177,0,388672,0,297599,1,216553,151395,32,102055,91,65109,225,40171,410,23748,674,13273,798,7388,727,3873,594,1906,311,804,134,270,54,103,10,20,1,5,0,1,0,0,0,0,0,0,0
0,0,0,0,0,0,0,0,0,0,0,0,0,0,0,0,0,0,0,0,0,0,0,0,0,0,0,0,0,0,0,0,0,0,0,0,0,0,0,0,3,0,2,0,14,0,30,0,65,0,189,0,350,0,793,0,1633,0,3267,0,6152,0,11354,0,19722,0,32935,0,54035,0,84102,0,125732,181258,0,252395,0,335473,0,431427,0,531498,0,630272,0,719175,0,788511,0,829535,0,842351,0,816700,0,764150,0,685338,0,592217,0,490825,0,389992,0,297916,0,217842,152353,29,101932,90,65898,212,40267,442,23847,668,13355,789,7433,758,3932,586,1837,313,809,128,284,55,103,11,18,1,4,0,1,0,0,0,0,0,0,0
0,0,0,0,0,0,0,0,0,0,0,0,0,0,0,0,0,0,0,0,0,0,0,0,0,0,0,0,0,0,0,0,0,0,0,0,0,0,1,0,2,0,5,0,9,0,31,0,70,0,187,0,351,0,754,0,1666,0,3205,0,6127,0,11454,0,19451,0,32879,0,53626,0,83764,0,125107,180360,0,251019,0,334942,0,429676,0,529232,0,630221,0,717457,0,789069,0,828970,0,842556,0,817516,0,764476,0,687156,0,592889,0,492413,0,390865,0,299434,0,218483,152749,32,102712,101,66055,208,40608,413,23961,685,13334,799,7489,773,3897,575,1887,297,780,144,291,48,107,17,18,0,4,0,1,0,0,0,0,0,0,0
0,0,0,0,0,0,0,0,0,0,0,0,0,0,0,0,0,0,0,0,0,0,0,0,0,0,0,0,0,0,0,0,0,0,0,0,0,0,1,0,2,0,4,0,11,0,27,0,79,0,162,0,373,0,728,0,1693,0,3146,0,6136,0,11115,0,19451,0,32752,0,53287,0,83375,0,124657,179594,0,249814,0,333389,0,428818,0,528579,0,628254,0,717536,0,787214,0,830265,0,840692,0,817950,0,766686,0,689368,0,592815,0,493011,0,392932,0,300150,0,219597,153274,26,103098,102,66368,215,40738,413,24100,676,13516,799,7518,794,3902,592,1875,324,786,139,294,50,104,17,18,1,5,1,0,0,0,0,0,0,0,0
0,0,0,0,0,0,0,0,0,0,0,0,0,0,0,0,0,0,0,0,0,0,0,0,0,0,0,0,0,0,0,0,0,0,0,0,0,0,2,0,1,0,3,0,14,0,27,0,68,0,159,0,325,0,807,0,1568,0,3230,0,6019,0,11189,0,19141,0,32648,0,53185,0,82414,0,124371,179043,0,248341,0,332734,0,427368,0,527285,0,626669,0,716707,0,788016,0,828869,0,840767,0,820182,0,766768,0,689103,0,595028,0,494157,0,393550,0,301298,0,220539,154309,36,103391,96,66566,204,41111,420,24008,644,13717,768,7558,835,3934,567,1895,327,813,132,286,47,108,14,21,2,3,1,0,0,0,0,0,0,0,0
0,0,0,0,0,0,0,0,0,0,0,0,0,0,0,0,0,0,0,0,0,0,0,0,0,0,0,0,0,0,0,0,0,0,0,0,0,0,1,0,1,0,2,0,14,0,31,0,61,0,158,0,362,0,777,0,1562,0,3159,0,6008,0,10989,0,19317,0,32338,0,52754,0,82289,0,123573,178042,0,247510,0,331626,0,426755,0,525409,0,625961,0,716164,0,787022,0,829030,0,839973,0,821211,0,767505,0,689739,0,596766,0,495271,0,395212,0,301991,1,221529,154843,37,103378,110,67143,205,41230,448,24112,639,13835,732,7523,831,3979,567,1901,322,849,131,293,48,100,11,22,2,3,1,0,0,0,0,0,0,0,0
0,0,0,0,0,0,0,0,0,0,0,0,0,0,0,0,0,0,0,0,0,0,0,0,0,0,0,0,0,0,0,0,0,0,0,0,0,0,1,0,0,0,4,0,9,0,24,0,73,0,141,0,379,0,773,0,1537,0,3182,0,5830,0,11006,0,19130,0,32296,0,52438,0,81875,0,122365,177884,0,246613,0,330021,0,425000,0,525140,0,625248,0,715743,0,784815,0,829058,0,840584,0,821200,0,768552,0,691515,0,598052,0,496879,0,395180,0,303276,0,221970,155602,36,104178,90,67507,196,41362,476,24173,657,13900,779,7591,804,4007,560,1881,333,865,147,285,45,96,18,21,1,5,0,0,0,0,0,0,0,0,0
0,0,0,0,0,0,0,0,0,0,0,0,0,0,0,0,0,0,0,0,0,0,0,0,0,0,0,0,0,0,0,0,0,0,0,0,1,0,0,0,0,0,1,0,7,0,35,0,62,0,162,0,349,0,763,0,1576,0,3159,0,5802,0,10811,0,18951,0,32223,0,52150,0,81028,0,122227,176935,0,245903,0,329229,0,423837,0,523988,0,623958,0,713710,0,785264,0,829249,0,840877,0,820784,0,769618,0,692681,0,599037,0,498371,0,395835,0,304101,1,223064,156504,32,104659,93,67733,198,41449,472,24381,651,13946,736,7612,768,4186,537,1876,328,865,143,302,51,86,14,31,1,4,0,1,0,0,0,0,0,0,0
0,0,0,0,0,0,0,0,0,0,0,0,0,0,0,0,0,0,0,0,0,0,0,0,0,0,0,0,0,0,0,0,0,0,0,0,1,0,0,0,0,0,1,0,7,0,32,0,64,0,177,0,340,0,742,0,1594,0,2999,0,5861,0,10922,0,18638,0,32090,0,51810,0,80866,0,121171,176451,0,245081,0,327829,0,422228,0,523560,0,622722,0,713390,0,783838,0,828816,0,842602,0,820120,0,770069,0,693779,0,600933,0,499010,0,397888,0,304330,0,224053,156953,32,105428,87,67839,187,41576,438,24619,629,13867,762,7740,807,4144,553,1894,330,870,149,300,50,88,9,35,2,5,0,1,0,0,0,0,0,0,0
0,0,0,0,0,0,0,0,0,0,0,0,0,0,0,0,0,0,0,0,0,0,0,0,0,0,0,0,0,0,0,0,0,0,0,0,1,0,0,0,1,0,1,0,6,0,25,0,76,0,162,0,349,0,726,0,1540,0,3010,0,5849,0,10657,0,18762,0,31700,0,51588,0,80389,0,121317,175066,0,244283,0,326601,0,421212,0,522256,0,622017,0,712526,0,783312,0,828468,0,841886,0,821972,0,769959,0,694783,0,602407,0,500254,0,398795,0,305457,1,223932,157963,33,106039,85,68245,193,41804,420,24797,656,14055,745,7746,800,4177,563,1865,342,884,136,328,55,81,11,30,3,6,0,0,0,0,0,0,0,0,0
0,0,0,0,0,0,0,0,0,0,0,0,0,0,0,0,0,0,0,0,0,0,0,0,0,0,0,0,0,0,0,0,0,0,0,1,0,0,0,0,1,0,1,0,8,0,28,0,69,0,168,0,336,0,722,0,1537,0,2952,0,5901,0,10514,0,18525,0,31969,0,51057,0,79807,0,120634,174607,0,243396,0,325346,0,419829,0,521029,0,619792,0,712421,0,782622,0,827406,0,843194,0,822405,0,771624,0,695428,0,603395,0,501659,0,399796,0,306720,1,225074,158269,40,106364,73,68280,207,42227,406,24882,660,14110,758,7825,805,4194,576,1895,329,868,153,317,51,99,6,31,1,7,0,1,0,0,0,0,0,0,0
0,0,0,0,0,0,0,0,0,0,0,0,0,0,0,0,0,0,0,0,0,0,0,0,0,0,0,0,0,0,0,0,0,0,0,0,1,0,0,0,1,0,1,0,9,0,17,0,78,0,160,0,326,0,698,0,1527,0,2970,0,5757,0,10502,0,18459,0,31594,0,50998,0,79541,0,119806,174081,0,242146,0,324406,0,418801,0,518969,0,620219,0,710586,0,781815,0,828759,0,841783,0,824070,0,771162,0,697162,0,604018,0,502678,0,401480,0,307965,1,225693,158747,37,106516,92,69013,197,42329,427,24989,664,14173,754,7902,788,4210,583,1875,324,856,173,324,49,101,7,28,4,5,1,1,0,0,0,0,0,0,0
0,0,0,0,0,0,0,0,0,0,0,0,0,0,0,0,0,0,0,0,0,0,0,0,0,0,0,0,0,0,0,0,0,0,0,0,0,0,1,0,2,0,0,0,8,0,22,0,69,0,162,0,325,0,745,0,1484,0,2937,0,5662,0,10535,0,18405,0,30920,0,50697,0,79745,0,119232,172833,0,241626,0,323387,0,417330,0,518139,0,619007,0,708345,0,782387,0,828453,0,842486,0,823108,0,773451,0,697282,0,605368,0,504233,0,402642,0,308540,2,226503,159497,28,107103,91,69199,194,42528,424,25147,654,14344,765,7992,798,4175,603,1919,313,856,173,323,57,106,8,25,5,7,0,1,0,0,0,0,0,0,0
0,0,0,0,0,0,0,0,0,0,0,0,0,0,0,0,0,0,0,0,0,0,0,0,0,0,0,0,0,0,0,0,0,0,0,0,0,0,0,0,3,0,0,0,6,0,21,0,65,0,160,0,321,0,772,0,1452,0,2919,0,5591,0,10482,0,18249,0,30757,0,50354,0,79168,0,118437,172744,0,240376,0,322584,0,416399,0,516929,0,617633,0,706631,0,782519,0,828505,0,841832,0,823406,0,774077,0,700432,0,605923,0,504709,0,403471,0,310077,1,227386,160097,32,107543,92,69060,198,43068,418,25232,672,14465,773,7958,770,4189,624,1944,355,837,171,305,59,108,7,26,3,9,1,1,0,0,0,0,0,0,0
0,0,0,0,0,0,0,0,0,0,0,0,0,0,0,0,0,0,0,0,0,0,0,0,0,0,0,0,0,0,0,0,0,0,0,0,0,0,0,0,2,0,2,0,12,0,20,0,54,0,156,0,357,0,723,0,1470,0,2839,0,5699,0,10252,0,18211,0,30682,0,50126,0,78463,0,118356,171326,0,239400,0,321835,0,416237,0,515262,0,614794,0,706684,0,782185,0,826946,0,843309,0,823589,0,775800,0,700339,0,607613,0,506421,0,404665,0,310048,0,228829,160313,31,108040,80,69743,204,43028,405,25489,674,14503,801,7929,766,4272,614,1968,358,800,161,323,49,102,9,26,2,10,1,1,0,0,0,0,0,0,0
0,0,0,0,0,0,0,0,0,0,0,0,0,0,0,0,0,0,0,0,0,0,0,0,0,0,0,0,0,0,0,0,0,0,0,0,0,0,0,0,2,0,4,0,11,0,20,0,60,0,160,0,317,0,708,0,1454,0,2868,0,5596,0,10290,0,18136,0,30451,0,49563,0,78244,0,117956,170666,0,238667,0,320815,0,414028,0,515279,0,612411,0,706652,0,781065,0,826579,0,843539,0,825050,0,775989,0,701243,0,608479,0,507231,0,406820,1,311395,0,229126,161122,29,108259,85,70083,206,43191,396,25681,648,14604,789,8016,751,4213,594,2029,331,808,157,341,45,101,12,32,2,7,0,1,0,0,0,0,0,0,0
0,0,0,0,0,0,0,0,0,0,0,0,0,0,0,0,0,0,0,0,0,0,0,0,0,0,0,0,0,0,0,0,0,0,0,0,0,0,0,0,3,0,3,0,12,0,21,0,66,0,134,0,323,0,706,0,1416,0,2862,0,5534,0,10257,0,17906,0,30296,0,49565,0,77536,0,117419,169368,0,238028,0,320499,0,412852,0,512375,0,613257,0,705247,0,779727,0,827415,0,843368,0,824958,0,776589,0,702650,0,610582,0,508405,0,407144,0,312911,0,229657,161468,24,109136,81,70240,184,43257,423,25951,632,14568,787,8023,758,4321,591,2016,330,830,145,347,42,109,12,33,2,5,0,2,0,0,0,0,0,0,0
0,0,0,0,0,0,0,0,0,0,0,0,0,0,0,0,0,0,0,0,0,0,0,0,0,0,0,0,0,0,0,0,0,0,0,0,0,0,0,0,3,0,4,0,4,0,23,0,61,0,153,0,308,0,672,0,1419,0,2828,0,5570,0,10063,0,17808,0,30060,0,49367,0,77234,0,116737,169050,0,236607,0,319634,0,412237,0,509949,0,612690,0,704818,0,778460,0,827400,0,843104,0,825820,0,777541,0,703394,0,612642,0,509098,0,408736,0,312831,0,230573,162523,24,109554,102,70369,194,43759,384,25817,654,14630,823,8079,755,4270,603,2101,346,845,142,320,51,112,9,34,2,7,0,1,0,0,0,0,0,0,0
0,0,0,0,0,0,0,0,0,0,0,0,0,0,0,0,0,0,0,0,0,0,0,0,0,0,0,0,0,0,0,0,0,0,0,0,0,0,0,0,1,0,6,0,3,0,24,0,66,0,153,0,308,0,676,0,1441,0,2898,0,5374,0,9951,0,17682,0,29969,0,48974,0,76969,0,115650,168528,0,235857,0,318442,0,410586,0,510311,0,610427,0,704011,0,777102,0,828012,0,842897,0,827229,0,778583,0,704779,0,612372,0,510995,0,408290,0,314822,0,231495,163346,28,109993,110,70929,189,43544,399,26044,641,14700,795,8205,778,4228,642,2052,365,837,152,319,60,116,7,33,3,9,0,1,0,0,0,0,0,0,0
0,0,0,0,0,0,0,0,0,0,0,0,0,0,0,0,0,0,0,0,0,0,0,0,0,0,0,0,0,0,0,0,0,0,0,0,0,0,0,0,1,0,7,0,4,0,19,0,60,0,143,0,337,0,648,0,1447,0,2797,0,5378,0,9977,0,17552,0,29861,0,48407,0,76409,0,115389,167500,0,235855,0,316334,0,409534,0,508655,0,610159,0,702620,0,776646,0,827085,0,845008,0,826556,0,779835,0,705746,0,612652,0,513088,0,409513,1,315370,0,232630,163746,21,110824,112,70878,207,43827,389,26141,651,14687,801,8314,756,4223,649,2031,362,865,151,327,59,108,12,30,3,9,0,2,0,0,0,0,0,0,0
0,0,0,0,0,0,0,0,0,0,0,0,0,0,0,0,0,0,0,0,0,0,0,0,0,0,0,0,0,0,0,0,0,0,0,0,0,0,1,0,0,0,5,0,7,0,22,0,44,0,165,0,313,0,636,0,1428,0,2857,0,5328,0,9887,0,17552,0,29503,0,48333,0,75591,0,114817,167692,0,233954,0,315716,0,407705,0,508456,0,608318,0,702076,0,776130,0,826828,0,843817,0,828942,0,780165,0,706450,0,614547,0,513696,0,410611,1,316818,0,233113,164368,25,110677,103,71497,216,44119,376,26292,642,14919,776,8263,748,4251,595,2072,345,909,141,333,54,112,9,28,2,11,0,1,0,0,0,0,0,0,0
0,0,0,0,0,0,0,0,0,0,0,0,0,0,0,0,0,0,0,0,0,0,0,0,0,0,0,0,0,0,0,0,0,0,0,0,0,0,1,0,1,0,1,0,10,0,25,0,57,0,145,0,299,0,643,0,1400,0,2810,0,5261,0,9789,0,17390,0,29254,0,48357,0,75264,0,114375,166536,0,233033,0,314461,0,407457,0,507385,0,607522,0,699778,0,776658,0,824578,0,844797,0,829899,0,780286,0,708494,0,615203,0,515205,0,412065,1,317480,0,233469,165334,29,110990,101,71777,206,44458,394,26308,620,15027,778,8311,772,4300,596,2066,366,888,155,332,52,108,8,33,1,7,0,2,0,0,0,0,0,0,0
0,0,0,0,0,0,0,0,0,0,0,0,0,0,0,0,0,0,0,0,0,0,0,0,0,0,0,0,0,0,0,0,0,0,0,0,0,0,0,0,2,0,1,0,6,0,29,0,60,0,142,0,280,0,679,0,1354,0,2775,0,5280,0,9674,0,17192,0,29305,0,47788,0,74937,0,114168,165906,0,231850,0,313215,0,406066,0,506409,0,606064,0,698772,0,776392,0,825061,0,845094,0,828969,0,781742,0,709083,0,617698,0,515414,0,413453,1,317733,2,235280,165318,24,111580,94,72032,204,44851,377,26457,612,15255,776,8218,803,4297,567,2122,352,893,156,327,51,117,7,29,2,9,0,2,0,0,0,0,0,0,0
0,0,0,0,0,0,0,0,0,0,0,0,0,0,0,0,0,0,0,0,0,0,0,0,0,0,0,0,0,0,0,0,0,0,0,0,0,0,0,0,2,0,2,0,7,0,25,0,53,0,150,0,310,0,639,0,1365,0,2719,0,5235,0,9707,0,17052,0,29092,0,47351,0,74557,0,113134,165222,0,231260,0,312000,0,405716,0,505367,0,604599,0,698414,0,774095,0,826051,0,844311,0,829369,0,783418,0,709254,0,618592,0,517697,0,414777,0,318467,0,235385,166298,25,112211,85,72707,212,45001,394,26513,616,15160,820,8154,758,4468,576,2057,365,881,158,350,48,100,12,32,1,10,0,2,0,0,0,0,0,0,0
0,0,0,0,0,0,0,0,0,0,0,0,0,0,0,0,0,0,0,0,0,0,0,0,0,0,0,0,0,0,0,0,0,0,0,0,0,0,0,0,1,0,3,0,10,0,24,0,55,0,138,0,274,0,671,0,1372,0,2723,0,5155,0,9632,0,16986,0,28831,0,46951,0,74377,0,112649,164384,0,230341,0,311305,0,404224,0,504349,0,603966,0,696396,0,774091,0,827158,0,841558,0,830433,0,784260,0,710558,0,620798,0,517970,0,415493,0,320672,1,235898,166730,35,112750,89,72775,198,45190,395,26878,600,15134,799,8271,762,4473,613,2074,361,878,144,344,44,106,13,30,3,7,1,4,0,0,0,0,0,0,0
0,0,0,0,0,0,0,0,0,0,0,0,0,0,0,0,0,0,0,0,0,0,0,0,0,0,0,0,0,0,0,0,0,0,0,0,0,0,0,0,1,0,2,0,12,0,24,0,53,0,131,0,259,0,649,0,1376,0,2783,0,5062,0,9448,0,17047,0,28646,0,46627,0,73749,0,112041,163976,0,229877,0,310033,0,402278,0,503602,0,602824,0,695709,0,773811,0,824618,0,844536,0,829821,0,785165,0,712790,0,620415,0,519047,0,417604,0,320786,3,237090,167007,28,113724,89,73051,195,45077,412,26957,634,15289,836,8414,770,4409,639,2067,363,845,156,340,39,109,15,31,3,9,1,4,0,0,0,0,0,0,0
0,0,0,0,0,0,0,0,0,0,0,0,0,0,0,0,0,0,0,0,0,0,0,0,0,0,0,0,0,0,0,0,0,0,0,0,0,0,1,0,0,0,2,0,11,0,26,0,63,0,128,0,263,0,604,0,1342,0,2744,0,5185,0,9298,0,16746,0,28364,0,46561,0,73490,0,111225,163274,0,228831,0,309152,0,402021,0,501230,0,601844,0,695962,0,771878,0,824218,0,844509,0,830218,0,786360,0,713885,0,621066,0,521183,0,418438,0,322113,1,237925,168252,31,113644,89,73116,181,45212,396,27112,602,15531,794,8481,809,4338,610,2103,326,914,156,338,45,111,12,28,2,10,2,2,0,0,0,0,0,0,0
0,0,0,0,0,0,0,0,0,0,0,0,0,0,0,0,0,0,0,0,0,0,0,0,0,0,0,0,0,0,0,0,0,0,0,0,0,0,1,0,0,0,2,0,13,0,21,0,61,0,115,0,267,0,617,0,1321,0,2735,0,5094,0,9335,0,16519,0,28199,0,46459,0,73181,0,111020,162645,0,227591,0,307689,0,400641,0,499887,0,600984,0,694724,0,772284,0,823874,0,844744,0,830886,0,786169,0,715153,0,621597,0,523265,0,419262,0,323465,0,238593,168596,14,114213,83,73708,174,45250,397,27319,646,15474,805,8418,825,4391,636,2080,341,936,159,319,47,100,13,32,2,14,1,2,0,0,0,0,0,0,0
0,0,0,0,0,0,0,0,0,0,0,0,0,0,0,0,0,0,0,0,0,0,0,0,0,0,0,0,0,0,0,0,0,0,0,0,0,0,0,0,1,0,2,0,10,0,21,0,55,0,117,0,283,0,646,0,1251,0,2668,0,5044,0,9272,0,16464,0,28060,0,46187,0,72779,0,110659,161399,0,227195,0,306799,0,399250,0,498442,0,600528,0,693306,0,771029,0,823383,0,844068,0,831888,0,787969,0,715939,0,623241,0,524922,0,420148,0,323883,0,239342,169486,21,114694,93,74272,196,45356,396,27233,594,15630,812,8432,810,4430,601,2141,341,917,158,336,45,101,13,26,4,19,0,1,0,0,0,0,0,0,0
0,0,0,0,0,0,0,0,0,0,0,0,0,0,0,0,0,0,0,0,0,0,0,0,0,0,0,0,0,0,0,0,0,0,0,0,0,0,0,0,0,0,2,0,12,0,26,0,48,0,114,0,286,0,630,0,1265,0,2592,0,4958,0,9313,0,16313,0,27931,0,45953,0,72484,0,109629,161250,0,226115,0,305716,0,398505,0,496521,0,599262,0,692562,0,770522,0,823892,0,844746,0,831155,0,788577,0,716536,0,624822,0,526673,0,421271,0,324823,1,240110,169699,27,115035,86,74669,202,45937,397,27240,631,15535,830,8546,772,4483,585,2128,349,929,154,350,48,100,11,28,4,18,0,0,0,0,0,0,0,0,0
0,0,0,0,0,0,0,0,0,0,0,0,0,0,0,0,0,0,0,0,0,0,0,0,0,0,0,0,0,0,0,0,0,0,0,0,0,0,0,0,0,0,2,0,8,0,23,0,49,0,112,0,301,0,595,0,1264,0,2587,0,4916,0,9173,0,16342,0,27700,0,45555,0,71887,0,109677,160040,0,225444,0,305130,0,396455,0,495921,0,597703,0,692647,0,768502,0,824262,0,843971,0,832152,0,789832,0,717277,0,627926,0,526200,0,422259,1,325785,0,241067,170376,29,115595,79,74786,191,46237,382,27438,615,15608,820,8459,790,4501,629,2074,372,959,156,328,48,107,11,34,3,14,1,1,0,0,0,0,0,0,0
0,0,0,0,0,0,0,0,0,0,0,0,0,0,0,0,0,0,0,0,0,0,0,0,0,0,0,0,0,0,0,0,0,0,0,0,0,0,0,0,1,0,1,0,7,0,28,0,52,0,109,0,287,0,601,0,1249,0,2608,0,4844,0,9139,0,16208,0,27427,0,45537,0,71548,0,108856,159768,0,224154,0,304090,0,395708,0,493917,0,597419,0,690729,0,768161,0,823298,0,845619,0,832931,0,789672,0,717990,0,629297,0,527553,0,423230,1,326732,0,242029,171248,27,115842,72,75006,186,46284,383,28018,602,15603,781,8498,813,4521,603,2086,364,953,156,343,54,100,8,40,2,14,0,1,0,0,0,0,0,0,0
0,0,0,0,0,0,0,0,0,0,0,0,0,0,0,0,0,0,0,0,0,0,0,0,0,0,0,0,0,0,0,0,0,0,0,0,0,0,0,0,1,0,2,0,7,0,25,0,45,0,119,0,269,0,605,0,1259,0,2551,0,4851,0,8910,0,16228,0,27529,0,45214,0,70902,0,108414,159024,0,222967,0,303893,0,393928,0,494083,0,595680,0,688823,0,767699,0,823286,0,845897,0,833547,0,789601,0,719900,0,630640,0,528123,0,424113,0,327798,0,242393,172140,27,116602,95,75401,201,46638,389,27770,619,15782,791,8510,848,4459,599,2171,326,998,150,351,47,110,6,34,2,13,1,2,0,0,0,0,0,0,0
0,0,0,0,0,0,0,0,0,0,0,0,0,0,0,0,0,0,0,0,0,0,0,0,0,0,0,0,0,0,0,0,0,0,0,0,0,0,0,0,0,0,3,0,9,0,21,0,45,0,125,0,260,0,606,0,1234,0,2533,0,4830,0,9071,0,15770,0,27466,0,44881,0,70808,0,107818,158084,0,222721,0,301496,0,394095,0,492460,0,594336,0,688206,0,767229,0,822469,0,845532,0,834547,0,791501,0,720139,0,631297,0,529365,0,426184,0,327930,1,243581,172539,32,117063,86,75643,231,46845,391,27980,617,15888,771,8534,788,4499,643,2147,344,992,164,339,48,113,10,28,4,13,1,2,0,0,0,0,0,0,0
0,0,0,0,0,0,0,0,0,0,0,0,0,0,0,0,0,0,0,0,0,0,0,0,0,0,0,0,0,0,0,0,0,0,0,0,0,0,0,0,0,0,3,0,10,0,19,0,51,0,129,0,267,0,576,0,1261,0,2485,0,4809,0,8801,0,15928,0,27156,0,44793,0,69789,0,107368,157956,0,221542,0,301362,0,392293,0,490951,0,593623,0,686527,0,767645,0,821801,0,845560,0,834727,0,792706,0,721480,0,631904,0,530535,0,427287,0,329008,1,244615,173064,36,117292,76,76232,210,47100,385,27886,632,16009,780,8651,766,4438,613,2207,331,988,173,339,51,118,11,32,4,13,1,2,0,0,0,0,0,0,0
0,0,0,0,0,0,0,0,0,0,0,0,0,0,0,0,0,0,0,0,0,0,0,0,0,0,0,0,0,0,0,0,0,0,0,0,0,0,0,0,0,0,2,0,11,0,20,0,50,0,122,0,254,0,553,0,1280,0,2457,0,4822,0,8787,0,15677,0,27253,0,44017,0,70040,0,107190,156963,0,220532,0,300288,0,390713,0,490340,0,592275,0,686925,0,766375,0,820516,0,846073,0,834755,0,793365,0,722382,0,633663,0,531155,0,428253,0,330936,1,245195,173545,36,117670,80,76700,219,47003,394,28427,624,15902,778,8596,727,4560,622,2220,342,983,161,335,56,132,13,26,4,10,1,2,0,0,0,0,0,0,0
0,0,0,0,0,0,0,0,0,0,0,0,0,0,0,0,0,0,0,0,0,0,0,0,0,0,0,0,0,0,0,0,0,0,0,0,0,0,0,0,0,0,4,0,9,0,13,0,59,0,129,0,242,0,567,0,1176,0,2540,0,4690,0,8852,0,15496,0,26927,0,44076,0,69612,0,106526,155722,0,220506,0,299339,0,388651,0,489602,0,591306,0,686464,0,765164,0,821329,0,844593,0,835290,0,794904,0,724143,0,633946,0,532492,0,428971,0,332271,1,245560,174508,26,118272,81,76840,208,47178,361,28456,611,15922,774,8787,790,4481,659,2243,336,951,154,347,60,127,13,34,2,11,1,3,0,0,0,0,0,0,0
0,0,0,0,0,0,0,0,0,0,0,0,0,0,0,0,0,0,0,0,0,0,0,0,0,0,0,0,0,0,0,0,0,0,0,0,0,0,0,0,1,0,1,0,11,0,23,0,47,0,120,0,275,0,514,0,1192,0,2476,0,4761,0,8698,0,15411,0,26715,0,43924,0,69311,0,105631,155201,0,219630,0,298480,0,388034,0,488365,0,589750,0,685633,0,765804,0,819340,0,844383,0,835904,0,795908,0,725272,0,634838,0,533750,0,429780,0,333542,1,246853,174989,27,118488,80,77085,184,47536,404,28427,630,16035,763,8885,749,4635,630,2215,363,953,141,363,51,128,16,33,2,14,1,2,0,0,0,0,0,0,0
0,0,0,0,0,0,0,0,0,0,0,0,0,0,0,0,0,0,0,0,0,0,0,0,0,0,0,0,0,0,0,0,0,0,0,0,0,0,0,0,1,0,4,0,7,0,24,0,45,0,131,0,251,0,559,0,1164,0,2414,0,4756,0,8685,0,15312,0,26468,0,43679,0,69101,0,105204,153874,0,218668,0,297266,0,387270,0,487499,0,589185,0,684100,0,765308,0,818433,0,845053,0,836438,0,796210,0,725743,0,636844,0,534666,0,430957,0,334230,2,247939,175501,23,119377,77,77333,197,47747,399,28475,584,16207,754,8899,821,4585,641,2224,373,937,156,362,52,120,19,36,2,13,0,4,0,0,0,0,0,0,0
0,0,0,0,0,0,0,0,0,0,0,0,0,0,0,0,0,0,0,0,0,0,0,0,0,0,0,0,0,0,0,0,0,0,0,0,0,0,0,0,0,0,4,0,9,0,17,0,57,0,125,0,255,0,554,0,1150,0,2415,0,4679,0,8645,0,15098,0,26345,0,43526,0,68778,0,104604,153472,0,217589,0,296048,0,387275,0,485085,0,589017,0,682170,0,764883,0,819646,0,843830,0,837111,0,796540,0,726563,0,638225,0,534915,0,433490,0,334923,1,248134,176785,22,119642,84,77731,210,47884,375,28429,582,16359,778,8988,804,4581,662,2251,360,935,150,375,48,125,12,36,5,14,0,3,0,0,0,0,0,0,0
0,0,0,0,0,0,0,0,0,0,0,0,0,0,0,0,0,0,0,0,0,0,0,0,0,0,0,0,0,0,0,0,0,0,0,0,0,0,0,0,1,0,3,0,7,0,17,0,58,0,106,0,261,0,542,0,1156,0,2413,0,4556,0,8602,0,15270,0,25988,0,43013,0,68635,0,103873,153413,0,216824,0,295010,0,385798,0,484512,0,586976,0,682074,0,763590,0,819444,0,844939,0,835923,0,798866,0,726220,0,639139,0,536843,0,434143,0,335826,1,249574,177152,11,120195,88,77783,199,48242,398,28576,581,16360,783,8918,815,4695,657,2259,369,935,159,380,57,111,12,37,6,11,0,3,0,0,0,0,0,0,0
0,0,0,0,0,0,0,0,0,0,0,0,0,0,0,0,0,0,0,0,0,0,0,0,0,0,0,0,0,0,0,0,0,0,0,0,0,0,0,0,0,0,5,0,4,0,21,0,52,0,113,0,271,0,541,0,1168,0,2325,0,4505,0,8591,0,15108,0,25902,0,42681,0,68211,0,103388,152357,0,216062,0,294617,0,384621,0,483390,0,585853,0,681181,0,762497,0,818719,0,845895,0,837535,0,796457,0,729418,0,639502,0,538786,0,434299,0,337006,1,250552,178116,21,120419,89,78206,203,48511,395,28451,551,16487,758,8984,804,4708,653,2344,336,955,159,381,61,122,9,34,4,10,0,3,0,0,0,0,0,0,0
0,0,0,0,0,0,0,0,0,0,0,0,0,0,0,0,0,0,0,0,0,0,0,0,0,0,0,0,0,0,0,0,0,0,0,0,0,0,0,0,1,0,4,0,4,0,15,0,56,0,130,0,243,0,554,0,1170,0,2277,0,4501,0,8288,0,15309,0,25636,0,42446,0,67593,0,103325,151493,0,215461,0,293338,0,382490,0,483628,0,584060,0,680473,0,761380,0,818581,0,846221,0,838519,0,796713,0,729989,0,641356,0,539673,0,435493,0,337984,2,251708,178854,14,120503,85,78418,210,48688,397,28764,598,16257,746,9040,798,4852,650,2316,352,969,157,374,61,129,13,35,3,8,0,3,0,0,0,0,0,0,0
0,0,0,0,0,0,0,0,0,0,0,0,0,0,0,0,0,0,0,0,0,0,0,0,0,0,0,0,0,0,0,0,0,0,0,0,0,0,0,0,2,0,0,0,7,0,18,0,56,0,118,0,254,0,541,0,1173,0,2287,0,4398,0,8416,0,15104,0,25474,0,42315,0,66902,0,102760,151460,0,214210,0,291864,0,382187,0,481912,0,583493,0,679586,0,761451,0,816810,0,847238,0,838259,0,796563,0,731136,0,642413,0,541454,0,436854,0,339118,0,252012,179473,23,121166,73,78990,203,48956,385,28791,605,16358,761,9069,795,4791,659,2354,343,952,158,414,61,121,10,37,4,9,1,1,0,0,0,0,0,0,0
0,0,0,0,0,0,0,0,0,0,0,0,0,0,0,0,0,0,0,0,0,0,0,0,0,0,0,0,0,0,0,0,0,0,0,0,0,0,0,0,1,0,2,0,5,0,24,0,56,0,113,0,245,0,539,0,1152,0,2279,0,4434,0,8303,0,14912,0,25400,0,41880,0,66760,0,102437,150754,0,213249,0,290677,0,381308,0,480444,0,582677,0,678064,0,761127,0,816544,0,847682,0,837233,0,799778,0,730840,0,644127,0,542463,0,437688,1,339687,0,252806,179987,21,121999,73,79226,213,49192,387,28936,582,16465,785,8991,799,4922,643,2349,341,1004,146,403,67,127,9,38,4,6,1,1,0,0,0,0,0,0,0
0,0,0,0,0,0,0,0,0,0,0,0,0,0,0,0,0,0,0,0,0,0,0,0,0,0,0,0,0,0,0,0,0,0,0,0,0,0,0,0,1,0,1,0,9,0,27,0,39,0,117,0,272,0,503,0,1143,0,2303,0,4450,0,8183,0,14836,0,25224,0,41679,0,66448,0,101661,150402,0,212494,0,290134,0,379628,0,479314,0,581951,0,676749,0,759842,0,817040,0,846421,0,837678,0,800972,0,731903,0,644964,0,544836,0,438196,0,340860,0,253607,180029,24,122888,86,79659,202,49360,416,28938,589,16504,768,9155,796,4970,608,2352,365,1002,174,377,72,127,16,31,3,8,1,1,0,0,0,0,0,0,0
0,0,0,0,0,0,0,0,0,0,0,0,0,0,0,0,0,0,0,0,0,0,0,0,0,0,0,0,0,0,0,0,0,0,0,0,0,0,0,0,1,0,2,0,10,0,20,0,48,0,113,0,240,0,560,0,1087,0,2319,0,4378,0,8202,0,14547,0,25301,0,41459,0,65927,0,100981,149607,0,212350,0,288696,0,378507,0,479138,0,579831,0,676908,0,758525,0,817575,0,845065,0,838788,0,800027,0,734523,0,645765,0,545712,0,439944,1,341599,1,253866,181340,18,122988,73,79953,187,49500,413,29391,585,16334,787,9238,828,5028,594,2366,357,988,177,389,69,124,13,32,3,8,1,1,0,0,0,0,0,0,0
0,0,0,0,0,0,0,0,0,0,0,0,0,0,0,0,0,0,0,0,0,0,0,0,0,0,0,0,0,0,0,0,0,0,0,0,0,0,1,0,1,0,0,0,7,0,21,0,55,0,111,0,239,0,518,0,1153,0,2249,0,4445,0,8046,0,14721,0,24794,0,41356,0,65344,0,100547,149153,0,210870,0,288331,0,377404,0,478325,0,578230,0,676139,0,758426,0,816430,0,844694,0,839419,0,800686,0,735944,0,647662,0,545519,0,441804,0,342257,1,254934,181391,13,124103,77,79965,212,49876,385,29321,612,16676,782,9163,827,4973,591,2395,360,1040,164,388,61,144,10,28,3,11,0,1,0,0,0,0,0,0,0
0,0,0,0,0,0,0,0,0,0,0,0,0,0,0,0,0,0,0,0,0,0,0,0,0,0,0,0,0,0,0,0,0,0,0,0,0,0,1,0,1,0,1,0,8,0,21,0,43,0,115,0,254,0,506,0,1117,0,2260,0,4332,0,8113,0,14577,0,24662,0,41249,0,64927,0,100199,147845,0,210834,0,286906,0,376377,0,477386,0,577592,0,674098,0,758181,0,815423,0,845133,0,839663,0,801898,0,736898,0,648114,0,546235,0,443480,0,343632,0,255731,181939,17,124451,83,80537,213,50008,372,29581,601,16715,746,9310,811,4928,630,2441,389,1019,164,386,63,131,16,34,2,8,0,1,0,0,0,0,0,0,0
0,0,0,0,0,0,0,0,0,0,0,0,0,0,0,0,0,0,0,0,0,0,0,0,0,0,0,0,0,0,0,0,0,0,0,0,0,0,2,0,0,0,1,0,6,0,24,0,46,0,114,0,245,0,520,0,1084,0,2205,0,4363,0,8025,0,14255,0,24818,0,40811,0,64948,0,99542,147315,0,209949,0,285535,0,375335,0,477127,0,576135,0,672840,0,757578,0,815114,0,844696,0,839781,0,803119,0,737469,0,650112,0,547340,0,443386,1,346060,0,256297,182406,18,124519,78,80961,204,50166,366,29941,574,16897,734,9332,813,4861,624,2481,366,1033,190,393,64,127,15,38,3,5,0,1,0,0,0,0,0,0,0
0,0,0,0,0,0,0,0,0,0,0,0,0,0,0,0,0,0,0,0,0,0,0,0,0,0,0,0,0,0,0,0,0,0,0,0,0,0,1,0,2,0,0,0,6,0,21,0,43,0,110,0,247,0,515,0,1097,0,2195,0,4280,0,8050,0,14332,0,24408,0,40734,0,64455,0,99462,146197,0,208867,0,285107,0,374357,0,474265,0,576791,0,672872,0,754889,0,815877,0,844832,0,839268,0,804706,0,737941,0,650925,0,548159,0,445141,0,346277,1,257545,182481,17,126026,94,80916,203,50660,377,29952,591,16951,742,9285,804,4961,618,2486,369,1059,176,411,61,132,15,37,1,7,0,1,0,0,0,0,0,0,0
0,0,0,0,0,0,0,0,0,0,0,0,0,0,0,0,0,0,0,0,0,0,0,0,0,0,0,0,0,0,0,0,0,0,0,0,0,0,1,0,2,0,2,0,5,0,17,0,38,0,105,0,246,0,555,0,1024,0,2124,0,4331,0,8182,0,14071,0,24136,0,40506,0,64313,0,98639,145919,0,207950,0,284082,0,373524,0,473358,0,574800,0,672007,0,754675,0,815140,0,844306,0,841006,0,804268,0,738821,0,653017,0,548971,0,446369,0,346957,1,258159,184056,21,125762,91,81279,190,50930,372,30183,576,16984,809,9363,809,4988,614,2431,388,1111,176,391,64,132,15,34,2,9,0,1,0,0,0,0,0,0,0
0,0,0,0,0,0,0,0,0,0,0,0,0,0,0,0,0,0,0,0,0,0,0,0,0,0,0,0,0,0,0,0,0,0,0,0,0,0,1,0,2,0,4,0,5,0,15,0,40,0,100,0,247,0,518,0,1045,0,2153,0,4283,0,7936,0,14111,0,24147,0,40226,0,63926,0,98268,145481,0,206552,0,283390,0,372428,0,471815,0,574947,0,670930,0,753594,0,813670,0,844821,0,841209,0,804639,0,740712,0,653060,0,551156,0,447377,0,348285,2,258831,184525,21,125951,77,81863,204,50829,372,30527,556,17171,773,9389,821,4991,588,2467,409,1114,172,410,62,129,16,30,5,9,0,1,0,0,0,0,0,0,0
0,0,0,0,0,0,0,0,0,0,0,0,0,0,0,0,0,0,0,0,0,0,0,0,0,0,0,0,0,0,0,0,0,0,0,0,1,0,0,0,1,0,2,0,6,0,11,0,45,0,120,0,205,0,524,0,1050,0,2158,0,4211,0,7822,0,14088,0,23961,0,39935,0,63810,0,97834,144663,0,206090,0,282335,0,371220,0,471230,0,573054,0,669868,0,752493,0,814066,0,845170,0,841403,0,804742,0,741786,0,653869,0,553516,0,448076,0,348870,1,259793,185122,17,126351,76,82250,184,51389,361,30321,553,17273,783,9431,858,4967,587,2523,380,1111,159,430,60,124,18,38,4,7,1,1,0,0,0,0,0,0,0
0,0,0,0,0,0,0,0,0,0,0,0,0,0,0,0,0,0,0,0,0,0,0,0,0,0,0,0,0,0,0,0,0,0,0,0,1,0,0,0,2,0,3,0,2,0,18,0,40,0,100,0,233,0,470,0,1077,0,2095,0,4221,0,7807,0,13954,0,23602,0,40065,0,63605,0,96956,144406,0,205190,0,281023,0,370560,0,468572,0,573375,0,668948,0,752342,0,812883,0,844986,0,841049,0,806224,0,743001,0,654747,0,554298,0,449947,0,350161,2,260578,185363,26,126513,63,82797,207,51455,373,30554,537,17483,809,9373,820,5022,579,2504,392,1154,169,415,67,123,18,37,3,7,1,1,0,0,0,0,0,0,0
0,0,0,0,0,0,0,0,0,0,0,0,0,0,0,0,0,0,0,0,0,0,0,0,0,0,0,0,0,0,0,0,0,0,0,0,1,0,1,0,1,0,3,0,3,0,22,0,34,0,100,0,231,0,472,0,1002,0,2198,0,4103,0,7836,0,13700,0,23675,0,39702,0,63443,0,96516,143537,0,204614,0,279424,0,370392,0,468540,0,569751,0,670121,0,750842,0,811541,0,845603,0,842257,0,805482,0,744424,0,656213,0,555360,0,450901,0,351415,0,261172,185811,26,127307,71,82880,213,51670,396,30619,602,17516,794,9578,770,5001,605,2516,416,1122,177,433,63,118,20,38,3,9,1,1,0,0,0,0,0,0,0
0,0,0,0,0,0,0,0,0,0,0,0,0,0,0,0,0,0,0,0,0,0,0,0,0,0,0,0,0,0,0,0,0,0,0,1,1,0,0,0,1,0,2,0,6,0,17,0,33,0,112,0,201,0,479,0,1005,0,2117,0,4054,0,7722,0,13880,0,23444,0,39517,0,62742,0,96157,142701,0,203981,0,279043,0,368777,0,467281,0,569997,0,667023,0,751224,0,811061,0,845129,0,843007,0,806931,0,744689,0,657295,0,556175,0,451959,0,352416,0,261642,187343,21,128042,66,83005,216,51781,359,30849,600,17512,737,9651,792,5085,605,2525,401,1120,172,449,64,117,21,37,4,9,1,2,0,0,0,0,0,0,0
0,0,0,0,0,0,0,0,0,0,0,0,0,0,0,0,0,0,0,0,0,0,0,0,0,0,0,0,0,0,0,0,0,0,0,0,1,0,1,0,1,0,1,0,8,0,14,0,45,0,110,0,196,0,471,0,1003,0,2146,0,4043,0,7673,0,13613,0,23482,0,39096,0,62334,0,95883,141883,0,202915,0,278906,0,367365,0,465768,0,569187,0,666154,0,749440,0,811554,0,845435,0,843050,0,807971,0,745907,0,657744,0,557443,0,452999,2,353114,0,262816,187995,23,128713,78,83247,192,52092,370,30803,581,17673,755,9760,774,5007,615,2575,377,1115,186,452,61,122,22,32,4,7,1,2,0,0,0,0,0,0,0
0,0,0,0,0,0,0,0,0,0,0,0,0,0,0,0,0,0,0,0,0,0,0,0,0,0,0,0,0,0,0,0,0,0,0,0,0,0,2,0,0,0,3,0,5,0,20,0,41,0,106,0,219,0,441,0,974,0,2143,0,4077,0,7594,0,13545,0,23259,0,38752,0,62360,0,95327,141487,0,201736,0,278079,0,366580,0,464639,0,567123,0,665702,0,748498,0,812697,0,844059,0,843677,0,808653,0,746477,0,658302,0,559845,0,453555,0,353476,0,264705,188243,21,129060,74,83656,198,52418,347,30921,587,17826,767,9731,785,5015,613,2567,375,1156,188,444,57,137,18,31,4,8,1,2,0,0,0,0,0,0,0
0,0,0,0,0,0,0,0,0,0,0,0,0,0,0,0,0,0,0,0,0,0,0,0,0,0,0,0,0,0,0,0,0,0,0,0,0,0,1,0,3,0,0,0,6,0,14,0,46,0,92,0,217,0,454,0,978,0,2099,0,4003,0,7496,0,13432,0,23148,0,38679,0,61518,0,95427,140852,0,201277,0,276198,0,365532,0,463748,0,565697,0,665127,0,748256,0,810533,0,846410,0,842752,0,810901,0,745774,0,660214,0,560382,0,455214,1,354099,1,265251,189170,21,129446,68,84262,211,52466,341,31369,601,17569,782,9811,802,5068,626,2559,356,1143,198,461,54,134,13,30,5,5,0,5,0,0,0,0,0,0,0
0,0,0,0,0,0,0,0,0,0,0,0,0,0,0,0,0,0,0,0,0,0,0,0,0,0,0,0,0,0,0,0,0,0,0,0,0,0,0,0,4,0,0,0,7,0,12,0,45,0,91,0,200,0,485,0,979,0,2068,0,4005,0,7416,0,13285,0,22968,0,38212,0,61444,0,94533,140799,0,200646,0,275062,0,364077,0,463320,0,564470,0,663737,0,747484,0,811611,0,844312,0,844706,0,809985,0,747718,0,660790,0,561259,0,456891,1,355491,2,266124,189364,14,129542,63,84904,207,52846,342,31118,618,17957,794,9807,869,5092,653,2539,346,1199,176,459,68,131,14,37,2,2,0,6,0,0,0,0,0,0,0
0,0,0,0,0,0,0,0,0,0,0,0,0,0,0,0,0,0,0,0,0,0,0,0,0,0,0,0,0,0,0,0,0,0,0,0,0,0,1,0,1,0,2,0,8,0,12,0,47,0,88,0,199,0,474,0,987,0,2005,0,3996,0,7345,0,13160,0,22831,0,38166,0,60971,0,93718,140575,0,199946,0,274116,0,363168,0,461434,0,565067,0,661698,0,746516,0,810743,0,844939,0,844098,0,811380,0,748391,0,662399,0,562318,0,457562,0,356944,2,266732,190419,16,129720,56,85023,208,53165,353,31274,589,18252,761,9982,810,5093,657,2542,373,1151,193,480,65,136,12,25,4,5,1,4,0,0,0,0,0,0,0
0,0,0,0,0,0,0,0,0,0,0,0,0,0,0,0,0,0,0,0,0,0,0,0,0,0,0,0,0,0,0,0,0,0,0,0,0,0,1,0,1,0,3,0,3,0,10,0,49,0,95,0,190,0,482,0,974,0,1988,0,4024,0,7245,0,13138,0,22719,0,37813,0,60740,0,94026,138913,0,198915,0,273434,0,362574,0,459974,0,563877,0,660942,0,746252,0,810149,0,844393,0,843873,0,812679,0,749545,0,663116,0,563560,0,458060,1,357976,2,268028,191687,13,130021,62,85415,204,53040,358,31771,594,18108,766,9984,782,5155,650,2578,368,1177,180,469,64,148,10,25,4,7,0,4,0,0,0,0,0,0,0
0,0,0,0,0,0,0,0,0,0,0,0,0,0,0,0,0,0,0,0,0,0,0,0,0,0,0,0,0,0,0,0,0,0,0,0,0,0,1,0,0,0,3,0,3,0,12,0,44,0,98,0,210,0,469,0,953,0,1996,0,3962,0,7171,0,13008,0,22714,0,37647,0,60195,0,93590,138774,0,197846,0,272559,0,361151,0,459871,0,561040,0,660633,0,745429,0,810587,0,843606,0,844344,0,813672,0,750600,0,665015,0,562707,0,459852,1,359056,1,268650,192300,21,130588,48,85879,208,53439,343,31913,588,18104,811,10080,798,5119,643,2582,399,1135,170,513,59,151,11,21,4,7,1,3,0,0,0,0,0,0,0
0,0,0,0,0,0,0,0,0,0,0,0,0,0,0,0,0,0,0,0,0,0,0,0,0,0,0,0,0,0,0,0,0,0,0,0,0,0,0,0,2,0,1,0,4,0,15,0,38,0,96,0,226,0,458,0,941,0,1966,0,3902,0,7294,0,12887,0,22530,0,37349,0,59975,0,93071,137736,0,197384,0,272184,0,360106,0,457692,0,560792,0,659086,0,745057,0,810007,0,842883,0,845769,0,814110,0,751234,0,666476,0,564679,0,460151,0,360041,1,268899,193249,17,131123,60,86194,200,53699,335,32070,542,18288,795,10146,748,5184,647,2607,371,1150,188,483,68,149,15,19,3,12,1,3,0,0,0,0,0,0,0
0,0,0,0,0,0,0,0,0,0,0,0,0,0,0,0,0,0,0,0,0,0,0,0,0,0,0,0,0,0,0,0,0,0,0,0,0,0,0,0,1,0,4,0,7,0,18,0,37,0,88,0,221,0,483,0,962,0,1916,0,3886,0,7121,0,12962,0,22245,0,37097,0,59660,0,92587,136923,0,197032,0,271684,0,359127,0,456517,0,559342,0,658134,0,744207,0,809269,0,843205,0,845445,0,814617,0,753068,0,667133,0,565522,0,462524,0,359786,1,270823,192970,15,131733,73,86549,195,54079,350,32213,591,18410,776,10046,774,5238,657,2595,392,1163,195,452,69,163,14,25,3,10,1,3,0,0,0,0,0,0,0
0,0,0,0,0,0,0,0,0,0,0,0,0,0,0,0,0,0,0,0,0,0,0,0,0,0,0,0,0,0,0,0,0,0,0,0,0,0,0,0,1,0,2,0,9,0,14,0,39,0,85,0,223,0,469,0,922,0,1953,0,3832,0,7069,0,12924,0,22046,0,36925,0,59286,0,91977,137214,0,195380,0,271270,0,357365,0,455807,0,558363,0,658093,0,742938,0,808754,0,843043,0,845696,0,814820,0,754075,0,667986,0,567674,1,462888,0,361288,1,270886,193922,19,131890,71,87166,187,54366,333,32380,590,18416,796,10136,787,5288,635,2657,382,1153,170,449,79,161,14,24,4,12,1,2,0,0,0,0,0,0,0
0,0,0,0,0,0,0,0,0,0,0,0,0,0,0,0,0,0,0,0,0,0,0,0,0,0,0,0,0,0,0,0,0,0,0,0,0,0,0,0,1,0,2,0,6,0,21,0,31,0,83,0,207,0,478,0,927,0,1946,0,3762,0,7046,0,12766,0,22031,0,36669,0,58875,0,91732,136317,0,195676,0,269129,0,357068,0,454287,0,557773,0,656081,0,742949,0,807449,0,843095,0,846613,0,814995,0,755879,0,668515,0,568395,0,464208,0,362864,2,271022,194594,16,132604,70,87471,166,54624,355,32682,580,18564,765,10191,788,5321,638,2595,412,1159,163,458,77,150,19,28,5,10,1,2,0,0,0,0,0,0,0
0,0,0,0,0,0,0,0,0,0,0,0,0,0,0,0,0,0,0,0,0,0,0,0,0,0,0,0,0,0,0,0,0,0,0,0,0,0,0,0,1,0,0,0,8,0,16,0,38,0,70,0,205,0,452,0,953,0,1986,0,3672,0,6973,0,12741,0,21869,0,36480,0,58448,0,91073,135811,0,194828,0,268000,0,356194,0,453214,0,556635,0,655169,0,742735,0,806255,0,843729,0,846602,0,816045,0,756223,0,669299,0,569711,1,466014,0,363402,2,272306,195311,20,132839,61,87697,185,54773,358,32890,597,18589,801,10264,811,5297,637,2560,416,1184,189,471,75,153,18,40,3,6,1,2,0,0,0,0,0,0,0
0,0,0,0,0,0,0,0,0,0,0,0,0,0,0,0,0,0,0,0,0,0,0,0,0,0,0,0,0,0,0,0,0,0,0,0,0,0,0,0,1,0,0,0,6,0,19,0,30,0,74,0,205,0,448,0,914,0,1944,0,3717,0,6936,0,12550,0,21841,0,36295,0,58271,0,90431,135822,0,193476,0,267466,0,354642,0,452127,0,555309,0,654474,0,742223,0,805837,0,843468,0,847983,0,816520,0,755300,0,670830,0,571191,1,466909,0,364409,1,273161,196162,24,133544,60,87859,183,55061,337,32897,567,18905,782,10298,811,5318,635,2582,407,1213,171,462,76,152,20,39,3,6,1,2,0,0,0,0,0,0,0
0,0,0,0,0,0,0,0,0,0,0,0,0,0,0,0,0,0,0,0,0,0,0,0,0,0,0,0,0,0,0,0,0,0,0,0,0,0,0,0,0,0,1,0,4,0,14,0,42,0,75,0,205,0,427,0,950,0,1878,0,3733,0,6923,0,12216,0,21787,0,36354,0,58005,0,89900,134742,0,193683,0,265962,0,353318,0,452206,0,552926,0,654103,0,741029,0,805365,0,843579,0,847672,0,818454,0,755414,0,671811,0,572585,0,467301,0,366568,1,273749,196285,21,134598,64,88091,158,55100,366,33156,559,18954,795,10259,800,5390,619,2654,412,1204,179,472,76,149,17,36,1,7,1,3,0,0,0,0,0,0,0
0,0,0,0,0,0,0,0,0,0,0,0,0,0,0,0,0,0,0,0,0,0,0,0,0,0,0,0,0,0,0,0,0,0,0,0,0,0,0,0,0,0,2,0,2,0,16,0,40,0,81,0,184,0,430,0,922,0,1879,0,3683,0,6810,0,12328,0,21653,0,36150,0,57671,0,89467,134238,0,192768,0,264841,0,352902,0,449806,0,552679,0,652191,0,740769,0,804689,0,844363,0,849170,0,817300,0,757432,0,672173,0,573373,0,469168,0,366752,1,274597,197566,19,134953,68,88342,171,55344,347,33225,560,19136,798,10321,771,5442,597,2656,405,1213,171,477,73,157,12,41,1,9,1,2,0,0,0,0,0,0,0
0,0,0,0,0,0,0,0,0,0,0,0,0,0,0,0,0,0,0,0,0,0,0,0,0,0,0,0,0,0,0,0,0,0,0,0,0,0,0,0,0,0,1,0,3,0,17,0,38,0,80,0,197,0,411,0,933,0,1838,0,3716,0,6683,0,12294,0,21500,0,35712,0,57575,0,89123,133948,0,191116,0,264561,0,351219,0,449146,0,550802,0,652459,0,739507,0,804966,0,843817,0,849399,0,818153,0,758193,0,672915,0,574694,1,470211,0,367875,2,275441,197975,20,135314,63,89146,158,55833,344,33044,536,19079,830,10520,764,5376,616,2661,440,1184,197,467,79,145,16,41,3,9,1,0,0,1,0,0,0,0,0
0,0,0,0,0,0,0,0,0,0,0,0,0,0,0,0,0,0,0,0,0,0,0,0,0,0,0,0,0,0,0,0,0,0,0,0,0,0,0,0,0,0,2,0,5,0,14,0,28,0,85,0,206,0,429,0,922,0,1789,0,3638,0,6758,0,12221,0,21246,0,35522,0,57708,0,88641,133053,0,191213,0,263133,0,350634,0,447690,0,549999,0,651356,0,738452,0,804289,0,843641,0,848923,0,820252,0,758340,0,673405,0,576401,0,470974,0,368851,1,276605,198576,17,136324,72,89181,151,55783,355,33363,559,19138,778,10640,753,5418,606,2712,422,1174,180,484,85,138,15,43,3,9,1,1,0,1,0,0,0,0,0
0,0,0,0,0,0,0,0,0,0,0,0,0,0,0,0,0,0,0,0,0,0,0,0,0,0,0,0,0,0,0,0,0,0,0,0,0,0,0,0,0,0,2,0,6,0,11,0,27,0,76,0,209,0,441,0,885,0,1821,0,3523,0,6721,0,12249,0,21000,0,35435,0,57045,0,88504,131959,0,190719,0,262250,0,350135,0,446478,0,549551,0,649183,0,738310,0,804607,0,842883,0,850092,0,819623,0,759073,0,675721,0,577367,0,471613,1,368786,2,278523,199074,16,136391,67,89597,147,56103,330,33434,599,19336,818,10533,777,5465,633,2677,401,1213,196,493,69,138,17,38,3,9,0,2,0,1,0,0,0,0,0
0,0,0,0,0,0,0,0,0,0,0,0,0,0,0,0,0,0,0,0,0,0,0,0,0,0,0,0,0,0,0,0,0,0,0,0,0,0,0,0,0,0,2,0,8,0,8,0,27,0,78,0,196,0,448,0,909,0,1732,0,3536,0,6712,0,12176,0,20750,0,35161,0,56774,0,87981,131555,0,189780,0,261831,0,348964,0,446343,0,547725,0,648652,0,737327,0,803926,0,842629,0,849612,0,820325,0,760087,0,677513,0,577753,0,473022,1,370723,1,278250,199735,17,137140,67,89839,167,56566,330,33513,602,19366,836,10505,792,5525,633,2648,417,1214,193,503,72,140,16,42,3,7,0,2,0,1,0,0,0,0,0
0,0,0,0,0,0,0,0,0,0,0,0,0,0,0,0,0,0,0,0,0,0,0,0,0,0,0,0,0,0,0,0,0,0,0,0,0,0,0,0,0,0,2,0,7,0,8,0,25,0,76,0,209,0,437,0,905,0,1692,0,3490,0,6725,0,12023,0,20625,0,35140,0,56301,0,87804,130819,0,188623,0,261398,0,348093,0,444632,0,547263,0,648040,0,736009,0,804442,0,842418,0,848936,0,820617,0,761968,0,677927,0,579054,0,473006,1,372346,0,279127,200611,20,137641,59,90622,155,56642,330,33464,579,19353,801,10714,770,5499,657,2678,434,1220,192,484,76,146,21,42,4,2,1,2,0,1,0,0,0,0,0
0,0,0,0,0,0,0,0,0,0,0,0,0,0,0,0,0,0,0,0,0,0,0,0,0,0,0,0,0,0,0,0,0,0,0,0,0,0,0,0,0,0,2,0,5,0,7,0,29,0,74,0,193,0,436,0,876,0,1769,0,3411,0,6524,0,11902,0,20739,0,34921,0,56060,0,87145,130526,0,187999,0,260424,0,346846,0,443578,0,546267,0,647631,0,734268,0,803760,0,843368,0,848417,0,821461,0,763658,0,678223,0,579575,0,474545,1,373284,2,280027,201276,19,138209,57,91015,153,56819,357,33740,580,19289,820,10775,830,5512,653,2728,425,1231,182,490,78,145,22,40,3,3,0,4,0,0,0,0,0,0,0
0,0,0,0,0,0,0,0,0,0,0,0,0,0,0,0,0,0,0,0,0,0,0,0,0,0,0,0,0,0,0,0,0,0,0,0,0,0,0,0,0,0,3,0,4,0,11,0,21,0,72,0,205,0,426,0,857,0,1698,0,3428,0,6498,0,11868,0,20643,0,34589,0,55993,0,86692,129921,0,187153,0,259564,0,345396,0,443140,0,545816,0,646051,0,733498,0,803405,0,843064,0,848764,0,823372,0,762769,0,679822,0,580754,0,475621,0,373738,0,280827,201858,21,138972,72,91288,151,57105,321,33854,598,19479,801,10812,764,5573,664,2778,427,1226,189,469,75,156,18,42,4,6,0,2,0,0,0,0,0,0,0
0,0,0,0,0,0,0,0,0,0,0,0,0,0,0,0,0,0,0,0,0,0,0,0,0,0,0,0,0,0,0,0,0,0,0,0,0,0,0,0,1,0,2,0,2,0,10,0,22,0,79,0,194,0,415,0,849,0,1673,0,3401,0,6445,0,11906,0,20450,0,34634,0,55559,0,86204,129718,0,186319,0,258568,0,344974,0,441540,0,544126,0,644663,0,733781,0,802665,0,841940,0,850057,0,823453,0,764299,0,679988,0,582560,0,476603,1,374329,1,282021,202840,20,139281,73,91656,154,57336,319,34142,602,19414,808,10788,773,5635,673,2813,437,1211,197,474,66,170,18,42,4,9,0,1,0,0,0,0,0,0,0
0,0,0,0,0,0,0,0,0,0,0,0,0,0,0,0,0,0,0,0,0,0,0,0,0,0,0,0,0,0,0,0,0,0,0,0,0,0,0,0,1,0,3,0,1,0,8,0,20,0,86,0,187,0,403,0,801,0,1754,0,3449,0,6224,0,11781,0,20506,0,34258,0,54770,0,86695,129148,0,185696,0,257745,0,343172,0,440522,0,542482,0,643720,0,733293,0,802330,0,842582,0,849740,0,824298,0,764674,0,682233,0,582824,0,477342,1,375430,0,283390,202875,17,139982,66,92171,157,57550,318,34381,580,19659,777,10680,769,5736,647,2859,420,1226,199,477,65,150,20,46,2,9,0,1,0,0,0,0,0,0,0
0,0,0,0,0,0,0,0,0,0,0,0,0,0,0,0,0,0,0,0,0,0,0,0,0,0,0,0,0,0,0,0,0,0,0,0,0,0,0,0,3,0,0,0,4,0,5,0,20,0,87,0,183,0,395,0,801,0,1750,0,3364,0,6397,0,11478,0,20360,0,34049,0,54909,0,85989,128436,0,184799,0,256571,0,342773,0,439098,0,541142,0,643497,0,732788,0,800493,0,842516,0,851392,0,823935,0,765945,0,683121,0,584096,0,478565,0,376564,0,283835,203943,14,140291,78,92090,169,58236,326,34392,583,19625,770,10876,806,5641,687,2891,402,1249,204,481,62,151,18,50,2,10,0,1,0,0,0,0,0,0,0
0,0,0,0,0,0,0,0,0,0,0,0,0,0,0,0,0,0,0,0,0,0,0,0,0,0,0,0,0,0,0,0,0,0,0,0,0,0,0,0,2,0,1,0,2,0,10,0,20,0,86,0,180,0,376,0,860,0,1687,0,3288,0,6350,0,11441,0,20197,0,33921,0,54519,0,85350,127700,0,184095,0,255711,0,341359,0,439332,0,540822,0,641574,0,732011,0,799357,0,843915,0,849784,0,824495,0,768014,0,683938,0,585212,0,479753,0,377776,0,283844,205015,17,140682,66,92564,160,58281,332,34448,613,19785,735,11106,777,5695,638,2861,410,1268,199,503,47,145,16,46,4,11,0,2,0,0,0,0,0,0,0
0,0,0,0,0,0,0,0,0,0,0,0,0,0,0,0,0,0,0,0,0,0,0,0,0,0,0,0,0,0,0,0,0,0,0,0,0,0,0,0,1,0,1,0,5,0,10,0,26,0,69,0,209,0,360,0,819,0,1730,0,3225,0,6201,0,11389,0,20161,0,33729,0,54440,0,84372,127517,0,183689,0,254229,0,340774,0,438214,0,540066,0,641016,0,729810,0,800125,0,842256,0,850629,0,825696,0,767599,0,685716,0,585954,0,481332,1,378520,1,285588,205249,18,140915,65,93281,140,58343,321,34552,600,19847,746,11199,805,5677,672,2836,427,1274,194,486,58,148,15,40,3,13,1,4,0,0,0,0,0,0,0
0,0,0,0,0,0,0,0,0,0,0,0,0,0,0,0,0,0,0,0,0,0,0,0,0,0,0,0,0,0,0,0,0,0,0,0,0,0,0,0,1,0,0,0,5,0,14,0,28,0,78,0,169,0,390,0,798,0,1725,0,3216,0,6160,0,11181,0,19933,0,33915,0,53964,0,84309,125927,0,182816,0,254967,0,339465,0,436592,0,539828,0,638845,0,729001,0,800670,0,841894,0,851597,0,824655,0,769092,0,686226,0,588262,0,481800,0,379524,1,286338,205967,14,141550,72,93424,154,58502,325,34774,568,20010,728,11189,809,5700,676,2877,431,1299,190,472,58,154,20,41,3,10,1,4,0,0,0,0,0,0,0
0,0,0,0,0,0,0,0,0,0,0,0,0,0,0,0,0,0,0,0,0,0,0,0,0,0,0,0,0,0,0,0,0,0,0,0,0,0,0,0,1,0,0,0,4,0,11,0,37,0,64,0,168,0,401,0,805,0,1649,0,3210,0,6155,0,11213,0,19613,0,33435,0,53799,0,83926,126179,0,181530,0,253779,0,339261,0,435434,0,537900,0,637606,0,728350,0,799700,0,842148,0,852041,0,826302,0,768636,0,688256,0,588352,0,483528,0,380554,3,287192,206500,21,142336,67,93357,158,59073,332,35026,577,19863,742,11284,832,5780,677,2864,417,1290,205,475,70,145,15,40,5,11,1,3,0,0,0,0,0,0,0
0,0,0,0,0,0,0,0,0,0,0,0,0,0,0,0,0,0,0,0,0,0,0,0,0,0,0,0,0,0,0,0,0,0,0,0,0,0,0,0,0,0,1,0,3,0,15,0,26,0,69,0,182,0,402,0,774,0,1602,0,3117,0,6235,0,11108,0,19639,0,32927,0,53343,0,83925,126094,0,180723,0,252287,0,338745,0,435000,0,535702,0,636714,0,727378,0,800070,0,842613,0,850890,0,827058,0,770105,0,688312,0,589719,0,484686,0,381929,2,287305,207619,21,142767,60,93786,154,59288,326,35299,590,19882,787,11220,839,5804,668,2895,445,1279,207,485,70,144,13,40,4,12,1,3,0,0,0,0,0,0,0
0,0,0,0,0,0,0,0,0,0,0,0,0,0,0,0,0,0,0,0,0,0,0,0,0,0,0,0,0,0,0,0,0,0,0,0,0,0,0,0,0,0,0,0,3,0,14,0,34,0,54,0,176,0,389,0,788,0,1575,0,3066,0,6191,0,11119,0,19386,0,32794,0,53334,0,83574,124709,0,180393,0,252075,0,337151,0,434311,0,534529,0,635154,0,728456,0,798339,0,842707,0,851167,0,825661,0,772532,0,689224,0,591018,0,485695,0,382629,0,288275,208157,20,143387,62,94104,145,59572,349,35387,592,20097,773,11216,853,5934,634,2887,442,1332,179,492,61,136,13,41,1,16,1,3,0,0,0,0,0,0,0
0,0,0,0,0,0,0,0,0,0,0,0,0,0,0,0,0,0,0,0,0,0,0,0,0,0,0,0,0,0,0,0,0,0,0,0,0,0,0,0,0,0,0,0,5,0,9,0,27,0,74,0,164,0,381,0,792,0,1555,0,3091,0,6011,0,11120,0,19289,0,32541,0,52906,0,83017,124112,0,180385,0,250979,0,335928,0,432518,0,534703,0,634196,0,726999,0,797779,0,843192,0,850858,0,827384,0,772634,0,690055,0,591832,0,487259,0,382987,0,289364,208687,19,144150,63,94626,129,59778,352,35552,563,20080,761,11514,874,5849,672,2859,446,1324,184,509,64,132,17,34,2,18,1,3,0,0,0,0,0,0,0
0,0,0,0,0,0,0,0,0,0,0,0,0,0,0,0,0,0,0,0,0,0,0,0,0,0,0,0,0,0,0,0,0,0,0,0,0,0,0,0,0,0,1,0,2,0,13,0,25,0,64,0,174,0,370,0,771,0,1534,0,3150,0,5829,0,10981,0,19205,0,32556,0,52522,0,82742,123691,0,179161,0,250355,0,335066,0,431378,0,533892,0,633203,0,726604,0,797317,0,842247,0,850939,0,827745,0,772511,0,691390,0,594326,0,487791,0,384032,0,290596,209011,17,144560,70,95376,138,59978,345,35598,534,20308,751,11466,828,5936,690,2841,439,1395,175,493,58,141,15,39,2,15,1,5,0,0,0,0,0,0,0
0,0,0,0,0,0,0,0,0,0,0,0,0,0,0,0,0,0,0,0,0,0,0,0,0,0,0,0,0,0,0,0,0,0,0,0,0,0,0,0,0,0,1,0,3,0,11,0,18,0,78,0,176,0,342,0,774,0,1486,0,3019,0,6019,0,10841,0,19117,0,32327,0,52538,0,82085,123386,0,178466,0,248938,0,334762,0,429950,0,532624,0,633809,0,725418,0,794771,0,841750,0,852459,0,828280,0,772522,0,693222,0,594740,0,489832,0,384931,0,291210,209901,21,145106,76,95589,144,59945,326,36099,549,20505,783,11343,781,6035,691,2825,422,1383,185,531,68,118,14,38,2,18,2,3,0,0,0,0,0,0,0
0,0,0,0,0,0,0,0,0,0,0,0,0,0,0,0,0,0,0,0,0,0,0,0,0,0,0,0,0,0,0,0,0,0,0,0,0,0,0,0,0,0,1,0,5,0,13,0,17,0,74,0,171,0,343,0,763,0,1464,0,3041,0,5880,0,10865,0,19010,0,32009,0,52197,0,82074,123042,0,177567,0,248028,0,334179,0,428699,0,531142,0,632922,0,723662,0,796711,0,840565,0,852064,0,828541,0,773899,0,692909,0,596752,0,490492,0,386345,0,292098,211109,19,145102,65,96106,136,60416,349,36045,535,20694,762,11308,825,5957,714,2957,445,1334,198,512,64,141,12,35,3,16,2,3,0,0,0,0,0,0,0
0,0,0,0,0,0,0,0,0,0,0,0,0,0,0,0,0,0,0,0,0,0,0,0,0,0,0,0,0,0,0,0,0,0,0,0,0,0,0,0,0,0,1,0,4,0,13,0,25,0,71,0,157,0,338,0,769,0,1504,0,3054,0,5754,0,10778,0,18948,0,32062,0,51608,0,81446,122751,0,177009,0,247134,0,333054,0,427177,0,530734,0,631482,0,723077,0,795765,0,839897,0,853503,0,829368,0,773382,0,695340,0,597554,0,490605,0,388147,0,292922,211429,24,146208,57,96349,159,60365,320,36477,526,20775,758,11296,841,5968,685,2984,435,1321,206,501,65,149,11,42,3,14,1,6,0,0,0,0,0,0,0
0,0,0,0,0,0,0,0,0,0,0,0,0,0,0,0,0,0,0,0,0,0,0,0,0,0,0,0,0,0,0,0,0,0,0,0,0,0,0,0,0,0,1,0,6,0,6,0,30,0,73,0,135,0,339,0,726,0,1582,0,3004,0,5799,0,10565,0,18939,0,31713,0,51768,0,80944,121694,0,176815,0,246736,0,331344,0,426438,0,529607,0,630733,0,721833,0,795605,0,839811,0,852048,0,829849,0,775863,0,695893,0,598471,0,491919,0,388787,0,294711,211498,23,146925,50,96818,155,60583,330,36333,561,20939,746,11334,858,6015,688,3016,401,1344,208,502,74,142,12,37,5,17,2,4,1,0,0,0,0,0,0
0,0,0,0,0,0,0,0,0,0,0,0,0,0,0,0,0,0,0,0,0,0,0,0,0,0,0,0,0,0,0,0,0,0,0,0,0,0,0,0,0,0,1,0,4,0,9,0,34,0,60,0,139,0,324,0,777,0,1518,0,2987,0,5788,0,10576,0,18605,0,32066,0,51143,0,80702,121143,0,176347,0,245572,0,329830,0,425672,0,528295,0,629799,0,721874,0,793054,0,840253,0,852201,0,831405,0,777334,0,696235,0,600326,0,492892,0,389503,0,294920,212887,24,147339,56,97053,146,60473,328,36627,558,20976,720,11466,868,6012,706,2999,418,1363,221,476,75,146,17,39,3,16,2,5,1,0,0,0,0,0,0
0,0,0,0,0,0,0,0,0,0,0,0,0,0,0,0,0,0,0,0,0,0,0,0,0,0,0,0,0,0,0,0,0,0,0,0,0,0,0,0,0,0,1,0,5,0,12,0,26,0,60,0,142,0,339,0,739,0,1497,0,3030,0,5696,0,10384,0,18798,0,31625,0,51245,0,79786,121479,0,174981,0,245853,0,328817,0,424734,0,525450,0,630556,0,720584,0,792864,0,839939,0,851636,0,831787,0,777895,0,698347,0,600319,0,494653,0,390120,0,295506,213795,25,148022,56,97193,173,61080,322,36429,545,21185,742,11431,841,6188,677,2983,439,1349,218,499,69,154,16,47,2,15,1,6,1,0,0,0,0,0,0
0,0,0,0,0,0,0,0,0,0,0,0,0,0,0,0,0,0,0,0,0,0,0,0,0,0,0,0,0,0,0,0,0,0,0,0,0,0,0,0,0,0,2,0,4,0,10,0,25,0,64,0,154,0,315,0,759,0,1470,0,3002,0,5719,0,10393,0,18599,0,31406,0,51000,0,79770,120357,0,174616,0,244575,0,328266,0,423482,0,525727,0,628535,0,719483,0,792907,0,839028,0,852756,0,832238,0,778161,0,698886,0,601969,0,494644,0,391774,0,296569,214259,21,148814,62,97706,130,61298,306,36676,551,20987,794,11653,836,6177,692,3003,466,1271,214,512,77,148,12,52,1,16,2,6,1,0,0,0,0,0,0
0,0,0,0,0,0,0,0,0,0,0,0,0,0,0,0,0,0,0,0,0,0,0,0,0,0,0,0,0,0,0,0,0,0,0,0,0,0,0,0,0,0,1,0,7,0,8,0,21,0,70,0,142,0,362,0,688,0,1445,0,3004,0,5696,0,10236,0,18538,0,31329,0,50792,0,79602,119450,0,174542,0,242808,0,327738,0,421902,0,524951,0,627118,0,719847,0,792874,0,837424,0,853285,0,833036,0,778956,0,699458,0,603089,0,496220,0,392386,0,297018,215649,18,148737,60,98361,147,61681,339,36786,557,21085,755,11625,840,6251,714,2939,450,1350,211,500,64,157,16,49,1,15,1,6,1,0,0,0,0,0,0
0,0,0,0,0,0,0,0,0,0,0,0,0,0,0,0,0,0,0,0,0,0,0,0,0,0,0,0,0,0,0,0,0,0,0,0,0,0,0,0,1,0,0,0,5,0,3,0,33,0,60,0,146,0,329,0,687,0,1455,0,3063,0,5668,0,10348,0,18125,0,30995,0,50872,0,79204,119513,0,173262,0,242487,0,325523,0,421642,0,524242,0,626256,0,718801,0,791878,0,838074,0,853146,0,832594,0,780325,0,700058,0,603862,0,498097,0,392940,0,298299,216494,20,149033,61,98770,166,61786,330,37022,555,21183,714,11728,856,6177,745,2926,436,1409,198,493,62,157,18,49,5,14,0,6,1,1,0,0,0,0,0
0,0,0,0,0,0,0,0,0,0,0,0,0,0,0,0,0,0,0,0,0,0,0,0,0,0,0,0,0,0,0,0,0,0,0,0,0,0,0,0,0,0,3,0,2,0,8,0,24,0,57,0,163,0,312,0,686,0,1462,0,2976,0,5569,0,10345,0,18209,0,30972,0,50207,0,79084,119224,0,172789,0,240536,0,325766,0,419465,0,523129,0,626157,0,717382,0,790802,0,838803,0,852505,0,833935,0,781530,0,700168,0,604966,0,498939,0,394758,0,299163,216898,22,149602,54,99126,150,61999,313,37140,548,21292,729,11902,832,6230,677,2947,448,1346,225,509,54,183,14,49,3,13,0,5,1,1,0,0,0,0,0
0,0,0,0,0,0,0,0,0,0,0,0,0,0,0,0,0,0,0,0,0,0,0,0,0,0,0,0,0,0,0,0,0,0,0,0,0,0,0,0,1,0,1,0,4,0,8,0,27,0,55,0,143,0,333,0,670,0,1452,0,2979,0,5497,0,10273,0,18204,0,30812,0,49942,0,78652,118512,0,171753,0,240800,0,323781,0,419319,0,521596,0,625140,0,716613,0,790521,0,838398,0,853908,0,833811,0,781697,0,701611,0,605258,0,500319,0,395675,1,300245,217445,24,150600,48,99135,142,62319,312,37225,548,21338,715,11891,787,6383,688,2946,415,1373,237,503,57,177,15,53,4,13,1,3,0,0,0,0,0,0,0
0,0,0,0,0,0,0,0,0,0,0,0,0,0,0,0,0,0,0,0,0,0,0,0,0,0,0,0,0,0,0,0,0,0,0,0,0,0,0,0,0,0,1,0,2,0,11,0,17,0,64,0,144,0,347,0,657,0,1444,0,2939,0,5489,0,10114,0,18086,0,30624,0,49918,0,77966,117938,0,171642,0,240471,0,322757,0,417717,0,520859,0,623393,0,715843,0,790551,0,837295,0,854837,0,834830,0,781578,0,703444,0,606461,0,500904,0,396020,0,301211,218512,22,150775,48,99443,148,62653,319,37715,550,21351,716,11935,823,6261,685,3057,415,1309,234,539,59,177,14,52,5,15,0,2,0,0,0,0,0,0,0
0,0,0,0,0,0,0,0,0,0,0,0,0,0,0,0,0,0,0,0,0,0,0,0,0,0,0,0,0,0,0,0,0,0,0,0,0,0,0,0,0,0,0,0,6,0,6,0,17,0,64,0,155,0,331,0,684,0,1435,0,2893,0,5469,0,10105,0,17714,0,30460,0,49907,0,77667,117249,0,170665,0,239947,0,321884,0,416403,0,519540,0,622388,0,715714,0,789612,0,838093,0,854246,0,834647,0,784113,0,704163,0,606516,0,502355,0,397116,1,301485,219135,18,151240,55,100476,133,62727,325,37822,542,21502,732,11977,854,6231,699,3052,436,1322,223,527,62,176,18,56,6,10,0,2,0,0,0,0,0,0,0
0,0,0,0,0,0,0,0,0,0,0,0,0,0,0,0,0,0,0,0,0,0,0,0,0,0,0,0,0,0,0,0,0,0,0,0,0,0,0,0,0,0,1,0,2,0,10,0,15,0,76,0,147,0,318,0,711,0,1401,0,2887,0,5375,0,9942,0,17817,0,30110,0,49578,0,77419,116886,0,170039,0,239246,0,320911,0,415168,0,518254,0,621498,0,715120,0,788699,0,838591,0,853287,0,835367,0,784430,0,705397,0,608508,0,502525,0,398810,3,302688,219491,17,151779,49,100706,130,63165,326,37917,510,21641,774,11977,817,6272,696,3114,401,1296,221,555,62,175,15,42,7,13,0,2,1,1,0,0,0,0,0
0,0,0,0,0,0,0,0,0,0,0,0,0,0,0,0,0,0,0,0,0,0,0,0,0,0,0,0,0,0,0,0,0,0,0,0,0,0,0,0,0,0,0,0,3,0,7,0,21,0,65,0,149,0,341,0,660,0,1404,0,2816,0,5418,0,9940,0,17637,0,30016,0,49260,0,76863,116279,0,170010,0,238141,0,320712,0,414377,0,516516,0,619863,0,713240,0,790250,0,837376,0,853919,0,836204,0,785099,0,705422,0,610116,0,503732,0,398990,2,303862,220261,19,152852,54,100633,150,63543,316,38165,539,21566,778,12079,821,6250,723,3134,419,1304,220,539,73,177,12,49,5,13,0,2,1,1,0,0,0,0,0
0,0,0,0,0,0,0,0,0,0,0,0,0,0,0,0,0,0,0,0,0,0,0,0,0,0,0,0,0,0,0,0,0,0,0,0,0,0,0,0,0,0,0,0,6,0,5,0,25,0,64,0,140,0,350,0,638,0,1389,0,2720,0,5379,0,9918,0,17513,0,29812,0,49009,0,76527,116058,0,169270,0,236745,0,319423,0,413805,0,515905,0,619145,0,712284,0,788742,0,838312,0,854336,0,836742,0,785549,0,706014,0,611833,0,503625,0,400821,1,304391,220605,16,153723,50,101058,131,63762,330,38318,536,21673,734,12109,825,6341,706,3147,453,1298,217,533,78,185,8,54,4,14,0,3,0,1,0,0,0,0,0
0,0,0,0,0,0,0,0,0,0,0,0,0,0,0,0,0,0,0,0,0,0,0,0,0,0,0,0,0,0,0,0,0,0,0,0,0,0,0,0,0,0,0,0,2,0,9,0,25,0,62,0,148,0,325,0,677,0,1362,0,2678,0,5350,0,9750,0,17491,0,29762,0,48733,0,76450,115379,0,168112,0,235815,0,318985,0,413020,0,514573,0,616845,0,712507,0,788710,0,837389,0,854744,0,837400,0,785766,0,707808,0,611596,0,506305,1,401624,2,304648,221852,16,153478,54,101854,127,64072,333,38429,522,21940,750,12051,820,6427,687,3064,427,1341,232,545,66,182,12,49,2,19,0,3,0,1,0,0,0,0,0
0,0,0,0,0,0,0,0,0,0,0,0,0,0,0,0,0,0,0,0,0,0,0,0,0,0,0,0,0,0,0,0,0,0,0,0,0,0,0,0,0,0,0,0,4,0,10,0,20,0,77,0,121,0,319,0,678,0,1361,0,2690,0,5269,0,9757,0,17317,0,29696,0,48069,0,76286,114909,0,167103,0,235866,0,317063,0,412831,0,512541,0,616836,0,711683,0,788411,0,835888,0,855178,0,838321,0,785769,0,710538,0,611752,0,507799,0,402027,1,305858,221883,16,154386,57,102122,141,64511,346,38525,537,22087,774,12029,866,6351,698,3109,444,1365,221,566,66,173,17,48,4,13,1,3,0,1,0,0,0,0,0
0,0,0,0,0,0,0,0,0,0,0,0,0,0,0,0,0,0,0,0,0,0,0,0,0,0,0,0,0,0,0,0,0,0,0,0,0,0,0,0,0,0,0,0,3,0,8,0,32,0,65,0,130,0,295,0,647,0,1382,0,2687,0,5304,0,9644,0,17305,0,29337,0,47843,0,75837,114548,0,167145,0,234074,0,316603,0,411286,0,512465,0,614482,0,712097,0,787425,0,835419,0,855832,0,837781,0,788452,0,709775,0,613879,0,508896,0,402645,0,306535,222573,9,154739,60,102852,162,64539,328,38784,524,22188,740,12036,832,6420,708,3074,446,1436,222,543,72,181,16,43,4,14,1,3,0,1,0,0,0,0,0
0,0,0,0,0,0,0,0,0,0,0,0,0,0,0,0,0,0,0,0,0,0,0,0,0,0,0,0,0,0,0,0,0,0,0,0,0,0,0,0,0,0,0,0,3,0,18,0,23,0,66,0,140,0,305,0,647,0,1347,0,2697,0,5165,0,9758,0,17078,0,29296,0,47482,0,75802,113590,0,166682,0,234037,0,315073,0,409938,0,511181,0,614646,0,709238,0,786821,0,837042,0,854879,0,838502,0,788855,0,711653,0,614915,0,509833,0,403702,0,306973,223345,11,155759,47,102998,148,64828,308,38944,536,22203,770,12115,826,6396,716,3068,476,1400,231,540,69,204,20,40,5,12,0,5,0,1,0,0,0,0,0
0,0,0,0,0,0,0,0,0,0,0,0,0,0,0,0,0,0,0,0,0,0,0,0,0,0,0,0,0,0,0,0,0,0,0,0,0,0,0,0,0,0,0,0,4,0,15,0,32,0,63,0,127,0,306,0,613,0,1329,0,2691,0,5104,0,9652,0,17175,0,28939,0,47452,0,75168,113875,0,165302,0,232446,0,314958,0,408222,0,511346,0,614187,0,708092,0,785767,0,836931,0,854632,0,839496,0,789311,0,712141,0,616054,0,510887,0,405188,1,307725,224097,16,156186,58,103547,144,64780,321,38987,567,22378,715,12300,846,6413,678,3136,451,1427,212,560,66,201,23,47,4,11,0,6,0,0,0,0,0,0,0
0,0,0,0,0,0,0,0,0,0,0,0,0,0,0,0,0,0,0,0,0,0,0,0,0,0,0,0,0,0,0,0,0,0,0,0,0,0,0,0,0,0,0,0,4,0,15,0,33,0,61,0,121,0,304,0,600,0,1323,0,2732,0,5024,0,9507,0,17143,0,28830,0,47357,0,74556,113184,0,164708,0,232232,0,313945,0,406889,0,510103,0,613956,0,706533,0,786418,0,834720,0,856080,0,838419,0,790740,0,714047,0,616178,0,512006,0,406312,2,308496,225364,16,156785,57,103720,131,64992,298,39223,547,22376,762,12342,842,6565,655,3113,446,1443,224,580,55,203,18,52,3,11,1,6,0,0,0,0,0,0,0
0,0,0,0,0,0,0,0,0,0,0,0,0,0,0,0,0,0,0,0,0,0,0,0,0,0,0,0,0,0,0,0,0,0,0,0,0,0,0,0,0,0,2,0,2,0,9,0,35,0,51,0,145,0,278,0,577,0,1285,0,2760,0,5013,0,9451,0,16922,0,28689,0,47152,0,74185,112481,0,164568,0,231083,0,312649,0,406720,0,508904,0,612758,0,706324,0,783919,0,836357,0,856131,0,838195,0,791913,0,713571,0,618052,0,513282,0,407432,1,310059,225969,14,156720,54,103835,139,65350,324,39541,542,22528,754,12345,818,6672,705,3068,450,1451,258,559,79,189,20,47,3,12,1,6,0,0,0,0,0,0,0
0,0,0,0,0,0,0,0,0,0,0,0,0,0,0,0,0,0,0,0,0,0,0,0,0,0,0,0,0,0,0,0,0,0,0,0,0,0,0,0,0,0,1,0,3,0,8,0,28,0,63,0,129,0,275,0,603,0,1281,0,2687,0,4929,0,9532,0,16713,0,28509,0,46754,0,73782,112295,0,163735,0,230105,0,311550,0,406151,0,508718,0,610935,0,705759,0,783371,0,835746,0,856308,0,840045,0,790612,0,714973,0,618654,0,514223,0,409822,2,310130,226920,16,157120,53,104618,131,65464,300,39753,531,22633,734,12446,816,6471,693,3196,425,1457,250,601,87,165,30,40,4,19,1,3,0,0,0,0,0,0,0
0,0,0,0,0,0,0,0,0,0,0,0,0,0,0,0,0,0,0,0,0,0,0,0,0,0,0,0,0,0,0,0,0,0,0,0,0,0,0,0,0,0,0,0,2,0,9,0,27,0,66,0,116,0,286,0,618,0,1254,0,2635,0,4983,0,9353,0,16483,0,28524,0,46558,0,73366,111760,0,163037,0,230267,0,310744,0,404520,0,506941,0,610226,0,705128,0,781771,0,836325,0,855602,0,841407,0,790841,0,716556,0,619694,0,515438,1,410346,1,311539,227372,15,157423,54,105392,142,65518,292,39833,577,22693,726,12591,844,6515,694,3214,409,1489,244,602,86,166,19,52,1,17,0,3,0,1,0,0,0,0,0
0,0,0,0,0,0,0,0,0,0,0,0,0,0,0,0,0,0,0,0,0,0,0,0,0,0,0,0,0,0,0,0,0,0,0,0,0,0,0,0,0,0,0,0,2,0,8,0,30,0,60,0,125,0,267,0,614,0,1334,0,2503,0,5084,0,9235,0,16376,0,28390,0,46258,0,73237,110960,0,162525,0,229351,0,310129,0,403400,0,506281,0,608258,0,704516,0,781926,0,835760,0,856450,0,841109,0,792236,0,716338,0,621247,0,516978,0,410986,1,312309,227891,17,158418,55,104904,136,66211,302,39892,530,22968,712,12688,821,6611,664,3191,457,1465,243,592,87,177,20,49,5,15,0,3,0,1,0,0,0,0,0
0,0,0,0,0,0,0,0,0,0,0,0,0,0,0,0,0,0,0,0,0,0,0,0,0,0,0,0,0,0,0,0,0,0,0,0,0,0,0,0,0,0,0,0,0,0,12,0,31,0,57,0,108,0,285,0,626,0,1249,0,2604,0,4893,0,9345,0,16335,0,28162,0,45952,0,72940,110456,0,161842,0,228220,0,309814,0,402544,0,505617,0,607005,0,703942,0,780503,0,834942,0,855888,0,842213,0,793748,0,717468,0,622064,0,518072,0,412445,1,313120,228399,14,158624,56,105282,130,66532,282,40031,519,23183,734,12602,843,6652,669,3238,472,1446,228,607,89,177,24,49,3,16,0,3,0,1,0,0,0,0,0
0,0,0,0,0,0,0,0,0,0,0,0,0,0,0,0,0,0,0,0,0,0,0,0,0,0,0,0,0,0,0,0,0,0,0,0,0,0,0,0,0,0,0,0,1,0,11,0,25,0,51,0,115,0,281,0,627,0,1258,0,2534,0,4940,0,9194,0,16353,0,28029,0,45677,0,72476,109967,0,161661,0,227202,0,307990,0,402280,0,503205,0,607927,0,702975,0,780294,0,834935,0,854249,0,843703,0,794984,0,717805,0,622869,0,519030,1,413404,2,314446,228677,11,159193,58,105513,134,67311,301,39994,518,23173,772,12799,806,6594,689,3233,477,1435,231,613,93,188,23,44,6,15,0,5,0,1,0,0,0,0,0
0,0,0,0,0,0,0,0,0,0,0,0,0,0,0,0,0,0,0,0,0,0,0,0,0,0,0,0,0,0,0,0,0,0,0,0,0,0,0,0,0,0,1,0,3,0,7,0,26,0,54,0,123,0,289,0,621,0,1262,0,2554,0,4823,0,9109,0,16348,0,27776,0,45468,0,72083,109685,0,160511,0,226578,0,307491,0,401203,0,502511,0,606308,0,701958,0,780853,0,833836,0,855129,0,842525,0,796621,0,718791,0,624220,0,519732,1,413826,1,315273,230036,14,159834,57,106096,135,67204,294,40439,526,23092,741,12764,841,6638,657,3260,469,1483,239,621,84,183,29,46,4,18,0,4,0,0,0,0,0,0,0
0,0,0,0,0,0,0,0,0,0,0,0,0,0,0,0,0,0,0,0,0,0,0,0,0,0,0,0,0,0,0,0,0,0,0,0,0,0,0,0,0,0,0,0,4,0,9,0,24,0,54,0,123,0,274,0,619,0,1251,0,2515,0,4870,0,8990,0,16223,0,27465,0,45479,0,71556,109171,0,159769,0,225616,0,307545,0,399650,0,501488,0,606004,0,699966,0,779447,0,835521,0,855073,0,843222,0,795935,0,720180,0,625498,0,521113,1,414287,2,316455,230676,11,160290,56,106393,124,67610,307,40520,543,23352,775,12689,841,6697,676,3256,474,1483,237,626,64,212,28,45,4,17,0,3,0,0,0,0,0,0,0
0,0,0,0,0,0,0,0,0,0,0,0,0,0,0,0,0,0,0,0,0,0,0,0,0,0,0,0,0,0,0,0,0,0,0,0,0,0,0,0,0,0,0,0,2,0,11,0,26,0,42,0,143,0,262,0,579,0,1301,0,2451,0,4846,0,8981,0,15962,0,27338,0,45119,0,71461,108387,0,159074,0,225743,0,305924,0,399538,0,500290,0,604505,0,699106,0,780068,0,834124,0,856027,0,842540,0,797187,0,721418,0,625845,0,522233,1,415392,2,317555,231068,9,160813,55,106805,141,67718,287,40678,519,23635,726,12714,785,6773,698,3278,457,1536,240,611,71,210,25,50,6,15,0,2,0,0,0,0,0,0,0
0,0,0,0,0,0,0,0,0,0,0,0,0,0,0,0,0,0,0,0,0,0,0,0,0,0,0,0,0,0,0,0,0,0,0,0,0,0,0,0,0,0,0,0,1,0,12,0,23,0,56,0,106,0,310,0,603,0,1236,0,2445,0,4822,0,8792,0,15876,0,27222,0,45192,0,70885,107782,0,159070,0,224053,0,305912,0,398197,0,499622,0,603576,0,698189,0,778401,0,835552,0,855519,0,842426,0,797640,0,722780,0,626788,0,523009,1,415720,2,319032,232100,11,161294,51,107497,134,67744,296,41073,543,23383,730,12824,824,6783,700,3342,465,1536,252,585,84,209,25,48,6,16,0,1,0,0,0,0,0,0,0
0,0,0,0,0,0,0,0,0,0,0,0,0,0,0,0,0,0,0,0,0,0,0,0,0,0,0,0,0,0,0,0,0,0,0,0,0,0,0,0,0,0,0,0,3,0,10,0,23,0,52,0,113,0,306,0,581,0,1244,0,2502,0,4682,0,8870,0,15800,0,27064,0,44684,0,70754,107819,0,157862,0,223633,0,304275,0,397983,0,500553,0,598989,0,698071,0,780010,0,833199,0,855694,0,843418,0,798911,0,722833,0,628680,0,523022,0,417722,2,319557,232307,12,161935,58,108023,125,67883,291,41190,546,23439,715,13029,812,6772,690,3407,456,1554,239,612,85,210,23,52,7,14,0,1,0,0,0,0,0,0,0
0,0,0,0,0,0,0,0,0,0,0,0,0,0,0,0,0,0,0,0,0,0,0,0,0,0,0,0,0,0,0,0,0,0,0,0,0,0,0,0,0,0,0,0,3,0,7,0,26,0,46,0,121,0,279,0,631,0,1239,0,2433,0,4770,0,8780,0,15546,0,26904,0,44664,0,70302,107196,0,157145,0,222963,0,303088,0,397813,0,497287,0,600228,0,697917,0,777967,0,833115,0,856857,0,844123,0,797700,0,724703,0,629301,0,524644,0,418408,4,320228,233090,10,162902,65,107857,122,68472,309,41428,487,23490,716,13049,828,6729,735,3356,461,1616,232,624,88,208,20,57,3,15,0,1,0,0,0,0,0,0,0
0,0,0,0,0,0,0,0,0,0,0,0,0,0,0,0,0,0,0,0,0,0,0,0,0,0,0,0,0,0,0,0,0,0,0,0,0,0,0,0,0,0,0,0,1,0,10,0,20,0,57,0,124,0,268,0,636,0,1177,0,2429,0,4777,0,8760,0,15516,0,26630,0,44350,0,69995,107153,0,156792,0,221929,0,301829,0,396498,0,495861,0,599821,0,697641,0,776000,0,834143,0,856647,0,844072,0,799290,0,724024,0,631285,0,525505,0,419790,3,321014,234125,12,163026,43,108367,142,68826,292,41408,517,23814,702,13111,827,6754,730,3339,474,1581,246,613,98,223,21,50,2,15,0,3,0,0,0,0,0,0,0
0,0,0,0,0,0,0,0,0,0,0,0,0,0,0,0,0,0,0,0,0,0,0,0,0,0,0,0,0,0,0,0,0,0,0,0,0,0,0,0,0,0,1,0,1,0,8,0,20,0,46,0,134,0,269,0,583,0,1239,0,2424,0,4680,0,8681,0,15455,0,26628,0,43987,0,69830,105872,0,157193,0,220493,0,300808,0,394678,0,495789,0,599715,0,695881,0,776140,0,834415,0,856315,0,843651,0,799581,0,725096,0,632566,0,525716,0,421983,2,322014,234943,16,163312,31,108871,140,68892,291,41437,504,24017,740,13295,834,6756,658,3471,449,1591,212,630,105,227,17,54,6,12,0,3,0,0,0,0,0,0,0
0,0,0,0,0,0,0,0,0,0,0,0,0,0,0,0,0,0,0,0,0,0,0,0,0,0,0,0,0,0,0,0,0,0,0,0,0,0,0,0,0,0,0,0,1,0,7,0,23,0,53,0,120,0,274,0,586,0,1195,0,2500,0,4538,0,8742,0,15414,0,26514,0,43646,0,69317,105657,0,156245,0,220012,0,300481,0,393720,0,495191,0,598072,0,694672,0,776419,0,833119,0,856158,0,844559,0,800478,0,725147,0,633631,0,527458,0,422634,1,322856,235551,17,163981,40,109350,133,69313,283,41339,506,24215,710,13385,834,6874,687,3442,477,1536,241,618,91,250,23,51,4,14,0,3,0,0,0,0,0,0,0
0,0,0,0,0,0,0,0,0,0,0,0,0,0,0,0,0,0,0,0,0,0,0,0,0,0,0,0,0,0,0,0,0,0,0,0,0,0,0,0,0,0,0,0,0,0,10,0,22,0,61,0,115,0,268,0,566,0,1191,0,2480,0,4466,0,8740,0,15388,0,26251,0,43692,0,68835,105532,0,154772,0,219812,0,299790,0,393032,0,493271,0,597132,0,693929,0,777002,0,831811,0,855949,0,845955,0,800633,0,726275,0,633187,0,529173,0,423597,1,324319,235867,12,164574,37,109987,126,69656,285,41648,507,24016,731,13440,836,6957,708,3436,470,1599,215,605,78,264,22,59,4,10,0,2,0,0,0,0,0,0,0
0,0,0,0,0,0,0,0,0,0,0,0,0,0,0,0,0,0,0,0,0,0,0,0,0,0,0,0,0,0,0,0,0,0,0,0,0,0,0,0,0,0,0,0,1,0,10,0,19,0,56,0,125,0,265,0,589,0,1096,0,2453,0,4653,0,8512,0,15308,0,26330,0,43055,0,68699,105052,0,154632,0,219187,0,298676,0,391320,0,493072,0,595827,0,692809,0,777025,0,830713,0,856240,0,846354,0,800609,0,727586,0,634412,0,530345,0,425081,0,324769,236428,10,165471,39,110297,144,69423,295,42083,498,24395,719,13454,791,6965,735,3426,477,1596,233,626,88,226,25,67,5,10,0,2,0,0,0,0,0,0,0
0,0,0,0,0,0,0,0,0,0,0,0,0,0,0,0,0,0,0,0,0,0,0,0,0,0,0,0,0,0,0,0,0,0,0,0,0,0,0,0,0,0,0,0,1,0,8,0,21,0,60,0,125,0,269,0,576,0,1161,0,2291,0,4663,0,8619,0,15145,0,25877,0,43145,0,67989,104892,0,154210,0,218222,0,297600,0,390435,0,492171,0,594840,0,693215,0,775811,0,829730,0,856063,0,846617,0,801348,0,729698,0,634416,0,531792,0,426075,0,325327,237398,17,166023,51,110432,138,69886,305,42279,488,24231,739,13628,807,7029,729,3465,469,1596,220,641,82,221,35,69,4,13,0,1,0,0,0,0,0,0,0
0,0,0,0,0,0,0,0,0,0,0,0,0,0,0,0,0,0,0,0,0,0,0,0,0,0,0,0,0,0,0,0,0,0,0,0,0,0,0,0,0,0,0,0,0,0,7,0,26,0,52,0,128,0,258,0,600,0,1095,0,2321,0,4596,0,8515,0,15312,0,25521,0,42859,0,67808,104551,0,153419,0,218197,0,296956,0,388281,0,490467,0,594429,0,693418,0,775010,0,828790,0,856543,0,845562,0,803098,0,730750,0,636306,0,532552,0,426532,0,326255,237766,13,166910,49,110682,139,70267,271,42333,502,24669,756,13384,827,7012,720,3565,457,1564,225,649,93,218,38,64,3,17,0,1,0,0,0,0,0,0,0
0,0,0,0,0,0,0,0,0,0,0,0,0,0,0,0,0,0,0,0,0,0,0,0,0,0,0,0,0,0,0,0,0,0,0,0,0,0,0,0,0,0,0,0,0,0,7,0,25,0,62,0,119,0,275,0,553,0,1145,0,2251,0,4536,0,8606,0,14790,0,25556,0,42671,0,67980,103631,0,152805,0,217398,0,296310,0,387832,0,488794,0,593981,0,692599,0,773357,0,830269,0,855035,0,845595,0,803924,0,731065,0,638405,0,533626,0,427201,0,326933,239073,12,167591,46,110879,125,70626,307,42692,519,24517,738,13475,822,7037,734,3515,458,1583,230,668,97,208,34,63,3,18,0,2,0,0,0,0,0,0,0
0,0,0,0,0,0,0,0,0,0,0,0,0,0,0,0,0,0,0,0,0,0,0,0,0,0,0,0,0,0,0,0,0,0,0,0,0,0,0,0,0,0,0,0,0,0,4,0,25,0,67,0,117,0,258,0,553,0,1083,0,2315,0,4531,0,8441,0,14734,0,25533,0,42360,0,67532,103471,0,152216,0,216406,0,295593,0,387084,0,488120,0,593000,0,690288,0,773188,0,830362,0,855964,0,846132,0,803326,0,731843,0,639856,0,535012,0,427598,0,328141,240131,13,167573,48,111341,133,70828,277,43011,507,24500,754,13555,826,7109,719,3509,456,1651,240,652,96,210,36,56,5,16,0,2,0,1,0,0,0,0,0
0,0,0,0,0,0,0,0,0,0,0,0,0,0,0,0,0,0,0,0,0,0,0,0,0,0,0,0,0,0,0,0,0,0,0,0,0,0,0,0,0,0,0,0,1,0,6,0,20,0,59,0,129,0,258,0,560,0,1083,0,2301,0,4429,0,8393,0,14745,0,25233,0,42170,0,67384,102951,0,151672,0,215512,0,295449,0,385562,0,487877,0,591634,0,688020,0,773251,0,830040,0,856248,0,847380,0,803392,0,733603,0,640050,0,535804,0,428364,0,328824,241249,15,168165,53,111894,122,70875,286,43116,470,24688,753,13577,832,7288,706,3503,476,1602,257,629,90,233,34,65,5,19,0,2,0,0,0,0,0,0,0
0,0,0,0,0,0,0,0,0,0,0,0,0,0,0,0,0,0,0,0,0,0,0,0,0,0,0,0,0,0,0,0,0,0,0,0,0,0,0,0,0,0,0,0,1,0,8,0,22,0,47,0,138,0,279,0,537,0,1098,0,2261,0,4356,0,8248,0,14807,0,25190,0,41909,0,67121,102418,0,151157,0,215163,0,293369,0,385661,0,486064,0,590841,0,687437,0,772924,0,829464,0,856063,0,846867,0,805641,0,733996,0,640786,0,537489,0,429191,0,329409,242044,16,168820,49,112041,119,71292,304,43133,508,24906,765,13649,805,7323,703,3587,447,1603,224,659,88,241,34,58,7,19,0,2,0,0,0,0,0,0,0
0,0,0,0,0,0,0,0,0,0,0,0,0,0,0,0,0,0,0,0,0,0,0,0,0,0,0,0,0,0,0,0,0,0,0,0,0,0,0,0,0,0,0,0,2,0,8,0,21,0,44,0,130,0,257,0,580,0,1118,0,2208,0,4377,0,8242,0,14637,0,25002,0,41995,0,66538,102398,0,150416,0,214305,0,292548,0,385189,0,484279,0,590007,0,687626,0,770535,0,830806,0,856277,0,846664,0,805155,0,735261,0,641701,0,537922,0,430705,0,330907,242399,15,169402,54,112485,118,71639,289,43350,514,24960,729,13704,807,7370,736,3590,428,1590,250,679,92,225,37,63,6,15,0,1,0,1,0,0,0,0,0
0,0,0,0,0,0,0,0,0,0,0,0,0,0,0,0,0,0,0,0,0,0,0,0,0,0,0,0,0,0,0,0,0,0,0,0,0,0,0,0,0,0,0,0,1,0,12,0,15,0,55,0,110,0,257,0,568,0,1158,0,2154,0,4343,0,8107,0,14386,0,25051,0,41740,0,66654,101769,0,149953,0,213414,0,291664,0,384631,0,483324,0,588170,0,687821,0,769182,0,829508,0,857125,0,847617,0,805123,0,736014,0,643248,0,538816,0,431930,1,331446,243106,16,169897,51,113150,119,71618,272,43773,493,25084,698,13792,819,7421,738,3567,468,1610,244,657,91,232,35,61,7,21,0,0,0,1,0,0,0,0,0
0,0,0,0,0,0,0,0,0,0,0,0,0,0,0,0,0,0,0,0,0,0,0,0,0,0,0,0,0,0,0,0,0,0,0,0,0,0,0,0,0,0,0,0,2,0,8,0,13,0,60,0,102,0,260,0,550,0,1144,0,2218,0,4335,0,7902,0,14371,0,25011,0,41551,0,66059,101332,0,149248,0,213318,0,290947,0,382581,0,483086,0,587538,0,685850,0,769178,0,828815,0,857171,0,848404,0,806178,0,736591,0,643860,0,539614,0,433154,0,332237,244091,14,170449,53,113515,120,71821,235,44164,473,25126,735,13895,861,7362,751,3661,497,1546,254,638,85,243,35,70,6,18,0,1,0,1,0,0,0,0,0
0,0,0,0,0,0,0,0,0,0,0,0,0,0,0,0,0,0,0,0,0,0,0,0,0,0,0,0,0,0,0,0,0,0,0,0,0,0,0,0,0,0,0,0,5,0,4,0,19,0,46,0,110,0,237,0,561,0,1127,0,2198,0,4317,0,7948,0,14193,0,24772,0,41001,0,66301,100891,0,148692,0,212436,0,289757,0,381692,0,482300,0,587021,0,684974,0,767627,0,828113,0,858223,0,848204,0,807051,0,737525,0,645183,0,540905,0,433996,0,332810,244553,11,171020,44,113940,129,72635,244,44079,519,25179,779,14002,830,7378,740,3660,471,1608,240,659,86,227,37,78,5,13,0,2,0,1,0,0,0,0,0
0,0,0,0,0,0,0,0,0,0,0,0,0,0,0,0,0,0,0,0,0,0,0,0,0,0,0,0,0,0,0,0,0,0,0,0,0,0,0,0,0,0,0,0,4,0,4,0,14,0,44,0,109,0,249,0,534,0,1113,0,2181,0,4262,0,7990,0,14206,0,24473,0,41088,0,65758,100612,0,148077,0,211255,0,289156,0,381370,0,481266,0,586073,0,683021,0,768245,0,827228,0,857293,0,849703,0,808699,0,737789,0,644895,0,542404,0,434739,0,334125,245232,14,171754,50,114125,131,72599,256,44586,512,25137,750,14193,783,7401,750,3729,465,1617,260,640,104,215,26,76,5,17,0,1,0,1,0,0,0,0,0
0,0,0,0,0,0,0,0,0,0,0,0,0,0,0,0,0,0,0,0,0,0,0,0,0,0,0,0,0,0,0,0,0,0,0,0,0,0,0,0,0,0,0,0,1,0,8,0,17,0,39,0,107,0,237,0,542,0,1108,0,2186,0,4126,0,7941,0,14171,0,24568,0,40808,0,65075,100620,0,146959,0,210852,0,288787,0,379442,0,481395,0,584451,0,683014,0,766550,0,827327,0,856281,0,850972,0,809605,0,738910,0,646120,0,542928,0,435257,0,335310,246215,15,171678,37,114224,121,73647,280,44308,538,25515,708,14234,785,7446,737,3691,486,1676,254,663,100,215,27,72,4,17,0,0,0,1,0,0,0,0,0
0,0,0,0,0,0,0,0,0,0,0,0,0,0,0,0,0,0,0,0,0,0,0,0,0,0,0,0,0,0,0,0,0,0,0,0,0,0,0,0,0,0,0,0,2,0,7,0,17,0,49,0,101,0,231,0,513,0,1100,0,2138,0,4174,0,7795,0,14119,0,24430,0,40702,0,64572,99803,0,147052,0,210133,0,287556,0,378470,0,480823,0,583230,0,682759,0,766069,0,825688,0,857286,0,850203,0,811156,0,739978,0,646273,0,544204,0,436153,0,336873,247027,15,171613,46,115317,115,73502,277,44448,503,25708,722,14212,790,7467,714,3755,500,1659,243,666,110,230,18,68,6,17,0,1,0,0,0,0,0,0,0
0,0,0,0,0,0,0,0,0,0,0,0,0,0,0,0,0,0,0,0,0,0,0,0,0,0,0,0,0,0,0,0,0,0,0,0,0,0,0,0,0,0,1,0,3,0,9,0,10,0,45,0,98,0,219,0,520,0,1070,0,2180,0,4097,0,7898,0,13951,0,24426,0,40255,0,64544,99298,0,146750,0,209173,0,286327,0,378483,0,478669,0,583073,0,681030,0,765669,0,826619,0,855353,0,850965,0,812058,0,740458,0,649245,0,543212,0,438415,0,337415,247390,19,172658,41,115435,113,73717,246,44533,475,25963,713,14275,826,7404,692,3806,521,1664,249,671,113,243,19,61,7,14,0,2,0,0,0,0,0,0,0
0,0,0,0,0,0,0,0,0,0,0,0,0,0,0,0,0,0,0,0,0,0,0,0,0,0,0,0,0,0,0,0,0,0,0,0,0,0,0,0,0,0,1,0,3,0,10,0,15,0,39,0,92,0,227,0,500,0,1071,0,2130,0,4142,0,7693,0,14104,0,24096,0,40096,0,64211,99086,0,146182,0,208429,0,285743,0,376885,0,477831,0,582273,0,680948,0,764504,0,825867,0,856368,0,850519,0,811839,0,741566,0,649983,0,545795,0,438749,0,337549,248650,20,173558,61,115439,125,73968,246,44828,493,26060,708,14306,817,7513,740,3725,509,1739,228,666,108,253,23,54,6,16,0,3,0,0,0,0,0,0,0
0,0,0,0,0,0,0,0,0,0,0,0,0,0,0,0,0,0,0,0,0,0,0,0,0,0,0,0,0,0,0,0,0,0,0,0,0,0,0,0,0,0,2,0,3,0,10,0,11,0,37,0,95,0,234,0,510,0,1072,0,2069,0,4205,0,7671,0,13979,0,23835,0,40020,0,63801,98478,0,145776,0,208272,0,284750,0,376711,0,476616,0,579886,0,680293,0,764575,0,825241,0,855123,0,851942,0,812231,0,742255,0,652507,0,545304,0,440021,0,338843,248782,18,174898,56,115696,115,73925,274,44991,480,26241,738,14311,862,7504,727,3847,500,1687,250,658,105,257,31,54,6,15,0,2,0,0,0,0,0,0,0
0,0,0,0,0,0,0,0,0,0,0,0,0,0,0,0,0,0,0,0,0,0,0,0,0,0,0,0,0,0,0,0,0,0,0,0,0,0,0,0,0,0,3,0,3,0,3,0,15,0,45,0,100,0,206,0,515,0,1055,0,2159,0,3974,0,7816,0,13821,0,23552,0,39949,0,63493,97934,0,145632,0,206899,0,284810,0,374217,0,476092,0,580453,0,678869,0,763966,0,825744,0,854522,0,851091,0,812795,0,743757,0,652645,0,547833,0,440410,0,338969,249911,15,175374,56,116558,125,74307,263,45080,485,26116,704,14452,824,7608,781,3824,467,1783,236,641,94,239,34,60,7,13,0,4,0,0,0,0,0,0,0
0,0,0,0,0,0,0,0,0,0,0,0,0,0,0,0,0,0,0,0,0,0,0,0,0,0,0,0,0,0,0,0,0,0,0,0,0,0,0,0,0,0,1,0,3,0,6,0,15,0,40,0,94,0,228,0,489,0,1059,0,2041,0,4144,0,7646,0,13755,0,23626,0,39598,0,63255,97927,0,144099,0,207076,0,283113,0,374249,0,474754,0,578246,0,678911,0,763429,0,825818,0,853475,0,852850,0,812113,0,746308,0,653058,0,548454,0,440218,0,340978,250594,11,175662,48,117173,122,74498,256,45152,469,26393,727,14600,786,7580,770,3861,495,1754,273,658,98,230,34,61,5,20,0,2,0,0,0,0,0,0,0
0,0,0,0,0,0,0,0,0,0,0,0,0,0,0,0,0,0,0,0,0,0,0,0,0,0,0,0,0,0,0,0,0,0,0,0,0,0,0,0,0,0,2,0,2,0,4,0,21,0,40,0,100,0,219,0,469,0,1004,0,2098,0,4103,0,7628,0,13588,0,23373,0,39546,0,63092,97292,0,144003,0,206002,0,282335,0,373439,0,473265,0,577710,0,677631,0,763951,0,823817,0,854668,0,852463,0,813513,0,746152,0,654899,0,549193,0,442067,0,341315,251073,12,175261,46,118245,137,74924,269,45360,483,26471,686,14704,819,7665,769,3889,481,1733,260,668,101,234,28,62,6,15,0,3,0,0,0,0,0,0,0
0,0,0,0,0,0,0,0,0,0,0,0,0,0,0,0,0,0,0,0,0,0,0,0,0,0,0,0,0,0,0,0,0,0,0,0,0,0,0,0,0,0,1,0,2,0,8,0,15,0,48,0,92,0,203,0,479,0,1010,0,2096,0,4030,0,7543,0,13676,0,23150,0,39332,0,62606,97317,0,143269,0,205609,0,281141,0,371782,0,473008,0,576148,0,677482,0,762170,0,824684,0,855376,0,850426,0,814560,0,748258,0,655226,0,550797,0,442678,0,341929,251980,13,176107,45,118137,146,75866,255,45404,500,26598,733,14744,810,7616,763,3910,467,1784,253,676,97,244,28,59,4,18,0,0,0,0,0,0,0,0,0
0,0,0,0,0,0,0,0,0,0,0,0,0,0,0,0,0,0,0,0,0,0,0,0,0,0,0,0,0,0,0,0,0,0,0,0,0,0,0,0,0,0,0,0,4,0,7,0,19,0,33,0,88,0,230,0,463,0,1025,0,2095,0,3932,0,7556,0,13372,0,23150,0,39136,0,62397,96432,0,143347,0,204766,0,280397,0,370817,0,470861,0,576158,0,676922,0,761289,0,823291,0,855810,0,851670,0,815731,0,747989,0,656288,0,551248,0,444658,0,342670,252685,13,176695,47,118702,129,75857,278,45849,489,26390,737,14891,786,7647,785,3907,509,1781,256,699,93,217,32,59,10,12,0,2,0,0,0,0,0,0,0
0,0,0,0,0,0,0,0,0,0,0,0,0,0,0,0,0,0,0,0,0,0,0,0,0,0,0,0,0,0,0,0,0,0,0,0,0,0,0,0,0,0,2,0,0,0,7,0,13,0,50,0,91,0,208,0,457,0,985,0,2116,0,3843,0,7494,0,13382,0,23068,0,38656,0,62600,96095,0,142477,0,203615,0,280601,0,369683,0,469771,0,574730,0,674959,0,761073,0,823733,0,855311,0,852230,0,815873,0,747993,0,658710,0,552645,0,445124,0,343770,253537,15,177305,48,119026,120,76025,273,46297,500,26447,738,14850,788,7721,753,3936,484,1777,261,701,94,228,32,63,8,13,0,3,0,0,0,0,0,0,0
0,0,0,0,0,0,0,0,0,0,0,0,0,0,0,0,0,0,0,0,0,0,0,0,0,0,0,0,0,0,0,0,0,0,0,0,0,0,0,0,0,0,2,0,1,0,8,0,12,0,41,0,90,0,224,0,450,0,986,0,1998,0,3928,0,7351,0,13189,0,23106,0,38439,0,61951,95710,0,142349,0,203115,0,279532,0,368601,0,469330,0,574069,0,673377,0,760359,0,822252,0,856200,0,852885,0,816306,0,749352,0,659022,0,553595,0,446628,0,344761,254079,16,178013,44,119241,126,76288,261,46299,483,26828,719,14835,825,7758,750,3932,486,1792,262,700,81,243,35,69,8,12,0,4,0,0,0,0,0,0,0
0,0,0,0,0,0,0,0,0,0,0,0,0,0,0,0,0,0,0,0,0,0,0,0,0,0,0,0,0,0,0,0,0,0,0,0,0,0,0,0,0,0,2,0,3,0,5,0,14,0,35,0,88,0,207,0,447,0,1010,0,1966,0,3891,0,7337,0,13149,0,23158,0,38369,0,61123,95344,0,141306,0,203085,0,278367,0,367449,0,468821,0,573233,0,673003,0,759778,0,821680,0,855340,0,854016,0,816666,0,750615,0,659370,0,554598,0,447612,0,345556,254841,16,178609,42,119540,118,76610,233,46618,491,26966,712,14822,812,7966,735,3902,502,1787,267,711,86,259,30,64,5,19,0,2,0,0,0,0,0,0,0
0,0,0,0,0,0,0,0,0,0,0,0,0,0,0,0,0,0,0,0,0,0,0,0,0,0,0,0,0,0,0,0,0,0,0,0,0,0,0,0,0,0,1,0,2,0,5,0,18,0,36,0,94,0,203,0,450,0,976,0,1980,0,3941,0,7223,0,13207,0,22704,0,38238,0,60888,95016,0,140882,0,202038,0,277737,0,367218,0,467681,0,571987,0,671775,0,759209,0,820344,0,857021,0,854053,0,816115,0,751702,0,660287,0,555925,0,449306,0,346076,255244,17,179152,38,120169,102,76911,247,46838,477,27100,652,14928,837,7923,739,3909,519,1830,250,716,100,247,37,67,3,16,0,2,0,0,0,0,0,0,0
0,0,0,0,0,0,0,0,0,0,0,0,0,0,0,0,0,0,0,0,0,0,0,0,0,0,0,0,0,0,0,0,0,0,0,0,0,0,0,0,1,0,0,0,3,0,1,0,17,0,44,0,90,0,208,0,438,0,956,0,1944,0,3901,0,7187,0,13128,0,22654,0,38102,0,61046,94319,0,140562,0,201060,0,276593,0,365928,0,467963,0,570041,0,671234,0,758341,0,821684,0,855052,0,853617,0,818301,0,751965,0,660630,0,558047,0,449634,0,346577,256103,12,180060,45,120595,127,77233,275,46749,489,27512,676,15002,835,7987,745,3851,529,1818,253,777,100,249,31,65,3,16,1,1,0,1,0,0,0,0,0
0,0,0,0,0,0,0,0,0,0,0,0,0,0,0,0,0,0,0,0,0,0,0,0,0,0,0,0,0,0,0,0,0,0,0,0,0,0,0,0,1,0,0,0,2,0,6,0,15,0,38,0,86,0,202,0,429,0,966,0,1986,0,3824,0,7176,0,12929,0,22477,0,37990,0,60916,93746,0,140246,0,201370,0,274419,0,365358,0,466282,0,569710,0,670025,0,758415,0,821093,0,853759,0,855404,0,818431,0,752938,0,661590,0,559220,0,449801,0,347638,257328,16,180269,40,121226,136,77569,251,46933,512,27455,673,15199,853,7976,734,3932,540,1786,240,767,101,266,27,69,4,16,0,1,0,1,0,0,0,0,0
0,0,0,0,0,0,0,0,0,0,0,0,0,0,0,0,0,0,0,0,0,0,0,0,0,0,0,0,0,0,0,0,0,0,0,0,0,0,0,0,0,0,1,0,2,0,3,0,14,0,43,0,73,0,203,0,451,0,948,0,1929,0,3868,0,7122,0,12940,0,22276,0,37817,0,60634,93107,0,140064,0,199688,0,275242,0,363805,0,464650,0,569165,0,669102,0,757440,0,820012,0,855885,0,854651,0,819496,0,753209,0,663421,0,558998,0,451236,0,348241,258199,17,181140,36,121844,129,77563,255,47072,547,27611,706,15159,827,8065,702,3980,541,1758,252,773,112,270,26,65,4,17,0,1,0,1,0,0,0,0,0
0,0,0,0,0,0,0,0,0,0,0,0,0,0,0,0,0,0,0,0,0,0,0,0,0,0,0,0,0,0,0,0,0,0,0,0,0,0,0,0,0,0,1,0,1,0,7,0,11,0,29,0,77,0,204,0,444,0,957,0,1990,0,3696,0,7093,0,12759,0,22341,0,37498,0,60260,93240,0,139056,0,199582,0,273446,0,364054,0,463574,0,567932,0,668418,0,756168,0,820337,0,855820,0,854996,0,820010,0,753733,0,663448,0,561176,0,451698,0,349809,258528,15,181740,37,122018,122,77663,247,47508,506,27586,720,15285,838,8142,748,3997,490,1854,255,770,105,259,29,62,1,15,0,3,0,0,0,0,0,0,0
0,0,0,0,0,0,0,0,0,0,0,0,0,0,0,0,0,0,0,0,0,0,0,0,0,0,0,0,0,0,0,0,0,0,0,0,0,0,0,0,0,0,1,0,1,0,9,0,8,0,30,0,71,0,200,0,453,0,946,0,1957,0,3704,0,6981,0,12698,0,22321,0,37333,0,60212,92546,0,138780,0,198035,0,273247,0,362816,0,463406,0,566943,0,667005,0,755834,0,820149,0,855282,0,854245,0,821083,0,755128,0,664731,0,561495,0,453232,0,351235,258694,12,182135,37,122147,122,78297,266,47898,471,27442,705,15471,825,8150,716,4036,496,1871,275,742,98,279,27,59,5,11,0,4,0,0,0,0,0,0,0
0,0,0,0,0,0,0,0,0,0,0,0,0,0,0,0,0,0,0,0,0,0,0,0,0,0,0,0,0,0,0,0,0,0,0,0,0,0,0,0,0,0,1,0,1,0,3,0,19,0,22,0,75,0,200,0,474,0,922,0,1939,0,3697,0,6960,0,12589,0,22190,0,37198,0,59874,92276,0,137855,0,198085,0,271228,0,362246,0,462433,0,565974,0,667323,0,754208,0,820031,0,854486,0,855792,0,821086,0,755850,0,665784,0,561892,0,454935,0,352149,258780,13,183160,41,122782,141,78646,277,47735,478,27804,695,15377,840,8109,758,4128,508,1826,267,780,101,249,27,68,6,11,0,4,0,0,0,0,0,0,0
