0,0,0,0,0,0,0,0,0,0,0,0,0,0,0,0,0,0,0,0,0,0,0,0,0,0,0,0,0,0,0,0,0,0,0,0,0,0,0,0,0,0,0,0,0,0,0,0,5279726,0,0,0,0,0,0,0,0,0,0,0,0,0,0,0,0,0,0,0,0,0,0,0,0,0,0,0,0,0,0,0,0,0,0,0,0,0,0,0,0,0,0,0,0,0,0,0,5273682,0,0,0,0,0,0,0,0,0,0,0,0,0,0,0,0,0,0,0,0,0,0,0,0,0,0,0,0,0,0,0,0,0,0,0,0,0,0,0,0,0,0,0,0,0,0,0
0,0,0,0,0,0,0,0,0,0,0,0,0,0,0,0,0,0,0,0,0,0,0,0,0,0,0,0,0,0,0,0,0,0,0,0,2804605,0,0,0,0,0,0,0,0,0,0,0,0,0,0,0,0,0,0,0,0,0,0,0,0,0,0,0,0,0,0,0,0,0,0,0,4946167,0,0,0,0,0,0,0,0,0,0,0,0,0,0,0,0,0,0,0,0,0,0,0,0,0,0,0,0,0,0,0,0,0,0,0,2802636,0,0,0,0,0,0,0,0,0,0,0,0,0,0,0,0,0,0,0,0,0,0,0,0,0,0,0,0,0,0,0,0,0,0,0
0,0,0,0,0,0,0,0,0,0,0,0,0,0,0,0,0,0,0,0,0,0,0,0,0,0,0,0,1565779,0,0,0,0,0,0,0,0,0,0,0,0,0,0,0,0,0,0,0,0,0,0,0,0,0,0,0,0,3712419,0,0,0,0,0,0,0,0,0,0,0,0,0,0,0,0,0,0,0,0,0,0,0,0,0,0,0,0,3712918,0,0,0,0,0,0,0,0,0,0,0,0,0,0,0,0,0,0,0,0,0,0,0,0,0,0,0,0,1562292,0,0,0,0,0,0,0,0,0,0,0,0,0,0,0,0,0,0,0,0,0,0,0,0,0,0,0,0
0,0,0,0,0,0,0,0,0,0,0,0,0,0,0,0,0,0,0,0,0,0,0,0,905222,0,0,0,0,0,0,0,0,0,0,0,0,0,0,0,0,0,0,0,0,0,0,0,2612752,0,0,0,0,0,0,0,0,0,0,0,0,0,0,0,0,0,0,0,0,0,0,0,3522281,0,0,0,0,0,0,0,0,0,0,0,0,0,0,0,0,0,0,0,0,0,0,0,2611378,0,0,0,0,0,0,0,0,0,0,0,0,0,0,0,0,0,0,0,0,0,0,0,901775,0,0,0,0,0,0,0,0,0,0,0,0,0,0,0,0,0,0,0,0,0,0,0
0,0,0,0,0,0,0,0,0,0,0,0,0,0,0,0,0,0,0,0,538583,0,0,0,0,0,0,0,0,0,0,0,0,0,0,0,0,0,0,0,0,1792835,0,0,0,0,0,0,0,0,0,0,0,0,0,0,0,0,0,0,0,2949195,0,0,0,0,0,0,0,0,0,0,0,0,0,0,0,0,0,0,0,0,2945215,0,0,0,0,0,0,0,0,0,0,0,0,0,0,0,0,0,0,0,1791415,0,0,0,0,0,0,0,0,0,0,0,0,0,0,0,0,0,0,0,0,536165,0,0,0,0,0,0,0,0,0,0,0,0,0,0,0,0,0,0,0,0
0,0,0,0,0,0,0,0,0,0,0,0,0,0,0,0,0,0,327494,0,0,0,0,0,0,0,0,0,0,0,0,0,0,0,0,0,1219717,0,0,0,0,0,0,0,0,0,0,0,0,0,0,0,0,0,2320660,0,0,0,0,0,0,0,0,0,0,0,0,0,0,0,0,0,2825331,0,0,0,0,0,0,0,0,0,0,0,0,0,0,0,0,0,2317479,0,0,0,0,0,0,0,0,0,0,0,0,0,0,0,0,0,1217038,0,0,0,0,0,0,0,0,0,0,0,0,0,0,0,0,0,325689,0,0,0,0,0,0,0,0,0,0,0,0,0,0,0,0,0
0,0,0,0,0,0,0,0,0,0,0,0,0,0,0,0,203047,0,0,0,0,0,0,0,0,0,0,0,0,0,0,0,828003,0,0,0,0,0,0,0,0,0,0,0,0,0,0,0,1764173,0,0,0,0,0,0,0,0,0,0,0,0,0,0,0,2485619,0,0,0,0,0,0,0,0,0,0,0,0,0,0,0,2483140,0,0,0,0,0,0,0,0,0,0,0,0,0,0,0,1761531,0,0,0,0,0,0,0,0,0,0,0,0,0,0,0,826324,0,0,0,0,0,0,0,0,0,0,0,0,0,0,0,201571,0,0,0,0,0,0,0,0,0,0,0,0,0,0,0
0,0,0,0,0,0,0,0,0,0,0,0,0,0,128061,0,0,0,0,0,0,0,0,0,0,0,0,0,563640,0,0,0,0,0,0,0,0,0,0,0,0,0,0,1315477,0,0,0,0,0,0,0,0,0,0,0,0,0,2074509,0,0,0,0,0,0,0,0,0,0,0,0,0,0,2397639,0,0,0,0,0,0,0,0,0,0,0,0,0,2073320,0,0,0,0,0,0,0,0,0,0,0,0,0,1312054,0,0,0,0,0,0,0,0,0,0,0,0,0,0,562164,0,0,0,0,0,0,0,0,0,0,0,0,0,126544,0,0,0,0,0,0,0,0,0,0,0,0,0,0
0,0,0,0,0,0,0,0,0,0,0,0,0,81687,0,0,0,0,0,0,0,0,0,0,0,0,384310,0,0,0,0,0,0,0,0,0,0,0,0,969290,0,0,0,0,0,0,0,0,0,0,0,0,1676286,0,0,0,0,0,0,0,0,0,0,0,0,2171704,0,0,0,0,0,0,0,0,0,0,0,0,2166986,0,0,0,0,0,0,0,0,0,0,0,0,1673869,0,0,0,0,0,0,0,0,0,0,0,0,965875,0,0,0,0,0,0,0,0,0,0,0,0,382860,0,0,0,0,0,0,0,0,0,0,0,0,80541,0,0,0,0,0,0,0,0,0,0,0,0,0
0,0,0,0,0,0,0,0,0,0,0,0,52477,0,0,0,0,0,0,0,0,0,0,0,263519,0,0,0,0,0,0,0,0,0,0,0,709363,0,0,0,0,0,0,0,0,0,0,0,1324804,0,0,0,0,0,0,0,0,0,0,0,1882102,0,0,0,0,0,0,0,0,0,0,0,2101789,0,0,0,0,0,0,0,0,0,0,0,1878028,0,0,0,0,0,0,0,0,0,0,0,1322068,0,0,0,0,0,0,0,0,0,0,0,705260,0,0,0,0,0,0,0,0,0,0,0,262130,0,0,0,0,0,0,0,0,0,0,0,51868,0,0,0,0,0,0,0,0,0,0,0
0,0,0,0,0,0,0,0,0,0,0,34282,0,0,0,0,0,0,0,0,0,0,181163,0,0,0,0,0,0,0,0,0,0,516824,0,0,0,0,0,0,0,0,0,0,1030183,0,0,0,0,0,0,0,0,0,0,1583650,0,0,0,0,0,0,0,0,0,0,1937975,0,0,0,0,0,0,0,0,0,0,1936440,0,0,0,0,0,0,0,0,0,0,1577952,0,0,0,0,0,0,0,0,0,0,1027914,0,0,0,0,0,0,0,0,0,0,513316,0,0,0,0,0,0,0,0,0,0,179683,0,0,0,0,0,0,0,0,0,0,34026,0,0,0,0,0,0,0,0,0,0,0
0,0,0,0,0,0,0,0,0,0,22590,0,0,0,0,0,0,0,0,0,125107,0,0,0,0,0,0,0,0,0,375465,0,0,0,0,0,0,0,0,0,0,794163,0,0,0,0,0,0,0,0,0,1300554,0,0,0,0,0,0,0,0,0,1722735,0,0,0,0,0,0,0,0,0,0,1887285,0,0,0,0,0,0,0,0,0,1720428,0,0,0,0,0,0,0,0,0,1295290,0,0,0,0,0,0,0,0,0,790747,0,0,0,0,0,0,0,0,0,0,372962,0,0,0,0,0,0,0,0,0,123625,0,0,0,0,0,0,0,0,0,22457,0,0,0,0,0,0,0,0,0,0
0,0,0,0,0,0,0,0,0,14901,0,0,0,0,0,0,0,0,0,86659,0,0,0,0,0,0,0,0,273174,0,0,0,0,0,0,0,0,0,606031,0,0,0,0,0,0,0,0,0,1052315,0,0,0,0,0,0,0,0,1488785,0,0,0,0,0,0,0,0,0,1762732,0,0,0,0,0,0,0,0,1761490,0,0,0,0,0,0,0,0,0,1485787,0,0,0,0,0,0,0,0,0,1046481,0,0,0,0,0,0,0,0,604454,0,0,0,0,0,0,0,0,0,270077,0,0,0,0,0,0,0,0,85711,0,0,0,0,0,0,0,0,0,14811,0,0,0,0,0,0,0,0,0
0,0,0,0,0,0,0,0,0,9934,0,0,0,0,0,0,0,0,60565,0,0,0,0,0,0,0,0,197880,0,0,0,0,0,0,0,0,461413,0,0,0,0,0,0,0,0,840007,0,0,0,0,0,0,0,0,1261007,0,0,0,0,0,0,0,0,1594518,0,0,0,0,0,0,0,0,1718350,0,0,0,0,0,0,0,0,1592883,0,0,0,0,0,0,0,0,1257092,0,0,0,0,0,0,0,0,836345,0,0,0,0,0,0,0,0,457586,0,0,0,0,0,0,0,0,196288,0,0,0,0,0,0,0,0,59692,0,0,0,0,0,0,0,0,9848,0,0,0,0,0,0,0,0
0,0,0,0,0,0,0,0,6731,0,0,0,0,0,0,0,42163,0,0,0,0,0,0,0,0,144043,0,0,0,0,0,0,0,348721,0,0,0,0,0,0,0,0,665932,0,0,0,0,0,0,0,1050132,0,0,0,0,0,0,0,0,1407423,0,0,0,0,0,0,0,1619853,0,0,0,0,0,0,0,0,1621168,0,0,0,0,0,0,0,1403711,0,0,0,0,0,0,0,0,1044487,0,0,0,0,0,0,0,662170,0,0,0,0,0,0,0,0,345885,0,0,0,0,0,0,0,142783,0,0,0,0,0,0,0,0,41560,0,0,0,0,0,0,0,6646,0,0,0,0,0,0,0,0
0,0,0,0,0,0,0,0,4573,0,0,0,0,0,0,0,29695,0,0,0,0,0,0,0,104834,0,0,0,0,0,0,0,263442,0,0,0,0,0,0,0,522421,0,0,0,0,0,0,0,864336,0,0,0,0,0,0,0,1217174,0,0,0,0,0,0,0,1484899,0,0,0,0,0,0,0,1586572,0,0,0,0,0,0,0,1485755,0,0,0,0,0,0,0,1212694,0,0,0,0,0,0,0,858312,0,0,0,0,0,0,0,520524,0,0,0,0,0,0,0,260973,0,0,0,0,0,0,0,103552,0,0,0,0,0,0,0,29159,0,0,0,0,0,0,0,4493,0,0,0,0,0,0,0
0,0,0,0,0,0,0,3104,0,0,0,0,0,0,0,20998,0,0,0,0,0,0,76409,0,0,0,0,0,0,0,198126,0,0,0,0,0,0,409094,0,0,0,0,0,0,0,703231,0,0,0,0,0,0,0,1036686,0,0,0,0,0,0,1331690,0,0,0,0,0,0,0,1505487,0,0,0,0,0,0,1506566,0,0,0,0,0,0,0,1329685,0,0,0,0,0,0,1031755,0,0,0,0,0,0,0,698699,0,0,0,0,0,0,0,405935,0,0,0,0,0,0,196887,0,0,0,0,0,0,0,75430,0,0,0,0,0,0,20640,0,0,0,0,0,0,0,2986,0,0,0,0,0,0,0
0,0,0,0,0,0,0,2127,0,0,0,0,0,0,14881,0,0,0,0,0,0,55704,0,0,0,0,0,0,148736,0,0,0,0,0,0,0,318795,0,0,0,0,0,0,567437,0,0,0,0,0,0,873035,0,0,0,0,0,0,1171723,0,0,0,0,0,0,1394305,0,0,0,0,0,0,0,1477297,0,0,0,0,0,0,1393608,0,0,0,0,0,0,1169144,0,0,0,0,0,0,866538,0,0,0,0,0,0,564630,0,0,0,0,0,0,0,315575,0,0,0,0,0,0,148244,0,0,0,0,0,0,55009,0,0,0,0,0,0,14549,0,0,0,0,0,0,2071,0,0,0,0,0,0,0
0,0,0,0,0,0,1423,0,0,0,0,0,0,10612,0,0,0,0,0,0,40796,0,0,0,0,0,0,111786,0,0,0,0,0,0,247377,0,0,0,0,0,0,455232,0,0,0,0,0,0,726351,0,0,0,0,0,1016515,0,0,0,0,0,0,1265869,0,0,0,0,0,0,1409572,0,0,0,0,0,0,1410027,0,0,0,0,0,0,1262673,0,0,0,0,0,0,1013648,0,0,0,0,0,0,720512,0,0,0,0,0,452964,0,0,0,0,0,0,244881,0,0,0,0,0,0,111284,0,0,0,0,0,0,40238,0,0,0,0,0,0,10220,0,0,0,0,0,0,1428,0,0,0,0,0,0
0,0,0,0,0,0,986,0,0,0,0,0,0,7490,0,0,0,0,0,29869,0,0,0,0,0,0,84203,0,0,0,0,0,191051,0,0,0,0,0,0,363656,0,0,0,0,0,598914,0,0,0,0,0,0,871953,0,0,0,0,0,1128394,0,0,0,0,0,0,1317308,0,0,0,0,0,0,1384722,0,0,0,0,0,1314294,0,0,0,0,0,0,1126593,0,0,0,0,0,867206,0,0,0,0,0,0,594211,0,0,0,0,0,361839,0,0,0,0,0,0,189300,0,0,0,0,0,83736,0,0,0,0,0,0,29395,0,0,0,0,0,7273,0,0,0,0,0,0,1015,0,0,0,0,0,0
0,0,0,0,0,0,682,0,0,0,0,0,5394,0,0,0,0,0,21658,0,0,0,0,0,0,63760,0,0,0,0,0,147813,0,0,0,0,0,288794,0,0,0,0,0,490680,0,0,0,0,0,0,739254,0,0,0,0,0,992924,0,0,0,0,0,1207402,0,0,0,0,0,1328747,0,0,0,0,0,0,1326641,0,0,0,0,0,1204075,0,0,0,0,0,990248,0,0,0,0,0,734383,0,0,0,0,0,0,487445,0,0,0,0,0,286864,0,0,0,0,0,146429,0,0,0,0,0,62987,0,0,0,0,0,0,21342,0,0,0,0,0,5183,0,0,0,0,0,703,0,0,0,0,0,0
0,0,0,0,0,0,502,0,0,0,0,0,3830,0,0,0,0,0,15971,0,0,0,0,0,47767,0,0,0,0,0,114439,0,0,0,0,0,228544,0,0,0,0,0,399942,0,0,0,0,0,621149,0,0,0,0,0,863700,0,0,0,0,0,1087695,0,0,0,0,0,1251279,0,0,0,0,0,1305291,0,0,0,0,0,1246017,0,0,0,0,0,1086000,0,0,0,0,0,859705,0,0,0,0,0,617244,0,0,0,0,0,397236,0,0,0,0,0,227093,0,0,0,0,0,112711,0,0,0,0,0,47377,0,0,0,0,0,15701,0,0,0,0,0,3713,0,0,0,0,0,502,0,0,0,0,0
0,0,0,0,0,345,0,0,0,0,0,2760,0,0,0,0,0,11796,0,0,0,0,0,35905,0,0,0,0,88003,0,0,0,0,0,181114,0,0,0,0,0,324551,0,0,0,0,0,518137,0,0,0,0,743721,0,0,0,0,0,969078,0,0,0,0,0,1154352,0,0,0,0,0,1257999,0,0,0,0,1255845,0,0,0,0,0,1150936,0,0,0,0,0,965507,0,0,0,0,0,740912,0,0,0,0,513987,0,0,0,0,0,322087,0,0,0,0,0,179527,0,0,0,0,0,86624,0,0,0,0,35738,0,0,0,0,0,11443,0,0,0,0,0,2684,0,0,0,0,0,357,0,0,0,0,0
0,0,0,0,0,248,0,0,0,0,0,1938,0,0,0,0,8700,0,0,0,0,0,26993,0,0,0,0,67893,0,0,0,0,0,143118,0,0,0,0,261800,0,0,0,0,0,429867,0,0,0,0,635575,0,0,0,0,0,852073,0,0,0,0,1051692,0,0,0,0,0,1187655,0,0,0,0,0,1237948,0,0,0,0,1186724,0,0,0,0,0,1047588,0,0,0,0,850719,0,0,0,0,0,631427,0,0,0,0,425158,0,0,0,0,0,260676,0,0,0,0,141355,0,0,0,0,0,66782,0,0,0,0,26918,0,0,0,0,0,8410,0,0,0,0,1892,0,0,0,0,0,259,0,0,0,0,0
0,0,0,0,0,167,0,0,0,0,1385,0,0,0,0,0,6402,0,0,0,0,20320,0,0,0,0,52156,0,0,0,0,0,112708,0,0,0,0,211110,0,0,0,0,354149,0,0,0,0,0,538755,0,0,0,0,743987,0,0,0,0,944245,0,0,0,0,0,1106004,0,0,0,0,1196327,0,0,0,0,1194896,0,0,0,0,0,1101923,0,0,0,0,943374,0,0,0,0,740937,0,0,0,0,0,532657,0,0,0,0,351741,0,0,0,0,209179,0,0,0,0,0,111551,0,0,0,0,51510,0,0,0,0,20128,0,0,0,0,0,6225,0,0,0,0,1384,0,0,0,0,188,0,0,0,0,0
0,0,0,0,0,118,0,0,0,0,1034,0,0,0,0,4795,0,0,0,0,15206,0,0,0,0,40166,0,0,0,0,88485,0,0,0,0,0,169734,0,0,0,0,290692,0,0,0,0,452797,0,0,0,0,644512,0,0,0,0,841078,0,0,0,0,1014522,0,0,0,0,1135237,0,0,0,0,0,1178668,0,0,0,0,1132527,0,0,0,0,1011648,0,0,0,0,839761,0,0,0,0,639157,0,0,0,0,448484,0,0,0,0,289032,0,0,0,0,0,167816,0,0,0,0,87450,0,0,0,0,39515,0,0,0,0,15254,0,0,0,0,4576,0,0,0,0,1019,0,0,0,0,125,0,0,0,0,0
0,0,0,0,84,0,0,0,0,751,0,0,0,0,3536,0,0,0,0,11545,0,0,0,0,30848,0,0,0,0,69220,0,0,0,0,135975,0,0,0,0,238301,0,0,0,0,379263,0,0,0,0,552990,0,0,0,0,741651,0,0,0,0,920720,0,0,0,0,1062342,0,0,0,0,1140377,0,0,0,0,1139728,0,0,0,0,1060095,0,0,0,0,917943,0,0,0,0,739233,0,0,0,0,547936,0,0,0,0,375532,0,0,0,0,236220,0,0,0,0,134526,0,0,0,0,68374,0,0,0,0,30550,0,0,0,0,11419,0,0,0,0,3422,0,0,0,0,735,0,0,0,0,92,0,0,0,0
0,0,0,0,65,0,0,0,0,547,0,0,0,0,2610,0,0,0,0,8770,0,0,0,0,23753,0,0,0,54254,0,0,0,0,108795,0,0,0,0,194201,0,0,0,0,316373,0,0,0,0,471350,0,0,0,648455,0,0,0,0,826651,0,0,0,0,982244,0,0,0,0,1087894,0,0,0,0,1125090,0,0,0,1084899,0,0,0,0,979304,0,0,0,0,823605,0,0,0,0,645546,0,0,0,0,467218,0,0,0,312551,0,0,0,0,193158,0,0,0,0,106994,0,0,0,0,53943,0,0,0,0,23383,0,0,0,8608,0,0,0,0,2539,0,0,0,0,545,0,0,0,0,63,0,0,0,0
0,0,0,0,42,0,0,0,0,407,0,0,0,1955,0,0,0,0,6605,0,0,0,0,18372,0,0,0,42479,0,0,0,0,86729,0,0,0,0,157898,0,0,0,263156,0,0,0,0,399331,0,0,0,0,563606,0,0,0,735009,0,0,0,0,897923,0,0,0,0,1023375,0,0,0,1092090,0,0,0,0,1090064,0,0,0,1021182,0,0,0,0,894831,0,0,0,0,732542,0,0,0,558528,0,0,0,0,395712,0,0,0,0,260507,0,0,0,156574,0,0,0,0,85643,0,0,0,0,41953,0,0,0,18102,0,0,0,0,6444,0,0,0,0,1909,0,0,0,399,0,0,0,0,41,0,0,0,0
0,0,0,0,33,0,0,0,0,289,0,0,0,1470,0,0,0,0,4994,0,0,0,14122,0,0,0,0,33357,0,0,0,68946,0,0,0,0,128307,0,0,0,218208,0,0,0,0,336537,0,0,0,485219,0,0,0,0,650449,0,0,0,812081,0,0,0,0,951179,0,0,0,1045939,0,0,0,0,1076622,0,0,0,1043138,0,0,0,0,948656,0,0,0,808684,0,0,0,0,645951,0,0,0,480957,0,0,0,0,334457,0,0,0,215343,0,0,0,0,126896,0,0,0,68327,0,0,0,0,32694,0,0,0,14049,0,0,0,0,4730,0,0,0,1466,0,0,0,0,278,0,0,0,30,0,0,0,0
0,0,0,0,24,0,0,0,203,0,0,0,0,1099,0,0,0,3776,0,0,0,10912,0,0,0,0,26067,0,0,0,54758,0,0,0,104081,0,0,0,0,179658,0,0,0,283557,0,0,0,0,415804,0,0,0,569922,0,0,0,728786,0,0,0,0,874766,0,0,0,988582,0,0,0,1047893,0,0,0,0,1046293,0,0,0,985414,0,0,0,872248,0,0,0,0,724697,0,0,0,565065,0,0,0,0,412715,0,0,0,281223,0,0,0,177802,0,0,0,0,102366,0,0,0,54439,0,0,0,25607,0,0,0,0,10693,0,0,0,3635,0,0,0,1096,0,0,0,0,202,0,0,0,25,0,0,0,0
0,0,0,0,16,0,0,0,157,0,0,0,824,0,0,0,2887,0,0,0,0,8430,0,0,0,20377,0,0,0,43723,0,0,0,84112,0,0,0,0,147195,0,0,0,238210,0,0,0,354918,0,0,0,496390,0,0,0,0,649239,0,0,0,795203,0,0,0,923720,0,0,0,1006923,0,0,0,0,1034614,0,0,0,1004036,0,0,0,920563,0,0,0,792914,0,0,0,645181,0,0,0,0,492334,0,0,0,351711,0,0,0,235648,0,0,0,145643,0,0,0,0,83306,0,0,0,43089,0,0,0,20068,0,0,0,8186,0,0,0,0,2816,0,0,0,812,0,0,0,146,0,0,0,17,0,0,0,0
0,0,0,0,14,0,0,0,114,0,0,0,613,0,0,0,2222,0,0,0,6474,0,0,0,15910,0,0,0,34817,0,0,0,67984,0,0,0,0,120517,0,0,0,198573,0,0,0,302500,0,0,0,430205,0,0,0,572851,0,0,0,719784,0,0,0,853096,0,0,0,955551,0,0,0,1008964,0,0,0,0,1007399,0,0,0,952547,0,0,0,850000,0,0,0,716530,0,0,0,570018,0,0,0,426086,0,0,0,298770,0,0,0,196027,0,0,0,119354,0,0,0,0,67577,0,0,0,33998,0,0,0,15831,0,0,0,6239,0,0,0,2102,0,0,0,618,0,0,0,109,0,0,0,14,0,0,0,0
0,0,0,0,10,0,0,0,86,0,0,0,454,0,0,0,1694,0,0,0,5095,0,0,0,12326,0,0,0,27644,0,0,0,54813,0,0,0,98797,0,0,0,165239,0,0,0,256061,0,0,0,371489,0,0,0,503079,0,0,0,645674,0,0,0,781191,0,0,0,897317,0,0,0,970597,0,0,0,996062,0,0,0,970158,0,0,0,892753,0,0,0,778750,0,0,0,642472,0,0,0,500191,0,0,0,367176,0,0,0,252453,0,0,0,163308,0,0,0,97882,0,0,0,54255,0,0,0,27186,0,0,0,12312,0,0,0,4700,0,0,0,1634,0,0,0,463,0,0,0,76,0,0,0,11,0,0,0
0,0,0,8,0,0,0,49,0,0,0,350,0,0,0,1313,0,0,0,3890,0,0,0,9774,0,0,0,21773,0,0,0,44230,0,0,0,80824,0,0,136896,0,0,0,216044,0,0,0,318247,0,0,0,440532,0,0,0,575854,0,0,0,709987,0,0,0,833232,0,0,0,924219,0,0,0,972195,0,0,972805,0,0,0,921914,0,0,0,828765,0,0,0,708254,0,0,0,572532,0,0,0,436242,0,0,0,314984,0,0,0,213019,0,0,0,135248,0,0,80326,0,0,0,43523,0,0,0,21499,0,0,0,9538,0,0,0,3680,0,0,0,1245,0,0,0,350,0,0,0,58,0,0,0,9,0,0,0
0,0,0,6,0,0,0,40,0,0,0,251,0,0,0,1016,0,0,3029,0,0,0,7589,0,0,0,17293,0,0,0,35395,0,0,0,66442,0,0,112778,0,0,0,182293,0,0,0,271536,0,0,0,383233,0,0,0,510474,0,0,641616,0,0,0,766935,0,0,0,871454,0,0,0,937999,0,0,0,961448,0,0,936818,0,0,0,867525,0,0,0,764743,0,0,0,639128,0,0,505926,0,0,0,379478,0,0,0,269141,0,0,0,178725,0,0,0,111970,0,0,65509,0,0,0,34993,0,0,0,17121,0,0,0,7406,0,0,0,2826,0,0,955,0,0,0,274,0,0,0,36,0,0,0,7,0,0,0
0,0,0,2,0,0,0,33,0,0,0,178,0,0,773,0,0,0,2356,0,0,0,5976,0,0,13719,0,0,0,28293,0,0,0,54250,0,0,93516,0,0,0,152412,0,0,0,231590,0,0,0,331496,0,0,449503,0,0,0,576627,0,0,0,700299,0,0,814627,0,0,0,895651,0,0,0,940494,0,0,937802,0,0,0,894310,0,0,0,808828,0,0,698878,0,0,0,572440,0,0,0,445637,0,0,0,328904,0,0,227657,0,0,0,150245,0,0,0,92991,0,0,53352,0,0,0,28076,0,0,0,13530,0,0,5776,0,0,0,2206,0,0,0,751,0,0,199,0,0,0,24,0,0,0,7,0,0,0
0,0,0,1,0,0,0,21,0,0,140,0,0,0,590,0,0,0,1842,0,0,4652,0,0,0,10938,0,0,22615,0,0,0,44273,0,0,0,77091,0,0,127469,0,0,0,196885,0,0,285471,0,0,0,393927,0,0,0,514832,0,0,636806,0,0,0,752605,0,0,847172,0,0,0,908886,0,0,0,929270,0,0,907953,0,0,0,843033,0,0,749691,0,0,0,634312,0,0,0,510186,0,0,390165,0,0,0,282835,0,0,193770,0,0,0,125656,0,0,0,76728,0,0,43376,0,0,0,22579,0,0,10672,0,0,0,4521,0,0,0,1707,0,0,567,0,0,0,146,0,0,19,0,0,0,6,0,0,0
0,0,0,1,0,0,0,17,0,0,112,0,0,0,459,0,0,1387,0,0,0,3686,0,0,8646,0,0,0,18234,0,0,36032,0,0,0,63581,0,0,106337,0,0,0,166762,0,0,245384,0,0,0,343544,0,0,456302,0,0,0,574255,0,0,693454,0,0,0,792980,0,0,870244,0,0,0,909316,0,0,909871,0,0,0,867184,0,0,789808,0,0,0,689391,0,0,571979,0,0,0,452270,0,0,340064,0,0,0,242184,0,0,164742,0,0,0,104736,0,0,63401,0,0,0,35073,0,0,18074,0,0,0,8522,0,0,3480,0,0,0,1334,0,0,430,0,0,0,114,0,0,13,0,0,0,5,0,0,0
0,0,0,1,0,0,12,0,0,0,76,0,0,356,0,0,0,1072,0,0,2883,0,0,0,6845,0,0,14606,0,0,29293,0,0,0,52387,0,0,88623,0,0,0,141080,0,0,210064,0,0,0,298755,0,0,402236,0,0,515718,0,0,0,632523,0,0,738485,0,0,0,824937,0,0,881080,0,0,0,900263,0,0,879395,0,0,821429,0,0,0,735835,0,0,628423,0,0,0,513584,0,0,398316,0,0,0,295426,0,0,207254,0,0,138880,0,0,0,87682,0,0,52038,0,0,0,28537,0,0,14435,0,0,0,6682,0,0,2739,0,0,1050,0,0,0,303,0,0,91,0,0,0,9,0,0,5,0,0,0
0,0,0,0,0,0,10,0,0,0,50,0,0,279,0,0,843,0,0,0,2234,0,0,5410,0,0,11741,0,0,0,23721,0,0,43181,0,0,73817,0,0,0,118927,0,0,179675,0,0,258456,0,0,0,354277,0,0,459913,0,0,573397,0,0,0,681605,0,0,776773,0,0,844978,0,0,0,882259,0,0,881317,0,0,0,842778,0,0,772304,0,0,679025,0,0,0,570469,0,0,457773,0,0,349591,0,0,0,255560,0,0,177174,0,0,116793,0,0,0,73212,0,0,42558,0,0,23134,0,0,0,11644,0,0,5263,0,0,2131,0,0,0,829,0,0,234,0,0,61,0,0,0,8,0,0,4,0,0,0
0,0,0,0,0,0,7,0,0,44,0,0,0,212,0,0,644,0,0,1754,0,0,4328,0,0,0,9406,0,0,19123,0,0,35540,0,0,0,61228,0,0,99760,0,0,153753,0,0,222351,0,0,0,309647,0,0,409555,0,0,517220,0,0,626259,0,0,0,724730,0,0,804465,0,0,854144,0,0,0,874658,0,0,853144,0,0,801953,0,0,720066,0,0,0,623075,0,0,514004,0,0,406491,0,0,306039,0,0,0,220402,0,0,150511,0,0,98668,0,0,0,60585,0,0,34810,0,0,18760,0,0,9288,0,0,0,4240,0,0,1679,0,0,626,0,0,188,0,0,0,41,0,0,7,0,0,3,0,0,0
0,0,0,0,0,0,3,0,0,39,0,0,159,0,0,0,484,0,0,1353,0,0,3447,0,0,7603,0,0,15363,0,0,0,29159,0,0,50906,0,0,83439,0,0,130663,0,0,192002,0,0,0,269752,0,0,362082,0,0,464867,0,0,570412,0,0,672306,0,0,0,758923,0,0,822328,0,0,857253,0,0,855164,0,0,820326,0,0,0,755864,0,0,668075,0,0,566788,0,0,462245,0,0,359123,0,0,0,266373,0,0,189289,0,0,128432,0,0,82649,0,0,49996,0,0,0,28574,0,0,15229,0,0,7408,0,0,3329,0,0,1335,0,0,0,487,0,0,135,0,0,35,0,0,6,0,0,3,0,0,0
0,0,0,0,0,0,3,0,0,29,0,0,116,0,0,380,0,0,1053,0,0,2717,0,0,0,6100,0,0,12552,0,0,23754,0,0,42312,0,0,69879,0,0,110652,0,0,164836,0,0,235040,0,0,0,318727,0,0,414650,0,0,518240,0,0,618902,0,0,711324,0,0,785127,0,0,831213,0,0,0,848959,0,0,829421,0,0,782908,0,0,706957,0,0,615622,0,0,514655,0,0,412192,0,0,315843,0,0,0,231338,0,0,162656,0,0,108937,0,0,69046,0,0,41339,0,0,23495,0,0,12287,0,0,5929,0,0,0,2647,0,0,1073,0,0,362,0,0,101,0,0,26,0,0,6,0,0,3,0,0,0
0,0,0,0,0,0,3,0,0,20,0,0,92,0,0,296,0,0,839,0,0,2135,0,0,4891,0,0,10194,0,0,19418,0,0,34870,0,0,58678,0,0,93506,0,0,141174,0,0,203666,0,0,0,280273,0,0,368959,0,0,466420,0,0,567750,0,0,661547,0,0,744038,0,0,801938,0,0,831857,0,0,831539,0,0,800064,0,0,738941,0,0,658795,0,0,562485,0,0,464387,0,0,366366,0,0,277327,0,0,0,200358,0,0,139386,0,0,92211,0,0,57464,0,0,34410,0,0,19018,0,0,9922,0,0,4859,0,0,2063,0,0,872,0,0,275,0,0,76,0,0,18,0,0,5,0,0,3,0,0,0
0,0,0,0,0,0,1,0,0,18,0,0,68,0,0,234,0,0,666,0,0,1677,0,0,3935,0,0,8183,0,0,16086,0,0,28519,0,0,49053,0,0,79174,0,0,120635,0,0,176040,0,0,245246,0,0,327163,0,0,419399,0,0,516484,0,0,612315,0,0,699030,0,0,766314,0,0,810609,0,0,823430,0,0,809643,0,0,763335,0,0,694871,0,0,607926,0,0,513689,0,0,416782,0,0,323607,0,0,242360,0,0,173794,0,0,118817,0,0,77752,0,0,47919,0,0,28430,0,0,15666,0,0,8029,0,0,3902,0,0,1647,0,0,646,0,0,232,0,0,60,0,0,16,0,0,5,0,0,1,0,0
0,0,0,0,0,1,0,0,13,0,0,62,0,0,163,0,0,558,0,0,1331,0,0,3122,0,0,6540,0,0,13277,0,0,23548,0,0,40936,0,0,66897,0,0,102605,0,0,151777,0,0,213814,0,288931,0,0,375740,0,0,468041,0,0,562902,0,0,652717,0,0,728576,0,0,781045,0,0,810035,0,0,810262,0,0,780447,0,0,723076,0,0,647728,0,0,559659,0,0,466390,0,0,371758,0,0,285657,0,211935,0,0,149092,0,0,101261,0,0,65587,0,0,40064,0,0,23371,0,0,12837,0,0,6504,0,0,3070,0,0,1323,0,0,533,0,0,165,0,0,40,0,0,13,0,0,4,0,0,1,0,0
0,0,0,0,0,1,0,0,8,0,0,51,0,0,140,0,0,439,0,0,1030,0,0,2483,0,5324,0,0,10725,0,0,19639,0,0,33944,0,0,56264,0,0,87372,0,0,130527,0,0,186228,0,254542,0,0,334073,0,0,423126,0,0,515509,0,0,604634,0,0,687343,0,0,749501,0,0,788818,0,0,802424,0,788901,0,0,745998,0,0,681865,0,0,601818,0,0,511503,0,0,420731,0,0,330922,0,0,251519,0,183898,0,0,128266,0,0,86184,0,0,55084,0,0,33461,0,0,19339,0,0,10420,0,0,5245,0,2503,0,0,1021,0,0,415,0,0,125,0,0,31,0,0,11,0,0,2,0,0,1,0,0
0,0,0,0,0,1,0,0,6,0,0,41,0,0,114,0,336,0,0,833,0,0,1980,0,0,4285,0,0,8714,0,0,16193,0,28373,0,0,47301,0,0,74198,0,0,112369,0,0,161449,0,0,223159,0,296453,0,0,380464,0,0,469350,0,0,557707,0,0,643909,0,713430,0,0,763361,0,0,788764,0,0,789386,0,0,761872,0,0,708070,0,638950,0,0,555898,0,0,466114,0,0,377242,0,0,293771,0,0,220407,0,159651,0,0,110026,0,0,73107,0,0,46238,0,0,27949,0,15901,0,0,8570,0,0,4222,0,0,1949,0,0,850,0,0,313,0,96,0,0,27,0,0,6,0,0,2,0,0,1,0,0
0,0,0,0,0,1,0,0,3,0,0,33,0,84,0,0,278,0,0,658,0,0,1583,0,3456,0,0,7116,0,0,13380,0,0,23540,0,0,39648,0,62855,0,0,96034,0,0,140029,0,0,195377,0,262461,0,0,340340,0,0,425672,0,0,513501,0,597914,0,0,675429,0,0,732832,0,0,769834,0,0,782851,0,768901,0,0,729622,0,0,669236,0,0,595205,0,510525,0,0,422377,0,0,337469,0,0,260203,0,192612,0,0,137894,0,0,94246,0,0,62220,0,0,38572,0,23403,0,0,13018,0,0,6985,0,0,3422,0,1575,0,0,672,0,0,235,0,0,77,0,21,0,0,6,0,0,3,0,0,0,0,0
0,0,0,0,0,1,0,0,2,0,23,0,0,75,0,0,211,0,0,543,0,1289,0,0,2820,0,0,5684,0,10962,0,0,19737,0,0,32986,0,0,53469,0,81863,0,0,120806,0,0,171324,0,231278,0,0,303470,0,0,384535,0,0,468829,0,554309,0,0,634738,0,0,698152,0,746447,0,0,770395,0,0,769143,0,0,744057,0,694880,0,0,628922,0,0,551572,0,466358,0,0,381461,0,0,301140,0,0,228708,0,167974,0,0,118970,0,0,80739,0,52480,0,0,32439,0,0,19317,0,0,10925,0,5513,0,0,2834,0,0,1213,0,545,0,0,187,0,0,61,0,0,15,0,4,0,0,3,0,0,0,0,0
0,0,0,0,0,1,0,0,1,0,16,0,0,58,0,0,181,0,423,0,0,1047,0,0,2286,0,4656,0,0,8921,0,0,16438,0,27582,0,0,45020,0,0,70212,0,104023,0,0,148889,0,0,203562,0,270877,0,0,344984,0,0,427958,0,510053,0,0,592587,0,0,662923,0,716940,0,0,752819,0,0,763107,0,750207,0,0,715634,0,0,657739,0,587014,0,0,508968,0,0,424364,0,342890,0,0,267680,0,0,200684,0,146423,0,0,102553,0,0,68828,0,44181,0,0,27194,0,0,16130,0,8932,0,0,4524,0,0,2274,0,997,0,0,407,0,0,157,0,47,0,0,12,0,0,3,0,2,0,0,0,0,0
0,0,0,0,0,1,0,1,0,0,12,0,0,50,0,142,0,0,344,0,828,0,0,1842,0,0,3824,0,7360,0,0,13503,0,0,23298,0,37930,0,0,59660,0,89532,0,0,129343,0,0,179098,0,239848,0,0,309289,0,388080,0,0,468732,0,0,549429,0,625283,0,0,685223,0,0,728542,0,753569,0,0,750283,0,727874,0,0,681383,0,0,620010,0,546789,0,0,465989,0,0,384620,0,307107,0,0,237093,0,175748,0,0,127192,0,0,88494,0,58630,0,0,37102,0,22767,0,0,13485,0,0,7203,0,3747,0,0,1800,0,0,823,0,326,0,0,128,0,37,0,0,11,0,0,2,0,2,0,0,0,0,0
0,0,0,0,0,1,0,1,0,0,9,0,36,0,0,103,0,0,294,0,663,0,0,1458,0,3098,0,0,6121,0,11112,0,0,19621,0,0,31967,0,50628,0,0,77004,0,112105,0,0,157163,0,211346,0,0,277316,0,0,350225,0,428458,0,0,508137,0,585413,0,0,651711,0,701757,0,0,735719,0,0,745608,0,733873,0,0,699266,0,646734,0,0,581944,0,505192,0,0,425874,0,0,346905,0,274797,0,0,209053,0,153688,0,0,110187,0,76055,0,0,49756,0,0,31270,0,19117,0,0,11049,0,5971,0,0,3086,0,1445,0,0,685,0,0,249,0,99,0,0,27,0,9,0,0,1,0,2,0,0,0,0,0
0,0,0,0,0,1,0,1,0,0,7,0,28,0,0,88,0,243,0,0,522,0,1205,0,0,2477,0,5072,0,0,9227,0,16240,0,0,27156,0,42952,0,0,65915,0,96912,0,0,137318,0,0,186506,0,246886,0,0,315520,0,390228,0,0,468511,0,544858,0,0,615543,0,672883,0,0,713114,0,734855,0,0,733377,0,712863,0,0,668598,0,610750,0,0,542647,0,464551,0,0,387758,0,312326,0,0,244171,0,0,183614,0,135072,0,0,95221,0,64945,0,0,42366,0,26309,0,0,16034,0,9099,0,0,4874,0,2531,0,0,1188,0,527,0,0,208,0,75,0,0,24,0,9,0,0,1,0,2,0,0,0,0,0
0,0,0,0,1,0,0,1,0,6,0,0,20,0,64,0,0,188,0,443,0,0,958,0,2019,0,0,4175,0,7647,0,0,13675,0,22647,0,0,36466,0,56584,0,0,83302,0,119858,0,0,164617,0,219307,0,0,282776,0,353787,0,0,430088,0,505833,0,0,577885,0,639914,0,0,688306,0,718799,0,0,729257,0,718633,0,684442,0,0,637210,0,573897,0,0,502328,0,426600,0,0,351377,0,279858,0,0,216341,0,161795,0,0,117775,0,82274,0,0,55490,0,35913,0,0,22371,0,13176,0,0,7549,0,4047,0,0,2074,0,958,0,0,421,0,163,0,0,64,0,20,0,0,6,0,1,0,0,2,0,0,0,0
0,0,0,0,1,0,0,1,0,3,0,0,19,0,45,0,0,155,0,341,0,786,0,0,1702,0,3385,0,0,6371,0,11395,0,0,19038,0,30947,0,0,48267,0,72154,0,103910,0,0,144766,0,194225,0,0,253260,0,319521,0,0,392620,0,468138,0,0,539724,0,606463,0,659402,0,0,699194,0,718646,0,0,718256,0,697762,0,0,656611,0,602085,0,536150,0,0,463900,0,389619,0,0,317415,0,250104,0,0,191487,0,142144,0,0,102283,0,70939,0,47300,0,0,30360,0,18858,0,0,11080,0,6259,0,0,3324,0,1668,0,0,773,0,335,0,148,0,0,45,0,17,0,0,4,0,3,0,0,0,0,0,0,0
0,0,0,0,0,0,0,1,0,4,0,0,13,0,35,0,117,0,0,296,0,621,0,0,1407,0,2800,0,5266,0,0,9304,0,16254,0,0,26065,0,41306,0,62031,0,0,90125,0,127182,0,0,172063,0,225649,0,287878,0,0,357529,0,430419,0,0,502540,0,570840,0,629923,0,0,674628,0,703723,0,0,713425,0,703063,0,672651,0,0,625932,0,567010,0,0,498321,0,427146,0,354304,0,0,285744,0,222658,0,0,169185,0,124712,0,88756,0,0,61137,0,40204,0,0,25740,0,15834,0,9289,0,0,5132,0,2722,0,0,1358,0,626,0,272,0,0,118,0,32,0,0,12,0,4,0,2,0,0,0,0,0,0,0
0,0,0,0,0,0,0,0,0,5,0,8,0,0,28,0,96,0,222,0,0,520,0,1129,0,2329,0,0,4341,0,7739,0,0,13620,0,22060,0,35068,0,0,53591,0,78159,0,110377,0,0,152517,0,201378,0,258458,0,0,324505,0,394542,0,0,465436,0,534387,0,597833,0,0,648496,0,684582,0,703859,0,0,703433,0,682281,0,646873,0,0,592818,0,530751,0,462144,0,0,391180,0,321483,0,0,255763,0,198022,0,149786,0,0,108677,0,76957,0,52225,0,0,34482,0,21734,0,13340,0,0,7699,0,4291,0,0,2211,0,1121,0,499,0,0,219,0,93,0,29,0,0,6,0,4,0,2,0,0,0,0,0,0,0
0,0,0,0,0,0,0,0,0,5,0,7,0,19,0,0,78,0,171,0,439,0,0,934,0,1926,0,3614,0,0,6377,0,11392,0,18861,0,0,29758,0,45849,0,67704,0,0,96266,0,134104,0,179124,0,0,232277,0,292963,0,360230,0,0,430158,0,497805,0,564262,0,0,619488,0,662818,0,689692,0,0,698136,0,688271,0,660293,0,616748,0,0,559484,0,494801,0,426881,0,0,357023,0,290524,0,228362,0,0,175991,0,132157,0,94652,0,0,66674,0,44855,0,29204,0,0,18447,0,11259,0,6359,0,0,3530,0,1854,0,890,0,0,413,0,173,0,73,0,0,21,0,7,0,4,0,0,1,0,0,0,0,0,0
0,0,0,0,0,0,0,0,0,5,0,5,0,15,0,0,61,0,144,0,340,0,788,0,0,1591,0,2985,0,5340,0,0,9516,0,15804,0,25512,0,39133,0,0,58593,0,83908,0,117613,0,0,158886,0,207927,0,263891,0,327958,0,0,395552,0,463663,0,528377,0,0,589134,0,637373,0,672768,0,688563,0,0,688858,0,669224,0,635118,0,0,585446,0,525471,0,459800,0,392759,0,0,324657,0,261339,0,203926,0,0,156319,0,115648,0,82788,0,57413,0,0,38256,0,24886,0,15590,0,0,9403,0,5324,0,2951,0,1473,0,0,753,0,341,0,132,0,0,60,0,18,0,6,0,3,0,0,1,0,0,0,0,0,0
0,0,0,0,0,0,0,0,0,2,0,6,0,10,0,47,0,0,114,0,284,0,637,0,1303,0,0,2510,0,4428,0,8028,0,13263,0,0,21601,0,33869,0,50137,0,73163,0,0,102829,0,140340,0,185790,0,237944,0,0,297398,0,362065,0,429519,0,495119,0,0,556191,0,609627,0,651663,0,676323,0,0,684214,0,673637,0,647739,0,607824,0,0,552756,0,491732,0,425925,0,359447,0,0,294551,0,234207,0,182179,0,138055,0,0,101270,0,72048,0,49450,0,32833,0,0,21175,0,13193,0,7878,0,4388,0,0,2414,0,1215,0,615,0,272,0,0,112,0,48,0,14,0,4,0,0,2,0,1,0,0,0,0,0,0
0,0,0,0,0,0,0,0,2,0,0,3,0,10,0,36,0,96,0,229,0,0,498,0,1095,0,2092,0,3720,0,0,6620,0,11250,0,18455,0,28800,0,43450,0,0,63345,0,90028,0,123932,0,164954,0,214062,0,0,268639,0,331008,0,395948,0,461281,0,0,524233,0,579648,0,628249,0,659134,0,675850,0,0,674085,0,656460,0,624194,0,577598,0,519853,0,0,458296,0,393082,0,327501,0,266478,0,0,210384,0,162126,0,121600,0,88649,0,62228,0,0,42894,0,28011,0,18040,0,11141,0,6570,0,0,3645,0,2042,0,1007,0,484,0,0,224,0,94,0,37,0,11,0,4,0,0,3,0,0,0,0,0,0,0,0
0,0,0,0,0,0,0,0,2,0,1,0,0,10,0,30,0,72,0,192,0,387,0,0,911,0,1765,0,3097,0,5515,0,9483,0,15808,0,0,24559,0,37404,0,54979,0,78621,0,108926,0,0,146687,0,191076,0,243683,0,301112,0,363678,0,428472,0,0,490956,0,550592,0,599726,0,640318,0,663333,0,0,670298,0,660224,0,636580,0,597517,0,547020,0,488381,0,0,425253,0,360608,0,298033,0,240101,0,188352,0,0,143848,0,107126,0,77272,0,54024,0,36858,0,23957,0,0,15400,0,9514,0,5413,0,3046,0,1666,0,0,833,0,391,0,185,0,65,0,33,0,9,0,0,4,0,2,0,0,0,0,0,0,0,0
0,0,0,0,0,0,0,0,1,0,2,0,6,0,0,29,0,55,0,156,0,328,0,727,0,1459,0,2587,0,0,4568,0,8049,0,13368,0,21049,0,32233,0,47546,0,68394,0,0,95454,0,130035,0,171361,0,218932,0,273783,0,333765,0,0,395619,0,459073,0,518117,0,573018,0,617159,0,647584,0,662219,0,0,660652,0,644812,0,613016,0,569267,0,516170,0,456759,0,392970,0,0,330173,0,270243,0,215839,0,168151,0,127408,0,94664,0,0,66837,0,46861,0,31643,0,20580,0,13033,0,7961,0,4459,0,0,2633,0,1358,0,680,0,316,0,146,0,60,0,32,0,0,6,0,2,0,1,0,0,0,0,0,0,0,0
0,0,0,0,0,0,0,0,0,0,3,0,3,0,23,0,47,0,0,127,0,266,0,592,0,1216,0,2153,0,3842,0,6731,0,11219,0,0,18074,0,27895,0,41030,0,59483,0,83881,0,114509,0,152740,0,197618,0,247017,0,0,305553,0,364453,0,427438,0,487580,0,542744,0,591886,0,628849,0,650829,0,0,656900,0,648108,0,625660,0,588432,0,540008,0,485777,0,424409,0,361971,0,301430,0,0,244324,0,194008,0,149646,0,112696,0,83033,0,58106,0,40678,0,27153,0,0,17507,0,10984,0,6657,0,3778,0,2214,0,1140,0,529,0,258,0,123,0,0,50,0,19,0,7,0,1,0,1,0,0,0,0,0,0,0,0
0,0,0,0,0,0,0,0,0,0,3,0,2,0,16,0,38,0,114,0,208,0,488,0,0,1003,0,1808,0,3244,0,5627,0,9506,0,15390,0,23880,0,35535,0,51877,0,73354,0,101437,0,0,135234,0,177010,0,224116,0,278002,0,334882,0,395889,0,457243,0,513239,0,564767,0,607089,0,635761,0,649668,0,0,647845,0,633028,0,603941,0,562166,0,510933,0,453805,0,393664,0,332399,0,273611,0,220891,0,173913,0,0,133037,0,99595,0,72331,0,50899,0,35000,0,23449,0,14892,0,9162,0,5658,0,3224,0,1809,0,895,0,0,455,0,213,0,100,0,42,0,14,0,6,0,1,0,0,0,0,0,0,0,0,0,0
0,0,0,0,0,0,0,0,0,0,1,0,2,0,11,0,34,0,91,0,171,0,413,0,835,0,1539,0,2672,0,4757,0,8011,0,13055,0,0,20585,0,30602,0,45142,0,64189,0,89361,0,119967,0,158117,0,202542,0,252167,0,307294,0,365610,0,426041,0,483781,0,537239,0,583500,0,616903,0,639219,0,0,645359,0,634977,0,615810,0,580133,0,534514,0,480496,0,423298,0,363911,0,303732,0,248320,0,199101,0,155781,0,117850,0,87703,0,63040,0,44341,0,30383,0,20016,0,0,12609,0,7782,0,4778,0,2737,0,1440,0,785,0,343,0,182,0,90,0,28,0,12,0,6,0,0,0,0,0,0,0,0,0,0,0,0
0,0,0,0,0,0,0,0,0,0,1,0,1,0,9,0,30,0,67,0,158,0,313,0,695,0,1287,0,2245,0,4049,0,6690,0,11143,0,17588,0,26565,0,39110,0,55921,0,78483,0,106441,0,141317,0,181649,0,229516,0,280137,0,337533,0,395594,0,454251,0,509174,0,557729,0,595852,0,626191,0,636718,0,0,636461,0,621563,0,594908,0,554658,0,505903,0,451117,0,393449,0,333783,0,277877,0,224787,0,179079,0,139046,0,104224,0,77374,0,54702,0,38645,0,26329,0,16910,0,10866,0,6586,0,4102,0,2180,0,1201,0,656,0,284,0,149,0,76,0,19,0,12,0,5,0,0,0,0,0,0,0,0,0,0,0,0
0,0,0,0,0,0,0,0,0,0,0,0,2,0,6,0,23,0,46,0,146,0,252,0,594,0,1076,0,1863,0,3401,0,5655,0,9517,0,14963,0,23022,0,34043,0,48795,0,68881,0,94037,0,125254,0,163861,0,207084,0,256053,0,309500,0,367080,0,424493,0,480313,0,531964,0,573362,0,607130,0,627806,0,632737,0,624922,0,604450,0,573219,0,526981,0,477539,0,422101,0,363757,0,306211,0,252761,0,203474,0,160831,0,123286,0,92754,0,67220,0,48290,0,33574,0,22549,0,14487,0,9200,0,5639,0,3389,0,1819,0,1012,0,529,0,240,0,119,0,65,0,16,0,13,0,2,0,0,0,0,0,0,0,0,0,0,0
0,0,0,0,0,0,0,0,0,0,0,1,0,6,0,18,0,38,0,114,0,227,0,464,0,911,0,1601,0,2798,0,4784,0,8109,0,12784,0,19849,0,29545,0,42497,0,60446,0,83245,0,111349,0,146669,0,186407,0,233173,0,283900,0,338970,0,394788,0,452023,0,504498,0,550476,0,586887,0,614041,0,626370,625301,0,610196,0,585858,0,548629,0,499961,0,448540,0,392887,0,335244,0,280674,0,229727,0,183590,0,143660,0,110129,0,81269,0,59200,0,42103,0,29088,0,19352,0,12363,0,7786,0,4892,0,2803,0,1511,0,849,0,440,0,192,0,105,0,42,0,19,0,9,0,1,0,0,0,0,0,0,0,0,0,0,0
0,0,0,0,0,0,0,0,0,0,0,1,0,4,0,13,0,33,0,85,0,197,0,368,0,764,0,1358,0,2355,0,4053,0,6879,0,10893,17059,0,25679,0,36995,0,52958,0,73132,0,99141,0,130797,0,168188,0,211255,0,259691,0,312560,0,366426,0,422756,0,477133,0,525285,0,566053,0,597434,0,616299,0,622291,613826,0,594540,0,564958,0,521672,0,473325,0,420254,0,363752,0,308736,0,256467,0,207953,0,165559,0,128480,0,97488,0,71433,0,51968,0,36853,0,25118,0,16534,10546,0,6730,0,4152,0,2321,0,1249,0,689,0,363,0,154,0,95,0,37,0,15,0,5,0,1,0,0,0,0,0,0,0,0,0,0,0
0,0,0,0,0,0,0,0,0,0,0,1,0,4,0,12,0,32,0,75,0,196,0,339,0,705,0,1319,0,2306,0,3871,0,6581,0,10542,16653,0,24709,0,36326,0,51922,0,71607,0,97689,0,129125,0,166186,0,210108,0,258090,0,311498,0,367235,0,423094,0,477854,0,527193,0,569220,0,600475,0,619318,0,625646,618259,0,597778,0,565675,0,524593,0,473991,0,421304,0,362648,0,308002,0,255392,0,206213,0,163754,0,126796,0,95976,0,70470,0,50844,0,35868,0,24579,0,16021,10247,0,6462,0,3922,0,2183,0,1212,0,657,0,339,0,159,0,79,0,34,0,12,0,7,0,1,0,0,0,0,0,0,0,0,0,0,0
0,0,0,0,0,0,0,0,0,0,0,1,0,3,0,10,0,30,0,64,0,174,0,345,0,627,0,1273,0,2165,0,3632,0,6329,0,10081,16053,0,24072,0,35168,0,50712,0,70221,0,96244,0,127070,0,164230,0,208303,0,257328,0,310288,0,367271,0,423082,0,479285,0,529055,0,571350,0,604215,0,623949,0,629301,622807,0,601416,0,568758,0,526155,0,475581,0,420681,0,362743,0,307240,0,253413,0,204157,0,162385,0,125082,0,94543,0,68666,0,49674,0,34871,0,23670,0,15566,9804,0,6170,0,3654,0,2109,0,1155,0,588,0,316,0,159,0,62,0,32,0,15,0,4,0,1,0,0,0,0,0,0,0,0,0,0,0
0,0,0,0,0,0,0,0,0,0,0,1,0,2,0,7,0,33,0,62,0,149,0,304,0,605,0,1173,0,2050,0,3487,0,5967,0,9651,15504,0,23189,0,34281,0,49705,0,68559,0,94211,0,125217,0,162989,0,206277,0,255757,0,309280,0,366506,0,425020,0,480125,0,530546,0,574542,0,607302,0,626932,0,634545,626382,0,605283,0,571837,0,529221,0,475757,0,420174,0,363370,0,306401,0,251457,0,203432,0,159848,0,123242,0,92366,0,67683,0,48358,0,33853,0,22944,0,14861,9467,0,5867,0,3444,0,2003,0,1089,0,546,0,296,0,145,0,58,0,31,0,11,0,3,0,1,0,0,0,0,0,0,0,0,0,0,0
0,0,0,0,0,0,0,0,0,0,0,1,0,2,0,7,0,30,0,54,0,132,0,291,0,551,0,1094,0,1927,0,3397,0,5578,0,9340,14837,0,22568,0,33250,0,48306,0,67334,0,92260,0,123851,0,160882,0,204660,0,254419,0,308515,0,366206,0,424787,0,482427,0,532239,0,576450,0,611332,0,630345,0,638119,631743,0,609001,0,573905,0,530664,0,478142,0,420813,0,362542,0,304604,0,250989,0,200615,0,158523,0,121162,0,90751,0,66472,0,47103,0,32966,0,22017,0,14367,9051,0,5619,0,3242,0,1889,0,1032,0,503,0,276,0,125,0,62,0,26,0,10,0,2,0,1,0,0,0,0,0,0,0,0,0,0,0
0,0,0,0,0,0,0,0,0,0,0,1,0,1,0,8,0,22,0,56,0,126,0,263,0,502,0,1028,0,1841,0,3186,0,5372,0,8947,14340,0,21693,0,32369,0,47164,0,66056,0,90714,0,121494,0,159441,0,203250,0,252819,0,308326,0,364961,0,425303,0,483298,0,534972,0,578883,0,613573,0,635421,0,642800,634778,0,612447,0,576473,0,532064,0,479969,0,421636,0,361522,0,303833,0,249192,0,199263,0,156583,0,119157,0,89180,0,65132,0,46200,0,31748,0,21408,0,13749,8781,0,5304,0,3119,0,1769,0,942,0,475,0,250,0,112,0,58,0,23,0,8,0,3,0,0,0,0,0,0,0,0,0,0,0,0,0
0,0,0,0,0,0,0,0,0,0,0,1,0,1,0,7,0,21,0,49,0,119,0,234,0,474,0,971,0,1679,0,3125,0,5135,0,8556,13762,0,21082,0,31553,0,45678,0,64953,0,88739,0,120193,0,158044,0,201907,0,250904,0,306670,0,364914,0,426346,0,484704,0,535984,0,581759,0,618156,0,637778,0,645996,639258,0,615162,0,580030,0,533302,0,480666,0,422117,0,361283,0,303049,0,247378,0,198370,0,154635,0,117851,0,87396,0,63502,0,45228,0,30945,0,20564,0,13309,8467,0,5020,0,2948,0,1680,0,857,0,469,0,237,0,110,0,49,0,25,0,5,0,2,0,0,0,0,0,0,0,0,0,0,0,0,0
0,0,0,0,0,0,0,0,0,0,0,0,0,1,0,6,0,17,0,49,0,110,0,225,0,442,0,900,0,1591,0,2958,0,4909,0,8228,13339,0,20375,0,30428,0,44691,0,63532,0,88003,0,118424,0,156212,0,200423,0,249537,0,305750,0,364452,0,426157,0,485319,0,538577,0,584820,0,620407,0,642160,0,650011,642041,0,617971,0,583246,0,535771,0,480741,0,422257,0,361763,0,301458,0,246297,0,196188,0,153576,0,116114,0,86109,0,62115,0,43858,0,30124,0,19848,0,12932,8118,0,4780,0,2812,0,1546,0,861,0,437,0,217,0,111,0,37,0,21,0,5,0,1,0,0,0,0,0,0,0,0,0,0,0,0,0
0,0,0,0,0,0,0,0,0,0,0,0,0,1,0,5,0,22,0,43,0,109,0,192,0,439,0,809,0,1498,0,2811,0,4767,0,7807,12912,0,19733,0,29666,0,43445,0,62343,0,86469,0,117590,0,154352,0,198791,0,248504,0,304156,0,365743,0,424728,0,486711,0,540782,0,586548,0,623338,0,645870,0,653220,645058,0,621618,0,585755,0,538123,0,481365,0,422989,0,360216,0,301115,0,244931,0,195153,0,151574,0,114688,0,84617,0,60857,0,42799,0,29394,0,19214,0,12554,7740,0,4527,0,2673,0,1484,0,792,0,398,0,223,0,86,0,43,0,12,0,5,0,1,0,0,0,0,0,0,0,0,0,0,0,0,0
0,0,0,0,0,0,0,0,0,0,0,0,0,1,0,2,0,20,0,46,0,94,0,200,0,381,0,800,0,1441,0,2617,0,4535,0,7580,12295,0,19205,0,29099,0,42447,0,61112,0,85512,0,115107,0,153310,0,197432,0,246605,0,303944,0,364669,0,426479,0,486722,0,542428,0,588622,0,626684,0,648958,0,657024,648525,0,624374,0,587613,0,540460,0,482510,0,421814,0,360763,0,300195,0,243541,0,193783,0,149586,0,113579,0,83202,0,59860,0,41871,0,28164,0,18864,0,12211,7302,0,4353,0,2573,0,1434,0,745,0,379,0,200,0,83,0,39,0,9,0,3,0,2,0,0,0,0,0,0,0,0,0,0,0,0,0
0,0,0,0,0,0,0,0,0,0,0,0,0,1,0,1,0,17,0,46,0,86,0,180,0,370,0,735,0,1406,0,2511,0,4254,0,7382,11864,0,18731,0,28292,0,41543,0,59927,0,83759,0,113726,0,152223,0,195190,0,246087,0,302720,0,364361,0,427017,0,487499,0,544198,0,591070,0,629474,0,652035,0,660072,651176,0,628719,0,589273,0,541150,0,484574,0,422285,0,360010,0,299316,0,242254,0,191927,0,148631,0,111801,0,82136,0,58593,0,40834,0,27611,0,18320,0,11586,7047,0,4149,0,2561,0,1321,0,683,0,360,0,190,0,80,0,31,0,7,0,6,0,0,0,0,0,0,0,0,0,0,0,0,0,0,0
0,0,0,0,0,0,0,0,0,0,0,0,0,0,0,3,0,14,0,36,0,79,0,179,0,347,0,683,0,1389,0,2296,0,4256,0,7020,11510,0,18035,0,27667,0,40841,0,58650,0,82687,0,112334,0,150206,0,193712,0,245103,0,301983,0,363974,0,426994,0,488978,0,545686,0,593614,0,632036,0,654571,0,663418,654809,0,630948,0,592097,0,542508,0,484939,0,422246,0,359164,0,298754,0,242021,0,190199,0,147169,0,110093,0,81178,0,57485,0,39826,0,27002,0,17779,0,11136,6824,0,3965,0,2416,0,1276,0,643,0,338,0,174,0,82,0,22,0,11,0,3,0,0,0,0,0,0,0,0,0,0,0,0,0,0,0
0,0,0,0,0,0,0,0,0,0,0,0,0,0,0,3,0,11,0,34,0,85,0,163,0,320,0,685,0,1253,0,2240,0,4008,0,6898,11033,0,17628,0,26749,0,40047,0,57720,0,81159,0,111078,0,148703,0,193178,0,244043,0,300544,0,363184,0,427763,0,489724,0,547140,0,595475,0,633660,0,659090,0,665586,658335,0,633560,0,594308,0,544184,0,485603,0,423585,0,357811,0,297918,0,240445,0,189672,0,144813,0,109424,0,79313,0,57037,0,38820,0,26299,0,17254,0,10738,6504,0,3898,0,2303,0,1191,0,613,0,320,0,157,0,69,0,14,0,11,0,5,0,0,0,0,0,0,0,0,0,0,0,0,0,0,0
0,0,0,0,0,0,0,0,0,0,0,0,0,0,0,3,0,10,0,26,0,88,0,148,0,317,0,616,0,1197,0,2150,0,3826,0,6588,10676,0,17217,0,26199,0,39057,0,56728,0,79845,0,109747,0,147675,0,192053,0,243043,0,299554,0,363229,0,427078,0,490307,0,548186,0,598570,0,636232,0,661333,0,670041,660508,0,636839,0,595067,0,545413,0,487033,0,421981,0,359398,0,297036,0,239508,0,187589,0,143931,0,107700,0,78232,0,55952,0,38219,0,25731,0,16670,0,10391,6298,0,3753,0,2122,0,1171,0,597,0,292,0,142,0,63,0,17,0,11,0,5,0,0,0,0,0,0,0,0,0,0,0,0,0,0,0
0,0,0,0,0,0,0,0,0,0,0,0,0,0,0,3,0,7,0,27,0,77,0,140,0,309,0,613,0,1095,0,2045,0,3755,0,6341,10393,0,16601,0,25625,0,38283,0,55684,0,78468,0,108945,0,145826,0,190550,0,242498,0,299874,0,361139,0,428613,0,490160,0,550044,0,599769,0,639265,0,665011,0,671587,663833,0,639026,0,597317,0,547896,0,487751,0,421839,0,358206,0,296337,0,238162,0,185951,0,142829,0,106695,0,77502,0,54576,0,37508,0,25117,0,16168,0,10081,6008,0,3609,0,2050,0,1129,0,582,0,269,0,125,0,66,0,16,0,9,0,4,0,0,0,0,0,0,0,0,0,0,0,0,0,0,0
0,0,0,0,0,0,0,0,0,0,0,0,0,0,0,2,0,7,0,28,0,63,0,143,0,291,0,545,0,1094,0,1895,0,3634,0,6131,10052,0,16214,0,25000,0,37497,0,54523,0,78080,0,107240,0,144686,0,189096,0,240947,0,299232,0,361333,0,428456,0,491508,0,550213,0,602507,0,642161,0,666653,0,675578,665242,0,641694,0,600961,0,547366,0,488600,0,423114,0,357931,0,294394,0,236816,0,185371,0,141062,0,105860,0,76268,0,53899,0,36722,0,24410,0,15765,0,9729,5871,0,3513,0,1923,0,1046,0,566,0,259,0,135,0,56,0,16,0,5,0,5,0,0,0,0,0,0,0,0,0,0,0,0,0,0,0
0,0,0,0,0,0,0,0,0,0,0,0,0,0,0,2,0,4,0,33,0,58,0,130,0,268,0,553,0,966,0,1918,0,3420,0,5984,9783,0,15642,0,24466,0,36778,0,53930,0,76407,0,106287,0,143640,0,187990,0,239382,0,298063,0,362555,0,426891,0,492529,0,552758,0,603734,0,643744,0,670796,0,677250,669529,0,643026,0,602183,0,550040,0,488562,0,423650,0,356676,0,293628,0,236118,0,184078,0,139978,0,104096,0,75575,0,52847,0,36142,0,23643,0,15367,0,9473,5653,0,3324,0,1884,0,984,0,519,0,267,0,132,0,49,0,14,0,6,0,4,0,0,0,0,0,0,0,0,0,0,0,0,0,0,0
0,0,0,0,0,0,0,0,0,0,0,0,0,0,0,2,0,6,0,28,0,53,0,113,0,256,0,521,0,946,0,1816,0,3326,0,5595,9602,0,15340,0,23780,0,36110,0,53205,0,75475,0,105103,0,141938,0,187482,0,238127,0,296778,0,362591,0,427125,0,492860,0,554370,0,605834,0,646161,0,673068,0,680492,670793,0,646277,0,603800,0,550757,0,489655,0,423096,0,357581,0,292235,0,234314,0,182928,0,139110,0,103400,0,74056,0,52295,0,35299,0,23338,0,14855,0,9206,5449,0,3172,0,1820,0,928,0,512,0,240,0,124,0,42,0,16,0,6,0,0,0,1,0,0,0,0,0,0,0,0,0,0,0,0,0
0,0,0,0,0,0,0,0,0,0,0,0,0,1,0,2,0,4,0,22,0,56,0,105,0,270,0,453,0,928,0,1773,0,3137,0,5478,9362,0,14988,0,23251,0,35131,0,52442,0,74820,0,103957,0,140932,0,185262,0,237830,0,295942,0,361583,0,428282,0,493505,0,554545,0,609376,0,647680,0,674914,0,683818,673009,0,648745,0,605805,0,552077,0,489560,0,422810,0,356851,0,292314,0,233036,0,181495,0,138505,0,102119,0,73309,0,51260,0,34625,0,22694,0,14591,0,8909,5209,0,3106,0,1726,0,899,0,500,0,243,0,101,0,40,0,16,0,4,0,1,0,0,0,0,0,0,0,0,0,0,0,0,0,0,0
0,0,0,0,0,0,0,0,0,0,0,0,0,0,0,1,0,8,0,15,0,53,0,97,0,239,0,445,0,882,0,1709,0,3018,0,5335,9075,0,14658,0,22658,0,34604,0,51791,0,73759,0,102381,0,140099,0,184716,0,235729,0,295437,0,361655,0,428112,0,493627,0,556650,0,609500,0,652045,0,677926,0,685319,675833,0,649485,0,607914,0,553232,0,490336,0,423214,0,356026,0,291520,0,232179,0,180812,0,137305,0,100814,0,72338,0,50211,0,34088,0,22259,0,14213,0,8704,5084,0,2920,0,1636,0,918,0,431,0,233,0,103,0,37,0,16,0,3,0,1,0,0,0,0,0,0,0,0,0,0,0,0,0,0,0
0,0,0,0,0,0,0,0,0,0,0,0,0,0,0,1,0,3,0,16,0,52,0,99,0,217,0,438,0,846,0,1624,0,2918,0,5125,8791,0,14278,0,22346,0,33985,0,50770,0,72975,0,101370,0,138716,0,183237,0,235571,0,294678,0,361432,0,428216,0,494572,0,556792,0,610967,0,654131,0,681846,0,686415,678594,0,651676,0,609650,0,553801,0,492043,0,422920,0,355410,0,290709,0,231598,0,179689,0,135711,0,100036,0,71086,0,49556,0,33365,0,21927,0,13700,0,8561,4893,0,2862,0,1559,0,852,0,420,0,214,0,92,0,39,0,15,0,2,0,1,0,0,0,0,0,0,0,0,0,0,0,0,0,0,0
0,0,0,0,0,0,0,0,0,0,0,0,0,0,0,0,0,4,0,11,0,52,0,89,0,217,0,422,0,826,0,1591,0,2829,0,4919,8521,0,13833,0,21990,0,33435,0,49729,0,72117,0,100849,0,136875,0,182561,0,234318,0,295127,0,360386,0,427259,0,495000,0,559035,0,612874,0,656230,0,683075,0,689591,681224,0,653400,0,611122,0,555989,0,492117,0,421766,0,355394,0,289854,0,230908,0,178446,0,135127,0,98812,0,70229,0,48620,0,32996,0,21299,0,13455,0,8280,4849,0,2678,0,1533,0,794,0,411,0,204,0,82,0,37,0,12,0,5,0,0,0,0,0,0,0,0,0,0,0,0,0,0,0,0,0
0,0,0,0,0,0,0,0,0,0,0,0,0,0,0,0,0,5,0,8,0,40,0,91,0,205,0,387,0,815,0,1546,0,2716,0,4843,8344,0,13419,0,21377,0,33061,0,48956,0,71316,0,99595,0,136585,0,180814,0,233571,0,294081,0,359683,0,427130,0,496237,0,559569,0,615883,0,657231,0,686006,0,691645,683052,0,655595,0,612857,0,557221,0,491990,0,422405,0,353844,0,290704,0,229232,0,177968,0,133526,0,98025,0,69044,0,48097,0,32296,0,20854,0,13239,0,8053,4689,0,2572,0,1507,0,781,0,377,0,186,0,77,0,41,0,12,0,4,0,1,0,0,0,0,0,0,0,0,0,0,0,0,0,0,0
0,0,0,0,0,0,0,0,0,0,0,0,0,0,0,0,0,4,0,10,0,33,0,87,0,178,0,395,0,801,0,1426,0,2685,0,4686,8150,0,13164,0,20992,0,32439,0,48069,0,70278,0,99213,0,135045,0,180032,0,233095,0,292476,0,359236,0,426610,0,497422,0,561245,0,617075,0,660088,0,686621,0,695064,685223,0,656505,0,614703,0,558272,0,492519,0,423118,0,354075,0,288635,0,228644,0,177199,0,132722,0,96645,0,68423,0,47252,0,31741,0,20371,0,12927,0,7939,4520,0,2533,0,1404,0,752,0,373,0,166,0,76,0,33,0,15,0,2,0,2,0,0,0,0,0,0,0,0,0,0,0,0,0,0,0
0,0,0,0,0,0,0,0,0,0,0,0,0,0,0,0,0,4,0,12,0,35,0,72,0,170,0,383,0,736,0,1382,0,2616,0,4551,7919,0,12931,0,20661,0,31776,0,47283,0,69601,0,98006,0,133938,0,179444,0,231260,0,293084,0,358064,0,427073,0,498145,0,562017,0,618693,0,662293,0,688426,0,697486,687284,0,659432,0,614930,0,558992,0,493305,0,423028,0,354399,0,287531,0,228129,0,175633,0,131490,0,95972,0,67566,0,46658,0,31034,0,19976,0,12734,0,7635,4483,0,2465,0,1321,0,699,0,362,0,169,0,74,0,27,0,15,0,3,0,1,0,0,0,0,0,0,0,0,0,0,0,0,0,0,0
0,0,0,0,0,0,0,0,0,0,0,0,0,0,0,0,0,1,0,15,0,35,0,68,0,173,0,349,0,705,0,1325,0,2561,0,4476,7616,0,12665,0,20181,0,31405,0,46915,0,68234,0,96937,0,133289,0,177824,0,231280,0,291581,0,357494,0,428018,0,497856,0,563154,0,620306,0,663771,0,691816,0,699750,688743,0,660611,0,617515,0,559209,0,493351,0,423910,0,353524,0,287573,0,226747,0,174688,0,130223,0,95220,0,67389,0,45924,0,30299,0,19596,0,12325,0,7429,4371,0,2387,0,1278,0,695,0,332,0,158,0,72,0,22,0,14,0,1,0,2,0,0,0,0,0,0,0,0,0,0,0,0,0,0,0
0,0,0,0,0,0,0,0,0,0,0,0,0,0,0,0,0,2,0,11,0,33,0,73,0,150,0,354,0,647,0,1276,0,2500,0,4357,7452,0,12350,0,19944,0,30939,0,46056,0,67470,0,95999,0,132190,0,176323,0,230848,0,291119,0,357738,0,427671,0,498948,0,563393,0,621620,0,665315,0,694000,0,702083,690980,0,662733,0,618864,0,559354,0,494266,0,424259,0,352759,0,286410,0,226418,0,173533,0,129346,0,94431,0,66500,0,45395,0,29750,0,19322,0,12051,0,7076,4255,0,2358,0,1256,0,667,0,308,0,148,0,69,0,24,0,9,0,4,0,2,0,0,0,0,0,0,0,0,0,0,0,0,0,0,0
0,0,0,0,0,0,0,0,0,0,0,0,0,0,0,0,0,2,0,13,0,23,0,71,0,144,0,334,0,627,0,1302,0,2327,0,4234,7272,0,12163,0,19562,0,30202,0,45425,0,67108,0,95012,0,131281,0,175771,0,228930,0,290756,0,356877,0,428115,0,498918,0,565438,0,622119,0,668461,0,695431,0,703107,693432,0,664705,0,620910,0,560360,0,495318,0,423316,0,352469,0,285882,0,224989,0,172781,0,128673,0,93060,0,66085,0,44517,0,29542,0,18840,0,11578,0,7087,4224,0,2236,0,1215,0,608,0,313,0,145,0,59,0,24,0,8,0,6,0,1,0,0,0,0,0,0,0,0,0,0,0,0,0,0,0
0,0,0,0,0,0,0,0,0,0,0,0,0,0,0,0,0,2,0,9,0,29,0,64,0,148,0,322,0,612,0,1243,0,2239,0,4090,7116,0,11906,0,19094,0,29817,0,45214,0,66084,0,94278,0,129897,0,175006,0,228505,0,289264,0,357267,0,427065,0,500395,0,566198,0,623695,0,669781,0,696921,0,705885,695710,0,666980,0,620977,0,562556,0,494499,0,424281,0,351510,0,285192,0,224226,0,171756,0,127638,0,92246,0,65403,0,43766,0,29151,0,18591,0,11297,0,6903,4064,0,2227,0,1178,0,581,0,298,0,134,0,55,0,26,0,12,0,3,0,2,0,0,0,0,0,0,0,0,0,0,0,0,0,0,0
0,0,0,0,0,0,0,0,0,0,0,0,0,0,0,0,0,2,0,10,0,24,0,66,0,139,0,296,0,600,0,1216,0,2201,0,3934,7012,0,11711,0,18557,0,29531,0,44118,0,65633,0,93299,0,129517,0,174077,0,227094,0,288669,0,356464,0,428439,0,499633,0,567180,0,626055,0,670201,0,700139,0,707600,697050,0,668509,0,622502,0,563088,0,496181,0,422962,0,352030,0,284374,0,223594,0,170736,0,126825,0,91687,0,63911,0,43528,0,28671,0,18145,0,11198,0,6669,3957,0,2172,0,1140,0,577,0,264,0,134,0,51,0,17,0,12,0,6,0,1,0,0,0,0,0,0,0,0,0,0,0,0,0,0,0
0,0,0,0,0,0,0,0,0,0,0,0,0,0,0,1,0,0,0,10,0,19,0,75,0,128,0,298,0,572,0,1153,0,2163,0,3809,6908,0,11289,0,18486,0,29042,0,43912,0,64525,0,92405,0,128282,0,173781,0,226075,0,287745,0,356159,0,427966,0,500775,0,567340,0,628028,0,671913,0,701431,0,709901,698964,0,669901,0,624479,0,564748,0,495050,0,423048,0,352177,0,283340,0,222828,0,170034,0,125909,0,90939,0,63131,0,43137,0,28149,0,17808,0,11003,0,6500,3786,0,2160,0,1091,0,550,0,273,0,124,0,55,0,19,0,9,0,4,0,1,0,0,0,0,0,0,0,0,0,0,0,0,0,0,0
0,0,0,0,0,0,0,0,0,0,0,0,0,0,0,0,0,1,0,10,0,18,0,60,0,140,0,273,0,564,0,1108,0,2068,0,3763,6649,0,11184,0,18191,0,28329,0,43481,0,64102,0,91582,0,127722,0,172024,0,225869,0,286733,0,355765,0,427928,0,500796,0,569000,0,628892,0,674869,0,701341,0,713190,701830,0,672050,0,624866,0,564086,0,495601,0,423165,0,351541,0,283090,0,221980,0,168795,0,125191,0,90139,0,62733,0,42427,0,27786,0,17557,0,10771,0,6336,3653,0,2091,0,1079,0,519,0,271,0,114,0,49,0,23,0,9,0,3,0,1,0,0,0,0,0,0,0,0,0,0,0,0,0,0,0
0,0,0,0,0,0,0,0,0,0,0,0,0,0,0,1,0,0,0,8,0,17,0,54,0,142,0,249,0,528,0,1118,0,2018,0,3689,6453,0,10970,0,17675,0,28003,0,43000,0,63448,0,90978,0,126933,0,171521,0,224163,0,286615,0,355357,0,427500,0,501545,0,569852,0,630281,0,675735,0,704430,0,714876,703370,0,673793,0,624654,0,565759,0,496615,0,423282,0,350831,0,282609,0,220791,0,168028,0,124266,0,89288,0,62127,0,41872,0,27419,0,17184,0,10613,0,6171,3611,0,1957,0,1057,0,528,0,223,0,120,0,47,0,22,0,8,0,3,0,1,0,0,0,0,0,0,0,0,0,0,0,0,0,0,0
0,0,0,0,0,0,0,0,0,0,0,0,0,0,0,1,0,0,0,8,0,15,0,48,0,126,0,247,0,519,0,1055,0,1962,0,3650,6292,0,10658,0,17503,0,27457,0,42443,0,62958,0,90160,0,126188,0,170444,0,223577,0,286084,0,355033,0,427779,0,501090,0,570430,0,631414,0,677534,0,707302,0,716367,704626,0,675858,0,626381,0,566043,0,496088,0,423341,0,350342,0,282177,0,220471,0,166984,0,123395,0,88735,0,61542,0,41410,0,26846,0,17104,0,10295,0,6076,3482,0,1911,0,1047,0,489,0,232,0,109,0,50,0,20,0,6,0,3,0,1,0,0,0,0,0,0,0,0,0,0,0,0,0,0,0
0,0,0,0,0,0,0,0,0,0,0,0,0,0,0,0,0,1,0,9,0,13,0,41,0,116,0,251,0,499,0,998,0,1955,0,3527,6295,0,10409,0,17030,0,27179,0,42073,0,62123,0,89485,0,125062,0,170138,0,222411,0,285364,0,355130,0,427027,0,503014,0,570371,0,632077,0,679647,0,708674,0,719278,705702,0,676965,0,628547,0,565903,0,496962,0,422771,0,349862,0,281855,0,219652,0,166247,0,122701,0,87721,0,60701,0,41107,0,26461,0,16794,0,10168,0,5955,3408,0,1848,0,993,0,480,0,224,0,101,0,55,0,17,0,6,0,4,0,1,0,0,0,0,0,0,0,0,0,0,0,0,0,0,0
0,0,0,0,0,0,0,0,0,0,0,0,0,0,0,0,0,0,0,7,0,13,0,34,0,113,0,242,0,473,0,1016,0,1850,0,3481,6133,0,10388,0,16736,0,26683,0,41426,0,61868,0,88467,0,124258,0,169201,0,221783,0,284818,0,354500,0,427257,0,503178,0,572693,0,632000,0,681397,0,709775,0,721273,708822,0,677137,0,628439,0,567227,0,497929,0,423239,0,349404,0,280934,0,218898,0,165710,0,121408,0,87006,0,60389,0,40470,0,26039,0,16545,0,10016,0,5783,3344,0,1820,0,946,0,441,0,226,0,90,0,58,0,17,0,3,0,4,0,1,0,0,0,0,0,0,0,0,0,0,0,0,0,0,0
0,0,0,0,0,0,0,0,0,0,0,0,0,0,0,0,0,0,0,8,0,13,0,36,0,97,0,238,0,468,0,998,0,1810,0,3400,5995,0,10195,0,16490,0,26409,0,40789,0,61029,0,88164,0,123322,0,167847,0,221334,0,284286,0,354614,0,427331,0,501941,0,574312,0,634146,0,681406,0,712582,0,722442,710656,0,678338,0,629615,0,568379,0,497708,0,423325,0,349562,0,279783,0,218412,0,164571,0,121236,0,86491,0,59376,0,39862,0,25935,0,16233,0,9790,0,5702,3221,0,1784,0,901,0,465,0,192,0,90,0,55,0,16,0,3,0,4,0,1,0,0,0,0,0,0,0,0,0,0,0,0,0,0,0
0,0,0,0,0,0,0,0,0,0,0,0,0,0,0,0,0,1,0,5,0,18,0,27,0,102,0,208,0,458,0,947,0,1860,0,3191,5976,0,9889,0,16350,0,25878,0,40356,0,60257,0,87454,0,122939,0,167192,0,219730,0,284227,0,353831,0,427818,0,503073,0,573808,0,635155,0,683721,0,712882,0,725251,711928,0,680443,0,630047,0,568805,0,499030,0,423151,0,348853,0,279433,0,217240,0,164289,0,120196,0,85867,0,58683,0,39593,0,25557,0,15952,0,9624,0,5552,3175,0,1702,0,885,0,444,0,190,0,94,0,41,0,20,0,5,0,3,0,2,0,0,0,0,0,0,0,0,0,0,0,0,0,0,0
0,0,0,0,0,0,0,0,0,0,0,0,0,0,0,0,0,0,0,5,0,18,0,29,0,96,0,198,0,446,0,901,0,1797,0,3243,5739,0,9777,0,16046,0,25814,0,39558,0,59611,0,86756,0,122350,0,166247,0,219505,0,282919,0,353502,0,427962,0,504198,0,573102,0,637664,0,684796,0,715272,0,725617,714175,0,682022,0,630555,0,570367,0,498312,0,423323,0,348630,0,278282,0,217101,0,163267,0,119774,0,84688,0,58321,0,39327,0,25033,0,15776,0,9471,0,5481,3091,0,1591,0,887,0,422,0,179,0,93,0,47,0,15,0,7,0,1,0,1,0,1,0,0,0,0,0,0,0,0,0,0,0,0,0
0,0,0,0,0,0,0,0,0,0,0,0,0,0,0,0,0,0,0,4,0,14,0,38,0,90,0,181,0,432,0,854,0,1709,0,3239,5615,0,9628,0,15859,0,25305,0,39144,0,59239,0,86066,0,121137,0,165771,0,219191,0,282254,0,353198,0,429058,0,503351,0,574106,0,637557,0,686585,0,717586,0,727327,715079,0,683011,0,632897,0,570146,0,499103,0,422687,0,348633,0,278261,0,215673,0,162560,0,119159,0,84017,0,57953,0,38517,0,24862,0,15519,0,9164,0,5425,3017,0,1593,0,847,0,396,0,188,0,87,0,49,0,18,0,6,0,2,0,0,0,1,0,0,0,0,0,0,0,0,0,0,0,0,0
0,0,0,0,0,0,0,0,0,0,0,0,0,0,0,0,0,0,0,4,0,11,0,44,0,79,0,173,0,422,0,843,0,1626,0,3168,5568,0,9355,0,15656,0,24818,0,38924,0,58273,0,85887,0,120162,0,164984,0,219432,0,281071,0,353393,0,427716,0,503813,0,575687,0,638225,0,687552,0,718562,0,729121,716822,0,685029,0,634176,0,571277,0,498987,0,422238,0,348246,0,277839,0,215136,0,161983,0,117838,0,83192,0,57704,0,38238,0,24429,0,15131,0,9223,0,5267,3007,0,1559,0,803,0,377,0,182,0,87,0,40,0,19,0,6,0,3,0,1,0,0,0,0,0,0,0,0,0,0,0,0,0,0,0
0,0,0,0,0,0,0,0,0,0,0,0,0,0,0,0,0,0,0,3,0,11,0,41,0,85,0,171,0,394,0,794,0,1633,0,3051,5373,0,9347,0,15433,0,24464,0,38394,0,58076,0,84899,0,119626,0,164327,0,218701,0,280241,0,352617,0,428459,0,504036,0,575725,0,639884,0,688886,0,719302,0,731519,718001,0,686311,0,636412,0,571666,0,498242,0,422813,0,347449,0,277447,0,214254,0,161609,0,117038,0,82377,0,57311,0,37766,0,24251,0,14802,0,9116,0,5161,2928,0,1525,0,726,0,394,0,165,0,86,0,38,0,19,0,5,0,3,0,1,0,0,0,0,0,0,0,0,0,0,0,0,0,0,0
0,0,0,0,0,0,0,0,0,0,0,0,0,0,0,0,0,0,0,2,0,14,0,36,0,84,0,168,0,373,0,802,0,1565,0,2926,5359,0,9142,0,15230,0,24115,0,37889,0,57767,0,84020,0,119494,0,163655,0,217407,0,280229,0,352270,0,426879,0,504835,0,577621,0,640082,0,690968,0,721881,0,731295,719091,0,688190,0,637526,0,572085,0,498145,0,422243,0,348485,0,276405,0,213679,0,160589,0,116635,0,81894,0,56704,0,37451,0,23707,0,14731,0,8898,0,5117,2838,0,1450,0,758,0,359,0,173,0,81,0,38,0,20,0,6,0,1,0,0,0,1,0,0,0,0,0,0,0,0,0,0,0,0,0
0,0,0,0,0,0,0,0,0,0,0,0,0,0,0,0,0,0,0,2,0,16,0,32,0,75,0,174,0,367,0,777,0,1499,0,2897,5225,0,8986,0,15062,0,23895,0,37446,0,56835,0,83437,0,119278,0,162811,0,217144,0,279898,0,350778,0,427573,0,504837,0,578348,0,642205,0,691214,0,722837,0,733531,720164,0,689470,0,638247,0,572734,0,497929,0,422875,0,347408,0,275992,0,213650,0,159839,0,115592,0,82068,0,55970,0,36650,0,23718,0,14711,0,8631,0,5009,2751,0,1444,0,704,0,368,0,165,0,79,0,35,0,17,0,8,0,0,0,0,0,1,0,0,0,0,0,0,0,0,0,0,0,0,0
0,0,0,0,0,0,0,0,0,0,0,0,0,0,0,0,0,0,0,2,0,14,0,28,0,68,0,171,0,358,0,769,0,1473,0,2845,5005,0,8879,0,14912,0,23711,0,36919,0,56317,0,82890,0,118569,0,162224,0,216687,0,279378,0,350248,0,427353,0,504982,0,578872,0,643076,0,693158,0,723973,0,734503,722837,0,690408,0,638864,0,572316,0,499349,0,421766,0,347600,0,275329,0,213124,0,158909,0,115725,0,81480,0,55338,0,36417,0,23154,0,14523,0,8504,0,4914,2712,0,1416,0,679,0,364,0,158,0,80,0,37,0,14,0,4,0,2,0,0,0,0,0,1,0,0,0,0,0,0,0,0,0,0,0
0,0,0,0,0,0,0,0,0,0,0,0,0,0,0,0,0,0,0,1,0,15,0,24,0,72,0,157,0,367,0,735,0,1436,0,2783,4944,0,8770,0,14516,0,23424,0,36776,0,55719,0,82533,0,117205,0,162092,0,215736,0,279533,0,349398,0,427116,0,505116,0,579782,0,644288,0,694142,0,726094,0,735244,724660,0,691083,0,639814,0,573359,0,498582,0,422980,0,346615,0,275075,0,212331,0,158116,0,115025,0,80860,0,55049,0,36254,0,22840,0,14257,0,8325,0,4811,2650,0,1376,0,707,0,340,0,148,0,80,0,34,0,13,0,3,0,2,0,0,0,0,0,1,0,0,0,0,0,0,0,0,0,0,0
0,0,0,0,0,0,0,0,0,0,0,0,0,0,0,0,0,0,0,3,0,11,0,27,0,62,0,169,0,362,0,696,0,1427,0,2689,4928,0,8454,0,14372,0,23349,0,36468,0,54897,0,81993,0,116538,0,161285,0,215643,0,278471,0,349958,0,426401,0,506190,0,578714,0,645466,0,695870,0,726853,0,737665,725276,0,693358,0,640026,0,574837,0,499531,0,421195,0,347021,0,274758,0,210795,0,157610,0,114480,0,80482,0,54554,0,35802,0,22493,0,14112,0,8286,0,4659,2559,0,1325,0,692,0,313,0,158,0,74,0,34,0,9,0,3,0,4,0,0,0,1,0,0,0,0,0,0,0,0,0,0,0,0,0
0,0,0,0,0,0,0,0,0,0,0,0,0,0,0,0,0,0,0,2,0,13,0,28,0,58,0,161,0,335,0,706,0,1382,0,2675,4821,0,8334,0,14014,0,23256,0,35762,0,54852,0,81069,0,116271,0,160366,0,214788,0,278173,0,349939,0,426434,0,505454,0,580455,0,646068,0,695795,0,729176,0,738937,726979,0,693928,0,641277,0,575178,0,500192,0,422008,0,345591,0,274307,0,209820,0,157650,0,113797,0,79737,0,54069,0,35552,0,22372,0,13660,0,8284,0,4683,2477,0,1270,0,662,0,317,0,151,0,77,0,29,0,10,0,4,0,2,0,0,0,1,0,0,0,0,0,0,0,0,0,0,0,0,0
0,0,0,0,0,0,0,0,0,0,0,0,0,0,0,0,0,0,0,1,0,11,0,32,0,47,0,163,0,340,0,678,0,1353,0,2668,4685,0,8136,0,13924,0,22765,0,35678,0,54604,0,80523,0,115509,0,159824,0,213959,0,277787,0,349722,0,426486,0,505957,0,581014,0,647225,0,695746,0,730787,0,740245,728355,0,694481,0,642146,0,576563,0,500573,0,421606,0,345237,0,273275,0,210053,0,156787,0,113067,0,79686,0,53233,0,35020,0,22302,0,13406,0,8199,0,4628,2455,0,1279,0,581,0,323,0,157,0,81,0,30,0,11,0,1,0,3,0,0,0,1,0,0,0,0,0,0,0,0,0,0,0,0,0
0,0,0,0,0,0,0,0,0,0,0,0,0,0,0,0,0,0,0,4,0,12,0,25,0,47,0,145,0,356,0,659,0,1292,0,2584,4547,0,8118,0,13714,0,22542,0,35523,0,54226,0,80016,0,114483,0,159631,0,213474,0,276982,0,349518,0,426729,0,505930,0,581753,0,646060,0,698821,0,731011,0,742228,729580,0,696604,0,642216,0,576545,0,500627,0,422434,0,345224,0,272236,0,208908,0,156482,0,112991,0,78683,0,53183,0,34538,0,21994,0,13381,0,8042,0,4433,2481,0,1238,0,573,0,315,0,146,0,84,0,29,0,7,0,1,0,2,0,0,0,1,0,0,0,0,0,0,0,0,0,0,0,0,0
0,0,0,0,0,0,0,0,0,0,0,0,0,0,0,0,0,1,0,4,0,10,0,26,0,47,0,138,0,340,0,654,0,1281,0,2461,4484,0,7966,0,13603,0,22256,0,35185,0,53964,0,79359,0,114105,0,159064,0,212624,0,277243,0,348564,0,426897,0,506344,0,581457,0,647814,0,699087,0,732398,0,744048,730524,0,696959,0,644011,0,576212,0,500998,0,422794,0,344907,0,272027,0,208454,0,155899,0,112059,0,78060,0,52806,0,34270,0,21779,0,13258,0,7810,0,4424,2337,0,1258,0,592,0,283,0,148,0,74,0,26,0,10,0,4,0,0,0,0,0,1,0,0,0,0,0,0,0,0,0,0,0,0,0
0,0,0,0,0,0,0,0,0,0,0,0,0,0,0,0,0,1,0,4,0,11,0,18,0,49,0,138,0,292,0,681,0,1241,0,2405,4470,0,7768,0,13529,0,21965,0,34993,0,53564,0,78552,0,113595,0,158601,0,212253,0,276956,0,348272,0,426915,0,506280,0,581755,0,649030,0,699179,0,734343,0,744177,731600,0,698759,0,643820,0,578152,0,501019,0,422689,0,344850,0,271722,0,207665,0,155382,0,111345,0,77535,0,52175,0,34397,0,21618,0,12999,0,7698,0,4326,2270,0,1226,0,577,0,302,0,127,0,76,0,28,0,9,0,3,0,1,0,0,0,1,0,0,0,0,0,0,0,0,0,0,0,0,0
0,0,0,0,0,0,0,0,0,0,0,0,0,0,0,0,0,0,0,4,0,11,0,20,0,40,0,140,0,284,0,634,0,1229,0,2384,4356,0,7763,0,13317,0,21691,0,34550,0,53270,0,78072,0,113236,0,157396,0,212415,0,276122,0,348230,0,427290,0,505226,0,583076,0,649025,0,700983,0,734237,0,745145,734124,0,700347,0,644406,0,578300,0,501077,0,423241,0,344484,0,271081,0,207496,0,153998,0,111152,0,77114,0,51861,0,34030,0,21377,0,12827,0,7586,0,4225,2243,0,1195,0,567,0,285,0,143,0,61,0,30,0,7,0,2,0,2,0,0,0,1,0,0,0,0,0,0,0,0,0,0,0,0,0
0,0,0,0,0,0,0,0,0,0,0,0,0,0,0,0,0,0,0,2,0,11,0,19,0,47,0,131,0,270,0,629,0,1172,0,2381,4242,0,7619,0,13186,0,21550,0,34086,0,52894,0,77879,0,112650,0,157053,0,211426,0,275638,0,348756,0,426057,0,505808,0,582790,0,650341,0,701385,0,736176,0,747189,734747,0,699806,0,647647,0,577612,0,501974,0,421843,0,344506,0,270838,0,207382,0,153460,0,110415,0,76744,0,51730,0,33446,0,21216,0,12665,0,7292,0,4236,2217,0,1160,0,578,0,279,0,124,0,64,0,27,0,7,0,3,0,2,0,0,0,1,0,0,0,0,0,0,0,0,0,0,0,0,0
0,0,0,0,0,0,0,0,0,0,0,0,0,0,0,0,0,0,0,3,0,14,0,17,0,50,0,117,0,266,0,596,0,1160,0,2270,4300,0,7502,0,12945,0,21233,0,34159,0,52242,0,77545,0,112108,0,156429,0,210528,0,275231,0,347825,0,426548,0,507005,0,582515,0,650312,0,703290,0,737179,0,748595,735471,0,701798,0,646536,0,579864,0,501470,0,421919,0,344218,0,270375,0,207144,0,152837,0,109617,0,76562,0,51005,0,33416,0,20932,0,12539,0,7145,0,4150,2251,0,1128,0,554,0,272,0,119,0,62,0,26,0,8,0,4,0,1,0,1,0,0,0,0,0,0,0,0,0,0,0,0,0,0,0
0,0,0,0,0,0,0,0,0,0,0,0,0,0,0,0,0,1,0,2,0,12,0,21,0,44,0,115,0,254,0,581,0,1132,0,2222,4277,0,7426,0,12750,0,21128,0,33718,0,52033,0,76927,0,111826,0,155437,0,209749,0,275096,0,347151,0,426883,0,507079,0,583222,0,651079,0,704413,0,738525,0,748595,737707,0,702691,0,646727,0,579808,0,502545,0,422651,0,342312,0,270856,0,206209,0,152737,0,109383,0,75819,0,50639,0,33034,0,20758,0,12367,0,7067,0,4092,2194,0,1103,0,544,0,247,0,119,0,61,0,25,0,10,0,2,0,2,0,1,0,0,0,0,0,0,0,0,0,0,0,0,0,0,0
0,0,0,0,0,0,0,0,0,0,0,0,0,0,0,1,0,1,0,2,0,9,0,20,0,54,0,112,0,267,0,529,0,1145,0,2236,4114,0,7353,0,12460,0,21129,0,33251,0,51452,0,76628,0,111013,0,155158,0,209660,0,274180,0,347483,0,426484,0,507433,0,582858,0,651997,0,705708,0,739506,0,749591,739761,0,703248,0,647881,0,579570,0,503428,0,422228,0,342275,0,269847,0,205718,0,152328,0,108722,0,75542,0,50400,0,32773,0,20468,0,12147,0,7025,0,4006,2127,0,1077,0,539,0,254,0,121,0,50,0,24,0,12,0,0,0,1,0,2,0,0,0,0,0,0,0,0,0,0,0,0,0,0,0
0,0,0,0,0,0,0,0,0,0,0,0,0,0,0,0,0,1,0,2,0,11,0,15,0,46,0,118,0,226,0,549,0,1146,0,2169,4014,0,7242,0,12465,0,20530,0,33245,0,51123,0,76072,0,110292,0,154610,0,209272,0,273625,0,347471,0,426320,0,507400,0,584344,0,651622,0,706348,0,739924,0,752263,740081,0,704817,0,648765,0,580170,0,502960,0,421314,0,343501,0,269410,0,204531,0,152283,0,108617,0,74630,0,50228,0,32270,0,20189,0,12148,0,6941,0,3936,2087,0,1052,0,561,0,250,0,110,0,51,0,30,0,6,0,2,0,1,0,2,0,0,0,0,0,0,0,0,0,0,0,0,0,0,0
0,0,0,0,0,0,0,0,0,0,0,0,0,0,0,0,0,1,0,1,0,7,0,21,0,47,0,95,0,236,0,536,0,1114,0,2169,3961,0,7110,0,12295,0,20366,0,32993,0,50762,0,75794,0,109845,0,153488,0,208586,0,273804,0,347184,0,426418,0,506611,0,585864,0,652378,0,706139,0,743086,0,752135,740077,0,706142,0,650202,0,580610,0,502196,0,421807,0,342958,0,268987,0,205100,0,151013,0,108247,0,74484,0,49540,0,32171,0,19923,0,12126,0,6905,0,3768,2062,0,1063,0,527,0,261,0,98,0,63,0,22,0,5,0,2,0,1,0,2,0,0,0,0,0,0,0,0,0,0,0,0,0,0,0
0,0,0,0,0,0,0,0,0,0,0,0,0,0,0,0,0,0,0,2,0,6,0,19,0,47,0,100,0,220,0,519,0,1078,0,2163,3915,0,7038,0,12055,0,20290,0,32474,0,50291,0,75797,0,109395,0,153203,0,208396,0,272838,0,345976,0,426821,0,506767,0,585847,0,653725,0,707295,0,743015,0,753441,741846,0,707145,0,649734,0,581010,0,503953,0,421604,0,342036,0,268791,0,204807,0,150383,0,107530,0,74595,0,49062,0,32122,0,19574,0,11870,0,6835,0,3769,2006,0,1048,0,519,0,242,0,100,0,61,0,19,0,9,0,1,0,2,0,2,0,0,0,0,0,0,0,0,0,0,0,0,0,0,0
0,0,0,0,0,0,0,0,0,0,0,0,0,0,0,0,0,0,0,2,0,6,0,18,0,41,0,110,0,219,0,503,0,1070,0,2070,3935,0,6966,0,11916,0,20060,0,32114,0,50026,0,75116,0,109053,0,152920,0,207021,0,272938,0,346532,0,425084,0,509158,0,585044,0,653884,0,709316,0,743115,0,756107,742616,0,707080,0,650420,0,582297,0,503229,0,422251,0,341023,0,268764,0,204379,0,149893,0,107001,0,74266,0,48800,0,31473,0,19416,0,11770,0,6749,0,3709,1994,0,998,0,525,0,224,0,102,0,57,0,14,0,9,0,3,0,0,0,1,0,1,0,0,0,0,0,0,0,0,0,0,0,0,0
0,0,0,0,0,0,0,0,0,0,0,0,0,0,0,0,0,1,0,1,0,5,0,20,0,42,0,105,0,226,0,465,0,1053,0,2005,3945,0,6874,0,11760,0,19829,0,32112,0,49500,0,75078,0,108400,0,152016,0,206512,0,272252,0,346524,0,425657,0,507781,0,586304,0,654519,0,709540,0,746650,0,755680,743340,0,707236,0,651511,0,582386,0,504414,0,422169,0,341311,0,267251,0,203995,0,149490,0,107116,0,73670,0,48436,0,31247,0,19220,0,11639,0,6614,0,3709,1896,0,1003,0,495,0,206,0,114,0,52,0,18,0,10,0,2,0,1,0,1,0,0,0,0,0,0,0,0,0,0,0,0,0,0,0
0,0,0,0,0,0,0,0,0,0,0,0,0,0,0,0,0,2,0,0,0,7,0,18,0,43,0,95,0,236,0,477,0,972,0,2049,3806,0,6711,0,11766,0,19622,0,31836,0,49465,0,74238,0,107812,0,151440,0,206550,0,271828,0,345970,0,426165,0,507611,0,586207,0,656194,0,709750,0,747221,0,756736,743911,0,708788,0,652385,0,582781,0,504877,0,421738,0,340940,0,267057,0,203459,0,149145,0,106511,0,73229,0,48355,0,30817,0,19300,0,11251,0,6616,0,3663,1893,0,999,0,463,0,212,0,108,0,53,0,21,0,5,0,3,0,0,0,1,0,0,0,0,0,0,0,0,0,0,0,0,0,0,0
0,0,0,0,0,0,0,0,0,0,0,0,0,0,0,0,0,2,0,0,0,7,0,16,0,43,0,103,0,220,0,454,0,987,0,2061,3696,0,6744,0,11471,0,19493,0,31542,0,49158,0,74176,0,107204,0,151079,0,205903,0,271218,0,346592,0,424747,0,507658,0,586375,0,658541,0,709939,0,747186,0,758104,745275,0,709979,0,653551,0,582779,0,504713,0,421724,0,340603,0,267236,0,202455,0,148650,0,106041,0,72821,0,48127,0,30820,0,18886,0,11187,0,6632,0,3455,1908,0,994,0,475,0,196,0,109,0,42,0,21,0,6,0,2,0,1,0,1,0,0,0,0,0,0,0,0,0,0,0,0,0,0,0
0,0,0,0,0,0,0,0,0,0,0,0,0,0,0,0,0,2,0,2,0,6,0,13,0,42,0,102,0,219,0,449,0,957,0,1985,3644,0,6661,0,11320,0,19249,0,31295,0,48994,0,73716,0,106868,0,150587,0,205601,0,270929,0,346042,0,424782,0,507307,0,587023,0,658038,0,712287,0,747093,0,759753,747271,0,709906,0,653874,0,583488,0,504852,0,421739,0,340102,0,267112,0,202446,0,147661,0,105955,0,72271,0,47804,0,30475,0,18834,0,11053,0,6390,0,3553,1873,0,960,0,447,0,197,0,110,0,38,0,23,0,3,0,2,0,2,0,0,0,1,0,0,0,0,0,0,0,0,0,0,0,0,0
0,0,0,0,0,0,0,0,0,0,0,0,0,0,0,0,0,2,0,2,0,6,0,12,0,35,0,99,0,215,0,452,0,925,0,1934,3599,0,6489,0,11293,0,19053,0,31046,0,48720,0,73255,0,106601,0,150076,0,205290,0,270834,0,344817,0,425214,0,507785,0,587134,0,658952,0,713449,0,747487,0,760590,747784,0,710228,0,655544,0,583233,0,504699,0,422095,0,340524,0,266199,0,202253,0,147766,0,105167,0,71763,0,47528,0,30273,0,18509,0,11122,0,6312,0,3486,1829,0,906,0,447,0,213,0,91,0,45,0,13,0,8,0,2,0,2,0,0,0,0,0,1,0,0,0,0,0,0,0,0,0,0,0
0,0,0,0,0,0,0,0,0,0,0,0,0,0,0,0,0,1,0,3,0,5,0,7,0,33,0,92,0,234,0,444,0,943,0,1863,3551,0,6335,0,11125,0,19014,0,30860,0,48618,0,72606,0,106279,0,149601,0,204776,0,270522,0,344621,0,425918,0,507187,0,587851,0,658847,0,715029,0,748456,0,760164,747931,0,712818,0,655112,0,584587,0,504643,0,421868,0,340042,0,266533,0,201302,0,147678,0,104533,0,71752,0,46867,0,30110,0,18340,0,11156,0,6176,0,3534,1716,0,934,0,410,0,218,0,97,0,44,0,9,0,8,0,3,0,1,0,0,0,0,0,1,0,0,0,0,0,0,0,0,0,0,0
0,0,0,0,0,0,0,0,0,0,0,0,0,0,0,0,0,0,0,3,0,4,0,13,0,38,0,88,0,205,0,464,0,922,0,1850,3458,0,6351,0,11001,0,19008,0,30359,0,48177,0,72485,0,105703,0,149455,0,204619,0,270093,0,344410,0,424900,0,507613,0,588670,0,659270,0,716087,0,749509,0,760181,749207,0,713033,0,656079,0,585045,0,505652,0,420918,0,340037,0,265928,0,200509,0,147436,0,104402,0,71401,0,46869,0,29742,0,18163,0,11019,0,6195,0,3487,1671,0,898,0,428,0,190,0,115,0,27,0,9,0,8,0,2,0,0,0,1,0,0,0,1,0,0,0,0,0,0,0,0,0,0,0
0,0,0,0,0,0,0,0,0,0,0,0,0,0,0,0,0,0,0,1,0,8,0,11,0,44,0,77,0,216,0,458,0,900,0,1830,3419,0,6191,0,10971,0,18734,0,30178,0,47801,0,72211,0,105705,0,148991,0,204406,0,269028,0,344631,0,424390,0,508063,0,588429,0,660376,0,715618,0,750887,0,761546,749858,0,713917,0,656818,0,585775,0,505256,0,421246,0,339918,0,265183,0,200164,0,147109,0,103860,0,71065,0,46846,0,29349,0,18168,0,10905,0,6147,0,3330,1764,0,845,0,422,0,193,0,100,0,25,0,14,0,9,0,0,0,0,0,1,0,1,0,0,0,0,0,0,0,0,0,0,0,0,0
0,0,0,0,0,0,0,0,0,0,0,0,0,0,0,0,0,0,0,1,0,8,0,16,0,34,0,81,0,214,0,422,0,952,0,1715,3381,0,6256,0,10964,0,18290,0,29975,0,47644,0,71935,0,105344,0,148683,0,202870,0,270019,0,343043,0,425209,0,507902,0,588469,0,660939,0,715962,0,751919,0,763027,750954,0,713414,0,658314,0,586181,0,505589,0,420531,0,340106,0,264895,0,200543,0,145797,0,103691,0,70965,0,46099,0,29624,0,18004,0,10738,0,6064,0,3326,1738,0,827,0,407,0,185,0,89,0,30,0,16,0,5,0,0,0,0,0,1,0,1,0,0,0,0,0,0,0,0,0,0,0,0,0
0,0,0,0,0,0,0,0,0,0,0,0,0,0,0,0,0,0,0,1,0,9,0,12,0,29,0,90,0,203,0,432,0,906,0,1714,3375,0,6230,0,10777,0,18012,0,29850,0,47457,0,71519,0,104946,0,148101,0,202986,0,268461,0,343736,0,424273,0,509336,0,589419,0,659699,0,717062,0,751759,0,764991,751816,0,714523,0,658166,0,586855,0,504856,0,420891,0,340022,0,264796,0,199862,0,146042,0,103519,0,70295,0,45971,0,29415,0,17879,0,10481,0,6060,0,3310,1735,0,808,0,398,0,180,0,89,0,34,0,15,0,3,0,0,0,0,0,2,0,0,0,0,0,0,0,0,0,0,0,0,0,0,0
0,0,0,0,0,0,0,0,0,0,0,0,0,0,0,0,0,0,0,0,0,11,0,8,0,39,0,90,0,171,0,442,0,896,0,1730,3307,0,6125,0,10695,0,17885,0,29618,0,47288,0,71228,0,104649,0,147521,0,202233,0,268862,0,343624,0,424426,0,508470,0,589707,0,661110,0,717061,0,752097,0,765713,752163,0,716509,0,658414,0,587549,0,505194,0,420023,0,340337,0,264321,0,199950,0,145273,0,103027,0,70058,0,45805,0,29095,0,17766,0,10403,0,6024,0,3231,1756,0,815,0,369,0,179,0,92,0,32,0,12,0,3,0,0,0,2,0,0,0,0,0,0,0,0,0,0,0,0,0,0,0,0,0
0,0,0,0,0,0,0,0,0,0,0,0,0,0,0,0,0,0,0,1,0,5,0,10,0,48,0,89,0,167,0,417,0,881,0,1697,3327,0,6001,0,10463,0,18126,0,29496,0,46791,0,70798,0,104166,0,147628,0,201891,0,267707,0,343482,0,424630,0,509042,0,588602,0,662179,0,718349,0,753578,0,765042,753272,0,717356,0,659080,0,587114,0,506274,0,420280,0,339432,0,264666,0,198988,0,145237,0,102406,0,69878,0,45678,0,28914,0,17503,0,10449,0,5917,0,3144,1694,0,822,0,377,0,181,0,87,0,31,0,10,0,2,0,2,0,1,0,0,0,0,0,0,0,0,0,0,0,0,0,0,0,0,0
0,0,0,0,0,0,0,0,0,0,0,0,0,0,0,0,0,0,0,1,0,6,0,13,0,37,0,86,0,167,0,414,0,856,0,1709,3253,0,5914,0,10516,0,17867,0,29303,0,46569,0,70464,0,103811,0,147268,0,201207,0,267372,0,343105,0,425892,0,508007,0,589437,0,662016,0,719103,0,755283,0,765316,754638,0,717216,0,660142,0,587246,0,505598,0,420263,0,339161,0,264954,0,199102,0,144469,0,102061,0,69331,0,45462,0,28685,0,17579,0,10444,0,5763,0,3117,1721,0,793,0,374,0,174,0,77,0,32,0,10,0,2,0,1,0,1,0,0,0,0,0,0,0,0,0,0,0,0,0,0,0,0,0
0,0,0,0,0,0,0,0,0,0,0,0,0,0,0,0,0,1,0,0,0,3,0,15,0,38,0,67,0,181,0,364,0,823,0,1697,3167,0,5807,0,10258,0,17407,0,28699,0,45529,0,69238,0,101705,0,145233,0,198590,0,264367,0,339472,0,422134,0,505235,0,586672,0,659231,0,718052,0,754715,0,766385,755746,0,719763,0,663681,0,589991,0,508974,0,423340,0,341458,0,267512,0,200311,0,145719,0,102809,0,70191,0,45761,0,28657,0,17625,0,10545,0,5831,0,3133,1670,0,827,0,380,0,190,0,59,0,40,0,9,0,3,0,0,0,2,0,0,0,0,0,0,0,0,0,0,1,253,2548,1248,46,0,0
0,0,0,0,0,0,0,0,0,0,0,0,0,0,0,0,0,1,0,1,0,2,0,16,0,34,0,71,0,191,0,346,0,789,0,1617,3156,0,5623,0,10087,0,16991,0,28246,0,44638,0,68087,0,100164,0,142883,0,196636,0,260876,0,336671,0,418838,0,501955,0,583383,0,657326,0,716101,0,753794,0,768655,757493,0,721778,0,666357,0,593545,0,512128,0,426909,0,344735,0,268610,0,202844,0,147069,0,104087,0,70920,0,46148,0,28912,0,17958,0,10398,0,5875,0,3202,1672,0,812,0,393,0,170,0,73,0,31,0,10,0,3,0,1,0,1,0,0,0,0,0,0,0,0,0,0,1,231,2494,1312,58,0,0
0,0,0,0,0,0,0,0,0,0,0,0,0,0,0,0,0,1,0,1,0,1,0,18,0,33,0,68,0,183,0,351,0,760,0,1587,3038,0,5510,0,9864,0,16814,0,27948,0,43819,0,66933,0,98861,0,140995,0,193869,0,258781,0,333448,0,414792,0,498162,0,580710,0,654835,0,713086,0,754463,0,768205,759306,0,723771,0,669140,0,597191,0,515737,0,431143,0,347252,0,271729,0,203779,0,149472,0,105116,0,71570,0,46506,0,29461,0,18153,0,10568,0,5871,0,3238,1663,0,826,0,388,0,178,0,73,0,29,0,11,0,3,0,1,0,1,0,0,0,0,0,0,0,0,0,0,1,217,2446,1368,64,0,0
0,0,0,0,0,0,0,0,0,0,0,0,0,0,0,0,0,1,0,0,0,6,0,13,0,30,0,81,0,177,0,348,0,727,0,1537,2962,0,5479,0,9731,0,16547,0,27478,0,43280,0,65775,0,97486,0,139310,0,192292,0,256018,0,330041,0,411958,0,494356,0,577763,0,651547,0,711609,0,750928,0,768584,760906,0,726458,0,671277,0,600382,0,520299,0,433876,0,350513,0,273985,0,206957,0,151163,0,106571,0,72307,0,47217,0,29773,0,18409,0,10667,0,6027,0,3256,1673,0,844,0,398,0,169,0,73,0,32,0,12,0,2,0,1,0,1,0,0,0,0,0,0,0,0,0,0,1,205,2374,1440,76,0,0
0,0,0,0,0,0,0,0,0,0,0,0,0,0,0,0,0,1,0,0,0,6,0,16,0,32,0,63,0,174,0,338,0,714,0,1514,2901,0,5368,0,9624,0,16251,0,27159,0,42677,0,65239,0,96844,0,136927,0,189937,0,253858,0,326915,0,407528,0,493142,0,573338,0,648692,0,709822,0,748585,0,768385,760952,0,727976,0,674689,0,603540,0,523118,0,437292,0,353285,0,277615,0,209560,0,153506,0,107890,0,73118,0,48108,0,30397,0,18614,0,11006,0,6044,0,3255,1762,0,829,0,413,0,165,0,81,0,32,0,11,0,2,0,1,0,1,0,0,0,0,0,0,0,0,0,0,0,187,2320,1503,86,0,0
0,0,0,0,0,0,0,0,0,0,0,0,0,0,0,0,0,0,0,3,0,2,0,15,0,38,0,60,0,163,0,339,0,696,0,1471,2925,0,5328,0,9437,0,15969,0,26784,0,42260,0,64676,0,95508,0,135660,0,187845,0,251388,0,324221,0,404608,0,488584,0,571461,0,645180,0,706727,0,747700,0,767019,761402,0,728102,0,677454,0,606246,0,526398,0,440954,0,356974,0,280299,0,212400,0,155605,0,109810,0,74147,0,49244,0,31030,0,19004,0,11179,0,6353,0,3320,1726,0,878,0,399,0,196,0,80,0,28,0,11,0,4,0,2,0,0,0,0,0,0,0,0,0,0,0,0,0,158,2268,1573,97,0,0
0,0,0,0,0,0,0,0,0,0,0,0,0,0,0,0,0,1,0,3,0,3,0,16,0,35,0,67,0,138,0,361,0,677,0,1445,2830,0,5249,0,9378,0,15836,0,26461,0,41532,0,64500,0,93993,0,134767,0,185725,0,249069,0,321657,0,402324,0,485612,0,566454,0,642598,0,703814,0,745326,0,765673,759922,0,730201,0,678720,0,609876,0,529038,0,445201,0,360121,0,283711,0,215403,0,158086,0,111350,0,75732,0,50336,0,31866,0,19459,0,11469,0,6458,0,3435,1756,0,884,0,423,0,187,0,83,0,33,0,9,0,7,0,2,0,0,0,0,0,0,0,0,0,0,0,0,0,143,2191,1655,107,0,0
0,0,0,0,0,0,0,0,0,0,0,0,0,0,0,0,0,1,0,1,0,6,0,12,0,33,0,69,0,145,0,323,0,683,0,1441,2811,0,5171,0,9186,0,15787,0,26067,0,41369,0,63355,0,93473,0,133601,0,184477,0,246353,0,319619,0,398646,0,483088,0,563126,0,638738,0,699706,0,743480,0,763483,760019,0,730403,0,680374,0,611757,0,532751,0,448716,0,364175,0,286879,0,218518,0,160689,0,113613,0,77498,0,51493,0,32682,0,20002,0,11767,0,6683,0,3500,1887,0,885,0,442,0,187,0,88,0,34,0,12,0,5,0,3,0,0,0,0,0,0,0,0,0,0,0,0,0,122,2117,1738,119,0,0
0,0,0,0,0,0,0,0,0,0,0,0,0,0,0,0,0,1,0,1,0,7,0,11,0,29,0,61,0,157,0,301,0,689,0,1422,2707,0,5152,0,9158,0,15555,0,25716,0,40995,0,63066,0,92664,0,132228,0,183340,0,244625,0,316597,0,396729,0,478950,0,559967,0,636036,0,696578,0,739835,0,761078,758382,0,731405,0,680904,0,614040,0,536384,0,452129,0,367479,0,290645,0,222134,0,163099,0,116355,0,79390,0,52614,0,33743,0,20540,0,12204,0,6867,0,3712,1923,0,905,0,450,0,206,0,89,0,38,0,12,0,5,0,3,0,0,0,0,0,0,0,0,0,0,0,0,0,106,2052,1802,135,1,0
0,0,0,0,0,0,0,0,0,0,0,0,0,0,0,0,0,0,0,3,0,5,0,12,0,22,0,63,0,155,0,292,0,705,0,1376,2677,0,5000,0,9193,0,15153,0,25496,0,41017,0,62451,0,91443,0,131653,0,181953,0,242857,0,314527,0,393748,0,474952,0,557903,0,632306,0,694068,0,735967,0,758726,757760,0,730783,0,681059,0,616468,0,538197,0,455230,0,371065,0,294792,0,225036,0,166802,0,119222,0,81340,0,54181,0,34577,0,21474,0,12678,0,7152,0,3973,1998,0,969,0,463,0,213,0,95,0,42,0,11,0,7,0,2,0,0,0,0,0,0,0,0,0,0,0,0,0,98,1980,1857,160,1,0
0,0,0,0,0,0,0,0,0,0,0,0,0,0,0,0,0,0,0,1,0,7,0,11,0,18,0,63,0,150,0,313,0,666,0,1400,2622,0,4906,0,8955,0,15323,0,25278,0,40524,0,62018,0,90657,0,130811,0,180626,0,241105,0,312575,0,390934,0,473605,0,553223,0,628868,0,689586,0,734441,0,756228,755854,0,728652,0,681519,0,617890,0,541308,0,457645,0,375303,0,298451,0,228979,0,169685,0,122410,0,83653,0,55652,0,36334,0,22182,0,13208,0,7436,0,4195,2139,0,1008,0,501,0,233,0,98,0,42,0,13,0,7,0,1,0,0,0,0,0,0,0,0,0,0,0,0,0,85,1899,1932,179,1,0
0,0,0,0,0,0,0,0,0,0,0,0,0,0,0,0,0,0,0,1,0,4,0,13,0,23,0,58,0,149,0,301,0,639,0,1378,2623,0,4917,0,8784,0,15126,0,25126,0,40138,0,61283,0,90418,0,129798,0,179704,0,240171,0,310671,0,388082,0,471427,0,550431,0,624212,0,687186,0,730309,0,753353,752759,0,727557,0,681905,0,619094,0,542712,0,461623,0,378742,0,301754,0,232916,0,173262,0,124903,0,86759,0,57741,0,37510,0,23378,0,13767,0,7920,0,4320,2304,0,1089,0,543,0,254,0,111,0,44,0,13,0,6,0,1,0,0,0,0,0,0,0,0,0,0,0,0,0,86,1809,2000,200,1,0
0,0,0,0,0,0,0,0,0,0,0,0,0,0,0,0,0,0,0,2,0,4,0,7,0,26,0,58,0,143,0,313,0,656,0,1312,2596,0,4925,0,8712,0,14980,0,24865,0,39848,0,60706,0,89912,0,128454,0,179062,0,238943,0,309262,0,385907,0,468305,0,547791,0,620114,0,683200,0,727699,0,750289,749172,0,727456,0,681325,0,619063,0,544603,0,463738,0,383221,0,305327,0,236403,0,177821,0,127574,0,89343,0,60448,0,38926,0,24514,0,14521,0,8383,0,4676,2447,0,1223,0,593,0,250,0,125,0,46,0,14,0,8,0,1,0,0,0,0,0,0,0,0,0,0,0,0,0,72,1738,2053,232,1,0
0,0,0,0,0,0,0,0,0,0,0,0,0,0,0,0,0,0,0,2,0,5,0,4,0,27,0,60,0,142,0,317,0,656,0,1304,2555,0,4859,0,8644,0,14876,0,24520,0,39517,0,60512,0,89124,0,127780,0,178017,0,238422,0,306560,0,384543,0,465288,0,544722,0,618329,0,678772,0,724227,0,746923,746755,0,724776,0,680730,0,619532,0,545599,0,466468,0,386103,0,308831,0,241260,0,180733,0,131902,0,92196,0,62649,0,40687,0,25797,0,15466,0,8902,0,5111,2687,0,1291,0,618,0,300,0,137,0,49,0,17,0,8,0,1,0,0,0,0,0,0,0,0,0,0,0,0,0,62,1651,2124,258,1,0
0,0,0,0,0,0,0,0,0,0,0,0,0,0,0,0,0,0,0,2,0,4,0,7,0,23,0,55,0,153,0,298,0,652,0,1270,2535,0,4772,0,8623,0,14719,0,24510,0,39147,0,59625,0,88814,0,127719,0,176209,0,236938,0,305913,0,382586,0,462906,0,541964,0,615607,0,676513,0,718840,0,744631,743072,0,721939,0,678704,0,620361,0,545973,0,468602,0,389170,0,313490,0,244462,0,185293,0,135244,0,95400,0,64979,0,43248,0,27050,0,16356,0,9813,0,5466,2958,0,1426,0,716,0,320,0,135,0,68,0,21,0,10,0,1,0,0,0,0,0,0,0,0,0,0,0,0,0,53,1563,2179,300,1,0
0,0,0,0,0,0,0,0,0,0,0,0,0,0,0,0,0,0,0,1,0,4,0,7,0,18,0,58,0,144,0,295,0,663,0,1246,2484,0,4683,0,8488,0,14666,0,24402,0,38538,0,59398,0,88300,0,127001,0,175366,0,235759,0,304774,0,380296,0,461257,0,539389,0,613011,0,673159,0,715235,0,740721,740241,0,719935,0,676178,0,618592,0,548293,0,469599,0,392280,0,316937,0,248557,0,189080,0,138829,0,98832,0,68093,0,45280,0,28911,0,17690,0,10388,0,6049,3166,0,1598,0,773,0,376,0,151,0,83,0,26,0,10,0,2,0,0,0,0,0,0,0,0,0,0,0,0,0,51,1504,2195,345,1,0
0,0,0,0,0,0,0,0,0,0,0,0,0,0,0,0,0,0,0,1,0,3,0,8,0,19,0,66,0,128,0,298,0,601,0,1279,2482,0,4689,0,8387,0,14423,0,24083,0,38326,0,58803,0,87910,0,126386,0,174524,0,234993,0,302112,0,379825,0,458826,0,538433,0,609087,0,670212,0,713104,0,736216,737150,0,716472,0,674538,0,617139,0,548726,0,471181,0,394363,0,319864,0,252466,0,192802,0,143266,0,102613,0,70931,0,47918,0,30600,0,19186,0,11313,0,6626,3485,0,1826,0,875,0,433,0,176,0,85,0,41,0,12,0,1,0,0,0,0,0,0,0,0,0,0,0,0,0,42,1412,2258,383,1,0
0,0,0,0,0,0,0,0,0,0,0,0,0,0,0,0,0,0,0,1,0,4,0,5,0,27,0,62,0,115,0,288,0,614,0,1251,2451,0,4631,0,8258,0,14391,0,23848,0,37974,0,58680,0,87652,0,125194,0,174054,0,233416,0,301831,0,376411,0,458657,0,536419,0,605943,0,666465,0,710834,0,732040,734849,0,713388,0,671489,0,616658,0,547479,0,472419,0,395873,0,323132,0,255876,0,197337,0,146755,0,106506,0,74407,0,50320,0,33105,0,20692,0,12470,0,7098,3957,0,2104,0,1038,0,480,0,217,0,84,0,45,0,14,0,4,0,0,0,0,0,0,0,0,0,0,0,0,0,38,1333,2298,426,1,0
0,0,0,0,0,0,0,0,0,0,0,0,0,0,0,0,0,0,0,1,0,1,0,10,0,25,0,61,0,114,0,265,0,609,0,1238,2505,0,4569,0,8076,0,14220,0,23633,0,37824,0,58243,0,87035,0,124876,0,173033,0,232503,0,300860,0,375685,0,455400,0,534473,0,605307,0,662985,0,706198,0,730422,731003,0,709345,0,670031,0,614442,0,546097,0,472785,0,397114,0,325891,0,259739,0,201282,0,151106,0,110465,0,77894,0,53357,0,35604,0,22399,0,13619,0,7950,4482,0,2337,0,1187,0,570,0,265,0,107,0,41,0,26,0,3,0,0,0,0,0,0,0,0,0,0,0,0,0,33,1264,2328,468,3,0
0,0,0,0,0,0,0,0,0,0,0,0,0,0,0,0,0,0,0,1,0,1,0,10,0,27,0,54,0,102,0,260,0,582,0,1287,2453,0,4490,0,8021,0,14111,0,23365,0,37543,0,57835,0,86795,0,123795,0,172113,0,231770,0,299669,0,373837,0,454844,0,531861,0,602837,0,661376,0,704064,0,725634,727702,0,706886,0,667235,0,611055,0,544698,0,472805,0,399101,0,328110,0,263095,0,204747,0,155271,0,114803,0,81877,0,56434,0,38115,0,24332,0,15101,0,8890,5051,0,2712,0,1345,0,669,0,314,0,134,0,56,0,31,0,6,0,0,0,0,0,0,0,0,0,0,0,0,0,33,1190,2339,530,4,0
0,0,0,0,0,0,0,0,0,0,0,0,0,0,0,0,0,0,0,1,0,1,0,9,0,30,0,47,0,112,0,241,0,587,0,1285,2421,0,4320,0,8077,0,13904,0,23229,0,37133,0,57406,0,86028,0,122931,0,172056,0,230389,0,298920,0,373029,0,452693,0,530269,0,600268,0,659224,0,702247,0,723214,723857,0,703973,0,662629,0,608663,0,543231,0,472020,0,399190,0,330910,0,265784,0,208512,0,159647,0,118712,0,86089,0,59847,0,41158,0,26518,0,16691,0,9860,5820,0,3138,0,1556,0,780,0,373,0,167,0,74,0,33,0,9,0,0,0,0,0,0,0,0,0,0,0,0,0,27,1104,2373,588,4,0
0,0,0,0,0,0,0,0,0,0,0,0,0,0,0,0,0,0,0,1,0,2,0,4,0,26,0,57,0,106,0,249,0,566,0,1241,2357,0,4435,0,7832,0,13813,0,22806,0,37200,0,56890,0,85580,0,122610,0,170738,0,229547,0,296918,0,372647,0,451459,0,528568,0,598187,0,657856,0,699041,0,719830,721319,0,701118,0,659553,0,604998,0,540958,0,471172,0,400357,0,331268,0,268829,0,211767,0,163663,0,123384,0,89951,0,63767,0,44186,0,29119,0,18290,0,11353,6458,0,3694,0,1829,0,926,0,450,0,199,0,77,0,48,0,12,0,1,0,0,0,0,0,0,0,0,0,0,0,23,1048,2375,645,5,0
0,0,0,0,0,0,0,0,0,0,0,0,0,0,0,0,0,0,0,1,0,2,0,3,0,20,0,57,0,115,0,263,0,565,0,1200,2356,0,4406,0,7750,0,13637,0,22725,0,36740,0,56611,0,84506,0,122386,0,169829,0,228712,0,295520,0,371488,0,449744,0,526932,0,596969,0,654945,0,697133,0,717037,719507,0,697424,0,656818,0,601886,0,539300,0,469247,0,399440,0,332311,0,270622,0,215155,0,167893,0,127779,0,94153,0,67696,0,47433,0,31990,0,20366,0,12707,7507,0,4169,0,2233,0,1061,0,549,0,250,0,92,0,53,0,14,0,5,0,0,0,0,0,0,0,0,0,0,0,16,991,2365,719,5,0
0,0,0,0,0,0,0,0,0,0,0,0,0,0,0,0,0,0,0,0,0,1,0,7,0,21,0,42,0,129,0,264,0,560,0,1159,2330,0,4336,0,7721,0,13450,0,22539,0,36417,0,56095,0,84345,0,121199,0,169311,0,227176,0,294743,0,369868,0,448685,0,525771,0,594260,0,654082,0,694457,0,716130,715416,0,695097,0,654218,0,598910,0,535752,0,467512,0,398587,0,332113,0,272873,0,218283,0,171777,0,131439,0,98954,0,71832,0,50987,0,34972,0,22595,0,14365,8591,0,4932,0,2581,0,1277,0,635,0,308,0,126,0,56,0,18,0,7,0,1,0,0,0,0,0,0,0,0,0,15,923,2356,796,6,0
0,0,0,0,0,0,0,0,0,0,0,0,0,0,0,0,0,0,0,0,0,1,0,7,0,21,0,48,0,126,0,266,0,520,0,1169,2266,0,4204,0,7667,0,13392,0,22299,0,35996,0,55548,0,83745,0,120401,0,168357,0,226381,0,294660,0,367944,0,446683,0,523558,0,594443,0,651973,0,692788,0,713888,713395,0,691567,0,650637,0,597126,0,532108,0,465777,0,397018,0,331969,0,273336,0,221507,0,175094,0,136014,0,103092,0,76356,0,54878,0,38056,0,25341,0,16143,9798,0,5656,0,3109,0,1608,0,758,0,368,0,148,0,65,0,24,0,12,0,0,0,1,0,0,0,0,0,0,0,15,852,2358,861,10,0
0,0,0,0,0,0,0,0,0,0,0,0,0,0,0,0,0,0,0,0,0,1,0,5,0,28,0,40,0,115,0,268,0,532,0,1137,2268,0,4175,0,7600,0,13076,0,22063,0,35735,0,54977,0,83507,0,119299,0,167723,0,225298,0,293121,0,366779,0,445481,0,522826,0,592450,0,649939,0,691859,0,711960,712056,0,688170,0,647816,0,593463,0,529904,0,462582,0,394572,0,332108,0,274238,0,223094,0,178283,0,140345,0,107395,0,81004,0,58833,0,41551,0,28167,0,18289,11225,0,6624,0,3715,0,1932,0,927,0,436,0,201,0,70,0,31,0,16,0,2,0,1,0,0,0,0,0,0,0,10,785,2358,929,14,0
0,0,0,0,0,0,0,0,0,0,0,0,0,0,0,0,0,0,0,0,0,1,0,7,0,23,0,43,0,109,0,254,0,552,0,1111,2208,0,4185,0,7367,0,13131,0,21789,0,35230,0,54869,0,82385,0,119060,0,166530,0,224368,0,291220,0,366114,0,443926,0,521312,0,591056,0,649572,0,689957,0,711124,707939,0,687276,0,644689,0,590626,0,527303,0,458990,0,393125,0,330848,0,274314,0,224145,0,181076,0,144105,0,111887,0,85592,0,63136,0,45285,0,31562,0,20489,12825,0,7779,0,4405,0,2350,0,1116,0,532,0,259,0,99,0,31,0,20,0,5,0,1,0,0,0,0,0,0,0,12,742,2314,1007,21,0
0,0,0,0,0,0,0,0,0,0,0,0,0,0,0,0,0,0,0,0,0,0,0,7,0,21,0,42,0,106,0,257,0,540,0,1066,2189,0,4114,0,7409,0,12902,0,21593,0,34713,0,54683,0,82042,0,118121,0,165490,0,223341,0,289384,0,364391,0,443674,0,519542,0,590343,0,647985,0,688913,0,709171,706739,0,685008,0,641222,0,588099,0,524525,0,456235,0,390348,0,329597,0,273776,0,224458,0,184255,0,146805,0,116739,0,89867,0,67711,0,49140,0,35082,0,23186,14789,0,9088,0,5235,0,2840,0,1380,0,633,0,310,0,125,0,56,0,17,0,7,0,1,0,0,0,0,0,0,0,7,681,2315,1065,28,0
0,0,0,0,0,0,0,0,0,0,0,0,0,0,0,0,0,0,0,0,0,2,0,2,0,26,0,35,0,118,0,235,0,500,0,1085,2119,0,4033,0,7463,0,12739,0,21134,0,34823,0,54073,0,81380,0,117746,0,163772,0,222224,0,288309,0,363824,0,441747,0,517991,0,589125,0,646339,0,688679,0,707209,705472,0,683061,0,639030,0,585160,0,521495,0,453040,0,388355,0,327404,0,272556,0,225266,0,184903,0,150884,0,120514,0,94474,0,72404,0,53672,0,38388,0,26061,17066,0,10613,0,6191,0,3412,0,1695,0,831,0,370,0,158,0,73,0,22,0,7,0,3,0,0,0,0,0,0,0,5,657,2245,1153,36,0
0,0,0,0,0,0,0,0,0,0,0,0,0,0,0,0,0,0,0,0,0,0,0,5,0,21,0,44,0,100,0,235,0,500,0,1080,2069,0,3995,0,7340,0,12597,0,21160,0,34052,0,53756,0,81135,0,116002,0,163827,0,220540,0,287099,0,362533,0,440440,0,516470,0,587430,0,645117,0,687896,0,706594,703845,0,681137,0,637681,0,582957,0,518380,0,450377,0,385174,0,324595,0,270940,0,225556,0,186157,0,152807,0,124195,0,99011,0,77355,0,58244,0,42222,0,29381,19657,0,12237,0,7345,0,4126,0,2060,0,1046,0,461,0,197,0,90,0,28,0,12,0,2,0,0,0,0,0,0,0,3,589,2239,1224,41,0
0,0,0,0,0,0,0,0,0,0,0,0,0,0,0,0,0,0,0,0,0,0,0,4,0,15,0,50,0,97,0,217,0,526,0,1063,2071,0,3902,0,7266,0,12439,0,20920,0,33774,0,53217,0,80125,0,115639,0,162199,0,219779,0,285920,0,360325,0,439594,0,514880,0,586362,0,644185,0,686479,0,706128,703653,0,678534,0,637190,0,580395,0,515604,0,447523,0,381692,0,321759,0,268849,0,224677,0,187262,0,154667,0,127614,0,103001,0,81804,0,63171,0,46629,0,33020,22277,0,14399,0,8634,0,4949,0,2532,0,1306,0,570,0,261,0,106,0,41,0,15,0,2,0,0,0,0,0,0,0,0,559,2192,1293,52,0
0,0,0,0,0,0,0,0,0,0,0,0,0,0,0,0,0,0,0,0,0,0,0,2,0,16,0,44,0,93,0,228,0,500,0,1043,2035,0,3867,0,7068,0,12357,0,20681,0,33764,0,52373,0,79771,0,114895,0,160935,0,218083,0,284264,0,359194,0,437795,0,514185,0,583886,0,644033,0,685803,0,704683,702841,0,678763,0,634893,0,578882,0,513091,0,445298,0,378323,0,318812,0,266987,0,222828,0,186580,0,156288,0,130320,0,107250,0,86565,0,67555,0,51367,0,36952,25356,0,16596,0,10257,0,5945,0,3132,0,1603,0,686,0,326,0,152,0,43,0,19,0,4,0,0,0,0,0,0,0,0,514,2123,1393,66,0
0,0,0,0,0,0,0,0,0,0,0,0,0,0,0,0,0,0,0,0,0,2,0,0,0,16,0,36,0,92,0,239,0,500,0,1004,1929,0,3897,0,7007,0,12176,0,20505,0,33348,0,52170,0,78813,0,113856,0,160002,0,217298,0,282931,0,356795,0,437423,0,512262,0,582443,0,642700,0,685061,0,704141,701779,0,678108,0,635084,0,577052,0,509995,0,442491,0,375479,0,315942,0,264375,0,220594,0,185666,0,157059,0,133322,0,110129,0,90950,0,72871,0,56093,0,40981,28960,0,19199,0,12100,0,6955,0,3974,0,1917,0,918,0,403,0,170,0,68,0,25,0,6,0,1,0,0,0,0,0,1,468,2057,1487,83,0
0,0,0,0,0,0,0,0,0,0,0,0,0,0,0,0,0,0,0,0,0,1,0,3,0,14,0,37,0,96,0,232,0,478,0,1004,1965,0,3716,0,6915,0,11935,0,20341,0,32904,0,51944,0,77776,0,113254,0,159181,0,215578,0,281282,0,355943,0,434817,0,511521,0,580385,0,642107,0,684427,0,703665,701602,0,678103,0,632441,0,576389,0,508523,0,440164,0,372691,0,312905,0,260859,0,218493,0,184144,0,157241,0,134614,0,113979,0,94871,0,77703,0,60926,0,45499,32616,0,22353,0,14059,0,8424,0,4773,0,2413,0,1168,0,498,0,210,0,87,0,33,0,9,0,1,0,0,0,0,0,1,452,1983,1566,94,0
0,0,0,0,0,0,0,0,0,0,0,0,0,0,0,0,0,0,0,1,0,2,0,2,0,10,0,34,0,104,0,214,0,463,0,975,1982,0,3745,0,6701,0,11813,0,20051,0,32761,0,51194,0,77237,0,112148,0,158086,0,213996,0,280344,0,353793,0,432956,0,510128,0,580375,0,640931,0,683548,0,702706,701026,0,676584,0,633285,0,574811,0,507515,0,438340,0,370320,0,308827,0,258357,0,215394,0,182531,0,156176,0,135240,0,116960,0,99141,0,81852,0,65912,0,50508,37037,0,25467,0,16375,0,10029,0,5779,0,3007,0,1467,0,633,0,271,0,114,0,40,0,13,0,1,0,0,0,0,0,1,406,1935,1642,112,0
0,0,0,0,0,0,0,0,0,0,0,0,0,0,0,0,0,0,0,0,0,3,0,4,0,11,0,36,0,86,0,229,0,456,0,944,2003,0,3591,0,6651,0,11717,0,19760,0,32353,0,50714,0,76469,0,111577,0,156945,0,212218,0,278836,0,352644,0,431425,0,508360,0,579292,0,639043,0,683289,0,701585,700346,0,677556,0,632084,0,573485,0,508567,0,435207,0,368340,0,305612,0,254783,0,212665,0,180417,0,154784,0,135566,0,118885,0,102621,0,86331,0,70543,0,55748,41390,0,29199,0,19104,0,11991,0,6957,0,3685,0,1818,0,819,0,358,0,139,0,53,0,17,0,1,0,0,0,0,0,0,379,1872,1706,139,0
0,0,0,0,0,0,0,0,0,0,0,0,0,0,0,0,0,0,0,0,0,3,0,3,0,13,0,40,0,88,0,200,0,448,0,934,1899,0,3634,0,6499,0,11651,0,19354,0,32023,0,50393,0,75833,0,110637,0,155478,0,210786,0,277078,0,351559,0,429523,0,506181,0,577333,0,638676,0,681883,0,701646,700600,0,677033,0,632741,0,573487,0,506714,0,434450,0,365822,0,303023,0,251313,0,209110,0,177621,0,153448,0,135036,0,119956,0,105666,0,90480,0,75716,0,60579,45990,0,33379,0,22275,0,14093,0,8356,0,4586,0,2276,0,1055,0,438,0,178,0,74,0,19,0,3,0,0,0,0,0,0,336,1840,1753,167,0
0,0,0,0,0,0,0,0,0,0,0,0,0,0,0,0,0,0,0,2,0,2,0,2,0,14,0,35,0,75,0,208,0,439,0,958,1783,0,3586,0,6469,0,11491,0,19260,0,31667,0,49733,0,75384,0,109400,0,154225,0,209749,0,275100,0,349465,0,427214,0,504779,0,577554,0,636750,0,680562,0,701801,699325,0,677808,0,632434,0,574307,0,505437,0,434627,0,362791,0,300604,0,248728,0,205570,0,173764,0,151480,0,133896,0,120284,0,107885,0,94651,0,80451,0,65591,50799,0,37693,0,26148,0,16522,0,10138,0,5581,0,2819,0,1335,0,588,0,229,0,82,0,36,0,2,0,0,0,0,0,0,306,1782,1819,189,0
0,0,0,0,0,0,0,0,0,0,0,0,0,0,0,0,0,0,0,3,0,0,0,4,0,14,0,26,0,80,0,195,0,439,0,919,1848,0,3391,0,6420,0,11370,0,19055,0,31418,0,49090,0,74672,0,108909,0,152778,0,207817,0,273518,0,347494,0,425855,0,502799,0,575943,0,636939,0,679471,0,700442,699984,0,676535,0,633605,0,574310,0,505420,0,433263,0,361737,0,298193,0,245290,0,202449,0,170972,0,148305,0,131937,0,119849,0,109802,0,97805,0,84825,0,70901,56166,0,42298,0,29652,0,19692,0,12095,0,6880,0,3546,0,1683,0,753,0,296,0,109,0,45,0,5,0,1,0,0,0,0,268,1750,1862,216,0
0,0,0,0,0,0,0,0,0,0,0,0,0,0,0,0,0,0,0,2,0,1,0,3,0,13,0,26,0,75,0,199,0,433,0,925,1779,0,3396,0,6270,0,11143,0,19010,0,30791,0,48781,0,73907,0,107895,0,151664,0,206458,0,271483,0,345158,0,424007,0,501634,0,573752,0,635848,0,679281,0,699724,699991,0,677144,0,633279,0,575282,0,505852,0,431507,0,362159,0,295480,0,242550,0,199145,0,167069,0,145242,0,129896,0,119289,0,109906,0,100295,0,88900,0,75866,61457,0,47432,0,33981,0,23026,0,14351,0,8342,0,4541,0,2109,0,962,0,400,0,135,0,58,0,7,0,1,0,0,0,0,244,1676,1926,250,0
0,0,0,0,0,0,0,0,0,0,0,0,0,0,0,0,0,0,0,2,0,1,0,3,0,15,0,21,0,68,0,192,0,411,0,882,1835,0,3294,0,6228,0,11036,0,18576,0,30481,0,48303,0,72957,0,106721,0,150839,0,205126,0,270109,0,342782,0,421461,0,500222,0,572403,0,633307,0,679760,0,697839,701233,0,677512,0,633603,0,576025,0,506694,0,430722,0,360829,0,294482,0,240308,0,196105,0,162996,0,142108,0,126594,0,117551,0,109847,0,102033,0,92818,0,80578,66995,0,52547,0,38756,0,26550,0,17109,0,10170,0,5572,0,2740,0,1183,0,514,0,174,0,72,0,17,0,1,0,0,0,0,219,1603,1981,293,0
0,0,0,0,0,0,0,0,0,0,0,0,0,0,0,0,0,0,0,2,0,1,0,6,0,9,0,29,0,68,0,185,0,402,0,870,1766,0,3296,0,6058,0,10853,0,18425,0,30030,0,47720,0,72126,0,105934,0,148846,0,204303,0,268322,0,341670,0,419307,0,497786,0,570750,0,633178,0,676391,0,699106,701421,0,676791,0,635677,0,575471,0,507133,0,431709,0,359418,0,294338,0,237456,0,192839,0,159974,0,138066,0,123526,0,114875,0,109038,0,103650,0,95432,0,84919,72190,0,58099,0,43666,0,30808,0,20157,0,12389,0,6785,0,3459,0,1588,0,634,0,258,0,84,0,21,0,2,0,0,0,0,186,1555,2007,348,0
0,0,0,0,0,0,0,0,0,0,0,0,0,0,0,0,0,0,0,1,0,2,0,5,0,11,0,21,0,72,0,166,0,416,0,866,1697,0,3219,0,6065,0,10743,0,17953,0,29923,0,46980,0,71750,0,104804,0,147532,0,202969,0,267258,0,338633,0,417064,0,495263,0,570267,0,631238,0,675346,0,698792,700754,0,678796,0,634412,0,578262,0,506012,0,433051,0,359715,0,293256,0,236052,0,189485,0,156803,0,133767,0,120339,0,111804,0,107643,0,103642,0,97993,0,88648,77114,0,63834,0,48929,0,35368,0,23655,0,14810,0,8300,0,4465,0,2042,0,833,0,317,0,125,0,26,0,4,0,0,0,0,172,1488,2035,400,1
0,0,0,0,0,0,0,0,0,0,0,0,0,0,0,0,0,0,0,1,0,4,0,2,0,9,0,21,0,64,0,181,0,390,0,864,1648,0,3225,0,5934,0,10480,0,17820,0,29425,0,46576,0,70851,0,103581,0,146852,0,201241,0,265103,0,337400,0,414532,0,493273,0,568011,0,629217,0,674806,0,698554,700671,0,678486,0,637850,0,577002,0,508541,0,433160,0,359759,0,292435,0,234228,0,187799,0,153088,0,130306,0,115868,0,108919,0,104815,0,103689,0,99236,0,92141,81441,0,69603,0,54462,0,40330,0,27670,0,17652,0,10226,0,5523,0,2588,0,1120,0,422,0,167,0,42,0,7,0,1,0,0,159,1409,2065,462,1
0,0,0,0,0,0,0,0,0,0,0,0,0,0,0,0,0,1,0,1,0,3,0,2,0,11,0,19,0,79,0,164,0,369,0,824,1697,0,3228,0,5786,0,10350,0,17632,0,28923,0,46025,0,70016,0,102562,0,146165,0,199111,0,262891,0,335603,0,412887,0,490919,0,565466,0,626996,0,673741,0,699828,699982,0,678311,0,639111,0,578885,0,508926,0,434646,0,359534,0,292554,0,232903,0,185657,0,150463,0,126445,0,112087,0,104846,0,102628,0,101715,0,99623,0,94902,86100,0,74551,0,60438,0,45732,0,31995,0,20943,0,12496,0,6885,0,3369,0,1409,0,607,0,198,0,59,0,12,0,1,0,0,131,1377,2057,530,1
0,0,0,0,0,0,0,0,0,0,0,0,0,0,0,0,0,1,0,0,0,2,0,6,0,10,0,24,0,71,0,161,0,351,0,836,1662,0,3079,0,5816,0,10129,0,17507,0,28621,0,45156,0,69423,0,101798,0,144382,0,198372,0,260286,0,333446,0,410634,0,490172,0,561674,0,626213,0,671987,0,699362,700236,0,679041,0,639358,0,581340,0,509993,0,434829,0,360398,0,292560,0,232653,0,183675,0,147633,0,123139,0,108178,0,101063,0,98845,0,99743,0,99302,0,96219,90178,0,79502,0,66025,0,51662,0,37000,0,24430,0,15299,0,8508,0,4317,0,1854,0,785,0,256,0,85,0,24,0,1,0,0,121,1301,2096,575,3
0,0,0,0,0,0,0,0,0,0,0,0,0,0,0,0,0,0,0,1,0,2,0,5,0,12,0,19,0,76,0,162,0,350,0,822,1609,0,3062,0,5608,0,10132,0,17002,0,28392,0,44796,0,68814,0,100618,0,143136,0,195943,0,258895,0,330774,0,409352,0,487368,0,559672,0,623894,0,671977,0,697764,700185,0,680850,0,640201,0,581935,0,510900,0,436942,0,360987,0,292752,0,231722,0,183355,0,145033,0,120034,0,104088,0,97519,0,94940,0,96300,0,98603,0,96971,92898,0,84254,0,71626,0,57359,0,42517,0,28841,0,18366,0,10404,0,5441,0,2539,0,978,0,373,0,106,0,30,0,5,0,1,101,1239,2116,635,5
0,0,0,0,0,0,0,0,0,0,0,0,0,0,0,0,0,0,0,1,0,3,0,6,0,9,0,20,0,82,0,161,0,358,0,773,1622,0,3028,0,5518,0,9949,0,16887,0,27882,0,44430,0,67890,0,99669,0,141656,0,194337,0,257412,0,328989,0,406762,0,483927,0,559153,0,621076,0,670635,0,696694,700252,0,681750,0,641523,0,582259,0,513541,0,438111,0,361973,0,293130,0,231983,0,181466,0,143852,0,117072,0,100770,0,92901,0,90933,0,93178,0,95876,0,97337,94950,0,88289,0,77216,0,63128,0,48215,0,33845,0,21786,0,12894,0,6897,0,3247,0,1307,0,489,0,158,0,45,0,9,0,1,87,1198,2090,716,5
0,0,0,0,0,0,0,0,0,0,0,0,0,0,0,0,0,0,0,0,0,3,0,9,0,8,0,23,0,73,0,155,0,341,0,753,1583,0,3001,0,5514,0,9751,0,16670,0,27529,0,43814,0,67093,0,98396,0,140252,0,192816,0,255435,0,326490,0,403584,0,483087,0,556673,0,620110,0,667871,0,696078,700664,0,681985,0,642329,0,584673,0,515167,0,438920,0,363707,0,293773,0,231993,0,180840,0,142470,0,114449,0,97275,0,88884,0,86664,0,89513,0,92988,0,96201,95793,0,91760,0,82677,0,68673,0,54251,0,39335,0,25980,0,15624,0,8734,0,4181,0,1755,0,647,0,223,0,58,0,12,0,2,77,1101,2121,791,6
0,0,0,0,0,0,0,0,0,0,0,0,0,0,0,0,0,0,0,0,0,4,0,6,0,9,0,28,0,73,0,141,0,349,0,736,1507,0,2991,0,5420,0,9708,0,16434,0,27176,0,43221,0,66134,0,97451,0,139176,0,191123,0,254097,0,323051,0,401530,0,481022,0,553359,0,618173,0,666982,0,695032,700944,0,682634,0,643773,0,585591,0,516883,0,441086,0,364933,0,294377,0,232638,0,180778,0,140665,0,112914,0,94096,0,84484,0,82712,0,84954,0,89733,0,94476,95969,0,93923,0,87087,0,74741,0,60347,0,45095,0,30755,0,18960,0,10749,0,5418,0,2376,0,878,0,303,0,87,0,18,0,1,70,1043,2116,859,9
0,0,0,0,0,0,0,0,0,0,0,0,0,0,0,0,0,0,0,0,0,3,0,5,0,9,0,29,0,55,0,167,0,318,0,716,1493,0,2932,0,5412,0,9631,0,16071,0,26908,0,42754,0,65079,0,96396,0,138255,0,189225,0,250785,0,322301,0,398703,0,477419,0,551970,0,615512,0,665731,0,695555,700728,0,683420,0,644745,0,586674,0,517649,0,443593,0,366390,0,296108,0,232863,0,180669,0,139763,0,110666,0,91538,0,81079,0,78097,0,80744,0,85861,0,91708,95447,0,94952,0,90852,0,80502,0,66435,0,51268,0,36099,0,22819,0,13445,0,6869,0,3108,0,1216,0,423,0,110,0,34,0,3,57,988,2116,922,14
0,0,0,0,0,0,0,0,0,0,0,0,0,0,0,0,0,0,0,0,0,3,0,6,0,8,0,26,0,67,0,167,0,292,0,708,1479,0,2831,0,5428,0,9391,0,15915,0,26570,0,42102,0,64315,0,95501,0,136815,0,187440,0,249031,0,319161,0,396082,0,474106,0,550375,0,614068,0,663040,0,695450,700904,0,684174,0,645312,0,588949,0,519419,0,444429,0,369452,0,297546,0,233090,0,181342,0,139052,0,108465,0,89339,0,78084,0,73808,0,76319,0,81591,0,88031,94056,0,95727,0,93014,0,85223,0,73096,0,57396,0,41840,0,27416,0,16501,0,8799,0,4096,0,1677,0,586,0,147,0,46,0,8,47,929,2102,1004,15
0,0,0,0,0,0,0,0,0,0,0,0,0,0,0,0,0,0,0,1,0,1,0,7,0,4,0,29,0,63,0,170,0,308,0,697,1428,0,2745,0,5268,0,9360,0,15827,0,25952,0,41556,0,63851,0,94266,0,134992,0,185519,0,247124,0,316875,0,393330,0,471679,0,547918,0,611783,0,663099,0,691775,701464,0,685499,0,646709,0,589732,0,522495,0,445465,0,371116,0,299890,0,233865,0,181632,0,138987,0,107311,0,87195,0,74952,0,70275,0,71520,0,77191,0,84527,90548,0,95402,0,95314,0,89306,0,78537,0,64182,0,47951,0,32849,0,19966,0,11063,0,5393,0,2223,0,832,0,221,0,58,0,12,41,851,2128,1057,22
0,0,0,0,0,0,0,0,0,0,0,0,0,0,0,0,0,0,0,1,0,1,0,5,0,6,0,27,0,59,0,160,0,311,0,687,1351,0,2738,0,5131,0,9280,0,15602,0,25819,0,40769,0,63428,0,92989,0,133397,0,183965,0,244693,0,314301,0,390588,0,469324,0,544572,0,610192,0,660520,0,692009,700859,0,686200,0,647730,0,591790,0,523280,0,448278,0,373733,0,301449,0,235769,0,181211,0,139363,0,106493,0,84976,0,72380,0,66827,0,67413,0,72426,0,80089,87895,0,93273,0,95658,0,92800,0,83847,0,70914,0,54433,0,38610,0,24460,0,13733,0,6898,0,3029,0,1139,0,331,0,77,0,20,34,800,2101,1129,36
0,0,0,0,0,0,0,0,0,0,0,0,0,0,0,0,0,0,0,1,0,0,0,6,0,4,0,23,0,63,0,139,0,318,0,670,1362,0,2677,0,5017,0,9114,0,15551,0,25450,0,40297,0,62255,0,91981,0,131562,0,182730,0,242343,0,312396,0,386811,0,466949,0,541804,0,607696,0,659128,0,691417,700276,0,686035,0,649353,0,593719,0,525132,0,450766,0,375996,0,302889,0,237018,0,182354,0,139561,0,105899,0,83682,0,69842,0,63908,0,63374,0,67539,0,75637,83789,0,91282,0,95172,0,95007,0,88511,0,76995,0,61330,0,44704,0,29320,0,17291,0,8975,0,4011,0,1532,0,495,0,122,0,25,26,744,2092,1191,50
0,0,0,0,0,0,0,0,0,0,0,0,0,0,0,0,0,0,0,1,0,1,0,4,0,8,0,23,0,61,0,144,0,294,0,651,1411,0,2577,0,4999,0,8896,0,15278,0,24973,0,40040,0,61412,0,90553,0,130667,0,180373,0,240866,0,308779,0,384555,0,463682,0,539459,0,605032,0,657701,0,689298,700565,0,687161,0,650350,0,595287,0,527481,0,453222,0,378876,0,303636,0,238972,0,183751,0,139135,0,105857,0,82845,0,67852,0,60572,0,60245,0,63340,0,70245,79264,0,87980,0,94234,0,95901,0,92357,0,82846,0,68013,0,51394,0,35054,0,21377,0,11435,0,5259,0,2133,0,705,0,185,0,35,21,677,2082,1258,68
0,0,0,0,0,0,0,0,0,0,0,0,0,0,0,0,0,0,0,1,0,1,0,3,0,9,0,13,0,62,0,146,0,287,0,625,1357,0,2641,0,4928,0,8694,0,14926,0,24765,0,39244,0,60657,0,89831,0,128892,0,178291,0,238984,0,306719,0,382042,0,460708,0,536076,0,602038,0,654479,0,689355,700262,0,687518,0,651412,0,597658,0,530376,0,455392,0,380238,0,306417,0,240669,0,184747,0,139596,0,106077,0,81634,0,66189,0,58280,0,56451,0,59762,0,65689,74251,0,83959,0,91848,0,95697,0,95102,0,87514,0,75182,0,58394,0,41309,0,26111,0,14604,0,7054,0,2792,0,1016,0,266,0,57,17,639,2046,1315,94
0,0,0,0,0,0,0,0,0,0,0,0,0,0,0,0,0,0,0,1,0,0,0,5,0,6,0,17,0,63,0,132,0,311,0,617,1316,0,2572,0,4797,0,8500,0,14862,0,24263,0,38881,0,59757,0,88802,0,127768,0,176509,0,235350,0,305057,0,379035,0,458652,0,532170,0,599815,0,653158,0,687146,699818,0,687054,0,653537,0,599366,0,532916,0,457863,0,382960,0,309160,0,241413,0,186423,0,140187,0,105992,0,81053,0,64665,0,56378,0,53549,0,55864,0,61242,69515,0,79103,0,88867,0,94499,0,96644,0,91545,0,81143,0,65797,0,48267,0,31452,0,18435,0,9289,0,3841,0,1442,0,367,0,82,15,586,2032,1356,129
0,0,0,0,0,0,0,0,0,0,0,0,0,0,0,0,0,0,0,1,0,1,0,0,0,8,0,15,0,64,0,132,0,283,0,617,1231,0,2606,0,4631,0,8360,0,14623,0,23945,0,38516,0,58802,0,88056,0,126240,0,174441,0,232664,0,301978,0,377220,0,454677,0,529845,0,596542,0,651466,0,686714,698455,0,687441,0,653632,0,601493,0,535187,0,461248,0,385224,0,311414,0,244170,0,187951,0,141173,0,105680,0,80636,0,63816,0,54189,0,51084,0,52269,0,57254,64690,0,74376,0,84411,0,92759,0,96374,0,94998,0,86646,0,72640,0,55581,0,37977,0,22844,0,12023,0,5290,0,1988,0,564,0,134,13,537,2001,1415,153
0,0,0,0,0,0,0,0,0,0,0,0,0,0,0,0,0,0,0,0,0,2,0,0,0,4,0,20,0,60,0,120,0,310,0,592,1199,0,2548,0,4586,0,8314,0,14291,0,23534,0,37947,0,58158,0,86773,0,124504,0,172570,0,231201,0,298931,0,374533,0,451144,0,526658,0,593782,0,649059,0,684939,698536,0,687653,0,653976,0,604833,0,536638,0,464685,0,387528,0,313139,0,246784,0,190043,0,142338,0,106156,0,79664,0,63235,0,52883,0,48442,0,49236,0,53397,59854,0,69801,0,79825,0,89079,0,95626,0,96852,0,91168,0,79329,0,63501,0,44811,0,28078,0,15409,0,7234,0,2755,0,811,0,202,13,498,1953,1469,195
0,0,0,0,0,0,0,0,0,0,0,0,0,0,0,0,0,0,0,0,0,0,0,2,0,9,0,16,0,51,0,126,0,280,0,585,1216,0,2447,0,4593,0,8153,0,14064,0,23249,0,37250,0,57742,0,85439,0,122800,0,171053,0,228729,0,296371,0,371485,0,446281,0,524182,0,592159,0,646691,0,682285,697428,0,688039,0,656416,0,605159,0,540441,0,467215,0,389937,0,316584,0,248947,0,191746,0,143683,0,106398,0,79899,0,62244,0,51310,0,46925,0,46193,0,49484,56248,0,64738,0,74916,0,85062,0,93184,0,97359,0,94886,0,85517,0,70639,0,52640,0,34237,0,19545,0,9635,0,3844,0,1208,0,298,10,479,1910,1503,244
0,0,0,0,0,0,0,0,0,0,0,0,0,0,0,0,0,0,0,0,0,0,0,2,0,6,0,15,0,55,0,134,0,259,0,618,1148,0,2409,0,4517,0,7933,0,13899,0,22722,0,36796,0,56944,0,84396,0,121249,0,169200,0,226497,0,293810,0,367203,0,443919,0,521338,0,589195,0,644111,0,680390,697355,0,688104,0,656853,0,606696,0,543700,0,469442,0,393955,0,318186,0,251795,0,193951,0,144449,0,107517,0,79814,0,61929,0,50287,0,44616,0,44145,0,46426,51992,0,59995,0,70072,0,80479,0,90317,0,96008,0,97264,0,90526,0,78023,0,60251,0,41468,0,24610,0,12716,0,5279,0,1795,0,452,7,447,1892,1529,301
0,0,0,0,0,0,0,0,0,0,0,0,0,0,0,0,0,0,0,0,0,0,0,1,0,8,0,19,0,57,0,115,0,262,0,600,1161,0,2378,0,4380,0,7776,0,13644,0,22605,0,36112,0,56019,0,83637,0,119791,0,166581,0,224471,0,290903,0,364266,0,441768,0,516186,0,585826,0,642364,0,678795,695996,0,687447,0,660652,0,607889,0,544983,0,473264,0,396695,0,321299,0,254176,0,195655,0,146303,0,108363,0,79935,0,61252,0,49528,0,43307,0,41716,0,43605,48361,0,55539,0,65282,0,75901,0,86410,0,93510,0,97987,0,94676,0,84458,0,68398,0,49161,0,30810,0,16369,0,7229,0,2616,0,692,6,442,1840,1580,351
0,0,0,0,0,0,0,0,0,0,0,0,0,0,0,0,0,0,0,0,0,0,0,2,0,8,0,25,0,43,0,126,0,253,0,547,1185,0,2309,0,4232,0,7678,0,13303,0,22602,0,35637,0,55261,0,81719,0,118941,0,164964,0,221788,0,288410,0,360840,0,438194,0,512810,0,583164,0,637983,0,678326,694921,0,688714,0,660777,0,610686,0,546176,0,475848,0,400215,0,324941,0,256560,0,197400,0,148112,0,109257,0,80682,0,60942,0,48653,0,42100,0,39753,0,41120,44944,0,51542,0,60400,0,70872,0,81734,0,90782,0,96718,0,97614,0,89849,0,76278,0,57444,0,38030,0,21076,0,9903,0,3673,0,1046,4,471,1814,1590,417
0,0,0,0,0,0,0,0,0,0,0,0,0,0,0,0,0,0,0,0,0,0,0,3,0,10,0,20,0,53,0,122,0,251,0,516,1204,0,2259,0,4135,0,7489,0,13222,0,22106,0,35020,0,54329,0,81066,0,117134,0,163009,0,219886,0,284597,0,358391,0,433753,0,509699,0,580302,0,636354,0,675920,693145,0,689156,0,660802,0,613066,0,549937,0,478019,0,403176,0,328097,0,259194,0,199652,0,149960,0,110422,0,81307,0,61022,0,48212,0,40975,0,38021,0,38670,42092,0,47711,0,56041,0,65506,0,76574,0,87430,0,94880,0,98264,0,94618,0,83408,0,65858,0,45709,0,27166,0,13168,0,5310,0,1559,3,546,1771,1624,487
0,0,0,0,0,0,0,0,0,0,0,0,0,0,0,0,0,0,0,0,0,0,0,2,0,15,0,17,0,50,0,115,0,235,0,527,1157,0,2252,0,4095,0,7316,0,13007,0,21788,0,34504,0,53662,0,80014,0,115891,0,160677,0,217324,0,282234,0,354058,0,431304,0,506043,0,575681,0,634670,0,673816,692149,0,688982,0,661604,0,614277,0,553326,0,481712,0,405633,0,331397,0,262518,0,201018,0,152101,0,112154,0,81753,0,61173,0,47772,0,40184,0,36575,0,36644,39315,0,44488,0,51621,0,60862,0,71578,0,82247,0,92532,0,97609,0,97519,0,89754,0,74095,0,54241,0,34059,0,17705,0,7293,0,2441,3,689,1716,1670,545
0,0,0,0,0,0,0,0,0,0,0,0,0,0,0,0,0,0,0,0,0,0,0,1,0,12,0,20,0,42,0,117,0,228,0,506,1113,0,2253,0,3969,0,7273,0,12844,0,21338,0,34055,0,52716,0,78956,0,114401,0,159156,0,214575,0,278488,0,351791,0,427002,0,502658,0,572593,0,631732,0,671641,691210,0,688535,0,662194,0,617067,0,556562,0,483712,0,409407,0,333945,0,265380,0,203994,0,153854,0,113640,0,82207,0,61739,0,47485,0,39311,0,35411,0,35051,37133,0,41357,0,47735,0,56268,0,65926,0,77675,0,88373,0,95934,0,99036,0,94721,0,82150,0,62951,0,41933,0,23418,0,10104,0,3569,3,950,1672,1723,593
0,0,0,0,0,0,0,0,0,0,0,0,0,0,0,0,0,0,0,0,0,0,0,2,0,13,0,14,0,48,0,96,0,226,0,506,1082,0,2169,0,3933,0,7180,0,12688,0,20863,0,33748,0,51725,0,78088,0,113169,0,156996,0,211642,0,276429,0,347172,0,424047,0,498236,0,570648,0,628148,0,669618,690280,0,688362,0,662019,0,619464,0,558702,0,486938,0,412391,0,337931,0,268357,0,206562,0,155819,0,115065,0,83521,0,61986,0,47375,0,38398,0,34621,0,33288,35040,0,38618,0,44499,0,52061,0,61025,0,72288,0,83299,0,93350,0,98785,0,98039,0,89069,0,72151,0,50707,0,30088,0,14170,0,5111,3,1459,1618,1799,664
0,0,0,0,0,0,0,0,0,0,0,0,0,0,0,0,0,0,0,0,0,0,0,3,0,9,0,18,0,51,0,92,0,214,0,483,1078,0,2112,0,3899,0,7036,0,12464,0,20472,0,33160,0,51137,0,77362,0,110746,0,155288,0,209962,0,273070,0,344252,0,419562,0,496442,0,565189,0,625473,0,667216,688577,0,687030,0,664481,0,620381,0,561569,0,489982,0,416624,0,340542,0,271594,0,209452,0,158023,0,116369,0,85105,0,62461,0,47102,0,38268,0,33655,0,31911,33082,0,36294,0,41243,0,48230,0,56704,0,66738,0,78319,0,89117,0,97059,0,99945,0,94468,0,81129,0,59928,0,37854,0,19531,0,7457,2,2182,1535,1961,714
0,0,0,0,0,0,0,0,0,0,0,0,0,0,0,0,0,0,0,0,0,0,0,1,0,10,0,20,0,42,0,92,0,209,0,473,1028,0,2070,0,3886,0,6867,0,12281,0,20142,0,32529,0,50343,0,76130,0,109634,0,153416,0,206862,0,270118,0,341660,0,415441,0,491445,0,562817,0,621165,0,665558,687294,0,686740,0,665761,0,621593,0,563109,0,493812,0,419461,0,345231,0,274253,0,212385,0,160346,0,118352,0,86495,0,63228,0,46969,0,38107,0,32619,0,30879,31417,0,34021,0,38600,0,44745,0,52502,0,61788,0,72846,0,84499,0,93927,0,99818,0,98217,0,88722,0,70085,0,46643,0,26013,0,10952,1,3309,1469,2178,783
0,0,0,0,0,0,0,0,0,0,0,0,0,0,0,0,0,0,0,0,0,0,0,1,0,10,0,18,0,39,0,98,0,207,0,466,1002,0,2010,0,3781,0,6798,0,11935,0,19894,0,32068,0,49749,0,74962,0,108141,0,151302,0,204252,0,266791,0,338196,0,412883,0,487473,0,558136,0,619226,0,661896,685769,0,686281,0,665505,0,623835,0,565798,0,498038,0,422713,0,347689,0,278104,0,215604,0,162891,0,120093,0,87375,0,64283,0,47702,0,37628,0,31791,0,30083,29730,0,32100,0,36249,0,41511,0,48678,0,57169,0,67562,0,78878,0,90146,0,98243,0,100222,0,94449,0,80009,0,56569,0,33797,0,15645,1,5112,1398,2575,849
0,0,0,0,0,0,0,0,0,0,0,0,0,0,0,0,0,0,0,0,0,0,0,2,0,8,0,16,0,43,0,98,0,195,0,470,991,0,1943,0,3756,0,6664,0,11645,0,19684,0,31524,0,49135,0,73876,0,106662,0,148916,0,202231,0,263752,0,334996,0,408343,0,483889,0,554107,0,615278,0,659003,685401,0,685571,0,665314,0,625482,0,568947,0,500874,0,426975,0,350982,0,280836,0,219100,0,165185,0,122532,0,89137,0,65052,0,48027,0,37381,0,31429,0,28973,28705,0,30418,0,33655,0,38776,0,45083,0,53019,0,62382,0,73835,0,84929,0,94860,0,101159,0,98877,0,87645,0,67659,0,42821,0,21740,1,7893,1322,3278,926
0,0,0,0,0,0,0,0,0,0,0,0,0,0,0,0,0,0,0,0,0,0,0,0,0,9,0,17,0,47,0,87,0,204,0,474,961,0,1925,0,3567,0,6544,0,11564,0,19253,0,31392,0,48144,0,72728,0,105424,0,146721,0,199556,0,260601,0,331001,0,405346,0,480163,0,550140,0,611195,0,657026,681369,0,687069,0,665827,0,626553,0,571534,0,504252,0,430546,0,355435,0,284788,0,222234,0,168423,0,124627,0,91417,0,66294,0,49120,0,38264,0,31927,0,29052,28916,0,30244,0,33611,0,38355,0,44938,0,52618,0,62175,0,72973,0,84626,0,94600,0,101174,0,99478,0,88343,0,68791,0,43703,0,22347,0,8106,1269,3385,936
0,0,0,0,0,0,0,0,0,0,0,0,0,0,0,0,0,0,0,0,0,0,0,1,0,5,0,22,0,34,0,101,0,207,0,444,978,0,1880,0,3506,0,6423,0,11405,0,18830,0,30843,0,47590,0,71433,0,104156,0,144945,0,196639,0,258486,0,326310,0,401833,0,475942,0,547129,0,607058,0,653305,681328,0,684480,0,666356,0,628881,0,573280,0,509057,0,433889,0,359033,0,288900,0,225699,0,171296,0,127468,0,93114,0,68009,0,50378,0,38974,0,32308,0,29385,28662,0,30294,0,33520,0,38225,0,44883,0,51966,0,61921,0,72373,0,84257,0,94467,0,100868,0,100235,0,88892,0,69769,0,44786,0,22949,0,8351,1224,3474,952
0,0,0,0,0,0,0,0,0,0,0,0,0,0,0,0,0,0,0,0,0,0,0,2,0,5,0,16,0,45,0,91,0,177,0,463,948,0,1895,0,3378,0,6336,0,11171,0,18620,0,30136,0,47109,0,70125,0,102495,0,143489,0,194418,0,254737,0,323009,0,397740,0,472524,0,542280,0,604314,0,650366,678861,0,684043,0,668028,0,629112,0,576118,0,511795,0,437954,0,362837,0,292749,0,229387,0,174578,0,129988,0,95339,0,69487,0,51399,0,39722,0,32831,0,29473,28763,0,30339,0,33321,0,38221,0,44299,0,51761,0,61474,0,71915,0,83894,0,94372,0,100769,0,100598,0,89813,0,70364,0,45959,0,23609,0,8659,1178,3540,970
0,0,0,0,0,0,0,0,0,0,0,0,0,0,0,0,0,0,0,0,0,0,0,5,0,4,0,15,0,47,0,93,0,163,0,438,957,0,1846,0,3400,0,6181,0,10891,0,18391,0,29588,0,46441,0,69162,0,100709,0,141446,0,191842,0,251969,0,320334,0,393619,0,468354,0,539166,0,600326,0,648140,676161,0,683438,0,667594,0,631145,0,577958,0,514961,0,440774,0,368208,0,295811,0,232959,0,177774,0,132841,0,97368,0,71052,0,52662,0,40621,0,33341,0,29769,28760,0,30255,0,33405,0,37684,0,44273,0,51365,0,60966,0,71497,0,83398,0,94337,0,100613,0,100999,0,90643,0,71317,0,47121,0,24108,0,8933,1128,3657,985
0,0,0,0,0,0,0,0,0,0,0,0,0,0,0,0,0,0,0,0,0,1,0,3,0,5,0,17,0,45,0,85,0,184,0,436,955,0,1786,0,3437,0,6095,0,10743,0,17955,0,29327,0,45787,0,67820,0,99221,0,139588,0,189595,0,249514,0,316394,0,390537,0,464165,0,534374,0,597693,0,644095,675625,0,681581,0,667664,0,631703,0,581525,0,516838,0,445274,0,371302,0,300141,0,236474,0,181340,0,135487,0,99493,0,73025,0,53526,0,41571,0,33684,0,30041,29069,0,30175,0,33096,0,37764,0,43848,0,51133,0,60384,0,71187,0,82921,0,93971,0,100681,0,101240,0,91692,0,72334,0,47873,0,24873,0,9158,1084,3766,1008
0,0,0,0,0,0,0,0,0,0,0,0,0,0,0,0,0,0,0,0,0,3,0,0,0,5,0,15,0,50,0,83,0,182,0,407,913,0,1804,0,3365,0,5938,0,10497,0,17672,0,28948,0,44813,0,66961,0,97974,0,137728,0,187710,0,246267,0,313194,0,385788,0,460389,0,530302,0,594666,0,642022,672622,0,679695,0,669211,0,633505,0,582593,0,519807,0,448926,0,374556,0,304678,0,240184,0,184312,0,138087,0,101733,0,74556,0,55353,0,42262,0,34220,0,30324,29254,0,30236,0,32866,0,37806,0,43436,0,50790,0,59794,0,70739,0,82515,0,94043,0,100499,0,101818,0,92118,0,73592,0,48646,0,25561,0,9469,1034,3851,1021
0,0,0,0,0,0,0,0,0,0,0,0,0,0,0,0,0,0,0,0,0,3,0,1,0,2,0,15,0,40,0,86,0,180,0,401,885,0,1762,0,3309,0,5872,0,10289,0,17374,0,28480,0,44079,0,65978,0,96322,0,136405,0,185191,0,243739,0,309609,0,382320,0,455519,0,527335,0,591151,0,639085,669913,0,680078,0,667163,0,634670,0,585702,0,523162,0,451570,0,378866,0,308825,0,242908,0,187445,0,141358,0,103742,0,76521,0,56561,0,43167,0,34823,0,30703,29331,0,30173,0,32802,0,37585,0,43259,0,50485,0,59393,0,70092,0,82298,0,93692,0,100641,0,101874,0,92888,0,74523,0,49674,0,26339,0,9761,985,3957,1047
0,0,0,0,0,0,0,0,0,0,0,0,0,0,0,0,0,0,0,0,0,1,0,3,0,2,0,17,0,33,0,85,0,176,0,390,883,0,1676,0,3234,0,5813,0,10237,0,17107,0,27693,0,43735,0,64926,0,95138,0,134428,0,183088,0,240898,0,306337,0,377591,0,452984,0,523445,0,586664,0,636016,667037,0,679790,0,666725,0,635405,0,588154,0,526581,0,454702,0,382884,0,312175,0,247056,0,190903,0,143818,0,106254,0,78245,0,57848,0,44065,0,35415,0,31019,29678,0,29992,0,32831,0,37240,0,43213,0,50043,0,59000,0,69675,0,81895,0,93225,0,100904,0,102243,0,93280,0,75634,0,50705,0,26954,0,10167,933,4051,1069
0,0,0,0,0,0,0,0,0,0,0,0,0,0,0,0,0,0,0,1,0,0,0,2,0,4,0,14,0,29,0,80,0,186,0,403,844,0,1675,0,3130,0,5733,0,10039,0,16675,0,27433,0,43005,0,64110,0,93693,0,132828,0,180427,0,238931,0,302605,0,373657,0,448771,0,520513,0,582631,0,632406,665615,0,676819,0,668626,0,635745,0,590505,0,528718,0,457515,0,387383,0,315585,0,251255,0,194083,0,146814,0,108398,0,80251,0,59301,0,44982,0,35823,0,31590,29716,0,30208,0,32794,0,37128,0,42690,0,49569,0,58755,0,69025,0,81525,0,93059,0,100923,0,102804,0,93645,0,76818,0,51650,0,27679,0,10441,884,4159,1103
0,0,0,0,0,0,0,0,0,0,0,0,0,0,0,0,0,0,0,1,0,0,0,2,0,6,0,14,0,31,0,77,0,176,0,410,825,0,1615,0,3102,0,5612,0,9902,0,16444,0,26820,0,42192,0,63740,0,92739,0,130354,0,178459,0,235780,0,299667,0,370770,0,444254,0,516416,0,578921,0,628643,662766,0,676923,0,667672,0,637271,0,591504,0,531759,0,462357,0,389428,0,320255,0,254895,0,197356,0,149693,0,110997,0,81910,0,60479,0,46227,0,36610,0,31882,29805,0,30507,0,32692,0,36715,0,42592,0,49164,0,58408,0,68543,0,80947,0,92657,0,101259,0,103032,0,94321,0,77829,0,52591,0,28364,0,10778,835,4283,1130
0,0,0,0,0,0,0,0,0,0,0,0,0,0,0,0,0,0,0,1,0,0,0,3,0,4,0,16,0,37,0,67,0,176,0,379,821,0,1634,0,2988,0,5438,0,9717,0,16353,0,26218,0,41453,0,63042,0,91715,0,128702,0,175766,0,232579,0,297534,0,366913,0,440725,0,511395,0,575561,0,626756,659845,0,674558,0,667757,0,638346,0,593230,0,534081,0,465978,0,393644,0,323355,0,258675,0,200917,0,152761,0,113171,0,83948,0,61968,0,47334,0,37237,0,32185,30027,0,30568,0,32673,0,36809,0,42035,0,48903,0,58064,0,68121,0,80247,0,92467,0,101216,0,103074,0,95401,0,78697,0,53682,0,28998,0,11060,769,4458,1156
0,0,0,0,0,0,0,0,0,0,0,0,0,0,0,0,0,0,0,0,0,1,0,2,0,6,0,17,0,35,0,55,0,158,0,399,812,0,1603,0,2922,0,5278,0,9561,0,16009,0,26169,0,40859,0,62035,0,89802,0,127749,0,173500,0,229514,0,294472,0,363586,0,436768,0,508148,0,572115,0,622546,658074,0,672401,0,667178,0,638440,0,595186,0,536271,0,470278,0,397254,0,327756,0,261830,0,204600,0,155450,0,115997,0,85616,0,63365,0,48376,0,38331,0,32513,30209,0,30523,0,32753,0,36582,0,41823,0,48463,0,57569,0,67895,0,79806,0,92026,0,101043,0,103558,0,96257,0,79420,0,54828,0,29675,0,11438,703,4627,1173
0,0,0,0,0,0,0,0,0,0,0,0,0,0,0,0,0,0,0,0,0,1,0,1,0,9,0,15,0,32,0,61,0,151,0,397,800,0,1507,0,2903,0,5248,0,9232,0,15993,0,25826,0,40057,0,60748,0,89237,0,125623,0,171510,0,227317,0,290736,0,360096,0,433288,0,503297,0,567218,0,621663,654922,0,671440,0,665767,0,639503,0,597600,0,538665,0,472575,0,401596,0,331549,0,265702,0,208176,0,158039,0,118783,0,87407,0,64848,0,49401,0,38864,0,33344,30314,0,30660,0,32712,0,36365,0,41583,0,48044,0,57272,0,67595,0,79105,0,91530,0,101092,0,103891,0,97012,0,80547,0,55622,0,30598,0,11732,656,4736,1195
0,0,0,0,0,0,0,0,0,0,0,0,0,0,0,0,0,0,0,0,0,1,0,1,0,5,0,17,0,30,0,71,0,150,0,376,777,0,1530,0,2757,0,5221,0,9072,0,15642,0,25365,0,39352,0,60051,0,88232,0,123604,0,169405,0,224849,0,286943,0,357000,0,429128,0,499790,0,564117,0,617973,652428,0,669632,0,665102,0,640912,0,598187,0,541859,0,475508,0,405347,0,335627,0,269165,0,211457,0,161386,0,120961,0,89655,0,66419,0,50302,0,40037,0,33499,31068,0,30493,0,32710,0,36219,0,41150,0,47929,0,56860,0,67164,0,78465,0,91159,0,100845,0,104141,0,98010,0,81353,0,56695,0,31373,0,12135,619,4851,1227
0,0,0,0,0,0,0,0,0,0,0,0,0,0,0,0,0,0,0,0,0,0,0,2,0,5,0,15,0,31,0,72,0,148,0,370,775,0,1463,0,2719,0,5172,0,8924,0,15207,0,24894,0,39110,0,58658,0,86819,0,122399,0,166659,0,222417,0,284250,0,353133,0,425243,0,497481,0,560713,0,613013,649870,0,668619,0,664531,0,641943,0,599501,0,543519,0,479070,0,408934,0,338565,0,274045,0,214632,0,164401,0,123555,0,91372,0,68223,0,51757,0,40619,0,34038,31336,0,30604,0,32595,0,36005,0,41073,0,47569,0,56244,0,66640,0,78508,0,90768,0,100361,0,104602,0,98831,0,82373,0,57569,0,32133,0,12526,569,4965,1251
0,0,0,0,0,0,0,0,0,0,0,0,0,0,0,0,0,0,0,0,0,0,0,1,0,6,0,12,0,34,0,63,0,155,0,337,758,0,1442,0,2746,0,5044,0,8701,0,15070,0,24539,0,38219,0,58222,0,85245,0,121043,0,164789,0,219325,0,281082,0,350017,0,421459,0,492892,0,557637,0,609769,647082,0,666418,0,664921,0,640918,0,601859,0,546454,0,482220,0,411773,0,342739,0,277575,0,218040,0,167332,0,126576,0,93445,0,69864,0,52863,0,41310,0,34657,31524,0,31079,0,32418,0,35765,0,40795,0,47416,0,55611,0,66332,0,78039,0,90498,0,100107,0,104792,0,99817,0,83300,0,58497,0,32946,0,12915,525,5111,1268
0,0,0,0,0,0,0,0,0,0,0,0,0,0,0,0,0,0,0,0,0,1,0,0,0,2,0,16,0,31,0,69,0,147,0,329,738,0,1473,0,2643,0,4909,0,8701,0,14600,0,24220,0,37830,0,57082,0,84715,0,118203,0,163473,0,216448,0,278252,0,346124,0,418252,0,488976,0,554010,0,605662,645765,0,663142,0,664879,0,642307,0,602199,0,548777,0,485257,0,415316,0,346683,0,281385,0,221357,0,170159,0,129428,0,95906,0,71178,0,54211,0,42378,0,35032,31909,0,31154,0,32609,0,35451,0,40713,0,47163,0,55273,0,65817,0,77808,0,89842,0,100091,0,105024,0,100249,0,84450,0,59600,0,33704,0,13248,490,5255,1293
0,0,0,0,0,0,0,0,0,0,0,0,0,0,0,0,0,0,0,0,0,0,0,1,0,4,0,11,0,34,0,70,0,164,0,316,696,0,1447,0,2654,0,4742,0,8628,0,14620,0,23602,0,36950,0,56939,0,82918,0,116487,0,161902,0,213986,0,275090,0,343343,0,413941,0,485301,0,548957,0,603719,642135,0,662238,0,662917,0,643010,0,603483,0,551434,0,488340,0,419262,0,350697,0,284176,0,225166,0,172868,0,132244,0,98058,0,73225,0,55348,0,43189,0,35906,31938,0,31316,0,32438,0,35743,0,40342,0,46754,0,55166,0,65135,0,77533,0,89115,0,99966,0,105381,0,100888,0,85475,0,60895,0,34306,0,13654,466,5360,1319
0,0,0,0,0,0,0,0,0,0,0,0,0,0,0,0,0,0,0,0,0,0,0,0,0,5,0,9,0,32,0,73,0,154,0,293,703,0,1403,0,2586,0,4910,0,8295,0,14216,0,23492,0,36310,0,55726,0,81679,0,115710,0,159315,0,211940,0,271684,0,339740,0,410289,0,481951,0,544953,0,600121,639476,0,659934,0,662995,0,642812,0,605043,0,552604,0,491247,0,423987,0,353966,0,288198,0,228185,0,176239,0,135092,0,100454,0,75064,0,56095,0,44373,0,36352,32574,0,31271,0,32641,0,35532,0,40196,0,46441,0,54654,0,64814,0,77039,0,88729,0,99837,0,105413,0,101633,0,86542,0,61824,0,35303,0,14015,428,5459,1358
0,0,0,0,0,0,0,0,0,0,0,0,0,0,0,0,0,0,0,0,0,0,0,0,0,4,0,10,0,32,0,62,0,138,0,312,661,0,1341,0,2614,0,4710,0,8294,0,13916,0,23041,0,35864,0,54728,0,80854,0,114292,0,156791,0,208614,0,269279,0,336311,0,407384,0,477508,0,541697,0,596015,637450,0,659101,0,659955,0,644722,0,605150,0,555296,0,493635,0,427985,0,357751,0,291780,0,231102,0,179643,0,137622,0,102947,0,76696,0,57898,0,44928,0,37335,32832,0,31581,0,32405,0,35546,0,40037,0,46033,0,54510,0,64437,0,76516,0,88421,0,99367,0,105509,0,102366,0,87616,0,62827,0,36150,0,14446,389,5560,1392
0,0,0,0,0,0,0,0,0,0,0,0,0,0,0,0,0,0,0,0,0,0,0,0,0,2,0,9,0,35,0,54,0,153,0,288,650,0,1359,0,2470,0,4746,0,7980,0,13864,0,22667,0,35201,0,54059,0,79269,0,112722,0,155377,0,205227,0,266629,0,333173,0,402901,0,474679,0,538107,0,593094,634262,0,656035,0,659047,0,644690,0,608010,0,557364,0,496201,0,430856,0,361635,0,295516,0,234146,0,183232,0,140115,0,105456,0,78690,0,59214,0,45761,0,38111,33334,0,31522,0,32390,0,35486,0,40000,0,45729,0,54132,0,63961,0,76028,0,88310,0,98988,0,105828,0,102905,0,88324,0,64022,0,36995,0,14934,369,5668,1427
0,0,0,0,0,0,0,0,0,0,0,0,0,0,0,0,0,0,0,0,0,0,0,0,0,3,0,9,0,31,0,60,0,138,0,295,638,0,1313,0,2439,0,4564,0,7903,0,13731,0,22261,0,34552,0,53071,0,78392,0,111297,0,152694,0,204156,0,262458,0,329948,0,399935,0,470034,0,535048,0,589776,631001,0,654108,0,659117,0,642214,0,610606,0,560429,0,498742,0,433708,0,365036,0,298978,0,238057,0,186170,0,143235,0,107375,0,80512,0,60674,0,47109,0,38514,33844,0,31746,0,32698,0,35282,0,39758,0,45691,0,53722,0,63529,0,75263,0,88139,0,98750,0,105781,0,103657,0,89250,0,65093,0,37907,0,15380,341,5795,1451
0,0,0,0,0,0,0,0,0,0,0,0,0,0,0,0,0,0,0,0,0,0,0,1,0,4,0,9,0,29,0,68,0,116,0,301,634,0,1295,0,2313,0,4592,0,7787,0,13294,0,21882,0,34280,0,52161,0,77283,0,109836,0,150910,0,201058,0,260772,0,325695,0,396716,0,466369,0,531242,0,585842,628259,0,652146,0,657128,0,644342,0,609939,0,562462,0,502166,0,437347,0,368174,0,302160,0,242576,0,189205,0,146004,0,109572,0,82524,0,61775,0,48152,0,39365,33917,0,32356,0,32715,0,35338,0,39361,0,45454,0,53367,0,63060,0,74795,0,87845,0,98548,0,105864,0,104217,0,90198,0,66295,0,38751,0,15853,314,5898,1477
0,0,0,0,0,0,0,0,0,0,0,0,0,0,0,0,0,0,0,0,0,0,0,1,0,3,0,6,0,29,0,70,0,131,0,261,624,0,1281,0,2305,0,4394,0,7784,0,13019,0,21435,0,33830,0,51523,0,75431,0,108785,0,149468,0,198498,0,257578,0,322436,0,393133,0,462391,0,527596,0,582455,625740,0,650635,0,656546,0,642982,0,610609,0,565104,0,504450,0,440655,0,371765,0,306310,0,245622,0,192895,0,148231,0,112322,0,83954,0,63625,0,49205,0,40063,34399,0,32474,0,32819,0,35182,0,39334,0,45283,0,53013,0,62492,0,74513,0,87321,0,98222,0,106094,0,104578,0,91279,0,67381,0,39694,0,16321,292,6033,1504
0,0,0,0,0,0,0,0,0,0,0,0,0,0,0,0,0,0,0,0,0,0,0,1,0,3,0,8,0,22,0,77,0,138,0,251,587,0,1314,0,2248,0,4284,0,7637,0,12796,0,21205,0,33359,0,50708,0,74447,0,107036,0,147510,0,196663,0,253758,0,319794,0,389230,0,458552,0,523911,0,579011,622349,0,648711,0,655898,0,643873,0,611350,0,565895,0,508132,0,442559,0,375989,0,309733,0,249397,0,196213,0,151337,0,114223,0,85986,0,64701,0,50698,0,40777,34918,0,32744,0,32889,0,35208,0,39345,0,44799,0,52761,0,62087,0,73983,0,86898,0,98079,0,106109,0,104981,0,92399,0,68545,0,40495,0,16811,255,6188,1543
0,0,0,0,0,0,0,0,0,0,0,0,0,0,0,0,0,0,0,0,0,0,0,0,0,5,0,8,0,25,0,64,0,135,0,280,565,0,1209,0,2268,0,4242,0,7455,0,12528,0,20950,0,32751,0,49949,0,73594,0,105524,0,145344,0,193877,0,252075,0,315494,0,385891,0,455206,0,519685,0,576616,619023,0,646210,0,654647,0,644085,0,612142,0,567814,0,510382,0,446140,0,379468,0,313765,0,252228,0,200056,0,153552,0,116630,0,87978,0,66517,0,51518,0,41623,35583,0,32931,0,32956,0,35302,0,38862,0,44895,0,52313,0,61888,0,73445,0,86428,0,97953,0,105998,0,105422,0,93467,0,69587,0,41332,0,17399,243,6290,1596
0,0,0,0,0,0,0,0,0,0,0,0,0,0,0,0,0,0,0,0,0,0,0,1,0,5,0,9,0,20,0,53,0,130,0,290,583,0,1128,0,2257,0,4207,0,7194,0,12496,0,20405,0,32200,0,49222,0,72790,0,103602,0,143487,0,192553,0,248326,0,313066,0,381270,0,452015,0,516279,0,572158,616657,0,644515,0,653303,0,642375,0,614725,0,569814,0,511711,0,450162,0,382430,0,317765,0,256170,0,202504,0,156694,0,118950,0,89987,0,68020,0,52742,0,42394,36273,0,33170,0,33027,0,35169,0,38840,0,44504,0,52146,0,61429,0,72735,0,86110,0,97914,0,105869,0,106044,0,94370,0,70693,0,42366,0,17783,219,6460,1623
0,0,0,0,0,0,0,0,0,0,0,0,0,0,0,0,0,0,0,0,0,0,0,1,0,4,0,9,0,17,0,56,0,118,0,289,572,0,1149,0,2240,0,3984,0,7145,0,12326,0,19889,0,31836,0,48320,0,71878,0,101470,0,142146,0,189845,0,246735,0,309225,0,378526,0,448120,0,512273,0,568034,614601,0,641453,0,652858,0,641970,0,614344,0,571588,0,515770,0,451221,0,387414,0,321306,0,259819,0,205542,0,159028,0,121948,0,91846,0,69717,0,53840,0,43334,36659,0,33397,0,33277,0,35100,0,38815,0,44494,0,51638,0,61159,0,72095,0,85541,0,98011,0,105826,0,106523,0,95207,0,71836,0,43206,0,18330,195,6632,1661
0,0,0,0,0,0,0,0,0,0,0,0,0,0,0,0,0,0,0,0,0,0,0,1,0,5,0,6,0,21,0,43,0,123,0,266,549,0,1142,0,2144,0,3963,0,7085,0,12053,0,19593,0,31072,0,47839,0,70299,0,100920,0,139462,0,187689,0,243464,0,306612,0,375246,0,444428,0,508695,0,565859,608986,0,640906,0,650928,0,641749,0,615086,0,572822,0,518589,0,455109,0,390309,0,324878,0,263714,0,208710,0,162063,0,124024,0,93649,0,71203,0,55211,0,44092,37271,0,33989,0,33309,0,35108,0,38683,0,44220,0,51472,0,60696,0,71855,0,84944,0,97772,0,105739,0,106869,0,96249,0,73016,0,44108,0,18881,180,6734,1706
0,0,0,0,0,0,0,0,0,0,0,0,0,0,0,0,0,0,0,0,0,0,0,0,0,5,0,7,0,21,0,38,0,122,0,256,542,0,1119,0,2091,0,3911,0,7061,0,11748,0,19261,0,30632,0,46946,0,69306,0,99336,0,137680,0,185499,0,240796,0,303575,0,371460,0,440530,0,505415,0,561717,606973,0,638011,0,649592,0,641887,0,615566,0,575356,0,520365,0,458826,0,392201,0,328923,0,267052,0,212179,0,165020,0,126035,0,96227,0,72646,0,56466,0,45145,37946,0,34156,0,33584,0,35081,0,38469,0,44244,0,50941,0,60318,0,71583,0,84699,0,97121,0,105781,0,107537,0,96926,0,74229,0,45049,0,19444,165,6856,1735
0,0,0,0,0,0,0,0,0,0,0,0,0,0,0,0,0,0,0,0,0,0,0,0,0,3,0,16,0,16,0,36,0,113,0,249,537,0,1074,0,2056,0,3927,0,6785,0,11614,0,19081,0,29971,0,46298,0,68733,0,97051,0,136083,0,183539,0,237856,0,300962,0,368516,0,436154,0,501831,0,557991,603800,0,635616,0,647816,0,642200,0,617395,0,575730,0,522130,0,462343,0,395937,0,331665,0,270596,0,215860,0,167845,0,128758,0,98027,0,74325,0,57786,0,45964,38713,0,34477,0,33661,0,35130,0,38662,0,43796,0,50725,0,59798,0,71293,0,84252,0,96804,0,105624,0,108202,0,97662,0,75225,0,46208,0,19936,150,7030,1775
0,0,0,0,0,0,0,0,0,0,0,0,0,0,0,0,0,0,0,0,0,0,0,0,0,0,0,15,0,16,0,31,0,122,0,222,565,0,1049,0,2061,0,3828,0,6675,0,11342,0,18619,0,29707,0,45379,0,67296,0,96062,0,134078,0,181062,0,235851,0,298058,0,364839,0,432578,0,497746,0,555325,600782,0,633661,0,646184,0,641753,0,616865,0,578355,0,524387,0,464199,0,400666,0,333584,0,274756,0,218282,0,171608,0,131297,0,100448,0,76106,0,58383,0,47216,39319,0,34751,0,34120,0,35016,0,38686,0,43479,0,50447,0,59179,0,71116,0,83653,0,96907,0,105517,0,108563,0,98442,0,76131,0,47447,0,20470,133,7163,1811
0,0,0,0,0,0,0,0,0,0,0,0,0,0,0,0,0,0,0,0,0,0,0,0,0,2,0,8,0,19,0,31,0,136,0,220,535,0,1017,0,2012,0,3771,0,6651,0,10980,0,18259,0,29305,0,44530,0,66417,0,94765,0,132502,0,178342,0,233437,0,294503,0,361512,0,428658,0,494238,0,552247,598716,0,630065,0,644836,0,640765,0,617514,0,580720,0,526743,0,466799,0,403009,0,337885,0,277663,0,222689,0,174217,0,134249,0,102103,0,78031,0,59652,0,47879,40080,0,35497,0,33955,0,35228,0,38554,0,43284,0,50155,0,59024,0,70503,0,83307,0,96542,0,105451,0,109141,0,99014,0,77281,0,48297,0,21190,124,7306,1843
0,0,0,0,0,0,0,0,0,0,0,0,0,0,0,0,0,0,0,0,0,0,0,0,0,3,0,4,0,17,0,39,0,132,0,205,529,0,1007,0,1978,0,3706,0,6484,0,10901,0,18055,0,28516,0,44138,0,65109,0,93869,0,130671,0,176232,0,229914,0,292063,0,357730,0,426032,0,490002,0,548004,596147,0,628250,0,643340,0,640063,0,618562,0,579541,0,530391,0,469854,0,406154,0,342280,0,280684,0,226016,0,177557,0,136454,0,104212,0,79391,0,61185,0,48953,40633,0,35916,0,34207,0,35355,0,38465,0,43117,0,49819,0,58791,0,69897,0,82971,0,96181,0,105404,0,109336,0,99933,0,78471,0,49308,0,21761,118,7473,1878
0,0,0,0,0,0,0,0,0,0,0,0,0,0,0,0,0,0,0,0,0,0,0,1,0,1,0,3,0,19,0,51,0,104,0,208,493,0,993,0,1922,0,3661,0,6381,0,10789,0,17737,0,28004,0,43395,0,64736,0,92001,0,129038,0,174043,0,227371,0,288566,0,354433,0,422471,0,486491,0,544493,593354,0,624935,0,642085,0,640405,0,618900,0,580995,0,532406,0,472919,0,408811,0,346075,0,283893,0,229232,0,180200,0,139538,0,106391,0,80824,0,62705,0,49633,41427,0,36404,0,34749,0,35143,0,38188,0,43170,0,49622,0,58345,0,69617,0,82638,0,95737,0,105554,0,109327,0,100872,0,79554,0,50303,0,22372,109,7663,1908
0,0,0,0,0,0,0,0,0,0,0,0,0,0,0,0,0,0,0,0,0,0,0,1,0,1,0,2,0,24,0,39,0,99,0,227,461,0,982,0,1905,0,3560,0,6232,0,10619,0,17514,0,27523,0,42708,0,63804,0,90971,0,126935,0,171095,0,225340,0,285324,0,351587,0,418614,0,482553,0,541592,590248,0,623193,0,640549,0,639728,0,618837,0,582648,0,533955,0,475780,0,412778,0,348574,0,287248,0,232670,0,183381,0,141833,0,108560,0,83128,0,63724,0,50488,42401,0,36769,0,35004,0,35386,0,38074,0,42844,0,49485,0,57999,0,69319,0,81850,0,95798,0,105490,0,109634,0,101420,0,80760,0,51162,0,23115,92,7823,1949
0,0,0,0,0,0,0,0,0,0,0,0,0,0,0,0,0,0,0,0,0,0,0,1,0,0,0,2,0,21,0,43,0,84,0,229,456,0,955,0,1873,0,3398,0,6175,0,10459,0,17224,0,27150,0,41808,0,62869,0,89955,0,124770,0,169407,0,222943,0,282072,0,347782,0,414663,0,480026,0,538207,585945,0,622424,0,639145,0,637760,0,620123,0,583837,0,535935,0,477255,0,417194,0,352062,0,290511,0,235504,0,186220,0,144625,0,111044,0,84560,0,65378,0,51856,42556,0,37300,0,35236,0,35655,0,38114,0,42561,0,49076,0,57740,0,68974,0,81408,0,95450,0,105614,0,109736,0,102360,0,81778,0,52108,0,23684,81,8035,1992
0,0,0,0,0,0,0,0,0,0,0,0,0,0,0,0,0,0,0,0,0,0,0,1,0,1,0,2,0,23,0,36,0,87,0,210,497,0,940,0,1754,0,3424,0,5984,0,10259,0,16935,0,26716,0,41196,0,62036,0,88324,0,123315,0,167904,0,219393,0,279414,0,343622,0,411229,0,477448,0,534067,584443,0,619212,0,636918,0,638703,0,618627,0,585245,0,538488,0,480532,0,419207,0,355308,0,294680,0,238273,0,189499,0,147117,0,113110,0,86421,0,66776,0,52758,43497,0,37764,0,35463,0,35651,0,38160,0,42512,0,48930,0,57260,0,68490,0,81071,0,95185,0,105591,0,110192,0,103052,0,82640,0,53183,0,24332,71,8209,2021
0,0,0,0,0,0,0,0,0,0,0,0,0,0,0,0,0,0,0,0,0,0,0,1,0,1,0,4,0,21,0,35,0,88,0,206,471,0,935,0,1728,0,3323,0,5863,0,9982,0,16420,0,26555,0,40650,0,60995,0,87586,0,121514,0,165595,0,217122,0,276024,0,340661,0,406904,0,472986,0,532091,580911,0,617408,0,636400,0,635661,0,619763,0,586636,0,540382,0,483609,0,422479,0,358024,0,297959,0,242003,0,191818,0,150166,0,115412,0,88225,0,67845,0,53932,44319,0,38162,0,35757,0,35771,0,38051,0,42403,0,48747,0,57086,0,67877,0,80894,0,94928,0,105544,0,110453,0,103532,0,83942,0,53992,0,25066,64,8363,2063
0,0,0,0,0,0,0,0,0,0,0,0,0,0,0,0,0,0,0,0,0,0,0,1,0,1,0,3,0,19,0,39,0,76,0,211,451,0,912,0,1741,0,3184,0,5691,0,9798,0,16262,0,26031,0,40123,0,59723,0,86340,0,120271,0,163265,0,214874,0,272732,0,337737,0,403228,0,469207,0,528805,577807,0,614800,0,634331,0,635631,0,620525,0,587934,0,542481,0,485914,0,424389,0,362410,0,300952,0,244941,0,194761,0,153090,0,117167,0,90420,0,69492,0,54996,44878,0,38874,0,35955,0,35854,0,38115,0,42186,0,48645,0,56478,0,67679,0,80626,0,94418,0,105224,0,111178,0,104174,0,84958,0,54955,0,25719,62,8557,2107
0,0,0,0,0,0,0,0,0,0,0,0,0,0,0,0,0,0,0,0,0,0,0,0,0,1,0,7,0,15,0,35,0,80,0,202,449,0,871,0,1694,0,3173,0,5559,0,9652,0,15910,0,25654,0,39486,0,58813,0,84888,0,118764,0,161223,0,212345,0,269943,0,333749,0,400833,0,465511,0,525348,575317,0,611185,0,633810,0,634080,0,619672,0,590096,0,544577,0,488757,0,426940,0,365623,0,304220,0,247973,0,198070,0,155496,0,119904,0,92100,0,70889,0,56004,45669,0,39339,0,36392,0,35782,0,38282,0,42254,0,48425,0,56040,0,67441,0,80064,0,94147,0,105076,0,111393,0,104934,0,85982,0,55899,0,26459,63,8684,2165
0,0,0,0,0,0,0,0,0,0,0,0,0,0,0,0,0,0,0,0,0,0,0,0,0,2,0,5,0,14,0,37,0,79,0,192,425,0,873,0,1654,0,3103,0,5495,0,9561,0,15401,0,25297,0,38819,0,57919,0,83699,0,117273,0,159245,0,209500,0,267338,0,329895,0,397191,0,462208,0,522803,572234,0,608782,0,630593,0,633898,0,620087,0,591057,0,546282,0,490902,0,431062,0,368286,0,307955,0,251106,0,201194,0,157748,0,122475,0,93988,0,72112,0,57065,46735,0,39802,0,36712,0,35902,0,38203,0,42320,0,47924,0,56162,0,67100,0,79329,0,93907,0,105020,0,111569,0,105659,0,87038,0,56943,0,27092,46,8870,2221
0,0,0,0,0,0,0,0,0,0,0,0,0,0,0,0,0,0,0,0,0,0,0,1,0,1,0,4,0,12,0,37,0,89,0,183,411,0,826,0,1638,0,2947,0,5422,0,9352,0,15462,0,24629,0,38066,0,57226,0,82510,0,115558,0,156844,0,207256,0,264110,0,327276,0,393065,0,458951,0,518228,570476,0,606686,0,628922,0,633380,0,619725,0,592352,0,547873,0,493014,0,434606,0,371809,0,310661,0,254932,0,203616,0,160482,0,124365,0,96067,0,73853,0,57997,47429,0,40372,0,37020,0,36367,0,38108,0,42165,0,47921,0,55546,0,66601,0,79259,0,93393,0,105251,0,111432,0,106432,0,88237,0,57813,0,27779,43,9076,2244
0,0,0,0,0,0,0,0,0,0,0,0,0,0,0,0,0,0,0,0,0,0,0,1,0,2,0,3,0,11,0,39,0,105,0,162,378,0,842,0,1573,0,2915,0,5306,0,8993,0,15310,0,24376,0,37405,0,56215,0,81011,0,114075,0,155284,0,204550,0,261429,0,323878,0,389400,0,455204,0,515211,567341,0,603879,0,627829,0,632968,0,619413,0,592477,0,549964,0,495930,0,437093,0,375212,0,314275,0,257929,0,206949,0,162928,0,126594,0,98066,0,75332,0,59237,48177,0,40975,0,37099,0,36855,0,37809,0,42248,0,47696,0,55366,0,66129,0,78986,0,92969,0,105087,0,111712,0,107059,0,89177,0,58931,0,28404,43,9298,2294
0,0,0,0,0,0,0,0,0,0,0,0,0,0,0,0,0,0,0,0,0,0,0,1,0,2,0,3,0,13,0,35,0,95,0,163,385,0,789,0,1581,0,2846,0,5108,0,8908,0,14933,0,23989,0,37165,0,55016,0,79942,0,112519,0,153293,0,201716,0,259174,0,320849,0,386021,0,450266,0,513277,562462,0,603211,0,625658,0,631642,0,620509,0,592461,0,551627,0,498550,0,440088,0,378773,0,317571,0,260516,0,210049,0,165380,0,129463,0,99858,0,76787,0,60530,48542,0,41742,0,37793,0,36506,0,38183,0,42059,0,47497,0,55224,0,65698,0,78530,0,92698,0,105156,0,111853,0,107631,0,90063,0,60135,0,28961,39,9536,2338
0,0,0,0,0,0,0,0,0,0,0,0,0,0,0,0,0,0,0,0,0,0,0,1,0,0,0,8,0,9,0,38,0,84,0,177,377,0,769,0,1539,0,2835,0,5009,0,8791,0,14633,0,23497,0,36338,0,54300,0,78882,0,111061,0,151053,0,199538,0,255129,0,318402,0,382921,0,447111,0,508399,560663,0,600112,0,624775,0,630313,0,620426,0,593789,0,553213,0,501189,0,442568,0,382294,0,320636,0,263365,0,213319,0,168158,0,131541,0,101790,0,78394,0,61267,49927,0,42122,0,38113,0,36796,0,38246,0,41987,0,47361,0,55023,0,65184,0,78118,0,92220,0,105199,0,112038,0,108422,0,91092,0,61056,0,29649,37,9729,2376
0,0,0,0,0,0,0,0,0,0,0,0,0,0,0,0,0,0,0,0,0,0,0,1,0,0,0,7,0,11,0,30,0,87,0,187,383,0,756,0,1468,0,2816,0,4878,0,8591,0,14431,0,22844,0,35945,0,53179,0,77747,0,109706,0,149330,0,196782,0,252483,0,315172,0,379858,0,443559,0,504499,557555,0,598091,0,622528,0,630154,0,620490,0,594830,0,553952,0,503609,0,446059,0,384823,0,323505,0,267269,0,215559,0,171404,0,133842,0,103545,0,80111,0,62369,50884,0,42934,0,38294,0,37123,0,38122,0,41993,0,47159,0,54716,0,65060,0,77648,0,92164,0,104612,0,112373,0,109030,0,92043,0,62010,0,30439,33,9933,2393
0,0,0,0,0,0,0,0,0,0,0,0,0,0,0,0,0,0,0,0,0,0,0,0,0,2,0,6,0,9,0,35,0,85,0,169,338,0,774,0,1484,0,2709,0,4787,0,8407,0,14099,0,22508,0,35292,0,52438,0,76470,0,108289,0,147355,0,194607,0,249871,0,312026,0,375721,0,440323,0,500352,554961,0,595910,0,620335,0,629753,0,620501,0,595585,0,555863,0,506117,0,448905,0,387363,0,327670,0,269820,0,218158,0,174228,0,136638,0,104970,0,81594,0,63680,51647,0,43691,0,38915,0,36893,0,38431,0,41858,0,47148,0,54260,0,64692,0,77497,0,91625,0,104670,0,112436,0,109742,0,92961,0,63028,0,31029,30,10220,2428
0,0,0,0,0,0,0,0,0,0,0,0,0,0,0,0,0,0,0,0,0,0,0,0,0,1,0,2,0,19,0,30,0,80,0,175,334,0,734,0,1419,0,2625,0,4724,0,8295,0,13767,0,22217,0,34551,0,51563,0,75619,0,106833,0,145383,0,192484,0,246843,0,308784,0,372511,0,436092,0,498402,551131,0,592283,0,619434,0,628701,0,621404,0,595698,0,556823,0,508649,0,452184,0,390231,0,330696,0,273365,0,221343,0,176548,0,138677,0,107595,0,82836,0,65059,52358,0,44348,0,39296,0,37154,0,38555,0,41579,0,47134,0,54127,0,64343,0,76914,0,91593,0,104124,0,113033,0,110274,0,93733,0,64083,0,31739,29,10386,2462
0,0,0,0,0,0,0,0,0,0,0,0,0,0,0,0,0,0,0,0,0,0,0,0,0,0,0,3,0,20,0,33,0,70,0,175,345,0,726,0,1341,0,2550,0,4692,0,8074,0,13583,0,21858,0,33818,0,50953,0,74273,0,104755,0,144067,0,190257,0,243546,0,305826,0,367985,0,433915,0,494774,548013,0,589844,0,617653,0,628153,0,620543,0,597347,0,559256,0,510154,0,454479,0,394099,0,333634,0,276354,0,224339,0,178627,0,140967,0,109487,0,84817,0,66520,53050,0,44865,0,39814,0,37582,0,38486,0,41728,0,46771,0,54001,0,63859,0,76735,0,91074,0,104241,0,113219,0,110727,0,94694,0,64936,0,32556,22,10620,2503
0,0,0,0,0,0,0,0,0,0,0,0,0,0,0,0,0,0,0,0,0,0,0,0,0,0,0,5,0,11,0,43,0,63,0,157,314,0,699,0,1366,0,2523,0,4552,0,7937,0,13293,0,21403,0,33093,0,50301,0,73306,0,103298,0,142049,0,187730,0,241021,0,302202,0,366166,0,429362,0,491319,544853,0,587053,0,616024,0,626518,0,621458,0,598798,0,560873,0,512208,0,456644,0,397671,0,335893,0,280050,0,227334,0,181505,0,143334,0,111150,0,86182,0,67526,54121,0,45541,0,40292,0,37930,0,38867,0,41422,0,46414,0,53929,0,63271,0,76795,0,90766,0,104017,0,113407,0,111204,0,95386,0,66110,0,33198,20,10882,2549
0,0,0,0,0,0,0,0,0,0,0,0,0,0,0,0,0,0,0,0,0,0,0,0,0,0,0,6,0,10,0,34,0,65,0,168,309,0,664,0,1280,0,2511,0,4496,0,7753,0,13166,0,20880,0,32701,0,49303,0,72051,0,101939,0,139687,0,185891,0,238463,0,298760,0,362554,0,426871,0,487476,541503,0,585259,0,614554,0,626070,0,619093,0,600412,0,562544,0,514601,0,459902,0,399093,0,339950,0,283662,0,229640,0,184508,0,144877,0,113420,0,87835,0,68950,55244,0,45776,0,40726,0,38369,0,38863,0,41435,0,46449,0,53538,0,62996,0,76472,0,90469,0,103891,0,113317,0,111759,0,96475,0,67030,0,34017,18,11074,2579
0,0,0,0,0,0,0,0,0,0,0,0,0,0,0,0,0,0,0,0,0,0,0,0,0,0,0,6,0,11,0,32,0,65,0,166,320,0,616,0,1276,0,2384,0,4469,0,7649,0,12754,0,20698,0,32073,0,48540,0,70773,0,100677,0,137631,0,183508,0,236181,0,294723,0,360259,0,424016,0,483602,537869,0,582024,0,613729,0,624106,0,620656,0,600153,0,564304,0,517361,0,461587,0,403160,0,343051,0,285933,0,232755,0,186749,0,148009,0,115085,0,89678,0,69790,56212,0,46439,0,41013,0,38750,0,39101,0,41373,0,46426,0,53209,0,62852,0,75984,0,90057,0,103660,0,113424,0,112593,0,97234,0,67969,0,34714,17,11349,2604
0,0,0,0,0,0,0,0,0,0,0,0,0,0,0,0,0,0,0,0,0,0,0,0,0,1,0,5,0,12,0,30,0,68,0,159,293,0,647,0,1228,0,2383,0,4325,0,7485,0,12467,0,20288,0,31577,0,47598,0,70080,0,98759,0,136300,0,180844,0,234170,0,291663,0,356682,0,420567,0,480393,535234,0,578788,0,611283,0,623760,0,620380,0,600366,0,566989,0,519217,0,463761,0,406156,0,346196,0,288537,0,236061,0,189435,0,150483,0,116808,0,91305,0,71347,56738,0,47490,0,41261,0,38864,0,39044,0,41733,0,46303,0,52972,0,62645,0,75740,0,89791,0,103329,0,113482,0,113177,0,98004,0,69017,0,35378,17,11662,2631
0,0,0,0,0,0,0,0,0,0,0,0,0,0,0,0,0,0,0,0,0,0,0,0,0,2,0,4,0,13,0,24,0,73,0,140,308,0,612,0,1241,0,2340,0,4196,0,7269,0,12331,0,19964,0,30789,0,46983,0,68922,0,97839,0,133517,0,179315,0,230888,0,289186,0,353023,0,417196,0,477335,532246,0,577099,0,608540,0,623346,0,620093,0,601256,0,567916,0,521048,0,467286,0,408739,0,349266,0,291691,0,238526,0,192227,0,152145,0,119372,0,92742,0,72435,57993,0,47857,0,41880,0,39185,0,39192,0,41638,0,46126,0,52733,0,62599,0,75146,0,89398,0,103454,0,113272,0,113865,0,98958,0,69932,0,36148,14,11868,2667
0,0,0,0,0,0,0,0,0,0,0,0,0,0,0,0,0,0,0,0,0,0,0,1,0,1,0,8,0,8,0,27,0,74,0,129,296,0,609,0,1225,0,2317,0,4057,0,7217,0,12038,0,19432,0,30387,0,46667,0,67593,0,95853,0,132235,0,177270,0,228125,0,286397,0,349498,0,413662,0,474487,529227,0,574191,0,607029,0,621689,0,619814,0,601790,0,569283,0,523291,0,470851,0,410981,0,351853,0,295015,0,241649,0,194709,0,154468,0,121405,0,94367,0,73744,58777,0,48787,0,42242,0,39443,0,39352,0,41668,0,46049,0,52431,0,62380,0,74709,0,89316,0,103216,0,113644,0,114008,0,99772,0,70916,0,36935,12,12073,2709
0,0,0,0,0,0,0,0,0,0,0,0,0,0,0,0,0,0,0,0,0,1,0,0,0,2,0,7,0,12,0,29,0,68,0,121,271,0,599,0,1235,0,2139,0,4057,0,7112,0,11792,0,19238,0,29809,0,45519,0,66717,0,94794,0,130505,0,174206,0,225843,0,284205,0,345921,0,410202,0,471315,525826,0,572366,0,604560,0,621172,0,618696,0,602795,0,571380,0,524415,0,473589,0,413880,0,354334,0,298601,0,244337,0,197336,0,156963,0,123121,0,96198,0,75083,59665,0,49573,0,42656,0,39906,0,39410,0,41422,0,46142,0,52299,0,62047,0,74367,0,88948,0,103187,0,113804,0,114489,0,100659,0,71821,0,37521,12,12378,2731
0,0,0,0,0,0,0,0,0,0,0,0,0,0,0,0,0,0,0,0,0,1,0,0,0,2,0,3,0,15,0,22,0,65,0,118,274,0,590,0,1182,0,2131,0,4010,0,7003,0,11517,0,18847,0,29472,0,44362,0,65694,0,93470,0,129197,0,171756,0,223831,0,280142,0,343206,0,407018,0,467424,523125,0,570022,0,603290,0,618861,0,619433,0,602787,0,572365,0,527535,0,474580,0,417794,0,357768,0,300763,0,247564,0,200138,0,158810,0,125022,0,98173,0,76260,60619,0,50202,0,43528,0,40016,0,39575,0,41499,0,45810,0,52254,0,61856,0,74085,0,88735,0,102778,0,113938,0,114829,0,101612,0,72766,0,38300,10,12603,2751
0,0,0,0,0,0,0,0,0,0,0,0,0,0,0,0,0,0,0,0,0,1,0,0,0,0,0,3,0,10,0,28,0,55,0,126,256,0,568,0,1143,0,2120,0,3847,0,6815,0,11523,0,18370,0,28961,0,43959,0,64461,0,92125,0,127769,0,169632,0,220149,0,278211,0,339476,0,403394,0,465952,519124,0,567210,0,601403,0,617698,0,619373,0,603607,0,573108,0,529183,0,477259,0,420323,0,361780,0,303150,0,250550,0,202890,0,161514,0,126660,0,99282,0,77843,61727,0,50725,0,44233,0,40368,0,39707,0,41416,0,45832,0,52216,0,61518,0,73700,0,88310,0,102802,0,113846,0,115439,0,102292,0,73760,0,39007,9,12799,2791
0,0,0,0,0,0,0,0,0,0,0,0,0,0,0,0,0,0,0,0,0,1,0,0,0,0,0,3,0,13,0,26,0,59,0,115,262,0,540,0,1105,0,2056,0,3849,0,6694,0,11216,0,18177,0,28215,0,43499,0,63383,0,91328,0,125213,0,167526,0,217924,0,275266,0,336715,0,400068,0,461431,516961,0,565213,0,598738,0,616813,0,618759,0,604171,0,574253,0,531279,0,480054,0,422887,0,364692,0,306628,0,253421,0,205277,0,163713,0,128861,0,100939,0,78673,62962,0,51420,0,44555,0,40671,0,40030,0,41536,0,45673,0,52351,0,61246,0,73093,0,88114,0,102565,0,113849,0,115932,0,103021,0,74748,0,39738,8,13058,2822
0,0,0,0,0,0,0,0,0,0,0,0,0,0,0,0,0,0,0,1,0,0,0,0,0,0,0,3,0,11,0,22,0,56,0,114,269,0,540,0,1006,0,2097,0,3762,0,6464,0,10998,0,17808,0,27873,0,42515,0,62836,0,89567,0,123976,0,165341,0,215730,0,272342,0,332973,0,396671,0,459448,514123,0,561239,0,597073,0,615840,0,618342,0,604733,0,575770,0,532953,0,482305,0,425928,0,367785,0,310150,0,255778,0,207581,0,165846,0,131048,0,102231,0,80523,63762,0,52395,0,44551,0,41148,0,40049,0,41382,0,46010,0,52097,0,61071,0,72730,0,87791,0,102462,0,113770,0,116740,0,103646,0,75530,0,40449,7,13297,2850
0,0,0,0,0,0,0,0,0,0,0,0,0,0,0,0,0,0,0,0,0,1,0,0,0,1,0,4,0,11,0,27,0,50,0,130,255,0,512,0,997,0,2040,0,3623,0,6407,0,10771,0,17275,0,27578,0,41773,0,61607,0,88184,0,121904,0,163836,0,213491,0,269243,0,330748,0,393363,0,455844,511317,0,559254,0,594258,0,614101,0,618739,0,605744,0,576434,0,534589,0,484986,0,429162,0,370503,0,312997,0,258220,0,209661,0,168563,0,133141,0,104063,0,81449,64680,0,53166,0,45454,0,41440,0,40066,0,41459,0,45663,0,52215,0,60738,0,72714,0,87407,0,102142,0,113722,0,117398,0,104331,0,76377,0,41155,4,13553,2868
0,0,0,0,0,0,0,0,0,0,0,0,0,0,0,0,0,0,0,0,0,1,0,1,0,0,0,5,0,16,0,20,0,55,0,125,229,0,485,0,1054,0,1949,0,3546,0,6322,0,10484,0,17114,0,26933,0,41138,0,60932,0,86294,0,120422,0,162126,0,210152,0,267019,0,328127,0,390096,0,451770,508741,0,556901,0,593114,0,612161,0,618173,0,606249,0,577612,0,537446,0,486577,0,432908,0,372741,0,315463,0,260591,0,212770,0,170769,0,134993,0,105664,0,82884,65592,0,53866,0,46298,0,41592,0,40244,0,41429,0,45762,0,51959,0,60692,0,72181,0,87107,0,102174,0,113815,0,117692,0,104932,0,77347,0,41792,4,13857,2901
0,0,0,0,0,0,0,0,0,0,0,0,0,0,0,0,0,0,0,0,0,0,0,2,0,1,0,4,0,11,0,25,0,56,0,120,221,0,486,0,1010,0,1964,0,3426,0,6091,0,10283,0,16834,0,26408,0,40654,0,59635,0,85645,0,118465,0,159620,0,208050,0,263967,0,325462,0,386775,0,448763,505714,0,554629,0,591171,0,611065,0,616778,0,607194,0,578856,0,538579,0,490314,0,435641,0,374793,0,318278,0,263520,0,215771,0,172282,0,136959,0,107624,0,84222,66920,0,54301,0,46784,0,42087,0,40448,0,41400,0,45703,0,52009,0,60294,0,72128,0,86714,0,101543,0,114318,0,118121,0,105730,0,78051,0,42443,2,14117,2927
0,0,0,0,0,0,0,0,0,0,0,0,0,0,0,0,0,0,0,0,0,0,0,1,0,3,0,2,0,13,0,22,0,50,0,116,233,0,448,0,1042,0,1792,0,3388,0,5895,0,10319,0,16365,0,25863,0,39929,0,58950,0,84324,0,116465,0,157512,0,206354,0,260811,0,321654,0,384239,0,446124,502870,0,552564,0,588208,0,610345,0,616626,0,606334,0,581004,0,540350,0,493055,0,437678,0,377910,0,321020,0,266285,0,217963,0,174981,0,138428,0,109538,0,85858,67770,0,55178,0,47081,0,42328,0,40860,0,41323,0,45708,0,51722,0,60306,0,71904,0,86354,0,101403,0,114308,0,118425,0,106274,0,78961,0,43277,0,14354,2941
0,0,0,0,0,0,0,0,0,0,0,0,0,0,0,0,0,0,0,0,0,0,0,1,0,2,0,3,0,8,0,26,0,47,0,105,223,0,470,0,987,0,1751,0,3233,0,5991,0,9906,0,16310,0,25316,0,39088,0,58126,0,82829,0,114911,0,155282,0,203952,0,258760,0,318431,0,380131,0,443563,500126,0,550482,0,585950,0,609476,0,615410,0,606868,0,581000,0,543638,0,494727,0,440099,0,381973,0,323267,0,269416,0,220135,0,177302,0,140903,0,110545,0,87427,68687,0,56164,0,47439,0,42733,0,41176,0,41432,0,45511,0,51449,0,60300,0,71705,0,85908,0,101307,0,114127,0,118944,0,106884,0,79962,0,43918,1,14605,2960
0,0,0,0,0,0,0,0,0,0,0,0,0,0,0,0,0,0,0,0,0,0,0,0,0,4,0,2,0,9,0,24,0,48,0,95,217,0,479,0,949,0,1755,0,3178,0,5791,0,9676,0,15984,0,25013,0,38409,0,56986,0,81839,0,113300,0,153589,0,201255,0,255700,0,315154,0,378357,0,439097,497807,0,546847,0,585232,0,607518,0,616325,0,606396,0,582239,0,545046,0,497781,0,442495,0,384636,0,326495,0,272099,0,222167,0,179867,0,142567,0,112276,0,88895,69815,0,56643,0,48037,0,42899,0,41317,0,41849,0,45325,0,51315,0,60210,0,71526,0,85460,0,101425,0,114013,0,119124,0,107771,0,80703,0,44579,2,14815,2982
0,0,0,0,0,0,0,0,0,0,0,0,0,0,0,0,0,0,0,0,0,0,0,0,0,3,0,4,0,5,0,22,0,48,0,111,207,0,447,0,912,0,1734,0,3192,0,5637,0,9585,0,15510,0,24425,0,37865,0,55931,0,80422,0,112018,0,151460,0,199323,0,252862,0,312577,0,374281,0,437075,494187,0,545524,0,582445,0,606272,0,614882,0,607746,0,583241,0,546780,0,500006,0,445310,0,386940,0,329392,0,275870,0,224899,0,181318,0,144444,0,114283,0,89399,71209,0,57277,0,48558,0,43288,0,41651,0,41845,0,45087,0,51364,0,60118,0,71306,0,85280,0,101017,0,114298,0,119331,0,108546,0,81283,0,45269,2,15079,3006
0,0,0,0,0,0,0,0,0,0,0,0,0,0,0,0,0,0,0,0,0,0,0,0,0,3,0,3,0,6,0,23,0,44,0,108,194,0,446,0,894,0,1747,0,3084,0,5479,0,9272,0,15242,0,24208,0,37322,0,54774,0,79456,0,110306,0,149445,0,196808,0,251044,0,308831,0,371255,0,433344,491941,0,542494,0,581043,0,605604,0,614509,0,606855,0,584975,0,548518,0,501827,0,448602,0,389436,0,332276,0,278382,0,227716,0,183296,0,146625,0,115922,0,90591,71969,0,58246,0,49005,0,43825,0,41641,0,42052,0,45139,0,51093,0,59996,0,71015,0,85335,0,100646,0,114547,0,119248,0,109400,0,82103,0,45861,1,15309,3027
0,0,0,0,0,0,0,0,0,0,0,0,0,0,0,0,0,0,0,0,0,0,0,0,0,2,0,1,0,8,0,23,0,45,0,94,222,0,416,0,909,0,1647,0,3074,0,5339,0,9072,0,14958,0,23635,0,36821,0,54250,0,77974,0,108733,0,147694,0,194616,0,247161,0,306886,0,368378,0,430881,488107,0,540261,0,579047,0,603143,0,614865,0,608033,0,585742,0,549937,0,504346,0,450581,0,393416,0,335280,0,279860,0,230392,0,185824,0,148038,0,117771,0,91787,73158,0,58857,0,49788,0,43761,0,41855,0,42156,0,45422,0,50748,0,59779,0,71048,0,85019,0,100525,0,114415,0,119747,0,110028,0,82819,0,46480,1,15481,3052
0,0,0,0,0,0,0,0,0,0,0,0,0,0,0,0,0,0,0,0,0,0,0,0,0,1,0,4,0,5,0,23,0,49,0,100,182,0,425,0,890,0,1595,0,2968,0,5295,0,8914,0,14764,0,23175,0,36036,0,53444,0,76766,0,107701,0,145386,0,192383,0,244637,0,304353,0,365440,0,426464,486311,0,537371,0,576617,0,603303,0,613851,0,608172,0,586454,0,552433,0,505883,0,452160,0,396613,0,338903,0,282418,0,233170,0,188068,0,150013,0,118583,0,93337,74018,0,59778,0,50238,0,44118,0,42142,0,42187,0,45381,0,50884,0,59480,0,70918,0,84635,0,100571,0,114463,0,119766,0,110754,0,83627,0,46950,2,15770,3066
0,0,0,0,0,0,0,0,0,0,0,0,0,0,0,0,0,0,0,0,0,0,0,0,0,2,0,3,0,4,0,28,0,45,0,88,200,0,401,0,853,0,1568,0,2886,0,5108,0,8778,0,14427,0,22936,0,35092,0,52612,0,76248,0,105340,0,144100,0,189867,0,242032,0,301167,0,362978,0,423696,482040,0,535124,0,574880,0,602986,0,613298,0,607728,0,588232,0,553922,0,508268,0,454959,0,399478,0,340907,0,286140,0,234419,0,190638,0,152098,0,119908,0,94846,74963,0,60502,0,50709,0,44380,0,42219,0,42316,0,45224,0,50871,0,59420,0,70906,0,84410,0,100240,0,114658,0,119855,0,111417,0,84419,0,47433,1,16054,3081
0,0,0,0,0,0,0,0,0,0,0,0,0,0,0,0,0,0,0,0,0,0,0,0,0,2,0,2,0,6,0,16,0,55,0,85,179,0,424,0,774,0,1549,0,2838,0,5020,0,8499,0,14258,0,22453,0,34601,0,51603,0,75007,0,104428,0,141703,0,188246,0,240241,0,297625,0,358249,0,421904,479894,0,531788,0,572990,0,601421,0,613301,0,609180,0,587840,0,555679,0,510519,0,457285,0,402047,0,344795,0,287682,0,237326,0,192828,0,153550,0,121932,0,95750,76322,0,61168,0,50975,0,45224,0,42468,0,42120,0,45224,0,50843,0,59116,0,70640,0,84272,0,100341,0,114406,0,120180,0,112075,0,85073,0,47990,0,16311,3086
0,0,0,0,0,0,0,0,0,0,0,0,0,0,0,0,0,0,0,0,0,0,0,0,0,2,0,1,0,8,0,18,0,44,0,86,154,0,429,0,761,0,1489,0,2847,0,4785,0,8508,0,13848,0,22007,0,33966,0,50889,0,73451,0,102974,0,140309,0,185573,0,238305,0,294551,0,355436,0,419183,476684,0,530960,0,569195,0,600259,0,613507,0,608488,0,590402,0,556346,0,512369,0,460348,0,404942,0,345785,0,291625,0,239884,0,194565,0,155749,0,123399,0,96929,77313,0,61944,0,51483,0,45599,0,42456,0,42365,0,45443,0,50413,0,59125,0,70381,0,84113,0,100333,0,114104,0,120771,0,112499,0,85766,0,48659,0,16486,3095
0,0,0,0,0,0,0,0,0,0,0,0,0,0,0,0,0,0,0,0,0,0,0,0,0,1,0,4,0,5,0,17,0,48,0,79,157,0,379,0,799,0,1457,0,2727,0,4684,0,8325,0,13598,0,21720,0,33334,0,49976,0,72455,0,101578,0,138187,0,183431,0,235823,0,292067,0,353074,0,414980,474508,0,526874,0,569751,0,598372,0,611851,0,609396,0,591286,0,557753,0,514545,0,463218,0,406967,0,348425,0,294902,0,241968,0,197013,0,157660,0,124945,0,98337,78053,0,62737,0,52188,0,45786,0,42632,0,42558,0,45448,0,50361,0,58824,0,70100,0,84158,0,100279,0,113987,0,121287,0,112851,0,86434,0,49200,0,16736,3113
0,0,0,0,0,0,0,0,0,0,0,0,0,0,0,0,0,0,0,0,0,0,0,0,0,1,0,2,0,7,0,14,0,42,0,87,142,0,392,0,776,0,1379,0,2692,0,4728,0,8100,0,13347,0,21473,0,32755,0,48972,0,71158,0,100113,0,136345,0,181184,0,233201,0,289566,0,350242,0,411894,471551,0,524459,0,567375,0,597321,0,611011,0,610080,0,591468,0,560363,0,516368,0,465738,0,409336,0,351996,0,296732,0,244911,0,199426,0,159401,0,126545,0,99186,79340,0,63524,0,52801,0,46076,0,42846,0,42732,0,45265,0,50174,0,58859,0,69901,0,84132,0,100173,0,113819,0,121452,0,113394,0,87267,0,49684,1,16974,3115
0,0,0,0,0,0,0,0,0,0,0,0,0,0,0,0,0,0,0,0,0,0,0,1,0,0,0,2,0,4,0,20,0,35,0,72,169,0,360,0,800,0,1299,0,2616,0,4700,0,7932,0,13016,0,21048,0,32309,0,48127,0,69952,0,98634,0,134830,0,179377,0,229831,0,286697,0,347255,0,409322,468410,0,522707,0,564570,0,596539,0,610189,0,609898,0,593043,0,561458,0,517459,0,469094,0,411976,0,355167,0,299257,0,247682,0,201536,0,161264,0,127717,0,101036,79930,0,64500,0,53360,0,46517,0,42987,0,42728,0,45384,0,50124,0,58768,0,69933,0,83730,0,99776,0,114283,0,121287,0,114067,0,88001,0,50401,2,17099,3121
0,0,0,0,0,0,0,0,0,0,0,0,0,0,0,0,0,0,0,0,0,0,0,1,0,0,0,2,0,5,0,18,0,34,0,81,158,0,337,0,771,0,1356,0,2528,0,4496,0,7811,0,12814,0,20771,0,31488,0,47419,0,69220,0,97090,0,132953,0,176935,0,228206,0,283621,0,344332,0,406136,465789,0,518911,0,563775,0,594928,0,609296,0,609889,0,594852,0,563160,0,519447,0,470451,0,415588,0,357332,0,302356,0,249773,0,203535,0,163055,0,129598,0,102176,81183,0,65242,0,54031,0,46840,0,43324,0,42659,0,45219,0,50370,0,58640,0,69764,0,83499,0,99865,0,114064,0,121563,0,114538,0,88745,0,50876,2,17356,3134
0,0,0,0,0,0,0,0,0,0,0,0,0,0,0,0,0,0,0,0,0,0,0,0,0,2,0,1,0,5,0,16,0,34,0,67,173,0,326,0,713,0,1356,0,2463,0,4431,0,7575,0,12717,0,20073,0,30954,0,46915,0,67655,0,96199,0,131597,0,174409,0,225250,0,281453,0,341619,0,402516,462819,0,516661,0,561599,0,593365,0,608742,0,610334,0,595218,0,564516,0,522876,0,472506,0,417143,0,360929,0,305432,0,251879,0,205332,0,164873,0,131274,0,103868,81993,0,66148,0,54594,0,47291,0,43435,0,42893,0,45265,0,50358,0,58402,0,69468,0,83512,0,99640,0,113962,0,121703,0,115374,0,89369,0,51371,2,17596,3147
0,0,0,0,0,0,0,0,0,0,0,0,0,0,0,0,0,0,0,0,0,0,0,1,0,1,0,1,0,4,0,17,0,36,0,73,143,0,336,0,686,0,1329,0,2423,0,4318,0,7432,0,12345,0,19766,0,30538,0,45640,0,67318,0,94787,0,129724,0,172071,0,223084,0,277844,0,338447,0,401015,459806,0,513715,0,559616,0,592532,0,607973,0,610687,0,594004,0,566630,0,524993,0,475811,0,418952,0,364025,0,308194,0,254390,0,207491,0,166952,0,133124,0,104690,83417,0,66760,0,55127,0,47757,0,43801,0,43036,0,45089,0,50273,0,58209,0,69349,0,83310,0,99677,0,113815,0,122256,0,115604,0,90030,0,51954,2,17812,3166
0,0,0,0,0,0,0,0,0,0,0,0,0,0,0,0,0,0,0,0,0,1,0,1,0,0,0,1,0,3,0,18,0,29,0,74,147,0,327,0,662,0,1306,0,2356,0,4230,0,7364,0,12109,0,19103,0,29989,0,45392,0,65839,0,93583,0,127804,0,170355,0,219918,0,275829,0,335501,0,398161,456744,0,511667,0,556336,0,590737,0,607996,0,610065,0,596240,0,567900,0,525916,0,478689,0,422319,0,366520,0,310378,0,257859,0,209050,0,169156,0,134270,0,106415,84049,0,67836,0,55626,0,48162,0,44066,0,43222,0,44933,0,50243,0,58273,0,69243,0,83014,0,99495,0,114165,0,122321,0,116005,0,90756,0,52416,3,18044,3177
0,0,0,0,0,0,0,0,0,0,0,0,0,0,0,0,0,0,0,0,0,1,0,1,0,0,0,1,0,5,0,15,0,37,0,64,146,0,319,0,640,0,1290,0,2307,0,4179,0,6998,0,12001,0,18932,0,29511,0,44458,0,64921,0,92015,0,126382,0,168553,0,217218,0,272201,0,333206,0,394702,454679,0,508349,0,555640,0,588432,0,606241,0,611135,0,596551,0,568288,0,529177,0,480460,0,425890,0,368873,0,312833,0,260328,0,212378,0,170252,0,136215,0,107764,85138,0,68302,0,56307,0,48734,0,44359,0,43163,0,45217,0,49928,0,58478,0,68928,0,82819,0,99300,0,114403,0,122389,0,116483,0,91293,0,53092,4,18300,3183
0,0,0,0,0,0,0,0,0,0,0,0,0,0,0,0,0,0,0,0,0,1,0,1,0,0,0,1,0,4,0,19,0,30,0,73,151,0,293,0,642,0,1214,0,2322,0,3984,0,6950,0,11729,0,18683,0,29043,0,43484,0,63964,0,90476,0,124972,0,166166,0,215214,0,269750,0,329722,0,391694,451126,0,506912,0,553262,0,587013,0,605557,0,610199,0,597944,0,569455,0,531074,0,483109,0,428283,0,372237,0,314994,0,263035,0,214107,0,173179,0,137364,0,109143,86166,0,69220,0,57037,0,49043,0,44415,0,43582,0,45235,0,49891,0,58229,0,68778,0,82845,0,99019,0,114434,0,122798,0,116806,0,91845,0,53752,3,18549,3186
0,0,0,0,0,0,0,0,0,0,0,0,0,0,0,0,0,0,0,0,0,0,0,2,0,0,0,1,0,4,0,12,0,29,0,86,124,0,302,0,634,0,1192,0,2237,0,3938,0,6777,0,11457,0,18218,0,28624,0,43043,0,62658,0,89714,0,122780,0,164263,0,212436,0,267675,0,326601,0,388675,448606,0,503535,0,551363,0,585787,0,604655,0,609439,0,598098,0,571463,0,533293,0,486034,0,430346,0,375238,0,317490,0,265401,0,216836,0,174734,0,139228,0,110589,87294,0,70128,0,57627,0,49406,0,44734,0,43586,0,45305,0,49978,0,58049,0,68454,0,82973,0,98781,0,114506,0,122917,0,117270,0,92445,0,54372,2,18774,3190
0,0,0,0,0,0,0,0,0,0,0,0,0,0,0,0,0,0,0,0,0,0,0,1,0,2,0,0,0,3,0,10,0,34,0,68,138,0,277,0,655,0,1153,0,2150,0,3876,0,6729,0,10974,0,17979,0,27988,0,42340,0,61914,0,88226,0,121553,0,161758,0,210442,0,264445,0,324409,0,384788,445681,0,501622,0,548866,0,584132,0,604589,0,608200,0,599816,0,572898,0,535492,0,487408,0,433632,0,377316,0,320882,0,267278,0,219293,0,176923,0,140666,0,112097,88519,0,70629,0,58317,0,49913,0,44960,0,43806,0,45378,0,49863,0,57693,0,68842,0,82640,0,98611,0,114594,0,122911,0,117729,0,93163,0,54898,3,19037,3199
0,0,0,0,0,0,0,0,0,0,0,0,0,0,0,0,0,0,0,0,0,0,0,1,0,2,0,0,0,2,0,15,0,26,0,72,121,0,302,0,594,0,1184,0,2078,0,3754,0,6536,0,10836,0,17673,0,27352,0,41654,0,61273,0,86775,0,119648,0,160294,0,207724,0,261729,0,321418,0,382142,442090,0,499310,0,546682,0,582854,0,603215,0,609312,0,600373,0,572814,0,537384,0,490327,0,436008,0,380234,0,323296,0,270095,0,221498,0,178974,0,142677,0,113128,89817,0,71814,0,58701,0,50343,0,45040,0,44177,0,45246,0,49908,0,57578,0,68707,0,82646,0,98306,0,114561,0,123241,0,118127,0,93896,0,55372,4,19241,3207
0,0,0,0,0,0,0,0,0,0,0,0,0,0,0,0,0,0,0,0,0,0,0,1,0,1,0,1,0,3,0,11,0,24,0,67,122,0,322,0,551,0,1177,0,2025,0,3673,0,6531,0,10558,0,17229,0,26904,0,40793,0,60510,0,85363,0,118350,0,158176,0,205480,0,258983,0,318278,0,379851,438931,0,496416,0,544534,0,580646,0,602332,0,610052,0,600435,0,574627,0,538825,0,492715,0,438717,0,382282,0,326382,0,272626,0,223947,0,181162,0,144235,0,114748,90964,0,72158,0,59731,0,50577,0,45650,0,44159,0,45143,0,49940,0,57642,0,68575,0,82348,0,98165,0,114463,0,123736,0,118646,0,94264,0,55971,3,19461,3216
0,0,0,0,0,0,0,0,0,0,0,0,0,0,0,0,0,0,0,0,0,0,0,2,0,0,0,2,0,3,0,10,0,24,0,63,124,0,290,0,571,0,1112,0,1965,0,3624,0,6300,0,10400,0,17004,0,26384,0,40071,0,59368,0,84329,0,116360,0,156083,0,203312,0,257037,0,315442,0,376865,436526,0,493530,0,541650,0,578739,0,601891,0,610034,0,599362,0,576972,0,541030,0,494448,0,442194,0,384244,0,329378,0,275476,0,226113,0,182878,0,146173,0,116087,91777,0,73337,0,60203,0,51186,0,45965,0,44384,0,45214,0,49893,0,57626,0,68281,0,82319,0,98189,0,114312,0,123978,0,119060,0,94781,0,56462,3,19746,3222
0,0,0,0,0,0,0,0,0,0,0,0,0,0,0,0,0,0,0,0,0,0,0,2,0,0,0,1,0,6,0,10,0,26,0,48,140,0,245,0,586,0,1079,0,1905,0,3518,0,6140,0,10227,0,16603,0,26076,0,39423,0,58467,0,82813,0,115342,0,153274,0,201181,0,254936,0,312832,0,373034,434183,0,490556,0,539181,0,577160,0,601436,0,609184,0,601007,0,578795,0,542208,0,496417,0,444338,0,387378,0,332026,0,277581,0,228925,0,184786,0,147701,0,117117,93180,0,74497,0,60605,0,51955,0,46231,0,44309,0,45427,0,49893,0,57468,0,68158,0,82173,0,98043,0,114223,0,124308,0,119373,0,95602,0,56885,2,19956,3227
0,0,0,0,0,0,0,0,0,0,0,0,0,0,0,0,0,0,0,0,0,0,0,2,0,0,0,2,0,4,0,14,0,23,0,48,126,0,249,0,577,0,1033,0,1830,0,3490,0,5974,0,9995,0,16471,0,25327,0,38871,0,57059,0,82205,0,113182,0,151869,0,198456,0,252466,0,309610,0,371099,430623,0,487608,0,537659,0,575479,0,599284,0,609486,0,601408,0,580093,0,544520,0,497867,0,447221,0,390617,0,334582,0,280551,0,230650,0,187472,0,148661,0,118867,94532,0,75318,0,61295,0,52293,0,46611,0,44426,0,45583,0,49961,0,57381,0,67780,0,82118,0,98096,0,114268,0,123982,0,120079,0,96288,0,57349,2,20187,3229
0,0,0,0,0,0,0,0,0,0,0,0,0,0,0,0,0,0,0,0,0,0,0,1,0,1,0,0,0,6,0,14,0,25,0,47,109,0,264,0,569,0,970,0,1826,0,3408,0,5754,0,9850,0,16084,0,25215,0,37937,0,56411,0,80879,0,111433,0,150069,0,195884,0,249412,0,307483,0,368041,427672,0,484981,0,535592,0,574524,0,598462,0,608262,0,602062,0,580947,0,546910,0,500405,0,449016,0,393408,0,336820,0,283421,0,233092,0,188970,0,150841,0,120496,95673,0,76073,0,62025,0,52622,0,46933,0,44537,0,45802,0,50080,0,57147,0,67671,0,82050,0,97951,0,114170,0,124361,0,120178,0,97074,0,57872,2,20376,3238
0,0,0,0,0,0,0,0,0,0,0,0,0,0,0,0,0,0,0,0,0,0,0,1,0,1,0,1,0,6,0,15,0,27,0,47,116,0,234,0,528,0,975,0,1762,0,3311,0,5769,0,9625,0,15767,0,24640,0,37467,0,55243,0,79819,0,109889,0,148418,0,194108,0,246581,0,303866,0,365071,425778,0,481854,0,533301,0,572293,0,598299,0,607891,0,602397,0,581795,0,548565,0,503642,0,450166,0,395938,0,340169,0,286255,0,235094,0,190974,0,152765,0,121889,96443,0,77534,0,62541,0,52927,0,47127,0,45010,0,45676,0,50128,0,57210,0,67531,0,81857,0,97726,0,114386,0,124481,0,120491,0,97734,0,58399,2,20595,3258
0,0,0,0,0,0,0,0,0,0,0,0,0,0,0,0,0,0,0,0,0,0,0,0,0,1,0,2,0,9,0,5,0,31,0,53,105,0,250,0,504,0,986,0,1682,0,3159,0,5791,0,9295,0,15474,0,24252,0,36619,0,54639,0,78236,0,108721,0,146875,0,191584,0,243825,0,302137,0,361999,422174,0,479052,0,531111,0,570712,0,595731,0,608081,0,603487,0,583148,0,549939,0,506577,0,452352,0,398793,0,342568,0,288759,0,237392,0,192963,0,154819,0,123113,97741,0,78293,0,63264,0,53423,0,47509,0,45294,0,45731,0,50120,0,57073,0,67298,0,81855,0,97481,0,114755,0,124197,0,121265,0,97953,0,59067,2,20826,3256
0,0,0,0,0,0,0,0,0,0,0,0,0,0,0,0,0,0,0,0,0,0,0,0,0,1,0,4,0,5,0,8,0,28,0,41,117,0,235,0,518,0,919,0,1704,0,3123,0,5542,0,9175,0,15141,0,23699,0,36207,0,53616,0,77206,0,107357,0,144752,0,189217,0,241285,0,299285,0,359517,419158,0,477475,0,526787,0,570345,0,594385,0,607058,0,603929,0,584666,0,552193,0,506886,0,456188,0,400575,0,345400,0,291593,0,239762,0,195130,0,156795,0,124800,98902,0,79165,0,63947,0,53838,0,48120,0,45336,0,45674,0,50137,0,56891,0,67194,0,81853,0,97404,0,114755,0,124262,0,121892,0,98318,0,59628,1,20987,3277
0,0,0,0,0,0,0,0,0,0,0,0,0,0,0,0,0,0,0,0,0,0,0,0,0,2,0,3,0,4,0,7,0,27,0,47,114,0,228,0,490,0,898,0,1698,0,3073,0,5341,0,9088,0,14720,0,23372,0,35738,0,52520,0,76082,0,105743,0,142774,0,187387,0,239077,0,295975,0,356867,416011,0,474814,0,524931,0,567190,0,593863,0,607916,0,603306,0,585476,0,553541,0,509974,0,458516,0,403125,0,348174,0,293809,0,242831,0,197165,0,158283,0,126078,100255,0,80244,0,64582,0,54370,0,48320,0,45636,0,45752,0,50069,0,56815,0,67130,0,81702,0,97462,0,114613,0,124355,0,122499,0,98648,0,60140,1,21251,3286
0,0,0,0,0,0,0,0,0,0,0,0,0,0,0,0,0,0,0,0,0,0,0,1,0,0,0,6,0,1,0,7,0,24,0,50,107,0,231,0,474,0,851,0,1658,0,3065,0,5140,0,8850,0,14666,0,22956,0,35024,0,51569,0,74699,0,104665,0,140777,0,185260,0,237238,0,292876,0,353356,414267,0,470935,0,523642,0,564975,0,592640,0,607535,0,603530,0,586878,0,554302,0,512680,0,461096,0,405763,0,351076,0,296128,0,244768,0,199564,0,159868,0,127473,101287,0,81469,0,65339,0,54801,0,48966,0,45665,0,45855,0,50072,0,56787,0,66854,0,81664,0,97622,0,114194,0,124650,0,122762,0,99452,0,60507,0,21497,3294
0,0,0,0,0,0,0,0,0,0,0,0,0,0,0,0,0,0,0,0,0,0,0,1,0,0,0,5,0,1,0,5,0,29,0,52,99,0,233,0,445,0,850,0,1578,0,3009,0,5150,0,8607,0,14315,0,22587,0,34193,0,50898,0,73580,0,103246,0,139500,0,182580,0,234522,0,290501,0,350086,411315,0,469060,0,520946,0,562827,0,593358,0,605793,0,604069,0,586904,0,556444,0,514743,0,463132,0,409080,0,353445,0,298410,0,246921,0,201751,0,161819,0,129290,102474,0,82152,0,66140,0,55278,0,49288,0,45949,0,46138,0,49793,0,56678,0,66871,0,81389,0,97811,0,113917,0,124788,0,123360,0,100029,0,60934,0,21730,3310
0,0,0,0,0,0,0,0,0,0,0,0,0,0,0,0,0,0,0,0,0,0,0,1,0,1,0,3,0,1,0,10,0,21,0,53,100,0,224,0,459,0,816,0,1563,0,2881,0,5066,0,8413,0,14037,0,22021,0,33803,0,50106,0,72347,0,101853,0,137366,0,180647,0,232180,0,287714,0,348042,407486,0,466541,0,518337,0,561533,0,591144,0,605681,0,605249,0,587244,0,558664,0,515888,0,465193,0,412873,0,355244,0,301566,0,248969,0,203927,0,163928,0,130424,103994,0,82840,0,66872,0,56060,0,49391,0,46102,0,46546,0,49841,0,56448,0,66960,0,81251,0,97645,0,113949,0,124795,0,123782,0,100787,0,61212,0,21999,3315
0,0,0,0,0,0,0,0,0,0,0,0,0,0,0,0,0,0,0,0,0,0,0,1,0,1,0,2,0,2,0,9,0,20,0,48,110,0,199,0,447,0,802,0,1573,0,2735,0,4926,0,8423,0,13614,0,21730,0,33251,0,49334,0,71354,0,100071,0,135339,0,178767,0,229280,0,285561,0,344626,405522,0,463593,0,515130,0,559933,0,590234,0,605263,0,604659,0,588846,0,560419,0,516987,0,468733,0,414560,0,358512,0,304119,0,251858,0,205353,0,166060,0,132364,104731,0,83916,0,67418,0,56848,0,49694,0,46540,0,46421,0,49856,0,56592,0,66683,0,81132,0,97511,0,113996,0,125001,0,124181,0,101304,0,61659,0,22223,3332
0,0,0,0,0,0,0,0,0,0,0,0,0,0,0,0,0,0,0,0,0,0,0,1,0,1,0,1,0,1,0,9,0,23,0,45,110,0,196,0,399,0,819,0,1543,0,2707,0,4797,0,8134,0,13463,0,21349,0,32756,0,48457,0,70068,0,98597,0,133567,0,176417,0,227419,0,282671,0,341856,402512,0,461079,0,513108,0,557790,0,588728,0,603834,0,606447,0,590197,0,560922,0,519730,0,469737,0,417646,0,361747,0,306207,0,254421,0,207503,0,167800,0,133712,106252,0,84647,0,68319,0,57247,0,50305,0,46707,0,46492,0,50050,0,56551,0,66769,0,80794,0,97341,0,113822,0,125335,0,124628,0,101720,0,62109,0,22455,3339
0,0,0,0,0,0,0,0,0,0,0,0,0,0,0,0,0,0,0,0,0,0,0,1,0,1,0,0,0,4,0,7,0,24,0,45,98,0,210,0,405,0,797,0,1461,0,2714,0,4680,0,7937,0,13156,0,21005,0,32273,0,47507,0,69222,0,97018,0,131542,0,175119,0,224409,0,280260,0,338811,399449,0,458594,0,510796,0,555172,0,588074,0,603994,0,605830,0,591507,0,562331,0,520986,0,472857,0,421076,0,363727,0,308449,0,257074,0,209734,0,169285,0,135245,107325,0,85785,0,69032,0,57589,0,50992,0,46879,0,46870,0,49811,0,56501,0,66708,0,80548,0,97329,0,113894,0,125482,0,125096,0,102131,0,62610,0,22597,3343
0,0,0,0,0,0,0,0,0,0,0,0,0,0,0,0,0,0,0,0,0,0,0,1,0,0,0,2,0,3,0,6,0,27,0,43,109,0,187,0,400,0,764,0,1463,0,2588,0,4578,0,7774,0,12915,0,20578,0,31654,0,46936,0,67797,0,95344,0,130860,0,172114,0,222141,0,277663,0,336305,396712,0,455438,0,508729,0,554415,0,585320,0,604413,0,604845,0,592463,0,563739,0,523553,0,475679,0,423205,0,366269,0,311311,0,258524,0,212364,0,171188,0,136813,108374,0,86923,0,69877,0,58258,0,51068,0,47182,0,46936,0,50144,0,56333,0,66600,0,80523,0,97112,0,113836,0,125685,0,125344,0,102696,0,63077,0,22858,3350
0,0,0,0,0,0,0,0,0,0,0,0,0,0,0,0,0,0,0,0,0,0,0,0,0,1,0,1,0,6,0,9,0,18,0,46,93,0,201,0,394,0,732,0,1403,0,2599,0,4468,0,7531,0,12792,0,20098,0,31183,0,46069,0,66555,0,94651,0,128513,0,169869,0,219940,0,274806,0,333779,393508,0,453495,0,506236,0,552102,0,584571,0,602065,0,606427,0,592812,0,565284,0,526358,0,478166,0,424828,0,369598,0,313610,0,260781,0,214147,0,173724,0,137838,109980,0,87922,0,70609,0,58622,0,51496,0,47455,0,47209,0,50126,0,56431,0,66329,0,80170,0,97166,0,113895,0,125848,0,125543,0,103311,0,63495,0,23146,3348
0,0,0,0,0,0,0,0,0,0,0,0,0,0,0,0,0,0,0,0,0,0,0,0,0,1,0,3,0,2,0,12,0,19,0,43,87,0,192,0,386,0,732,0,1364,0,2527,0,4429,0,7456,0,12385,0,19811,0,30334,0,45734,0,65655,0,92981,0,126846,0,168323,0,217486,0,271799,0,330974,390702,0,449923,0,504954,0,549461,0,583397,0,601465,0,606689,0,593206,0,566624,0,528504,0,480179,0,428218,0,371564,0,316028,0,263496,0,216903,0,175072,0,139283,111682,0,88386,0,71643,0,59544,0,51649,0,47919,0,47104,0,50261,0,56131,0,66548,0,80002,0,96914,0,114020,0,125991,0,125924,0,103806,0,63906,0,23376,3353
0,0,0,0,0,0,0,0,0,0,0,0,0,0,0,0,0,0,0,0,0,0,0,0,0,2,0,1,0,3,0,9,0,15,0,41,87,0,206,0,342,0,720,0,1360,0,2471,0,4285,0,7425,0,12069,0,19261,0,30031,0,44714,0,64833,0,91399,0,125491,0,165932,0,215568,0,268750,0,327902,387940,0,447527,0,503280,0,548752,0,580620,0,600451,0,606172,0,593984,0,568311,0,530751,0,483573,0,430353,0,373182,0,318622,0,266651,0,218364,0,176995,0,141061,113020,0,89440,0,72373,0,59731,0,52293,0,48035,0,47515,0,50079,0,56366,0,66242,0,79881,0,96856,0,114359,0,125689,0,126404,0,104325,0,64372,0,23568,3354
0,0,0,0,0,0,0,0,0,0,0,0,0,0,0,0,0,0,0,0,0,0,0,0,0,2,0,0,0,3,0,9,0,11,0,46,83,0,188,0,331,0,685,0,1358,0,2461,0,4262,0,7114,0,11870,0,18766,0,29612,0,43983,0,63808,0,90024,0,124410,0,163500,0,212806,0,267065,0,324129,385700,0,444593,0,500620,0,546495,0,580190,0,599745,0,605841,0,595306,0,568831,0,532743,0,486478,0,432050,0,375947,0,321127,0,269468,0,220512,0,179085,0,142833,113480,0,91039,0,73008,0,60251,0,52694,0,48229,0,47829,0,50205,0,56253,0,66150,0,79681,0,96810,0,114227,0,126032,0,126535,0,104852,0,64898,0,23781,3364
0,0,0,0,0,0,0,0,0,0,0,0,0,0,0,0,0,0,0,0,0,0,0,0,0,1,0,2,0,1,0,9,0,21,0,35,87,0,172,0,324,0,676,0,1299,0,2416,0,4171,0,7152,0,11464,0,18584,0,28798,0,43217,0,62514,0,89018,0,122325,0,162942,0,209537,0,264161,0,322234,382570,0,441162,0,498587,0,545158,0,577553,0,600007,0,605869,0,596011,0,570895,0,533442,0,488744,0,434865,0,378873,0,323541,0,271939,0,222767,0,180398,0,144668,115027,0,91678,0,73621,0,61131,0,52936,0,48662,0,47996,0,50390,0,56205,0,66017,0,79409,0,96782,0,114254,0,126487,0,126579,0,105234,0,65425,0,24001,3365
0,0,0,0,0,0,0,0,0,0,0,0,0,0,0,0,0,0,0,0,0,0,0,0,0,0,0,2,0,2,0,11,0,20,0,35,82,0,155,0,341,0,647,0,1256,0,2374,0,4124,0,6945,0,11278,0,18227,0,28118,0,42560,0,62036,0,87403,0,120535,0,161133,0,207300,0,260941,0,319276,380094,0,440019,0,494776,0,542504,0,577238,0,599065,0,606338,0,597005,0,571119,0,536202,0,489862,0,437673,0,381524,0,326848,0,273711,0,225168,0,182167,0,146424,116055,0,92381,0,74922,0,61437,0,53447,0,48944,0,48172,0,50547,0,56065,0,66035,0,79352,0,96730,0,114057,0,126530,0,127040,0,105721,0,65820,0,24221,3394
0,0,0,0,0,0,0,0,0,0,0,0,0,0,0,0,0,0,0,0,0,0,0,0,0,0,0,2,0,2,0,6,0,21,0,44,73,0,149,0,345,0,625,0,1234,0,2300,0,4076,0,6792,0,11029,0,17893,0,27646,0,41951,0,60621,0,86516,0,119067,0,158401,0,205621,0,257976,0,317219,376811,0,437471,0,492955,0,539744,0,575204,0,599124,0,606063,0,597409,0,573568,0,536772,0,492446,0,440294,0,384256,0,329205,0,276033,0,227281,0,184391,0,148052,117359,0,93463,0,75773,0,61791,0,53993,0,49044,0,48404,0,50574,0,56155,0,66016,0,79356,0,96398,0,113964,0,126841,0,127440,0,106121,0,66175,0,24455,3398
0,0,0,0,0,0,0,0,0,0,0,0,0,0,0,0,0,0,0,0,0,0,0,0,0,0,0,1,0,3,0,3,0,23,0,34,92,0,131,0,335,0,628,0,1209,0,2231,0,3944,0,6732,0,10760,0,17477,0,27300,0,40825,0,60419,0,85053,0,116985,0,156622,0,202856,0,256336,0,314092,374677,0,434714,0,488771,0,538765,0,574491,0,597485,0,605787,0,598095,0,574823,0,539236,0,494360,0,442743,0,386995,0,331298,0,278288,0,229904,0,186752,0,149587,118867,0,94522,0,76156,0,62617,0,54071,0,49493,0,48522,0,50417,0,56464,0,65854,0,79239,0,96463,0,113973,0,126835,0,127885,0,106458,0,66669,0,24624,3417
0,0,0,0,0,0,0,0,0,0,0,0,0,0,0,0,0,0,0,0,0,0,0,0,0,0,0,2,0,1,0,8,0,14,0,41,80,0,141,0,310,0,631,0,1154,0,2257,0,3756,0,6491,0,10633,0,17134,0,26816,0,40308,0,59027,0,83816,0,115792,0,154206,0,200720,0,253660,0,311821,371931,0,430975,0,487628,0,536016,0,573539,0,596431,0,605165,0,599089,0,576876,0,541593,0,495404,0,444619,0,389951,0,334009,0,280628,0,232587,0,188820,0,150677,120300,0,95712,0,76968,0,63238,0,54400,0,49590,0,48854,0,50575,0,56457,0,65781,0,78978,0,96335,0,114191,0,126874,0,128194,0,106906,0,67029,0,24858,3411
0,0,0,0,0,0,0,0,0,0,0,0,0,0,0,0,0,0,0,0,0,0,0,0,0,0,0,2,0,2,0,6,0,19,0,30,73,0,143,0,310,0,603,0,1176,0,2112,0,3705,0,6390,0,10367,0,16809,0,26157,0,39660,0,58392,0,82180,0,114108,0,152665,0,198435,0,251206,0,309335,369193,0,428270,0,484476,0,534030,0,571593,0,596089,0,605191,0,598993,0,578255,0,544226,0,497796,0,446626,0,392384,0,336388,0,283375,0,235068,0,190515,0,152503,121252,0,96856,0,77842,0,63623,0,55296,0,49948,0,48766,0,50771,0,56350,0,65944,0,78792,0,96060,0,114453,0,127006,0,128367,0,107241,0,67570,0,25003,3412
0,0,0,0,0,0,0,0,0,0,0,0,0,0,0,0,0,0,0,0,0,0,0,0,0,0,0,1,0,3,0,9,0,15,0,26,81,0,142,0,287,0,604,0,1123,0,2053,0,3606,0,6234,0,10142,0,16494,0,25850,0,38733,0,57489,0,81227,0,112740,0,150557,0,195830,0,249341,0,306081,366622,0,425682,0,481883,0,531191,0,570582,0,594773,0,606024,0,599483,0,578958,0,545248,0,500527,0,449676,0,395287,0,338732,0,285802,0,236926,0,192467,0,154104,122952,0,97777,0,78426,0,64435,0,55701,0,50216,0,48724,0,51153,0,56189,0,65840,0,78943,0,95798,0,114231,0,127524,0,128823,0,107411,0,67995,0,25215,3420
0,0,0,0,0,0,0,0,0,0,0,0,0,0,0,0,0,0,0,0,0,0,0,0,0,0,0,1,0,6,0,5,0,13,0,24,63,0,154,0,303,0,510,0,1141,0,2001,0,3621,0,6018,0,9901,0,16275,0,25318,0,38094,0,56472,0,80396,0,110607,0,148878,0,194671,0,245781,0,304149,362954,0,423965,0,479226,0,528624,0,568714,0,593811,0,606339,0,600055,0,580056,0,546222,0,503319,0,451769,0,397833,0,342141,0,287660,0,238718,0,195004,0,155870,124215,0,99039,0,78970,0,65122,0,56103,0,50605,0,48895,0,50891,0,56372,0,65859,0,78796,0,95930,0,113913,0,127607,0,129218,0,107961,0,68401,0,25420,3409
0,0,0,0,0,0,0,0,0,0,0,0,0,0,0,0,0,0,0,0,0,0,0,0,0,1,0,0,0,3,0,11,0,5,0,26,57,0,161,0,272,0,522,0,1069,0,2026,0,3444,0,5835,0,9875,0,15925,0,24796,0,37666,0,55496,0,78918,0,109284,0,147085,0,192212,0,243775,0,300695,361214,0,420525,0,476513,0,526811,0,566900,0,594122,0,605576,0,600291,0,581122,0,548126,0,505680,0,454063,0,399873,0,344712,0,291045,0,240621,0,196426,0,157674,125549,0,100228,0,79924,0,65727,0,56327,0,51011,0,49014,0,50857,0,56677,0,65877,0,78561,0,95773,0,113877,0,127823,0,129412,0,108465,0,68812,0,25615,3426
0,0,0,0,0,0,0,0,0,0,0,0,0,0,0,0,0,0,0,0,0,0,0,0,0,0,0,1,0,2,0,10,0,8,0,16,71,0,157,0,278,0,505,0,1013,0,1993,0,3339,0,5832,0,9581,0,15565,0,24360,0,37127,0,54441,0,77744,0,107997,0,145074,0,189804,0,242033,0,297604,358031,0,418110,0,474431,0,524673,0,565416,0,593376,0,605282,0,600118,0,582666,0,550490,0,506916,0,456771,0,401845,0,348129,0,292799,0,242591,0,199010,0,158967,126981,0,101180,0,81006,0,66505,0,56455,0,51604,0,49167,0,50858,0,56380,0,66163,0,78444,0,95435,0,113954,0,128116,0,129592,0,109035,0,69076,0,25839,3442
0,0,0,0,0,0,0,0,0,0,0,0,0,0,0,0,0,0,0,0,0,0,0,0,0,0,0,1,0,3,0,4,0,10,0,19,69,0,152,0,247,0,524,0,986,0,1927,0,3295,0,5624,0,9401,0,15276,0,23964,0,36495,0,53482,0,76766,0,105954,0,143526,0,188387,0,238927,0,295310,355042,0,414335,0,472784,0,523937,0,562748,0,592234,0,605304,0,600461,0,583870,0,551770,0,508563,0,459426,0,405241,0,350056,0,296223,0,244372,0,200801,0,160411,128398,0,102283,0,81924,0,67141,0,57002,0,51731,0,49329,0,51003,0,56478,0,66076,0,78377,0,95342,0,113893,0,128469,0,129614,0,109557,0,69388,0,26024,3452
0,0,0,0,0,0,0,0,0,0,0,0,0,0,0,0,0,0,0,0,0,0,0,0,0,1,0,1,0,2,0,5,0,8,0,21,69,0,135,0,259,0,487,0,1059,0,1785,0,3237,0,5555,0,9187,0,15051,0,23466,0,35856,0,52593,0,75551,0,104506,0,142096,0,185579,0,236696,0,293437,352355,0,411930,0,470052,0,521612,0,561526,0,590543,0,604185,0,601616,0,584502,0,553463,0,511181,0,462053,0,407053,0,352777,0,298514,0,247089,0,202103,0,162263,130049,0,103203,0,83058,0,67771,0,57432,0,51823,0,49604,0,51065,0,56709,0,65963,0,78180,0,95434,0,113805,0,128433,0,129851,0,110061,0,69858,0,26187,3463
0,0,0,0,0,0,0,0,0,0,0,0,0,0,0,0,0,0,0,0,0,0,0,0,0,0,0,1,0,2,0,2,0,12,0,30,54,0,138,0,250,0,509,0,931,0,1841,0,3097,0,5546,0,9055,0,14525,0,23011,0,35237,0,52097,0,74416,0,103264,0,139935,0,183413,0,234124,0,290939,349846,0,409655,0,467205,0,518650,0,559974,0,589616,0,603545,0,601982,0,585800,0,555347,0,514188,0,463725,0,410250,0,354500,0,301124,0,249424,0,204035,0,163886,131444,0,104211,0,84058,0,68451,0,58078,0,51671,0,49909,0,51170,0,56723,0,66086,0,78226,0,95213,0,113609,0,128633,0,130040,0,110546,0,70353,0,26332,3474
0,0,0,0,0,0,0,0,0,0,0,0,0,0,0,0,0,0,0,0,0,0,0,0,0,0,0,1,0,2,0,5,0,10,0,33,58,0,120,0,259,0,496,0,898,0,1732,0,3069,0,5350,0,8893,0,14577,0,22684,0,34531,0,50929,0,73184,0,102351,0,138089,0,181119,0,231981,0,287509,348354,0,406078,0,464695,0,516748,0,558413,0,588219,0,602877,0,602841,0,586375,0,557152,0,516778,0,466261,0,412651,0,357058,0,303109,0,251758,0,205944,0,165809,132401,0,105748,0,84770,0,69045,0,58606,0,52181,0,49817,0,51508,0,56794,0,65744,0,78335,0,95197,0,113700,0,128367,0,130231,0,111247,0,70722,1,26517,3477
0,0,0,0,0,0,0,0,0,0,0,0,0,0,0,0,0,0,0,0,0,0,0,0,0,0,0,3,0,1,0,4,0,9,0,35,57,0,113,0,250,0,502,0,859,0,1693,0,3033,0,5255,0,8814,0,14232,0,22265,0,33902,0,50150,0,72461,0,100546,0,136524,0,179016,0,228868,0,285776,345051,0,404808,0,460467,0,514897,0,557318,0,586168,0,603666,0,602488,0,587976,0,558271,0,518251,0,469491,0,415688,0,359244,0,305336,0,254250,0,207197,0,167857,133805,0,106697,0,85624,0,69743,0,59092,0,52317,0,50164,0,51640,0,56950,0,65280,0,78453,0,95082,0,113803,0,128383,0,130484,0,111720,0,71182,1,26702,3494
0,0,0,0,0,0,0,0,0,0,0,0,0,0,0,0,0,0,0,0,0,0,0,0,0,0,0,1,0,4,0,2,0,13,0,29,56,0,110,0,257,0,444,0,867,0,1706,0,2961,0,5025,0,8623,0,14027,0,21928,0,33378,0,49472,0,71442,0,98767,0,135009,0,177597,0,225954,0,283492,342121,0,401662,0,459171,0,511377,0,555975,0,586072,0,601718,0,603902,0,588418,0,560330,0,520181,0,472396,0,417211,0,361625,0,308536,0,255628,0,210170,0,169058,135025,0,107719,0,86431,0,70427,0,59513,0,52858,0,50224,0,51805,0,56849,0,65383,0,78310,0,95055,0,113579,0,128853,0,130659,0,112019,0,71528,0,26958,3498
0,0,0,0,0,0,0,0,0,0,0,0,0,0,0,0,0,0,0,0,0,0,0,0,0,0,0,0,0,4,0,8,0,10,0,18,67,0,106,0,224,0,458,0,864,0,1599,0,2869,0,4993,0,8474,0,13705,0,21643,0,32767,0,48812,0,69858,0,97915,0,132907,0,175429,0,224412,0,280735,338898,0,399332,0,456558,0,508905,0,554417,0,585515,0,601129,0,603533,0,589221,0,561481,0,523103,0,474650,0,419955,0,364086,0,310565,0,258426,0,211724,0,171306,136161,0,108787,0,87009,0,71335,0,59962,0,53235,0,50610,0,51795,0,56773,0,65475,0,78058,0,95138,0,113363,0,129117,0,130881,0,112571,0,71840,0,27120,3497
0,0,0,0,0,0,0,0,0,0,0,0,0,0,0,0,0,0,0,0,0,0,0,0,0,0,0,0,0,1,0,10,0,7,0,21,57,0,102,0,223,0,452,0,848,0,1536,0,2772,0,4976,0,8281,0,13286,0,21295,0,32357,0,47931,0,69038,0,96296,0,131545,0,172921,0,222281,0,278013,336600,0,396167,0,454264,0,507140,0,552281,0,584225,0,602062,0,602983,0,589420,0,564064,0,523949,0,477516,0,421834,0,366969,0,312949,0,260790,0,213838,0,172650,138305,0,109661,0,87718,0,71786,0,60671,0,53338,0,51088,0,51719,0,56980,0,65367,0,78156,0,95099,0,113329,0,129152,0,131114,0,113076,0,72089,0,27309,3501
0,0,0,0,0,0,0,0,0,0,0,0,0,0,0,0,0,0,0,0,0,0,0,0,0,0,0,0,0,1,0,9,0,9,0,21,47,0,114,0,218,0,423,0,842,0,1538,0,2705,0,4919,0,7966,0,13108,0,20888,0,32051,0,46995,0,68262,0,94815,0,129234,0,171884,0,219194,0,275683,334503,0,392302,0,452409,0,505282,0,549335,0,583973,0,601620,0,602620,0,591097,0,565393,0,526467,0,477863,0,425485,0,369821,0,314909,0,263867,0,215039,0,174632,140072,0,110376,0,88678,0,72472,0,61130,0,53582,0,51258,0,52085,0,56646,0,65373,0,78526,0,94864,0,113280,0,129336,0,131111,0,113522,0,72497,1,27551,3505
0,0,0,0,0,0,0,0,0,0,0,0,0,0,0,0,0,0,0,0,0,0,0,0,0,0,0,0,0,1,0,7,0,6,0,24,57,0,87,0,226,0,406,0,811,0,1501,0,2650,0,4784,0,7798,0,12878,0,20522,0,31334,0,46324,0,67213,0,93891,0,127721,0,168752,0,217675,0,272705,331874,0,389932,0,449880,0,502719,0,548592,0,582481,0,600259,0,603272,0,592203,0,566345,0,528997,0,480033,0,427320,0,373105,0,317668,0,265209,0,217314,0,176756,141195,0,111727,0,89458,0,73083,0,61744,0,54062,0,51317,0,51959,0,56925,0,65120,0,78552,0,94868,0,113496,0,129376,0,131270,0,113909,0,72787,0,27723,3505
0,0,0,0,0,0,0,0,0,0,0,0,0,0,0,0,0,0,0,0,0,0,0,0,0,0,0,0,0,1,0,5,0,8,0,18,54,0,101,0,195,0,413,0,775,0,1494,0,2563,0,4676,0,7662,0,12699,0,20098,0,30687,0,45750,0,66051,0,92592,0,125743,0,167195,0,215646,0,270275,327687,0,388660,0,447270,0,500159,0,546998,0,580534,0,600124,0,604224,0,592069,0,568094,0,530275,0,483156,0,430368,0,374951,0,319942,0,267676,0,218980,0,178816,142603,0,113025,0,90498,0,73745,0,61725,0,54815,0,51446,0,52280,0,57020,0,64894,0,78493,0,94932,0,113610,0,129227,0,131673,0,114133,0,73203,0,27890,3512
0,0,0,0,0,0,0,0,0,0,0,0,0,0,0,0,0,0,0,0,0,0,0,0,0,0,0,0,0,2,0,4,0,5,0,22,52,0,96,0,190,0,392,0,792,0,1388,0,2539,0,4562,0,7515,0,12490,0,19827,0,30246,0,44844,0,65148,0,91342,0,124351,0,164910,0,213238,0,267357,325220,0,385360,0,445722,0,497987,0,545431,0,579688,0,598206,0,604284,0,594614,0,567898,0,532674,0,485586,0,432522,0,378257,0,321920,0,269974,0,221552,0,179917,143870,0,114446,0,91124,0,74670,0,62027,0,55422,0,51536,0,52444,0,56915,0,64984,0,78441,0,94857,0,113679,0,129365,0,131804,0,114567,0,73581,0,28027,3525
0,0,0,0,0,0,0,0,0,0,0,0,0,0,0,0,0,0,0,0,0,0,0,0,0,0,0,0,0,2,0,5,0,7,0,20,62,0,90,0,173,0,381,0,741,0,1390,0,2538,0,4431,0,7388,0,12311,0,19404,0,29616,0,44170,0,64186,0,89938,0,123059,0,162523,0,211184,0,264615,322952,0,383207,0,442222,0,496306,0,543763,0,576652,0,598648,0,605143,0,595112,0,569375,0,535047,0,487339,0,435009,0,379789,0,325570,0,271298,0,224256,0,181524,145345,0,115789,0,92176,0,75087,0,62627,0,55531,0,52233,0,52410,0,56701,0,65319,0,78149,0,94794,0,113584,0,129607,0,132205,0,114663,0,73978,0,28235,3529
0,0,0,0,0,0,0,0,0,0,0,0,0,0,0,0,0,0,0,0,0,0,0,0,0,0,0,0,0,3,0,1,0,10,0,25,51,0,89,0,173,0,353,0,747,0,1317,0,2441,0,4366,0,7160,0,12150,0,19101,0,29349,0,43031,0,63232,0,88767,0,121810,0,160934,0,208274,0,262151,320646,0,380597,0,439517,0,493602,0,541468,0,576499,0,598282,0,604239,0,595665,0,572017,0,536284,0,490364,0,436663,0,383099,0,326118,0,274616,0,225967,0,183604,146905,0,116692,0,93485,0,75631,0,63369,0,55781,0,52394,0,52377,0,56791,0,65242,0,78210,0,94681,0,113640,0,129624,0,132479,0,115244,0,74127,0,28420,3534
0,0,0,0,0,0,0,0,0,0,0,0,0,0,0,0,0,0,0,0,0,0,0,0,0,0,0,0,0,2,0,2,0,7,0,26,47,0,89,0,159,0,376,0,717,0,1302,0,2347,0,4213,0,7210,0,11774,0,18664,0,28830,0,42534,0,62490,0,87361,0,119644,0,159367,0,206349,0,259653,318553,0,377304,0,436425,0,492996,0,538532,0,574762,0,597546,0,604941,0,596127,0,573629,0,537996,0,492472,0,439303,0,385208,0,329847,0,276288,0,227576,0,185667,148115,0,117905,0,94398,0,76555,0,63571,0,56269,0,52496,0,52691,0,56704,0,65181,0,78238,0,94538,0,113707,0,129753,0,132708,0,115626,0,74487,0,28593,3538
0,0,0,0,0,0,0,0,0,0,0,0,0,0,0,0,0,0,0,0,0,0,0,0,0,0,0,0,0,3,0,1,0,10,0,20,47,0,76,0,188,0,365,0,636,0,1292,0,2312,0,4198,0,6976,0,11538,0,18343,0,28134,0,42254,0,61319,0,86113,0,117782,0,158132,0,203479,0,257935,315512,0,374438,0,435229,0,489282,0,537035,0,573699,0,597126,0,604529,0,596871,0,575130,0,540790,0,493386,0,442054,0,387474,0,332369,0,278992,0,229281,0,187104,149692,0,119463,0,94944,0,77440,0,64150,0,56481,0,52672,0,52929,0,56649,0,65205,0,78355,0,94360,0,113842,0,129647,0,133205,0,115780,0,74910,0,28695,3535
0,0,0,0,0,0,0,0,0,0,0,0,0,0,0,0,0,0,0,0,0,0,0,0,0,0,0,2,0,1,0,0,0,7,0,19,44,0,88,0,158,0,371,0,601,0,1300,0,2259,0,4068,0,6794,0,11235,0,18098,0,27688,0,41682,0,60264,0,84904,0,116523,0,155402,0,202388,0,254323,313304,0,372541,0,431680,0,487569,0,535455,0,572836,0,595441,0,604609,0,598853,0,575272,0,542022,0,495732,0,444527,0,390167,0,334776,0,281436,0,231455,0,188690,150900,0,120714,0,96097,0,78045,0,65013,0,56791,0,52984,0,52977,0,56644,0,65208,0,78330,0,94315,0,113775,0,129833,0,133450,0,116107,0,75201,0,28911,3529
0,0,0,0,0,0,0,0,0,0,0,0,0,0,0,0,0,0,0,0,0,0,0,0,0,0,0,1,0,1,0,1,0,6,0,17,37,0,84,0,164,0,324,0,626,0,1223,0,2262,0,3897,0,6706,0,11088,0,17742,0,27279,0,40807,0,59396,0,83951,0,115005,0,153897,0,199426,0,252318,309759,0,370506,0,429191,0,485026,0,533911,0,571351,0,595210,0,604512,0,599077,0,576699,0,542690,0,499175,0,447242,0,392053,0,337635,0,283491,0,233699,0,190199,152457,0,122184,0,97303,0,78526,0,65372,0,56943,0,53430,0,53120,0,56642,0,64965,0,78457,0,94140,0,113843,0,130111,0,133618,0,116349,0,75668,0,29055,3541
0,0,0,0,0,0,0,0,0,0,0,0,0,0,0,0,0,0,0,0,0,0,0,0,0,0,0,1,0,1,0,1,0,6,0,18,37,0,72,0,149,0,327,0,633,0,1212,0,2161,0,3825,0,6478,0,10985,0,17450,0,26918,0,39934,0,58521,0,82821,0,113415,0,152557,0,197239,0,249195,307841,0,366973,0,426870,0,483399,0,530839,0,570638,0,595433,0,604117,0,599466,0,577590,0,545742,0,499523,0,449952,0,395498,0,339735,0,285823,0,236024,0,191368,154152,0,123276,0,98063,0,79590,0,65822,0,57155,0,53708,0,53222,0,56847,0,64817,0,78355,0,94294,0,113866,0,129930,0,134141,0,116780,0,75863,0,29196,3544
0,0,0,0,0,0,0,0,0,0,0,0,0,0,0,0,0,0,0,0,0,0,0,0,0,0,0,1,0,0,0,1,0,6,0,21,37,0,72,0,147,0,299,0,643,0,1119,0,2146,0,3750,0,6386,0,10660,0,17230,0,26348,0,39287,0,57509,0,81213,0,112575,0,150446,0,195105,0,247716,303891,0,364617,0,424554,0,481532,0,528399,0,569282,0,593766,0,605903,0,599165,0,579780,0,546109,0,503193,0,451926,0,398017,0,341315,0,288758,0,237836,0,193377,155840,0,123961,0,99442,0,80220,0,66209,0,57607,0,53652,0,53663,0,56924,0,64831,0,78113,0,94490,0,113544,0,130277,0,134167,0,117100,0,76292,0,29389,3550
0,0,0,0,0,0,0,0,0,0,0,0,0,0,0,0,0,0,0,0,0,0,0,0,0,0,0,1,0,0,0,2,0,6,0,21,31,0,72,0,142,0,297,0,589,0,1142,0,2107,0,3732,0,6160,0,10500,0,16852,0,25986,0,38590,0,56446,0,80633,0,110763,0,148607,0,193431,0,244330,302234,0,361944,0,421465,0,478529,0,527428,0,567696,0,594489,0,604323,0,600032,0,580677,0,548465,0,504928,0,454830,0,400154,0,343739,0,290889,0,240018,0,195203,157099,0,125614,0,100099,0,80861,0,66729,0,58160,0,53583,0,53749,0,57331,0,64965,0,77705,0,94633,0,113452,0,130573,0,134216,0,117397,0,76660,0,29541,3558
0,0,0,0,0,0,0,0,0,0,0,0,0,0,0,0,0,0,0,0,0,0,0,0,0,0,0,1,0,1,0,1,0,5,0,18,34,0,72,0,134,0,272,0,572,0,1081,0,2089,0,3666,0,6138,0,10130,0,16630,0,25393,0,38133,0,55637,0,79430,0,109223,0,146606,0,191791,0,242594,299090,0,358986,0,419275,0,475209,0,526882,0,564855,0,593865,0,604866,0,600051,0,582491,0,550639,0,506918,0,457331,0,401720,0,346748,0,293048,0,241956,0,196873,158823,0,126856,0,100977,0,81287,0,67651,0,58398,0,54009,0,53742,0,57297,0,64957,0,77844,0,94439,0,113619,0,130398,0,134647,0,117649,0,77095,0,29705,3561
0,0,0,0,0,0,0,0,0,0,0,0,0,0,0,0,0,0,0,0,0,0,0,0,0,0,0,1,0,0,0,2,0,6,0,17,33,0,67,0,132,0,283,0,550,0,1048,0,1991,0,3589,0,6172,0,10002,0,16049,0,25091,0,37452,0,54822,0,78313,0,107588,0,145159,0,189415,0,240023,297547,0,356020,0,416872,0,472463,0,524479,0,565029,0,591915,0,604375,0,601208,0,583085,0,552645,0,509901,0,458762,0,404073,0,349495,0,294871,0,244411,0,198787,160340,0,127926,0,101888,0,82081,0,68268,0,58459,0,54398,0,53974,0,57493,0,64871,0,77593,0,94411,0,113638,0,130376,0,135024,0,117973,0,77502,0,29880,3570
0,0,0,0,0,0,0,0,0,0,0,0,0,0,0,0,0,0,0,0,0,0,0,0,0,0,0,1,0,2,0,2,0,3,0,14,29,0,81,0,122,0,278,0,533,0,1026,0,1935,0,3534,0,5988,0,9895,0,15808,0,24385,0,36980,0,54145,0,76932,0,106826,0,142957,0,187433,0,237903,294390,0,353731,0,413327,0,472827,0,520456,0,563247,0,590952,0,605383,0,601548,0,584233,0,553316,0,512698,0,461002,0,407074,0,350798,0,297843,0,246584,0,200836,161351,0,129241,0,102948,0,83170,0,68278,0,59287,0,54577,0,54119,0,57549,0,64919,0,77464,0,94202,0,113596,0,130702,0,135173,0,118347,0,77813,0,30039,3576
0,0,0,0,0,0,0,0,0,0,0,0,0,0,0,0,0,0,0,0,0,0,0,0,0,1,0,0,0,2,0,2,0,4,0,15,24,0,74,0,112,0,306,0,499,0,987,0,1904,0,3449,0,5954,0,9624,0,15477,0,24126,0,36280,0,53300,0,75678,0,105399,0,141853,0,185198,0,235464,291885,0,351148,0,411494,0,469112,0,519384,0,561426,0,589811,0,605980,0,602834,0,584010,0,555188,0,514262,0,464007,0,409616,0,353351,0,299546,0,248583,0,202477,163001,0,130506,0,104272,0,83771,0,68768,0,59735,0,54562,0,54468,0,57576,0,65004,0,77216,0,94275,0,113778,0,130563,0,135536,0,118537,0,78201,0,30210,3583
0,0,0,0,0,0,0,0,0,0,0,0,0,0,0,0,0,0,0,0,0,0,0,1,0,0,0,0,0,0,0,2,0,7,0,11,30,0,62,0,123,0,249,0,530,0,973,0,1861,0,3374,0,5783,0,9418,0,15169,0,23562,0,35789,0,52673,0,74647,0,103752,0,140059,0,183606,0,233149,289374,0,348616,0,408937,0,466113,0,517652,0,559656,0,590176,0,603929,0,603252,0,585678,0,557895,0,515254,0,466384,0,412299,0,356139,0,301559,0,250862,0,204387,164394,0,131683,0,105324,0,84639,0,69267,0,59972,0,55040,0,54544,0,57637,0,64925,0,77153,0,94274,0,113750,0,130531,0,135841,0,118796,0,78741,0,30315,3590
0,0,0,0,0,0,0,0,0,0,0,0,0,0,0,0,0,0,0,0,0,0,0,0,0,1,0,0,0,0,0,1,0,3,0,14,32,0,67,0,111,0,255,0,500,0,968,0,1817,0,3269,0,5622,0,9307,0,14892,0,23144,0,35234,0,51627,0,73688,0,102043,0,139017,0,181018,0,231957,286288,0,345820,0,406362,0,463699,0,515695,0,558037,0,589501,0,604500,0,603441,0,586577,0,559265,0,518013,0,468427,0,413666,0,358677,0,304395,0,252344,0,206282,166403,0,132766,0,106485,0,85222,0,69958,0,60271,0,55470,0,54636,0,57579,0,64871,0,77307,0,94222,0,113557,0,130720,0,136083,0,119083,0,79077,0,30535,3587
0,0,0,0,0,0,0,0,0,0,0,0,0,0,0,0,0,0,0,0,0,0,0,1,0,0,0,0,0,0,0,2,0,5,0,11,31,0,61,0,115,0,238,0,531,0,936,0,1769,0,3149,0,5516,0,9209,0,14578,0,22833,0,34412,0,50843,0,72811,0,100694,0,137025,0,179375,0,228918,284580,0,343614,0,402929,0,461632,0,514312,0,556766,0,587783,0,604569,0,603963,0,587509,0,560417,0,519671,0,471186,0,416495,0,361193,0,306323,0,254297,0,208361,168047,0,134061,0,107438,0,85468,0,70852,0,60695,0,55898,0,54576,0,57544,0,64961,0,77287,0,94299,0,113262,0,130945,0,136211,0,119549,0,79414,0,30656,3582
0,0,0,0,0,0,0,0,0,0,0,0,0,0,0,0,0,0,0,0,0,0,0,0,0,1,0,0,0,0,0,2,0,5,0,9,28,0,51,0,119,0,240,0,472,0,940,0,1733,0,3097,0,5375,0,8908,0,14384,0,22494,0,33978,0,49956,0,71426,0,99881,0,134669,0,177551,0,226824,282593,0,340335,0,401136,0,459594,0,511228,0,555218,0,587665,0,603727,0,604452,0,589238,0,561264,0,521772,0,473242,0,419726,0,363393,0,308585,0,256489,0,209844,169434,0,135208,0,108438,0,86577,0,71136,0,61376,0,55925,0,54592,0,57925,0,65036,0,77042,0,94377,0,113078,0,131031,0,136481,0,119905,0,79812,0,30805,3586
0,0,0,0,0,0,0,0,0,0,0,0,0,0,0,0,0,0,0,0,0,0,0,0,0,1,0,0,0,0,0,1,0,3,0,14,29,0,52,0,97,0,229,0,478,0,888,0,1708,0,3049,0,5307,0,8811,0,14035,0,21888,0,33686,0,49368,0,70278,0,97925,0,133815,0,175498,0,224290,280032,0,338196,0,398813,0,456798,0,509412,0,553793,0,586123,0,603662,0,604684,0,589932,0,563351,0,523509,0,475869,0,421574,0,366157,0,310779,0,258273,0,212397,170837,0,136074,0,109763,0,87521,0,71625,0,61768,0,56225,0,54650,0,57912,0,65150,0,76847,0,94397,0,113173,0,130985,0,136602,0,120384,0,80165,0,30945,3581
0,0,0,0,0,0,0,0,0,0,0,0,0,0,0,0,0,0,0,0,0,0,0,0,0,0,0,1,0,0,0,1,0,4,0,14,26,0,55,0,95,0,213,0,455,0,903,0,1678,0,2948,0,5170,0,8655,0,13690,0,21724,0,32843,0,48663,0,69438,0,96786,0,131788,0,173858,0,222140,277856,0,335352,0,395885,0,454578,0,507774,0,551377,0,585635,0,603364,0,604159,0,592377,0,564541,0,525807,0,477281,0,424531,0,368073,0,312810,0,261450,0,213657,172023,0,137864,0,110319,0,88399,0,72458,0,61909,0,56815,0,54951,0,58013,0,64795,0,77040,0,94242,0,112978,0,131336,0,136982,0,120396,0,80551,0,31093,3589
0,0,0,0,0,0,0,0,0,0,0,0,0,0,0,0,0,0,0,0,0,0,0,0,0,0,0,0,0,1,0,1,0,6,0,8,33,0,51,0,86,0,205,0,435,0,895,0,1641,0,2884,0,5041,0,8444,0,13496,0,21311,0,32644,0,47746,0,68302,0,95313,0,130107,0,172355,0,219881,274904,0,333643,0,392960,0,452783,0,504809,0,550245,0,584408,0,602221,0,605224,0,592903,0,566672,0,527701,0,479362,0,426883,0,370562,0,315317,0,263434,0,215168,174235,0,138969,0,111323,0,88950,0,73169,0,62696,0,56620,0,55150,0,57967,0,65024,0,77086,0,94096,0,113144,0,131207,0,137097,0,120922,0,80791,0,31286,3591
0,0,0,0,0,0,0,0,0,0,0,0,0,0,0,0,0,0,0,0,0,0,0,0,0,0,0,1,0,0,0,0,0,7,0,10,24,0,48,0,91,0,202,0,404,0,865,0,1611,0,2838,0,4984,0,8234,0,13197,0,21045,0,31937,0,47170,0,67004,0,94260,0,128456,0,170832,0,217409,272252,0,331429,0,390419,0,450335,0,502688,0,549189,0,582428,0,602047,0,605664,0,594005,0,567769,0,529988,0,481373,0,429403,0,373753,0,317098,0,265389,0,216911,176042,0,140214,0,112174,0,90142,0,73384,0,63129,0,56947,0,55336,0,57842,0,65322,0,76837,0,94072,0,113337,0,131261,0,137139,0,121423,0,80999,0,31443,3596
0,0,0,0,0,0,0,0,0,0,0,0,0,0,0,0,0,0,0,0,0,0,0,0,0,0,0,0,0,1,0,0,0,7,0,12,21,0,47,0,84,0,198,0,406,0,870,0,1559,0,2764,0,4894,0,8057,0,13049,0,20469,0,31469,0,46132,0,66289,0,92998,0,127119,0,168384,0,215598,269776,0,328773,0,388415,0,446756,0,501065,0,548800,0,580734,0,601813,0,605894,0,594221,0,569457,0,532067,0,483921,0,431149,0,376241,0,319865,0,267530,0,218687,177090,0,141643,0,113371,0,90830,0,74176,0,63602,0,57127,0,55459,0,58095,0,65306,0,76846,0,94228,0,113011,0,131410,0,137181,0,121944,0,81237,0,31661,3600
0,0,0,0,0,0,0,0,0,0,0,0,0,0,0,0,0,0,0,0,0,0,0,0,0,0,0,0,0,1,0,3,0,3,0,12,20,0,44,0,95,0,187,0,392,0,834,0,1538,0,2682,0,4795,0,8073,0,12584,0,20115,0,30729,0,45721,0,65424,0,91613,0,125661,0,166020,0,213787,267084,0,326941,0,385147,0,444772,0,498682,0,545932,0,581955,0,601193,0,605768,0,595553,0,570566,0,532955,0,486856,0,433426,0,379392,0,321478,0,269138,0,220875,178623,0,143111,0,114329,0,91834,0,75023,0,63510,0,57689,0,55480,0,58290,0,65308,0,76855,0,94120,0,112938,0,131441,0,137609,0,122256,0,81530,0,31810,3606
0,0,0,0,0,0,0,0,0,0,0,0,0,0,0,0,0,0,0,0,0,0,0,0,0,0,0,0,0,0,0,5,0,1,0,13,22,0,45,0,95,0,172,0,396,0,816,0,1467,0,2616,0,4669,0,7820,0,12575,0,19580,0,30365,0,44818,0,64738,0,90290,0,124063,0,164420,0,211360,265571,0,323514,0,383051,0,441662,0,497280,0,543454,0,580700,0,601405,0,606264,0,596250,0,571271,0,535717,0,488288,0,436845,0,381467,0,323965,0,270445,0,223446,179738,0,144887,0,115128,0,92741,0,75280,0,64234,0,58101,0,55558,0,58224,0,65357,0,76926,0,94101,0,112644,0,131752,0,137924,0,122463,0,81816,0,31979,3614
0,0,0,0,0,0,0,0,0,0,0,0,0,0,0,0,0,0,0,0,0,0,0,0,0,0,0,0,0,0,0,4,0,2,0,10,27,0,41,0,86,0,180,0,394,0,815,0,1372,0,2576,0,4525,0,7703,0,12338,0,19207,0,29848,0,44415,0,63351,0,89279,0,122070,0,162878,0,209122,263204,0,320376,0,381073,0,439489,0,495179,0,542028,0,579140,0,601678,0,605406,0,597965,0,572079,0,537164,0,491178,0,439000,0,383634,0,326540,0,273332,0,224168,182225,0,145839,0,116410,0,93585,0,76099,0,64484,0,58094,0,55943,0,58144,0,65341,0,76953,0,93917,0,113130,0,131505,0,138354,0,122550,0,82071,0,32275,3613
0,0,0,0,0,0,0,0,0,0,0,0,0,0,0,0,0,0,0,0,0,0,0,0,0,0,0,0,0,0,0,3,0,5,0,11,19,0,53,0,61,0,196,0,355,0,787,0,1384,0,2483,0,4476,0,7462,0,11881,0,19290,0,28990,0,44073,0,62389,0,87965,0,120716,0,160704,0,208029,260355,0,317612,0,377534,0,438364,0,493249,0,540069,0,577637,0,599976,0,607307,0,597779,0,574498,0,538199,0,494440,0,441254,0,385371,0,329306,0,275054,0,226582,183143,0,147370,0,117550,0,94399,0,76817,0,64845,0,58407,0,55961,0,58193,0,65421,0,77024,0,93653,0,113275,0,131466,0,138641,0,122895,0,82365,0,32441,3624
0,0,0,0,0,0,0,0,0,0,0,0,0,0,0,0,0,0,0,0,0,0,0,0,0,0,0,0,0,0,0,2,0,6,0,9,15,0,47,0,63,0,177,0,370,0,745,0,1388,0,2397,0,4390,0,7339,0,11796,0,18595,0,28873,0,42856,0,62080,0,86477,0,119208,0,159203,0,205247,258113,0,314869,0,375910,0,435663,0,491581,0,539067,0,575478,0,599140,0,607254,0,597939,0,575998,0,541719,0,495945,0,443285,0,387936,0,331128,0,278365,0,228049,184886,0,148586,0,118430,0,95112,0,77485,0,65233,0,58629,0,56198,0,58202,0,65454,0,76949,0,93711,0,113493,0,131224,0,138916,0,123185,0,82696,0,32667,3630
0,0,0,0,0,0,0,0,0,0,0,0,0,0,0,0,0,0,0,0,0,0,0,0,0,0,0,0,0,1,0,0,0,6,0,7,20,0,38,0,76,0,155,0,389,0,723,0,1294,0,2460,0,4144,0,7174,0,11702,0,18183,0,28316,0,42144,0,61098,0,85599,0,117664,0,157288,0,203329,255918,0,312846,0,372171,0,433224,0,489809,0,537142,0,575650,0,598027,0,606269,0,598680,0,577903,0,544099,0,497012,0,446262,0,389839,0,334372,0,280338,0,230082,186381,0,150014,0,119668,0,95465,0,78259,0,65776,0,58659,0,56506,0,58503,0,65134,0,77040,0,93731,0,113383,0,131341,0,139057,0,123598,0,82993,0,32821,3626
0,0,0,0,0,0,0,0,0,0,0,0,0,0,0,0,0,0,0,0,0,0,0,0,0,0,0,0,0,0,0,2,0,5,0,7,20,0,34,0,82,0,152,0,378,0,687,0,1312,0,2319,0,4224,0,6860,0,11414,0,17988,0,27690,0,41669,0,59940,0,84917,0,115884,0,155732,0,200951,253298,0,310357,0,370203,0,430924,0,487168,0,535573,0,573207,0,599125,0,606029,0,600201,0,579133,0,544660,0,500049,0,448241,0,392059,0,336490,0,282656,0,232292,188111,0,151264,0,120876,0,96216,0,78942,0,66400,0,58610,0,56819,0,58472,0,65145,0,77071,0,93614,0,113448,0,131406,0,139067,0,123974,0,83440,1,32977,3623
0,0,0,0,0,0,0,0,0,0,0,0,0,0,0,0,0,0,0,0,0,0,0,0,0,0,0,0,0,0,0,2,0,3,0,12,19,0,44,0,68,0,168,0,357,0,665,0,1252,0,2317,0,4108,0,6793,0,11092,0,17786,0,27225,0,40907,0,59188,0,83231,0,114724,0,153857,0,199177,250844,0,307646,0,367899,0,429210,0,484621,0,533734,0,572414,0,598267,0,605009,0,602310,0,579607,0,547035,0,502671,0,449955,0,394703,0,338115,0,284684,0,234786,189434,0,152724,0,121815,0,97624,0,79044,0,66977,0,58904,0,57100,0,58702,0,64964,0,76994,0,93491,0,113608,0,131289,0,139544,0,124221,0,83683,0,33167,3618
0,0,0,0,0,0,0,0,0,0,0,0,0,0,0,0,0,0,0,0,0,0,0,0,0,0,0,0,0,0,0,2,0,5,0,12,13,0,42,0,77,0,156,0,345,0,680,0,1214,0,2295,0,3868,0,6721,0,10923,0,17530,0,26592,0,40214,0,58384,0,82279,0,113605,0,151704,0,196215,249428,0,305463,0,365685,0,426880,0,482038,0,531849,0,570182,0,597598,0,606724,0,602264,0,581259,0,547872,0,505650,0,452647,0,396203,0,340399,0,287116,0,236222,191517,0,153800,0,123709,0,97997,0,79951,0,67013,0,59300,0,57210,0,58724,0,65390,0,76925,0,93252,0,113672,0,131500,0,139529,0,124669,0,83913,0,33366,3616
0,0,0,0,0,0,0,0,0,0,0,0,0,0,0,0,0,0,0,0,0,0,0,0,0,0,0,0,0,0,0,2,0,5,0,9,17,0,32,0,89,0,162,0,323,0,661,0,1209,0,2187,0,3780,0,6694,0,10671,0,17186,0,26171,0,39559,0,57520,0,81493,0,111741,0,149946,0,194716,246439,0,303173,0,363823,0,423700,0,479960,0,529304,0,571043,0,595691,0,606900,0,602636,0,582974,0,549858,0,506290,0,455626,0,398856,0,342812,0,289038,0,238349,193585,0,154869,0,124429,0,99392,0,80385,0,67361,0,59765,0,57483,0,58714,0,65333,0,76924,0,93341,0,113499,0,131559,0,139532,0,125152,0,84295,0,33520,3625
0,0,0,0,0,0,0,0,0,0,0,0,0,0,0,0,0,0,0,0,0,0,0,0,0,0,0,0,0,0,0,1,0,4,0,9,14,0,36,0,80,0,165,0,340,0,623,0,1166,0,2150,0,3774,0,6443,0,10546,0,16821,0,25908,0,38558,0,56919,0,80386,0,110189,0,148154,0,193277,243934,0,301298,0,360455,0,421015,0,478227,0,527095,0,569440,0,595937,0,606779,0,603135,0,584174,0,551583,0,508516,0,457871,0,401054,0,345606,0,291129,0,240250,195192,0,156310,0,125254,0,100451,0,81179,0,67577,0,60071,0,57604,0,59029,0,65230,0,77006,0,93345,0,113212,0,131794,0,139637,0,125548,0,84595,0,33693,3620
0,0,0,0,0,0,0,0,0,0,0,0,0,0,0,0,0,0,0,0,0,0,0,0,0,0,0,0,0,1,0,0,0,6,0,7,12,0,33,0,78,0,174,0,316,0,582,0,1181,0,2115,0,3644,0,6262,0,10366,0,16490,0,25360,0,38132,0,55863,0,79810,0,108850,0,145795,0,191540,242050,0,298462,0,359021,0,418372,0,474997,0,525801,0,567349,0,595774,0,606734,0,603967,0,584978,0,554138,0,510046,0,459895,0,403891,0,347748,0,293387,0,242126,196691,0,157796,0,126326,0,101467,0,81694,0,68075,0,60504,0,57490,0,59336,0,65115,0,77140,0,93123,0,113036,0,132373,0,139723,0,125718,0,84972,0,33848,3628
0,0,0,0,0,0,0,0,0,0,0,0,0,0,0,0,0,0,0,0,0,0,0,0,0,0,0,0,0,1,0,1,0,4,0,9,13,0,26,0,81,0,156,0,313,0,568,0,1194,0,1980,0,3655,0,6186,0,10014,0,16093,0,25129,0,37451,0,55244,0,78207,0,107877,0,144511,0,189265,239422,0,296140,0,355983,0,416327,0,473308,0,523291,0,565686,0,595135,0,606844,0,604551,0,587266,0,555282,0,512474,0,461537,0,406324,0,350150,0,295764,0,243857,198821,0,158753,0,127794,0,102091,0,82509,0,68525,0,60813,0,57613,0,59233,0,65589,0,76964,0,93135,0,113036,0,132431,0,139819,0,126095,0,85212,0,34027,3629
0,0,0,0,0,0,0,0,0,0,0,0,0,0,0,0,0,0,0,0,0,0,0,0,0,0,0,0,0,0,0,2,0,1,0,10,8,0,28,0,82,0,171,0,286,0,563,0,1101,0,2060,0,3551,0,6006,0,9819,0,15702,0,24711,0,37118,0,53825,0,77350,0,106433,0,143095,0,187291,237871,0,293407,0,353323,0,413283,0,470487,0,522493,0,564170,0,593593,0,608475,0,604916,0,587873,0,557396,0,514839,0,463164,0,408558,0,353204,0,297518,0,245908,199714,0,161165,0,128369,0,103136,0,82973,0,69141,0,61082,0,57803,0,59419,0,65588,0,77027,0,92916,0,113261,0,132295,0,139910,0,126576,0,85494,0,34208,3640
0,0,0,0,0,0,0,0,0,0,0,0,0,0,0,0,0,0,0,0,0,0,0,0,0,0,0,0,0,0,0,1,0,3,0,7,12,0,25,0,94,0,160,0,258,0,545,0,1050,0,2053,0,3451,0,5784,0,9800,0,15420,0,24177,0,36298,0,53369,0,76230,0,104650,0,141659,0,185001,235755,0,291279,0,350745,0,411246,0,468645,0,520071,0,563309,0,592576,0,608547,0,605477,0,588934,0,559021,0,516577,0,465316,0,411824,0,354903,0,299858,0,247046,202215,0,162510,0,129433,0,104110,0,83354,0,69978,0,61215,0,57948,0,59500,0,65677,0,77073,0,92837,0,113159,0,132370,0,140109,0,126927,0,85839,0,34342,3636
0,0,0,0,0,0,0,0,0,0,0,0,0,0,0,0,0,0,0,0,0,0,0,0,0,0,0,0,0,0,0,0,0,3,0,7,11,0,29,0,79,0,147,0,278,0,549,0,1022,0,1911,0,3418,0,5707,0,9458,0,15235,0,23810,0,35874,0,52655,0,75112,0,103336,0,139672,0,183073,233351,0,288897,0,349025,0,408599,0,466358,0,518668,0,561893,0,591964,0,608214,0,605786,0,590526,0,559830,0,518460,0,468108,0,413755,0,357727,0,301906,0,249287,203614,0,163498,0,130894,0,105005,0,83880,0,70469,0,61553,0,58178,0,59771,0,65478,0,76881,0,93106,0,112938,0,132437,0,140381,0,127210,0,86281,0,34445,3649
0,0,0,0,0,0,0,0,0,0,0,0,0,0,0,0,0,0,0,0,0,0,0,0,0,0,0,0,0,0,0,0,0,4,0,4,11,0,31,0,76,0,144,0,269,0,538,0,993,0,1827,0,3370,0,5686,0,9227,0,15078,0,23334,0,34985,0,52101,0,73892,0,102063,0,137885,0,181469,230949,0,285850,0,347247,0,406026,0,464850,0,517252,0,559256,0,591481,0,608668,0,606491,0,591201,0,561465,0,520362,0,470558,0,416701,0,358914,0,304162,0,251475,204626,0,165102,0,132677,0,105621,0,84512,0,71047,0,61755,0,58448,0,59928,0,65567,0,76833,0,93055,0,113044,0,132425,0,140368,0,127491,0,86698,0,34667,3649
0,0,0,0,0,0,0,0,0,0,0,0,0,0,0,0,0,0,0,0,0,0,0,0,0,0,0,0,0,0,0,1,0,0,0,7,14,0,29,0,67,0,145,0,275,0,509,0,965,0,1783,0,3283,0,5527,0,9160,0,14747,0,22784,0,34830,0,50758,0,73220,0,100486,0,136733,0,179153,229511,0,283346,0,343223,0,404520,0,462050,0,515920,0,558455,0,590179,0,607000,0,607884,0,592678,0,563713,0,521425,0,473735,0,419493,0,361313,0,304846,0,254261,206726,0,166398,0,133288,0,106515,0,85732,0,71042,0,62118,0,58899,0,59919,0,65581,0,76617,0,93214,0,112985,0,132574,0,140584,0,127735,0,86930,0,34879,3644
0,0,0,0,0,0,0,0,0,0,0,0,0,0,0,0,0,0,0,0,0,0,0,0,0,0,0,0,0,1,0,0,0,0,0,4,13,0,34,0,65,0,125,0,261,0,524,0,932,0,1751,0,3132,0,5447,0,8975,0,14467,0,22524,0,33984,0,50248,0,71757,0,99516,0,134693,0,177936,226674,0,281744,0,340867,0,401587,0,459812,0,513989,0,556646,0,589850,0,606631,0,608232,0,593805,0,564866,0,524315,0,476119,0,421518,0,363508,0,307836,0,255918,207786,0,168555,0,134132,0,107379,0,86443,0,71749,0,62445,0,58929,0,59933,0,65603,0,76485,0,93459,0,113009,0,132527,0,140700,0,128005,0,87195,0,35126,3642
0,0,0,0,0,0,0,0,0,0,0,0,0,0,0,0,0,0,0,0,0,0,0,0,0,0,0,1,0,0,0,0,0,0,0,4,13,0,26,0,63,0,128,0,255,0,478,0,957,0,1661,0,3121,0,5284,0,8781,0,14285,0,21945,0,33695,0,49343,0,70752,0,97911,0,133306,0,176428,224334,0,279551,0,338858,0,398926,0,457726,0,511274,0,555955,0,588506,0,605990,0,608644,0,595904,0,565626,0,526717,0,478527,0,423120,0,366539,0,310285,0,257334,209882,0,169664,0,135196,0,108511,0,86809,0,72220,0,63052,0,59303,0,59795,0,65494,0,76522,0,93407,0,113106,0,132443,0,140929,0,128434,0,87429,0,35318,3641
0,0,0,0,0,0,0,0,0,0,0,0,0,0,0,0,0,0,0,0,0,0,0,0,0,1,0,0,0,0,0,0,0,1,0,3,13,0,21,0,54,0,138,0,242,0,475,0,905,0,1670,0,3007,0,5128,0,8692,0,13822,0,21914,0,32975,0,48597,0,69515,0,97224,0,131502,0,174053,222238,0,278284,0,335981,0,396382,0,454969,0,509905,0,554861,0,587686,0,605378,0,608826,0,596516,0,568896,0,527046,0,481355,0,424849,0,369606,0,312134,0,259724,211699,0,170817,0,136364,0,109116,0,87515,0,72855,0,63267,0,59665,0,59786,0,65726,0,76327,0,93451,0,113103,0,132411,0,141428,0,128313,0,87840,0,35497,3640
0,0,0,0,0,0,0,0,0,0,0,0,0,0,0,0,0,0,0,0,0,0,0,0,0,0,0,1,0,0,0,0,0,2,0,2,11,0,26,0,50,0,124,0,240,0,470,0,875,0,1647,0,2889,0,5107,0,8429,0,13679,0,21519,0,32453,0,47722,0,68722,0,95862,0,129951,0,171746,220982,0,275055,0,334180,0,393544,0,452725,0,507896,0,553857,0,586153,0,605877,0,609332,0,597137,0,570643,0,528975,0,483191,0,428171,0,370684,0,315177,0,261278,213261,0,172438,0,137778,0,110206,0,87887,0,73269,0,63567,0,59760,0,60245,0,65785,0,76131,0,93464,0,113080,0,132375,0,141925,0,128369,0,88197,0,35634,3653
0,0,0,0,0,0,0,0,0,0,0,0,0,0,0,0,0,0,0,0,0,0,0,0,0,0,0,0,0,1,0,0,0,2,0,4,11,0,26,0,47,0,99,0,238,0,457,0,894,0,1609,0,2843,0,5006,0,8294,0,13487,0,21038,0,31930,0,46955,0,67529,0,95046,0,128292,0,169798,219187,0,272934,0,330921,0,391003,0,451655,0,505506,0,552084,0,584732,0,606244,0,610213,0,596986,0,571412,0,532550,0,484465,0,431230,0,372822,0,316838,0,263902,214907,0,173753,0,138935,0,111335,0,88383,0,73849,0,64290,0,59826,0,60211,0,65613,0,76476,0,93477,0,112740,0,132536,0,142020,0,128859,0,88471,0,35778,3659
0,0,0,0,0,0,0,0,0,0,0,0,0,0,0,0,0,0,0,0,0,0,0,0,0,0,0,0,0,1,0,0,0,1,0,3,9,0,27,0,46,0,103,0,228,0,442,0,832,0,1591,0,2808,0,4879,0,8161,0,13178,0,20829,0,31361,0,46181,0,66590,0,93530,0,127154,0,167919,216777,0,270134,0,329154,0,389506,0,448487,0,504391,0,550302,0,583838,0,605326,0,609689,0,599426,0,572442,0,533851,0,487382,0,433391,0,374658,0,319719,0,265796,216908,0,175173,0,139971,0,112144,0,88979,0,74665,0,64393,0,60026,0,60600,0,65424,0,76670,0,93212,0,112692,0,132599,0,142315,0,129160,0,88820,0,35857,3658
0,0,0,0,0,0,0,0,0,0,0,0,0,0,0,0,0,0,0,0,0,0,0,0,0,0,0,0,0,0,0,1,0,1,0,3,11,0,22,0,44,0,104,0,211,0,463,0,824,0,1496,0,2769,0,4784,0,7962,0,13163,0,20336,0,30795,0,45690,0,65405,0,92336,0,125446,0,166316,214213,0,268394,0,327054,0,386700,0,446543,0,501849,0,548697,0,583004,0,605452,0,610024,0,599966,0,574391,0,536185,0,488467,0,436244,0,376653,0,321730,0,268290,218814,0,176647,0,140579,0,113143,0,89901,0,75053,0,64768,0,60295,0,60671,0,65418,0,76747,0,93264,0,112640,0,132773,0,142637,0,129380,0,88893,1,36077,3669
0,0,0,0,0,0,0,0,0,0,0,0,0,0,0,0,0,0,0,0,0,0,0,0,0,0,0,0,0,0,0,1,0,1,0,6,9,0,19,0,48,0,95,0,215,0,427,0,810,0,1510,0,2718,0,4635,0,7876,0,12690,0,20111,0,30405,0,44964,0,64984,0,90292,0,123978,0,165096,211353,0,267038,0,323960,0,384716,0,444606,0,499140,0,547271,0,583081,0,603542,0,611427,0,599404,0,576942,0,538863,0,490148,0,437581,0,380319,0,323268,0,270141,220290,0,178548,0,141999,0,113919,0,90670,0,75322,0,65190,0,60587,0,60692,0,65563,0,76857,0,92985,0,112620,0,132773,0,142990,0,129668,0,89130,1,36249,3665
0,0,0,0,0,0,0,0,0,0,0,0,0,0,0,0,0,0,0,0,0,0,0,0,0,0,0,0,0,0,0,1,0,0,0,9,8,0,18,0,39,0,96,0,216,0,409,0,788,0,1514,0,2604,0,4671,0,7625,0,12395,0,19812,0,29980,0,44435,0,63908,0,89123,0,122722,0,162371,210575,0,264209,0,321455,0,382199,0,441635,0,498072,0,546050,0,581230,0,603063,0,611670,0,601418,0,577776,0,539883,0,493432,0,440011,0,381815,0,325525,0,272636,222154,0,180024,0,142967,0,114793,0,91639,0,75717,0,65609,0,60859,0,60747,0,65562,0,77120,0,92794,0,112612,0,132916,0,142867,0,130138,0,89444,0,36385,3663
0,0,0,0,0,0,0,0,0,0,0,0,0,0,0,0,0,0,0,0,0,0,0,0,0,0,0,0,0,0,0,1,0,2,0,5,12,0,15,0,35,0,117,0,192,0,396,0,759,0,1453,0,2609,0,4498,0,7612,0,12029,0,19457,0,29616,0,43728,0,62910,0,88378,0,121098,0,160360,208731,0,261644,0,318987,0,379413,0,440288,0,495739,0,543878,0,581145,0,602598,0,610192,0,603320,0,579896,0,541734,0,495214,0,442519,0,384464,0,328271,0,273491,223962,0,181353,0,144608,0,115438,0,92749,0,76287,0,65883,0,60844,0,60791,0,65927,0,76920,0,92856,0,112632,0,132989,0,142962,0,130422,0,89839,0,36473,3667
0,0,0,0,0,0,0,0,0,0,0,0,0,0,0,0,0,0,0,0,0,0,0,0,0,0,0,0,0,0,0,0,0,2,0,5,10,0,17,0,40,0,110,0,175,0,393,0,735,0,1381,0,2581,0,4497,0,7361,0,11914,0,18990,0,29054,0,43159,0,62023,0,87499,0,119337,0,159169,206301,0,258502,0,317379,0,376967,0,438409,0,493510,0,542256,0,579472,0,603856,0,609259,0,603901,0,580790,0,544883,0,496719,0,444337,0,387311,0,330435,0,275729,225495,0,183120,0,145900,0,116511,0,92997,0,77082,0,66255,0,61071,0,60902,0,65807,0,77173,0,92621,0,112519,0,133236,0,143146,0,130620,0,90079,0,36731,3675
0,0,0,0,0,0,0,0,0,0,0,0,0,0,0,0,0,0,0,0,0,0,0,0,0,0,0,0,0,0,0,0,0,0,0,6,10,0,16,0,47,0,90,0,200,0,384,0,726,0,1387,0,2426,0,4421,0,7171,0,11883,0,18552,0,28694,0,42207,0,61152,0,86183,0,118370,0,157634,203596,0,256683,0,314764,0,374499,0,435566,0,491939,0,540332,0,579368,0,602266,0,611651,0,603397,0,582251,0,546429,0,499599,0,446515,0,389391,0,332216,0,277635,227933,0,184409,0,147282,0,116953,0,94148,0,77446,0,66626,0,61199,0,61127,0,65860,0,77306,0,92536,0,112376,0,133211,0,143478,0,130961,0,90418,0,36807,3676
0,0,0,0,0,0,0,0,0,0,0,0,0,0,0,0,0,0,0,0,0,0,0,0,0,0,0,0,0,0,0,0,0,1,0,4,10,0,16,0,43,0,88,0,194,0,371,0,719,0,1319,0,2477,0,4195,0,7185,0,11398,0,18472,0,27923,0,41915,0,60269,0,84895,0,116871,0,155364,202161,0,254899,0,311419,0,372794,0,433061,0,489516,0,539744,0,577236,0,602753,0,611409,0,604263,0,582885,0,548445,0,502715,0,448540,0,391973,0,333778,0,279845,229179,0,186633,0,148266,0,118034,0,94828,0,77866,0,67189,0,61266,0,61236,0,66171,0,76899,0,92800,0,112389,0,133240,0,143851,0,131034,0,90806,0,36878,3678
0,0,0,0,0,0,0,0,0,0,0,0,0,0,0,0,0,0,0,0,0,0,0,0,0,0,0,0,0,0,0,0,0,1,0,3,9,0,23,0,38,0,80,0,180,0,379,0,737,0,1288,0,2367,0,4137,0,6921,0,11575,0,17874,0,27460,0,41216,0,59294,0,83729,0,115456,0,154376,199441,0,253106,0,309252,0,370037,0,430867,0,487566,0,538164,0,575454,0,601975,0,611760,0,606013,0,583703,0,550233,0,505456,0,450789,0,393364,0,337064,0,281279,231369,0,187582,0,149469,0,118413,0,96317,0,78368,0,67427,0,61705,0,61448,0,66199,0,76667,0,92837,0,112422,0,133367,0,144104,0,131351,0,90951,0,37070,3676
0,0,0,0,0,0,0,0,0,0,0,0,0,0,0,0,0,0,0,0,0,0,0,0,0,0,0,0,0,0,0,0,0,1,0,1,13,0,22,0,40,0,79,0,169,0,371,0,738,0,1317,0,2269,0,3999,0,6938,0,11193,0,17656,0,27056,0,40533,0,58621,0,82605,0,114117,0,152407,197569,0,250476,0,307140,0,367178,0,428369,0,486357,0,536743,0,574368,0,601473,0,611935,0,605869,0,586401,0,551173,0,506713,0,453346,0,396684,0,338274,0,283711,233244,0,189018,0,150414,0,119991,0,97084,0,78804,0,67494,0,62138,0,61491,0,66501,0,76469,0,92960,0,112564,0,133039,0,144384,0,131673,0,91298,0,37244,3674
0,0,0,0,0,0,0,0,0,0,0,0,0,0,0,0,0,0,0,0,0,0,0,0,0,0,0,0,0,0,0,1,0,0,0,1,10,0,22,0,44,0,77,0,165,0,355,0,738,0,1300,0,2230,0,3811,0,6754,0,11064,0,17297,0,26687,0,39675,0,57742,0,82096,0,112750,0,150310,195364,0,248479,0,304729,0,365121,0,426648,0,483346,0,534496,0,574277,0,600858,0,612241,0,607196,0,586271,0,553739,0,508936,0,455764,0,398305,0,340901,0,285615,234946,0,190585,0,151961,0,120746,0,97657,0,79208,0,68265,0,62420,0,61387,0,66463,0,76707,0,92810,0,112477,0,132947,0,144686,0,132003,0,91635,0,37408,3682
0,0,0,0,0,0,0,0,0,0,0,0,0,0,0,0,0,0,0,0,0,0,0,0,0,0,0,0,0,1,0,0,0,0,0,3,9,0,18,0,38,0,80,0,175,0,348,0,707,0,1268,0,2138,0,3804,0,6673,0,10632,0,17110,0,26354,0,39108,0,57291,0,80183,0,111484,0,149270,194172,0,244988,0,302671,0,362443,0,424434,0,482229,0,532173,0,573326,0,600511,0,611016,0,609325,0,587391,0,555415,0,510325,0,458507,0,400922,0,342266,0,288095,236823,0,191747,0,153114,0,122433,0,98024,0,79883,0,68334,0,62948,0,61592,0,66348,0,76989,0,92517,0,112621,0,132846,0,144820,0,132357,0,91834,0,37587,3688
0,0,0,0,0,0,0,0,0,0,0,0,0,0,0,0,0,0,0,0,0,0,0,0,0,0,0,0,0,1,0,0,0,0,0,4,6,0,16,0,35,0,87,0,167,0,343,0,666,0,1213,0,2181,0,3673,0,6423,0,10741,0,16576,0,25937,0,38775,0,56294,0,78983,0,109798,0,148072,191868,0,243434,0,300079,0,360678,0,421386,0,480459,0,530988,0,571668,0,599223,0,612624,0,608351,0,589518,0,557595,0,511424,0,460112,0,404213,0,344157,0,289952,239273,0,193299,0,154467,0,123439,0,98786,0,80049,0,69093,0,62882,0,61832,0,66644,0,76843,0,92398,0,112810,0,132891,0,144754,0,132688,0,92080,0,37769,3691
0,0,0,0,0,0,0,0,0,0,0,0,0,0,0,0,0,0,0,0,0,0,0,0,0,0,0,0,0,0,0,1,0,1,0,1,9,0,10,0,41,0,74,0,151,0,357,0,659,0,1146,0,2157,0,3626,0,6245,0,10474,0,16471,0,25263,0,38363,0,55345,0,78313,0,108360,0,145758,190281,0,241548,0,297789,0,358337,0,418659,0,478932,0,528709,0,571454,0,598314,0,612280,0,608776,0,591763,0,558373,0,514210,0,461927,0,406325,0,347064,0,291735,240811,0,194738,0,156070,0,124202,0,99565,0,80625,0,69490,0,63175,0,61834,0,66666,0,76899,0,92328,0,112920,0,132847,0,144964,0,133053,0,92171,0,38052,3697
0,0,0,0,0,0,0,0,0,0,0,0,0,0,0,0,0,0,0,0,0,0,0,0,0,0,0,0,0,0,0,1,0,0,0,3,4,0,14,0,32,0,78,0,165,0,311,0,651,0,1171,0,2007,0,3530,0,6244,0,10236,0,16235,0,24887,0,37600,0,54631,0,77147,0,107173,0,144421,188813,0,238508,0,296436,0,355629,0,416778,0,475422,0,528146,0,569701,0,598076,0,610909,0,609907,0,593775,0,559530,0,516499,0,464520,0,407948,0,349667,0,293547,242702,0,196890,0,156755,0,125277,0,100213,0,81624,0,69667,0,63249,0,62112,0,66601,0,77014,0,92367,0,112806,0,132869,0,145171,0,133389,0,92440,0,38208,3702
0,0,0,0,0,0,0,0,0,0,0,0,0,0,0,0,0,0,0,0,0,0,0,0,0,0,0,0,0,0,0,1,0,0,0,2,4,0,14,0,35,0,68,0,147,0,326,0,638,0,1162,0,1938,0,3530,0,6052,0,10043,0,15856,0,24533,0,36791,0,54065,0,76351,0,106149,0,142170,186545,0,238045,0,292791,0,353327,0,414816,0,473463,0,526138,0,567964,0,597714,0,611975,0,610066,0,594615,0,561434,0,518099,0,466758,0,410484,0,351419,0,295993,244296,0,198668,0,158099,0,126012,0,101342,0,82256,0,69619,0,63874,0,62163,0,66671,0,77031,0,92175,0,112997,0,132831,0,145314,0,133749,0,92729,0,38364,3697
0,0,0,0,0,0,0,0,0,0,0,0,0,0,0,0,0,0,0,0,0,0,0,0,0,0,0,0,0,0,0,1,0,1,0,1,3,0,15,0,30,0,72,0,146,0,301,0,611,0,1138,0,1965,0,3407,0,6002,0,9760,0,15477,0,24194,0,36360,0,53070,0,75473,0,104464,0,141300,184569,0,235126,0,291315,0,350486,0,412494,0,471612,0,524224,0,567234,0,596674,0,611046,0,611428,0,596202,0,563306,0,519978,0,468743,0,412253,0,354438,0,298309,245930,0,199837,0,159575,0,127144,0,102095,0,82806,0,69880,0,63804,0,62520,0,66945,0,76925,0,92329,0,112785,0,133106,0,145306,0,133882,0,93219,0,38388,3704
0,0,0,0,0,0,0,0,0,0,0,0,0,0,0,0,0,0,0,0,0,0,0,0,0,0,0,0,0,0,0,0,0,2,0,1,3,0,12,0,34,0,69,0,142,0,309,0,574,0,1079,0,1958,0,3441,0,5800,0,9529,0,15387,0,23681,0,35555,0,52295,0,74705,0,103095,0,139359,183401,0,233008,0,288357,0,349179,0,410276,0,469356,0,522011,0,566148,0,596658,0,610306,0,611420,0,597120,0,565654,0,521830,0,471003,0,415007,0,356679,0,300058,247795,0,200974,0,161293,0,128350,0,102326,0,83416,0,70660,0,63996,0,62764,0,66844,0,76829,0,92358,0,112679,0,133110,0,145531,0,134248,0,93491,0,38534,3709
0,0,0,0,0,0,0,0,0,0,0,0,0,0,0,0,0,0,0,0,0,0,0,0,0,0,0,0,0,0,0,0,0,3,0,0,1,0,16,0,31,0,50,0,160,0,306,0,574,0,1025,0,1875,0,3414,0,5702,0,9297,0,14841,0,23500,0,35108,0,51449,0,73789,0,102250,0,137484,181365,0,230896,0,286122,0,346573,0,408382,0,466871,0,520312,0,564470,0,596239,0,611176,0,611541,0,597961,0,567427,0,524649,0,472855,0,416926,0,358891,0,302598,248757,0,202879,0,162508,0,129471,0,103045,0,84026,0,71137,0,64236,0,62883,0,66887,0,76916,0,92194,0,112979,0,133057,0,145630,0,134379,0,93847,0,38741,3707
0,0,0,0,0,0,0,0,0,0,0,0,0,0,0,0,0,0,0,0,0,0,0,0,0,0,0,0,0,0,0,0,0,3,0,0,3,0,11,0,31,0,58,0,141,0,312,0,520,0,1011,0,1930,0,3197,0,5617,0,9196,0,14824,0,22784,0,34802,0,50864,0,72652,0,100751,0,136379,179058,0,228501,0,284148,0,344350,0,405581,0,465276,0,517679,0,563294,0,595754,0,611639,0,612343,0,597795,0,569387,0,526691,0,476053,0,419205,0,360790,0,304057,251214,0,204100,0,164288,0,130418,0,103663,0,84440,0,72009,0,64251,0,63152,0,66935,0,76651,0,92538,0,112660,0,133300,0,145629,0,134575,0,94289,0,38909,3700
0,0,0,0,0,0,0,0,0,0,0,0,0,0,0,0,0,0,0,0,0,0,0,0,0,0,0,0,0,0,0,0,0,2,0,1,2,0,13,0,29,0,58,0,126,0,299,0,530,0,1024,0,1811,0,3142,0,5447,0,9234,0,14391,0,22478,0,34164,0,50083,0,71833,0,99806,0,134209,176996,0,226498,0,282676,0,341067,0,403923,0,462755,0,515945,0,562941,0,594234,0,611627,0,612019,0,599984,0,570397,0,529206,0,478657,0,420995,0,363016,0,306079,253129,0,205699,0,165239,0,131665,0,104701,0,85009,0,72191,0,64760,0,63126,0,67093,0,76640,0,92400,0,112715,0,133377,0,145973,0,134594,0,94636,0,39049,3715
0,0,0,0,0,0,0,0,0,0,0,0,0,0,0,0,0,0,0,0,0,0,0,0,0,0,0,0,0,0,0,0,0,1,0,1,3,0,10,0,34,0,50,0,131,0,266,0,531,0,1000,0,1773,0,3069,0,5335,0,9116,0,14162,0,21990,0,33552,0,49560,0,70793,0,98219,0,133173,175179,0,224930,0,279801,0,339490,0,401595,0,459770,0,514699,0,561152,0,594389,0,609843,0,614388,0,599110,0,572445,0,532525,0,479975,0,423543,0,365384,0,308014,254705,0,207638,0,166228,0,132371,0,105906,0,85705,0,72398,0,64707,0,63477,0,67148,0,76815,0,92541,0,112717,0,133294,0,146096,0,134703,0,95027,1,39208,3722
0,0,0,0,0,0,0,0,0,0,0,0,0,0,0,0,0,0,0,0,0,0,0,0,0,0,0,0,0,0,0,0,0,1,0,1,3,0,12,0,22,0,63,0,125,0,266,0,497,0,975,0,1709,0,2969,0,5303,0,8830,0,13888,0,21741,0,33059,0,48984,0,69814,0,97578,0,130766,173966,0,222301,0,278611,0,336561,0,399199,0,458454,0,511654,0,559992,0,592197,0,610474,0,616120,0,599401,0,575398,0,532733,0,482772,0,425686,0,368350,0,309730,256238,0,209729,0,167182,0,133258,0,107057,0,86163,0,72705,0,65220,0,63213,0,67463,0,76643,0,92579,0,112890,0,133439,0,145985,0,135035,0,95247,1,39437,3719
0,0,0,0,0,0,0,0,0,0,0,0,0,0,0,0,0,0,0,0,0,0,0,0,0,0,0,0,0,0,0,1,0,0,0,2,5,0,9,0,22,0,51,0,125,0,267,0,464,0,973,0,1702,0,2890,0,5174,0,8563,0,13681,0,21363,0,32541,0,48391,0,68836,0,96121,0,130278,171435,0,220482,0,275628,0,335208,0,396734,0,455464,0,511177,0,558001,0,591301,0,610485,0,614969,0,603200,0,574506,0,535982,0,484031,0,429059,0,369795,0,312460,258292,0,210712,0,168844,0,134399,0,107474,0,86976,0,72995,0,65701,0,63290,0,67338,0,76788,0,92553,0,112917,0,133505,0,146099,0,135426,0,95362,1,39639,3721
0,0,0,0,0,0,0,0,0,0,0,0,0,0,0,0,0,0,0,0,0,0,0,0,0,0,0,0,0,0,0,1,0,1,0,2,5,0,7,0,23,0,59,0,109,0,255,0,498,0,896,0,1668,0,2815,0,5063,0,8413,0,13602,0,20864,0,32168,0,47530,0,68124,0,94844,0,128612,169831,0,218552,0,273263,0,333744,0,393567,0,454034,0,508932,0,555469,0,590788,0,611360,0,614789,0,603796,0,576967,0,537225,0,487677,0,430281,0,372612,0,313575,260883,0,211863,0,170222,0,135683,0,107948,0,87910,0,73249,0,65645,0,63626,0,67361,0,76779,0,92734,0,112717,0,133587,0,146250,0,135883,0,95566,1,39769,3711
0,0,0,0,0,0,0,0,0,0,0,0,0,0,0,0,0,0,0,0,0,0,0,0,0,0,0,0,0,0,0,1,0,1,0,2,4,0,10,0,27,0,54,0,104,0,247,0,503,0,883,0,1571,0,2812,0,4975,0,8112,0,13225,0,20877,0,31468,0,47158,0,67063,0,93400,0,127630,168028,0,216279,0,271348,0,330288,0,392887,0,451533,0,507524,0,553595,0,589344,0,610900,0,615807,0,605074,0,578079,0,539610,0,488715,0,433630,0,374674,0,315542,262863,0,213180,0,172051,0,136319,0,108956,0,88374,0,73526,0,65735,0,64149,0,67225,0,77208,0,92428,0,112681,0,133703,0,146382,0,136112,0,95950,1,39861,3720
0,0,0,0,0,0,0,0,0,0,0,0,0,0,0,0,0,0,0,0,0,0,0,0,0,0,0,0,0,0,0,1,0,1,0,0,4,0,11,0,20,0,49,0,125,0,223,0,468,0,850,0,1565,0,2832,0,4771,0,8023,0,13088,0,20081,0,31601,0,46127,0,66320,0,92015,0,126056,166447,0,214746,0,268843,0,327911,0,389903,0,451059,0,505159,0,552136,0,588503,0,609021,0,617168,0,606405,0,580558,0,540330,0,491092,0,435271,0,377221,0,318788,263652,0,214790,0,173742,0,137131,0,109862,0,88675,0,74182,0,66195,0,64030,0,67411,0,77141,0,92408,0,112996,0,133598,0,146336,0,136473,0,96267,1,40013,3713
0,0,0,0,0,0,0,0,0,0,0,0,0,0,0,0,0,0,0,0,0,0,0,0,0,0,0,0,0,0,0,2,0,0,0,0,4,0,12,0,20,0,49,0,104,0,226,0,459,0,836,0,1549,0,2683,0,4693,0,7829,0,12949,0,19974,0,30570,0,45722,0,65470,0,90776,0,124366,164701,0,212803,0,266992,0,326446,0,387315,0,448404,0,502588,0,552157,0,586689,0,609461,0,617061,0,607210,0,581852,0,543193,0,492513,0,437759,0,379270,0,321350,265157,0,216304,0,175171,0,138068,0,110710,0,89105,0,74914,0,66496,0,64061,0,67609,0,76937,0,92512,0,112964,0,133572,0,146663,0,136690,0,96588,1,40120,3709
0,0,0,0,0,0,0,0,0,0,0,0,0,0,0,0,0,0,0,0,0,0,0,0,0,0,0,0,0,1,0,0,0,1,0,0,6,0,5,0,20,0,58,0,97,0,214,0,448,0,812,0,1486,0,2689,0,4687,0,7652,0,12481,0,19841,0,30039,0,44959,0,64315,0,90240,0,122744,163423,0,210368,0,264171,0,324920,0,384662,0,445627,0,502271,0,549798,0,586010,0,609136,0,617912,0,608235,0,582808,0,544733,0,494520,0,440052,0,381361,0,323789,267750,0,217875,0,176224,0,139514,0,110884,0,90076,0,75147,0,66843,0,64081,0,67864,0,76885,0,92582,0,112895,0,133608,0,146986,0,136623,0,97039,1,40223,3717
0,0,0,0,0,0,0,0,0,0,0,0,0,0,0,0,0,0,0,0,0,0,0,0,0,0,0,0,0,0,0,1,0,1,0,1,2,0,11,0,15,0,60,0,91,0,196,0,440,0,809,0,1458,0,2676,0,4554,0,7627,0,12150,0,19319,0,29734,0,44445,0,63241,0,88965,0,121698,160773,0,208801,0,262574,0,322250,0,382463,0,443562,0,500352,0,548096,0,585182,0,610021,0,618054,0,608614,0,584086,0,545871,0,497797,0,441678,0,384056,0,325498,269359,0,219486,0,177658,0,141070,0,111680,0,90432,0,75437,0,67373,0,64657,0,67661,0,76887,0,92534,0,112953,0,133605,0,147171,0,136687,0,97434,1,40384,3717
0,0,0,0,0,0,0,0,0,0,0,0,0,0,0,0,0,0,0,0,0,0,0,0,0,0,0,0,0,1,0,0,0,0,0,2,2,0,9,0,23,0,47,0,88,0,201,0,414,0,764,0,1519,0,2556,0,4486,0,7511,0,11861,0,18951,0,29181,0,43662,0,62555,0,88425,0,119945,159598,0,206223,0,260477,0,319817,0,380772,0,441419,0,497295,0,546529,0,585230,0,609117,0,618394,0,610308,0,585041,0,547834,0,499587,0,444476,0,386109,0,326782,271751,0,221807,0,178829,0,141520,0,112662,0,91306,0,75934,0,67513,0,65022,0,67819,0,76482,0,92664,0,112856,0,133808,0,147248,0,136973,0,97714,1,40577,3711
0,0,0,0,0,0,0,0,0,0,0,0,0,0,0,0,0,0,0,0,0,0,0,0,0,0,0,1,0,0,0,0,0,0,0,0,4,0,10,0,13,0,52,0,85,0,223,0,394,0,759,0,1467,0,2581,0,4340,0,7290,0,11791,0,18588,0,28684,0,42747,0,62031,0,86819,0,119128,157659,0,204329,0,258930,0,317325,0,377647,0,438820,0,495805,0,546089,0,584487,0,608995,0,617810,0,610801,0,586733,0,549799,0,501258,0,446929,0,388626,0,329134,273148,0,223725,0,179992,0,142373,0,113961,0,91727,0,76496,0,67925,0,65152,0,67768,0,76436,0,92756,0,112750,0,133851,0,147417,0,137244,0,98010,1,40781,3712
0,0,0,0,0,0,0,0,0,0,0,0,0,0,0,0,0,0,0,0,0,0,0,0,0,1,0,0,0,0,0,0,0,0,0,0,3,0,10,0,15,0,45,0,93,0,191,0,391,0,745,0,1405,0,2511,0,4295,0,7112,0,11486,0,18570,0,28116,0,42086,0,60964,0,86272,0,116924,156205,0,203014,0,256919,0,314967,0,375143,0,436875,0,493849,0,544610,0,582986,0,609621,0,617284,0,611082,0,589314,0,551070,0,503647,0,448955,0,390291,0,331395,275366,0,225386,0,181190,0,143950,0,114338,0,92536,0,77190,0,68116,0,65094,0,68075,0,76375,0,92737,0,112787,0,134043,0,147480,0,137320,0,98258,1,40991,3713
0,0,0,0,0,0,0,0,0,0,0,0,0,0,0,0,0,0,0,0,0,0,0,0,0,0,0,1,0,0,0,0,0,0,0,0,4,0,7,0,20,0,36,0,93,0,195,0,375,0,749,0,1348,0,2425,0,4208,0,7035,0,11398,0,18148,0,27694,0,41235,0,60190,0,84765,0,116638,153862,0,201459,0,254112,0,312842,0,373352,0,434350,0,491998,0,543265,0,582603,0,608858,0,618121,0,611196,0,590438,0,552977,0,506319,0,450717,0,392792,0,333140,277689,0,226578,0,182658,0,144852,0,115683,0,93201,0,77309,0,68496,0,65203,0,68142,0,76699,0,92332,0,112920,0,134247,0,147315,0,137687,0,98598,1,41119,3714
0,0,0,0,0,0,0,0,0,0,0,0,0,0,0,0,0,0,0,0,0,0,0,0,0,0,0,1,0,0,0,0,0,0,0,0,6,0,5,0,17,0,44,0,76,0,181,0,393,0,724,0,1337,0,2289,0,4196,0,6831,0,11338,0,17701,0,27264,0,40812,0,59116,0,84066,0,114909,152847,0,198652,0,252699,0,309840,0,372116,0,431333,0,491205,0,541648,0,580913,0,608838,0,617514,0,612651,0,591760,0,555651,0,507028,0,453446,0,394503,0,335525,279657,0,228258,0,183905,0,146166,0,116683,0,93111,0,78294,0,68696,0,65479,0,68250,0,76652,0,92301,0,112963,0,134173,0,147631,0,137754,0,98983,1,41266,3710
0,0,0,0,0,0,0,0,0,0,0,0,0,0,0,0,0,0,0,0,0,0,0,0,0,0,0,1,0,0,0,0,0,0,0,1,3,0,6,0,16,0,42,0,82,0,166,0,374,0,706,0,1285,0,2342,0,4035,0,6807,0,11086,0,17278,0,26855,0,40098,0,58484,0,82972,0,113823,151337,0,196811,0,250363,0,307898,0,369289,0,429693,0,489092,0,540068,0,579873,0,607557,0,618371,0,613801,0,592500,0,558030,0,508685,0,456277,0,396350,0,337592,281537,0,229760,0,185435,0,147392,0,117334,0,94138,0,78449,0,68886,0,65763,0,68373,0,76674,0,92357,0,112939,0,134147,0,147636,0,138057,0,99348,1,41428,3705
0,0,0,0,0,0,0,0,0,0,0,0,0,0,0,0,0,0,0,0,0,0,0,0,0,0,0,1,0,0,0,0,0,0,0,1,2,0,5,0,19,0,39,0,88,0,162,0,359,0,679,0,1247,0,2362,0,3860,0,6720,0,10823,0,17151,0,26317,0,39464,0,57984,0,81601,0,112713,149347,0,195769,0,247760,0,305300,0,367124,0,428253,0,486915,0,538857,0,578626,0,607100,0,617271,0,614962,0,594933,0,558832,0,512033,0,457632,0,399164,0,339212,283153,0,231713,0,186715,0,148497,0,118398,0,94669,0,78876,0,69122,0,65882,0,68421,0,77017,0,92404,0,112883,0,133963,0,148057,0,138117,0,99555,1,41568,3710
0,0,0,0,0,0,0,0,0,0,0,0,0,0,0,0,0,0,0,0,0,0,0,0,0,0,0,1,0,0,0,0,0,0,0,2,0,0,5,0,16,0,41,0,85,0,165,0,338,0,633,0,1239,0,2285,0,3818,0,6523,0,10602,0,16916,0,25890,0,38962,0,57083,0,80579,0,110774,148958,0,193477,0,245254,0,302986,0,365126,0,426730,0,485213,0,536414,0,577931,0,606718,0,618050,0,615761,0,595042,0,560559,0,514133,0,459929,0,401236,0,341340,285510,0,233397,0,188239,0,149492,0,118934,0,95699,0,79242,0,69392,0,65957,0,68705,0,77194,0,92167,0,112743,0,134202,0,148155,0,138327,0,99858,1,41664,3716
0,0,0,0,0,0,0,0,0,0,0,0,0,0,0,0,0,0,0,0,0,0,0,0,0,0,0,1,0,0,0,0,0,1,0,0,2,0,5,0,13,0,43,0,90,0,162,0,328,0,623,0,1194,0,2192,0,3796,0,6315,0,10604,0,16550,0,25503,0,38445,0,56343,0,79504,0,109525,147285,0,191297,0,243195,0,300929,0,362886,0,424279,0,483510,0,535471,0,576943,0,606329,0,617688,0,614885,0,598423,0,561847,0,516097,0,461816,0,403539,0,344044,287252,0,234860,0,189306,0,150871,0,120084,0,96139,0,79607,0,69765,0,66261,0,68700,0,77410,0,92053,0,112685,0,134225,0,148375,0,138473,0,100087,1,41832,3720
0,0,0,0,0,0,0,0,0,0,0,0,0,0,0,0,0,0,0,0,0,0,0,0,0,0,0,0,0,1,0,0,0,1,0,0,1,0,9,0,9,0,45,0,82,0,161,0,325,0,602,0,1155,0,2121,0,3707,0,6288,0,10321,0,16288,0,25032,0,37900,0,55692,0,78477,0,108355,145226,0,189339,0,241846,0,298656,0,360009,0,422006,0,481793,0,534180,0,576208,0,604755,0,619165,0,615970,0,597493,0,564346,0,518669,0,464340,0,405235,0,346411,288965,0,236349,0,191185,0,152077,0,120770,0,96727,0,80171,0,69943,0,66385,0,68791,0,77379,0,92472,0,112609,0,134056,0,148572,0,138694,0,100301,1,42034,3708
0,0,0,0,0,0,0,0,0,0,0,0,0,0,0,0,0,0,0,0,0,0,0,0,0,0,0,0,0,0,0,1,0,1,0,0,3,0,5,0,11,0,43,0,63,0,154,0,331,0,597,0,1128,0,2007,0,3720,0,6132,0,10188,0,16024,0,24616,0,37372,0,54887,0,77346,0,107302,143362,0,187657,0,240568,0,295310,0,358159,0,420202,0,479229,0,532818,0,575212,0,605345,0,617554,0,617548,0,598384,0,566232,0,520122,0,466678,0,407687,0,348603,291085,0,238099,0,192333,0,153091,0,121824,0,97515,0,80628,0,69992,0,66689,0,68873,0,77441,0,92462,0,112411,0,134272,0,148760,0,138934,0,100465,1,42225,3707
0,0,0,0,0,0,0,0,0,0,0,0,0,0,0,0,0,0,0,0,0,0,0,0,0,0,0,0,0,1,0,0,0,1,0,1,0,0,3,0,19,0,32,0,75,0,157,0,297,0,576,0,1123,0,1964,0,3611,0,6060,0,9941,0,15772,0,24378,0,36830,0,53851,0,76618,0,105815,141857,0,185938,0,237872,0,294036,0,355243,0,418268,0,477172,0,530993,0,575692,0,604363,0,617363,0,616980,0,600278,0,567819,0,522190,0,469044,0,409800,0,350437,293442,0,239703,0,193910,0,154530,0,122299,0,98072,0,81404,0,70434,0,66546,0,68958,0,77561,0,92486,0,112413,0,134472,0,148799,0,139135,0,100570,1,42500,3703
0,0,0,0,0,0,0,0,0,0,0,0,0,0,0,0,0,0,0,0,0,0,0,0,0,0,0,0,0,0,0,1,0,1,0,1,0,0,3,0,15,0,35,0,81,0,141,0,276,0,573,0,1076,0,1948,0,3452,0,5954,0,9874,0,15514,0,24024,0,36364,0,53028,0,75780,0,104065,140299,0,184728,0,235031,0,292834,0,353066,0,415062,0,475559,0,529647,0,573636,0,604334,0,618767,0,616991,0,600398,0,569470,0,524818,0,470832,0,413183,0,351625,295851,0,241776,0,194722,0,155565,0,123395,0,98710,0,81684,0,71017,0,66840,0,68881,0,77761,0,92176,0,112468,0,134492,0,148772,0,139578,0,100893,1,42620,3720
0,0,0,0,0,0,0,0,0,0,0,0,0,0,0,0,0,0,0,0,0,0,0,0,0,0,0,0,0,0,0,1,0,2,0,0,0,0,4,0,14,0,38,0,76,0,151,0,273,0,556,0,1022,0,1903,0,3460,0,5864,0,9667,0,15312,0,23523,0,35901,0,52274,0,74782,0,102481,138829,0,182553,0,234097,0,289836,0,351428,0,413321,0,473484,0,527052,0,572806,0,604151,0,618815,0,616832,0,603236,0,569889,0,526899,0,473613,0,414224,0,354841,296652,0,244269,0,195763,0,156755,0,124366,0,99685,0,82014,0,71361,0,67101,0,69151,0,77501,0,91974,0,112705,0,134335,0,149010,0,139969,0,101153,1,42709,3724
0,0,0,0,0,0,0,0,0,0,0,0,0,0,0,0,0,0,0,0,0,0,0,0,0,0,0,0,0,0,0,0,0,3,0,0,1,0,5,0,12,0,40,0,63,0,145,0,274,0,531,0,1026,0,1873,0,3453,0,5727,0,9339,0,15152,0,23354,0,35030,0,51713,0,73635,0,101571,137397,0,180449,0,232140,0,288004,0,348564,0,411253,0,471966,0,525676,0,570851,0,603472,0,618325,0,617951,0,603566,0,572234,0,529463,0,475180,0,416891,0,357218,298600,0,246208,0,196972,0,157522,0,125616,0,100205,0,82596,0,71672,0,67291,0,69123,0,77596,0,91979,0,112700,0,134685,0,148837,0,140284,0,101378,1,42868,3728
0,0,0,0,0,0,0,0,0,0,0,0,0,0,0,0,0,0,0,0,0,0,0,0,0,0,0,0,0,0,0,0,0,3,0,0,2,0,4,0,7,0,42,0,67,0,131,0,281,0,507,0,1049,0,1805,0,3293,0,5696,0,9178,0,14929,0,22647,0,34889,0,50873,0,72879,0,100334,135869,0,178854,0,228928,0,287379,0,346423,0,407876,0,469728,0,524847,0,569900,0,602033,0,618784,0,618643,0,604456,0,574469,0,531299,0,477186,0,419241,0,358777,301036,0,247683,0,198669,0,158640,0,126663,0,100821,0,82913,0,72433,0,67137,0,69166,0,77567,0,91914,0,112757,0,134855,0,148759,0,140549,0,101703,0,43099,3736
0,0,0,0,0,0,0,0,0,0,0,0,0,0,0,0,0,0,0,0,0,0,0,0,0,0,0,0,0,0,0,1,0,1,0,1,2,0,3,0,6,0,36,0,74,0,117,0,268,0,530,0,1002,0,1807,0,3270,0,5517,0,9096,0,14605,0,22360,0,34153,0,50255,0,71480,0,99633,134355,0,177035,0,227437,0,284711,0,344497,0,405883,0,467286,0,522328,0,569505,0,600614,0,619707,0,620106,0,605852,0,575507,0,532068,0,479873,0,421185,0,361485,302330,0,249737,0,200188,0,159886,0,127616,0,101294,0,83594,0,72549,0,67448,0,69218,0,77831,0,91881,0,112506,0,135123,0,148607,0,140977,0,101983,0,43262,3727
0,0,0,0,0,0,0,0,0,0,0,0,0,0,0,0,0,0,0,0,0,0,0,0,0,0,0,0,0,0,0,0,0,3,0,0,3,0,3,0,5,0,33,0,68,0,124,0,275,0,512,0,947,0,1764,0,3279,0,5442,0,8886,0,14289,0,22302,0,33524,0,49457,0,70656,0,98088,133291,0,175024,0,226075,0,282249,0,342180,0,403927,0,464607,0,521531,0,566806,0,600256,0,619739,0,621536,0,607421,0,576357,0,534377,0,481607,0,423551,0,363637,304453,0,251331,0,201467,0,161298,0,128045,0,102386,0,84146,0,72416,0,68078,0,69510,0,77571,0,91769,0,112530,0,134904,0,149207,0,141192,0,102188,0,43348,3738
0,0,0,0,0,0,0,0,0,0,0,0,0,0,0,0,0,0,0,0,0,0,0,0,0,0,0,0,0,0,0,1,0,2,0,0,1,0,6,0,8,0,23,0,67,0,137,0,252,0,498,0,936,0,1732,0,3111,0,5349,0,8907,0,13971,0,21953,0,33065,0,48734,0,69473,0,97041,131993,0,173618,0,223718,0,280742,0,338888,0,402421,0,462450,0,519851,0,566086,0,599602,0,618756,0,622521,0,607887,0,578503,0,535765,0,484032,0,426491,0,365694,306527,0,252393,0,203222,0,162166,0,128920,0,103493,0,84366,0,73050,0,68057,0,69539,0,77657,0,91962,0,112534,0,134805,0,149358,0,141377,0,102441,0,43514,3742
0,0,0,0,0,0,0,0,0,0,0,0,0,0,0,0,0,0,0,0,0,0,0,0,0,0,0,0,0,0,0,0,0,2,0,1,1,0,7,0,10,0,32,0,56,0,128,0,264,0,464,0,897,0,1712,0,3092,0,5238,0,8641,0,13818,0,21581,0,32520,0,48025,0,68842,0,95856,130575,0,171798,0,222284,0,277389,0,338079,0,399757,0,460395,0,517564,0,564053,0,600043,0,619269,0,622838,0,609072,0,579302,0,537302,0,487018,0,428016,0,368240,308946,0,253951,0,204698,0,163071,0,129784,0,104234,0,85251,0,72994,0,68441,0,69784,0,77615,0,91967,0,112404,0,134855,0,149683,0,141529,0,102601,1,43680,3738
0,0,0,0,0,0,0,0,0,0,0,0,0,0,0,0,0,0,0,0,0,0,0,0,0,0,0,0,0,0,0,2,0,0,0,0,2,0,5,0,14,0,25,0,51,0,126,0,257,0,495,0,861,0,1705,0,2893,0,5229,0,8583,0,13387,0,21262,0,32080,0,47279,0,67899,0,94864,129115,0,170534,0,219474,0,276060,0,335673,0,397391,0,459021,0,515270,0,562977,0,598710,0,619104,0,623459,0,610538,0,580206,0,539732,0,488868,0,431057,0,369683,311588,0,254870,0,206461,0,164636,0,130933,0,104336,0,85841,0,73483,0,68397,0,69898,0,77820,0,91910,0,112471,0,135042,0,149608,0,141750,0,102877,0,43848,3748
0,0,0,0,0,0,0,0,0,0,0,0,0,0,0,0,0,0,0,0,0,0,0,0,0,0,0,0,0,0,0,1,0,1,0,1,2,0,6,0,11,0,18,0,66,0,107,0,250,0,484,0,862,0,1685,0,2830,0,5057,0,8441,0,13221,0,20873,0,31789,0,46570,0,66675,0,94107,127350,0,168530,0,218292,0,273745,0,334105,0,394937,0,456758,0,513415,0,561742,0,597577,0,619265,0,624055,0,610999,0,582999,0,541082,0,490922,0,432994,0,372155,313063,0,256756,0,208330,0,165772,0,131472,0,105331,0,86004,0,74109,0,68685,0,70035,0,77693,0,91908,0,112752,0,134927,0,149865,0,141802,0,103233,0,43947,3745
0,0,0,0,0,0,0,0,0,0,0,0,0,0,0,0,0,0,0,0,0,0,0,0,0,0,0,0,0,1,0,0,0,1,0,1,2,0,3,0,13,0,27,0,59,0,112,0,224,0,484,0,903,0,1599,0,2795,0,4854,0,8230,0,13148,0,20571,0,31087,0,45898,0,66119,0,92578,126284,0,166998,0,216023,0,271835,0,331361,0,393791,0,454529,0,511264,0,559895,0,597792,0,618887,0,624070,0,612107,0,584667,0,542926,0,492751,0,435900,0,373816,314952,0,258944,0,209735,0,167291,0,132367,0,105477,0,87093,0,74162,0,68861,0,70142,0,77578,0,92238,0,112516,0,135075,0,150009,0,142069,0,103411,0,44138,3745
0,0,0,0,0,0,0,0,0,0,0,0,0,0,0,0,0,0,0,0,0,0,0,0,0,0,0,0,0,1,0,0,0,1,0,2,2,0,2,0,11,0,26,0,56,0,109,0,228,0,465,0,837,0,1594,0,2772,0,4739,0,8057,0,12837,0,20037,0,30885,0,45267,0,65338,0,91606,124245,0,165623,0,214863,0,269782,0,328636,0,391433,0,453590,0,508473,0,559613,0,595810,0,618743,0,623418,0,614024,0,586650,0,545185,0,494163,0,437599,0,377149,316609,0,260416,0,211502,0,168105,0,133750,0,106161,0,87420,0,74640,0,69122,0,70088,0,77726,0,92283,0,112607,0,135130,0,150104,0,142213,0,103688,0,44229,3744
0,0,0,0,0,0,0,0,0,0,0,0,0,0,0,0,0,0,0,0,0,0,0,0,0,0,0,0,0,1,0,0,0,0,0,3,2,0,2,0,11,0,29,0,44,0,127,0,214,0,424,0,857,0,1534,0,2712,0,4664,0,7886,0,12657,0,19837,0,30259,0,44648,0,64837,0,90021,123084,0,163983,0,213084,0,266746,0,326814,0,389672,0,450450,0,508265,0,556811,0,596753,0,618058,0,624641,0,613986,0,588130,0,547041,0,496566,0,439504,0,378940,319179,0,262432,0,212591,0,169587,0,134274,0,107078,0,87919,0,75029,0,69057,0,70286,0,77874,0,92380,0,112369,0,135355,0,150168,0,142517,0,103898,0,44375,3743
0,0,0,0,0,0,0,0,0,0,0,0,0,0,0,0,0,0,0,0,0,0,0,0,0,0,0,0,0,1,0,0,0,1,0,2,3,0,3,0,9,0,28,0,49,0,111,0,236,0,419,0,764,0,1516,0,2664,0,4594,0,7828,0,12347,0,19500,0,29670,0,44353,0,63606,0,89138,122037,0,162025,0,210923,0,265263,0,324144,0,387248,0,448489,0,506832,0,556709,0,594757,0,617975,0,624738,0,615893,0,588680,0,549284,0,498699,0,441669,0,381277,320447,0,264416,0,214182,0,170589,0,135480,0,107856,0,88334,0,75366,0,69234,0,70501,0,77885,0,92487,0,112446,0,135231,0,150164,0,142775,0,104268,0,44519,3744
0,0,0,0,0,0,0,0,0,0,0,0,0,0,0,0,0,0,0,0,0,0,0,0,0,0,0,0,0,1,0,0,0,0,0,2,2,0,3,0,6,0,29,0,55,0,97,0,232,0,397,0,799,0,1424,0,2664,0,4555,0,7480,0,12294,0,19228,0,29065,0,43702,0,62769,0,88186,120606,0,160633,0,208475,0,263935,0,321675,0,384749,0,447111,0,505185,0,555797,0,592614,0,617759,0,626667,0,616252,0,589836,0,550876,0,500740,0,444099,0,383328,322480,0,266046,0,215563,0,171768,0,136516,0,108841,0,88861,0,75384,0,69918,0,70232,0,78069,0,92565,0,112324,0,135332,0,150394,0,142878,0,104600,0,44551,3759
0,0,0,0,0,0,0,0,0,0,0,0,0,0,0,0,0,0,0,0,0,0,0,0,0,0,0,0,0,1,0,0,0,0,0,3,0,0,3,0,9,0,21,0,44,0,111,0,225,0,394,0,773,0,1450,0,2568,0,4425,0,7373,0,12015,0,18868,0,28709,0,43211,0,61884,0,87272,119403,0,158541,0,207554,0,260446,0,320802,0,381690,0,445292,0,504029,0,553544,0,592039,0,618113,0,626965,0,616598,0,590706,0,552979,0,503303,0,445946,0,385484,324862,0,267797,0,216705,0,173385,0,137478,0,109447,0,89437,0,75645,0,70189,0,70094,0,78300,0,92606,0,112401,0,135276,0,150672,0,143107,0,104681,0,44779,3754
0,0,0,0,0,0,0,0,0,0,0,0,0,0,0,0,0,0,0,0,0,0,0,0,0,0,0,0,0,1,0,0,0,0,0,0,4,0,3,0,13,0,12,0,51,0,94,0,210,0,404,0,745,0,1413,0,2496,0,4367,0,7241,0,11820,0,18495,0,28438,0,42249,0,61184,0,86145,118236,0,157311,0,204798,0,259080,0,318668,0,379885,0,442737,0,502425,0,552322,0,591942,0,616464,0,627708,0,616209,0,593939,0,554899,0,504381,0,448708,0,387409,326607,0,269639,0,218357,0,174549,0,138473,0,110330,0,89800,0,76205,0,70425,0,70210,0,78221,0,92444,0,112817,0,135120,0,150706,0,143520,0,104823,0,44900,3756
0,0,0,0,0,0,0,0,0,0,0,0,0,0,0,0,0,0,0,0,0,0,0,0,0,0,0,0,0,1,0,0,0,0,0,1,0,0,7,0,11,0,22,0,38,0,88,0,226,0,373,0,758,0,1334,0,2511,0,4256,0,7063,0,11667,0,18151,0,28031,0,41695,0,60117,0,85277,116780,0,155790,0,202999,0,257284,0,316010,0,378361,0,440549,0,500273,0,551521,0,590191,0,617266,0,627103,0,617839,0,595439,0,556081,0,506700,0,450771,0,389353,328137,0,271467,0,220318,0,175889,0,139648,0,111056,0,90268,0,76678,0,70336,0,70680,0,78182,0,92232,0,112836,0,135394,0,150795,0,143777,0,104988,0,45027,3763
0,0,0,0,0,0,0,0,0,0,0,0,0,0,0,0,0,0,0,0,0,0,0,0,0,0,0,0,0,1,0,0,0,0,0,0,2,0,7,0,10,0,22,0,34,0,88,0,231,0,359,0,743,0,1376,0,2361,0,4151,0,7084,0,11331,0,17852,0,27738,0,40988,0,59575,0,84059,115842,0,154126,0,200923,0,254430,0,314416,0,376362,0,439249,0,497789,0,549043,0,590853,0,616316,0,627179,0,620082,0,595439,0,558495,0,509068,0,451968,0,391658,330154,0,274050,0,221438,0,177423,0,140018,0,112271,0,90571,0,76995,0,70579,0,70899,0,78232,0,92061,0,112715,0,135698,0,151030,0,143742,0,105319,0,45195,3768
0,0,0,0,0,0,0,0,0,0,0,0,0,0,0,0,0,0,0,0,0,0,0,0,0,0,0,0,0,0,0,1,0,0,0,1,1,0,7,0,7,0,23,0,42,0,80,0,212,0,365,0,717,0,1313,0,2392,0,4056,0,7066,0,11093,0,17421,0,27255,0,40515,0,59012,0,82965,114449,0,152834,0,199502,0,252151,0,311639,0,375148,0,436705,0,495165,0,549609,0,588031,0,616822,0,626556,0,621622,0,596493,0,559993,0,511432,0,454679,0,393050,332449,0,275022,0,224299,0,178054,0,141350,0,112839,0,91317,0,77187,0,70892,0,70854,0,78343,0,92148,0,112445,0,136147,0,150934,0,143998,0,105649,0,45296,3761
0,0,0,0,0,0,0,0,0,0,0,0,0,0,0,0,0,0,0,0,0,0,0,0,0,0,0,0,0,0,0,1,0,0,0,2,1,0,5,0,13,0,17,0,45,0,80,0,191,0,357,0,681,0,1299,0,2286,0,4065,0,6831,0,10949,0,17280,0,26735,0,39852,0,58146,0,81967,113551,0,151267,0,196968,0,250803,0,308708,0,373234,0,435254,0,493246,0,546980,0,587957,0,615171,0,629120,0,621816,0,598179,0,561440,0,513352,0,456108,0,395946,334364,0,276829,0,225986,0,179698,0,141828,0,113561,0,91857,0,77661,0,71403,0,70965,0,78274,0,91986,0,112672,0,135937,0,151094,0,144344,0,105831,0,45447,3768
0,0,0,0,0,0,0,0,0,0,0,0,0,0,0,0,0,0,0,0,0,0,0,0,0,0,0,0,0,1,0,0,0,0,0,2,2,0,5,0,10,0,15,0,42,0,88,0,174,0,373,0,697,0,1245,0,2204,0,3936,0,6722,0,10867,0,16951,0,26317,0,39440,0,57212,0,81235,111794,0,149731,0,195798,0,248552,0,307426,0,369561,0,433386,0,492410,0,544498,0,587276,0,615742,0,628076,0,622551,0,600427,0,562905,0,515392,0,458194,0,397666,336850,0,278633,0,227405,0,180706,0,143243,0,114106,0,92745,0,77783,0,71563,0,71296,0,78418,0,91965,0,112453,0,136131,0,151143,0,144600,0,106053,0,45617,3775
0,0,0,0,0,0,0,0,0,0,0,0,0,0,0,0,0,0,0,0,0,0,0,0,0,0,0,1,0,0,0,0,0,0,0,1,2,0,4,0,13,0,18,0,32,0,92,0,175,0,345,0,672,0,1225,0,2192,0,3861,0,6582,0,10589,0,16669,0,25759,0,38917,0,56459,0,80416,110437,0,148454,0,193789,0,246582,0,304907,0,367795,0,430630,0,491262,0,542594,0,586067,0,614819,0,630511,0,622223,0,601284,0,564864,0,517795,0,459431,0,400811,338595,0,281140,0,228426,0,182258,0,144092,0,114893,0,93521,0,78117,0,71842,0,71451,0,78285,0,92039,0,112430,0,136198,0,151080,0,145004,0,106189,0,45805,3764
0,0,0,0,0,0,0,0,0,0,0,0,0,0,0,0,0,0,0,0,0,0,0,0,0,0,0,1,0,0,0,0,0,0,0,2,1,0,5,0,10,0,17,0,33,0,92,0,169,0,359,0,610,0,1204,0,2094,0,3821,0,6560,0,10418,0,16182,0,25520,0,38254,0,55755,0,79399,109366,0,146846,0,192317,0,244952,0,302011,0,365715,0,429570,0,487178,0,542171,0,585532,0,615783,0,627705,0,624670,0,602578,0,566430,0,519804,0,461777,0,402657,340778,0,282629,0,229998,0,183532,0,145504,0,115513,0,94060,0,78618,0,71935,0,71670,0,78246,0,92217,0,112617,0,135969,0,151119,0,145298,0,106478,0,45894,3765
0,0,0,0,0,0,0,0,0,0,0,0,0,0,0,0,0,0,0,0,0,0,0,0,0,0,0,1,0,0,0,0,0,0,0,1,1,0,7,0,9,0,15,0,42,0,77,0,179,0,314,0,640,0,1139,0,2121,0,3781,0,6289,0,10199,0,16180,0,24802,0,37909,0,55128,0,78246,108336,0,145144,0,190501,0,242649,0,300462,0,363563,0,425922,0,487146,0,541054,0,584075,0,614652,0,628884,0,623949,0,606030,0,567779,0,519991,0,465109,0,403536,343519,0,284582,0,231783,0,184589,0,146517,0,116647,0,94327,0,79435,0,71955,0,71762,0,78481,0,92117,0,112488,0,136111,0,151175,0,145365,0,106848,0,46083,3762
0,0,0,0,0,0,0,0,0,0,0,0,0,0,0,0,0,0,0,0,0,0,0,0,0,0,0,1,0,0,0,0,0,0,0,1,2,0,5,0,8,0,18,0,43,0,85,0,169,0,304,0,619,0,1163,0,2090,0,3648,0,6099,0,10063,0,15969,0,24539,0,37188,0,54231,0,77394,107056,0,143938,0,188681,0,240755,0,299008,0,360698,0,424575,0,484285,0,539757,0,583725,0,613691,0,628435,0,624868,0,607872,0,569529,0,521759,0,466818,0,406060,345025,0,286852,0,233149,0,186203,0,147438,0,117553,0,94750,0,79908,0,72364,0,71714,0,78515,0,92074,0,112768,0,136080,0,151144,0,145775,0,106935,0,46236,3776
0,0,0,0,0,0,0,0,0,0,0,0,0,0,0,0,0,0,0,0,0,0,0,0,0,0,0,1,0,0,0,0,0,0,0,0,2,0,5,0,6,0,17,0,40,0,87,0,162,0,300,0,622,0,1113,0,2088,0,3583,0,5966,0,9854,0,15452,0,24619,0,36481,0,53305,0,76634,105651,0,142523,0,187103,0,238597,0,297226,0,358267,0,422217,0,482726,0,538181,0,582792,0,613193,0,628308,0,626719,0,607524,0,572471,0,524003,0,468704,0,408144,346387,0,288984,0,234572,0,187379,0,148725,0,118657,0,94946,0,80309,0,72485,0,71983,0,78716,0,92008,0,112920,0,135981,0,151315,0,146084,0,107025,0,46462,3784
0,0,0,0,0,0,0,0,0,0,0,0,0,0,0,0,0,0,0,0,0,0,0,0,0,0,0,0,0,1,0,0,0,0,0,0,2,0,5,0,6,0,20,0,40,0,79,0,164,0,319,0,583,0,1072,0,2062,0,3515,0,5942,0,9529,0,15406,0,24108,0,35809,0,52731,0,75476,104460,0,141018,0,185519,0,237080,0,294392,0,357794,0,418942,0,481098,0,536504,0,581135,0,613541,0,628340,0,628139,0,608034,0,574193,0,526291,0,470688,0,409931,348467,0,290767,0,235973,0,188928,0,149750,0,119347,0,95591,0,80455,0,72799,0,72161,0,78853,0,92275,0,112486,0,136177,0,151552,0,146231,0,107133,0,46711,3784
0,0,0,0,0,0,0,0,0,0,0,0,0,0,0,0,0,0,0,0,0,0,0,0,0,0,0,0,0,1,0,0,0,0,0,1,1,0,5,0,6,0,15,0,38,0,73,0,159,0,339,0,564,0,1058,0,1953,0,3487,0,5750,0,9476,0,15183,0,23583,0,35395,0,52066,0,74413,103106,0,140246,0,183332,0,235618,0,292510,0,354100,0,418168,0,479655,0,534666,0,579756,0,612953,0,629303,0,627834,0,608651,0,575913,0,529278,0,472352,0,411606,351884,0,291927,0,237432,0,189896,0,151326,0,119475,0,96526,0,80780,0,73312,0,72047,0,79048,0,92295,0,112489,0,136265,0,151682,0,146432,0,107304,0,46884,3791
0,0,0,0,0,0,0,0,0,0,0,0,0,0,0,0,0,0,0,0,0,0,0,0,0,0,0,0,0,1,0,0,0,0,0,0,2,0,5,0,5,0,16,0,38,0,67,0,138,0,339,0,554,0,1063,0,1889,0,3427,0,5617,0,9392,0,14942,0,23145,0,35109,0,51263,0,73089,102340,0,138391,0,182563,0,233161,0,290832,0,351833,0,415566,0,477370,0,533475,0,579337,0,612177,0,629030,0,628513,0,609899,0,577297,0,531531,0,474228,0,414092,353880,0,293766,0,239350,0,191172,0,152428,0,120205,0,97035,0,81127,0,73531,0,72084,0,79148,0,92352,0,112490,0,136246,0,151765,0,146600,0,107605,0,47105,3783
0,0,0,0,0,0,0,0,0,0,0,0,0,0,0,0,0,0,0,0,0,0,0,0,0,0,0,0,0,1,0,0,0,0,0,0,1,0,5,0,8,0,21,0,27,0,74,0,171,0,285,0,569,0,993,0,1848,0,3350,0,5616,0,9165,0,14615,0,22860,0,34528,0,50269,0,72642,101264,0,136945,0,180754,0,231754,0,287793,0,350163,0,413693,0,475122,0,531714,0,578843,0,612165,0,627229,0,629970,0,611476,0,579029,0,532717,0,476672,0,416869,355797,0,294731,0,241123,0,193545,0,153107,0,120906,0,97424,0,81548,0,73643,0,72489,0,79068,0,92395,0,112628,0,136072,0,152124,0,146657,0,108010,0,47139,3782
0,0,0,0,0,0,0,0,0,0,0,0,0,0,0,0,0,0,0,0,0,0,0,0,0,0,0,0,0,1,0,0,0,0,0,0,2,0,4,0,7,0,16,0,38,0,69,0,165,0,289,0,519,0,986,0,1817,0,3271,0,5521,0,9102,0,14470,0,22357,0,33997,0,49490,0,71669,100222,0,135464,0,179036,0,228965,0,287301,0,347556,0,411645,0,472660,0,531314,0,578200,0,610183,0,628550,0,629304,0,612542,0,580500,0,535044,0,479415,0,419074,357385,0,296321,0,243294,0,194638,0,153968,0,121946,0,98186,0,81623,0,73996,0,72565,0,79033,0,92521,0,112709,0,135985,0,152145,0,146945,0,108328,0,47267,3788
0,0,0,0,0,0,0,0,0,0,0,0,0,0,0,0,0,0,0,0,0,0,0,0,0,0,0,0,0,1,0,0,0,0,0,0,1,0,2,0,10,0,16,0,35,0,76,0,146,0,282,0,507,0,976,0,1764,0,3148,0,5516,0,8797,0,14396,0,22080,0,33595,0,48741,0,70847,98858,0,134501,0,176738,0,227681,0,284822,0,346902,0,407644,0,471447,0,529673,0,576868,0,610175,0,628058,0,629613,0,614486,0,581796,0,536364,0,481395,0,421836,359157,0,298752,0,244315,0,196062,0,155193,0,122737,0,98761,0,82080,0,74133,0,72733,0,79328,0,92566,0,112609,0,135961,0,152081,0,147200,0,108730,0,47428,3789
0,0,0,0,0,0,0,0,0,0,0,0,0,0,0,0,0,0,0,0,0,0,0,0,0,0,0,0,0,1,0,0,0,0,0,0,0,0,5,0,7,0,20,0,23,0,82,0,156,0,271,0,474,0,1026,0,1699,0,3073,0,5382,0,8749,0,14021,0,21763,0,32884,0,48477,0,70214,97482,0,132735,0,175097,0,225564,0,282943,0,343970,0,406956,0,470105,0,527916,0,574519,0,610157,0,627552,0,631193,0,615765,0,582695,0,538516,0,483484,0,424020,360882,0,301010,0,246036,0,196773,0,156225,0,123531,0,99718,0,82464,0,74418,0,72868,0,79302,0,92678,0,112476,0,135913,0,152093,0,147629,0,109004,0,47599,3793
0,0,0,0,0,0,0,0,0,0,0,0,0,0,0,0,0,0,0,0,0,0,0,0,0,0,0,0,0,1,0,0,0,0,0,0,0,0,5,0,8,0,20,0,24,0,73,0,160,0,257,0,461,0,997,0,1708,0,2969,0,5263,0,8593,0,13818,0,21400,0,32378,0,47841,0,69730,96092,0,131607,0,173255,0,224136,0,280065,0,342016,0,405054,0,468842,0,525355,0,574069,0,608967,0,627515,0,631331,0,616845,0,584876,0,540154,0,486308,0,425406,363198,0,303703,0,246782,0,198543,0,157003,0,124231,0,100238,0,83210,0,74460,0,73217,0,79270,0,92829,0,112456,0,135757,0,152180,0,147883,0,109358,0,47698,3793
0,0,0,0,0,0,0,0,0,0,0,0,0,0,0,0,0,0,0,0,0,0,0,0,0,0,0,0,0,1,0,0,0,0,0,0,0,0,4,0,9,0,14,0,31,0,79,0,134,0,254,0,492,0,936,0,1707,0,2908,0,5117,0,8432,0,13525,0,21089,0,32110,0,47368,0,68487,95378,0,130033,0,172074,0,221146,0,279088,0,339129,0,403875,0,466198,0,524027,0,573168,0,608109,0,627766,0,631230,0,617650,0,586714,0,542106,0,488505,0,427358,365414,0,305416,0,248229,0,200137,0,158464,0,125030,0,100697,0,83526,0,74920,0,73117,0,79482,0,92693,0,112507,0,135933,0,152278,0,147933,0,109798,0,47793,3790
0,0,0,0,0,0,0,0,0,0,0,0,0,0,0,0,0,0,0,0,0,0,0,0,0,0,0,0,0,1,0,0,0,0,0,0,0,0,3,0,9,0,18,0,33,0,65,0,126,0,256,0,474,0,946,0,1646,0,2883,0,4973,0,8326,0,13304,0,20790,0,31693,0,46877,0,67387,94357,0,128322,0,170223,0,220004,0,277065,0,336626,0,401606,0,464658,0,522620,0,571571,0,607394,0,628101,0,632015,0,617837,0,588380,0,544320,0,490318,0,430068,367116,0,307417,0,249912,0,201327,0,159587,0,126337,0,100782,0,84291,0,75178,0,73267,0,79371,0,92613,0,112745,0,135674,0,152701,0,147988,0,110113,0,47901,3793
0,0,0,0,0,0,0,0,0,0,0,0,0,0,0,0,0,0,0,0,0,0,0,0,0,0,0,0,0,1,0,0,0,0,0,0,1,0,1,0,11,0,17,0,36,0,58,0,130,0,235,0,495,0,863,0,1630,0,2884,0,4842,0,8134,0,13150,0,20564,0,31193,0,45928,0,66916,93093,0,127093,0,168486,0,218414,0,274751,0,335311,0,399670,0,462084,0,520867,0,569655,0,608284,0,627733,0,632522,0,617651,0,590415,0,546109,0,493062,0,432181,368899,0,309043,0,251223,0,203027,0,160782,0,127371,0,101519,0,84435,0,75365,0,73647,0,79021,0,93023,0,112568,0,135682,0,152976,0,148167,0,110318,0,48071,3801
0,0,0,0,0,0,0,0,0,0,0,0,0,0,0,0,0,0,0,0,0,0,0,0,0,0,0,0,0,0,0,1,0,0,0,0,1,0,6,0,5,0,16,0,33,0,64,0,99,0,260,0,503,0,897,0,1522,0,2731,0,4803,0,8021,0,12827,0,20437,0,30658,0,45449,0,66058,92162,0,125508,0,166745,0,216394,0,272765,0,333911,0,397103,0,460574,0,519188,0,568354,0,606770,0,628094,0,633526,0,618786,0,591522,0,547910,0,494374,0,435020,371795,0,310649,0,253085,0,203871,0,161773,0,128009,0,102459,0,84716,0,75701,0,73800,0,79129,0,93005,0,112624,0,135522,0,153189,0,148437,0,110535,0,48214,3798
0,0,0,0,0,0,0,0,0,0,0,0,0,0,0,0,0,0,0,0,0,0,0,0,0,0,0,0,0,0,0,1,0,0,0,0,1,0,5,0,5,0,8,0,40,0,53,0,125,0,227,0,496,0,846,0,1555,0,2712,0,4714,0,7823,0,12748,0,19939,0,30480,0,44599,0,64925,91248,0,124317,0,165149,0,214441,0,270622,0,332859,0,395277,0,457765,0,517356,0,567782,0,605579,0,628518,0,633215,0,620884,0,592190,0,550426,0,495952,0,437031,374670,0,311319,0,255286,0,205188,0,163299,0,128285,0,103131,0,85243,0,75984,0,73623,0,79380,0,92990,0,112708,0,135253,0,153390,0,148780,0,110757,0,48409,3800
0,0,0,0,0,0,0,0,0,0,0,0,0,0,0,0,0,0,0,0,0,0,0,0,0,0,0,0,0,0,0,1,0,0,0,0,1,0,3,0,6,0,8,0,33,0,57,0,112,0,236,0,438,0,908,0,1513,0,2660,0,4606,0,7748,0,12487,0,19509,0,30053,0,44455,0,63809,90216,0,122791,0,164088,0,212877,0,268079,0,330818,0,393406,0,455939,0,515371,0,567263,0,605225,0,626673,0,634578,0,621619,0,593694,0,552515,0,498245,0,438876,375656,0,314402,0,256386,0,206902,0,163979,0,129738,0,103290,0,85908,0,76195,0,73673,0,79541,0,92887,0,112885,0,135392,0,153231,0,149051,0,111017,0,48561,3798
0,0,0,0,0,0,0,0,0,0,0,0,0,0,0,0,0,0,0,0,0,0,0,0,0,0,0,0,0,0,0,1,0,0,0,0,1,0,2,0,6,0,12,0,24,0,63,0,101,0,243,0,429,0,856,0,1496,0,2677,0,4537,0,7453,0,12176,0,19298,0,29652,0,44109,0,62852,88923,0,122088,0,162091,0,210953,0,267051,0,327596,0,391610,0,454055,0,513869,0,565471,0,604517,0,627074,0,635357,0,621239,0,596539,0,553667,0,501446,0,439792,378185,0,316084,0,257859,0,208263,0,165117,0,130755,0,104125,0,85971,0,76468,0,74042,0,79528,0,93164,0,112601,0,135381,0,153373,0,149448,0,111169,0,48748,3801
0,0,0,0,0,0,0,0,0,0,0,0,0,0,0,0,0,0,0,0,0,0,0,0,0,0,0,0,0,0,0,0,0,1,0,0,1,0,2,0,6,0,9,0,30,0,66,0,95,0,228,0,432,0,803,0,1525,0,2580,0,4446,0,7267,0,11890,0,19036,0,29262,0,43423,0,62072,88160,0,120820,0,160937,0,208996,0,265181,0,325367,0,389897,0,451840,0,511278,0,564941,0,603604,0,626913,0,635708,0,623218,0,597029,0,555055,0,503858,0,442207,380481,0,318127,0,259188,0,209462,0,165989,0,131425,0,105229,0,86366,0,76668,0,74235,0,79357,0,93366,0,112403,0,135612,0,153450,0,149725,0,111457,0,48882,3803
0,0,0,0,0,0,0,0,0,0,0,0,0,0,0,0,0,0,0,0,0,0,0,0,0,0,0,0,0,0,0,0,0,1,0,0,0,0,3,0,7,0,11,0,23,0,59,0,93,0,214,0,411,0,829,0,1458,0,2554,0,4327,0,7233,0,11762,0,18725,0,28791,0,42487,0,61778,86719,0,119569,0,159979,0,206760,0,263492,0,323275,0,387641,0,449186,0,510435,0,562600,0,603610,0,627009,0,635754,0,624692,0,598140,0,556903,0,505355,0,444635,382294,0,320093,0,261605,0,210226,0,167436,0,132513,0,105610,0,86989,0,76852,0,74322,0,79551,0,93303,0,112338,0,135879,0,153516,0,149800,0,111822,0,48939,3800
0,0,0,0,0,0,0,0,0,0,0,0,0,0,0,0,0,0,0,0,0,0,0,0,0,0,0,0,0,0,0,1,0,0,0,0,0,0,2,0,6,0,13,0,24,0,42,0,110,0,190,0,396,0,818,0,1464,0,2497,0,4284,0,7114,0,11503,0,18359,0,28274,0,42020,0,60840,85729,0,118368,0,158622,0,205319,0,260583,0,321224,0,385951,0,447411,0,509113,0,560515,0,602606,0,627885,0,635971,0,625449,0,598840,0,559690,0,506227,0,447463,384651,0,321774,0,263468,0,211794,0,168032,0,133689,0,106042,0,87478,0,77215,0,74669,0,79319,0,93628,0,112303,0,135741,0,153683,0,149992,0,112051,0,49152,3804
0,0,0,0,0,0,0,0,0,0,0,0,0,0,0,0,0,0,0,0,0,0,0,0,0,0,0,0,0,0,0,0,0,1,0,0,0,0,3,0,5,0,15,0,19,0,47,0,98,0,192,0,408,0,756,0,1443,0,2461,0,4185,0,6985,0,11284,0,18197,0,27746,0,41215,0,60465,84830,0,117208,0,156305,0,204120,0,259228,0,318813,0,382996,0,447785,0,505904,0,559262,0,601691,0,627111,0,636255,0,626579,0,600856,0,560873,0,509283,0,448627,385971,0,324954,0,264728,0,213123,0,169655,0,133952,0,107060,0,87921,0,77309,0,74816,0,79733,0,93239,0,112660,0,135595,0,153639,0,150435,0,112283,0,49270,3814
0,0,0,0,0,0,0,0,0,0,0,0,0,0,0,0,0,0,0,0,0,0,0,0,0,0,0,0,0,0,0,0,0,1,0,0,0,0,2,0,5,0,12,0,21,0,41,0,96,0,188,0,393,0,769,0,1393,0,2459,0,4030,0,6783,0,11402,0,17689,0,27281,0,40945,0,59591,84114,0,115286,0,155250,0,202286,0,256963,0,317371,0,381436,0,444284,0,505637,0,557543,0,600608,0,626402,0,636032,0,628292,0,602189,0,563216,0,510729,0,451536,387753,0,326465,0,266532,0,214588,0,170856,0,134899,0,107097,0,88669,0,77555,0,74964,0,80048,0,93073,0,112823,0,135621,0,153757,0,150656,0,112463,0,49496,3818
0,0,0,0,0,0,0,0,0,0,0,0,0,0,0,0,0,0,0,0,0,0,0,0,0,0,0,0,0,0,0,0,0,1,0,0,0,0,2,0,4,0,12,0,21,0,46,0,82,0,204,0,393,0,711,0,1386,0,2411,0,3933,0,6667,0,11128,0,17434,0,27047,0,40479,0,58812,83140,0,113911,0,153327,0,201273,0,254313,0,316176,0,378617,0,443526,0,502687,0,556632,0,600130,0,625760,0,637059,0,627877,0,603600,0,565978,0,512250,0,453998,389848,0,327710,0,268523,0,216248,0,172023,0,135772,0,107458,0,89154,0,77970,0,75033,0,80258,0,92987,0,112877,0,135280,0,154335,0,150613,0,112903,0,49569,3820
0,0,0,0,0,0,0,0,0,0,0,0,0,0,0,0,0,0,0,0,0,0,0,0,0,0,0,0,0,0,0,0,0,1,0,0,0,0,2,0,4,0,6,0,31,0,48,0,88,0,175,0,392,0,705,0,1323,0,2306,0,4012,0,6550,0,10803,0,17203,0,26889,0,39788,0,58241,81493,0,113442,0,151539,0,199118,0,253942,0,312801,0,376745,0,441379,0,501463,0,555549,0,598014,0,626450,0,636967,0,629263,0,604723,0,567409,0,514224,0,456406,392445,0,329244,0,270490,0,217401,0,172745,0,136694,0,108599,0,89249,0,78244,0,75332,0,80407,0,92951,0,112636,0,135334,0,154791,0,150639,0,113137,0,49755,3821
0,0,0,0,0,0,0,0,0,0,0,0,0,0,0,0,0,0,0,0,0,0,0,0,0,0,0,0,0,0,0,0,0,1,0,0,0,0,0,0,5,0,8,0,20,0,57,0,83,0,189,0,358,0,718,0,1234,0,2327,0,3818,0,6474,0,10670,0,17024,0,26365,0,39261,0,57246,81103,0,112024,0,150297,0,197258,0,251442,0,311359,0,374308,0,439332,0,500878,0,553963,0,597068,0,626236,0,636690,0,630694,0,605992,0,568607,0,517273,0,457281,395198,0,331207,0,271825,0,218902,0,173885,0,137103,0,109578,0,89820,0,78431,0,75605,0,80256,0,93135,0,112707,0,135345,0,154945,0,150879,0,113270,0,49831,3823
0,0,0,0,0,0,0,0,0,0,0,0,0,0,0,0,0,0,0,0,0,0,0,0,0,0,0,0,0,0,0,0,0,0,0,1,0,0,1,0,6,0,6,0,12,0,54,0,77,0,191,0,352,0,704,0,1227,0,2181,0,3866,0,6337,0,10399,0,16914,0,25709,0,38940,0,56715,80159,0,111040,0,149022,0,194718,0,249051,0,310242,0,373075,0,437153,0,498305,0,552273,0,595813,0,626309,0,638251,0,631223,0,607737,0,568818,0,519404,0,459869,397244,0,332578,0,273826,0,220357,0,175426,0,137891,0,109851,0,90380,0,78703,0,76072,0,80077,0,93345,0,112408,0,135595,0,154992,0,151088,0,113621,0,49980,3820
0,0,0,0,0,0,0,0,0,0,0,0,0,0,0,0,0,0,0,0,0,0,0,0,0,0,0,0,0,0,0,0,0,0,0,0,1,0,3,0,2,0,6,0,22,0,36,0,85,0,183,0,360,0,667,0,1163,0,2166,0,3758,0,6264,0,10315,0,16572,0,25372,0,38466,0,55665,79644,0,109911,0,147581,0,192817,0,247060,0,307887,0,372081,0,434114,0,496258,0,552170,0,594350,0,625694,0,638818,0,632163,0,607976,0,571791,0,520843,0,461946,399247,0,334797,0,275267,0,222206,0,175980,0,139146,0,110754,0,90624,0,79173,0,76249,0,80230,0,93341,0,112427,0,135462,0,155237,0,151393,0,113697,0,50144,3824
0,0,0,0,0,0,0,0,0,0,0,0,0,0,0,0,0,0,0,0,0,0,0,0,0,0,0,0,0,0,0,0,0,0,0,0,1,0,2,0,4,0,7,0,20,0,38,0,75,0,190,0,377,0,601,0,1159,0,2110,0,3759,0,6066,0,10320,0,16176,0,24959,0,37632,0,54988,78777,0,109172,0,145984,0,191308,0,244869,0,305772,0,369691,0,432994,0,494322,0,550928,0,594643,0,624597,0,637594,0,633357,0,610756,0,572798,0,522785,0,463738,400754,0,337294,0,276770,0,223335,0,177605,0,140023,0,111559,0,91244,0,79251,0,76094,0,80801,0,93075,0,112469,0,135712,0,155247,0,151543,0,114030,0,50206,3827
0,0,0,0,0,0,0,0,0,0,0,0,0,0,0,0,0,0,0,0,0,0,0,0,0,0,0,0,0,0,0,0,0,0,0,0,0,0,3,0,4,0,6,0,15,0,38,0,81,0,194,0,327,0,608,0,1132,0,2107,0,3611,0,6134,0,10030,0,15981,0,24517,0,37179,0,54102,77660,0,107899,0,145256,0,190164,0,243202,0,302782,0,367482,0,431748,0,492369,0,549207,0,594239,0,622836,0,638410,0,634687,0,611165,0,575026,0,524788,0,466037,403047,0,338539,0,279239,0,224437,0,178553,0,141264,0,111882,0,91763,0,79817,0,76115,0,80689,0,93298,0,112351,0,135825,0,155404,0,151770,0,114241,0,50322,3826
0,0,0,0,0,0,0,0,0,0,0,0,0,0,0,0,0,0,0,0,0,0,0,0,0,0,0,0,0,0,0,0,0,0,0,0,2,0,1,0,4,0,3,0,21,0,40,0,89,0,167,0,342,0,572,0,1137,0,2060,0,3537,0,6033,0,9897,0,15675,0,24089,0,36529,0,53679,76779,0,106428,0,143981,0,188341,0,241451,0,301294,0,365395,0,428407,0,491801,0,548099,0,591972,0,623796,0,638224,0,635191,0,613331,0,575931,0,527072,0,467855,404822,0,341036,0,280725,0,226085,0,179834,0,141820,0,112523,0,92327,0,80136,0,76272,0,80918,0,92954,0,112512,0,135753,0,155718,0,151921,0,114590,0,50420,3817
0,0,0,0,0,0,0,0,0,0,0,0,0,0,0,0,0,0,0,0,0,0,0,0,0,0,0,0,0,0,0,0,0,0,0,0,1,0,3,0,3,0,3,0,17,0,49,0,75,0,161,0,326,0,615,0,1091,0,1988,0,3489,0,5878,0,9788,0,15300,0,23897,0,36123,0,53108,75705,0,105261,0,142619,0,186643,0,239559,0,299842,0,362450,0,427492,0,489433,0,546349,0,591469,0,623805,0,637431,0,635668,0,615429,0,578161,0,528179,0,469633,407493,0,342711,0,282464,0,227638,0,181099,0,142695,0,113159,0,92599,0,80372,0,76890,0,80626,0,93049,0,112545,0,135900,0,155934,0,151996,0,114781,0,50591,3823
0,0,0,0,0,0,0,0,0,0,0,0,0,0,0,0,0,0,0,0,0,0,0,0,0,0,0,0,0,0,0,0,0,0,0,0,0,0,4,0,3,0,5,0,20,0,38,0,83,0,142,0,313,0,580,0,1122,0,1939,0,3464,0,5783,0,9525,0,15260,0,23566,0,35469,0,52322,75221,0,103837,0,141090,0,185587,0,237519,0,298045,0,359692,0,425275,0,488375,0,544350,0,591068,0,622936,0,638767,0,635001,0,616729,0,580221,0,530315,0,471910,409229,0,344642,0,283615,0,229551,0,182381,0,143725,0,113726,0,93310,0,80510,0,76863,0,80987,0,93116,0,112223,0,136208,0,155789,0,152325,0,115111,0,50694,3827
0,0,0,0,0,0,0,0,0,0,0,0,0,0,0,0,0,0,0,0,0,0,0,0,0,0,0,0,0,0,0,0,0,0,0,0,1,0,3,0,2,0,5,0,21,0,35,0,79,0,142,0,292,0,597,0,1071,0,1930,0,3375,0,5652,0,9437,0,14852,0,23328,0,35073,0,51542,74382,0,102784,0,140009,0,183709,0,236217,0,294788,0,358538,0,423269,0,485854,0,543750,0,590206,0,622238,0,638526,0,636037,0,617918,0,581474,0,531921,0,475115,410488,0,347348,0,285157,0,230678,0,183296,0,145125,0,114449,0,93611,0,81029,0,76924,0,80741,0,93491,0,112001,0,136590,0,155665,0,152550,0,115370,0,50902,3821
0,0,0,0,0,0,0,0,0,0,0,0,0,0,0,0,0,0,0,0,0,0,0,0,0,0,0,0,0,0,0,0,0,0,0,0,1,0,2,0,5,0,9,0,12,0,31,0,75,0,139,0,283,0,570,0,1093,0,1891,0,3327,0,5660,0,9046,0,14788,0,22863,0,34718,0,50959,73188,0,101902,0,138299,0,182169,0,235478,0,292715,0,356024,0,421133,0,484523,0,542120,0,589521,0,621062,0,638618,0,637334,0,617436,0,584649,0,533594,0,477004,412523,0,349434,0,286986,0,231913,0,184853,0,145733,0,115298,0,94069,0,81303,0,76946,0,80866,0,93559,0,112079,0,136647,0,155603,0,152983,0,115479,0,51063,3830
0,0,0,0,0,0,0,0,0,0,0,0,0,0,0,0,0,0,0,0,0,0,0,0,0,0,0,0,0,0,0,0,0,0,0,0,1,0,3,0,0,0,10,0,16,0,32,0,66,0,153,0,282,0,521,0,1056,0,1822,0,3332,0,5457,0,9085,0,14514,0,22579,0,34085,0,50341,72545,0,100676,0,136938,0,180987,0,233271,0,290454,0,354562,0,418569,0,482811,0,541409,0,588123,0,620943,0,638335,0,637858,0,619719,0,585056,0,536361,0,478067,414657,0,351346,0,289253,0,233060,0,186297,0,146360,0,115950,0,94627,0,81669,0,77153,0,81133,0,93284,0,112247,0,136782,0,155675,0,153108,0,115679,0,51248,3841
0,0,0,0,0,0,0,0,0,0,0,0,0,0,0,0,0,0,0,0,0,0,0,0,0,0,0,0,0,0,0,0,0,0,0,0,2,0,1,0,2,0,7,0,15,0,33,0,66,0,138,0,296,0,502,0,1003,0,1889,0,3177,0,5544,0,8775,0,14219,0,22275,0,33706,0,49823,71472,0,99774,0,135440,0,179341,0,231787,0,289032,0,351052,0,417221,0,481944,0,539329,0,586629,0,620942,0,638476,0,638435,0,620236,0,586882,0,539360,0,478761,417031,0,353509,0,290799,0,235214,0,187262,0,147032,0,116807,0,94732,0,82493,0,77311,0,80902,0,93262,0,112270,0,136734,0,156082,0,153234,0,115985,0,51318,3845
0,0,0,0,0,0,0,0,0,0,0,0,0,0,0,0,0,0,0,0,0,0,0,0,0,0,0,0,0,0,0,0,0,0,0,0,1,0,2,0,1,0,7,0,15,0,31,0,62,0,144,0,273,0,509,0,958,0,1844,0,3199,0,5270,0,8740,0,13899,0,21872,0,33520,0,49001,70794,0,98744,0,134197,0,177598,0,229352,0,287553,0,349528,0,415400,0,479391,0,537612,0,586041,0,620653,0,638383,0,639569,0,621205,0,588145,0,540389,0,482468,418338,0,355269,0,292996,0,236552,0,188155,0,148120,0,117581,0,95266,0,82850,0,77609,0,80914,0,93255,0,112337,0,136654,0,156269,0,153344,0,116211,0,51473,3845
0,0,0,0,0,0,0,0,0,0,0,0,0,0,0,0,0,0,0,0,0,0,0,0,0,0,0,0,0,0,0,0,0,0,0,0,0,0,2,0,3,0,5,0,15,0,31,0,57,0,149,0,277,0,508,0,978,0,1774,0,3119,0,5220,0,8612,0,13816,0,21468,0,32840,0,48830,69608,0,97553,0,132585,0,176701,0,226988,0,285806,0,347994,0,412747,0,478278,0,535763,0,584784,0,620838,0,637844,0,640202,0,622176,0,590201,0,541638,0,485306,420568,0,356786,0,294384,0,238842,0,188652,0,149132,0,118238,0,95970,0,83259,0,77909,0,80676,0,93547,0,112076,0,136913,0,156081,0,153754,0,116457,0,51611,3837
0,0,0,0,0,0,0,0,0,0,0,0,0,0,0,0,0,0,0,0,0,0,0,0,0,0,0,0,0,0,0,0,0,0,0,0,0,0,3,0,5,0,3,0,11,0,30,0,61,0,139,0,276,0,495,0,949,0,1780,0,3044,0,5121,0,8346,0,13589,0,21317,0,32215,0,48022,69113,0,96405,0,131549,0,174727,0,226240,0,282600,0,346041,0,411689,0,474990,0,535041,0,584198,0,620282,0,637743,0,640123,0,625502,0,589755,0,544184,0,486589,423243,0,358601,0,296314,0,240171,0,190223,0,149756,0,119102,0,96222,0,83657,0,78194,0,80655,0,93407,0,112234,0,137042,0,156041,0,154149,0,116674,0,51704,3842
0,0,0,0,0,0,0,0,0,0,0,0,0,0,0,0,0,0,0,0,0,0,0,0,0,0,0,0,0,0,0,0,0,0,0,0,1,0,3,0,1,0,9,0,9,0,21,0,71,0,130,0,270,0,492,0,945,0,1666,0,3065,0,4956,0,8321,0,13364,0,20791,0,32139,0,47070,68023,0,96142,0,130426,0,173178,0,223598,0,281151,0,344157,0,408806,0,473191,0,534188,0,583092,0,619310,0,638886,0,640626,0,625729,0,592262,0,544696,0,489258,424980,0,361008,0,298278,0,241257,0,191463,0,150808,0,119711,0,97137,0,83770,0,78165,0,81170,0,93091,0,112329,0,136976,0,156324,0,154371,0,116779,0,51900,3848
0,0,0,0,0,0,0,0,0,0,0,0,0,0,0,0,0,0,0,0,0,0,0,0,0,0,0,0,0,0,0,0,0,0,0,0,1,0,2,0,2,0,6,0,10,0,26,0,65,0,141,0,247,0,501,0,890,0,1633,0,2974,0,4882,0,8232,0,13288,0,20460,0,31517,0,46568,67351,0,94588,0,129696,0,171324,0,222245,0,278973,0,341816,0,407362,0,471663,0,532361,0,581577,0,618924,0,639211,0,640367,0,627101,0,593572,0,547077,0,491832,426815,0,362275,0,300656,0,242418,0,192999,0,151404,0,120599,0,97782,0,83868,0,78449,0,81379,0,93125,0,112150,0,137226,0,156427,0,154353,0,117089,0,52056,3853
0,0,0,0,0,0,0,0,0,0,0,0,0,0,0,0,0,0,0,0,0,0,0,0,0,0,0,0,0,0,0,0,0,0,0,0,0,0,2,0,3,0,3,0,8,0,39,0,54,0,137,0,252,0,464,0,911,0,1661,0,2810,0,4885,0,8068,0,13048,0,20080,0,31122,0,46311,66101,0,93719,0,128177,0,170799,0,219432,0,277384,0,340445,0,405516,0,469574,0,529403,0,580866,0,619002,0,638985,0,641241,0,627787,0,594924,0,549267,0,493337,429050,0,364891,0,301632,0,243941,0,194588,0,152597,0,121219,0,98350,0,84143,0,78550,0,81476,0,93083,0,112607,0,137032,0,156410,0,154527,0,117399,0,52243,3853
0,0,0,0,0,0,0,0,0,0,0,0,0,0,0,0,0,0,0,0,0,0,0,0,0,0,0,0,0,0,0,0,0,0,0,0,0,0,2,0,3,0,2,0,11,0,38,0,54,0,122,0,249,0,434,0,913,0,1606,0,2751,0,4815,0,8020,0,12863,0,19998,0,30369,0,45484,66047,0,92583,0,126456,0,169078,0,218138,0,274893,0,338726,0,402969,0,468171,0,528009,0,580049,0,617761,0,639714,0,642065,0,628523,0,596624,0,551256,0,494696,431106,0,366834,0,303601,0,245451,0,195927,0,153592,0,121764,0,98893,0,84670,0,78591,0,81556,0,93171,0,112474,0,137040,0,156713,0,154639,0,117534,0,52507,3853
0,0,0,0,0,0,0,0,0,0,0,0,0,0,0,0,0,0,0,0,0,0,0,0,0,0,0,0,0,0,0,0,0,0,0,0,0,0,2,0,3,0,4,0,11,0,36,0,49,0,132,0,216,0,438,0,891,0,1538,0,2748,0,4738,0,7776,0,12617,0,19814,0,29952,0,44876,65267,0,91513,0,125347,0,167203,0,216990,0,272675,0,337228,0,401379,0,465002,0,526555,0,578838,0,617121,0,639521,0,643980,0,629354,0,597929,0,553206,0,496729,431973,0,369970,0,304623,0,247293,0,197085,0,154849,0,122303,0,99391,0,84958,0,79012,0,81543,0,93173,0,112650,0,136978,0,156931,0,154756,0,117608,0,52780,3854
0,0,0,0,0,0,0,0,0,0,0,0,0,0,0,0,0,0,0,0,0,0,0,0,0,0,0,0,0,0,0,0,0,0,0,0,0,0,2,0,2,0,5,0,9,0,27,0,61,0,118,0,224,0,448,0,839,0,1539,0,2730,0,4671,0,7641,0,12436,0,19356,0,29639,0,44434,64296,0,90677,0,123941,0,165764,0,215142,0,271808,0,334080,0,399459,0,463773,0,524717,0,577512,0,616481,0,639933,0,643564,0,630299,0,600212,0,554986,0,498552,434450,0,371248,0,307006,0,248570,0,198329,0,156205,0,122340,0,100239,0,85298,0,79084,0,81755,0,93031,0,112867,0,136942,0,156963,0,154940,0,117916,0,52986,3862
0,0,0,0,0,0,0,0,0,0,0,0,0,0,0,0,0,0,0,0,0,0,0,0,0,0,0,0,0,0,0,0,0,0,0,0,0,0,2,0,3,0,5,0,9,0,25,0,59,0,117,0,213,0,447,0,840,0,1443,0,2650,0,4637,0,7491,0,12209,0,19108,0,29328,0,43591,63771,0,89804,0,122473,0,164448,0,212887,0,270683,0,331234,0,397628,0,463780,0,522199,0,575531,0,617174,0,639212,0,643680,0,631117,0,602037,0,557061,0,500123,437372,0,372620,0,308857,0,249710,0,199794,0,157040,0,123376,0,100638,0,85651,0,79377,0,81640,0,93135,0,112812,0,136917,0,157045,0,155181,0,118265,0,53102,3857
0,0,0,0,0,0,0,0,0,0,0,0,0,0,0,0,0,0,0,0,0,0,0,0,0,0,0,0,0,0,0,0,0,0,0,0,0,0,1,0,6,0,4,0,9,0,20,0,70,0,108,0,205,0,448,0,796,0,1450,0,2643,0,4496,0,7363,0,12036,0,18947,0,28794,0,43295,62808,0,88659,0,121846,0,162537,0,211895,0,267264,0,330466,0,395393,0,461754,0,521995,0,572579,0,616606,0,639212,0,644719,0,632340,0,602326,0,558652,0,502836,440030,0,373464,0,310792,0,251954,0,200449,0,158446,0,124370,0,100768,0,86071,0,79750,0,81545,0,93326,0,112945,0,136849,0,156959,0,155540,0,118567,0,53159,3846
0,0,0,0,0,0,0,0,0,0,0,0,0,0,0,0,0,0,0,0,0,0,0,0,0,0,0,0,0,0,0,0,0,0,0,0,0,0,0,0,5,0,6,0,9,0,18,0,49,0,129,0,205,0,446,0,760,0,1384,0,2631,0,4398,0,7334,0,11910,0,18427,0,28599,0,42515,62162,0,87570,0,120642,0,161075,0,210026,0,265860,0,328350,0,394459,0,458547,0,520108,0,572436,0,614886,0,640094,0,644717,0,633486,0,603549,0,561021,0,504319,442698,0,375089,0,312396,0,253309,0,201787,0,159431,0,125432,0,101098,0,86336,0,80128,0,81721,0,93294,0,113076,0,136879,0,156864,0,155810,0,118785,0,53289,3854
0,0,0,0,0,0,0,0,0,0,0,0,0,0,0,0,0,0,0,0,0,0,0,0,0,0,0,0,0,0,0,0,0,0,0,0,0,0,1,0,2,0,6,0,11,0,24,0,51,0,98,0,237,0,412,0,717,0,1412,0,2475,0,4488,0,7290,0,11505,0,18343,0,28152,0,41889,61446,0,86460,0,119345,0,159742,0,208477,0,263952,0,326689,0,392135,0,456884,0,518399,0,572431,0,613091,0,639149,0,646163,0,634499,0,605063,0,562620,0,505963,444517,0,377637,0,314064,0,254833,0,203396,0,159977,0,126337,0,101663,0,86473,0,80348,0,82092,0,93331,0,113070,0,136705,0,157161,0,155928,0,119011,0,53376,3868
0,0,0,0,0,0,0,0,0,0,0,0,0,0,0,0,0,0,0,0,0,0,0,0,0,0,0,0,0,0,0,0,0,0,0,0,1,0,0,0,2,0,5,0,9,0,28,0,48,0,107,0,200,0,409,0,728,0,1341,0,2537,0,4260,0,7118,0,11451,0,18027,0,27726,0,41388,60592,0,85659,0,118294,0,158501,0,206375,0,262724,0,324615,0,389225,0,455802,0,516160,0,570852,0,613345,0,638370,0,646918,0,635816,0,607437,0,562813,0,508939,445051,0,381231,0,315356,0,256067,0,204397,0,161205,0,127229,0,102186,0,86817,0,80669,0,82178,0,93376,0,113094,0,136982,0,156863,0,156308,0,119105,0,53601,3871
0,0,0,0,0,0,0,0,0,0,0,0,0,0,0,0,0,0,0,0,0,0,0,0,0,0,0,0,0,0,0,0,0,0,0,0,1,0,0,0,2,0,9,0,7,0,24,0,58,0,91,0,203,0,400,0,743,0,1329,0,2385,0,4306,0,6970,0,11266,0,17764,0,27168,0,41052,59616,0,85219,0,117102,0,156559,0,205192,0,260630,0,322076,0,387740,0,453105,0,516707,0,568519,0,612732,0,638679,0,647020,0,636433,0,609525,0,564073,0,510324,447877,0,382476,0,318105,0,257116,0,205656,0,162070,0,127809,0,103062,0,87368,0,80407,0,82353,0,93622,0,112930,0,137032,0,156974,0,156550,0,119348,0,53758,3866
0,0,0,0,0,0,0,0,0,0,0,0,0,0,0,0,0,0,0,0,0,0,0,0,0,0,0,0,0,0,0,0,0,0,0,0,0,0,1,0,1,0,7,0,12,0,17,0,50,0,104,0,205,0,387,0,748,0,1331,0,2300,0,4154,0,6839,0,11312,0,17314,0,26755,0,40549,58988,0,83863,0,115975,0,155643,0,202711,0,258408,0,321189,0,385911,0,451650,0,514615,0,567492,0,611529,0,638981,0,647231,0,637955,0,609185,0,566501,0,512859,449821,0,384481,0,319991,0,258646,0,207189,0,162699,0,128382,0,104001,0,87504,0,80909,0,82098,0,93516,0,113101,0,136962,0,157177,0,156884,0,119559,0,53839,3877
0,0,0,0,0,0,0,0,0,0,0,0,0,0,0,0,0,0,0,0,0,0,0,0,0,0,0,0,0,0,0,0,0,0,0,0,0,0,0,0,2,0,5,0,13,0,17,0,38,0,116,0,198,0,398,0,713,0,1312,0,2281,0,4034,0,6794,0,11021,0,17251,0,26318,0,39605,58516,0,83284,0,114090,0,154941,0,200990,0,257054,0,319014,0,384030,0,449429,0,511991,0,567942,0,610353,0,638643,0,647391,0,638313,0,611708,0,567376,0,514870,452297,0,385399,0,322261,0,261119,0,207873,0,163688,0,129351,0,104349,0,88157,0,80714,0,82428,0,93612,0,112953,0,137089,0,157136,0,157297,0,119759,0,54002,3873
0,0,0,0,0,0,0,0,0,0,0,0,0,0,0,0,0,0,0,0,0,0,0,0,0,0,0,0,0,0,0,0,0,0,0,0,0,0,0,0,2,0,5,0,8,0,22,0,40,0,90,0,237,0,390,0,657,0,1271,0,2294,0,3945,0,6731,0,10870,0,16821,0,26030,0,39146,57978,0,81650,0,113488,0,153305,0,199935,0,255142,0,316310,0,382803,0,447396,0,510742,0,565848,0,609419,0,638477,0,647731,0,639476,0,612724,0,570989,0,516028,453329,0,388491,0,323065,0,263246,0,209032,0,164632,0,130365,0,104794,0,88422,0,81117,0,82291,0,93898,0,112751,0,136742,0,157674,0,157805,0,119750,0,54122,3882
0,0,0,0,0,0,0,0,0,0,0,0,0,0,0,0,0,0,0,0,0,0,0,0,0,0,0,0,0,0,0,0,0,0,0,0,0,0,1,0,1,0,5,0,7,0,21,0,36,0,96,0,205,0,399,0,633,0,1301,0,2190,0,3856,0,6533,0,10740,0,16594,0,25735,0,38964,57127,0,80746,0,112242,0,151517,0,198015,0,253842,0,314878,0,379987,0,446202,0,508541,0,565687,0,607660,0,638588,0,648490,0,639817,0,614505,0,572566,0,517908,455076,0,390230,0,325819,0,264261,0,210378,0,165866,0,131119,0,105017,0,88737,0,81407,0,82467,0,93899,0,112723,0,136992,0,157572,0,157930,0,120114,0,54278,3888
0,0,0,0,0,0,0,0,0,0,0,0,0,0,0,0,0,0,0,0,0,0,0,0,0,0,0,0,0,0,0,0,0,0,0,0,0,0,1,0,1,0,3,0,8,0,14,0,51,0,83,0,196,0,397,0,631,0,1281,0,2206,0,3734,0,6430,0,10381,0,16671,0,25335,0,38213,56651,0,80002,0,110868,0,150137,0,197084,0,251671,0,312613,0,377219,0,444036,0,508234,0,564561,0,606817,0,637122,0,649180,0,641044,0,615371,0,575408,0,519972,456858,0,391840,0,327457,0,265658,0,212213,0,166881,0,132175,0,105347,0,89004,0,81755,0,82599,0,93914,0,112478,0,136780,0,158049,0,157905,0,120526,0,54446,3897
0,0,0,0,0,0,0,0,0,0,0,0,0,0,0,0,0,0,0,0,0,0,0,0,0,0,0,0,0,0,0,0,0,0,0,0,0,0,1,0,1,0,2,0,9,0,16,0,53,0,92,0,176,0,372,0,657,0,1241,0,2117,0,3725,0,6317,0,10377,0,16142,0,25170,0,38012,55672,0,78776,0,110202,0,148759,0,195215,0,249742,0,310435,0,376014,0,441937,0,506395,0,564059,0,605532,0,636953,0,648845,0,642361,0,617128,0,576963,0,521819,458504,0,394471,0,328536,0,267674,0,213182,0,167922,0,132886,0,106196,0,89285,0,81774,0,83095,0,93702,0,112483,0,136870,0,157927,0,158370,0,120847,0,54494,3903
0,0,0,0,0,0,0,0,0,0,0,0,0,0,0,0,0,0,0,0,0,0,0,0,0,0,0,0,0,0,0,0,0,0,0,0,1,0,1,0,0,0,3,0,7,0,22,0,37,0,99,0,174,0,358,0,662,0,1193,0,2130,0,3658,0,6124,0,10175,0,16125,0,24790,0,37563,54764,0,78232,0,108779,0,147853,0,193221,0,247997,0,308435,0,373960,0,439788,0,505487,0,562224,0,605422,0,636254,0,649396,0,643802,0,617596,0,578835,0,523217,462037,0,395034,0,330720,0,268807,0,214782,0,169049,0,133612,0,106831,0,89586,0,81930,0,83130,0,94121,0,112279,0,136744,0,158102,0,158611,0,121094,0,54654,3901
0,0,0,0,0,0,0,0,0,0,0,0,0,0,0,0,0,0,0,0,0,0,0,0,0,0,0,0,0,0,0,0,0,0,0,0,0,0,2,0,0,0,4,0,8,0,14,0,43,0,85,0,196,0,329,0,634,0,1173,0,2107,0,3552,0,6081,0,9961,0,15792,0,24569,0,37137,54061,0,77043,0,107722,0,146344,0,192075,0,246124,0,306363,0,371458,0,439435,0,502673,0,560929,0,605674,0,635112,0,650774,0,643571,0,620125,0,579074,0,526224,463265,0,397246,0,332057,0,270429,0,215951,0,170486,0,134461,0,107565,0,89747,0,82048,0,83353,0,94195,0,112664,0,136245,0,158619,0,158539,0,121295,0,54881,3894
0,0,0,0,0,0,0,0,0,0,0,0,0,0,0,0,0,0,0,0,0,0,0,0,0,0,0,0,0,0,0,0,0,0,0,0,0,0,2,0,2,0,1,0,5,0,23,0,32,0,87,0,194,0,304,0,643,0,1133,0,2030,0,3490,0,6074,0,9707,0,15673,0,24130,0,36407,53506,0,76621,0,106552,0,145170,0,190566,0,244137,0,304798,0,369055,0,437732,0,501223,0,559135,0,605195,0,635608,0,649690,0,644570,0,620795,0,581082,0,528475,466105,0,398131,0,334223,0,272845,0,216501,0,171258,0,135377,0,107886,0,90256,0,82269,0,83582,0,94207,0,112607,0,136681,0,158443,0,158557,0,121706,0,55032,3895
0,0,0,0,0,0,0,0,0,0,0,0,0,0,0,0,0,0,0,0,0,0,0,0,0,0,0,0,0,0,0,0,0,0,0,0,0,0,3,0,1,0,2,0,10,0,11,0,30,0,87,0,197,0,300,0,609,0,1121,0,2019,0,3427,0,5976,0,9639,0,15343,0,23920,0,35788,53070,0,75440,0,105851,0,143434,0,189528,0,241891,0,302784,0,367694,0,435331,0,500000,0,557566,0,603612,0,635478,0,650930,0,645276,0,622376,0,581422,0,530756,467601,0,401128,0,335917,0,273767,0,218276,0,172463,0,136061,0,108540,0,90861,0,82304,0,83795,0,93965,0,112744,0,136702,0,158627,0,158713,0,122064,0,55062,3896
0,0,0,0,0,0,0,0,0,0,0,0,0,0,0,0,0,0,0,0,0,0,0,0,0,0,0,0,0,0,0,0,0,0,0,0,0,0,1,0,2,0,3,0,6,0,19,0,41,0,71,0,183,0,306,0,615,0,1084,0,1931,0,3425,0,5797,0,9503,0,15241,0,23333,0,35699,52287,0,74785,0,104638,0,142046,0,187058,0,240979,0,301107,0,365251,0,434019,0,497663,0,556438,0,602517,0,635539,0,650471,0,647685,0,621964,0,584570,0,531285,470090,0,402505,0,338320,0,275513,0,219638,0,173841,0,136761,0,108986,0,90941,0,82982,0,83619,0,94073,0,112701,0,136912,0,158581,0,158978,0,122251,0,55253,3901
0,0,0,0,0,0,0,0,0,0,0,0,0,0,0,0,0,0,0,0,0,0,0,0,0,0,0,0,0,0,0,0,0,0,0,0,0,0,1,0,1,0,3,0,9,0,22,0,31,0,68,0,170,0,295,0,592,0,1070,0,1871,0,3438,0,5543,0,9376,0,15078,0,23082,0,35210,51280,0,74208,0,103634,0,140883,0,185875,0,238352,0,298786,0,364650,0,430983,0,496868,0,554736,0,602190,0,635563,0,649950,0,648011,0,624310,0,585861,0,533193,471814,0,404587,0,340151,0,276817,0,221241,0,174695,0,137574,0,109473,0,91713,0,83062,0,83855,0,93763,0,112793,0,136999,0,158897,0,158931,0,122542,0,55411,3897
0,0,0,0,0,0,0,0,0,0,0,0,0,0,0,0,0,0,0,0,0,0,0,0,0,0,0,0,0,0,0,0,0,0,0,0,0,0,0,0,2,0,2,0,10,0,17,0,38,0,65,0,163,0,301,0,539,0,1080,0,1931,0,3236,0,5489,0,9120,0,14801,0,22947,0,34674,51052,0,73331,0,102339,0,139347,0,184465,0,236915,0,297275,0,362139,0,429348,0,494805,0,553620,0,601219,0,634128,0,651591,0,649750,0,624808,0,586553,0,535563,473882,0,406706,0,341233,0,278556,0,222660,0,175926,0,138177,0,110355,0,91820,0,83499,0,83582,0,94151,0,112939,0,136880,0,159027,0,159091,0,122809,0,55548,3904
0,0,0,0,0,0,0,0,0,0,0,0,0,0,0,0,0,0,0,0,0,0,0,0,0,0,0,0,0,0,0,0,0,0,0,0,0,0,0,0,2,0,2,0,12,0,16,0,31,0,65,0,141,0,302,0,579,0,1040,0,1906,0,3136,0,5464,0,9180,0,14268,0,22819,0,34060,50710,0,72439,0,101448,0,138065,0,182348,0,235878,0,294851,0,360153,0,427191,0,493609,0,552284,0,599508,0,634916,0,652175,0,648935,0,627586,0,587766,0,537281,475645,0,408883,0,342509,0,280613,0,224160,0,176839,0,138987,0,110718,0,92477,0,83502,0,83599,0,94280,0,112973,0,137401,0,158427,0,159607,0,123075,0,55642,3905
0,0,0,0,0,0,0,0,0,0,0,0,0,0,0,0,0,0,0,0,0,0,0,0,0,0,0,0,0,0,0,0,0,0,0,0,0,0,0,0,2,0,3,0,10,0,20,0,27,0,74,0,134,0,293,0,576,0,994,0,1793,0,3195,0,5457,0,8854,0,14197,0,22316,0,33872,49744,0,71559,0,100826,0,136459,0,181189,0,234203,0,292815,0,358429,0,425310,0,491519,0,550859,0,598903,0,634447,0,651408,0,649879,0,629063,0,590333,0,538954,477113,0,411171,0,344729,0,281366,0,225538,0,178288,0,139898,0,111259,0,92943,0,83593,0,83785,0,94248,0,112967,0,137529,0,158435,0,159794,0,123337,0,55795,3904
0,0,0,0,0,0,0,0,0,0,0,0,0,0,0,0,0,0,0,0,0,0,0,0,0,0,0,0,0,0,0,0,0,0,0,0,0,0,1,0,1,0,4,0,9,0,16,0,36,0,65,0,134,0,262,0,575,0,973,0,1780,0,3131,0,5372,0,8700,0,14154,0,21988,0,33203,49086,0,71294,0,99304,0,134688,0,180273,0,232150,0,291927,0,356213,0,423543,0,489581,0,548447,0,598434,0,633760,0,651964,0,650646,0,630293,0,592497,0,540291,478664,0,413656,0,346396,0,283414,0,226960,0,178805,0,141209,0,111970,0,93119,0,83619,0,84234,0,94047,0,113185,0,137418,0,158573,0,159830,0,123575,0,56037,3902
0,0,0,0,0,0,0,0,0,0,0,0,0,0,0,0,0,0,0,0,0,0,0,0,0,0,0,0,0,0,0,0,0,0,0,0,1,0,0,0,2,0,3,0,10,0,15,0,34,0,63,0,133,0,267,0,512,0,990,0,1736,0,3077,0,5222,0,8674,0,14043,0,21630,0,32492,48782,0,70323,0,98720,0,134156,0,177826,0,231008,0,288730,0,355587,0,421588,0,488170,0,546928,0,596797,0,633181,0,652148,0,651671,0,630709,0,594759,0,541989,480587,0,415942,0,348301,0,284573,0,227807,0,180502,0,142100,0,112497,0,93385,0,83847,0,84627,0,93960,0,112982,0,137671,0,158766,0,160003,0,123857,0,56127,3898
0,0,0,0,0,0,0,0,0,0,0,0,0,0,0,0,0,0,0,0,0,0,0,0,0,0,0,0,0,0,0,0,0,0,0,0,1,0,1,0,1,0,2,0,9,0,20,0,35,0,61,0,143,0,254,0,488,0,986,0,1730,0,2959,0,5213,0,8457,0,13877,0,21273,0,32362,48214,0,68773,0,98020,0,133172,0,176574,0,228895,0,287699,0,352734,0,420003,0,486043,0,545585,0,596391,0,632481,0,651849,0,652336,0,632640,0,596295,0,543264,483310,0,417075,0,350786,0,286089,0,229145,0,181506,0,142873,0,113090,0,94186,0,83716,0,84887,0,93795,0,112976,0,138010,0,158673,0,160172,0,124135,0,56241,3903
0,0,0,0,0,0,0,0,0,0,0,0,0,0,0,0,0,0,0,0,0,0,0,0,0,0,0,0,0,0,0,0,0,0,0,0,1,0,1,0,1,0,4,0,6,0,20,0,34,0,62,0,137,0,254,0,474,0,932,0,1712,0,2934,0,5137,0,8360,0,13543,0,20952,0,32168,47424,0,68526,0,96477,0,132325,0,175271,0,226840,0,286107,0,350839,0,418069,0,484862,0,543901,0,595731,0,631538,0,651968,0,652273,0,634571,0,597129,0,545717,484612,0,419466,0,352501,0,287896,0,230750,0,181853,0,143955,0,113752,0,94796,0,83789,0,85116,0,93846,0,112800,0,138070,0,158955,0,160257,0,124359,0,56430,3905
0,0,0,0,0,0,0,0,0,0,0,0,0,0,0,0,0,0,0,0,0,0,0,0,0,0,0,0,0,0,0,0,0,0,0,0,0,0,1,0,1,0,6,0,7,0,18,0,35,0,64,0,112,0,270,0,473,0,870,0,1678,0,2891,0,5045,0,8204,0,13404,0,20669,0,31489,46860,0,68101,0,95922,0,130453,0,174399,0,224818,0,283607,0,349331,0,415940,0,482793,0,543680,0,593014,0,632155,0,651822,0,653719,0,635123,0,598957,0,546940,487203,0,422403,0,353125,0,289525,0,231812,0,183599,0,144604,0,114524,0,94803,0,84346,0,85186,0,93925,0,112720,0,138015,0,159246,0,160408,0,124617,0,56578,3898
0,0,0,0,0,0,0,0,0,0,0,0,0,0,0,0,0,0,0,0,0,0,0,0,0,0,0,0,0,0,0,0,0,0,0,0,0,0,1,0,3,0,2,0,9,0,14,0,36,0,70,0,128,0,230,0,485,0,865,0,1639,0,2863,0,4861,0,8220,0,12980,0,20545,0,31056,46367,0,67366,0,94719,0,129326,0,172976,0,222952,0,282358,0,346687,0,414082,0,480898,0,542292,0,593287,0,630948,0,652579,0,653213,0,636755,0,600433,0,549094,488587,0,424255,0,355229,0,291075,0,233387,0,184668,0,145180,0,115369,0,94984,0,84798,0,85444,0,93875,0,112585,0,138123,0,159540,0,160635,0,124753,0,56684,3898
0,0,0,0,0,0,0,0,0,0,0,0,0,0,0,0,0,0,0,0,0,0,0,0,0,0,0,0,0,0,0,0,0,0,0,0,0,0,0,0,3,0,2,0,9,0,13,0,35,0,68,0,113,0,264,0,433,0,872,0,1575,0,2832,0,4792,0,7994,0,12998,0,20027,0,31042,45637,0,66414,0,93741,0,128080,0,171350,0,222021,0,280393,0,344589,0,411978,0,479602,0,540412,0,592879,0,630293,0,652709,0,653616,0,637858,0,601421,0,551289,490982,0,425083,0,357623,0,293104,0,234615,0,185381,0,146173,0,116138,0,95486,0,85305,0,85152,0,94255,0,112602,0,137940,0,159659,0,160889,0,124912,0,56854,3901
0,0,0,0,0,0,0,0,0,0,0,0,0,0,0,0,0,0,0,0,0,0,0,0,0,0,0,0,0,0,0,0,0,0,0,0,0,0,2,0,1,0,5,0,7,0,15,0,30,0,59,0,129,0,231,0,456,0,808,0,1536,0,2741,0,4714,0,7965,0,12764,0,19927,0,30286,45112,0,66025,0,92599,0,127203,0,169031,0,221218,0,278167,0,343124,0,410176,0,477207,0,539234,0,591266,0,630821,0,652347,0,654393,0,638867,0,603644,0,552414,492431,0,427745,0,359474,0,294282,0,235976,0,186735,0,147042,0,116560,0,96081,0,85690,0,85178,0,94334,0,112434,0,138110,0,159935,0,160732,0,125200,0,57053,3892
0,0,0,0,0,0,0,0,0,0,0,0,0,0,0,0,0,0,0,0,0,0,0,0,0,0,0,0,0,0,0,0,0,0,0,0,0,0,1,0,1,0,8,0,6,0,10,0,30,0,45,0,134,0,227,0,447,0,821,0,1487,0,2599,0,4666,0,7863,0,12570,0,19663,0,29942,44735,0,64933,0,91943,0,125263,0,168364,0,218851,0,276513,0,341572,0,408750,0,474842,0,538129,0,590281,0,630102,0,652593,0,656100,0,639439,0,604379,0,554457,494625,0,428762,0,361854,0,295748,0,237390,0,187708,0,148408,0,117155,0,96199,0,85884,0,85430,0,94507,0,112293,0,138131,0,159905,0,161105,0,125481,0,57161,3896
0,0,0,0,0,0,0,0,0,0,0,0,0,0,0,0,0,0,0,0,0,0,0,0,0,0,0,0,0,0,0,0,0,0,0,0,0,0,0,0,2,0,7,0,5,0,16,0,25,0,53,0,116,0,230,0,444,0,789,0,1437,0,2567,0,4603,0,7850,0,12278,0,19194,0,29717,44210,0,64184,0,90772,0,123916,0,167334,0,217224,0,275168,0,339819,0,406307,0,473077,0,536196,0,590520,0,628415,0,652939,0,656480,0,640528,0,606286,0,556523,496060,0,430966,0,363442,0,297125,0,239447,0,188734,0,149011,0,117546,0,96884,0,86128,0,85657,0,94427,0,112174,0,138278,0,160233,0,161235,0,125597,0,57334,3899
0,0,0,0,0,0,0,0,0,0,0,0,0,0,0,0,0,0,0,0,0,0,0,0,0,0,0,0,0,0,0,0,0,0,0,0,0,0,1,0,1,0,5,0,9,0,9,0,29,0,46,0,114,0,227,0,414,0,785,0,1402,0,2548,0,4557,0,7648,0,12128,0,19004,0,29234,43693,0,63242,0,89753,0,123439,0,165123,0,216147,0,273321,0,337357,0,404545,0,471879,0,534776,0,588574,0,628225,0,652713,0,657426,0,641563,0,608487,0,557919,498214,0,432751,0,365234,0,298997,0,240486,0,190384,0,149389,0,118179,0,97089,0,86758,0,85541,0,94509,0,112276,0,138423,0,160070,0,161701,0,125608,0,57563,3893
0,0,0,0,0,0,0,0,0,0,0,0,0,0,0,0,0,0,0,0,0,0,0,0,0,0,0,0,0,0,0,0,0,0,0,0,0,0,0,0,1,0,3,0,12,0,9,0,28,0,55,0,106,0,221,0,402,0,761,0,1431,0,2506,0,4494,0,7536,0,11936,0,18774,0,28723,43441,0,62220,0,88741,0,122612,0,164259,0,213769,0,272229,0,334250,0,403747,0,470236,0,533277,0,587043,0,627546,0,652873,0,657348,0,642537,0,610094,0,559261,500940,0,434548,0,366893,0,300830,0,242288,0,191225,0,150551,0,118506,0,97631,0,86855,0,85756,0,94637,0,112493,0,138286,0,160031,0,162016,0,125833,0,57710,3898
0,0,0,0,0,0,0,0,0,0,0,0,0,0,0,0,0,0,0,0,0,0,0,0,0,0,0,0,0,0,0,0,0,0,0,0,0,0,0,0,1,0,4,0,10,0,10,0,36,0,39,0,110,0,221,0,387,0,739,0,1405,0,2490,0,4383,0,7402,0,11926,0,18464,0,28335,42640,0,62026,0,87389,0,121469,0,162742,0,212776,0,269247,0,334308,0,400843,0,469246,0,531028,0,586096,0,626990,0,652607,0,657267,0,643585,0,611566,0,562016,502529,0,436536,0,368587,0,302699,0,243807,0,192462,0,151002,0,119600,0,97629,0,87166,0,85743,0,94845,0,112456,0,138350,0,160128,0,162274,0,126104,0,57783,3905
0,0,0,0,0,0,0,0,0,0,0,0,0,0,0,0,0,0,0,0,0,0,0,0,0,0,0,0,0,0,0,0,0,0,0,0,0,0,0,0,2,0,4,0,9,0,12,0,22,0,43,0,109,0,212,0,376,0,756,0,1353,0,2433,0,4350,0,7237,0,11809,0,18334,0,27935,41997,0,61231,0,86789,0,120079,0,161550,0,211080,0,267960,0,331379,0,399737,0,467050,0,529179,0,585341,0,626609,0,652244,0,658247,0,644847,0,612675,0,563910,504282,0,438741,0,370308,0,304689,0,244687,0,193500,0,152227,0,120110,0,98131,0,87203,0,86225,0,94733,0,112671,0,138064,0,160358,0,162355,0,126342,0,57973,3909
0,0,0,0,0,0,0,0,0,0,0,0,0,0,0,0,0,0,0,0,0,0,0,0,0,0,0,0,0,0,0,0,0,0,0,0,0,0,1,0,0,0,6,0,5,0,15,0,24,0,40,0,102,0,211,0,371,0,719,0,1369,0,2358,0,4300,0,7098,0,11623,0,18090,0,27573,41552,0,60630,0,85990,0,118666,0,160209,0,209709,0,265992,0,329358,0,397544,0,465593,0,528083,0,583632,0,626456,0,651468,0,659804,0,645454,0,614340,0,565409,506331,0,440667,0,372645,0,306070,0,245793,0,194590,0,153441,0,120541,0,98434,0,87562,0,86377,0,95007,0,112621,0,138062,0,160298,0,162547,0,126664,0,58052,3912
0,0,0,0,0,0,0,0,0,0,0,0,0,0,0,0,0,0,0,0,0,0,0,0,0,0,0,0,0,0,0,0,0,0,0,0,0,0,0,0,2,0,6,0,4,0,13,0,21,0,43,0,104,0,202,0,362,0,696,0,1365,0,2308,0,4158,0,7112,0,11354,0,17844,0,27335,41266,0,59510,0,85330,0,117809,0,158442,0,207900,0,264695,0,328181,0,394740,0,463702,0,527062,0,582105,0,624991,0,652996,0,659779,0,647088,0,614045,0,567745,509235,0,442336,0,374242,0,308126,0,246703,0,195940,0,153870,0,121356,0,99094,0,87746,0,86519,0,95148,0,112702,0,137947,0,160290,0,162801,0,126906,0,58223,3909
0,0,0,0,0,0,0,0,0,0,0,0,0,0,0,0,0,0,0,0,0,0,0,0,0,0,0,0,0,0,0,0,0,0,0,0,0,0,0,0,2,0,3,0,11,0,8,0,27,0,41,0,96,0,182,0,360,0,694,0,1331,0,2270,0,4121,0,6899,0,11095,0,17723,0,27087,40434,0,59589,0,83807,0,116720,0,157491,0,206046,0,262641,0,326292,0,393172,0,462295,0,525301,0,581462,0,624345,0,651710,0,660939,0,647465,0,616966,0,568659,511416,0,443935,0,375765,0,309728,0,248956,0,196603,0,154770,0,122101,0,99609,0,87727,0,86842,0,95355,0,112559,0,138140,0,160339,0,162892,0,126990,0,58483,3914
0,0,0,0,0,0,0,0,0,0,0,0,0,0,0,0,0,0,0,0,0,0,0,0,0,0,0,0,0,0,0,0,0,0,0,0,0,0,0,0,2,0,2,0,6,0,12,0,24,0,55,0,86,0,193,0,342,0,694,0,1337,0,2200,0,4161,0,6660,0,10879,0,17592,0,26747,40025,0,58762,0,83164,0,115640,0,155334,0,204848,0,261045,0,324703,0,391768,0,459994,0,523678,0,580114,0,624679,0,651793,0,660144,0,648109,0,618593,0,570888,513686,0,445354,0,378051,0,310689,0,250298,0,198482,0,155733,0,122169,0,100310,0,87889,0,87042,0,95364,0,112806,0,138022,0,160218,0,163265,0,127169,0,58673,3915
0,0,0,0,0,0,0,0,0,0,0,0,0,0,0,0,0,0,0,0,0,0,0,0,0,0,0,0,0,0,0,0,0,0,0,0,0,0,1,0,1,0,1,0,6,0,9,0,29,0,43,0,101,0,183,0,333,0,714,0,1230,0,2343,0,3886,0,6674,0,10671,0,17221,0,26712,39245,0,57963,0,82813,0,113868,0,155059,0,203175,0,258921,0,323012,0,389622,0,457492,0,522800,0,579138,0,623039,0,653018,0,659659,0,649789,0,619068,0,573881,514265,0,447875,0,380182,0,312573,0,251810,0,199154,0,156517,0,122830,0,101133,0,88193,0,86933,0,95542,0,112933,0,137943,0,160315,0,163305,0,127380,0,58887,3918
0,0,0,0,0,0,0,0,0,0,0,0,0,0,0,0,0,0,0,0,0,0,0,0,0,0,0,0,0,0,0,0,0,0,0,0,0,0,0,0,2,0,3,0,5,0,6,0,23,0,45,0,100,0,167,0,360,0,675,0,1245,0,2293,0,3828,0,6533,0,10511,0,17019,0,26128,39158,0,57080,0,81954,0,113231,0,153429,0,202069,0,256918,0,320190,0,388481,0,455988,0,521086,0,578262,0,621793,0,652544,0,661208,0,650355,0,620259,0,575261,516439,0,449946,0,382003,0,314133,0,253378,0,200417,0,157233,0,123428,0,101613,0,88679,0,86888,0,95621,0,113121,0,137703,0,160468,0,163626,0,127605,0,58983,3915
0,0,0,0,0,0,0,0,0,0,0,0,0,0,0,0,0,0,0,0,0,0,0,0,0,0,0,0,0,0,0,0,0,0,0,0,0,0,1,0,0,0,4,0,3,0,10,0,17,0,45,0,97,0,152,0,369,0,666,0,1229,0,2200,0,3765,0,6399,0,10407,0,16636,0,25845,38586,0,56316,0,81003,0,112495,0,153033,0,199370,0,255713,0,318573,0,386657,0,453809,0,519735,0,576268,0,621922,0,651740,0,661929,0,650954,0,622386,0,576284,518461,0,451875,0,384143,0,316071,0,254588,0,202006,0,157524,0,124065,0,102169,0,89146,0,86965,0,95607,0,113158,0,137832,0,160579,0,163614,0,127968,0,59101,3918
0,0,0,0,0,0,0,0,0,0,0,0,0,0,0,0,0,0,0,0,0,0,0,0,0,0,0,0,0,0,0,0,0,0,0,0,0,0,0,0,2,0,3,0,2,0,12,0,19,0,47,0,90,0,145,0,328,0,697,0,1219,0,2128,0,3674,0,6301,0,10284,0,16369,0,25532,38160,0,55782,0,79839,0,111857,0,150916,0,198114,0,254400,0,316768,0,384587,0,452216,0,517576,0,575825,0,620665,0,651099,0,662536,0,652219,0,624033,0,577686,520394,0,454420,0,385471,0,317913,0,256054,0,203066,0,158236,0,125079,0,102535,0,89577,0,86801,0,95630,0,113350,0,138029,0,160446,0,163834,0,128293,0,59231,3919
0,0,0,0,0,0,0,0,0,0,0,0,0,0,0,0,0,0,0,0,0,0,0,0,0,0,0,0,0,0,0,0,0,0,0,0,0,0,1,0,2,0,3,0,2,0,12,0,13,0,54,0,84,0,146,0,340,0,661,0,1146,0,2125,0,3665,0,6156,0,10130,0,16134,0,25188,37706,0,55005,0,79413,0,110808,0,149410,0,196390,0,252657,0,315333,0,382481,0,450614,0,516742,0,573371,0,620034,0,651757,0,661465,0,654178,0,624166,0,580363,522260,0,456101,0,387273,0,320300,0,257635,0,203438,0,159560,0,125981,0,102704,0,89687,0,87312,0,95685,0,113133,0,138266,0,160474,0,164129,0,128510,0,59286,3919
0,0,0,0,0,0,0,0,0,0,0,0,0,0,0,0,0,0,0,0,0,0,0,0,0,0,0,0,0,0,0,0,0,0,0,0,0,0,1,0,2,0,2,0,3,0,9,0,20,0,52,0,76,0,147,0,333,0,632,0,1137,0,2073,0,3638,0,6049,0,9991,0,15910,0,24717,37317,0,54356,0,78438,0,110116,0,147982,0,194903,0,250548,0,313636,0,380675,0,448723,0,515302,0,572865,0,619189,0,650934,0,662669,0,654587,0,625868,0,582041,524413,0,457278,0,389700,0,321301,0,259338,0,204560,0,160285,0,126684,0,103233,0,90256,0,87462,0,95545,0,113076,0,138191,0,160783,0,164318,0,128743,0,59389,3912
0,0,0,0,0,0,0,0,0,0,0,0,0,0,0,0,0,0,0,0,0,0,0,0,0,0,0,0,0,0,0,0,0,0,0,0,0,0,1,0,3,0,1,0,2,0,9,0,27,0,42,0,78,0,133,0,302,0,623,0,1163,0,1988,0,3634,0,6018,0,9746,0,15722,0,24262,36913,0,54046,0,77177,0,109241,0,146524,0,193446,0,249179,0,311932,0,378102,0,447894,0,512847,0,572585,0,618729,0,650192,0,662430,0,655556,0,627558,0,583875,526185,0,458975,0,391640,0,323304,0,260184,0,205782,0,161680,0,127178,0,103585,0,90554,0,87706,0,95704,0,112730,0,138323,0,160888,0,164505,0,128999,0,59592,3914
0,0,0,0,0,0,0,0,0,0,0,0,0,0,0,0,0,0,0,0,0,0,0,0,0,0,0,0,0,0,0,0,0,0,0,0,0,0,0,0,4,0,1,0,2,0,10,0,24,0,46,0,68,0,143,0,317,0,592,0,1139,0,2012,0,3485,0,5890,0,9774,0,15251,0,23896,36790,0,53182,0,76874,0,107734,0,145175,0,192506,0,247561,0,309304,0,377158,0,445052,0,511387,0,571394,0,618654,0,649736,0,663168,0,655517,0,629929,0,584822,527992,0,461376,0,392893,0,325349,0,261799,0,207045,0,162364,0,127689,0,104067,0,91256,0,87644,0,95548,0,112947,0,138407,0,160879,0,164622,0,129298,0,59718,3918
0,0,0,0,0,0,0,0,0,0,0,0,0,0,0,0,0,0,0,0,0,0,0,0,0,0,0,0,0,0,0,0,0,0,0,0,0,0,0,0,2,0,3,0,2,0,7,0,16,0,50,0,78,0,151,0,293,0,610,0,1084,0,1951,0,3464,0,5876,0,9448,0,15134,0,23849,35900,0,52933,0,75949,0,106285,0,144420,0,190270,0,246039,0,308315,0,374584,0,443474,0,509745,0,570277,0,617900,0,650535,0,662914,0,656725,0,630756,0,586146,529584,0,463851,0,394773,0,327098,0,263109,0,208023,0,163724,0,128135,0,104657,0,91285,0,87912,0,95551,0,112908,0,138284,0,161337,0,164721,0,129512,0,59839,3920
0,0,0,0,0,0,0,0,0,0,0,0,0,0,0,0,0,0,0,0,0,0,0,0,0,0,0,0,0,0,0,0,0,0,0,0,0,0,1,0,2,0,0,0,5,0,3,0,18,0,48,0,79,0,149,0,296,0,571,0,1071,0,1981,0,3400,0,5681,0,9378,0,15005,0,23244,35758,0,52132,0,75349,0,105083,0,143364,0,189065,0,244144,0,306413,0,373065,0,440975,0,509395,0,567455,0,617636,0,650293,0,663378,0,657733,0,631979,0,587369,531723,0,465921,0,396879,0,328983,0,264403,0,208859,0,164612,0,129262,0,104765,0,91603,0,88150,0,95633,0,112823,0,138367,0,161324,0,165007,0,129623,0,60040,3913
0,0,0,0,0,0,0,0,0,0,0,0,0,0,0,0,0,0,0,0,0,0,0,0,0,0,0,0,0,0,0,0,0,0,0,0,0,0,1,0,2,0,0,0,5,0,3,0,19,0,43,0,90,0,129,0,270,0,577,0,1051,0,1926,0,3415,0,5466,0,9354,0,14655,0,23140,35142,0,51633,0,74278,0,104320,0,141427,0,188046,0,243172,0,304084,0,371224,0,440509,0,505884,0,566855,0,616980,0,650343,0,663132,0,658910,0,632341,0,589996,533291,0,467706,0,399150,0,330084,0,266052,0,210230,0,165369,0,130158,0,105325,0,91696,0,88334,0,95713,0,113230,0,138192,0,161329,0,165070,0,129921,0,60216,3920
0,0,0,0,0,0,0,0,0,0,0,0,0,0,0,0,0,0,0,0,0,0,0,0,0,0,0,0,0,0,0,0,0,0,0,0,0,0,2,0,0,0,3,0,3,0,8,0,19,0,39,0,62,0,149,0,281,0,541,0,1013,0,1980,0,3213,0,5527,0,9199,0,14520,0,22664,34292,0,51614,0,73527,0,102829,0,140747,0,186712,0,241164,0,302609,0,369503,0,438336,0,504662,0,565755,0,615721,0,649145,0,663824,0,659555,0,635102,0,590563,534907,0,470132,0,400648,0,331994,0,267125,0,212286,0,165788,0,130818,0,106115,0,91751,0,88629,0,95785,0,113210,0,138223,0,161410,0,165150,0,130232,0,60392,3930
0,0,0,0,0,0,0,0,0,0,0,0,0,0,0,0,0,0,0,0,0,0,0,0,0,0,0,0,0,0,0,0,0,0,0,0,0,0,2,0,1,0,3,0,1,0,10,0,18,0,30,0,78,0,142,0,269,0,554,0,997,0,1784,0,3175,0,5475,0,9004,0,14378,0,22607,33883,0,50458,0,73349,0,101928,0,139596,0,184865,0,239318,0,301376,0,367491,0,436029,0,503875,0,564126,0,614636,0,649821,0,663648,0,660612,0,635165,0,592263,537342,0,471735,0,402324,0,333603,0,269377,0,212903,0,167450,0,130996,0,106479,0,92392,0,88760,0,95736,0,113488,0,138142,0,161279,0,165343,0,130603,0,60558,3931
0,0,0,0,0,0,0,0,0,0,0,0,0,0,0,0,0,0,0,0,0,0,0,0,0,0,0,0,0,0,0,0,0,0,0,0,0,0,1,0,3,0,1,0,2,0,8,0,20,0,30,0,65,0,142,0,293,0,556,0,990,0,1738,0,3107,0,5327,0,8962,0,14182,0,22150,33860,0,49708,0,72501,0,100791,0,138325,0,183791,0,237882,0,299088,0,365408,0,435340,0,501763,0,563289,0,612783,0,648975,0,664580,0,661103,0,637814,0,593397,538689,0,473360,0,404924,0,334639,0,270838,0,215024,0,167598,0,131784,0,107036,0,92666,0,89051,0,95826,0,113521,0,138050,0,161486,0,165482,0,130833,0,60696,3930
0,0,0,0,0,0,0,0,0,0,0,0,0,0,0,0,0,0,0,0,0,0,0,0,0,0,0,0,0,0,0,0,0,0,0,0,0,0,2,0,2,0,1,0,4,0,12,0,9,0,35,0,68,0,132,0,277,0,534,0,993,0,1716,0,3071,0,5282,0,8554,0,13971,0,21961,33549,0,49276,0,71483,0,99994,0,137254,0,182271,0,236041,0,297391,0,364014,0,433110,0,500919,0,561797,0,611978,0,647896,0,665260,0,662508,0,637832,0,595115,540667,0,475799,0,406257,0,336453,0,272542,0,215895,0,168672,0,132543,0,107347,0,93084,0,89283,0,95871,0,113461,0,138139,0,161604,0,165694,0,130955,0,60903,3927
0,0,0,0,0,0,0,0,0,0,0,0,0,0,0,0,0,0,0,0,0,0,0,0,0,0,0,0,0,0,0,0,0,0,0,0,0,0,2,0,2,0,4,0,4,0,7,0,12,0,21,0,73,0,136,0,269,0,526,0,976,0,1717,0,3065,0,5095,0,8564,0,13591,0,21641,33130,0,49016,0,70430,0,98923,0,135915,0,181166,0,234480,0,295355,0,361563,0,431742,0,500573,0,559622,0,611384,0,647320,0,665597,0,662633,0,640203,0,596003,542539,0,478336,0,407269,0,339206,0,273586,0,216536,0,169508,0,133502,0,108047,0,93184,0,89453,0,96267,0,113117,0,138271,0,161574,0,165969,0,131352,0,60998,3934
0,0,0,0,0,0,0,0,0,0,0,0,0,0,0,0,0,0,0,0,0,0,0,0,0,0,0,0,0,0,0,0,0,0,0,0,1,0,0,0,4,0,3,0,4,0,9,0,9,0,24,0,82,0,113,0,302,0,502,0,919,0,1759,0,2974,0,4961,0,8506,0,13490,0,21317,32655,0,48456,0,69796,0,97711,0,134856,0,179948,0,232207,0,294747,0,360110,0,429046,0,497887,0,559132,0,610315,0,647662,0,665312,0,663836,0,640086,0,599526,543492,0,479673,0,410385,0,340643,0,274997,0,217101,0,170720,0,134154,0,108442,0,93691,0,89592,0,96294,0,113177,0,138283,0,161669,0,166174,0,131518,0,61194,3942
0,0,0,0,0,0,0,0,0,0,0,0,0,0,0,0,0,0,0,0,0,0,0,0,0,0,0,0,0,0,0,0,0,0,0,0,0,0,2,0,3,0,3,0,3,0,7,0,12,0,28,0,65,0,129,0,271,0,507,0,909,0,1704,0,2917,0,4964,0,8245,0,13221,0,21156,32189,0,47841,0,69031,0,97228,0,133293,0,178341,0,231354,0,292060,0,358665,0,427497,0,496962,0,556919,0,610031,0,646856,0,666001,0,664217,0,641078,0,601097,545726,0,482420,0,410853,0,342541,0,276258,0,218354,0,171681,0,134910,0,109092,0,93915,0,89828,0,96385,0,113244,0,138373,0,161715,0,166268,0,131722,0,61375,3942
0,0,0,0,0,0,0,0,0,0,0,0,0,0,0,0,0,0,0,0,0,0,0,0,0,0,0,0,0,0,0,0,0,0,0,0,0,0,1,0,3,0,3,0,3,0,7,0,13,0,20,0,63,0,138,0,251,0,473,0,947,0,1602,0,2920,0,4956,0,7962,0,13211,0,20707,31731,0,47535,0,68425,0,96071,0,132478,0,176576,0,229690,0,290287,0,357399,0,425517,0,495027,0,555925,0,608852,0,645908,0,666176,0,665233,0,643727,0,601937,547387,0,483348,0,413190,0,344403,0,277820,0,219637,0,172433,0,135765,0,109767,0,93846,0,90016,0,96487,0,113568,0,138255,0,161896,0,166414,0,131803,0,61667,3932
0,0,0,0,0,0,0,0,0,0,0,0,0,0,0,0,0,0,0,0,0,0,0,0,0,0,0,0,0,0,0,0,0,0,0,0,0,0,1,0,2,0,2,0,4,0,8,0,16,0,18,0,59,0,120,0,270,0,459,0,904,0,1594,0,2846,0,4845,0,7831,0,13042,0,20488,31499,0,46846,0,67636,0,95167,0,131136,0,175161,0,228273,0,288640,0,355989,0,424268,0,492215,0,554651,0,608374,0,646337,0,665680,0,664960,0,645141,0,603821,549395,0,484690,0,415376,0,345986,0,279499,0,220944,0,173553,0,136433,0,110072,0,93988,0,90491,0,96513,0,113489,0,138323,0,162119,0,166309,0,132143,0,61852,3930
0,0,0,0,0,0,0,0,0,0,0,0,0,0,0,0,0,0,0,0,0,0,0,0,0,0,0,0,0,0,0,0,0,0,0,0,0,0,1,0,1,0,2,0,6,0,9,0,12,0,20,0,57,0,129,0,239,0,475,0,862,0,1605,0,2757,0,4778,0,7857,0,12732,0,20339,30988,0,46166,0,66955,0,94469,0,129537,0,174121,0,227072,0,286738,0,354317,0,421674,0,491434,0,553171,0,607031,0,645932,0,665569,0,666226,0,646206,0,604981,551835,0,486662,0,416895,0,347542,0,281049,0,222322,0,174670,0,137012,0,110449,0,94670,0,90306,0,96724,0,113382,0,138776,0,161791,0,166604,0,132397,0,61927,3927
0,0,0,0,0,0,0,0,0,0,0,0,0,0,0,0,0,0,0,0,0,0,0,0,0,0,0,0,0,0,0,0,0,0,0,0,0,0,0,0,2,0,3,0,6,0,6,0,14,0,21,0,54,0,117,0,258,0,457,0,819,0,1587,0,2749,0,4726,0,7741,0,12401,0,20276,30765,0,45536,0,66135,0,93346,0,127946,0,173353,0,224765,0,286226,0,351660,0,420085,0,489353,0,552749,0,605753,0,646156,0,665747,0,667390,0,646458,0,606690,553143,0,488409,0,418846,0,348598,0,283571,0,223927,0,175271,0,137515,0,111045,0,94815,0,90803,0,96768,0,113203,0,138955,0,161759,0,166836,0,132554,0,62112,3928
0,0,0,0,0,0,0,0,0,0,0,0,0,0,0,0,0,0,0,0,0,0,0,0,0,0,0,0,0,0,0,0,0,0,0,0,0,0,2,0,1,0,0,0,6,0,9,0,9,0,26,0,52,0,118,0,251,0,438,0,840,0,1489,0,2677,0,4667,0,7643,0,12373,0,19843,30449,0,44946,0,65306,0,92651,0,127523,0,171009,0,223672,0,284164,0,349940,0,418169,0,487679,0,550785,0,604744,0,645509,0,666502,0,668020,0,648213,0,608488,554112,0,490532,0,420555,0,350372,0,285354,0,225141,0,176236,0,138607,0,111345,0,95314,0,90830,0,96826,0,113341,0,138569,0,162095,0,167064,0,132709,0,62258,3935
0,0,0,0,0,0,0,0,0,0,0,0,0,0,0,0,0,0,0,0,0,0,0,0,0,0,0,0,0,0,0,0,0,0,0,0,0,0,2,0,0,0,2,0,2,0,11,0,9,0,27,0,56,0,110,0,257,0,413,0,814,0,1439,0,2708,0,4558,0,7623,0,12123,0,19446,29986,0,44770,0,64769,0,91076,0,126461,0,169899,0,222302,0,281931,0,348449,0,416755,0,485328,0,549702,0,603761,0,645472,0,666671,0,668412,0,648687,0,610652,555485,0,492851,0,422469,0,352313,0,286850,0,226648,0,176936,0,139326,0,111517,0,95749,0,90907,0,97099,0,113359,0,138579,0,162127,0,167370,0,132808,0,62397,3935
0,0,0,0,0,0,0,0,0,0,0,0,0,0,0,0,0,0,0,0,0,0,0,0,0,0,0,0,0,0,0,0,0,0,0,0,0,0,0,0,2,0,2,0,3,0,5,0,12,0,28,0,51,0,102,0,247,0,414,0,803,0,1459,0,2601,0,4471,0,7478,0,11948,0,19210,30044,0,43977,0,63980,0,90575,0,124938,0,168757,0,220807,0,280216,0,346603,0,415124,0,483901,0,548090,0,602539,0,645573,0,666474,0,668824,0,650022,0,611136,558830,0,493737,0,423993,0,354470,0,288332,0,227882,0,178402,0,139365,0,112495,0,95804,0,91324,0,97086,0,113351,0,138374,0,162509,0,167452,0,133117,0,62536,3933
0,0,0,0,0,0,0,0,0,0,0,0,0,0,0,0,0,0,0,0,0,0,0,0,0,0,0,0,0,0,0,0,0,0,0,0,0,0,0,0,0,0,4,0,3,0,6,0,13,0,26,0,54,0,95,0,219,0,425,0,781,0,1436,0,2595,0,4292,0,7411,0,11805,0,19115,29598,0,43413,0,63137,0,89586,0,124218,0,167185,0,219470,0,278729,0,344819,0,413085,0,482436,0,545771,0,602030,0,644613,0,667283,0,669605,0,650623,0,614014,559916,0,495620,0,425764,0,355855,0,289809,0,229021,0,179679,0,140136,0,112943,0,96072,0,91431,0,97113,0,113579,0,138399,0,162742,0,167507,0,133297,0,62698,3932
0,0,0,0,0,0,0,0,0,0,0,0,0,0,0,0,0,0,0,0,0,0,0,0,0,0,0,0,0,0,0,0,0,0,0,0,0,0,0,0,1,0,2,0,1,0,10,0,14,0,27,0,41,0,89,0,218,0,405,0,785,0,1404,0,2573,0,4292,0,7332,0,11538,0,18783,29016,0,43114,0,62362,0,88594,0,123434,0,166214,0,217841,0,276428,0,343284,0,411515,0,480670,0,545246,0,600899,0,643285,0,667275,0,670998,0,650983,0,615775,561081,0,497709,0,427790,0,357838,0,290825,0,230266,0,180824,0,141128,0,113436,0,96384,0,91570,0,97264,0,113630,0,138096,0,162799,0,168038,0,133426,0,62923,3933
0,0,0,0,0,0,0,0,0,0,0,0,0,0,0,0,0,0,0,0,0,0,0,0,0,0,0,0,0,0,0,0,0,0,0,0,0,0,0,0,0,0,2,0,2,0,9,0,15,0,25,0,43,0,98,0,207,0,374,0,754,0,1427,0,2512,0,4191,0,7207,0,11604,0,18455,28500,0,42646,0,61718,0,87721,0,122230,0,165291,0,215593,0,275472,0,340841,0,410427,0,478458,0,544069,0,599499,0,643985,0,666922,0,670997,0,651880,0,617507,563340,0,499922,0,429262,0,358654,0,293258,0,231671,0,181276,0,142100,0,113842,0,96763,0,91815,0,97414,0,113507,0,138272,0,162761,0,168166,0,133722,0,63048,3934
0,0,0,0,0,0,0,0,0,0,0,0,0,0,0,0,0,0,0,0,0,0,0,0,0,0,0,0,0,0,0,0,0,0,0,0,0,0,0,0,0,0,0,0,4,0,4,0,16,0,30,0,42,0,100,0,187,0,380,0,743,0,1388,0,2433,0,4195,0,7040,0,11559,0,18173,28076,0,42035,0,61070,0,87090,0,120798,0,163894,0,215005,0,274204,0,338175,0,407593,0,478129,0,541742,0,598939,0,643160,0,667289,0,670902,0,654179,0,618279,565428,0,502245,0,431052,0,360115,0,293947,0,233287,0,182230,0,142793,0,114617,0,97338,0,91960,0,97435,0,113614,0,138112,0,162944,0,168285,0,134092,0,63124,3937
0,0,0,0,0,0,0,0,0,0,0,0,0,0,0,0,0,0,0,0,0,0,0,0,0,0,0,0,0,0,0,0,0,0,0,0,0,0,0,0,0,0,1,0,1,0,6,0,15,0,25,0,44,0,99,0,178,0,413,0,728,0,1323,0,2372,0,4093,0,7024,0,11434,0,17963,27540,0,41381,0,60778,0,86077,0,119399,0,163055,0,213369,0,272033,0,337358,0,405272,0,476014,0,541494,0,597718,0,642872,0,667046,0,672154,0,653991,0,620527,567212,0,503226,0,433713,0,361281,0,295207,0,235221,0,183058,0,143403,0,115197,0,97827,0,91797,0,97739,0,113594,0,138233,0,162937,0,168371,0,134380,0,63279,3936
0,0,0,0,0,0,0,0,0,0,0,0,0,0,0,0,0,0,0,0,0,0,0,0,0,0,0,0,0,0,0,0,0,0,0,0,0,0,0,0,0,0,0,0,2,0,7,0,13,0,25,0,44,0,91,0,194,0,374,0,769,0,1289,0,2306,0,4079,0,6816,0,11318,0,17759,27359,0,40835,0,59848,0,85211,0,118975,0,161048,0,211841,0,271023,0,334354,0,404806,0,473793,0,539631,0,598521,0,641120,0,666725,0,672640,0,655669,0,620989,569397,0,505320,0,434876,0,364131,0,296462,0,236185,0,184213,0,144479,0,115203,0,98417,0,92045,0,97881,0,113383,0,138402,0,162987,0,168588,0,134471,0,63554,3940
0,0,0,0,0,0,0,0,0,0,0,0,0,0,0,0,0,0,0,0,0,0,0,0,0,0,0,0,0,0,0,0,0,0,0,0,0,0,0,0,0,0,1,0,3,0,8,0,10,0,15,0,49,0,91,0,196,0,382,0,709,0,1309,0,2230,0,4101,0,6731,0,10993,0,17688,26891,0,40556,0,58996,0,84771,0,117700,0,159951,0,210140,0,268943,0,333561,0,402308,0,472102,0,538502,0,596904,0,640363,0,667069,0,673841,0,656596,0,622950,571080,0,506405,0,436412,0,366119,0,298231,0,237112,0,185187,0,145506,0,115919,0,98431,0,92294,0,97790,0,113562,0,138374,0,163008,0,168975,0,134713,0,63686,3944
0,0,0,0,0,0,0,0,0,0,0,0,0,0,0,0,0,0,0,0,0,0,0,0,0,0,0,0,0,0,0,0,0,0,0,0,0,0,0,0,0,0,0,0,4,0,5,0,14,0,13,0,41,0,87,0,216,0,367,0,694,0,1235,0,2216,0,3973,0,6706,0,11036,0,17208,26682,0,39803,0,58935,0,83486,0,116624,0,158337,0,209303,0,266531,0,331656,0,401531,0,471410,0,536160,0,595317,0,640834,0,666633,0,673588,0,658126,0,623517,573160,0,508873,0,438376,0,367683,0,299472,0,237908,0,187201,0,146080,0,116316,0,98734,0,92595,0,97679,0,113907,0,138332,0,163111,0,169095,0,134771,0,63887,3940
0,0,0,0,0,0,0,0,0,0,0,0,0,0,0,0,0,0,0,0,0,0,0,0,0,0,0,0,0,0,0,0,0,0,0,0,0,0,0,0,0,0,0,0,2,0,7,0,10,0,14,0,37,0,98,0,212,0,359,0,671,0,1264,0,2185,0,3920,0,6683,0,10658,0,17177,26255,0,39409,0,58265,0,83047,0,115316,0,157251,0,206805,0,264956,0,329974,0,400238,0,469325,0,536281,0,593457,0,639620,0,666899,0,673569,0,659672,0,624851,574670,0,511232,0,440496,0,369507,0,301008,0,238949,0,188074,0,146542,0,117228,0,99027,0,92751,0,97633,0,114055,0,138502,0,162927,0,169365,0,134929,0,64084,3942
0,0,0,0,0,0,0,0,0,0,0,0,0,0,0,0,0,0,0,0,0,0,0,0,0,0,0,0,0,0,0,0,0,0,0,0,0,0,0,0,0,0,0,0,2,0,5,0,9,0,15,0,39,0,93,0,202,0,345,0,649,0,1266,0,2144,0,3922,0,6394,0,10696,0,16779,25979,0,38836,0,57477,0,82569,0,114439,0,155538,0,206060,0,263314,0,328018,0,398304,0,467561,0,534901,0,593225,0,637888,0,667250,0,673739,0,660512,0,626832,575276,0,514151,0,442114,0,371435,0,302826,0,240319,0,188413,0,147274,0,117984,0,99503,0,92957,0,97672,0,113947,0,138507,0,163159,0,169525,0,135211,0,64191,3942
0,0,0,0,0,0,0,0,0,0,0,0,0,0,0,0,0,0,0,0,0,0,0,0,0,0,0,0,0,0,0,0,0,0,0,0,0,0,0,0,0,0,0,0,1,0,9,0,5,0,16,0,32,0,107,0,185,0,347,0,624,0,1214,0,2118,0,3791,0,6442,0,10478,0,16595,25770,0,38400,0,56797,0,81827,0,113508,0,154090,0,204443,0,262091,0,326714,0,395857,0,465766,0,533455,0,591799,0,637953,0,665497,0,675479,0,661431,0,628080,577899,0,515790,0,443525,0,373573,0,304166,0,241747,0,189623,0,148009,0,118189,0,100007,0,93140,0,97794,0,113822,0,138493,0,163368,0,169638,0,135396,0,64364,3944
0,0,0,0,0,0,0,0,0,0,0,0,0,0,0,0,0,0,0,0,0,0,0,0,0,0,0,0,0,0,0,0,0,0,0,0,0,0,0,0,0,0,0,0,2,0,7,0,4,0,18,0,36,0,88,0,167,0,358,0,619,0,1190,0,2111,0,3727,0,6264,0,10283,0,16419,25417,0,38116,0,56195,0,80903,0,112227,0,153408,0,202954,0,260476,0,324009,0,394090,0,465135,0,531126,0,591039,0,637290,0,665496,0,675662,0,662737,0,629330,580309,0,516851,0,445827,0,374771,0,306263,0,243394,0,190158,0,149014,0,118693,0,100388,0,93227,0,97754,0,113914,0,138509,0,163371,0,169797,0,135721,0,64599,3945
0,0,0,0,0,0,0,0,0,0,0,0,0,0,0,0,0,0,0,0,0,0,0,0,0,0,0,0,0,0,0,0,0,0,0,0,0,0,0,0,0,0,0,0,2,0,4,0,10,0,19,0,29,0,85,0,168,0,351,0,628,0,1170,0,2115,0,3543,0,6180,0,10256,0,16177,24902,0,37775,0,55434,0,80156,0,111606,0,151646,0,202137,0,258347,0,323073,0,391583,0,463785,0,530403,0,589552,0,635943,0,666203,0,676141,0,663109,0,630844,581739,0,517966,0,448464,0,376878,0,307964,0,244372,0,191032,0,149678,0,119359,0,100810,0,93371,0,97767,0,113983,0,138468,0,163662,0,169786,0,135976,0,64817,3940
0,0,0,0,0,0,0,0,0,0,0,0,0,0,0,0,0,0,0,0,0,0,0,0,0,0,0,0,0,0,0,0,0,0,0,0,0,0,0,0,0,0,0,0,2,0,5,0,11,0,14,0,33,0,80,0,171,0,354,0,580,0,1130,0,2051,0,3682,0,5964,0,10097,0,16128,24586,0,37267,0,55310,0,79026,0,110427,0,150589,0,200081,0,257250,0,320996,0,389963,0,461737,0,529918,0,587509,0,635494,0,666423,0,676187,0,664277,0,632770,582239,0,519898,0,451640,0,377647,0,310461,0,244780,0,192597,0,150340,0,119637,0,101133,0,93952,0,97693,0,113998,0,138669,0,163565,0,169865,0,136272,0,64971,3939
0,0,0,0,0,0,0,0,0,0,0,0,0,0,0,0,0,0,0,0,0,0,0,0,0,0,0,0,0,0,0,0,0,0,0,0,0,0,0,0,0,0,0,0,2,0,4,0,12,0,15,0,35,0,71,0,170,0,330,0,619,0,1078,0,2046,0,3575,0,5969,0,9912,0,15677,24423,0,37045,0,54680,0,78120,0,109363,0,149660,0,198919,0,255275,0,318892,0,388883,0,459404,0,529234,0,586044,0,634866,0,666394,0,676672,0,665272,0,632179,585681,0,522189,0,452990,0,379677,0,310924,0,246600,0,193983,0,151098,0,120306,0,101148,0,94136,0,98020,0,113958,0,138731,0,163721,0,169849,0,136484,0,65135,3938
0,0,0,0,0,0,0,0,0,0,0,0,0,0,0,0,0,0,0,0,0,0,0,0,0,0,0,0,0,0,0,0,0,0,0,0,0,0,0,0,0,0,0,0,1,0,6,0,8,0,16,0,37,0,75,0,144,0,339,0,577,0,1103,0,2021,0,3540,0,5827,0,9721,0,15364,24351,0,36525,0,53630,0,77843,0,108843,0,148357,0,196951,0,253708,0,317604,0,386174,0,459043,0,525502,0,586191,0,634920,0,665178,0,677601,0,666074,0,634087,587258,0,524258,0,454272,0,381660,0,312317,0,248209,0,195028,0,151980,0,120762,0,101399,0,94195,0,98344,0,113728,0,138956,0,163703,0,170005,0,136774,0,65264,3935
0,0,0,0,0,0,0,0,0,0,0,0,0,0,0,0,0,0,0,0,0,0,0,0,0,0,0,0,0,0,0,0,0,0,0,0,0,0,0,0,0,0,0,0,1,0,1,0,8,0,24,0,25,0,80,0,153,0,292,0,595,0,1109,0,1944,0,3385,0,5850,0,9528,0,15392,23771,0,36162,0,53259,0,76929,0,107922,0,147445,0,195317,0,252324,0,315215,0,385652,0,456851,0,523795,0,584681,0,634288,0,665951,0,676795,0,667213,0,635720,589072,0,525941,0,455957,0,383768,0,314113,0,249247,0,195604,0,153217,0,121121,0,101701,0,94717,0,98115,0,114007,0,138675,0,164087,0,170110,0,136981,0,65360,3938
0,0,0,0,0,0,0,0,0,0,0,0,0,0,0,0,0,0,0,0,0,0,0,0,0,0,0,0,0,0,0,0,0,0,0,0,0,0,0,0,0,0,0,0,1,0,3,0,10,0,16,0,33,0,61,0,179,0,284,0,586,0,1092,0,1900,0,3376,0,5600,0,9563,0,14921,23612,0,35823,0,52725,0,76198,0,106898,0,146174,0,194104,0,250356,0,314276,0,384086,0,454107,0,522715,0,583401,0,633563,0,666691,0,675876,0,667860,0,638393,590417,0,527557,0,457722,0,385766,0,314907,0,251550,0,196531,0,154054,0,121315,0,102010,0,94756,0,98525,0,114182,0,138308,0,164248,0,170479,0,137219,0,65447,3932
0,0,0,0,0,0,0,0,0,0,0,0,0,0,0,0,0,0,0,0,0,0,0,0,0,0,0,0,0,0,0,0,0,0,0,0,0,0,0,0,0,0,1,0,0,0,3,0,6,0,13,0,37,0,66,0,157,0,310,0,556,0,1069,0,1879,0,3357,0,5434,0,9378,0,14745,23299,0,35483,0,52288,0,75163,0,106236,0,145198,0,192305,0,249591,0,312142,0,382404,0,452075,0,521760,0,582302,0,632481,0,665911,0,677288,0,668576,0,638394,592310,0,529971,0,460685,0,386767,0,316337,0,252867,0,197854,0,154401,0,121915,0,102521,0,94694,0,98794,0,114156,0,138486,0,164171,0,170696,0,137340,0,65607,3929
0,0,0,0,0,0,0,0,0,0,0,0,0,0,0,0,0,0,0,0,0,0,0,0,0,0,0,0,0,0,0,0,0,0,0,0,0,0,0,0,0,0,1,0,1,0,2,0,4,0,16,0,39,0,61,0,170,0,271,0,527,0,1089,0,1822,0,3279,0,5467,0,9094,0,14649,22938,0,35120,0,51479,0,74946,0,104925,0,144157,0,191591,0,247357,0,310580,0,379977,0,450901,0,520056,0,581665,0,631273,0,665971,0,677979,0,669612,0,639507,592783,0,532799,0,462739,0,387817,0,318097,0,254329,0,198917,0,155132,0,122560,0,102596,0,95086,0,99030,0,114254,0,138511,0,164182,0,170798,0,137446,0,65881,3925
0,0,0,0,0,0,0,0,0,0,0,0,0,0,0,0,0,0,0,0,0,0,0,0,0,0,0,0,0,0,0,0,0,0,0,0,0,0,0,0,0,0,1,0,1,0,3,0,6,0,14,0,36,0,60,0,158,0,296,0,547,0,996,0,1798,0,3217,0,5430,0,8988,0,14343,22631,0,34834,0,51451,0,73503,0,104028,0,143041,0,190286,0,245816,0,308584,0,378412,0,449407,0,518273,0,580451,0,631113,0,665745,0,678379,0,670132,0,640970,594213,0,534667,0,463872,0,390395,0,319493,0,255981,0,199566,0,156094,0,123187,0,103018,0,95408,0,98915,0,114111,0,138675,0,164328,0,170899,0,137633,0,66079,3924
0,0,0,0,0,0,0,0,0,0,0,0,0,0,0,0,0,0,0,0,0,0,0,0,0,0,0,0,0,0,0,0,0,0,0,0,0,0,0,0,1,0,0,0,2,0,3,0,4,0,20,0,30,0,58,0,146,0,289,0,545,0,968,0,1781,0,3119,0,5451,0,8748,0,14280,22254,0,34405,0,50959,0,72971,0,103116,0,142115,0,188879,0,244428,0,305541,0,377091,0,448138,0,516714,0,579593,0,631326,0,664009,0,679239,0,671096,0,642220,595684,0,536163,0,465813,0,392571,0,321201,0,256587,0,200707,0,156892,0,123616,0,104020,0,95255,0,98861,0,114294,0,138873,0,163965,0,171318,0,137873,0,66250,3926
0,0,0,0,0,0,0,0,0,0,0,0,0,0,0,0,0,0,0,0,0,0,0,0,0,0,0,0,0,0,0,0,0,0,0,0,0,0,0,0,0,0,1,0,1,0,2,0,6,0,14,0,36,0,58,0,137,0,261,0,556,0,983,0,1715,0,3054,0,5301,0,8722,0,14032,22013,0,34018,0,50525,0,72306,0,101750,0,140979,0,187695,0,243014,0,304423,0,374340,0,446629,0,515555,0,578666,0,630714,0,664078,0,678160,0,671916,0,643334,598567,0,537749,0,467503,0,393976,0,323110,0,257866,0,201810,0,157230,0,124693,0,104382,0,95572,0,98692,0,114328,0,139103,0,163906,0,171524,0,138107,0,66376,3920
0,0,0,0,0,0,0,0,0,0,0,0,0,0,0,0,0,0,0,0,0,0,0,0,0,0,0,0,0,0,0,0,0,0,0,0,0,0,0,0,0,0,0,0,2,0,4,0,3,0,12,0,32,0,65,0,124,0,255,0,536,0,1009,0,1688,0,3006,0,5234,0,8630,0,13806,21871,0,33555,0,49895,0,71783,0,101118,0,139299,0,186235,0,241451,0,303292,0,372908,0,444079,0,514512,0,577810,0,628616,0,664143,0,679806,0,672343,0,644718,599223,0,539494,0,470015,0,395435,0,324717,0,258736,0,203498,0,158175,0,124968,0,104679,0,95866,0,99047,0,114181,0,138958,0,164087,0,171545,0,138509,0,66512,3923
0,0,0,0,0,0,0,0,0,0,0,0,0,0,0,0,0,0,0,0,0,0,0,0,0,0,0,0,0,0,0,0,0,0,0,0,0,0,0,0,0,0,0,0,2,0,2,0,8,0,7,0,35,0,61,0,134,0,249,0,491,0,998,0,1742,0,2906,0,5055,0,8527,0,13697,21800,0,33008,0,49196,0,71307,0,100136,0,137951,0,184987,0,239656,0,302409,0,370867,0,442426,0,513216,0,576509,0,627584,0,664401,0,680081,0,672522,0,647006,600412,0,541081,0,471240,0,397768,0,325947,0,260287,0,204363,0,159056,0,125614,0,104973,0,96270,0,99001,0,114237,0,139011,0,164184,0,171592,0,138856,0,66618,3922
0,0,0,0,0,0,0,0,0,0,0,0,0,0,0,0,0,0,0,0,0,0,0,0,0,0,0,0,0,0,0,0,0,0,0,0,0,0,0,0,0,0,0,0,3,0,2,0,3,0,16,0,25,0,67,0,127,0,252,0,469,0,990,0,1675,0,2926,0,4943,0,8473,0,13629,21372,0,32568,0,48576,0,70336,0,99786,0,137222,0,183436,0,237982,0,300997,0,369506,0,440172,0,511645,0,575108,0,626203,0,664627,0,680622,0,673069,0,647723,602470,0,542922,0,473453,0,399044,0,327785,0,261798,0,205278,0,159988,0,126167,0,105215,0,96401,0,99480,0,113871,0,139105,0,164264,0,172041,0,138888,0,66764,3924
0,0,0,0,0,0,0,0,0,0,0,0,0,0,0,0,0,0,0,0,0,0,0,0,0,0,0,0,0,0,0,0,0,0,0,0,0,0,0,0,0,0,0,0,2,0,1,0,6,0,10,0,35,0,45,0,129,0,249,0,533,0,917,0,1607,0,2879,0,4943,0,8180,0,13550,21224,0,32222,0,47938,0,69817,0,98654,0,136131,0,182020,0,236414,0,299127,0,368210,0,438950,0,509971,0,573245,0,625884,0,664169,0,680475,0,674474,0,648275,604681,0,544366,0,475214,0,401593,0,328865,0,263429,0,206158,0,160622,0,126797,0,105707,0,96449,0,99655,0,113819,0,139275,0,164595,0,171974,0,139004,0,66990,3929
0,0,0,0,0,0,0,0,0,0,0,0,0,0,0,0,0,0,0,0,0,0,0,0,0,0,0,0,0,0,0,0,0,0,0,0,0,0,0,0,0,0,0,0,1,0,3,0,3,0,13,0,30,0,50,0,114,0,271,0,510,0,899,0,1603,0,2798,0,4985,0,8074,0,13312,20899,0,32111,0,47243,0,69253,0,97619,0,134387,0,181179,0,234949,0,297422,0,365990,0,437690,0,508447,0,571557,0,626037,0,663770,0,680494,0,675317,0,648710,606911,0,545869,0,477361,0,402867,0,330732,0,264781,0,207880,0,160951,0,127694,0,105682,0,96823,0,99695,0,114176,0,139342,0,164370,0,172195,0,139260,0,67150,3929
0,0,0,0,0,0,0,0,0,0,0,0,0,0,0,0,0,0,0,0,0,0,0,0,0,0,0,0,0,0,0,0,0,0,0,0,0,0,0,0,0,0,0,0,1,0,4,0,2,0,14,0,26,0,49,0,120,0,256,0,488,0,901,0,1594,0,2768,0,4927,0,8039,0,12925,20785,0,31414,0,46930,0,68481,0,96629,0,133960,0,179206,0,233705,0,296028,0,364245,0,436044,0,506164,0,570817,0,626234,0,662743,0,679823,0,675729,0,651063,607673,0,548265,0,478590,0,406278,0,330987,0,266555,0,208611,0,161958,0,128355,0,106120,0,97117,0,99577,0,114259,0,139335,0,164676,0,172134,0,139524,0,67352,3928
0,0,0,0,0,0,0,0,0,0,0,0,0,0,0,0,0,0,0,0,0,0,0,0,0,0,0,0,0,0,0,0,0,0,0,0,0,0,0,0,0,0,0,0,1,0,2,0,4,0,13,0,27,0,50,0,118,0,235,0,485,0,868,0,1595,0,2745,0,4748,0,7978,0,12735,20447,0,31149,0,46614,0,67732,0,95865,0,132739,0,177719,0,232366,0,294265,0,362887,0,433790,0,504825,0,570716,0,624509,0,662987,0,679303,0,676913,0,652080,609126,0,550117,0,480101,0,407606,0,333947,0,267090,0,209717,0,162696,0,128661,0,106993,0,97378,0,99516,0,114320,0,139143,0,164904,0,172460,0,139710,0,67493,3920
0,0,0,0,0,0,0,0,0,0,0,0,0,0,0,0,0,0,0,0,0,0,0,0,0,0,0,0,0,0,0,0,0,0,0,0,0,0,0,0,0,0,0,0,0,0,3,0,6,0,10,0,25,0,63,0,101,0,238,0,450,0,894,0,1544,0,2707,0,4637,0,7973,0,12404,20357,0,30733,0,45982,0,67126,0,94923,0,131618,0,176608,0,230708,0,292582,0,361310,0,432114,0,504058,0,569540,0,622607,0,662905,0,679428,0,677377,0,654063,610144,0,552134,0,482205,0,409642,0,335177,0,268432,0,210600,0,163400,0,129391,0,107226,0,97479,0,99721,0,114670,0,138989,0,165031,0,172615,0,139878,0,67656,3924
0,0,0,0,0,0,0,0,0,0,0,0,0,0,0,0,0,0,0,0,0,0,0,0,0,0,0,0,0,0,0,0,0,0,0,0,0,0,0,0,0,0,0,0,2,0,2,0,3,0,12,0,25,0,55,0,110,0,242,0,452,0,853,0,1487,0,2678,0,4573,0,7961,0,12428,19774,0,30748,0,45185,0,66018,0,94780,0,130286,0,175920,0,228715,0,290553,0,360018,0,430541,0,502069,0,567273,0,623761,0,662197,0,678892,0,678811,0,654659,612549,0,552644,0,485724,0,410341,0,336617,0,269497,0,211762,0,164581,0,129876,0,107749,0,97621,0,100026,0,114613,0,138905,0,165057,0,172711,0,140487,0,67641,3924
0,0,0,0,0,0,0,0,0,0,0,0,0,0,0,0,0,0,0,0,0,0,0,0,0,0,0,0,0,0,0,0,0,0,0,0,0,0,0,0,0,0,0,0,2,0,2,0,2,0,13,0,20,0,63,0,100,0,234,0,433,0,850,0,1492,0,2650,0,4575,0,7657,0,12249,19836,0,29915,0,45027,0,65265,0,93128,0,129791,0,174807,0,226715,0,290151,0,357829,0,427907,0,501401,0,565835,0,622663,0,661630,0,679958,0,678896,0,656938,613736,0,554388,0,486664,0,412277,0,338297,0,271679,0,212470,0,165253,0,130658,0,107901,0,97681,0,100301,0,114676,0,138977,0,165036,0,172910,0,140810,0,67731,3929
0,0,0,0,0,0,0,0,0,0,0,0,0,0,0,0,0,0,0,0,0,0,0,0,0,0,0,0,0,0,0,0,0,0,0,0,0,0,0,0,0,0,0,0,1,0,2,0,2,0,11,0,29,0,58,0,110,0,236,0,436,0,790,0,1435,0,2624,0,4535,0,7502,0,12120,19499,0,29701,0,44431,0,64586,0,92143,0,129152,0,173350,0,225454,0,288006,0,356465,0,427037,0,498492,0,565161,0,622211,0,660228,0,681341,0,679260,0,658555,614568,0,556043,0,488571,0,414018,0,340124,0,272491,0,214055,0,165908,0,131558,0,108007,0,97957,0,100365,0,114680,0,138960,0,165155,0,173098,0,141078,0,67879,3930
0,0,0,0,0,0,0,0,0,0,0,0,0,0,0,0,0,0,0,0,0,0,0,0,0,0,0,0,0,0,0,0,0,0,0,0,0,0,0,0,0,0,0,0,1,0,1,0,4,0,12,0,26,0,54,0,118,0,240,0,398,0,777,0,1444,0,2591,0,4449,0,7442,0,11986,19202,0,29442,0,43698,0,64245,0,91388,0,127991,0,171858,0,223719,0,286825,0,354304,0,425817,0,497556,0,563314,0,620187,0,661001,0,681808,0,680904,0,658202,616136,0,557983,0,489864,0,416057,0,341141,0,274451,0,215450,0,166911,0,131975,0,108240,0,98271,0,100221,0,115063,0,138926,0,164965,0,173535,0,141151,0,68135,3929
0,0,0,0,0,0,0,0,0,0,0,0,0,0,0,0,0,0,0,0,0,0,0,0,0,0,0,0,0,0,0,0,0,0,0,0,0,0,0,0,0,0,1,0,0,0,0,0,5,0,14,0,22,0,53,0,118,0,205,0,440,0,770,0,1410,0,2516,0,4474,0,7313,0,11872,18881,0,28825,0,43672,0,63591,0,90878,0,126505,0,170332,0,222897,0,284485,0,352927,0,424692,0,495080,0,562323,0,620080,0,660180,0,681540,0,682441,0,658965,617793,0,559186,0,491589,0,417728,0,343752,0,275260,0,216641,0,167476,0,132471,0,108958,0,98565,0,100227,0,114957,0,138871,0,164995,0,173762,0,141536,0,68202,3932
0,0,0,0,0,0,0,0,0,0,0,0,0,0,0,0,0,0,0,0,0,0,0,0,0,0,0,0,0,0,0,0,0,0,0,0,0,0,0,0,0,0,1,0,0,0,3,0,3,0,15,0,15,0,51,0,123,0,213,0,410,0,784,0,1352,0,2528,0,4361,0,7215,0,11830,18437,0,28763,0,43088,0,63171,0,90067,0,124843,0,169363,0,221748,0,282224,0,351085,0,422604,0,494771,0,561013,0,618599,0,659524,0,681859,0,683085,0,660401,619379,0,561428,0,493513,0,419151,0,345642,0,276185,0,217809,0,168099,0,133331,0,109485,0,98416,0,100717,0,114538,0,139081,0,165038,0,174026,0,141745,0,68346,3930
0,0,0,0,0,0,0,0,0,0,0,0,0,0,0,0,0,0,0,0,0,0,0,0,0,0,0,0,0,0,0,0,0,0,0,0,0,0,0,0,1,0,0,0,0,0,3,0,3,0,8,0,23,0,47,0,123,0,215,0,402,0,715,0,1412,0,2517,0,4235,0,7127,0,11623,18238,0,28496,0,42623,0,62638,0,88949,0,123830,0,168105,0,220313,0,280853,0,349120,0,421013,0,493045,0,560572,0,616952,0,658475,0,681991,0,684270,0,662934,619679,0,563560,0,494867,0,420827,0,347099,0,277820,0,218961,0,169306,0,133412,0,109967,0,98894,0,100865,0,114358,0,139214,0,165061,0,174243,0,142012,0,68458,3934
0,0,0,0,0,0,0,0,0,0,0,0,0,0,0,0,0,0,0,0,0,0,0,0,0,0,0,0,0,0,0,0,0,0,0,0,0,0,1,0,0,0,0,0,0,0,1,0,8,0,7,0,24,0,54,0,103,0,177,0,424,0,714,0,1384,0,2499,0,4239,0,6872,0,11401,18226,0,27993,0,42437,0,61877,0,88587,0,122511,0,166837,0,218437,0,279834,0,347231,0,419383,0,490980,0,560287,0,615226,0,659388,0,681304,0,684177,0,663462,621971,0,565527,0,496138,0,422817,0,348586,0,279601,0,220272,0,170070,0,133694,0,110465,0,99189,0,100800,0,114813,0,139121,0,165228,0,174171,0,142290,0,68638,3932
0,0,0,0,0,0,0,0,0,0,0,0,0,0,0,0,0,0,0,0,0,0,0,0,0,0,0,0,0,0,0,0,0,0,0,0,0,0,1,0,0,0,0,0,0,0,1,0,6,0,11,0,19,0,58,0,97,0,185,0,397,0,706,0,1351,0,2426,0,4149,0,6939,0,11154,18034,0,27830,0,41947,0,61383,0,87305,0,122333,0,164507,0,217784,0,278234,0,345570,0,417585,0,490128,0,557763,0,614892,0,658572,0,682273,0,683660,0,664752,624186,0,566586,0,497971,0,424500,0,350183,0,281382,0,220809,0,171290,0,134415,0,110956,0,99226,0,101341,0,114627,0,138845,0,165431,0,174366,0,142549,0,68763,3930
0,0,0,0,0,0,0,0,0,0,0,0,0,0,0,0,0,0,0,0,0,0,0,0,0,0,0,0,0,0,0,0,0,0,0,0,1,0,0,0,0,0,0,0,1,0,1,0,1,0,15,0,21,0,41,0,109,0,193,0,383,0,726,0,1362,0,2371,0,4048,0,6804,0,11113,17751,0,27460,0,41515,0,60771,0,86766,0,120739,0,164088,0,216358,0,275971,0,344192,0,416320,0,489055,0,555381,0,615076,0,657128,0,682193,0,684638,0,665983,625021,0,568629,0,499674,0,426280,0,351695,0,283203,0,221681,0,172272,0,134846,0,111615,0,99267,0,101444,0,114679,0,138983,0,165517,0,174388,0,142788,0,68921,3930
0,0,0,0,0,0,0,0,0,0,0,0,0,0,0,0,0,0,0,0,0,0,0,0,0,0,0,0,0,0,0,0,0,0,0,1,0,0,0,0,0,0,1,0,0,0,1,0,3,0,9,0,25,0,45,0,106,0,183,0,366,0,724,0,1368,0,2276,0,4038,0,6647,0,10918,17574,0,27420,0,40765,0,60487,0,85622,0,120058,0,162564,0,214738,0,275345,0,342370,0,414038,0,487808,0,553914,0,614140,0,657421,0,681318,0,685830,0,666060,627254,0,570431,0,500844,0,428257,0,353290,0,284729,0,222734,0,173045,0,135614,0,111942,0,99578,0,101556,0,114915,0,138704,0,165679,0,174616,0,143071,0,69035,3931
0,0,0,0,0,0,0,0,0,0,0,0,0,0,0,0,0,0,0,0,0,0,0,0,0,0,0,0,0,0,0,0,0,0,0,1,0,0,0,0,0,0,0,0,1,0,0,0,5,0,10,0,17,0,49,0,107,0,179,0,352,0,752,0,1285,0,2274,0,3850,0,6729,0,10741,17250,0,27016,0,40620,0,59574,0,85338,0,118786,0,161257,0,213347,0,273346,0,341323,0,411652,0,485931,0,553947,0,613278,0,656755,0,681488,0,686086,0,666565,629227,0,571540,0,503095,0,430511,0,354619,0,285995,0,223861,0,174044,0,136242,0,112165,0,100012,0,101612,0,114925,0,138873,0,165480,0,174720,0,143440,0,69205,3931
0,0,0,0,0,0,0,0,0,0,0,0,0,0,0,0,0,0,0,0,0,0,0,0,0,0,0,0,0,0,0,0,0,1,0,0,0,0,0,0,0,0,0,0,1,0,0,0,5,0,11,0,17,0,50,0,109,0,174,0,344,0,715,0,1278,0,2300,0,3776,0,6615,0,10770,17025,0,26496,0,40237,0,58873,0,85004,0,117691,0,160358,0,211405,0,271952,0,339090,0,410838,0,484201,0,552061,0,612647,0,656277,0,681634,0,686381,0,668039,629766,0,574057,0,504768,0,431329,0,357388,0,286959,0,225107,0,175014,0,136925,0,112298,0,100294,0,101747,0,115141,0,138896,0,165313,0,174946,0,143815,0,69336,3934
0,0,0,0,0,0,0,0,0,0,0,0,0,0,0,0,0,0,0,0,0,0,0,0,0,0,0,0,0,0,0,0,0,0,0,1,0,0,0,0,0,0,0,0,1,0,1,0,3,0,9,0,19,0,48,0,108,0,169,0,385,0,685,0,1190,0,2243,0,3894,0,6337,0,10680,16976,0,26069,0,39834,0,58416,0,83980,0,117014,0,158953,0,210033,0,269992,0,337749,0,409542,0,482359,0,550823,0,610864,0,656272,0,682174,0,686676,0,668932,631482,0,575356,0,506743,0,433285,0,359284,0,287887,0,226090,0,175931,0,137569,0,112990,0,100312,0,101962,0,115375,0,138787,0,165275,0,174991,0,144308,0,69422,3928
0,0,0,0,0,0,0,0,0,0,0,0,0,0,0,0,0,0,0,0,0,0,0,0,0,0,0,0,0,0,0,0,0,0,0,1,0,0,0,0,0,0,0,0,1,0,1,0,2,0,10,0,18,0,38,0,107,0,194,0,339,0,714,0,1163,0,2200,0,3842,0,6301,0,10595,16641,0,25989,0,39215,0,58085,0,82742,0,116071,0,158077,0,208859,0,268576,0,336307,0,407216,0,480490,0,549494,0,610070,0,655614,0,682345,0,686912,0,670716,632912,0,576736,0,508497,0,435146,0,360617,0,289552,0,227663,0,176545,0,137947,0,113143,0,101020,0,101889,0,115140,0,139149,0,165257,0,175243,0,144389,0,69687,3931
0,0,0,0,0,0,0,0,0,0,0,0,0,0,0,0,0,0,0,0,0,0,0,0,0,0,0,0,0,0,0,0,0,0,0,0,1,0,0,0,0,0,1,0,0,0,1,0,1,0,10,0,19,0,39,0,88,0,195,0,349,0,659,0,1138,0,2168,0,3810,0,6290,0,10410,16539,0,25709,0,38631,0,57109,0,82603,0,115085,0,156488,0,208180,0,266338,0,333985,0,406199,0,479321,0,548315,0,608610,0,655480,0,682375,0,688085,0,670960,633959,0,578557,0,510433,0,436577,0,362529,0,291048,0,228839,0,177552,0,138310,0,113822,0,101193,0,101793,0,115193,0,139229,0,165558,0,175090,0,144792,0,69811,3932
0,0,0,0,0,0,0,0,0,0,0,0,0,0,0,0,0,0,0,0,0,0,0,0,0,0,0,0,0,0,0,0,0,0,0,0,1,0,0,0,0,0,1,0,0,0,0,0,5,0,10,0,13,0,39,0,101,0,175,0,372,0,601,0,1154,0,2025,0,3785,0,6372,0,10166,16332,0,25318,0,38293,0,56817,0,81475,0,114505,0,155364,0,205939,0,266211,0,331803,0,403705,0,478233,0,547409,0,607835,0,654019,0,682710,0,688784,0,671404,635963,0,580126,0,511841,0,438595,0,364277,0,292934,0,229573,0,178078,0,139342,0,113812,0,101684,0,101710,0,115490,0,139162,0,165913,0,175086,0,145010,0,69907,3929
0,0,0,0,0,0,0,0,0,0,0,0,0,0,0,0,0,0,0,0,0,0,0,0,0,0,0,0,0,0,0,0,0,0,0,0,0,0,1,0,0,0,1,0,0,0,0,0,3,0,9,0,14,0,35,0,98,0,210,0,312,0,589,0,1163,0,2059,0,3711,0,6288,0,9974,16182,0,24970,0,38008,0,55798,0,81209,0,113326,0,154662,0,204322,0,264821,0,330328,0,402407,0,475964,0,545949,0,606665,0,654135,0,682279,0,688886,0,672940,637251,0,581742,0,513378,0,440711,0,365654,0,294403,0,230662,0,179149,0,139864,0,114478,0,101927,0,101832,0,115425,0,139107,0,166159,0,175126,0,145152,0,70141,3929
0,0,0,0,0,0,0,0,0,0,0,0,0,0,0,0,0,0,0,0,0,0,0,0,0,0,0,0,0,0,0,0,0,0,0,0,0,0,1,0,0,0,0,0,1,0,1,0,3,0,6,0,16,0,46,0,93,0,195,0,311,0,572,0,1137,0,2039,0,3593,0,6198,0,10165,15628,0,24725,0,37799,0,55670,0,80054,0,112455,0,153584,0,203111,0,262356,0,328817,0,401682,0,474088,0,543697,0,606626,0,653138,0,682012,0,690004,0,674464,637954,0,582612,0,516135,0,442351,0,367063,0,295956,0,231768,0,179867,0,140344,0,115283,0,102114,0,101752,0,115760,0,139180,0,166054,0,175372,0,145276,0,70352,3928
0,0,0,0,0,0,0,0,0,0,0,0,0,0,0,0,0,0,0,0,0,0,0,0,0,0,0,0,0,0,0,0,0,0,0,0,0,0,0,0,1,0,0,0,2,0,1,0,2,0,6,0,12,0,57,0,79,0,183,0,319,0,571,0,1154,0,1985,0,3571,0,6043,0,9959,15555,0,24324,0,37332,0,55380,0,79121,0,111773,0,152074,0,202516,0,260302,0,327427,0,399673,0,471826,0,544363,0,604208,0,653224,0,681865,0,691158,0,674850,637797,0,585106,0,518131,0,444109,0,368382,0,297607,0,233435,0,179982,0,141502,0,115328,0,102743,0,101866,0,115606,0,139202,0,166200,0,175633,0,145446,0,70485,3932
0,0,0,0,0,0,0,0,0,0,0,0,0,0,0,0,0,0,0,0,0,0,0,0,0,0,0,0,0,0,0,0,0,0,0,0,0,0,0,0,0,0,1,0,2,0,1,0,0,0,10,0,17,0,47,0,77,0,170,0,312,0,601,0,1110,0,1964,0,3516,0,5981,0,9755,15412,0,24098,0,36837,0,54692,0,78833,0,110475,0,151383,0,200542,0,259806,0,324859,0,397808,0,471089,0,542143,0,603555,0,652806,0,682238,0,690190,0,676606,639813,0,586949,0,520191,0,445321,0,369668,0,298866,0,234428,0,181344,0,141749,0,115784,0,102967,0,102150,0,115877,0,139002,0,166337,0,175677,0,145742,0,70669,3938
0,0,0,0,0,0,0,0,0,0,0,0,0,0,0,0,0,0,0,0,0,0,0,0,0,0,0,0,0,0,0,0,0,0,0,0,0,0,0,0,0,0,2,0,1,0,1,0,0,0,8,0,24,0,42,0,89,0,134,0,322,0,600,0,1096,0,1932,0,3492,0,5838,0,9671,15277,0,23785,0,36477,0,54005,0,78279,0,109628,0,149767,0,199836,0,257518,0,324141,0,395514,0,470112,0,540459,0,602388,0,651458,0,683171,0,690167,0,677870,640998,0,588292,0,522259,0,446874,0,371705,0,299780,0,236132,0,182120,0,142855,0,115704,0,103296,0,102279,0,115967,0,139305,0,166109,0,175909,0,145819,0,70964,3937
0,0,0,0,0,0,0,0,0,0,0,0,0,0,0,0,0,0,0,0,0,0,0,0,0,0,0,0,0,0,0,0,0,0,0,0,0,0,0,0,1,0,1,0,1,0,0,0,2,0,2,0,27,0,38,0,86,0,151,0,306,0,567,0,1117,0,1936,0,3389,0,5621,0,9604,15179,0,23541,0,35800,0,53973,0,77196,0,108571,0,148738,0,198555,0,256447,0,322311,0,394187,0,468386,0,538811,0,601489,0,651484,0,682694,0,689828,0,679003,642917,0,590493,0,522852,0,449004,0,373337,0,301449,0,236413,0,183330,0,143581,0,116373,0,103635,0,102302,0,116086,0,139440,0,165977,0,176178,0,146012,0,71046,3941
0,0,0,0,0,0,0,0,0,0,0,0,0,0,0,0,0,0,0,0,0,0,0,0,0,0,0,0,0,0,0,0,0,0,0,0,0,0,0,0,1,0,1,0,1,0,0,0,1,0,6,0,20,0,41,0,75,0,166,0,296,0,565,0,1066,0,1889,0,3304,0,5670,0,9322,15102,0,22978,0,35643,0,53536,0,76318,0,107494,0,148118,0,196947,0,254776,0,321183,0,392057,0,466775,0,538023,0,600037,0,650847,0,682591,0,691510,0,678717,644159,0,592266,0,524324,0,451561,0,374684,0,302810,0,237712,0,184444,0,143861,0,116959,0,103409,0,103043,0,115967,0,139298,0,166079,0,176458,0,146148,0,71210,3940
0,0,0,0,0,0,0,0,0,0,0,0,0,0,0,0,0,0,0,0,0,0,0,0,0,0,0,0,0,0,0,0,0,0,0,0,0,0,0,0,1,0,2,0,0,0,0,0,1,0,4,0,19,0,38,0,82,0,164,0,303,0,494,0,1105,0,1864,0,3262,0,5559,0,9231,14777,0,22936,0,35382,0,52796,0,75911,0,106655,0,146234,0,195857,0,253349,0,318829,0,391752,0,464214,0,536461,0,599588,0,650787,0,682248,0,692465,0,679694,644948,0,592838,0,526945,0,453201,0,376814,0,304062,0,238652,0,185303,0,144537,0,117352,0,103778,0,103261,0,115909,0,139025,0,166507,0,176472,0,146524,0,71279,3937
0,0,0,0,0,0,0,0,0,0,0,0,0,0,0,0,0,0,0,0,0,0,0,0,0,0,0,0,0,0,0,0,0,0,0,0,0,0,0,0,1,0,1,0,1,0,0,0,0,0,7,0,18,0,37,0,63,0,179,0,272,0,566,0,984,0,1922,0,3136,0,5493,0,9178,14580,0,22824,0,35008,0,52165,0,75380,0,105301,0,145394,0,194316,0,252245,0,317565,0,389335,0,463184,0,535411,0,598830,0,648890,0,682592,0,692049,0,681146,646225,0,594521,0,528627,0,455146,0,378417,0,305366,0,239861,0,186353,0,145174,0,118001,0,104147,0,102941,0,116048,0,139110,0,166672,0,176681,0,146718,0,71385,3942
0,0,0,0,0,0,0,0,0,0,0,0,0,0,0,0,0,0,0,0,0,0,0,0,0,0,0,0,0,0,0,0,0,0,0,0,0,0,0,0,1,0,0,0,1,0,1,0,0,0,8,0,22,0,34,0,60,0,167,0,288,0,548,0,1025,0,1805,0,3130,0,5404,0,9009,14440,0,22488,0,34834,0,51331,0,74615,0,104910,0,144372,0,192692,0,250833,0,315900,0,387435,0,461894,0,533597,0,598275,0,649038,0,681738,0,692336,0,682062,648623,0,595846,0,530400,0,456027,0,380252,0,306289,0,240711,0,188091,0,146099,0,117933,0,104344,0,103232,0,116153,0,138966,0,166854,0,176822,0,146898,0,71634,3941
0,0,0,0,0,0,0,0,0,0,0,0,0,0,0,0,0,0,0,0,0,0,0,0,0,0,0,0,0,0,0,0,0,0,0,0,0,0,0,0,1,0,0,0,2,0,0,0,1,0,8,0,21,0,29,0,69,0,153,0,295,0,539,0,1003,0,1834,0,3010,0,5396,0,8850,14160,0,22440,0,34279,0,50731,0,73776,0,104449,0,143185,0,191636,0,248693,0,315172,0,386122,0,459341,0,532873,0,595927,0,649299,0,681608,0,692302,0,683524,649509,0,597126,0,532899,0,458138,0,380779,0,307798,0,242797,0,188554,0,146759,0,118661,0,104345,0,103269,0,116119,0,139070,0,167092,0,176885,0,147194,0,71729,3957
0,0,0,0,0,0,0,0,0,0,0,0,0,0,0,0,0,0,0,0,0,0,0,0,0,0,0,0,0,0,0,0,0,0,0,0,0,0,1,0,0,0,0,0,1,0,1,0,2,0,7,0,22,0,30,0,62,0,156,0,267,0,536,0,983,0,1769,0,3094,0,5304,0,8625,14089,0,22047,0,34002,0,50443,0,72645,0,103388,0,142076,0,191029,0,247344,0,313367,0,384496,0,457434,0,529865,0,597423,0,647983,0,681877,0,692593,0,683919,650501,0,598774,0,534419,0,460808,0,381944,0,309145,0,244328,0,189178,0,147573,0,119389,0,104226,0,103641,0,115997,0,139333,0,166933,0,177141,0,147287,0,71954,3957
0,0,0,0,0,0,0,0,0,0,0,0,0,0,0,0,0,0,0,0,0,0,0,0,0,0,0,0,0,0,0,0,0,0,0,0,0,0,0,0,1,0,0,0,1,0,0,0,4,0,9,0,16,0,32,0,70,0,121,0,266,0,528,0,994,0,1759,0,3111,0,5114,0,8567,13921,0,21739,0,33671,0,49771,0,71769,0,102633,0,141726,0,189142,0,246420,0,311646,0,382344,0,456444,0,528919,0,595287,0,648689,0,680951,0,693455,0,683547,652555,0,600026,0,536021,0,462321,0,383741,0,310910,0,245141,0,190448,0,148440,0,119689,0,104527,0,103504,0,116146,0,139635,0,166817,0,177256,0,147447,0,72161,3956
0,0,0,0,0,0,0,0,0,0,0,0,0,0,0,0,0,0,0,0,0,0,0,0,0,0,0,0,0,0,0,0,0,0,0,0,0,0,0,0,0,0,2,0,0,0,0,0,6,0,10,0,10,0,32,0,65,0,129,0,258,0,506,0,1026,0,1747,0,2971,0,5023,0,8506,13756,0,21403,0,33346,0,49282,0,71448,0,101541,0,140586,0,188082,0,244977,0,309475,0,381157,0,454788,0,528023,0,594026,0,647134,0,680989,0,694188,0,684925,653114,0,601716,0,537829,0,463869,0,385684,0,312470,0,246042,0,191216,0,149461,0,120064,0,104699,0,103698,0,116387,0,139379,0,167021,0,177563,0,147529,0,72302,3948
0,0,0,0,0,0,0,0,0,0,0,0,0,0,0,0,0,0,0,0,0,0,0,0,0,0,0,0,0,0,0,0,0,0,0,0,0,0,0,0,0,0,1,0,1,0,0,0,8,0,9,0,11,0,34,0,53,0,142,0,245,0,516,0,975,0,1744,0,2935,0,4971,0,8304,13628,0,21208,0,32962,0,48622,0,71128,0,100859,0,139158,0,187316,0,243243,0,307775,0,379837,0,452655,0,526753,0,594125,0,644548,0,681623,0,694087,0,685756,654561,0,603518,0,539453,0,465029,0,387907,0,313710,0,247994,0,191609,0,150217,0,120776,0,104848,0,103803,0,116545,0,139633,0,166584,0,177873,0,147770,0,72398,3948
0,0,0,0,0,0,0,0,0,0,0,0,0,0,0,0,0,0,0,0,0,0,0,0,0,0,0,0,0,0,0,0,0,0,0,0,0,0,0,0,0,0,0,0,2,0,2,0,5,0,6,0,12,0,27,0,60,0,129,0,244,0,500,0,960,0,1730,0,2891,0,4931,0,8246,13266,0,21013,0,32391,0,48510,0,70681,0,99766,0,138314,0,186036,0,241530,0,306589,0,377699,0,451927,0,524950,0,591920,0,644473,0,681266,0,695231,0,686319,655874,0,604612,0,541549,0,466373,0,389813,0,315134,0,248698,0,193462,0,150397,0,121322,0,104891,0,104166,0,116605,0,139675,0,166826,0,178032,0,147805,0,72606,3942
0,0,0,0,0,0,0,0,0,0,0,0,0,0,0,0,0,0,0,0,0,0,0,0,0,0,0,0,0,0,0,0,0,0,0,0,0,0,0,0,0,0,0,0,2,0,1,0,5,0,6,0,16,0,22,0,59,0,129,0,258,0,455,0,946,0,1680,0,2859,0,4847,0,8087,13237,0,20919,0,31941,0,47941,0,69865,0,99170,0,137518,0,184374,0,240496,0,304995,0,375971,0,450963,0,523533,0,588657,0,643967,0,681523,0,695643,0,687192,657921,0,606101,0,542233,0,468856,0,391945,0,316133,0,250219,0,193973,0,151712,0,121543,0,104992,0,104175,0,116771,0,139784,0,166718,0,178218,0,148151,0,72744,3942
0,0,0,0,0,0,0,0,0,0,0,0,0,0,0,0,0,0,0,0,0,0,0,0,0,0,0,0,0,0,0,0,0,0,0,0,0,0,0,0,0,0,0,0,2,0,1,0,4,0,13,0,6,0,29,0,59,0,125,0,254,0,476,0,883,0,1647,0,2859,0,4774,0,7983,13113,0,20535,0,31721,0,47370,0,69324,0,98136,0,136478,0,183236,0,238847,0,303648,0,374589,0,449440,0,521513,0,588871,0,642406,0,681008,0,696491,0,688316,657538,0,609014,0,544685,0,469644,0,393490,0,317656,0,250981,0,195473,0,152164,0,121754,0,105808,0,103854,0,117043,0,139920,0,166873,0,178204,0,148350,0,72854,3946
0,0,0,0,0,0,0,0,0,0,0,0,0,0,0,0,0,0,0,0,0,0,0,0,0,0,0,0,0,0,0,0,0,0,0,0,0,0,0,0,0,0,0,0,0,0,4,0,0,0,14,0,11,0,27,0,58,0,118,0,230,0,485,0,885,0,1569,0,2885,0,4716,0,7761,12932,0,20479,0,31185,0,46826,0,68593,0,97853,0,135305,0,182262,0,237096,0,301978,0,373390,0,447732,0,519745,0,587804,0,641912,0,680257,0,697555,0,687650,659747,0,610517,0,546196,0,471884,0,394928,0,319120,0,252187,0,196394,0,153126,0,121960,0,106160,0,103980,0,117101,0,140019,0,166819,0,178276,0,148842,0,72888,3947
0,0,0,0,0,0,0,0,0,0,0,0,0,0,0,0,0,0,0,0,0,0,0,0,0,0,0,0,0,0,0,0,0,0,0,0,0,0,0,0,0,0,0,0,1,0,3,0,3,0,10,0,11,0,24,0,54,0,115,0,243,0,473,0,852,0,1541,0,2757,0,4668,0,7660,12827,0,20278,0,30869,0,46312,0,67857,0,97265,0,134405,0,179929,0,236718,0,300156,0,371792,0,445456,0,518224,0,587342,0,641941,0,679245,0,697631,0,688834,661405,0,611749,0,547396,0,474546,0,395679,0,321246,0,253433,0,197410,0,153109,0,122629,0,106612,0,104245,0,116938,0,140046,0,166795,0,178722,0,148902,0,73103,3947
0,0,0,0,0,0,0,0,0,0,0,0,0,0,0,0,0,0,0,0,0,0,0,0,0,0,0,0,0,0,0,0,0,0,0,0,0,0,0,0,0,0,0,0,1,0,2,0,3,0,5,0,17,0,25,0,57,0,110,0,219,0,457,0,859,0,1550,0,2762,0,4601,0,7562,12426,0,20183,0,30555,0,45866,0,67070,0,96398,0,133202,0,179293,0,234594,0,299236,0,370107,0,444142,0,517754,0,584828,0,641204,0,679492,0,697389,0,690628,661795,0,612868,0,549748,0,475462,0,398077,0,322698,0,254178,0,198762,0,153372,0,123364,0,106811,0,104616,0,116904,0,139826,0,167169,0,178741,0,149130,0,73348,3942
0,0,0,0,0,0,0,0,0,0,0,0,0,0,0,0,0,0,0,0,0,0,0,0,0,0,0,0,0,0,0,0,0,0,0,0,0,0,0,0,0,0,0,0,2,0,1,0,2,0,6,0,12,0,27,0,54,0,108,0,235,0,438,0,845,0,1482,0,2690,0,4551,0,7585,12349,0,19483,0,30638,0,45417,0,66432,0,95647,0,132213,0,177774,0,233293,0,297687,0,368670,0,442462,0,517050,0,583894,0,639042,0,680385,0,696977,0,691500,662607,0,615985,0,550755,0,476255,0,400139,0,324358,0,255561,0,199133,0,154211,0,123681,0,107002,0,104935,0,117070,0,139709,0,167284,0,179006,0,149370,0,73449,3947
0,0,0,0,0,0,0,0,0,0,0,0,0,0,0,0,0,0,0,0,0,0,0,0,0,0,0,0,0,0,0,0,0,0,0,0,0,0,0,0,0,0,0,0,1,0,1,0,2,0,6,0,11,0,28,0,40,0,130,0,238,0,424,0,835,0,1468,0,2573,0,4608,0,7510,12128,0,19312,0,30028,0,45159,0,66052,0,94608,0,130753,0,177505,0,231633,0,295445,0,367176,0,442556,0,514503,0,584057,0,638479,0,678163,0,697048,0,692932,663924,0,617573,0,551780,0,478604,0,401160,0,326004,0,256833,0,200322,0,154839,0,124008,0,107424,0,105263,0,116883,0,139728,0,167262,0,178888,0,149946,0,73609,3946
0,0,0,0,0,0,0,0,0,0,0,0,0,0,0,0,0,0,0,0,0,0,0,0,0,0,0,0,0,0,0,0,0,0,0,0,0,0,0,0,0,0,0,0,1,0,1,0,3,0,4,0,18,0,17,0,54,0,112,0,251,0,430,0,776,0,1470,0,2574,0,4480,0,7546,11813,0,19116,0,29714,0,44839,0,65424,0,93517,0,130071,0,175881,0,230627,0,294513,0,364449,0,440354,0,514998,0,581728,0,638143,0,677345,0,698132,0,693098,666312,0,618243,0,553152,0,480049,0,403791,0,326834,0,258335,0,201077,0,155602,0,124638,0,107336,0,105407,0,117167,0,139785,0,167330,0,179186,0,149902,0,73813,3950
0,0,0,0,0,0,0,0,0,0,0,0,0,0,0,0,0,0,0,0,0,0,0,0,0,0,0,0,0,0,0,0,0,0,0,0,0,0,0,0,0,0,0,0,1,0,0,0,2,0,8,0,12,0,19,0,47,0,132,0,226,0,429,0,781,0,1461,0,2537,0,4324,0,7371,11996,0,18805,0,29210,0,44414,0,65029,0,92529,0,129086,0,174750,0,229071,0,293151,0,363721,0,437829,0,512565,0,581197,0,637571,0,677112,0,698090,0,694660,667091,0,619880,0,554743,0,482223,0,405182,0,327991,0,259650,0,201983,0,156493,0,125044,0,107648,0,105503,0,117265,0,140037,0,167240,0,179159,0,150098,0,74090,3952
0,0,0,0,0,0,0,0,0,0,0,0,0,0,0,0,0,0,0,0,0,0,0,0,0,0,0,0,0,0,0,0,0,0,0,0,0,0,0,0,0,0,0,0,0,0,1,0,2,0,6,0,15,0,19,0,46,0,125,0,209,0,412,0,791,0,1461,0,2497,0,4268,0,7231,11816,0,18572,0,28982,0,43948,0,64350,0,91668,0,128590,0,173111,0,228171,0,291183,0,362337,0,436469,0,510964,0,579435,0,636845,0,678132,0,697042,0,695085,668577,0,620983,0,557768,0,484028,0,405522,0,329708,0,261054,0,203234,0,157278,0,125559,0,107784,0,105531,0,117437,0,139960,0,167623,0,179142,0,150157,0,74327,3953
0,0,0,0,0,0,0,0,0,0,0,0,0,0,0,0,0,0,0,0,0,0,0,0,0,0,0,0,0,0,0,0,0,0,0,0,0,0,0,0,0,0,0,0,0,0,1,0,3,0,8,0,7,0,23,0,50,0,105,0,227,0,401,0,762,0,1424,0,2461,0,4182,0,7216,11523,0,18425,0,28694,0,43678,0,63919,0,90963,0,126954,0,172416,0,227003,0,289826,0,359678,0,435388,0,509528,0,577753,0,636048,0,678696,0,696988,0,695109,670151,0,622455,0,559376,0,485786,0,407619,0,331001,0,262523,0,203756,0,157869,0,126451,0,108089,0,105825,0,117079,0,140236,0,167681,0,179209,0,150454,0,74435,3954
0,0,0,0,0,0,0,0,0,0,0,0,0,0,0,0,0,0,0,0,0,0,0,0,0,0,0,0,0,0,0,0,0,0,0,0,0,0,0,0,0,0,0,0,1,0,1,0,4,0,7,0,5,0,19,0,62,0,109,0,210,0,382,0,773,0,1378,0,2408,0,4234,0,6993,11448,0,18151,0,28328,0,43376,0,63378,0,90401,0,125791,0,171284,0,225338,0,288006,0,358617,0,433438,0,508092,0,577014,0,635581,0,677520,0,696859,0,696963,671290,0,623380,0,561616,0,487545,0,409014,0,332235,0,264234,0,204070,0,159037,0,126716,0,108088,0,106457,0,116944,0,140285,0,167832,0,179248,0,150790,0,74503,3953
0,0,0,0,0,0,0,0,0,0,0,0,0,0,0,0,0,0,0,0,0,0,0,0,0,0,0,0,0,0,0,0,0,0,0,0,0,0,0,0,0,0,0,0,0,0,2,0,2,0,10,0,6,0,21,0,66,0,86,0,196,0,401,0,736,0,1370,0,2392,0,4173,0,6964,11284,0,17945,0,28145,0,42752,0,62604,0,89925,0,124683,0,170009,0,223851,0,286325,0,358022,0,431565,0,505857,0,575673,0,636382,0,674786,0,698727,0,697764,672124,0,625671,0,562190,0,489424,0,410075,0,334626,0,264969,0,205680,0,159518,0,126858,0,108640,0,106730,0,117053,0,140384,0,167736,0,179231,0,151034,0,74785,3956
0,0,0,0,0,0,0,0,0,0,0,0,0,0,0,0,0,0,0,0,0,0,0,0,0,0,0,0,0,0,0,0,0,0,0,0,0,0,0,0,0,0,0,0,0,0,2,0,2,0,5,0,9,0,28,0,50,0,109,0,184,0,403,0,737,0,1349,0,2320,0,4145,0,6909,11216,0,17760,0,27730,0,42458,0,62056,0,89034,0,123863,0,168860,0,222336,0,284937,0,356068,0,430107,0,504510,0,574348,0,635396,0,675279,0,698552,0,698050,673320,0,627376,0,563897,0,490469,0,412854,0,335487,0,266191,0,206548,0,160273,0,127468,0,109202,0,106401,0,117295,0,140456,0,168039,0,179266,0,151266,0,74830,3958
0,0,0,0,0,0,0,0,0,0,0,0,0,0,0,0,0,0,0,0,0,0,0,0,0,0,0,0,0,0,0,0,0,0,0,0,0,0,0,0,0,0,0,0,1,0,3,0,1,0,4,0,10,0,26,0,46,0,96,0,197,0,383,0,689,0,1404,0,2341,0,3982,0,6865,10959,0,17545,0,27579,0,41686,0,61908,0,88053,0,123133,0,167432,0,221248,0,283290,0,353994,0,428791,0,503407,0,574093,0,633508,0,675074,0,698443,0,698128,674465,0,629250,0,566358,0,492730,0,413301,0,337461,0,267509,0,207474,0,160816,0,128100,0,109438,0,106336,0,117419,0,140523,0,167972,0,179516,0,151363,0,75095,3963
0,0,0,0,0,0,0,0,0,0,0,0,0,0,0,0,0,0,0,0,0,0,0,0,0,0,0,0,0,0,0,0,0,0,0,0,0,0,0,0,0,0,0,0,1,0,2,0,2,0,2,0,11,0,18,0,53,0,83,0,209,0,354,0,713,0,1361,0,2285,0,4040,0,6643,10785,0,17468,0,27332,0,41211,0,61166,0,87626,0,122166,0,166091,0,219357,0,282268,0,352768,0,427365,0,502173,0,573136,0,631500,0,674112,0,700043,0,698144,675113,0,631405,0,568335,0,493979,0,414736,0,339212,0,268562,0,209105,0,161158,0,128429,0,109882,0,106483,0,117396,0,140768,0,168061,0,179262,0,151729,0,75340,3965
0,0,0,0,0,0,0,0,0,0,0,0,0,0,0,0,0,0,0,0,0,0,0,0,0,0,0,0,0,0,0,0,0,0,0,0,0,0,0,0,0,0,1,0,0,0,2,0,2,0,0,0,9,0,23,0,40,0,88,0,190,0,383,0,688,0,1274,0,2310,0,4002,0,6449,10817,0,17082,0,27083,0,40963,0,60526,0,86435,0,121734,0,164794,0,217548,0,281405,0,351045,0,426011,0,501227,0,570985,0,630497,0,674865,0,699355,0,699009,675400,0,633113,0,570521,0,495170,0,416822,0,341059,0,270015,0,209106,0,161932,0,129265,0,110289,0,106676,0,117427,0,140788,0,167985,0,179729,0,151751,0,75556,3962
0,0,0,0,0,0,0,0,0,0,0,0,0,0,0,0,0,0,0,0,0,0,0,0,0,0,0,0,0,0,0,0,0,0,0,0,0,0,0,0,0,0,1,0,1,0,1,0,1,0,1,0,11,0,19,0,43,0,92,0,187,0,357,0,696,0,1237,0,2294,0,3923,0,6367,10605,0,17006,0,26645,0,40665,0,59891,0,85956,0,120603,0,163411,0,217078,0,279785,0,349454,0,424022,0,500004,0,570121,0,629152,0,673676,0,700461,0,699496,677392,0,633378,0,571570,0,497159,0,418566,0,343091,0,270765,0,210478,0,162727,0,129649,0,110747,0,106986,0,117284,0,140550,0,168446,0,179796,0,151969,0,75631,3962
0,0,0,0,0,0,0,0,0,0,0,0,0,0,0,0,0,0,0,0,0,0,0,0,0,0,0,0,0,0,0,0,0,0,0,0,0,0,0,0,0,0,0,0,2,0,1,0,1,0,2,0,9,0,16,0,42,0,99,0,177,0,345,0,676,0,1239,0,2251,0,3813,0,6380,10332,0,16973,0,26182,0,40470,0,59123,0,85424,0,119632,0,162411,0,215760,0,277562,0,348527,0,422818,0,498669,0,568642,0,628368,0,672862,0,699917,0,701199,678531,0,634390,0,573218,0,498853,0,420068,0,344005,0,273098,0,211311,0,163526,0,129891,0,111388,0,106624,0,117389,0,140749,0,168464,0,180078,0,152289,0,75653,3959
0,0,0,0,0,0,0,0,0,0,0,0,0,0,0,0,0,0,0,0,0,0,0,0,0,0,0,0,0,0,0,0,0,0,0,0,0,0,0,0,0,0,0,0,3,0,0,0,0,0,4,0,9,0,19,0,39,0,94,0,175,0,339,0,656,0,1249,0,2219,0,3778,0,6139,10442,0,16721,0,25982,0,39806,0,58895,0,84464,0,118705,0,161813,0,214218,0,275983,0,346733,0,421406,0,497464,0,566898,0,628246,0,672094,0,699898,0,701834,679803,0,635724,0,573874,0,501802,0,421568,0,345756,0,274026,0,212233,0,164081,0,130474,0,111769,0,106889,0,117187,0,141055,0,168547,0,180422,0,152287,0,75620,3966
0,0,0,0,0,0,0,0,0,0,0,0,0,0,0,0,0,0,0,0,0,0,0,0,0,0,0,0,0,0,0,0,0,0,0,0,0,0,0,0,0,0,1,0,1,0,1,0,0,0,4,0,8,0,18,0,37,0,92,0,167,0,343,0,660,0,1217,0,2161,0,3692,0,6129,10245,0,16542,0,25703,0,39568,0,58303,0,84208,0,117284,0,160603,0,213647,0,274553,0,344348,0,420253,0,495781,0,565678,0,626468,0,672443,0,699984,0,702220,680911,0,636659,0,576591,0,503256,0,423530,0,347292,0,275088,0,213049,0,164781,0,130920,0,112163,0,107279,0,117004,0,141203,0,168388,0,180588,0,152509,0,75866,3969
0,0,0,0,0,0,0,0,0,0,0,0,0,0,0,0,0,0,0,0,0,0,0,0,0,0,0,0,0,0,0,0,0,0,0,0,0,0,0,0,0,0,1,0,0,0,2,0,2,0,2,0,8,0,16,0,38,0,96,0,170,0,322,0,660,0,1159,0,2097,0,3729,0,6099,10031,0,16504,0,25439,0,39077,0,57711,0,83377,0,116823,0,159408,0,211884,0,273461,0,342905,0,418859,0,493060,0,565155,0,625490,0,673248,0,700067,0,702467,681080,0,638581,0,578074,0,503937,0,426509,0,348646,0,276138,0,214026,0,165622,0,131648,0,112176,0,107282,0,117126,0,141115,0,168672,0,180686,0,152792,0,75959,3972
0,0,0,0,0,0,0,0,0,0,0,0,0,0,0,0,0,0,0,0,0,0,0,0,0,0,0,0,0,0,0,0,0,0,0,0,0,0,0,0,0,0,0,0,1,0,2,0,2,0,1,0,8,0,15,0,44,0,83,0,167,0,350,0,626,0,1176,0,2023,0,3676,0,5953,9990,0,16227,0,25381,0,38495,0,57240,0,82743,0,115741,0,158538,0,211069,0,271292,0,341666,0,417093,0,491794,0,563336,0,625024,0,673120,0,699617,0,704309,681828,0,640037,0,578627,0,506099,0,428626,0,349517,0,277397,0,214671,0,166817,0,132209,0,112306,0,107311,0,117380,0,141165,0,168630,0,180792,0,153162,0,76060,3972
0,0,0,0,0,0,0,0,0,0,0,0,0,0,0,0,0,0,0,0,0,0,0,0,0,0,0,0,0,0,0,0,0,0,0,0,0,0,0,0,0,0,1,0,0,0,3,0,1,0,2,0,7,0,15,0,40,0,82,0,165,0,328,0,650,0,1099,0,2071,0,3589,0,5875,9947,0,16105,0,25016,0,38419,0,56510,0,81958,0,114714,0,157598,0,209545,0,270038,0,340657,0,414450,0,490637,0,561674,0,624656,0,673129,0,699396,0,704299,683784,0,641632,0,580214,0,507341,0,429503,0,351348,0,278901,0,216295,0,167349,0,132329,0,112609,0,107483,0,117520,0,141303,0,168700,0,180944,0,153291,0,76218,3968
0,0,0,0,0,0,0,0,0,0,0,0,0,0,0,0,0,0,0,0,0,0,0,0,0,0,0,0,0,0,0,0,0,0,0,0,0,0,0,0,1,0,0,0,0,0,1,0,3,0,2,0,9,0,7,0,42,0,87,0,161,0,304,0,605,0,1164,0,1992,0,3469,0,5986,9814,0,15782,0,24955,0,37735,0,55836,0,81559,0,114190,0,156401,0,208254,0,267972,0,339478,0,413079,0,489071,0,560589,0,623382,0,673470,0,699864,0,703279,685704,0,642062,0,582508,0,509089,0,431107,0,352814,0,279947,0,217069,0,168231,0,133328,0,112646,0,107582,0,117818,0,141380,0,168601,0,181174,0,153456,0,76383,3966
0,0,0,0,0,0,0,0,0,0,0,0,0,0,0,0,0,0,0,0,0,0,0,0,0,0,0,0,0,0,0,0,0,0,0,0,0,0,0,0,1,0,0,0,1,0,0,0,1,0,4,0,9,0,16,0,31,0,94,0,137,0,289,0,605,0,1126,0,2045,0,3355,0,5824,9824,0,15569,0,24649,0,37267,0,55771,0,80110,0,113883,0,155179,0,206972,0,266974,0,337350,0,411819,0,488054,0,558890,0,623031,0,670859,0,701795,0,704496,685916,0,643588,0,583540,0,511270,0,432596,0,354388,0,280262,0,218634,0,169146,0,133710,0,113177,0,107851,0,117801,0,141348,0,168744,0,181249,0,153646,0,76544,3968
0,0,0,0,0,0,0,0,0,0,0,0,0,0,0,0,0,0,0,0,0,0,0,0,0,0,0,0,0,0,0,0,0,0,0,0,0,0,0,0,0,0,1,0,0,0,1,0,0,0,4,0,6,0,21,0,38,0,77,0,150,0,296,0,567,0,1112,0,1964,0,3429,0,5759,9628,0,15314,0,24344,0,37109,0,54730,0,79647,0,112672,0,154635,0,205605,0,265788,0,335145,0,410336,0,486064,0,559285,0,621467,0,670111,0,701299,0,705627,686793,0,644779,0,586156,0,512305,0,434795,0,355363,0,281353,0,220069,0,169918,0,134146,0,113478,0,108108,0,117910,0,141127,0,168919,0,181336,0,154056,0,76593,3973
0,0,0,0,0,0,0,0,0,0,0,0,0,0,0,0,0,0,0,0,0,0,0,0,0,0,0,0,0,0,0,0,0,0,0,0,0,0,0,0,0,0,1,0,0,0,1,0,1,0,4,0,7,0,19,0,34,0,74,0,148,0,303,0,577,0,1058,0,1957,0,3344,0,5763,9414,0,15291,0,24142,0,36554,0,54271,0,79027,0,111974,0,152927,0,204268,0,265077,0,333289,0,409248,0,484379,0,558057,0,620347,0,669828,0,700649,0,706093,688557,0,646766,0,586772,0,514237,0,436245,0,356793,0,283097,0,220676,0,171105,0,134612,0,113470,0,108324,0,118183,0,141008,0,168873,0,181625,0,154244,0,76721,3974
0,0,0,0,0,0,0,0,0,0,0,0,0,0,0,0,0,0,0,0,0,0,0,0,0,0,0,0,0,0,0,0,0,0,0,0,0,0,0,0,0,0,0,0,1,0,1,0,0,0,5,0,9,0,17,0,39,0,79,0,131,0,297,0,554,0,1073,0,1909,0,3397,0,5550,9243,0,15198,0,23919,0,36274,0,54126,0,77835,0,111020,0,151760,0,202820,0,264059,0,332831,0,406724,0,483210,0,556123,0,619662,0,670122,0,700028,0,705961,689873,0,648473,0,589002,0,515475,0,437440,0,357937,0,285315,0,221157,0,172030,0,135112,0,113860,0,108476,0,118402,0,140997,0,168851,0,181892,0,154354,0,76808,3977
0,0,0,0,0,0,0,0,0,0,0,0,0,0,0,0,0,0,0,0,0,0,0,0,0,0,0,0,0,0,0,0,0,0,0,0,0,0,0,0,0,0,0,0,0,0,2,0,0,0,4,0,11,0,15,0,35,0,83,0,135,0,288,0,568,0,1013,0,1923,0,3273,0,5576,9140,0,14927,0,23591,0,35997,0,53561,0,77678,0,109330,0,151173,0,201456,0,262608,0,330352,0,405991,0,482597,0,554727,0,618475,0,670166,0,699710,0,705819,690907,0,649800,0,591145,0,517064,0,438370,0,360125,0,286464,0,222369,0,172139,0,136133,0,114132,0,108627,0,118413,0,141184,0,168798,0,182025,0,154543,0,76970,3976
0,0,0,0,0,0,0,0,0,0,0,0,0,0,0,0,0,0,0,0,0,0,0,0,0,0,0,0,0,0,0,0,0,0,0,0,0,0,0,0,0,0,0,0,0,0,0,0,3,0,1,0,7,0,17,0,35,0,77,0,140,0,293,0,502,0,1021,0,1885,0,3257,0,5489,8992,0,14775,0,23289,0,35778,0,52974,0,77146,0,109030,0,149564,0,200411,0,261040,0,328866,0,403959,0,480911,0,553645,0,618469,0,669876,0,698630,0,706601,691477,0,651404,0,593113,0,518197,0,440861,0,360956,0,288129,0,223691,0,172180,0,136762,0,114382,0,109088,0,118269,0,141384,0,168898,0,182140,0,154732,0,77083,3979
0,0,0,0,0,0,0,0,0,0,0,0,0,0,0,0,0,0,0,0,0,0,0,0,0,0,0,0,0,0,0,0,0,0,0,0,0,0,0,0,0,0,0,0,0,0,0,0,0,0,6,0,9,0,17,0,33,0,54,0,156,0,296,0,485,0,978,0,1888,0,3172,0,5375,9048,0,14527,0,23063,0,35370,0,52718,0,76417,0,107913,0,149220,0,198569,0,259666,0,327531,0,401716,0,479350,0,552648,0,617295,0,669444,0,700091,0,707075,692069,0,651891,0,594357,0,521036,0,442169,0,362619,0,288887,0,224277,0,173431,0,137401,0,114683,0,109498,0,118229,0,141407,0,168964,0,182287,0,154865,0,77236,3972
0,0,0,0,0,0,0,0,0,0,0,0,0,0,0,0,0,0,0,0,0,0,0,0,0,0,0,0,0,0,0,0,0,0,0,0,0,0,0,0,0,0,0,0,0,0,0,0,0,0,5,0,8,0,18,0,30,0,67,0,151,0,269,0,501,0,978,0,1860,0,3089,0,5390,8920,0,14429,0,22522,0,35145,0,52365,0,75516,0,107400,0,147757,0,197878,0,257953,0,326319,0,400353,0,477160,0,552020,0,615941,0,668951,0,698889,0,709394,691927,0,654065,0,595293,0,523227,0,443748,0,364137,0,289933,0,225611,0,173948,0,137893,0,115126,0,109430,0,118400,0,141427,0,168914,0,182617,0,155124,0,77335,3975
0,0,0,0,0,0,0,0,0,0,0,0,0,0,0,0,0,0,0,0,0,0,0,0,0,0,0,0,0,0,0,0,0,0,0,0,0,0,0,0,0,0,0,0,0,0,0,0,0,0,5,0,11,0,15,0,28,0,78,0,132,0,273,0,484,0,980,0,1821,0,3099,0,5241,8758,0,14265,0,22627,0,34521,0,51623,0,75183,0,106476,0,147076,0,196219,0,256292,0,325212,0,399415,0,475042,0,549895,0,616361,0,666971,0,700282,0,708432,693978,0,654959,0,597472,0,524735,0,445197,0,364982,0,292124,0,226491,0,174630,0,138495,0,115450,0,109607,0,118508,0,141189,0,169433,0,182753,0,155150,0,77465,3973
0,0,0,0,0,0,0,0,0,0,0,0,0,0,0,0,0,0,0,0,0,0,0,0,0,0,0,0,0,0,0,0,0,0,0,0,0,0,0,0,0,0,0,0,0,0,0,0,0,0,6,0,7,0,15,0,34,0,60,0,144,0,275,0,485,0,961,0,1756,0,3066,0,5221,8552,0,14139,0,22253,0,34533,0,51236,0,74602,0,105434,0,145288,0,195946,0,254762,0,324228,0,397183,0,474717,0,547599,0,615149,0,665772,0,701338,0,707987,695829,0,656192,0,598545,0,526684,0,446722,0,366439,0,294004,0,227118,0,175464,0,138710,0,115952,0,109837,0,118712,0,140914,0,169635,0,182905,0,155361,0,77663,3974
0,0,0,0,0,0,0,0,0,0,0,0,0,0,0,0,0,0,0,0,0,0,0,0,0,0,0,0,0,0,0,0,0,0,0,0,0,0,0,0,0,0,0,0,0,0,0,0,0,0,2,0,8,0,16,0,35,0,59,0,147,0,253,0,481,0,966,0,1751,0,2998,0,5067,8571,0,13921,0,22225,0,33827,0,50952,0,74164,0,104462,0,144342,0,194712,0,253817,0,322258,0,395155,0,473135,0,547807,0,612779,0,665993,0,700441,0,709605,695948,0,657777,0,600714,0,528049,0,448127,0,368348,0,294219,0,228375,0,176519,0,139029,0,116243,0,110434,0,118897,0,140475,0,169886,0,183119,0,155661,0,77669,3970
0,0,0,0,0,0,0,0,0,0,0,0,0,0,0,0,0,0,0,0,0,0,0,0,0,0,0,0,0,0,0,0,0,0,0,0,0,0,0,0,0,0,0,0,0,0,0,0,0,0,4,0,7,0,18,0,23,0,63,0,124,0,262,0,464,0,925,0,1706,0,3045,0,4935,8410,0,13928,0,21921,0,33773,0,50067,0,73558,0,103969,0,143676,0,192647,0,253002,0,320222,0,394039,0,472127,0,546517,0,611993,0,664793,0,700101,0,710773,696706,0,658475,0,602347,0,529751,0,449789,0,370132,0,294887,0,230096,0,177245,0,139401,0,116730,0,110286,0,119044,0,140548,0,169968,0,183235,0,155839,0,77865,3972
0,0,0,0,0,0,0,0,0,0,0,0,0,0,0,0,0,0,0,0,0,0,0,0,0,0,0,0,0,0,0,0,0,0,0,0,0,0,0,0,0,0,0,0,0,0,0,0,2,0,4,0,7,0,14,0,29,0,54,0,131,0,250,0,478,0,933,0,1629,0,2977,0,4956,8237,0,13716,0,21773,0,33145,0,49902,0,72921,0,102879,0,142837,0,191868,0,251373,0,318844,0,392549,0,470029,0,545871,0,611486,0,664805,0,698661,0,711745,696480,0,659794,0,603958,0,533109,0,450626,0,371086,0,296350,0,230859,0,178475,0,139883,0,117306,0,110275,0,119157,0,140423,0,170155,0,183270,0,156169,0,77956,3972
0,0,0,0,0,0,0,0,0,0,0,0,0,0,0,0,0,0,0,0,0,0,0,0,0,0,0,0,0,0,0,0,0,0,0,0,0,0,0,0,0,0,0,0,0,0,0,0,0,0,7,0,5,0,17,0,24,0,50,0,127,0,248,0,486,0,863,0,1709,0,2838,0,4973,8099,0,13461,0,21535,0,32941,0,49299,0,72283,0,102679,0,141613,0,190498,0,249805,0,317657,0,390422,0,469459,0,544431,0,609883,0,664872,0,698387,0,712225,696780,0,661755,0,605510,0,534309,0,452707,0,371623,0,298494,0,231646,0,179011,0,140640,0,117853,0,110570,0,119130,0,140554,0,170216,0,183251,0,156438,0,78051,3974
0,0,0,0,0,0,0,0,0,0,0,0,0,0,0,0,0,0,0,0,0,0,0,0,0,0,0,0,0,0,0,0,0,0,0,0,0,0,0,0,0,0,0,0,0,0,0,0,0,0,3,0,11,0,13,0,21,0,61,0,113,0,244,0,479,0,910,0,1661,0,2767,0,4930,8029,0,13183,0,21191,0,32571,0,49078,0,71639,0,101339,0,141062,0,189492,0,248491,0,315489,0,389966,0,468021,0,542413,0,609449,0,664091,0,698439,0,711486,699601,0,662009,0,606893,0,535263,0,455525,0,373537,0,298901,0,232936,0,179646,0,141303,0,118221,0,110611,0,119340,0,140612,0,170195,0,183646,0,156198,0,78350,3979
0,0,0,0,0,0,0,0,0,0,0,0,0,0,0,0,0,0,0,0,0,0,0,0,0,0,0,0,0,0,0,0,0,0,0,0,0,0,0,0,0,0,0,0,0,0,0,0,0,0,2,0,8,0,13,0,29,0,48,0,114,0,233,0,463,0,910,0,1590,0,2851,0,4798,7984,0,13095,0,20725,0,32377,0,48741,0,71006,0,100562,0,139815,0,188725,0,247314,0,313583,0,388907,0,466613,0,541648,0,607477,0,663730,0,697441,0,712607,699673,0,663981,0,608157,0,537639,0,456284,0,376037,0,299371,0,234403,0,180104,0,141873,0,118299,0,111068,0,119516,0,140669,0,170300,0,183753,0,156416,0,78478,3978
0,0,0,0,0,0,0,0,0,0,0,0,0,0,0,0,0,0,0,0,0,0,0,0,0,0,0,0,0,0,0,0,0,0,0,0,0,0,0,0,0,0,0,0,0,0,0,0,1,0,4,0,4,0,13,0,31,0,43,0,115,0,227,0,466,0,899,0,1587,0,2759,0,4672,7972,0,13028,0,20499,0,32213,0,47829,0,70571,0,99999,0,138705,0,187588,0,246282,0,311663,0,387211,0,465342,0,540334,0,607881,0,662031,0,697769,0,712463,700343,0,665686,0,609519,0,539274,0,457881,0,377080,0,301039,0,235206,0,180842,0,142841,0,118196,0,111628,0,119656,0,140647,0,170440,0,183780,0,156585,0,78585,3979
0,0,0,0,0,0,0,0,0,0,0,0,0,0,0,0,0,0,0,0,0,0,0,0,0,0,0,0,0,0,0,0,0,0,0,0,0,0,0,0,0,0,0,0,0,0,0,0,2,0,2,0,4,0,11,0,36,0,50,0,108,0,211,0,464,0,872,0,1558,0,2738,0,4604,7866,0,12956,0,20333,0,31966,0,47301,0,69671,0,99422,0,137842,0,186404,0,243983,0,310873,0,385823,0,464924,0,538110,0,606853,0,661427,0,698133,0,712774,701056,0,666714,0,612192,0,539320,0,460139,0,378292,0,302600,0,235843,0,182133,0,143101,0,118506,0,111924,0,119649,0,141142,0,169948,0,184204,0,156596,0,78748,3980
0,0,0,0,0,0,0,0,0,0,0,0,0,0,0,0,0,0,0,0,0,0,0,0,0,0,0,0,0,0,0,0,0,0,0,0,0,0,0,0,0,0,0,0,0,0,0,0,2,0,3,0,4,0,12,0,33,0,43,0,111,0,220,0,431,0,893,0,1509,0,2665,0,4559,7860,0,12873,0,20083,0,31319,0,47057,0,68883,0,98666,0,137427,0,184720,0,242923,0,309823,0,383836,0,462745,0,537473,0,606090,0,661253,0,697641,0,712370,702097,0,668676,0,612575,0,541008,0,462139,0,380671,0,303183,0,236769,0,182700,0,144038,0,118942,0,111964,0,119991,0,141164,0,169882,0,184358,0,156852,0,78889,3983
0,0,0,0,0,0,0,0,0,0,0,0,0,0,0,0,0,0,0,0,0,0,0,0,0,0,0,0,0,0,0,0,0,0,0,0,0,0,0,0,0,0,0,0,0,0,1,0,1,0,1,0,6,0,17,0,22,0,50,0,108,0,218,0,441,0,853,0,1513,0,2540,0,4553,7847,0,12708,0,19960,0,30930,0,46590,0,68552,0,97613,0,136143,0,184394,0,240915,0,308373,0,382382,0,461681,0,536468,0,605107,0,660349,0,697401,0,713365,702994,0,669167,0,613860,0,542538,0,463850,0,381848,0,305083,0,237947,0,183168,0,144306,0,119698,0,111822,0,120242,0,141260,0,169905,0,184576,0,157026,0,79025,3991
0,0,0,0,0,0,0,0,0,0,0,0,0,0,0,0,0,0,0,0,0,0,0,0,0,0,0,0,0,0,0,0,0,0,0,0,0,0,0,0,0,0,0,0,0,0,1,0,0,0,1,0,8,0,18,0,18,0,55,0,110,0,219,0,428,0,816,0,1487,0,2538,0,4511,7726,0,12529,0,19718,0,30669,0,46075,0,67969,0,97157,0,135062,0,182480,0,240035,0,306952,0,381871,0,459561,0,535217,0,604488,0,658509,0,697706,0,713219,704317,0,670054,0,615809,0,544488,0,465378,0,383419,0,306180,0,239294,0,183820,0,144834,0,120073,0,111865,0,120161,0,141590,0,169768,0,184781,0,157339,0,79094,3991
0,0,0,0,0,0,0,0,0,0,0,0,0,0,0,0,0,0,0,0,0,0,0,0,0,0,0,0,0,0,0,0,0,0,0,0,0,0,0,0,0,0,0,0,0,0,0,0,1,0,1,0,7,0,15,0,24,0,60,0,93,0,210,0,424,0,786,0,1527,0,2512,0,4428,7546,0,12431,0,19379,0,30215,0,46206,0,67232,0,96234,0,134140,0,181039,0,238750,0,306065,0,380400,0,458017,0,533658,0,603386,0,658874,0,697301,0,713499,704260,0,671384,0,617158,0,546669,0,466647,0,384744,0,307781,0,240403,0,184748,0,145215,0,120518,0,112292,0,120048,0,141692,0,169780,0,184953,0,157329,0,79340,3987
0,0,0,0,0,0,0,0,0,0,0,0,0,0,0,0,0,0,0,0,0,0,0,0,0,0,0,0,0,0,0,0,0,0,0,0,0,0,0,0,0,0,0,0,0,0,0,0,0,0,2,0,10,0,13,0,25,0,50,0,96,0,209,0,416,0,800,0,1469,0,2495,0,4380,7501,0,12211,0,19181,0,29960,0,45645,0,66806,0,95583,0,133258,0,179827,0,237606,0,304887,0,378299,0,456536,0,532758,0,601713,0,658968,0,697123,0,713137,705362,0,672565,0,618988,0,547841,0,468588,0,386052,0,309120,0,241042,0,186116,0,145512,0,120800,0,112407,0,120400,0,141702,0,169618,0,185384,0,157589,0,79366,3992
0,0,0,0,0,0,0,0,0,0,0,0,0,0,0,0,0,0,0,0,0,0,0,0,0,0,0,0,0,0,0,0,0,0,0,0,0,0,0,0,0,0,0,0,0,0,0,0,0,0,2,0,9,0,14,0,25,0,53,0,91,0,216,0,402,0,795,0,1416,0,2543,0,4396,7337,0,11814,0,19114,0,29781,0,45086,0,66486,0,94982,0,131821,0,178752,0,236219,0,303114,0,378059,0,454020,0,531600,0,600320,0,658205,0,697428,0,714114,704682,0,674246,0,621437,0,549427,0,470277,0,387445,0,310091,0,241621,0,187004,0,146255,0,121477,0,112309,0,120719,0,141863,0,169496,0,185507,0,157796,0,79552,3990
0,0,0,0,0,0,0,0,0,0,0,0,0,0,0,0,0,0,0,0,0,0,0,0,0,0,0,0,0,0,0,0,0,0,0,0,0,0,0,0,0,0,0,0,0,0,0,0,1,0,2,0,6,0,12,0,22,0,51,0,95,0,219,0,392,0,788,0,1405,0,2465,0,4329,7181,0,11869,0,18902,0,29206,0,44848,0,65734,0,94265,0,130965,0,177578,0,235458,0,301694,0,375376,0,453182,0,530911,0,599748,0,656629,0,697145,0,714629,704790,0,675387,0,622126,0,552640,0,471998,0,388533,0,311490,0,242910,0,187837,0,146721,0,121755,0,112604,0,120800,0,141736,0,169721,0,185372,0,158196,0,79700,3985
0,0,0,0,0,0,0,0,0,0,0,0,0,0,0,0,0,0,0,0,0,0,0,0,0,0,0,0,0,0,0,0,0,0,0,0,0,0,0,0,0,0,0,0,0,0,0,0,0,0,2,0,7,0,9,0,28,0,37,0,106,0,198,0,408,0,751,0,1428,0,2417,0,4284,7141,0,11641,0,18597,0,29206,0,43954,0,65643,0,93222,0,130347,0,176816,0,233803,0,300687,0,373226,0,452021,0,529232,0,598875,0,656430,0,696927,0,714991,705671,0,676638,0,623407,0,553472,0,474062,0,390781,0,312136,0,244095,0,188232,0,147144,0,122157,0,113112,0,120744,0,141630,0,170129,0,185345,0,158442,0,79786,3991
0,0,0,0,0,0,0,0,0,0,0,0,0,0,0,0,0,0,0,0,0,0,0,0,0,0,0,0,0,0,0,0,0,0,0,0,0,0,0,0,0,0,0,0,0,0,0,0,1,0,2,0,5,0,11,0,20,0,47,0,107,0,182,0,393,0,774,0,1382,0,2377,0,4214,7148,0,11518,0,18414,0,28942,0,43718,0,64515,0,92678,0,129549,0,176136,0,231866,0,299504,0,372062,0,450396,0,527520,0,598390,0,655833,0,696752,0,713649,707437,0,678451,0,624066,0,555400,0,475393,0,392073,0,314145,0,245563,0,188553,0,147833,0,122424,0,113054,0,120942,0,141716,0,170320,0,185398,0,158603,0,79934,3998
0,0,0,0,0,0,0,0,0,0,0,0,0,0,0,0,0,0,0,0,0,0,0,0,0,0,0,0,0,0,0,0,0,0,0,0,0,0,0,0,0,0,0,0,0,0,0,0,0,0,3,0,2,0,15,0,28,0,40,0,94,0,196,0,376,0,741,0,1338,0,2363,0,4207,7035,0,11317,0,18236,0,28666,0,43111,0,64010,0,92125,0,129002,0,174644,0,230624,0,298548,0,370547,0,448775,0,526262,0,596622,0,655769,0,696138,0,714419,708073,0,678655,0,626633,0,556084,0,476888,0,394639,0,314815,0,246985,0,188902,0,148801,0,122996,0,113091,0,120809,0,141863,0,170579,0,185398,0,158835,0,80117,3992
0,0,0,0,0,0,0,0,0,0,0,0,0,0,0,0,0,0,0,0,0,0,0,0,0,0,0,0,0,0,0,0,0,0,0,0,0,0,0,0,0,0,0,0,0,0,0,0,1,0,0,0,6,0,17,0,23,0,39,0,97,0,194,0,374,0,707,0,1291,0,2405,0,4102,6945,0,11261,0,17960,0,28481,0,42569,0,63648,0,91129,0,128511,0,173338,0,229272,0,297026,0,369871,0,446533,0,525384,0,594725,0,655170,0,695565,0,715900,708995,0,679343,0,627527,0,558072,0,478438,0,395663,0,317050,0,247414,0,190345,0,149167,0,123526,0,113217,0,120915,0,141686,0,170889,0,185342,0,159043,0,80241,3991
0,0,0,0,0,0,0,0,0,0,0,0,0,0,0,0,0,0,0,0,0,0,0,0,0,0,0,0,0,0,0,0,0,0,0,0,0,0,0,0,0,0,0,0,0,0,0,0,1,0,2,0,6,0,13,0,26,0,43,0,85,0,197,0,366,0,703,0,1311,0,2338,0,4080,6866,0,11122,0,17857,0,27936,0,42664,0,62834,0,90727,0,126895,0,172782,0,228277,0,295141,0,368344,0,445371,0,523073,0,594720,0,654609,0,695815,0,714428,710385,0,680948,0,628091,0,560496,0,479875,0,397261,0,318506,0,248328,0,190947,0,149761,0,123865,0,113674,0,120719,0,141952,0,170991,0,185358,0,159240,0,80385,3994
0,0,0,0,0,0,0,0,0,0,0,0,0,0,0,0,0,0,0,0,0,0,0,0,0,0,0,0,0,0,0,0,0,0,0,0,0,0,0,0,0,0,0,0,0,0,0,0,2,0,1,0,4,0,12,0,27,0,42,0,92,0,175,0,365,0,689,0,1319,0,2273,0,4012,6842,0,11013,0,17704,0,27787,0,42036,0,62550,0,89862,0,125832,0,171896,0,227230,0,293591,0,367038,0,443818,0,521045,0,594318,0,653894,0,695088,0,715621,710613,0,682419,0,629111,0,561861,0,481864,0,398802,0,319770,0,249126,0,191958,0,150298,0,124158,0,113883,0,120812,0,142132,0,170739,0,185864,0,159227,0,80607,3986
0,0,0,0,0,0,0,0,0,0,0,0,0,0,0,0,0,0,0,0,0,0,0,0,0,0,0,0,0,0,0,0,0,0,0,0,0,0,0,0,0,0,0,0,0,0,0,0,0,0,2,0,5,0,12,0,19,0,52,0,83,0,190,0,336,0,723,0,1227,0,2276,0,3879,6712,0,11000,0,17615,0,27328,0,41827,0,61719,0,89344,0,125355,0,169884,0,226727,0,292012,0,365224,0,443049,0,519692,0,593312,0,652016,0,695177,0,716807,711102,0,683147,0,630138,0,563880,0,483365,0,400675,0,321053,0,250158,0,192603,0,150893,0,124475,0,114206,0,120897,0,142299,0,170876,0,185814,0,159421,0,80817,3985
0,0,0,0,0,0,0,0,0,0,0,0,0,0,0,0,0,0,0,0,0,0,0,0,0,0,0,0,0,0,0,0,0,0,0,0,0,0,0,0,0,0,0,0,0,0,0,0,1,0,0,0,8,0,10,0,16,0,50,0,91,0,190,0,332,0,709,0,1221,0,2239,0,3816,6595,0,10977,0,17446,0,26931,0,41605,0,61427,0,88325,0,124095,0,169009,0,225900,0,290877,0,363064,0,440992,0,518854,0,591144,0,652077,0,696308,0,716961,711167,0,683147,0,632961,0,565177,0,485143,0,401766,0,322542,0,251440,0,193338,0,151400,0,125000,0,114316,0,120955,0,142284,0,171009,0,185937,0,159601,0,80969,3986
0,0,0,0,0,0,0,0,0,0,0,0,0,0,0,0,0,0,0,0,0,0,0,0,0,0,0,0,0,0,0,0,0,0,0,0,0,0,0,0,0,0,0,0,0,0,0,0,0,0,2,0,4,0,16,0,15,0,39,0,104,0,183,0,337,0,639,0,1237,0,2153,0,3891,6492,0,10814,0,17281,0,26845,0,40989,0,61160,0,87610,0,122798,0,168598,0,224588,0,288924,0,361639,0,439898,0,517099,0,590641,0,650977,0,696220,0,717143,712229,0,684167,0,634298,0,566534,0,486371,0,403399,0,323646,0,252959,0,194125,0,151950,0,125440,0,114649,0,120728,0,142576,0,171103,0,185806,0,160034,0,81072,3986
0,0,0,0,0,0,0,0,0,0,0,0,0,0,0,0,0,0,0,0,0,0,0,0,0,0,0,0,0,0,0,0,0,0,0,0,0,0,0,0,0,0,0,0,0,0,0,0,0,0,2,0,3,0,15,0,15,0,47,0,83,0,183,0,336,0,661,0,1213,0,2142,0,3786,6527,0,10648,0,16915,0,26864,0,40412,0,60517,0,87316,0,122196,0,166954,0,223423,0,288249,0,359782,0,437924,0,516870,0,587955,0,650908,0,695463,0,717968,712586,0,686204,0,635523,0,567394,0,488309,0,404499,0,325616,0,253657,0,195091,0,152982,0,124963,0,115243,0,120700,0,142860,0,170958,0,186012,0,160313,0,81132,3989
0,0,0,0,0,0,0,0,0,0,0,0,0,0,0,0,0,0,0,0,0,0,0,0,0,0,0,0,0,0,0,0,0,0,0,0,0,0,0,0,0,0,0,0,0,0,0,0,1,0,0,0,4,0,11,0,28,0,45,0,81,0,173,0,325,0,665,0,1211,0,2149,0,3714,6357,0,10662,0,16702,0,26584,0,40223,0,59727,0,86618,0,121224,0,166741,0,221059,0,286832,0,358653,0,436601,0,514907,0,587461,0,650801,0,694853,0,717625,713594,0,686937,0,637971,0,568261,0,489951,0,406452,0,326896,0,254783,0,195522,0,153397,0,125637,0,115373,0,120803,0,142711,0,171215,0,186236,0,160337,0,81306,3989
0,0,0,0,0,0,0,0,0,0,0,0,0,0,0,0,0,0,0,0,0,0,0,0,0,0,0,0,0,0,0,0,0,0,0,0,0,0,0,0,0,0,0,0,0,0,0,0,0,0,2,0,0,0,12,0,30,0,53,0,73,0,159,0,338,0,597,0,1258,0,2136,0,3657,6247,0,10522,0,16845,0,25894,0,39989,0,59321,0,85690,0,120306,0,165941,0,220153,0,285198,0,357521,0,434693,0,512856,0,587448,0,649746,0,695344,0,716607,715374,0,687087,0,639280,0,569888,0,491567,0,408220,0,327448,0,256857,0,196460,0,153647,0,126174,0,115277,0,121378,0,142429,0,171338,0,186292,0,160723,0,81342,3991
0,0,0,0,0,0,0,0,0,0,0,0,0,0,0,0,0,0,0,0,0,0,0,0,0,0,0,0,0,0,0,0,0,0,0,0,0,0,0,0,0,0,0,0,0,0,0,0,0,0,2,0,5,0,11,0,24,0,49,0,80,0,157,0,321,0,610,0,1217,0,2119,0,3682,6186,0,10431,0,16593,0,25572,0,39597,0,58761,0,85180,0,119947,0,164547,0,218990,0,283649,0,355281,0,433740,0,512350,0,585335,0,649739,0,694761,0,716909,715598,0,689043,0,639745,0,571422,0,494039,0,409434,0,329039,0,257376,0,197648,0,153886,0,126406,0,116004,0,121183,0,142534,0,171286,0,186550,0,160942,0,81439,3989
0,0,0,0,0,0,0,0,0,0,0,0,0,0,0,0,0,0,0,0,0,0,0,0,0,0,0,0,0,0,0,0,0,0,0,0,0,0,0,0,0,0,0,0,0,0,0,0,0,0,3,0,3,0,12,0,18,0,48,0,78,0,158,0,325,0,618,0,1110,0,2101,0,3655,6164,0,10342,0,16277,0,25502,0,39084,0,58586,0,84180,0,119115,0,163687,0,217821,0,281931,0,354928,0,431768,0,510991,0,584243,0,647935,0,693930,0,717709,716426,0,690433,0,641073,0,573625,0,494518,0,411620,0,330846,0,257903,0,198592,0,154392,0,126885,0,116217,0,121447,0,142469,0,171357,0,186616,0,161035,0,81646,3986
0,0,0,0,0,0,0,0,0,0,0,0,0,0,0,0,0,0,0,0,0,0,0,0,0,0,0,0,0,0,0,0,0,0,0,0,0,0,0,0,0,0,0,0,0,0,0,0,0,0,1,0,6,0,5,0,25,0,43,0,71,0,161,0,325,0,574,0,1156,0,2076,0,3587,6266,0,10040,0,16164,0,25321,0,38613,0,57805,0,84115,0,118084,0,162692,0,216729,0,279949,0,352809,0,431656,0,509580,0,583030,0,647113,0,693068,0,718898,716414,0,692433,0,642019,0,575424,0,494948,0,413415,0,332256,0,259147,0,199288,0,155503,0,127014,0,116553,0,121457,0,142574,0,171206,0,186739,0,161212,0,81860,3984
0,0,0,0,0,0,0,0,0,0,0,0,0,0,0,0,0,0,0,0,0,0,0,0,0,0,0,0,0,0,0,0,0,0,0,0,0,0,0,0,0,0,0,0,0,0,0,0,1,0,1,0,3,0,7,0,22,0,32,0,85,0,161,0,323,0,566,0,1107,0,2081,0,3572,6033,0,9957,0,16016,0,25013,0,38509,0,57387,0,82924,0,117445,0,162040,0,215431,0,279263,0,350703,0,429662,0,508476,0,581814,0,646407,0,693309,0,717912,717861,0,692823,0,644104,0,576745,0,496528,0,414604,0,334457,0,259680,0,200401,0,155870,0,127723,0,116868,0,121328,0,142968,0,170955,0,186914,0,161256,0,82075,3986
0,0,0,0,0,0,0,0,0,0,0,0,0,0,0,0,0,0,0,0,0,0,0,0,0,0,0,0,0,0,0,0,0,0,0,0,0,0,0,0,0,0,0,0,0,0,0,0,0,0,1,0,3,0,9,0,20,0,38,0,67,0,171,0,291,0,563,0,1148,0,2097,0,3444,5979,0,9836,0,15881,0,24783,0,37950,0,57057,0,82247,0,116877,0,160287,0,214645,0,278090,0,349275,0,428343,0,506554,0,581800,0,645639,0,692452,0,718612,718655,0,693467,0,645006,0,578354,0,498814,0,414755,0,336127,0,260587,0,201140,0,157109,0,127947,0,116883,0,121821,0,143153,0,170528,0,187259,0,161491,0,82165,3988
0,0,0,0,0,0,0,0,0,0,0,0,0,0,0,0,0,0,0,0,0,0,0,0,0,0,0,0,0,0,0,0,0,0,0,0,0,0,0,0,0,0,0,0,0,0,0,0,1,0,0,0,5,0,7,0,16,0,43,0,77,0,145,0,310,0,563,0,1145,0,1937,0,3548,5907,0,9571,0,15847,0,24533,0,37615,0,56515,0,81783,0,115897,0,159144,0,213620,0,276414,0,347894,0,426838,0,505637,0,580473,0,644830,0,692180,0,718916,719114,0,694105,0,647294,0,579171,0,500823,0,416258,0,336915,0,262276,0,201655,0,157889,0,128140,0,117330,0,121729,0,143333,0,170416,0,187436,0,161817,0,82309,3987
0,0,0,0,0,0,0,0,0,0,0,0,0,0,0,0,0,0,0,0,0,0,0,0,0,0,0,0,0,0,0,0,0,0,0,0,0,0,0,0,0,0,0,0,0,0,1,0,0,0,0,0,5,0,5,0,14,0,48,0,72,0,153,0,299,0,594,0,1082,0,1938,0,3515,5868,0,9472,0,15553,0,24405,0,37340,0,56021,0,81129,0,114972,0,157978,0,212126,0,275771,0,346743,0,425068,0,503950,0,579511,0,643764,0,692660,0,717673,720575,0,695498,0,646934,0,581353,0,503385,0,417715,0,337746,0,263906,0,202379,0,158469,0,128453,0,117534,0,121842,0,143363,0,170501,0,187589,0,161965,0,82484,3987
0,0,0,0,0,0,0,0,0,0,0,0,0,0,0,0,0,0,0,0,0,0,0,0,0,0,0,0,0,0,0,0,0,0,0,0,0,0,0,0,0,0,0,0,0,0,1,0,0,0,0,0,5,0,4,0,17,0,44,0,71,0,157,0,284,0,604,0,1068,0,1948,0,3374,5782,0,9517,0,15266,0,24188,0,36957,0,55545,0,80720,0,114209,0,156843,0,210873,0,274240,0,346021,0,422685,0,503582,0,576976,0,644294,0,692185,0,717434,721558,0,695914,0,648415,0,583891,0,503649,0,419667,0,338924,0,265257,0,203793,0,158414,0,128731,0,117704,0,122105,0,143334,0,170594,0,187824,0,162212,0,82541,3987
0,0,0,0,0,0,0,0,0,0,0,0,0,0,0,0,0,0,0,0,0,0,0,0,0,0,0,0,0,0,0,0,0,0,0,0,0,0,0,0,0,0,0,0,0,0,1,0,0,0,1,0,3,0,4,0,21,0,32,0,79,0,165,0,277,0,563,0,1061,0,1904,0,3382,5720,0,9502,0,14993,0,23933,0,36611,0,55090,0,79972,0,113668,0,155972,0,209542,0,272966,0,344368,0,421549,0,501022,0,577492,0,642229,0,691965,0,718640,720324,0,698524,0,650262,0,584565,0,505346,0,421324,0,339814,0,266286,0,204708,0,158923,0,129371,0,118062,0,121937,0,143511,0,170410,0,188182,0,162434,0,82712,3986
0,0,0,0,0,0,0,0,0,0,0,0,0,0,0,0,0,0,0,0,0,0,0,0,0,0,0,0,0,0,0,0,0,0,0,0,0,0,0,0,0,0,0,0,0,0,1,0,0,0,2,0,2,0,7,0,16,0,29,0,81,0,169,0,289,0,552,0,998,0,1932,0,3303,5659,0,9339,0,14942,0,23638,0,36395,0,54506,0,79604,0,112657,0,155094,0,207878,0,271642,0,343143,0,420243,0,499815,0,576518,0,640995,0,691945,0,718525,721712,0,699043,0,651207,0,586346,0,507018,0,422738,0,340672,0,267569,0,206044,0,159284,0,129746,0,118265,0,122064,0,143393,0,170791,0,187992,0,162681,0,82936,3988
0,0,0,0,0,0,0,0,0,0,0,0,0,0,0,0,0,0,0,0,0,0,0,0,0,0,0,0,0,0,0,0,0,0,0,0,0,0,0,0,0,0,0,0,0,0,0,0,1,0,2,0,3,0,8,0,14,0,33,0,73,0,162,0,283,0,530,0,1022,0,1934,0,3183,5629,0,9156,0,14894,0,23499,0,35784,0,54029,0,79061,0,111625,0,154602,0,207053,0,269627,0,341944,0,419040,0,498789,0,574655,0,640447,0,691422,0,719304,721955,0,699731,0,653623,0,586087,0,508655,0,424758,0,341925,0,269236,0,206535,0,160164,0,130033,0,118520,0,122002,0,143651,0,170773,0,188046,0,162830,0,83084,3992
0,0,0,0,0,0,0,0,0,0,0,0,0,0,0,0,0,0,0,0,0,0,0,0,0,0,0,0,0,0,0,0,0,0,0,0,0,0,0,0,0,0,0,0,0,0,0,0,0,0,3,0,3,0,6,0,15,0,37,0,73,0,171,0,278,0,503,0,1083,0,1746,0,3270,5386,0,9145,0,14826,0,23167,0,35452,0,53628,0,78000,0,111065,0,153343,0,206501,0,268546,0,340228,0,417765,0,496663,0,573481,0,640813,0,690023,0,719400,723145,0,700638,0,654038,0,588115,0,510528,0,425795,0,344647,0,269511,0,207157,0,160794,0,130599,0,118503,0,122495,0,143427,0,170977,0,188200,0,163013,0,83211,3995
0,0,0,0,0,0,0,0,0,0,0,0,0,0,0,0,0,0,0,0,0,0,0,0,0,0,0,0,0,0,0,0,0,0,0,0,0,0,0,0,0,0,0,0,0,0,0,0,0,0,3,0,3,0,9,0,20,0,27,0,62,0,172,0,277,0,522,0,1029,0,1861,0,3125,5424,0,8957,0,14617,0,22923,0,35216,0,53040,0,77258,0,110334,0,152901,0,204678,0,267901,0,338788,0,416007,0,495353,0,572998,0,639062,0,690184,0,718844,723892,0,701987,0,655622,0,589035,0,512364,0,427755,0,345282,0,270591,0,207734,0,161639,0,131320,0,118491,0,122916,0,143128,0,171272,0,188097,0,163247,0,83443,3998
0,0,0,0,0,0,0,0,0,0,0,0,0,0,0,0,0,0,0,0,0,0,0,0,0,0,0,0,0,0,0,0,0,0,0,0,0,0,0,0,0,0,0,0,0,0,0,0,1,0,2,0,3,0,6,0,21,0,30,0,73,0,141,0,284,0,510,0,1006,0,1822,0,3165,5295,0,8749,0,14418,0,22739,0,34971,0,52643,0,76751,0,109668,0,151604,0,204053,0,266461,0,337466,0,414732,0,494448,0,570769,0,638286,0,690538,0,719001,723589,0,703353,0,656141,0,591943,0,512609,0,430112,0,346140,0,271675,0,208866,0,162178,0,131979,0,118411,0,123043,0,143130,0,171462,0,188221,0,163395,0,83502,4003
0,0,0,0,0,0,0,0,0,0,0,0,0,0,0,0,0,0,0,0,0,0,0,0,0,0,0,0,0,0,0,0,0,0,0,0,0,0,0,0,0,0,0,0,0,0,0,0,1,0,0,0,6,0,6,0,18,0,40,0,56,0,145,0,250,0,534,0,969,0,1794,0,3173,5123,0,8748,0,14218,0,22543,0,34698,0,52105,0,76514,0,108668,0,150451,0,203023,0,265035,0,335941,0,413405,0,493348,0,569751,0,637355,0,689474,0,719515,724014,0,704553,0,656938,0,593727,0,515279,0,430992,0,347042,0,273029,0,209930,0,162721,0,131969,0,118762,0,123361,0,143113,0,171476,0,188408,0,163504,0,83679,4004
0,0,0,0,0,0,0,0,0,0,0,0,0,0,0,0,0,0,0,0,0,0,0,0,0,0,0,0,0,0,0,0,0,0,0,0,0,0,0,0,0,0,0,0,0,0,0,0,0,0,1,0,3,0,6,0,18,0,32,0,60,0,150,0,249,0,521,0,953,0,1818,0,3050,5155,0,8604,0,14024,0,22355,0,34485,0,51741,0,75817,0,107591,0,149814,0,201674,0,263600,0,334924,0,411392,0,492302,0,568548,0,637003,0,688217,0,719919,724349,0,705299,0,659783,0,594269,0,517155,0,431827,0,348977,0,274089,0,210825,0,163150,0,132670,0,119011,0,123220,0,143072,0,171661,0,188569,0,163597,0,83853,4006
0,0,0,0,0,0,0,0,0,0,0,0,0,0,0,0,0,0,0,0,0,0,0,0,0,0,0,0,0,0,0,0,0,0,0,0,0,0,0,0,0,0,0,0,0,0,0,0,0,0,2,0,5,0,4,0,18,0,23,0,66,0,146,0,234,0,502,0,996,0,1773,0,3004,5051,0,8625,0,13862,0,21896,0,34411,0,51441,0,75145,0,107467,0,148119,0,200626,0,262240,0,332614,0,411505,0,490103,0,567795,0,635688,0,687873,0,719540,725706,0,705222,0,660899,0,596221,0,518705,0,433924,0,350130,0,275180,0,211914,0,163513,0,133169,0,119520,0,123251,0,143126,0,171681,0,188727,0,163795,0,83947,4004
0,0,0,0,0,0,0,0,0,0,0,0,0,0,0,0,0,0,0,0,0,0,0,0,0,0,0,0,0,0,0,0,0,0,0,0,0,0,0,0,0,0,0,0,0,0,0,0,0,0,1,0,3,0,9,0,11,0,28,0,67,0,123,0,261,0,489,0,979,0,1741,0,2928,5104,0,8429,0,13651,0,21863,0,33962,0,51178,0,74414,0,106527,0,147688,0,199054,0,260702,0,332104,0,409179,0,489475,0,566282,0,633986,0,688548,0,718735,727371,0,706694,0,661002,0,597906,0,519745,0,435350,0,352249,0,276217,0,212655,0,164325,0,133462,0,119733,0,123413,0,143177,0,171813,0,188684,0,164019,0,84066,4006
0,0,0,0,0,0,0,0,0,0,0,0,0,0,0,0,0,0,0,0,0,0,0,0,0,0,0,0,0,0,0,0,0,0,0,0,0,0,0,0,0,0,0,0,0,0,0,0,0,0,2,0,2,0,6,0,15,0,28,0,49,0,134,0,252,0,504,0,947,0,1649,0,2983,4964,0,8287,0,13682,0,21674,0,33629,0,50409,0,74194,0,105716,0,147120,0,197135,0,259774,0,331103,0,407491,0,488153,0,564381,0,633673,0,687919,0,719037,727489,0,707230,0,663414,0,599121,0,521298,0,437382,0,353254,0,277454,0,213304,0,164731,0,133993,0,119806,0,123620,0,143316,0,171791,0,188831,0,164278,0,84177,4007
0,0,0,0,0,0,0,0,0,0,0,0,0,0,0,0,0,0,0,0,0,0,0,0,0,0,0,0,0,0,0,0,0,0,0,0,0,0,0,0,0,0,0,0,0,0,0,0,0,0,2,0,3,0,4,0,12,0,23,0,57,0,135,0,263,0,489,0,911,0,1664,0,2844,4928,0,8303,0,13561,0,21253,0,33368,0,50247,0,73440,0,105088,0,146006,0,196246,0,258266,0,329598,0,406510,0,486296,0,563508,0,633217,0,686559,0,719397,728649,0,708023,0,665499,0,598904,0,523247,0,439210,0,354193,0,278377,0,214584,0,165800,0,134096,0,119875,0,123938,0,143286,0,171798,0,188960,0,164440,0,84325,4006
0,0,0,0,0,0,0,0,0,0,0,0,0,0,0,0,0,0,0,0,0,0,0,0,0,0,0,0,0,0,0,0,0,0,0,0,0,0,0,0,0,0,0,0,0,0,0,0,1,0,2,0,2,0,2,0,14,0,24,0,48,0,131,0,245,0,499,0,892,0,1607,0,2893,4844,0,8228,0,13358,0,21191,0,32865,0,49679,0,72995,0,104446,0,145192,0,195849,0,256982,0,327835,0,404382,0,486039,0,561846,0,632394,0,685796,0,719188,728940,0,709127,0,666699,0,601662,0,524228,0,440594,0,355511,0,279694,0,215135,0,166248,0,134557,0,120300,0,123823,0,143196,0,172226,0,189019,0,164566,0,84414,4000
0,0,0,0,0,0,0,0,0,0,0,0,0,0,0,0,0,0,0,0,0,0,0,0,0,0,0,0,0,0,0,0,0,0,0,0,0,0,0,0,0,0,0,0,0,0,0,0,1,0,1,0,1,0,6,0,7,0,35,0,49,0,124,0,247,0,469,0,864,0,1649,0,2806,4873,0,8030,0,13171,0,21017,0,32580,0,49452,0,72298,0,103823,0,144392,0,194923,0,255456,0,326061,0,403818,0,483471,0,561829,0,630070,0,686611,0,719581,728384,0,709197,0,668709,0,603095,0,526713,0,440760,0,357517,0,281166,0,215700,0,166762,0,135265,0,120436,0,123924,0,143398,0,171975,0,189325,0,164832,0,84534,4001
0,0,0,0,0,0,0,0,0,0,0,0,0,0,0,0,0,0,0,0,0,0,0,0,0,0,0,0,0,0,0,0,0,0,0,0,0,0,0,0,0,0,0,0,0,0,1,0,0,0,1,0,1,0,6,0,15,0,31,0,51,0,114,0,253,0,451,0,890,0,1577,0,2763,4781,0,8098,0,12982,0,20798,0,32199,0,48967,0,71913,0,102955,0,143953,0,193358,0,253797,0,325136,0,403113,0,482092,0,560366,0,629707,0,685855,0,720872,727140,0,710364,0,668284,0,606710,0,527415,0,441998,0,359339,0,282106,0,216657,0,167344,0,135483,0,120739,0,124036,0,143334,0,172267,0,189528,0,164846,0,84720,4002
0,0,0,0,0,0,0,0,0,0,0,0,0,0,0,0,0,0,0,0,0,0,0,0,0,0,0,0,0,0,0,0,0,0,0,0,0,0,0,0,0,0,0,0,0,0,0,0,2,0,0,0,1,0,4,0,13,0,32,0,52,0,113,0,240,0,468,0,901,0,1544,0,2698,4808,0,7870,0,12838,0,20776,0,31997,0,48554,0,70849,0,102467,0,142561,0,193153,0,252376,0,323138,0,401034,0,481545,0,559055,0,629638,0,685640,0,720649,727451,0,711014,0,670589,0,607122,0,529543,0,443681,0,359923,0,283372,0,217437,0,168197,0,135853,0,120921,0,123973,0,143438,0,172291,0,189781,0,164869,0,84939,3998
0,0,0,0,0,0,0,0,0,0,0,0,0,0,0,0,0,0,0,0,0,0,0,0,0,0,0,0,0,0,0,0,0,0,0,0,0,0,0,0,0,0,0,0,0,0,2,0,0,0,0,0,0,0,5,0,12,0,35,0,48,0,106,0,230,0,499,0,848,0,1551,0,2662,4663,0,7877,0,12752,0,20549,0,31909,0,48026,0,70843,0,101129,0,141321,0,192101,0,251375,0,321532,0,400166,0,479900,0,558274,0,628592,0,685394,0,719182,728618,0,712648,0,671914,0,608132,0,530487,0,445782,0,360884,0,284640,0,218644,0,168816,0,135965,0,121310,0,124025,0,143644,0,172204,0,189843,0,165288,0,84983,3998
0,0,0,0,0,0,0,0,0,0,0,0,0,0,0,0,0,0,0,0,0,0,0,0,0,0,0,0,0,0,0,0,0,0,0,0,0,0,0,0,0,0,0,0,1,0,0,0,1,0,0,0,2,0,7,0,8,0,27,0,49,0,106,0,236,0,473,0,865,0,1468,0,2641,4711,0,7765,0,12567,0,20368,0,31641,0,47693,0,70285,0,100433,0,140857,0,190713,0,250042,0,320311,0,398960,0,479008,0,556253,0,628322,0,684392,0,719298,728926,0,713080,0,673235,0,609466,0,532375,0,447076,0,362786,0,284837,0,219947,0,169524,0,136519,0,121532,0,124265,0,143421,0,172241,0,189918,0,165689,0,85070,3998
0,0,0,0,0,0,0,0,0,0,0,0,0,0,0,0,0,0,0,0,0,0,0,0,0,0,0,0,0,0,0,0,0,0,0,0,0,0,0,0,0,0,0,0,1,0,0,0,0,0,2,0,1,0,6,0,12,0,24,0,43,0,111,0,230,0,444,0,840,0,1507,0,2612,4612,0,7661,0,12666,0,19996,0,31404,0,47144,0,69643,0,100315,0,140041,0,188804,0,248912,0,319209,0,397538,0,477748,0,555676,0,626918,0,683355,0,720342,728668,0,714206,0,673677,0,611288,0,534531,0,447815,0,364172,0,286367,0,220819,0,169968,0,136726,0,122022,0,124388,0,143368,0,172290,0,190383,0,165706,0,85202,3995
0,0,0,0,0,0,0,0,0,0,0,0,0,0,0,0,0,0,0,0,0,0,0,0,0,0,0,0,0,0,0,0,0,0,0,0,0,0,0,0,0,0,0,0,1,0,0,0,0,0,3,0,0,0,9,0,9,0,21,0,50,0,96,0,228,0,426,0,842,0,1506,0,2589,4488,0,7578,0,12607,0,19865,0,30897,0,46932,0,69081,0,99494,0,139004,0,187878,0,248081,0,318258,0,394915,0,476311,0,555505,0,625245,0,682995,0,720466,729484,0,715340,0,674230,0,613252,0,534997,0,450379,0,365510,0,287278,0,221287,0,171093,0,137030,0,121955,0,124720,0,143387,0,172336,0,190453,0,166037,0,85263,3997
0,0,0,0,0,0,0,0,0,0,0,0,0,0,0,0,0,0,0,0,0,0,0,0,0,0,0,0,0,0,0,0,0,0,0,0,0,0,0,0,0,0,0,0,1,0,0,0,0,0,0,0,3,0,6,0,12,0,21,0,34,0,114,0,223,0,397,0,823,0,1462,0,2614,4411,0,7456,0,12389,0,19791,0,30689,0,46434,0,68445,0,98948,0,138155,0,187122,0,246615,0,316690,0,393906,0,473828,0,554698,0,625622,0,681826,0,719918,731209,0,716010,0,674820,0,614412,0,536747,0,451789,0,366654,0,288372,0,222392,0,171553,0,137834,0,122129,0,124770,0,143544,0,172244,0,190727,0,166020,0,85523,4006
0,0,0,0,0,0,0,0,0,0,0,0,0,0,0,0,0,0,0,0,0,0,0,0,0,0,0,0,0,0,0,0,0,0,0,0,0,0,0,0,0,0,0,0,0,0,1,0,0,0,0,0,2,0,5,0,14,0,15,0,43,0,107,0,202,0,439,0,808,0,1455,0,2532,4296,0,7535,0,12188,0,19547,0,30433,0,45935,0,68402,0,97871,0,137193,0,186202,0,245364,0,315425,0,392288,0,472701,0,553177,0,624243,0,682280,0,719425,731590,0,716872,0,675673,0,615785,0,538932,0,453562,0,367881,0,289265,0,223560,0,171993,0,138210,0,122294,0,124705,0,144027,0,172362,0,190495,0,166437,0,85636,4001
0,0,0,0,0,0,0,0,0,0,0,0,0,0,0,0,0,0,0,0,0,0,0,0,0,0,0,0,0,0,0,0,0,0,0,0,0,0,0,0,0,0,0,0,1,0,0,0,0,0,0,0,1,0,5,0,13,0,16,0,49,0,93,0,212,0,422,0,804,0,1427,0,2549,4211,0,7470,0,12138,0,19310,0,30124,0,45474,0,67556,0,97507,0,136495,0,184844,0,244722,0,314014,0,390754,0,471449,0,552089,0,623024,0,681967,0,719288,732400,0,717320,0,678269,0,615856,0,539873,0,454696,0,369607,0,290864,0,224560,0,172335,0,138701,0,122627,0,124767,0,144140,0,172304,0,190554,0,166876,0,85631,4000
0,0,0,0,0,0,0,0,0,0,0,0,0,0,0,0,0,0,0,0,0,0,0,0,0,0,0,0,0,0,0,0,0,0,0,0,0,0,0,0,0,0,0,0,1,0,0,0,0,0,1,0,0,0,1,0,15,0,21,0,44,0,88,0,210,0,419,0,835,0,1380,0,2409,4285,0,7269,0,11985,0,19184,0,29923,0,45030,0,66857,0,96751,0,136008,0,183526,0,243062,0,313133,0,389275,0,471219,0,549958,0,622065,0,681554,0,719086,733287,0,717172,0,679683,0,617848,0,541648,0,455818,0,370989,0,291836,0,225046,0,173585,0,139057,0,122705,0,125058,0,144075,0,172669,0,190445,0,167021,0,85872,4000
0,0,0,0,0,0,0,0,0,0,0,0,0,0,0,0,0,0,0,0,0,0,0,0,0,0,0,0,0,0,0,0,0,0,0,0,0,0,0,0,0,0,0,0,0,0,1,0,0,0,1,0,0,0,3,0,11,0,24,0,39,0,96,0,204,0,412,0,795,0,1373,0,2399,4216,0,7260,0,11747,0,18976,0,29819,0,44538,0,66364,0,96432,0,134674,0,182636,0,242005,0,311477,0,387394,0,469622,0,549248,0,621415,0,681040,0,718486,733430,0,719781,0,680666,0,618177,0,543220,0,457250,0,372714,0,293202,0,226115,0,173728,0,139590,0,123030,0,125008,0,144253,0,172745,0,190605,0,167034,0,86151,4002
0,0,0,0,0,0,0,0,0,0,0,0,0,0,0,0,0,0,0,0,0,0,0,0,0,0,0,0,0,0,0,0,0,0,0,0,0,0,0,0,0,0,0,0,0,0,0,0,1,0,0,0,3,0,3,0,9,0,24,0,56,0,91,0,194,0,401,0,781,0,1352,0,2350,4210,0,7161,0,11675,0,18956,0,29283,0,44175,0,66249,0,95361,0,133769,0,181978,0,240825,0,309386,0,386730,0,468241,0,547900,0,621084,0,680275,0,718307,733597,0,721074,0,680663,0,620395,0,545198,0,457977,0,374104,0,294602,0,226865,0,174396,0,139635,0,123453,0,125084,0,144527,0,172797,0,190822,0,167184,0,86212,3993
0,0,0,0,0,0,0,0,0,0,0,0,0,0,0,0,0,0,0,0,0,0,0,0,0,0,0,0,0,0,0,0,0,0,0,0,0,0,0,0,0,0,0,0,0,0,0,0,1,0,1,0,0,0,7,0,4,0,29,0,55,0,88,0,189,0,402,0,752,0,1281,0,2394,4141,0,7023,0,11579,0,18702,0,29127,0,43861,0,65639,0,94706,0,132906,0,181103,0,239527,0,308326,0,385276,0,466728,0,546306,0,620666,0,679528,0,718532,733303,0,722062,0,681939,0,621724,0,546580,0,459783,0,375019,0,295959,0,228123,0,175023,0,140095,0,123424,0,125334,0,144507,0,172930,0,191110,0,167306,0,86318,3990
0,0,0,0,0,0,0,0,0,0,0,0,0,0,0,0,0,0,0,0,0,0,0,0,0,0,0,0,0,0,0,0,0,0,0,0,0,0,0,0,0,0,0,0,0,0,0,0,0,0,2,0,2,0,5,0,3,0,26,0,51,0,98,0,218,0,352,0,710,0,1311,0,2371,4004,0,7030,0,11449,0,18610,0,28811,0,43535,0,65137,0,94137,0,131990,0,180153,0,238420,0,306131,0,384363,0,464770,0,546396,0,618923,0,679051,0,718281,733253,0,722942,0,683801,0,623571,0,547001,0,461749,0,376515,0,296572,0,229611,0,175585,0,140956,0,123274,0,125459,0,144586,0,173057,0,191119,0,167545,0,86482,3990
0,0,0,0,0,0,0,0,0,0,0,0,0,0,0,0,0,0,0,0,0,0,0,0,0,0,0,0,0,0,0,0,0,0,0,0,0,0,0,0,0,0,0,0,0,0,0,0,0,0,1,0,3,0,4,0,8,0,21,0,50,0,96,0,199,0,376,0,700,0,1295,0,2392,4010,0,6753,0,11632,0,18106,0,28582,0,43341,0,64730,0,93375,0,131086,0,178513,0,237928,0,304814,0,382999,0,464148,0,544653,0,618564,0,678263,0,716996,735315,0,722451,0,685922,0,624693,0,548432,0,462651,0,378086,0,297548,0,230582,0,176111,0,141301,0,123849,0,125491,0,144763,0,173028,0,191077,0,167697,0,86779,3994
0,0,0,0,0,0,0,0,0,0,0,0,0,0,0,0,0,0,0,0,0,0,0,0,0,0,0,0,0,0,0,0,0,0,0,0,0,0,0,0,0,0,0,0,0,0,0,0,0,0,1,0,2,0,5,0,8,0,23,0,47,0,85,0,206,0,364,0,685,0,1338,0,2316,3974,0,6809,0,11256,0,17992,0,28274,0,43076,0,64328,0,92604,0,130390,0,178010,0,235913,0,304502,0,381294,0,462371,0,543096,0,618386,0,677310,0,716916,734690,0,724121,0,687070,0,626915,0,548738,0,464288,0,379347,0,298908,0,231898,0,176474,0,141692,0,124332,0,125687,0,144608,0,172889,0,191196,0,167935,0,87044,3995
0,0,0,0,0,0,0,0,0,0,0,0,0,0,0,0,0,0,0,0,0,0,0,0,0,0,0,0,0,0,0,0,0,0,0,0,0,0,0,0,0,0,0,0,0,0,0,0,0,0,1,0,0,0,6,0,9,0,23,0,51,0,90,0,196,0,359,0,694,0,1275,0,2297,3890,0,6721,0,11096,0,17884,0,28040,0,42586,0,63925,0,92061,0,129605,0,177003,0,234611,0,303351,0,379929,0,460209,0,542532,0,617131,0,676532,0,717752,735317,0,724058,0,688758,0,627643,0,550705,0,465909,0,380229,0,300585,0,232404,0,177186,0,142078,0,124591,0,125722,0,144679,0,173065,0,191225,0,168139,0,87257,3999
0,0,0,0,0,0,0,0,0,0,0,0,0,0,0,0,0,0,0,0,0,0,0,0,0,0,0,0,0,0,0,0,0,0,0,0,0,0,0,0,0,0,0,0,0,0,0,0,0,0,0,0,3,0,6,0,4,0,27,0,45,0,101,0,194,0,343,0,688,0,1246,0,2246,3870,0,6684,0,10943,0,17771,0,27666,0,42508,0,63282,0,91646,0,128335,0,176055,0,233377,0,302121,0,378898,0,459189,0,541187,0,615966,0,675391,0,717512,736324,0,724303,0,689210,0,630280,0,551989,0,467676,0,381875,0,301196,0,232659,0,178805,0,142013,0,124982,0,125928,0,144610,0,173161,0,191308,0,168451,0,87334,4000
0,0,0,0,0,0,0,0,0,0,0,0,0,0,0,0,0,0,0,0,0,0,0,0,0,0,0,0,0,0,0,0,0,0,0,0,0,0,0,0,0,0,0,0,0,0,0,0,0,0,1,0,3,0,3,0,7,0,24,0,52,0,109,0,163,0,367,0,658,0,1213,0,2188,3909,0,6547,0,10817,0,17613,0,27472,0,42266,0,62617,0,91088,0,127545,0,174961,0,232180,0,300863,0,377738,0,457522,0,540479,0,614466,0,675842,0,717341,735589,0,725614,0,691065,0,629418,0,554293,0,469546,0,383238,0,302212,0,233760,0,179081,0,142877,0,125309,0,126124,0,144379,0,173271,0,191518,0,168716,0,87340,4004
0,0,0,0,0,0,0,0,0,0,0,0,0,0,0,0,0,0,0,0,0,0,0,0,0,0,0,0,0,0,0,0,0,0,0,0,0,0,0,0,0,0,0,0,0,0,0,0,1,0,1,0,2,0,5,0,7,0,20,0,53,0,109,0,180,0,344,0,631,0,1205,0,2223,3804,0,6469,0,10677,0,17307,0,27188,0,41868,0,62644,0,90155,0,126808,0,173300,0,231951,0,299119,0,376140,0,456934,0,538536,0,614317,0,674657,0,717938,735355,0,726068,0,691325,0,632390,0,555815,0,471057,0,383990,0,303386,0,234735,0,180062,0,143151,0,125192,0,126496,0,144502,0,173196,0,191678,0,168820,0,87599,3998
0,0,0,0,0,0,0,0,0,0,0,0,0,0,0,0,0,0,0,0,0,0,0,0,0,0,0,0,0,0,0,0,0,0,0,0,0,0,0,0,0,0,0,0,0,0,0,0,0,0,2,0,3,0,0,0,9,0,20,0,58,0,92,0,180,0,333,0,654,0,1197,0,2140,3768,0,6494,0,10552,0,17081,0,26908,0,41637,0,61960,0,89628,0,126020,0,171938,0,230928,0,298341,0,374186,0,456038,0,537401,0,612802,0,674226,0,717685,735732,0,727347,0,691754,0,634171,0,557761,0,471720,0,385842,0,304418,0,235467,0,180483,0,144084,0,125522,0,126364,0,144714,0,173008,0,191953,0,168991,0,87800,3996
0,0,0,0,0,0,0,0,0,0,0,0,0,0,0,0,0,0,0,0,0,0,0,0,0,0,0,0,0,0,0,0,0,0,0,0,0,0,0,0,0,0,0,0,0,0,0,0,1,0,1,0,2,0,2,0,8,0,21,0,57,0,85,0,178,0,359,0,595,0,1186,0,2184,3685,0,6348,0,10519,0,16928,0,26776,0,41010,0,61745,0,88735,0,125070,0,172306,0,228497,0,297560,0,372718,0,455117,0,535644,0,610803,0,675395,0,716290,736827,0,727363,0,693390,0,635894,0,558682,0,474060,0,386907,0,305082,0,236328,0,181384,0,144253,0,125998,0,126337,0,144822,0,172972,0,192100,0,169345,0,87840,3999
0,0,0,0,0,0,0,0,0,0,0,0,0,0,0,0,0,0,0,0,0,0,0,0,0,0,0,0,0,0,0,0,0,0,0,0,0,0,0,0,0,0,0,0,0,0,1,0,1,0,0,0,1,0,3,0,6,0,26,0,45,0,92,0,170,0,371,0,634,0,1146,0,2184,3635,0,6208,0,10418,0,16807,0,26465,0,40630,0,61175,0,88064,0,124858,0,171343,0,226724,0,296508,0,370906,0,454216,0,534754,0,609740,0,673651,0,717134,737165,0,728262,0,693494,0,636953,0,560892,0,475738,0,388369,0,306211,0,237032,0,182553,0,144565,0,126111,0,126668,0,144485,0,173383,0,192087,0,169473,0,88052,3999
0,0,0,0,0,0,0,0,0,0,0,0,0,0,0,0,0,0,0,0,0,0,0,0,0,0,0,0,0,0,0,0,0,0,0,0,0,0,0,0,0,0,0,0,0,0,0,0,2,0,0,0,0,0,3,0,9,0,19,0,48,0,81,0,187,0,362,0,631,0,1164,0,2088,3595,0,6159,0,10394,0,16565,0,26453,0,40295,0,60474,0,87623,0,123968,0,170130,0,226462,0,294570,0,370207,0,452268,0,533212,0,609083,0,672156,0,717324,738684,0,727819,0,695643,0,637553,0,562302,0,477625,0,389706,0,307093,0,237786,0,183657,0,144591,0,126413,0,126845,0,144760,0,173327,0,192118,0,169735,0,88221,3998
0,0,0,0,0,0,0,0,0,0,0,0,0,0,0,0,0,0,0,0,0,0,0,0,0,0,0,0,0,0,0,0,0,0,0,0,0,0,0,0,0,0,0,0,0,0,0,0,2,0,0,0,1,0,4,0,7,0,18,0,46,0,79,0,184,0,341,0,673,0,1138,0,2040,3578,0,6129,0,10222,0,16621,0,26180,0,40026,0,59558,0,86794,0,123675,0,168857,0,225790,0,293122,0,368827,0,450312,0,532950,0,608308,0,671463,0,717288,737108,0,729326,0,697012,0,638512,0,565009,0,478483,0,390619,0,308563,0,239013,0,183422,0,145552,0,126706,0,127015,0,144778,0,173666,0,192025,0,169958,0,88411,3997
0,0,0,0,0,0,0,0,0,0,0,0,0,0,0,0,0,0,0,0,0,0,0,0,0,0,0,0,0,0,0,0,0,0,0,0,0,0,0,0,0,0,0,0,0,0,0,0,1,0,1,0,2,0,2,0,6,0,23,0,40,0,94,0,162,0,316,0,692,0,1162,0,1964,3526,0,6131,0,9925,0,16502,0,25871,0,39822,0,59187,0,86398,0,122068,0,168331,0,224995,0,291546,0,367532,0,449280,0,531776,0,607329,0,669773,0,717906,737595,0,730303,0,698107,0,639433,0,566704,0,480181,0,391364,0,309939,0,239606,0,184174,0,146085,0,126784,0,127358,0,144805,0,173832,0,192128,0,170034,0,88614,3999
0,0,0,0,0,0,0,0,0,0,0,0,0,0,0,0,0,0,0,0,0,0,0,0,0,0,0,0,0,0,0,0,0,0,0,0,0,0,0,0,0,0,0,0,0,0,0,0,0,0,2,0,2,0,3,0,6,0,18,0,49,0,86,0,143,0,327,0,630,0,1198,0,2014,3529,0,5963,0,9878,0,16200,0,25777,0,39377,0,58777,0,85552,0,121640,0,167296,0,223743,0,290203,0,366166,0,448999,0,529535,0,606326,0,669655,0,717632,737102,0,730897,0,699075,0,641240,0,568300,0,481638,0,392426,0,311477,0,240766,0,184557,0,146674,0,126977,0,127364,0,145048,0,173983,0,192262,0,170132,0,88755,4009
0,0,0,0,0,0,0,0,0,0,0,0,0,0,0,0,0,0,0,0,0,0,0,0,0,0,0,0,0,0,0,0,0,0,0,0,0,0,0,0,0,0,0,0,0,0,0,0,0,0,2,0,1,0,6,0,5,0,19,0,37,0,85,0,146,0,336,0,616,0,1160,0,2029,3455,0,5858,0,9915,0,15984,0,25194,0,39195,0,58517,0,84933,0,120831,0,166813,0,222087,0,289760,0,364224,0,447527,0,529046,0,604108,0,670317,0,716027,738110,0,731326,0,700282,0,642181,0,569959,0,483041,0,394353,0,312093,0,241915,0,185251,0,147256,0,127068,0,127499,0,145193,0,174050,0,192510,0,170194,0,88886,4008
0,0,0,0,0,0,0,0,0,0,0,0,0,0,0,0,0,0,0,0,0,0,0,0,0,0,0,0,0,0,0,0,0,0,0,0,0,0,0,0,0,0,0,0,0,0,0,0,0,0,0,0,6,0,2,0,6,0,17,0,44,0,82,0,160,0,306,0,647,0,1058,0,1988,3555,0,5761,0,9798,0,15828,0,24953,0,38945,0,57809,0,84629,0,120051,0,165341,0,222222,0,287956,0,362797,0,446286,0,527894,0,603524,0,669121,0,714971,738269,0,732816,0,700729,0,644682,0,570880,0,484384,0,396320,0,313019,0,242270,0,185625,0,148096,0,127785,0,127384,0,145244,0,174014,0,192684,0,170391,0,89048,4011
0,0,0,0,0,0,0,0,0,0,0,0,0,0,0,0,0,0,0,0,0,0,0,0,0,0,0,0,0,0,0,0,0,0,0,0,0,0,0,0,0,0,0,0,0,0,0,0,0,0,1,0,3,0,5,0,8,0,16,0,38,0,81,0,160,0,324,0,595,0,1077,0,1956,3471,0,5891,0,9572,0,15536,0,24941,0,38479,0,57480,0,84077,0,119142,0,164706,0,220522,0,287151,0,362336,0,443795,0,525825,0,603028,0,668621,0,714980,738173,0,734034,0,702323,0,645271,0,571615,0,486493,0,397649,0,314433,0,243254,0,186258,0,148346,0,128078,0,127514,0,145559,0,174038,0,192523,0,170790,0,89237,4003
0,0,0,0,0,0,0,0,0,0,0,0,0,0,0,0,0,0,0,0,0,0,0,0,0,0,0,0,0,0,0,0,0,0,0,0,0,0,0,0,0,0,0,0,0,0,0,0,0,0,0,0,4,0,3,0,9,0,18,0,40,0,62,0,173,0,304,0,566,0,1102,0,1925,3412,0,5737,0,9584,0,15367,0,24916,0,38005,0,57136,0,83520,0,118516,0,163559,0,219333,0,285440,0,360777,0,442987,0,524943,0,602349,0,667500,0,715708,737866,0,734139,0,702759,0,647915,0,572450,0,487829,0,399519,0,315174,0,244336,0,187175,0,148548,0,128315,0,127544,0,145611,0,174051,0,192941,0,170763,0,89485,3993
0,0,0,0,0,0,0,0,0,0,0,0,0,0,0,0,0,0,0,0,0,0,0,0,0,0,0,0,0,0,0,0,0,0,0,0,0,0,0,0,0,0,0,0,0,0,0,0,0,0,1,0,2,0,6,0,5,0,20,0,42,0,85,0,145,0,304,0,564,0,1054,0,1962,3312,0,5647,0,9404,0,15460,0,24513,0,37663,0,56445,0,83279,0,118413,0,162247,0,217846,0,284187,0,359641,0,441856,0,523833,0,600744,0,667014,0,715634,738160,0,734999,0,703408,0,649511,0,573875,0,489440,0,400230,0,316479,0,245407,0,188134,0,148445,0,128907,0,127689,0,145573,0,174147,0,193137,0,170838,0,89707,3994
0,0,0,0,0,0,0,0,0,0,0,0,0,0,0,0,0,0,0,0,0,0,0,0,0,0,0,0,0,0,0,0,0,0,0,0,0,0,0,0,0,0,0,0,0,0,0,0,1,0,0,0,2,0,4,0,7,0,20,0,44,0,79,0,151,0,296,0,568,0,1051,0,1933,3287,0,5497,0,9333,0,15310,0,24243,0,37246,0,56406,0,82255,0,117984,0,161187,0,216755,0,283144,0,358455,0,440301,0,522787,0,599733,0,666302,0,715088,738872,0,734654,0,704557,0,650422,0,575940,0,490716,0,402048,0,317957,0,246434,0,188447,0,148695,0,129547,0,127682,0,145781,0,174067,0,193401,0,170916,0,89812,3991
0,0,0,0,0,0,0,0,0,0,0,0,0,0,0,0,0,0,0,0,0,0,0,0,0,0,0,0,0,0,0,0,0,0,0,0,0,0,0,0,0,0,0,0,0,0,0,0,0,0,1,0,2,0,2,0,14,0,12,0,42,0,82,0,161,0,298,0,552,0,1025,0,1908,3272,0,5529,0,9329,0,15049,0,23950,0,36936,0,55615,0,82003,0,116851,0,160730,0,215846,0,281382,0,356822,0,439977,0,521568,0,597957,0,665945,0,714656,739604,0,734728,0,705464,0,652357,0,576747,0,492685,0,403156,0,319072,0,247275,0,189412,0,149349,0,129636,0,128079,0,145555,0,174259,0,193432,0,171214,0,89876,3992
0,0,0,0,0,0,0,0,0,0,0,0,0,0,0,0,0,0,0,0,0,0,0,0,0,0,0,0,0,0,0,0,0,0,0,0,0,0,0,0,0,0,0,0,0,0,0,0,0,0,0,0,4,0,0,0,12,0,22,0,31,0,83,0,164,0,289,0,560,0,972,0,1902,3323,0,5445,0,9172,0,14981,0,23591,0,36765,0,55804,0,81046,0,115881,0,159596,0,215179,0,280082,0,355731,0,438064,0,520823,0,596731,0,665808,0,713406,740078,0,736005,0,705827,0,653267,0,579100,0,492862,0,405481,0,320284,0,248192,0,190356,0,149482,0,129782,0,128245,0,145619,0,174506,0,193367,0,171410,0,90084,3994
0,0,0,0,0,0,0,0,0,0,0,0,0,0,0,0,0,0,0,0,0,0,0,0,0,0,0,0,0,0,0,0,0,0,0,0,0,0,0,0,0,0,0,0,0,0,0,0,0,0,0,0,2,0,3,0,11,0,19,0,36,0,82,0,152,0,325,0,533,0,996,0,1863,3220,0,5430,0,9208,0,14788,0,23456,0,36358,0,55065,0,80643,0,115116,0,159175,0,213776,0,278699,0,354525,0,436480,0,519269,0,597167,0,664358,0,713685,739317,0,736813,0,706897,0,654505,0,580249,0,495033,0,406236,0,321952,0,248982,0,191229,0,149898,0,129912,0,128388,0,145785,0,174226,0,193518,0,171828,0,90203,3997
0,0,0,0,0,0,0,0,0,0,0,0,0,0,0,0,0,0,0,0,0,0,0,0,0,0,0,0,0,0,0,0,0,0,0,0,0,0,0,0,0,0,0,0,0,0,0,0,0,0,0,0,3,0,5,0,8,0,19,0,33,0,82,0,158,0,284,0,545,0,973,0,1837,3136,0,5511,0,9093,0,14668,0,23213,0,36196,0,54575,0,79909,0,114791,0,157603,0,213465,0,277522,0,353373,0,435075,0,517115,0,597057,0,662933,0,713445,739490,0,737591,0,707846,0,655833,0,582066,0,496680,0,407300,0,323128,0,249747,0,191587,0,150953,0,129980,0,128446,0,145878,0,174085,0,193698,0,172121,0,90356,3996
0,0,0,0,0,0,0,0,0,0,0,0,0,0,0,0,0,0,0,0,0,0,0,0,0,0,0,0,0,0,0,0,0,0,0,0,0,0,0,0,0,0,0,0,0,0,0,0,0,0,0,0,3,0,2,0,11,0,22,0,34,0,79,0,153,0,293,0,529,0,973,0,1818,3171,0,5442,0,8866,0,14568,0,22968,0,35939,0,54008,0,79421,0,113730,0,157446,0,212246,0,276541,0,351950,0,433421,0,515675,0,596293,0,662522,0,712986,739141,0,738745,0,708993,0,656161,0,584105,0,497835,0,409030,0,324436,0,250663,0,192276,0,151459,0,130470,0,128315,0,145959,0,174029,0,193942,0,172277,0,90458,4004
0,0,0,0,0,0,0,0,0,0,0,0,0,0,0,0,0,0,0,0,0,0,0,0,0,0,0,0,0,0,0,0,0,0,0,0,0,0,0,0,0,0,0,0,0,0,0,0,0,0,0,0,3,0,4,0,8,0,22,0,32,0,78,0,162,0,273,0,500,0,993,0,1791,3139,0,5327,0,8910,0,14527,0,22661,0,35500,0,53547,0,78806,0,112941,0,156711,0,211255,0,275118,0,351045,0,432342,0,513759,0,595902,0,660965,0,713097,739410,0,738869,0,710560,0,657480,0,584726,0,499820,0,409926,0,326307,0,251384,0,193098,0,151889,0,130847,0,128465,0,145836,0,174316,0,194149,0,172306,0,90593,4009
0,0,0,0,0,0,0,0,0,0,0,0,0,0,0,0,0,0,0,0,0,0,0,0,0,0,0,0,0,0,0,0,0,0,0,0,0,0,0,0,0,0,0,0,0,0,0,0,0,0,0,0,2,0,4,0,8,0,19,0,34,0,80,0,159,0,265,0,501,0,986,0,1811,3128,0,5231,0,8684,0,14552,0,22552,0,35228,0,52798,0,78397,0,112366,0,155452,0,210408,0,274156,0,349428,0,430929,0,514003,0,592585,0,661619,0,712196,739840,0,739212,0,711549,0,658181,0,587268,0,501015,0,411304,0,327478,0,252150,0,193962,0,152439,0,131107,0,128635,0,145929,0,174215,0,194350,0,172402,0,90780,4011
0,0,0,0,0,0,0,0,0,0,0,0,0,0,0,0,0,0,0,0,0,0,0,0,0,0,0,0,0,0,0,0,0,0,0,0,0,0,0,0,0,0,0,0,0,0,0,0,0,0,0,0,3,0,1,0,11,0,15,0,41,0,69,0,145,0,266,0,502,0,962,0,1765,3152,0,5179,0,8685,0,14211,0,22606,0,34774,0,52454,0,78421,0,110857,0,154932,0,208660,0,273455,0,348589,0,429134,0,512567,0,592340,0,660377,0,711753,740817,0,739528,0,712447,0,659127,0,588860,0,502131,0,413419,0,327850,0,253510,0,194583,0,152859,0,131377,0,128872,0,145912,0,174295,0,194322,0,172598,0,90968,4007
0,0,0,0,0,0,0,0,0,0,0,0,0,0,0,0,0,0,0,0,0,0,0,0,0,0,0,0,0,0,0,0,0,0,0,0,0,0,0,0,0,0,0,0,0,0,0,0,0,0,0,0,3,0,3,0,7,0,25,0,32,0,69,0,140,0,237,0,487,0,960,0,1753,3047,0,5101,0,8700,0,14148,0,22407,0,34457,0,52248,0,77337,0,110923,0,153419,0,207616,0,272479,0,346904,0,428801,0,510776,0,591224,0,659477,0,712434,740653,0,739821,0,713102,0,661439,0,588932,0,503987,0,415018,0,328960,0,254387,0,195258,0,153060,0,131704,0,129143,0,145930,0,174482,0,194391,0,172821,0,91098,4008
0,0,0,0,0,0,0,0,0,0,0,0,0,0,0,0,0,0,0,0,0,0,0,0,0,0,0,0,0,0,0,0,0,0,0,0,0,0,0,0,0,0,0,0,0,0,0,0,0,0,0,0,2,0,3,0,8,0,16,0,43,0,68,0,123,0,260,0,509,0,907,0,1714,3040,0,4953,0,8697,0,14117,0,21971,0,34333,0,51962,0,76982,0,109634,0,152779,0,206686,0,270673,0,345991,0,427683,0,509329,0,590630,0,659162,0,712065,740527,0,738900,0,715059,0,662774,0,591242,0,504663,0,416282,0,330291,0,255539,0,195550,0,153696,0,131895,0,129417,0,145960,0,174644,0,194164,0,173149,0,91308,4008
0,0,0,0,0,0,0,0,0,0,0,0,0,0,0,0,0,0,0,0,0,0,0,0,0,0,0,0,0,0,0,0,0,0,0,0,0,0,0,0,0,0,0,0,0,0,0,0,0,0,0,0,2,0,2,0,8,0,19,0,40,0,62,0,127,0,263,0,487,0,903,0,1716,2871,0,5088,0,8501,0,13889,0,21950,0,33976,0,51468,0,76482,0,109333,0,151330,0,205336,0,269727,0,345143,0,425782,0,508605,0,589752,0,658778,0,711559,739846,0,740966,0,714229,0,664535,0,592718,0,506350,0,417736,0,331331,0,256502,0,196146,0,154373,0,132025,0,129612,0,146064,0,174678,0,194308,0,173364,0,91415,4011
0,0,0,0,0,0,0,0,0,0,0,0,0,0,0,0,0,0,0,0,0,0,0,0,0,0,0,0,0,0,0,0,0,0,0,0,0,0,0,0,0,0,0,0,0,0,0,0,0,0,0,0,1,0,3,0,7,0,23,0,28,0,71,0,124,0,252,0,465,0,921,0,1693,2811,0,5056,0,8414,0,13659,0,21870,0,33928,0,50813,0,76022,0,108159,0,150511,0,204957,0,267988,0,344226,0,424223,0,508537,0,588223,0,657415,0,711681,739878,0,741568,0,715688,0,664950,0,594024,0,508421,0,418246,0,333104,0,257531,0,196456,0,154923,0,132443,0,129562,0,146410,0,174665,0,194313,0,173444,0,91686,4015
0,0,0,0,0,0,0,0,0,0,0,0,0,0,0,0,0,0,0,0,0,0,0,0,0,0,0,0,0,0,0,0,0,0,0,0,0,0,0,0,0,0,0,0,0,0,0,0,0,0,0,0,1,0,4,0,5,0,21,0,32,0,69,0,126,0,254,0,430,0,940,0,1661,2799,0,4956,0,8318,0,13537,0,21737,0,33372,0,50813,0,75520,0,107110,0,150294,0,203291,0,267396,0,342697,0,423885,0,506761,0,586962,0,656097,0,711613,740718,0,741269,0,715766,0,667394,0,594963,0,510258,0,419204,0,334788,0,258618,0,197128,0,155273,0,132474,0,129773,0,146585,0,174445,0,194603,0,173513,0,91915,4020
0,0,0,0,0,0,0,0,0,0,0,0,0,0,0,0,0,0,0,0,0,0,0,0,0,0,0,0,0,0,0,0,0,0,0,0,0,0,0,0,0,0,0,0,0,0,0,0,0,0,0,0,1,0,4,0,7,0,15,0,30,0,71,0,126,0,237,0,437,0,900,0,1620,2860,0,4815,0,8188,0,13501,0,21556,0,33075,0,50511,0,74817,0,106757,0,148783,0,202993,0,266402,0,340424,0,422462,0,505400,0,586489,0,655851,0,711545,740592,0,740698,0,717860,0,667475,0,597440,0,511096,0,421077,0,336112,0,259146,0,197612,0,155991,0,132687,0,130196,0,146527,0,174710,0,194508,0,173772,0,92014,4018
0,0,0,0,0,0,0,0,0,0,0,0,0,0,0,0,0,0,0,0,0,0,0,0,0,0,0,0,0,0,0,0,0,0,0,0,0,0,0,0,0,0,0,0,0,0,0,0,0,0,0,0,1,0,1,0,8,0,17,0,36,0,61,0,125,0,244,0,450,0,865,0,1580,2815,0,4797,0,8089,0,13307,0,21343,0,32920,0,50178,0,74056,0,106122,0,148316,0,201625,0,265136,0,339516,0,420990,0,504761,0,584652,0,655269,0,711127,741085,0,742531,0,717212,0,669028,0,598289,0,511667,0,423951,0,336537,0,259894,0,198758,0,156460,0,133348,0,130074,0,146515,0,174975,0,194628,0,173896,0,92134,4019
0,0,0,0,0,0,0,0,0,0,0,0,0,0,0,0,0,0,0,0,0,0,0,0,0,0,0,0,0,0,0,0,0,0,0,0,0,0,0,0,0,0,0,0,0,0,0,0,0,0,0,0,1,0,1,0,1,0,21,0,39,0,62,0,119,0,226,0,468,0,834,0,1571,2775,0,4765,0,7971,0,13261,0,21043,0,32751,0,49861,0,73401,0,105291,0,147723,0,200252,0,264584,0,337849,0,419807,0,503173,0,584411,0,654139,0,710189,741741,0,743005,0,717908,0,669831,0,599891,0,513409,0,425216,0,338285,0,260416,0,199591,0,157018,0,133484,0,130287,0,146604,0,174931,0,194774,0,174147,0,92260,4021
0,0,0,0,0,0,0,0,0,0,0,0,0,0,0,0,0,0,0,0,0,0,0,0,0,0,0,0,0,0,0,0,0,0,0,0,0,0,0,0,0,0,0,0,0,0,0,0,0,0,0,0,0,0,3,0,3,0,12,0,51,0,56,0,113,0,229,0,464,0,820,0,1620,2688,0,4751,0,7802,0,13211,0,21062,0,32315,0,49213,0,72890,0,104624,0,146951,0,199410,0,263730,0,336356,0,418339,0,502673,0,582120,0,655155,0,708823,740866,0,743425,0,719418,0,672063,0,599691,0,516114,0,426269,0,339427,0,261202,0,200140,0,157807,0,133712,0,130472,0,146594,0,175085,0,194814,0,174369,0,92441,4015
0,0,0,0,0,0,0,0,0,0,0,0,0,0,0,0,0,0,0,0,0,0,0,0,0,0,0,0,0,0,0,0,0,0,0,0,0,0,0,0,0,0,0,0,0,0,0,0,0,0,0,0,1,0,0,0,6,0,12,0,46,0,67,0,100,0,226,0,424,0,861,0,1552,2715,0,4665,0,7910,0,12934,0,20785,0,32043,0,48791,0,72718,0,104204,0,145686,0,198356,0,262304,0,335964,0,417402,0,500923,0,581379,0,653276,0,708497,740578,0,744946,0,720896,0,671830,0,601796,0,517391,0,428000,0,340329,0,262525,0,200731,0,157735,0,134299,0,130492,0,146909,0,174924,0,195125,0,174356,0,92682,4017
0,0,0,0,0,0,0,0,0,0,0,0,0,0,0,0,0,0,0,0,0,0,0,0,0,0,0,0,0,0,0,0,0,0,0,0,0,0,0,0,0,0,0,0,0,0,0,0,0,0,1,0,0,0,0,0,5,0,14,0,36,0,66,0,97,0,218,0,441,0,841,0,1544,2702,0,4642,0,7772,0,12805,0,20658,0,31671,0,48770,0,72198,0,103408,0,144657,0,197797,0,260908,0,334193,0,416542,0,499017,0,581450,0,652342,0,708553,739915,0,745123,0,721814,0,673044,0,603465,0,518776,0,429295,0,341030,0,264353,0,201408,0,158090,0,134593,0,130657,0,146739,0,175187,0,195176,0,174483,0,92896,4016
0,0,0,0,0,0,0,0,0,0,0,0,0,0,0,0,0,0,0,0,0,0,0,0,0,0,0,0,0,0,0,0,0,0,0,0,0,0,0,0,0,0,0,0,0,0,0,0,0,0,1,0,0,0,1,0,4,0,16,0,37,0,54,0,106,0,208,0,409,0,890,0,1514,2652,0,4549,0,7727,0,12756,0,20360,0,31400,0,48653,0,71282,0,103006,0,143880,0,196670,0,259504,0,333858,0,414031,0,498465,0,580058,0,651585,0,707729,740708,0,745582,0,722357,0,674953,0,604238,0,521144,0,430175,0,342426,0,264623,0,202621,0,158385,0,134578,0,131044,0,146685,0,175371,0,195435,0,174696,0,92965,4017
0,0,0,0,0,0,0,0,0,0,0,0,0,0,0,0,0,0,0,0,0,0,0,0,0,0,0,0,0,0,0,0,0,0,0,0,0,0,0,0,0,0,0,0,0,0,0,0,0,0,1,0,1,0,0,0,6,0,13,0,32,0,53,0,114,0,192,0,425,0,831,0,1484,2647,0,4607,0,7588,0,12593,0,20127,0,31273,0,47890,0,71280,0,102289,0,143008,0,196049,0,258530,0,332395,0,412012,0,497635,0,578504,0,651593,0,707257,740925,0,745769,0,723370,0,675932,0,605867,0,522405,0,431319,0,343860,0,265741,0,203101,0,158716,0,135197,0,130990,0,146959,0,175123,0,195596,0,174888,0,93201,4020
0,0,0,0,0,0,0,0,0,0,0,0,0,0,0,0,0,0,0,0,0,0,0,0,0,0,0,0,0,0,0,0,0,0,0,0,0,0,0,0,0,0,0,0,0,0,0,0,0,0,0,0,1,0,3,0,4,0,8,0,38,0,51,0,101,0,196,0,418,0,839,0,1446,2631,0,4493,0,7545,0,12397,0,19995,0,31278,0,47378,0,70297,0,102115,0,142556,0,194859,0,257691,0,330647,0,410788,0,495631,0,578473,0,650871,0,705618,741055,0,746927,0,724847,0,676521,0,607889,0,523075,0,432716,0,345104,0,266771,0,203747,0,159809,0,135023,0,131202,0,147144,0,175207,0,195614,0,174948,0,93422,4019
0,0,0,0,0,0,0,0,0,0,0,0,0,0,0,0,0,0,0,0,0,0,0,0,0,0,0,0,0,0,0,0,0,0,0,0,0,0,0,0,0,0,0,0,0,0,0,0,0,0,0,0,0,0,3,0,3,0,11,0,29,0,50,0,94,0,203,0,441,0,787,0,1453,2582,0,4514,0,7356,0,12280,0,19959,0,30813,0,47051,0,70176,0,100968,0,142367,0,193580,0,255948,0,330220,0,408907,0,495188,0,576995,0,649950,0,705515,741219,0,747905,0,724899,0,677445,0,609997,0,523757,0,434407,0,346327,0,267318,0,204844,0,160350,0,134892,0,131517,0,147397,0,175223,0,195801,0,175073,0,93577,4017
0,0,0,0,0,0,0,0,0,0,0,0,0,0,0,0,0,0,0,0,0,0,0,0,0,0,0,0,0,0,0,0,0,0,0,0,0,0,0,0,0,0,0,0,0,0,0,0,0,0,0,0,1,0,2,0,2,0,9,0,22,0,53,0,101,0,209,0,394,0,786,0,1418,2550,0,4412,0,7398,0,12069,0,19786,0,30653,0,46864,0,69394,0,100892,0,140974,0,192554,0,255640,0,328377,0,407775,0,493055,0,576630,0,649202,0,705112,741564,0,748324,0,725990,0,677943,0,611042,0,525886,0,435159,0,348026,0,268487,0,205032,0,161145,0,135212,0,131653,0,147545,0,175156,0,195935,0,175286,0,93671,4018
0,0,0,0,0,0,0,0,0,0,0,0,0,0,0,0,0,0,0,0,0,0,0,0,0,0,0,0,0,0,0,0,0,0,0,0,0,0,0,0,0,0,0,0,0,0,0,0,0,0,0,0,1,0,0,0,4,0,9,0,22,0,49,0,92,0,197,0,389,0,799,0,1450,2417,0,4348,0,7400,0,12142,0,19392,0,30456,0,46596,0,68839,0,100330,0,140414,0,191276,0,254533,0,327370,0,405362,0,492564,0,575100,0,648522,0,705826,740743,0,748546,0,726933,0,679912,0,611119,0,527752,0,437283,0,348535,0,269711,0,205764,0,161362,0,135985,0,131866,0,147239,0,175230,0,196231,0,175434,0,93847,4017
0,0,0,0,0,0,0,0,0,0,0,0,0,0,0,0,0,0,0,0,0,0,0,0,0,0,0,0,0,0,0,0,0,0,0,0,0,0,0,0,0,0,0,0,0,0,0,0,0,0,0,0,1,0,1,0,3,0,10,0,22,0,44,0,104,0,209,0,379,0,734,0,1459,2448,0,4256,0,7225,0,12105,0,19316,0,30352,0,45948,0,68396,0,99383,0,139838,0,190654,0,253096,0,326420,0,404330,0,491292,0,574227,0,647681,0,704728,741358,0,748614,0,727985,0,681200,0,612796,0,528554,0,438719,0,348953,0,271256,0,206760,0,161531,0,136497,0,131869,0,147672,0,175214,0,196198,0,175559,0,94000,4012
0,0,0,0,0,0,0,0,0,0,0,0,0,0,0,0,0,0,0,0,0,0,0,0,0,0,0,0,0,0,0,0,0,0,0,0,0,0,0,0,0,0,0,0,0,0,0,0,0,0,0,0,1,0,2,0,4,0,13,0,13,0,50,0,101,0,196,0,378,0,764,0,1336,2482,0,4253,0,7096,0,12050,0,19155,0,30062,0,45774,0,68322,0,98065,0,138778,0,190229,0,252370,0,323969,0,403827,0,489570,0,573070,0,647492,0,704818,740777,0,748911,0,729417,0,682046,0,613685,0,530252,0,439641,0,350568,0,272601,0,207345,0,161797,0,136848,0,132052,0,147738,0,175338,0,196277,0,175661,0,94195,4019
0,0,0,0,0,0,0,0,0,0,0,0,0,0,0,0,0,0,0,0,0,0,0,0,0,0,0,0,0,0,0,0,0,0,0,0,0,0,0,0,0,0,0,0,0,0,0,0,0,0,0,0,2,0,1,0,3,0,11,0,25,0,33,0,92,0,215,0,401,0,726,0,1337,2430,0,4210,0,7075,0,11829,0,19111,0,29608,0,45778,0,67527,0,97393,0,138386,0,189224,0,250640,0,322843,0,403454,0,487412,0,572371,0,647300,0,704216,740026,0,749115,0,730409,0,683903,0,614397,0,532050,0,441767,0,351469,0,273177,0,208058,0,162484,0,136898,0,132178,0,148003,0,175289,0,196308,0,175742,0,94463,4019
0,0,0,0,0,0,0,0,0,0,0,0,0,0,0,0,0,0,0,0,0,0,0,0,0,0,0,0,0,0,0,0,0,0,0,0,0,0,0,0,0,0,0,0,0,0,0,0,0,0,1,0,1,0,1,0,3,0,12,0,17,0,39,0,96,0,221,0,387,0,698,0,1371,2367,0,4207,0,6968,0,11806,0,18887,0,29447,0,45337,0,67180,0,97148,0,136986,0,188372,0,249594,0,321736,0,402173,0,487100,0,570818,0,645295,0,704862,739230,0,750270,0,731857,0,684232,0,615264,0,533821,0,442994,0,353306,0,273205,0,209086,0,162935,0,137545,0,132105,0,148167,0,175337,0,196158,0,176173,0,94575,4018
0,0,0,0,0,0,0,0,0,0,0,0,0,0,0,0,0,0,0,0,0,0,0,0,0,0,0,0,0,0,0,0,0,0,0,0,0,0,0,0,0,0,0,0,0,0,0,0,0,0,1,0,0,0,2,0,5,0,12,0,16,0,41,0,101,0,204,0,389,0,709,0,1345,2360,0,4072,0,6923,0,11837,0,18559,0,29275,0,44903,0,66623,0,96655,0,136527,0,186790,0,248652,0,320337,0,401232,0,485619,0,569597,0,644737,0,704550,739524,0,750668,0,731729,0,687023,0,616554,0,535090,0,443569,0,354258,0,274403,0,210432,0,163158,0,137332,0,132857,0,147953,0,175306,0,196548,0,176271,0,94643,4017
0,0,0,0,0,0,0,0,0,0,0,0,0,0,0,0,0,0,0,0,0,0,0,0,0,0,0,0,0,0,0,0,0,0,0,0,0,0,0,0,0,0,0,0,0,0,0,0,0,0,1,0,1,0,2,0,4,0,11,0,16,0,45,0,97,0,208,0,381,0,699,0,1335,2345,0,3994,0,6918,0,11577,0,18568,0,28803,0,44555,0,66451,0,96292,0,135645,0,185439,0,247775,0,319163,0,399372,0,484538,0,568510,0,644575,0,703665,740799,0,749874,0,732791,0,687921,0,618425,0,535910,0,444411,0,355917,0,275747,0,211190,0,163284,0,137534,0,133116,0,148158,0,175338,0,196715,0,176516,0,94764,4013
0,0,0,0,0,0,0,0,0,0,0,0,0,0,0,0,0,0,0,0,0,0,0,0,0,0,0,0,0,0,0,0,0,0,0,0,0,0,0,0,0,0,0,0,0,0,0,0,0,0,1,0,1,0,2,0,6,0,7,0,20,0,44,0,87,0,202,0,382,0,739,0,1278,2271,0,3978,0,6837,0,11564,0,18321,0,28668,0,44027,0,66220,0,95736,0,135018,0,184237,0,246598,0,318036,0,397855,0,483537,0,567548,0,643570,0,703184,740512,0,750219,0,734280,0,688297,0,620697,0,536502,0,446314,0,356671,0,276884,0,212023,0,163989,0,137745,0,133019,0,148374,0,175435,0,196923,0,176666,0,94869,4015
0,0,0,0,0,0,0,0,0,0,0,0,0,0,0,0,0,0,0,0,0,0,0,0,0,0,0,0,0,0,0,0,0,0,0,0,0,0,0,0,0,0,0,0,0,0,0,0,0,0,0,0,1,0,3,0,3,0,12,0,14,0,49,0,95,0,185,0,408,0,690,0,1281,2219,0,3926,0,6876,0,11419,0,18088,0,28399,0,43946,0,65362,0,95553,0,134091,0,184074,0,244438,0,316900,0,397002,0,482095,0,567000,0,642435,0,702789,739970,0,750765,0,735780,0,689303,0,621839,0,537743,0,447516,0,358147,0,277605,0,212579,0,164478,0,138226,0,133402,0,148165,0,175801,0,196926,0,176809,0,94981,4020
0,0,0,0,0,0,0,0,0,0,0,0,0,0,0,0,0,0,0,0,0,0,0,0,0,0,0,0,0,0,0,0,0,0,0,0,0,0,0,0,0,0,0,0,0,0,0,0,0,0,0,0,2,0,1,0,1,0,12,0,21,0,44,0,98,0,183,0,386,0,699,0,1273,2205,0,3869,0,6794,0,11231,0,18100,0,28095,0,43631,0,64814,0,94443,0,133746,0,183495,0,242624,0,316833,0,396109,0,479461,0,566299,0,640819,0,703803,738966,0,751565,0,736736,0,690022,0,623855,0,539055,0,448406,0,359381,0,278657,0,213225,0,165099,0,138764,0,133238,0,148381,0,175962,0,196722,0,177062,0,95203,4018
0,0,0,0,0,0,0,0,0,0,0,0,0,0,0,0,0,0,0,0,0,0,0,0,0,0,0,0,0,0,0,0,0,0,0,0,0,0,0,0,0,0,0,0,0,0,0,0,0,0,0,0,2,0,2,0,3,0,11,0,13,0,49,0,89,0,196,0,383,0,685,0,1280,2131,0,3940,0,6608,0,11225,0,17817,0,28081,0,43048,0,64364,0,94015,0,132652,0,182638,0,242630,0,314458,0,394676,0,479473,0,563878,0,640933,0,703262,738879,0,752558,0,735860,0,691697,0,625659,0,541344,0,448632,0,360632,0,279992,0,213277,0,165901,0,138928,0,133536,0,148365,0,176003,0,197044,0,177344,0,95195,4020
0,0,0,0,0,0,0,0,0,0,0,0,0,0,0,0,0,0,0,0,0,0,0,0,0,0,0,0,0,0,0,0,0,0,0,0,0,0,0,0,0,0,0,0,0,0,0,0,0,0,1,0,2,0,1,0,2,0,10,0,17,0,38,0,96,0,204,0,364,0,712,0,1219,2158,0,3782,0,6630,0,10943,0,17929,0,27681,0,42788,0,64262,0,93110,0,132095,0,181227,0,242427,0,313367,0,393231,0,477856,0,563073,0,640511,0,701366,739548,0,752895,0,736786,0,693019,0,626677,0,542517,0,450296,0,361560,0,281222,0,214029,0,166171,0,139329,0,133807,0,148446,0,176032,0,197118,0,177521,0,95313,4020
0,0,0,0,0,0,0,0,0,0,0,0,0,0,0,0,0,0,0,0,0,0,0,0,0,0,0,0,0,0,0,0,0,0,0,0,0,0,0,0,0,0,0,0,0,0,0,0,0,0,0,0,2,0,2,0,2,0,8,0,19,0,46,0,86,0,209,0,363,0,687,0,1202,2122,0,3716,0,6615,0,11010,0,17630,0,27574,0,42257,0,63715,0,92718,0,131055,0,180304,0,241221,0,313246,0,391397,0,476752,0,562344,0,639281,0,700038,739833,0,753618,0,738263,0,694497,0,626375,0,544074,0,452362,0,362610,0,281947,0,214751,0,167028,0,139412,0,133939,0,148421,0,176295,0,197197,0,177740,0,95407,4018
0,0,0,0,0,0,0,0,0,0,0,0,0,0,0,0,0,0,0,0,0,0,0,0,0,0,0,0,0,0,0,0,0,0,0,0,0,0,0,0,0,0,0,0,0,0,0,0,0,0,0,0,2,0,2,0,2,0,6,0,22,0,39,0,94,0,194,0,369,0,675,0,1179,2131,0,3675,0,6535,0,10901,0,17441,0,27237,0,42334,0,63446,0,91599,0,130352,0,179235,0,240356,0,311662,0,390846,0,474480,0,562505,0,638013,0,699606,739273,0,754381,0,738408,0,695772,0,628312,0,545282,0,454218,0,363643,0,282556,0,215841,0,167560,0,139566,0,133822,0,148658,0,176454,0,197186,0,177884,0,95637,4017
0,0,0,0,0,0,0,0,0,0,0,0,0,0,0,0,0,0,0,0,0,0,0,0,0,0,0,0,0,0,0,0,0,0,0,0,0,0,0,0,0,0,0,0,0,0,0,0,0,0,1,0,2,0,0,0,4,0,3,0,21,0,42,0,92,0,196,0,374,0,650,0,1150,2108,0,3680,0,6476,0,10779,0,17435,0,27047,0,41881,0,62810,0,91215,0,129421,0,179046,0,238421,0,310743,0,389468,0,474021,0,559910,0,637913,0,699291,739175,0,755330,0,739248,0,696917,0,629976,0,546002,0,455270,0,364656,0,283664,0,216675,0,168050,0,139878,0,133911,0,148667,0,176485,0,197582,0,177950,0,95751,4021
0,0,0,0,0,0,0,0,0,0,0,0,0,0,0,0,0,0,0,0,0,0,0,0,0,0,0,0,0,0,0,0,0,0,0,0,0,0,0,0,0,0,0,0,0,0,0,0,0,0,0,0,2,0,2,0,3,0,3,0,21,0,41,0,102,0,181,0,357,0,646,0,1143,2070,0,3680,0,6391,0,10573,0,17205,0,27024,0,41351,0,62544,0,90768,0,128759,0,177566,0,238330,0,309242,0,388106,0,473101,0,558328,0,636634,0,699286,738983,0,755382,0,739904,0,698794,0,630257,0,548193,0,456886,0,365295,0,284596,0,217325,0,168844,0,140209,0,134102,0,148919,0,176431,0,197823,0,178038,0,95948,4020
0,0,0,0,0,0,0,0,0,0,0,0,0,0,0,0,0,0,0,0,0,0,0,0,0,0,0,0,0,0,0,0,0,0,0,0,0,0,0,0,0,0,0,0,0,0,0,0,0,0,0,0,1,0,3,0,1,0,6,0,23,0,36,0,98,0,191,0,324,0,648,0,1136,2077,0,3698,0,6234,0,10488,0,17099,0,26844,0,41246,0,61582,0,90562,0,127483,0,176683,0,237855,0,308347,0,386922,0,471114,0,557979,0,635125,0,698099,740199,0,754294,0,741351,0,699605,0,632297,0,549523,0,458307,0,367144,0,284546,0,218630,0,168639,0,140942,0,134437,0,148709,0,176493,0,198116,0,178228,0,96022,4022
0,0,0,0,0,0,0,0,0,0,0,0,0,0,0,0,0,0,0,0,0,0,0,0,0,0,0,0,0,0,0,0,0,0,0,0,0,0,0,0,0,0,0,0,0,0,0,0,0,0,0,0,1,0,1,0,3,0,4,0,28,0,39,0,77,0,183,0,346,0,608,0,1168,1970,0,3715,0,6175,0,10393,0,16855,0,26841,0,40627,0,61507,0,89656,0,126665,0,176097,0,236319,0,307703,0,385661,0,470913,0,556630,0,633708,0,697106,739706,0,755453,0,741960,0,700140,0,634489,0,551284,0,459280,0,368018,0,285773,0,218951,0,169504,0,141072,0,134610,0,149021,0,176278,0,198393,0,178321,0,96135,4021
0,0,0,0,0,0,0,0,0,0,0,0,0,0,0,0,0,0,0,0,0,0,0,0,0,0,0,0,0,0,0,0,0,0,0,0,0,0,0,0,0,0,0,0,0,0,0,0,0,0,0,0,0,0,2,0,1,0,10,0,23,0,30,0,93,0,176,0,335,0,617,0,1114,2017,0,3649,0,6125,0,10145,0,16780,0,26720,0,40429,0,60929,0,89174,0,126502,0,174352,0,235637,0,306453,0,383363,0,471196,0,554819,0,632423,0,697146,738693,0,756756,0,742334,0,702000,0,635755,0,552771,0,459968,0,369296,0,287163,0,219296,0,170229,0,141182,0,134926,0,149264,0,176393,0,198337,0,178428,0,96333,4024
0,0,0,0,0,0,0,0,0,0,0,0,0,0,0,0,0,0,0,0,0,0,0,0,0,0,0,0,0,0,0,0,0,0,0,0,0,0,0,0,0,0,0,0,0,0,0,0,0,0,0,0,0,0,2,0,5,0,4,0,19,0,43,0,79,0,186,0,328,0,586,0,1144,2044,0,3538,0,6124,0,10045,0,16641,0,26383,0,40362,0,60187,0,88810,0,125781,0,173903,0,234319,0,304953,0,383118,0,469127,0,554452,0,631188,0,696589,737998,0,756961,0,743911,0,703447,0,636004,0,554142,0,462213,0,369405,0,288921,0,219684,0,170674,0,141737,0,135085,0,149231,0,176510,0,198398,0,178682,0,96419,4026
0,0,0,0,0,0,0,0,0,0,0,0,0,0,0,0,0,0,0,0,0,0,0,0,0,0,0,0,0,0,0,0,0,0,0,0,0,0,0,0,0,0,0,0,0,0,0,0,0,0,0,0,0,0,3,0,3,0,10,0,20,0,31,0,89,0,172,0,323,0,618,0,1091,2016,0,3546,0,5998,0,10102,0,16396,0,26118,0,39744,0,60002,0,88342,0,125196,0,172990,0,233432,0,303057,0,382362,0,467914,0,553173,0,631222,0,695525,738612,0,756086,0,745124,0,704927,0,636580,0,555945,0,463091,0,370723,0,290308,0,220013,0,171525,0,141822,0,135408,0,149038,0,176865,0,198288,0,178970,0,96558,4030
0,0,0,0,0,0,0,0,0,0,0,0,0,0,0,0,0,0,0,0,0,0,0,0,0,0,0,0,0,0,0,0,0,0,0,0,0,0,0,0,0,0,0,0,0,0,0,0,0,0,0,0,1,0,0,0,5,0,11,0,14,0,36,0,79,0,180,0,313,0,592,0,1090,1951,0,3495,0,5940,0,10011,0,16265,0,26034,0,39391,0,59845,0,87467,0,124769,0,172717,0,231746,0,301502,0,381231,0,467088,0,552270,0,630058,0,694683,738448,0,756858,0,745747,0,705048,0,639264,0,556452,0,464377,0,372444,0,291324,0,220781,0,172056,0,142131,0,135381,0,149107,0,176829,0,198599,0,178973,0,96776,4029
0,0,0,0,0,0,0,0,0,0,0,0,0,0,0,0,0,0,0,0,0,0,0,0,0,0,0,0,0,0,0,0,0,0,0,0,0,0,0,0,0,0,0,0,0,0,0,0,0,0,0,0,1,0,0,0,5,0,10,0,16,0,27,0,86,0,166,0,317,0,598,0,1070,1930,0,3377,0,5904,0,10003,0,16224,0,25818,0,39189,0,59317,0,87047,0,123556,0,171733,0,231335,0,300525,0,379729,0,465733,0,550937,0,629329,0,694901,738197,0,756558,0,746369,0,706142,0,640892,0,557784,0,465719,0,373828,0,291970,0,221708,0,172187,0,142785,0,135570,0,149049,0,177065,0,198614,0,179099,0,96960,4029
0,0,0,0,0,0,0,0,0,0,0,0,0,0,0,0,0,0,0,0,0,0,0,0,0,0,0,0,0,0,0,0,0,0,0,0,0,0,0,0,0,0,0,0,0,0,0,0,0,0,1,0,0,0,2,0,4,0,8,0,14,0,37,0,81,0,148,0,324,0,604,0,1065,1892,0,3367,0,5866,0,9881,0,16182,0,25350,0,39161,0,58611,0,86533,0,123048,0,171258,0,229647,0,299408,0,379396,0,463078,0,550063,0,629103,0,692690,739672,0,757180,0,747285,0,706851,0,642106,0,559076,0,466892,0,375583,0,292194,0,222565,0,172717,0,143187,0,135788,0,149318,0,177245,0,198481,0,179429,0,96990,4027
0,0,0,0,0,0,0,0,0,0,0,0,0,0,0,0,0,0,0,0,0,0,0,0,0,0,0,0,0,0,0,0,0,0,0,0,0,0,0,0,0,0,0,0,0,0,0,0,0,0,1,0,0,0,0,0,5,0,8,0,15,0,37,0,72,0,152,0,296,0,678,0,981,1881,0,3351,0,5859,0,9686,0,15982,0,25192,0,38980,0,58281,0,85720,0,122716,0,170332,0,228627,0,298699,0,377358,0,462510,0,548331,0,627863,0,692671,739894,0,757041,0,747445,0,708226,0,644149,0,559869,0,468436,0,377267,0,292255,0,223871,0,172936,0,143717,0,135973,0,149497,0,177291,0,198743,0,179464,0,97019,4031
0,0,0,0,0,0,0,0,0,0,0,0,0,0,0,0,0,0,0,0,0,0,0,0,0,0,0,0,0,0,0,0,0,0,0,0,0,0,0,0,0,0,0,0,0,0,0,0,0,0,1,0,0,0,0,0,3,0,8,0,15,0,39,0,79,0,153,0,311,0,607,0,1051,1792,0,3401,0,5662,0,9647,0,15861,0,24997,0,38654,0,57567,0,85675,0,121927,0,169206,0,227776,0,297473,0,375870,0,462090,0,546786,0,626102,0,693620,738545,0,757804,0,748434,0,710142,0,643993,0,562191,0,469161,0,378544,0,293176,0,224925,0,173245,0,144223,0,136018,0,149649,0,177174,0,198832,0,179831,0,97120,4028
0,0,0,0,0,0,0,0,0,0,0,0,0,0,0,0,0,0,0,0,0,0,0,0,0,0,0,0,0,0,0,0,0,0,0,0,0,0,0,0,0,0,0,0,0,0,0,0,0,0,0,0,1,0,0,0,3,0,6,0,21,0,37,0,86,0,160,0,309,0,547,0,1087,1812,0,3252,0,5680,0,9591,0,15636,0,24806,0,38362,0,57412,0,84873,0,121438,0,168108,0,226846,0,295674,0,375114,0,460861,0,545844,0,625498,0,693263,737288,0,758072,0,749975,0,711063,0,645392,0,563779,0,470812,0,378696,0,294725,0,225364,0,174106,0,144633,0,136079,0,149596,0,177337,0,198879,0,179912,0,97347,4026
0,0,0,0,0,0,0,0,0,0,0,0,0,0,0,0,0,0,0,0,0,0,0,0,0,0,0,0,0,0,0,0,0,0,0,0,0,0,0,0,0,0,0,0,0,0,0,0,0,0,0,0,0,0,1,0,1,0,5,0,18,0,38,0,87,0,154,0,293,0,550,0,1052,1826,0,3192,0,5594,0,9632,0,15399,0,24683,0,37957,0,57157,0,84387,0,120641,0,166774,0,225837,0,294964,0,374497,0,459196,0,544178,0,624744,0,693522,736618,0,758948,0,749495,0,712737,0,646958,0,565197,0,471706,0,379452,0,296263,0,226390,0,174547,0,144856,0,135982,0,149903,0,177456,0,199055,0,179929,0,97511,4026
0,0,0,0,0,0,0,0,0,0,0,0,0,0,0,0,0,0,0,0,0,0,0,0,0,0,0,0,0,0,0,0,0,0,0,0,0,0,0,0,0,0,0,0,0,0,0,0,0,0,0,0,0,0,0,0,1,0,8,0,18,0,36,0,79,0,169,0,292,0,529,0,1089,1732,0,3156,0,5565,0,9498,0,15377,0,24554,0,37543,0,56875,0,83934,0,119732,0,165664,0,225594,0,293540,0,373036,0,457949,0,543110,0,624657,0,691664,737443,0,758474,0,749914,0,714750,0,648897,0,565821,0,473035,0,380754,0,296646,0,227452,0,175214,0,144852,0,136322,0,149871,0,177710,0,199010,0,180250,0,97564,4028
0,0,0,0,0,0,0,0,0,0,0,0,0,0,0,0,0,0,0,0,0,0,0,0,0,0,0,0,0,0,0,0,0,0,0,0,0,0,0,0,0,0,0,0,0,0,0,0,0,0,0,0,0,0,0,0,3,0,11,0,14,0,34,0,84,0,157,0,275,0,564,0,1025,1768,0,3115,0,5530,0,9316,0,15175,0,24521,0,37235,0,56450,0,83260,0,119508,0,164733,0,223797,0,293054,0,372549,0,456012,0,541964,0,622983,0,691381,738066,0,757997,0,751756,0,714178,0,651495,0,567314,0,474005,0,382050,0,297635,0,228085,0,175423,0,145499,0,136560,0,149872,0,177456,0,199260,0,180505,0,97705,4029
0,0,0,0,0,0,0,0,0,0,0,0,0,0,0,0,0,0,0,0,0,0,0,0,0,0,0,0,0,0,0,0,0,0,0,0,0,0,0,0,0,0,0,0,0,0,0,0,0,0,0,0,0,0,0,0,6,0,7,0,16,0,32,0,69,0,153,0,295,0,546,0,1014,1716,0,3197,0,5465,0,9197,0,15175,0,23849,0,37162,0,56167,0,82892,0,118434,0,164145,0,222611,0,292555,0,370793,0,454466,0,541788,0,620793,0,691676,737455,0,758781,0,751852,0,715951,0,651478,0,569427,0,475816,0,383300,0,298799,0,228307,0,176252,0,145467,0,136967,0,150013,0,177388,0,199433,0,180713,0,97758,4032
0,0,0,0,0,0,0,0,0,0,0,0,0,0,0,0,0,0,0,0,0,0,0,0,0,0,0,0,0,0,0,0,0,0,0,0,0,0,0,0,0,0,0,0,0,0,0,0,0,0,0,0,0,0,0,0,5,0,8,0,13,0,32,0,74,0,143,0,294,0,540,0,959,1779,0,3114,0,5451,0,9210,0,14846,0,23868,0,36815,0,55860,0,82160,0,117630,0,163561,0,221529,0,291346,0,370385,0,452566,0,540591,0,620256,0,690064,738214,0,759181,0,752127,0,717042,0,653666,0,570156,0,476205,0,384849,0,300353,0,229075,0,176470,0,145997,0,137061,0,150350,0,177257,0,199661,0,180806,0,97807,4032
0,0,0,0,0,0,0,0,0,0,0,0,0,0,0,0,0,0,0,0,0,0,0,0,0,0,0,0,0,0,0,0,0,0,0,0,0,0,0,0,0,0,0,0,0,0,0,0,0,0,0,0,0,0,1,0,4,0,7,0,19,0,33,0,62,0,145,0,282,0,523,0,976,1693,0,3182,0,5422,0,9156,0,14752,0,23541,0,36883,0,54932,0,81711,0,116998,0,162483,0,221129,0,289790,0,368776,0,452852,0,538462,0,619533,0,689671,738056,0,760057,0,752362,0,717234,0,654846,0,571975,0,477542,0,386321,0,300637,0,230175,0,176986,0,146343,0,137403,0,150338,0,177322,0,199943,0,180965,0,97852,4033
0,0,0,0,0,0,0,0,0,0,0,0,0,0,0,0,0,0,0,0,0,0,0,0,0,0,0,0,0,0,0,0,0,0,0,0,0,0,0,0,0,0,0,0,0,0,0,0,0,0,0,0,0,0,1,0,2,0,7,0,14,0,36,0,62,0,146,0,300,0,519,0,947,1688,0,3096,0,5471,0,8982,0,14611,0,23488,0,36384,0,54782,0,80772,0,116775,0,161531,0,220121,0,289035,0,367355,0,451307,0,537551,0,618913,0,688393,737072,0,760840,0,752953,0,719069,0,656299,0,572478,0,479393,0,387749,0,301744,0,230680,0,177454,0,146817,0,137365,0,150651,0,177262,0,200230,0,180969,0,98057,4037
0,0,0,0,0,0,0,0,0,0,0,0,0,0,0,0,0,0,0,0,0,0,0,0,0,0,0,0,0,0,0,0,0,0,0,0,0,0,0,0,0,0,0,0,0,0,0,0,0,0,0,0,0,0,0,0,4,0,5,0,20,0,34,0,70,0,134,0,292,0,505,0,918,1718,0,2992,0,5359,0,9028,0,14323,0,23370,0,36193,0,54435,0,80573,0,115626,0,161700,0,218368,0,287893,0,365925,0,450885,0,536457,0,617471,0,687278,737650,0,760282,0,754118,0,719942,0,657351,0,574803,0,480049,0,388791,0,303250,0,231055,0,177999,0,147026,0,137823,0,150573,0,177552,0,200161,0,181003,0,98372,4032
0,0,0,0,0,0,0,0,0,0,0,0,0,0,0,0,0,0,0,0,0,0,0,0,0,0,0,0,0,0,0,0,0,0,0,0,0,0,0,0,0,0,0,0,0,0,0,0,0,0,0,0,0,0,0,0,4,0,6,0,18,0,30,0,79,0,136,0,256,0,516,0,932,1704,0,3027,0,5321,0,8828,0,14457,0,23132,0,35693,0,54117,0,80027,0,114996,0,161072,0,217425,0,286213,0,365483,0,449617,0,534960,0,616910,0,686962,737081,0,760141,0,755356,0,720219,0,658523,0,575799,0,481649,0,390629,0,304419,0,231874,0,178425,0,147120,0,138218,0,150627,0,177530,0,200128,0,181140,0,98579,4030
0,0,0,0,0,0,0,0,0,0,0,0,0,0,0,0,0,0,0,0,0,0,0,0,0,0,0,0,0,0,0,0,0,0,0,0,0,0,0,0,0,0,0,0,0,0,0,0,0,0,0,0,0,0,0,0,4,0,9,0,9,0,43,0,70,0,129,0,243,0,550,0,913,1703,0,2930,0,5280,0,8804,0,14286,0,22772,0,35706,0,53925,0,79509,0,113993,0,160178,0,216167,0,285769,0,363786,0,448117,0,534335,0,616512,0,687036,735738,0,760434,0,755472,0,721206,0,659852,0,577161,0,483513,0,391520,0,305607,0,232912,0,179160,0,147025,0,138243,0,150906,0,177711,0,199969,0,181319,0,98850,4032
0,0,0,0,0,0,0,0,0,0,0,0,0,0,0,0,0,0,0,0,0,0,0,0,0,0,0,0,0,0,0,0,0,0,0,0,0,0,0,0,0,0,0,0,0,0,0,0,0,0,0,0,0,0,2,0,2,0,8,0,12,0,33,0,71,0,137,0,250,0,522,0,916,1648,0,2978,0,5164,0,8712,0,14210,0,22734,0,35066,0,53943,0,78727,0,113357,0,159147,0,215871,0,284136,0,362263,0,447519,0,532745,0,616025,0,686158,737045,0,760096,0,755464,0,722030,0,661138,0,578506,0,485348,0,392282,0,306986,0,232866,0,180104,0,147418,0,138646,0,150960,0,177393,0,200222,0,181458,0,99063,4027
0,0,0,0,0,0,0,0,0,0,0,0,0,0,0,0,0,0,0,0,0,0,0,0,0,0,0,0,0,0,0,0,0,0,0,0,0,0,0,0,0,0,0,0,0,0,0,0,0,0,0,0,1,0,2,0,0,0,8,0,11,0,38,0,68,0,116,0,269,0,505,0,927,1658,0,2905,0,5144,0,8616,0,14160,0,22438,0,34911,0,53115,0,78540,0,113119,0,158109,0,214958,0,282624,0,361606,0,446081,0,531802,0,614958,0,685793,736695,0,759375,0,756568,0,722892,0,662821,0,579448,0,487252,0,393620,0,307533,0,234140,0,180295,0,147835,0,138824,0,151095,0,177428,0,200420,0,181448,0,99208,4029
0,0,0,0,0,0,0,0,0,0,0,0,0,0,0,0,0,0,0,0,0,0,0,0,0,0,0,0,0,0,0,0,0,0,0,0,0,0,0,0,0,0,0,0,0,0,0,0,0,0,0,0,0,0,2,0,2,0,6,0,14,0,30,0,68,0,135,0,253,0,502,0,878,1662,0,2880,0,5116,0,8564,0,13873,0,22250,0,34934,0,52843,0,77897,0,112273,0,157523,0,213755,0,282074,0,359488,0,445518,0,530790,0,613628,0,685909,735797,0,759630,0,757288,0,724532,0,662638,0,581334,0,488998,0,394920,0,308214,0,234630,0,181344,0,148287,0,138683,0,151205,0,177806,0,200422,0,181420,0,99360,4033
0,0,0,0,0,0,0,0,0,0,0,0,0,0,0,0,0,0,0,0,0,0,0,0,0,0,0,0,0,0,0,0,0,0,0,0,0,0,0,0,0,0,0,0,0,0,0,0,0,0,0,0,0,0,1,0,4,0,4,0,13,0,31,0,63,0,122,0,260,0,496,0,882,1629,0,2835,0,5027,0,8594,0,13839,0,21983,0,34538,0,52591,0,77455,0,111414,0,156594,0,213251,0,281151,0,358474,0,443819,0,529157,0,613394,0,685030,735416,0,760620,0,757451,0,725336,0,663386,0,582778,0,490835,0,395824,0,309914,0,234850,0,181795,0,149026,0,138806,0,151119,0,177993,0,200499,0,181490,0,99587,4032
0,0,0,0,0,0,0,0,0,0,0,0,0,0,0,0,0,0,0,0,0,0,0,0,0,0,0,0,0,0,0,0,0,0,0,0,0,0,0,0,0,0,0,0,0,0,0,0,0,0,0,0,0,0,2,0,3,0,6,0,15,0,28,0,53,0,141,0,250,0,474,0,900,1579,0,2767,0,5032,0,8408,0,13894,0,21747,0,34074,0,52455,0,76966,0,111017,0,156147,0,211541,0,279822,0,357825,0,441531,0,529063,0,612842,0,684297,734890,0,761389,0,758152,0,725543,0,664801,0,584466,0,491716,0,397102,0,310525,0,236360,0,181790,0,149471,0,138995,0,151411,0,177784,0,200502,0,181917,0,99684,4031
0,0,0,0,0,0,0,0,0,0,0,0,0,0,0,0,0,0,0,0,0,0,0,0,0,0,0,0,0,0,0,0,0,0,0,0,0,0,0,0,0,0,0,0,0,0,0,0,0,0,0,0,1,0,0,0,5,0,6,0,15,0,20,0,70,0,132,0,227,0,463,0,874,1593,0,2795,0,4903,0,8423,0,13748,0,21563,0,33807,0,51705,0,77057,0,110113,0,155377,0,210460,0,278948,0,356368,0,440201,0,527881,0,613436,0,681756,735428,0,761557,0,759087,0,727175,0,665977,0,584503,0,493173,0,398871,0,311745,0,236809,0,182467,0,149461,0,139396,0,151354,0,177888,0,200634,0,182201,0,99704,4031
0,0,0,0,0,0,0,0,0,0,0,0,0,0,0,0,0,0,0,0,0,0,0,0,0,0,0,0,0,0,0,0,0,0,0,0,0,0,0,0,0,0,0,0,0,0,0,0,0,0,0,0,0,0,2,0,6,0,3,0,14,0,27,0,60,0,131,0,245,0,456,0,863,1557,0,2793,0,4816,0,8245,0,13394,0,21788,0,33421,0,51639,0,75837,0,110325,0,154586,0,209118,0,277648,0,355150,0,439230,0,526691,0,612359,0,681920,734686,0,762291,0,759701,0,727704,0,667163,0,586197,0,494312,0,399738,0,312718,0,237707,0,183042,0,149811,0,139796,0,151433,0,177765,0,200803,0,182337,0,99848,4032
0,0,0,0,0,0,0,0,0,0,0,0,0,0,0,0,0,0,0,0,0,0,0,0,0,0,0,0,0,0,0,0,0,0,0,0,0,0,0,0,0,0,0,0,0,0,0,0,0,0,0,0,1,0,2,0,3,0,7,0,12,0,29,0,66,0,126,0,226,0,464,0,824,1562,0,2742,0,4786,0,8179,0,13348,0,21211,0,33484,0,51243,0,75697,0,109002,0,153925,0,209142,0,276094,0,353899,0,438606,0,525499,0,611094,0,680493,735069,0,763347,0,759793,0,728772,0,667692,0,587476,0,495722,0,401183,0,313358,0,238567,0,183648,0,150056,0,140227,0,151292,0,177984,0,200827,0,182770,0,99825,4034
0,0,0,0,0,0,0,0,0,0,0,0,0,0,0,0,0,0,0,0,0,0,0,0,0,0,0,0,0,0,0,0,0,0,0,0,0,0,0,0,0,0,0,0,0,0,0,0,0,0,0,0,1,0,1,0,4,0,9,0,8,0,33,0,60,0,124,0,231,0,442,0,850,1497,0,2823,0,4625,0,8065,0,13117,0,21263,0,33187,0,50989,0,75273,0,108144,0,153168,0,207991,0,275471,0,352428,0,437569,0,524587,0,608986,0,680391,735126,0,763495,0,760958,0,728498,0,669885,0,588567,0,496968,0,402062,0,314780,0,239654,0,184058,0,150157,0,140590,0,151345,0,178183,0,200825,0,182898,0,99987,4035
0,0,0,0,0,0,0,0,0,0,0,0,0,0,0,0,0,0,0,0,0,0,0,0,0,0,0,0,0,0,0,0,0,0,0,0,0,0,0,0,0,0,0,0,0,0,0,0,0,0,0,0,1,0,1,0,2,0,7,0,11,0,30,0,66,0,133,0,218,0,457,0,817,1465,0,2741,0,4660,0,8069,0,12894,0,20930,0,33126,0,50554,0,74742,0,107628,0,152090,0,207791,0,273817,0,351263,0,436592,0,523783,0,608093,0,679822,733988,0,764377,0,762268,0,728732,0,670553,0,589856,0,498328,0,403620,0,315139,0,241418,0,184147,0,150449,0,140849,0,151628,0,177970,0,201059,0,183091,0,100098,4035
0,0,0,0,0,0,0,0,0,0,0,0,0,0,0,0,0,0,0,0,0,0,0,0,0,0,0,0,0,0,0,0,0,0,0,0,0,0,0,0,0,0,0,0,0,0,0,0,0,0,1,0,0,0,2,0,1,0,6,0,15,0,31,0,68,0,120,0,232,0,443,0,843,1426,0,2739,0,4608,0,7936,0,12862,0,20680,0,32741,0,50315,0,74064,0,107787,0,150475,0,206959,0,272607,0,350140,0,435954,0,522305,0,606858,0,679926,733857,0,763615,0,763265,0,729901,0,671909,0,590670,0,499960,0,404172,0,316394,0,242509,0,184687,0,150861,0,141023,0,151720,0,178091,0,201104,0,183372,0,100116,4038
0,0,0,0,0,0,0,0,0,0,0,0,0,0,0,0,0,0,0,0,0,0,0,0,0,0,0,0,0,0,0,0,0,0,0,0,0,0,0,0,0,0,0,0,0,0,0,0,0,0,0,0,1,0,0,0,3,0,8,0,13,0,24,0,68,0,123,0,232,0,431,0,850,1447,0,2656,0,4564,0,7978,0,12718,0,20584,0,32358,0,50009,0,73631,0,106861,0,150655,0,205540,0,271170,0,348772,0,434549,0,521433,0,605657,0,679453,733706,0,765009,0,763050,0,731564,0,672539,0,591997,0,500688,0,405739,0,318019,0,242643,0,185178,0,151434,0,141079,0,151906,0,177917,0,201475,0,183238,0,100400,4039
0,0,0,0,0,0,0,0,0,0,0,0,0,0,0,0,0,0,0,0,0,0,0,0,0,0,0,0,0,0,0,0,0,0,0,0,0,0,0,0,0,0,0,0,0,0,0,0,0,0,0,0,0,0,1,0,4,0,8,0,13,0,27,0,66,0,105,0,219,0,466,0,758,1469,0,2631,0,4619,0,7735,0,12665,0,20431,0,32328,0,49277,0,73492,0,106175,0,149465,0,204884,0,270460,0,348320,0,432360,0,520722,0,603615,0,679442,734801,0,763268,0,764663,0,732089,0,673205,0,592948,0,502637,0,407759,0,318741,0,243205,0,185839,0,151841,0,140991,0,151991,0,178062,0,201539,0,183562,0,100468,4042
0,0,0,0,0,0,0,0,0,0,0,0,0,0,0,0,0,0,0,0,0,0,0,0,0,0,0,0,0,0,0,0,0,0,0,0,0,0,0,0,0,0,0,0,0,0,0,0,0,0,0,0,0,0,1,0,3,0,12,0,12,0,18,0,59,0,118,0,208,0,414,0,824,1393,0,2579,0,4609,0,7664,0,12703,0,20154,0,32085,0,48613,0,73210,0,105640,0,148739,0,203171,0,270561,0,346982,0,431759,0,519175,0,602127,0,679084,733811,0,764291,0,764278,0,734821,0,673835,0,593480,0,504227,0,408858,0,319520,0,244360,0,186308,0,152801,0,140558,0,152113,0,178450,0,201528,0,183666,0,100541,4045
0,0,0,0,0,0,0,0,0,0,0,0,0,0,0,0,0,0,0,0,0,0,0,0,0,0,0,0,0,0,0,0,0,0,0,0,0,0,0,0,0,0,0,0,0,0,0,0,0,0,0,0,0,0,1,0,4,0,7,0,13,0,24,0,57,0,98,0,224,0,421,0,778,1426,0,2512,0,4585,0,7602,0,12483,0,20239,0,31401,0,48769,0,72661,0,104984,0,147643,0,202694,0,268959,0,346065,0,430378,0,517663,0,603255,0,677653,732533,0,765002,0,764470,0,736170,0,674744,0,594927,0,505453,0,409675,0,321226,0,244717,0,187150,0,152993,0,140804,0,152233,0,178615,0,201477,0,183871,0,100705,4044
0,0,0,0,0,0,0,0,0,0,0,0,0,0,0,0,0,0,0,0,0,0,0,0,0,0,0,0,0,0,0,0,0,0,0,0,0,0,0,0,0,0,0,0,0,0,0,0,0,0,0,0,0,0,0,0,2,0,11,0,11,0,22,0,60,0,107,0,213,0,417,0,765,1413,0,2547,0,4442,0,7429,0,12469,0,20132,0,31488,0,48128,0,72146,0,104477,0,147260,0,202028,0,267670,0,345243,0,428220,0,516667,0,602449,0,677223,732324,0,765289,0,765494,0,736399,0,675690,0,595866,0,506627,0,411018,0,322322,0,245533,0,188043,0,152960,0,141118,0,152430,0,178684,0,201640,0,183977,0,100910,4045
0,0,0,0,0,0,0,0,0,0,0,0,0,0,0,0,0,0,0,0,0,0,0,0,0,0,0,0,0,0,0,0,0,0,0,0,0,0,0,0,0,0,0,0,0,0,0,0,0,0,0,0,0,0,1,0,2,0,7,0,17,0,21,0,55,0,108,0,216,0,409,0,768,1399,0,2523,0,4377,0,7441,0,12186,0,20168,0,30897,0,48080,0,71730,0,103650,0,146898,0,200578,0,267370,0,343220,0,427575,0,516029,0,601091,0,676640,732836,0,764109,0,766234,0,736748,0,677460,0,597547,0,507571,0,411924,0,323499,0,247001,0,188379,0,153217,0,141130,0,152527,0,178711,0,201778,0,184121,0,101118,4042
0,0,0,0,0,0,0,0,0,0,0,0,0,0,0,0,0,0,0,0,0,0,0,0,0,0,0,0,0,0,0,0,0,0,0,0,0,0,0,0,0,0,0,0,0,0,0,0,0,0,0,0,0,0,0,0,5,0,5,0,12,0,35,0,47,0,109,0,208,0,393,0,782,1385,0,2499,0,4271,0,7526,0,12066,0,19851,0,30816,0,47780,0,71152,0,103506,0,145953,0,199863,0,266209,0,341473,0,427828,0,514345,0,599626,0,675666,733123,0,763345,0,767389,0,736840,0,679811,0,598785,0,508453,0,413840,0,323840,0,247905,0,188759,0,153977,0,141266,0,152317,0,178946,0,201939,0,184164,0,101258,4040
0,0,0,0,0,0,0,0,0,0,0,0,0,0,0,0,0,0,0,0,0,0,0,0,0,0,0,0,0,0,0,0,0,0,0,0,0,0,0,0,0,0,0,0,0,0,0,0,0,0,0,0,0,0,1,0,3,0,10,0,11,0,33,0,45,0,118,0,190,0,399,0,745,1429,0,2496,0,4310,0,7282,0,12149,0,19436,0,30816,0,47601,0,70635,0,102356,0,145634,0,198939,0,265161,0,340982,0,425436,0,514355,0,598399,0,673884,733528,0,763322,0,768466,0,737599,0,680482,0,599389,0,510604,0,415559,0,324611,0,248510,0,189236,0,154312,0,141567,0,152431,0,179120,0,202053,0,184422,0,101302,4040
0,0,0,0,0,0,0,0,0,0,0,0,0,0,0,0,0,0,0,0,0,0,0,0,0,0,0,0,0,0,0,0,0,0,0,0,0,0,0,0,0,0,0,0,0,0,0,0,0,0,0,0,0,0,1,0,6,0,5,0,14,0,24,0,54,0,100,0,215,0,388,0,692,1429,0,2477,0,4232,0,7256,0,12032,0,19415,0,30566,0,47248,0,70018,0,102156,0,145009,0,197887,0,263626,0,339899,0,424617,0,512154,0,597980,0,674587,731977,0,763873,0,767682,0,738465,0,682315,0,601810,0,511437,0,416110,0,326607,0,248817,0,189828,0,154567,0,142013,0,152357,0,179197,0,202153,0,184610,0,101467,4036
0,0,0,0,0,0,0,0,0,0,0,0,0,0,0,0,0,0,0,0,0,0,0,0,0,0,0,0,0,0,0,0,0,0,0,0,0,0,0,0,0,0,0,0,0,0,0,0,0,0,0,0,0,0,1,0,2,0,13,0,7,0,23,0,56,0,94,0,204,0,407,0,735,1324,0,2408,0,4210,0,7240,0,11896,0,19284,0,30414,0,46988,0,69707,0,101325,0,144035,0,197699,0,261761,0,339059,0,423710,0,510400,0,597738,0,673540,732003,0,763119,0,769769,0,738357,0,683012,0,603304,0,513094,0,417283,0,327840,0,249128,0,190510,0,154930,0,142374,0,152279,0,179502,0,202168,0,184687,0,101734,4035
0,0,0,0,0,0,0,0,0,0,0,0,0,0,0,0,0,0,0,0,0,0,0,0,0,0,0,0,0,0,0,0,0,0,0,0,0,0,0,0,0,0,0,0,0,0,0,0,0,0,0,0,0,0,0,0,2,0,9,0,15,0,21,0,48,0,109,0,215,0,389,0,717,1267,0,2448,0,4219,0,7078,0,11953,0,19037,0,30302,0,46636,0,69122,0,101025,0,143114,0,196443,0,260972,0,337943,0,422109,0,509929,0,596645,0,673747,731511,0,763365,0,768129,0,741031,0,683754,0,605266,0,513515,0,418808,0,328453,0,250040,0,191300,0,155232,0,142273,0,152595,0,179697,0,202162,0,184811,0,101915,4037
0,0,0,0,0,0,0,0,0,0,0,0,0,0,0,0,0,0,0,0,0,0,0,0,0,0,0,0,0,0,0,0,0,0,0,0,0,0,0,0,0,0,0,0,0,0,0,0,0,0,0,0,0,0,1,0,4,0,6,0,10,0,26,0,52,0,88,0,221,0,373,0,704,1318,0,2406,0,4199,0,7072,0,11763,0,18950,0,30112,0,45950,0,69014,0,100665,0,142009,0,195450,0,260095,0,336797,0,421259,0,509337,0,595502,0,672507,730702,0,764899,0,767427,0,742241,0,684848,0,606404,0,515010,0,419836,0,329277,0,251294,0,191620,0,155901,0,142550,0,152456,0,179745,0,202209,0,185156,0,101909,4034
0,0,0,0,0,0,0,0,0,0,0,0,0,0,0,0,0,0,0,0,0,0,0,0,0,0,0,0,0,0,0,0,0,0,0,0,0,0,0,0,0,0,0,0,0,0,0,0,0,0,0,0,0,0,2,0,3,0,7,0,8,0,19,0,53,0,96,0,189,0,394,0,712,1267,0,2367,0,4167,0,7070,0,11612,0,18834,0,29898,0,45617,0,68689,0,100145,0,141461,0,194191,0,259175,0,335607,0,419642,0,508302,0,594571,0,672436,730677,0,764247,0,768872,0,741631,0,686946,0,607639,0,516488,0,420408,0,330361,0,251774,0,192451,0,156485,0,142875,0,152403,0,179822,0,202430,0,185217,0,102111,4037
0,0,0,0,0,0,0,0,0,0,0,0,0,0,0,0,0,0,0,0,0,0,0,0,0,0,0,0,0,0,0,0,0,0,0,0,0,0,0,0,0,0,0,0,0,0,0,0,0,0,0,0,0,0,1,0,5,0,7,0,4,0,22,0,32,0,108,0,198,0,381,0,725,1245,0,2354,0,4104,0,6940,0,11612,0,18736,0,29546,0,45682,0,67917,0,99725,0,141204,0,193047,0,257814,0,334592,0,418745,0,506686,0,594758,0,670698,730586,0,765539,0,768180,0,742293,0,688391,0,608645,0,518424,0,421078,0,331502,0,252476,0,193214,0,156536,0,142794,0,152659,0,179998,0,202452,0,185520,0,102199,4034
0,0,0,0,0,0,0,0,0,0,0,0,0,0,0,0,0,0,0,0,0,0,0,0,0,0,0,0,0,0,0,0,0,0,0,0,0,0,0,0,0,0,0,0,0,0,0,0,0,0,0,0,0,0,1,0,4,0,7,0,4,0,24,0,33,0,108,0,195,0,376,0,671,1253,0,2356,0,4033,0,6928,0,11513,0,18453,0,29641,0,45087,0,67862,0,99128,0,139996,0,192415,0,257365,0,332975,0,417690,0,505535,0,593349,0,670633,730242,0,765749,0,768977,0,742587,0,689042,0,610222,0,519721,0,422288,0,331986,0,254006,0,193895,0,156696,0,143057,0,152656,0,180099,0,202460,0,185670,0,102387,4033
0,0,0,0,0,0,0,0,0,0,0,0,0,0,0,0,0,0,0,0,0,0,0,0,0,0,0,0,0,0,0,0,0,0,0,0,0,0,0,0,0,0,0,0,0,0,0,0,0,0,0,0,0,0,1,0,4,0,7,0,6,0,18,0,44,0,80,0,202,0,363,0,675,1258,0,2318,0,3966,0,6935,0,11318,0,18409,0,29293,0,45153,0,67384,0,98002,0,139381,0,192279,0,256404,0,331376,0,416858,0,503892,0,593202,0,670271,729733,0,765116,0,769049,0,743606,0,690774,0,611375,0,520468,0,424094,0,332632,0,255001,0,194274,0,157060,0,143373,0,152775,0,179869,0,202698,0,185851,0,102529,4032
0,0,0,0,0,0,0,0,0,0,0,0,0,0,0,0,0,0,0,0,0,0,0,0,0,0,0,0,0,0,0,0,0,0,0,0,0,0,0,0,0,0,0,0,0,0,0,0,0,0,0,0,1,0,1,0,3,0,5,0,9,0,20,0,36,0,72,0,208,0,350,0,668,1208,0,2285,0,3964,0,6817,0,11325,0,18372,0,28911,0,44702,0,67287,0,97394,0,138370,0,191929,0,254551,0,331034,0,415983,0,503043,0,591601,0,669628,729147,0,764559,0,770387,0,745032,0,691110,0,613064,0,520477,0,425932,0,334457,0,255487,0,195015,0,157230,0,143536,0,152717,0,180089,0,202638,0,186072,0,102654,4028
0,0,0,0,0,0,0,0,0,0,0,0,0,0,0,0,0,0,0,0,0,0,0,0,0,0,0,0,0,0,0,0,0,0,0,0,0,0,0,0,0,0,0,0,0,0,0,0,0,0,0,0,1,0,2,0,1,0,6,0,8,0,15,0,46,0,66,0,204,0,331,0,667,1210,0,2238,0,3988,0,6716,0,11211,0,18059,0,28890,0,44575,0,66717,0,96870,0,137971,0,190703,0,253313,0,330499,0,414635,0,502390,0,590125,0,668520,729401,0,764235,0,770857,0,746465,0,691437,0,614018,0,522292,0,427181,0,335591,0,256499,0,195444,0,157492,0,143519,0,153136,0,180136,0,202777,0,186136,0,102786,4029
0,0,0,0,0,0,0,0,0,0,0,0,0,0,0,0,0,0,0,0,0,0,0,0,0,0,0,0,0,0,0,0,0,0,0,0,0,0,0,0,0,0,0,0,0,0,0,0,0,0,0,0,1,0,2,0,2,0,5,0,4,0,20,0,37,0,94,0,163,0,356,0,630,1232,0,2201,0,3925,0,6643,0,11144,0,18003,0,28582,0,44334,0,66450,0,96005,0,136719,0,190512,0,252663,0,328800,0,413564,0,501684,0,589432,0,667933,727952,0,764444,0,772447,0,746533,0,693401,0,614872,0,523161,0,427894,0,336824,0,257451,0,196026,0,158130,0,143744,0,153059,0,180239,0,202752,0,186405,0,102904,4030
0,0,0,0,0,0,0,0,0,0,0,0,0,0,0,0,0,0,0,0,0,0,0,0,0,0,0,0,0,0,0,0,0,0,0,0,0,0,0,0,0,0,0,0,0,0,0,0,0,0,0,0,1,0,1,0,2,0,5,0,3,0,23,0,43,0,87,0,173,0,353,0,636,1181,0,2170,0,3862,0,6635,0,11000,0,17900,0,28401,0,44100,0,65973,0,95444,0,136473,0,189073,0,251950,0,327869,0,411947,0,500968,0,588333,0,667156,728946,0,763745,0,772894,0,746569,0,694321,0,616009,0,525274,0,428520,0,337897,0,258210,0,196937,0,158578,0,143750,0,153199,0,180291,0,203029,0,186216,0,103232,4029
0,0,0,0,0,0,0,0,0,0,0,0,0,0,0,0,0,0,0,0,0,0,0,0,0,0,0,0,0,0,0,0,0,0,0,0,0,0,0,0,0,0,0,0,0,0,0,0,0,0,0,0,1,0,2,0,1,0,4,0,5,0,30,0,33,0,87,0,174,0,363,0,610,1156,0,2172,0,3815,0,6441,0,11001,0,17746,0,28093,0,43905,0,65374,0,95542,0,135553,0,187679,0,251182,0,327252,0,410208,0,500461,0,586815,0,666004,728367,0,764771,0,773620,0,747145,0,694866,0,618138,0,526390,0,429406,0,338825,0,259094,0,197846,0,158559,0,144160,0,153304,0,180325,0,202974,0,186534,0,103351,4024
0,0,0,0,0,0,0,0,0,0,0,0,0,0,0,0,0,0,0,0,0,0,0,0,0,0,0,0,0,0,0,0,0,0,0,0,0,0,0,0,0,0,0,0,0,0,0,0,0,0,0,0,2,0,0,0,3,0,4,0,11,0,14,0,46,0,77,0,182,0,337,0,620,1196,0,2110,0,3778,0,6369,0,10808,0,17671,0,28067,0,43350,0,64744,0,95202,0,135217,0,186420,0,250781,0,326021,0,408995,0,499377,0,585599,0,665264,728312,0,764869,0,773640,0,748653,0,695164,0,619900,0,527553,0,431084,0,338995,0,259959,0,198894,0,158585,0,144466,0,153388,0,180467,0,202902,0,186817,0,103470,4025
0,0,0,0,0,0,0,0,0,0,0,0,0,0,0,0,0,0,0,0,0,0,0,0,0,0,0,0,0,0,0,0,0,0,0,0,0,0,0,0,0,0,0,0,0,0,0,0,0,0,1,0,0,0,1,0,2,0,4,0,14,0,18,0,31,0,86,0,168,0,347,0,623,1143,0,2109,0,3712,0,6431,0,10710,0,17511,0,27725,0,43153,0,64228,0,94546,0,135057,0,185843,0,249235,0,324694,0,408971,0,497772,0,584269,0,664933,727802,0,764804,0,773284,0,749885,0,697220,0,619900,0,529687,0,432138,0,339851,0,261056,0,199230,0,158922,0,144787,0,153649,0,180367,0,203032,0,186811,0,103623,4023
0,0,0,0,0,0,0,0,0,0,0,0,0,0,0,0,0,0,0,0,0,0,0,0,0,0,0,0,0,0,0,0,0,0,0,0,0,0,0,0,0,0,0,0,0,0,0,0,0,0,0,0,1,0,0,0,2,0,5,0,14,0,18,0,37,0,66,0,176,0,346,0,632,1117,0,2082,0,3615,0,6442,0,10673,0,17101,0,27694,0,42904,0,63812,0,94130,0,134417,0,184748,0,248097,0,323566,0,408390,0,496886,0,582806,0,665034,726318,0,765563,0,773476,0,749940,0,699007,0,621339,0,530634,0,433930,0,340115,0,261924,0,199734,0,159413,0,144934,0,154019,0,180367,0,203178,0,186864,0,103823,4019
0,0,0,0,0,0,0,0,0,0,0,0,0,0,0,0,0,0,0,0,0,0,0,0,0,0,0,0,0,0,0,0,0,0,0,0,0,0,0,0,0,0,0,0,0,0,0,0,0,0,0,0,1,0,0,0,2,0,5,0,7,0,26,0,37,0,71,0,161,0,325,0,618,1136,0,2063,0,3643,0,6351,0,10574,0,17117,0,27377,0,42455,0,63546,0,93450,0,134047,0,183526,0,247306,0,322631,0,406972,0,495557,0,582702,0,663425,726498,0,766092,0,773352,0,750632,0,699698,0,623060,0,531851,0,435350,0,341094,0,262329,0,200350,0,160263,0,145074,0,153975,0,180321,0,203242,0,187139,0,103934,4023
0,0,0,0,0,0,0,0,0,0,0,0,0,0,0,0,0,0,0,0,0,0,0,0,0,0,0,0,0,0,0,0,0,0,0,0,0,0,0,0,0,0,0,0,0,0,0,0,0,0,0,0,1,0,0,0,3,0,5,0,6,0,27,0,32,0,85,0,162,0,312,0,613,1072,0,2079,0,3666,0,6234,0,10539,0,16995,0,27267,0,42120,0,63207,0,92942,0,133159,0,182824,0,247004,0,321556,0,405446,0,493730,0,582668,0,661773,726526,0,765994,0,773516,0,752361,0,699168,0,625058,0,533025,0,437303,0,341620,0,263152,0,201140,0,160650,0,145094,0,154223,0,180014,0,203675,0,187259,0,104080,4023
0,0,0,0,0,0,0,0,0,0,0,0,0,0,0,0,0,0,0,0,0,0,0,0,0,0,0,0,0,0,0,0,0,0,0,0,0,0,0,0,0,0,0,0,0,0,0,0,0,0,1,0,0,0,0,0,3,0,5,0,6,0,26,0,40,0,77,0,165,0,300,0,595,1125,0,2006,0,3605,0,6249,0,10307,0,16975,0,27083,0,41704,0,63134,0,92181,0,132221,0,182440,0,246136,0,320647,0,404208,0,492799,0,581248,0,661775,725359,0,766058,0,773282,0,752995,0,701501,0,625416,0,535336,0,437635,0,343559,0,263166,0,201451,0,161535,0,145416,0,154080,0,180255,0,203476,0,187605,0,104197,4025
0,0,0,0,0,0,0,0,0,0,0,0,0,0,0,0,0,0,0,0,0,0,0,0,0,0,0,0,0,0,0,0,0,0,0,0,0,0,0,0,0,0,0,0,0,0,0,0,1,0,0,0,0,0,0,0,3,0,6,0,6,0,24,0,41,0,77,0,152,0,297,0,581,1137,0,1997,0,3584,0,6195,0,10391,0,16674,0,26708,0,41464,0,62736,0,92342,0,131597,0,181350,0,244566,0,320277,0,402581,0,492424,0,580140,0,660161,725027,0,766407,0,774322,0,752967,0,701994,0,627935,0,535774,0,438969,0,344746,0,263733,0,201835,0,162127,0,145706,0,154370,0,180204,0,203747,0,187882,0,104125,4026
0,0,0,0,0,0,0,0,0,0,0,0,0,0,0,0,0,0,0,0,0,0,0,0,0,0,0,0,0,0,0,0,0,0,0,0,0,0,0,0,0,0,0,0,0,0,0,0,0,0,1,0,0,0,1,0,3,0,3,0,9,0,20,0,45,0,64,0,157,0,301,0,559,1100,0,1973,0,3631,0,6056,0,10360,0,16703,0,26380,0,41407,0,62399,0,91294,0,131005,0,180874,0,243582,0,317678,0,402601,0,491475,0,578746,0,660407,724640,0,765710,0,775026,0,754183,0,702641,0,629255,0,537184,0,439378,0,346317,0,264499,0,202767,0,161994,0,145916,0,154602,0,180220,0,203942,0,188109,0,104166,4025
0,0,0,0,0,0,0,0,0,0,0,0,0,0,0,0,0,0,0,0,0,0,0,0,0,0,0,0,0,0,0,0,0,0,0,0,0,0,0,0,0,0,0,0,0,0,0,0,0,0,1,0,0,0,2,0,2,0,3,0,8,0,28,0,36,0,64,0,171,0,296,0,571,1073,0,1951,0,3542,0,6092,0,10216,0,16547,0,26442,0,41140,0,61758,0,91384,0,129473,0,180747,0,242752,0,316841,0,401465,0,489753,0,578902,0,658764,724417,0,764541,0,776569,0,754046,0,704248,0,629966,0,539137,0,439871,0,347434,0,265616,0,203158,0,162675,0,145966,0,154773,0,180322,0,203899,0,188424,0,104294,4028
0,0,0,0,0,0,0,0,0,0,0,0,0,0,0,0,0,0,0,0,0,0,0,0,0,0,0,0,0,0,0,0,0,0,0,0,0,0,0,0,0,0,0,0,0,0,0,0,0,0,1,0,0,0,2,0,2,0,6,0,7,0,20,0,36,0,80,0,137,0,311,0,595,1069,0,1897,0,3541,0,5988,0,10183,0,16387,0,26291,0,40676,0,61706,0,90560,0,129409,0,179308,0,241834,0,316041,0,399504,0,489329,0,578445,0,658698,723322,0,764422,0,776308,0,755682,0,705520,0,630514,0,540224,0,440941,0,349074,0,265887,0,203867,0,163133,0,146068,0,154893,0,180428,0,203955,0,188720,0,104358,4029
0,0,0,0,0,0,0,0,0,0,0,0,0,0,0,0,0,0,0,0,0,0,0,0,0,0,0,0,0,0,0,0,0,0,0,0,0,0,0,0,0,0,0,0,0,0,0,0,0,0,0,0,2,0,1,0,2,0,3,0,12,0,15,0,41,0,81,0,126,0,323,0,573,1045,0,1936,0,3475,0,6008,0,10001,0,16403,0,25970,0,40474,0,61256,0,90243,0,128737,0,177794,0,241616,0,314302,0,399614,0,488492,0,577030,0,657656,722612,0,765054,0,776583,0,755488,0,707172,0,632432,0,540909,0,442341,0,349727,0,266563,0,204486,0,163814,0,146114,0,154907,0,180564,0,204016,0,188818,0,104547,4030
0,0,0,0,0,0,0,0,0,0,0,0,0,0,0,0,0,0,0,0,0,0,0,0,0,0,0,0,0,0,0,0,0,0,0,0,0,0,0,0,0,0,0,0,0,0,0,0,0,0,1,0,1,0,1,0,1,0,2,0,12,0,16,0,36,0,74,0,147,0,305,0,582,1048,0,1890,0,3407,0,5878,0,10147,0,16152,0,25881,0,40173,0,61202,0,89479,0,127969,0,177419,0,239632,0,314473,0,397752,0,487285,0,575829,0,658223,721303,0,765078,0,776731,0,756107,0,708547,0,633695,0,541691,0,444259,0,350610,0,267824,0,204615,0,164063,0,146496,0,154887,0,180641,0,204209,0,188979,0,104624,4032
0,0,0,0,0,0,0,0,0,0,0,0,0,0,0,0,0,0,0,0,0,0,0,0,0,0,0,0,0,0,0,0,0,0,0,0,0,0,0,0,0,0,0,0,0,0,0,0,0,0,0,0,2,0,1,0,0,0,4,0,9,0,22,0,30,0,73,0,144,0,302,0,562,1045,0,1884,0,3369,0,5870,0,9937,0,15955,0,25768,0,40186,0,60532,0,89113,0,127071,0,176498,0,238963,0,313741,0,396620,0,486026,0,575318,0,656942,721354,0,763536,0,777891,0,757998,0,708352,0,635455,0,543414,0,444935,0,351656,0,268497,0,205241,0,164470,0,146709,0,155019,0,180596,0,204588,0,188883,0,104796,4031
0,0,0,0,0,0,0,0,0,0,0,0,0,0,0,0,0,0,0,0,0,0,0,0,0,0,0,0,0,0,0,0,0,0,0,0,0,0,0,0,0,0,0,0,0,0,0,0,0,0,1,0,1,0,1,0,1,0,3,0,13,0,14,0,32,0,63,0,154,0,302,0,585,992,0,1889,0,3325,0,5761,0,9826,0,16102,0,25318,0,39917,0,60521,0,88051,0,126713,0,175940,0,238096,0,311817,0,396613,0,484545,0,574174,0,655283,722317,0,762987,0,777992,0,759356,0,709848,0,635438,0,545404,0,446515,0,351909,0,269666,0,205906,0,164514,0,147096,0,154894,0,180769,0,204948,0,188801,0,104960,4035
0,0,0,0,0,0,0,0,0,0,0,0,0,0,0,0,0,0,0,0,0,0,0,0,0,0,0,0,0,0,0,0,0,0,0,0,0,0,0,0,0,0,0,0,0,0,0,0,0,0,1,0,0,0,1,0,1,0,4,0,8,0,17,0,26,0,83,0,135,0,322,0,530,1033,0,1866,0,3223,0,5840,0,9637,0,15845,0,25568,0,39458,0,59500,0,88063,0,125839,0,175510,0,237238,0,310587,0,395630,0,483958,0,572277,0,654582,721906,0,763604,0,777720,0,760265,0,710754,0,636952,0,546366,0,448268,0,352679,0,270438,0,206891,0,164421,0,147319,0,155220,0,180679,0,205022,0,189002,0,105086,4034
0,0,0,0,0,0,0,0,0,0,0,0,0,0,0,0,0,0,0,0,0,0,0,0,0,0,0,0,0,0,0,0,0,0,0,0,0,0,0,0,0,0,0,0,0,0,0,0,0,0,0,0,1,0,1,0,0,0,7,0,6,0,13,0,37,0,59,0,146,0,304,0,535,1012,0,1807,0,3202,0,5783,0,9836,0,15538,0,25367,0,39203,0,59284,0,87678,0,124937,0,174963,0,236069,0,309391,0,394086,0,483559,0,571829,0,653129,721263,0,763627,0,778421,0,760641,0,712325,0,638747,0,546750,0,449307,0,354138,0,271159,0,207420,0,164542,0,147946,0,154996,0,180816,0,205085,0,189209,0,105200,4034
0,0,0,0,0,0,0,0,0,0,0,0,0,0,0,0,0,0,0,0,0,0,0,0,0,0,0,0,0,0,0,0,0,0,0,0,0,0,0,0,0,0,0,0,0,0,0,0,0,0,1,0,0,0,0,0,2,0,5,0,6,0,15,0,33,0,62,0,155,0,287,0,514,1032,0,1763,0,3197,0,5669,0,9712,0,15597,0,25018,0,38896,0,58923,0,86983,0,125067,0,173488,0,235993,0,308583,0,392391,0,482593,0,570160,0,652881,720694,0,763203,0,779669,0,761003,0,713083,0,639566,0,548605,0,450336,0,355257,0,272547,0,206990,0,165328,0,147997,0,155100,0,180941,0,205355,0,189347,0,105324,4037
0,0,0,0,0,0,0,0,0,0,0,0,0,0,0,0,0,0,0,0,0,0,0,0,0,0,0,0,0,0,0,0,0,0,0,0,0,0,0,0,0,0,0,0,0,0,0,0,0,0,1,0,0,0,1,0,1,0,4,0,6,0,15,0,29,0,70,0,127,0,282,0,552,994,0,1766,0,3163,0,5613,0,9534,0,15598,0,24844,0,38479,0,58704,0,86498,0,124435,0,173445,0,234519,0,307223,0,391352,0,481574,0,569575,0,650400,721321,0,763675,0,780370,0,761016,0,714361,0,640898,0,549246,0,451946,0,356472,0,272993,0,207717,0,165767,0,148148,0,155063,0,181319,0,205309,0,189395,0,105550,4038
0,0,0,0,0,0,0,0,0,0,0,0,0,0,0,0,0,0,0,0,0,0,0,0,0,0,0,0,0,0,0,0,0,0,0,0,0,0,0,0,0,0,0,0,0,0,0,0,1,0,0,0,0,0,1,0,1,0,5,0,3,0,17,0,32,0,59,0,128,0,282,0,553,1000,0,1737,0,3161,0,5571,0,9556,0,15329,0,24336,0,38486,0,58303,0,85882,0,123968,0,172223,0,234332,0,306474,0,390608,0,479554,0,568563,0,651018,719943,0,764247,0,779372,0,762269,0,714867,0,642191,0,551132,0,452858,0,356959,0,274820,0,208032,0,166125,0,148070,0,155442,0,181124,0,205426,0,189611,0,105701,4036
0,0,0,0,0,0,0,0,0,0,0,0,0,0,0,0,0,0,0,0,0,0,0,0,0,0,0,0,0,0,0,0,0,0,0,0,0,0,0,0,0,0,0,0,0,0,0,0,0,0,1,0,0,0,1,0,2,0,3,0,6,0,13,0,40,0,61,0,132,0,280,0,511,989,0,1736,0,3133,0,5508,0,9274,0,15478,0,24349,0,38068,0,58119,0,85254,0,123249,0,172012,0,232789,0,306193,0,388740,0,478131,0,568388,0,651048,719095,0,763135,0,780333,0,762496,0,716266,0,643507,0,551750,0,453920,0,358811,0,274902,0,209161,0,166098,0,148840,0,155312,0,180985,0,205603,0,189973,0,105676,4037
0,0,0,0,0,0,0,0,0,0,0,0,0,0,0,0,0,0,0,0,0,0,0,0,0,0,0,0,0,0,0,0,0,0,0,0,0,0,0,0,0,0,0,0,0,0,0,0,0,0,1,0,0,0,1,0,2,0,2,0,8,0,17,0,33,0,58,0,139,0,268,0,532,931,0,1750,0,3113,0,5496,0,9098,0,15374,0,24240,0,37711,0,58026,0,84733,0,122609,0,171501,0,231448,0,305191,0,387597,0,476607,0,568075,0,650202,718425,0,763907,0,780202,0,763083,0,716683,0,645297,0,552901,0,454821,0,360658,0,275120,0,209960,0,166209,0,148906,0,155823,0,180844,0,205722,0,190150,0,105895,4039
0,0,0,0,0,0,0,0,0,0,0,0,0,0,0,0,0,0,0,0,0,0,0,0,0,0,0,0,0,0,0,0,0,0,0,0,0,0,0,0,0,0,0,0,0,0,0,0,0,0,1,0,0,0,1,0,1,0,2,0,5,0,16,0,37,0,59,0,127,0,281,0,495,943,0,1713,0,3144,0,5442,0,9088,0,14948,0,24201,0,37848,0,57106,0,84751,0,121988,0,170250,0,231331,0,303142,0,386793,0,476616,0,565361,0,650388,717664,0,764854,0,779754,0,764023,0,717895,0,645793,0,553649,0,456487,0,361994,0,276000,0,210211,0,166808,0,149405,0,155519,0,181171,0,205696,0,190278,0,106088,4041
0,0,0,0,0,0,0,0,0,0,0,0,0,0,0,0,0,0,0,0,0,0,0,0,0,0,0,0,0,0,0,0,0,0,0,0,0,0,0,0,0,0,0,0,0,0,0,0,0,0,0,0,1,0,1,0,0,0,2,0,5,0,15,0,44,0,61,0,128,0,239,0,534,939,0,1668,0,3092,0,5386,0,8984,0,14976,0,23819,0,37446,0,56893,0,84367,0,121384,0,170028,0,229789,0,302408,0,386147,0,474759,0,565233,0,648857,717490,0,764670,0,779656,0,765247,0,719192,0,646041,0,555313,0,457872,0,362831,0,276926,0,210755,0,167376,0,149484,0,155609,0,181150,0,205844,0,190526,0,106179,4042
0,0,0,0,0,0,0,0,0,0,0,0,0,0,0,0,0,0,0,0,0,0,0,0,0,0,0,0,0,0,0,0,0,0,0,0,0,0,0,0,0,0,0,0,0,0,0,0,0,0,0,0,1,0,0,0,1,0,2,0,8,0,15,0,30,0,60,0,131,0,266,0,514,940,0,1684,0,3019,0,5360,0,8864,0,14758,0,23818,0,37091,0,56294,0,83988,0,121289,0,168628,0,229041,0,301091,0,385858,0,473582,0,564805,0,647364,717722,0,763867,0,780836,0,764933,0,720174,0,648155,0,556176,0,459525,0,362879,0,277846,0,211367,0,167832,0,149788,0,155536,0,181442,0,206007,0,190344,0,106436,4041
