0,0,0,0,0,0,0,0,0,0,0,0,0,0,0,0,0,0,0,0,0,0,0,0,0,0,0,0,0,0,0,0,0,0,0,0,0,0,0,0,0,0,0,0,0,0,0,0,5278856,0,0,0,0,0,0,0,0,0,0,0,0,0,0,0,0,0,0,0,0,0,0,0,0,0,0,0,0,0,0,0,0,0,0,0,0,0,0,0,0,0,0,0,0,0,0,0,5274552,0,0,0,0,0,0,0,0,0,0,0,0,0,0,0,0,0,0,0,0,0,0,0,0,0,0,0,0,0,0,0,0,0,0,0,0,0,0,0,0,0,0,0,0,0,0,0
0,0,0,0,0,0,0,0,0,0,0,0,0,0,0,0,0,0,0,0,0,0,0,0,0,0,0,0,0,0,0,0,0,0,0,0,2748053,0,0,0,0,0,0,0,0,0,0,0,0,0,0,0,0,0,0,0,0,0,0,0,0,0,0,0,0,0,0,0,0,0,0,0,5065980,0,0,0,0,0,0,0,0,0,0,0,0,0,0,0,0,0,0,0,0,0,0,0,0,0,0,0,0,0,0,0,0,0,0,0,2739375,0,0,0,0,0,0,0,0,0,0,0,0,0,0,0,0,0,0,0,0,0,0,0,0,0,0,0,0,0,0,0,0,0,0,0
0,0,0,0,0,0,0,0,0,0,0,0,0,0,0,0,0,0,0,0,0,0,0,0,0,0,0,0,1477932,0,0,0,0,0,0,0,0,0,0,0,0,0,0,0,0,0,0,0,0,0,0,0,0,0,0,0,0,3806732,0,0,0,0,0,0,0,0,0,0,0,0,0,0,0,0,0,0,0,0,0,0,0,0,0,0,0,0,3797398,0,0,0,0,0,0,0,0,0,0,0,0,0,0,0,0,0,0,0,0,0,0,0,0,0,0,0,0,1471346,0,0,0,0,0,0,0,0,0,0,0,0,0,0,0,0,0,0,0,0,0,0,0,0,0,0,0,0
0,0,0,0,0,0,0,0,0,0,0,0,0,0,0,0,0,0,0,0,0,0,0,0,816384,0,0,0,0,0,0,0,0,0,0,0,0,0,0,0,0,0,0,0,0,0,0,0,2632113,0,0,0,0,0,0,0,0,0,0,0,0,0,0,0,0,0,0,0,0,0,0,0,3671551,0,0,0,0,0,0,0,0,0,0,0,0,0,0,0,0,0,0,0,0,0,0,0,2623567,0,0,0,0,0,0,0,0,0,0,0,0,0,0,0,0,0,0,0,0,0,0,0,809793,0,0,0,0,0,0,0,0,0,0,0,0,0,0,0,0,0,0,0,0,0,0,0
0,0,0,0,0,0,0,0,0,0,0,0,0,0,0,0,0,0,0,0,459690,0,0,0,0,0,0,0,0,0,0,0,0,0,0,0,0,0,0,0,0,1755189,0,0,0,0,0,0,0,0,0,0,0,0,0,0,0,0,0,0,0,3071095,0,0,0,0,0,0,0,0,0,0,0,0,0,0,0,0,0,0,0,0,3067097,0,0,0,0,0,0,0,0,0,0,0,0,0,0,0,0,0,0,0,1745974,0,0,0,0,0,0,0,0,0,0,0,0,0,0,0,0,0,0,0,0,454363,0,0,0,0,0,0,0,0,0,0,0,0,0,0,0,0,0,0,0,0
0,0,0,0,0,0,0,0,0,0,0,0,0,0,0,0,0,0,262772,0,0,0,0,0,0,0,0,0,0,0,0,0,0,0,0,0,1148740,0,0,0,0,0,0,0,0,0,0,0,0,0,0,0,0,0,2383033,0,0,0,0,0,0,0,0,0,0,0,0,0,0,0,0,0,2984088,0,0,0,0,0,0,0,0,0,0,0,0,0,0,0,0,0,2375084,0,0,0,0,0,0,0,0,0,0,0,0,0,0,0,0,0,1140473,0,0,0,0,0,0,0,0,0,0,0,0,0,0,0,0,0,259218,0,0,0,0,0,0,0,0,0,0,0,0,0,0,0,0,0
0,0,0,0,0,0,0,0,0,0,0,0,0,0,0,0,152148,0,0,0,0,0,0,0,0,0,0,0,0,0,0,0,744555,0,0,0,0,0,0,0,0,0,0,0,0,0,0,0,1768701,0,0,0,0,0,0,0,0,0,0,0,0,0,0,0,2622495,0,0,0,0,0,0,0,0,0,0,0,0,0,0,0,2619024,0,0,0,0,0,0,0,0,0,0,0,0,0,0,0,1758362,0,0,0,0,0,0,0,0,0,0,0,0,0,0,0,738318,0,0,0,0,0,0,0,0,0,0,0,0,0,0,0,149805,0,0,0,0,0,0,0,0,0,0,0,0,0,0,0
0,0,0,0,0,0,0,0,0,0,0,0,0,0,89460,0,0,0,0,0,0,0,0,0,0,0,0,0,480789,0,0,0,0,0,0,0,0,0,0,0,0,0,0,1273417,0,0,0,0,0,0,0,0,0,0,0,0,0,2164074,0,0,0,0,0,0,0,0,0,0,0,0,0,0,2560745,0,0,0,0,0,0,0,0,0,0,0,0,0,2156253,0,0,0,0,0,0,0,0,0,0,0,0,0,1265429,0,0,0,0,0,0,0,0,0,0,0,0,0,0,475284,0,0,0,0,0,0,0,0,0,0,0,0,0,87957,0,0,0,0,0,0,0,0,0,0,0,0,0,0
0,0,0,0,0,0,0,0,0,0,0,0,0,52957,0,0,0,0,0,0,0,0,0,0,0,0,309523,0,0,0,0,0,0,0,0,0,0,0,0,901205,0,0,0,0,0,0,0,0,0,0,0,0,1709747,0,0,0,0,0,0,0,0,0,0,0,0,2316251,0,0,0,0,0,0,0,0,0,0,0,0,2310880,0,0,0,0,0,0,0,0,0,0,0,0,1703349,0,0,0,0,0,0,0,0,0,0,0,0,892080,0,0,0,0,0,0,0,0,0,0,0,0,305308,0,0,0,0,0,0,0,0,0,0,0,0,52108,0,0,0,0,0,0,0,0,0,0,0,0,0
0,0,0,0,0,0,0,0,0,0,0,0,31823,0,0,0,0,0,0,0,0,0,0,0,198969,0,0,0,0,0,0,0,0,0,0,0,628918,0,0,0,0,0,0,0,0,0,0,0,1311859,0,0,0,0,0,0,0,0,0,0,0,1984303,0,0,0,0,0,0,0,0,0,0,0,2267194,0,0,0,0,0,0,0,0,0,0,0,1978436,0,0,0,0,0,0,0,0,0,0,0,1302678,0,0,0,0,0,0,0,0,0,0,0,621678,0,0,0,0,0,0,0,0,0,0,0,196394,0,0,0,0,0,0,0,0,0,0,0,31156,0,0,0,0,0,0,0,0,0,0,0
0,0,0,0,0,0,0,0,0,0,0,19127,0,0,0,0,0,0,0,0,0,0,127959,0,0,0,0,0,0,0,0,0,0,435433,0,0,0,0,0,0,0,0,0,0,983875,0,0,0,0,0,0,0,0,0,0,1636315,0,0,0,0,0,0,0,0,0,0,2087196,0,0,0,0,0,0,0,0,0,0,2086332,0,0,0,0,0,0,0,0,0,0,1627769,0,0,0,0,0,0,0,0,0,0,974986,0,0,0,0,0,0,0,0,0,0,429334,0,0,0,0,0,0,0,0,0,0,126446,0,0,0,0,0,0,0,0,0,0,18636,0,0,0,0,0,0,0,0,0,0,0
0,0,0,0,0,0,0,0,0,0,11471,0,0,0,0,0,0,0,0,0,82501,0,0,0,0,0,0,0,0,0,298620,0,0,0,0,0,0,0,0,0,0,726827,0,0,0,0,0,0,0,0,0,1308787,0,0,0,0,0,0,0,0,0,1838353,0,0,0,0,0,0,0,0,0,0,2050197,0,0,0,0,0,0,0,0,0,1830040,0,0,0,0,0,0,0,0,0,1300851,0,0,0,0,0,0,0,0,0,719082,0,0,0,0,0,0,0,0,0,0,294369,0,0,0,0,0,0,0,0,0,81068,0,0,0,0,0,0,0,0,0,11242,0,0,0,0,0,0,0,0,0,0
0,0,0,0,0,0,0,0,0,6932,0,0,0,0,0,0,0,0,0,53027,0,0,0,0,0,0,0,0,204268,0,0,0,0,0,0,0,0,0,529571,0,0,0,0,0,0,0,0,0,1024820,0,0,0,0,0,0,0,0,1560305,0,0,0,0,0,0,0,0,0,1911462,0,0,0,0,0,0,0,0,1911642,0,0,0,0,0,0,0,0,0,1552558,0,0,0,0,0,0,0,0,0,1015851,0,0,0,0,0,0,0,0,522700,0,0,0,0,0,0,0,0,0,201018,0,0,0,0,0,0,0,0,52448,0,0,0,0,0,0,0,0,0,6806,0,0,0,0,0,0,0,0,0
0,0,0,0,0,0,0,0,0,4250,0,0,0,0,0,0,0,0,34281,0,0,0,0,0,0,0,0,138831,0,0,0,0,0,0,0,0,382477,0,0,0,0,0,0,0,0,788504,0,0,0,0,0,0,0,0,1288020,0,0,0,0,0,0,0,0,1714360,0,0,0,0,0,0,0,0,1881378,0,0,0,0,0,0,0,0,1709556,0,0,0,0,0,0,0,0,1280789,0,0,0,0,0,0,0,0,779883,0,0,0,0,0,0,0,0,376503,0,0,0,0,0,0,0,0,136711,0,0,0,0,0,0,0,0,33662,0,0,0,0,0,0,0,0,4203,0,0,0,0,0,0,0,0
0,0,0,0,0,0,0,0,2640,0,0,0,0,0,0,0,22054,0,0,0,0,0,0,0,0,94180,0,0,0,0,0,0,0,273895,0,0,0,0,0,0,0,0,598175,0,0,0,0,0,0,0,1039867,0,0,0,0,0,0,0,0,1489393,0,0,0,0,0,0,0,1772503,0,0,0,0,0,0,0,0,1767448,0,0,0,0,0,0,0,1482833,0,0,0,0,0,0,0,0,1033347,0,0,0,0,0,0,0,591018,0,0,0,0,0,0,0,0,268994,0,0,0,0,0,0,0,92925,0,0,0,0,0,0,0,0,21499,0,0,0,0,0,0,0,2637,0,0,0,0,0,0,0,0
0,0,0,0,0,0,0,0,1658,0,0,0,0,0,0,0,14303,0,0,0,0,0,0,0,63732,0,0,0,0,0,0,0,194476,0,0,0,0,0,0,0,448909,0,0,0,0,0,0,0,825551,0,0,0,0,0,0,0,1258748,0,0,0,0,0,0,0,1612536,0,0,0,0,0,0,0,1744840,0,0,0,0,0,0,0,1605418,0,0,0,0,0,0,0,1253696,0,0,0,0,0,0,0,817061,0,0,0,0,0,0,0,442781,0,0,0,0,0,0,0,191547,0,0,0,0,0,0,0,62684,0,0,0,0,0,0,0,13886,0,0,0,0,0,0,0,1582,0,0,0,0,0,0,0
0,0,0,0,0,0,0,1019,0,0,0,0,0,0,0,9208,0,0,0,0,0,0,43315,0,0,0,0,0,0,0,137577,0,0,0,0,0,0,333829,0,0,0,0,0,0,0,645592,0,0,0,0,0,0,0,1043215,0,0,0,0,0,0,1422532,0,0,0,0,0,0,0,1656737,0,0,0,0,0,0,1652690,0,0,0,0,0,0,0,1417776,0,0,0,0,0,0,1035155,0,0,0,0,0,0,0,638439,0,0,0,0,0,0,0,328566,0,0,0,0,0,0,135418,0,0,0,0,0,0,0,42333,0,0,0,0,0,0,9024,0,0,0,0,0,0,0,983,0,0,0,0,0,0,0
0,0,0,0,0,0,0,613,0,0,0,0,0,0,5951,0,0,0,0,0,0,29325,0,0,0,0,0,0,97313,0,0,0,0,0,0,0,245278,0,0,0,0,0,0,499559,0,0,0,0,0,0,849285,0,0,0,0,0,0,1226722,0,0,0,0,0,0,1522056,0,0,0,0,0,0,0,1632879,0,0,0,0,0,0,1517910,0,0,0,0,0,0,1220975,0,0,0,0,0,0,840214,0,0,0,0,0,0,493331,0,0,0,0,0,0,0,241724,0,0,0,0,0,0,95363,0,0,0,0,0,0,28430,0,0,0,0,0,0,5838,0,0,0,0,0,0,642,0,0,0,0,0,0,0
0,0,0,0,0,0,364,0,0,0,0,0,0,3913,0,0,0,0,0,0,19921,0,0,0,0,0,0,68173,0,0,0,0,0,0,179899,0,0,0,0,0,0,381803,0,0,0,0,0,0,681641,0,0,0,0,0,1036062,0,0,0,0,0,0,1363079,0,0,0,0,0,0,1559659,0,0,0,0,0,0,1555501,0,0,0,0,0,0,1357029,0,0,0,0,0,0,1028284,0,0,0,0,0,0,674406,0,0,0,0,0,376860,0,0,0,0,0,0,176822,0,0,0,0,0,0,66470,0,0,0,0,0,0,19338,0,0,0,0,0,0,3783,0,0,0,0,0,0,401,0,0,0,0,0,0
0,0,0,0,0,0,217,0,0,0,0,0,0,2588,0,0,0,0,0,13287,0,0,0,0,0,0,47962,0,0,0,0,0,130868,0,0,0,0,0,0,290064,0,0,0,0,0,539919,0,0,0,0,0,0,861618,0,0,0,0,0,1193321,0,0,0,0,0,0,1444497,0,0,0,0,0,0,1539943,0,0,0,0,0,1440313,0,0,0,0,0,0,1186131,0,0,0,0,0,852773,0,0,0,0,0,0,533508,0,0,0,0,0,285910,0,0,0,0,0,0,128175,0,0,0,0,0,46506,0,0,0,0,0,0,13108,0,0,0,0,0,2455,0,0,0,0,0,0,245,0,0,0,0,0,0
0,0,0,0,0,0,131,0,0,0,0,0,1723,0,0,0,0,0,8795,0,0,0,0,0,0,33521,0,0,0,0,0,95021,0,0,0,0,0,218660,0,0,0,0,0,423230,0,0,0,0,0,0,705816,0,0,0,0,0,1024866,0,0,0,0,0,1308163,0,0,0,0,0,1475223,0,0,0,0,0,0,1472975,0,0,0,0,0,1302312,0,0,0,0,0,1016556,0,0,0,0,0,698117,0,0,0,0,0,0,418081,0,0,0,0,0,214435,0,0,0,0,0,92701,0,0,0,0,0,32395,0,0,0,0,0,0,8908,0,0,0,0,0,1622,0,0,0,0,0,157,0,0,0,0,0,0
0,0,0,0,0,0,83,0,0,0,0,0,1118,0,0,0,0,0,6061,0,0,0,0,0,23216,0,0,0,0,0,68516,0,0,0,0,0,163744,0,0,0,0,0,329158,0,0,0,0,0,569778,0,0,0,0,0,865945,0,0,0,0,0,1161059,0,0,0,0,0,1377505,0,0,0,0,0,1457905,0,0,0,0,0,1374191,0,0,0,0,0,1152546,0,0,0,0,0,857927,0,0,0,0,0,563510,0,0,0,0,0,324417,0,0,0,0,0,160038,0,0,0,0,0,66960,0,0,0,0,0,22597,0,0,0,0,0,5974,0,0,0,0,0,1066,0,0,0,0,0,94,0,0,0,0,0
0,0,0,0,0,45,0,0,0,0,0,724,0,0,0,0,0,4080,0,0,0,0,0,16112,0,0,0,0,49349,0,0,0,0,0,121176,0,0,0,0,0,254128,0,0,0,0,0,456520,0,0,0,0,721572,0,0,0,0,0,1010281,0,0,0,0,0,1259135,0,0,0,0,0,1402671,0,0,0,0,1400657,0,0,0,0,0,1252949,0,0,0,0,0,1003149,0,0,0,0,0,713675,0,0,0,0,450092,0,0,0,0,0,249508,0,0,0,0,0,118960,0,0,0,0,0,48024,0,0,0,0,15860,0,0,0,0,0,3992,0,0,0,0,0,691,0,0,0,0,0,58,0,0,0,0,0
0,0,0,0,0,29,0,0,0,0,0,471,0,0,0,0,2721,0,0,0,0,0,11266,0,0,0,0,35232,0,0,0,0,0,89781,0,0,0,0,194511,0,0,0,0,0,361836,0,0,0,0,594343,0,0,0,0,0,865496,0,0,0,0,1127548,0,0,0,0,0,1319929,0,0,0,0,0,1386251,0,0,0,0,1315471,0,0,0,0,0,1120083,0,0,0,0,858639,0,0,0,0,0,586305,0,0,0,0,356108,0,0,0,0,0,190937,0,0,0,0,87816,0,0,0,0,0,34524,0,0,0,0,10947,0,0,0,0,0,2669,0,0,0,0,452,0,0,0,0,0,43,0,0,0,0,0
0,0,0,0,0,21,0,0,0,0,316,0,0,0,0,0,1830,0,0,0,0,7817,0,0,0,0,25387,0,0,0,0,0,66003,0,0,0,0,147708,0,0,0,0,284495,0,0,0,0,0,483598,0,0,0,0,732556,0,0,0,0,993544,0,0,0,0,0,1214143,0,0,0,0,1339983,0,0,0,0,1336758,0,0,0,0,0,1208766,0,0,0,0,985454,0,0,0,0,724611,0,0,0,0,0,477225,0,0,0,0,279465,0,0,0,0,144909,0,0,0,0,0,64613,0,0,0,0,24462,0,0,0,0,7621,0,0,0,0,0,1801,0,0,0,0,290,0,0,0,0,32,0,0,0,0,0
0,0,0,0,0,15,0,0,0,0,188,0,0,0,0,1260,0,0,0,0,5330,0,0,0,0,18072,0,0,0,0,48739,0,0,0,0,0,111379,0,0,0,0,221885,0,0,0,0,390644,0,0,0,0,611287,0,0,0,0,862626,0,0,0,0,1097299,0,0,0,0,1265654,0,0,0,0,0,1325411,0,0,0,0,1262260,0,0,0,0,1089359,0,0,0,0,853995,0,0,0,0,604985,0,0,0,0,383764,0,0,0,0,218437,0,0,0,0,0,109368,0,0,0,0,47196,0,0,0,0,17586,0,0,0,0,5244,0,0,0,0,1191,0,0,0,0,216,0,0,0,0,18,0,0,0,0,0
0,0,0,0,10,0,0,0,0,126,0,0,0,0,855,0,0,0,0,3700,0,0,0,0,12753,0,0,0,0,35598,0,0,0,0,84141,0,0,0,0,172028,0,0,0,0,312261,0,0,0,0,505372,0,0,0,0,738038,0,0,0,0,976404,0,0,0,0,1172523,0,0,0,0,1283284,0,0,0,0,1282898,0,0,0,0,1166679,0,0,0,0,968116,0,0,0,0,730230,0,0,0,0,498791,0,0,0,0,306812,0,0,0,0,169023,0,0,0,0,82283,0,0,0,0,34309,0,0,0,0,12571,0,0,0,0,3664,0,0,0,0,797,0,0,0,0,130,0,0,0,0,12,0,0,0,0
0,0,0,0,6,0,0,0,0,89,0,0,0,0,561,0,0,0,0,2585,0,0,0,0,8921,0,0,0,26053,0,0,0,0,62792,0,0,0,0,133120,0,0,0,0,247934,0,0,0,0,413336,0,0,0,625278,0,0,0,0,855542,0,0,0,0,1067310,0,0,0,0,1218839,0,0,0,0,1270959,0,0,0,1215249,0,0,0,0,1060217,0,0,0,0,847053,0,0,0,0,618416,0,0,0,0,406863,0,0,0,243727,0,0,0,0,129989,0,0,0,0,61078,0,0,0,0,25434,0,0,0,0,8894,0,0,0,2536,0,0,0,0,535,0,0,0,0,88,0,0,0,0,4,0,0,0,0
0,0,0,0,5,0,0,0,0,62,0,0,0,388,0,0,0,0,1749,0,0,0,0,6396,0,0,0,18956,0,0,0,0,46975,0,0,0,0,101627,0,0,0,195240,0,0,0,0,336498,0,0,0,0,523183,0,0,0,740930,0,0,0,0,957177,0,0,0,0,1135514,0,0,0,1232626,0,0,0,0,1231903,0,0,0,1130686,0,0,0,0,949730,0,0,0,0,733287,0,0,0,516183,0,0,0,0,330234,0,0,0,0,191722,0,0,0,99767,0,0,0,0,45451,0,0,0,0,18616,0,0,0,6318,0,0,0,0,1755,0,0,0,0,374,0,0,0,52,0,0,0,0,4,0,0,0,0
0,0,0,0,4,0,0,0,0,42,0,0,0,266,0,0,0,0,1204,0,0,0,4535,0,0,0,0,13773,0,0,0,34816,0,0,0,0,77672,0,0,0,152966,0,0,0,0,271146,0,0,0,433841,0,0,0,0,633991,0,0,0,847281,0,0,0,0,1040914,0,0,0,1174346,0,0,0,0,1221768,0,0,0,1172461,0,0,0,0,1033077,0,0,0,839627,0,0,0,0,626940,0,0,0,427662,0,0,0,0,265574,0,0,0,150483,0,0,0,0,75723,0,0,0,33821,0,0,0,0,13455,0,0,0,4522,0,0,0,0,1218,0,0,0,243,0,0,0,0,33,0,0,0,4,0,0,0,0
0,0,0,0,3,0,0,0,33,0,0,0,0,179,0,0,0,827,0,0,0,3228,0,0,0,0,9947,0,0,0,25992,0,0,0,58829,0,0,0,0,119185,0,0,0,217139,0,0,0,0,356900,0,0,0,536543,0,0,0,741275,0,0,0,0,940545,0,0,0,1098952,0,0,0,1189304,0,0,0,0,1187345,0,0,0,1093886,0,0,0,932484,0,0,0,0,733104,0,0,0,530448,0,0,0,0,351360,0,0,0,212305,0,0,0,116945,0,0,0,0,57354,0,0,0,25258,0,0,0,9840,0,0,0,0,3157,0,0,0,852,0,0,0,164,0,0,0,0,22,0,0,0,3,0,0,0,0
0,0,0,0,2,0,0,0,27,0,0,0,125,0,0,0,579,0,0,0,0,2245,0,0,0,7224,0,0,0,19277,0,0,0,44562,0,0,0,0,92253,0,0,0,172748,0,0,0,291257,0,0,0,450809,0,0,0,0,640374,0,0,0,839206,0,0,0,1013272,0,0,0,1136478,0,0,0,0,1177017,0,0,0,1132763,0,0,0,1006473,0,0,0,831369,0,0,0,633552,0,0,0,0,443931,0,0,0,286695,0,0,0,168474,0,0,0,90361,0,0,0,0,43552,0,0,0,18781,0,0,0,6990,0,0,0,2300,0,0,0,0,594,0,0,0,101,0,0,0,15,0,0,0,2,0,0,0,0
0,0,0,0,2,0,0,0,17,0,0,0,90,0,0,0,405,0,0,0,1575,0,0,0,5159,0,0,0,14246,0,0,0,33765,0,0,0,0,70921,0,0,0,136699,0,0,0,236206,0,0,0,375034,0,0,0,548823,0,0,0,738614,0,0,0,922228,0,0,0,1068455,0,0,0,1148177,0,0,0,0,1144735,0,0,0,1062796,0,0,0,915054,0,0,0,731171,0,0,0,541492,0,0,0,368983,0,0,0,232288,0,0,0,132692,0,0,0,69917,0,0,0,0,32796,0,0,0,13850,0,0,0,5082,0,0,0,1645,0,0,0,409,0,0,0,71,0,0,0,10,0,0,0,1,0,0,0,0
0,0,0,0,1,0,0,0,12,0,0,0,61,0,0,0,299,0,0,0,1067,0,0,0,3739,0,0,0,10425,0,0,0,25510,0,0,0,54798,0,0,0,106910,0,0,0,190426,0,0,0,310120,0,0,0,464974,0,0,0,644254,0,0,0,828860,0,0,0,989992,0,0,0,1099977,0,0,0,1136724,0,0,0,1096287,0,0,0,982974,0,0,0,820547,0,0,0,638285,0,0,0,457710,0,0,0,304321,0,0,0,186439,0,0,0,104798,0,0,0,53842,0,0,0,24606,0,0,0,10267,0,0,0,3699,0,0,0,1167,0,0,0,261,0,0,0,50,0,0,0,5,0,0,0,1,0,0,0
0,0,0,1,0,0,0,6,0,0,0,44,0,0,0,198,0,0,0,784,0,0,0,2661,0,0,0,7619,0,0,0,19319,0,0,0,41959,0,0,83816,0,0,0,152643,0,0,0,253983,0,0,0,390588,0,0,0,556952,0,0,0,735650,0,0,0,905201,0,0,0,1040149,0,0,0,1108832,0,0,1108242,0,0,0,1031960,0,0,0,898491,0,0,0,728633,0,0,0,549494,0,0,0,384463,0,0,0,249321,0,0,0,149275,0,0,0,81977,0,0,41296,0,0,0,18513,0,0,0,7665,0,0,0,2616,0,0,0,849,0,0,0,165,0,0,0,41,0,0,0,1,0,0,0,1,0,0,0
0,0,0,0,0,0,0,2,0,0,0,33,0,0,0,134,0,0,559,0,0,0,1886,0,0,0,5600,0,0,0,14483,0,0,0,32202,0,0,64986,0,0,0,121619,0,0,0,207264,0,0,0,325749,0,0,0,476546,0,0,646664,0,0,0,817898,0,0,0,967569,0,0,0,1067354,0,0,0,1101131,0,0,1061775,0,0,0,960022,0,0,0,811445,0,0,0,639543,0,0,468909,0,0,0,320284,0,0,0,203068,0,0,0,119014,0,0,0,63871,0,0,31714,0,0,0,13865,0,0,0,5593,0,0,0,1880,0,0,0,596,0,0,123,0,0,0,25,0,0,0,2,0,0,0,0,0,0,0
0,0,0,0,0,0,0,0,0,0,0,25,0,0,80,0,0,0,409,0,0,0,1403,0,0,3995,0,0,0,10809,0,0,0,24783,0,0,50482,0,0,0,96279,0,0,0,167908,0,0,0,270514,0,0,404191,0,0,0,562833,0,0,0,730939,0,0,889254,0,0,0,1011590,0,0,0,1075394,0,0,1074401,0,0,0,1005113,0,0,0,881472,0,0,724095,0,0,0,555916,0,0,0,396701,0,0,0,266229,0,0,164357,0,0,0,94104,0,0,0,49704,0,0,24148,0,0,0,10311,0,0,0,4086,0,0,1367,0,0,0,404,0,0,0,92,0,0,19,0,0,0,1,0,0,0,0,0,0,0
0,0,0,0,0,0,0,0,0,0,17,0,0,0,61,0,0,0,270,0,0,1023,0,0,0,2941,0,0,8020,0,0,0,18872,0,0,0,39059,0,0,76189,0,0,0,135104,0,0,223009,0,0,0,340536,0,0,0,486141,0,0,646853,0,0,0,807133,0,0,946144,0,0,0,1035875,0,0,0,1067039,0,0,1033143,0,0,0,938657,0,0,799333,0,0,0,641551,0,0,0,478019,0,0,334602,0,0,0,218654,0,0,131755,0,0,0,74440,0,0,0,38682,0,0,18342,0,0,0,7593,0,0,3010,0,0,0,970,0,0,0,299,0,0,56,0,0,0,16,0,0,0,0,0,0,0,0,0,0
0,0,0,0,0,0,0,0,0,0,14,0,0,0,47,0,0,174,0,0,0,720,0,0,2142,0,0,0,5953,0,0,14255,0,0,0,30276,0,0,59835,0,0,0,108562,0,0,182355,0,0,0,284839,0,0,416576,0,0,0,567234,0,0,726176,0,0,0,872663,0,0,984968,0,0,0,1045144,0,0,1042991,0,0,0,979115,0,0,864130,0,0,0,720112,0,0,560903,0,0,0,408269,0,0,280690,0,0,0,178135,0,0,106097,0,0,0,58570,0,0,29764,0,0,0,13829,0,0,5717,0,0,0,2173,0,0,708,0,0,0,223,0,0,41,0,0,0,8,0,0,0,0,0,0,0,0,0,0
0,0,0,0,0,0,0,0,0,0,11,0,0,37,0,0,0,120,0,0,526,0,0,0,1552,0,0,4372,0,0,10761,0,0,0,23352,0,0,46892,0,0,0,86956,0,0,148402,0,0,0,236865,0,0,353310,0,0,494646,0,0,0,646682,0,0,796481,0,0,0,923480,0,0,1009204,0,0,0,1036436,0,0,1004936,0,0,916535,0,0,0,789815,0,0,640138,0,0,0,485902,0,0,348008,0,0,0,232289,0,0,145365,0,0,84307,0,0,0,45972,0,0,23078,0,0,0,10399,0,0,4284,0,0,0,1587,0,0,529,0,0,145,0,0,0,29,0,0,5,0,0,0,0,0,0,0,0,0,0
0,0,0,0,0,0,0,0,0,0,3,0,0,29,0,0,94,0,0,0,372,0,0,1116,0,0,3232,0,0,0,8055,0,0,18037,0,0,36659,0,0,0,69284,0,0,119951,0,0,196361,0,0,0,297736,0,0,426828,0,0,571071,0,0,0,720822,0,0,855587,0,0,961217,0,0,0,1015591,0,0,1014042,0,0,0,956144,0,0,848450,0,0,713973,0,0,0,563449,0,0,419111,0,0,293354,0,0,0,191712,0,0,117527,0,0,67616,0,0,0,35703,0,0,17611,0,0,7824,0,0,0,3192,0,0,1158,0,0,376,0,0,0,97,0,0,22,0,0,2,0,0,0,0,0,0,0,0,0,0
0,0,0,0,0,0,0,0,0,3,0,0,0,20,0,0,64,0,0,275,0,0,830,0,0,0,2330,0,0,6023,0,0,13822,0,0,0,28618,0,0,54849,0,0,97334,0,0,160835,0,0,0,250277,0,0,364988,0,0,500864,0,0,644850,0,0,0,785374,0,0,905029,0,0,981838,0,0,0,1008895,0,0,977140,0,0,899515,0,0,777813,0,0,0,638226,0,0,492597,0,0,358914,0,0,245346,0,0,0,157693,0,0,94894,0,0,53397,0,0,0,27728,0,0,13618,0,0,5803,0,0,2404,0,0,0,852,0,0,268,0,0,65,0,0,15,0,0,0,2,0,0,0,0,0,0,0,0,0
0,0,0,0,0,0,0,0,0,3,0,0,14,0,0,0,50,0,0,184,0,0,612,0,0,1745,0,0,4424,0,0,0,10540,0,0,22254,0,0,43337,0,0,78349,0,0,131778,0,0,0,208553,0,0,310006,0,0,434881,0,0,574020,0,0,713143,0,0,0,841481,0,0,939203,0,0,988517,0,0,987386,0,0,931759,0,0,0,836594,0,0,705250,0,0,566427,0,0,427132,0,0,305556,0,0,0,204177,0,0,128542,0,0,76410,0,0,42075,0,0,21673,0,0,0,10316,0,0,4366,0,0,1782,0,0,612,0,0,195,0,0,0,51,0,0,10,0,0,1,0,0,0,0,0,0,0,0,0
0,0,0,0,0,0,0,0,0,2,0,0,9,0,0,34,0,0,135,0,0,438,0,0,0,1314,0,0,3339,0,0,8044,0,0,17166,0,0,34175,0,0,62753,0,0,107710,0,0,172701,0,0,0,261884,0,0,374266,0,0,506568,0,0,642571,0,0,775165,0,0,885637,0,0,957779,0,0,0,983319,0,0,953230,0,0,879665,0,0,767634,0,0,635467,0,0,497811,0,0,369405,0,0,257450,0,0,0,168868,0,0,104735,0,0,61246,0,0,32952,0,0,16940,0,0,7774,0,0,3323,0,0,1277,0,0,0,428,0,0,153,0,0,33,0,0,8,0,0,0,0,0,0,0,0,0,0,0,0
0,0,0,0,0,0,0,0,0,1,0,0,7,0,0,29,0,0,94,0,0,319,0,0,977,0,0,2507,0,0,6082,0,0,13250,0,0,26816,0,0,50171,0,0,87174,0,0,143586,0,0,0,219682,0,0,320328,0,0,442273,0,0,575362,0,0,707147,0,0,826401,0,0,916425,0,0,964848,0,0,962689,0,0,911375,0,0,820493,0,0,699313,0,0,567310,0,0,435039,0,0,316012,0,0,215678,0,0,0,139635,0,0,84978,0,0,48525,0,0,26085,0,0,12965,0,0,5926,0,0,2509,0,0,955,0,0,308,0,0,107,0,0,22,0,0,5,0,0,0,0,0,0,0,0,0,0,0,0
0,0,0,0,0,0,0,0,0,1,0,0,5,0,0,22,0,0,56,0,0,266,0,0,682,0,0,1923,0,0,4502,0,0,10273,0,0,20947,0,0,39894,0,0,70698,0,0,117427,0,0,184715,0,0,272968,0,0,382757,0,0,510090,0,0,640337,0,0,764053,0,0,867240,0,0,935277,0,0,957416,0,0,932417,0,0,862781,0,0,756634,0,0,631905,0,0,502406,0,0,377576,0,0,268237,0,0,180082,0,0,114732,0,0,68545,0,0,38667,0,0,20478,0,0,9952,0,0,4532,0,0,1888,0,0,693,0,0,235,0,0,82,0,0,13,0,0,4,0,0,0,0,0,0,0,0,0,0,0
0,0,0,0,0,0,0,0,1,0,0,2,0,0,18,0,0,39,0,0,178,0,0,511,0,0,1422,0,0,3417,0,0,7802,0,0,16541,0,0,31524,0,0,56851,0,0,96266,0,0,153713,0,231796,0,0,330063,0,0,447563,0,0,575698,0,0,700680,0,0,811780,0,0,897183,0,0,941039,0,0,939619,0,0,891531,0,0,805862,0,0,693297,0,0,567724,0,0,440448,0,0,325545,0,0,226597,0,149717,0,0,93850,0,0,55264,0,0,30669,0,0,15863,0,0,7770,0,0,3388,0,0,1441,0,0,480,0,0,184,0,0,58,0,0,12,0,0,2,0,0,0,0,0,0,0,0,0,0,0
0,0,0,0,0,0,0,0,1,0,0,1,0,0,10,0,0,36,0,0,124,0,0,380,0,1056,0,0,2539,0,0,6071,0,0,12686,0,0,25016,0,0,45548,0,0,78928,0,0,127106,0,194984,0,0,283623,0,0,390479,0,0,512369,0,0,637554,0,0,753691,0,0,851356,0,0,913447,0,0,934986,0,909879,0,0,845579,0,0,746690,0,0,629880,0,0,504178,0,0,385114,0,0,278111,0,0,190469,0,124050,0,0,76393,0,0,44360,0,0,24183,0,0,12422,0,0,5931,0,0,2558,0,0,1077,0,351,0,0,141,0,0,40,0,0,9,0,0,2,0,0,0,0,0,0,0,0,0,0,0
0,0,0,0,0,0,0,0,1,0,0,1,0,0,9,0,24,0,0,82,0,0,283,0,0,800,0,0,1913,0,0,4579,0,9804,0,0,19859,0,0,36156,0,0,64319,0,0,104965,0,0,163601,0,241732,0,0,338873,0,0,452601,0,0,574704,0,0,693974,0,800463,0,0,877943,0,0,918433,0,0,916306,0,0,874062,0,0,793160,0,686132,0,0,566934,0,0,445549,0,0,333796,0,0,236429,0,0,159737,0,102473,0,0,61777,0,0,35508,0,0,19131,0,0,9662,0,4503,0,0,1940,0,0,785,0,0,268,0,0,103,0,0,24,0,10,0,0,0,0,0,0,0,0,0,0,0,0,0,0
0,0,0,0,0,0,0,0,1,0,0,0,0,8,0,0,18,0,0,61,0,0,203,0,579,0,0,1467,0,0,3492,0,0,7622,0,0,15474,0,29111,0,0,51866,0,0,86354,0,0,136576,0,205168,0,0,292327,0,0,397685,0,0,514001,0,633514,0,0,744469,0,0,835429,0,0,893404,0,0,912378,0,891420,0,0,827889,0,0,737696,0,0,625367,0,506583,0,0,391835,0,0,287304,0,0,200281,0,133049,0,0,84001,0,0,50261,0,0,28154,0,0,15067,0,7530,0,0,3418,0,0,1477,0,0,575,0,192,0,0,73,0,0,22,0,0,7,0,0,0,0,0,0,0,0,0,0,0,0,0
0,0,0,0,0,0,0,0,1,0,0,0,0,3,0,0,18,0,0,44,0,149,0,0,434,0,0,1086,0,2680,0,0,5836,0,0,12202,0,0,23173,0,42004,0,0,70580,0,0,113572,0,172793,0,0,250929,0,0,347849,0,0,456478,0,573407,0,0,686613,0,0,787024,0,860947,0,0,897372,0,0,898395,0,0,854555,0,779024,0,0,679749,0,0,566196,0,450305,0,0,340436,0,0,246381,0,0,168908,0,110827,0,0,68574,0,0,40572,0,22323,0,0,11805,0,0,5784,0,0,2630,0,1110,0,0,422,0,0,144,0,56,0,0,12,0,0,6,0,0,0,0,0,0,0,0,0,0,0,0,0
0,0,0,0,0,0,0,0,1,0,0,0,0,2,0,0,9,0,42,0,0,97,0,0,321,0,822,0,0,2019,0,0,4498,0,9552,0,0,18258,0,0,33755,0,57726,0,0,94014,0,0,145496,0,214625,0,0,300777,0,0,404106,0,514280,0,0,629272,0,0,734766,0,820284,0,0,874329,0,0,892693,0,872353,0,0,814310,0,0,725626,0,621952,0,0,508305,0,0,397195,0,295455,0,0,209445,0,0,142201,0,91893,0,0,55618,0,0,32585,0,17745,0,0,9223,0,0,4494,0,1952,0,0,850,0,0,294,0,117,0,0,35,0,0,11,0,5,0,0,0,0,0,0,0,0,0,0,0,0,0
0,0,0,0,0,0,0,1,0,0,0,0,0,1,0,6,0,0,32,0,70,0,0,271,0,0,567,0,1558,0,0,3472,0,0,7372,0,14496,0,0,26985,0,46993,0,0,77800,0,0,121270,0,182606,0,0,260311,0,353437,0,0,460220,0,0,571367,0,680232,0,0,774629,0,0,843088,0,879040,0,0,878104,0,839002,0,0,767618,0,0,671269,0,565265,0,0,452876,0,0,348090,0,254081,0,0,178239,0,119075,0,0,75216,0,0,45496,0,26047,0,0,14091,0,7216,0,0,3422,0,0,1493,0,626,0,0,235,0,0,87,0,22,0,0,12,0,2,0,0,0,0,0,0,0,0,0,0,0,0,0
0,0,0,0,0,0,0,0,0,0,1,0,0,0,0,5,0,0,24,0,54,0,0,206,0,430,0,0,1135,0,2707,0,0,5701,0,0,11510,0,21467,0,0,38124,0,63942,0,0,101446,0,154293,0,0,223275,0,0,309306,0,407355,0,0,516332,0,624915,0,0,725093,0,804350,0,0,857092,0,0,874339,0,855430,0,0,799174,0,716901,0,0,616798,0,508833,0,0,402012,0,0,302574,0,218377,0,0,150360,0,98942,0,0,62023,0,36725,0,0,20918,0,0,11129,0,5619,0,0,2657,0,1079,0,0,495,0,166,0,0,65,0,0,20,0,9,0,0,0,0,0,0,0,0,0,0,0,0,0,0,0
0,0,0,0,0,0,0,0,0,0,1,0,0,0,0,3,0,12,0,0,49,0,151,0,0,317,0,876,0,0,2005,0,4501,0,0,8976,0,17143,0,0,30777,0,52305,0,0,84219,0,0,129993,0,190833,0,0,268548,0,359280,0,0,463416,0,569301,0,0,674540,0,760674,0,0,826843,0,861802,0,0,860132,0,823422,0,0,755339,0,664570,0,0,563064,0,455508,0,0,353912,0,262078,0,0,186780,0,0,126259,0,82232,0,0,50509,0,29861,0,0,16589,0,8807,0,0,4376,0,2015,0,0,835,0,358,0,0,127,0,47,0,0,19,0,4,0,0,0,0,0,0,0,0,0,0,0,0,0,0,0
0,0,0,0,0,0,0,0,0,1,0,0,0,0,2,0,0,6,0,39,0,0,110,0,257,0,0,617,0,1555,0,0,3432,0,7096,0,0,13675,0,24835,0,0,42688,0,69693,0,0,109017,0,162491,0,0,231533,0,315790,0,0,412748,0,516034,0,0,620620,0,715076,0,0,790552,0,841001,0,0,856716,0,836635,0,786511,0,0,706795,0,613700,0,0,508646,0,405935,0,0,309621,0,226162,0,0,158908,0,105645,0,0,67912,0,41217,0,0,24096,0,13044,0,0,7096,0,3311,0,0,1527,0,661,0,0,258,0,97,0,0,31,0,13,0,0,3,0,0,0,0,0,0,0,0,0,0,0,0,0,0
0,0,0,0,0,0,0,0,0,0,0,0,1,0,1,0,0,4,0,28,0,86,0,0,204,0,447,0,0,1170,0,2701,0,0,5586,0,10693,0,0,20123,0,34715,0,57626,0,0,91025,0,137868,0,0,199098,0,275073,0,0,365765,0,465156,0,0,566777,0,666144,0,749650,0,0,812534,0,844949,0,0,842161,0,808374,0,0,744551,0,657912,0,560877,0,0,457087,0,359619,0,0,269177,0,194571,0,0,134138,0,88314,0,0,55929,0,33505,0,19139,0,0,10604,0,5457,0,0,2600,0,1156,0,0,512,0,192,0,0,75,0,19,0,13,0,0,2,0,0,0,0,0,0,0,0,0,0,0,0,0,0
0,0,0,0,0,0,0,0,0,0,0,0,0,0,1,0,3,0,0,20,0,60,0,0,155,0,357,0,874,0,0,2024,0,4424,0,0,8442,0,16113,0,28165,0,0,47599,0,75593,0,0,116185,0,170359,0,238875,0,0,322456,0,415765,0,0,515714,0,615919,0,705049,0,0,778521,0,825109,0,0,838674,0,821034,0,774467,0,0,697870,0,608682,0,0,509176,0,408735,0,316823,0,0,233504,0,165627,0,0,112891,0,73361,0,46041,0,0,27146,0,15500,0,0,8303,0,4287,0,1999,0,0,890,0,390,0,0,146,0,53,0,21,0,0,4,0,2,0,0,0,0,0,0,0,0,0,0,0,0,0,0
0,0,0,0,0,0,0,0,0,0,0,0,0,0,1,0,1,0,16,0,0,44,0,123,0,268,0,0,694,0,1530,0,0,3424,0,6704,0,12748,0,0,22946,0,38762,0,63092,0,0,97438,0,145294,0,206247,0,0,282698,0,369661,0,0,466982,0,565234,0,658177,0,0,739688,0,797477,0,827925,0,0,826553,0,794300,0,732832,0,0,652467,0,557394,0,459479,0,0,363350,0,277333,0,0,201723,0,140528,0,94768,0,0,60980,0,37740,0,21864,0,0,12297,0,6632,0,3317,0,0,1548,0,669,0,0,297,0,106,0,38,0,0,14,0,3,0,2,0,0,0,0,0,0,0,0,0,0,0,0,0,0
0,0,0,0,0,0,0,0,0,0,0,0,0,0,0,0,1,0,9,0,38,0,0,93,0,219,0,542,0,0,1185,0,2608,0,5338,0,0,10219,0,18336,0,31702,0,0,52196,0,81368,0,123477,0,0,177879,0,245982,0,327571,0,0,419345,0,515841,0,610396,0,0,697135,0,765413,0,809219,0,0,823000,0,807169,0,759827,0,690292,0,0,603775,0,508264,0,411937,0,0,321742,0,240797,0,173433,0,0,119171,0,79353,0,50397,0,0,30728,0,17838,0,9795,0,0,5194,0,2530,0,1191,0,0,522,0,221,0,82,0,0,23,0,11,0,3,0,0,1,0,0,0,0,0,0,0,0,0,0,0,0,0
0,0,0,0,0,0,0,0,0,0,0,0,0,0,0,0,0,0,7,0,29,0,63,0,0,164,0,428,0,931,0,0,2002,0,4193,0,7979,0,14813,0,0,25953,0,42924,0,68310,0,0,103904,0,152498,0,213879,0,287620,0,0,375219,0,467395,0,562495,0,0,652601,0,728392,0,784161,0,811743,0,0,811035,0,780329,0,723107,0,0,644980,0,556163,0,459286,0,367656,0,0,283039,0,208283,0,148275,0,0,100962,0,66308,0,41346,0,25185,0,0,14298,0,7895,0,4029,0,0,1935,0,916,0,420,0,174,0,0,53,0,20,0,8,0,0,2,0,1,0,0,0,0,0,0,0,0,0,0,0,0,0
0,0,0,0,0,0,0,0,0,0,0,0,0,0,0,0,0,0,4,0,16,0,50,0,135,0,0,300,0,739,0,1585,0,3257,0,0,6381,0,11724,0,21069,0,35623,0,0,56761,0,87648,0,129674,0,185166,0,0,252195,0,332485,0,421766,0,515110,0,0,606881,0,687483,0,754296,0,793800,0,0,807475,0,792642,0,748348,0,681932,0,0,599236,0,507831,0,413458,0,326752,0,0,246949,0,180119,0,126407,0,84953,0,0,54909,0,34255,0,20427,0,11424,0,0,6200,0,3207,0,1511,0,725,0,0,307,0,130,0,39,0,16,0,0,6,0,1,0,1,0,0,0,0,0,0,0,0,0,0,0,0,0
0,0,0,0,0,0,0,0,0,0,0,0,0,0,0,0,0,1,0,15,0,0,43,0,89,0,237,0,577,0,0,1220,0,2583,0,5028,0,9329,0,17132,0,0,28952,0,47341,0,73578,0,110268,0,158933,0,0,220480,0,293904,0,378080,0,468576,0,0,559954,0,646113,0,718319,0,770915,0,796528,0,0,796922,0,766275,0,712656,0,639544,0,552076,0,0,461150,0,371076,0,288203,0,214992,0,0,155168,0,106837,0,71305,0,45857,0,27900,0,0,16593,0,9078,0,4952,0,2483,0,1216,0,0,561,0,226,0,99,0,29,0,0,11,0,2,0,2,0,0,0,0,0,0,0,0,0,0,0,0,0,0,0
0,0,0,0,0,0,0,0,0,0,0,0,0,0,0,0,0,0,0,11,0,37,0,0,54,0,193,0,449,0,956,0,2001,0,3951,0,0,7516,0,13796,0,23651,0,39019,0,61912,0,0,93487,0,135908,0,191271,0,258877,0,336821,0,424102,0,0,514297,0,602358,0,679961,0,741570,0,780114,0,0,792698,0,778714,0,736138,0,674104,0,594329,0,506828,0,0,416246,0,330718,0,253072,0,186735,0,132406,0,0,90397,0,59935,0,37727,0,22808,0,13495,0,7232,0,0,3913,0,1954,0,954,0,410,0,180,0,0,70,0,23,0,7,0,1,0,2,0,0,0,0,0,0,0,0,0,0,0,0,0,0,0
0,0,0,0,0,0,0,0,0,0,0,0,0,0,0,0,0,0,0,8,0,25,0,49,0,142,0,338,0,0,730,0,1579,0,3123,0,6046,0,10999,0,19322,0,32075,0,0,51704,0,78985,0,116248,0,165345,0,226479,0,299110,0,0,381946,0,468914,0,557196,0,640141,0,708201,0,757863,0,782457,0,0,783092,0,753408,0,702108,0,632809,0,549775,0,461420,0,374521,0,0,293442,0,221227,0,161000,0,113016,0,76505,0,49788,0,0,30942,0,18781,0,10804,0,5864,0,3078,0,1551,0,724,0,0,303,0,146,0,53,0,20,0,4,0,1,0,1,0,0,0,0,0,0,0,0,0,0,0,0,0,0,0
0,0,0,0,0,0,0,0,0,0,0,0,0,0,0,0,0,0,0,5,0,16,0,43,0,103,0,258,0,574,0,1212,0,2530,0,0,4768,0,8976,0,15501,0,26420,0,43132,0,66311,0,98979,0,142517,0,197786,0,0,263746,0,341535,0,426034,0,512629,0,597219,0,672382,0,730716,0,766266,0,0,780180,0,764252,0,725253,0,665439,0,589999,0,505592,0,418062,0,334057,0,259023,0,0,193154,0,138459,0,95942,0,64395,0,41309,0,25458,0,15204,0,8673,0,0,4669,0,2460,0,1227,0,527,0,255,0,96,0,46,0,14,0,3,0,0,2,0,0,0,0,0,0,0,0,0,0,0,0,0,0,0,0
0,0,0,0,0,0,0,0,0,0,0,0,0,0,0,0,0,0,4,0,9,0,40,0,0,69,0,210,0,430,0,949,0,2004,0,3757,0,7158,0,12693,0,21598,0,35613,0,55984,0,0,84010,0,122019,0,171738,0,232216,0,304200,0,384942,0,468626,0,554796,0,632480,0,699326,0,745362,0,769087,0,0,768876,0,742107,0,693090,0,625961,0,547749,0,462169,0,375771,0,297845,0,227404,0,167364,0,118591,0,0,81537,0,53662,0,34390,0,20830,0,12480,0,6931,0,3676,0,1987,0,942,0,419,0,188,0,75,0,0,31,0,9,0,4,0,0,0,0,0,0,0,0,0,0,0,0,0,0,0,0,0,0
0,0,0,0,0,0,0,0,0,0,0,0,0,0,0,0,0,0,4,0,4,0,30,0,59,0,147,0,330,0,761,0,1523,0,3072,0,0,5686,0,10371,0,17482,0,29549,0,46707,0,70999,0,104491,0,148746,0,203323,0,269337,0,345771,0,426735,0,511160,0,593184,0,663444,0,720044,0,754138,0,0,765031,0,753065,0,715180,0,656640,0,585583,0,504329,0,420130,0,337130,0,264484,0,198210,0,144314,0,101914,0,68289,0,45146,0,28295,0,17170,0,10070,0,5559,0,0,2964,0,1508,0,722,0,344,0,146,0,59,0,19,0,9,0,1,0,0,0,0,0,0,0,0,0,0,0,0,0,0,0,0,0,0
0,0,0,0,0,0,0,0,0,0,0,0,0,0,0,0,0,0,3,0,4,0,22,0,47,0,111,0,266,0,550,0,1223,0,2453,0,4576,0,8349,0,14342,0,24141,0,38995,0,60111,0,89019,0,127860,0,178208,0,237270,0,308578,0,387099,0,468507,0,551440,0,626516,0,689043,0,734606,0,756410,0,0,755651,0,731193,0,684385,0,619687,0,543451,0,461733,0,379590,0,302424,0,232422,0,172274,0,124761,0,86412,0,57386,0,37788,0,23424,0,13898,0,8268,0,4410,0,2281,0,1201,0,602,0,243,0,115,0,41,0,16,0,2,0,1,0,0,0,0,0,0,0,0,0,0,0,0,0,0,0,0,0,0
0,0,0,0,0,0,0,0,0,0,0,0,0,0,0,0,0,0,2,0,4,0,13,0,40,0,83,0,218,0,430,0,958,0,1907,0,3628,0,6670,0,11828,0,19872,0,32207,0,50534,0,76032,0,109718,0,154395,0,209422,0,273678,0,349244,0,427652,0,510260,0,586619,0,656692,0,709237,0,742227,0,752556,0,740131,0,705846,0,649426,0,580650,0,502224,0,421017,0,341625,0,268917,0,203602,0,149779,0,106705,0,73114,0,48721,0,31236,0,19296,0,11288,0,6655,0,3500,0,1819,0,951,0,453,0,200,0,81,0,30,0,14,0,2,0,0,0,0,0,0,0,0,0,0,0,0,0,0,0,0,0,0,0
0,0,0,0,0,0,0,0,0,0,0,0,0,0,0,0,0,2,0,3,0,10,0,32,0,65,0,163,0,353,0,744,0,1510,0,2850,0,5388,0,9622,0,16305,0,26613,0,42351,0,64534,0,93947,0,133604,0,183387,0,242956,0,312235,0,389227,0,468624,0,548182,0,619689,0,679575,0,723494,0,744736,743614,0,720412,0,675092,0,613474,0,540636,0,461040,0,381809,0,306186,0,237911,0,177873,0,129249,0,91223,0,61999,0,40859,0,25815,0,15844,0,9298,0,5346,0,2741,0,1474,0,712,0,343,0,165,0,63,0,18,0,10,0,1,0,0,0,0,0,0,0,0,0,0,0,0,0,0,0,0,0,0,0
0,0,0,0,0,0,0,0,0,0,0,0,0,0,0,0,0,2,0,1,0,7,0,22,0,62,0,124,0,274,0,586,0,1167,0,2323,4291,0,7766,0,13261,0,22163,0,35185,0,54739,0,80191,0,115237,0,159836,0,214483,0,278817,0,351374,0,428748,0,508231,0,582475,0,648562,0,698364,0,731035,0,741150,730052,0,694959,0,641499,0,576941,0,500117,0,421184,0,345060,0,272732,0,209322,0,154845,0,111271,0,77862,0,52376,0,34186,0,21286,0,12958,0,7668,0,4227,2194,0,1170,0,559,0,266,0,134,0,39,0,20,0,4,0,1,0,0,0,0,0,0,0,0,0,0,0,0,0,0,0,0,0,0,0
0,0,0,0,0,0,0,0,0,0,0,0,0,0,0,0,0,2,0,1,0,5,0,26,0,53,0,120,0,266,0,546,0,1108,0,2162,4205,0,7421,0,12896,0,21447,0,34295,0,53337,0,79033,0,113823,0,157892,0,212648,0,278022,0,350060,0,428414,0,508648,0,585117,0,648890,0,702858,0,734214,0,746098,732122,0,697974,0,644805,0,577800,0,501851,0,420562,0,343587,0,271708,0,206521,0,153103,0,109974,0,76425,0,51340,0,33349,0,20662,0,12562,0,7203,0,4045,2151,0,1075,0,534,0,275,0,108,0,47,0,13,0,4,0,1,0,0,0,0,0,0,0,0,0,0,0,0,0,0,0,0,0,0,0
0,0,0,0,0,0,0,0,0,0,0,0,0,0,0,0,0,2,0,1,0,6,0,22,0,52,0,110,0,253,0,491,0,1050,0,2053,4002,0,7122,0,12313,0,20800,0,33414,0,51932,0,77646,0,112085,0,155824,0,210879,0,275717,0,350097,0,428637,0,508452,0,586197,0,651641,0,706428,0,738506,0,750066,736536,0,699979,0,647966,0,580123,0,501447,0,421239,0,342125,0,269300,0,204839,0,151958,0,107768,0,74925,0,50459,0,32077,0,20134,0,12021,0,6900,0,3817,2091,0,992,0,501,0,246,0,108,0,40,0,17,0,1,0,1,0,0,0,0,0,0,0,0,0,0,0,0,0,0,0,0,0,0,0
0,0,0,0,0,0,0,0,0,0,0,0,0,0,0,1,0,0,0,2,0,5,0,17,0,47,0,109,0,243,0,473,0,961,0,1953,3759,0,6857,0,11800,0,20031,0,32551,0,50799,0,76112,0,109846,0,154308,0,208822,0,274184,0,348697,0,429032,0,510050,0,587088,0,654892,0,708011,0,743859,0,754167,739179,0,704590,0,650194,0,581395,0,503444,0,418860,0,341334,0,267434,0,203426,0,149569,0,106853,0,73418,0,48614,0,31406,0,19420,0,11604,0,6591,0,3724,1901,0,943,0,458,0,221,0,100,0,33,0,19,0,2,0,0,0,0,0,0,0,0,0,0,0,0,0,0,0,0,0,0,0,0,0
0,0,0,0,0,0,0,0,0,0,0,0,0,0,0,1,0,0,0,3,0,4,0,16,0,31,0,99,0,218,0,459,0,897,0,1856,3629,0,6535,0,11311,0,19448,0,31593,0,49723,0,74598,0,108199,0,152437,0,207498,0,272527,0,347246,0,428651,0,509499,0,590758,0,656266,0,712417,0,745679,0,758133,743917,0,707571,0,653042,0,583248,0,503534,0,418567,0,339759,0,266535,0,201405,0,148126,0,104776,0,72053,0,47470,0,30452,0,18811,0,11139,0,6293,0,3508,1790,0,913,0,420,0,204,0,93,0,38,0,12,0,1,0,0,0,0,0,0,0,0,0,0,0,0,0,0,0,0,0,0,0,0,0
0,0,0,0,0,0,0,0,0,0,0,0,0,0,0,1,0,1,0,2,0,4,0,11,0,35,0,78,0,208,0,441,0,902,0,1720,3415,0,6313,0,10960,0,18895,0,30975,0,48111,0,73391,0,106901,0,150466,0,205521,0,271547,0,345436,0,428132,0,511086,0,590651,0,659932,0,714756,0,750100,0,761198,748430,0,710950,0,655545,0,584293,0,503264,0,418886,0,338710,0,264441,0,200047,0,146074,0,103533,0,70321,0,46547,0,29666,0,18152,0,10843,0,5921,0,3313,1715,0,849,0,398,0,197,0,76,0,37,0,11,0,0,0,0,0,0,0,0,0,0,0,0,0,0,0,0,0,0,0,0,0,0,0
0,0,0,0,0,0,0,0,0,0,0,0,0,0,0,1,0,1,0,2,0,4,0,8,0,38,0,60,0,181,0,453,0,824,0,1715,3230,0,6000,0,10725,0,18181,0,29927,0,47336,0,71730,0,105197,0,149044,0,203732,0,270373,0,345155,0,427176,0,511454,0,591619,0,660837,0,720015,0,753542,0,765661,751317,0,714121,0,658161,0,584783,0,503653,0,418470,0,338252,0,262749,0,197834,0,144765,0,101695,0,69038,0,45687,0,28737,0,17574,0,10407,0,5666,0,3187,1626,0,801,0,384,0,150,0,85,0,33,0,11,0,1,0,0,0,0,0,0,0,0,0,0,0,0,0,0,0,0,0,0,0,0,0
0,0,0,0,0,0,0,0,0,0,0,0,0,0,0,1,0,1,0,2,0,3,0,7,0,33,0,64,0,155,0,402,0,828,0,1652,3051,0,5819,0,10266,0,17640,0,29056,0,46377,0,70434,0,104444,0,146593,0,202495,0,268869,0,343796,0,427474,0,510985,0,592854,0,665959,0,720002,0,756682,0,770485,754857,0,716935,0,660345,0,585721,0,504137,0,418351,0,336137,0,261688,0,196578,0,143222,0,99624,0,68099,0,44750,0,28018,0,17048,0,9930,0,5605,0,2999,1608,0,702,0,367,0,137,0,79,0,31,0,10,0,1,0,0,0,0,0,0,0,0,0,0,0,0,0,0,0,0,0,0,0,0,0
0,0,0,0,0,0,0,0,0,0,0,0,0,1,0,0,0,1,0,1,0,3,0,9,0,22,0,70,0,148,0,355,0,831,0,1506,3024,0,5597,0,9941,0,17148,0,28221,0,45299,0,69437,0,102549,0,145721,0,200652,0,267474,0,342389,0,427643,0,511784,0,594437,0,666811,0,723928,0,760544,0,772758,757321,0,720552,0,662207,0,586872,0,504150,0,418333,0,335359,0,260154,0,194903,0,141421,0,98609,0,67121,0,43628,0,27342,0,16574,0,9546,0,5431,0,2801,1506,0,714,0,319,0,129,0,80,0,24,0,7,0,1,0,0,0,0,0,0,0,0,0,0,0,0,0,0,0,0,0,0,0,0,0
0,0,0,0,0,0,0,0,0,0,0,0,0,0,0,1,0,1,0,1,0,3,0,5,0,19,0,69,0,136,0,312,0,799,0,1468,2848,0,5499,0,9625,0,16623,0,27613,0,44320,0,68254,0,101235,0,144612,0,198955,0,265757,0,342106,0,427527,0,511117,0,596443,0,668978,0,726528,0,763366,0,774655,760733,0,724039,0,663870,0,588234,0,503962,0,418082,0,334774,0,259148,0,193583,0,139573,0,97448,0,65568,0,42736,0,26837,0,16093,0,9344,0,5133,0,2737,1461,0,648,0,301,0,129,0,68,0,24,0,6,0,2,0,0,0,0,0,0,0,0,0,0,0,0,0,0,0,0,0,0,0,0,0
0,0,0,0,0,0,0,0,0,0,0,0,0,0,0,0,0,2,0,1,0,1,0,8,0,18,0,63,0,130,0,316,0,707,0,1409,2767,0,5233,0,9367,0,16166,0,27035,0,43460,0,67135,0,100101,0,142785,0,198217,0,263998,0,341776,0,425983,0,512679,0,596454,0,670801,0,729480,0,766473,0,778111,764440,0,725700,0,665704,0,589507,0,503873,0,417881,0,333284,0,258258,0,192446,0,138047,0,96335,0,64384,0,42156,0,25950,0,15716,0,9013,0,4894,0,2674,1359,0,599,0,301,0,117,0,62,0,25,0,5,0,2,0,0,0,0,0,0,0,0,0,0,0,0,0,0,0,0,0,0,0,0,0
0,0,0,0,0,0,0,0,0,0,0,0,0,0,0,0,0,0,0,2,0,2,0,7,0,23,0,48,0,127,0,294,0,711,0,1315,2659,0,5032,0,9166,0,15728,0,26419,0,42830,0,65887,0,98667,0,141967,0,196360,0,262501,0,341409,0,425108,0,512845,0,598606,0,673102,0,731760,0,768386,0,781508,767180,0,728076,0,667561,0,589890,0,505262,0,416519,0,333067,0,256677,0,190763,0,136997,0,95064,0,63717,0,40981,0,25448,0,15388,0,8708,0,4762,0,2528,1282,0,606,0,273,0,109,0,52,0,20,0,7,0,2,0,0,0,0,0,0,0,0,0,0,0,0,0,0,0,0,0,0,0,0,0
0,0,0,0,0,0,0,0,0,0,0,0,0,0,0,0,0,0,0,1,0,3,0,11,0,17,0,44,0,116,0,292,0,628,0,1269,2566,0,4915,0,8869,0,15415,0,25873,0,41614,0,65203,0,97377,0,140801,0,195941,0,260342,0,340820,0,425350,0,512255,0,599248,0,675539,0,733802,0,771028,0,785052,769882,0,730030,0,668498,0,591957,0,504807,0,416207,0,332115,0,255890,0,189191,0,135961,0,93855,0,62971,0,39821,0,25151,0,14912,0,8567,0,4517,0,2434,1249,0,558,0,264,0,116,0,38,0,19,0,6,0,1,0,0,0,0,0,0,0,0,0,0,0,0,0,0,0,0,0,0,0,0,0
0,0,0,0,0,0,0,0,0,0,0,0,0,0,0,0,0,0,0,1,0,2,0,8,0,18,0,41,0,113,0,279,0,574,0,1293,2422,0,4735,0,8623,0,15045,0,25473,0,40799,0,64084,0,96415,0,139702,0,194328,0,260250,0,339056,0,425141,0,513008,0,599446,0,676346,0,736158,0,775703,0,787350,771298,0,732882,0,671626,0,591159,0,505518,0,415910,0,331427,0,254075,0,188429,0,134401,0,93053,0,61705,0,39466,0,24179,0,14720,0,8207,0,4489,0,2321,1170,0,559,0,237,0,101,0,40,0,21,0,2,0,0,0,0,0,0,0,0,0,0,0,0,0,0,0,0,0,0,0,0,0,0,0
0,0,0,0,0,0,0,0,0,0,0,0,0,0,0,0,0,0,0,1,0,1,0,10,0,14,0,41,0,104,0,261,0,563,0,1201,2444,0,4548,0,8379,0,14660,0,24950,0,40239,0,62977,0,95017,0,138308,0,193641,0,259446,0,338393,0,423967,0,513959,0,600437,0,677259,0,738191,0,778330,0,790372,774741,0,734905,0,672243,0,592525,0,504840,0,416808,0,330178,0,252593,0,186730,0,134076,0,91911,0,60628,0,38695,0,23912,0,14275,0,8007,0,4364,0,2243,1109,0,541,0,226,0,89,0,35,0,20,0,1,0,0,0,0,0,0,0,0,0,0,0,0,0,0,0,0,0,0,0,0,0,0,0
0,0,0,0,0,0,0,0,0,0,0,0,0,0,0,0,0,0,0,1,0,1,0,7,0,15,0,42,0,97,0,252,0,543,0,1162,2292,0,4455,0,8123,0,14376,0,24401,0,39524,0,62514,0,93456,0,137240,0,192966,0,258444,0,336967,0,424437,0,513343,0,602717,0,677130,0,741144,0,780052,0,793385,778686,0,735763,0,672822,0,593658,0,506488,0,415324,0,328820,0,252156,0,185503,0,132758,0,90990,0,59898,0,38033,0,23444,0,13950,0,7753,0,4183,0,2170,1067,0,495,0,220,0,88,0,39,0,13,0,1,0,0,0,0,0,0,0,0,0,0,0,0,0,0,0,0,0,0,0,0,0,0,0
0,0,0,0,0,0,0,0,0,0,0,0,0,0,0,0,0,0,0,0,0,1,0,6,0,16,0,39,0,93,0,230,0,527,0,1118,2215,0,4182,0,8030,0,14142,0,24005,0,38957,0,60921,0,93275,0,136222,0,190950,0,257941,0,336664,0,423322,0,514078,0,602266,0,680106,0,743230,0,782772,0,795923,779625,0,738485,0,673859,0,594966,0,506693,0,414779,0,328097,0,250850,0,184961,0,131125,0,90282,0,58812,0,37498,0,22864,0,13733,0,7504,0,4083,0,2149,1010,0,483,0,183,0,90,0,35,0,9,0,2,0,0,0,0,0,0,0,0,0,0,0,0,0,0,0,0,0,0,0,0,0,0,0
0,0,0,0,0,0,0,0,0,0,0,0,0,0,0,0,0,0,0,0,0,2,0,5,0,16,0,36,0,88,0,221,0,472,0,1119,2104,0,4112,0,7827,0,13767,0,23609,0,38159,0,60174,0,92595,0,134905,0,189239,0,257579,0,335901,0,423289,0,514301,0,603548,0,680980,0,746118,0,784192,0,797947,782274,0,739454,0,677128,0,595083,0,506501,0,414122,0,327884,0,249815,0,183230,0,130537,0,89065,0,58262,0,36722,0,22569,0,13290,0,7364,0,4015,0,2038,997,0,442,0,183,0,82,0,35,0,9,0,2,0,0,0,0,0,0,0,0,0,0,0,0,0,0,0,0,0,0,0,0,0,0,0
0,0,0,0,0,0,0,0,0,0,0,0,0,0,0,0,0,0,0,0,0,0,0,6,0,15,0,33,0,77,0,212,0,479,0,1017,2105,0,3953,0,7579,0,13503,0,23085,0,37819,0,59260,0,91776,0,134153,0,187968,0,256049,0,335260,0,422414,0,514968,0,603916,0,683894,0,747075,0,786534,0,799782,785231,0,742132,0,677487,0,596601,0,505666,0,413640,0,327187,0,248662,0,183288,0,129002,0,87896,0,57488,0,36409,0,22084,0,12956,0,7223,0,3866,0,1957,980,0,428,0,166,0,78,0,35,0,12,0,2,0,0,0,0,0,0,0,0,0,0,0,0,0,0,0,0,0,0,0,0,0,0,0
0,0,0,0,0,0,0,0,0,0,0,0,0,0,0,0,0,0,0,0,0,0,0,5,0,15,0,27,0,76,0,204,0,448,0,1013,1972,0,3917,0,7357,0,13190,0,22473,0,37332,0,58822,0,90917,0,132309,0,188006,0,254963,0,333771,0,424179,0,514321,0,604341,0,684363,0,749138,0,788887,0,802716,786315,0,743425,0,680009,0,597339,0,505633,0,413111,0,326642,0,248154,0,181825,0,127707,0,87493,0,56618,0,35546,0,21795,0,12626,0,7134,0,3803,0,1845,937,0,394,0,179,0,71,0,35,0,7,0,3,0,0,0,0,0,0,0,0,0,0,0,0,0,0,0,0,0,0,0,0,0,0,0
0,0,0,0,0,0,0,0,0,0,0,0,0,0,0,0,0,0,0,0,0,1,0,5,0,14,0,24,0,84,0,204,0,435,0,975,1916,0,3866,0,7179,0,12694,0,22171,0,36749,0,58658,0,89153,0,131685,0,186932,0,254233,0,334000,0,421649,0,515375,0,605456,0,685471,0,751149,0,791182,0,803920,788774,0,746098,0,680039,0,597699,0,506388,0,414161,0,324511,0,247412,0,180511,0,127642,0,86122,0,56036,0,35127,0,21288,0,12434,0,6937,0,3653,0,1890,824,0,411,0,164,0,64,0,33,0,9,0,1,0,0,0,0,0,0,0,0,0,0,0,0,0,0,0,0,0,0,0,0,0,0,0
0,0,0,0,0,0,0,0,0,0,0,0,0,0,0,0,0,0,0,0,0,1,0,4,0,15,0,24,0,76,0,192,0,429,0,913,1863,0,3795,0,7029,0,12591,0,21539,0,36359,0,57701,0,88702,0,131031,0,185733,0,253123,0,332778,0,421688,0,515158,0,606217,0,687570,0,752415,0,793393,0,806057,790262,0,747905,0,681599,0,598409,0,506519,0,412994,0,324965,0,245818,0,180300,0,126242,0,85404,0,55155,0,34773,0,20751,0,12289,0,6815,0,3538,0,1787,850,0,378,0,157,0,61,0,28,0,11,0,1,0,1,0,0,0,0,0,0,0,0,0,0,0,0,0,0,0,0,0,0,0,0,0
0,0,0,0,0,0,0,0,0,0,0,0,0,0,0,0,0,0,0,0,0,1,0,4,0,10,0,29,0,71,0,168,0,416,0,921,1805,0,3689,0,6932,0,12320,0,21258,0,35693,0,56769,0,88476,0,129844,0,184657,0,252363,0,332676,0,421437,0,515380,0,606025,0,688667,0,753253,0,796546,0,809292,790920,0,749395,0,683636,0,598553,0,506135,0,413449,0,323571,0,245484,0,179222,0,125091,0,84724,0,54717,0,34015,0,20644,0,11826,0,6704,0,3439,0,1739,839,0,365,0,139,0,61,0,23,0,14,0,0,0,1,0,0,0,0,0,0,0,0,0,0,0,0,0,0,0,0,0,0,0,0,0
0,0,0,0,0,0,0,0,0,0,0,0,0,0,0,0,0,0,0,0,0,0,0,3,0,9,0,28,0,68,0,173,0,390,0,906,1718,0,3591,0,6784,0,12227,0,20874,0,35026,0,56225,0,87725,0,129284,0,183741,0,251152,0,332004,0,421535,0,514680,0,607769,0,689710,0,755729,0,797897,0,809931,793069,0,751934,0,684264,0,598789,0,506273,0,412703,0,323640,0,244336,0,178165,0,124708,0,83766,0,54298,0,33470,0,20183,0,11717,0,6419,0,3397,0,1696,830,0,350,0,128,0,62,0,22,0,7,0,2,0,1,0,0,0,0,0,0,0,0,0,0,0,0,0,0,0,0,0,0,0,0,0
0,0,0,0,0,0,0,0,0,0,0,0,0,0,0,0,0,0,0,0,0,0,0,3,0,9,0,30,0,60,0,164,0,391,0,813,1771,0,3447,0,6694,0,11892,0,20652,0,34439,0,56110,0,86432,0,128806,0,182429,0,250528,0,331669,0,420875,0,514748,0,608368,0,691695,0,756312,0,799232,0,812507,795672,0,753255,0,684317,0,599546,0,507428,0,411411,0,322849,0,244422,0,176868,0,123610,0,83312,0,53583,0,33184,0,19889,0,11406,0,6288,0,3280,0,1664,778,0,356,0,125,0,56,0,20,0,9,0,3,0,1,0,0,0,0,0,0,0,0,0,0,0,0,0,0,0,0,0,0,0,0,0
0,0,0,0,0,0,0,0,0,0,0,0,0,0,0,0,0,0,0,0,0,1,0,1,0,7,0,32,0,60,0,162,0,358,0,819,1720,0,3368,0,6457,0,11803,0,20190,0,34270,0,55488,0,85466,0,127433,0,182467,0,250317,0,329651,0,420903,0,515101,0,608935,0,692040,0,758261,0,801167,0,813946,798448,0,754359,0,685209,0,600522,0,506909,0,411449,0,322306,0,243248,0,176337,0,122932,0,82554,0,52900,0,32832,0,19447,0,11247,0,6158,0,3227,0,1591,739,0,377,0,112,0,46,0,27,0,5,0,3,0,1,0,0,0,0,0,0,0,0,0,0,0,0,0,0,0,0,0,0,0,0,0
0,0,0,0,0,0,0,0,0,0,0,0,0,0,0,0,0,0,0,0,0,1,0,1,0,11,0,21,0,62,0,149,0,358,0,817,1694,0,3307,0,6256,0,11621,0,19996,0,33775,0,54974,0,84758,0,126525,0,181858,0,249469,0,329198,0,420494,0,515627,0,608914,0,693186,0,759879,0,802944,0,815842,800465,0,754387,0,687057,0,600986,0,506988,0,411453,0,321358,0,242060,0,176166,0,121792,0,81673,0,52623,0,32460,0,19205,0,11069,0,6024,0,3117,0,1492,767,0,323,0,125,0,51,0,22,0,5,0,2,0,1,0,0,0,0,0,0,0,0,0,0,0,0,0,0,0,0,0,0,0,0,0
0,0,0,0,0,0,0,0,0,0,0,0,0,0,0,0,0,0,0,0,0,0,0,3,0,9,0,21,0,61,0,152,0,361,0,742,1665,0,3198,0,6288,0,11169,0,19964,0,33315,0,54348,0,84370,0,125645,0,180405,0,248855,0,329712,0,419678,0,515239,0,609937,0,694229,0,761450,0,804579,0,817324,801370,0,756837,0,686966,0,602241,0,506709,0,410611,0,321094,0,242114,0,174748,0,121555,0,80784,0,52043,0,32224,0,18685,0,11024,0,5964,0,2987,0,1496,710,0,326,0,130,0,44,0,18,0,7,0,1,0,1,0,0,0,0,0,0,0,0,0,0,0,0,0,0,0,0,0,0,0,0,0
0,0,0,0,0,0,0,0,0,0,0,0,0,0,0,0,0,0,0,0,0,0,0,4,0,8,0,17,0,56,0,159,0,339,0,716,1622,0,3134,0,6089,0,11000,0,19658,0,33122,0,53600,0,83913,0,125120,0,179119,0,247551,0,329288,0,420229,0,515451,0,610907,0,694770,0,762370,0,805695,0,819226,803236,0,758365,0,688881,0,602782,0,505387,0,410710,0,320429,0,241580,0,174001,0,120532,0,80221,0,51498,0,31635,0,18825,0,10624,0,5919,0,2953,0,1466,681,0,334,0,116,0,40,0,22,0,6,0,2,0,0,0,0,0,0,0,0,0,0,0,0,0,0,0,0,0,0,0,0,0,0,0
0,0,0,0,0,0,0,0,0,0,0,0,0,0,0,0,0,0,0,0,0,0,0,1,0,10,0,17,0,47,0,164,0,317,0,717,1572,0,3034,0,5980,0,11034,0,19293,0,32652,0,53483,0,83232,0,124363,0,178341,0,247065,0,328098,0,420273,0,515990,0,611117,0,695492,0,763902,0,807892,0,821348,803747,0,758471,0,690435,0,602332,0,506437,0,410646,0,320313,0,240214,0,173388,0,119536,0,80085,0,50806,0,31396,0,18499,0,10438,0,5677,0,2916,0,1467,686,0,297,0,122,0,41,0,19,0,3,0,3,0,0,0,0,0,0,0,0,0,0,0,0,0,0,0,0,0,0,0,0,0,0,0
0,0,0,0,0,0,0,0,0,0,0,0,0,0,0,0,0,0,0,0,0,0,0,1,0,11,0,14,0,52,0,134,0,329,0,705,1508,0,2999,0,5837,0,10916,0,18906,0,32491,0,53144,0,82402,0,123278,0,177864,0,246134,0,328648,0,419209,0,516886,0,612023,0,695967,0,764870,0,808019,0,824301,805201,0,759871,0,690746,0,602260,0,507566,0,410368,0,319790,0,238937,0,172508,0,119293,0,79177,0,50445,0,31175,0,18166,0,10304,0,5547,0,2854,0,1428,654,0,273,0,126,0,47,0,16,0,5,0,3,0,0,0,0,0,0,0,0,0,0,0,0,0,0,0,0,0,0,0,0,0,0,0
0,0,0,0,0,0,0,0,0,0,0,0,0,0,0,0,0,0,0,0,0,1,0,0,0,10,0,17,0,50,0,134,0,301,0,707,1419,0,2989,0,5826,0,10678,0,18900,0,32014,0,52591,0,81673,0,123034,0,176720,0,245906,0,327472,0,419244,0,516815,0,611899,0,698160,0,764863,0,809897,0,825675,807052,0,761609,0,691329,0,603440,0,506593,0,410601,0,319165,0,238216,0,171596,0,118524,0,78778,0,49928,0,30684,0,18069,0,10146,0,5380,0,2827,0,1382,644,0,261,0,115,0,52,0,16,0,4,0,2,0,0,0,0,0,0,0,0,0,0,0,0,0,0,0,0,0,0,0,0,0,0,0
0,0,0,0,0,0,0,0,0,0,0,0,0,0,0,0,0,0,0,0,0,0,0,1,0,6,0,19,0,50,0,121,0,289,0,670,1405,0,2910,0,5724,0,10647,0,18519,0,31716,0,51968,0,81240,0,122525,0,176739,0,244348,0,326737,0,418793,0,516854,0,613231,0,697940,0,766887,0,812291,0,826186,808855,0,762490,0,692037,0,603266,0,507305,0,410961,0,317676,0,238259,0,170628,0,117879,0,77967,0,49655,0,30261,0,17824,0,10079,0,5294,0,2754,0,1334,615,0,273,0,112,0,45,0,16,0,6,0,0,0,1,0,0,0,0,0,0,0,0,0,0,0,0,0,0,0,0,0,0,0,0,0
0,0,0,0,0,0,0,0,0,0,0,0,0,0,0,0,0,0,0,0,0,0,0,1,0,4,0,17,0,55,0,122,0,265,0,660,1419,0,2791,0,5679,0,10428,0,18343,0,31368,0,51485,0,80423,0,121870,0,176056,0,244451,0,326389,0,418249,0,517035,0,613127,0,700785,0,766628,0,812693,0,827643,810598,0,763955,0,692273,0,604632,0,507234,0,410054,0,317352,0,237357,0,169947,0,117774,0,77149,0,49265,0,30006,0,17623,0,10060,0,5091,0,2708,0,1287,624,0,262,0,105,0,43,0,14,0,7,0,2,0,0,0,0,0,0,0,0,0,0,0,0,0,0,0,0,0,0,0,0,0,0,0
0,0,0,0,0,0,0,0,0,0,0,0,0,0,0,0,0,0,0,0,0,0,0,1,0,6,0,18,0,53,0,104,0,250,0,676,1373,0,2741,0,5501,0,10339,0,18172,0,30951,0,51096,0,80249,0,121299,0,175362,0,243546,0,325992,0,417995,0,515928,0,615373,0,699789,0,768600,0,815492,0,829365,809705,0,765887,0,693460,0,604481,0,507782,0,408958,0,317249,0,236251,0,170265,0,116340,0,77107,0,48861,0,29606,0,17479,0,9621,0,5174,0,2665,0,1231,591,0,259,0,105,0,39,0,15,0,5,0,1,0,0,0,0,0,0,0,0,0,0,0,0,0,0,0,0,0,0,0,0,0,0,0
0,0,0,0,0,0,0,0,0,0,0,0,0,0,0,0,0,0,0,0,0,0,0,2,0,5,0,16,0,53,0,104,0,255,0,610,1380,0,2683,0,5366,0,10167,0,17916,0,30723,0,50458,0,80040,0,120808,0,174198,0,243760,0,325101,0,417429,0,517242,0,614478,0,700168,0,771328,0,815061,0,830575,813544,0,765751,0,693811,0,605470,0,507292,0,409573,0,316054,0,235317,0,169413,0,116136,0,76771,0,48398,0,29357,0,17132,0,9669,0,5051,0,2489,0,1258,593,0,243,0,94,0,46,0,12,0,7,0,1,0,0,0,0,0,0,0,0,0,0,0,0,0,0,0,0,0,0,0,0,0,0,0
0,0,0,0,0,0,0,0,0,0,0,0,0,0,0,0,0,0,0,0,0,0,0,1,0,7,0,10,0,44,0,122,0,246,0,590,1339,0,2677,0,5334,0,9861,0,17849,0,30371,0,50351,0,79383,0,120256,0,174022,0,242284,0,325141,0,418013,0,516293,0,614635,0,702162,0,771126,0,816687,0,831759,814143,0,767756,0,694885,0,605191,0,508168,0,407965,0,315939,0,235310,0,168602,0,115385,0,76250,0,47907,0,29187,0,17067,0,9485,0,4978,0,2481,0,1168,587,0,243,0,88,0,43,0,14,0,1,0,2,0,0,0,0,0,0,0,0,0,0,0,0,0,0,0,0,0,0,0,0,0,0,0
0,0,0,0,0,0,0,0,0,0,0,0,0,0,0,0,0,0,0,0,0,0,0,0,0,4,0,15,0,45,0,107,0,243,0,577,1263,0,2695,0,5263,0,9827,0,17382,0,30229,0,49895,0,79139,0,119654,0,173475,0,241711,0,324947,0,417148,0,516858,0,614402,0,701797,0,773290,0,818008,0,833881,815861,0,767847,0,695927,0,605608,0,507293,0,408551,0,315331,0,234717,0,167688,0,114537,0,75784,0,47859,0,28906,0,16804,0,9453,0,4901,0,2379,0,1195,542,0,219,0,89,0,46,0,13,0,2,0,0,0,1,0,0,0,0,0,0,0,0,0,0,0,0,0,0,0,0,0,0,0,0,0
0,0,0,0,0,0,0,0,0,0,0,0,0,0,0,0,0,0,0,0,0,0,0,0,0,3,0,15,0,38,0,103,0,252,0,533,1256,0,2661,0,5248,0,9660,0,17242,0,30047,0,49492,0,78518,0,118789,0,172922,0,241892,0,323593,0,417666,0,516391,0,615558,0,702773,0,774564,0,817239,0,835293,817834,0,769256,0,695685,0,606441,0,507429,0,407501,0,315065,0,235038,0,166870,0,113702,0,75650,0,47604,0,28361,0,16728,0,9303,0,4765,0,2368,0,1189,508,0,221,0,95,0,32,0,12,0,2,0,0,0,1,0,0,0,0,0,0,0,0,0,0,0,0,0,0,0,0,0,0,0,0,0
0,0,0,0,0,0,0,0,0,0,0,0,0,0,0,0,0,0,0,0,0,0,0,0,0,3,0,15,0,33,0,89,0,267,0,562,1195,0,2594,0,5166,0,9502,0,17106,0,29735,0,49173,0,77961,0,118707,0,172267,0,241128,0,323246,0,416654,0,517479,0,614588,0,705110,0,775665,0,818995,0,836280,818396,0,770087,0,696247,0,606230,0,507794,0,407332,0,314277,0,234719,0,166079,0,113397,0,74911,0,47394,0,28394,0,16359,0,9147,0,4798,0,2338,0,1113,549,0,197,0,84,0,34,0,8,0,2,0,1,0,1,0,0,0,0,0,0,0,0,0,0,0,0,0,0,0,0,0,0,0,0,0
0,0,0,0,0,0,0,0,0,0,0,0,0,0,0,0,0,0,0,0,0,0,0,0,0,5,0,11,0,39,0,94,0,244,0,544,1197,0,2570,0,5040,0,9374,0,17039,0,29402,0,48898,0,77443,0,118048,0,171875,0,240179,0,322850,0,417267,0,516968,0,615092,0,706223,0,775463,0,821612,0,836610,819308,0,771110,0,697105,0,606173,0,507523,0,407585,0,314720,0,233283,0,165454,0,113518,0,74238,0,46871,0,28248,0,16105,0,9087,0,4771,0,2274,0,1100,530,0,201,0,79,0,29,0,4,0,3,0,1,0,1,0,0,0,0,0,0,0,0,0,0,0,0,0,0,0,0,0,0,0,0,0
0,0,0,0,0,0,0,0,0,0,0,0,0,0,0,0,0,0,0,0,0,0,0,1,0,5,0,10,0,45,0,92,0,225,0,544,1174,0,2517,0,4940,0,9241,0,16962,0,29105,0,48644,0,76998,0,117681,0,170708,0,240235,0,322030,0,417239,0,516368,0,615762,0,706120,0,777996,0,822148,0,838161,820143,0,773226,0,695795,0,607681,0,507869,0,406253,0,314496,0,232726,0,165346,0,113006,0,73674,0,46457,0,27655,0,16382,0,8941,0,4642,0,2229,0,1098,492,0,231,0,79,0,25,0,7,0,2,0,2,0,0,0,0,0,0,0,0,0,0,0,0,0,0,0,0,0,0,0,0,0,0,0
0,0,0,0,0,0,0,0,0,0,0,0,0,0,0,0,0,0,0,0,0,0,0,1,0,5,0,10,0,37,0,94,0,237,0,504,1165,0,2474,0,4884,0,9153,0,16660,0,28970,0,48491,0,76394,0,116798,0,170728,0,239973,0,320728,0,417109,0,517361,0,615023,0,707650,0,777593,0,825056,0,837717,821723,0,773334,0,697790,0,607740,0,507065,0,406819,0,314058,0,232288,0,164573,0,112707,0,73296,0,45961,0,27699,0,15978,0,8840,0,4621,0,2193,0,1069,498,0,223,0,81,0,26,0,8,0,2,0,0,0,1,0,0,0,0,0,0,0,0,0,0,0,0,0,0,0,0,0,0,0,0,0
0,0,0,0,0,0,0,0,0,0,0,0,0,0,0,0,0,0,0,0,0,0,0,2,0,3,0,12,0,30,0,96,0,219,0,517,1130,0,2458,0,4809,0,9130,0,16463,0,28672,0,48111,0,76339,0,116167,0,170043,0,239554,0,320932,0,415919,0,517641,0,616524,0,706424,0,779217,0,824939,0,841740,822037,0,772232,0,698699,0,609634,0,506061,0,406590,0,313437,0,232134,0,164291,0,111612,0,73065,0,46099,0,27202,0,15869,0,8736,0,4588,0,2187,0,1009,495,0,221,0,87,0,23,0,6,0,1,0,2,0,0,0,0,0,0,0,0,0,0,0,0,0,0,0,0,0,0,0,0,0,0,0
0,0,0,0,0,0,0,0,0,0,0,0,0,0,0,0,0,0,0,0,0,1,0,0,0,1,0,16,0,30,0,94,0,220,0,470,1150,0,2383,0,4792,0,8995,0,16414,0,28282,0,47926,0,75907,0,116239,0,169172,0,238556,0,321017,0,415480,0,517142,0,618022,0,706764,0,780103,0,826911,0,841254,822899,0,773933,0,700061,0,607768,0,507246,0,406626,0,312425,0,231079,0,164349,0,111368,0,72847,0,45446,0,27218,0,15739,0,8613,0,4471,0,2175,0,985,504,0,191,0,89,0,27,0,5,0,2,0,1,0,0,0,0,0,0,0,0,0,0,0,0,0,0,0,0,0,0,0,0,0,0,0
0,0,0,0,0,0,0,0,0,0,0,0,0,0,0,0,0,0,0,0,0,1,0,0,0,1,0,15,0,28,0,88,0,209,0,500,1112,0,2325,0,4796,0,8880,0,16181,0,28327,0,47374,0,75588,0,115510,0,168815,0,238402,0,320170,0,415937,0,517108,0,617936,0,706696,0,782465,0,827285,0,843226,823623,0,773582,0,700794,0,608252,0,506976,0,406019,0,313382,0,230053,0,163695,0,111113,0,72167,0,45396,0,27030,0,15548,0,8463,0,4400,0,2147,0,1029,456,0,189,0,80,0,33,0,5,0,1,0,0,0,0,0,0,0,0,0,0,0,0,0,0,0,0,0,0,0,0,0,0,0,0,0
0,0,0,0,0,0,0,0,0,0,0,0,0,0,0,0,0,0,0,0,0,0,0,1,0,3,0,7,0,33,0,93,0,204,0,505,1087,0,2333,0,4644,0,8820,0,16054,0,28142,0,47349,0,74659,0,115306,0,168249,0,238290,0,319948,0,415954,0,516406,0,617714,0,707485,0,782657,0,830035,0,844007,824153,0,775848,0,699341,0,609481,0,506586,0,406123,0,312135,0,229814,0,163256,0,110654,0,72107,0,45149,0,26798,0,15300,0,8468,0,4336,0,2135,0,987,449,0,194,0,73,0,26,0,8,0,2,0,0,0,0,0,0,0,0,0,0,0,0,0,0,0,0,0,0,0,0,0,0,0,0,0
0,0,0,0,0,0,0,0,0,0,0,0,0,0,0,0,0,0,0,0,0,0,0,1,0,2,0,11,0,31,0,85,0,212,0,487,1085,0,2285,0,4556,0,8730,0,15930,0,28013,0,46789,0,74842,0,114757,0,168266,0,237025,0,319539,0,415889,0,517106,0,616132,0,709755,0,782207,0,831761,0,844073,825791,0,776510,0,700223,0,609133,0,506600,0,405927,0,312435,0,229320,0,162725,0,110395,0,71529,0,44781,0,26729,0,15212,0,8429,0,4259,0,2097,0,991,444,0,201,0,82,0,19,0,5,0,1,0,1,0,0,0,0,0,0,0,0,0,0,0,0,0,0,0,0,0,0,0,0,0,0,0
0,0,0,0,0,0,0,0,0,0,0,0,0,0,0,0,0,0,0,0,0,0,0,1,0,4,0,9,0,29,0,79,0,209,0,465,1078,0,2241,0,4484,0,8658,0,15912,0,27738,0,46137,0,74964,0,114448,0,167758,0,236765,0,319529,0,415382,0,515790,0,617556,0,709444,0,784441,0,831349,0,846206,826478,0,777020,0,700604,0,608199,0,506887,0,406268,0,312032,0,229074,0,162421,0,109979,0,71414,0,44373,0,26593,0,15069,0,8302,0,4256,0,2101,0,935,436,0,184,0,79,0,21,0,5,0,1,0,1,0,0,0,0,0,0,0,0,0,0,0,0,0,0,0,0,0,0,0,0,0,0,0
0,0,0,0,0,0,0,0,0,0,0,0,0,0,0,0,0,0,0,0,0,0,0,1,0,3,0,14,0,31,0,68,0,195,0,457,1034,0,2201,0,4405,0,8708,0,15720,0,27668,0,45858,0,74574,0,114147,0,167346,0,236500,0,319200,0,414441,0,516347,0,617289,0,710865,0,784551,0,832440,0,845705,828816,0,776541,0,702379,0,609018,0,506767,0,405715,0,311162,0,228981,0,161943,0,109987,0,70829,0,44105,0,26252,0,15012,0,8225,0,4191,0,2046,0,928,448,0,193,0,70,0,25,0,6,0,0,0,1,0,0,0,0,0,0,0,0,0,0,0,0,0,0,0,0,0,0,0,0,0,0,0
0,0,0,0,0,0,0,0,0,0,0,0,0,0,0,0,0,0,0,0,0,0,0,2,0,4,0,11,0,29,0,72,0,184,0,450,1015,0,2163,0,4358,0,8654,0,15705,0,27447,0,45866,0,73779,0,113560,0,166928,0,235998,0,319476,0,414242,0,516276,0,617506,0,711129,0,786814,0,832745,0,846008,828543,0,778558,0,702319,0,608431,0,507596,0,405752,0,310882,0,228612,0,161575,0,109207,0,70830,0,43673,0,26178,0,14809,0,8176,0,4198,0,1997,0,953,424,0,168,0,73,0,27,0,5,0,0,0,0,0,1,0,0,0,0,0,0,0,0,0,0,0,0,0,0,0,0,0,0,0,0,0
0,0,0,0,0,0,0,0,0,0,0,0,0,0,0,0,0,0,0,0,0,0,0,1,0,4,0,12,0,31,0,75,0,176,0,441,996,0,2097,0,4317,0,8445,0,15569,0,27372,0,45761,0,73559,0,112902,0,166306,0,236332,0,318002,0,414746,0,516625,0,617997,0,712672,0,784638,0,834301,0,847898,828615,0,779560,0,701877,0,608960,0,508016,0,405826,0,310769,0,228387,0,160711,0,108787,0,70275,0,44117,0,25803,0,14579,0,8041,0,4226,0,1953,0,928,421,0,182,0,65,0,29,0,5,0,0,0,1,0,0,0,0,0,0,0,0,0,0,0,0,0,0,0,0,0,0,0,0,0,0,0
0,0,0,0,0,0,0,0,0,0,0,0,0,0,0,0,0,0,0,0,0,0,0,0,0,6,0,12,0,31,0,75,0,193,0,417,1005,0,2059,0,4256,0,8365,0,15344,0,27298,0,45504,0,73291,0,112819,0,165799,0,236198,0,317715,0,413820,0,516455,0,619237,0,712612,0,786816,0,833262,0,849115,830483,0,778847,0,702641,0,609773,0,506834,0,405532,0,310491,0,228706,0,160219,0,108730,0,70147,0,43500,0,25710,0,14497,0,7884,0,4132,0,1964,0,926,403,0,184,0,70,0,24,0,5,0,2,0,0,0,0,0,0,0,0,0,0,0,0,0,0,0,0,0,0,0,0,0,0,0,0,0
0,0,0,0,0,0,0,0,0,0,0,0,0,0,0,0,0,0,0,0,0,0,0,1,0,3,0,14,0,31,0,61,0,200,0,420,931,0,2087,0,4263,0,8263,0,15188,0,27005,0,45624,0,72758,0,112301,0,165809,0,234868,0,317929,0,414016,0,516804,0,619717,0,712924,0,786264,0,835016,0,849730,830649,0,779751,0,703161,0,610823,0,505674,0,406025,0,310190,0,228093,0,159616,0,108624,0,69818,0,43188,0,25708,0,14440,0,7811,0,4046,0,1967,0,922,402,0,170,0,76,0,20,0,5,0,1,0,1,0,0,0,0,0,0,0,0,0,0,0,0,0,0,0,0,0,0,0,0,0,0,0
0,0,0,0,0,0,0,0,0,0,0,0,0,0,0,0,0,0,0,0,0,0,0,1,0,1,0,14,0,36,0,59,0,183,0,430,949,0,2026,0,4242,0,8104,0,15226,0,26887,0,45137,0,72369,0,112183,0,166095,0,234204,0,316882,0,413842,0,517548,0,618591,0,713314,0,787844,0,834905,0,850224,831997,0,780548,0,704372,0,610037,0,507400,0,404452,0,310591,0,227123,0,159786,0,107995,0,69576,0,42964,0,25686,0,14433,0,7622,0,4012,0,1998,0,874,365,0,173,0,79,0,23,0,4,0,2,0,0,0,0,0,0,0,0,0,0,0,0,0,0,0,0,0,0,0,0,0,0,0,0,0
0,0,0,0,0,0,0,0,0,0,0,0,0,0,0,0,0,0,0,0,0,0,0,1,0,2,0,11,0,32,0,65,0,168,0,424,930,0,2050,0,4121,0,8155,0,15209,0,26632,0,44678,0,72312,0,111935,0,165701,0,233905,0,316755,0,414101,0,516608,0,619663,0,714373,0,786950,0,834938,0,851808,833003,0,781235,0,704866,0,609850,0,507528,0,403930,0,310265,0,226821,0,160010,0,107216,0,69633,0,42599,0,25535,0,14379,0,7597,0,3924,0,1945,0,884,396,0,181,0,57,0,19,0,5,0,3,0,0,0,0,0,0,0,0,0,0,0,0,0,0,0,0,0,0,0,0,0,0,0,0,0
0,0,0,0,0,0,0,0,0,0,0,0,0,0,0,0,0,0,0,0,0,0,0,1,0,1,0,14,0,23,0,73,0,155,0,419,949,0,2027,0,4048,0,8052,0,15074,0,26587,0,44382,0,72070,0,112048,0,165236,0,233333,0,316966,0,413682,0,516419,0,619721,0,714800,0,787123,0,835563,0,852759,833649,0,782423,0,703964,0,611999,0,507228,0,403838,0,309166,0,226299,0,159365,0,107668,0,69347,0,42468,0,25165,0,14286,0,7695,0,3931,0,1864,0,867,398,0,173,0,59,0,20,0,7,0,3,0,1,0,0,0,0,0,0,0,0,0,0,0,0,0,0,0,0,0,0,0,0,0,0,0
0,0,0,0,0,0,0,0,0,0,0,0,0,0,0,0,0,0,0,0,0,0,0,0,0,4,0,11,0,20,0,82,0,168,0,387,946,0,2014,0,3971,0,7919,0,15076,0,26534,0,44160,0,72232,0,111613,0,164397,0,232987,0,316680,0,413017,0,516670,0,620671,0,714622,0,788140,0,836678,0,852343,834427,0,783695,0,705459,0,611113,0,506397,0,404324,0,308589,0,226402,0,158628,0,107272,0,69356,0,42351,0,24992,0,14227,0,7613,0,3866,0,1868,0,852,371,0,169,0,63,0,22,0,6,0,4,0,0,0,0,0,0,0,0,0,0,0,0,0,0,0,0,0,0,0,0,0,0,0,0,0
0,0,0,0,0,0,0,0,0,0,0,0,0,0,0,0,0,0,0,0,0,0,0,1,0,3,0,10,0,22,0,73,0,171,0,390,910,0,2026,0,3903,0,8047,0,14664,0,26379,0,44330,0,71823,0,111433,0,163657,0,232722,0,317019,0,412098,0,517230,0,620818,0,715516,0,788237,0,837245,0,853616,834481,0,783858,0,706388,0,610823,0,507159,0,403775,0,308727,0,225759,0,157953,0,107352,0,68682,0,42319,0,25016,0,13999,0,7573,0,3868,0,1846,0,844,374,0,183,0,55,0,21,0,7,0,3,0,0,0,0,0,0,0,0,0,0,0,0,0,0,0,0,0,0,0,0,0,0,0,0,0
0,0,0,0,0,0,0,0,0,0,0,0,0,0,0,0,0,0,0,0,0,0,0,2,0,2,0,11,0,23,0,62,0,182,0,384,945,0,1942,0,3867,0,8005,0,14581,0,26197,0,44343,0,71647,0,110595,0,164077,0,232789,0,315664,0,412550,0,516798,0,622032,0,714739,0,788365,0,838788,0,853049,835996,0,784192,0,706546,0,610756,0,507154,0,403922,0,308269,0,226113,0,157925,0,106656,0,68752,0,41870,0,24897,0,14105,0,7552,0,3749,0,1857,0,843,367,0,154,0,52,0,27,0,13,0,2,0,0,0,0,0,0,0,0,0,0,0,0,0,0,0,0,0,0,0,0,0,0,0,0,0
0,0,0,0,0,0,0,0,0,0,0,0,0,0,0,0,0,0,0,0,0,0,0,1,0,4,0,11,0,23,0,62,0,184,0,385,922,0,1876,0,3951,0,7863,0,14520,0,25832,0,44490,0,71733,0,110114,0,163303,0,231704,0,316310,0,412156,0,517804,0,621852,0,714697,0,789658,0,839549,0,853513,835827,0,785684,0,706204,0,610942,0,507502,0,403311,0,307927,0,225231,0,158021,0,106696,0,68262,0,41941,0,24882,0,13920,0,7551,0,3701,0,1812,0,888,350,0,140,0,63,0,21,0,11,0,4,0,0,0,0,0,0,0,0,0,0,0,0,0,0,0,0,0,0,0,0,0,0,0,0,0
0,0,0,0,0,0,0,0,0,0,0,0,0,0,0,0,0,0,0,0,0,0,0,1,0,2,0,7,0,29,0,69,0,164,0,392,910,0,1861,0,3976,0,7758,0,14462,0,25794,0,44141,0,71435,0,110162,0,162926,0,231280,0,316033,0,412013,0,518871,0,621362,0,714887,0,789968,0,839346,0,854759,837824,0,784397,0,706608,0,612246,0,506134,0,404074,0,307149,0,225370,0,157917,0,106288,0,68023,0,41784,0,24711,0,13853,0,7418,0,3781,0,1777,0,867,340,0,140,0,63,0,25,0,4,0,6,0,1,0,0,0,0,0,0,0,0,0,0,0,0,0,0,0,0,0,0,0,0,0,0,0
0,0,0,0,0,0,0,0,0,0,0,0,0,0,0,0,0,0,0,0,0,0,0,0,0,3,0,4,0,22,0,86,0,164,0,389,879,0,1881,0,4014,0,7583,0,14592,0,25747,0,43759,0,71172,0,110109,0,162849,0,231263,0,315033,0,412962,0,517565,0,622273,0,715413,0,789841,0,838997,0,856398,837745,0,784706,0,707712,0,611783,0,506539,0,403637,0,308125,0,224164,0,157873,0,105932,0,67992,0,41654,0,24494,0,13651,0,7463,0,3754,0,1760,0,841,339,0,151,0,66,0,16,0,8,0,5,0,0,0,0,0,0,0,0,0,0,0,0,0,0,0,0,0,0,0,0,0,0,0,0,0
0,0,0,0,0,0,0,0,0,0,0,0,0,0,0,0,0,0,0,0,0,0,0,0,0,3,0,5,0,20,0,75,0,158,0,417,862,0,1848,0,3947,0,7594,0,14395,0,25618,0,43805,0,70855,0,109561,0,162483,0,231553,0,314642,0,413130,0,518300,0,621775,0,715138,0,790603,0,839778,0,856203,838758,0,784877,0,708659,0,611720,0,507217,0,403303,0,307651,0,223614,0,157695,0,105669,0,67722,0,41466,0,24334,0,13740,0,7304,0,3782,0,1723,0,823,344,0,141,0,67,0,21,0,8,0,2,0,0,0,0,0,0,0,0,0,0,0,0,0,0,0,0,0,0,0,0,0,0,0,0,0
0,0,0,0,0,0,0,0,0,0,0,0,0,0,0,0,0,0,0,0,0,0,0,1,0,4,0,3,0,22,0,69,0,158,0,425,871,0,1851,0,3866,0,7705,0,14343,0,25349,0,43557,0,70675,0,108930,0,162634,0,230980,0,314944,0,413313,0,517829,0,620889,0,714941,0,792138,0,840709,0,857626,838033,0,785934,0,709085,0,611907,0,507190,0,402757,0,307496,0,223920,0,157013,0,105290,0,67478,0,41453,0,24442,0,13428,0,7300,0,3671,0,1765,0,844,349,0,124,0,62,0,23,0,11,0,1,0,0,0,0,0,0,0,0,0,0,0,0,0,0,0,0,0,0,0,0,0,0,0,0,0
0,0,0,0,0,0,0,0,0,0,0,0,0,0,0,0,0,0,0,0,0,0,0,2,0,0,0,7,0,20,0,63,0,162,0,432,840,0,1868,0,3919,0,7478,0,14337,0,25271,0,43065,0,70721,0,108362,0,162487,0,231239,0,314934,0,412412,0,517566,0,622450,0,714976,0,791782,0,841607,0,858302,838397,0,787423,0,708041,0,612727,0,506395,0,402966,0,307390,0,223177,0,157515,0,104781,0,67287,0,41330,0,24254,0,13398,0,7175,0,3698,0,1790,0,780,356,0,137,0,57,0,22,0,9,0,1,0,0,0,0,0,0,0,0,0,0,0,0,0,0,0,0,0,0,0,0,0,0,0,0,0
0,0,0,0,0,0,0,0,0,0,0,0,0,0,0,0,0,0,0,0,0,1,0,1,0,0,0,6,0,17,0,75,0,160,0,375,878,0,1872,0,3827,0,7576,0,13976,0,25339,0,42916,0,69799,0,109136,0,161917,0,230984,0,315204,0,411917,0,516660,0,622130,0,716801,0,792653,0,841592,0,859261,838948,0,786961,0,708601,0,612736,0,505857,0,402884,0,307687,0,224225,0,155772,0,104951,0,67057,0,41121,0,24144,0,13504,0,7135,0,3606,0,1760,0,809,335,0,147,0,57,0,27,0,8,0,3,0,0,0,0,0,0,0,0,0,0,0,0,0,0,0,0,0,0,0,0,0,0,0,0,0
0,0,0,0,0,0,0,0,0,0,0,0,0,0,0,0,0,0,0,1,0,0,0,0,0,1,0,6,0,21,0,64,0,160,0,361,882,0,1842,0,3843,0,7476,0,14072,0,25110,0,42759,0,70138,0,108687,0,161702,0,230444,0,314978,0,412492,0,516205,0,621470,0,717748,0,793995,0,841970,0,858303,840032,0,788163,0,709404,0,610867,0,507339,0,401577,0,307851,0,223746,0,155741,0,104820,0,66979,0,40841,0,23945,0,13448,0,7226,0,3564,0,1756,0,791,359,0,134,0,61,0,25,0,7,0,1,0,1,0,0,0,0,0,0,0,0,0,0,0,0,0,0,0,0,0,0,0,0,0,0,0
0,0,0,0,0,0,0,0,0,0,0,0,0,0,0,0,0,0,0,0,0,1,0,0,0,1,0,8,0,14,0,72,0,137,0,384,854,0,1857,0,3795,0,7492,0,13967,0,24947,0,42767,0,69761,0,108504,0,161572,0,230140,0,314889,0,411696,0,517249,0,621819,0,717462,0,794378,0,843151,0,858579,840280,0,789539,0,707794,0,611378,0,506383,0,403792,0,306276,0,223640,0,155924,0,104030,0,67082,0,40614,0,23900,0,13459,0,7148,0,3632,0,1681,0,770,348,0,152,0,58,0,20,0,10,0,1,0,1,0,0,0,0,0,0,0,0,0,0,0,0,0,0,0,0,0,0,0,0,0,0,0
0,0,0,0,0,0,0,0,0,0,0,0,0,0,0,0,0,0,0,0,0,0,0,1,0,1,0,4,0,19,0,80,0,129,0,377,887,0,1787,0,3786,0,7452,0,13899,0,24837,0,42965,0,69239,0,108246,0,161484,0,230649,0,314836,0,411096,0,516459,0,622077,0,717719,0,795324,0,843650,0,859715,839338,0,789663,0,708263,0,612102,0,507228,0,402108,0,306648,0,223325,0,156002,0,103892,0,66645,0,40685,0,23749,0,13325,0,7191,0,3432,0,1718,0,782,349,0,159,0,60,0,15,0,8,0,2,0,1,0,0,0,0,0,0,0,0,0,0,0,0,0,0,0,0,0,0,0,0,0,0,0
0,0,0,0,0,0,0,0,0,0,0,0,0,0,0,0,0,0,0,0,0,0,0,0,0,2,0,6,0,20,0,69,0,144,0,359,851,0,1828,0,3738,0,7377,0,13968,0,24874,0,42514,0,68879,0,108471,0,160950,0,230254,0,314339,0,411932,0,516235,0,622243,0,717843,0,795323,0,844995,0,858773,841549,0,789561,0,708308,0,612954,0,506597,0,401766,0,306382,0,223197,0,155722,0,103311,0,66697,0,40594,0,23816,0,13437,0,7032,0,3426,0,1708,0,764,357,0,159,0,64,0,10,0,7,0,2,0,1,0,0,0,0,0,0,0,0,0,0,0,0,0,0,0,0,0,0,0,0,0,0,0
0,0,0,0,0,0,0,0,0,0,0,0,0,0,0,0,0,0,0,0,0,0,0,0,0,2,0,7,0,19,0,57,0,160,0,339,831,0,1880,0,3683,0,7368,0,13887,0,24628,0,42627,0,68762,0,107994,0,161055,0,229635,0,314731,0,412175,0,515758,0,622033,0,718913,0,795242,0,845663,0,858390,841928,0,788621,0,710584,0,612578,0,506509,0,402379,0,306098,0,222791,0,154980,0,103531,0,66586,0,40451,0,23701,0,13386,0,6981,0,3421,0,1677,0,770,352,0,160,0,56,0,22,0,4,0,2,0,1,0,0,0,0,0,0,0,0,0,0,0,0,0,0,0,0,0,0,0,0,0,0,0
0,0,0,0,0,0,0,0,0,0,0,0,0,0,0,0,0,0,0,0,0,0,0,0,0,2,0,5,0,21,0,51,0,147,0,374,839,0,1791,0,3717,0,7355,0,13915,0,24521,0,42285,0,69131,0,107436,0,160861,0,229860,0,314429,0,411551,0,516895,0,621471,0,718735,0,796349,0,845088,0,860105,841290,0,788977,0,710676,0,612819,0,506781,0,402199,0,305643,0,222598,0,155226,0,103439,0,66208,0,40243,0,23714,0,13281,0,6938,0,3417,0,1644,0,796,339,0,156,0,60,0,25,0,1,0,3,0,0,0,1,0,0,0,0,0,0,0,0,0,0,0,0,0,0,0,0,0,0,0,0,0
0,0,0,0,0,0,0,0,0,0,0,0,0,0,0,0,0,0,0,0,0,0,0,0,0,1,0,7,0,18,0,49,0,157,0,391,805,0,1756,0,3773,0,7360,0,13703,0,24573,0,42136,0,69128,0,107488,0,159932,0,230382,0,313230,0,412069,0,517076,0,621298,0,719812,0,795185,0,845329,0,860978,841704,0,790471,0,709207,0,613605,0,507617,0,401218,0,305554,0,222658,0,155084,0,103372,0,65818,0,40589,0,23329,0,13134,0,6929,0,3514,0,1619,0,760,363,0,142,0,51,0,23,0,8,0,1,0,1,0,1,0,0,0,0,0,0,0,0,0,0,0,0,0,0,0,0,0,0,0,0,0
0,0,0,0,0,0,0,0,0,0,0,0,0,0,0,0,0,0,0,0,0,0,0,0,0,1,0,7,0,24,0,38,0,135,0,386,800,0,1730,0,3653,0,7190,0,13407,0,24225,0,41582,0,67673,0,106002,0,158246,0,227431,0,310173,0,408147,0,512229,0,617133,0,714771,0,791685,0,841702,0,858179,841080,0,789263,0,710400,0,613439,0,509213,0,402402,0,307078,0,223758,1,156025,0,103904,3,66079,24,41198,68,23764,197,13515,563,7735,1160,5200,1955,4059,2735,3689,6271,2599,2487,1962,1607,1159,885,546,350,211,132,67,42,20,9,3,0,2,0,0,0,0,0,0,0,0,0,0,0,0,0,0,0,0,0,0
0,0,0,0,0,0,0,0,0,0,0,0,0,0,0,0,0,0,0,0,0,0,0,0,0,1,0,5,0,21,0,47,0,123,0,357,777,0,1707,0,3629,0,6977,0,13235,0,23768,0,40787,0,66682,0,104600,0,156903,0,224532,0,308181,0,404663,0,510379,0,613827,0,713956,0,791201,0,839651,0,858443,842440,0,790604,0,713822,0,616575,0,512053,0,405030,0,308819,0,225392,1,157369,2,104743,3,67340,20,41183,52,23902,208,13783,534,7843,1233,5142,2001,4015,2759,3685,6245,2611,2494,1945,1625,1188,865,568,363,225,123,76,46,15,7,5,1,1,0,0,0,0,0,0,0,0,0,0,0,0,0,0,0,0,0,0
0,0,0,0,0,0,0,0,0,0,0,0,0,0,0,0,0,0,0,0,0,0,0,0,0,1,0,7,0,16,0,50,0,123,0,357,731,0,1675,0,3500,0,6947,0,12885,0,23516,0,40094,0,65616,0,103421,0,155113,0,222091,0,305939,0,402005,0,507049,0,613171,0,708586,0,790627,0,840208,0,859062,842966,0,793537,0,714984,0,620862,0,514046,0,408338,0,310380,0,227188,0,159103,0,105696,3,67955,21,41293,51,24352,208,13859,500,7976,1233,5132,2000,4008,2703,3752,6299,2604,2457,1999,1605,1212,878,566,353,214,131,82,41,19,6,4,2,0,0,0,0,0,0,0,0,0,0,0,0,0,0,0,0,0,0,0
0,0,0,0,0,0,0,0,0,0,0,0,0,0,0,0,0,0,0,0,0,0,0,0,0,2,0,4,0,18,0,54,0,134,0,318,712,0,1634,0,3410,0,6820,0,12734,0,22884,0,39607,0,64979,0,102012,0,153287,0,219982,0,303038,0,399636,0,504020,0,609351,0,707383,0,788121,0,839356,0,860462,845182,0,794877,0,718885,0,622572,0,516745,0,411295,0,312127,0,229060,0,160981,1,106764,4,68042,16,42071,53,24512,225,14172,519,7876,1210,5261,1961,4041,2687,3690,6351,2633,2461,2011,1643,1191,859,585,381,221,139,77,35,22,6,1,5,0,0,0,0,0,0,0,0,0,0,0,0,0,0,0,0,0,0,0
0,0,0,0,0,0,0,0,0,0,0,0,0,0,0,0,0,0,0,0,0,0,0,0,0,1,0,3,0,17,0,52,0,146,0,302,677,0,1606,0,3306,0,6592,0,12527,0,22659,0,39034,0,64077,0,100595,0,151611,0,217988,0,300885,0,396301,0,501691,0,606049,0,705243,0,785588,0,839722,0,859872,845530,0,798213,0,721187,0,625429,0,520095,0,412523,0,315779,0,231114,0,162177,2,107505,5,69267,16,42828,48,24568,214,14245,541,8058,1199,5180,1931,4122,2670,3652,6378,2674,2515,2001,1631,1194,887,562,416,225,145,66,43,12,11,3,3,0,0,0,0,0,0,0,0,0,0,0,0,0,0,0,0,0,0,0
0,0,0,0,0,0,0,0,0,0,0,0,0,0,0,0,0,0,0,0,0,0,0,0,0,1,0,3,0,16,0,45,0,133,0,314,685,0,1547,0,3235,0,6443,0,12428,0,22235,0,38361,0,63219,0,99779,0,149658,0,215636,0,298353,0,394467,0,497199,0,604277,0,702301,0,784410,0,839180,0,859668,847417,0,799179,0,723618,0,628988,0,521947,0,416001,0,318066,0,233078,0,163534,0,108871,3,69851,18,43282,49,25063,205,14396,524,8029,1170,5328,1937,4051,2639,3783,6375,2670,2485,1983,1696,1167,882,606,391,242,149,76,35,17,8,2,3,1,0,0,0,0,0,0,0,0,0,0,0,0,0,0,0,0,0,0
0,0,0,0,0,0,0,0,0,0,0,0,0,0,0,0,0,0,0,0,0,0,0,0,0,1,0,4,0,12,0,45,0,121,0,324,643,0,1526,0,3209,0,6384,0,12309,0,21847,0,37713,0,62543,0,98122,0,148403,0,213516,0,295678,0,390937,0,495259,0,601000,0,699350,0,781885,0,839342,0,860239,848201,0,801656,0,725900,0,630895,0,525206,0,419874,0,320149,0,234760,0,164913,0,109860,4,71012,16,43735,60,25513,211,14499,516,8173,1140,5415,1889,4144,2596,3739,6357,2721,2525,2027,1660,1197,907,605,377,249,141,94,29,16,9,2,2,2,0,0,0,0,0,0,0,0,0,0,0,0,0,0,0,0,0,0
0,0,0,0,0,0,0,0,0,0,0,0,0,0,0,0,0,0,0,0,0,0,0,0,0,0,0,6,0,11,0,50,0,126,0,277,688,0,1499,0,3176,0,6192,0,12035,0,21740,0,36921,0,61698,0,97018,0,146622,0,211506,0,293100,0,388443,0,491430,0,598934,0,696454,0,779633,0,837186,0,861339,849405,0,803858,0,728200,0,633606,0,529104,0,422340,0,322701,0,237101,0,166357,0,111035,4,71630,13,44591,57,25681,190,14638,482,8433,1131,5295,1900,4190,2683,3716,6254,2829,2532,2050,1667,1184,934,614,376,240,153,89,33,15,6,4,2,1,0,0,0,0,0,0,0,0,0,0,0,0,0,0,0,0,0,0
0,0,0,0,0,0,0,0,0,0,0,0,0,0,0,0,0,0,0,0,0,0,0,0,0,0,0,6,0,11,0,54,0,108,0,277,670,0,1449,0,3037,0,6303,0,11827,0,21075,0,36664,0,60633,0,96085,0,145237,0,209167,0,290894,0,384640,0,489456,0,594016,0,695356,0,778400,0,834964,0,861568,851486,0,804214,0,732254,0,635551,0,531978,0,424528,0,326523,0,238882,0,168100,0,112371,2,72490,14,44689,51,26327,188,14822,480,8519,1152,5409,1871,4197,2666,3683,6288,2754,2594,1997,1711,1231,927,619,403,225,158,96,36,7,11,1,5,1,0,0,0,0,0,0,0,0,0,0,0,0,0,0,0,0,0,0
0,0,0,0,0,0,0,0,0,0,0,0,0,0,0,0,0,0,0,0,0,0,0,0,0,1,0,4,0,15,0,50,0,108,0,276,644,0,1469,0,2977,0,6085,0,11485,0,20764,0,36069,0,59902,0,94539,0,143163,0,208047,0,288393,0,382079,0,486218,0,592560,0,690711,0,776064,0,834435,0,861986,851308,0,806936,0,734243,0,638827,0,534084,0,428620,0,328333,0,241472,0,169741,0,113778,2,73415,18,45367,50,26423,193,15271,474,8690,1154,5365,1883,4195,2654,3793,6219,2755,2583,2040,1693,1264,907,663,397,246,150,82,44,20,2,6,4,0,0,0,0,0,0,0,0,0,0,0,0,0,0,0,0,0,0,0
0,0,0,0,0,0,0,0,0,0,0,0,0,0,0,0,0,0,0,0,0,0,0,0,0,1,0,2,0,15,0,54,0,105,0,256,603,0,1481,0,2971,0,5944,0,11252,0,20370,0,35853,0,59033,0,93458,0,141782,0,205445,0,285339,0,380333,0,482173,0,590057,0,688654,0,774164,0,832001,0,861556,852368,0,809991,0,736059,0,641888,0,536960,0,431355,0,330714,0,243867,0,171588,0,115325,3,74369,12,45948,44,26803,183,15529,464,8758,1051,5518,1922,4169,2670,3698,6301,2714,2651,2060,1703,1246,957,645,404,257,144,84,49,19,7,6,2,1,0,0,0,0,0,0,0,0,0,0,0,0,0,0,0,0,0,0
0,0,0,0,0,0,0,0,0,0,0,0,0,0,0,0,0,0,0,0,0,0,0,0,0,1,0,1,0,14,0,49,0,104,0,255,596,0,1467,0,2914,0,5852,0,11025,0,20416,0,34839,0,58307,0,92332,0,140341,0,203247,0,282874,0,377750,0,478963,0,585769,0,686651,0,772960,0,830776,0,860448,853260,0,810850,0,738474,0,645035,0,541057,0,433795,0,333589,0,245906,0,173429,0,117421,2,74998,13,46379,54,27286,191,15764,494,8964,1078,5575,1924,4242,2596,3740,6292,2773,2604,2091,1724,1274,926,690,400,240,151,99,41,17,12,5,1,1,0,0,0,0,0,0,0,0,0,0,0,0,0,0,0,0,0,0
0,0,0,0,0,0,0,0,0,0,0,0,0,0,0,0,0,0,0,0,0,0,0,0,0,1,0,0,0,15,0,48,0,100,0,250,632,0,1380,0,2878,0,5644,0,10990,0,20081,0,34390,0,57511,0,91317,0,138614,0,201500,0,281108,0,373083,0,476432,0,583137,0,684288,0,768440,0,831881,0,859683,852333,0,812833,0,740676,0,648440,0,544167,0,436549,0,336656,0,248205,0,175598,2,118940,2,76262,14,47249,51,27534,183,15938,470,9175,1085,5677,1876,4345,2542,3753,6302,2773,2608,2139,1771,1238,949,682,410,250,155,88,48,18,14,2,2,1,0,0,0,0,0,0,0,0,0,0,0,0,0,0,0,0,0,0
0,0,0,0,0,0,0,0,0,0,0,0,0,0,0,0,0,0,0,0,0,0,0,0,0,1,0,1,0,10,0,47,0,108,0,223,650,0,1345,0,2847,0,5557,0,10795,0,19930,0,33901,0,56690,0,90089,0,137212,0,199534,0,278599,0,370398,0,472929,0,579799,0,680115,0,768469,0,828349,0,858979,854096,0,814926,0,742760,0,651669,0,546683,0,441003,0,338299,0,251131,0,177637,1,120053,1,77610,14,47777,44,28133,175,16056,484,9311,1050,5805,1866,4272,2599,3769,6317,2778,2670,2204,1715,1276,933,713,409,264,148,88,55,17,13,6,0,1,0,0,0,0,0,0,0,0,0,0,0,0,0,0,0,0,0,0
0,0,0,0,0,0,0,0,0,0,0,0,0,0,0,0,0,0,0,0,0,0,0,0,0,1,0,3,0,7,0,45,0,105,0,241,574,0,1315,0,2860,0,5548,0,10631,0,19441,0,33799,0,55736,0,89618,0,134660,0,198283,0,275726,0,367154,0,470511,0,575719,0,678344,0,764194,0,828549,0,857573,855473,0,814769,0,746106,0,655199,0,549593,0,443084,0,342234,0,252960,0,180025,2,121995,1,78454,19,48694,36,28529,194,16395,463,9328,1057,5898,1835,4291,2646,3753,6325,2824,2695,2168,1777,1257,967,672,442,274,170,74,55,17,11,9,0,1,0,0,0,0,0,0,0,0,0,0,0,0,0,0,0,0,0,0
0,0,0,0,0,0,0,0,0,0,0,0,0,0,0,0,0,0,0,0,0,0,0,0,0,0,0,4,0,13,0,37,0,104,0,246,568,0,1307,0,2773,0,5505,0,10398,0,19224,0,33199,0,55387,0,88293,0,133938,0,195374,0,273034,0,363856,0,467535,0,573180,0,675275,0,760865,0,827284,0,857644,854194,0,816546,0,749356,0,656770,0,553916,0,446995,0,344900,0,256210,0,181144,1,123902,2,79589,16,49452,42,29048,167,16705,480,9542,1056,5906,1830,4375,2582,3803,6362,2694,2773,2200,1832,1247,992,648,470,282,166,79,51,21,9,6,3,1,0,0,0,0,0,0,0,0,0,0,0,0,0,0,0,0,0,0
0,0,0,0,0,0,0,0,0,0,0,0,0,0,0,0,0,0,0,0,0,0,0,0,0,0,0,3,0,17,0,36,0,101,0,219,575,0,1293,0,2710,0,5456,0,10301,0,18902,0,32849,0,54817,0,86824,0,132545,0,193102,0,270174,0,361717,0,463708,0,570539,0,671408,0,760037,0,824284,0,856704,854176,0,819039,0,750482,0,661027,0,557193,0,449635,0,348648,0,258272,0,184013,2,124574,4,81065,20,50328,48,29647,162,16947,428,9822,1018,5945,1812,4426,2569,3812,6316,2855,2697,2193,1838,1355,943,694,468,281,167,77,47,21,11,6,3,0,1,0,0,0,0,0,0,0,0,0,0,0,0,0,0,0,0,0
0,0,0,0,0,0,0,0,0,0,0,0,0,0,0,0,0,0,0,0,0,0,0,0,0,0,0,4,0,18,0,35,0,79,0,231,541,0,1301,0,2668,0,5282,0,10145,0,18725,0,32285,0,54353,0,85902,0,130838,0,190810,0,268161,0,358778,0,460910,0,565684,0,668005,0,758033,0,821967,0,856784,855132,0,819760,0,752137,0,664080,0,560392,0,453522,0,351430,0,261523,0,186056,1,126418,3,82346,14,51109,44,30134,155,17479,450,9831,986,6122,1799,4441,2510,3887,6395,2799,2768,2201,1846,1308,987,692,469,297,176,82,44,28,7,6,1,1,1,0,0,0,0,0,0,0,0,0,0,0,0,0,0,0,0,0
0,0,0,0,0,0,0,0,0,0,0,0,0,0,0,0,0,0,0,0,0,0,0,0,0,0,0,2,0,20,0,30,0,86,0,231,533,0,1259,0,2626,0,5278,0,9859,0,18467,0,32108,0,53537,0,85202,0,128843,0,188951,0,265471,0,355826,0,457754,0,562656,0,665350,0,754362,0,820675,0,854147,856412,0,820471,0,754904,0,667180,0,564082,0,457027,0,354403,0,263660,0,188827,2,128316,0,83510,13,51860,52,30983,158,17601,437,10206,966,6094,1797,4544,2489,3887,6392,2874,2761,2182,1876,1309,1025,706,476,309,171,80,54,20,11,2,3,1,2,0,0,0,0,0,0,0,0,0,0,0,0,0,0,0,0,0
0,0,0,0,0,0,0,0,0,0,0,0,0,0,0,0,0,0,0,0,0,0,0,0,0,1,0,1,0,18,0,32,0,81,0,234,521,0,1241,0,2613,0,5028,0,9917,0,18195,0,31823,0,52762,0,83895,0,127907,0,187658,0,262136,0,352650,0,454509,0,559173,0,662975,0,751460,0,816896,0,854537,854695,0,823997,0,756985,0,668934,0,567868,0,460220,0,357880,0,267144,0,190136,2,130494,1,85187,12,52770,44,31430,153,18074,416,10383,917,6273,1778,4555,2497,3952,6327,2905,2746,2268,1853,1345,1048,727,480,302,168,85,55,16,13,4,4,0,0,2,0,0,0,0,0,0,0,0,0,0,0,0,0,0,0,0
0,0,0,0,0,0,0,0,0,0,0,0,0,0,0,0,0,0,0,0,0,0,0,0,0,1,0,3,0,19,0,33,0,77,0,203,532,0,1196,0,2492,0,5110,0,9653,0,18110,0,31278,0,51911,0,83294,0,126765,0,185426,0,260224,0,348758,0,451308,0,556160,0,659887,0,747156,0,815903,0,852514,855801,0,824482,0,759185,0,672336,0,570148,0,464405,0,362061,0,269453,0,192768,0,131862,1,86334,14,54198,53,32028,150,18547,418,10525,948,6363,1773,4539,2518,3978,6300,2951,2840,2194,1880,1366,1064,740,481,345,162,94,49,17,14,5,3,0,0,0,2,0,0,0,0,0,0,0,0,0,0,0,0,0,0,0
0,0,0,0,0,0,0,0,0,0,0,0,0,0,0,0,0,0,0,0,0,0,0,0,0,2,0,2,0,12,0,34,0,98,0,208,504,0,1175,0,2430,0,4980,0,9674,0,17724,0,30900,0,51360,0,82159,0,125705,0,183693,0,257463,0,346687,0,446704,0,552914,0,655736,0,745595,0,812710,0,851192,856473,0,823957,0,762801,0,674478,0,574164,0,467781,0,365774,0,272196,0,195250,0,133747,2,88043,9,55049,45,32863,143,18947,402,10720,952,6398,1700,4693,2526,3964,6405,2874,2852,2227,1849,1418,1070,788,500,307,199,83,52,24,12,6,2,0,0,2,0,0,0,0,0,0,0,0,0,0,0,0,0,0,0,0
0,0,0,0,0,0,0,0,0,0,0,0,0,0,0,0,0,0,0,0,0,0,0,0,0,0,0,4,0,13,0,33,0,81,0,220,499,0,1150,0,2412,0,4938,0,9583,0,17362,0,30553,0,50710,0,81402,0,124495,0,181439,0,254718,0,344099,0,443097,0,548990,0,652401,0,743052,0,810452,0,850168,856187,0,824720,0,764858,0,678067,0,577130,0,470764,0,369248,0,275476,0,198283,0,135658,5,89114,12,56115,52,33750,152,19239,376,11107,933,6498,1714,4690,2542,3973,6423,2870,2881,2295,1846,1482,1089,778,504,335,188,80,48,28,17,6,2,0,0,2,0,0,0,0,0,0,0,0,0,0,0,0,0,0,0,0
0,0,0,0,0,0,0,0,0,0,0,0,0,0,0,0,0,0,0,0,0,0,0,0,0,1,0,3,0,15,0,28,0,87,0,213,495,0,1145,0,2306,0,4916,0,9477,0,16997,0,30229,0,50234,0,80175,0,123070,0,179801,0,252645,0,340724,0,439395,0,546065,0,649138,0,739810,0,807620,0,848915,854693,0,827544,0,766179,0,681973,0,579010,0,475394,0,372079,0,279064,0,200815,0,137364,5,90635,7,57420,36,34450,136,19755,412,11343,891,6770,1718,4693,2474,4077,6426,2820,2866,2308,1965,1437,1135,762,526,342,185,98,44,29,10,11,0,1,2,0,0,0,0,0,0,0,0,0,0,0,0,0,0,0,0,0
0,0,0,0,0,0,0,0,0,0,0,0,0,0,0,0,0,0,0,0,0,0,0,0,0,0,0,4,0,18,0,33,0,84,0,205,494,0,1100,0,2342,0,4795,0,9276,0,16792,0,29701,0,49582,0,79518,0,121610,0,177823,0,250224,0,338320,0,436296,0,541011,0,646138,0,736944,0,805526,0,847134,854800,0,827259,0,768390,0,684373,0,583452,0,478687,0,375256,0,282961,0,203328,0,139420,3,92408,8,58311,38,35326,127,20441,374,11573,896,6836,1688,4828,2430,4064,6479,2830,2931,2292,1947,1491,1121,790,535,355,189,110,39,25,16,6,2,2,1,0,0,0,0,0,0,0,0,0,0,0,0,0,0,0,0,0
0,0,0,0,0,0,0,0,0,0,0,0,0,0,0,0,0,0,0,0,0,0,0,0,0,0,0,7,0,12,0,28,0,93,0,192,491,0,1078,0,2307,0,4754,0,9072,0,16639,0,29257,0,49229,0,78022,0,120394,0,175950,0,248239,0,335232,0,432542,0,538938,0,640878,0,734357,0,803550,0,843895,854938,0,829422,0,768950,0,687679,0,586834,0,482262,0,378875,0,286339,0,205984,1,142214,4,93657,11,59338,36,36051,120,20941,389,11941,847,6987,1640,4978,2408,4081,6477,2864,2924,2311,2058,1450,1113,806,556,357,202,98,48,32,18,5,3,2,1,0,0,0,0,0,0,0,0,0,0,0,0,0,0,0,0,0
0,0,0,0,0,0,0,0,0,0,0,0,0,0,0,0,0,0,0,0,0,0,0,0,0,0,0,5,0,13,0,29,0,93,0,189,470,0,1049,0,2308,0,4722,0,8778,0,16394,0,28798,0,48634,0,77876,0,118520,0,174346,0,245672,0,331932,0,429846,0,534433,0,638007,0,730053,0,800814,0,844561,853071,0,829076,0,771722,0,689454,0,591032,0,486488,0,382122,0,289344,0,209193,1,144663,2,95372,7,60526,39,36824,131,21575,382,12143,809,7241,1605,4995,2416,4108,6539,2878,2921,2356,2023,1489,1198,803,541,346,206,112,56,27,17,8,3,1,1,0,0,0,0,0,0,0,0,0,0,0,0,0,0,0,0,0
0,0,0,0,0,0,0,0,0,0,0,0,0,0,0,0,0,0,0,0,0,0,0,0,0,0,0,3,0,12,0,43,0,78,0,208,453,0,1028,0,2302,0,4538,0,8652,0,16191,0,28415,0,47959,0,76778,0,117497,0,172731,0,243147,0,329343,0,426675,0,530485,0,634133,0,725626,0,798809,0,843439,852655,0,828343,0,774368,0,692102,0,595117,0,489993,0,386431,0,291817,0,211983,1,147013,3,97235,9,62029,35,37710,129,21887,376,12507,844,7390,1584,5031,2391,4175,6564,2890,2887,2381,2093,1554,1190,780,558,352,226,117,52,28,21,8,2,0,2,0,0,0,0,0,0,0,0,0,0,0,0,0,0,0,0,0
0,0,0,0,0,0,0,0,0,0,0,0,0,0,0,0,0,0,0,0,0,0,0,0,0,0,0,2,0,14,0,34,0,99,0,219,440,0,992,0,2282,0,4374,0,8481,0,16105,0,28139,0,47171,0,75768,0,116483,0,170891,0,240808,0,326038,0,423470,0,526811,0,630221,0,723525,0,794810,0,841905,851345,0,829106,0,776007,0,695081,0,598676,0,492634,0,390650,0,296011,0,215036,1,149143,1,99192,7,63344,38,38684,126,22509,348,12746,822,7643,1552,5153,2368,4258,6523,2893,2990,2324,2126,1600,1168,791,605,368,231,104,58,33,22,4,1,3,1,0,0,0,0,0,0,0,0,0,0,0,0,0,0,0,0,0
0,0,0,0,0,0,0,0,0,0,0,0,0,0,0,0,0,0,0,0,0,0,0,0,0,0,0,4,0,10,0,35,0,84,0,233,453,0,985,0,2185,0,4344,0,8433,0,15847,0,27970,0,46231,0,74694,0,115764,0,169108,0,238777,0,322490,0,420136,0,523199,0,626539,0,719339,0,792151,0,839424,851464,0,828964,0,777515,0,698634,0,600914,0,497972,0,394002,0,299910,0,216997,1,152146,3,101419,8,64631,39,39397,122,23209,324,13088,857,7939,1553,5139,2431,4200,6596,2889,3037,2364,2119,1627,1193,812,615,388,218,114,64,25,25,4,2,1,2,0,0,0,0,0,0,0,0,0,0,0,0,0,0,0,0,0
0,0,0,0,0,0,0,0,0,0,0,0,0,0,0,0,0,0,0,0,0,0,0,0,0,0,0,2,0,15,0,25,0,95,0,209,449,0,966,0,2156,0,4202,0,8491,0,15577,0,27515,0,46029,0,73535,0,114223,0,167184,0,236317,0,320181,0,416816,0,519598,0,621729,0,715230,0,789947,0,836819,852325,0,830141,0,778242,0,700538,0,604904,0,501178,0,397838,0,303499,0,220599,0,154211,1,103740,4,65803,30,40684,101,23638,301,13629,821,8086,1594,5233,2363,4280,6599,2960,3059,2395,2106,1591,1280,854,610,391,227,127,54,32,10,15,3,2,0,0,0,0,0,0,0,0,0,0,0,0,0,0,0,0,0,0
0,0,0,0,0,0,0,0,0,0,0,0,0,0,0,0,0,0,0,0,0,0,0,0,0,1,0,3,0,9,0,29,0,98,0,184,450,0,964,0,2080,0,4293,0,8242,0,15448,0,27091,0,45399,0,72941,0,112395,0,165482,0,233959,0,317277,0,413685,0,516159,0,617704,0,711919,0,786010,0,835160,850774,0,830698,0,780217,0,702472,0,609405,0,504712,0,401419,0,306814,0,224116,0,157445,3,105361,5,67358,27,41478,114,24529,326,13932,801,8344,1493,5486,2294,4255,6675,3026,3066,2352,2148,1618,1248,921,625,358,266,126,54,34,11,14,4,2,0,0,0,0,0,0,0,0,0,0,0,0,0,0,0,0,0,0
0,0,0,0,0,0,0,0,0,0,0,0,0,0,0,0,0,0,0,0,0,0,0,0,0,0,0,3,0,10,0,24,0,94,0,181,432,0,985,0,2116,0,4217,0,8159,0,15072,0,26756,0,44700,0,72294,0,111263,0,164204,0,230960,0,314224,0,410285,0,512642,0,614555,0,708050,0,782317,0,831652,850719,0,831770,0,780692,0,706446,0,611666,0,508679,0,405855,0,309952,0,227693,0,159776,2,107418,4,69181,29,42509,126,25203,297,14362,804,8616,1492,5602,2249,4298,6699,2947,3151,2392,2188,1620,1348,880,656,369,249,151,61,27,16,13,5,0,1,0,0,0,0,0,0,0,0,0,0,0,0,0,0,0,0,0
0,0,0,0,0,0,0,0,0,0,0,0,0,0,0,0,0,0,0,0,0,0,0,0,0,0,0,4,0,11,0,25,0,83,0,184,418,0,967,0,2074,0,4089,0,8196,0,14852,0,26262,0,44501,0,71461,0,109949,0,162166,0,229303,0,311300,0,405771,0,509026,0,611422,0,703681,0,779359,0,830611,847499,0,831206,0,783779,0,709376,0,614074,0,512905,0,409236,0,314551,0,231301,0,162247,1,109387,6,70829,25,43613,123,26049,304,14655,794,8847,1504,5796,2253,4370,6671,3038,3125,2392,2259,1648,1296,973,620,406,255,145,61,36,21,10,6,0,0,1,0,0,0,0,0,0,0,0,0,0,0,0,0,0,0,0
0,0,0,0,0,0,0,0,0,0,0,0,0,0,0,0,0,0,0,0,0,0,0,0,0,0,0,5,0,8,0,36,0,64,0,189,398,0,961,0,2029,0,4107,0,8061,0,14628,0,26087,0,43780,0,70657,0,108707,0,160098,0,227222,0,308439,0,402729,0,505667,0,606862,0,699358,0,776472,0,827896,845778,0,832209,0,784916,0,711272,0,617948,0,516551,0,413825,0,318057,0,234923,0,165152,1,111695,5,72025,27,45059,111,26911,310,15080,765,9045,1458,5960,2140,4637,6596,3016,3216,2401,2234,1684,1340,978,654,421,248,146,80,37,20,10,6,0,1,0,0,0,0,0,0,0,0,0,0,0,0,0,0,0,0,0
0,0,0,0,0,0,0,0,0,0,0,0,0,0,0,0,0,0,0,0,0,0,0,0,0,0,0,2,0,11,0,26,0,79,0,169,418,0,914,0,2000,0,4028,0,7951,0,14475,0,25814,0,43125,0,69796,0,107198,0,159152,0,224599,0,305656,0,399475,0,500897,0,603152,0,695802,0,772380,0,825546,844891,0,832904,0,784825,0,713100,0,622540,0,519778,0,417544,0,322970,0,238339,0,168216,0,113957,6,74169,30,46199,114,27461,318,15643,744,9334,1467,6101,2182,4555,6687,3040,3183,2475,2232,1705,1365,961,714,420,257,153,94,35,17,12,4,1,1,0,0,0,0,0,0,0,0,0,0,0,0,0,0,0,0,0
0,0,0,0,0,0,0,0,0,0,0,0,0,0,0,0,0,0,0,0,0,0,0,0,0,0,0,1,0,12,0,23,0,74,0,175,413,0,926,0,1949,0,3982,0,7756,0,14399,0,25439,0,42673,0,69247,0,105900,0,156540,0,222641,0,303233,0,395513,0,497170,0,598836,0,691778,0,769453,0,823919,843004,0,831237,0,786720,0,716846,0,623999,0,524481,0,422016,0,326627,0,241811,0,171354,2,116375,5,76042,23,47495,105,28236,294,16215,734,9624,1435,6204,2174,4652,6850,2991,3202,2496,2321,1664,1393,982,708,435,279,154,96,43,16,7,6,2,1,0,0,0,0,0,0,0,0,0,0,0,0,0,0,0,0,0
0,0,0,0,0,0,0,0,0,0,0,0,0,0,0,0,0,0,0,0,0,0,0,0,0,0,0,4,0,6,0,29,0,71,0,181,415,0,920,0,1918,0,3976,0,7627,0,14230,0,25092,0,42084,0,68224,0,105112,0,154699,0,219952,0,300408,0,391799,0,493714,0,593568,0,689112,0,765993,0,820592,841724,0,832003,0,788055,0,717615,0,628312,0,528619,0,426482,0,329499,0,245655,0,174336,1,119021,5,77843,20,49102,105,28973,275,16847,684,9973,1402,6372,2234,4666,6881,2948,3294,2524,2339,1659,1416,1031,702,429,287,173,99,45,13,9,5,5,0,0,0,0,0,0,0,0,0,0,0,0,0,0,0,0,0,0
0,0,0,0,0,0,0,0,0,0,0,0,0,0,0,0,0,0,0,0,0,0,0,0,0,0,0,3,0,11,0,25,0,66,0,178,394,0,949,0,1923,0,3800,0,7513,0,13976,0,24881,0,41781,0,67070,0,103661,0,153697,0,218306,0,296526,0,388968,0,489414,0,590690,0,683296,0,763635,0,818307,839423,0,830463,0,789474,0,720517,0,632205,0,531175,0,430478,0,334436,0,249294,0,177379,1,121629,5,79883,21,50315,94,29908,267,17414,695,10175,1358,6564,2187,4835,6956,3012,3220,2581,2374,1684,1445,1044,720,464,287,165,103,57,14,7,4,5,1,0,0,0,0,0,0,0,0,0,0,0,0,0,0,0,0,0
0,0,0,0,0,0,0,0,0,0,0,0,0,0,0,0,0,0,0,0,0,0,0,0,0,0,0,6,0,9,0,31,0,71,0,152,406,0,885,0,1937,0,3761,0,7463,0,13845,0,24474,0,41244,0,66234,0,102936,0,152094,0,215392,0,293763,0,385804,0,485389,0,585954,0,679741,0,759655,0,815373,838582,0,829116,0,790461,0,723853,0,634973,0,535303,0,434581,0,337854,0,253249,0,181001,1,124285,4,81659,24,51574,85,31054,301,18044,661,10550,1340,6737,2141,4988,6970,2998,3363,2435,2445,1724,1516,1016,778,427,327,176,100,48,24,10,5,5,1,0,0,0,0,0,0,0,0,0,0,0,0,0,0,0,0,0
0,0,0,0,0,0,0,0,0,0,0,0,0,0,0,0,0,0,0,0,0,0,0,0,0,0,0,4,0,15,0,28,0,60,0,159,365,0,903,0,1842,0,3824,0,7166,0,13587,0,24250,0,40877,0,65271,0,101431,0,150576,0,213664,0,290910,0,382212,0,481748,0,581177,0,675868,0,755838,0,811348,837118,0,830400,0,789804,0,727230,0,637563,0,539696,0,437948,0,342594,0,256798,0,184906,1,126664,2,83796,23,52942,86,32073,274,18506,614,11130,1303,6961,2119,5119,6996,2980,3335,2591,2411,1802,1481,1073,767,474,321,178,106,54,25,10,8,3,0,0,0,0,0,0,0,0,0,0,0,0,0,0,0,0,0,0
0,0,0,0,0,0,0,0,0,0,0,0,0,0,0,0,0,0,0,0,0,0,0,0,0,0,0,4,0,12,0,28,0,60,0,157,380,0,847,0,1900,0,3662,0,7057,0,13316,0,23999,0,40246,0,64411,0,100204,0,148989,0,211749,0,287718,0,379448,0,476558,0,578153,0,671402,0,751314,0,808658,835089,0,829934,0,791467,0,728665,0,641342,0,542786,0,443056,0,346660,0,260658,0,187853,0,129546,3,86133,24,54276,81,33166,249,19389,627,11433,1261,7203,2131,5138,7109,2966,3415,2564,2519,1770,1557,1072,771,503,317,194,105,61,20,11,8,4,0,0,0,0,0,0,0,0,0,0,0,0,0,0,0,0,0,0
0,0,0,0,0,0,0,0,0,0,0,0,0,0,0,0,0,0,0,0,0,0,0,0,0,1,0,6,0,9,0,30,0,56,0,156,369,0,834,0,1809,0,3681,0,7007,0,13081,0,23502,0,39820,0,63609,0,99165,0,147008,0,209299,0,285834,0,374697,0,473440,0,573135,0,667885,0,748095,0,805055,833163,0,829435,0,792445,0,729563,0,645790,0,547090,0,445499,0,352083,0,264413,0,191001,0,132363,3,88405,19,56163,75,34078,264,20223,626,11820,1221,7353,2106,5371,7166,2935,3468,2646,2522,1830,1538,1071,833,526,304,199,105,59,29,12,7,3,0,0,0,0,0,0,0,0,0,0,0,0,0,0,0,0,0,0
0,0,0,0,0,0,0,0,0,0,0,0,0,0,0,0,0,0,0,0,0,0,0,0,0,0,0,9,0,5,0,38,0,51,0,148,363,0,846,0,1763,0,3520,0,6982,0,12913,0,23257,0,39192,0,62849,0,98061,0,145492,0,206459,0,283100,0,371277,0,469789,0,569660,0,663643,0,743249,0,801198,832179,0,827410,0,794147,0,731419,0,647424,0,551335,0,451131,0,355951,0,268646,0,194657,0,135322,2,90666,17,57965,82,35211,246,20898,636,12123,1208,7729,2041,5569,7059,2956,3608,2688,2544,1860,1591,1130,819,519,348,194,104,60,28,11,8,3,0,0,0,0,0,0,0,0,0,0,0,0,0,0,0,0,0,0
0,0,0,0,0,0,0,0,0,0,0,0,0,0,0,0,0,0,0,0,0,0,0,0,0,1,0,6,0,11,0,28,0,41,0,155,381,0,821,0,1714,0,3542,0,6872,0,12820,0,22654,0,38944,0,62253,0,96469,0,144025,0,205146,0,279746,0,367731,0,464822,0,565963,0,658851,0,739565,0,798955,829138,0,826795,0,794430,0,733188,0,649851,0,555339,0,456133,0,359993,0,272759,0,198829,0,138560,2,92638,24,59792,68,36331,237,21854,602,12636,1208,7917,2070,5571,7235,2899,3646,2723,2606,1865,1661,1145,830,529,357,201,119,61,26,15,7,1,1,0,0,0,0,0,0,0,0,0,0,0,0,0,0,0,0,0
0,0,0,0,0,0,0,0,0,0,0,0,0,0,0,0,0,0,0,0,0,0,0,0,0,1,0,6,0,8,0,26,0,48,0,136,368,0,835,0,1703,0,3526,0,6809,0,12435,0,22474,0,38220,0,61463,0,95566,0,142306,0,202941,0,276806,0,364362,0,460688,0,560689,0,655970,0,735746,0,795356,826679,0,826830,0,793995,0,735198,0,652923,0,558693,0,460644,0,364484,0,277404,0,202162,0,141521,3,94902,25,61628,53,37627,245,22661,575,13257,1164,8299,1964,5702,7290,2987,3711,2621,2678,1935,1661,1153,866,561,378,204,131,50,31,16,6,3,0,0,0,0,0,0,0,0,0,0,0,0,0,0,0,0,0,0
0,0,0,0,0,0,0,0,0,0,0,0,0,0,0,0,0,0,0,0,0,0,0,0,0,1,0,5,0,11,0,21,0,52,0,124,361,0,769,0,1724,0,3460,0,6668,0,12490,0,22166,0,37566,0,60638,0,94784,0,140319,0,200494,0,274292,0,360604,0,457813,0,557027,0,650692,0,731696,0,791588,824677,0,824992,0,794954,0,735548,0,656471,0,562988,0,464944,0,369239,0,281896,0,205155,0,144563,3,97930,20,63269,50,39092,247,23219,595,14008,1116,8568,1983,5929,7211,3068,3771,2662,2635,2034,1728,1181,883,588,388,193,133,50,38,16,4,4,0,0,0,0,0,0,0,0,0,0,0,0,0,0,0,0,0,0
0,0,0,0,0,0,0,0,0,0,0,0,0,0,0,0,0,0,0,0,0,0,0,0,0,1,0,4,0,11,0,26,0,50,0,120,338,0,791,0,1663,0,3424,0,6636,0,12304,0,22011,0,36837,0,60025,0,93079,0,139540,0,198132,0,271285,0,357629,0,453960,0,551802,0,646098,0,728461,0,787446,822148,0,824289,0,794616,0,737369,0,660196,0,566162,0,469937,0,373405,0,285852,0,209642,0,147491,5,100361,15,65363,52,40224,209,24271,568,14525,1086,8938,1924,6161,7271,3048,3812,2693,2776,1997,1763,1180,949,586,366,242,126,54,37,18,7,1,0,0,0,0,0,0,0,0,0,0,0,0,0,0,0,0,0,0
0,0,0,0,0,0,0,0,0,0,0,0,0,0,0,0,0,0,0,0,0,0,0,0,0,1,0,2,0,10,0,29,0,46,0,122,336,0,779,0,1632,0,3392,0,6537,0,12180,0,21634,0,36384,0,59192,0,92281,0,137493,0,195960,0,268948,0,353925,0,449039,0,547039,0,642808,0,724790,0,783428,820414,0,822620,0,794834,0,739894,0,661612,0,570773,0,473224,0,377938,0,290253,0,213654,0,151241,5,103087,16,66836,51,41993,203,25229,540,15111,1067,9213,1931,6358,7379,2939,3950,2743,2836,2011,1796,1230,961,601,388,223,133,76,32,20,5,1,0,0,0,0,0,0,0,0,0,0,0,0,0,0,0,0,0,0
0,0,0,0,0,0,0,0,0,0,0,0,0,0,0,0,0,0,0,0,0,0,0,0,0,2,0,2,0,11,0,21,0,55,0,123,322,0,745,0,1627,0,3305,0,6477,0,12035,0,21331,0,36212,0,58439,0,90619,0,135954,0,193714,0,266373,0,351267,0,444047,0,542979,0,637383,0,720816,0,781529,816931,0,820569,0,794430,0,742019,0,663740,0,575604,0,477938,0,382009,0,294851,0,217935,1,154509,1,105486,17,68658,66,43712,193,26249,520,15714,1099,9658,1918,6446,7391,3066,4023,2796,2819,2054,1851,1230,971,619,425,222,139,73,42,15,9,2,0,0,0,0,0,0,0,0,0,0,0,0,0,0,0,0,0,0
0,0,0,0,0,0,0,0,0,0,0,0,0,0,0,0,0,0,0,0,0,0,0,1,0,1,0,2,0,9,0,23,0,57,0,127,309,0,728,0,1577,0,3294,0,6308,0,11933,0,21169,0,35635,0,57748,0,89335,0,134554,0,191945,0,262277,0,348229,0,440743,0,539140,0,632470,0,715154,0,778789,814009,0,818672,0,795122,0,743156,0,666978,0,578135,0,482978,0,387687,0,298395,0,221906,0,158043,1,108193,24,71109,53,45111,182,27344,502,16401,1074,9971,1910,6687,7581,3038,4045,2785,2914,2108,1848,1273,1005,653,433,228,143,81,48,13,8,3,1,0,0,0,0,0,0,0,0,0,0,0,0,0,0,0,0,0
0,0,0,0,0,0,0,0,0,0,0,0,0,0,0,0,0,0,0,0,0,0,0,2,0,0,0,2,0,12,0,24,0,47,0,126,308,0,707,0,1548,0,3276,0,6191,0,11675,0,20755,0,35378,0,56879,0,88580,0,132202,0,189911,0,260153,0,343737,0,437282,0,534676,0,628937,0,711219,0,773223,811813,0,816987,0,795431,0,743319,0,670087,0,582904,0,487208,0,391440,0,303263,0,225874,1,161894,2,111014,19,73513,49,46711,172,28474,493,16909,1016,10453,1835,7038,7704,3064,4070,2787,2989,2105,1965,1249,1021,688,461,232,145,78,52,17,10,1,0,1,0,0,0,0,0,0,0,0,0,0,0,0,0,0,0,0
0,0,0,0,0,0,0,0,0,0,0,0,0,0,0,0,0,0,0,0,0,0,0,1,0,1,0,3,0,5,0,28,0,51,0,120,305,0,717,0,1560,0,3129,0,6242,0,11404,0,20521,0,34674,0,56367,0,87557,0,130478,0,187602,0,257113,0,341279,0,433154,0,530380,0,624459,0,706022,0,770205,807341,0,816371,0,795723,0,744407,0,673593,0,585313,0,491499,0,396139,0,307276,0,230410,0,165578,4,114161,10,75542,51,48512,169,29653,462,17790,1039,10845,1763,7206,7869,3069,4160,2749,3195,2095,1946,1317,1065,686,448,266,133,94,46,22,11,2,0,0,1,0,0,0,0,0,0,0,0,0,0,0,0,0,0,0
0,0,0,0,0,0,0,0,0,0,0,0,0,0,0,0,0,0,0,0,0,1,0,1,0,0,0,3,0,5,0,29,0,51,0,136,303,0,649,0,1552,0,3099,0,6074,0,11323,0,20168,0,33910,0,55760,0,86346,0,129532,0,184484,0,255052,0,337218,0,429709,0,526053,0,619169,0,702103,0,765590,805596,0,814371,0,795007,0,745712,0,675156,0,589907,0,496372,0,399859,0,312748,0,234509,0,168780,4,117268,17,78228,48,49989,156,31094,452,18557,1034,11256,1743,7616,7887,3098,4188,2932,3151,2161,1973,1325,1110,718,467,257,172,75,55,24,10,4,1,0,1,0,0,0,0,0,0,0,0,0,0,0,0,0,0,0
0,0,0,0,0,0,0,0,0,0,0,0,0,0,0,0,0,0,0,0,0,0,0,2,0,0,0,3,0,5,0,23,0,55,0,132,287,0,678,0,1478,0,3065,0,5934,0,11178,0,19758,0,33607,0,54845,0,85266,0,128009,0,183003,0,251122,0,333977,0,426036,0,522133,0,613664,0,698505,0,761622,801841,0,814212,0,793069,0,746777,0,678044,0,593434,0,500207,0,404769,0,317836,0,238788,0,172438,3,120234,12,80567,53,51985,167,32110,430,19425,996,11762,1719,7961,8168,2891,4395,2855,3332,2212,2007,1358,1105,731,484,299,163,80,57,22,20,1,1,1,0,0,0,0,0,0,0,0,0,0,0,0,0,0,0,0
0,0,0,0,0,0,0,0,0,0,0,0,0,0,0,0,0,0,0,0,0,0,0,1,0,1,0,1,0,5,0,21,0,65,0,121,298,0,676,0,1429,0,2985,0,5772,0,11038,0,19419,0,33334,0,54035,0,84009,0,126290,0,180801,0,248902,0,330484,0,421687,0,517211,0,609846,0,692878,0,758013,799228,0,811315,0,793233,0,748713,0,680637,0,596223,0,504504,0,409622,0,322323,0,243426,0,175900,2,123672,12,83030,43,53895,161,33384,417,20366,908,12344,1708,8266,8265,2978,4456,2968,3338,2232,2022,1413,1131,759,517,305,173,92,57,29,12,5,2,0,0,0,0,0,0,0,0,0,0,0,0,0,0,0,0,0
0,0,0,0,0,0,0,0,0,0,0,0,0,0,0,0,0,0,0,0,0,0,0,0,0,1,0,1,0,7,0,19,0,52,0,135,290,0,638,0,1477,0,2818,0,5772,0,10796,0,19257,0,32945,0,53308,0,83035,0,124321,0,178183,0,247170,0,326500,0,417313,0,512625,0,605349,0,688606,0,754518,795582,0,808721,0,793347,0,749727,0,682703,0,600479,0,507431,0,415305,0,327110,0,247179,0,180113,1,126935,14,85488,34,56001,137,34821,422,21235,896,12909,1739,8477,8494,3019,4573,2933,3435,2248,2144,1389,1229,772,505,325,185,102,62,27,18,4,2,0,0,0,0,0,0,0,0,0,0,0,0,0,0,0,0,0
0,0,0,0,0,0,0,0,0,0,0,0,0,0,0,0,0,0,0,0,0,0,0,0,0,1,0,2,0,7,0,19,0,54,0,118,289,0,639,0,1433,0,2813,0,5613,0,10581,0,19025,0,32291,0,53060,0,82064,0,122699,0,175755,0,244063,0,322767,0,413812,0,508453,0,601174,0,684178,0,749489,792111,0,806848,0,792598,0,750351,0,685364,0,603276,0,512201,0,420076,0,331637,0,251511,0,184298,0,130542,16,88039,32,57891,135,36424,407,22064,856,13726,1732,8775,8630,2929,4823,2952,3493,2281,2225,1454,1237,745,566,337,214,97,59,33,17,5,2,0,0,0,0,0,0,0,0,0,0,0,0,0,0,0,0,0
0,0,0,0,0,0,0,0,0,0,0,0,0,0,0,0,0,0,0,0,0,0,0,0,0,1,0,1,0,8,0,22,0,37,0,130,289,0,623,0,1397,0,2786,0,5617,0,10309,0,18535,0,31970,0,52392,0,80996,0,120741,0,174729,0,240374,0,320240,0,408858,0,503942,0,597277,0,678242,0,745915,788904,0,805504,0,790345,0,751393,0,688387,0,605879,0,516654,0,423846,0,336684,0,256488,0,188641,0,133805,11,91176,31,59689,141,37861,368,23308,832,14363,1648,9286,8766,2977,4941,2926,3619,2327,2216,1491,1304,784,582,355,215,113,62,33,19,1,2,0,0,0,0,0,0,0,0,0,0,0,0,0,0,0,0,0
0,0,0,0,0,0,0,0,0,0,0,0,0,0,0,0,0,0,0,0,0,0,0,0,0,0,0,1,0,6,0,23,0,47,0,115,293,0,603,0,1336,0,2820,0,5431,0,10291,0,18246,0,31560,0,51407,0,80157,0,119078,0,172373,0,237911,0,316262,0,405684,0,499504,0,591766,0,674053,0,740482,787108,0,802805,0,790631,0,750835,0,690423,0,609114,0,520450,0,429295,0,341019,0,261506,0,192228,0,137623,12,94077,28,61893,142,39320,347,24413,829,15042,1642,9616,9122,2909,5012,3061,3635,2336,2335,1570,1343,790,623,361,224,114,63,37,21,2,3,0,0,0,0,0,0,0,0,0,0,0,0,0,0,0,0,0
0,0,0,0,0,0,0,0,0,0,0,0,0,0,0,0,0,0,0,0,0,0,0,0,0,0,0,2,0,2,0,23,0,49,0,113,275,0,580,0,1344,0,2774,0,5347,0,9974,0,18077,0,30976,0,50742,0,79088,0,117796,0,169684,0,235663,0,312666,0,401084,0,495055,0,586860,0,669143,0,737731,782143,0,801361,0,789680,0,751122,0,692105,0,612337,0,524549,0,434355,0,346177,0,266096,0,196662,0,140807,16,96810,25,64601,130,40711,370,25844,833,15527,1602,10162,9308,2874,5257,2976,3800,2352,2453,1605,1379,828,660,343,256,103,72,37,27,2,2,1,0,0,0,0,0,0,0,0,0,0,0,0,0,0,0,0
0,0,0,0,0,0,0,0,0,0,0,0,0,0,0,0,0,0,0,0,0,0,0,0,0,0,0,1,0,4,0,20,0,50,0,93,266,0,590,0,1299,0,2732,0,5219,0,9854,0,17594,0,30811,0,49922,0,77964,0,116230,0,167703,0,232283,0,309711,0,397590,0,489681,0,581637,0,665508,0,732949,779117,0,799104,0,787832,0,752330,0,693898,0,616198,0,527551,0,438847,0,351173,0,270816,0,201103,0,144151,16,100599,31,66658,102,42692,323,26519,769,16529,1503,10634,9680,2811,5338,2979,3986,2375,2508,1627,1513,817,692,362,251,113,80,35,27,6,0,2,0,0,0,0,0,0,0,0,0,0,0,0,0,0,0,0
0,0,0,0,0,0,0,0,0,0,0,0,0,0,0,0,0,0,0,0,0,0,0,0,0,0,0,0,0,5,0,17,0,46,0,105,247,0,580,0,1240,0,2702,0,5150,0,9819,0,17161,0,30216,0,49315,0,76844,0,115114,0,165477,0,229407,0,306572,0,392859,0,485326,0,577053,0,660582,0,729125,774957,0,796123,0,787677,0,753127,0,695045,0,618360,0,532320,0,443045,0,356356,0,276006,0,205114,1,148285,10,103093,32,69230,108,44638,344,27730,739,17504,1464,11085,9932,2851,5514,2963,4031,2398,2677,1656,1489,914,679,404,260,133,83,36,22,6,3,2,0,0,0,0,0,0,0,0,0,0,0,0,0,0,0,0
0,0,0,0,0,0,0,0,0,0,0,0,0,0,0,0,0,0,0,0,0,0,0,0,0,0,0,0,0,7,0,16,0,44,0,99,260,0,561,0,1291,0,2498,0,5138,0,9494,0,17378,0,29315,0,48328,0,75502,0,113585,0,164223,0,226452,0,302900,0,389093,0,480843,0,571887,0,656376,0,723799,772135,0,792768,0,786951,0,753522,0,696979,0,620989,0,536430,0,448179,0,361024,0,280414,0,209942,0,151654,12,106469,27,71506,105,46673,311,29069,731,18273,1425,11665,10276,2945,5710,2958,4061,2496,2730,1674,1591,924,730,373,304,123,99,38,18,10,4,1,1,0,0,0,0,0,0,0,0,0,0,0,0,0,0,0
0,0,0,0,0,0,0,0,0,0,0,0,0,0,0,0,0,0,0,0,0,0,0,0,0,0,0,1,0,6,0,15,0,45,0,90,245,0,577,0,1214,0,2452,0,5014,0,9426,0,17005,0,29077,0,47475,0,74359,0,111787,0,161992,0,224452,0,298705,0,385787,0,475744,0,567585,0,651527,0,718845,768034,0,790613,0,786268,0,753172,0,698540,0,625347,0,540029,0,451716,0,366683,0,284520,0,214324,0,155925,12,109728,25,74149,97,48291,313,30640,711,19162,1367,12152,10612,2916,5928,2994,4310,2483,2838,1692,1620,995,752,392,322,135,100,40,19,8,7,0,1,1,0,0,0,0,0,0,0,0,0,0,0,0,0,0
0,0,0,0,0,0,0,0,0,0,0,0,0,0,0,0,0,0,0,0,0,0,0,0,0,0,0,1,0,6,0,13,0,41,0,99,223,0,585,0,1151,0,2429,0,5011,0,9176,0,16638,0,28598,0,46667,0,73130,0,110767,0,159856,0,221455,0,295627,0,381410,0,471257,0,562612,0,645289,0,715186,764898,0,788074,0,784224,0,753995,0,699816,0,627825,0,544374,0,456554,0,370542,0,290492,0,218612,0,159837,10,113420,15,76815,83,49963,280,32226,706,20095,1293,12861,10806,2944,6193,2936,4509,2540,2942,1728,1672,1006,810,406,342,145,112,36,30,8,3,0,3,0,0,0,0,0,0,0,0,0,0,0,0,0,0,0
0,0,0,0,0,0,0,0,0,0,0,0,0,0,0,0,0,0,0,0,0,0,0,0,0,0,0,0,0,3,0,12,0,38,0,93,241,0,557,0,1119,0,2442,0,4824,0,9171,0,16277,0,28137,0,45467,0,72363,0,109523,0,157586,0,218738,0,292525,0,376990,0,466072,0,557278,0,641857,0,710335,760738,0,785687,0,782712,0,753166,0,701340,0,629954,0,548619,0,461947,0,375776,0,295514,0,223209,1,164174,4,116173,17,79652,65,52232,277,33602,660,21032,1289,13531,11304,2936,6397,2878,4679,2588,3049,1816,1686,1041,856,443,362,161,112,40,27,7,4,0,3,0,0,0,0,0,0,0,0,0,0,0,0,0,0,0
0,0,0,0,0,0,0,0,0,0,0,0,0,0,0,0,0,0,0,0,0,0,0,0,0,0,0,0,0,2,0,16,0,31,0,88,232,0,563,0,1107,0,2418,0,4676,0,9074,0,15999,0,27594,0,44798,0,71421,0,107394,0,155978,0,216096,0,289239,0,372071,0,461653,0,553142,0,636399,0,706146,756607,0,782691,0,781404,0,752801,0,702933,0,633041,0,551901,0,466608,0,380140,0,300694,0,228316,0,167989,4,119804,25,82505,81,54511,266,35142,671,22041,1257,14271,11670,2833,6707,2930,4836,2624,3138,1891,1778,1046,891,456,393,169,115,48,28,10,1,1,3,0,0,0,0,0,0,0,0,0,0,0,0,0,0,0
0,0,0,0,0,0,0,0,0,0,0,0,0,0,0,0,0,0,0,0,0,0,0,0,0,0,0,1,0,2,0,13,0,29,0,83,251,0,549,0,1116,0,2327,0,4522,0,8924,0,15800,0,26904,0,44364,0,70045,0,106317,0,152976,0,214164,0,285722,0,367700,0,457549,0,547507,0,631816,0,701952,752190,0,779742,0,780234,0,752568,0,703376,0,636258,0,555660,0,470725,0,385594,0,305285,0,233434,0,172469,3,122793,23,85574,81,56770,263,36823,633,23144,1247,14952,12136,2814,7007,2885,5057,2627,3308,1913,1848,1060,979,490,402,185,116,56,38,5,5,0,2,1,0,0,0,0,0,0,0,0,0,0,0,0,0,0
0,0,0,0,0,0,0,0,0,0,0,0,0,0,0,0,0,0,0,0,0,0,0,0,0,0,0,0,0,3,0,13,0,20,0,90,248,0,526,0,1079,0,2311,0,4486,0,8712,0,15547,0,26334,0,43639,0,69038,0,104371,0,151180,0,210730,0,283196,0,363880,0,452238,0,542443,0,627724,0,696768,748833,0,775546,0,778240,0,753855,0,702902,0,640555,0,558455,0,475062,0,390650,0,310294,0,238634,0,176388,3,127235,14,87825,67,59280,231,38452,580,24387,1182,15931,12587,2731,7223,2978,5206,2631,3497,1979,1925,1129,927,550,417,197,147,45,46,9,4,0,2,0,1,0,0,0,0,0,0,0,0,0,0,0,0,0
0,0,0,0,0,0,0,0,0,0,0,0,0,0,0,0,0,0,0,0,0,0,0,0,0,0,0,1,0,3,0,16,0,15,0,94,223,0,500,0,1099,0,2234,0,4472,0,8553,0,15156,0,26082,0,42663,0,67768,0,103141,0,148802,0,208219,0,280128,0,359614,0,447661,0,537227,0,622286,0,693040,744892,0,771994,0,776251,0,752513,0,705930,0,640778,0,563935,0,478519,0,395262,0,316004,0,243042,0,181069,3,131249,15,90974,72,61678,226,40268,555,25600,1191,16699,13069,2762,7519,2930,5414,2677,3582,2033,2103,1137,980,564,443,209,150,59,44,7,6,1,2,0,0,0,1,0,0,0,0,0,0,0,0,0,0,0
0,0,0,0,0,0,0,0,0,0,0,0,0,0,0,0,0,0,0,0,0,0,0,0,0,0,0,0,0,4,0,11,0,31,0,84,213,0,498,0,1039,0,2223,0,4389,0,8408,0,14883,0,25642,0,42074,0,66659,0,101412,0,146535,0,206126,0,276011,0,356340,0,443179,0,532334,0,617485,0,686921,740647,0,770154,0,773884,0,750720,0,707269,0,643533,0,567597,0,484087,0,398925,0,320759,0,248977,0,184772,2,134995,15,94319,68,64219,235,42192,531,26940,1165,17492,13680,2737,7934,2901,5654,2737,3675,2055,2224,1184,1068,578,481,196,186,55,47,11,4,2,0,0,0,0,1,0,0,0,0,0,0,0,0,0,0,0
0,0,0,0,0,0,0,0,0,0,0,0,0,0,0,0,0,0,0,0,0,0,0,0,0,0,0,1,0,2,0,14,0,22,0,84,212,0,488,0,965,0,2247,0,4336,0,8181,0,14607,0,25015,0,41537,0,65596,0,100514,0,144846,0,203725,0,273367,0,353410,0,440199,0,529091,0,613835,0,685810,739533,0,768244,0,773122,0,753524,0,707570,0,646295,0,570741,0,487097,0,400922,0,324036,0,250752,1,187887,2,136579,9,95652,54,65323,225,42850,521,27551,1112,17719,13727,2718,8118,3001,5623,2759,3773,2066,2269,1167,1171,556,499,229,172,69,48,10,6,1,0,0,1,0,0,0,0,0,0,0,0,0,0,0,0,0
0,0,0,0,0,0,0,0,0,0,0,0,0,0,0,0,0,0,0,0,0,0,0,0,0,0,0,1,0,3,0,11,0,26,0,80,194,0,480,0,992,0,2200,0,4191,0,8086,0,14310,0,24757,0,40729,0,65042,0,98413,0,143968,0,201064,0,270342,0,350726,0,437359,0,526510,0,610815,0,683125,736785,0,768286,0,772874,0,753852,0,710435,0,647887,0,573934,0,489518,0,405331,0,325696,0,253696,0,190055,3,138364,14,97033,50,66084,200,43758,498,27841,1090,18117,13904,2664,8190,2978,5798,2852,3720,2076,2418,1177,1158,559,517,243,194,66,47,10,9,1,2,0,0,0,0,0,0,0,0,0,0,0,0,0,0,0
0,0,0,0,0,0,0,0,0,0,0,0,0,0,0,0,0,0,0,0,0,0,0,0,0,0,0,0,0,2,0,9,0,28,0,78,192,0,459,0,1024,0,2077,0,4042,0,7949,0,14159,0,24315,0,40326,0,63906,0,97067,0,142207,0,198700,0,267550,0,347561,0,435236,0,522724,0,608954,0,678691,736147,0,766165,0,773721,0,755280,0,712497,0,650212,0,576486,0,492467,0,408819,0,328145,0,255833,0,192258,2,139903,13,98741,57,67101,197,44617,502,28491,1046,18251,14023,2641,8271,3019,5975,2821,3857,2062,2343,1260,1227,601,516,239,191,81,55,10,6,2,1,0,0,0,0,0,0,0,0,0,0,0,0,0,0,0
0,0,0,0,0,0,0,0,0,0,0,0,0,0,0,0,0,0,0,0,0,0,0,0,0,0,0,0,0,2,0,8,0,27,0,68,193,0,459,0,1009,0,2068,0,4010,0,7634,0,13969,0,23887,0,39784,0,63025,0,95764,0,140428,0,196444,0,264999,0,345080,0,432049,0,519865,0,604843,0,676592,733433,0,766255,0,773215,0,756110,0,715096,0,652751,0,578622,0,495784,0,411486,0,330868,0,258424,0,194558,0,141954,15,99938,50,68292,186,45151,515,29086,1065,18487,14163,2616,8470,3058,5901,2970,3888,2129,2394,1278,1258,624,522,236,183,87,59,12,8,2,2,0,0,0,0,0,0,0,0,0,0,0,0,0,0,0
0,0,0,0,0,0,0,0,0,0,0,0,0,0,0,0,0,0,0,0,0,0,0,0,0,0,0,0,0,1,0,10,0,29,0,71,195,0,441,0,990,0,1937,0,3978,0,7524,0,13688,0,23669,0,38940,0,61839,0,94696,0,138435,0,194601,0,263283,0,341732,0,428464,0,517034,0,601841,0,675106,730505,0,765794,0,773752,0,755794,0,715862,0,656023,0,579859,0,500093,0,414358,0,334046,0,260978,1,196638,2,143678,16,101784,42,69555,197,45610,478,29534,1015,18792,14379,2517,8656,3007,6053,2951,4010,2130,2398,1317,1268,653,545,245,200,79,62,18,8,1,1,0,0,0,0,0,0,0,0,0,0,0,0,0,0,0
0,0,0,0,0,0,0,0,0,0,0,0,0,0,0,0,0,0,0,0,0,0,0,0,0,0,0,0,0,1,0,11,0,33,0,70,173,0,439,0,946,0,1970,0,3834,0,7362,0,13447,0,23232,0,38461,0,61051,0,93218,0,136785,0,192693,0,259978,0,339728,0,424606,0,513125,0,599076,0,672656,729160,0,764307,0,773604,0,757033,0,717123,0,657809,0,584414,0,501644,0,418245,0,336917,0,263493,1,198671,1,146023,14,103070,44,70473,182,46450,444,30159,957,19165,14456,2595,8736,2968,6252,2924,4046,2114,2512,1368,1288,677,553,243,188,90,63,20,13,3,1,0,0,0,0,0,0,0,0,0,0,0,0,0,0,0
0,0,0,0,0,0,0,0,0,0,0,0,0,0,0,0,0,0,0,0,0,0,0,0,0,0,0,0,0,1,0,14,0,31,0,75,163,0,415,0,967,0,1847,0,3726,0,7189,0,13214,0,23004,0,37788,0,60110,0,92268,0,135251,0,190106,0,257309,0,336598,0,421528,0,509810,0,596773,0,669856,727078,0,762551,0,774331,0,757259,0,719988,0,660197,0,585935,0,506057,0,420188,0,340366,0,265432,1,201243,2,147351,13,105311,48,70965,171,47470,462,30664,970,19522,14636,2597,8833,3014,6292,2986,4147,2121,2492,1450,1314,679,569,240,217,88,78,20,15,1,1,0,0,0,0,0,0,0,0,0,0,0,0,0,0,0
0,0,0,0,0,0,0,0,0,0,0,0,0,0,0,0,0,0,0,0,0,0,0,0,0,0,0,0,0,3,0,12,0,28,0,72,167,0,414,0,890,0,1873,0,3585,0,7201,0,12889,0,22427,0,37431,0,59066,0,90752,0,133912,0,188209,0,254354,0,333715,0,418463,0,508031,0,592321,0,667586,725128,0,762169,0,773264,0,758214,0,720292,0,663054,0,588288,0,509121,0,424346,0,342202,0,268673,0,203584,1,149968,8,105806,46,72444,171,48502,436,30976,930,19954,14783,2500,9031,2989,6436,2896,4273,2122,2635,1471,1364,664,595,249,211,92,74,30,12,2,1,0,0,0,0,0,0,0,0,0,0,0,0,0,0,0
0,0,0,0,0,0,0,0,0,0,0,0,0,0,0,0,0,0,0,0,0,0,0,0,0,0,0,0,0,2,0,11,0,27,0,69,176,0,409,0,849,0,1808,0,3621,0,6932,0,12691,0,22168,0,36759,0,58324,0,89412,0,131899,0,186212,0,252266,0,330247,0,415780,0,504649,0,589698,0,663772,723582,0,761302,0,772799,0,759025,0,722057,0,664079,0,592702,0,511149,0,428041,0,344979,0,271442,1,205868,2,151691,8,107372,41,73506,180,49420,411,31531,957,20331,14871,2527,9233,2973,6458,2951,4376,2221,2657,1444,1441,697,595,265,228,100,66,30,15,1,2,0,0,0,0,0,0,0,0,0,0,0,0,0,0,0
0,0,0,0,0,0,0,0,0,0,0,0,0,0,0,0,0,0,0,0,0,0,0,0,0,0,0,0,0,3,0,9,0,33,0,54,179,0,388,0,839,0,1750,0,3553,0,6916,0,12359,0,21653,0,36082,0,57743,0,88092,0,130006,0,184867,0,249234,0,327770,0,412198,0,501205,0,586050,0,661899,721044,0,759377,0,773729,0,758662,0,724563,0,666920,0,594962,0,514500,0,430319,0,348371,0,274650,0,208197,2,152972,9,109317,27,74816,153,49858,380,32083,916,20836,15126,2506,9335,3014,6526,2939,4416,2257,2770,1424,1462,726,615,280,250,91,78,27,17,3,1,0,0,0,0,0,0,0,0,0,0,0,0,0,0,0
0,0,0,0,0,0,0,0,0,0,0,0,0,0,0,0,0,0,0,0,0,0,0,0,0,0,0,0,0,2,0,9,0,28,0,61,165,0,384,0,845,0,1733,0,3468,0,6624,0,12182,0,21377,0,35211,0,57198,0,86294,0,129511,0,181912,0,247080,0,324295,0,408886,0,497717,0,583596,0,659087,718138,0,759044,0,772660,0,759692,0,725543,0,670368,0,596970,0,518284,0,433694,0,351512,0,276891,0,210840,0,154825,13,110590,28,75911,163,50600,382,32913,929,20957,15581,2482,9422,3022,6668,2894,4512,2237,2826,1515,1469,734,643,298,267,101,73,26,22,3,1,0,0,0,0,0,0,0,0,0,0,0,0,0,0,0
0,0,0,0,0,0,0,0,0,0,0,0,0,0,0,0,0,0,0,0,0,0,0,0,0,0,0,2,0,1,0,4,0,31,0,67,155,0,373,0,824,0,1712,0,3352,0,6611,0,11930,0,20887,0,34680,0,56224,0,85936,0,126763,0,179744,0,244981,0,321461,0,405331,0,494489,0,579943,0,656672,717683,0,756822,0,772251,0,761231,0,726812,0,670963,0,601050,0,520088,0,437501,0,354646,0,279740,0,212888,1,156986,7,112256,22,76895,134,51787,365,33210,855,21711,15668,2425,9547,2977,6691,2949,4654,2272,2896,1508,1460,804,660,308,275,104,72,30,23,5,3,0,0,0,0,0,0,0,0,0,0,0,0,0,0,0
0,0,0,0,0,0,0,0,0,0,0,0,0,0,0,0,0,0,0,0,0,0,0,0,0,2,0,1,0,0,0,9,0,24,0,68,142,0,371,0,817,0,1654,0,3365,0,6317,0,11828,0,20589,0,34142,0,54965,0,84817,0,125039,0,177809,0,242690,0,318354,0,402794,0,490896,0,576995,0,653209,716405,0,755655,0,771613,0,761122,0,728481,0,672855,0,603419,0,524087,0,439584,0,359196,0,281857,0,214672,1,159511,9,113410,30,78832,117,52690,383,33697,869,21852,15965,2383,9760,2998,6760,2933,4685,2415,2900,1476,1542,757,735,326,288,103,79,28,21,5,3,1,1,0,0,0,0,0,0,0,0,0,0,0,0,0
0,0,0,0,0,0,0,0,0,0,0,0,0,0,0,0,0,0,0,0,0,0,0,0,0,2,0,1,0,0,0,7,0,27,0,66,147,0,353,0,774,0,1630,0,3237,0,6266,0,11630,0,20108,0,33461,0,54469,0,83380,0,123475,0,176220,0,239899,0,314924,0,400312,0,486433,0,573653,0,651517,713003,0,755226,0,770937,0,762044,0,729615,0,675903,0,606252,0,527296,0,442413,0,361388,0,284848,0,217544,1,161132,3,115512,35,79817,117,53163,335,34750,814,22534,15997,2417,9904,3016,6835,2883,4760,2495,2918,1515,1588,808,710,350,278,113,84,34,21,4,4,0,1,0,0,0,0,0,0,0,0,0,0,0,0,0
0,0,0,0,0,0,0,0,0,0,0,0,0,0,0,0,0,0,0,0,0,0,0,0,0,2,0,1,0,1,0,4,0,31,0,63,141,0,352,0,712,0,1643,0,3183,0,6181,0,11304,0,19687,0,32978,0,53615,0,82115,0,121962,0,174101,0,237103,0,312653,0,395840,0,484462,0,569334,0,648321,712376,0,752477,0,770909,0,763589,0,731004,0,676764,0,610150,0,528958,0,446347,0,364549,0,288246,0,220328,1,162663,4,117276,32,80693,111,54413,335,35234,827,22753,16340,2400,9964,3004,6983,2881,4834,2506,2988,1562,1617,827,759,349,289,128,87,32,20,7,2,0,1,0,0,0,0,0,0,0,0,0,0,0,0,0
0,0,0,0,0,0,0,0,0,0,0,0,0,0,0,0,0,0,0,0,0,0,0,0,0,2,0,1,0,1,0,4,0,24,0,69,138,0,366,0,652,0,1572,0,3215,0,5957,0,11166,0,19432,0,32244,0,52613,0,81401,0,119808,0,172063,0,235675,0,308885,0,392484,0,479946,0,567953,0,645000,709474,0,751826,0,771145,0,762714,0,731836,0,680837,0,611300,0,532843,0,449663,0,367329,0,291916,1,222206,1,165019,3,118340,36,82577,112,55123,321,35839,813,23097,16562,2414,10229,2921,7168,2841,4776,2558,3088,1571,1677,826,782,349,319,129,89,32,26,6,2,0,1,0,0,0,0,0,0,0,0,0,0,0,0,0
0,0,0,0,0,0,0,0,0,0,0,0,0,0,0,0,0,0,0,0,0,0,0,0,0,0,0,4,0,0,0,6,0,29,0,56,141,0,335,0,677,0,1522,0,3083,0,5953,0,10938,0,18952,0,31911,0,51604,0,80161,0,118950,0,169409,0,232458,0,306939,0,388757,0,476524,0,565060,0,642542,706052,0,750978,0,770460,0,763519,0,733082,0,682821,0,614577,0,535252,0,453474,0,370507,0,294455,0,224891,1,166886,3,119955,30,83784,123,56271,314,36509,779,23540,16823,2311,10345,2910,7210,2910,4954,2480,3237,1622,1693,865,796,364,316,122,107,31,28,6,3,0,0,0,1,0,0,0,0,0,0,0,0,0,0,0
0,0,0,0,0,0,0,0,0,0,0,0,0,0,0,0,0,0,0,0,0,0,0,0,0,1,0,2,0,2,0,3,0,28,0,53,150,0,309,0,658,0,1491,0,2983,0,5859,0,10719,0,18620,0,31351,0,50939,0,78632,0,117450,0,167754,0,230767,0,302234,0,386570,0,473599,0,561185,0,640004,704051,0,748799,0,770158,0,763870,0,734589,0,683781,0,617251,0,539841,0,455386,0,375139,0,296535,0,227536,1,168874,5,121994,25,84599,102,57258,304,37434,721,23960,17045,2284,10424,2961,7235,2885,5098,2517,3268,1686,1674,904,823,404,317,135,104,30,31,4,2,0,1,0,0,0,0,0,0,0,0,0,0,0,0,0
0,0,0,0,0,0,0,0,0,0,0,0,0,0,0,0,0,0,0,0,0,0,0,0,0,0,0,2,0,3,0,2,0,29,0,57,142,0,297,0,664,0,1471,0,2966,0,5721,0,10454,0,18364,0,30773,0,50200,0,77592,0,115501,0,166091,0,227344,0,300062,0,382707,0,470743,0,557931,0,637713,701660,0,746949,0,769717,0,763798,0,736109,0,686051,0,620358,0,543036,0,459409,0,376311,0,300169,0,229858,0,171387,5,123327,24,86175,102,57865,292,38187,663,24503,17266,2262,10662,2886,7299,2976,5113,2517,3371,1751,1714,894,853,401,337,149,102,37,21,10,2,0,0,0,1,0,0,0,0,0,0,0,0,0,0,0
0,0,0,0,0,0,0,0,0,0,0,0,0,0,0,0,0,0,0,0,0,0,0,0,0,0,0,1,0,4,0,6,0,17,0,63,141,0,288,0,648,0,1430,0,2918,0,5573,0,10299,0,17897,0,30262,0,49423,0,76650,0,113925,0,163816,0,224543,0,297482,0,379923,0,467200,0,553918,0,635244,699086,0,745830,0,768533,0,765046,0,737333,0,687816,0,623744,0,544804,0,463107,0,380381,0,301629,0,232809,0,174164,6,124918,25,87290,96,58851,289,39026,669,24783,17719,2227,10665,2874,7415,3033,5159,2596,3336,1787,1806,915,870,419,341,153,121,29,28,4,4,0,1,0,0,0,0,0,0,0,0,0,0,0,0,0
0,0,0,0,0,0,0,0,0,0,0,0,0,0,0,0,0,0,0,0,0,0,0,0,0,0,0,2,0,1,0,9,0,21,0,48,139,0,278,0,641,0,1397,0,2916,0,5470,0,9899,0,17495,0,29906,0,48678,0,75532,0,112357,0,161344,0,222234,0,295662,0,376064,0,463532,0,550583,0,631757,697047,0,744419,0,767807,0,766551,0,737449,0,690464,0,625926,0,548436,0,466229,0,383182,0,304501,0,235695,0,176150,2,126650,19,88791,95,59921,293,39315,718,25560,17762,2141,11000,2898,7444,2948,5363,2612,3459,1742,1866,951,904,433,339,169,116,37,27,5,4,1,2,0,0,0,0,0,0,0,0,0,0,0,0,0
0,0,0,0,0,0,0,0,0,0,0,0,0,0,0,0,0,0,0,0,0,0,0,0,0,0,0,2,0,0,0,9,0,24,0,47,121,0,283,0,627,0,1352,0,2793,0,5364,0,9902,0,17079,0,29193,0,48169,0,74405,0,110594,0,159281,0,220239,0,292092,0,373705,0,459215,0,547733,0,628696,694076,0,743427,0,767263,0,765960,0,740693,0,691366,0,627676,0,552028,0,469043,0,386632,0,308107,0,238075,0,178229,5,128719,19,90221,105,60817,259,40009,696,25878,18074,2173,11192,2855,7588,2972,5387,2596,3537,1804,1941,1019,891,413,370,169,118,40,29,3,7,0,2,0,0,0,0,0,0,0,0,0,0,0,0,0
0,0,0,0,0,0,0,0,0,0,0,0,0,0,0,0,0,0,0,0,0,0,0,0,0,0,0,2,0,0,0,14,0,18,0,56,115,0,264,0,635,0,1303,0,2685,0,5259,0,9689,0,16766,0,28860,0,47168,0,73109,0,108932,0,157970,0,216906,0,289498,0,370509,0,456531,0,543711,0,624934,692595,0,742008,0,766624,0,765684,0,741817,0,694371,0,630100,0,553536,0,472899,0,390361,0,310903,0,241038,0,180186,4,130804,17,91168,86,62205,267,40775,663,26274,18461,2142,11320,2844,7678,2943,5451,2606,3647,1887,1964,1022,935,420,373,180,133,39,30,4,8,0,1,0,1,0,0,0,0,0,0,0,0,0,0,0
0,0,0,0,0,0,0,0,0,0,0,0,0,0,0,0,0,0,0,0,0,0,0,0,0,0,0,1,0,2,0,10,0,16,0,51,107,0,269,0,616,0,1263,0,2630,0,5155,0,9393,0,16616,0,28532,0,46116,0,71979,0,108023,0,155248,0,214966,0,285815,0,367453,0,453630,0,539673,0,622304,690615,0,739680,0,765713,0,766167,0,742790,0,697267,0,631876,0,557485,0,475194,0,394079,0,313870,0,243143,0,183066,4,132532,20,92772,81,63085,226,41694,640,26658,18578,2126,11486,2839,7798,3017,5485,2694,3670,1881,2072,1034,928,469,403,167,146,38,34,7,10,0,1,0,0,0,0,0,0,0,0,0,0,0,0,0
0,0,0,0,0,0,0,0,0,0,0,0,0,0,0,0,0,0,0,0,0,0,0,0,0,0,0,1,0,3,0,4,0,22,0,52,113,0,250,0,595,0,1276,0,2575,0,4953,0,9300,0,16334,0,27847,0,45353,0,70960,0,106116,0,153583,0,212029,0,283295,0,364029,0,450837,0,536983,0,618734,687465,0,737441,0,765090,0,766457,0,743986,0,699827,0,635290,0,559991,0,478623,0,396764,0,317787,0,245054,1,184730,5,134851,18,94389,85,64120,250,42387,601,27200,18782,2072,11680,2809,8090,2978,5625,2626,3689,1935,2136,1052,975,448,443,163,144,48,37,8,10,1,1,0,0,0,0,0,0,0,0,0,0,0,0,0
0,0,0,0,0,0,0,0,0,0,0,0,0,0,0,0,0,0,0,0,0,0,0,0,0,0,0,2,0,2,0,7,0,18,0,56,102,0,270,0,543,0,1265,0,2495,0,4887,0,9035,0,16051,0,27538,0,44494,0,70026,0,104540,0,151237,0,209741,0,280889,0,360432,0,446869,0,534287,0,615863,684758,0,735022,0,763906,0,766782,0,746402,0,699649,0,639830,0,563399,0,481482,0,399588,0,320273,0,248294,1,187566,3,136465,16,95638,71,65087,239,43116,593,27880,19167,2048,11901,2728,8223,3019,5672,2672,3712,1956,2141,1095,1025,477,442,165,153,45,36,7,12,1,2,0,0,0,0,0,0,0,0,0,0,0,0,0
0,0,0,0,0,0,0,0,0,0,0,0,0,0,0,0,0,0,0,0,0,0,0,0,0,0,0,2,0,2,0,4,0,24,0,45,106,0,252,0,553,0,1207,0,2461,0,4821,0,8820,0,15720,0,27005,0,44378,0,68152,0,103527,0,149117,0,207511,0,277933,0,357199,0,443498,0,529997,0,614034,682075,0,732583,0,762679,0,767659,0,747051,0,702761,0,640956,0,567069,0,484820,0,402236,0,323592,0,251178,0,189770,2,138042,17,97427,82,66351,234,43765,556,28505,19457,2027,12114,2763,8301,3046,5665,2715,3828,1978,2185,1132,1060,475,451,173,152,46,40,7,12,1,2,0,0,0,0,0,0,0,0,0,0,0,0,0
0,0,0,0,0,0,0,0,0,0,0,0,0,0,0,0,0,0,0,0,0,0,0,0,0,0,0,0,0,4,0,6,0,19,0,39,104,0,243,0,560,0,1127,0,2457,0,4610,0,8831,0,15350,0,26525,0,43467,0,67286,0,101944,0,147166,0,205086,0,275095,0,354080,0,439567,0,527041,0,610180,679681,0,731427,0,761628,0,768458,0,746252,0,706191,0,642732,0,570280,0,488262,0,405783,0,326276,1,254086,0,192210,2,139705,16,98843,64,67857,223,44405,550,28985,19962,1964,12333,2727,8492,3022,5789,2730,3853,1967,2203,1116,1134,494,472,185,139,50,52,6,10,3,1,0,0,0,0,0,0,0,0,0,0,0,0,0
0,0,0,0,0,0,0,0,0,0,0,0,0,0,0,0,0,0,0,0,0,0,0,0,0,0,0,1,0,3,0,7,0,10,0,50,112,0,221,0,549,0,1153,0,2336,0,4569,0,8443,0,15099,0,25998,0,42951,0,66555,0,100327,0,145124,0,201939,0,273054,0,350925,0,436346,0,523087,0,606402,677753,0,729584,0,760345,0,768607,0,748091,0,706726,0,646778,0,572655,0,490919,0,409400,0,329762,0,256655,0,194682,3,141653,11,100601,64,68287,187,45547,525,29643,20189,1975,12681,2694,8485,3055,5887,2744,3925,1983,2275,1179,1118,526,504,173,145,57,52,8,10,3,1,0,0,0,0,0,0,0,0,0,0,0,0,0
0,0,0,0,0,0,0,0,0,0,0,0,0,0,0,0,0,0,0,0,0,0,0,0,0,0,0,1,0,1,0,10,0,8,0,53,102,0,203,0,541,0,1161,0,2277,0,4507,0,8221,0,14822,0,25582,0,42058,0,65730,0,98708,0,143910,0,199934,0,269058,0,347769,0,432493,0,519697,0,603233,674712,0,728152,0,760387,0,767241,0,749720,0,708196,0,649583,0,576042,0,493900,0,412524,0,332935,0,259348,1,196981,0,144353,13,101881,62,69766,195,46129,512,29939,20603,1946,12802,2788,8600,3018,5999,2821,3938,2021,2350,1208,1147,539,505,191,147,59,50,5,16,2,2,0,0,0,0,0,0,0,0,0,0,0,0,0
0,0,0,0,0,0,0,0,0,0,0,0,0,0,0,0,0,0,0,0,0,0,0,0,0,0,0,1,0,2,0,6,0,11,0,44,99,0,203,0,545,0,1084,0,2284,0,4326,0,8254,0,14645,0,24811,0,41341,0,64564,0,97324,0,141772,0,198215,0,265967,0,344494,0,429403,0,515942,0,600239,671501,0,726637,0,759388,0,767322,0,750176,0,709580,0,653133,0,579416,0,497605,0,414838,0,335438,0,262709,0,199279,2,145828,14,104190,59,70803,192,46974,498,30417,20880,1948,13139,2695,8801,3024,6033,2842,4109,1990,2383,1208,1228,543,521,188,168,54,53,10,12,1,3,0,0,0,0,0,0,0,0,0,0,0,0,0
0,0,0,0,0,0,0,0,0,0,0,0,0,0,0,0,0,0,0,0,0,0,0,0,0,0,0,1,0,2,0,4,0,14,0,42,96,0,209,0,475,0,1120,0,2219,0,4270,0,8004,0,14386,0,24443,0,40584,0,63354,0,96430,0,139146,0,196101,0,263289,0,341001,0,425772,0,513472,0,596715,669256,0,724346,0,757810,0,767954,0,750671,0,712504,0,654068,0,582252,0,501638,0,418274,0,338587,0,265378,0,201751,4,147705,17,105428,72,72220,187,47837,480,30957,21287,1937,13272,2699,8963,3033,6117,2841,4114,2064,2464,1254,1229,541,527,215,166,63,48,7,15,3,4,0,0,0,0,0,0,0,0,0,0,0,0,0
0,0,0,0,0,0,0,0,0,0,0,0,0,0,0,0,0,0,0,0,0,0,0,0,0,0,0,0,0,2,0,4,0,11,0,37,85,0,215,0,487,0,1047,0,2128,0,4237,0,7907,0,13943,0,24229,0,39160,0,63031,0,94580,0,138125,0,193020,0,259492,0,338526,0,422833,0,509294,0,594233,666496,0,721145,0,757826,0,767422,0,751933,0,714535,0,656918,0,585060,0,504160,0,422594,0,340829,0,268825,0,204095,4,150052,13,106603,53,73308,167,48840,477,31640,21558,1843,13538,2660,9101,2958,6306,2856,4166,2088,2541,1242,1255,617,521,214,175,69,54,9,10,1,4,0,1,0,0,0,0,0,0,0,0,0,0,0
0,0,0,0,0,0,0,0,0,0,0,0,0,0,0,0,0,0,0,0,0,0,0,0,0,0,0,0,0,3,0,2,0,14,0,28,87,0,221,0,464,0,992,0,2093,0,4176,0,7648,0,13876,0,23640,0,38925,0,61307,0,93386,0,136265,0,190732,0,256757,0,335836,0,419176,0,505758,0,590783,663495,0,718989,0,757124,0,766339,0,753682,0,715874,0,660509,0,587061,0,508597,0,424457,0,344708,0,271311,1,206758,2,152100,15,108100,58,74639,155,49748,459,32281,21906,1808,13750,2609,9168,3025,6467,2764,4304,2105,2545,1303,1347,584,520,236,188,63,59,11,8,2,4,0,1,0,0,0,0,0,0,0,0,0,0,0
0,0,0,0,0,0,0,0,0,0,0,0,0,0,0,0,0,0,0,0,0,0,0,0,0,0,0,0,0,1,0,5,0,17,0,28,79,0,209,0,478,0,974,0,2037,0,3999,0,7555,0,13574,0,23243,0,38018,0,60715,0,91718,0,134001,0,187980,0,255273,0,331863,0,417346,0,502036,0,586290,660239,0,718583,0,754886,0,766153,0,753573,0,718950,0,661844,0,591421,0,511566,0,428279,0,346867,0,274516,1,208929,0,153983,9,110422,56,75726,170,50681,427,32797,22200,1796,13964,2653,9373,3032,6532,2832,4323,2182,2544,1352,1357,642,522,225,209,60,65,13,8,2,4,1,0,0,0,0,0,0,0,0,0,0,0,0
0,0,0,0,0,0,0,0,0,0,0,0,0,0,0,0,0,0,0,0,0,0,0,0,0,0,0,0,0,1,0,7,0,11,0,32,83,0,191,0,481,0,953,0,1995,0,3864,0,7429,0,13252,0,22897,0,37575,0,59557,0,90398,0,132000,0,186364,0,252229,0,328553,0,412780,0,499146,0,582876,658063,0,716797,0,753518,0,766447,0,753553,0,720290,0,664346,0,594705,0,514663,0,431712,0,350707,0,276488,1,211519,0,155998,9,111953,50,77467,158,51380,416,33536,22557,1730,14185,2674,9595,3007,6607,2828,4393,2179,2680,1304,1395,638,596,223,204,71,61,10,14,3,1,1,2,0,0,0,0,0,0,0,0,0,0,0
0,0,0,0,0,0,0,0,0,0,0,0,0,0,0,0,0,0,0,0,0,0,0,0,0,0,0,0,0,1,0,6,0,13,0,29,87,0,191,0,444,0,928,0,1934,0,3865,0,7163,0,13062,0,22409,0,36987,0,58457,0,89332,0,130261,0,183984,0,249026,0,325291,0,410237,0,494985,0,579616,655304,0,713596,0,753349,0,765739,0,755770,0,720527,0,667988,0,596460,0,518768,0,434393,0,354638,0,278620,0,214198,2,158276,9,113608,54,78689,157,52226,443,34281,22850,1743,14381,2568,9812,3028,6655,2938,4492,2178,2726,1329,1401,670,616,246,204,65,68,11,15,4,2,0,3,0,0,0,0,0,0,0,0,0,0,0
0,0,0,0,0,0,0,0,0,0,0,0,0,0,0,0,0,0,0,0,0,0,0,0,0,0,0,0,0,1,0,5,0,10,0,38,72,0,174,0,449,0,931,0,1894,0,3685,0,7061,0,12711,0,21989,0,36438,0,57625,0,87731,0,128428,0,181827,0,245928,0,323320,0,405958,0,492982,0,575465,651891,0,711314,0,751779,0,766173,0,757204,0,721828,0,670118,0,599068,0,520701,0,438272,0,357315,0,282690,0,216297,2,161225,6,115230,51,79672,124,53307,401,34783,23183,1721,14826,2515,10054,3025,6721,2831,4562,2260,2755,1402,1420,678,625,274,211,56,72,20,16,4,2,0,2,0,0,0,0,0,0,0,0,0,0,0
0,0,0,0,0,0,0,0,0,0,0,0,0,0,0,0,0,0,0,0,0,0,0,0,0,0,0,0,0,0,0,5,0,7,0,34,81,0,179,0,418,0,927,0,1789,0,3648,0,6928,0,12478,0,21408,0,35841,0,56651,0,86351,0,126864,0,179497,0,243900,0,319056,0,402764,0,488908,0,573356,647979,0,709680,0,749724,0,766799,0,756225,0,725460,0,670968,0,603187,0,524248,0,440754,0,360742,0,285077,0,219782,1,163014,10,117116,50,81127,134,54103,404,35339,23543,1693,15083,2534,10186,3071,6820,2889,4546,2269,2833,1482,1448,677,650,254,235,72,60,26,17,1,3,0,3,0,0,0,0,0,0,0,0,0,0,0
0,0,0,0,0,0,0,0,0,0,0,0,0,0,0,0,0,0,0,0,0,0,0,0,0,0,0,0,0,0,0,4,0,13,0,22,76,0,185,0,401,0,905,0,1794,0,3617,0,6779,0,12082,0,20945,0,35279,0,55698,0,85027,0,125146,0,177061,0,241224,0,316366,0,398369,0,486531,0,569778,644505,0,707633,0,747999,0,766214,0,758466,0,725220,0,674160,0,606627,0,527272,0,444326,0,363264,0,289137,0,221532,0,165373,11,118566,45,82589,140,54914,368,36135,24200,1647,15206,2549,10210,3057,7014,2913,4595,2245,2996,1429,1482,679,681,270,238,85,68,22,18,0,2,1,2,1,0,0,0,0,0,0,0,0,0,0
0,0,0,0,0,0,0,0,0,0,0,0,0,0,0,0,0,0,0,0,0,0,0,0,0,0,0,0,0,0,0,3,0,16,0,21,65,0,168,0,403,0,838,0,1803,0,3492,0,6602,0,11881,0,20644,0,34465,0,54983,0,83894,0,122964,0,175147,0,238563,0,313373,0,395043,0,482745,0,567857,640421,0,705711,0,746105,0,766494,0,758496,0,726749,0,677239,0,608962,0,529746,0,447474,0,367247,0,292068,0,224050,0,167106,13,120490,46,83996,135,55914,422,36845,24437,1687,15501,2501,10402,3027,7194,2790,4791,2348,2869,1509,1545,690,702,274,225,101,68,23,18,2,1,1,3,0,0,0,0,0,0,0,0,0,0,0
0,0,0,0,0,0,0,0,0,0,0,0,0,0,0,0,0,0,0,0,0,0,0,0,0,0,0,0,0,0,0,1,0,12,0,23,76,0,151,0,417,0,803,0,1756,0,3424,0,6385,0,11672,0,20385,0,33798,0,53818,0,82491,0,121954,0,172645,0,235679,0,310314,0,392251,0,478744,0,563535,639141,0,702376,0,745633,0,765408,0,759133,0,730046,0,677743,0,611903,0,533780,0,449919,0,371246,0,294164,0,227129,0,169012,6,122068,31,85219,132,57252,395,37427,24868,1688,15840,2383,10639,3026,7249,2888,4770,2319,2949,1568,1578,703,706,279,237,95,73,25,21,3,0,2,2,0,0,0,0,0,0,0,0,0,0,0
0,0,0,0,0,0,0,0,0,0,0,0,0,0,0,0,0,0,0,0,0,0,0,0,0,0,0,0,0,0,0,0,0,8,0,22,78,0,160,0,377,0,810,0,1645,0,3381,0,6187,0,11555,0,19893,0,33337,0,52977,0,81296,0,120014,0,170821,0,232406,0,307638,0,388746,0,474909,0,560894,636636,0,699179,0,743560,0,766055,0,760088,0,730132,0,681193,0,614337,0,536409,0,453801,0,373754,0,298079,0,229196,0,171136,11,123819,35,86800,136,58191,357,38259,25331,1636,15986,2440,10767,3055,7369,2887,4871,2305,3078,1527,1607,735,731,289,261,78,84,22,26,2,3,0,1,0,0,0,0,0,0,0,0,0,0,0
0,0,0,0,0,0,0,0,0,0,0,0,0,0,0,0,0,0,0,0,0,0,0,0,0,0,0,0,0,0,0,2,0,7,0,26,58,0,164,0,328,0,783,0,1645,0,3308,0,6085,0,11324,0,19414,0,32860,0,52101,0,80044,0,118923,0,167653,0,230315,0,304661,0,385627,0,471898,0,556076,634530,0,696926,0,741986,0,764585,0,761797,0,731598,0,682574,0,617168,0,539035,0,458198,0,376777,0,301040,0,231469,0,173460,10,126054,43,87677,126,59385,313,38929,25926,1590,16194,2458,10890,3060,7509,2975,4857,2378,3057,1564,1663,803,703,305,271,86,79,20,29,4,3,1,0,0,1,0,0,0,0,0,0,0,0,0
0,0,0,0,0,0,0,0,0,0,0,0,0,0,0,0,0,0,0,0,0,0,0,0,0,0,0,0,0,1,0,1,0,8,0,24,52,0,141,0,363,0,707,0,1605,0,3276,0,5961,0,11055,0,18983,0,32365,0,50940,0,79062,0,117315,0,165438,0,228203,0,300889,0,382743,0,468452,0,552376,630852,0,694269,0,742355,0,764346,0,760766,0,733290,0,685736,0,619568,0,542008,0,461293,0,380126,0,304156,0,234002,0,176231,9,127160,35,89385,130,60115,348,39414,26539,1527,16615,2310,11122,3025,7649,2977,4942,2384,3131,1621,1643,784,753,334,265,104,67,26,25,7,2,1,0,0,1,0,0,0,0,0,0,0,0,0
0,0,0,0,0,0,0,0,0,0,0,0,0,0,0,0,0,0,0,0,0,0,0,0,0,0,0,0,0,1,0,1,0,10,0,16,54,0,145,0,333,0,725,0,1614,0,3135,0,5881,0,10761,0,18642,0,31533,0,50550,0,77794,0,115253,0,164214,0,225305,0,296490,0,379897,0,465565,0,549045,628035,0,692397,0,738866,0,765140,0,762259,0,733424,0,687029,0,622787,0,545826,0,464460,0,383148,0,307267,0,237248,0,177653,6,129084,33,90890,114,61100,337,40256,26811,1467,17065,2372,11201,2979,7781,2929,5204,2373,3198,1627,1663,799,739,354,276,103,81,31,22,8,1,0,0,0,1,0,0,0,0,0,0,0,0,0
0,0,0,0,0,0,0,0,0,0,0,0,0,0,0,0,0,0,0,0,0,0,0,0,0,0,0,0,0,1,0,1,0,10,0,22,50,0,149,0,320,0,719,0,1507,0,3118,0,5761,0,10558,0,18248,0,30709,0,49872,0,76744,0,113508,0,162020,0,222282,0,294894,0,375006,0,461419,0,546487,625455,0,689751,0,738257,0,763667,0,761529,0,736505,0,689732,0,623881,0,549833,0,467893,0,387047,0,309445,0,239812,1,180232,5,130777,35,91876,111,62265,314,41113,27294,1453,17346,2352,11453,2985,7936,2958,5110,2430,3323,1626,1727,814,751,351,305,93,98,32,21,5,3,0,0,0,1,0,0,0,0,0,0,0,0,0
0,0,0,0,0,0,0,0,0,0,0,0,0,0,0,0,0,0,0,0,0,0,0,0,0,0,0,0,0,0,0,2,0,6,0,28,42,0,132,0,331,0,700,0,1496,0,2961,0,5691,0,10337,0,17819,0,30194,0,48792,0,75603,0,111984,0,159928,0,219884,0,291876,0,371857,0,458112,0,542792,621537,0,687252,0,737789,0,762900,0,762446,0,737068,0,691209,0,627002,0,552672,0,472329,0,389871,0,312343,0,242816,1,181966,6,133035,26,93247,111,63415,302,41846,27518,1400,17858,2288,11657,2889,8132,2908,5243,2465,3319,1623,1814,837,797,345,289,107,100,28,25,4,5,0,0,0,0,0,1,0,0,0,0,0,0,0
0,0,0,0,0,0,0,0,0,0,0,0,0,0,0,0,0,0,0,0,0,0,0,0,0,0,0,0,0,1,0,1,0,6,0,22,47,0,139,0,326,0,668,0,1444,0,2888,0,5525,0,9972,0,17553,0,29829,0,48106,0,74123,0,110359,0,157927,0,217183,0,289152,0,368773,0,453817,0,539746,618275,0,685700,0,735657,0,761875,0,762598,0,738284,0,693657,0,629790,0,556229,0,474525,0,393508,0,316155,0,245110,0,184626,5,134428,33,94768,105,64668,318,42315,28290,1375,18024,2322,11773,2967,8113,3010,5362,2455,3420,1669,1801,846,810,366,297,111,96,29,24,3,6,1,1,0,0,0,1,0,0,0,0,0,0,0
0,0,0,0,0,0,0,0,0,0,0,0,0,0,0,0,0,0,0,0,0,0,0,0,0,0,0,0,0,2,0,0,0,8,0,20,41,0,155,0,302,0,642,0,1426,0,2785,0,5345,0,9816,0,17301,0,29128,0,47246,0,73052,0,109003,0,155465,0,214698,0,286327,0,365571,0,450410,0,535812,615816,0,683967,0,734146,0,760225,0,762221,0,740398,0,694833,0,633524,0,558960,0,478285,0,396611,0,319065,0,247902,0,186472,2,136561,26,96237,98,65371,320,43561,28557,1389,18218,2284,11968,3038,8116,3034,5536,2474,3447,1663,1895,876,791,367,317,117,95,32,23,5,6,1,1,0,1,0,1,0,0,0,0,0,0,0
0,0,0,0,0,0,0,0,0,0,0,0,0,0,0,0,0,0,0,0,0,0,0,0,0,0,0,0,0,0,0,3,0,6,0,17,47,0,142,0,296,0,626,0,1404,0,2662,0,5224,0,9629,0,16997,0,28746,0,46239,0,71906,0,107299,0,153469,0,212483,0,282856,0,362951,0,445900,0,533457,612666,0,681135,0,731948,0,760225,0,763219,0,739680,0,697930,0,636072,0,561519,0,482281,0,399604,0,322476,0,250225,0,189247,7,138121,24,97768,97,66698,310,44042,29221,1385,18418,2282,12270,2934,8329,2994,5577,2477,3539,1707,1917,879,843,343,368,97,106,27,27,6,5,1,2,0,0,0,1,0,0,0,0,0,0,0
0,0,0,0,0,0,0,0,0,0,0,0,0,0,0,0,0,0,0,0,0,0,0,0,0,0,0,0,0,1,0,2,0,3,0,21,51,0,124,0,268,0,652,0,1331,0,2597,0,5059,0,9445,0,16620,0,28391,0,45582,0,70629,0,105652,0,151965,0,209820,0,279513,0,359467,0,443697,0,527971,610527,0,678807,0,731165,0,758188,0,761701,0,743238,0,699416,0,638798,0,565446,0,484374,0,404273,0,324650,0,252864,2,191441,3,140625,20,99193,91,67444,281,44770,29720,1371,18775,2256,12482,2890,8485,3088,5584,2551,3601,1715,1935,905,838,402,329,129,111,22,26,1,9,1,3,0,1,0,0,0,0,0,0,0,0,0
0,0,0,0,0,0,0,0,0,0,0,0,0,0,0,0,0,0,0,0,0,0,0,0,0,0,0,0,0,1,0,3,0,5,0,17,46,0,127,0,262,0,641,0,1250,0,2614,0,4915,0,9267,0,16351,0,27770,0,44734,0,69492,0,104433,0,149687,0,207534,0,276518,0,356095,0,440238,0,525699,605924,0,676483,0,729063,0,758334,0,760742,0,744287,0,701317,0,642593,0,568416,0,488009,0,406758,0,327864,0,255976,3,193777,6,142316,23,100738,89,68709,254,45575,29929,1341,19225,2263,12622,2883,8556,3086,5785,2635,3573,1704,1979,933,890,403,337,130,113,23,27,3,9,1,3,0,0,0,0,0,0,0,0,0,0,0
0,0,0,0,0,0,0,0,0,0,0,0,0,0,0,0,0,0,0,0,0,0,0,0,0,0,0,0,0,0,0,4,0,4,0,15,67,0,110,0,274,0,572,0,1248,0,2536,0,4838,0,8972,0,16154,0,27290,0,43859,0,68769,0,102846,0,147598,0,204888,0,274074,0,351855,0,437198,0,522560,602672,0,674806,0,726934,0,756288,0,761392,0,745067,0,704892,0,644512,0,571473,0,491207,0,409856,0,330884,0,258706,4,196129,5,144124,23,102038,94,70385,271,46014,30500,1354,19389,2200,12926,2907,8671,3073,5898,2636,3665,1742,2028,897,934,426,325,162,103,22,25,5,10,1,1,0,1,0,0,0,0,0,0,0,0,0
0,0,0,0,0,0,0,0,0,0,0,0,0,0,0,0,0,0,0,0,0,0,0,0,0,0,0,0,0,0,0,3,0,5,0,19,45,0,125,0,251,0,576,0,1235,0,2398,0,4762,0,8867,0,15656,0,26812,0,43441,0,67409,0,100907,0,146404,0,202191,0,271049,0,348419,0,433185,0,519118,601243,0,671747,0,725250,0,753894,0,762556,0,746379,0,706555,0,646120,0,574895,0,494754,0,413757,0,333516,0,261836,1,198469,4,145862,28,103646,75,71366,278,47152,30804,1311,19616,2254,13185,2908,8771,3049,6064,2587,3821,1741,2008,962,962,399,369,167,94,31,25,8,8,1,3,0,0,0,0,0,0,0,0,0,0,0
0,0,0,0,0,0,0,0,0,0,0,0,0,0,0,0,0,0,0,0,0,0,0,0,0,0,0,0,0,1,0,2,0,5,0,15,53,0,110,0,250,0,564,0,1186,0,2389,0,4638,0,8675,0,15441,0,26432,0,42337,0,66217,0,99839,0,143852,0,200402,0,267750,0,345251,0,429988,0,515750,598414,0,669480,0,722231,0,754784,0,761384,0,748369,0,707522,0,648487,0,578531,0,497927,0,416341,0,337361,0,264002,1,200837,8,147930,24,105565,84,72040,271,47940,31406,1208,20265,2135,13298,2879,8965,3072,6019,2674,3839,1801,2107,952,960,414,386,162,102,35,30,6,9,0,4,0,0,0,0,0,0,0,0,0,0,0
0,0,0,0,0,0,0,0,0,0,0,0,0,0,0,0,0,0,0,0,0,0,0,0,0,0,0,0,0,1,0,2,0,6,0,11,50,0,126,0,243,0,524,0,1188,0,2293,0,4542,0,8550,0,15084,0,25868,0,41847,0,65160,0,98396,0,142076,0,197687,0,264260,0,343007,0,426420,0,512013,595602,0,666304,0,721078,0,752821,0,762463,0,748358,0,709672,0,652780,0,579833,0,501568,0,419118,0,340998,0,267063,1,203282,6,149368,19,106955,72,73240,269,48958,32103,1226,20348,2159,13456,2809,9254,3001,6166,2658,3913,1845,2137,967,1032,419,381,152,114,39,29,5,8,0,4,1,0,0,0,0,0,0,0,0,0,0
0,0,0,0,0,0,0,0,0,0,0,0,0,0,0,0,0,0,0,0,0,0,0,0,0,0,0,0,0,1,0,2,0,8,0,19,43,0,112,0,250,0,544,0,1123,0,2288,0,4401,0,8306,0,14934,0,25262,0,41112,0,64413,0,96779,0,140301,0,194642,0,262161,0,339916,0,422316,0,509074,592810,0,663390,0,719173,0,753032,0,761523,0,748623,0,712007,0,654774,0,583853,0,503927,0,422320,0,344180,0,270462,2,205738,7,151029,18,108192,76,74542,248,49744,32505,1273,20780,2129,13705,2837,9359,3003,6198,2764,3944,1802,2216,971,1036,472,372,145,133,39,29,7,9,0,2,1,0,0,0,0,0,0,0,0,0,0
0,0,0,0,0,0,0,0,0,0,0,0,0,0,0,0,0,0,0,0,0,0,0,0,0,0,0,0,0,1,0,2,0,11,0,15,48,0,106,0,254,0,525,0,1114,0,2160,0,4357,0,8046,0,14573,0,24896,0,40442,0,63238,0,95420,0,138995,0,191664,0,259456,0,336590,0,419852,0,506016,588156,0,660720,0,717404,0,751107,0,762895,0,748891,0,713963,0,657607,0,587070,0,507062,0,425865,0,347222,0,272987,1,207960,7,153395,21,109332,67,75922,221,50643,32964,1225,21006,2132,13975,2779,9521,3042,6353,2741,3960,1855,2238,1039,1035,494,379,151,137,37,25,10,8,0,2,1,0,0,0,0,0,0,0,0,0,0
0,0,0,0,0,0,0,0,0,0,0,0,0,0,0,0,0,0,0,0,0,0,0,0,0,0,0,0,0,0,0,3,0,11,0,16,45,0,106,0,228,0,495,0,1078,0,2111,0,4229,0,7945,0,14375,0,24097,0,39885,0,62396,0,94025,0,136187,0,190517,0,256720,0,333269,0,416525,0,502434,584986,0,657849,0,715594,0,750721,0,761713,0,750024,0,715633,0,660282,0,589805,0,511935,0,428217,0,349961,0,275864,1,210258,4,155366,27,111135,52,76875,237,51430,33717,1239,21391,2080,14006,2774,9726,3118,6432,2723,4052,1885,2231,1042,1041,476,440,151,125,38,33,10,11,0,1,0,0,0,0,0,0,0,0,0,0,0
0,0,0,0,0,0,0,0,0,0,0,0,0,0,0,0,0,0,0,0,0,0,0,0,0,0,0,0,0,0,0,4,0,6,0,18,41,0,106,0,237,0,442,0,1070,0,2067,0,4167,0,7847,0,13865,0,23647,0,39252,0,61167,0,92869,0,134254,0,188261,0,254084,0,329941,0,413351,0,499737,581319,0,655073,0,714314,0,749013,0,762605,0,750058,0,717277,0,661846,0,593894,0,515047,0,431789,0,352983,0,278207,1,212490,2,157649,25,112435,70,78057,225,52277,34302,1197,21772,2079,14316,2743,9735,3071,6648,2709,4117,1906,2302,1039,1061,486,449,159,136,38,31,15,5,0,3,0,0,0,0,0,0,0,0,0,0,0
0,0,0,0,0,0,0,0,0,0,0,0,0,0,0,0,0,0,0,0,0,0,0,0,0,0,0,0,0,0,0,3,0,3,0,19,43,0,98,0,209,0,446,0,1106,0,1996,0,4091,0,7625,0,13537,0,23459,0,38234,0,60253,0,91469,0,133062,0,185658,0,250722,0,327391,0,410354,0,495044,578748,0,653582,0,710605,0,749087,0,761479,0,752651,0,717616,0,664729,0,596147,0,517971,0,435413,0,356543,0,280770,0,215628,3,159223,27,113755,65,79118,222,52993,35191,1170,22146,1952,14756,2718,9836,3024,6706,2762,4160,1936,2286,1074,1162,492,414,193,141,38,28,10,13,2,1,0,0,0,0,0,0,0,0,0,0,0
0,0,0,0,0,0,0,0,0,0,0,0,0,0,0,0,0,0,0,0,0,0,0,0,0,0,0,0,0,0,0,2,0,5,0,9,45,0,91,0,217,0,464,0,969,0,2085,0,3983,0,7362,0,13441,0,22841,0,37749,0,58934,0,90461,0,131497,0,183433,0,248164,0,323530,0,406513,0,492490,576072,0,650809,0,708583,0,746805,0,763188,0,752283,0,719746,0,665916,0,599710,0,521255,0,439213,0,359035,0,283261,0,218257,3,161424,19,115681,55,79730,207,53898,35803,1174,22771,1909,14849,2800,9897,3060,6702,2783,4245,1993,2385,1062,1161,510,448,182,136,47,33,7,11,4,1,0,0,0,0,0,0,0,0,0,0,0
0,0,0,0,0,0,0,0,0,0,0,0,0,0,0,0,0,0,0,0,0,0,0,0,0,0,0,0,0,0,0,0,0,5,0,13,37,0,103,0,196,0,482,0,938,0,2010,0,3833,0,7398,0,13028,0,22579,0,36983,0,58169,0,88873,0,129515,0,181732,0,245264,0,320153,0,403611,0,488520,572892,0,648120,0,707050,0,746554,0,762465,0,753862,0,720171,0,668091,0,601927,0,525444,0,443251,0,361114,0,286379,2,220581,2,163223,10,117560,61,80986,213,54417,36051,1165,23404,1947,15074,2810,10111,3042,6809,2778,4344,1976,2356,1156,1149,508,476,178,152,36,50,2,13,4,0,0,0,0,0,0,0,0,0,0,0,0
0,0,0,0,0,0,0,0,0,0,0,0,0,0,0,0,0,0,0,0,0,0,0,0,0,0,0,0,0,0,0,0,0,3,0,14,35,0,95,0,208,0,485,0,931,0,1916,0,3818,0,7077,0,12976,0,21959,0,36271,0,57592,0,87242,0,127665,0,179542,0,242480,0,318317,0,399224,0,485348,570107,0,645550,0,704538,0,745568,0,762037,0,754365,0,722851,0,670079,0,605366,0,527100,0,446196,0,365318,0,288666,0,222813,3,165530,10,119024,53,82322,207,55280,36658,1128,23799,1954,15267,2738,10354,3058,6936,2776,4350,1993,2447,1129,1183,519,493,184,146,46,46,9,9,5,0,0,0,0,0,0,0,0,0,0,0,0
0,0,0,0,0,0,0,0,0,0,0,0,0,0,0,0,0,0,0,0,0,0,0,0,0,0,0,0,0,0,0,0,0,1,0,11,36,0,92,0,223,0,435,0,921,0,1870,0,3723,0,6942,0,12576,0,21694,0,35879,0,56365,0,86142,0,126135,0,176716,0,240497,0,314287,0,396690,0,481973,567150,0,642251,0,702226,0,744446,0,763031,0,754712,0,725083,0,672669,0,607308,0,530194,0,449317,0,367749,0,291651,1,225156,1,167522,19,120765,61,83796,193,55944,37428,1159,23978,1967,15636,2635,10434,3146,7029,2792,4392,2003,2516,1123,1186,561,510,180,161,56,39,8,14,2,0,0,0,0,0,0,0,0,0,0,0,0
0,0,0,0,0,0,0,0,0,0,0,0,0,0,0,0,0,0,0,0,0,0,0,0,0,0,0,0,0,0,0,0,0,1,0,13,41,0,83,0,216,0,392,0,922,0,1783,0,3646,0,6800,0,12372,0,21232,0,35133,0,56185,0,84099,0,124447,0,175186,0,237228,0,311871,0,393368,0,478845,563511,0,639164,0,700832,0,742381,0,762247,0,757643,0,725842,0,675554,0,608473,0,534630,0,452024,0,370938,0,294274,1,227566,3,169439,13,122216,43,85153,194,56745,38160,1088,24428,1876,15786,2625,10637,3162,7077,2804,4457,2044,2570,1169,1235,545,532,182,160,53,43,13,11,1,1,0,0,0,0,0,0,0,0,0,0,0
0,0,0,0,0,0,0,0,0,0,0,0,0,0,0,0,0,0,0,0,0,0,0,0,0,0,0,0,0,0,0,0,0,3,0,7,36,0,78,0,204,0,437,0,885,0,1776,0,3479,0,6697,0,12108,0,20842,0,34494,0,54667,0,83659,0,123148,0,172246,0,235334,0,308720,0,389547,0,476703,560143,0,635472,0,698945,0,742338,0,761114,0,757470,0,727642,0,678222,0,611147,0,536523,0,456295,0,374364,0,297019,1,229590,3,171357,12,124218,56,86284,204,57711,38582,1117,24932,1804,16022,2601,10748,3081,7231,2795,4585,2120,2599,1161,1257,575,512,203,153,64,43,12,8,3,0,0,0,0,0,0,0,0,0,0,0,0
0,0,0,0,0,0,0,0,0,0,0,0,0,0,0,0,0,0,0,0,0,0,0,0,0,0,0,0,0,0,0,0,0,2,0,6,34,0,70,0,194,0,432,0,838,0,1744,0,3374,0,6509,0,11858,0,20508,0,33809,0,53786,0,82686,0,121034,0,170398,0,232455,0,305977,0,386826,0,472607,557079,0,633520,0,696527,0,740791,0,761332,0,757278,0,728979,0,680828,0,614761,0,540038,0,459385,0,376114,0,300128,1,232228,3,173249,10,125766,57,87742,209,58515,39015,1078,25122,1752,16504,2663,10911,3040,7337,2845,4555,2175,2627,1212,1239,576,565,202,177,49,55,8,12,1,1,0,0,0,0,0,0,0,0,0,0,0
0,0,0,0,0,0,0,0,0,0,0,0,0,0,0,0,0,0,0,0,0,0,0,0,0,0,0,0,0,0,0,0,0,2,0,8,27,0,82,0,182,0,413,0,806,0,1710,0,3321,0,6374,0,11623,0,20066,0,33267,0,52584,0,81683,0,119466,0,168354,0,230453,0,302283,0,384133,0,469580,553098,0,630193,0,696933,0,738595,0,760173,0,758725,0,729389,0,682989,0,619065,0,542082,0,461753,0,380030,0,303075,0,233848,4,175704,12,127243,41,88806,198,59678,39748,1036,25388,1810,16659,2660,11144,3099,7303,2850,4656,2114,2700,1236,1315,554,569,215,163,57,55,13,11,1,0,1,0,0,0,0,0,0,0,0,0,0
0,0,0,0,0,0,0,0,0,0,0,0,0,0,0,0,0,0,0,0,0,0,0,0,0,0,0,0,0,0,0,1,0,3,0,3,32,0,76,0,192,0,369,0,786,0,1653,0,3182,0,6262,0,11315,0,19940,0,32618,0,51752,0,80594,0,117549,0,166745,0,227708,0,299299,0,380738,0,466274,550072,0,627928,0,693864,0,737511,0,760646,0,759084,0,731517,0,684366,0,621219,0,546521,0,463812,0,382699,0,305999,0,236992,4,177517,12,128702,53,90115,184,60236,40566,1071,25846,1834,16822,2677,11126,3119,7507,2805,4766,2137,2766,1202,1347,583,551,218,178,63,50,11,16,2,0,1,0,0,0,0,0,0,0,0,0,0
0,0,0,0,0,0,0,0,0,0,0,0,0,0,0,0,0,0,0,0,0,0,0,0,0,0,0,0,0,1,0,0,0,1,0,4,31,0,80,0,170,0,353,0,803,0,1587,0,3202,0,6081,0,11137,0,19351,0,32254,0,51055,0,78752,0,116573,0,164626,0,224944,0,296909,0,377841,0,462891,546322,0,625717,0,690475,0,737447,0,760496,0,759263,0,733804,0,685600,0,624575,0,547848,0,468169,0,385328,0,308956,0,239128,2,179899,12,129901,49,91283,180,61617,40961,1056,26181,1811,17178,2677,11315,3094,7452,2860,4807,2186,2850,1235,1304,598,566,220,193,71,51,7,15,2,0,1,0,0,0,0,0,0,0,0,0,0
0,0,0,0,0,0,0,0,0,0,0,0,0,0,0,0,0,0,0,0,0,0,0,0,0,0,0,0,0,1,0,0,0,1,0,5,31,0,67,0,153,0,352,0,824,0,1511,0,3113,0,5997,0,10862,0,19090,0,31530,0,50603,0,77393,0,114905,0,162751,0,222795,0,293541,0,374479,0,460339,543663,0,622899,0,688606,0,735232,0,759607,0,759435,0,736234,0,687917,0,626995,0,551012,0,471167,0,388668,0,311203,1,241692,2,181242,11,131772,49,92511,167,62650,41559,1025,26717,1808,17361,2551,11386,3173,7605,2864,4947,2107,2864,1241,1363,600,597,219,186,72,58,9,15,2,0,1,0,0,0,0,0,0,0,0,0,0
0,0,0,0,0,0,0,0,0,0,0,0,0,0,0,0,0,0,0,0,0,0,0,0,0,0,0,0,0,0,0,1,0,1,0,7,18,0,73,0,145,0,339,0,735,0,1589,0,3114,0,5813,0,10687,0,18523,0,31185,0,49877,0,76006,0,112982,0,161125,0,219482,0,292077,0,371534,0,456053,541142,0,619980,0,686028,0,734498,0,758703,0,760104,0,737035,0,691480,0,629202,0,554764,0,473241,0,391878,0,313841,0,243688,1,183728,12,133259,45,93655,158,63538,41961,1047,27249,1789,17671,2589,11543,3111,7719,2887,4958,2157,2922,1269,1399,630,575,228,192,71,64,14,14,2,0,1,0,0,0,0,0,0,0,0,0,0
0,0,0,0,0,0,0,0,0,0,0,0,0,0,0,0,0,0,0,0,0,0,0,0,0,0,0,0,0,0,0,0,0,1,0,11,16,0,60,0,146,0,344,0,730,0,1515,0,3028,0,5759,0,10541,0,18186,0,30616,0,49011,0,74740,0,111632,0,158949,0,217990,0,288455,0,368374,0,453307,537948,0,616991,0,683387,0,732452,0,759960,0,761114,0,737612,0,694305,0,630118,0,558405,0,475382,0,395845,0,316558,0,246337,2,185154,10,134977,51,94913,161,64274,42830,975,27861,1778,17786,2571,11679,3071,7883,2910,5037,2138,2991,1292,1389,638,615,224,205,71,67,14,14,1,0,1,0,0,0,0,0,0,0,0,0,0
0,0,0,0,0,0,0,0,0,0,0,0,0,0,0,0,0,0,0,0,0,0,0,0,0,0,0,0,0,0,0,0,0,0,0,11,25,0,55,0,129,0,353,0,738,0,1478,0,3002,0,5618,0,10091,0,18015,0,30054,0,48179,0,73878,0,109794,0,156852,0,216309,0,285814,0,364211,0,451024,534571,0,613951,0,681334,0,732319,0,758092,0,761935,0,739602,0,695244,0,632666,0,560033,0,479938,0,398370,0,319989,0,248489,3,187104,9,136440,39,96329,140,65240,43612,933,28218,1735,18129,2501,11987,3069,7894,2964,5116,2203,2921,1314,1438,669,631,236,204,72,65,9,17,1,2,1,0,0,0,0,0,0,0,0,0,0
0,0,0,0,0,0,0,0,0,0,0,0,0,0,0,0,0,0,0,0,0,0,0,0,0,0,0,0,0,0,0,0,0,1,0,11,23,0,64,0,128,0,336,0,699,0,1502,0,2875,0,5453,0,9999,0,17671,0,29213,0,47557,0,72866,0,108366,0,154717,0,213468,0,283144,0,362416,0,447269,531613,0,611735,0,677875,0,731261,0,757353,0,762699,0,740813,0,696968,0,635444,0,562630,0,482798,0,401578,0,322822,0,251112,3,188997,13,138527,36,97355,138,66095,44255,925,28510,1793,18479,2549,12030,3059,8039,2942,5242,2238,2964,1366,1444,655,641,244,221,70,66,9,18,2,4,0,0,0,0,0,0,0,0,0,0,0
0,0,0,0,0,0,0,0,0,0,0,0,0,0,0,0,0,0,0,0,0,0,0,0,0,0,0,0,0,0,0,0,0,2,0,9,29,0,50,0,133,0,312,0,694,0,1436,0,2879,0,5321,0,9840,0,17154,0,28751,0,46610,0,71801,0,106838,0,153273,0,211206,0,279943,0,359709,0,443312,529248,0,608411,0,677305,0,727590,0,757883,0,762905,0,741525,0,698594,0,639068,0,566149,0,485226,0,404542,0,325500,0,253766,3,191234,10,139600,34,98862,149,67104,44747,929,28934,1770,18757,2557,12184,3011,8129,3024,5235,2259,3028,1392,1478,666,654,254,218,68,69,10,17,4,4,0,0,0,0,0,0,0,0,0,0,0
0,0,0,0,0,0,0,0,0,0,0,0,0,0,0,0,0,0,0,0,0,0,0,0,0,0,0,0,0,0,0,1,0,1,0,14,16,0,63,0,127,0,286,0,688,0,1411,0,2746,0,5344,0,9632,0,16765,0,28166,0,45680,0,71015,0,104926,0,151199,0,209145,0,278104,0,355364,0,439814,526500,0,606757,0,674500,0,727114,0,756628,0,763448,0,741739,0,701229,0,641217,0,568760,0,489989,0,407098,0,327243,0,256464,4,193414,8,140892,38,100537,152,68080,45558,895,29017,1763,18913,2662,12434,2995,8300,3037,5182,2302,3141,1378,1527,649,694,240,234,65,65,12,19,4,4,0,0,0,0,0,0,0,0,0,0,0
0,0,0,0,0,0,0,0,0,0,0,0,0,0,0,0,0,0,0,0,0,0,0,0,0,0,0,0,0,1,0,0,0,0,0,12,16,0,61,0,122,0,290,0,649,0,1394,0,2743,0,5124,0,9349,0,16441,0,27801,0,45033,0,69727,0,103693,0,149771,0,205894,0,274757,0,352697,0,437220,523377,0,604166,0,672406,0,724596,0,755906,0,764369,0,743124,0,702659,0,644509,0,571464,0,492377,0,410796,0,330414,0,258066,2,195981,6,142629,40,101472,146,69289,46074,891,29549,1667,19372,2565,12617,2995,8336,3014,5272,2326,3208,1344,1564,660,682,268,239,65,68,15,20,4,3,0,1,0,0,0,0,0,0,0,0,0
0,0,0,0,0,0,0,0,0,0,0,0,0,0,0,0,0,0,0,0,0,0,0,0,0,0,0,0,0,1,0,0,0,2,0,2,25,0,56,0,106,0,310,0,624,0,1292,0,2717,0,5014,0,9102,0,16287,0,27178,0,43989,0,68816,0,102751,0,147818,0,203939,0,271390,0,349464,0,434620,519549,0,601402,0,670493,0,723115,0,755636,0,762646,0,745732,0,705371,0,646000,0,574799,0,495591,0,413205,0,333432,0,260814,2,197645,14,144497,38,102790,136,70278,46727,903,29874,1709,19657,2554,12863,2979,8446,3008,5413,2312,3185,1440,1581,685,700,248,239,72,80,13,23,3,5,0,1,0,0,0,0,0,0,0,0,0
0,0,0,0,0,0,0,0,0,0,0,0,0,0,0,0,0,0,0,0,0,0,0,0,0,0,0,1,0,0,0,0,0,2,0,4,19,0,47,0,112,0,290,0,637,0,1297,0,2583,0,4869,0,9109,0,15903,0,26675,0,43066,0,67962,0,101348,0,145651,0,202482,0,268449,0,346451,0,430361,517658,0,597676,0,668670,0,721969,0,755494,0,762215,0,746193,0,707291,0,648525,0,577710,0,498573,0,416050,0,336541,0,262707,2,200203,11,146734,33,103877,127,71465,47061,851,30556,1640,19868,2485,13123,3014,8475,2959,5551,2314,3267,1455,1670,655,709,264,250,82,74,12,22,4,4,0,1,0,0,0,0,0,0,0,0,0
0,0,0,0,0,0,0,0,0,0,0,0,0,0,0,0,0,0,0,0,0,0,0,0,0,0,0,1,0,0,0,0,0,0,0,10,18,0,38,0,116,0,259,0,629,0,1264,0,2544,0,4755,0,8982,0,15398,0,26390,0,42485,0,66529,0,100284,0,144064,0,199087,0,266769,0,343447,0,427591,512915,0,596057,0,665817,0,720169,0,755269,0,761839,0,747562,0,710197,0,650799,0,580104,0,500977,0,419452,0,339529,0,265869,0,201946,12,148060,43,105211,125,72383,47865,846,30939,1633,20153,2534,13276,3051,8669,2880,5597,2378,3331,1457,1667,679,747,260,249,83,74,14,23,4,3,0,1,0,0,0,0,0,0,0,0,0
0,0,0,0,0,0,0,0,0,0,0,0,0,0,0,0,0,0,0,0,0,0,0,0,0,0,0,1,0,0,0,0,0,3,0,6,17,0,35,0,113,0,259,0,611,0,1243,0,2367,0,4776,0,8693,0,15139,0,25802,0,42127,0,65276,0,98544,0,142036,0,197835,0,263154,0,340763,0,424243,510783,0,591760,0,663838,0,719305,0,753180,0,763447,0,748469,0,710792,0,654267,0,583387,0,503400,0,423031,0,342011,0,268600,2,203677,8,150084,43,106565,129,73057,48676,794,31423,1653,20530,2499,13403,3084,8772,2895,5656,2394,3387,1509,1674,707,745,249,267,95,73,14,18,3,9,0,1,0,0,0,0,0,0,0,0,0
0,0,0,0,0,0,0,0,0,0,0,0,0,0,0,0,0,0,0,0,0,0,0,0,0,0,0,1,0,0,0,0,0,2,0,7,16,0,35,0,111,0,270,0,605,0,1163,0,2347,0,4610,0,8496,0,14987,0,25340,0,41357,0,64108,0,97027,0,141102,0,194547,0,261218,0,337414,0,421535,506948,0,589760,0,660373,0,718493,0,751937,0,763887,0,749625,0,713887,0,655405,0,585709,0,507401,0,425311,0,344812,0,271238,1,205673,10,151964,44,107691,123,74406,49243,794,32003,1645,20850,2430,13546,3015,8825,2906,5866,2393,3467,1441,1755,756,715,280,264,99,73,19,15,3,8,0,1,0,0,0,0,0,0,0,0,0
0,0,0,0,0,0,0,0,0,0,0,0,0,0,0,0,0,0,0,0,0,0,0,0,0,0,0,1,0,0,0,0,0,3,0,4,17,0,35,0,103,0,263,0,578,0,1184,0,2297,0,4507,0,8248,0,14677,0,24982,0,40673,0,63494,0,95395,0,138751,0,192140,0,259115,0,334669,0,418368,504055,0,586271,0,659464,0,715179,0,751452,0,763606,0,752044,0,714106,0,659382,0,588194,0,509844,0,427947,0,348341,0,273190,1,208656,10,153117,39,109218,126,75260,49956,825,32512,1595,21014,2451,13804,3019,8976,2964,5821,2371,3504,1532,1795,749,766,263,258,101,83,16,17,4,4,0,2,0,0,0,0,0,0,0,0,0
0,0,0,0,0,0,0,0,0,0,0,0,0,0,0,0,0,0,0,0,0,0,0,0,0,0,0,1,0,0,0,0,0,3,0,6,14,0,37,0,87,0,257,0,570,0,1131,0,2332,0,4319,0,8029,0,14532,0,24601,0,40104,0,62318,0,94053,0,136489,0,190353,0,256402,0,332125,0,415493,500136,0,583879,0,656786,0,713533,0,750654,0,764099,0,751612,0,717362,0,661079,0,591022,0,513096,0,430831,0,351060,0,276164,0,210515,9,155050,43,110318,114,76233,50913,849,32911,1538,21261,2477,14057,2959,9115,2985,5874,2389,3566,1535,1828,739,787,279,268,94,90,11,20,5,6,1,0,0,0,0,0,0,0,0,0,0
0,0,0,0,0,0,0,0,0,0,0,0,0,0,0,0,0,0,0,0,0,0,0,0,0,0,0,1,0,0,0,0,0,2,0,10,6,0,39,0,89,0,247,0,540,0,1091,0,2276,0,4275,0,7850,0,14225,0,24068,0,39509,0,61793,0,92736,0,134303,0,187986,0,253116,0,330003,0,412364,497437,0,580749,0,653501,0,712763,0,750956,0,763073,0,752828,0,717750,0,663671,0,594385,0,515987,0,434410,0,353234,0,279008,0,212956,10,156319,45,111954,109,76926,51841,843,33570,1521,21473,2387,14198,2999,9331,2915,5922,2373,3701,1538,1849,781,753,303,277,96,89,15,21,5,6,1,0,0,0,0,0,0,0,0,0,0
0,0,0,0,0,0,0,0,0,0,0,0,0,0,0,0,0,0,0,0,0,0,0,0,0,0,0,1,0,0,0,0,0,0,0,8,12,0,42,0,90,0,223,0,509,0,1101,0,2200,0,4163,0,7667,0,13971,0,23478,0,38955,0,60509,0,91788,0,132565,0,185910,0,250609,0,326564,0,409637,494269,0,577515,0,652116,0,710538,0,749054,0,764425,0,753045,0,719577,0,666215,0,597385,0,519479,0,436267,0,356554,0,281448,1,215020,6,158109,36,113796,103,77915,52218,819,33939,1490,22034,2335,14512,2990,9276,2989,6044,2424,3576,1575,1888,800,785,299,297,104,87,19,22,5,5,1,0,0,0,0,0,0,0,0,0,0
0,0,0,0,0,0,0,0,0,0,0,0,0,0,0,0,0,0,0,0,0,0,0,0,0,1,0,0,0,0,0,0,0,1,0,8,11,0,41,0,94,0,227,0,479,0,1071,0,2143,0,4097,0,7576,0,13509,0,23077,0,38347,0,59685,0,90041,0,131099,0,184087,0,248324,0,322442,0,406841,491323,0,574175,0,650930,0,708445,0,747289,0,764385,0,753900,0,721370,0,668634,0,600443,0,522363,0,439629,0,358798,0,284292,0,217175,3,160313,40,114705,94,78816,53422,804,34526,1494,22238,2371,14565,3082,9443,2964,6109,2416,3687,1561,1971,790,797,300,303,95,95,22,20,3,6,1,0,0,0,0,0,0,0,0,0,0
0,0,0,0,0,0,0,0,0,0,0,0,0,0,0,0,0,0,0,0,0,0,0,0,0,0,0,1,0,0,0,0,0,1,0,4,19,0,29,0,99,0,203,0,478,0,1039,0,2083,0,3968,0,7552,0,13367,0,22330,0,37574,0,58957,0,88535,0,129731,0,181902,0,246074,0,319962,0,402072,488051,0,571542,0,648593,0,707054,0,747278,0,761628,0,756342,0,723532,0,670514,0,603688,0,524740,0,443154,0,361555,0,286978,0,219242,7,162101,37,116075,99,80158,53940,766,35024,1468,22740,2299,14927,3009,9498,2922,6262,2475,3690,1535,2013,831,801,312,287,101,107,20,21,6,5,1,0,0,0,0,0,0,0,0,0,0
0,0,0,0,0,0,0,0,0,0,0,0,0,0,0,0,0,0,0,0,0,0,0,0,0,0,0,1,0,0,0,0,0,1,0,7,18,0,23,0,100,0,196,0,478,0,978,0,1999,0,3927,0,7346,0,13128,0,22021,0,36615,0,57954,0,87405,0,128323,0,179487,0,242915,0,317903,0,398986,485642,0,568785,0,644814,0,705003,0,747147,0,761754,0,755970,0,725549,0,673114,0,606080,0,527982,0,446311,0,364691,0,289092,0,221441,5,164157,32,117853,97,81105,54482,832,35422,1470,23129,2345,15112,3022,9625,2896,6163,2518,3825,1576,2060,808,815,304,302,97,115,20,27,5,2,1,0,0,0,0,0,0,0,0,0,0
0,0,0,0,0,0,0,0,0,0,0,0,0,0,0,0,0,0,0,0,0,0,0,0,0,0,0,0,0,1,0,0,0,2,0,8,12,0,37,0,83,0,186,0,455,0,942,0,2017,0,3838,0,7189,0,12870,0,21687,0,35944,0,56948,0,86338,0,126310,0,177745,0,240559,0,313449,0,397091,481752,0,566280,0,642602,0,703032,0,746412,0,762543,0,755858,0,725950,0,676183,0,609047,0,531701,0,448893,0,367491,0,291099,0,224270,4,166009,33,118975,89,82393,55280,811,36134,1392,23175,2376,15231,3041,9750,2952,6293,2585,3862,1589,2031,836,845,319,311,95,115,20,29,5,3,1,0,0,0,0,0,0,0,0,0,0
0,0,0,0,0,0,0,0,0,0,0,0,0,0,0,0,0,0,0,0,0,0,0,0,0,0,0,0,0,0,0,2,0,0,0,5,13,0,38,0,69,0,192,0,436,0,919,0,1908,0,3850,0,7017,0,12394,0,21441,0,35498,0,55909,0,85217,0,124579,0,175273,0,238350,0,311318,0,393373,479137,0,562663,0,639352,0,702656,0,744453,0,762492,0,757352,0,727612,0,677659,0,611872,0,534240,0,452759,0,369714,0,294417,0,226185,3,167953,36,120126,91,83504,55899,792,36820,1421,23473,2320,15485,3030,9967,2928,6471,2556,3883,1606,2047,849,884,297,325,107,111,19,33,3,4,1,0,0,0,0,0,0,0,0,0,0
0,0,0,0,0,0,0,0,0,0,0,0,0,0,0,0,0,0,0,0,0,0,0,0,0,0,0,0,0,0,0,2,0,1,0,2,13,0,30,0,85,0,168,0,439,0,892,0,1932,0,3665,0,6987,0,12060,0,21106,0,34526,0,55109,0,84461,0,122748,0,173280,0,235651,0,308722,0,389661,475858,0,560617,0,637216,0,699262,0,743515,0,763596,0,758336,0,729286,0,678964,0,614679,0,537251,0,455728,0,372309,0,297182,0,228986,3,169074,28,121708,97,84423,57023,776,37121,1404,24002,2339,15510,3001,10120,3007,6545,2578,3953,1601,2066,904,900,305,310,120,101,26,26,6,4,1,1,0,0,0,0,0,0,0,0,0
0,0,0,0,0,0,0,0,0,0,0,0,0,0,0,0,0,0,0,0,0,0,0,0,0,0,0,0,0,0,0,2,0,1,0,2,17,0,26,0,66,0,181,0,415,0,904,0,1820,0,3594,0,6835,0,11783,0,20716,0,34163,0,54031,0,83206,0,121194,0,171500,0,232736,0,306017,0,387163,473007,0,556942,0,634040,0,698383,0,741739,0,762691,0,759859,0,731078,0,680996,0,616755,0,540964,0,458120,0,376244,0,299757,0,230906,5,171257,30,122749,81,85240,57880,740,37820,1495,24258,2339,15741,2999,10180,3018,6681,2597,3956,1638,2081,900,935,315,334,111,107,30,24,5,6,1,2,0,0,0,0,0,0,0,0,0
0,0,0,0,0,0,0,0,0,0,0,0,0,0,0,0,0,0,0,0,0,0,0,0,0,0,0,0,0,0,0,1,0,3,0,2,11,0,34,0,64,0,178,0,388,0,890,0,1817,0,3501,0,6570,0,11719,0,20152,0,33732,0,53459,0,81549,0,120040,0,168957,0,231009,0,302536,0,383687,469401,0,555185,0,631838,0,696328,0,740303,0,762866,0,759501,0,732941,0,683379,0,618863,0,544541,0,460786,0,379040,0,303310,0,232900,5,172137,26,124769,91,86610,58613,746,38332,1429,24573,2254,15879,2988,10495,2981,6747,2645,4039,1627,2116,899,963,332,359,100,104,32,19,9,6,0,2,0,0,0,0,0,0,0,0,0
0,0,0,0,0,0,0,0,0,0,0,0,0,0,0,0,0,0,0,0,0,0,0,0,0,0,0,0,0,1,0,0,0,2,0,3,11,0,28,0,78,0,169,0,396,0,835,0,1788,0,3369,0,6411,0,11452,0,20020,0,33087,0,52421,0,80459,0,118063,0,167770,0,228245,0,299885,0,379994,467181,0,551001,0,630010,0,693560,0,739969,0,761745,0,761447,0,734050,0,685700,0,621044,0,547943,0,463671,0,382583,0,305073,1,234717,2,174706,30,126040,92,88245,59242,706,38508,1378,25024,2245,16264,2888,10568,3027,6868,2649,4060,1657,2161,893,979,361,353,106,109,27,23,7,7,0,1,0,0,0,0,0,0,0,0,0
0,0,0,0,0,0,0,0,0,0,0,0,0,0,0,0,0,0,0,0,0,0,0,0,0,0,0,0,0,0,0,1,0,2,0,2,14,0,33,0,71,0,152,0,395,0,841,0,1657,0,3413,0,6124,0,11392,0,19545,0,32504,0,51594,0,78986,0,116853,0,165907,0,225583,0,297166,0,376988,463333,0,548668,0,626302,0,691732,0,739107,0,763088,0,760263,0,736769,0,688281,0,623949,0,549501,0,467198,0,385849,0,307241,1,236464,4,177216,22,127745,84,89069,59787,682,39236,1394,25278,2292,16407,2925,10705,3093,6955,2592,4111,1690,2226,912,994,362,371,118,104,25,25,7,6,0,2,0,0,0,0,0,0,0,0,0
0,0,0,0,0,0,0,0,0,0,0,0,0,0,0,0,0,0,0,0,0,0,0,0,0,0,0,0,0,0,0,0,0,2,0,3,14,0,29,0,71,0,173,0,372,0,787,0,1636,0,3350,0,6000,0,11086,0,19389,0,31774,0,50857,0,77713,0,115331,0,163650,0,223072,0,293982,0,375339,459133,0,545978,0,624588,0,689175,0,738331,0,761171,0,762852,0,737079,0,690623,0,626254,0,552183,0,471496,0,387872,0,309848,0,239026,4,179383,20,128659,86,90357,60864,666,39629,1352,25632,2309,16629,2822,10805,3093,7137,2575,4241,1668,2250,930,1015,361,383,119,108,27,34,4,6,1,0,0,0,0,0,0,0,0,0,0
0,0,0,0,0,0,0,0,0,0,0,0,0,0,0,0,0,0,0,0,0,0,0,0,0,0,0,0,0,0,0,0,0,1,0,6,12,0,25,0,66,0,178,0,358,0,751,0,1618,0,3158,0,6058,0,10765,0,19049,0,31315,0,50094,0,76667,0,113399,0,161361,0,221263,0,291638,0,370766,458153,0,542133,0,620822,0,687824,0,736352,0,762551,0,760920,0,740334,0,692464,0,629251,0,554524,0,474398,0,391329,0,312235,0,241619,4,181158,18,130073,78,91486,61698,649,40351,1330,26030,2334,16774,2866,10949,3029,7189,2609,4347,1678,2297,892,1046,377,387,114,117,25,34,5,6,1,0,0,0,0,0,0,0,0,0,0
0,0,0,0,0,0,0,0,0,0,0,0,0,0,0,0,0,0,0,0,0,0,0,0,0,0,0,0,0,0,0,0,0,1,0,5,13,0,26,0,66,0,164,0,364,0,736,0,1557,0,3119,0,5851,0,10525,0,18709,0,30972,0,49048,0,75973,0,111512,0,159341,0,219012,0,288526,0,368660,453786,0,539039,0,619353,0,685924,0,734566,0,761492,0,761781,0,741788,0,694969,0,631361,0,557497,0,477654,0,393904,0,314997,0,244559,6,182888,19,131824,80,92144,62891,642,40882,1306,26140,2206,17066,2851,11207,3042,7164,2656,4415,1719,2358,913,1054,394,375,124,116,29,36,4,5,1,1,0,0,0,0,0,0,0,0,0
0,0,0,0,0,0,0,0,0,0,0,0,0,0,0,0,0,0,0,0,0,0,0,0,0,0,0,0,0,0,0,0,0,1,0,2,13,0,32,0,65,0,148,0,362,0,694,0,1567,0,3010,0,5694,0,10324,0,18381,0,30416,0,48331,0,74687,0,110801,0,156884,0,216110,0,286300,0,365378,450369,0,536795,0,616167,0,683619,0,733523,0,761664,0,762474,0,741812,0,697267,0,635410,0,559131,0,480218,0,397734,0,318087,1,246300,4,184973,20,133461,84,93195,63469,628,41496,1328,26771,2185,17067,2930,11362,3028,7288,2595,4475,1820,2311,959,1090,402,387,115,125,26,30,4,9,0,0,0,0,0,0,0,0,0,0,0
0,0,0,0,0,0,0,0,0,0,0,0,0,0,0,0,0,0,0,0,0,0,0,0,0,0,0,0,0,0,0,0,0,1,0,2,18,0,24,0,64,0,146,0,316,0,731,0,1476,0,2946,0,5574,0,10039,0,18076,0,29667,0,47840,0,73655,0,108907,0,155264,0,214025,0,283375,0,362496,446830,0,534016,0,612933,0,682168,0,731523,0,761036,0,763360,0,743159,0,700501,0,637578,0,562552,0,482609,0,400480,0,320311,1,249015,5,186878,25,135009,78,94315,64214,634,42270,1296,26970,2131,17529,2928,11396,3093,7401,2584,4471,1840,2434,983,1092,404,379,136,129,24,33,4,8,1,0,0,0,0,0,0,0,0,0,0
0,0,0,0,0,0,0,0,0,0,0,0,0,0,0,0,0,0,0,0,0,0,0,0,0,0,0,0,0,0,0,0,0,1,0,6,14,0,24,0,57,0,149,0,310,0,679,0,1487,0,2876,0,5343,0,10136,0,17395,0,29156,0,46888,0,72696,0,107774,0,153244,0,211933,0,280498,0,359282,444987,0,529666,0,610737,0,678855,0,731610,0,759562,0,764011,0,745743,0,701195,0,640214,0,565994,0,485819,0,402951,0,323242,0,251567,4,188321,22,136551,73,95628,64768,602,43050,1295,27270,2117,17908,2844,11614,3086,7354,2678,4599,1826,2446,955,1145,400,416,140,127,22,29,6,9,2,0,0,0,0,0,0,0,0,0,0
0,0,0,0,0,0,0,0,0,0,0,0,0,0,0,0,0,0,0,0,0,0,0,0,0,0,0,0,0,0,0,0,0,1,0,5,16,0,19,0,64,0,128,0,332,0,650,0,1427,0,2757,0,5370,0,9841,0,17023,0,28649,0,46228,0,71556,0,106776,0,151333,0,208520,0,279101,0,355702,441606,0,527808,0,607035,0,677322,0,729857,0,759245,0,765560,0,745420,0,702226,0,643720,0,569874,0,488515,0,405534,0,325966,0,253969,6,190252,22,137989,60,96808,65786,626,43232,1273,27769,2152,18231,2820,11684,3083,7536,2652,4681,1845,2458,999,1107,408,432,125,147,24,28,5,9,1,3,0,0,0,0,0,0,0,0,0
0,0,0,0,0,0,0,0,0,0,0,0,0,0,0,0,0,0,0,0,0,0,0,0,0,0,0,0,0,0,0,0,0,0,0,7,9,0,29,0,56,0,132,0,311,0,638,0,1367,0,2723,0,5269,0,9699,0,16681,0,27875,0,45556,0,70471,0,104942,0,150091,0,206797,0,274902,0,354402,438013,0,524386,0,603758,0,675623,0,729006,0,758194,0,766567,0,745707,0,704922,0,646653,0,572260,0,491768,0,408959,0,328578,0,255434,3,192729,15,139340,74,97877,66716,589,43806,1229,28210,2173,18519,2843,11622,3083,7694,2645,4736,1889,2464,1007,1162,425,428,127,150,32,18,3,12,1,2,0,0,0,0,0,0,0,0,0
0,0,0,0,0,0,0,0,0,0,0,0,0,0,0,0,0,0,0,0,0,0,0,0,0,0,0,0,0,0,0,0,0,0,0,4,15,0,21,0,56,0,128,0,300,0,645,0,1299,0,2670,0,5094,0,9412,0,16311,0,27833,0,44666,0,69439,0,103319,0,148373,0,204130,0,272963,0,351031,434605,0,520819,0,602166,0,673263,0,726244,0,759821,0,764937,0,748045,0,707715,0,647957,0,575532,0,495053,0,411285,0,331636,1,257986,2,194986,22,140841,75,98994,67460,586,44030,1230,28777,2151,18583,2767,12007,3044,7740,2646,4838,1911,2547,1010,1183,415,437,131,160,23,20,6,10,0,2,0,0,0,0,0,0,0,0,0
0,0,0,0,0,0,0,0,0,0,0,0,0,0,0,0,0,0,0,0,0,0,0,0,0,0,0,0,0,0,0,0,0,0,0,4,14,0,27,0,42,0,142,0,293,0,627,0,1293,0,2546,0,5098,0,9138,0,16172,0,27219,0,43943,0,68430,0,102003,0,146350,0,201571,0,270880,0,347970,432424,0,516931,0,599419,0,670751,0,726038,0,758082,0,766406,0,748585,0,709214,0,650647,0,577872,0,498376,0,414615,0,333706,2,261029,4,195911,18,143108,81,100153,68427,589,44697,1258,29070,2079,18819,2744,12151,3051,7833,2707,4874,1891,2629,1056,1142,441,461,146,132,26,34,5,10,0,2,0,0,0,0,0,0,0,0,0
0,0,0,0,0,0,0,0,0,0,0,0,0,0,0,0,0,0,0,0,0,0,0,0,0,0,0,0,0,0,0,0,0,1,0,0,13,0,26,0,47,0,118,0,285,0,639,0,1254,0,2508,0,4911,0,8933,0,15981,0,26683,0,43536,0,66900,0,100611,0,144309,0,200060,0,267368,0,345927,428355,0,514536,0,596790,0,669439,0,723678,0,757681,0,766641,0,749931,0,711201,0,652561,0,581320,0,500940,0,416898,0,336690,1,263717,4,197801,18,144860,64,101273,69360,580,45523,1248,29308,2065,19065,2777,12225,3008,8059,2709,4847,1952,2632,1063,1205,450,454,154,140,25,33,5,10,0,2,0,0,0,0,0,0,0,0,0
0,0,0,0,0,0,0,0,0,0,0,0,0,0,0,0,0,0,0,0,0,0,0,0,0,0,0,0,0,0,0,0,0,0,0,5,7,0,26,0,56,0,111,0,277,0,600,0,1247,0,2495,0,4766,0,8882,0,15465,0,26546,0,42588,0,65888,0,98572,0,142917,0,198092,0,264392,0,342714,425672,0,511855,0,593426,0,667328,0,723398,0,756872,0,765787,0,750944,0,714390,0,654621,0,583379,0,504807,0,419052,0,340034,0,265438,4,201041,14,146126,66,102145,70194,598,45991,1272,29715,2064,19228,2841,12401,3137,7976,2731,4982,1985,2681,1047,1244,442,465,139,141,38,34,6,8,0,3,0,0,0,0,0,0,0,0,0
0,0,0,0,0,0,0,0,0,0,0,0,0,0,0,0,0,0,0,0,0,0,0,0,0,0,0,0,0,0,0,0,0,0,0,2,11,0,20,0,55,0,117,0,253,0,624,0,1168,0,2529,0,4613,0,8616,0,15229,0,26276,0,41746,0,64956,0,97373,0,140589,0,195789,0,262032,0,338998,423874,0,507570,0,592032,0,665274,0,721357,0,755934,0,766613,0,752030,0,715897,0,656753,0,586151,0,508089,0,422878,0,342406,0,267637,2,202877,15,147244,66,103931,70794,579,46753,1198,30211,2052,19488,2763,12651,3096,8088,2725,4958,2043,2765,1038,1255,475,493,129,143,35,33,5,9,0,2,1,0,0,0,0,0,0,0,0
0,0,0,0,0,0,0,0,0,0,0,0,0,0,0,0,0,0,0,0,0,0,0,0,0,0,0,0,0,0,0,0,0,0,0,1,7,0,25,0,45,0,111,0,262,0,585,0,1214,0,2407,0,4610,0,8341,0,15035,0,25637,0,41230,0,63726,0,95996,0,138898,0,193363,0,259678,0,336241,419549,0,505906,0,588943,0,662435,0,719674,0,756127,0,766757,0,753401,0,717352,0,659475,0,588712,0,511191,0,426665,0,343841,0,270939,2,204481,15,149068,74,104804,71892,530,47432,1179,30731,2017,19615,2799,12839,3144,8120,2743,5014,1994,2843,1087,1242,484,500,135,160,35,36,4,7,0,3,0,0,0,0,0,0,0,0,0
0,0,0,0,0,0,0,0,0,0,0,0,0,0,0,0,0,0,0,0,0,0,0,0,0,0,0,0,0,0,0,0,0,0,0,1,5,0,23,0,49,0,113,0,251,0,560,0,1172,0,2370,0,4513,0,8254,0,14689,0,24926,0,40431,0,63250,0,94552,0,137336,0,191202,0,257052,0,333579,416171,0,502391,0,586459,0,660319,0,717738,0,754987,0,767045,0,755385,0,718106,0,662509,0,592772,0,512625,0,429637,0,348269,0,272125,5,206321,14,150714,71,106170,72855,542,47961,1164,30992,2007,20047,2818,13030,3100,8380,2692,5028,1944,2920,1121,1269,463,526,134,161,41,39,4,6,1,2,0,0,0,0,0,0,0,0,0
0,0,0,0,0,0,0,0,0,0,0,0,0,0,0,0,0,0,0,0,0,0,0,0,0,0,0,0,0,0,0,0,0,0,0,0,7,0,20,0,45,0,113,0,264,0,528,0,1136,0,2321,0,4419,0,8114,0,14282,0,24525,0,39677,0,62685,0,93125,0,135473,0,189381,0,253919,0,330814,413801,0,498787,0,583066,0,658620,0,716719,0,753845,0,767786,0,755368,0,720520,0,665593,0,594941,0,515651,0,432520,0,350610,0,274625,0,208320,17,152301,60,107992,73326,504,48603,1194,31315,1941,20409,2805,13145,3034,8592,2729,5079,1961,2949,1138,1305,459,513,146,173,40,43,6,5,1,3,0,0,0,0,0,0,0,0,0
0,0,0,0,0,0,0,0,0,0,0,0,0,0,0,0,0,0,0,0,0,0,0,0,0,0,0,0,0,0,0,0,0,0,0,0,8,0,18,0,42,0,111,0,270,0,518,0,1129,0,2215,0,4361,0,7925,0,14140,0,23822,0,39427,0,61251,0,92044,0,133744,0,186940,0,252595,0,326573,410573,0,496846,0,580837,0,655327,0,714678,0,752780,0,768469,0,757546,0,721741,0,668428,0,597192,0,517986,0,435010,0,354222,0,276929,0,210013,20,154445,62,109097,74288,529,49211,1140,31706,1979,20555,2837,13322,3096,8644,2786,5145,1967,2984,1108,1356,505,482,160,177,40,39,8,6,1,3,0,0,0,0,0,0,0,0,0
0,0,0,0,0,0,0,0,0,0,0,0,0,0,0,0,0,0,0,0,0,0,0,0,0,0,0,0,0,0,0,0,0,0,0,0,9,0,19,0,27,0,131,0,239,0,514,0,1071,0,2254,0,4144,0,7733,0,13923,0,23503,0,38609,0,60654,0,90338,0,132402,0,185244,0,249393,0,324598,406921,0,493502,0,578668,0,652209,0,713893,0,751837,0,767503,0,758760,0,724344,0,670091,0,599826,0,521185,0,437965,0,356696,0,280241,1,211895,11,155209,67,111089,75232,506,50003,1064,32196,1897,20747,2763,13559,3120,8593,2808,5293,1971,2945,1167,1395,500,517,141,169,40,48,5,8,2,1,0,0,0,0,0,0,0,0,0
0,0,0,0,0,0,0,0,0,0,0,0,0,0,0,0,0,0,0,0,0,0,0,0,0,0,0,0,0,0,0,0,0,0,0,1,5,0,12,0,49,0,104,0,230,0,519,0,1053,0,2102,0,4109,0,7650,0,13664,0,23092,0,37983,0,59371,0,89641,0,130386,0,183121,0,246547,0,322297,403877,0,491162,0,574807,0,651374,0,710358,0,750244,0,769026,0,759731,0,725851,0,672716,0,602878,0,524393,0,440776,0,359034,0,282306,0,213970,13,157532,65,111786,76354,486,50525,1138,32675,1887,21045,2763,13590,3107,8786,2885,5308,1999,2936,1185,1459,480,554,152,150,39,51,2,13,3,1,0,0,0,0,0,0,0,0,0
0,0,0,0,0,0,0,0,0,0,0,0,0,0,0,0,0,0,0,0,0,0,0,0,0,0,0,0,0,0,0,0,0,0,0,1,3,0,11,0,44,0,109,0,231,0,486,0,1051,0,2074,0,4020,0,7409,0,13403,0,22615,0,37062,0,58911,0,88423,0,128818,0,180838,0,244668,0,317993,401792,0,487851,0,572723,0,648609,0,708903,0,749940,0,767689,0,760225,0,728127,0,676332,0,604818,0,526879,0,444115,0,361811,0,284753,1,216339,13,158730,54,113280,77189,510,51208,1091,33155,1891,21330,2747,13799,3088,8836,2806,5461,2002,2983,1225,1424,523,567,156,154,44,43,9,10,2,1,0,0,0,0,0,0,0,0,0
0,0,0,0,0,0,0,0,0,0,0,0,0,0,0,0,0,0,0,0,0,0,0,0,0,0,0,0,0,0,0,0,0,0,0,0,5,0,9,0,49,0,92,0,215,0,481,0,1041,0,2022,0,4000,0,7201,0,13050,0,22317,0,36504,0,57529,0,87345,0,127412,0,178957,0,241677,0,316614,398487,0,484768,0,569179,0,645743,0,707736,0,748941,0,767420,0,761844,0,730043,0,678482,0,607069,0,529625,0,447090,0,364413,0,287776,3,218327,13,160364,55,114268,78498,498,51554,1071,33677,1899,21738,2800,13762,3126,8997,2804,5600,2017,2976,1216,1500,521,560,152,164,42,49,2,16,1,2,0,0,0,0,0,0,0,0,0
0,0,0,0,0,0,0,0,0,0,0,0,0,0,0,0,0,0,0,0,0,0,0,0,0,0,0,0,0,0,0,0,0,0,0,0,2,0,15,0,38,0,93,0,199,0,504,0,994,0,1978,0,3949,0,7012,0,12835,0,21863,0,35876,0,56778,0,86627,0,125025,0,177302,0,239438,0,313559,394687,0,482859,0,566258,0,642054,0,706745,0,748197,0,766959,0,763899,0,731562,0,679573,0,611004,0,532088,0,449547,0,367039,0,290651,3,220692,12,161959,61,115514,79370,478,52365,1098,34027,1971,21849,2707,14026,3093,9130,2829,5700,2006,3046,1223,1501,518,557,170,175,46,49,7,15,0,2,0,0,0,0,0,0,0,0,0
0,0,0,0,0,0,0,0,0,0,0,0,0,0,0,0,0,0,0,0,0,0,0,0,0,0,0,0,0,0,0,0,0,0,0,0,4,0,14,0,36,0,90,0,197,0,471,0,982,0,1985,0,3823,0,6881,0,12567,0,21577,0,35301,0,55909,0,85214,0,124076,0,174352,0,237135,0,310528,392908,0,478168,0,564079,0,640017,0,704408,0,747090,0,767395,0,764113,0,734311,0,681033,0,614212,0,534189,0,453012,0,370505,0,292953,3,222713,15,163453,54,117222,79785,470,53236,1056,34514,1874,22248,2671,14101,3067,9333,2846,5739,2021,3157,1216,1476,562,561,170,193,50,48,6,9,0,4,0,0,0,0,0,0,0,0,0
0,0,0,0,0,0,0,0,0,0,0,0,0,0,0,0,0,0,0,0,0,0,0,0,0,0,0,0,0,0,0,0,0,0,0,1,2,0,17,0,29,0,82,0,200,0,448,0,961,0,1929,0,3658,0,6808,0,12378,0,21260,0,34717,0,55041,0,83618,0,122549,0,172562,0,234628,0,307516,389642,0,475805,0,561573,0,637648,0,701496,0,747064,0,768695,0,763433,0,735895,0,684379,0,616044,0,537353,0,455732,0,373977,1,294312,2,224648,15,165575,45,118091,81207,426,53699,1044,35151,1889,22412,2692,14347,3095,9343,2872,5775,2082,3171,1227,1538,545,576,168,202,53,39,12,10,0,4,0,0,0,0,0,0,0,0,0
0,0,0,0,0,0,0,0,0,0,0,0,0,0,0,0,0,0,0,0,0,0,0,0,0,0,0,0,0,0,0,0,0,0,0,1,2,0,15,0,30,0,86,0,204,0,441,0,912,0,1918,0,3591,0,6689,0,12073,0,20809,0,34132,0,54136,0,82816,0,120659,0,170298,0,232515,0,304915,386211,0,473228,0,558761,0,634979,0,700484,0,745941,0,768304,0,764148,0,737686,0,685833,0,619939,0,540464,0,457989,0,376197,1,297742,2,226101,10,167147,51,119327,82150,452,54752,1031,35420,1873,22700,2642,14457,3085,9567,2912,5829,2138,3201,1243,1511,564,592,184,205,39,46,11,13,0,4,0,0,0,0,0,0,0,0,0
0,0,0,0,0,0,0,0,0,0,0,0,0,0,0,0,0,0,0,0,0,0,0,0,0,0,0,0,0,0,0,0,0,0,0,2,5,0,16,0,30,0,79,0,198,0,428,0,917,0,1811,0,3510,0,6589,0,11854,0,20360,0,33435,0,53393,0,81381,0,119610,0,168233,0,230239,0,301345,384455,0,470147,0,555208,0,633397,0,698669,0,744317,0,768243,0,765971,0,736813,0,690030,0,621306,0,544024,0,460493,0,379323,0,299684,2,229217,17,168439,56,120357,83735,442,55019,1047,35953,1796,23091,2689,14659,3117,9532,2958,5878,2168,3246,1249,1542,567,581,199,214,44,55,8,13,0,2,0,1,0,0,0,0,0,0,0
0,0,0,0,0,0,0,0,0,0,0,0,0,0,0,0,0,0,0,0,0,0,0,0,0,0,0,0,0,0,0,0,0,1,0,1,7,0,15,0,32,0,84,0,188,0,432,0,876,0,1776,0,3422,0,6471,0,11626,0,19886,0,33164,0,52318,0,80455,0,117788,0,166577,0,227855,0,299816,380072,0,467157,0,553111,0,630118,0,696149,0,744441,0,768091,0,765780,0,739084,0,691882,0,624593,0,546665,0,464621,0,380881,0,301792,2,231232,13,170191,44,122170,84360,424,55993,1052,36328,1810,23299,2624,14954,3160,9594,2901,5976,2184,3304,1279,1580,570,617,166,223,48,59,12,9,0,1,0,2,0,0,0,0,0,0,0
0,0,0,0,0,0,0,0,0,0,0,0,0,0,0,0,0,0,0,0,0,0,0,0,0,0,0,0,0,0,0,0,0,1,0,2,7,0,16,0,29,0,95,0,166,0,466,0,822,0,1735,0,3354,0,6292,0,11212,0,19727,0,32550,0,51563,0,79358,0,116257,0,163985,0,226150,0,296836,377431,0,463638,0,550203,0,629167,0,695260,0,742745,0,766807,0,765836,0,741653,0,693041,0,627986,0,549134,0,467182,0,384707,0,303698,0,233461,19,171704,53,123697,84989,421,57017,1001,36664,1811,23774,2542,15261,3130,9674,2881,5981,2237,3306,1306,1627,606,590,190,215,53,67,6,10,0,3,0,1,0,0,0,0,0,0,0
0,0,0,0,0,0,0,0,0,0,0,0,0,0,0,0,0,0,0,0,0,0,0,0,0,0,0,0,0,0,0,0,0,0,0,3,5,0,15,0,36,0,83,0,164,0,445,0,870,0,1651,0,3253,0,6237,0,11070,0,19136,0,32040,0,51025,0,78190,0,114417,0,162801,0,222747,0,294299,374740,0,461145,0,546841,0,626963,0,694286,0,740715,0,766268,0,767488,0,742012,0,695507,0,630383,0,552805,0,469957,0,386701,0,306406,1,235674,11,173607,49,125048,86127,434,57654,1019,37222,1765,23805,2549,15475,3107,9874,2909,6054,2141,3491,1277,1641,609,612,207,197,58,64,11,8,0,3,0,1,0,0,0,0,0,0,0
0,0,0,0,0,0,0,0,0,0,0,0,0,0,0,0,0,0,0,0,0,0,0,0,0,0,0,0,0,0,0,0,0,0,0,3,3,0,13,0,36,0,87,0,173,0,415,0,834,0,1575,0,3293,0,6090,0,10920,0,18748,0,31423,0,50251,0,76993,0,112812,0,161418,0,220062,0,291206,372459,0,458220,0,544007,0,625101,0,690990,0,739459,0,767384,0,767373,0,744673,0,695623,0,634191,0,555429,0,472934,0,388931,0,309339,0,237581,16,175661,47,126297,87338,449,58007,995,38119,1782,23999,2577,15496,3038,10049,2906,6204,2209,3412,1317,1622,597,670,174,242,46,66,10,10,0,4,0,0,0,0,0,0,0,0,0
0,0,0,0,0,0,0,0,0,0,0,0,0,0,0,0,0,0,0,0,0,0,0,0,0,0,0,0,0,0,0,0,0,1,0,1,5,0,11,0,41,0,70,0,175,0,414,0,799,0,1575,0,3155,0,5986,0,10732,0,18389,0,30887,0,49208,0,75909,0,112171,0,158703,0,217556,0,289089,369917,0,454331,0,542141,0,621532,0,688755,0,739957,0,766589,0,767967,0,744451,0,699290,0,636335,0,559062,0,475336,0,391924,0,311512,1,239678,18,177598,45,128084,87978,418,58844,978,38450,1813,24465,2530,15646,3055,10067,2963,6267,2263,3426,1353,1634,627,664,197,227,54,64,9,13,0,3,0,0,0,0,0,0,0,0,0
0,0,0,0,0,0,0,0,0,0,0,0,0,0,0,0,0,0,0,0,0,0,0,0,0,0,0,0,0,0,0,0,0,1,0,2,3,0,18,0,34,0,81,0,143,0,371,0,796,0,1547,0,3112,0,5839,0,10419,0,18293,0,30244,0,48513,0,74722,0,110489,0,157008,0,215356,0,286674,366387,0,451753,0,539576,0,618215,0,687527,0,739458,0,765042,0,768748,0,745847,0,701451,0,638418,0,562451,0,479271,0,393335,0,314606,0,241759,14,179422,49,129090,89420,443,59388,942,38877,1766,24905,2536,15820,3044,10266,2908,6304,2286,3530,1367,1646,620,665,222,223,58,63,11,11,1,2,0,0,0,0,0,0,0,0,0
0,0,0,0,0,0,0,0,0,0,0,0,0,0,0,0,0,0,0,0,0,0,0,0,0,0,0,0,0,0,0,0,0,0,0,3,4,0,12,0,35,0,78,0,148,0,349,0,782,0,1501,0,3117,0,5758,0,10295,0,17745,0,30057,0,47874,0,73027,0,108930,0,155264,0,213514,0,284604,363106,0,449355,0,535556,0,616482,0,685197,0,737237,0,765120,0,770033,0,746675,0,704261,0,640963,0,564656,0,481677,0,396609,0,317418,1,243525,11,181550,42,130444,90607,423,60057,958,39428,1839,24853,2507,16147,3073,10394,2919,6335,2282,3593,1329,1747,614,687,232,215,58,66,10,17,0,3,0,0,0,0,0,0,0,0,0
0,0,0,0,0,0,0,0,0,0,0,0,0,0,0,0,0,0,0,0,0,0,0,0,0,0,0,0,0,0,0,0,0,0,0,3,4,0,14,0,31,0,74,0,141,0,345,0,714,0,1488,0,3051,0,5608,0,10138,0,17497,0,29172,0,47521,0,71947,0,107511,0,153257,0,211687,0,281930,360241,0,446548,0,532449,0,613431,0,683975,0,735427,0,764754,0,769502,0,749351,0,706391,0,643587,0,566902,0,485924,0,399108,0,319134,1,245936,8,183250,42,131577,91751,406,61161,944,39661,1741,25378,2462,16338,3072,10535,2971,6267,2267,3690,1326,1785,654,699,225,241,60,68,16,16,0,3,0,0,0,0,0,0,0,0,0
0,0,0,0,0,0,0,0,0,0,0,0,0,0,0,0,0,0,0,0,0,0,0,0,0,0,0,0,0,0,0,0,0,0,0,3,2,0,17,0,32,0,64,0,126,0,384,0,650,0,1486,0,2900,0,5663,0,9871,0,16922,0,29102,0,46307,0,71419,0,106012,0,151468,0,209452,0,278883,357881,0,442990,0,529731,0,610738,0,681109,0,735113,0,766146,0,768873,0,750158,0,708398,0,646469,0,570390,0,487312,0,402755,0,321315,2,248495,9,185018,50,133017,92689,382,62052,952,39962,1701,25696,2448,16509,3115,10593,2960,6446,2299,3674,1373,1813,652,731,223,241,49,85,18,11,0,2,0,0,0,0,0,0,0,0,0
0,0,0,0,0,0,0,0,0,0,0,0,0,0,0,0,0,0,0,0,0,0,0,0,0,0,0,0,0,0,0,0,0,0,0,2,6,0,12,0,43,0,50,0,131,0,315,0,707,0,1391,0,2890,0,5556,0,9631,0,16919,0,28115,0,45473,0,70418,0,104880,0,149934,0,206839,0,276233,354959,0,440366,0,527514,0,607830,0,678878,0,734393,0,763730,0,770786,0,751470,0,709903,0,648587,0,574290,0,490356,0,404561,0,324394,4,250549,8,187174,43,134325,93808,391,62595,932,40725,1667,25915,2451,16677,3114,10657,2990,6586,2306,3651,1424,1780,683,745,230,257,48,77,18,14,0,2,0,0,0,0,0,0,0,0,0
0,0,0,0,0,0,0,0,0,0,0,0,0,0,0,0,0,0,0,0,0,0,0,0,0,0,0,0,0,0,0,0,0,0,0,1,8,0,8,0,37,0,67,0,111,0,319,0,652,0,1390,0,2855,0,5453,0,9471,0,16437,0,27811,0,44663,0,69117,0,103903,0,148132,0,204371,0,273867,351989,0,437155,0,524256,0,605907,0,677236,0,732458,0,764165,0,770585,0,752827,0,711687,0,651522,0,576803,0,492656,0,408117,0,326392,1,252746,8,189549,35,135840,94643,381,63379,908,41303,1661,26231,2479,16928,3098,10732,2991,6624,2343,3758,1393,1856,683,757,213,279,49,74,18,18,1,1,0,0,0,0,0,0,0,0,0
0,0,0,0,0,0,0,0,0,0,0,0,0,0,0,0,0,0,0,0,0,0,0,0,0,0,0,0,0,0,0,0,0,0,0,0,5,0,19,0,27,0,67,0,116,0,302,0,679,0,1288,0,2822,0,5248,0,9326,0,16284,0,26899,0,44143,0,68272,0,101887,0,146839,0,203017,0,270947,348973,0,433642,0,521256,0,603768,0,675543,0,730401,0,764784,0,770888,0,753522,0,713963,0,654736,0,578373,0,495701,0,410794,0,328786,2,255710,9,191198,38,137386,95747,382,63884,922,41910,1673,26420,2406,17096,3159,10959,2878,6709,2344,3865,1404,1816,725,799,210,271,49,83,13,20,2,2,0,0,0,0,0,0,0,0,0
0,0,0,0,0,0,0,0,0,0,0,0,0,0,0,0,0,0,0,0,0,0,0,0,0,0,0,0,0,0,0,0,0,0,0,0,9,0,11,0,26,0,66,0,118,0,305,0,601,0,1369,0,2742,0,5067,0,9255,0,15838,0,26536,0,43321,0,67111,0,100984,0,144895,0,200843,0,268540,345785,0,431318,0,518186,0,602186,0,672440,0,728539,0,764044,0,771803,0,755199,0,715248,0,657266,0,581153,0,499598,0,412357,0,332345,1,257852,12,192716,45,138762,96500,378,65079,925,42156,1578,27009,2454,17240,3036,11101,3035,6658,2376,3898,1388,1928,724,780,231,269,56,81,13,19,2,2,0,0,0,0,0,0,0,0,0
0,0,0,0,0,0,0,0,0,0,0,0,0,0,0,0,0,0,0,0,0,0,0,0,0,0,0,0,0,0,0,0,0,0,0,0,4,0,15,0,24,0,66,0,135,0,265,0,597,0,1354,0,2619,0,5028,0,8892,0,15820,0,26145,0,42244,0,66535,0,99494,0,142848,0,198942,0,265588,343482,0,428420,0,515646,0,598944,0,671551,0,727157,0,762072,0,773013,0,756142,0,718097,0,657876,0,585543,0,501294,0,415902,0,334365,1,260316,14,194378,29,140566,97444,366,65733,888,42898,1621,27141,2417,17552,3066,11046,3011,6964,2328,3950,1401,1965,706,803,235,279,60,78,8,21,2,1,0,1,0,0,0,0,0,0,0
0,0,0,0,0,0,0,0,0,0,0,0,0,0,0,0,0,0,0,0,0,0,0,0,0,0,0,0,0,0,0,0,0,0,0,0,3,0,13,0,33,0,58,0,128,0,275,0,581,0,1292,0,2537,0,4843,0,8789,0,15426,0,25643,0,41849,0,65453,0,98216,0,141424,0,196105,0,263439,341291,0,424581,0,513196,0,596746,0,669254,0,724962,0,760693,0,775662,0,756728,0,719879,0,660886,0,586637,0,505562,0,418469,0,337013,1,262122,8,196371,37,141809,98759,361,66299,879,43606,1626,27394,2411,17711,3030,11247,2996,7083,2378,3975,1419,1975,732,828,238,276,57,73,14,24,0,2,0,1,0,0,0,0,0,0,0
0,0,0,0,0,0,0,0,0,0,0,0,0,0,0,0,0,0,0,0,0,0,0,0,0,0,0,0,0,0,0,0,0,0,0,0,6,0,11,0,28,0,63,0,121,0,270,0,546,0,1276,0,2449,0,4818,0,8593,0,15143,0,25225,0,41550,0,64109,0,97063,0,139686,0,194410,0,260853,338303,0,422353,0,509212,0,594315,0,666653,0,724679,0,760867,0,774373,0,758662,0,721394,0,663106,0,590653,0,506803,0,421945,0,339405,2,264792,5,197973,46,142879,100126,355,67188,870,43898,1576,27736,2450,17931,3024,11351,3024,7154,2348,4037,1447,1984,750,822,231,279,66,75,20,23,1,1,0,1,0,0,0,0,0,0,0
0,0,0,0,0,0,0,0,0,0,0,0,0,0,0,0,0,0,0,0,0,0,0,0,0,0,0,0,0,0,0,0,0,0,0,1,4,0,19,0,18,0,53,0,119,0,273,0,567,0,1193,0,2473,0,4645,0,8431,0,14859,0,24711,0,41050,0,63203,0,95454,0,138414,0,191402,0,259493,334907,0,420198,0,506934,0,591092,0,663195,0,723182,0,760517,0,774703,0,760563,0,723110,0,665911,0,592817,0,509388,0,425494,0,342065,2,266008,4,200429,50,144485,101342,358,67885,899,44045,1563,28256,2441,18139,3028,11533,3026,7266,2401,4033,1408,2074,712,845,256,285,58,76,17,21,2,2,0,1,0,0,0,0,0,0,0
0,0,0,0,0,0,0,0,0,0,0,0,0,0,0,0,0,0,0,0,0,0,0,0,0,0,0,0,0,0,0,0,0,0,0,3,2,0,16,0,17,0,50,0,125,0,266,0,575,0,1181,0,2333,0,4598,0,8279,0,14560,0,24545,0,39880,0,62501,0,94192,0,136569,0,189836,0,256659,332439,0,417037,0,504393,0,588097,0,662252,0,721894,0,758798,0,774725,0,762132,0,725350,0,667140,0,595589,0,512865,0,427821,0,345122,1,268215,8,202023,48,145948,102546,338,68533,866,44859,1513,28516,2419,18362,3040,11637,3038,7291,2454,4097,1437,2088,741,807,268,290,64,75,15,26,1,2,0,1,0,0,0,0,0,0,0
0,0,0,0,0,0,0,0,0,0,0,0,0,0,0,0,0,0,0,0,0,0,0,0,0,0,0,0,0,0,0,0,0,1,0,2,4,0,8,0,23,0,38,0,156,0,252,0,545,0,1130,0,2374,0,4422,0,8067,0,14251,0,24159,0,39354,0,61672,0,92740,0,134983,0,188335,0,253543,330012,0,414413,0,501600,0,583991,0,661765,0,719072,0,759301,0,774168,0,762777,0,727343,0,670645,0,598572,0,515993,0,430019,1,346853,0,271109,6,203612,30,147550,103293,347,69407,840,45506,1553,28929,2397,18501,3085,11707,3150,7250,2476,4169,1448,2092,767,835,268,299,75,77,18,19,3,5,0,1,0,0,0,0,0,0,0
0,0,0,0,0,0,0,0,0,0,0,0,0,0,0,0,0,0,0,0,0,0,0,0,0,0,0,0,0,0,0,0,0,1,0,2,4,0,5,0,18,0,45,0,126,0,246,0,552,0,1138,0,2301,0,4290,0,7908,0,14108,0,23810,0,38660,0,60599,0,91537,0,133353,0,186079,0,251658,327185,0,411306,0,498306,0,582195,0,658824,0,718403,0,757951,0,774561,0,763756,0,729375,0,673040,0,601295,0,518032,0,433701,0,349748,1,272613,7,205577,34,149365,104175,349,70496,813,45846,1522,29235,2372,18850,2917,12003,3060,7464,2433,4143,1503,2081,796,861,264,321,70,74,20,15,2,7,0,1,0,0,0,0,0,0,0
0,0,0,0,0,0,0,0,0,0,0,0,0,0,0,0,0,0,0,0,0,0,0,0,0,0,0,0,0,0,0,0,0,2,0,0,4,0,7,0,18,0,42,0,115,0,253,0,506,0,1139,0,2218,0,4234,0,7817,0,13777,0,23305,0,38200,0,59712,0,90683,0,131226,0,184094,0,249523,324133,0,408694,0,495117,0,579901,0,656478,0,717076,0,757485,0,774178,0,765225,0,730248,0,676325,0,603898,0,521166,0,435884,0,352747,1,274860,7,207631,27,150333,105345,358,71276,779,46398,1554,29595,2379,18966,2985,12089,3116,7544,2378,4268,1575,2051,754,905,288,322,77,72,20,16,3,5,0,1,0,0,0,0,0,0,0
0,0,0,0,0,0,0,0,0,0,0,0,0,0,0,0,0,0,0,0,0,0,0,0,0,0,0,0,0,0,0,0,0,0,0,2,1,0,10,0,17,0,36,0,112,0,243,0,515,0,1126,0,2157,0,4124,0,7700,0,13290,0,23156,0,37625,0,58906,0,88911,0,129890,0,182196,0,246423,321985,0,406056,0,492167,0,577574,0,654402,0,715420,0,756626,0,775250,0,764846,0,732489,0,678371,0,606547,0,524677,0,438339,0,354757,2,277653,3,209453,22,152051,106358,346,71812,768,47032,1569,30140,2291,19050,3040,12249,3100,7614,2488,4280,1521,2143,731,935,288,325,70,85,16,20,2,4,0,0,0,1,0,0,0,0,0
0,0,0,0,0,0,0,0,0,0,0,0,0,0,0,0,0,0,0,0,0,0,0,0,0,0,0,0,0,0,0,0,0,1,0,1,2,0,8,0,14,0,44,0,101,0,233,0,507,0,1085,0,2110,0,4053,0,7487,0,13152,0,22558,0,36953,0,58133,0,87998,0,127882,0,179852,0,243830,320298,0,401998,0,490627,0,575119,0,651483,0,714455,0,755876,0,774426,0,766582,0,733833,0,680668,0,609276,0,527409,0,441865,0,357047,2,279884,4,211608,24,153531,107265,319,72566,773,47706,1461,30471,2304,19292,3110,12359,3046,7641,2493,4337,1538,2194,746,922,298,346,71,90,12,21,2,5,0,0,0,1,0,0,0,0,0
0,0,0,0,0,0,0,0,0,0,0,0,0,0,0,0,0,0,0,0,0,0,0,0,0,0,0,0,0,0,0,0,0,1,0,1,3,0,8,0,11,0,44,0,101,0,214,0,507,0,1025,0,2151,0,3893,0,7359,0,13071,0,22105,0,36443,0,57018,0,86488,0,126575,0,178128,0,241248,317934,0,399238,0,486884,0,572833,0,649457,0,713142,0,755176,0,774504,0,767442,0,735705,0,682372,0,612496,0,529904,0,443945,0,360614,1,282051,3,213077,25,155337,108455,324,73475,755,48239,1475,30821,2301,19535,3024,12490,3097,7697,2533,4330,1548,2284,733,926,298,326,71,95,11,23,2,5,0,0,0,1,0,0,0,0,0
0,0,0,0,0,0,0,0,0,0,0,0,0,0,0,0,0,0,0,0,0,0,0,0,0,0,0,0,0,0,0,0,0,1,0,2,2,0,4,0,14,0,39,0,104,0,218,0,455,0,1037,0,2096,0,3838,0,7158,0,12812,0,22001,0,35718,0,56315,0,85416,0,124992,0,176065,0,239541,314086,0,397200,0,483163,0,569696,0,648553,0,710861,0,755063,0,774806,0,767671,0,737740,0,684517,0,615013,0,532634,0,447284,0,362195,0,284852,4,214789,19,157344,109466,306,73972,763,48921,1436,31133,2298,19910,3058,12609,3118,7779,2494,4356,1575,2365,751,933,291,338,80,93,17,19,0,7,0,1,0,1,0,0,0,0,0
0,0,0,0,0,0,0,0,0,0,0,0,0,0,0,0,0,0,0,0,0,0,0,0,0,0,0,0,0,0,0,0,0,2,0,0,2,0,3,0,12,0,44,0,96,0,198,0,472,0,1018,0,1973,0,3850,0,7089,0,12489,0,21543,0,35169,0,55571,0,83945,0,123550,0,174074,0,237604,311392,0,394795,0,479921,0,566625,0,646912,0,709462,0,754053,0,774364,0,768370,0,739469,0,687155,0,617667,0,535444,0,450226,0,364857,1,286228,2,216931,33,158791,111304,285,74610,713,49582,1420,31393,2268,20205,3066,12643,3073,7927,2488,4515,1620,2282,810,940,308,342,69,96,15,23,1,6,0,1,0,1,0,0,0,0,0
0,0,0,0,0,0,0,0,0,0,0,0,0,0,0,0,0,0,0,0,0,0,0,0,0,0,0,0,0,0,0,0,0,2,0,0,2,0,1,0,15,0,43,0,83,0,203,0,453,0,984,0,1984,0,3764,0,6961,0,12294,0,21038,0,34478,0,54891,0,83233,0,121771,0,171967,0,234614,309194,0,391204,0,477757,0,564817,0,643692,0,708887,0,752806,0,773911,0,769811,0,741469,0,689171,0,618929,0,540013,0,452770,0,366549,0,288809,4,219026,24,160131,112166,283,75869,718,49909,1414,32043,2242,20337,2974,12912,3127,7939,2566,4583,1657,2231,808,997,288,358,85,100,17,19,3,5,0,3,0,0,0,0,0,0,0
0,0,0,0,0,0,0,0,0,0,0,0,0,0,0,0,0,0,0,0,0,0,0,0,0,0,0,0,0,0,0,0,0,2,0,0,1,0,3,0,16,0,30,0,95,0,204,0,421,0,977,0,1913,0,3686,0,6774,0,12119,0,20600,0,34160,0,53810,0,82350,0,120275,0,170231,0,232320,305940,0,388710,0,475614,0,561813,0,640899,0,706343,0,753323,0,773448,0,771077,0,743244,0,691153,0,622487,0,541155,0,455549,0,370205,1,290347,6,221422,18,161077,113610,290,77103,714,50070,1393,32537,2221,20530,2971,13149,3094,8152,2538,4558,1643,2314,796,1025,271,383,77,102,16,21,1,10,0,1,0,0,0,0,0,0,0
0,0,0,0,0,0,0,0,0,0,0,0,0,0,0,0,0,0,0,0,0,0,0,0,0,0,0,0,0,0,0,0,0,1,0,2,0,0,2,0,12,0,37,0,80,0,199,0,412,0,956,0,1802,0,3601,0,6707,0,11930,0,20215,0,33428,0,53136,0,81041,0,118998,0,168647,0,229904,303326,0,385989,0,471221,0,560054,0,639490,0,703493,0,752175,0,773628,0,773906,0,744827,0,692993,0,623555,0,544881,0,457261,0,373210,0,293303,2,223122,21,162970,114534,302,77861,678,50937,1397,32682,2284,20668,2979,13218,3072,8267,2567,4674,1708,2303,823,1020,294,364,85,104,15,22,2,10,0,1,0,0,0,0,0,0,0
0,0,0,0,0,0,0,0,0,0,0,0,0,0,0,0,0,0,0,0,0,0,0,0,0,0,0,0,0,0,0,0,0,0,0,2,2,0,3,0,13,0,32,0,78,0,195,0,429,0,884,0,1849,0,3469,0,6559,0,11668,0,19750,0,33011,0,52286,0,79702,0,118030,0,166266,0,228283,300044,0,382752,0,469466,0,557040,0,636579,0,702741,0,749484,0,774279,0,776397,0,744337,0,696143,0,627110,0,546961,0,460839,0,374572,1,296276,4,224170,26,165090,115623,285,78816,704,51606,1335,33131,2295,20894,3022,13328,3127,8228,2581,4781,1683,2359,821,1044,306,383,86,97,13,27,1,9,0,1,0,0,0,0,0,0,0
0,0,0,0,0,0,0,0,0,0,0,0,0,0,0,0,0,0,0,0,0,0,0,0,0,0,0,0,0,0,0,0,0,0,0,1,1,0,3,0,19,0,32,0,67,0,199,0,451,0,847,0,1771,0,3452,0,6405,0,11345,0,19455,0,32359,0,51598,0,78458,0,116544,0,164918,0,226066,297086,0,380367,0,466849,0,552770,0,635014,0,701362,0,748754,0,774796,0,775861,0,747220,0,698073,0,629975,0,549160,0,462924,0,377957,1,297522,1,226834,22,165881,117423,291,79767,680,52296,1334,33569,2226,21176,2988,13427,3111,8425,2599,4794,1709,2365,847,1022,314,371,96,109,12,23,4,9,0,1,0,0,0,0,0,0,0
0,0,0,0,0,0,0,0,0,0,0,0,0,0,0,0,0,0,0,0,0,0,0,0,0,0,0,0,0,0,0,0,0,0,0,1,1,0,4,0,17,0,27,0,72,0,184,0,412,0,845,0,1778,0,3352,0,6279,0,11167,0,19080,0,31964,0,50703,0,77553,0,114655,0,163201,0,223673,295167,0,377449,0,463416,0,550701,0,632550,0,700079,0,747785,0,774539,0,776029,0,749217,0,699006,0,632304,0,552579,0,465749,0,381192,0,299918,8,228514,18,167619,118322,302,80708,672,53284,1324,33664,2178,21439,2885,13796,3213,8333,2596,4899,1685,2435,872,1045,319,383,85,101,20,29,4,8,0,0,0,0,0,0,0,0,0
0,0,0,0,0,0,0,0,0,0,0,0,0,0,0,0,0,0,0,0,0,0,0,0,0,0,0,0,0,0,0,0,0,0,0,1,1,0,6,0,11,0,27,0,73,0,152,0,411,0,821,0,1676,0,3299,0,6167,0,11006,0,18867,0,31293,0,50088,0,76243,0,113111,0,161711,0,221624,292304,0,374541,0,460514,0,548688,0,629499,0,697814,0,747645,0,774225,0,776714,0,750609,0,701085,0,634926,0,554892,0,469245,0,383017,0,302717,9,230885,20,169162,119394,289,81820,672,53697,1349,34241,2175,21588,2956,13826,3190,8539,2606,4879,1733,2439,888,1081,331,356,98,104,23,26,3,6,0,0,0,0,0,0,0,0,0
0,0,0,0,0,0,0,0,0,0,0,0,0,0,0,0,0,0,0,0,0,0,0,0,0,0,0,0,0,0,0,0,0,0,0,0,1,0,7,0,13,0,19,0,72,0,145,0,406,0,847,0,1633,0,3189,0,6073,0,10702,0,18608,0,30908,0,49152,0,75379,0,111654,0,159724,0,219094,290908,0,370630,0,458342,0,545599,0,626800,0,695557,0,747447,0,774710,0,776868,0,750429,0,704483,0,637540,0,558165,0,471724,0,385272,0,305711,5,233173,21,170169,121074,268,82277,701,54320,1389,34811,2146,21715,2957,13886,3205,8803,2606,4912,1747,2417,920,1075,348,377,102,112,22,30,1,8,0,0,0,0,0,0,0,0,0
0,0,0,0,0,0,0,0,0,0,0,0,0,0,0,0,0,0,0,0,0,0,0,0,0,0,0,0,0,0,0,0,0,0,0,0,1,0,4,0,9,0,32,0,74,0,166,0,375,0,809,0,1592,0,3206,0,5670,0,10659,0,18337,0,30373,0,48275,0,74378,0,110011,0,158162,0,217009,287576,0,369355,0,454459,0,542810,0,625056,0,694610,0,744920,0,775665,0,776571,0,752177,0,705834,0,640762,0,561463,0,474080,0,388301,1,307636,3,235084,19,171824,122141,269,83689,664,54686,1373,35227,2084,22000,2937,14023,3195,8872,2637,5033,1700,2557,880,1083,331,395,105,116,25,29,1,8,0,0,0,0,0,0,0,0,0
0,0,0,0,0,0,0,0,0,0,0,0,0,0,0,0,0,0,0,0,0,0,0,0,0,0,0,0,0,0,0,0,0,0,0,0,1,0,3,0,12,0,24,0,64,0,160,0,382,0,800,0,1610,0,3023,0,5697,0,10404,0,17992,0,29838,0,47739,0,72827,0,109528,0,156192,0,214168,285543,0,365967,0,452749,0,539260,0,622382,0,692451,0,745069,0,775188,0,776901,0,753917,0,707908,0,642405,0,563584,0,478038,0,391305,1,309708,3,237171,23,173320,123817,269,84195,636,55429,1331,35706,2114,22192,2922,14332,3181,8824,2633,5136,1737,2586,853,1126,349,391,105,123,26,27,3,6,0,2,0,0,0,0,0,0,0
0,0,0,0,0,0,0,0,0,0,0,0,0,0,0,0,0,0,0,0,0,0,0,0,0,0,0,0,0,0,0,0,0,0,0,0,1,0,4,0,12,0,25,0,66,0,139,0,388,0,767,0,1531,0,2941,0,5634,0,10250,0,17671,0,29678,0,46490,0,72276,0,107734,0,154934,0,211991,283129,0,362566,0,450481,0,536243,0,620506,0,690851,0,743197,0,775463,0,776027,0,755146,0,710651,0,644797,0,566313,0,480514,0,395124,1,312365,3,238371,26,175257,125131,265,84872,642,56236,1319,35923,2126,22465,2970,14514,3189,8886,2727,5175,1755,2593,876,1143,349,404,96,121,29,28,2,6,0,3,0,0,0,0,0,0,0
0,0,0,0,0,0,0,0,0,0,0,0,0,0,0,0,0,0,0,0,0,0,0,0,0,0,0,0,0,0,0,0,0,0,0,0,1,0,3,0,7,0,27,0,63,0,144,0,354,0,749,0,1494,0,2945,0,5544,0,10001,0,17548,0,28791,0,46381,0,70971,0,106503,0,152719,0,210953,279921,0,359845,0,447803,0,533830,0,617416,0,689605,0,742579,0,773263,0,777466,0,756565,0,712100,0,647648,0,569657,0,483702,0,396312,0,315212,2,240819,20,176886,126050,276,86056,658,56540,1272,36525,2106,22697,2943,14759,3130,9010,2774,5224,1746,2681,881,1183,337,403,107,132,27,29,3,7,0,2,0,1,0,0,0,0,0
0,0,0,0,0,0,0,0,0,0,0,0,0,0,0,0,0,0,0,0,0,0,0,0,0,0,0,0,0,0,0,0,0,0,0,0,2,0,2,0,8,0,25,0,63,0,136,0,358,0,741,0,1434,0,2843,0,5523,0,9692,0,17303,0,28522,0,45407,0,70544,0,104818,0,150676,0,208481,277794,0,357153,0,443932,0,532321,0,615156,0,686863,0,741802,0,774246,0,776997,0,757617,0,713966,0,650740,0,572947,0,485640,0,399790,0,316848,0,242587,17,178855,127505,276,86685,643,57376,1302,36737,2118,23198,2959,14826,3171,9086,2674,5365,1752,2746,941,1133,334,418,108,132,30,31,3,6,0,4,0,0,0,0,0,0,0
0,0,0,0,0,0,0,0,0,0,0,0,0,0,0,0,0,0,0,0,0,0,0,0,0,0,0,0,0,0,0,0,0,0,0,0,1,0,1,0,8,0,28,0,56,0,137,0,354,0,679,0,1442,0,2812,0,5416,0,9607,0,16898,0,27925,0,44944,0,69444,0,103114,0,149141,0,206147,275480,0,355058,0,441016,0,528356,0,613576,0,684794,0,740532,0,773749,0,779236,0,757137,0,716290,0,653030,0,575079,0,489254,0,402554,0,319620,1,244265,25,181175,128275,249,87832,643,57789,1301,37210,2113,23446,2875,15090,3194,9083,2729,5412,1816,2827,874,1170,358,426,113,136,25,28,3,7,0,3,0,0,0,0,0,0,0
0,0,0,0,0,0,0,0,0,0,0,0,0,0,0,0,0,0,0,0,0,0,0,0,0,0,0,0,0,0,0,0,0,0,0,1,0,0,2,0,6,0,26,0,62,0,138,0,310,0,720,0,1373,0,2738,0,5182,0,9554,0,16521,0,27731,0,44230,0,68580,0,101671,0,147109,0,204159,272502,0,352689,0,438465,0,525790,0,610600,0,683534,0,739184,0,772764,0,779639,0,759926,0,717411,0,654819,0,578209,0,492583,0,404812,0,322015,1,246968,19,182495,129642,228,88679,628,58411,1200,37675,2155,23583,2875,15300,3143,9297,2746,5410,1834,2841,927,1176,375,427,109,140,29,23,4,10,0,3,0,0,0,0,0,0,0
0,0,0,0,0,0,0,0,0,0,0,0,0,0,0,0,0,0,0,0,0,0,0,0,0,0,0,0,0,0,0,0,0,0,0,0,1,0,1,0,9,0,21,0,68,0,143,0,297,0,648,0,1389,0,2693,0,5081,0,9257,0,16323,0,27287,0,43675,0,67562,0,100415,0,145485,0,202269,269805,0,349196,0,436363,0,522510,0,608369,0,681266,0,739190,0,770933,0,779919,0,761877,0,719538,0,657727,0,580119,0,495832,0,407325,0,324626,3,249180,16,184133,130906,233,89763,613,59207,1249,37711,2078,24092,2859,15262,3238,9491,2714,5474,1821,2902,923,1185,359,470,105,127,28,29,4,12,0,2,0,0,0,0,0,0,0
0,0,0,0,0,0,0,0,0,0,0,0,0,0,0,0,0,0,0,0,0,0,0,0,0,0,0,0,0,0,0,0,0,0,0,0,1,0,1,0,10,0,21,0,52,0,147,0,283,0,638,0,1345,0,2647,0,4988,0,9127,0,15928,0,26765,0,42928,0,66815,0,99532,0,143681,0,200152,266923,0,346771,0,432627,0,520794,0,605004,0,679657,0,738557,0,770181,0,781056,0,762134,0,721595,0,660070,0,583406,0,498741,0,409862,0,326956,4,251381,16,185798,132052,242,90821,583,59653,1231,38345,2049,24442,2927,15353,3159,9647,2724,5591,1827,2850,929,1248,382,452,104,125,30,31,4,11,0,1,0,1,0,0,0,0,0
0,0,0,0,0,0,0,0,0,0,0,0,0,0,0,0,0,0,0,0,0,0,0,0,0,0,0,0,0,0,0,0,0,0,0,0,2,0,0,0,10,0,19,0,51,0,135,0,293,0,618,0,1274,0,2673,0,4944,0,8858,0,15538,0,26339,0,42461,0,65292,0,98913,0,141731,0,197990,265692,0,343736,0,429061,0,517585,0,602978,0,678757,0,736005,0,770034,0,781539,0,763396,0,723731,0,662099,0,586030,0,501332,0,413525,1,328815,4,253450,14,187264,133864,219,91814,603,60050,1212,38879,2087,24657,2879,15643,3179,9638,2787,5546,1912,2902,960,1235,375,454,111,131,24,42,2,13,0,1,0,0,0,0,0,0,0
0,0,0,0,0,0,0,0,0,0,0,0,0,0,0,0,0,0,0,0,0,0,0,0,0,0,0,0,0,0,0,0,0,0,0,0,1,0,2,0,11,0,17,0,47,0,132,0,273,0,622,0,1273,0,2557,0,4863,0,8705,0,15386,0,25664,0,41577,0,64891,0,97367,0,140322,0,196109,262751,0,341168,0,426301,0,515727,0,600105,0,677070,0,734530,0,768837,0,781879,0,764828,0,725453,0,664365,0,589101,0,503721,0,415532,0,332736,4,255332,18,188847,134869,231,92894,585,60857,1206,39357,2026,25010,2766,15864,3176,9689,2822,5657,1875,2964,971,1276,382,481,109,137,22,38,3,15,0,1,0,1,0,0,0,0,0
0,0,0,0,0,0,0,0,0,0,0,0,0,0,0,0,0,0,0,0,0,0,0,0,0,0,0,0,0,0,0,0,0,0,0,0,0,0,3,0,8,0,24,0,45,0,124,0,287,0,595,0,1251,0,2494,0,4651,0,8709,0,15140,0,25139,0,40912,0,64116,0,95931,0,138597,0,194019,260768,0,338479,0,424350,0,511623,0,598255,0,674454,0,733278,0,769708,0,781383,0,766215,0,727149,0,666498,0,591348,0,507322,0,417667,1,335385,5,256894,12,190790,136619,211,93728,564,61924,1176,39521,2092,25352,2835,15939,3110,9829,2781,5684,1950,2951,983,1309,400,478,123,141,23,34,5,16,0,0,0,1,0,0,0,0,0
0,0,0,0,0,0,0,0,0,0,0,0,0,0,0,0,0,0,0,0,0,0,0,0,0,0,0,0,0,0,0,0,0,0,0,0,0,0,5,0,6,0,22,0,41,0,119,0,290,0,608,0,1216,0,2396,0,4590,0,8518,0,14702,0,25001,0,40318,0,63127,0,94063,0,137552,0,191428,259391,0,335322,0,421930,0,509014,0,595990,0,671518,0,732223,0,769709,0,782519,0,766165,0,729023,0,668425,0,594113,0,510199,0,420576,0,337237,6,259331,16,192613,137901,221,94975,568,62404,1180,40202,2084,25444,2872,16173,3153,9886,2756,5762,1976,3000,998,1265,428,498,117,138,28,34,7,13,0,2,0,1,0,0,0,0,0
0,0,0,0,0,0,0,0,0,0,0,0,0,0,0,0,0,0,0,0,0,0,0,0,0,0,0,0,0,0,0,0,0,0,0,0,1,0,3,0,12,0,13,0,38,0,130,0,282,0,584,0,1196,0,2324,0,4483,0,8319,0,14454,0,24722,0,39560,0,61778,0,93833,0,135683,0,189934,256302,0,333204,0,418569,0,506772,0,592671,0,669410,0,730958,0,769245,0,782777,0,768542,0,730564,0,671099,0,596157,0,512473,0,424312,0,339431,5,261375,15,193761,139560,222,95680,532,63218,1191,40601,2000,25835,2909,16156,3162,10173,2789,5855,1941,3058,974,1320,395,494,124,146,25,37,4,14,0,1,0,1,0,0,0,0,0
0,0,0,0,0,0,0,0,0,0,0,0,0,0,0,0,0,0,0,0,0,0,0,0,0,0,0,0,0,0,0,0,0,0,0,0,1,0,4,0,10,0,13,0,42,0,129,0,258,0,566,0,1178,0,2288,0,4433,0,8009,0,14365,0,24059,0,39118,0,61154,0,92184,0,134686,0,187797,253833,0,329948,0,416084,0,504699,0,590229,0,666339,0,730154,0,768735,0,782162,0,770810,0,731469,0,675020,0,597978,0,514959,0,427125,0,342150,5,263428,10,195662,140604,210,96696,559,64007,1197,40805,1972,26172,2952,16479,3128,10229,2749,5985,1947,3030,1024,1337,385,488,126,146,30,36,3,16,0,2,0,1,0,0,0,0,0
0,0,0,0,0,0,0,0,0,0,0,0,0,0,0,0,0,0,0,0,0,0,0,0,0,0,0,0,0,0,0,0,0,0,0,0,0,0,6,0,8,0,11,0,48,0,107,0,240,0,587,0,1185,0,2238,0,4330,0,7776,0,14137,0,23865,0,38199,0,60556,0,91005,0,133302,0,185486,251094,0,328082,0,413375,0,501640,0,587608,0,664836,0,728451,0,769002,0,781535,0,771204,0,734829,0,676332,0,601390,0,517235,0,429294,0,343976,4,266595,9,197615,141627,211,97743,526,64578,1215,41294,2055,26370,2906,16803,3114,10281,2794,6020,1929,3085,1074,1362,376,514,115,145,31,29,3,12,0,3,0,1,0,0,0,0,0
0,0,0,0,0,0,0,0,0,0,0,0,0,0,0,0,0,0,0,0,0,0,0,0,0,0,0,0,0,0,0,0,0,0,0,0,1,0,4,0,6,0,20,0,44,0,93,0,269,0,540,0,1161,0,2203,0,4193,0,7741,0,13761,0,23571,0,37667,0,59625,0,90031,0,131288,0,184209,248492,0,325041,0,411123,0,498383,0,585762,0,663446,0,724662,0,769564,0,782020,0,771614,0,737260,0,678920,0,603337,0,520055,0,432293,0,346256,4,268487,15,199760,142854,217,98860,487,65204,1227,41967,1962,26601,2925,17023,3168,10267,2880,6097,1916,3165,1033,1391,376,533,116,136,34,29,2,11,0,6,0,0,0,0,0,0,0
0,0,0,0,0,0,0,0,0,0,0,0,0,0,0,0,0,0,0,0,0,0,0,0,0,0,0,0,0,0,0,0,0,0,0,1,0,0,3,0,7,0,19,0,44,0,88,0,261,0,530,0,1090,0,2195,0,4072,0,7710,0,13588,0,22654,0,37330,0,59026,0,89124,0,129638,0,181995,246187,0,322853,0,407727,0,495935,0,582686,0,661078,0,724037,0,766912,0,784399,0,773205,0,737838,0,681243,0,606944,0,522710,0,434464,1,348912,3,270149,12,201840,144324,215,99852,464,65950,1153,42488,1962,27010,2913,17125,3094,10404,2868,6143,1969,3245,1033,1405,422,506,120,151,34,30,3,9,0,6,0,0,0,0,0,0,0
0,0,0,0,0,0,0,0,0,0,0,0,0,0,0,0,0,0,0,0,0,0,0,0,0,0,0,0,0,0,0,0,0,0,0,1,0,0,4,0,8,0,17,0,56,0,85,0,239,0,528,0,1066,0,2067,0,4111,0,7444,0,13389,0,22259,0,37029,0,58211,0,87913,0,127494,0,180252,244037,0,319885,0,405062,0,492887,0,580843,0,658819,0,722926,0,766518,0,782926,0,774439,0,741295,0,682371,0,610081,0,525326,0,437956,1,350676,3,272812,12,202812,145716,204,101078,479,66918,1159,42758,1949,27395,2878,17363,3050,10515,2831,6172,2028,3280,1027,1443,431,516,123,158,26,35,2,9,0,5,0,0,0,0,0,0,0
0,0,0,0,0,0,0,0,0,0,0,0,0,0,0,0,0,0,0,0,0,0,0,0,0,0,0,0,0,0,0,0,0,0,0,0,1,0,4,0,9,0,21,0,38,0,101,0,220,0,500,0,1061,0,2069,0,4001,0,7306,0,13088,0,22101,0,36232,0,57251,0,86750,0,126259,0,178481,241557,0,318331,0,401063,0,490876,0,577980,0,657020,0,720658,0,765705,0,782651,0,776542,0,741509,0,686154,0,611773,0,528359,0,440746,0,353955,2,274819,10,204507,146841,185,102131,482,67695,1146,43259,1963,27697,2888,17347,3160,10678,2825,6254,2026,3266,1062,1474,402,558,125,152,27,38,3,9,0,5,0,0,0,0,0,0,0
0,0,0,0,0,0,0,0,0,0,0,0,0,0,0,0,0,0,0,0,0,0,0,0,0,0,0,0,0,0,0,0,0,0,0,0,0,0,5,0,9,0,18,0,43,0,81,0,234,0,497,0,973,0,2083,0,4001,0,7166,0,12727,0,21696,0,36025,0,56000,0,85501,0,124873,0,176642,239838,0,315503,0,398490,0,487777,0,576033,0,654949,0,719002,0,763340,0,784772,0,776230,0,743783,0,688384,0,613563,0,531832,0,443909,1,356367,1,276248,11,206152,149058,207,102669,472,68554,1171,43840,2008,27845,2824,17705,3139,10704,2925,6298,1996,3302,1113,1458,432,558,129,157,26,41,4,8,0,6,0,0,0,0,0,0,0
0,0,0,0,0,0,0,0,0,0,0,0,0,0,0,0,0,0,0,0,0,0,0,0,0,0,0,0,0,0,0,0,0,0,0,0,0,0,6,0,4,0,26,0,31,0,89,0,232,0,478,0,995,0,2017,0,3818,0,7269,0,12384,0,21398,0,35343,0,55434,0,84418,0,123829,0,173792,237852,0,312782,0,396042,0,485508,0,571712,0,652813,0,718919,0,763611,0,784401,0,776690,0,744975,0,691609,0,615579,0,534319,0,446125,1,359737,2,277954,14,208184,150142,193,104130,504,69077,1137,44200,1954,28340,2846,17856,3150,10937,2874,6398,1964,3358,1132,1452,439,552,127,174,19,45,2,8,0,4,0,2,0,0,0,0,0
0,0,0,0,0,0,0,0,0,0,0,0,0,0,0,0,0,0,0,0,0,0,0,0,0,0,0,0,0,0,0,0,0,0,0,0,0,0,3,0,8,0,18,0,36,0,98,0,215,0,460,0,976,0,1955,0,3829,0,6942,0,12346,0,21165,0,34508,0,54785,0,83622,0,121900,0,171587,235653,0,310136,0,393993,0,482087,0,569941,0,650322,0,717834,0,763272,0,783639,0,778010,0,745849,0,694077,0,618203,0,536610,0,449740,0,360995,3,281207,18,209645,151968,182,105087,474,69681,1179,44655,1933,28723,2816,18197,3053,11000,2892,6447,2079,3383,1073,1523,434,555,147,158,25,42,1,8,0,4,0,2,0,0,0,0,0
0,0,0,0,0,0,0,0,0,0,0,0,0,0,0,0,0,0,0,0,0,0,0,0,0,0,0,0,0,0,0,0,0,0,0,0,0,0,5,0,6,0,17,0,39,0,100,0,183,0,459,0,985,0,1906,0,3720,0,6858,0,12094,0,20629,0,34068,0,54193,0,82852,0,119900,0,170237,233100,0,308088,0,390992,0,478819,0,567880,0,648882,0,715860,0,762313,0,783211,0,778863,0,748381,0,694484,0,622321,0,539362,0,450879,0,365008,3,283053,14,212096,152582,151,106017,441,70684,1129,45300,1962,28848,2828,18327,3115,11209,2928,6532,2037,3391,1146,1514,432,576,154,161,23,46,0,11,0,1,0,3,0,0,0,0,0
0,0,0,0,0,0,0,0,0,0,0,0,0,0,0,0,0,0,0,0,0,0,0,0,0,0,0,0,0,0,0,0,0,0,0,0,0,0,4,0,6,0,11,0,51,0,88,0,208,0,402,0,969,0,1890,0,3745,0,6709,0,11803,0,20311,0,33458,0,53702,0,81108,0,118807,0,168702,231155,0,304932,0,388484,0,476099,0,565265,0,646812,0,713661,0,761789,0,783701,0,779481,0,750703,0,695965,0,624780,0,541723,0,454474,0,367333,7,285121,21,214161,153926,170,106866,445,71292,1080,45857,1947,29151,2830,18613,3119,11246,2904,6716,2058,3479,1096,1536,461,575,147,176,19,43,1,8,1,3,0,2,0,0,0,0,0
0,0,0,0,0,0,0,0,0,0,0,0,0,0,0,0,0,0,0,0,0,0,0,0,0,0,0,0,0,0,0,0,0,0,0,0,1,0,4,0,5,0,14,0,36,0,90,0,232,0,365,0,935,0,1903,0,3587,0,6484,0,11752,0,19796,0,32906,0,52871,0,80482,0,116941,0,167152,229137,0,303541,0,384015,0,474363,0,562108,0,644114,0,713427,0,759304,0,784081,0,781857,0,752744,0,697467,0,625910,0,545568,0,456374,0,369965,5,287775,12,215652,155269,177,108148,436,72171,1101,46231,1918,29582,2769,18740,3142,11325,2915,6766,2048,3529,1136,1572,476,578,145,177,23,46,1,7,0,4,0,1,0,0,0,0,0
0,0,0,0,0,0,0,0,0,0,0,0,0,0,0,0,0,0,0,0,0,0,0,0,0,0,0,0,0,0,0,0,0,0,0,0,1,0,4,0,5,0,14,0,37,0,85,0,194,0,411,0,901,0,1842,0,3458,0,6532,0,11308,0,19630,0,32618,0,51881,0,78784,0,116116,0,165216,227444,0,300213,0,382445,0,470505,0,560143,0,641270,0,711250,0,759786,0,784327,0,782486,0,753864,0,699920,0,628933,0,547166,1,459846,0,372151,4,290446,16,217332,156566,165,109218,419,72792,1018,47014,1915,29855,2752,18816,3127,11547,2898,6795,2128,3595,1136,1601,481,593,125,188,26,40,1,8,0,3,0,0,0,1,0,0,0
0,0,0,0,0,0,0,0,0,0,0,0,0,0,0,0,0,0,0,0,0,0,0,0,0,0,0,0,0,0,0,0,0,0,0,0,2,0,4,0,2,0,19,0,28,0,95,0,190,0,397,0,897,0,1824,0,3372,0,6226,0,11383,0,19265,0,31993,0,51164,0,77647,0,114672,0,163168,225889,0,297444,0,380337,0,467978,0,556436,0,639829,0,709678,0,758070,0,784962,0,783618,0,754825,0,701038,0,633100,0,549295,0,462725,1,374381,3,292243,15,219125,158667,142,110137,439,73819,1038,47261,1894,30367,2746,18833,3139,11658,2975,6899,2104,3660,1184,1608,486,593,140,199,26,41,0,10,0,2,0,0,0,1,0,0,0
0,0,0,0,0,0,0,0,0,0,0,0,0,0,0,0,0,0,0,0,0,0,0,0,0,0,0,0,0,0,0,0,0,0,0,1,1,0,2,0,3,0,14,0,35,0,87,0,195,0,395,0,884,0,1738,0,3306,0,6183,0,11098,0,19039,0,31531,0,50251,0,76979,0,113495,0,161425,222846,0,295797,0,377295,0,465328,0,554659,0,636794,0,707070,0,758326,0,784500,0,783901,0,756098,0,704099,0,634633,0,553230,0,465309,1,376853,1,293816,14,221052,161049,156,110596,422,74736,1055,47898,1854,30458,2676,19202,3110,11767,2961,7023,2169,3705,1160,1607,478,612,148,205,27,37,0,10,0,2,0,0,0,1,0,0,0
0,0,0,0,0,0,0,0,0,0,0,0,0,0,0,0,0,0,0,0,0,0,0,0,0,0,0,0,0,0,0,0,0,0,0,0,2,0,2,0,3,0,17,0,33,0,85,0,187,0,401,0,851,0,1682,0,3196,0,6076,0,10960,0,18723,0,30905,0,49418,0,75987,0,112098,0,160144,220646,0,292496,0,375412,0,462894,0,551877,0,634490,0,705792,0,756663,0,784200,0,784602,0,757406,0,706381,0,637821,0,556535,0,466539,4,379702,1,296150,11,223268,162396,161,111941,401,75398,991,48449,1873,30894,2799,19065,3114,11977,2958,6988,2219,3800,1202,1596,484,600,137,226,28,37,1,11,0,1,0,0,0,1,0,0,0
0,0,0,0,0,0,0,0,0,0,0,0,0,0,0,0,0,0,0,0,0,0,0,0,0,0,0,0,0,0,0,0,0,0,0,0,2,0,2,0,5,0,15,0,33,0,72,0,200,0,361,0,850,0,1643,0,3142,0,5951,0,10690,0,18444,0,30640,0,48527,0,75087,0,110811,0,158429,218397,0,290345,0,372158,0,461153,0,547750,0,633795,0,703847,0,755679,0,783382,0,785612,0,759038,0,708073,0,640359,0,559131,0,469446,4,381805,4,299229,9,224656,163777,167,113542,413,75879,951,49080,1876,31127,2741,19398,3097,12063,2987,7050,2298,3783,1165,1700,501,568,163,214,37,42,3,8,0,1,0,0,0,1,0,0,0
0,0,0,0,0,0,0,0,0,0,0,0,0,0,0,0,0,0,0,0,0,0,0,0,0,0,0,0,0,0,0,0,0,0,0,0,1,0,3,0,6,0,15,0,26,0,63,0,201,0,350,0,813,0,1624,0,3116,0,5856,0,10607,0,18030,0,30061,0,47806,0,74298,0,109738,0,156256,216389,0,287875,0,369417,0,458278,0,546022,0,630455,0,702541,0,755594,0,782321,0,785852,0,759971,0,711239,0,643368,0,560629,0,472793,2,383903,1,301616,10,227504,164792,164,114432,389,76619,1014,49617,1864,31589,2710,19548,3063,12174,3016,7296,2184,3822,1203,1690,478,636,161,196,41,47,3,8,0,1,0,0,0,1,0,0,0
0,0,0,0,0,0,0,0,0,0,0,0,0,0,0,0,0,0,0,0,0,0,0,0,0,0,0,0,0,0,0,0,0,0,0,1,0,0,3,0,7,0,18,0,18,0,70,0,185,0,349,0,773,0,1547,0,3165,0,5685,0,10353,0,17896,0,29381,0,47234,0,72984,0,108777,0,155065,214130,0,285473,0,366413,0,455795,0,543404,0,628195,0,699731,0,755221,0,782394,0,786026,0,761517,0,713694,0,645818,0,563439,0,475002,1,387159,2,303962,8,228897,166349,166,115528,399,77423,957,50144,1836,32030,2648,19760,3110,12280,3034,7408,2147,3845,1199,1745,500,647,160,202,33,56,1,7,0,1,0,0,0,1,0,0,0
0,0,0,0,0,0,0,0,0,0,0,0,0,0,0,0,0,0,0,0,0,0,0,0,0,0,0,0,0,0,0,0,0,1,0,0,0,0,4,0,4,0,16,0,21,0,70,0,174,0,367,0,750,0,1535,0,2974,0,5716,0,9905,0,17662,0,29011,0,46442,0,72184,0,107203,0,153665,212222,0,282694,0,364502,0,451919,0,541773,0,625449,0,699071,0,753489,0,781591,0,786580,0,764061,0,714514,0,649146,0,566341,0,477619,0,389187,3,306074,8,231011,167090,156,117212,373,78616,883,50860,1857,32030,2582,20186,3187,12309,3019,7402,2231,3858,1221,1716,498,707,154,202,31,58,2,8,0,1,0,0,0,1,0,0,0
0,0,0,0,0,0,0,0,0,0,0,0,0,0,0,0,0,0,0,0,0,0,0,0,0,0,0,0,0,0,0,0,0,0,0,1,1,0,1,0,7,0,11,0,32,0,59,0,170,0,356,0,747,0,1473,0,2964,0,5436,0,9972,0,17186,0,28747,0,45650,0,71153,0,105912,0,152126,210254,0,280659,0,361074,0,449896,0,538781,0,623002,0,697419,0,751884,0,782778,0,786198,0,765755,0,717577,0,650306,0,569123,0,480831,1,391219,4,308373,10,233140,168405,138,118144,397,79412,920,51442,1868,32450,2660,20180,3271,12619,2932,7423,2271,3888,1251,1780,485,724,152,197,29,66,4,10,0,1,0,0,0,1,0,0,0
0,0,0,0,0,0,0,0,0,0,0,0,0,0,0,0,0,0,0,0,0,0,0,0,0,0,0,0,0,0,0,0,0,0,0,0,1,0,1,0,7,0,12,0,22,0,78,0,150,0,357,0,712,0,1449,0,2931,0,5470,0,9644,0,17020,0,28139,0,45079,0,69844,0,104960,0,150402,208640,0,277139,0,359456,0,446996,0,536491,0,620932,0,694803,0,751273,0,781675,0,788500,0,765806,0,720352,0,652434,0,571395,0,483441,1,393850,4,310740,8,234478,170215,164,119626,420,80162,912,51893,1822,32934,2634,20490,3196,12903,2981,7354,2236,4039,1255,1782,501,713,160,212,32,63,4,11,0,1,0,0,0,1,0,0,0
0,0,0,0,0,0,0,0,0,0,0,0,0,0,0,0,0,0,0,0,0,0,0,0,0,0,0,0,0,0,0,0,0,0,0,0,1,0,0,0,9,0,8,0,33,0,55,0,158,0,325,0,708,0,1433,0,2830,0,5449,0,9603,0,16413,0,27714,0,44466,0,69330,0,103419,0,149015,206143,0,275799,0,355897,0,444195,0,534327,0,618529,0,692048,0,750096,0,782312,0,789073,0,767541,0,722083,0,654244,0,574082,0,485597,0,397783,2,312765,8,236100,172250,160,120092,372,81177,928,52737,1723,33195,2657,20745,3245,12933,3008,7382,2301,4103,1230,1855,513,715,175,211,31,64,3,8,0,1,0,1,0,0,0,0,0
0,0,0,0,0,0,0,0,0,0,0,0,0,0,0,0,0,0,0,0,0,0,0,0,0,0,0,0,0,0,0,0,0,0,0,0,1,0,2,0,3,0,14,0,28,0,58,0,145,0,301,0,706,0,1384,0,2833,0,5273,0,9342,0,16159,0,27315,0,43792,0,68774,0,101986,0,147650,203682,0,273034,0,353997,0,441853,0,530706,0,616332,0,691704,0,746657,0,783066,0,789309,0,770058,0,722761,0,657157,0,577061,0,489533,0,399072,1,314502,11,238188,173802,165,121538,410,81767,895,53057,1734,33923,2621,20980,3203,13000,3034,7565,2270,4107,1295,1838,530,718,170,229,33,62,2,9,0,0,0,1,0,0,0,0,0
0,0,0,0,0,0,0,0,0,0,0,0,0,0,0,0,0,0,0,0,0,0,0,0,0,0,0,0,0,0,0,0,0,0,0,0,1,0,1,0,2,0,11,0,31,0,55,0,144,0,297,0,654,0,1409,0,2760,0,5120,0,9200,0,16100,0,26740,0,43121,0,67550,0,101282,0,145494,202021,0,271552,0,350439,0,439234,0,527832,0,614039,0,689850,0,746600,0,781433,0,789132,0,771291,0,725459,0,660179,0,580248,0,491502,1,401981,3,316921,9,240249,175050,148,122382,374,82759,900,53665,1781,34164,2613,21242,3177,13260,2977,7626,2263,4103,1298,1887,556,723,175,218,36,71,3,9,0,1,0,0,0,0,0,0,0
0,0,0,0,0,0,0,0,0,0,0,0,0,0,0,0,0,0,0,0,0,0,0,0,0,0,0,0,0,0,0,0,0,0,0,0,0,0,1,0,4,0,10,0,30,0,57,0,151,0,315,0,587,0,1397,0,2680,0,5014,0,9066,0,15835,0,26302,0,42357,0,66730,0,100184,0,143906,200560,0,268523,0,348269,0,436412,0,525158,0,612138,0,687242,0,746032,0,781027,0,789502,0,772690,0,727052,0,662129,0,583503,0,493498,0,404706,1,319473,9,242249,176669,142,123732,392,83489,830,54267,1810,34387,2602,21485,3261,13388,3026,7635,2247,4234,1309,1924,544,728,174,219,33,67,2,12,0,1,0,0,0,0,0,0,0
0,0,0,0,0,0,0,0,0,0,0,0,0,0,0,0,0,0,0,0,0,0,0,0,0,0,0,0,0,0,0,0,0,0,0,0,0,0,0,0,4,0,11,0,35,0,55,0,140,0,277,0,639,0,1328,0,2647,0,4866,0,8906,0,15574,0,25777,0,42026,0,65854,0,98741,0,142925,197881,0,266620,0,345591,0,433533,0,522661,0,609230,0,684625,0,746739,0,780974,0,789471,0,773017,0,729121,0,664367,0,586272,0,497058,0,407998,1,320695,9,244040,178374,146,124694,392,84543,863,54611,1760,34694,2575,21886,3182,13620,3037,7774,2221,4278,1339,1892,581,705,179,233,32,74,3,9,0,3,0,0,0,0,0,0,0
0,0,0,0,0,0,0,0,0,0,0,0,0,0,0,0,0,0,0,0,0,0,0,0,0,0,0,0,0,0,0,0,0,0,0,0,0,0,0,0,5,0,10,0,27,0,71,0,126,0,283,0,634,0,1287,0,2532,0,4808,0,8866,0,15048,0,25692,0,41191,0,65047,0,97838,0,141099,196169,0,263810,0,343868,0,429614,0,520074,0,608040,0,682988,0,744547,0,780153,0,790243,0,774873,0,730991,0,666779,0,587987,0,500662,0,409946,1,323408,11,245897,179757,134,125890,404,85513,802,55354,1762,34980,2541,22232,3220,13624,3034,7924,2245,4208,1398,1941,562,702,173,258,41,68,3,10,0,2,0,1,0,0,0,0,0
0,0,0,0,0,0,0,0,0,0,0,0,0,0,0,0,0,0,0,0,0,0,0,0,0,0,0,0,0,0,0,0,0,0,0,0,0,0,0,0,1,0,13,0,24,0,68,0,138,0,264,0,632,0,1246,0,2465,0,4778,0,8507,0,15055,0,25126,0,40685,0,64083,0,97048,0,139358,194308,0,261903,0,340413,0,426998,0,517083,0,605714,0,681939,0,742675,0,779938,0,791111,0,775300,0,733185,0,669584,0,591159,0,502647,1,412177,2,325522,14,248632,180982,153,127305,394,86184,864,55987,1719,35336,2516,22361,3169,13781,3110,8077,2215,4243,1391,1940,579,753,170,251,43,76,0,10,0,2,0,1,0,0,0,0,0
0,0,0,0,0,0,0,0,0,0,0,0,0,0,0,0,0,0,0,0,0,0,0,0,0,0,0,0,0,0,0,0,0,0,0,0,0,0,0,0,1,0,8,0,27,0,63,0,138,0,269,0,591,0,1256,0,2482,0,4568,0,8403,0,14654,0,24893,0,40115,0,63499,0,95267,0,138298,192096,0,259674,0,338248,0,424165,0,514756,0,602781,0,680468,0,741078,0,780140,0,791214,0,775061,0,735939,0,672259,0,592985,0,506165,0,414686,2,327786,6,250232,183310,120,128290,376,86864,912,56488,1698,35843,2590,22609,3043,13818,3151,8287,2243,4232,1369,1949,603,790,179,239,41,75,3,11,0,1,0,1,0,0,0,0,0
0,0,0,0,0,0,0,0,0,0,0,0,0,0,0,0,0,0,0,0,0,0,0,0,0,0,0,0,0,0,0,0,0,0,0,0,0,0,0,0,2,0,6,0,29,0,57,0,129,0,279,0,575,0,1211,0,2475,0,4478,0,8098,0,14599,0,24364,0,39618,0,62420,0,94055,0,136525,190729,0,257163,0,335958,0,422137,0,512086,0,599826,0,677950,0,740741,0,779235,0,791557,0,776612,0,737551,0,673774,0,597171,0,508268,0,416737,2,330791,8,251744,184774,128,129425,362,87892,884,57344,1652,36086,2612,22891,3065,13992,3154,8319,2236,4331,1310,2034,606,790,188,242,45,67,3,14,0,1,0,1,0,0,0,0,0
0,0,0,0,0,0,0,0,0,0,0,0,0,0,0,0,0,0,0,0,0,0,0,0,0,0,0,0,0,0,0,0,0,0,0,0,0,0,1,0,1,0,7,0,26,0,53,0,139,0,265,0,579,0,1155,0,2396,0,4366,0,8047,0,14411,0,23910,0,38996,0,61528,0,93133,0,134955,188625,0,255564,0,333151,0,419121,0,509838,0,597236,0,676478,0,738370,0,778635,0,792746,0,778815,0,738090,0,676724,0,599135,0,509951,0,420193,3,333206,5,253994,185860,130,131234,356,88518,878,57759,1636,36877,2557,22808,3091,14346,3079,8322,2408,4273,1385,2075,609,793,173,263,43,66,3,16,0,1,0,1,0,0,0,0,0
0,0,0,0,0,0,0,0,0,0,0,0,0,0,0,0,0,0,0,0,0,0,0,0,0,0,0,0,0,0,0,0,0,0,0,0,0,0,2,0,1,0,5,0,25,0,61,0,123,0,253,0,585,0,1163,0,2279,0,4377,0,7732,0,14186,0,23554,0,38434,0,60660,0,92120,0,133420,186763,0,252879,0,331359,0,416603,0,506929,0,595471,0,673708,0,737539,0,778094,0,793241,0,779843,0,739423,0,679292,0,601647,0,512555,0,423130,1,334767,8,256399,187902,121,132101,352,89337,836,58518,1591,37032,2501,23152,3152,14368,3106,8452,2397,4422,1354,2045,614,839,205,244,46,69,5,13,0,2,0,1,0,0,0,0,0
0,0,0,0,0,0,0,0,0,0,0,0,0,0,0,0,0,0,0,0,0,0,0,0,0,0,0,0,0,0,0,0,0,0,0,0,1,0,1,0,1,0,8,0,25,0,55,0,114,0,258,0,561,0,1129,0,2257,0,4249,0,7785,0,13756,0,23315,0,38084,0,59395,0,91076,0,132145,184588,0,251049,0,327922,0,414375,0,505039,0,592977,0,671770,0,735895,0,779163,0,792199,0,780120,0,742125,0,682135,0,602516,0,516283,0,425689,2,336692,5,258617,189175,125,133466,343,90393,867,58795,1617,37558,2523,23305,3135,14656,3170,8560,2344,4525,1346,2039,637,849,207,261,53,60,5,14,0,3,0,1,0,0,0,0,0
0,0,0,0,0,0,0,0,0,0,0,0,0,0,0,0,0,0,0,0,0,0,0,0,0,0,0,0,0,0,0,0,0,0,0,0,1,0,0,0,2,0,6,0,27,0,48,0,119,0,246,0,533,0,1128,0,2225,0,4234,0,7626,0,13394,0,23049,0,37434,0,58817,0,89490,0,130776,183347,0,248576,0,325554,0,412110,0,502018,0,590051,0,670325,0,735503,0,776554,0,792812,0,781100,0,745277,0,684388,0,605262,0,518830,0,427306,2,339179,2,260295,191342,105,134584,362,91203,884,59494,1577,37964,2507,23527,3061,14861,3122,8617,2374,4622,1365,2077,622,881,209,258,47,73,5,15,0,3,0,1,0,0,0,0,0
0,0,0,0,0,0,0,0,0,0,0,0,0,0,0,0,0,0,0,0,0,0,0,0,0,0,0,0,0,0,0,0,0,0,0,0,0,0,2,0,1,0,6,0,25,0,53,0,105,0,241,0,550,0,1045,0,2237,0,4044,0,7562,0,13240,0,22550,0,36762,0,58181,0,88667,0,129296,181360,0,246381,0,322766,0,410061,0,498908,0,588788,0,666998,0,734009,0,776519,0,793054,0,782671,0,746480,0,686321,0,608556,0,520880,0,430613,2,341129,7,262145,192884,97,136021,342,92113,813,60187,1506,38380,2505,23941,3052,14862,3096,8695,2397,4690,1401,2078,618,884,203,282,50,69,7,18,0,1,0,1,0,0,0,0,0
0,0,0,0,0,0,0,0,0,0,0,0,0,0,0,0,0,0,0,0,0,0,0,0,0,0,0,0,0,0,0,0,0,0,0,0,1,0,0,0,3,0,4,0,21,0,49,0,102,0,245,0,548,0,1030,0,2117,0,4025,0,7437,0,13100,0,22002,0,36354,0,56958,0,87693,0,128065,179184,0,244444,0,320511,0,406633,0,497347,0,586063,0,665434,0,732346,0,775721,0,794432,0,782704,0,747637,0,689007,0,610626,0,524356,0,432714,3,343616,9,264398,194602,106,136883,353,93047,844,60909,1531,38584,2487,24241,3151,14921,3157,8846,2445,4674,1413,2106,637,877,222,286,48,70,3,24,0,1,0,1,0,0,0,0,0
0,0,0,0,0,0,0,0,0,0,0,0,0,0,0,0,0,0,0,0,0,0,0,0,0,0,0,0,0,0,0,0,0,0,0,0,1,0,1,0,2,0,7,0,14,0,44,0,99,0,233,0,518,0,1029,0,2078,0,4000,0,7237,0,12900,0,21556,0,35855,0,56679,0,86167,0,126251,177841,0,242541,0,318055,0,403630,0,494893,0,583581,0,664532,0,729161,0,776003,0,793655,0,784285,0,749956,0,690277,0,614100,0,526117,0,435794,4,346581,7,265707,196221,100,138602,359,93565,834,61567,1543,39062,2419,24470,3152,15128,3216,8774,2501,4766,1421,2157,616,889,219,283,55,68,4,25,0,0,0,1,0,0,0,0,0
0,0,0,0,0,0,0,0,0,0,0,0,0,0,0,0,0,0,0,0,0,0,0,0,0,0,0,0,0,0,0,0,0,0,0,0,1,0,2,0,0,0,5,0,17,0,38,0,107,0,249,0,482,0,998,0,2061,0,3926,0,7181,0,12713,0,21078,0,35442,0,55972,0,84803,0,125421,175877,0,240232,0,315461,0,401086,0,492533,0,580303,0,662360,0,729667,0,773723,0,794028,0,786115,0,751347,0,691552,0,616968,0,529065,0,438273,0,349217,8,268366,197125,110,139473,350,94952,804,62118,1516,39701,2390,24511,3102,15363,3139,8942,2508,4800,1428,2257,623,884,210,274,58,64,5,22,0,1,0,1,0,0,0,0,0
0,0,0,0,0,0,0,0,0,0,0,0,0,0,0,0,0,0,0,0,0,0,0,0,0,0,0,0,0,0,0,0,0,0,0,0,0,0,2,0,1,0,1,0,20,0,45,0,103,0,238,0,479,0,963,0,1984,0,3884,0,7060,0,12507,0,21074,0,34568,0,55162,0,84407,0,123381,174601,0,237247,0,313488,0,397765,0,489825,0,578104,0,661684,0,726849,0,773830,0,793923,0,786979,0,752250,0,694811,0,618529,0,532587,0,440221,2,351985,9,270319,198920,108,140968,349,95441,806,62906,1535,40246,2479,24655,3171,15495,3133,9040,2447,4962,1413,2236,668,913,203,281,58,60,5,21,0,1,0,1,0,0,0,0,0
0,0,0,0,0,0,0,0,0,0,0,0,0,0,0,0,0,0,0,0,0,0,0,0,0,0,0,0,0,0,0,0,0,0,0,0,0,0,1,0,2,0,2,0,16,0,47,0,107,0,232,0,471,0,923,0,1943,0,3798,0,6950,0,12171,0,20901,0,34150,0,54439,0,82886,0,122387,172830,0,235428,0,311010,0,395436,0,486809,0,575994,0,658988,0,726093,0,773994,0,792809,0,788020,0,753474,0,696445,0,621973,0,534852,1,444316,1,352429,9,272817,200989,95,142187,347,96472,825,63317,1520,40541,2452,25063,3102,15595,3144,9216,2485,4922,1473,2270,685,924,202,280,55,67,6,15,1,3,0,1,0,0,0,0,0
0,0,0,0,0,0,0,0,0,0,0,0,0,0,0,0,0,0,0,0,0,0,0,0,0,0,0,0,0,0,0,0,0,0,0,0,0,0,0,0,1,0,5,0,15,0,41,0,112,0,222,0,438,0,939,0,1911,0,3691,0,6834,0,11942,0,20619,0,33945,0,53348,0,82142,0,120796,170904,0,233584,0,307946,0,393859,0,484124,0,572144,0,657273,0,725471,0,771866,0,795367,0,787674,0,755389,0,698180,0,625567,0,535976,0,446638,1,356391,6,274045,202828,98,143445,331,97584,817,63853,1577,40785,2459,25430,3065,15757,3102,9380,2445,4969,1467,2340,704,905,220,287,58,67,7,18,1,2,0,1,0,0,0,0,0
0,0,0,0,0,0,0,0,0,0,0,0,0,0,0,0,0,0,0,0,0,0,0,0,0,0,0,0,0,0,0,0,0,0,0,0,0,0,0,0,2,0,7,0,9,0,48,0,98,0,192,0,500,0,842,0,1879,0,3626,0,6631,0,11873,0,20246,0,33325,0,52982,0,80903,0,119024,168835,0,231873,0,306172,0,390578,0,481976,0,570357,0,654422,0,722942,0,772772,0,794914,0,788015,0,756546,0,702520,0,626224,0,540457,0,448066,1,358550,6,276748,204200,94,144874,345,98359,757,64424,1525,41179,2491,25793,3043,15971,3210,9244,2545,5060,1435,2396,699,922,225,295,65,73,5,14,1,2,0,1,0,0,0,0,0
0,0,0,0,0,0,0,0,0,0,0,0,0,0,0,0,0,0,0,0,0,0,0,0,0,0,0,0,0,0,0,0,0,0,0,0,0,0,0,0,2,0,7,0,16,0,38,0,82,0,216,0,467,0,854,0,1832,0,3521,0,6500,0,11848,0,19906,0,32819,0,52296,0,79671,0,117892,167310,0,229465,0,303673,0,388314,0,479526,0,567427,0,652315,0,722241,0,771471,0,793886,0,789643,0,758875,0,703532,0,629277,0,543647,0,450183,1,360825,4,278875,205538,87,146231,327,99551,761,65396,1535,41273,2460,26034,3081,16192,3165,9453,2557,5141,1433,2376,726,933,225,317,58,79,4,14,1,2,0,1,0,0,0,0,0
0,0,0,0,0,0,0,0,0,0,0,0,0,0,0,0,0,0,0,0,0,0,0,0,0,0,0,0,0,0,0,0,0,0,0,0,0,0,0,0,1,0,3,0,24,0,27,0,105,0,188,0,442,0,858,0,1802,0,3480,0,6371,0,11545,0,19779,0,32326,0,51357,0,78732,0,116243,165825,0,228218,0,300538,0,386085,0,476538,0,565148,0,650408,0,720463,0,770004,0,794401,0,791498,0,760304,0,704304,0,632029,0,546664,0,452688,1,363592,6,280512,207268,92,147794,332,100578,736,65635,1459,42012,2401,26482,3050,16307,3184,9529,2612,5192,1420,2433,715,956,228,319,58,83,6,14,0,3,0,1,0,0,0,0,0
0,0,0,0,0,0,0,0,0,0,0,0,0,0,0,0,0,0,0,0,0,0,0,0,0,0,0,0,0,0,0,0,0,0,0,0,0,0,1,0,0,0,3,0,21,0,39,0,80,0,192,0,413,0,882,0,1742,0,3404,0,6328,0,11315,0,19388,0,31995,0,50588,0,77743,0,115146,163561,0,226462,0,298428,0,383237,0,473893,0,563113,0,648515,0,717797,0,769703,0,793831,0,791945,0,763257,0,706531,0,633684,0,549351,0,455406,1,365976,5,282550,209642,104,148482,325,101664,727,66343,1524,42683,2372,26579,2973,16500,3159,9604,2599,5244,1472,2467,715,966,244,331,59,71,14,14,0,5,0,0,0,0,0,0,0
0,0,0,0,0,0,0,0,0,0,0,0,0,0,0,0,0,0,0,0,0,0,0,0,0,0,0,0,0,0,0,0,0,0,0,0,0,0,1,0,0,0,6,0,19,0,38,0,73,0,184,0,430,0,851,0,1711,0,3340,0,6246,0,11144,0,19022,0,31303,0,50251,0,77015,0,113466,162118,0,224409,0,295670,0,381248,0,470735,0,560795,0,646106,0,717723,0,767666,0,793912,0,792978,0,765073,0,708647,0,635339,0,551659,0,458273,1,368174,4,285449,210904,100,149813,307,102410,714,67754,1527,42782,2297,26782,3077,16618,3160,9757,2611,5299,1466,2511,702,968,258,345,66,72,10,18,0,1,0,0,0,0,0,0,0
0,0,0,0,0,0,0,0,0,0,0,0,0,0,0,0,0,0,0,0,0,0,0,0,0,0,0,0,0,0,0,0,0,0,0,0,0,0,1,0,2,0,5,0,17,0,36,0,90,0,178,0,403,0,800,0,1716,0,3293,0,6141,0,10921,0,18817,0,30778,0,49106,0,76141,0,112629,160327,0,222019,0,293995,0,378293,0,468621,0,558623,0,643145,0,715262,0,767320,0,794666,0,793179,0,765748,0,711552,0,638561,0,553779,0,461141,2,370882,1,286705,212682,112,151396,290,103567,721,68183,1539,43382,2318,27020,3097,16661,3169,9871,2682,5301,1527,2524,724,975,266,346,67,67,8,15,0,3,0,0,0,0,0,0,0
0,0,0,0,0,0,0,0,0,0,0,0,0,0,0,0,0,0,0,0,0,0,0,0,0,0,0,0,0,0,0,0,0,0,0,0,0,0,1,0,1,0,7,0,14,0,35,0,71,0,193,0,400,0,784,0,1679,0,3243,0,5902,0,10771,0,18361,0,30511,0,48319,0,75150,0,111067,159056,0,219012,0,292693,0,376491,0,464658,0,556193,0,641915,0,713352,0,765793,0,794753,0,794055,0,767459,0,714528,0,640451,0,555891,0,465037,1,372362,7,288796,214421,98,152722,288,104620,741,68410,1538,44355,2325,27148,3054,16926,3242,9872,2652,5368,1556,2595,733,953,259,361,62,72,7,14,0,3,0,1,0,0,0,0,0
0,0,0,0,0,0,0,0,0,0,0,0,0,0,0,0,0,0,0,0,0,0,0,0,0,0,0,0,0,0,0,0,0,0,0,0,0,0,1,0,2,0,7,0,10,0,43,0,64,0,192,0,362,0,841,0,1576,0,3185,0,5853,0,10415,0,18123,0,29837,0,48035,0,74136,0,109823,156559,0,218258,0,290677,0,372767,0,463267,0,553244,0,639210,0,711381,0,765864,0,792801,0,796695,0,768386,0,715431,0,644247,0,558339,0,466999,1,376133,4,290325,216000,92,154282,297,105555,695,69343,1490,44417,2315,27749,3056,17100,3156,10062,2626,5365,1609,2600,738,985,272,344,67,74,7,15,0,3,0,1,0,0,0,0,0
0,0,0,0,0,0,0,0,0,0,0,0,0,0,0,0,0,0,0,0,0,0,0,0,0,0,0,0,0,0,0,0,0,0,0,0,0,0,0,0,2,0,6,0,17,0,32,0,65,0,175,0,387,0,777,0,1577,0,3140,0,5684,0,10300,0,17744,0,29528,0,47298,0,73132,0,108586,155717,0,215425,0,288345,0,370274,0,460102,0,551031,0,636901,0,710835,0,764718,0,793072,0,796424,0,770474,0,717290,0,645917,0,561624,0,470074,1,377060,3,293499,217570,104,155613,291,106529,695,70256,1448,44899,2328,27923,3126,17221,3184,10123,2662,5391,1592,2665,718,1055,261,349,62,81,5,17,0,2,0,2,0,0,0,0,0
0,0,0,0,0,0,0,0,0,0,0,0,0,0,0,0,0,0,0,0,0,0,0,0,0,0,0,0,0,0,0,0,0,0,0,0,0,0,0,0,3,0,7,0,12,0,36,0,65,0,170,0,366,0,772,0,1560,0,3079,0,5622,0,10137,0,17426,0,29065,0,46577,0,72076,0,107435,153659,0,214004,0,285566,0,368685,0,456901,0,548728,0,635417,0,708503,0,764039,0,792756,0,796556,0,772009,0,718897,0,648770,0,564665,0,472151,1,380000,2,294673,220113,93,157187,246,107285,709,71036,1390,45531,2286,28231,3015,17447,3216,10263,2642,5486,1573,2663,755,1034,263,361,82,81,11,15,0,2,0,2,0,0,0,0,0
0,0,0,0,0,0,0,0,0,0,0,0,0,0,0,0,0,0,0,0,0,0,0,0,0,0,0,0,0,0,0,0,0,0,0,0,0,0,1,0,3,0,6,0,12,0,29,0,68,0,173,0,329,0,734,0,1583,0,3045,0,5359,0,10075,0,17112,0,28707,0,46161,0,70827,0,106584,152223,0,212091,0,283377,0,364887,0,455302,0,545344,0,634605,0,706243,0,762355,0,792764,0,797629,0,772837,0,722282,0,651186,0,566664,0,474554,1,382301,4,297292,221262,96,158605,284,108243,668,72001,1374,45919,2322,28704,3005,17626,3151,10188,2633,5656,1637,2637,748,1059,275,372,78,82,13,17,0,1,0,3,0,0,0,0,0
0,0,0,0,0,0,0,0,0,0,0,0,0,0,0,0,0,0,0,0,0,0,0,0,0,0,0,0,0,0,0,0,0,0,0,0,0,0,1,0,3,0,6,0,13,0,32,0,61,0,157,0,332,0,735,0,1551,0,2964,0,5326,0,9796,0,16925,0,28277,0,45478,0,70065,0,105007,150876,0,210137,0,281163,0,362736,0,452846,0,542467,0,632822,0,705380,0,760254,0,792810,0,798054,0,773271,0,725241,0,653504,0,569279,0,476955,1,385086,5,299508,222579,96,160055,242,109332,725,72711,1369,46216,2306,29170,3068,17590,3269,10249,2631,5648,1702,2689,742,1043,271,377,77,93,11,19,0,1,0,2,0,1,0,0,0
0,0,0,0,0,0,0,0,0,0,0,0,0,0,0,0,0,0,0,0,0,0,0,0,0,0,0,0,0,0,0,0,0,0,0,0,0,0,2,0,3,0,5,0,16,0,27,0,54,0,153,0,345,0,716,0,1523,0,2779,0,5306,0,9689,0,16757,0,27999,0,44550,0,69117,0,103356,150034,0,207619,0,278864,0,360895,0,449878,0,540680,0,630239,0,703537,0,759249,0,792945,0,798499,0,774689,0,726875,0,656593,0,571536,0,479279,0,388101,5,300987,224579,86,161046,276,110786,686,73245,1425,46874,2274,29197,2988,17869,3204,10559,2546,5758,1697,2721,749,1063,287,393,71,93,10,21,0,1,0,2,0,1,0,0,0
0,0,0,0,0,0,0,0,0,0,0,0,0,0,0,0,0,0,0,0,0,0,0,0,0,0,0,0,0,0,0,0,0,0,0,0,0,0,2,0,3,0,4,0,12,0,31,0,60,0,136,0,362,0,688,0,1421,0,2800,0,5144,0,9565,0,16521,0,27376,0,44099,0,68208,0,102508,148329,0,206388,0,276194,0,357144,0,447254,0,539624,0,627020,0,701503,0,759118,0,792739,0,798402,0,777331,0,727865,0,659405,0,573954,0,482455,0,389486,7,303945,225933,75,162308,280,111976,655,74179,1384,47239,2249,29523,3026,18072,3283,10501,2571,5864,1716,2737,734,1082,303,405,74,101,7,24,0,1,0,2,0,1,0,0,0
0,0,0,0,0,0,0,0,0,0,0,0,0,0,0,0,0,0,0,0,0,0,0,0,0,0,0,0,0,0,0,0,0,0,0,0,0,0,3,0,1,0,6,0,11,0,32,0,50,0,137,0,347,0,674,0,1406,0,2653,0,5186,0,9480,0,16144,0,26908,0,43306,0,67413,0,101825,146208,0,204722,0,274406,0,354924,0,444429,0,536794,0,624288,0,700711,0,758094,0,792229,0,799177,0,778315,0,729978,0,661047,0,576624,0,485096,0,392605,9,305239,228080,79,163569,251,113056,661,74838,1368,47815,2336,30030,2967,18145,3228,10728,2588,5856,1728,2787,750,1132,326,393,82,99,9,26,0,1,0,2,0,1,0,0,0
0,0,0,0,0,0,0,0,0,0,0,0,0,0,0,0,0,0,0,0,0,0,0,0,0,0,0,0,0,0,0,0,0,0,0,0,0,0,3,0,1,0,6,0,14,0,33,0,41,0,152,0,314,0,680,0,1362,0,2650,0,5154,0,9075,0,15974,0,26471,0,42880,0,67000,0,100283,144975,0,202257,0,271832,0,353010,0,441876,0,534077,0,622169,0,699196,0,756743,0,791310,0,800822,0,779784,0,731854,0,662871,0,579485,0,487647,0,394982,7,306802,230533,79,165462,268,113547,697,75387,1355,48252,2362,30297,3018,18393,3195,10838,2595,5965,1677,2840,734,1191,305,407,76,103,10,24,0,4,0,0,0,1,0,1,0
0,0,0,0,0,0,0,0,0,0,0,0,0,0,0,0,0,0,0,0,0,0,0,0,0,0,0,0,0,0,0,0,0,0,0,0,0,0,2,0,3,0,4,0,12,0,26,0,53,0,148,0,319,0,644,0,1324,0,2599,0,5065,0,9032,0,15648,0,26095,0,42044,0,66415,0,98948,143641,0,199833,0,269726,0,351272,0,438645,0,531827,0,619970,0,697643,0,756347,0,790539,0,799889,0,781199,0,733967,0,665905,0,582182,0,490215,0,397072,7,310017,231860,72,166360,256,114888,677,75950,1349,49048,2312,30496,3018,18515,3269,10929,2703,5964,1704,2853,757,1198,320,405,77,110,10,23,0,6,0,0,0,1,0,1,0
0,0,0,0,0,0,0,0,0,0,0,0,0,0,0,0,0,0,0,0,0,0,0,0,0,0,0,0,0,0,0,0,0,0,0,0,0,0,2,0,1,0,4,0,11,0,30,0,51,0,139,0,312,0,656,0,1273,0,2632,0,4949,0,8836,0,15340,0,25596,0,41581,0,65463,0,98136,141840,0,198074,0,267752,0,347948,0,437259,0,528668,0,618205,0,696288,0,753244,0,792595,0,800089,0,781826,0,735850,0,667959,0,585043,0,492595,1,399861,7,311764,233922,96,167585,247,115727,608,77090,1384,49253,2280,31000,2971,18686,3218,11209,2754,5951,1731,2853,777,1248,323,392,68,105,17,27,0,4,0,0,0,1,0,1,0
0,0,0,0,0,0,0,0,0,0,0,0,0,0,0,0,0,0,0,0,0,0,0,0,0,0,0,0,0,0,0,0,0,0,0,0,0,0,1,0,2,0,5,0,12,0,24,0,58,0,117,0,311,0,666,0,1262,0,2602,0,4895,0,8571,0,15011,0,25124,0,41199,0,64300,0,97110,140129,0,196515,0,265396,0,346475,0,433365,0,526578,0,616801,0,692860,0,754289,0,790509,0,801872,0,782404,0,738108,0,669916,0,586805,0,496817,1,401688,7,314015,235675,89,168779,235,116908,633,77702,1341,49830,2322,31096,2989,18909,3263,11394,2731,6109,1666,2976,752,1231,326,397,69,121,19,20,0,4,0,1,0,0,0,1,0
0,0,0,0,0,0,0,0,0,0,0,0,0,0,0,0,0,0,0,0,0,0,0,0,0,0,0,0,0,0,0,0,0,0,0,0,0,0,1,0,1,0,3,0,15,0,25,0,57,0,128,0,287,0,614,0,1310,0,2544,0,4706,0,8471,0,14762,0,25043,0,40302,0,63604,0,95578,138921,0,194813,0,263303,0,343617,0,431492,0,523359,0,614635,0,690611,0,752867,0,791190,0,802261,0,784153,0,739789,0,672554,0,588136,0,499402,1,404244,3,316565,237366,84,170699,227,117884,584,78442,1292,50307,2252,31474,3042,19131,3230,11380,2737,6213,1696,2969,832,1239,314,409,67,117,20,27,0,4,0,2,0,0,0,1,0
0,0,0,0,0,0,0,0,0,0,0,0,0,0,0,0,0,0,0,0,0,0,0,0,0,0,0,0,0,0,0,0,0,0,0,0,1,0,0,0,0,0,5,0,11,0,30,0,57,0,127,0,267,0,604,0,1245,0,2565,0,4635,0,8321,0,14415,0,24605,0,39911,0,62851,0,94626,137216,0,193065,0,260982,0,341634,0,428786,0,520844,0,611598,0,688800,0,752363,0,791085,0,802483,0,784905,0,740958,0,675606,0,591831,0,500545,0,407325,4,318687,238883,86,172663,223,118561,615,79553,1288,50684,2215,31761,3040,19401,3211,11388,2770,6223,1725,3031,817,1293,312,426,75,118,16,31,0,4,0,1,0,0,0,1,0
0,0,0,0,0,0,0,0,0,0,0,0,0,0,0,0,0,0,0,0,0,0,0,0,0,0,0,0,0,0,0,0,0,0,0,0,1,0,0,0,0,0,3,0,13,0,27,0,49,0,139,0,262,0,605,0,1233,0,2490,0,4460,0,8210,0,14291,0,24090,0,39302,0,62157,0,93368,136330,0,191142,0,259378,0,338278,0,427074,0,518408,0,607595,0,688702,0,750482,0,790520,0,803494,0,785295,0,742983,0,678029,0,594468,0,503190,0,410048,4,320027,241009,81,174362,208,119297,608,80555,1268,51259,2207,31928,3013,19693,3250,11559,2774,6269,1733,3099,818,1254,328,431,76,130,17,29,0,4,0,1,0,0,0,1,0
0,0,0,0,0,0,0,0,0,0,0,0,0,0,0,0,0,0,0,0,0,0,0,0,0,0,0,0,0,0,0,0,0,0,0,0,0,0,1,0,0,0,2,0,9,0,21,0,42,0,157,0,269,0,574,0,1256,0,2394,0,4440,0,7929,0,14135,0,23623,0,38910,0,61016,0,92653,134991,0,189475,0,257194,0,336461,0,423381,0,516211,0,606198,0,685221,0,750711,0,789914,0,803326,0,786640,0,744224,0,680244,0,597543,0,505507,0,412432,5,322741,243048,84,174801,234,121301,624,81151,1300,51442,2226,32352,3022,19933,3214,11722,2821,6287,1776,3062,844,1293,302,449,78,144,19,22,0,6,0,0,0,0,0,1,0
0,0,0,0,0,0,0,0,0,0,0,0,0,0,0,0,0,0,0,0,0,0,0,0,0,0,0,0,0,0,0,0,0,0,0,0,0,0,1,0,0,0,1,0,11,0,17,0,51,0,145,0,286,0,576,0,1168,0,2343,0,4381,0,7868,0,13753,0,23455,0,38362,0,60552,0,91523,132877,0,188235,0,254932,0,334210,0,420995,0,513626,0,603724,0,684691,0,748639,0,788916,0,804182,0,787620,0,745818,0,682637,0,600049,0,508227,1,414379,6,325181,244784,71,176762,225,122141,628,81740,1297,52103,2138,32595,2946,20219,3149,12000,2776,6258,1768,3174,870,1286,323,446,73,148,20,20,2,7,0,0,0,0,0,1,0
0,0,0,0,0,0,0,0,0,0,0,0,0,0,0,0,0,0,0,0,0,0,0,0,0,0,0,0,0,0,0,0,0,0,0,0,1,0,0,0,0,0,3,0,10,0,16,0,47,0,127,0,280,0,607,0,1141,0,2315,0,4252,0,7742,0,13667,0,23026,0,37920,0,59594,0,90547,131999,0,185910,0,253112,0,330771,0,419695,0,511197,0,601079,0,681976,0,748502,0,788283,0,802980,0,789248,0,748475,0,683819,0,603738,0,510035,0,417390,7,327171,246772,68,178184,232,123707,592,82255,1230,52640,2108,32948,2975,20311,3206,12101,2792,6436,1779,3125,894,1337,324,427,84,140,22,27,0,9,0,0,0,0,0,1,0
0,0,0,0,0,0,0,0,0,0,0,0,0,0,0,0,0,0,0,0,0,0,0,0,0,0,0,0,0,0,0,0,0,0,0,0,0,0,1,0,1,0,5,0,7,0,17,0,47,0,104,0,291,0,552,0,1158,0,2223,0,4175,0,7599,0,13580,0,22763,0,37269,0,58835,0,89567,130575,0,184391,0,250756,0,328674,0,416512,0,508877,0,599536,0,680339,0,745528,0,789170,0,802482,0,790820,0,749531,0,687183,0,604928,0,514292,1,419282,4,328689,248880,78,179827,214,124902,601,82846,1197,53449,2169,32937,2871,20657,3258,12132,2744,6573,1774,3223,910,1357,335,417,96,142,14,32,0,8,0,0,0,1,0,0,0
0,0,0,0,0,0,0,0,0,0,0,0,0,0,0,0,0,0,0,0,0,0,0,0,0,0,0,0,0,0,0,0,0,0,0,0,0,0,1,0,1,0,5,0,7,0,17,0,37,0,110,0,276,0,573,0,1134,0,2102,0,4147,0,7502,0,13401,0,22596,0,36398,0,58063,0,88256,129601,0,181992,0,249248,0,326335,0,413966,0,506951,0,595956,0,679466,0,744915,0,786675,0,804718,0,791201,0,751238,0,690148,0,607425,0,515892,0,421733,4,331528,250497,72,181362,227,125960,644,83278,1223,53851,2181,33733,2841,20618,3270,12217,2766,6675,1757,3258,933,1350,335,466,85,135,14,34,0,7,0,1,0,0,0,0,0
0,0,0,0,0,0,0,0,0,0,0,0,0,0,0,0,0,0,0,0,0,0,0,0,0,0,0,0,0,0,0,0,0,0,0,0,0,0,1,0,0,0,6,0,9,0,18,0,30,0,101,0,274,0,545,0,1102,0,2073,0,3988,0,7605,0,13100,0,22060,0,36206,0,57130,0,87084,127895,0,181331,0,246768,0,323803,0,411569,0,503903,0,595379,0,676838,0,742845,0,785964,0,805088,0,792689,0,754240,0,690574,0,610637,0,517861,0,424852,3,333899,251511,66,183400,211,126745,639,84397,1219,54384,2199,33792,2885,20909,3259,12304,2759,6825,1765,3255,913,1389,353,464,96,144,11,35,0,7,0,2,0,0,0,0,0
0,0,0,0,0,0,0,0,0,0,0,0,0,0,0,0,0,0,0,0,0,0,0,0,0,0,0,0,0,0,0,0,0,0,0,0,0,0,0,0,2,0,4,0,9,0,18,0,34,0,97,0,260,0,527,0,1064,0,2043,0,4033,0,7291,0,12988,0,21684,0,35758,0,56556,0,85818,126373,0,179996,0,244338,0,321868,0,408392,0,501734,0,593399,0,674411,0,741755,0,785845,0,804975,0,794468,0,755680,0,692619,0,612324,0,520914,0,427583,3,335507,253888,70,184725,185,127924,616,85441,1174,54795,2100,34265,2864,21084,3300,12397,2785,6867,1831,3284,915,1389,377,479,84,143,15,32,1,6,0,2,0,0,0,0,0
0,0,0,0,0,0,0,0,0,0,0,0,0,0,0,0,0,0,0,0,0,0,0,0,0,0,0,0,0,0,0,0,0,0,0,0,0,0,0,0,1,0,4,0,7,0,23,0,40,0,92,0,245,0,529,0,1028,0,2070,0,3905,0,7212,0,12502,0,21365,0,35518,0,55980,0,84891,124736,0,177937,0,243544,0,318471,0,406040,0,500042,0,590065,0,673315,0,739654,0,785868,0,805394,0,795385,0,756473,0,695057,0,614903,0,524195,0,428530,4,338824,254910,77,186668,173,129308,622,86034,1205,55422,2097,34690,2901,21375,3223,12397,2814,6986,1845,3330,905,1435,374,472,101,136,14,35,0,8,0,2,0,0,0,0,0
0,0,0,0,0,0,0,0,0,0,0,0,0,0,0,0,0,0,0,0,0,0,0,0,0,0,0,0,0,0,0,0,0,0,0,0,0,0,0,0,1,0,5,0,10,0,19,0,40,0,98,0,226,0,514,0,990,0,2000,0,3873,0,6927,0,12490,0,21182,0,35085,0,55195,0,83854,123859,0,176071,0,241047,0,316369,0,403506,0,497225,0,587841,0,670734,0,739530,0,786051,0,805155,0,795235,0,758986,0,696850,0,616969,0,526511,0,431826,3,340466,257761,75,187164,190,130939,614,87023,1157,55658,2138,35050,2965,21515,3192,12602,2824,7079,1819,3395,932,1424,348,498,96,140,18,39,0,8,0,2,0,0,0,0,0
0,0,0,0,0,0,0,0,0,0,0,0,0,0,0,0,0,0,0,0,0,0,0,0,0,0,0,0,0,0,0,0,0,0,0,0,0,0,0,0,0,0,8,0,9,0,13,0,39,0,100,0,215,0,503,0,972,0,1966,0,3806,0,6894,0,12242,0,20836,0,34716,0,54292,0,82871,122704,0,174513,0,238764,0,314420,0,401003,0,494399,0,585043,0,670063,0,737238,0,785322,0,804913,0,796357,0,759770,0,699632,0,619757,0,529017,0,434044,0,343792,259326,74,188803,195,131846,604,88068,1134,56216,2123,35366,2904,21743,3227,12754,2860,7077,1846,3454,927,1443,369,499,110,143,18,36,0,8,0,2,0,0,0,0,0
0,0,0,0,0,0,0,0,0,0,0,0,0,0,0,0,0,0,0,0,0,0,0,0,0,0,0,0,0,0,0,0,0,0,0,0,0,0,0,0,0,0,6,0,9,0,14,0,47,0,84,0,213,0,485,0,986,0,1953,0,3667,0,6720,0,12097,0,20550,0,34340,0,53520,0,81948,121202,0,173057,0,236610,0,312048,0,398749,0,491961,0,582783,0,668211,0,735364,0,784522,0,805799,0,797854,0,760907,0,701839,0,621432,0,531574,1,437010,3,345727,261557,71,190431,212,132792,586,88756,1180,56599,2084,35854,2925,21919,3306,12871,2856,7141,1888,3459,958,1463,380,500,117,150,16,34,1,9,0,1,0,0,0,0,0
0,0,0,0,0,0,0,0,0,0,0,0,0,0,0,0,0,0,0,0,0,0,0,0,0,0,0,0,0,0,0,0,0,0,0,0,0,0,0,0,2,0,3,0,6,0,19,0,30,0,100,0,191,0,486,0,964,0,1944,0,3560,0,6645,0,11935,0,20237,0,33525,0,53244,0,80857,120269,0,171100,0,235156,0,308955,0,396488,0,489036,0,582074,0,664444,0,735511,0,783195,0,805672,0,799377,0,762641,0,703265,0,624369,0,533753,1,439447,1,348188,263967,59,191354,183,133974,566,89209,1176,57470,2139,36134,2981,21992,3220,13247,2745,7218,1863,3535,966,1487,367,531,127,140,23,35,1,8,0,1,0,0,0,0,0
0,0,0,0,0,0,0,0,0,0,0,0,0,0,0,0,0,0,0,0,0,0,0,0,0,0,0,0,0,0,0,0,0,0,0,0,0,0,0,0,2,0,3,0,4,0,18,0,41,0,84,0,216,0,440,0,977,0,1870,0,3552,0,6516,0,11713,0,20101,0,32949,0,52568,0,79747,119163,0,168864,0,233498,0,307129,0,394467,0,486690,0,578172,0,662966,0,733929,0,783047,0,805893,0,799610,0,764513,0,705278,0,627067,0,536769,0,442123,3,349547,265949,63,193187,195,134831,563,90060,1130,58363,2104,36484,2869,22192,3222,13348,2859,7320,1831,3591,971,1504,372,545,123,139,19,34,2,8,0,1,0,0,0,0,0
0,0,0,0,0,0,0,0,0,0,0,0,0,0,0,0,0,0,0,0,0,0,0,0,0,0,0,0,0,0,0,0,0,0,0,0,0,0,0,0,2,0,2,0,7,0,7,0,44,0,79,0,208,0,482,0,868,0,1866,0,3440,0,6477,0,11558,0,19470,0,32795,0,51729,0,79309,117644,0,167470,0,230647,0,305588,0,392483,0,482827,0,576008,0,661223,0,732448,0,783445,0,804931,0,801903,0,765379,0,707537,0,628873,0,539515,0,444258,5,351573,268518,57,194527,204,136158,592,90834,1139,58946,2048,36494,2941,22689,3238,13479,2881,7321,1824,3674,976,1505,388,537,122,153,17,35,5,5,0,1,0,0,0,0,0
0,0,0,0,0,0,0,0,0,0,0,0,0,0,0,0,0,0,0,0,0,0,0,0,0,0,0,0,0,0,0,0,0,0,0,0,0,0,0,0,2,0,2,0,5,0,13,0,32,0,89,0,184,0,455,0,925,0,1741,0,3442,0,6406,0,11241,0,19431,0,31938,0,51476,0,78186,116315,0,165857,0,228827,0,303760,0,389896,0,479623,0,573480,0,659591,0,731220,0,780915,0,807266,0,801702,0,768358,0,709304,0,632104,0,541072,0,446026,2,354385,270190,44,196432,217,137475,547,91251,1177,59755,2059,36928,2920,22614,3279,13582,2851,7384,1982,3686,940,1518,405,570,120,150,12,32,6,10,0,1,0,0,0,0,0
0,0,0,0,0,0,0,0,0,0,0,0,0,0,0,0,0,0,0,0,0,0,0,0,0,0,0,0,0,0,0,0,0,0,0,0,0,0,1,0,0,0,3,0,5,0,11,0,37,0,74,0,187,0,459,0,870,0,1775,0,3363,0,6284,0,11061,0,19112,0,31697,0,50287,0,77557,114824,0,164271,0,226941,0,302111,0,386768,0,477923,0,570527,0,657943,0,729264,0,779459,0,806391,0,804020,0,770385,0,710795,0,634160,0,544748,0,448497,5,355992,272056,39,198300,206,138619,540,92744,1146,59878,2015,37267,2867,23080,3242,13754,2828,7557,1930,3680,978,1574,413,564,110,149,14,35,6,9,0,1,0,0,0,0,0
0,0,0,0,0,0,0,0,0,0,0,0,0,0,0,0,0,0,0,0,0,0,0,0,0,0,0,0,0,0,0,0,0,0,0,0,0,0,0,0,1,0,1,0,8,0,12,0,35,0,71,0,193,0,427,0,875,0,1752,0,3274,0,6163,0,10936,0,18894,0,31059,0,49664,0,76539,113507,0,163255,0,224680,0,300173,0,383917,0,476077,0,568169,0,655452,0,727248,0,779942,0,806129,0,803517,0,772463,0,714370,0,635910,0,546527,0,451254,5,358409,273586,54,200060,204,140137,522,93463,1115,60290,1994,37674,2880,23314,3248,13976,2818,7597,1969,3716,1042,1507,424,581,115,153,16,30,5,9,0,1,0,0,0,0,0
0,0,0,0,0,0,0,0,0,0,0,0,0,0,0,0,0,0,0,0,0,0,0,0,0,0,0,0,0,0,0,0,0,0,0,0,0,0,0,0,1,0,1,0,6,0,11,0,36,0,71,0,156,0,461,0,868,0,1692,0,3269,0,6062,0,10714,0,18563,0,30564,0,48971,0,75692,112173,0,161376,0,223361,0,297175,0,382144,0,473919,0,565541,0,653213,0,726749,0,778487,0,805854,0,805002,0,773664,0,715549,0,639369,0,549291,0,453193,0,360617,275317,56,202272,182,140984,514,94324,1088,60862,2002,37931,2863,23746,3333,13905,2839,7708,2006,3737,993,1591,400,602,115,159,16,37,2,9,0,0,0,0,0,0,0
0,0,0,0,0,0,0,0,0,0,0,0,0,0,0,0,0,0,0,0,0,0,0,0,0,0,0,0,0,0,0,0,0,0,0,0,0,0,0,0,0,0,2,0,7,0,11,0,27,0,71,0,161,0,414,0,884,0,1675,0,3225,0,5958,0,10589,0,18245,0,30152,0,48291,0,74761,111029,0,159637,0,221340,0,295142,0,379898,0,470345,0,565372,0,651186,0,724329,0,777085,0,805714,0,805906,0,774921,0,718559,0,640574,0,552677,0,455507,2,363080,277074,47,203851,171,142449,516,95448,1096,61130,1894,38321,2887,24023,3252,14072,2816,7784,2035,3831,1000,1600,409,587,115,164,19,27,3,11,0,0,0,0,0,0,0
0,0,0,0,0,0,0,0,0,0,0,0,0,0,0,0,0,0,0,0,0,0,0,0,0,0,0,0,0,0,0,0,0,0,0,0,0,0,0,0,0,0,2,0,10,0,4,0,31,0,65,0,169,0,423,0,834,0,1605,0,3186,0,5934,0,10280,0,17885,0,29982,0,47742,0,73962,109863,0,157768,0,219465,0,292617,0,377769,0,468701,0,561611,0,648647,0,723389,0,777537,0,805855,0,806007,0,776099,0,719655,0,644486,0,554435,0,458188,3,365327,279280,55,205472,170,143372,495,96125,1088,62239,1960,38447,2893,24150,3295,14192,2965,7857,1968,3849,969,1675,423,579,115,179,15,34,1,10,0,0,0,0,0,0,0
0,0,0,0,0,0,0,0,0,0,0,0,0,0,0,0,0,0,0,0,0,0,0,0,0,0,0,0,0,0,0,0,0,0,0,0,0,0,0,0,0,0,4,0,2,0,16,0,23,0,69,0,177,0,400,0,787,0,1643,0,3077,0,5796,0,10106,0,17562,0,29399,0,47356,0,73333,108525,0,156166,0,217376,0,291050,0,374510,0,467690,0,558586,0,646658,0,722379,0,775934,0,806146,0,805394,0,777582,0,722635,0,646436,0,557199,0,461540,2,366699,281602,39,206616,194,144506,510,97191,1105,62685,1983,39216,2850,24357,3271,14191,2936,7960,1986,3905,970,1690,413,616,127,166,17,40,1,8,0,0,0,0,0,0,0
0,0,0,0,0,0,0,0,0,0,0,0,0,0,0,0,0,0,0,0,0,0,0,0,0,0,0,0,0,0,0,0,0,0,0,0,0,0,0,0,0,0,2,0,6,0,12,0,27,0,62,0,170,0,383,0,809,0,1629,0,2963,0,5666,0,10005,0,17264,0,28844,0,46648,0,72436,107631,0,154646,0,215744,0,288282,0,372533,0,465249,0,556286,0,644533,0,720654,0,775127,0,805500,0,806412,0,778982,0,724762,0,649645,0,558299,0,464311,1,369985,283091,49,208087,178,145872,491,98494,1025,63096,1942,39698,2840,24215,3294,14491,2876,8113,1968,3981,1039,1649,424,628,120,173,18,35,3,9,0,1,0,0,0,0,0
0,0,0,0,0,0,0,0,0,0,0,0,0,0,0,0,0,0,0,0,0,0,0,0,0,0,0,0,0,0,0,0,0,0,0,0,0,0,0,0,0,0,3,0,6,0,11,0,31,0,57,0,158,0,385,0,798,0,1567,0,2942,0,5490,0,9836,0,17080,0,28475,0,45913,0,71731,106382,0,153601,0,213539,0,285824,0,370928,0,461642,0,554311,0,642610,0,718783,0,774833,0,805662,0,806452,0,780810,0,726339,0,651484,0,561725,0,466680,0,372485,284768,58,209384,204,147181,518,99274,1031,63742,1877,40482,2778,24297,3337,14696,2894,8157,2003,4034,1003,1714,397,648,115,174,20,32,6,10,0,1,0,0,0,0,0
0,0,0,0,0,0,0,0,0,0,0,0,0,0,0,0,0,0,0,0,0,0,0,0,0,0,0,0,0,0,0,0,0,0,0,0,0,0,0,0,0,0,4,0,4,0,14,0,27,0,60,0,152,0,364,0,773,0,1584,0,2880,0,5306,0,9756,0,16722,0,28137,0,45580,0,70694,105342,0,152005,0,211716,0,283942,0,367934,0,459441,0,552673,0,640569,0,717071,0,772918,0,805607,0,807020,0,782332,0,728942,0,653177,0,564643,0,469106,1,374158,287671,56,210824,174,148479,480,99882,1050,64386,1910,40863,2798,24682,3285,14765,2927,8218,2053,4044,1065,1704,404,664,115,183,25,30,4,12,0,1,0,0,0,0,0
0,0,0,0,0,0,0,0,0,0,0,0,0,0,0,0,0,0,0,0,0,0,0,0,0,0,0,0,0,0,0,0,0,0,0,0,0,0,0,0,2,0,2,0,6,0,11,0,19,0,71,0,151,0,351,0,745,0,1551,0,2876,0,5226,0,9527,0,16622,0,27773,0,44792,0,69489,104377,0,150879,0,209957,0,281637,0,365695,0,456506,0,550485,0,638647,0,715504,0,771933,0,805232,0,807655,0,784350,0,731253,0,654624,0,566955,0,472368,2,376570,288856,50,212424,158,150026,479,100579,1104,64798,1904,41443,2819,25095,3286,14865,2941,8304,2008,4148,1048,1795,421,625,115,195,27,40,2,10,0,0,0,0,0,0,0
0,0,0,0,0,0,0,0,0,0,0,0,0,0,0,0,0,0,0,0,0,0,0,0,0,0,0,0,0,0,0,0,0,0,0,0,0,0,0,0,2,0,1,0,5,0,10,0,27,0,54,0,147,0,343,0,744,0,1465,0,2805,0,5205,0,9324,0,16368,0,27430,0,44072,0,68884,103436,0,149199,0,207923,0,279723,0,363554,0,453583,0,548691,0,636394,0,713137,0,772199,0,804326,0,808916,0,785754,0,731525,0,658486,0,570379,0,473593,4,378335,291536,52,213979,147,150908,465,101482,1091,65886,1917,41425,2830,25492,3243,15052,2977,8391,1980,4198,1083,1760,438,645,128,183,24,43,2,6,0,2,0,0,0,0,0
0,0,0,0,0,0,0,0,0,0,0,0,0,0,0,0,0,0,0,0,0,0,0,0,0,0,0,0,0,0,0,0,0,0,0,0,0,0,0,0,1,0,3,0,5,0,11,0,22,0,61,0,136,0,330,0,709,0,1437,0,2792,0,5082,0,9212,0,16130,0,27265,0,43668,0,67709,102240,0,147823,0,206218,0,277923,0,360070,0,451130,0,547200,0,633892,0,712572,0,770083,0,804899,0,810030,0,784905,0,734060,0,662177,0,571644,0,476124,3,381431,292926,43,215332,142,152747,485,102217,1063,66594,1948,41877,2802,25822,3172,15115,3060,8506,1992,4192,1096,1789,410,690,132,183,22,44,2,6,0,2,0,0,0,0,0
0,0,0,0,0,0,0,0,0,0,0,0,0,0,0,0,0,0,0,0,0,0,0,0,0,0,0,0,0,0,0,0,0,0,0,0,0,0,0,0,1,0,4,0,3,0,11,0,23,0,54,0,142,0,316,0,714,0,1375,0,2705,0,5084,0,9045,0,16008,0,26704,0,43088,0,66916,101055,0,145713,0,205268,0,275816,0,357933,0,448965,0,543786,0,633214,0,709863,0,768861,0,805145,0,810630,0,787715,0,735370,0,663014,0,575086,0,478063,2,383699,294637,51,217301,152,154028,461,103433,987,67122,1954,42252,2790,26005,3204,15325,3030,8604,2030,4211,1142,1796,427,662,141,196,28,39,1,6,0,2,0,0,0,0,0
0,0,0,0,0,0,0,0,0,0,0,0,0,0,0,0,0,0,0,0,0,0,0,0,0,0,0,0,0,0,0,0,0,0,0,0,0,0,0,0,2,0,2,0,6,0,11,0,21,0,55,0,150,0,310,0,695,0,1352,0,2632,0,5017,0,8974,0,15717,0,26557,0,42236,0,65929,99864,0,144581,0,203148,0,274309,0,355664,0,446347,0,542100,0,630181,0,707224,0,769413,0,804934,0,811256,0,788332,0,737295,0,665304,0,577307,0,481779,3,385225,296795,52,218886,151,155033,482,104458,991,68037,1875,42492,2851,26244,3226,15478,3013,8593,2058,4276,1166,1809,445,665,130,192,30,39,0,8,0,1,0,0,0,0,0
0,0,0,0,0,0,0,0,0,0,0,0,0,0,0,0,0,0,0,0,0,0,0,0,0,0,0,0,0,0,0,0,0,0,0,0,0,0,0,0,2,0,3,0,3,0,10,0,21,0,57,0,140,0,327,0,664,0,1321,0,2573,0,4992,0,8856,0,15532,0,25958,0,41819,0,65336,98496,0,143699,0,200953,0,272032,0,353757,0,443561,0,539243,0,628033,0,705935,0,768112,0,804833,0,812694,0,789223,0,739970,0,667290,0,579199,0,484379,4,387555,298752,43,220797,160,155870,439,105761,927,68449,1906,43016,2757,26411,3217,15679,2965,8785,2070,4345,1091,1877,453,637,121,217,28,39,2,11,0,1,0,0,0,0,0
0,0,0,0,0,0,0,0,0,0,0,0,0,0,0,0,0,0,0,0,0,0,0,0,0,0,0,0,0,0,0,0,0,0,0,0,0,0,1,0,1,0,3,0,3,0,10,0,17,0,61,0,133,0,336,0,641,0,1267,0,2621,0,4722,0,8885,0,15212,0,25661,0,41417,0,64404,97577,0,142074,0,199280,0,269768,0,350914,0,441578,0,537265,0,625394,0,705438,0,766629,0,804394,0,813061,0,790679,0,742099,0,669062,0,582276,0,485759,1,390566,300360,44,222325,143,157485,438,106841,1013,69041,1901,43438,2764,26460,3213,15917,2922,8858,2138,4409,1081,1867,467,654,119,207,33,48,2,8,0,3,0,0,0,0,0
0,0,0,0,0,0,0,0,0,0,0,0,0,0,0,0,0,0,0,0,0,0,0,0,0,0,0,0,0,0,0,0,0,0,0,0,0,0,1,0,1,0,2,0,3,0,10,0,20,0,56,0,128,0,303,0,646,0,1301,0,2465,0,4769,0,8699,0,15006,0,25223,0,40840,0,63822,96427,0,140531,0,197289,0,267742,0,348739,0,439415,0,534744,0,623979,0,702163,0,766910,0,803996,0,812949,0,792194,0,744497,0,670786,0,584318,0,488593,0,392998,302248,47,224187,155,158891,433,107611,961,70026,1895,43591,2751,26748,3318,16011,3000,8810,2142,4473,1078,1903,462,672,127,205,34,53,1,7,0,3,0,0,0,0,0
0,0,0,0,0,0,0,0,0,0,0,0,0,0,0,0,0,0,0,0,0,0,0,0,0,0,0,0,0,0,0,0,0,0,0,0,0,0,0,0,2,0,1,0,5,0,11,0,23,0,44,0,133,0,289,0,611,0,1263,0,2477,0,4667,0,8455,0,14791,0,24966,0,40420,0,63151,95140,0,138776,0,196362,0,265704,0,346106,0,436195,0,532450,0,622332,0,701519,0,765486,0,803683,0,812134,0,794782,0,745875,0,673221,0,586382,0,490968,0,395150,304665,40,225824,141,160229,431,108707,948,70510,1934,43951,2755,27290,3257,15952,3011,8876,2188,4538,1035,1944,463,716,130,199,33,51,4,10,0,2,0,0,0,0,0
0,0,0,0,0,0,0,0,0,0,0,0,0,0,0,0,0,0,0,0,0,0,0,0,0,0,0,0,0,0,0,0,0,0,0,0,0,0,0,0,1,0,2,0,2,0,10,0,24,0,51,0,122,0,277,0,625,0,1290,0,2314,0,4618,0,8329,0,14543,0,24458,0,39916,0,62586,94052,0,137356,0,194856,0,263405,0,343469,0,434802,0,528529,0,620579,0,701409,0,763846,0,803342,0,812734,0,795100,0,747538,0,675459,0,589420,0,493284,0,397762,307164,41,227264,143,161035,419,109903,980,70936,1895,44435,2729,27458,3261,16170,2983,9114,2228,4488,1090,1942,473,701,149,202,32,46,3,13,0,1,0,0,0,0,0
0,0,0,0,0,0,0,0,0,0,0,0,0,0,0,0,0,0,0,0,0,0,0,0,0,0,0,0,0,0,0,0,0,0,0,0,0,0,0,0,1,0,2,0,3,0,9,0,23,0,52,0,133,0,261,0,596,0,1219,0,2335,0,4475,0,8177,0,14429,0,23961,0,39352,0,61930,93133,0,135989,0,192795,0,261549,0,342118,0,431645,0,525549,0,619090,0,699140,0,762646,0,803123,0,814264,0,795808,0,749037,0,677960,0,591618,0,495832,2,399493,309787,41,228864,158,162800,411,110400,967,71607,1856,45140,2710,27525,3309,16511,2914,9150,2206,4595,1114,1979,461,712,139,207,34,48,3,9,0,2,0,0,0,0,0
0,0,0,0,0,0,0,0,0,0,0,0,0,0,0,0,0,0,0,0,0,0,0,0,0,0,0,0,0,0,0,0,0,0,0,0,0,0,1,0,1,0,1,0,4,0,5,0,28,0,55,0,113,0,269,0,576,0,1221,0,2301,0,4443,0,8049,0,13945,0,23828,0,38700,0,61335,92058,0,135007,0,190770,0,259247,0,340699,0,428641,0,523408,0,616532,0,698295,0,761595,0,801611,0,815567,0,796657,0,750714,0,680376,0,594183,0,497797,2,402112,311743,43,231152,134,163439,394,111486,937,72241,1802,45594,2798,27855,3303,16533,2967,9209,2261,4616,1099,2030,475,704,143,213,31,43,3,12,0,2,0,0,0,0,0
0,0,0,0,0,0,0,0,0,0,0,0,0,0,0,0,0,0,0,0,0,0,0,0,0,0,0,0,0,0,0,0,0,0,0,0,0,0,1,0,1,0,1,0,6,0,5,0,18,0,62,0,114,0,259,0,541,0,1211,0,2298,0,4295,0,7870,0,13806,0,23367,0,38528,0,60501,91147,0,133319,0,189093,0,257905,0,338119,0,426412,0,521190,0,614856,0,695078,0,761179,0,801917,0,815351,0,797365,0,752414,0,683667,0,596127,0,499893,2,404770,313320,47,232752,156,164950,397,112243,983,73363,1853,45792,2792,28012,3221,16711,3061,9351,2169,4760,1107,2026,504,686,160,207,32,49,2,12,0,2,0,0,0,0,0
0,0,0,0,0,0,0,0,0,0,0,0,0,0,0,0,0,0,0,0,0,0,0,0,0,0,0,0,0,0,0,0,0,0,0,0,0,0,1,0,1,0,1,0,4,0,9,0,21,0,53,0,116,0,232,0,559,0,1176,0,2355,0,4150,0,7714,0,13766,0,22988,0,37632,0,59804,90399,0,132996,0,186633,0,255344,0,335421,0,424708,0,519996,0,610852,0,693642,0,759790,0,802248,0,816033,0,798509,0,754089,0,686674,0,597864,0,503541,1,406459,314950,37,234434,129,166120,388,113098,964,73962,1813,46340,2718,28271,3232,16909,3104,9421,2141,4670,1174,2098,510,683,146,220,33,47,2,11,0,2,0,0,0,0,0
0,0,0,0,0,0,0,0,0,0,0,0,0,0,0,0,0,0,0,0,0,0,0,0,0,0,0,0,0,0,0,0,0,0,0,0,0,0,0,0,2,0,1,0,4,0,8,0,16,0,62,0,103,0,224,0,552,0,1109,0,2331,0,4046,0,7746,0,13341,0,22842,0,36994,0,58975,89764,0,131301,0,185464,0,252457,0,333981,0,422689,0,516845,0,608567,0,691912,0,758810,0,802890,0,815512,0,799995,0,756198,0,687991,0,600036,0,507056,1,408271,317263,33,235780,142,167311,376,114305,940,74567,1787,46819,2738,28576,3296,16889,3054,9526,2115,4783,1210,2107,488,726,162,219,39,48,2,8,0,3,0,0,0,0,0
0,0,0,0,0,0,0,0,0,0,0,0,0,0,0,0,0,0,0,0,0,0,0,0,0,0,0,0,0,0,0,0,0,0,0,0,0,0,0,0,2,0,1,0,3,0,6,0,24,0,55,0,96,0,227,0,549,0,1091,0,2173,0,4104,0,7407,0,13236,0,22477,0,36890,0,57851,88868,0,130027,0,183721,0,250715,0,331860,0,421084,0,514298,0,604926,0,691579,0,757172,0,801701,0,816550,0,800189,0,758112,0,690389,0,603245,0,509168,2,410845,319351,25,237413,146,168397,383,115142,923,75491,1730,47189,2715,28880,3214,17010,3106,9598,2184,4842,1209,2067,500,760,149,246,31,50,1,12,0,1,0,0,0,0,0
0,0,0,0,0,0,0,0,0,0,0,0,0,0,0,0,0,0,0,0,0,0,0,0,0,0,0,0,0,0,0,0,0,0,0,0,0,0,0,0,2,0,0,0,3,0,10,0,18,0,55,0,85,0,245,0,523,0,1048,0,2146,0,4007,0,7297,0,13183,0,22110,0,36089,0,57529,87549,0,129141,0,181895,0,249035,0,328692,0,419762,0,511459,0,603836,0,688717,0,756142,0,800760,0,816907,0,801406,0,759935,0,692424,0,605970,0,511069,2,413845,321388,28,239108,134,169957,387,115463,932,76585,1738,47695,2693,28908,3298,17262,3117,9640,2207,4886,1191,2176,483,750,146,236,37,54,1,11,0,1,0,0,0,0,0
0,0,0,0,0,0,0,0,0,0,0,0,0,0,0,0,0,0,0,0,0,0,0,0,0,0,0,0,0,0,0,0,0,0,0,0,0,0,0,0,2,0,0,0,4,0,11,0,20,0,46,0,80,0,238,0,509,0,1079,0,2004,0,3973,0,7145,0,12883,0,22001,0,35692,0,56696,86534,0,127700,0,180394,0,247306,0,326903,0,416898,0,508445,0,602301,0,685408,0,756853,0,799231,0,818446,0,802147,0,761414,0,693769,0,609526,0,512831,1,416612,323502,29,240612,134,171651,362,116138,888,77207,1745,48269,2682,29281,3243,17420,3134,9823,2204,4845,1190,2184,498,770,147,236,44,56,2,9,0,1,0,0,0,0,0
0,0,0,0,0,0,0,0,0,0,0,0,0,0,0,0,0,0,0,0,0,0,0,0,0,0,0,0,0,0,0,0,0,0,0,0,0,0,0,0,1,0,1,0,2,0,16,0,18,0,32,0,102,0,213,0,514,0,1055,0,2011,0,3820,0,7104,0,12573,0,21813,0,35333,0,56264,85039,0,126351,0,179097,0,244941,0,324550,0,413901,0,507450,0,599479,0,684703,0,754722,0,799444,0,817357,0,803877,0,763597,0,696923,0,611016,0,514745,0,418925,325574,35,243011,151,172481,412,117289,860,77835,1756,48415,2662,29748,3364,17540,3117,9944,2169,4919,1205,2131,500,820,155,210,41,59,5,10,0,1,0,0,0,0,0
0,0,0,0,0,0,0,0,0,0,0,0,0,0,0,0,0,0,0,0,0,0,0,0,0,0,0,0,0,0,0,0,0,0,0,0,0,0,0,0,0,0,2,0,9,0,5,0,16,0,36,0,105,0,211,0,496,0,1014,0,2001,0,3732,0,7067,0,12283,0,21327,0,35155,0,55287,84968,0,124654,0,176951,0,243851,0,321838,0,411963,0,504213,0,597415,0,683326,0,752560,0,799858,0,817812,0,804400,0,764905,0,700503,0,611895,0,518249,1,420861,328163,25,244030,139,173972,405,118609,868,78108,1752,49058,2690,30041,3312,17767,3149,9972,2231,4972,1179,2223,519,759,158,231,33,60,4,9,0,1,0,0,0,0,0
0,0,0,0,0,0,0,0,0,0,0,0,0,0,0,0,0,0,0,0,0,0,0,0,0,0,0,0,0,0,0,0,0,0,0,0,0,0,0,0,0,0,3,0,5,0,6,0,19,0,40,0,92,0,195,0,511,0,976,0,1968,0,3733,0,6846,0,12206,0,21139,0,34580,0,55069,83416,0,123711,0,175538,0,241249,0,320001,0,409049,0,502032,0,595114,0,682370,0,750524,0,799735,0,817296,0,806979,0,766443,0,701544,0,615126,0,520763,1,423096,329654,31,246229,142,174987,371,119773,850,78876,1710,49474,2715,30159,3320,18027,3163,10016,2259,5043,1269,2181,512,771,166,234,32,53,7,9,0,0,0,0,0,0,0
0,0,0,0,0,0,0,0,0,0,0,0,0,0,0,0,0,0,0,0,0,0,0,0,0,0,0,0,0,0,0,0,0,0,0,0,0,0,0,0,0,0,2,0,4,0,9,0,17,0,40,0,87,0,218,0,459,0,986,0,1914,0,3675,0,6667,0,12049,0,20632,0,34333,0,54373,82561,0,122259,0,174103,0,239805,0,317380,0,406063,0,500788,0,593220,0,679861,0,749871,0,797561,0,819212,0,808259,0,766866,0,703859,0,616976,0,523814,1,425815,331817,32,246937,142,177053,376,120808,913,79297,1678,50034,2624,30577,3269,18131,3086,10142,2238,5227,1212,2266,511,791,171,230,31,61,8,6,0,1,0,0,0,0,0
0,0,0,0,0,0,0,0,0,0,0,0,0,0,0,0,0,0,0,0,0,0,0,0,0,0,0,0,0,0,0,0,0,0,0,0,0,0,0,0,0,0,2,0,3,0,8,0,17,0,44,0,90,0,210,0,450,0,956,0,1839,0,3643,0,6511,0,11953,0,20519,0,33714,0,53503,81474,0,121573,0,172691,0,237340,0,315411,0,403420,0,497687,0,592338,0,677401,0,749131,0,797261,0,819332,0,808879,0,769585,0,704742,0,619013,0,526557,0,428536,333093,33,249648,134,178355,354,122013,896,79590,1635,50474,2644,31025,3300,18105,3167,10208,2265,5267,1197,2318,516,814,177,230,40,59,8,8,0,2,0,0,0,0,0
0,0,0,0,0,0,0,0,0,0,0,0,0,0,0,0,0,0,0,0,0,0,0,0,0,0,0,0,0,0,0,0,0,0,0,0,0,0,0,0,1,0,1,0,2,0,6,0,14,0,57,0,87,0,190,0,467,0,926,0,1824,0,3450,0,6542,0,11734,0,20232,0,33438,0,52822,80753,0,119627,0,171229,0,236097,0,312919,0,401632,0,495153,0,589185,0,676309,0,748333,0,796419,0,819325,0,810797,0,770051,0,707032,0,622275,0,528580,1,429680,336301,36,250889,136,180123,372,122586,831,80538,1675,50911,2675,31069,3299,18406,3152,10222,2280,5252,1219,2390,512,803,176,243,42,60,6,11,0,3,0,0,0,0,0
0,0,0,0,0,0,0,0,0,0,0,0,0,0,0,0,0,0,0,0,0,0,0,0,0,0,0,0,0,0,0,0,0,0,0,0,0,0,0,0,0,0,1,0,2,0,6,0,14,0,46,0,100,0,193,0,422,0,924,0,1805,0,3441,0,6360,0,11573,0,19842,0,32887,0,52379,80234,0,118243,0,169739,0,233857,0,311091,0,399181,0,492561,0,587698,0,674126,0,746152,0,796802,0,818322,0,812062,0,772149,0,709167,0,624786,0,530905,2,432704,337929,32,252626,123,181201,358,123749,794,81363,1701,51417,2637,31356,3257,18429,3188,10353,2285,5233,1253,2444,509,844,180,254,41,56,3,15,0,2,0,0,0,0,0
0,0,0,0,0,0,0,0,0,0,0,0,0,0,0,0,0,0,0,0,0,0,0,0,0,0,0,0,0,0,0,0,0,0,0,0,0,0,0,0,0,0,0,0,3,0,6,0,11,0,42,0,100,0,201,0,426,0,873,0,1820,0,3306,0,6340,0,11509,0,19493,0,32328,0,51773,79003,0,117687,0,167514,0,232067,0,309364,0,397284,0,489510,0,584913,0,674020,0,743752,0,796860,0,818373,0,812243,0,774817,0,709900,0,627378,0,533348,2,435426,340364,34,253942,116,182593,367,124766,796,82272,1679,51948,2618,31362,3319,18745,3142,10357,2297,5353,1248,2453,533,867,165,261,35,62,5,15,0,2,0,0,0,0,0
0,0,0,0,0,0,0,0,0,0,0,0,0,0,0,0,0,0,0,0,0,0,0,0,0,0,0,0,0,0,0,0,0,0,0,0,0,0,0,0,0,0,1,0,1,0,5,0,16,0,42,0,95,0,203,0,394,0,902,0,1726,0,3304,0,6244,0,11203,0,19290,0,32015,0,50798,78529,0,116251,0,166322,0,230338,0,307096,0,394500,0,487967,0,583215,0,671463,0,743138,0,794271,0,819471,0,813737,0,776198,0,712062,0,629670,0,535170,3,437694,342565,33,256010,117,183777,368,125941,789,82776,1633,52386,2602,31885,3304,18748,3146,10627,2297,5390,1226,2448,583,861,173,274,29,60,5,19,0,2,0,0,0,0,0
0,0,0,0,0,0,0,0,0,0,0,0,0,0,0,0,0,0,0,0,0,0,0,0,0,0,0,0,0,0,0,0,0,0,0,0,0,0,0,0,0,0,1,0,2,0,3,0,16,0,44,0,74,0,217,0,380,0,908,0,1719,0,3243,0,6123,0,11024,0,19055,0,31455,0,50263,77576,0,114990,0,165381,0,228403,0,305065,0,391656,0,485204,0,581253,0,668963,0,742888,0,794273,0,818966,0,814566,0,777554,0,714290,0,632565,0,537435,1,440074,344739,37,257394,110,185164,352,127143,783,83283,1627,52787,2631,32154,3201,18964,3145,10789,2322,5379,1300,2429,610,864,169,287,33,60,3,17,0,1,0,1,0,0,0
0,0,0,0,0,0,0,0,0,0,0,0,0,0,0,0,0,0,0,0,0,0,0,0,0,0,0,0,0,0,0,0,0,0,0,0,0,0,0,0,0,0,1,0,1,0,4,0,15,0,36,0,94,0,189,0,407,0,828,0,1708,0,3227,0,6079,0,10745,0,18808,0,31119,0,49419,77012,0,113918,0,163541,0,226226,0,303353,0,389033,0,483149,0,578214,0,668813,0,740392,0,794460,0,818699,0,814871,0,779527,0,716117,0,634642,0,540722,2,442087,346650,36,259554,117,186678,340,127861,813,84079,1589,53264,2701,32201,3314,19290,3018,10805,2355,5443,1259,2511,586,897,182,268,42,78,2,13,0,4,0,0,0,0,0
0,0,0,0,0,0,0,0,0,0,0,0,0,0,0,0,0,0,0,0,0,0,0,0,0,0,0,0,0,0,0,0,0,0,0,0,0,0,0,0,0,0,0,0,2,0,5,0,11,0,39,0,88,0,194,0,385,0,836,0,1629,0,3187,0,5921,0,10734,0,18530,0,30787,0,48853,75766,0,113006,0,162151,0,224872,0,300367,0,387489,0,480562,0,576954,0,665170,0,740158,0,792880,0,819639,0,815340,0,780573,0,718561,0,637480,0,543122,1,443891,348851,25,260976,122,188657,328,128668,793,84927,1584,53734,2621,32542,3305,19400,3019,10902,2333,5506,1290,2537,592,900,197,280,45,73,1,12,1,4,0,0,0,0,0
0,0,0,0,0,0,0,0,0,0,0,0,0,0,0,0,0,0,0,0,0,0,0,0,0,0,0,0,0,0,0,0,0,0,0,0,0,0,0,0,0,0,0,0,4,0,2,0,15,0,32,0,88,0,218,0,357,0,783,0,1611,0,3142,0,5937,0,10407,0,18231,0,30344,0,48603,74649,0,112018,0,160567,0,223159,0,298567,0,384417,0,478816,0,574511,0,663721,0,737939,0,793929,0,818549,0,816801,0,780771,0,720409,0,640409,0,546136,0,445891,350615,34,263041,126,189701,345,129878,822,85883,1581,53959,2519,32991,3226,19693,3048,11021,2348,5576,1307,2579,558,916,183,291,44,69,2,14,1,4,0,0,0,0,0
0,0,0,0,0,0,0,0,0,0,0,0,0,0,0,0,0,0,0,0,0,0,0,0,0,0,0,0,0,0,0,0,0,0,0,0,0,0,0,0,0,0,0,0,2,0,5,0,15,0,29,0,91,0,198,0,378,0,763,0,1606,0,3099,0,5782,0,10442,0,17820,0,29964,0,48102,74012,0,110659,0,158809,0,222335,0,295751,0,382660,0,475608,0,572758,0,661307,0,737998,0,791613,0,819229,0,817432,0,784209,0,721170,0,641924,0,548281,2,449373,351824,32,265627,114,190151,317,131608,798,85944,1581,54747,2513,33408,3253,19674,3191,11162,2336,5700,1295,2614,577,896,191,286,52,69,4,15,0,3,0,0,0,0,0
0,0,0,0,0,0,0,0,0,0,0,0,0,0,0,0,0,0,0,0,0,0,0,0,0,0,0,0,0,0,0,0,0,0,0,0,0,0,0,0,0,0,1,0,0,0,5,0,7,0,38,0,82,0,201,0,362,0,781,0,1588,0,3033,0,5722,0,10072,0,17628,0,29619,0,47389,73423,0,109338,0,157890,0,220249,0,294651,0,379852,0,473606,0,568888,0,660939,0,736132,0,791362,0,818837,0,817890,0,784404,0,724879,0,644897,0,549390,0,451356,354910,33,267005,119,192029,314,131830,825,87311,1638,54824,2547,33672,3275,19899,3211,11178,2379,5895,1300,2552,560,977,197,275,46,74,5,14,0,3,0,0,0,0,0
0,0,0,0,0,0,0,0,0,0,0,0,0,0,0,0,0,0,0,0,0,0,0,0,0,0,0,0,0,0,0,0,0,0,0,0,0,0,0,0,0,0,1,0,0,0,2,0,8,0,29,0,79,0,199,0,361,0,805,0,1513,0,2997,0,5651,0,10004,0,17418,0,28971,0,46917,72556,0,108593,0,156067,0,218256,0,292388,0,378766,0,470834,0,566721,0,658441,0,735281,0,790441,0,820434,0,817552,0,784616,0,727453,0,647577,0,551069,1,453904,357855,35,268547,115,193489,308,132852,828,87879,1570,55177,2542,34055,3206,20256,3137,11221,2333,5929,1341,2608,578,1014,195,288,47,78,2,15,0,3,0,0,0,0,0
0,0,0,0,0,0,0,0,0,0,0,0,0,0,0,0,0,0,0,0,0,0,0,0,0,0,0,0,0,0,0,0,0,0,0,0,0,0,0,0,0,0,1,0,1,0,3,0,8,0,30,0,75,0,189,0,370,0,765,0,1513,0,2941,0,5624,0,9777,0,17120,0,28640,0,46090,71803,0,107810,0,154902,0,215818,0,290900,0,376557,0,469045,0,564747,0,655452,0,735023,0,789572,0,819114,0,818358,0,786825,0,729109,0,649724,0,554779,1,454662,360302,28,270111,107,195208,331,133687,782,88411,1540,56007,2574,34277,3183,20429,3234,11217,2408,6015,1383,2581,595,996,216,302,48,69,2,15,0,2,0,0,0,0,0
0,0,0,0,0,0,0,0,0,0,0,0,0,0,0,0,0,0,0,0,0,0,0,0,0,0,0,0,0,0,0,0,0,0,0,0,0,0,0,0,0,0,0,0,1,0,4,0,11,0,28,0,88,0,159,0,407,0,753,0,1431,0,2939,0,5414,0,9841,0,16776,0,28157,0,45695,71027,0,106529,0,153507,0,213690,0,289452,0,374244,0,466898,0,562439,0,653987,0,732542,0,788648,0,820143,0,818019,0,789210,0,730704,0,651911,0,557322,1,457532,360924,25,273302,108,195955,341,135081,754,89146,1499,56503,2578,34652,3153,20520,3233,11419,2411,6009,1398,2634,599,996,222,310,37,68,5,13,0,4,0,0,0,0,0
0,0,0,0,0,0,0,0,0,0,0,0,0,0,0,0,0,0,0,0,0,0,0,0,0,0,0,0,0,0,0,0,0,0,0,0,0,0,0,0,0,0,0,0,1,0,6,0,6,0,33,0,76,0,166,0,393,0,694,0,1470,0,2859,0,5325,0,9576,0,16689,0,27659,0,44895,70579,0,105250,0,152018,0,212192,0,286757,0,372621,0,464171,0,560947,0,653018,0,730980,0,786178,0,820214,0,819186,0,790620,0,733545,0,652844,0,560185,0,460730,362705,20,274498,120,197166,309,136573,755,89995,1559,56630,2517,35201,3207,20632,3210,11617,2427,5983,1471,2658,604,1001,233,300,29,85,5,11,0,4,0,0,0,0,0
0,0,0,0,0,0,0,0,0,0,0,0,0,0,0,0,0,0,0,0,0,0,0,0,0,0,0,0,0,0,0,0,0,0,0,0,0,0,0,0,0,0,0,0,2,0,5,0,6,0,31,0,71,0,166,0,360,0,736,0,1432,0,2839,0,5215,0,9553,0,16214,0,27495,0,44219,69780,0,104467,0,150203,0,211051,0,284472,0,369994,0,462792,0,557937,0,650837,0,728915,0,786989,0,818935,0,820258,0,793035,0,734616,0,655932,0,562399,1,461958,365699,18,275645,103,198785,278,137872,734,90690,1571,57153,2519,35641,3207,20749,3180,11724,2405,6083,1498,2646,598,1040,227,284,32,92,4,12,0,4,0,0,0,0,0
0,0,0,0,0,0,0,0,0,0,0,0,0,0,0,0,0,0,0,0,0,0,0,0,0,0,0,0,0,0,0,0,0,0,0,0,0,0,0,0,0,0,0,0,3,0,4,0,7,0,27,0,73,0,157,0,341,0,748,0,1370,0,2745,0,5135,0,9376,0,16174,0,27041,0,43945,68563,0,103388,0,149595,0,208523,0,282658,0,367683,0,460411,0,555891,0,649131,0,727100,0,785655,0,818359,0,822164,0,794633,0,736855,0,657944,0,564162,0,465080,367085,21,277366,117,200923,294,138354,737,91550,1572,58087,2531,35533,3217,20985,3207,11897,2417,6078,1495,2683,606,1037,215,310,34,93,4,14,1,4,0,0,0,0,0
0,0,0,0,0,0,0,0,0,0,0,0,0,0,0,0,0,0,0,0,0,0,0,0,0,0,0,0,0,0,0,0,0,0,0,0,0,0,0,0,0,0,1,0,3,0,1,0,8,0,29,0,70,0,155,0,347,0,667,0,1425,0,2601,0,5123,0,9094,0,16109,0,26707,0,43375,67866,0,101958,0,148611,0,207022,0,280634,0,364954,0,458714,0,554007,0,646209,0,725917,0,786074,0,817070,0,822590,0,795647,0,738538,0,660893,0,566082,0,467804,369963,20,279098,113,202153,301,139239,777,92037,1500,58695,2497,35932,3182,21274,3198,11977,2422,6156,1484,2719,633,1057,203,326,34,91,3,14,0,5,0,0,0,0,0
0,0,0,0,0,0,0,0,0,0,0,0,0,0,0,0,0,0,0,0,0,0,0,0,0,0,0,0,0,0,0,0,0,0,0,0,0,0,0,0,0,0,0,0,2,0,3,0,8,0,26,0,68,0,153,0,329,0,673,0,1320,0,2675,0,5028,0,9021,0,15795,0,26248,0,43010,66787,0,101067,0,146924,0,206568,0,277514,0,362996,0,456679,0,551703,0,644111,0,724087,0,785330,0,817570,0,823308,0,795620,0,741819,0,662907,0,568182,1,470119,372183,20,281453,110,203107,321,140549,754,92720,1500,58953,2465,36325,3238,21389,3275,12169,2375,6213,1420,2820,641,1076,215,309,39,93,7,13,1,4,0,0,0,0,0
0,0,0,0,0,0,0,0,0,0,0,0,0,0,0,0,0,0,0,0,0,0,0,0,0,0,0,0,0,0,0,0,0,0,0,0,0,0,0,0,0,0,1,0,1,0,2,0,9,0,22,0,69,0,142,0,341,0,604,0,1325,0,2647,0,4924,0,8819,0,15572,0,26176,0,42288,66132,0,100047,0,145530,0,204364,0,276144,0,360725,0,454043,0,549164,0,641901,0,722744,0,784136,0,818893,0,822749,0,798272,0,742472,0,665235,0,571673,0,471909,374871,21,282843,107,204670,295,141477,727,93610,1532,59384,2442,36555,3248,21748,3205,12312,2358,6203,1422,2880,632,1071,227,336,39,88,5,20,0,5,0,0,0,0,0
0,0,0,0,0,0,0,0,0,0,0,0,0,0,0,0,0,0,0,0,0,0,0,0,0,0,0,0,0,0,0,0,0,0,0,0,0,0,0,0,0,0,1,0,1,0,1,0,8,0,27,0,68,0,136,0,309,0,620,0,1312,0,2556,0,4859,0,8671,0,15343,0,25615,0,41815,65550,0,98897,0,144352,0,202742,0,274788,0,358700,0,450719,0,547475,0,639618,0,721121,0,783165,0,818459,0,823984,0,799102,0,745154,0,667241,0,574413,0,474100,376087,28,284991,102,206056,273,143052,746,94294,1487,59952,2461,36635,3322,22013,3128,12376,2483,6141,1489,2920,660,1069,222,330,49,94,4,16,0,6,0,0,0,0,0
0,0,0,0,0,0,0,0,0,0,0,0,0,0,0,0,0,0,0,0,0,0,0,0,0,0,0,0,0,0,0,0,0,0,0,0,0,0,0,0,0,0,1,0,0,0,2,0,5,0,26,0,67,0,129,0,294,0,627,0,1274,0,2590,0,4711,0,8530,0,15044,0,25397,0,41206,64728,0,97489,0,143594,0,201123,0,272954,0,355967,0,449012,0,544534,0,638280,0,718746,0,782778,0,817740,0,825852,0,799346,0,746462,0,670017,0,577304,0,476328,378461,23,286889,93,207860,268,143797,711,95159,1539,60201,2491,37055,3292,22086,3140,12587,2501,6209,1491,2940,653,1072,221,350,41,93,4,17,0,7,0,0,0,0,0
0,0,0,0,0,0,0,0,0,0,0,0,0,0,0,0,0,0,0,0,0,0,0,0,0,0,0,0,0,0,0,0,0,0,0,0,0,0,0,0,0,0,0,0,2,0,1,0,8,0,30,0,55,0,129,0,281,0,624,0,1260,0,2539,0,4767,0,8283,0,14816,0,25017,0,40656,63867,0,97264,0,141804,0,199593,0,270601,0,353713,0,446291,0,542816,0,636679,0,716819,0,782060,0,819015,0,824658,0,802263,0,747507,0,671813,0,579325,0,479646,379827,19,288594,109,209551,266,144882,677,96021,1530,60814,2406,37574,3161,22092,3199,12816,2406,6364,1500,2854,693,1096,236,336,44,111,4,18,0,6,0,0,0,0,0
0,0,0,0,0,0,0,0,0,0,0,0,0,0,0,0,0,0,0,0,0,0,0,0,0,0,0,0,0,0,0,0,0,0,0,0,0,0,0,0,0,0,0,0,2,0,3,0,8,0,28,0,62,0,112,0,283,0,606,0,1270,0,2454,0,4560,0,8380,0,14576,0,24587,0,40322,63251,0,96014,0,140745,0,197686,0,268893,0,351351,0,444184,0,541163,0,633264,0,715207,0,781824,0,819121,0,825432,0,802639,0,750844,0,673306,0,581437,0,481684,382537,16,290133,113,211329,269,145926,704,96423,1477,61521,2472,37684,3153,22474,3208,12719,2514,6453,1537,2910,679,1097,231,350,44,112,5,14,0,6,0,0,0,0,0
0,0,0,0,0,0,0,0,0,0,0,0,0,0,0,0,0,0,0,0,0,0,0,0,0,0,0,0,0,0,0,0,0,0,0,0,0,0,0,0,0,0,0,0,3,0,2,0,10,0,18,0,66,0,133,0,265,0,579,0,1260,0,2425,0,4508,0,8339,0,14313,0,24235,0,39845,62655,0,94756,0,139525,0,196267,0,267111,0,349232,0,441114,0,538315,0,632506,0,715191,0,779364,0,818999,0,825132,0,804988,0,752308,0,675514,0,584168,1,483617,384573,12,292060,97,212638,284,147075,712,97178,1521,62094,2481,37956,3187,22658,3152,12819,2482,6626,1507,2956,654,1177,221,350,37,109,4,19,0,5,0,0,0,0,0
0,0,0,0,0,0,0,0,0,0,0,0,0,0,0,0,0,0,0,0,0,0,0,0,0,0,0,0,0,0,0,0,0,0,0,0,0,0,0,0,0,0,0,0,0,0,6,0,9,0,24,0,63,0,128,0,276,0,573,0,1212,0,2412,0,4430,0,8070,0,14243,0,23973,0,39256,61732,0,94138,0,138223,0,194979,0,264446,0,346923,0,439223,0,536760,0,630633,0,713152,0,778877,0,817798,0,826754,0,804972,0,754331,0,678029,0,586804,0,485374,387030,17,293776,100,214171,285,147938,670,98511,1432,62310,2498,38535,3132,22738,3166,12965,2499,6717,1528,2988,668,1148,238,350,37,107,5,21,0,5,0,0,0,0,0
0,0,0,0,0,0,0,0,0,0,0,0,0,0,0,0,0,0,0,0,0,0,0,0,0,0,0,0,0,0,0,0,0,0,0,0,0,0,0,0,0,0,0,0,3,0,2,0,5,0,28,0,63,0,121,0,281,0,557,0,1183,0,2328,0,4364,0,7904,0,14094,0,23737,0,38790,60914,0,93493,0,136269,0,193125,0,263103,0,345341,0,436884,0,534626,0,628452,0,711622,0,777757,0,816399,0,828212,0,806724,0,755980,0,680073,0,588527,1,488533,388908,16,295595,94,214885,274,150038,659,99063,1496,62808,2525,38688,3138,23103,3187,12946,2525,6756,1520,3050,673,1206,235,344,47,100,6,21,1,6,0,0,0,0,0
0,0,0,0,0,0,0,0,0,0,0,0,0,0,0,0,0,0,0,0,0,0,0,0,0,0,0,0,0,0,0,0,0,0,0,0,0,0,0,0,0,0,1,0,1,0,3,0,5,0,19,0,67,0,118,0,277,0,552,0,1106,0,2332,0,4330,0,7738,0,13781,0,23593,0,38410,60308,0,92458,0,135114,0,191152,0,260997,0,343261,0,435624,0,531138,0,627494,0,709943,0,775750,0,816896,0,828393,0,807790,0,757591,0,682281,0,591963,1,489586,390806,20,298053,101,216653,256,150804,704,100487,1427,63120,2408,39237,3166,23104,3272,13082,2489,6892,1538,3055,735,1153,234,360,45,100,7,23,0,3,0,1,0,0,0
0,0,0,0,0,0,0,0,0,0,0,0,0,0,0,0,0,0,0,0,0,0,0,0,0,0,0,0,0,0,0,0,0,0,0,0,0,0,0,0,0,0,1,0,1,0,2,0,5,0,21,0,67,0,118,0,281,0,537,0,1083,0,2224,0,4209,0,7706,0,13640,0,23230,0,37991,59777,0,91071,0,133778,0,189528,0,259169,0,341697,0,433512,0,528762,0,624406,0,710430,0,774063,0,816763,0,826959,0,809782,0,759077,0,685859,0,592770,0,492662,393494,18,299358,89,218136,242,152084,697,101113,1442,63883,2378,39328,3182,23592,3210,13229,2529,6811,1564,3224,720,1127,234,367,38,107,6,22,0,2,0,1,0,0,0
0,0,0,0,0,0,0,0,0,0,0,0,0,0,0,0,0,0,0,0,0,0,0,0,0,0,0,0,0,0,0,0,0,0,0,0,0,0,0,0,0,0,1,0,1,0,2,0,8,0,12,0,72,0,134,0,256,0,521,0,1050,0,2200,0,4169,0,7483,0,13516,0,23008,0,37358,59227,0,89890,0,132916,0,188203,0,257255,0,339085,0,431449,0,526026,0,623391,0,707110,0,774439,0,815899,0,828796,0,809909,0,760265,0,688376,0,595326,0,494491,395571,21,301710,97,219700,262,153131,672,101834,1397,64810,2367,39559,3195,23803,3218,13308,2534,6856,1627,3228,713,1169,238,362,39,114,9,17,0,2,0,1,0,0,0
0,0,0,0,0,0,0,0,0,0,0,0,0,0,0,0,0,0,0,0,0,0,0,0,0,0,0,0,0,0,0,0,0,0,0,0,0,0,0,0,1,0,0,0,1,0,2,0,9,0,25,0,51,0,126,0,254,0,495,0,1041,0,2164,0,4113,0,7467,0,13317,0,22648,0,36856,58444,0,89163,0,131491,0,186341,0,255776,0,337254,0,428661,0,523969,0,620552,0,706107,0,773234,0,816535,0,828804,0,811500,0,762528,0,689350,0,598063,0,496406,397549,14,303807,88,221579,254,154135,632,102612,1422,65571,2395,39964,3219,23608,3214,13488,2520,7066,1597,3225,678,1232,238,373,42,110,7,18,0,2,0,1,0,0,0
0,0,0,0,0,0,0,0,0,0,0,0,0,0,0,0,0,0,0,0,0,0,0,0,0,0,0,0,0,0,0,0,0,0,0,0,0,0,0,0,1,0,0,0,0,0,3,0,10,0,20,0,42,0,132,0,231,0,489,0,1040,0,2178,0,3994,0,7322,0,13182,0,22344,0,36554,57673,0,88154,0,130213,0,185130,0,253818,0,335297,0,425375,0,523065,0,617955,0,705346,0,772004,0,815617,0,829170,0,813370,0,762777,0,691843,0,599879,0,500112,399427,22,305198,91,223420,257,155341,623,103412,1373,66213,2422,40123,3154,23874,3292,13542,2527,7223,1569,3230,699,1239,235,377,49,107,9,18,1,0,0,1,0,0,0
0,0,0,0,0,0,0,0,0,0,0,0,0,0,0,0,0,0,0,0,0,0,0,0,0,0,0,0,0,0,0,0,0,0,0,0,0,0,0,0,0,0,1,0,2,0,1,0,6,0,26,0,41,0,115,0,227,0,504,0,1024,0,2036,0,4014,0,7253,0,12865,0,22200,0,35978,57303,0,87365,0,128949,0,183159,0,251935,0,333184,0,423421,0,520068,0,617076,0,703805,0,770395,0,814759,0,830206,0,814627,0,764975,0,693096,0,601426,0,503095,402178,16,306923,89,224913,248,156495,666,104040,1424,66557,2371,40664,3139,24287,3247,13621,2548,7198,1634,3233,721,1242,259,366,54,107,9,20,1,0,0,1,0,0,0
0,0,0,0,0,0,0,0,0,0,0,0,0,0,0,0,0,0,0,0,0,0,0,0,0,0,0,0,0,0,0,0,0,0,0,0,0,0,0,0,1,0,0,0,1,0,2,0,10,0,21,0,43,0,105,0,227,0,496,0,1011,0,2005,0,3920,0,7149,0,12638,0,21907,0,35466,56680,0,86502,0,127780,0,181811,0,250444,0,330007,0,421975,0,517744,0,615092,0,700346,0,771120,0,815395,0,830053,0,814740,0,767845,0,693968,0,604695,0,505044,404181,22,309185,82,225633,247,158004,686,105064,1353,66972,2386,41327,3113,24418,3248,13729,2608,7215,1612,3251,727,1259,264,382,57,112,8,19,0,1,0,0,0,0,0
0,0,0,0,0,0,0,0,0,0,0,0,0,0,0,0,0,0,0,0,0,0,0,0,0,0,0,0,0,0,0,0,0,0,0,0,0,0,0,0,0,0,1,0,1,0,2,0,8,0,19,0,40,0,107,0,236,0,490,0,1003,0,1912,0,3902,0,6998,0,12478,0,21486,0,35147,55990,0,85496,0,126760,0,180705,0,248123,0,328801,0,419163,0,515484,0,612339,0,698878,0,769816,0,815293,0,831136,0,815696,0,768371,0,697488,0,606022,0,507190,406780,22,311011,76,227496,255,158836,679,106625,1383,67303,2366,41470,3143,24505,3316,13918,2627,7225,1618,3333,744,1283,226,391,55,113,8,18,0,2,0,0,0,0,0
0,0,0,0,0,0,0,0,0,0,0,0,0,0,0,0,0,0,0,0,0,0,0,0,0,0,0,0,0,0,0,0,0,0,0,0,0,0,0,0,0,0,1,0,1,0,1,0,6,0,20,0,43,0,104,0,237,0,461,0,1015,0,1827,0,3879,0,6841,0,12369,0,20988,0,34937,55347,0,84427,0,125833,0,179203,0,246159,0,326302,0,416901,0,513768,0,610576,0,696884,0,768925,0,814876,0,831583,0,816924,0,770088,0,699614,0,608230,0,508825,409404,16,313132,80,228426,255,160551,662,107201,1356,67994,2280,41864,3130,24810,3222,13937,2721,7353,1569,3406,765,1246,237,396,59,111,3,26,0,1,0,0,0,0,0
0,0,0,0,0,0,0,0,0,0,0,0,0,0,0,0,0,0,0,0,0,0,0,0,0,0,0,0,0,0,0,0,0,0,0,0,0,0,0,0,0,0,0,0,2,0,1,0,5,0,19,0,48,0,84,0,230,0,473,0,967,0,1899,0,3707,0,6782,0,11992,0,20870,0,34534,54598,0,84073,0,124228,0,177237,0,245210,0,324093,0,414600,0,511956,0,607863,0,695327,0,767239,0,815329,0,831302,0,818092,0,772210,0,700940,0,610639,0,511892,411358,19,315076,81,229758,221,162199,648,107500,1365,68821,2355,41960,3117,25171,3229,14086,2684,7356,1610,3461,764,1292,229,390,66,117,6,27,0,1,0,0,0,0,0
0,0,0,0,0,0,0,0,0,0,0,0,0,0,0,0,0,0,0,0,0,0,0,0,0,0,0,0,0,0,0,0,0,0,0,0,0,0,0,0,0,0,0,0,1,0,1,0,4,0,21,0,42,0,90,0,209,0,472,0,941,0,1878,0,3581,0,6703,0,11966,0,20406,0,34069,54183,0,83033,0,123015,0,175888,0,243464,0,321688,0,413078,0,509154,0,606230,0,693883,0,765303,0,814327,0,832856,0,818739,0,773319,0,703474,0,613795,1,513183,413039,13,317608,79,232229,227,162462,634,108310,1340,69494,2254,42668,3054,25308,3238,14300,2681,7422,1663,3425,785,1348,232,371,64,127,10,25,0,1,0,0,0,0,0
0,0,0,0,0,0,0,0,0,0,0,0,0,0,0,0,0,0,0,0,0,0,0,0,0,0,0,0,0,0,0,0,0,0,0,0,0,0,0,0,0,0,0,0,2,0,0,0,3,0,13,0,47,0,91,0,199,0,456,0,938,0,1880,0,3519,0,6532,0,11774,0,20269,0,33523,53717,0,82093,0,121562,0,175291,0,240863,0,319560,0,411389,0,507627,0,603651,0,691879,0,765182,0,813135,0,831736,0,820016,0,775881,0,704881,0,616412,0,516032,415016,16,319851,79,233599,206,163427,608,109212,1296,70160,2259,42916,3076,25602,3300,14289,2707,7560,1627,3394,812,1403,249,375,58,123,12,21,0,2,0,0,0,0,0
0,0,0,0,0,0,0,0,0,0,0,0,0,0,0,0,0,0,0,0,0,0,0,0,0,0,0,0,0,0,0,0,0,0,0,0,0,0,0,0,0,0,1,0,1,0,1,0,3,0,16,0,38,0,87,0,219,0,424,0,948,0,1813,0,3441,0,6466,0,11686,0,20070,0,32760,53062,0,81536,0,120287,0,173344,0,239491,0,318591,0,407926,0,505694,0,601151,0,690525,0,763874,0,812946,0,832938,0,820643,0,777445,0,706841,0,618094,1,519228,417264,24,320676,70,235786,204,164549,572,109977,1340,70407,2282,43571,3088,25734,3295,14391,2751,7606,1697,3437,806,1429,259,393,52,120,15,21,0,1,0,0,0,0,0
0,0,0,0,0,0,0,0,0,0,0,0,0,0,0,0,0,0,0,0,0,0,0,0,0,0,0,0,0,0,0,0,0,0,0,0,0,0,0,0,0,0,1,0,1,0,1,0,6,0,16,0,30,0,83,0,205,0,446,0,901,0,1807,0,3423,0,6343,0,11550,0,19575,0,32749,52407,0,80417,0,119747,0,171703,0,237120,0,316408,0,406470,0,502398,0,599806,0,689013,0,762217,0,812922,0,833363,0,822467,0,777887,0,709339,0,621100,1,520515,420220,23,321584,64,237481,225,166041,589,110427,1356,71210,2279,43765,3089,25990,3207,14613,2719,7795,1708,3511,778,1417,264,408,58,113,11,24,0,2,0,0,0,0,0
0,0,0,0,0,0,0,0,0,0,0,0,0,0,0,0,0,0,0,0,0,0,0,0,0,0,0,0,0,0,0,0,0,0,0,0,0,0,0,0,0,0,0,0,2,0,1,0,3,0,15,0,36,0,85,0,203,0,413,0,866,0,1820,0,3338,0,6345,0,11194,0,19589,0,32187,51674,0,79578,0,118731,0,170520,0,234864,0,315202,0,403750,0,500502,0,598226,0,687057,0,760859,0,812068,0,832891,0,823656,0,780626,0,710927,0,623449,1,522953,421969,22,323792,56,238624,238,167574,592,111057,1377,71978,2275,43914,3174,26201,3226,14759,2723,7742,1743,3607,786,1433,290,417,64,107,10,24,1,2,0,0,0,0,0
0,0,0,0,0,0,0,0,0,0,0,0,0,0,0,0,0,0,0,0,0,0,0,0,0,0,0,0,0,0,0,0,0,0,0,0,0,0,0,0,0,0,0,0,1,0,1,0,4,0,15,0,41,0,76,0,194,0,429,0,843,0,1719,0,3301,0,6308,0,11119,0,19020,0,32115,51089,0,78548,0,117635,0,168790,0,234313,0,312873,0,401699,0,497174,0,596234,0,685889,0,759737,0,811374,0,834429,0,822753,0,783126,0,713092,0,625172,0,525647,423376,15,326546,60,239760,221,168456,575,112787,1355,71906,2163,44594,3136,26318,3349,14994,2694,7848,1724,3577,809,1456,293,418,68,110,13,25,0,2,0,0,0,0,0
0,0,0,0,0,0,0,0,0,0,0,0,0,0,0,0,0,0,0,0,0,0,0,0,0,0,0,0,0,0,0,0,0,0,0,0,0,0,0,0,0,0,0,0,0,0,4,0,5,0,10,0,42,0,62,0,191,0,397,0,890,0,1671,0,3262,0,6156,0,10951,0,18808,0,31654,50513,0,77847,0,116012,0,168158,0,231739,0,311473,0,399517,0,494981,0,593279,0,684598,0,758824,0,811332,0,833995,0,823518,0,784990,0,715977,0,626708,0,527685,426589,17,327583,56,241552,229,169427,573,113808,1279,72489,2148,45057,3116,26548,3299,15165,2720,7950,1731,3597,805,1477,282,452,62,111,10,23,1,3,0,0,0,0,0
0,0,0,0,0,0,0,0,0,0,0,0,0,0,0,0,0,0,0,0,0,0,0,0,0,0,0,0,0,0,0,0,0,0,0,0,0,0,0,0,0,0,0,0,0,0,5,0,2,0,9,0,34,0,77,0,176,0,418,0,833,0,1643,0,3154,0,6067,0,10826,0,18756,0,30977,49906,0,77592,0,114771,0,166378,0,230385,0,308896,0,397767,0,492301,0,591530,0,683244,0,757511,0,811260,0,833732,0,825741,0,784296,0,718779,0,628464,0,530676,428242,15,329932,70,242821,218,170862,578,114162,1321,73499,2224,45242,3110,26947,3269,15266,2738,8015,1729,3666,816,1495,283,465,63,113,12,26,1,2,0,0,0,0,0
0,0,0,0,0,0,0,0,0,0,0,0,0,0,0,0,0,0,0,0,0,0,0,0,0,0,0,0,0,0,0,0,0,0,0,0,0,0,0,0,0,0,0,0,2,0,3,0,3,0,9,0,41,0,73,0,166,0,371,0,853,0,1687,0,3118,0,5896,0,10680,0,18491,0,30611,49287,0,76580,0,114228,0,164729,0,228626,0,306931,0,394951,0,490959,0,590377,0,679295,0,757074,0,810570,0,833923,0,827433,0,785713,0,720451,0,631430,1,532307,430372,17,331751,56,244428,220,172038,559,115257,1302,74138,2255,45548,3060,27324,3234,15465,2692,8058,1697,3774,847,1468,294,466,56,118,12,27,1,4,0,1,0,0,0
0,0,0,0,0,0,0,0,0,0,0,0,0,0,0,0,0,0,0,0,0,0,0,0,0,0,0,0,0,0,0,0,0,0,0,0,0,0,0,0,0,0,0,0,3,0,2,0,3,0,13,0,35,0,71,0,155,0,392,0,806,0,1606,0,3158,0,5817,0,10632,0,18196,0,30067,48584,0,76005,0,113339,0,162846,0,226597,0,304885,0,393162,0,489592,0,588219,0,678080,0,754843,0,810388,0,834504,0,826711,0,788077,0,721622,0,634534,1,534345,432598,18,334043,59,245828,221,173317,552,116271,1291,74623,2233,45908,3011,27496,3388,15583,2725,8191,1711,3710,872,1468,297,476,63,122,9,27,1,5,0,1,0,0,0
0,0,0,0,0,0,0,0,0,0,0,0,0,0,0,0,0,0,0,0,0,0,0,0,0,0,0,0,0,0,0,0,0,0,0,0,0,0,0,0,0,0,0,0,2,0,3,0,5,0,12,0,36,0,69,0,153,0,372,0,767,0,1605,0,3055,0,5835,0,10468,0,17921,0,29880,47945,0,75230,0,112321,0,161577,0,224661,0,302242,0,392140,0,487562,0,585343,0,676837,0,753049,0,810411,0,834290,0,827022,0,789893,0,724007,0,636472,0,537152,434245,15,335699,63,248155,210,174040,564,117217,1265,75346,2215,46355,2990,27718,3372,15746,2754,8214,1717,3766,903,1519,266,483,75,112,11,28,1,6,0,1,0,0,0
0,0,0,0,0,0,0,0,0,0,0,0,0,0,0,0,0,0,0,0,0,0,0,0,0,0,0,0,0,0,0,0,0,0,0,0,0,0,0,0,0,0,0,0,0,0,5,0,4,0,17,0,27,0,77,0,160,0,363,0,746,0,1562,0,3014,0,5757,0,10304,0,17605,0,29638,47584,0,74227,0,110946,0,160602,0,223334,0,299977,0,389349,0,486157,0,582140,0,674802,0,753455,0,808771,0,834212,0,829133,0,790528,0,726163,0,638750,0,539502,436719,13,337599,55,249421,191,175482,540,117992,1304,76044,2202,46710,3021,27935,3303,16001,2755,8243,1758,3758,907,1523,293,489,68,118,13,33,1,4,0,2,0,0,0
0,0,0,0,0,0,0,0,0,0,0,0,0,0,0,0,0,0,0,0,0,0,0,0,0,0,0,0,0,0,0,0,0,0,0,0,0,0,0,0,0,0,0,0,1,0,3,0,8,0,12,0,25,0,87,0,153,0,358,0,745,0,1503,0,2896,0,5685,0,10144,0,17492,0,29147,47304,0,73403,0,110270,0,158845,0,221047,0,298904,0,387557,0,482877,0,581333,0,673074,0,751125,0,807961,0,834817,0,829529,0,792518,0,726899,0,642972,0,540693,438599,16,339534,59,251238,194,176986,566,119014,1266,76494,2170,47097,3001,28165,3340,16141,2797,8290,1740,3864,881,1544,289,490,68,122,14,33,1,6,0,2,0,0,0
0,0,0,0,0,0,0,0,0,0,0,0,0,0,0,0,0,0,0,0,0,0,0,0,0,0,0,0,0,0,0,0,0,0,0,0,0,0,0,0,0,0,0,0,1,0,2,0,6,0,12,0,23,0,74,0,166,0,330,0,755,0,1472,0,2936,0,5595,0,9929,0,17144,0,28850,46713,0,72859,0,108702,0,158080,0,219974,0,295963,0,385348,0,481475,0,579424,0,670002,0,750109,0,807864,0,834126,0,830271,0,794313,0,730139,0,643371,0,545006,439624,12,341499,56,252856,191,178085,550,120253,1250,76979,2187,47450,2964,28599,3364,16006,2884,8389,1749,3936,907,1547,295,505,63,120,15,30,0,7,0,2,0,0,0
0,0,0,0,0,0,0,0,0,0,0,0,0,0,0,0,0,0,0,0,0,0,0,0,0,0,0,0,0,0,0,0,0,0,0,0,0,0,0,0,0,0,0,0,1,0,1,0,5,0,13,0,22,0,63,0,156,0,346,0,726,0,1458,0,2821,0,5523,0,9797,0,16981,0,28559,45847,0,72027,0,107837,0,157158,0,218658,0,293999,0,382624,0,479131,0,577193,0,669046,0,748346,0,806138,0,834073,0,832210,0,795591,0,731979,0,645691,0,547231,442373,13,342874,57,254901,192,179444,554,120842,1273,77645,2197,47760,3076,28691,3330,16327,2880,8517,1698,3956,936,1583,277,505,69,124,19,34,0,8,0,2,0,0,0
0,0,0,0,0,0,0,0,0,0,0,0,0,0,0,0,0,0,0,0,0,0,0,0,0,0,0,0,0,0,0,0,0,0,0,0,0,0,0,0,0,0,1,0,1,0,1,0,5,0,13,0,24,0,50,0,162,0,345,0,674,0,1477,0,2845,0,5336,0,9558,0,16644,0,28018,45734,0,71206,0,107126,0,156061,0,216731,0,292264,0,380929,0,476151,0,575070,0,667474,0,748056,0,803788,0,835286,0,832682,0,796971,0,733024,0,649039,0,549039,444600,15,345210,46,255774,186,181201,575,121584,1167,78276,2116,48396,3070,28810,3259,16589,2825,8588,1754,4003,944,1552,290,526,73,135,18,29,0,10,0,2,0,0,0
0,0,0,0,0,0,0,0,0,0,0,0,0,0,0,0,0,0,0,0,0,0,0,0,0,0,0,0,0,0,0,0,0,0,0,0,0,0,0,0,0,0,1,0,0,0,2,0,4,0,14,0,22,0,53,0,157,0,339,0,663,0,1447,0,2771,0,5249,0,9458,0,16447,0,27838,44926,0,70883,0,105881,0,154266,0,215617,0,290342,0,378473,0,474382,0,573208,0,665521,0,745917,0,804203,0,834795,0,833085,0,799524,0,734120,0,650881,0,551229,447270,11,347402,47,257500,185,182172,545,122417,1212,78912,2220,48781,2931,29191,3259,16603,2882,8744,1771,3993,950,1577,299,554,64,139,20,29,0,8,0,2,0,0,0
0,0,0,0,0,0,0,0,0,0,0,0,0,0,0,0,0,0,0,0,0,0,0,0,0,0,0,0,0,0,0,0,0,0,0,0,0,0,0,0,0,0,1,0,0,0,0,0,8,0,7,0,28,0,61,0,141,0,329,0,680,0,1381,0,2779,0,5101,0,9317,0,16205,0,27503,44604,0,69871,0,105005,0,152706,0,214250,0,288485,0,376201,0,472108,0,570691,0,664720,0,742664,0,805653,0,834652,0,833417,0,800393,0,735871,0,653725,0,554251,448582,10,349592,49,259497,166,183282,522,123067,1197,79850,2217,49123,2894,29300,3339,16624,2916,8874,1762,4040,946,1615,323,556,66,134,20,25,1,11,0,0,0,0,0
0,0,0,0,0,0,0,0,0,0,0,0,0,0,0,0,0,0,0,0,0,0,0,0,0,0,0,0,0,0,0,0,0,0,0,0,0,0,0,0,0,0,1,0,0,0,0,0,5,0,12,0,25,0,66,0,129,0,304,0,678,0,1383,0,2753,0,4961,0,9154,0,16056,0,27262,44211,0,68953,0,103735,0,151458,0,213026,0,286969,0,373639,0,470014,0,567848,0,662322,0,743434,0,803864,0,834282,0,834012,0,801621,0,738635,0,655229,0,556709,451695,20,351425,53,260481,181,184689,525,124109,1189,80615,2170,49688,2895,29350,3275,16914,2886,8866,1755,4143,938,1672,309,539,78,143,17,30,0,7,0,1,0,0,0
0,0,0,0,0,0,0,0,0,0,0,0,0,0,0,0,0,0,0,0,0,0,0,0,0,0,0,0,0,0,0,0,0,0,0,0,0,0,0,0,0,0,1,0,0,0,0,0,5,0,11,0,22,0,71,0,128,0,280,0,676,0,1349,0,2690,0,5003,0,8876,0,15899,0,26826,43751,0,68269,0,102921,0,150464,0,210422,0,286024,0,371755,0,467388,0,566664,0,659949,0,741994,0,803068,0,833612,0,835826,0,801723,0,741476,0,656607,0,559093,453984,16,353284,56,262560,170,185963,505,124861,1223,81233,2109,50005,2896,29732,3264,17176,2816,8989,1800,4120,972,1698,320,534,74,149,13,36,0,6,0,1,0,0,0
0,0,0,0,0,0,0,0,0,0,0,0,0,0,0,0,0,0,0,0,0,0,0,0,0,0,0,0,0,0,0,0,0,0,0,0,0,0,0,0,0,0,1,0,0,0,1,0,4,0,11,0,23,0,53,0,149,0,267,0,645,0,1349,0,2629,0,4801,0,8835,0,15609,0,26516,43453,0,67483,0,102117,0,149048,0,209529,0,283471,0,369959,0,465935,0,563884,0,658654,0,740776,0,800702,0,834913,0,835218,0,803815,0,743123,0,659147,1,561152,455831,15,355523,48,264241,176,186762,528,126104,1203,81873,2081,50453,2938,29966,3335,17217,2819,9137,1846,4182,971,1715,351,534,69,164,12,32,1,6,1,1,0,0,0
0,0,0,0,0,0,0,0,0,0,0,0,0,0,0,0,0,0,0,0,0,0,0,0,0,0,0,0,0,0,0,0,0,0,0,0,0,0,0,0,0,0,1,0,0,0,1,0,6,0,11,0,22,0,64,0,136,0,281,0,628,0,1320,0,2578,0,4757,0,8671,0,15418,0,26268,42706,0,66920,0,101018,0,147547,0,208564,0,281382,0,367748,0,463240,0,561674,0,657837,0,739276,0,799247,0,834820,0,836815,0,804732,0,745473,0,660958,0,563182,458529,14,357522,53,265602,190,188313,472,127204,1174,82114,2113,51010,2937,30122,3438,17274,2866,9184,1863,4207,939,1786,346,546,70,166,16,27,1,7,1,1,0,0,0
0,0,0,0,0,0,0,0,0,0,0,0,0,0,0,0,0,0,0,0,0,0,0,0,0,0,0,0,0,0,0,0,0,0,0,0,0,0,0,0,1,0,0,0,0,0,1,0,5,0,14,0,23,0,55,0,134,0,272,0,634,0,1283,0,2518,0,4686,0,8579,0,15175,0,25857,42263,0,66334,0,100314,0,146269,0,206524,0,279676,0,365626,0,461499,0,559847,0,655411,0,736695,0,800149,0,834690,0,836888,0,806215,0,747056,0,663584,0,564896,460776,12,360041,51,267110,179,189536,483,128182,1124,82874,2157,51147,2908,30634,3384,17487,2821,9208,1898,4291,915,1797,358,579,63,166,16,29,0,7,1,1,0,0,0
0,0,0,0,0,0,0,0,0,0,0,0,0,0,0,0,0,0,0,0,0,0,0,0,0,0,0,0,0,0,0,0,0,0,0,0,0,0,0,0,0,0,1,0,0,0,0,0,6,0,9,0,34,0,54,0,125,0,282,0,603,0,1282,0,2476,0,4513,0,8679,0,14795,0,25548,41848,0,65319,0,99818,0,145049,0,204284,0,277900,0,363874,0,459189,0,558003,0,653936,0,736392,0,797722,0,833833,0,837873,0,808817,0,747643,0,666341,0,566945,463305,17,362292,47,268481,185,190676,478,129215,1100,83888,2115,51346,2858,30823,3391,17539,2847,9426,1897,4347,911,1792,347,602,71,164,17,28,0,10,0,0,0,0,0
0,0,0,0,0,0,0,0,0,0,0,0,0,0,0,0,0,0,0,0,0,0,0,0,0,0,0,0,0,0,0,0,0,0,0,0,0,0,0,0,0,0,0,0,1,0,0,0,5,0,14,0,33,0,43,0,149,0,284,0,584,0,1303,0,2341,0,4483,0,8458,0,14702,0,25137,41471,0,64715,0,98624,0,144110,0,203225,0,276465,0,361108,0,457005,0,555318,0,652138,0,733776,0,797998,0,833588,0,838265,0,810337,0,750125,0,668199,0,568733,465870,17,364237,46,270544,187,191481,503,130716,1096,84487,2090,51629,2901,31133,3388,17761,2844,9466,1950,4322,945,1799,350,593,89,169,15,33,0,10,0,0,0,0,0
0,0,0,0,0,0,0,0,0,0,0,0,0,0,0,0,0,0,0,0,0,0,0,0,0,0,0,0,0,0,0,0,0,0,0,0,0,0,0,0,0,0,0,0,1,0,0,0,5,0,11,0,31,0,45,0,131,0,275,0,643,0,1184,0,2392,0,4454,0,8347,0,14588,0,24666,40789,0,64391,0,97408,0,142977,0,201506,0,274694,0,359199,0,455369,0,553083,0,649694,0,731954,0,797525,0,833820,0,838290,0,811170,0,753321,0,668995,0,571098,468869,12,365684,47,272780,178,193063,511,131304,1111,85222,2044,52279,2912,31254,3353,18050,2901,9449,1976,4305,972,1819,347,597,89,165,13,35,0,11,0,0,0,0,0
0,0,0,0,0,0,0,0,0,0,0,0,0,0,0,0,0,0,0,0,0,0,0,0,0,0,0,0,0,0,0,0,0,0,0,0,0,0,0,0,0,0,0,0,1,0,2,0,4,0,15,0,22,0,53,0,125,0,267,0,591,0,1176,0,2399,0,4348,0,8219,0,14399,0,24314,40307,0,63739,0,96800,0,141433,0,200101,0,272693,0,357475,0,453358,0,550440,0,647706,0,731017,0,796745,0,833391,0,838521,0,812939,0,753736,0,672241,0,573863,470403,11,367830,49,274249,167,194940,485,132422,1100,85574,1993,52814,2915,31829,3276,18080,2896,9412,1981,4454,969,1839,367,603,85,168,16,29,0,11,0,1,0,0,0
0,0,0,0,0,0,0,0,0,0,0,0,0,0,0,0,0,0,0,0,0,0,0,0,0,0,0,0,0,0,0,0,0,0,0,0,0,0,0,0,0,0,0,0,1,0,3,0,4,0,13,0,20,0,53,0,107,0,283,0,587,0,1164,0,2312,0,4397,0,7935,0,14175,0,23962,39933,0,63353,0,95344,0,140443,0,198438,0,270693,0,355116,0,451785,0,549037,0,645069,0,731517,0,793886,0,833583,0,839189,0,813111,0,756368,0,675087,0,575736,472657,9,369410,48,275980,177,196560,472,133459,1143,85975,2009,53339,2956,31925,3269,18270,2926,9477,1987,4551,945,1887,340,626,84,170,15,25,0,12,0,1,0,0,0
0,0,0,0,0,0,0,0,0,0,0,0,0,0,0,0,0,0,0,0,0,0,0,0,0,0,0,0,0,0,0,0,0,0,0,0,0,0,0,0,0,0,0,0,1,0,2,0,6,0,11,0,16,0,46,0,104,0,306,0,563,0,1163,0,2238,0,4253,0,8018,0,13890,0,23880,39651,0,62153,0,94780,0,138974,0,197014,0,268678,0,353948,0,448517,0,547553,0,643429,0,729189,0,793783,0,832353,0,840260,0,813791,0,759016,0,676391,0,578787,474974,10,370951,54,278489,152,197452,456,134420,1141,86638,2006,53882,2941,32125,3176,18560,2914,9567,1961,4579,997,1868,360,660,87,167,11,33,1,11,0,1,0,0,0
0,0,0,0,0,0,0,0,0,0,0,0,0,0,0,0,0,0,0,0,0,0,0,0,0,0,0,0,0,0,0,0,0,0,0,0,0,0,0,0,0,0,1,0,0,0,4,0,2,0,12,0,21,0,41,0,117,0,256,0,581,0,1118,0,2246,0,4237,0,7743,0,13696,0,23846,38615,0,61931,0,93753,0,138061,0,195318,0,267356,0,351975,0,445758,0,545576,0,641887,0,726882,0,793365,0,832319,0,841421,0,814638,0,760166,0,678664,1,581592,476286,10,373783,51,279389,163,198912,458,135394,1112,87899,1960,54199,2907,32429,3253,18489,2974,9758,1886,4648,1037,1866,391,635,94,167,12,34,1,11,0,1,0,0,0
0,0,0,0,0,0,0,0,0,0,0,0,0,0,0,0,0,0,0,0,0,0,0,0,0,0,0,0,0,0,0,0,0,0,0,0,0,0,0,0,0,0,0,0,1,0,1,0,6,0,7,0,24,0,44,0,115,0,248,0,538,0,1183,0,2155,0,4177,0,7612,0,13630,0,23345,38408,0,60964,0,93163,0,136551,0,193807,0,266247,0,349591,0,443627,0,544008,0,639392,0,725313,0,793545,0,832059,0,840981,0,816854,0,761350,0,680022,0,584377,478441,13,375841,59,280666,171,200582,485,136428,1099,88206,2005,54929,2844,32522,3251,18802,2975,9879,1949,4614,1028,1951,378,636,85,160,17,36,1,9,0,1,0,0,0
0,0,0,0,0,0,0,0,0,0,0,0,0,0,0,0,0,0,0,0,0,0,0,0,0,0,0,0,0,0,0,0,0,0,0,0,0,0,0,0,0,0,0,0,1,0,1,0,3,0,11,0,22,0,50,0,111,0,241,0,530,0,1088,0,2177,0,4143,0,7527,0,13455,0,23047,37877,0,60638,0,91880,0,135334,0,192578,0,264430,0,347804,0,440912,0,542854,0,637000,0,724280,0,791854,0,831327,0,841547,0,819667,0,761573,0,683359,1,585846,480620,12,378039,48,282205,179,202129,468,137302,1107,88831,2046,55392,2878,32910,3287,18941,2950,9989,1947,4689,999,1938,365,653,93,157,14,43,1,8,0,0,0,0,0
0,0,0,0,0,0,0,0,0,0,0,0,0,0,0,0,0,0,0,0,0,0,0,0,0,0,0,0,0,0,0,0,0,0,0,0,0,0,0,0,0,0,0,0,0,0,3,0,1,0,15,0,23,0,43,0,107,0,219,0,556,0,1062,0,2142,0,4026,0,7516,0,13274,0,22647,37742,0,59816,0,90887,0,134118,0,191481,0,262809,0,345051,0,439066,0,539958,0,636368,0,722438,0,790855,0,831213,0,841670,0,820331,0,764862,0,684431,0,587895,483760,10,379139,54,284460,149,203035,456,138535,1112,89828,2038,55799,2771,33323,3244,18935,2975,10105,1996,4787,1010,1953,353,633,85,175,16,38,0,9,0,0,0,0,0
0,0,0,0,0,0,0,0,0,0,0,0,0,0,0,0,0,0,0,0,0,0,0,0,0,0,0,0,0,0,0,0,0,0,0,0,0,0,0,0,0,0,0,0,0,0,2,0,4,0,11,0,17,0,41,0,119,0,239,0,487,0,1081,0,2038,0,3971,0,7472,0,13189,0,22200,37423,0,59089,0,89741,0,133583,0,190478,0,260715,0,343209,0,436913,0,537206,0,634513,0,720965,0,789772,0,831333,0,842136,0,820141,0,767685,0,687322,1,589522,485647,11,381299,51,286121,162,204170,449,139973,1082,90602,2007,56053,2868,33530,3319,19132,2905,10233,1949,4908,994,1967,382,655,76,185,11,39,1,9,0,0,0,0,0
0,0,0,0,0,0,0,0,0,0,0,0,0,0,0,0,0,0,0,0,0,0,0,0,0,0,0,0,0,0,0,0,0,0,0,0,0,0,0,0,0,0,0,0,0,0,0,0,4,0,9,0,27,0,39,0,93,0,242,0,493,0,1018,0,2104,0,3861,0,7358,0,12923,0,22183,36552,0,58666,0,89497,0,132162,0,188978,0,258681,0,341232,0,435479,0,534831,0,632669,0,719083,0,789218,0,829449,0,842930,0,822078,0,768996,0,688755,2,593044,487956,14,383320,43,287113,163,206098,467,140928,1067,91421,1971,56359,2887,33870,3320,19264,2916,10295,1941,5009,983,1965,382,673,82,179,12,44,2,8,0,0,0,0,0
0,0,0,0,0,0,0,0,0,0,0,0,0,0,0,0,0,0,0,0,0,0,0,0,0,0,0,0,0,0,0,0,0,0,0,0,0,0,0,0,0,0,0,0,0,0,0,0,3,0,11,0,19,0,45,0,108,0,218,0,476,0,1038,0,2002,0,3875,0,7195,0,12807,0,21910,36370,0,57910,0,88540,0,131443,0,186922,0,256722,0,339980,0,432907,0,533203,0,630004,0,718370,0,787300,0,830267,0,842354,0,824135,0,770206,0,690889,0,595080,490535,11,385089,53,289315,151,207046,456,141906,1028,92074,1939,56905,2965,34130,3363,19367,2975,10410,1984,4977,991,2046,394,657,90,177,17,40,2,6,0,0,0,0,0
0,0,0,0,0,0,0,0,0,0,0,0,0,0,0,0,0,0,0,0,0,0,0,0,0,0,0,0,0,0,0,0,0,0,0,0,0,0,0,0,0,0,0,0,0,0,1,0,3,0,8,0,23,0,33,0,103,0,215,0,479,0,1014,0,1926,0,3973,0,6989,0,12537,0,21932,35795,0,57326,0,87807,0,129949,0,185335,0,255056,0,338525,0,431331,0,529976,0,627825,0,716972,0,786077,0,830460,0,843385,0,824615,0,771370,0,693351,1,598143,492411,8,386929,40,290858,171,208219,466,143485,1040,92727,1954,57292,2920,34703,3377,19325,3027,10481,1994,4970,1003,2061,387,681,107,173,18,37,1,8,0,0,0,0,0
0,0,0,0,0,0,0,0,0,0,0,0,0,0,0,0,0,0,0,0,0,0,0,0,0,0,0,0,0,0,0,0,0,0,0,0,0,0,0,0,0,0,0,0,0,0,2,0,1,0,10,0,17,0,36,0,106,0,214,0,458,0,990,0,1987,0,3759,0,7001,0,12485,0,21492,35358,0,56956,0,86915,0,128586,0,183822,0,253315,0,337040,0,428053,0,528977,0,624921,0,715702,0,785774,0,830032,0,843774,0,826020,0,773046,0,695768,1,599275,494775,12,388886,50,292668,167,210231,464,144136,1062,93461,1973,57937,2847,34915,3260,19695,2996,10416,2013,5061,1043,2005,398,689,114,178,21,34,1,7,0,0,0,0,0
0,0,0,0,0,0,0,0,0,0,0,0,0,0,0,0,0,0,0,0,0,0,0,0,0,0,0,0,0,0,0,0,0,0,0,0,0,0,0,0,0,0,0,0,0,0,1,0,3,0,9,0,16,0,37,0,91,0,214,0,453,0,931,0,1963,0,3738,0,6866,0,12378,0,21214,35237,0,55914,0,86188,0,127543,0,182274,0,251920,0,334550,0,426870,0,526032,0,622730,0,713524,0,786190,0,829347,0,844588,0,827232,0,774554,0,697479,1,601878,496481,8,391048,49,294723,156,211322,445,145191,1051,93855,1947,58841,2933,35114,3199,19856,3001,10536,2051,5114,1000,2065,368,727,115,181,23,34,1,7,0,1,0,0,0
0,0,0,0,0,0,0,0,0,0,0,0,0,0,0,0,0,0,0,0,0,0,0,0,0,0,0,0,0,0,0,0,0,0,0,0,0,0,0,0,0,0,0,0,0,0,1,0,2,0,8,0,15,0,42,0,86,0,201,0,443,0,877,0,1927,0,3751,0,6796,0,12154,0,20996,34870,0,55471,0,84971,0,126374,0,180914,0,250500,0,332152,0,425058,0,522700,0,622403,0,711291,0,785347,0,829180,0,846013,0,826607,0,777055,0,699287,0,603696,499349,6,393141,56,296229,161,213124,406,145822,1005,94848,1937,59168,2845,35236,3268,20219,3023,10628,2060,5128,1035,2059,372,728,113,192,20,33,2,5,0,2,0,0,0
0,0,0,0,0,0,0,0,0,0,0,0,0,0,0,0,0,0,0,0,0,0,0,0,0,0,0,0,0,0,0,0,0,0,0,0,0,0,0,0,0,0,0,0,0,0,1,0,0,0,8,0,16,0,35,0,90,0,208,0,395,0,914,0,1934,0,3641,0,6631,0,12073,0,20676,34607,0,54734,0,84306,0,125809,0,178870,0,248609,0,330801,0,422864,0,520346,0,620420,0,709859,0,783135,0,829959,0,846122,0,826728,0,779754,0,701651,1,606120,500158,8,396012,53,298211,158,214457,421,146917,1040,95311,1989,59701,2930,35293,3308,20622,2927,10709,2026,5181,1066,2097,380,741,117,196,14,38,3,5,0,2,0,0,0
0,0,0,0,0,0,0,0,0,0,0,0,0,0,0,0,0,0,0,0,0,0,0,0,0,0,0,0,0,0,0,0,0,0,0,0,0,0,0,0,0,0,0,0,0,0,0,0,1,0,9,0,16,0,29,0,92,0,193,0,402,0,904,0,1862,0,3690,0,6517,0,11811,0,20478,34169,0,54347,0,83556,0,124360,0,178101,0,247020,0,327959,0,421011,0,518803,0,617549,0,709297,0,781857,0,829887,0,845469,0,829850,0,780035,0,703259,1,608205,502294,8,398131,43,300207,158,216302,426,147441,981,96304,1904,60081,2832,35713,3344,20769,2971,10787,2076,5170,1138,2050,395,776,111,196,12,41,1,5,0,2,0,0,0
0,0,0,0,0,0,0,0,0,0,0,0,0,0,0,0,0,0,0,0,0,0,0,0,0,0,0,0,0,0,0,0,0,0,0,0,0,0,0,0,0,0,0,0,0,0,0,0,2,0,5,0,20,0,34,0,77,0,189,0,403,0,893,0,1858,0,3572,0,6542,0,11655,0,20373,33618,0,53393,0,82661,0,123704,0,177262,0,244674,0,326210,0,418064,0,517694,0,615235,0,707704,0,780834,0,828912,0,846352,0,831234,0,780734,0,705972,0,610340,504114,7,400983,39,301607,154,217713,432,148686,991,97047,1888,60435,2836,36091,3377,20752,3045,10929,2103,5225,1099,2099,395,764,117,196,17,38,2,6,0,1,0,0,0
0,0,0,0,0,0,0,0,0,0,0,0,0,0,0,0,0,0,0,0,0,0,0,0,0,0,0,0,0,0,0,0,0,0,0,0,0,0,0,0,0,0,0,0,0,0,1,0,2,0,7,0,16,0,36,0,74,0,199,0,379,0,915,0,1784,0,3586,0,6382,0,11441,0,20207,33078,0,53037,0,81843,0,122344,0,176110,0,243304,0,324056,0,415573,0,514272,0,614887,0,706961,0,780178,0,827274,0,846474,0,832332,0,783846,0,705789,0,614042,506723,7,402214,33,303152,159,219163,419,149643,1006,97701,1871,61029,2832,36502,3327,20929,3067,11005,2062,5368,1069,2155,392,760,125,201,16,41,2,5,0,1,0,0,0
0,0,0,0,0,0,0,0,0,0,0,0,0,0,0,0,0,0,0,0,0,0,0,0,0,0,0,0,0,0,0,0,0,0,0,0,0,0,0,0,0,0,0,0,0,0,1,0,2,0,8,0,17,0,27,0,79,0,187,0,377,0,878,0,1817,0,3492,0,6289,0,11375,0,19842,32767,0,52483,0,81286,0,120939,0,175027,0,241470,0,322028,0,414115,0,511661,0,612763,0,704437,0,779428,0,827990,0,846506,0,833073,0,785127,0,708232,0,615963,509763,8,403878,38,304278,148,220646,395,151074,986,98538,1874,61545,2816,36793,3392,21055,2973,11115,2154,5417,1088,2202,378,772,117,216,15,39,2,6,0,1,0,0,0
0,0,0,0,0,0,0,0,0,0,0,0,0,0,0,0,0,0,0,0,0,0,0,0,0,0,0,0,0,0,0,0,0,0,0,0,0,0,0,0,0,0,0,0,0,0,1,0,0,0,6,0,14,0,42,0,72,0,185,0,390,0,878,0,1834,0,3308,0,6248,0,11185,0,19714,32290,0,51689,0,80697,0,120069,0,173154,0,240560,0,319497,0,411913,0,510667,0,610301,0,703276,0,777432,0,827264,0,846989,0,832912,0,788512,0,709673,0,617627,512502,12,406089,44,306579,135,221891,410,151696,970,99588,1865,61960,2811,37224,3292,21182,2987,11289,2176,5405,1106,2224,390,769,125,215,15,47,3,6,0,2,0,0,0
0,0,0,0,0,0,0,0,0,0,0,0,0,0,0,0,0,0,0,0,0,0,0,0,0,0,0,0,0,0,0,0,0,0,0,0,0,0,0,0,0,0,0,0,0,0,1,0,2,0,3,0,15,0,36,0,80,0,184,0,399,0,855,0,1734,0,3384,0,6090,0,11136,0,19158,31963,0,51327,0,80231,0,118898,0,171879,0,238032,0,318059,0,410080,0,508174,0,609413,0,700970,0,776593,0,825906,0,847989,0,833633,0,788356,0,713682,0,619918,514142,11,408354,49,308489,125,223112,415,153128,940,99959,1835,62389,2829,37781,3312,21444,2958,11351,2169,5527,1111,2219,384,791,107,226,16,42,1,10,0,2,0,0,0
0,0,0,0,0,0,0,0,0,0,0,0,0,0,0,0,0,0,0,0,0,0,0,0,0,0,0,0,0,0,0,0,0,0,0,0,0,0,0,0,0,0,0,0,0,0,0,0,1,0,4,0,14,0,34,0,82,0,179,0,385,0,846,0,1657,0,3348,0,6005,0,10976,0,18955,31448,0,50943,0,79073,0,118530,0,170505,0,236762,0,315126,0,408036,0,507922,0,605586,0,699685,0,774724,0,826669,0,847906,0,834527,0,790442,0,715373,0,621557,516299,8,410001,38,311487,116,224448,411,153873,924,100796,1805,62888,2826,38042,3418,21557,3045,11397,2226,5469,1157,2288,408,755,115,237,15,41,3,13,0,2,0,0,0
0,0,0,0,0,0,0,0,0,0,0,0,0,0,0,0,0,0,0,0,0,0,0,0,0,0,0,0,0,0,0,0,0,0,0,0,0,0,0,0,0,0,0,0,0,0,0,0,1,0,2,0,12,0,40,0,87,0,165,0,385,0,824,0,1618,0,3268,0,5938,0,10869,0,18688,30996,0,50522,0,78334,0,117597,0,168980,0,234863,0,313874,0,405481,0,506250,0,603576,0,698234,0,773829,0,826381,0,847112,0,837160,0,790094,0,717252,0,623957,519327,11,412039,34,312998,121,225562,387,155061,948,101437,1808,63370,2843,38435,3390,21906,3076,11389,2249,5621,1070,2313,433,752,120,240,19,44,5,9,0,1,0,1,0
0,0,0,0,0,0,0,0,0,0,0,0,0,0,0,0,0,0,0,0,0,0,0,0,0,0,0,0,0,0,0,0,0,0,0,0,0,0,0,0,0,0,0,0,0,0,0,0,1,0,2,0,8,0,43,0,77,0,158,0,404,0,807,0,1654,0,3148,0,5915,0,10684,0,18363,30649,0,49948,0,78042,0,116301,0,167873,0,232654,0,311885,0,403942,0,502951,0,603706,0,696267,0,772032,0,825299,0,848650,0,836658,0,792712,0,719280,0,625996,520973,8,414297,36,314735,133,227000,407,156164,943,102273,1751,63930,2855,38651,3320,22186,3089,11556,2202,5781,1090,2287,433,777,126,207,27,46,3,11,0,0,0,2,0
0,0,0,0,0,0,0,0,0,0,0,0,0,0,0,0,0,0,0,0,0,0,0,0,0,0,0,0,0,0,0,0,0,0,0,0,0,0,0,0,0,0,0,0,0,0,0,0,1,0,2,0,13,0,38,0,73,0,172,0,369,0,798,0,1606,0,3169,0,5762,0,10455,0,18192,30516,0,49237,0,77126,0,115248,0,166910,0,230573,0,310268,0,402227,0,501231,0,601044,0,695376,0,770134,0,825520,0,847141,0,837968,0,794257,0,721507,0,627668,523408,10,417380,37,316153,120,228448,406,157252,912,103062,1739,64372,2821,39146,3306,22375,3060,11831,2184,5713,1123,2315,420,792,115,218,28,45,2,12,0,2,0,0,0
0,0,0,0,0,0,0,0,0,0,0,0,0,0,0,0,0,0,0,0,0,0,0,0,0,0,0,0,0,0,0,0,0,0,0,0,0,0,0,0,0,0,0,0,0,0,0,0,0,0,5,0,12,0,34,0,72,0,145,0,403,0,781,0,1623,0,2998,0,5702,0,10294,0,18043,29970,0,49112,0,76304,0,113910,0,165064,0,229760,0,308432,0,399589,0,499695,0,599122,0,692635,0,769866,0,825290,0,847615,0,838037,0,796496,0,722549,0,630594,525295,13,419819,39,317808,119,229605,381,158762,924,103914,1815,64704,2842,39155,3323,22550,3096,12034,2203,5787,1092,2328,440,765,121,240,22,46,3,10,0,1,0,0,0
0,0,0,0,0,0,0,0,0,0,0,0,0,0,0,0,0,0,0,0,0,0,0,0,0,0,0,0,0,0,0,0,0,0,0,0,0,0,0,0,0,0,0,0,0,0,0,0,0,0,3,0,17,0,27,0,69,0,157,0,368,0,769,0,1560,0,3083,0,5508,0,10218,0,17683,29723,0,48551,0,75614,0,113060,0,163675,0,228232,0,306294,0,398059,0,497242,0,597373,0,691254,0,768993,0,823582,0,848255,0,839334,0,797831,0,724205,0,633151,527737,12,421189,36,319622,121,231051,361,159834,930,104716,1817,65117,2858,39744,3247,22637,3075,12341,2165,5782,1135,2327,428,811,118,224,18,52,1,11,0,1,0,0,0
0,0,0,0,0,0,0,0,0,0,0,0,0,0,0,0,0,0,0,0,0,0,0,0,0,0,0,0,0,0,0,0,0,0,0,0,0,0,0,0,0,0,0,0,0,0,0,0,0,0,2,0,16,0,28,0,73,0,149,0,345,0,743,0,1540,0,3016,0,5527,0,9896,0,17706,29448,0,47988,0,74596,0,112489,0,162132,0,226591,0,305155,0,395812,0,494759,0,595374,0,689771,0,767536,0,823304,0,847558,0,840878,0,799006,0,726475,0,634589,530734,9,423620,40,321091,105,232334,359,161161,908,105100,1835,66058,2823,39997,3247,22923,3051,12327,2180,5823,1154,2375,442,791,120,212,22,53,2,9,0,1,0,0,0
0,0,0,0,0,0,0,0,0,0,0,0,0,0,0,0,0,0,0,0,0,0,0,0,0,0,0,0,0,0,0,0,0,0,0,0,0,0,0,0,0,0,0,0,0,0,0,0,0,0,4,0,12,0,37,0,64,0,153,0,334,0,725,0,1504,0,2926,0,5482,0,9952,0,17062,29477,0,47489,0,74053,0,111273,0,160562,0,225339,0,303292,0,393617,0,492450,0,593562,0,687893,0,767073,0,822958,0,847658,0,840901,0,800960,0,728895,0,637001,532028,5,425570,43,323427,120,233755,365,161710,903,106133,1808,66617,2863,40339,3334,22801,3077,12523,2205,5790,1170,2434,436,847,111,201,25,47,4,8,0,1,0,0,0
0,0,0,0,0,0,0,0,0,0,0,0,0,0,0,0,0,0,0,0,0,0,0,0,0,0,0,0,0,0,0,0,0,0,0,0,0,0,0,0,0,0,0,0,0,0,0,0,1,0,5,0,13,0,30,0,66,0,140,0,324,0,705,0,1525,0,2827,0,5441,0,9789,0,16974,28944,0,47101,0,73225,0,109912,0,159770,0,223235,0,301495,0,392438,0,490313,0,591760,0,685226,0,765834,0,823366,0,848863,0,839961,0,802214,0,731779,0,638906,534779,4,427109,31,324628,118,235344,361,163074,895,107175,1775,67062,2803,40731,3272,23094,3020,12494,2238,5887,1222,2436,446,831,118,201,22,43,4,8,0,1,0,0,0
0,0,0,0,0,0,0,0,0,0,0,0,0,0,0,0,0,0,0,0,0,0,0,0,0,0,0,0,0,0,0,0,0,0,0,0,0,0,0,0,0,0,0,0,0,0,0,0,2,0,4,0,11,0,28,0,70,0,143,0,319,0,687,0,1396,0,2887,0,5273,0,9777,0,16823,28683,0,46380,0,72539,0,109170,0,158478,0,222371,0,299216,0,390099,0,488577,0,589336,0,684120,0,764721,0,821491,0,850443,0,840643,0,802655,0,733882,0,642090,536000,12,429298,29,326229,121,237239,358,163889,900,108142,1789,67622,2774,40713,3314,23482,3007,12482,2271,6025,1205,2516,426,857,117,194,19,50,4,9,0,1,0,0,0
0,0,0,0,0,0,0,0,0,0,0,0,0,0,0,0,0,0,0,0,0,0,0,0,0,0,0,0,0,0,0,0,0,0,0,0,0,0,0,0,0,0,0,0,0,0,0,0,3,0,4,0,11,0,31,0,72,0,140,0,295,0,681,0,1427,0,2751,0,5287,0,9618,0,16654,27994,0,46157,0,72005,0,108093,0,157620,0,220012,0,298143,0,387433,0,486098,0,588358,0,681688,0,762142,0,822583,0,851000,0,842343,0,802511,0,736370,0,643513,538406,9,430654,37,328815,109,238930,336,165109,907,109037,1779,68155,2780,40853,3332,23677,2970,12699,2295,6015,1258,2509,423,845,130,214,24,52,3,7,0,2,0,0,0
0,0,0,0,0,0,0,0,0,0,0,0,0,0,0,0,0,0,0,0,0,0,0,0,0,0,0,0,0,0,0,0,0,0,0,0,0,0,0,0,0,0,0,0,0,0,1,0,2,0,5,0,11,0,23,0,72,0,140,0,285,0,651,0,1474,0,2664,0,5229,0,9478,0,16416,27925,0,45418,0,71004,0,107809,0,155991,0,219119,0,294774,0,386127,0,484120,0,586561,0,679978,0,761165,0,822489,0,849583,0,844083,0,803948,0,737526,0,645856,540977,12,432652,30,330929,108,240315,348,166000,885,110001,1727,68842,2738,40994,3295,23851,3040,12779,2319,6102,1229,2595,444,827,127,232,25,47,2,6,0,3,0,0,0
0,0,0,0,0,0,0,0,0,0,0,0,0,0,0,0,0,0,0,0,0,0,0,0,0,0,0,0,0,0,0,0,0,0,0,0,0,0,0,0,0,0,0,0,0,0,1,0,0,0,6,0,16,0,19,0,74,0,139,0,276,0,636,0,1411,0,2769,0,5109,0,9210,0,16269,27589,0,44762,0,70857,0,106861,0,154996,0,216527,0,294533,0,383678,0,481268,0,583669,0,678944,0,760458,0,821542,0,850031,0,844467,0,805631,0,739092,0,647460,543459,13,434985,34,332889,110,241929,330,167332,918,110421,1762,69480,2705,41637,3328,23746,3107,12860,2302,6152,1240,2613,461,855,117,248,20,44,2,5,0,4,0,0,0
0,0,0,0,0,0,0,0,0,0,0,0,0,0,0,0,0,0,0,0,0,0,0,0,0,0,0,0,0,0,0,0,0,0,0,0,0,0,0,0,0,0,0,0,0,0,1,0,1,0,6,0,11,0,24,0,73,0,121,0,289,0,639,0,1391,0,2732,0,5062,0,9125,0,16145,27236,0,44120,0,69957,0,106258,0,153212,0,215885,0,292051,0,381234,0,479817,0,581772,0,676792,0,760368,0,819583,0,850855,0,844917,0,807668,0,740946,0,648894,545217,9,437028,28,335877,120,243053,345,168454,885,111126,1720,70061,2728,41940,3372,24006,3104,12956,2360,6184,1221,2663,440,887,114,240,25,48,3,6,0,3,0,0,0
0,0,0,0,0,0,0,0,0,0,0,0,0,0,0,0,0,0,0,0,0,0,0,0,0,0,0,0,0,0,0,0,0,0,0,0,0,0,0,0,0,0,0,0,1,0,0,0,2,0,4,0,10,0,20,0,62,0,126,0,277,0,657,0,1363,0,2640,0,5001,0,9022,0,15994,26837,0,43733,0,69325,0,104522,0,152537,0,213602,0,291023,0,379344,0,478280,0,579445,0,675727,0,757407,0,820634,0,850299,0,845045,0,810046,0,742641,0,650490,547211,9,439893,31,337395,122,244565,327,169833,876,111545,1785,70559,2744,42296,3357,24236,3071,13124,2325,6304,1186,2651,492,920,113,242,20,45,4,9,0,2,0,0,0
0,0,0,0,0,0,0,0,0,0,0,0,0,0,0,0,0,0,0,0,0,0,0,0,0,0,0,0,0,0,0,0,0,0,0,0,0,0,0,0,0,0,0,0,1,0,0,0,2,0,1,0,16,0,17,0,61,0,145,0,265,0,628,0,1334,0,2603,0,4881,0,9064,0,15699,26733,0,43289,0,68176,0,103931,0,151110,0,212260,0,288499,0,378161,0,475793,0,578412,0,673409,0,756323,0,819684,0,849467,0,846334,0,812530,0,743358,0,653571,548890,5,441859,27,338904,108,246996,340,170726,851,112193,1699,71108,2783,42586,3309,24541,3122,13140,2294,6406,1200,2690,526,897,116,244,21,57,3,10,0,0,0,0,0
0,0,0,0,0,0,0,0,0,0,0,0,0,0,0,0,0,0,0,0,0,0,0,0,0,0,0,0,0,0,0,0,0,0,0,0,0,0,0,0,0,0,0,0,1,0,0,0,2,0,1,0,11,0,21,0,57,0,120,0,303,0,573,0,1310,0,2570,0,4949,0,8864,0,15560,26439,0,42771,0,67499,0,103077,0,150132,0,210471,0,286936,0,376315,0,473544,0,575764,0,672955,0,755590,0,817177,0,850106,0,847110,0,814073,0,744680,0,655575,550977,7,444628,32,340611,115,248251,330,171967,867,112944,1702,71549,2757,43129,3229,24783,3122,13185,2371,6459,1208,2728,535,912,122,237,29,54,2,10,0,0,0,0,0
0,0,0,0,0,0,0,0,0,0,0,0,0,0,0,0,0,0,0,0,0,0,0,0,0,0,0,0,0,0,0,0,0,0,0,0,0,0,0,0,0,0,0,0,0,0,1,0,2,0,2,0,6,0,22,0,52,0,125,0,295,0,592,0,1297,0,2528,0,4791,0,8747,0,15355,26067,0,42360,0,67055,0,101511,0,149487,0,209430,0,285212,0,373893,0,471415,0,573984,0,670556,0,755436,0,815751,0,849842,0,848934,0,814013,0,748605,0,657132,552847,6,446027,31,342325,114,249753,337,173389,884,114009,1732,71885,2775,43446,3234,24938,3149,13233,2394,6444,1225,2827,519,931,125,231,27,62,2,9,0,0,0,0,0
0,0,0,0,0,0,0,0,0,0,0,0,0,0,0,0,0,0,0,0,0,0,0,0,0,0,0,0,0,0,0,0,0,0,0,0,0,0,0,0,0,0,0,0,0,0,1,0,3,0,2,0,4,0,24,0,57,0,118,0,294,0,598,0,1251,0,2433,0,4817,0,8537,0,15039,25849,0,42127,0,66304,0,100734,0,147400,0,208251,0,284198,0,371354,0,470417,0,571477,0,669686,0,752423,0,815942,0,850202,0,849064,0,814964,0,750030,0,659926,555156,5,448553,29,343678,113,250624,335,175149,839,114802,1710,72390,2767,44030,3273,25051,3186,13275,2266,6669,1249,2813,511,926,132,251,27,59,3,11,0,0,0,0,0
0,0,0,0,0,0,0,0,0,0,0,0,0,0,0,0,0,0,0,0,0,0,0,0,0,0,0,0,0,0,0,0,0,0,0,0,0,0,0,0,0,0,0,0,0,0,1,0,3,0,3,0,9,0,18,0,58,0,117,0,276,0,594,0,1240,0,2366,0,4720,0,8456,0,14934,25296,0,41823,0,65661,0,99976,0,146166,0,207097,0,281827,0,369976,0,468104,0,568605,0,668140,0,752051,0,815097,0,850470,0,849750,0,815020,0,752196,0,662612,557143,5,450200,36,346004,104,252279,342,176123,828,115829,1649,73178,2730,44054,3280,25329,3156,13494,2306,6683,1271,2804,477,963,131,246,33,55,2,12,0,0,0,0,0
0,0,0,0,0,0,0,0,0,0,0,0,0,0,0,0,0,0,0,0,0,0,0,0,0,0,0,0,0,0,0,0,0,0,0,0,0,0,0,0,0,0,0,0,0,0,0,0,5,0,2,0,8,0,26,0,56,0,116,0,276,0,574,0,1196,0,2343,0,4642,0,8345,0,14793,25169,0,40936,0,65562,0,99041,0,145076,0,205682,0,279249,0,368380,0,466511,0,566408,0,665811,0,750568,0,815049,0,850319,0,850427,0,816834,0,753928,0,664086,559282,4,452564,34,347523,113,254031,311,177512,829,116857,1703,73483,2728,44496,3219,25445,3226,13560,2367,6612,1297,2881,468,963,124,255,27,64,2,10,0,0,0,0,0
0,0,0,0,0,0,0,0,0,0,0,0,0,0,0,0,0,0,0,0,0,0,0,0,0,0,0,0,0,0,0,0,0,0,0,0,0,0,0,0,0,0,0,0,0,0,2,0,1,0,4,0,6,0,19,0,63,0,113,0,261,0,580,0,1208,0,2272,0,4533,0,8266,0,14713,24855,0,40770,0,64541,0,98504,0,143437,0,203884,0,277479,0,367349,0,463350,0,565066,0,664368,0,748923,0,814272,0,849629,0,851844,0,819082,0,755033,0,666565,560940,4,455066,29,348854,122,255521,292,178591,840,117853,1665,74298,2632,44632,3293,25756,3163,13550,2368,6779,1307,2899,485,984,130,265,22,65,2,9,0,0,0,0,0
0,0,0,0,0,0,0,0,0,0,0,0,0,0,0,0,0,0,0,0,0,0,0,0,0,0,0,0,0,0,0,0,0,0,0,0,0,0,0,0,0,0,0,0,0,0,1,0,4,0,1,0,7,0,15,0,62,0,112,0,261,0,583,0,1117,0,2296,0,4497,0,8167,0,14466,24448,0,40641,0,63925,0,96654,0,142983,0,202196,0,276497,0,365023,0,460806,0,563872,0,662444,0,748261,0,811626,0,851351,0,852588,0,819837,0,756395,0,668080,564395,6,456851,28,350554,116,256916,294,179517,838,119201,1644,74409,2604,45220,3300,25893,3173,13796,2425,6808,1303,2885,506,1020,131,267,26,55,2,8,0,1,0,0,0
0,0,0,0,0,0,0,0,0,0,0,0,0,0,0,0,0,0,0,0,0,0,0,0,0,0,0,0,0,0,0,0,0,0,0,0,0,0,0,0,0,0,0,0,0,0,1,0,3,0,3,0,6,0,21,0,55,0,112,0,240,0,558,0,1156,0,2237,0,4440,0,8015,0,14144,24502,0,40000,0,63140,0,96038,0,142036,0,200742,0,275306,0,361544,0,458664,0,562770,0,660721,0,746921,0,812067,0,849448,0,852792,0,821948,0,758920,0,669956,566215,8,458508,23,352744,105,259136,314,180156,771,119591,1658,75471,2579,45464,3324,26182,3169,13949,2399,6876,1360,2857,512,1028,129,279,29,54,3,8,0,1,0,0,0
0,0,0,0,0,0,0,0,0,0,0,0,0,0,0,0,0,0,0,0,0,0,0,0,0,0,0,0,0,0,0,0,0,0,0,0,0,0,0,0,0,0,0,0,0,0,1,0,2,0,4,0,7,0,21,0,51,0,106,0,236,0,537,0,1144,0,2175,0,4281,0,8041,0,13942,24048,0,39645,0,62511,0,95398,0,140696,0,199472,0,273631,0,359351,0,458116,0,559397,0,658804,0,745518,0,811784,0,849210,0,853457,0,822593,0,760587,0,672961,567947,6,461108,25,354013,115,260958,311,181381,761,120535,1654,75616,2628,46033,3351,26328,3190,14111,2458,6840,1356,2858,527,1036,129,312,26,56,2,9,0,1,0,0,0
0,0,0,0,0,0,0,0,0,0,0,0,0,0,0,0,0,0,0,0,0,0,0,0,0,0,0,0,0,0,0,0,0,0,0,0,0,0,0,0,0,0,0,0,1,0,0,0,2,0,4,0,12,0,21,0,47,0,104,0,239,0,521,0,1151,0,2150,0,4159,0,7899,0,13643,23919,0,39206,0,62003,0,94932,0,139603,0,197677,0,271399,0,358517,0,455213,0,557697,0,656921,0,744385,0,811397,0,848820,0,853871,0,823826,0,761343,0,675218,571157,5,463157,23,356369,118,261460,316,183011,758,121044,1717,76616,2617,46221,3243,26492,3202,14281,2411,6926,1366,2850,541,1062,148,300,19,64,3,10,0,1,0,0,0
0,0,0,0,0,0,0,0,0,0,0,0,0,0,0,0,0,0,0,0,0,0,0,0,0,0,0,0,0,0,0,0,0,0,0,0,0,0,0,0,0,0,0,0,1,0,0,0,0,0,5,0,12,0,22,0,43,0,108,0,242,0,513,0,1101,0,2175,0,4087,0,7727,0,13630,23428,0,38868,0,61508,0,93836,0,138521,0,196533,0,269512,0,356206,0,453686,0,555466,0,655249,0,743298,0,810174,0,848407,0,855353,0,823863,0,762895,0,678628,572699,5,465396,23,358264,104,263143,302,184127,770,121950,1678,77528,2559,46289,3353,26687,3122,14464,2418,7017,1332,2927,547,1063,155,294,14,70,5,6,0,0,0,0,0
0,0,0,0,0,0,0,0,0,0,0,0,0,0,0,0,0,0,0,0,0,0,0,0,0,0,0,0,0,0,0,0,0,0,0,0,0,0,0,0,0,0,0,0,0,0,1,0,0,0,6,0,12,0,21,0,45,0,102,0,255,0,482,0,1106,0,2095,0,4103,0,7616,0,13425,23248,0,38412,0,60846,0,93006,0,137404,0,195260,0,268164,0,353731,0,451543,0,553795,0,653444,0,740922,0,809741,0,849754,0,854257,0,826189,0,764160,0,679824,575360,3,467330,21,361292,86,264519,307,185083,809,122658,1647,78066,2607,46626,3286,26909,3191,14691,2389,7195,1304,2921,523,1062,155,310,21,56,4,8,0,0,0,0,0
0,0,0,0,0,0,0,0,0,0,0,0,0,0,0,0,0,0,0,0,0,0,0,0,0,0,0,0,0,0,0,0,0,0,0,0,0,0,0,0,0,0,0,0,0,0,1,0,0,0,3,0,11,0,25,0,45,0,103,0,222,0,514,0,1056,0,2066,0,4062,0,7513,0,13230,22856,0,38237,0,60047,0,92298,0,136279,0,194239,0,265799,0,352529,0,449320,0,551912,0,650610,0,740552,0,808612,0,848783,0,855316,0,827127,0,766404,0,681769,578104,5,469316,19,363317,87,265576,315,186374,802,123820,1638,78320,2553,47114,3309,27068,3198,14803,2486,7218,1299,2979,544,1070,146,296,26,57,3,6,0,0,0,0,0
0,0,0,0,0,0,0,0,0,0,0,0,0,0,0,0,0,0,0,0,0,0,0,0,0,0,0,0,0,0,0,0,0,0,0,0,0,0,0,0,0,0,0,0,0,0,0,0,1,0,1,0,7,0,25,0,53,0,93,0,224,0,520,0,1040,0,2017,0,3968,0,7403,0,13096,22508,0,37764,0,59655,0,91352,0,135259,0,192904,0,264563,0,350704,0,447044,0,549578,0,649467,0,738490,0,807752,0,848173,0,856703,0,827871,0,768729,0,683491,580259,5,471033,23,365066,98,267942,305,187438,727,124366,1594,79010,2637,47388,3259,27562,3198,14748,2434,7336,1335,3055,525,1074,148,294,21,64,3,6,0,0,0,0,0
0,0,0,0,0,0,0,0,0,0,0,0,0,0,0,0,0,0,0,0,0,0,0,0,0,0,0,0,0,0,0,0,0,0,0,0,0,0,0,0,0,0,0,0,0,0,0,0,1,0,0,0,7,0,28,0,43,0,105,0,221,0,524,0,1006,0,2029,0,3878,0,7293,0,12837,22660,0,37023,0,59152,0,90409,0,133714,0,192244,0,262798,0,348261,0,445821,0,546910,0,647865,0,737601,0,806992,0,847647,0,857769,0,828627,0,770403,0,684928,582596,2,473185,18,366785,98,269970,291,188664,721,125395,1588,79471,2634,47568,3240,27925,3205,14772,2484,7385,1400,3069,531,1080,146,292,24,63,3,7,0,0,0,0,0
0,0,0,0,0,0,0,0,0,0,0,0,0,0,0,0,0,0,0,0,0,0,0,0,0,0,0,0,0,0,0,0,0,0,0,0,0,0,0,0,0,0,0,0,0,0,0,0,0,0,4,0,6,0,28,0,40,0,100,0,235,0,485,0,1018,0,1952,0,3899,0,7082,0,12910,22130,0,36866,0,57870,0,90308,0,132829,0,190442,0,260953,0,347663,0,442799,0,545438,0,645173,0,736734,0,805937,0,848560,0,857279,0,830047,0,771952,0,687356,584372,5,474817,21,369141,96,271418,270,189732,713,126760,1583,79820,2583,48015,3274,27823,3257,15050,2457,7383,1416,3116,541,1129,139,283,20,69,1,9,0,0,0,0,0
0,0,0,0,0,0,0,0,0,0,0,0,0,0,0,0,0,0,0,0,0,0,0,0,0,0,0,0,0,0,0,0,0,0,0,0,0,0,0,0,0,0,0,0,0,0,0,0,0,0,4,0,8,0,17,0,44,0,103,0,227,0,486,0,1013,0,1971,0,3690,0,7115,0,12676,22290,0,36216,0,57317,0,89056,0,132414,0,188660,0,259516,0,344841,0,442370,0,542562,0,644394,0,733929,0,805957,0,848759,0,857346,0,830486,0,773985,0,688755,586486,3,478230,23,370292,102,272748,291,191661,734,127108,1612,80393,2532,48399,3387,28154,3230,15132,2479,7469,1390,3141,558,1111,133,295,22,71,4,10,0,1,0,0,0
0,0,0,0,0,0,0,0,0,0,0,0,0,0,0,0,0,0,0,0,0,0,0,0,0,0,0,0,0,0,0,0,0,0,0,0,0,0,0,0,0,0,0,0,0,0,0,0,2,0,4,0,6,0,17,0,38,0,105,0,248,0,470,0,996,0,1936,0,3653,0,7016,0,12669,21583,0,36035,0,56985,0,88315,0,130850,0,187180,0,258169,0,343353,0,438644,0,542159,0,642869,0,732813,0,803984,0,848335,0,857661,0,833783,0,774523,0,690640,588919,5,479779,26,372419,104,274946,276,192259,749,127896,1623,80977,2533,48875,3408,28202,3211,15323,2459,7553,1389,3223,559,1101,151,298,24,67,3,9,0,1,0,0,0
0,0,0,0,0,0,0,0,0,0,0,0,0,0,0,0,0,0,0,0,0,0,0,0,0,0,0,0,0,0,0,0,0,0,0,0,0,0,0,0,0,0,0,0,0,0,0,0,1,0,6,0,4,0,18,0,35,0,112,0,248,0,448,0,944,0,1905,0,3654,0,6910,0,12428,21340,0,35669,0,56726,0,87142,0,129988,0,186280,0,256702,0,341008,0,437280,0,539827,0,640445,0,731530,0,804281,0,846846,0,858326,0,834549,0,776251,0,692878,591214,4,481417,21,374805,95,276521,278,192983,744,129390,1611,81410,2550,49184,3282,28448,3205,15511,2457,7564,1432,3244,565,1124,157,311,22,64,2,12,0,0,0,0,0
0,0,0,0,0,0,0,0,0,0,0,0,0,0,0,0,0,0,0,0,0,0,0,0,0,0,0,0,0,0,0,0,0,0,0,0,0,0,0,0,0,0,0,0,0,0,0,0,2,0,2,0,5,0,13,0,46,0,98,0,236,0,472,0,916,0,1873,0,3599,0,6862,0,12317,21011,0,35373,0,56009,0,86431,0,128672,0,185141,0,254725,0,338865,0,435672,0,538372,0,637907,0,730747,0,801909,0,848542,0,858158,0,835584,0,778315,0,694856,592540,5,484028,22,376596,91,278108,282,194371,740,130167,1560,82219,2559,49512,3260,28673,3190,15698,2468,7616,1402,3274,558,1155,158,314,30,71,2,9,0,0,0,0,0
0,0,0,0,0,0,0,0,0,0,0,0,0,0,0,0,0,0,0,0,0,0,0,0,0,0,0,0,0,0,0,0,0,0,0,0,0,0,0,0,0,0,0,0,0,0,1,0,1,0,3,0,9,0,6,0,50,0,98,0,205,0,472,0,969,0,1792,0,3571,0,6730,0,12079,20885,0,34797,0,55661,0,85729,0,128207,0,182947,0,253358,0,337909,0,432865,0,536163,0,636432,0,729270,0,801667,0,847150,0,858125,0,837312,0,780057,0,696375,595528,1,486196,24,377822,84,279694,270,196364,750,130756,1499,82844,2522,49919,3215,28715,3249,15825,2517,7759,1379,3233,547,1195,168,331,31,67,2,7,0,0,0,0,0
0,0,0,0,0,0,0,0,0,0,0,0,0,0,0,0,0,0,0,0,0,0,0,0,0,0,0,0,0,0,0,0,0,0,0,0,0,0,0,0,0,0,0,0,0,0,0,0,2,0,2,0,11,0,11,0,41,0,97,0,207,0,475,0,911,0,1815,0,3484,0,6578,0,11994,20649,0,34414,0,55079,0,85128,0,126531,0,182475,0,251196,0,336171,0,431835,0,533765,0,634324,0,728613,0,800522,0,846195,0,858496,0,838317,0,782363,0,698198,597628,2,488931,28,379041,85,280964,277,197256,747,131781,1447,83929,2535,50054,3339,29040,3263,15749,2561,7821,1406,3277,535,1225,169,310,31,70,1,7,0,0,0,0,0
0,0,0,0,0,0,0,0,0,0,0,0,0,0,0,0,0,0,0,0,0,0,0,0,0,0,0,0,0,0,0,0,0,0,0,0,0,0,0,0,0,0,0,0,0,0,0,0,1,0,5,0,5,0,19,0,33,0,87,0,203,0,466,0,919,0,1774,0,3437,0,6542,0,11823,20560,0,33830,0,54479,0,84365,0,126034,0,180752,0,249751,0,333877,0,430099,0,530799,0,634016,0,725806,0,800620,0,844942,0,860046,0,839191,0,783774,0,700568,599780,5,490020,26,381794,96,282393,273,198848,714,132128,1487,84510,2615,50647,3259,29319,3218,15750,2526,8051,1453,3329,550,1192,169,315,34,78,0,6,0,0,0,0,0
0,0,0,0,0,0,0,0,0,0,0,0,0,0,0,0,0,0,0,0,0,0,0,0,0,0,0,0,0,0,0,0,0,0,0,0,0,0,0,0,0,0,0,0,0,0,0,0,1,0,3,0,8,0,18,0,28,0,77,0,209,0,463,0,923,0,1770,0,3349,0,6445,0,11704,20183,0,33463,0,54106,0,83458,0,125190,0,179226,0,248684,0,331801,0,427525,0,529649,0,632531,0,724451,0,798328,0,845537,0,860259,0,839841,0,784947,0,703399,601521,2,492889,32,383870,84,283165,277,199897,735,133421,1493,85046,2569,51077,3206,29601,3230,15991,2502,8030,1444,3374,568,1203,158,341,28,69,0,9,0,0,0,0,0
0,0,0,0,0,0,0,0,0,0,0,0,0,0,0,0,0,0,0,0,0,0,0,0,0,0,0,0,0,0,0,0,0,0,0,0,0,0,0,0,0,0,0,0,0,0,0,0,0,0,4,0,10,0,19,0,28,0,71,0,205,0,430,0,893,0,1791,0,3319,0,6365,0,11528,19935,0,33277,0,53322,0,83007,0,123612,0,177906,0,247270,0,330306,0,425423,0,527695,0,630627,0,722712,0,797195,0,846274,0,859840,0,841070,0,786751,0,704281,604282,3,495498,29,385437,82,284639,275,201550,722,134025,1533,85815,2544,51516,3234,29874,3232,16055,2534,8088,1411,3445,576,1234,150,350,29,70,0,9,0,1,0,0,0
0,0,0,0,0,0,0,0,0,0,0,0,0,0,0,0,0,0,0,0,0,0,0,0,0,0,0,0,0,0,0,0,0,0,0,0,0,0,0,0,0,0,0,0,0,0,0,0,2,0,1,0,9,0,18,0,30,0,71,0,205,0,418,0,832,0,1829,0,3280,0,6237,0,11254,19719,0,33031,0,52948,0,82282,0,122819,0,176092,0,246159,0,328173,0,423465,0,525551,0,628658,0,721746,0,796325,0,845631,0,860432,0,842153,0,788370,0,706338,605663,4,497430,27,387842,89,286524,261,202757,691,134786,1547,86447,2528,51890,3168,30037,3326,16337,2525,8179,1402,3444,557,1247,163,348,28,72,0,10,0,1,0,0,0
0,0,0,0,0,0,0,0,0,0,0,0,0,0,0,0,0,0,0,0,0,0,0,0,0,0,0,0,0,0,0,0,0,0,0,0,0,0,0,0,0,0,0,0,0,0,0,0,1,0,4,0,9,0,12,0,26,0,77,0,205,0,414,0,848,0,1705,0,3416,0,6027,0,11156,19398,0,32736,0,52398,0,81760,0,121589,0,175447,0,244019,0,326302,0,421323,0,524195,0,627091,0,719429,0,796136,0,844003,0,862933,0,841515,0,790042,0,708487,608036,5,499081,22,390028,93,288600,269,203217,674,135888,1483,87035,2525,52352,3153,30313,3268,16609,2586,8161,1362,3469,611,1218,176,358,29,75,0,8,0,1,0,0,0
0,0,0,0,0,0,0,0,0,0,0,0,0,0,0,0,0,0,0,0,0,0,0,0,0,0,0,0,0,0,0,0,0,0,0,0,0,0,0,0,0,0,0,0,0,0,0,0,2,0,2,0,6,0,13,0,30,0,75,0,200,0,404,0,820,0,1725,0,3286,0,6110,0,10910,19329,0,32084,0,52095,0,80667,0,120645,0,174565,0,242775,0,324443,0,418941,0,522339,0,624075,0,719502,0,794113,0,844944,0,862369,0,843235,0,790559,0,711318,610422,6,500741,22,391827,80,290191,264,204450,674,136902,1509,87420,2505,52915,3249,30416,3374,16742,2582,8123,1390,3526,639,1221,173,355,35,64,2,7,0,1,0,0,0
0,0,0,0,0,0,0,0,0,0,0,0,0,0,0,0,0,0,0,0,0,0,0,0,0,0,0,0,0,0,0,0,0,0,0,0,0,0,0,0,0,0,0,0,0,0,0,0,2,0,2,0,5,0,8,0,35,0,73,0,199,0,400,0,818,0,1668,0,3228,0,6041,0,10937,18858,0,31910,0,51299,0,80110,0,119718,0,172979,0,241104,0,322369,0,418544,0,519274,0,623485,0,716627,0,793427,0,845377,0,861982,0,844610,0,790943,0,714024,613005,5,502885,24,393175,80,291957,247,206086,647,137603,1468,87866,2522,53321,3241,30827,3237,16876,2550,8322,1406,3474,623,1265,177,351,41,64,1,5,0,1,0,0,0
0,0,0,0,0,0,0,0,0,0,0,0,0,0,0,0,0,0,0,0,0,0,0,0,0,0,0,0,0,0,0,0,0,0,0,0,0,0,0,0,0,0,0,0,0,0,0,0,0,0,3,0,8,0,9,0,32,0,74,0,200,0,412,0,778,0,1610,0,3268,0,5860,0,10826,18646,0,31475,0,50963,0,79260,0,118761,0,171561,0,239500,0,321323,0,416091,0,516933,0,622172,0,715028,0,792704,0,844600,0,861782,0,845587,0,794477,0,713718,615885,5,505415,20,394171,79,294256,234,207174,696,138800,1470,88353,2449,53655,3275,31091,3304,16930,2557,8449,1427,3533,596,1263,176,371,36,73,0,3,0,1,0,0,0
0,0,0,0,0,0,0,0,0,0,0,0,0,0,0,0,0,0,0,0,0,0,0,0,0,0,0,0,0,0,0,0,0,0,0,0,0,0,0,0,0,0,0,0,0,0,0,0,0,0,2,0,8,0,12,0,26,0,80,0,186,0,407,0,808,0,1597,0,3144,0,5800,0,10667,18615,0,30966,0,50352,0,78605,0,118062,0,169982,0,238391,0,319933,0,413523,0,516001,0,619449,0,714219,0,790359,0,844255,0,862832,0,846174,0,796144,0,716074,617647,5,507378,21,395985,74,295558,217,208686,673,139958,1454,88958,2482,54095,3271,31200,3340,17111,2611,8446,1507,3545,576,1269,184,368,34,79,0,2,0,1,0,0,0
0,0,0,0,0,0,0,0,0,0,0,0,0,0,0,0,0,0,0,0,0,0,0,0,0,0,0,0,0,0,0,0,0,0,0,0,0,0,0,0,0,0,0,0,0,0,0,0,0,0,2,0,5,0,13,0,26,0,89,0,179,0,364,0,809,0,1603,0,3101,0,5667,0,10596,18241,0,30633,0,49852,0,78067,0,116965,0,169128,0,236090,0,318484,0,411992,0,514265,0,617204,0,713011,0,789652,0,843459,0,862600,0,847095,0,798364,0,717482,619636,3,509104,24,398474,71,297221,228,209939,694,140814,1462,89504,2469,54533,3295,31677,3360,17144,2624,8484,1465,3580,569,1305,183,388,31,80,4,5,0,0,0,0,0
0,0,0,0,0,0,0,0,0,0,0,0,0,0,0,0,0,0,0,0,0,0,0,0,0,0,0,0,0,0,0,0,0,0,0,0,0,0,0,0,0,0,0,0,0,0,0,0,0,0,2,0,5,0,10,0,28,0,87,0,172,0,374,0,788,0,1592,0,3006,0,5681,0,10377,18121,0,30310,0,49434,0,77098,0,115793,0,168935,0,234301,0,316911,0,410034,0,511197,0,616080,0,711366,0,789192,0,842447,0,862495,0,848599,0,799505,0,719974,621269,3,511273,20,400386,66,298721,224,211171,716,142025,1421,90154,2484,54773,3253,31938,3394,17376,2588,8516,1480,3616,595,1331,186,391,31,78,4,11,0,0,0,0,0
0,0,0,0,0,0,0,0,0,0,0,0,0,0,0,0,0,0,0,0,0,0,0,0,0,0,0,0,0,0,0,0,0,0,0,0,0,0,0,0,0,0,0,0,0,0,0,0,0,0,1,0,5,0,7,0,35,0,78,0,177,0,371,0,755,0,1581,0,2998,0,5649,0,10281,17892,0,30049,0,48889,0,76137,0,115121,0,167298,0,233790,0,314556,0,408088,0,509774,0,613519,0,710530,0,788183,0,841258,0,863373,0,849220,0,800973,0,722577,623068,2,512084,23,402819,73,300461,224,212656,675,142889,1447,90858,2474,55318,3173,32158,3355,17509,2505,8700,1496,3609,617,1345,187,395,32,69,4,18,0,0,0,0,0
0,0,0,0,0,0,0,0,0,0,0,0,0,0,0,0,0,0,0,0,0,0,0,0,0,0,0,0,0,0,0,0,0,0,0,0,0,0,0,0,0,0,0,0,0,0,0,0,0,0,0,0,4,0,12,0,28,0,76,0,172,0,352,0,778,0,1525,0,2998,0,5556,0,10186,17660,0,29882,0,48316,0,75525,0,114340,0,166311,0,231871,0,312617,0,407001,0,507033,0,612111,0,709328,0,786513,0,840956,0,864590,0,849657,0,801397,0,724640,625146,3,514481,23,404743,56,302233,236,213542,644,144093,1500,91311,2572,55669,3132,32477,3312,17629,2569,8700,1537,3694,610,1339,193,402,34,72,3,18,0,0,0,0,0
0,0,0,0,0,0,0,0,0,0,0,0,0,0,0,0,0,0,0,0,0,0,0,0,0,0,0,0,0,0,0,0,0,0,0,0,0,0,0,0,0,0,0,0,0,0,0,0,0,0,0,0,3,0,7,0,28,0,80,0,186,0,346,0,746,0,1518,0,2924,0,5474,0,9995,17490,0,29555,0,47812,0,74954,0,113301,0,165019,0,230499,0,310694,0,404621,0,506088,0,610172,0,707177,0,785799,0,841053,0,863915,0,850462,0,804556,0,725498,626871,1,517698,19,406045,65,303410,231,215218,617,144735,1508,92330,2450,56010,3143,32585,3350,17815,2574,8719,1551,3780,641,1379,166,393,28,81,3,19,0,1,0,0,0
0,0,0,0,0,0,0,0,0,0,0,0,0,0,0,0,0,0,0,0,0,0,0,0,0,0,0,0,0,0,0,0,0,0,0,0,0,0,0,0,0,0,0,0,0,0,0,0,0,0,0,0,3,0,5,0,26,0,74,0,179,0,344,0,745,0,1487,0,2902,0,5391,0,9931,17385,0,29308,0,47178,0,74348,0,111932,0,164396,0,228492,0,308835,0,402514,0,504489,0,607832,0,705750,0,785681,0,840783,0,864005,0,851896,0,805591,0,726355,629717,3,519257,19,408629,80,304557,234,216693,590,145737,1394,93126,2414,56540,3193,32639,3374,17861,2630,8694,1546,3890,625,1415,180,374,37,83,4,14,0,2,0,0,0
0,0,0,0,0,0,0,0,0,0,0,0,0,0,0,0,0,0,0,0,0,0,0,0,0,0,0,0,0,0,0,0,0,0,0,0,0,0,0,0,0,0,0,0,0,0,0,0,0,0,0,0,3,0,9,0,31,0,57,0,156,0,364,0,719,0,1525,0,2834,0,5419,0,9777,17210,0,28752,0,46461,0,74130,0,111131,0,162775,0,227105,0,307641,0,400082,0,502165,0,606542,0,704567,0,784815,0,840087,0,864287,0,852000,0,807054,0,729901,630239,3,521880,17,410007,63,305741,229,218543,589,146692,1438,93925,2422,56858,3235,32969,3366,17889,2618,8897,1580,3840,614,1444,199,369,40,86,2,13,0,2,0,0,0
0,0,0,0,0,0,0,0,0,0,0,0,0,0,0,0,0,0,0,0,0,0,0,0,0,0,0,0,0,0,0,0,0,0,0,0,0,0,0,0,0,0,0,0,0,0,0,0,0,0,0,0,3,0,7,0,30,0,58,0,141,0,370,0,721,0,1482,0,2794,0,5301,0,9747,17026,0,28248,0,46462,0,72922,0,110774,0,160958,0,225747,0,305614,0,398468,0,500833,0,604397,0,702619,0,783354,0,840777,0,865156,0,852740,0,807638,0,730808,633111,2,524141,17,412000,57,307138,250,219827,597,147591,1387,94746,2410,57204,3290,33233,3394,17919,2632,8939,1618,3877,645,1441,220,387,40,78,3,15,0,4,0,0,0
0,0,0,0,0,0,0,0,0,0,0,0,0,0,0,0,0,0,0,0,0,0,0,0,0,0,0,0,0,0,0,0,0,0,0,0,0,0,0,0,0,0,0,0,0,0,0,0,0,0,0,0,4,0,7,0,26,0,65,0,161,0,335,0,698,0,1467,0,2747,0,5261,0,9644,16649,0,28334,0,45787,0,72157,0,109854,0,159572,0,224317,0,304626,0,396989,0,498778,0,601364,0,700972,0,783177,0,840146,0,864657,0,854404,0,808250,0,732899,634803,2,526155,18,413697,56,309993,256,220627,628,148997,1344,94908,2468,57799,3204,33626,3314,18091,2655,9029,1559,3980,658,1429,219,401,33,92,3,13,0,4,0,0,0
0,0,0,0,0,0,0,0,0,0,0,0,0,0,0,0,0,0,0,0,0,0,0,0,0,0,0,0,0,0,0,0,0,0,0,0,0,0,0,0,0,0,0,0,0,0,0,0,0,0,0,0,4,0,7,0,22,0,72,0,163,0,316,0,677,0,1432,0,2737,0,5189,0,9482,16555,0,27937,0,45449,0,71558,0,108507,0,158443,0,222967,0,303418,0,395184,0,496234,0,599769,0,698594,0,782907,0,838623,0,866358,0,855456,0,809313,0,733959,637645,0,528255,16,414876,62,311693,219,222031,611,150018,1322,95800,2414,58288,3162,33696,3349,18395,2649,9149,1554,4004,660,1439,210,403,32,105,3,12,0,4,0,0,0
0,0,0,0,0,0,0,0,0,0,0,0,0,0,0,0,0,0,0,0,0,0,0,0,0,0,0,0,0,0,0,0,0,0,0,0,0,0,0,0,0,0,0,0,0,0,0,0,0,0,1,0,1,0,9,0,26,0,60,0,150,0,319,0,680,0,1422,0,2590,0,5265,0,9248,16368,0,27792,0,44745,0,70680,0,107903,0,157273,0,221983,0,301113,0,393528,0,494881,0,598499,0,696852,0,780759,0,839217,0,865004,0,857385,0,809799,0,736025,640728,1,529706,14,417432,62,312829,228,222928,637,151088,1358,96242,2368,58774,3180,33947,3359,18593,2595,9284,1564,4063,649,1421,211,414,35,93,8,17,0,3,0,0,0
0,0,0,0,0,0,0,0,0,0,0,0,0,0,0,0,0,0,0,0,0,0,0,0,0,0,0,0,0,0,0,0,0,0,0,0,0,0,0,0,0,0,0,0,0,0,0,0,0,0,1,0,0,0,6,0,24,0,72,0,130,0,304,0,662,0,1389,0,2700,0,5135,0,9098,16136,0,27274,0,44696,0,70061,0,106355,0,156501,0,220872,0,299261,0,391846,0,492470,0,596697,0,695711,0,779643,0,838971,0,864820,0,857209,0,812397,0,737575,643074,1,531522,18,419186,63,315046,212,223727,643,151911,1338,97034,2343,59179,3165,34315,3342,18812,2642,9256,1606,4063,681,1451,208,391,51,88,7,14,0,3,0,0,0
0,0,0,0,0,0,0,0,0,0,0,0,0,0,0,0,0,0,0,0,0,0,0,0,0,0,0,0,0,0,0,0,0,0,0,0,0,0,0,0,0,0,0,0,0,0,0,0,0,0,1,0,1,0,6,0,24,0,63,0,136,0,311,0,652,0,1347,0,2696,0,4925,0,9146,15875,0,26900,0,44392,0,69347,0,105545,0,155460,0,219143,0,298043,0,390012,0,490006,0,595556,0,693743,0,778327,0,838198,0,865202,0,857696,0,814325,0,740254,643653,2,533683,15,421619,67,316823,216,224883,606,153199,1328,97686,2367,59040,3224,34574,3397,19110,2643,9290,1636,4025,712,1503,209,409,44,91,5,14,0,3,0,0,0
0,0,0,0,0,0,0,0,0,0,0,0,0,0,0,0,0,0,0,0,0,0,0,0,0,0,0,0,0,0,0,0,0,0,0,0,0,0,0,0,0,0,0,0,0,0,0,0,1,0,0,0,0,0,7,0,28,0,52,0,126,0,317,0,642,0,1290,0,2669,0,4936,0,8996,15685,0,26716,0,43639,0,68953,0,105024,0,154463,0,217702,0,295572,0,388259,0,488582,0,593343,0,692283,0,777478,0,837486,0,864883,0,858193,0,816446,0,742374,645400,3,535068,16,424389,68,318286,235,226533,595,153725,1272,98513,2312,59409,3210,34829,3395,19264,2623,9443,1575,4108,674,1517,216,439,39,85,3,16,0,3,0,0,0
0,0,0,0,0,0,0,0,0,0,0,0,0,0,0,0,0,0,0,0,0,0,0,0,0,0,0,0,0,0,0,0,0,0,0,0,0,0,0,0,0,0,0,0,0,0,0,0,0,0,1,0,1,0,8,0,23,0,60,0,139,0,293,0,632,0,1273,0,2651,0,4900,0,8701,15714,0,26238,0,43234,0,68704,0,104255,0,152481,0,217575,0,293031,0,385507,0,487877,0,591217,0,690860,0,776079,0,836979,0,864947,0,859157,0,817478,0,745012,647124,1,537507,13,425736,61,320182,221,227454,614,154628,1287,99173,2327,59993,3258,35214,3463,19108,2683,9531,1646,4145,694,1484,212,481,35,83,3,16,0,4,0,0,0
0,0,0,0,0,0,0,0,0,0,0,0,0,0,0,0,0,0,0,0,0,0,0,0,0,0,0,0,0,0,0,0,0,0,0,0,0,0,0,0,0,0,0,0,0,0,0,0,0,0,1,0,1,0,7,0,18,0,66,0,126,0,304,0,594,0,1272,0,2610,0,4791,0,8805,15300,0,25880,0,42820,0,68431,0,102887,0,152017,0,214953,0,293434,0,383084,0,485795,0,588655,0,688934,0,775779,0,836788,0,864493,0,859879,0,818896,0,746369,648845,2,539880,13,427912,59,321480,211,229617,628,155300,1302,99540,2389,60629,3219,35639,3428,19111,2668,9699,1633,4212,674,1527,203,442,43,92,3,15,0,4,0,0,0
0,0,0,0,0,0,0,0,0,0,0,0,0,0,0,0,0,0,0,0,0,0,0,0,0,0,0,0,0,0,0,0,0,0,0,0,0,0,0,0,0,0,0,0,0,0,0,0,1,0,0,0,4,0,7,0,23,0,65,0,120,0,284,0,594,0,1237,0,2617,0,4712,0,8576,15104,0,25749,0,42551,0,67440,0,102426,0,151016,0,212884,0,291387,0,381879,0,483826,0,587525,0,687362,0,773339,0,836283,0,865844,0,860537,0,820124,0,747683,651188,1,542246,10,429051,51,323553,203,230656,617,156293,1315,100638,2298,61064,3155,35660,3449,19497,2680,9658,1629,4262,705,1523,211,433,47,94,6,13,0,3,0,0,0
0,0,0,0,0,0,0,0,0,0,0,0,0,0,0,0,0,0,0,0,0,0,0,0,0,0,0,0,0,0,0,0,0,0,0,0,0,0,0,0,0,0,0,0,0,0,0,0,0,0,1,0,2,0,8,0,22,0,56,0,136,0,267,0,579,0,1272,0,2464,0,4695,0,8472,14813,0,25799,0,41908,0,66612,0,101965,0,149754,0,211555,0,289497,0,380408,0,481376,0,586497,0,685790,0,771894,0,835224,0,866074,0,861095,0,821013,0,750598,653540,1,543700,10,431152,56,324985,205,232150,586,157291,1313,101099,2296,61491,3154,36051,3460,19523,2682,9801,1657,4255,711,1573,214,456,43,83,5,15,0,4,0,0,0
0,0,0,0,0,0,0,0,0,0,0,0,0,0,0,0,0,0,0,0,0,0,0,0,0,0,0,0,0,0,0,0,0,0,0,0,0,0,0,0,0,0,0,0,0,0,0,0,1,0,0,0,1,0,5,0,21,0,61,0,123,0,271,0,561,0,1242,0,2396,0,4636,0,8428,14656,0,25306,0,41757,0,65896,0,101439,0,147973,0,210358,0,287961,0,378822,0,479553,0,584106,0,684607,0,771113,0,835166,0,865255,0,862188,0,822924,0,751613,655012,0,545588,18,433206,51,327303,215,233093,610,158492,1310,101442,2320,62111,3131,36368,3462,19564,2715,9834,1667,4343,739,1563,201,459,41,84,7,16,0,4,0,0,0
0,0,0,0,0,0,0,0,0,0,0,0,0,0,0,0,0,0,0,0,0,0,0,0,0,0,0,0,0,0,0,0,0,0,0,0,0,0,0,0,0,0,0,0,0,0,0,0,1,0,1,0,0,0,7,0,19,0,47,0,123,0,259,0,582,0,1185,0,2437,0,4594,0,8289,14578,0,24856,0,41348,0,65196,0,100688,0,146652,0,209529,0,285617,0,377695,0,477566,0,582535,0,683312,0,769099,0,833815,0,866814,0,861878,0,824147,0,753438,657482,1,547175,16,435536,60,328888,197,234547,604,159531,1288,102278,2217,62587,3141,36548,3476,19710,2656,9955,1636,4425,768,1570,199,440,48,97,4,18,0,3,0,0,0
0,0,0,0,0,0,0,0,0,0,0,0,0,0,0,0,0,0,0,0,0,0,0,0,0,0,0,0,0,0,0,0,0,0,0,0,0,0,0,0,0,0,0,0,0,0,1,0,0,0,0,0,1,0,8,0,14,0,38,0,121,0,273,0,556,0,1160,0,2369,0,4543,0,8301,14237,0,24689,0,40780,0,64891,0,99328,0,146187,0,208122,0,284338,0,374784,0,476296,0,581402,0,681233,0,767901,0,833806,0,865453,0,863586,0,825073,0,754995,659394,1,549716,16,437036,51,330458,196,236301,574,160445,1266,102948,2281,62887,3176,36701,3481,19921,2757,10079,1656,4441,754,1557,211,439,44,108,4,20,0,3,0,0,0
0,0,0,0,0,0,0,0,0,0,0,0,0,0,0,0,0,0,0,0,0,0,0,0,0,0,0,0,0,0,0,0,0,0,0,0,0,0,0,0,0,0,0,0,1,0,0,0,0,0,1,0,0,0,4,0,15,0,46,0,121,0,267,0,576,0,1107,0,2360,0,4453,0,8128,14148,0,24337,0,40543,0,64464,0,98052,0,145599,0,206771,0,282562,0,372842,0,474162,0,579341,0,680336,0,767156,0,832237,0,865143,0,864999,0,826144,0,757222,660885,1,552085,14,439020,55,331607,197,237873,547,161555,1285,103667,2246,63428,3198,36811,3432,20146,2759,10151,1693,4453,708,1595,213,471,36,112,6,17,1,4,0,0,0
0,0,0,0,0,0,0,0,0,0,0,0,0,0,0,0,0,0,0,0,0,0,0,0,0,0,0,0,0,0,0,0,0,0,0,0,0,0,0,0,0,0,0,0,1,0,0,0,0,0,0,0,2,0,3,0,13,0,45,0,107,0,288,0,555,0,1184,0,2173,0,4342,0,8101,14103,0,24009,0,40009,0,64186,0,97547,0,144156,0,205798,0,280365,0,370549,0,473311,0,577007,0,678568,0,766227,0,831029,0,865706,0,865278,0,828267,0,758670,662692,1,554224,14,440201,52,334150,209,239106,568,162648,1245,104092,2268,64069,3267,36837,3441,20420,2771,10172,1729,4401,735,1612,243,456,40,112,8,21,1,4,0,0,0
0,0,0,0,0,0,0,0,0,0,0,0,0,0,0,0,0,0,0,0,0,0,0,0,0,0,0,0,0,0,0,0,0,0,0,0,0,0,0,0,0,0,0,0,1,0,0,0,0,0,0,0,1,0,4,0,14,0,44,0,114,0,267,0,558,0,1084,0,2216,0,4285,0,7953,14071,0,23816,0,39432,0,63264,0,97044,0,143840,0,203017,0,279582,0,369404,0,469868,0,576499,0,676900,0,765511,0,829085,0,866473,0,865383,0,829770,0,759623,665465,1,556194,15,442645,53,335389,210,240080,600,164216,1291,104710,2282,64244,3156,37418,3441,20394,2833,10222,1722,4425,729,1662,227,455,52,122,9,19,1,3,0,0,0
0,0,0,0,0,0,0,0,0,0,0,0,0,0,0,0,0,0,0,0,0,0,0,0,0,0,0,0,0,0,0,0,0,0,0,0,0,0,0,0,0,0,0,0,1,0,0,0,0,0,0,0,1,0,3,0,17,0,41,0,118,0,253,0,526,0,1093,0,2128,0,4237,0,7793,13925,0,23482,0,39223,0,62861,0,96272,0,142259,0,202505,0,277432,0,368488,0,467548,0,573761,0,676134,0,764275,0,829544,0,865071,0,865799,0,831229,0,760806,667916,1,558526,11,444404,54,337274,213,240806,573,165107,1255,106014,2202,64750,3155,37842,3394,20428,2851,10315,1731,4424,737,1710,218,472,50,120,4,21,1,4,0,0,0
0,0,0,0,0,0,0,0,0,0,0,0,0,0,0,0,0,0,0,0,0,0,0,0,0,0,0,0,0,0,0,0,0,0,0,0,0,0,0,0,0,0,1,0,0,0,0,0,0,0,0,0,2,0,4,0,18,0,40,0,102,0,261,0,525,0,1016,0,2148,0,4135,0,7662,13823,0,23387,0,38623,0,62418,0,95547,0,140972,0,200870,0,276682,0,366424,0,466244,0,571728,0,674549,0,762340,0,828947,0,864117,0,867665,0,832401,0,762435,668825,3,560954,12,447784,46,337849,207,242802,540,166021,1258,106417,2282,65336,3187,38056,3340,20569,2801,10523,1649,4519,760,1674,221,479,48,127,4,24,1,4,0,0,0
0,0,0,0,0,0,0,0,0,0,0,0,0,0,0,0,0,0,0,0,0,0,0,0,0,0,0,0,0,0,0,0,0,0,0,0,0,0,0,0,0,0,1,0,0,0,0,0,0,0,0,0,2,0,5,0,12,0,52,0,104,0,250,0,531,0,1006,0,2082,0,4041,0,7691,13601,0,23006,0,38464,0,61823,0,94708,0,139936,0,199656,0,274956,0,364284,0,464860,0,570100,0,672578,0,761001,0,827515,0,865907,0,867677,0,833638,0,763273,672079,3,562318,18,449547,46,339724,220,244013,521,167182,1279,107226,2336,65638,3164,38318,3406,20674,2769,10513,1719,4592,712,1695,239,490,50,124,3,23,1,6,0,0,0
0,0,0,0,0,0,0,0,0,0,0,0,0,0,0,0,0,0,0,0,0,0,0,0,0,0,0,0,0,0,0,0,0,0,0,0,0,0,0,0,0,0,1,0,0,0,0,0,0,0,0,0,3,0,2,0,14,0,44,0,104,0,249,0,507,0,1040,0,2021,0,4029,0,7574,13396,0,22920,0,37744,0,61332,0,94396,0,138523,0,198474,0,273804,0,361834,0,462887,0,567221,0,671540,0,760614,0,826269,0,865856,0,868846,0,835111,0,764739,674239,4,564073,17,451080,44,341606,210,245736,503,167946,1289,108021,2328,66046,3157,38527,3444,20869,2776,10722,1727,4561,717,1723,223,524,53,117,3,22,1,6,0,0,0
0,0,0,0,0,0,0,0,0,0,0,0,0,0,0,0,0,0,0,0,0,0,0,0,0,0,0,0,0,0,0,0,0,0,0,0,0,0,0,0,0,0,0,0,1,0,0,0,0,0,0,0,2,0,3,0,12,0,46,0,108,0,216,0,527,0,1009,0,2003,0,4009,0,7392,13364,0,22474,0,37740,0,60532,0,93468,0,137612,0,197337,0,271675,0,360962,0,459908,0,566833,0,668114,0,759119,0,827180,0,865968,0,869776,0,835376,0,766584,675491,3,567366,16,452698,50,342980,196,247229,513,168977,1227,108710,2246,66531,3150,38755,3414,21204,2821,10717,1751,4619,727,1735,220,504,50,128,3,19,1,7,0,0,0
0,0,0,0,0,0,0,0,0,0,0,0,0,0,0,0,0,0,0,0,0,0,0,0,0,0,0,0,0,0,0,0,0,0,0,0,0,0,0,0,0,0,1,0,0,0,0,0,0,0,0,0,1,0,5,0,15,0,46,0,107,0,215,0,499,0,984,0,2033,0,3995,0,7431,13027,0,22308,0,37312,0,60006,0,92362,0,137012,0,195741,0,270824,0,358873,0,458795,0,563647,0,667328,0,758722,0,825404,0,864534,0,870802,0,836668,0,769361,676964,1,568989,11,454740,47,345363,183,248211,523,169827,1176,109766,2276,67020,3153,38807,3449,21384,2843,10758,1734,4668,768,1749,234,510,42,122,4,22,0,6,0,0,0
0,0,0,0,0,0,0,0,0,0,0,0,0,0,0,0,0,0,0,0,0,0,0,0,0,0,0,0,0,0,0,0,0,0,0,0,0,0,0,0,0,0,1,0,0,0,0,0,0,0,0,0,2,0,5,0,17,0,41,0,89,0,219,0,491,0,976,0,2023,0,3813,0,7310,12994,0,22224,0,37156,0,59157,0,91302,0,136497,0,194579,0,268439,0,357922,0,456534,0,561935,0,665598,0,757116,0,825574,0,865241,0,868897,0,838535,0,771575,679232,2,570746,12,456971,44,346228,169,250122,530,170929,1187,110229,2312,67630,3009,39338,3495,21409,2783,10856,1736,4676,786,1749,234,518,50,132,5,19,0,8,0,0,0
0,0,0,0,0,0,0,0,0,0,0,0,0,0,0,0,0,0,0,0,0,0,0,0,0,0,0,0,0,0,0,0,0,0,0,0,0,0,0,0,0,0,0,0,1,0,0,0,0,0,0,0,2,0,3,0,16,0,40,0,95,0,195,0,505,0,940,0,1961,0,3913,0,7148,12845,0,22014,0,36796,0,58418,0,90809,0,135161,0,193601,0,266659,0,355626,0,455204,0,560864,0,664045,0,755047,0,824850,0,864999,0,870521,0,838474,0,773380,681682,2,572896,17,458416,50,348437,195,251012,585,172107,1184,110681,2156,68358,3091,39726,3529,21446,2815,10904,1763,4694,780,1786,234,515,50,134,3,23,0,5,0,0,0
0,0,0,0,0,0,0,0,0,0,0,0,0,0,0,0,0,0,0,0,0,0,0,0,0,0,0,0,0,0,0,0,0,0,0,0,0,0,0,0,0,0,0,0,0,0,1,0,0,0,0,0,3,0,1,0,15,0,40,0,78,0,207,0,441,0,989,0,2005,0,3788,0,6982,12568,0,22095,0,36291,0,57726,0,90208,0,134254,0,192100,0,265453,0,354262,0,453180,0,558600,0,662200,0,754687,0,822596,0,865869,0,870973,0,839532,0,774978,683781,1,575083,14,459831,52,350060,163,253370,552,172530,1205,111716,2160,68549,3127,39995,3503,21704,2857,10954,1732,4765,789,1810,233,539,48,131,5,23,0,4,0,0,0
0,0,0,0,0,0,0,0,0,0,0,0,0,0,0,0,0,0,0,0,0,0,0,0,0,0,0,0,0,0,0,0,0,0,0,0,0,0,0,0,0,0,0,0,0,0,0,0,1,0,0,0,2,0,3,0,14,0,38,0,80,0,194,0,472,0,976,0,1968,0,3696,0,6967,12457,0,21876,0,35818,0,57603,0,89109,0,133460,0,189935,0,264515,0,352774,0,452126,0,556025,0,660223,0,753063,0,822267,0,865606,0,871948,0,840825,0,775709,686850,2,576456,13,461702,42,351626,157,254903,532,174042,1167,112029,2133,69254,3053,40184,3523,22007,2800,10995,1778,4830,751,1831,222,557,47,144,4,19,0,5,0,0,0
0,0,0,0,0,0,0,0,0,0,0,0,0,0,0,0,0,0,0,0,0,0,0,0,0,0,0,0,0,0,0,0,0,0,0,0,0,0,0,0,0,0,0,0,0,0,0,0,1,0,0,0,2,0,5,0,10,0,42,0,86,0,200,0,443,0,977,0,1888,0,3703,0,6879,12498,0,21486,0,35320,0,57154,0,88422,0,132253,0,189105,0,262750,0,350641,0,450194,0,555208,0,657804,0,752051,0,822165,0,864777,0,872030,0,842043,0,778272,688607,2,577940,11,464446,47,352950,179,256303,504,174768,1192,112536,2178,69832,3060,40483,3546,22349,2787,11086,1741,4837,783,1805,239,559,50,144,6,24,0,5,0,0,0
0,0,0,0,0,0,0,0,0,0,0,0,0,0,0,0,0,0,0,0,0,0,0,0,0,0,0,0,0,0,0,0,0,0,0,0,0,0,0,0,0,0,0,0,0,0,0,0,1,0,1,0,1,0,5,0,16,0,33,0,88,0,205,0,447,0,951,0,1848,0,3619,0,6927,12244,0,21404,0,35119,0,56544,0,87822,0,130384,0,188512,0,261223,0,348908,0,448384,0,553299,0,656684,0,750111,0,821350,0,864810,0,872086,0,844356,0,780023,689346,1,580910,11,465623,54,355004,173,257606,495,175687,1176,113721,2126,69857,3135,40792,3563,22336,2857,11136,1834,4892,791,1843,244,577,41,144,4,18,0,6,0,0,0
0,0,0,0,0,0,0,0,0,0,0,0,0,0,0,0,0,0,0,0,0,0,0,0,0,0,0,0,0,0,0,0,0,0,0,0,0,0,0,0,0,0,0,0,0,0,0,0,1,0,0,0,4,0,4,0,12,0,36,0,96,0,220,0,416,0,915,0,1874,0,3621,0,6780,12244,0,20651,0,34997,0,56268,0,86847,0,129638,0,187378,0,259412,0,346428,0,446980,0,551607,0,655273,0,748468,0,821413,0,864879,0,872480,0,844966,0,781734,691436,0,582934,9,467391,61,356618,176,258898,475,177016,1183,114395,2138,70257,3056,41003,3620,22511,2873,11202,1790,5014,807,1860,243,584,44,136,6,25,0,5,0,0,0
0,0,0,0,0,0,0,0,0,0,0,0,0,0,0,0,0,0,0,0,0,0,0,0,0,0,0,0,0,0,0,0,0,0,0,0,0,0,0,0,0,0,0,0,0,0,0,0,1,0,1,0,2,0,6,0,15,0,30,0,99,0,209,0,434,0,916,0,1780,0,3622,0,6684,12027,0,20503,0,34593,0,55706,0,86509,0,128436,0,185498,0,258574,0,345975,0,443387,0,549726,0,653903,0,746422,0,821966,0,864549,0,872403,0,846426,0,784010,693198,3,584588,13,469734,39,357557,195,260737,455,177831,1186,115167,2109,71046,3013,41220,3538,22500,2869,11357,1806,5103,816,1847,236,611,51,134,6,28,0,3,0,0,0
0,0,0,0,0,0,0,0,0,0,0,0,0,0,0,0,0,0,0,0,0,0,0,0,0,0,0,0,0,0,0,0,0,0,0,0,0,0,0,0,0,0,0,0,0,0,0,0,1,0,1,0,5,0,4,0,13,0,34,0,81,0,229,0,448,0,864,0,1784,0,3623,0,6497,11916,0,20289,0,34176,0,55442,0,85697,0,127319,0,184279,0,257447,0,343933,0,442027,0,548620,0,651264,0,745376,0,819843,0,864859,0,874011,0,847204,0,785212,695506,1,586755,9,471177,53,359699,179,261679,489,179106,1212,115565,2111,71618,3055,41613,3512,22457,2946,11388,1832,5156,851,1868,253,587,52,142,6,30,0,3,0,0,0
0,0,0,0,0,0,0,0,0,0,0,0,0,0,0,0,0,0,0,0,0,0,0,0,0,0,0,0,0,0,0,0,0,0,0,0,0,0,0,0,0,0,0,0,0,0,0,0,0,0,2,0,3,0,5,0,11,0,34,0,79,0,205,0,437,0,893,0,1801,0,3470,0,6428,11682,0,20135,0,33776,0,54997,0,84778,0,126971,0,183171,0,255716,0,342580,0,440049,0,545928,0,650909,0,743587,0,818312,0,864573,0,874793,0,849255,0,785190,697789,3,588698,8,473789,51,361429,176,262732,497,180544,1202,116456,2048,71775,3108,41789,3458,22717,2962,11552,1839,5156,851,1912,259,604,56,146,3,26,0,3,0,0,0
0,0,0,0,0,0,0,0,0,0,0,0,0,0,0,0,0,0,0,0,0,0,0,0,0,0,0,0,0,0,0,0,0,0,0,0,0,0,0,0,0,0,0,0,0,0,0,0,0,0,2,0,3,0,9,0,8,0,31,0,81,0,194,0,444,0,851,0,1777,0,3481,0,6289,11450,0,20086,0,33571,0,54075,0,84174,0,125829,0,182458,0,254002,0,340078,0,439089,0,543940,0,649278,0,742719,0,817430,0,863399,0,876944,0,849326,0,787948,699210,2,589947,9,475426,48,364084,200,263870,497,181328,1174,117146,2043,72233,3056,42124,3525,22951,2936,11711,1774,5276,825,1937,275,599,55,149,5,25,0,2,0,0,0
0,0,0,0,0,0,0,0,0,0,0,0,0,0,0,0,0,0,0,0,0,0,0,0,0,0,0,0,0,0,0,0,0,0,0,0,0,0,0,0,0,0,0,0,0,0,0,0,1,0,1,0,2,0,6,0,10,0,46,0,80,0,189,0,422,0,862,0,1756,0,3385,0,6226,11422,0,19792,0,33233,0,53519,0,83320,0,125295,0,181230,0,252644,0,338016,0,437028,0,542743,0,647754,0,741715,0,815560,0,863859,0,876437,0,851381,0,789307,701126,0,592311,10,477037,52,365951,169,265263,490,182068,1175,117929,2079,72535,3082,42408,3456,23350,2902,11740,1844,5245,827,2031,278,569,61,144,8,25,0,2,0,0,0
0,0,0,0,0,0,0,0,0,0,0,0,0,0,0,0,0,0,0,0,0,0,0,0,0,0,0,0,0,0,0,0,0,0,0,0,0,0,0,0,0,0,0,0,0,0,0,0,0,0,1,0,5,0,3,0,12,0,39,0,89,0,181,0,400,0,845,0,1751,0,3326,0,6230,11301,0,19500,0,32857,0,53022,0,82999,0,124024,0,180104,0,251136,0,336465,0,435530,0,540818,0,645137,0,741279,0,814539,0,863677,0,875839,0,852834,0,791264,703357,0,593772,11,479359,37,367510,180,267157,480,182975,1158,118490,2060,72866,3118,42741,3492,23555,2891,11871,1808,5309,847,2056,251,603,65,144,9,27,0,2,0,0,0
0,0,0,0,0,0,0,0,0,0,0,0,0,0,0,0,0,0,0,0,0,0,0,0,0,0,0,0,0,0,0,0,0,0,0,0,0,0,0,0,0,0,0,0,0,0,0,0,0,0,1,0,5,0,2,0,10,0,44,0,80,0,184,0,396,0,854,0,1713,0,3271,0,6212,11096,0,19200,0,32709,0,52798,0,81746,0,123645,0,178330,0,249751,0,335324,0,433475,0,538147,0,643821,0,740108,0,815251,0,862061,0,877575,0,853041,0,792376,705321,1,596404,12,480598,39,369701,178,268238,456,183930,1147,119385,2070,73400,3085,42975,3417,23746,2990,11958,1812,5343,835,2017,269,596,69,153,10,25,0,2,0,0,0
0,0,0,0,0,0,0,0,0,0,0,0,0,0,0,0,0,0,0,0,0,0,0,0,0,0,0,0,0,0,0,0,0,0,0,0,0,0,0,0,0,0,0,0,0,0,0,0,0,0,1,0,2,0,6,0,8,0,37,0,79,0,198,0,390,0,825,0,1669,0,3292,0,6075,10987,0,18994,0,32285,0,52292,0,81434,0,122411,0,177703,0,247300,0,334103,0,431312,0,536973,0,642403,0,738145,0,813858,0,862490,0,878381,0,854013,0,794656,706610,0,598226,13,482451,42,371515,174,269147,473,185083,1117,120310,1993,73665,3074,43533,3433,23784,2963,12211,1850,5438,827,2032,271,603,66,147,9,24,0,2,0,0,0
0,0,0,0,0,0,0,0,0,0,0,0,0,0,0,0,0,0,0,0,0,0,0,0,0,0,0,0,0,0,0,0,0,0,0,0,0,0,0,0,0,0,0,0,0,0,0,0,0,0,2,0,2,0,4,0,8,0,30,0,89,0,194,0,400,0,801,0,1611,0,3265,0,6004,10717,0,18822,0,32220,0,51734,0,80969,0,121210,0,176139,0,246631,0,332148,0,429946,0,533867,0,641744,0,736864,0,812811,0,861736,0,878580,0,856090,0,796102,707933,0,600591,15,485340,48,371556,164,271586,473,185416,1152,121435,2092,73963,3076,43779,3373,24020,2966,12292,1852,5544,877,1975,277,621,70,147,8,25,0,2,0,0,0
0,0,0,0,0,0,0,0,0,0,0,0,0,0,0,0,0,0,0,0,0,0,0,0,0,0,0,0,0,0,0,0,0,0,0,0,0,0,0,0,0,0,0,0,0,0,0,0,0,0,1,0,3,0,4,0,6,0,31,0,84,0,195,0,408,0,764,0,1602,0,3125,0,6006,10730,0,18686,0,31597,0,51644,0,80272,0,120432,0,174661,0,245406,0,330314,0,428199,0,532774,0,639304,0,735419,0,812630,0,860949,0,878082,0,857628,0,798138,709621,0,602649,12,486339,43,374284,160,272705,460,186621,1112,122154,2097,74637,2994,44069,3401,24183,2981,12330,1843,5545,850,2048,283,627,71,159,10,24,0,2,0,0,0
0,0,0,0,0,0,0,0,0,0,0,0,0,0,0,0,0,0,0,0,0,0,0,0,0,0,0,0,0,0,0,0,0,0,0,0,0,0,0,0,0,0,0,0,0,0,0,0,0,0,0,0,3,0,3,0,12,0,30,0,79,0,195,0,358,0,760,0,1609,0,3125,0,5812,10659,0,18486,0,31432,0,51140,0,79169,0,119835,0,173585,0,243785,0,329253,0,426010,0,531174,0,637634,0,733946,0,812197,0,861490,0,876935,0,858990,0,800148,710437,0,603819,14,489458,46,375924,145,274205,450,187765,1111,122873,2054,75316,2966,44218,3460,24326,3010,12377,1912,5597,812,2048,301,639,72,156,11,30,0,2,0,0,0
0,0,0,0,0,0,0,0,0,0,0,0,0,0,0,0,0,0,0,0,0,0,0,0,0,0,0,0,0,0,0,0,0,0,0,0,0,0,0,0,0,0,0,0,0,0,0,0,0,0,2,0,1,0,1,0,17,0,37,0,67,0,181,0,358,0,759,0,1627,0,3013,0,5761,10516,0,18295,0,31395,0,50350,0,79068,0,118615,0,172343,0,242808,0,326922,0,424222,0,528865,0,637013,0,732599,0,812153,0,860429,0,877762,0,859240,0,801011,714153,0,604884,14,490464,49,378085,162,275438,438,189008,1071,123456,2086,75943,3050,44562,3534,24415,2939,12455,1964,5685,851,2031,304,679,70,140,9,38,0,1,0,0,0
0,0,0,0,0,0,0,0,0,0,0,0,0,0,0,0,0,0,0,0,0,0,0,0,0,0,0,0,0,0,0,0,0,0,0,0,0,0,0,0,0,0,0,0,0,0,0,0,0,0,1,0,2,0,3,0,14,0,34,0,79,0,164,0,346,0,771,0,1572,0,3050,0,5687,10375,0,18346,0,30844,0,49952,0,77967,0,117950,0,171361,0,240956,0,326608,0,421867,0,527355,0,634066,0,731410,0,811343,0,860540,0,878249,0,859539,0,803229,716372,0,606684,9,491913,45,380076,162,276250,448,190789,1085,123752,2099,76806,3038,44667,3523,24624,2937,12624,1969,5674,886,2110,284,645,67,145,10,34,0,1,0,0,0
0,0,0,0,0,0,0,0,0,0,0,0,0,0,0,0,0,0,0,0,0,0,0,0,0,0,0,0,0,0,0,0,0,0,0,0,0,0,0,0,0,0,0,0,0,0,0,0,0,0,0,0,4,0,2,0,13,0,37,0,77,0,153,0,378,0,737,0,1587,0,2960,0,5625,10305,0,18053,0,30455,0,49701,0,76753,0,117658,0,170576,0,239690,0,324086,0,419677,0,526609,0,632030,0,730681,0,808890,0,861720,0,877963,0,860633,0,804083,718388,0,610257,11,493140,36,381218,144,277739,489,191835,1154,124670,2066,77171,3021,45035,3479,24792,2957,12687,2015,5752,848,2179,295,629,60,164,9,31,0,1,0,0,0
0,0,0,0,0,0,0,0,0,0,0,0,0,0,0,0,0,0,0,0,0,0,0,0,0,0,0,0,0,0,0,0,0,0,0,0,0,0,0,0,0,0,0,0,0,0,0,0,0,0,2,0,1,0,6,0,9,0,29,0,91,0,155,0,345,0,754,0,1570,0,2969,0,5606,10055,0,18031,0,30134,0,49054,0,76300,0,116414,0,170062,0,237815,0,322149,0,418022,0,524146,0,631331,0,728422,0,810123,0,861089,0,878804,0,860348,0,805733,719675,0,612137,6,496144,45,382512,155,278973,437,192292,1121,126169,1957,77598,2887,45480,3447,25063,2941,12747,1990,5791,871,2201,309,618,70,163,8,30,0,2,0,0,0
0,0,0,0,0,0,0,0,0,0,0,0,0,0,0,0,0,0,0,0,0,0,0,0,0,0,0,0,0,0,0,0,0,0,0,0,0,0,0,0,0,0,0,0,0,0,0,0,0,0,0,0,6,0,3,0,8,0,36,0,77,0,168,0,346,0,679,0,1598,0,2925,0,5428,9958,0,17713,0,29865,0,48833,0,75654,0,115449,0,168313,0,237371,0,320750,0,415251,0,523136,0,628449,0,728072,0,808759,0,861441,0,878504,0,862116,0,806089,723245,1,613258,9,497827,41,383903,178,281179,438,193103,1101,126704,1961,78154,2917,45749,3507,25299,2963,12738,2028,5735,886,2281,297,629,69,170,5,35,0,1,0,0,0
0,0,0,0,0,0,0,0,0,0,0,0,0,0,0,0,0,0,0,0,0,0,0,0,0,0,0,0,0,0,0,0,0,0,0,0,0,0,0,0,0,0,0,0,0,0,0,0,0,0,0,0,1,0,8,0,10,0,28,0,73,0,155,0,344,0,731,0,1529,0,2969,0,5324,9847,0,17324,0,29682,0,48125,0,75207,0,114744,0,167227,0,236249,0,318935,0,413861,0,520724,0,626299,0,727889,0,806497,0,862298,0,878238,0,863170,0,808755,723079,0,615804,9,500142,41,385549,167,282208,444,194730,1057,127449,2062,78329,2947,46123,3425,25516,2944,12925,1969,5836,894,2273,301,677,66,155,9,34,0,1,0,0,0
0,0,0,0,0,0,0,0,0,0,0,0,0,0,0,0,0,0,0,0,0,0,0,0,0,0,0,0,0,0,0,0,0,0,0,0,0,0,0,0,0,0,0,0,0,0,0,0,0,0,0,0,3,0,4,0,11,0,30,0,73,0,154,0,349,0,711,0,1483,0,2842,0,5446,9768,0,17130,0,29247,0,47799,0,74645,0,113568,0,166277,0,234008,0,317846,0,413031,0,518363,0,625232,0,725323,0,806465,0,860549,0,880550,0,863415,0,810486,724873,1,617677,6,502362,35,386409,169,283428,435,196395,1063,128038,2064,78989,2950,46416,3375,25673,3021,12972,1973,5842,931,2241,307,687,70,161,7,29,0,1,0,0,0
0,0,0,0,0,0,0,0,0,0,0,0,0,0,0,0,0,0,0,0,0,0,0,0,0,0,0,0,0,0,0,0,0,0,0,0,0,0,0,0,0,0,0,0,0,0,0,0,0,0,1,0,2,0,5,0,10,0,23,0,74,0,162,0,331,0,724,0,1408,0,2888,0,5301,9669,0,16891,0,28974,0,47221,0,74499,0,112354,0,165117,0,232158,0,316611,0,410872,0,516663,0,623775,0,724136,0,805657,0,860437,0,880159,0,865373,0,811988,725969,2,619299,8,503773,35,388710,161,285380,448,197123,1097,129098,2033,79562,2913,46708,3375,25790,3083,12932,1999,5906,978,2287,285,724,56,161,6,23,0,1,0,0,0
0,0,0,0,0,0,0,0,0,0,0,0,0,0,0,0,0,0,0,0,0,0,0,0,0,0,0,0,0,0,0,0,0,0,0,0,0,0,0,0,0,0,0,0,0,0,0,0,0,0,1,0,2,0,4,0,9,0,27,0,72,0,154,0,327,0,707,0,1420,0,2756,0,5321,9617,0,16736,0,28595,0,46834,0,73626,0,112331,0,163868,0,230571,0,314644,0,409144,0,514659,0,622411,0,722456,0,804037,0,860764,0,882450,0,865508,0,812056,727591,0,622178,7,504965,35,390849,143,286647,432,198617,1058,129936,2029,79948,2933,47051,3306,25897,3054,13142,2014,5967,947,2296,289,717,61,161,6,23,0,2,0,0,0
0,0,0,0,0,0,0,0,0,0,0,0,0,0,0,0,0,0,0,0,0,0,0,0,0,0,0,0,0,0,0,0,0,0,0,0,0,0,0,0,0,0,0,0,0,0,0,0,0,0,1,0,1,0,3,0,10,0,23,0,63,0,166,0,337,0,692,0,1391,0,2781,0,5174,9434,0,16649,0,28344,0,46310,0,73215,0,111545,0,162573,0,229718,0,311790,0,407930,0,513272,0,620630,0,720593,0,802771,0,861570,0,881384,0,867406,0,812992,730294,1,622940,9,507615,38,392744,139,287669,438,199950,1063,130420,2076,80656,2966,47385,3326,26015,3109,13280,2043,5914,956,2302,305,720,74,157,8,25,0,3,0,0,0
0,0,0,0,0,0,0,0,0,0,0,0,0,0,0,0,0,0,0,0,0,0,0,0,0,0,0,0,0,0,0,0,0,0,0,0,0,0,0,0,0,0,0,0,0,0,0,0,1,0,0,0,0,0,1,0,13,0,28,0,59,0,162,0,315,0,657,0,1410,0,2681,0,5212,9391,0,16477,0,27911,0,45777,0,72742,0,110248,0,162448,0,228100,0,310482,0,406481,0,510672,0,618880,0,719798,0,802312,0,859795,0,882737,0,867170,0,815164,730984,1,626693,4,508591,35,394284,147,289517,410,200652,1052,131433,2012,81417,3065,47323,3337,26149,3057,13500,2039,6044,949,2300,328,678,77,168,10,25,0,3,0,0,0
0,0,0,0,0,0,0,0,0,0,0,0,0,0,0,0,0,0,0,0,0,0,0,0,0,0,0,0,0,0,0,0,0,0,0,0,0,0,0,0,0,0,0,0,0,0,0,0,0,0,1,0,0,0,2,0,7,0,25,0,69,0,140,0,312,0,668,0,1356,0,2742,0,5080,9166,0,16233,0,27818,0,45386,0,71962,0,109959,0,160668,0,227096,0,308851,0,404771,0,508853,0,616978,0,717916,0,802049,0,859301,0,881969,0,869808,0,816253,732792,0,627562,10,510979,22,396079,152,291135,420,201994,1052,132142,1967,81817,2957,47737,3363,26433,3042,13565,2109,6088,924,2309,327,697,82,173,13,23,0,4,0,0,0
0,0,0,0,0,0,0,0,0,0,0,0,0,0,0,0,0,0,0,0,0,0,0,0,0,0,0,0,0,0,0,0,0,0,0,0,0,0,0,0,0,0,0,0,0,0,0,0,0,0,0,0,1,0,2,0,11,0,27,0,57,0,134,0,304,0,684,0,1327,0,2651,0,5081,9050,0,16114,0,27488,0,45234,0,71354,0,109116,0,159340,0,225825,0,307878,0,402295,0,507495,0,615037,0,716312,0,802298,0,858343,0,882136,0,869548,0,819137,734745,1,628692,11,512497,31,397781,146,293198,427,202463,1043,133211,1951,82268,2989,48040,3355,26814,3056,13555,2097,6155,920,2357,326,695,83,178,11,30,0,3,0,0,0
0,0,0,0,0,0,0,0,0,0,0,0,0,0,0,0,0,0,0,0,0,0,0,0,0,0,0,0,0,0,0,0,0,0,0,0,0,0,0,0,0,0,0,0,0,0,0,0,0,0,0,0,1,0,3,0,11,0,28,0,57,0,138,0,296,0,648,0,1378,0,2529,0,5006,9117,0,15866,0,27137,0,44969,0,70879,0,108240,0,158291,0,224398,0,305893,0,400708,0,504691,0,613821,0,716429,0,799964,0,857933,0,883456,0,869924,0,820706,735934,1,631506,12,513757,36,400609,140,293555,417,203762,1069,134004,1947,82847,3005,48420,3408,26783,3015,13655,2111,6236,937,2407,310,711,78,176,11,28,0,4,0,0,0
0,0,0,0,0,0,0,0,0,0,0,0,0,0,0,0,0,0,0,0,0,0,0,0,0,0,0,0,0,0,0,0,0,0,0,0,0,0,0,0,0,0,0,0,0,0,0,0,0,0,0,0,1,0,3,0,14,0,23,0,57,0,129,0,294,0,652,0,1384,0,2476,0,4906,9111,0,15604,0,26998,0,44448,0,70635,0,106846,0,157850,0,222856,0,303890,0,399733,0,502419,0,612159,0,715018,0,798858,0,857625,0,883604,0,870853,0,821493,737765,2,633597,9,516377,32,401548,144,295090,414,205493,1034,134348,1928,83575,2903,48963,3464,26887,3074,13742,2103,6284,946,2420,299,731,70,182,13,28,0,4,0,0,0
0,0,0,0,0,0,0,0,0,0,0,0,0,0,0,0,0,0,0,0,0,0,0,0,0,0,0,0,0,0,0,0,0,0,0,0,0,0,0,0,0,0,0,0,0,0,0,0,0,0,0,0,0,0,5,0,10,0,30,0,62,0,121,0,293,0,654,0,1348,0,2484,0,4865,8937,0,15496,0,26812,0,44114,0,69924,0,106193,0,156806,0,222092,0,301804,0,397337,0,502349,0,609618,0,713315,0,797243,0,857968,0,883423,0,871771,0,823159,739516,0,635414,10,518317,36,403260,133,296277,419,206728,995,135532,1917,83663,2929,49184,3494,27314,3092,13751,2070,6375,979,2422,316,727,65,196,12,27,0,5,0,0,0
0,0,0,0,0,0,0,0,0,0,0,0,0,0,0,0,0,0,0,0,0,0,0,0,0,0,0,0,0,0,0,0,0,0,0,0,0,0,0,0,0,0,0,0,0,0,0,0,0,0,0,0,1,0,3,0,13,0,26,0,57,0,137,0,288,0,627,0,1302,0,2492,0,4801,8694,0,15576,0,26619,0,43336,0,69374,0,105605,0,155658,0,220275,0,300846,0,395695,0,500749,0,609381,0,709834,0,795871,0,858835,0,883730,0,871951,0,823919,742817,1,636828,4,519854,45,404356,126,298409,398,207529,1012,136564,1939,84167,2954,49626,3384,27548,3042,13766,2081,6523,985,2392,313,747,63,189,13,31,0,7,0,0,0
0,0,0,0,0,0,0,0,0,0,0,0,0,0,0,0,0,0,0,0,0,0,0,0,0,0,0,0,0,0,0,0,0,0,0,0,0,0,0,0,0,0,0,0,0,0,0,0,0,0,0,0,1,0,2,0,11,0,19,0,60,0,138,0,290,0,593,0,1275,0,2497,0,4703,8695,0,15498,0,26342,0,42943,0,68670,0,104858,0,154347,0,219246,0,299175,0,394575,0,498346,0,607357,0,709067,0,795732,0,857357,0,884262,0,873629,0,824450,743775,0,638626,7,522160,40,406091,115,299791,391,209070,1028,137068,1896,84827,2949,50033,3360,27646,3068,14002,2053,6490,1019,2395,323,742,65,192,10,30,0,7,0,1,0
0,0,0,0,0,0,0,0,0,0,0,0,0,0,0,0,0,0,0,0,0,0,0,0,0,0,0,0,0,0,0,0,0,0,0,0,0,0,0,0,0,0,0,0,0,0,0,0,0,0,0,0,1,0,5,0,3,0,25,0,60,0,127,0,281,0,612,0,1240,0,2438,0,4623,8531,0,15575,0,25926,0,42771,0,67748,0,104155,0,153763,0,217514,0,298334,0,392415,0,496475,0,604535,0,707713,0,795708,0,856827,0,885111,0,874325,0,825654,744991,1,639762,6,524668,24,408715,121,300676,392,210439,969,137923,1867,85464,2876,50289,3514,27556,3091,14116,2136,6485,1025,2410,337,758,71,186,9,27,0,8,0,1,0
0,0,0,0,0,0,0,0,0,0,0,0,0,0,0,0,0,0,0,0,0,0,0,0,0,0,0,0,0,0,0,0,0,0,0,0,0,0,0,0,0,0,0,0,0,0,0,0,0,0,0,0,2,0,2,0,7,0,24,0,54,0,133,0,269,0,614,0,1241,0,2381,0,4542,8511,0,15248,0,26177,0,41816,0,67613,0,103089,0,152840,0,216177,0,296965,0,390556,0,494236,0,602427,0,707972,0,793619,0,856053,0,886179,0,875230,0,826870,746043,1,641607,5,527074,33,410309,121,302265,383,211557,984,138798,1928,85812,2819,50675,3481,27743,3047,14327,2117,6526,1045,2470,329,752,65,197,10,26,1,10,0,1,0
0,0,0,0,0,0,0,0,0,0,0,0,0,0,0,0,0,0,0,0,0,0,0,0,0,0,0,0,0,0,0,0,0,0,0,0,0,0,0,0,0,0,0,0,0,0,0,0,0,0,0,0,2,0,2,0,6,0,26,0,52,0,128,0,277,0,610,0,1162,0,2371,0,4660,8290,0,14978,0,25692,0,41934,0,66789,0,102758,0,151354,0,215118,0,295495,0,388588,0,493612,0,600834,0,706076,0,792080,0,855976,0,885619,0,876187,0,828590,746780,0,644471,5,528611,33,412185,117,303767,401,212489,1002,139587,1883,86496,2847,50807,3495,28101,3002,14466,2086,6595,1039,2502,313,733,75,204,12,29,1,7,0,1,0
0,0,0,0,0,0,0,0,0,0,0,0,0,0,0,0,0,0,0,0,0,0,0,0,0,0,0,0,0,0,0,0,0,0,0,0,0,0,0,0,0,0,0,0,0,0,0,0,0,0,0,0,1,0,2,0,7,0,21,0,64,0,124,0,278,0,577,0,1205,0,2336,0,4580,8213,0,14830,0,25292,0,41649,0,66437,0,101751,0,150020,0,214440,0,293666,0,386873,0,492341,0,598442,0,704462,0,792044,0,855499,0,885498,0,877472,0,829343,747285,0,647266,3,530241,32,413973,121,305522,395,213737,987,140386,1867,86933,2882,51184,3500,28323,3066,14549,2152,6569,1047,2515,322,759,74,195,12,34,1,8,0,1,0
0,0,0,0,0,0,0,0,0,0,0,0,0,0,0,0,0,0,0,0,0,0,0,0,0,0,0,0,0,0,0,0,0,0,0,0,0,0,0,0,0,0,0,0,0,0,0,0,0,0,0,0,0,0,3,0,7,0,21,0,65,0,126,0,269,0,559,0,1249,0,2324,0,4487,8240,0,14476,0,25096,0,41394,0,66106,0,100799,0,149271,0,212689,0,292677,0,385120,0,490203,0,597647,0,702230,0,790734,0,854918,0,886194,0,877693,0,830026,750233,1,647842,3,533333,31,415542,121,306931,371,214419,962,141521,1834,87976,2838,51349,3353,28636,3075,14567,2165,6733,1060,2458,335,758,71,208,10,40,0,8,0,1,0
0,0,0,0,0,0,0,0,0,0,0,0,0,0,0,0,0,0,0,0,0,0,0,0,0,0,0,0,0,0,0,0,0,0,0,0,0,0,0,0,0,0,0,0,0,0,0,0,0,0,0,0,0,0,2,0,8,0,21,0,51,0,123,0,277,0,535,0,1197,0,2361,0,4386,8168,0,14504,0,24620,0,41409,0,65177,0,99937,0,148280,0,211549,0,290526,0,384637,0,487616,0,595747,0,700811,0,790860,0,854008,0,885967,0,877908,0,832075,752672,1,648663,4,535319,39,417205,118,308803,371,215270,959,142471,1837,88488,2850,51589,3408,28687,3169,14814,2194,6702,1046,2547,324,770,68,201,10,39,0,9,0,1,0
0,0,0,0,0,0,0,0,0,0,0,0,0,0,0,0,0,0,0,0,0,0,0,0,0,0,0,0,0,0,0,0,0,0,0,0,0,0,0,0,0,0,0,0,0,0,0,0,0,0,0,0,1,0,3,0,8,0,19,0,51,0,121,0,272,0,551,0,1146,0,2317,0,4351,8087,0,14261,0,24615,0,40698,0,64757,0,99196,0,147982,0,209996,0,288579,0,382337,0,487708,0,593684,0,699033,0,788982,0,854243,0,885400,0,879959,0,832948,753139,2,651504,5,537006,37,418873,132,309995,410,216701,981,143074,1823,89081,2859,52123,3379,28841,3113,15027,2216,6734,1043,2590,318,776,59,199,10,44,0,8,0,1,0
0,0,0,0,0,0,0,0,0,0,0,0,0,0,0,0,0,0,0,0,0,0,0,0,0,0,0,0,0,0,0,0,0,0,0,0,0,0,0,0,0,0,0,0,0,0,0,0,0,0,0,0,0,0,6,0,7,0,21,0,43,0,133,0,280,0,529,0,1142,0,2323,0,4340,7917,0,14105,0,24354,0,40341,0,64369,0,98376,0,146655,0,209261,0,287546,0,380866,0,484768,0,593264,0,697013,0,787832,0,853271,0,886366,0,879595,0,834547,754837,1,653834,2,538265,33,420491,109,311515,369,218130,963,144052,1875,89312,2890,52573,3441,29133,3080,15135,2170,6868,1041,2610,306,790,49,205,8,43,0,8,0,0,0
0,0,0,0,0,0,0,0,0,0,0,0,0,0,0,0,0,0,0,0,0,0,0,0,0,0,0,0,0,0,0,0,0,0,0,0,0,0,0,0,0,0,0,0,0,0,0,0,0,0,0,0,1,0,3,0,9,0,24,0,37,0,134,0,277,0,538,0,1106,0,2250,0,4309,7975,0,13888,0,24082,0,39917,0,63941,0,98011,0,145536,0,208043,0,286344,0,378578,0,483457,0,591298,0,695303,0,786522,0,852590,0,886504,0,881319,0,834646,757699,1,654691,7,540282,33,422830,107,313225,355,218745,947,144724,1815,90143,2847,53007,3411,29319,3112,15268,2152,6919,1063,2593,336,811,57,210,9,40,0,8,0,0,0
0,0,0,0,0,0,0,0,0,0,0,0,0,0,0,0,0,0,0,0,0,0,0,0,0,0,0,0,0,0,0,0,0,0,0,0,0,0,0,0,0,0,0,0,0,0,0,0,0,0,0,0,1,0,2,0,12,0,19,0,51,0,111,0,294,0,515,0,1105,0,2203,0,4335,7816,0,13623,0,23938,0,39731,0,63241,0,97570,0,144547,0,206778,0,284363,0,378317,0,479959,0,589998,0,694552,0,785966,0,850405,0,886511,0,881135,0,837071,759657,0,656826,8,542003,33,424283,99,314670,366,220525,951,144945,1824,90903,2901,53518,3473,29473,3147,15360,2132,6966,1091,2612,343,802,59,210,10,42,1,5,0,1,0
0,0,0,0,0,0,0,0,0,0,0,0,0,0,0,0,0,0,0,0,0,0,0,0,0,0,0,0,0,0,0,0,0,0,0,0,0,0,0,0,0,0,0,0,0,0,0,0,0,0,0,0,1,0,1,0,10,0,22,0,54,0,117,0,258,0,506,0,1140,0,2195,0,4174,7702,0,13679,0,23749,0,39079,0,62904,0,96844,0,143570,0,205778,0,282871,0,376302,0,478511,0,588320,0,694056,0,782396,0,851626,0,886600,0,880496,0,838745,760934,0,659931,5,543621,29,425475,121,316555,344,221846,992,146225,1821,90895,2849,53793,3550,29755,3075,15430,2249,7013,1093,2621,357,798,61,203,8,46,1,5,0,1,0
0,0,0,0,0,0,0,0,0,0,0,0,0,0,0,0,0,0,0,0,0,0,0,0,0,0,0,0,0,0,0,0,0,0,0,0,0,0,0,0,0,0,0,0,0,0,0,0,0,0,0,0,0,0,5,0,8,0,27,0,41,0,115,0,268,0,491,0,1106,0,2215,0,4153,7515,0,13531,0,23501,0,38824,0,62236,0,95780,0,143385,0,204068,0,281859,0,375019,0,476572,0,586695,0,691008,0,782324,0,850715,0,886315,0,882130,0,839751,763134,2,661437,3,545572,28,427290,105,317515,327,223298,942,147004,1827,91617,2888,54087,3510,29934,3099,15465,2256,7159,1070,2687,341,827,67,202,9,39,1,8,0,1,0
0,0,0,0,0,0,0,0,0,0,0,0,0,0,0,0,0,0,0,0,0,0,0,0,0,0,0,0,0,0,0,0,0,0,0,0,0,0,0,0,0,0,0,0,0,0,0,0,0,0,0,0,1,0,3,0,8,0,23,0,42,0,122,0,265,0,513,0,1046,0,2119,0,4183,7512,0,13453,0,22892,0,38643,0,61777,0,94987,0,143096,0,202541,0,280441,0,373549,0,474540,0,584034,0,690990,0,780961,0,850000,0,885740,0,883083,0,840321,765424,2,663689,7,547355,29,428932,100,319333,363,224046,914,147879,1891,92205,2857,54314,3481,30304,3132,15592,2208,7131,1087,2757,346,822,64,199,6,46,0,7,0,1,0
0,0,0,0,0,0,0,0,0,0,0,0,0,0,0,0,0,0,0,0,0,0,0,0,0,0,0,0,0,0,0,0,0,0,0,0,0,0,0,0,0,0,0,0,0,0,0,0,0,0,0,0,2,0,3,0,7,0,16,0,44,0,119,0,260,0,492,0,1076,0,2126,0,4021,7553,0,13281,0,22646,0,38208,0,61027,0,95022,0,141024,0,202078,0,279047,0,370976,0,473415,0,582706,0,689358,0,780179,0,849775,0,884850,0,883822,0,841297,766823,2,666526,10,548780,27,430729,98,320625,366,225503,901,149067,1789,92631,2820,54791,3498,30294,3149,15726,2264,7204,1093,2755,356,821,77,193,9,42,0,8,0,1,0
0,0,0,0,0,0,0,0,0,0,0,0,0,0,0,0,0,0,0,0,0,0,0,0,0,0,0,0,0,0,0,0,0,0,0,0,0,0,0,0,0,0,0,0,0,0,0,0,0,0,0,0,4,0,2,0,7,0,15,0,47,0,120,0,240,0,520,0,1033,0,2090,0,3961,7394,0,13242,0,22811,0,37419,0,60655,0,94043,0,140186,0,201293,0,277061,0,369582,0,471770,0,581323,0,687099,0,780439,0,847916,0,885495,0,883914,0,842934,767895,1,668039,8,551275,22,432870,112,321982,354,226519,883,149712,1795,93263,2785,55340,3409,30603,3081,15914,2210,7311,1084,2766,356,877,77,187,11,42,0,8,0,2,0
0,0,0,0,0,0,0,0,0,0,0,0,0,0,0,0,0,0,0,0,0,0,0,0,0,0,0,0,0,0,0,0,0,0,0,0,0,0,0,0,0,0,0,0,0,0,0,0,0,0,0,0,3,0,4,0,4,0,19,0,56,0,114,0,237,0,514,0,1007,0,2005,0,3965,7360,0,13177,0,22432,0,37342,0,59543,0,93412,0,139263,0,200104,0,276125,0,367638,0,470298,0,580264,0,684850,0,779311,0,848422,0,885995,0,883379,0,843647,769521,2,669981,5,552784,28,434875,113,323161,354,227580,873,150903,1769,94195,2826,55630,3435,30834,3130,15885,2209,7409,1088,2735,381,876,68,212,11,37,0,6,0,2,0
0,0,0,0,0,0,0,0,0,0,0,0,0,0,0,0,0,0,0,0,0,0,0,0,0,0,0,0,0,0,0,0,0,0,0,0,0,0,0,0,0,0,0,0,0,0,0,0,0,0,0,0,2,0,2,0,9,0,13,0,54,0,113,0,239,0,488,0,1031,0,2002,0,3866,7374,0,12957,0,22231,0,36802,0,59322,0,92424,0,138721,0,198531,0,274204,0,366857,0,468324,0,578917,0,683895,0,776966,0,848125,0,885485,0,884216,0,845282,772459,1,670028,1,554811,23,436869,102,324477,383,228863,892,152030,1798,94632,2789,56023,3358,31078,3209,16010,2212,7358,1085,2833,396,895,75,207,13,35,1,9,0,1,0
0,0,0,0,0,0,0,0,0,0,0,0,0,0,0,0,0,0,0,0,0,0,0,0,0,0,0,0,0,0,0,0,0,0,0,0,0,0,0,0,0,0,0,0,0,0,0,0,0,0,0,0,1,0,4,0,5,0,18,0,37,0,113,0,240,0,488,0,1024,0,2029,0,3798,7216,0,12665,0,22000,0,36696,0,58848,0,91602,0,137811,0,197086,0,273489,0,364061,0,467482,0,576275,0,683809,0,776086,0,847623,0,884889,0,885588,0,845529,773402,4,672731,2,556334,21,438183,101,326763,376,229957,930,152213,1814,95415,2849,56488,3445,31288,3238,16098,2312,7322,1080,2924,388,882,70,204,11,42,1,7,0,1,0
0,0,0,0,0,0,0,0,0,0,0,0,0,0,0,0,0,0,0,0,0,0,0,0,0,0,0,0,0,0,0,0,0,0,0,0,0,0,0,0,0,0,0,0,0,0,0,0,0,0,0,0,0,0,5,0,4,0,14,0,40,0,114,0,232,0,461,0,1035,0,1923,0,3868,7148,0,12447,0,21784,0,36330,0,58320,0,91365,0,135880,0,196372,0,272048,0,362456,0,465081,0,576571,0,681896,0,774780,0,847277,0,884652,0,885216,0,846287,775726,3,675215,4,557889,26,439675,97,328579,353,231007,863,152936,1711,96573,2818,56467,3343,31632,3224,16371,2301,7359,1071,2952,395,872,72,201,12,45,1,8,0,1,0
0,0,0,0,0,0,0,0,0,0,0,0,0,0,0,0,0,0,0,0,0,0,0,0,0,0,0,0,0,0,0,0,0,0,0,0,0,0,0,0,0,0,0,0,0,0,0,0,0,0,0,0,1,0,1,0,8,0,12,0,43,0,109,0,213,0,495,0,1002,0,1902,0,3785,7007,0,12466,0,21537,0,35915,0,57955,0,90501,0,135260,0,195075,0,270180,0,361518,0,463320,0,573902,0,681080,0,775247,0,844418,0,885644,0,885145,0,848461,776658,1,677292,5,560659,30,440594,100,329447,347,232274,878,154150,1715,96848,2749,57251,3317,31803,3197,16587,2272,7345,1101,2965,390,871,73,218,14,46,2,6,0,1,0
0,0,0,0,0,0,0,0,0,0,0,0,0,0,0,0,0,0,0,0,0,0,0,0,0,0,0,0,0,0,0,0,0,0,0,0,0,0,0,0,0,0,0,0,0,0,0,0,0,0,0,0,0,0,4,0,3,0,14,0,50,0,98,0,209,0,496,0,988,0,1898,0,3697,6881,0,12364,0,21365,0,35594,0,57590,0,89685,0,134632,0,193734,0,268448,0,359633,0,462525,0,572330,0,679058,0,773528,0,843884,0,885962,0,885418,0,850476,778039,1,679263,2,561936,26,442954,114,330793,339,233167,866,155105,1748,97269,2753,57902,3330,31872,3250,16698,2304,7376,1131,2938,398,909,73,221,12,44,2,8,0,1,0
0,0,0,0,0,0,0,0,0,0,0,0,0,0,0,0,0,0,0,0,0,0,0,0,0,0,0,0,0,0,0,0,0,0,0,0,0,0,0,0,0,0,0,0,0,0,0,0,0,0,0,0,1,0,3,0,4,0,15,0,39,0,103,0,232,0,454,0,998,0,1871,0,3646,6861,0,12184,0,21041,0,35427,0,56929,0,89019,0,133472,0,193160,0,267331,0,358467,0,460431,0,570173,0,678276,0,771489,0,843306,0,885584,0,886616,0,851152,780394,0,680424,4,563762,30,444809,110,332608,319,233972,891,156304,1796,97675,2672,58207,3392,32230,3228,16733,2273,7497,1107,2995,381,940,76,229,11,46,1,7,0,1,0
0,0,0,0,0,0,0,0,0,0,0,0,0,0,0,0,0,0,0,0,0,0,0,0,0,0,0,0,0,0,0,0,0,0,0,0,0,0,0,0,0,0,0,0,0,0,0,0,0,0,1,0,0,0,3,0,5,0,12,0,41,0,100,0,220,0,460,0,948,0,1858,0,3614,6748,0,12138,0,20750,0,35124,0,56604,0,88514,0,132767,0,191270,0,266514,0,356324,0,459363,0,568646,0,676178,0,770070,0,843002,0,885196,0,888097,0,851822,780948,1,682623,3,566175,34,446368,107,334412,313,235340,850,156741,1792,98696,2722,58299,3401,32406,3288,16769,2295,7597,1109,3034,396,933,61,244,16,38,0,7,0,1,0
0,0,0,0,0,0,0,0,0,0,0,0,0,0,0,0,0,0,0,0,0,0,0,0,0,0,0,0,0,0,0,0,0,0,0,0,0,0,0,0,0,0,0,0,0,0,0,0,0,0,1,0,0,0,3,0,1,0,17,0,36,0,93,0,199,0,494,0,932,0,1859,0,3447,6768,0,11946,0,20825,0,34597,0,56548,0,87477,0,131433,0,190299,0,265301,0,355381,0,457706,0,566490,0,674591,0,768939,0,842807,0,884075,0,888858,0,852431,783626,1,683202,4,568896,28,448579,102,335142,361,237150,874,157311,1815,99159,2736,58815,3351,32725,3316,16756,2340,7672,1121,3061,398,931,65,256,16,36,0,9,0,0,0
0,0,0,0,0,0,0,0,0,0,0,0,0,0,0,0,0,0,0,0,0,0,0,0,0,0,0,0,0,0,0,0,0,0,0,0,0,0,0,0,0,0,0,0,0,0,0,0,0,0,1,0,0,0,1,0,7,0,11,0,35,0,91,0,220,0,431,0,955,0,1813,0,3537,6449,0,11880,0,20753,0,34313,0,55963,0,86858,0,130564,0,189001,0,264162,0,354021,0,456130,0,564434,0,673035,0,767472,0,841659,0,884582,0,889283,0,854163,784037,0,686083,6,570243,25,450654,111,336890,330,237771,833,158703,1750,99731,2749,58995,3371,33098,3291,16939,2277,7746,1148,3096,361,971,79,229,17,39,0,11,0,0,0
0,0,0,0,0,0,0,0,0,0,0,0,0,0,0,0,0,0,0,0,0,0,0,0,0,0,0,0,0,0,0,0,0,0,0,0,0,0,0,0,0,0,0,0,0,0,0,0,0,0,1,0,0,0,2,0,6,0,13,0,33,0,83,0,214,0,434,0,951,0,1786,0,3496,6423,0,11883,0,20524,0,34159,0,55260,0,86162,0,129504,0,188569,0,262851,0,351444,0,455129,0,563173,0,670749,0,766940,0,840303,0,884352,0,890691,0,854791,785580,1,686980,7,572761,25,452423,98,337917,304,239067,833,160074,1798,100385,2782,59286,3407,33259,3270,17160,2223,7873,1169,3057,358,1001,94,228,17,36,0,9,0,0,0
0,0,0,0,0,0,0,0,0,0,0,0,0,0,0,0,0,0,0,0,0,0,0,0,0,0,0,0,0,0,0,0,0,0,0,0,0,0,0,0,0,0,0,0,0,0,0,0,0,0,0,0,1,0,2,0,6,0,9,0,35,0,82,0,191,0,437,0,934,0,1826,0,3357,6434,0,11754,0,20032,0,34196,0,54904,0,85318,0,128945,0,186997,0,261639,0,350391,0,452539,0,561888,0,669244,0,765265,0,840180,0,883833,0,891062,0,856335,786595,0,688618,5,575608,25,453642,95,339713,301,240544,851,160928,1737,101005,2797,59514,3349,33275,3347,17524,2312,7744,1208,3100,355,1003,94,219,14,42,0,7,0,1,0
0,0,0,0,0,0,0,0,0,0,0,0,0,0,0,0,0,0,0,0,0,0,0,0,0,0,0,0,0,0,0,0,0,0,0,0,0,0,0,0,0,0,0,0,0,0,0,0,0,0,0,0,0,0,2,0,7,0,13,0,30,0,78,0,190,0,404,0,913,0,1849,0,3357,6358,0,11419,0,19979,0,33940,0,54257,0,85219,0,127751,0,185677,0,260061,0,349043,0,450473,0,560984,0,667591,0,764793,0,838880,0,883784,0,891005,0,858000,787849,0,690952,6,576467,25,455468,100,341801,319,241716,831,161767,1729,101538,2679,59909,3312,33684,3353,17566,2334,7919,1189,3064,380,1019,87,226,12,40,0,9,0,1,0
0,0,0,0,0,0,0,0,0,0,0,0,0,0,0,0,0,0,0,0,0,0,0,0,0,0,0,0,0,0,0,0,0,0,0,0,0,0,0,0,0,0,0,0,0,0,0,0,0,0,0,0,0,0,2,0,8,0,15,0,27,0,72,0,180,0,414,0,917,0,1777,0,3313,6293,0,11231,0,19941,0,33582,0,54335,0,84333,0,126895,0,184626,0,258945,0,346479,0,448820,0,558631,0,668114,0,762300,0,838709,0,883347,0,891841,0,859075,789355,0,692926,6,577724,24,457256,98,343594,316,242965,814,162492,1767,102199,2684,60257,3340,34004,3244,17673,2345,8039,1209,3053,386,1026,95,229,13,44,0,8,0,1,0
0,0,0,0,0,0,0,0,0,0,0,0,0,0,0,0,0,0,0,0,0,0,0,0,0,0,0,0,0,0,0,0,0,0,0,0,0,0,0,0,0,0,0,0,0,0,0,0,0,0,0,0,0,0,2,0,7,0,11,0,36,0,81,0,167,0,419,0,887,0,1772,0,3298,6157,0,11175,0,19774,0,33332,0,53815,0,83645,0,126268,0,183554,0,257078,0,345180,0,447222,0,556706,0,666178,0,761935,0,838433,0,883917,0,891294,0,860856,790404,0,693965,2,579469,29,459009,95,344882,297,245266,803,162533,1767,103294,2629,60456,3373,34322,3285,17815,2324,8083,1194,3100,402,1003,92,252,14,41,0,7,0,2,0
0,0,0,0,0,0,0,0,0,0,0,0,0,0,0,0,0,0,0,0,0,0,0,0,0,0,0,0,0,0,0,0,0,0,0,0,0,0,0,0,0,0,0,0,0,0,0,0,0,0,0,0,0,0,1,0,9,0,14,0,33,0,80,0,175,0,405,0,852,0,1750,0,3279,6062,0,11124,0,19607,0,33037,0,53312,0,83301,0,124927,0,182448,0,255354,0,344352,0,444814,0,556269,0,663481,0,761271,0,837745,0,883819,0,891508,0,861308,792811,0,695314,3,581811,30,461117,93,345773,290,246724,827,163675,1724,103600,2739,60904,3367,34411,3285,17824,2342,8294,1148,3106,390,1051,95,260,12,43,0,6,0,2,0
0,0,0,0,0,0,0,0,0,0,0,0,0,0,0,0,0,0,0,0,0,0,0,0,0,0,0,0,0,0,0,0,0,0,0,0,0,0,0,0,0,0,0,0,0,0,0,0,0,0,0,0,1,0,2,0,11,0,8,0,37,0,69,0,170,0,399,0,831,0,1732,0,3265,5956,0,10978,0,19450,0,32670,0,53058,0,82742,0,124189,0,181283,0,253359,0,342743,0,443811,0,553573,0,662107,0,760631,0,836546,0,884187,0,894391,0,860265,794126,0,697381,5,582608,26,463281,87,348545,294,246771,842,165286,1647,103834,2747,61334,3369,34595,3288,18017,2361,8256,1213,3167,423,1033,94,256,10,39,0,8,0,1,0
0,0,0,0,0,0,0,0,0,0,0,0,0,0,0,0,0,0,0,0,0,0,0,0,0,0,0,0,0,0,0,0,0,0,0,0,0,0,0,0,0,0,0,0,0,0,0,0,0,0,0,0,0,0,5,0,7,0,13,0,23,0,73,0,169,0,384,0,831,0,1680,0,3204,5974,0,10942,0,19099,0,32675,0,52358,0,82116,0,123108,0,180612,0,251833,0,341021,0,441793,0,552755,0,659551,0,760346,0,834625,0,885540,0,893450,0,862084,796282,0,699092,5,584190,23,465003,91,349820,292,248307,793,166199,1680,104141,2742,61961,3372,34757,3300,18086,2421,8311,1205,3157,431,1064,90,266,10,38,0,7,0,1,0
0,0,0,0,0,0,0,0,0,0,0,0,0,0,0,0,0,0,0,0,0,0,0,0,0,0,0,0,0,0,0,0,0,0,0,0,0,0,0,0,0,0,0,0,0,0,0,0,0,0,0,0,2,0,2,0,6,0,17,0,23,0,75,0,172,0,373,0,772,0,1690,0,3218,5910,0,10829,0,19219,0,31717,0,52149,0,81523,0,122914,0,178245,0,251317,0,340298,0,439646,0,550491,0,658629,0,758226,0,835939,0,883201,0,895336,0,862270,797875,0,700831,6,587367,18,465776,86,351078,283,248876,804,167344,1660,105292,2742,62103,3334,35153,3300,18145,2383,8439,1155,3229,421,1094,100,251,9,34,1,9,0,1,0
0,0,0,0,0,0,0,0,0,0,0,0,0,0,0,0,0,0,0,0,0,0,0,0,0,0,0,0,0,0,0,0,0,0,0,0,0,0,0,0,0,0,0,0,0,0,0,0,0,0,0,0,1,0,4,0,4,0,8,0,33,0,69,0,195,0,354,0,805,0,1664,0,3131,5904,0,10825,0,18995,0,31614,0,51720,0,80833,0,121487,0,177798,0,250809,0,337284,0,439403,0,547376,0,657898,0,755689,0,835948,0,883249,0,895776,0,863942,798435,0,703243,6,588226,20,468089,87,352420,294,250326,802,168022,1694,106082,2745,62699,3392,35194,3288,18251,2405,8441,1205,3306,407,1111,91,256,9,33,0,11,0,0,0
0,0,0,0,0,0,0,0,0,0,0,0,0,0,0,0,0,0,0,0,0,0,0,0,0,0,0,0,0,0,0,0,0,0,0,0,0,0,0,0,0,0,0,0,0,0,0,0,0,0,0,0,1,0,2,0,5,0,12,0,30,0,71,0,176,0,378,0,780,0,1625,0,3087,5806,0,10805,0,18569,0,31370,0,51306,0,80226,0,120972,0,176787,0,248964,0,336726,0,436593,0,545714,0,657120,0,754439,0,834778,0,883325,0,895528,0,865558,800070,0,704641,6,590640,23,470043,85,353401,305,252032,796,168231,1706,106574,2721,63532,3443,35270,3260,18537,2383,8466,1214,3356,427,1079,102,251,10,41,0,10,0,0,0
0,0,0,0,0,0,0,0,0,0,0,0,0,0,0,0,0,0,0,0,0,0,0,0,0,0,0,0,0,0,0,0,0,0,0,0,0,0,0,0,0,0,0,0,0,0,0,0,0,0,0,0,0,0,2,0,8,0,10,0,29,0,63,0,161,0,395,0,766,0,1597,0,3037,5738,0,10550,0,18413,0,31166,0,51060,0,79593,0,120180,0,175112,0,248183,0,334999,0,434069,0,545547,0,654384,0,755299,0,832454,0,882893,0,895323,0,868084,801202,1,706198,6,591950,22,472351,89,355407,293,253067,769,169232,1663,106797,2711,64144,3428,35679,3100,18697,2444,8517,1193,3389,420,1117,104,240,8,43,1,11,0,0,0
0,0,0,0,0,0,0,0,0,0,0,0,0,0,0,0,0,0,0,0,0,0,0,0,0,0,0,0,0,0,0,0,0,0,0,0,0,0,0,0,0,0,0,0,0,0,0,0,0,0,0,0,0,0,3,0,7,0,13,0,21,0,72,0,163,0,358,0,762,0,1563,0,3048,5708,0,10463,0,18215,0,30950,0,50778,0,78883,0,118856,0,174601,0,246292,0,333960,0,432518,0,543710,0,652091,0,754007,0,833251,0,882090,0,895774,0,868779,802116,0,708964,7,593714,20,473060,78,357855,321,253845,788,170481,1637,107249,2741,64486,3476,36098,3149,18695,2457,8689,1185,3383,408,1161,91,260,4,43,2,9,0,0,0
0,0,0,0,0,0,0,0,0,0,0,0,0,0,0,0,0,0,0,0,0,0,0,0,0,0,0,0,0,0,0,0,0,0,0,0,0,0,0,0,0,0,0,0,0,0,0,0,0,0,0,0,2,0,3,0,3,0,10,0,35,0,66,0,140,0,358,0,747,0,1585,0,2967,5674,0,10200,0,18249,0,30652,0,50210,0,78429,0,118245,0,173126,0,245247,0,331510,0,432184,0,541677,0,651548,0,751700,0,832173,0,882433,0,896477,0,868804,804336,0,710142,5,595587,29,475609,79,358524,304,255068,779,172048,1602,107755,2713,64898,3451,36223,3180,18859,2418,8661,1231,3465,437,1121,101,268,5,48,0,8,0,0,0
0,0,0,0,0,0,0,0,0,0,0,0,0,0,0,0,0,0,0,0,0,0,0,0,0,0,0,0,0,0,0,0,0,0,0,0,0,0,0,0,0,0,0,0,0,0,0,0,0,0,0,0,2,0,3,0,3,0,11,0,31,0,60,0,157,0,331,0,755,0,1512,0,3041,5585,0,10060,0,18154,0,30532,0,49418,0,77776,0,117344,0,172850,0,243794,0,330153,0,430470,0,539887,0,648691,0,752139,0,830958,0,881674,0,897086,0,869790,806627,0,711100,4,597674,24,476832,91,360142,319,256804,772,172459,1604,108858,2638,65253,3502,36439,3294,18715,2462,8763,1263,3490,446,1134,95,273,6,46,1,11,0,0,0
0,0,0,0,0,0,0,0,0,0,0,0,0,0,0,0,0,0,0,0,0,0,0,0,0,0,0,0,0,0,0,0,0,0,0,0,0,0,0,0,0,0,0,0,0,0,0,0,0,0,0,0,2,0,2,0,4,0,10,0,26,0,63,0,144,0,333,0,720,0,1530,0,2921,5542,0,10116,0,17855,0,30299,0,49280,0,77151,0,116663,0,171507,0,241890,0,329706,0,428832,0,537130,0,648212,0,749759,0,830793,0,882399,0,895900,0,872031,807438,0,712752,6,599755,22,478678,87,361256,307,258365,783,173059,1600,109889,2598,65621,3522,36590,3263,18886,2430,8924,1277,3472,449,1107,88,293,8,52,1,10,0,0,0
0,0,0,0,0,0,0,0,0,0,0,0,0,0,0,0,0,0,0,0,0,0,0,0,0,0,0,0,0,0,0,0,0,0,0,0,0,0,0,0,0,0,0,0,0,0,0,0,0,0,0,0,2,0,3,0,2,0,17,0,25,0,53,0,146,0,341,0,713,0,1450,0,2945,5488,0,9989,0,17661,0,29983,0,48868,0,76767,0,116012,0,170515,0,240804,0,327898,0,427507,0,535494,0,646174,0,748236,0,829887,0,882908,0,896445,0,872579,808720,0,714432,6,602241,24,480087,95,362448,303,259625,811,174461,1601,110062,2666,65845,3451,37088,3264,19124,2411,8933,1317,3461,435,1118,107,278,14,57,1,10,0,0,0
0,0,0,0,0,0,0,0,0,0,0,0,0,0,0,0,0,0,0,0,0,0,0,0,0,0,0,0,0,0,0,0,0,0,0,0,0,0,0,0,0,0,0,0,0,0,0,0,0,0,0,0,3,0,3,0,7,0,14,0,20,0,64,0,144,0,315,0,736,0,1452,0,2877,5493,0,9873,0,17569,0,29627,0,48331,0,76343,0,115357,0,169677,0,239391,0,326050,0,425789,0,534492,0,644151,0,745935,0,829619,0,882027,0,897921,0,873306,810445,0,715971,7,603919,23,482018,91,364410,282,260396,809,175681,1564,110872,2647,66186,3388,37328,3233,19383,2368,8999,1322,3459,447,1102,103,280,16,60,1,12,0,0,0
0,0,0,0,0,0,0,0,0,0,0,0,0,0,0,0,0,0,0,0,0,0,0,0,0,0,0,0,0,0,0,0,0,0,0,0,0,0,0,0,0,0,0,0,0,0,0,0,0,0,0,0,3,0,2,0,9,0,12,0,19,0,61,0,146,0,334,0,712,0,1479,0,2767,5443,0,9827,0,17252,0,29555,0,47710,0,75511,0,115247,0,168400,0,238741,0,323626,0,424540,0,532864,0,642124,0,745971,0,827129,0,883608,0,897221,0,873733,812341,0,718088,9,604695,22,484452,87,366276,286,261074,772,176683,1525,112008,2706,66391,3386,37537,3251,19438,2385,9056,1333,3526,444,1141,90,267,18,63,2,9,0,1,0
0,0,0,0,0,0,0,0,0,0,0,0,0,0,0,0,0,0,0,0,0,0,0,0,0,0,0,0,0,0,0,0,0,0,0,0,0,0,0,0,0,0,0,0,0,0,0,0,0,0,0,0,1,0,4,0,6,0,15,0,19,0,57,0,151,0,347,0,706,0,1415,0,2817,5391,0,9657,0,17101,0,29105,0,47495,0,74998,0,114461,0,167943,0,237045,0,322609,0,421438,0,531774,0,641434,0,743340,0,828022,0,881479,0,899254,0,872757,814757,0,719388,8,607884,20,485003,75,367998,300,262879,766,177345,1531,112365,2663,67292,3372,37567,3307,19568,2418,9117,1317,3602,441,1142,76,278,18,58,3,8,0,1,0
0,0,0,0,0,0,0,0,0,0,0,0,0,0,0,0,0,0,0,0,0,0,0,0,0,0,0,0,0,0,0,0,0,0,0,0,0,0,0,0,0,0,0,0,0,0,0,0,0,0,0,0,0,0,3,0,9,0,11,0,34,0,51,0,158,0,337,0,676,0,1445,0,2759,5226,0,9638,0,16821,0,28794,0,47322,0,74649,0,113409,0,167165,0,235920,0,320359,0,420982,0,528251,0,641045,0,742443,0,826695,0,881863,0,899149,0,874291,814774,1,721795,4,609196,14,487330,65,369461,295,264338,742,178289,1573,112783,2598,67773,3325,37872,3347,19670,2465,9196,1309,3656,433,1158,83,275,19,52,2,9,0,1,0
0,0,0,0,0,0,0,0,0,0,0,0,0,0,0,0,0,0,0,0,0,0,0,0,0,0,0,0,0,0,0,0,0,0,0,0,0,0,0,0,0,0,0,0,0,0,0,0,0,0,0,0,0,0,2,0,7,0,15,0,26,0,63,0,153,0,319,0,666,0,1432,0,2738,5183,0,9527,0,16608,0,28643,0,46987,0,73992,0,112547,0,165955,0,234719,0,319909,0,418856,0,526387,0,639540,0,742061,0,824207,0,881620,0,899314,0,875747,816076,2,724035,2,610960,16,488928,75,370770,300,266243,718,178980,1549,113281,2569,68486,3330,37880,3358,19806,2482,9245,1295,3723,462,1168,85,279,17,54,0,10,0,1,0
0,0,0,0,0,0,0,0,0,0,0,0,0,0,0,0,0,0,0,0,0,0,0,0,0,0,0,0,0,0,0,0,0,0,0,0,0,0,0,0,0,0,0,0,0,0,0,0,0,0,0,0,0,0,1,0,7,0,13,0,33,0,59,0,146,0,313,0,692,0,1379,0,2695,5168,0,9455,0,16302,0,28412,0,46774,0,73420,0,112102,0,164293,0,234010,0,318488,0,417099,0,524997,0,637513,0,739999,0,824867,0,880115,0,898965,0,877505,817199,1,725574,4,612378,17,492668,67,371678,274,267401,703,179988,1545,114198,2536,68552,3385,38002,3397,20010,2476,9349,1293,3815,474,1138,97,292,16,49,1,8,0,1,0
0,0,0,0,0,0,0,0,0,0,0,0,0,0,0,0,0,0,0,0,0,0,0,0,0,0,0,0,0,0,0,0,0,0,0,0,0,0,0,0,0,0,0,0,0,0,0,0,0,0,0,0,0,0,1,0,7,0,13,0,24,0,76,0,119,0,330,0,696,0,1376,0,2649,5108,0,9252,0,16239,0,27977,0,46320,0,73066,0,111434,0,163786,0,232426,0,317275,0,415059,0,523601,0,636503,0,738409,0,822958,0,880554,0,898858,0,878623,817799,2,727954,4,614129,21,493730,69,374492,271,268596,714,180881,1620,114621,2561,69054,3337,38104,3389,20152,2509,9425,1299,3797,505,1152,106,301,19,46,2,7,0,1,0
0,0,0,0,0,0,0,0,0,0,0,0,0,0,0,0,0,0,0,0,0,0,0,0,0,0,0,0,0,0,0,0,0,0,0,0,0,0,0,0,0,0,0,0,0,0,0,0,0,0,0,0,0,0,1,0,5,0,12,0,34,0,66,0,135,0,311,0,719,0,1287,0,2708,5005,0,9112,0,16218,0,27635,0,45937,0,72426,0,110747,0,162940,0,231392,0,315396,0,413579,0,523098,0,633360,0,736912,0,822890,0,879784,0,898563,0,879456,819857,1,730138,2,615953,23,494854,58,376595,271,269748,718,181806,1577,115320,2658,69240,3380,38515,3308,20464,2509,9414,1321,3764,505,1213,85,308,18,46,2,8,0,1,0
0,0,0,0,0,0,0,0,0,0,0,0,0,0,0,0,0,0,0,0,0,0,0,0,0,0,0,0,0,0,0,0,0,0,0,0,0,0,0,0,0,0,0,0,0,0,0,0,0,0,0,0,1,0,1,0,4,0,17,0,20,0,74,0,131,0,309,0,684,0,1310,0,2657,4942,0,9053,0,15933,0,27429,0,45756,0,71868,0,110049,0,161976,0,230373,0,314131,0,411518,0,521645,0,631392,0,736082,0,822000,0,878718,0,899896,0,879883,820703,1,732089,0,618103,23,496342,64,377854,262,271298,769,182804,1576,115951,2592,69708,3397,38896,3340,20446,2507,9589,1276,3803,499,1152,101,328,20,54,1,5,0,3,0
0,0,0,0,0,0,0,0,0,0,0,0,0,0,0,0,0,0,0,0,0,0,0,0,0,0,0,0,0,0,0,0,0,0,0,0,0,0,0,0,0,0,0,0,0,0,0,0,0,0,0,0,1,0,1,0,5,0,10,0,32,0,68,0,140,0,308,0,659,0,1305,0,2596,4896,0,9040,0,15884,0,27266,0,44909,0,71677,0,109433,0,161042,0,228980,0,312554,0,410184,0,518561,0,631231,0,734518,0,820658,0,878976,0,900024,0,880983,822321,0,732534,2,620688,22,497793,79,379784,245,272879,740,183568,1563,116516,2552,70171,3378,39126,3369,20674,2470,9663,1338,3818,468,1212,98,310,22,55,2,4,0,3,0
0,0,0,0,0,0,0,0,0,0,0,0,0,0,0,0,0,0,0,0,0,0,0,0,0,0,0,0,0,0,0,0,0,0,0,0,0,0,0,0,0,0,0,0,0,0,0,0,0,0,0,0,1,0,1,0,3,0,12,0,28,0,57,0,144,0,295,0,652,0,1306,0,2542,4901,0,8881,0,15710,0,27166,0,44555,0,70792,0,109290,0,160359,0,227167,0,310877,0,409418,0,516453,0,628957,0,733712,0,819502,0,878904,0,900874,0,881159,823348,0,734375,3,622432,20,499810,79,381195,261,274173,731,184990,1567,117063,2621,70353,3411,39638,3367,20615,2535,9705,1336,3906,441,1204,96,335,20,53,1,4,0,2,0
0,0,0,0,0,0,0,0,0,0,0,0,0,0,0,0,0,0,0,0,0,0,0,0,0,0,0,0,0,0,0,0,0,0,0,0,0,0,0,0,0,0,0,0,0,0,0,0,0,0,0,0,0,0,3,0,3,0,13,0,27,0,57,0,145,0,290,0,641,0,1249,0,2592,4775,0,8821,0,15646,0,26886,0,44074,0,70743,0,108215,0,159241,0,225440,0,309838,0,408333,0,514449,0,628295,0,731247,0,819483,0,878628,0,900374,0,882618,824238,0,736035,3,623986,22,501464,75,383517,240,274867,720,186052,1570,118462,2601,70051,3439,40064,3406,20733,2502,9840,1314,3926,439,1217,89,327,19,56,1,5,0,2,0
0,0,0,0,0,0,0,0,0,0,0,0,0,0,0,0,0,0,0,0,0,0,0,0,0,0,0,0,0,0,0,0,0,0,0,0,0,0,0,0,0,0,0,0,0,0,0,0,0,0,0,0,0,0,0,0,8,0,11,0,25,0,54,0,135,0,317,0,625,0,1302,0,2452,4683,0,8826,0,15553,0,26460,0,43868,0,69914,0,107650,0,157889,0,224877,0,308439,0,405612,0,514214,0,625341,0,730742,0,818287,0,878827,0,901523,0,882402,825051,0,737709,2,626173,18,503277,83,384746,249,277183,732,186401,1579,119520,2572,70266,3370,40096,3393,21051,2525,9888,1344,3901,501,1232,98,322,22,61,0,5,0,2,0
0,0,0,0,0,0,0,0,0,0,0,0,0,0,0,0,0,0,0,0,0,0,0,0,0,0,0,0,0,0,0,0,0,0,0,0,0,0,0,0,0,0,0,0,0,0,0,0,0,0,0,0,0,0,0,0,5,0,13,0,25,0,63,0,144,0,280,0,651,0,1272,0,2473,4622,0,8653,0,15373,0,26414,0,43447,0,69421,0,106578,0,157308,0,224106,0,306365,0,404848,0,511502,0,624400,0,727981,0,817743,0,879165,0,901609,0,883361,826879,2,739146,2,627724,20,505119,83,386853,239,277460,711,188296,1518,119669,2581,71046,3334,40268,3389,21241,2574,9878,1354,3917,512,1261,93,330,21,58,0,6,0,2,0
0,0,0,0,0,0,0,0,0,0,0,0,0,0,0,0,0,0,0,0,0,0,0,0,0,0,0,0,0,0,0,0,0,0,0,0,0,0,0,0,0,0,0,0,0,0,0,0,0,0,0,0,0,0,0,0,4,0,8,0,30,0,63,0,148,0,277,0,635,0,1238,0,2420,4658,0,8414,0,15278,0,26133,0,43268,0,68743,0,105682,0,156847,0,222559,0,305166,0,402495,0,510538,0,621848,0,727628,0,817859,0,877689,0,901429,0,884676,828952,0,740333,0,629576,16,506235,72,388471,263,279328,697,188854,1563,120296,2599,71696,3391,40346,3323,21558,2602,9892,1330,3970,504,1279,97,340,20,65,0,5,0,2,0
0,0,0,0,0,0,0,0,0,0,0,0,0,0,0,0,0,0,0,0,0,0,0,0,0,0,0,0,0,0,0,0,0,0,0,0,0,0,0,0,0,0,0,0,0,0,0,0,0,0,0,0,0,0,0,0,1,0,15,0,26,0,62,0,149,0,287,0,590,0,1228,0,2447,4455,0,8597,0,15060,0,25689,0,43230,0,68122,0,105196,0,155236,0,221738,0,303512,0,400546,0,509226,0,620592,0,726014,0,816471,0,877319,0,902505,0,884869,830972,0,742202,2,630979,15,508603,82,389314,255,280575,677,190104,1516,120610,2595,72463,3386,40828,3374,21318,2628,10045,1374,3995,495,1298,87,347,20,59,1,5,0,2,0
0,0,0,0,0,0,0,0,0,0,0,0,0,0,0,0,0,0,0,0,0,0,0,0,0,0,0,0,0,0,0,0,0,0,0,0,0,0,0,0,0,0,0,0,0,0,0,0,0,0,0,0,0,0,1,0,1,0,8,0,37,0,53,0,130,0,313,0,589,0,1193,0,2368,4585,0,8356,0,15004,0,25520,0,42638,0,67892,0,104291,0,154439,0,220214,0,302698,0,399598,0,506607,0,618972,0,724962,0,814999,0,878088,0,902625,0,885436,831728,1,743625,1,633312,12,510710,75,390907,261,281081,694,191322,1518,121221,2590,73121,3351,40943,3402,21465,2590,10086,1371,4096,507,1278,98,340,19,55,1,8,0,2,0
0,0,0,0,0,0,0,0,0,0,0,0,0,0,0,0,0,0,0,0,0,0,0,0,0,0,0,0,0,0,0,0,0,0,0,0,0,0,0,0,0,0,0,0,0,0,0,0,0,0,0,0,0,0,1,0,1,0,11,0,31,0,63,0,132,0,280,0,583,0,1201,0,2363,4517,0,8227,0,14738,0,25474,0,42319,0,67442,0,103491,0,153163,0,219742,0,300507,0,398193,0,505455,0,617776,0,723312,0,814805,0,876465,0,902255,0,887277,833260,1,745175,3,634546,8,513390,79,391480,254,283055,726,191717,1519,122041,2518,73404,3354,41251,3404,21811,2504,10223,1424,4085,500,1343,87,331,19,60,1,10,0,1,0
0,0,0,0,0,0,0,0,0,0,0,0,0,0,0,0,0,0,0,0,0,0,0,0,0,0,0,0,0,0,0,0,0,0,0,0,0,0,0,0,0,0,0,0,0,0,0,0,0,0,0,0,0,0,0,0,4,0,9,0,30,0,66,0,132,0,288,0,566,0,1194,0,2304,4453,0,8089,0,14666,0,25387,0,41824,0,66912,0,103137,0,152275,0,217569,0,299990,0,396092,0,504215,0,615676,0,723597,0,812903,0,875653,0,901195,0,889810,834321,0,747331,3,636084,13,514804,66,393259,243,284280,704,192321,1470,123214,2548,73716,3349,41415,3439,22088,2507,10388,1392,4027,512,1351,103,335,17,59,1,10,0,2,0
0,0,0,0,0,0,0,0,0,0,0,0,0,0,0,0,0,0,0,0,0,0,0,0,0,0,0,0,0,0,0,0,0,0,0,0,0,0,0,0,0,0,0,0,0,0,0,0,0,0,0,0,0,0,2,0,3,0,7,0,30,0,57,0,145,0,275,0,585,0,1184,0,2215,4432,0,8197,0,14438,0,25015,0,41592,0,66424,0,102117,0,151309,0,217263,0,297785,0,394725,0,502444,0,614619,0,721648,0,812670,0,874165,0,903247,0,889555,836199,0,748241,3,638283,14,516128,66,394673,248,285969,678,193278,1441,123855,2539,73827,3327,42021,3447,22217,2511,10387,1352,4163,509,1347,109,339,18,59,0,12,0,0,0
0,0,0,0,0,0,0,0,0,0,0,0,0,0,0,0,0,0,0,0,0,0,0,0,0,0,0,0,0,0,0,0,0,0,0,0,0,0,0,0,0,0,0,0,0,0,0,0,0,0,0,0,0,0,1,0,7,0,7,0,25,0,54,0,157,0,265,0,558,0,1183,0,2264,4376,0,7948,0,14375,0,24902,0,40996,0,65938,0,101548,0,150971,0,215581,0,296867,0,393091,0,500053,0,613855,0,719904,0,811725,0,874249,0,902587,0,889770,836818,0,750581,2,641012,15,517124,56,396996,272,287266,687,194257,1446,124474,2495,74319,3328,42405,3381,22116,2616,10522,1361,4194,506,1351,108,347,20,63,0,13,0,0,0
0,0,0,0,0,0,0,0,0,0,0,0,0,0,0,0,0,0,0,0,0,0,0,0,0,0,0,0,0,0,0,0,0,0,0,0,0,0,0,0,0,0,0,0,0,0,0,0,0,0,0,0,0,0,0,0,5,0,14,0,23,0,61,0,147,0,257,0,591,0,1136,0,2214,4291,0,7983,0,14184,0,24608,0,40726,0,65679,0,100549,0,149789,0,214853,0,295408,0,391498,0,499046,0,611601,0,718833,0,811622,0,873414,0,902773,0,889859,837531,0,753505,1,641911,14,519652,59,398034,250,288215,681,195428,1463,125033,2468,75137,3370,42615,3362,22260,2651,10573,1386,4241,511,1332,102,363,21,64,0,11,0,0,0
0,0,0,0,0,0,0,0,0,0,0,0,0,0,0,0,0,0,0,0,0,0,0,0,0,0,0,0,0,0,0,0,0,0,0,0,0,0,0,0,0,0,0,0,0,0,0,0,0,0,0,0,0,0,1,0,2,0,10,0,31,0,55,0,135,0,274,0,595,0,1139,0,2161,4258,0,7990,0,14112,0,24428,0,40478,0,64919,0,99732,0,148956,0,213864,0,293594,0,390330,0,497101,0,609383,0,718464,0,809429,0,874013,0,902481,0,891372,839077,0,754615,1,644064,14,521000,62,400147,261,288904,656,196482,1477,125461,2503,76036,3289,42912,3355,22378,2681,10659,1390,4278,519,1328,116,337,22,70,0,7,0,0,0
0,0,0,0,0,0,0,0,0,0,0,0,0,0,0,0,0,0,0,0,0,0,0,0,0,0,0,0,0,0,0,0,0,0,0,0,0,0,0,0,0,0,0,0,0,0,0,0,0,0,0,0,0,0,0,0,6,0,9,0,31,0,53,0,133,0,255,0,604,0,1050,0,2204,4244,0,7818,0,14177,0,23980,0,40005,0,64740,0,99368,0,147451,0,212553,0,292671,0,388611,0,496190,0,607689,0,716099,0,809327,0,873181,0,902938,0,892298,839823,0,756162,2,646094,10,523126,74,400964,239,290370,666,197646,1467,126373,2514,76176,3396,43154,3428,22505,2657,10775,1387,4250,548,1343,128,340,24,70,1,10,0,1,0
0,0,0,0,0,0,0,0,0,0,0,0,0,0,0,0,0,0,0,0,0,0,0,0,0,0,0,0,0,0,0,0,0,0,0,0,0,0,0,0,0,0,0,0,0,0,0,0,0,0,0,0,0,0,1,0,3,0,12,0,26,0,68,0,120,0,257,0,553,0,1068,0,2217,4091,0,7831,0,14076,0,23713,0,39714,0,64090,0,98907,0,146694,0,211302,0,290967,0,387232,0,495081,0,605760,0,714492,0,807599,0,873197,0,903740,0,891302,842142,0,758662,3,648348,14,524709,74,402135,235,291395,649,198636,1428,127086,2534,76696,3361,43411,3373,22743,2666,10825,1388,4279,540,1391,127,343,18,73,0,10,0,1,0
0,0,0,0,0,0,0,0,0,0,0,0,0,0,0,0,0,0,0,0,0,0,0,0,0,0,0,0,0,0,0,0,0,0,0,0,0,0,0,0,0,0,0,0,0,0,0,0,0,0,0,0,0,0,1,0,5,0,9,0,26,0,67,0,129,0,249,0,562,0,1065,0,2142,4118,0,7681,0,13786,0,23730,0,39455,0,63484,0,97989,0,146196,0,209374,0,290913,0,385384,0,492994,0,603918,0,714004,0,807581,0,871849,0,902146,0,893326,843456,0,760210,2,650070,10,525963,67,404352,240,292380,652,199137,1491,128708,2511,76725,3317,43811,3435,23026,2632,10816,1428,4299,534,1375,121,346,18,80,0,12,0,1,0
0,0,0,0,0,0,0,0,0,0,0,0,0,0,0,0,0,0,0,0,0,0,0,0,0,0,0,0,0,0,0,0,0,0,0,0,0,0,0,0,0,0,0,0,0,0,0,0,0,0,0,0,0,0,1,0,3,0,13,0,24,0,55,0,130,0,255,0,532,0,1073,0,2132,4124,0,7669,0,13579,0,23361,0,39352,0,62967,0,97169,0,145912,0,207615,0,289074,0,384797,0,491022,0,602609,0,712896,0,805670,0,871396,0,903593,0,893152,844522,0,761497,2,651238,9,529089,67,405640,214,293469,659,200694,1490,129007,2497,77305,3290,44199,3422,23099,2628,10925,1442,4341,525,1373,121,359,16,79,1,14,0,0,0
0,0,0,0,0,0,0,0,0,0,0,0,0,0,0,0,0,0,0,0,0,0,0,0,0,0,0,0,0,0,0,0,0,0,0,0,0,0,0,0,0,0,0,0,0,0,0,0,0,0,0,0,0,0,1,0,4,0,10,0,24,0,66,0,115,0,277,0,523,0,1069,0,2075,4055,0,7636,0,13416,0,23165,0,38914,0,62643,0,96679,0,144186,0,207532,0,287288,0,383747,0,488549,0,601692,0,711613,0,804669,0,869897,0,904496,0,893724,845188,0,763923,4,652958,16,530194,64,407917,242,294781,646,201830,1513,129572,2446,77735,3288,44357,3346,23467,2591,10914,1446,4387,538,1381,108,388,19,71,1,12,0,0,0
0,0,0,0,0,0,0,0,0,0,0,0,0,0,0,0,0,0,0,0,0,0,0,0,0,0,0,0,0,0,0,0,0,0,0,0,0,0,0,0,0,0,0,0,0,0,0,0,0,0,0,0,0,0,1,0,4,0,12,0,20,0,69,0,124,0,244,0,549,0,1054,0,2040,4136,0,7474,0,13252,0,23054,0,38693,0,61999,0,95993,0,143600,0,206779,0,286070,0,381266,0,486980,0,600086,0,709096,0,803897,0,871578,0,902510,0,895711,847055,0,764214,1,655499,15,531330,53,409007,216,296713,613,203257,1507,130162,2477,78072,3303,44642,3442,23477,2651,11016,1430,4401,530,1446,107,377,17,74,1,12,0,0,0
0,0,0,0,0,0,0,0,0,0,0,0,0,0,0,0,0,0,0,0,0,0,0,0,0,0,0,0,0,0,0,0,0,0,0,0,0,0,0,0,0,0,0,0,0,0,0,0,0,0,0,0,1,0,0,0,2,0,10,0,28,0,63,0,122,0,251,0,530,0,1045,0,2057,4102,0,7266,0,13257,0,22808,0,38398,0,61370,0,95218,0,142537,0,206047,0,284379,0,380160,0,485400,0,599175,0,708033,0,800585,0,871822,0,902407,0,896178,849159,0,765945,1,657073,20,533095,61,410648,204,298153,607,204197,1447,131018,2531,78602,3280,44724,3489,23546,2679,11197,1420,4457,560,1443,117,383,20,70,1,10,0,0,0
0,0,0,0,0,0,0,0,0,0,0,0,0,0,0,0,0,0,0,0,0,0,0,0,0,0,0,0,0,0,0,0,0,0,0,0,0,0,0,0,0,0,0,0,0,0,0,0,0,0,0,0,0,0,2,0,4,0,6,0,26,0,65,0,126,0,243,0,525,0,1016,0,2023,4055,0,7292,0,13047,0,22784,0,37844,0,60946,0,94236,0,141842,0,204499,0,284051,0,377935,0,484741,0,596192,0,707129,0,800271,0,870727,0,902719,0,898088,848656,0,768307,1,658998,22,534374,49,412165,206,299697,650,205356,1454,131189,2563,79147,3353,45027,3455,23826,2647,11264,1494,4467,541,1465,134,365,20,71,1,10,0,0,0
0,0,0,0,0,0,0,0,0,0,0,0,0,0,0,0,0,0,0,0,0,0,0,0,0,0,0,0,0,0,0,0,0,0,0,0,0,0,0,0,0,0,0,0,0,0,0,0,0,0,0,0,0,0,1,0,3,0,9,0,22,0,55,0,132,0,247,0,498,0,1021,0,2039,3911,0,7252,0,12984,0,22624,0,37453,0,60379,0,93677,0,140866,0,203784,0,282977,0,376672,0,482947,0,594991,0,704117,0,800117,0,870408,0,903283,0,897411,850443,0,769628,4,660563,21,536766,47,413200,213,301455,635,206209,1435,131813,2557,79936,3311,45199,3364,24102,2587,11397,1492,4502,573,1459,132,383,18,72,1,11,0,0,0
0,0,0,0,0,0,0,0,0,0,0,0,0,0,0,0,0,0,0,0,0,0,0,0,0,0,0,0,0,0,0,0,0,0,0,0,0,0,0,0,0,0,0,0,0,0,0,0,0,0,0,0,0,0,1,0,2,0,10,0,24,0,55,0,140,0,229,0,507,0,994,0,2044,3848,0,7103,0,12932,0,22474,0,37287,0,59848,0,92807,0,140622,0,202259,0,281461,0,374708,0,481074,0,594081,0,702780,0,799470,0,869569,0,903053,0,897783,853023,0,770233,2,662841,17,537954,57,415301,206,302775,637,207179,1449,132504,2546,80365,3280,45512,3329,24291,2662,11270,1496,4679,540,1496,131,364,18,73,0,13,0,0,0
0,0,0,0,0,0,0,0,0,0,0,0,0,0,0,0,0,0,0,0,0,0,0,0,0,0,0,0,0,0,0,0,0,0,0,0,0,0,0,0,0,0,0,0,0,0,0,0,0,0,0,0,0,0,0,0,6,0,9,0,23,0,59,0,122,0,233,0,499,0,1014,0,1963,3827,0,7128,0,12713,0,22423,0,37084,0,59198,0,92322,0,139776,0,201323,0,279658,0,373527,0,479588,0,591514,0,701874,0,797863,0,869119,0,903159,0,899890,853063,0,772505,2,663859,19,540444,54,416774,215,303646,647,207999,1450,133692,2484,80990,3283,45653,3372,24375,2685,11412,1523,4678,569,1497,122,366,22,80,0,14,0,0,0
0,0,0,0,0,0,0,0,0,0,0,0,0,0,0,0,0,0,0,0,0,0,0,0,0,0,0,0,0,0,0,0,0,0,0,0,0,0,0,0,0,0,0,0,0,0,0,0,0,0,0,0,0,0,2,0,3,0,9,0,21,0,55,0,125,0,232,0,500,0,950,0,2011,3703,0,7147,0,12598,0,22023,0,36842,0,58984,0,91387,0,138649,0,200533,0,278846,0,371412,0,478412,0,590439,0,699833,0,796689,0,868213,0,903816,0,900255,855115,0,773694,2,665044,17,543394,50,418248,214,304149,617,209389,1435,134079,2459,81565,3366,45956,3404,24483,2701,11470,1508,4675,583,1492,113,380,23,78,0,16,0,0,0
0,0,0,0,0,0,0,0,0,0,0,0,0,0,0,0,0,0,0,0,0,0,0,0,0,0,0,0,0,0,0,0,0,0,0,0,0,0,0,0,0,0,0,0,0,0,0,0,0,0,0,0,0,0,0,0,5,0,6,0,22,0,63,0,103,0,229,0,481,0,989,0,1893,3754,0,6973,0,12601,0,21864,0,36327,0,58578,0,91120,0,137459,0,199771,0,277301,0,370398,0,476300,0,588411,0,698676,0,795724,0,868612,0,903513,0,901067,856752,0,774125,2,667510,17,544607,48,419868,205,305545,626,209841,1434,135187,2460,82210,3264,46323,3408,24560,2692,11596,1464,4731,588,1499,108,386,24,72,1,15,0,0,0
0,0,0,0,0,0,0,0,0,0,0,0,0,0,0,0,0,0,0,0,0,0,0,0,0,0,0,0,0,0,0,0,0,0,0,0,0,0,0,0,0,0,0,0,0,0,0,0,0,0,0,0,0,0,0,0,6,0,11,0,19,0,42,0,123,0,226,0,465,0,945,0,1949,3660,0,6980,0,12601,0,21487,0,36172,0,58102,0,90431,0,136439,0,198538,0,275961,0,370126,0,473732,0,586607,0,698779,0,793263,0,868257,0,902533,0,903446,856603,0,777203,5,669260,13,545458,51,421282,220,307163,627,210894,1405,136129,2379,82384,3322,46706,3447,24597,2707,11644,1498,4768,569,1563,111,389,21,73,1,16,0,0,0
0,0,0,0,0,0,0,0,0,0,0,0,0,0,0,0,0,0,0,0,0,0,0,0,0,0,0,0,0,0,0,0,0,0,0,0,0,0,0,0,0,0,0,0,0,0,0,0,0,0,0,0,0,0,1,0,7,0,6,0,19,0,46,0,113,0,232,0,467,0,947,0,1867,3664,0,6896,0,12363,0,21362,0,35840,0,58106,0,89382,0,135785,0,197404,0,274301,0,368623,0,472834,0,585153,0,696327,0,794012,0,866068,0,904136,0,902278,857952,0,779166,3,671262,10,547099,52,422608,225,308926,616,212182,1417,136215,2407,82903,3322,47083,3474,24736,2687,11783,1500,4771,565,1585,130,373,20,78,1,17,0,1,0
0,0,0,0,0,0,0,0,0,0,0,0,0,0,0,0,0,0,0,0,0,0,0,0,0,0,0,0,0,0,0,0,0,0,0,0,0,0,0,0,0,0,0,0,0,0,0,0,0,0,0,0,0,0,0,0,6,0,7,0,16,0,52,0,95,0,225,0,471,0,934,0,1858,3698,0,6842,0,12136,0,21305,0,35366,0,57633,0,88955,0,135495,0,195424,0,273621,0,366226,0,471870,0,583700,0,695751,0,792717,0,864080,0,904812,0,902697,859297,0,780922,1,672378,12,549318,48,424182,231,310511,627,212827,1416,137304,2325,83318,3314,47253,3459,25014,2706,11857,1491,4801,591,1596,135,367,18,79,1,16,0,1,0
0,0,0,0,0,0,0,0,0,0,0,0,0,0,0,0,0,0,0,0,0,0,0,0,0,0,0,0,0,0,0,0,0,0,0,0,0,0,0,0,0,0,0,0,0,0,0,0,0,0,0,0,0,0,0,0,4,0,5,0,20,0,43,0,106,0,226,0,446,0,937,0,1859,3695,0,6675,0,12051,0,21082,0,35009,0,56860,0,88868,0,134402,0,194757,0,272057,0,364974,0,470304,0,582228,0,693271,0,791897,0,863940,0,904988,0,903322,861623,0,781787,3,674417,12,550094,52,426288,214,311577,614,213724,1404,138052,2386,83661,3315,47776,3475,25115,2698,12015,1438,4791,594,1618,129,390,20,84,1,14,0,1,0
0,0,0,0,0,0,0,0,0,0,0,0,0,0,0,0,0,0,0,0,0,0,0,0,0,0,0,0,0,0,0,0,0,0,0,0,0,0,0,0,0,0,0,0,0,0,0,0,0,0,0,0,0,0,0,0,4,0,9,0,22,0,35,0,102,0,220,0,441,0,893,0,1915,3569,0,6607,0,11996,0,20790,0,34956,0,56308,0,88520,0,133142,0,194059,0,271008,0,363317,0,468347,0,581683,0,691087,0,789847,0,864937,0,904251,0,903735,862712,0,783767,3,675285,13,552562,57,427861,212,313132,592,214585,1352,138827,2413,84333,3315,47829,3479,25347,2703,12056,1459,4808,588,1658,133,408,19,85,1,13,0,1,0
0,0,0,0,0,0,0,0,0,0,0,0,0,0,0,0,0,0,0,0,0,0,0,0,0,0,0,0,0,0,0,0,0,0,0,0,0,0,0,0,0,0,0,0,0,0,0,0,0,0,0,0,0,0,0,0,3,0,12,0,14,0,40,0,97,0,238,0,410,0,939,0,1797,3456,0,6619,0,11945,0,20718,0,34564,0,55678,0,88236,0,132259,0,192586,0,270055,0,362547,0,465992,0,579402,0,690856,0,789166,0,863880,0,904570,0,903857,864087,0,784434,3,677573,9,554106,54,430094,198,314144,591,215740,1364,139052,2453,85097,3318,48230,3493,25377,2642,12093,1510,4869,603,1659,147,419,22,75,1,14,0,1,0
0,0,0,0,0,0,0,0,0,0,0,0,0,0,0,0,0,0,0,0,0,0,0,0,0,0,0,0,0,0,0,0,0,0,0,0,0,0,0,0,0,0,0,0,0,0,0,0,0,0,0,0,0,0,0,0,4,0,8,0,18,0,36,0,86,0,214,0,448,0,944,0,1713,3517,0,6408,0,12005,0,20695,0,33956,0,55363,0,87546,0,131699,0,191467,0,268538,0,360716,0,465514,0,577417,0,689982,0,786931,0,862802,0,904665,0,906109,864125,0,785518,2,680254,16,555517,53,431479,208,315401,624,216986,1356,140074,2391,85625,3241,48511,3442,25550,2716,12135,1523,4877,645,1663,152,407,20,80,1,14,0,1,0
0,0,0,0,0,0,0,0,0,0,0,0,0,0,0,0,0,0,0,0,0,0,0,0,0,0,0,0,0,0,0,0,0,0,0,0,0,0,0,0,0,0,0,0,0,0,0,0,0,0,0,0,0,0,0,0,2,0,11,0,14,0,40,0,85,0,212,0,430,0,890,0,1764,3354,0,6515,0,11806,0,20345,0,33834,0,55395,0,86191,0,131521,0,190570,0,267417,0,358529,0,463764,0,576696,0,686942,0,787164,0,861711,0,905252,0,906793,864517,0,787396,3,681529,13,557911,48,433065,232,316293,589,218102,1315,141323,2369,85910,3315,48754,3423,25785,2698,12125,1515,4958,620,1669,164,404,20,79,0,16,0,1,0
0,0,0,0,0,0,0,0,0,0,0,0,0,0,0,0,0,0,0,0,0,0,0,0,0,0,0,0,0,0,0,0,0,0,0,0,0,0,0,0,0,0,0,0,0,0,0,0,0,0,0,0,0,0,0,0,4,0,7,0,14,0,45,0,80,0,207,0,447,0,859,0,1744,3345,0,6451,0,11642,0,20245,0,33582,0,54446,0,86126,0,130632,0,189921,0,264917,0,358265,0,461986,0,574830,0,686096,0,786367,0,861563,0,904623,0,906906,866717,0,788248,4,682418,13,560136,42,434129,224,317880,608,219825,1361,141617,2400,86164,3349,49003,3517,25889,2776,12255,1502,4993,630,1672,158,401,27,87,0,12,0,1,0
0,0,0,0,0,0,0,0,0,0,0,0,0,0,0,0,0,0,0,0,0,0,0,0,0,0,0,0,0,0,0,0,0,0,0,0,0,0,0,0,0,0,0,0,0,0,0,0,0,0,0,0,0,0,0,0,2,0,5,0,19,0,39,0,102,0,198,0,413,0,861,0,1711,3340,0,6334,0,11546,0,19953,0,33735,0,53935,0,85489,0,129620,0,188871,0,264186,0,355837,0,460665,0,574002,0,683753,0,785615,0,860909,0,905990,0,906887,868014,1,788168,5,684903,17,561720,50,435095,227,320460,608,220662,1282,142610,2361,86385,3258,49168,3514,26294,2767,12238,1510,5087,614,1667,159,423,23,86,0,15,0,0,0
0,0,0,0,0,0,0,0,0,0,0,0,0,0,0,0,0,0,0,0,0,0,0,0,0,0,0,0,0,0,0,0,0,0,0,0,0,0,0,0,0,0,0,0,0,0,0,0,0,0,0,0,0,0,0,0,3,0,4,0,22,0,40,0,93,0,188,0,424,0,831,0,1718,3293,0,6333,0,11415,0,19691,0,33218,0,53964,0,85237,0,128714,0,187295,0,262996,0,354522,0,458841,0,572323,0,684287,0,783176,0,861029,0,904666,0,907930,868366,1,790793,3,686305,11,563300,44,436911,198,321705,576,221796,1350,143219,2358,86766,3281,49750,3384,26203,2749,12379,1572,5126,601,1703,166,411,28,84,0,16,0,0,0
0,0,0,0,0,0,0,0,0,0,0,0,0,0,0,0,0,0,0,0,0,0,0,0,0,0,0,0,0,0,0,0,0,0,0,0,0,0,0,0,0,0,0,0,0,0,0,0,0,0,0,0,0,0,0,0,3,0,2,0,20,0,37,0,82,0,207,0,410,0,832,0,1643,3317,0,6191,0,11367,0,19483,0,32919,0,53732,0,84596,0,128098,0,186475,0,262064,0,352551,0,456950,0,570638,0,683068,0,782963,0,859599,0,905050,0,907702,868983,0,794314,3,687288,9,564626,43,438259,192,322896,595,222797,1323,144055,2286,87617,3324,50102,3470,26154,2741,12538,1585,5174,592,1736,175,408,28,82,0,13,0,1,0
0,0,0,0,0,0,0,0,0,0,0,0,0,0,0,0,0,0,0,0,0,0,0,0,0,0,0,0,0,0,0,0,0,0,0,0,0,0,0,0,0,0,0,0,0,0,0,0,0,0,0,0,0,0,0,0,4,0,3,0,19,0,37,0,94,0,175,0,415,0,816,0,1615,3222,0,6197,0,11267,0,19352,0,32678,0,53544,0,83791,0,126989,0,185824,0,260498,0,351008,0,456162,0,569082,0,681575,0,781736,0,859590,0,903595,0,909408,870794,1,794150,2,689341,10,566006,45,440214,209,324341,603,223377,1315,144970,2340,88078,3382,50428,3363,26445,2716,12709,1605,5193,598,1745,179,431,24,83,1,13,0,1,0
0,0,0,0,0,0,0,0,0,0,0,0,0,0,0,0,0,0,0,0,0,0,0,0,0,0,0,0,0,0,0,0,0,0,0,0,0,0,0,0,0,0,0,0,0,0,0,0,0,0,0,0,0,0,2,0,1,0,7,0,15,0,34,0,96,0,179,0,393,0,831,0,1620,3197,0,6043,0,11084,0,19230,0,32506,0,53174,0,83084,0,126349,0,184351,0,259530,0,349155,0,455112,0,567940,0,679235,0,781182,0,858584,0,904852,0,908221,873248,1,795352,1,690405,9,567680,43,441647,216,325768,545,225229,1349,145458,2351,88969,3318,50301,3409,26527,2757,12853,1625,5245,593,1761,172,444,27,81,1,15,0,1,0
0,0,0,0,0,0,0,0,0,0,0,0,0,0,0,0,0,0,0,0,0,0,0,0,0,0,0,0,0,0,0,0,0,0,0,0,0,0,0,0,0,0,0,0,0,0,0,0,0,0,0,0,0,0,2,0,2,0,6,0,13,0,38,0,88,0,183,0,376,0,826,0,1615,3137,0,6018,0,11045,0,19026,0,32107,0,52720,0,82813,0,125378,0,183644,0,257817,0,348106,0,453425,0,565601,0,678879,0,779614,0,858754,0,903149,0,910241,873375,0,796590,2,692288,9,570237,47,443667,219,326513,556,226300,1329,146376,2306,89161,3338,50615,3347,26857,2734,12862,1604,5305,645,1761,166,438,28,91,1,17,0,1,0
0,0,0,0,0,0,0,0,0,0,0,0,0,0,0,0,0,0,0,0,0,0,0,0,0,0,0,0,0,0,0,0,0,0,0,0,0,0,0,0,0,0,0,0,0,0,0,0,0,0,0,0,1,0,0,0,1,0,7,0,17,0,44,0,85,0,166,0,378,0,795,0,1646,3100,0,5881,0,10917,0,18803,0,32041,0,52112,0,82280,0,125054,0,182342,0,256204,0,347925,0,451129,0,564067,0,677022,0,779094,0,858149,0,903844,0,910261,872731,0,799444,2,693554,6,571522,39,445761,192,328360,624,226963,1336,146886,2260,89792,3296,51015,3521,26942,2805,12829,1635,5388,678,1717,159,451,27,85,2,20,0,1,0
0,0,0,0,0,0,0,0,0,0,0,0,0,0,0,0,0,0,0,0,0,0,0,0,0,0,0,0,0,0,0,0,0,0,0,0,0,0,0,0,0,0,0,0,0,0,0,0,0,0,0,0,0,0,1,0,1,0,3,0,18,0,46,0,87,0,149,0,376,0,806,0,1609,3055,0,5826,0,10815,0,18605,0,31695,0,52106,0,81417,0,124384,0,181507,0,254807,0,345989,0,450540,0,563179,0,674223,0,777916,0,857618,0,904066,0,910886,873807,0,800030,0,695651,9,573249,48,447976,194,329312,589,227938,1300,147881,2257,90191,3306,51320,3532,27130,2818,12876,1599,5462,669,1791,158,452,27,84,1,20,0,1,0
0,0,0,0,0,0,0,0,0,0,0,0,0,0,0,0,0,0,0,0,0,0,0,0,0,0,0,0,0,0,0,0,0,0,0,0,0,0,0,0,0,0,0,0,0,0,0,0,0,0,0,0,0,0,1,0,0,0,5,0,20,0,36,0,89,0,159,0,347,0,806,0,1545,3018,0,5867,0,10579,0,18717,0,31235,0,51740,0,81171,0,123400,0,179905,0,253841,0,344346,0,450079,0,561459,0,672890,0,776156,0,857103,0,903950,0,911755,874350,0,802108,1,696549,9,575229,64,449048,175,331125,555,229112,1273,148907,2357,90228,3337,51694,3462,27557,2730,13037,1570,5480,650,1829,157,465,23,85,3,19,0,1,0
0,0,0,0,0,0,0,0,0,0,0,0,0,0,0,0,0,0,0,0,0,0,0,0,0,0,0,0,0,0,0,0,0,0,0,0,0,0,0,0,0,0,0,0,0,0,0,0,0,0,0,0,0,0,0,0,1,0,7,0,18,0,39,0,85,0,154,0,362,0,791,0,1547,2982,0,5728,0,10526,0,18583,0,31012,0,51147,0,81098,0,122222,0,179426,0,252750,0,342955,0,447929,0,560011,0,671293,0,774758,0,856839,0,903670,0,912850,875659,0,802507,1,698717,7,576630,54,451394,189,332072,538,229957,1301,149715,2305,90935,3325,51974,3443,27696,2691,13097,1581,5655,638,1786,151,478,23,83,3,18,0,2,0
0,0,0,0,0,0,0,0,0,0,0,0,0,0,0,0,0,0,0,0,0,0,0,0,0,0,0,0,0,0,0,0,0,0,0,0,0,0,0,0,0,0,0,0,0,0,0,0,0,0,0,0,0,0,1,0,1,0,9,0,12,0,46,0,69,0,153,0,356,0,769,0,1535,3004,0,5660,0,10464,0,18290,0,30906,0,50900,0,80450,0,121770,0,177545,0,251341,0,342679,0,446056,0,558018,0,669676,0,774754,0,855391,0,904820,0,912166,877311,0,802833,3,701431,6,577964,58,452411,171,333877,550,231118,1257,150308,2304,91587,3377,52452,3526,27767,2662,13172,1592,5620,682,1753,173,470,21,90,2,16,0,3,0
0,0,0,0,0,0,0,0,0,0,0,0,0,0,0,0,0,0,0,0,0,0,0,0,0,0,0,0,0,0,0,0,0,0,0,0,0,0,0,0,0,0,0,0,0,0,0,0,0,0,0,0,0,0,1,0,3,0,5,0,17,0,35,0,71,0,160,0,340,0,732,0,1581,2983,0,5592,0,10283,0,17868,0,31060,0,50726,0,79709,0,120935,0,176740,0,250469,0,340299,0,445487,0,555767,0,669664,0,772441,0,855042,0,904285,0,912006,878492,0,806362,3,701711,12,580594,54,452623,175,335659,533,232137,1256,151028,2344,92319,3328,52551,3522,27946,2711,13369,1627,5494,669,1820,157,472,23,93,2,17,0,4,0
0,0,0,0,0,0,0,0,0,0,0,0,0,0,0,0,0,0,0,0,0,0,0,0,0,0,0,0,0,0,0,0,0,0,0,0,0,0,0,0,0,0,0,0,0,0,0,0,0,0,0,0,0,0,1,0,2,0,5,0,16,0,36,0,59,0,158,0,348,0,742,0,1516,2925,0,5609,0,10028,0,17894,0,30806,0,50248,0,79263,0,120257,0,176002,0,249055,0,338846,0,442509,0,556092,0,666781,0,773067,0,854439,0,902926,0,913703,878791,0,807417,1,703565,12,582068,53,454984,187,336208,523,233538,1252,151712,2311,92957,3302,52977,3533,28076,2761,13447,1653,5466,678,1811,175,482,20,92,2,19,0,2,0
0,0,0,0,0,0,0,0,0,0,0,0,0,0,0,0,0,0,0,0,0,0,0,0,0,0,0,0,0,0,0,0,0,0,0,0,0,0,0,0,0,0,0,0,0,0,0,0,0,0,0,0,1,0,1,0,1,0,6,0,13,0,31,0,65,0,165,0,325,0,738,0,1462,2886,0,5613,0,9987,0,17818,0,30357,0,49807,0,78789,0,119671,0,174674,0,248093,0,338224,0,440844,0,553382,0,666300,0,772709,0,852502,0,903901,0,912452,880239,1,809590,3,704934,12,583513,56,457114,192,337145,522,234636,1253,152741,2279,93111,3230,53557,3590,28129,2782,13474,1630,5602,651,1819,174,469,21,103,2,15,0,2,0
0,0,0,0,0,0,0,0,0,0,0,0,0,0,0,0,0,0,0,0,0,0,0,0,0,0,0,0,0,0,0,0,0,0,0,0,0,0,0,0,0,0,0,0,0,0,0,0,0,0,0,0,0,0,2,0,2,0,6,0,12,0,32,0,62,0,141,0,341,0,718,0,1435,2943,0,5467,0,9942,0,17652,0,30124,0,49501,0,78140,0,118805,0,174053,0,246946,0,336049,0,439700,0,551012,0,666893,0,770924,0,852300,0,901987,0,913733,882862,2,809750,3,706478,8,585340,64,458531,155,338626,546,235520,1228,153340,2309,93972,3196,53835,3580,28363,2732,13557,1596,5623,668,1813,183,464,23,100,0,17,0,2,0
0,0,0,0,0,0,0,0,0,0,0,0,0,0,0,0,0,0,0,0,0,0,0,0,0,0,0,0,0,0,0,0,0,0,0,0,0,0,0,0,0,0,0,0,0,0,0,0,0,0,0,0,0,0,2,0,1,0,7,0,12,0,22,0,73,0,135,0,343,0,731,0,1411,2842,0,5383,0,10028,0,17607,0,29801,0,48963,0,77636,0,118076,0,173262,0,245441,0,334971,0,437706,0,550762,0,665323,0,769366,0,851132,0,901784,0,915194,882645,0,811024,5,709377,6,586703,60,460155,151,339404,537,236923,1205,154159,2327,94451,3241,53840,3573,28743,2827,13446,1620,5657,668,1846,181,477,28,95,0,19,0,1,0
0,0,0,0,0,0,0,0,0,0,0,0,0,0,0,0,0,0,0,0,0,0,0,0,0,0,0,0,0,0,0,0,0,0,0,0,0,0,0,0,0,0,0,0,0,0,0,0,0,0,0,0,1,0,0,0,3,0,6,0,16,0,19,0,70,0,129,0,344,0,724,0,1399,2822,0,5368,0,9882,0,17351,0,29796,0,48394,0,77154,0,117519,0,172576,0,244005,0,333659,0,436761,0,549251,0,663116,0,768380,0,850186,0,902101,0,915545,883516,1,811866,6,710757,5,589123,70,461465,167,340904,524,237855,1237,155297,2297,95044,3213,53935,3502,29092,2811,13499,1664,5662,659,1855,177,489,21,100,0,17,0,1,0
0,0,0,0,0,0,0,0,0,0,0,0,0,0,0,0,0,0,0,0,0,0,0,0,0,0,0,0,0,0,0,0,0,0,0,0,0,0,0,0,0,0,0,0,0,0,0,0,0,0,0,0,0,0,1,0,2,0,9,0,11,0,24,0,60,0,137,0,319,0,740,0,1406,2710,0,5295,0,9925,0,17307,0,29396,0,48232,0,76191,0,116543,0,172386,0,243028,0,331828,0,435750,0,547126,0,661494,0,767711,0,850361,0,901577,0,914313,884268,0,815339,4,712007,13,590647,65,462948,164,341998,548,239082,1225,156111,2321,95281,3285,54447,3553,29005,2871,13702,1644,5644,671,1877,180,485,17,108,0,15,0,1,0
0,0,0,0,0,0,0,0,0,0,0,0,0,0,0,0,0,0,0,0,0,0,0,0,0,0,0,0,0,0,0,0,0,0,0,0,0,0,0,0,0,0,0,0,0,0,0,0,0,0,0,0,0,0,1,0,3,0,6,0,14,0,26,0,48,0,138,0,313,0,731,0,1403,2679,0,5277,0,9725,0,17127,0,29193,0,47746,0,76085,0,115515,0,171542,0,242566,0,329644,0,434116,0,546419,0,660228,0,765713,0,850278,0,901468,0,914073,885134,0,816650,2,712916,11,592421,54,465673,174,343681,558,239551,1204,156973,2303,95773,3251,55012,3578,29060,2822,13766,1690,5733,651,1869,178,500,17,110,2,13,0,1,0
0,0,0,0,0,0,0,0,0,0,0,0,0,0,0,0,0,0,0,0,0,0,0,0,0,0,0,0,0,0,0,0,0,0,0,0,0,0,0,0,0,0,0,0,0,0,0,0,0,0,0,0,0,0,1,0,3,0,4,0,11,0,28,0,48,0,145,0,316,0,714,0,1363,2739,0,5174,0,9630,0,16955,0,28868,0,47433,0,75785,0,114708,0,170441,0,240977,0,329177,0,432418,0,545423,0,658624,0,763849,0,849610,0,901669,0,914214,886355,1,818164,3,714727,14,593643,49,467783,187,344545,560,240701,1185,157781,2306,96164,3178,55435,3560,29189,2810,13945,1660,5773,660,1869,191,499,17,112,1,13,0,1,0
0,0,0,0,0,0,0,0,0,0,0,0,0,0,0,0,0,0,0,0,0,0,0,0,0,0,0,0,0,0,0,0,0,0,0,0,0,0,0,0,0,0,0,0,0,0,0,0,0,0,0,0,0,0,1,0,2,0,5,0,9,0,18,0,64,0,145,0,301,0,663,0,1409,2691,0,5184,0,9459,0,16831,0,28555,0,47481,0,74491,0,114804,0,169309,0,239366,0,328533,0,430881,0,543168,0,658002,0,762430,0,848537,0,901167,0,915544,887315,0,818451,3,717277,15,595408,46,468690,177,346348,525,241961,1169,158594,2325,96607,3249,55583,3438,29465,2823,14053,1652,5780,673,1900,185,496,22,111,1,15,0,1,0
0,0,0,0,0,0,0,0,0,0,0,0,0,0,0,0,0,0,0,0,0,0,0,0,0,0,0,0,0,0,0,0,0,0,0,0,0,0,0,0,0,0,0,0,0,0,0,0,0,0,0,0,0,0,1,0,2,0,4,0,9,0,25,0,56,0,145,0,300,0,632,0,1429,2652,0,5080,0,9404,0,16635,0,28558,0,46858,0,74381,0,113954,0,167913,0,238756,0,327335,0,428874,0,542251,0,655580,0,762139,0,848279,0,900964,0,914994,888830,1,819231,4,718998,11,598411,45,469330,172,347602,508,243221,1210,159088,2251,97242,3270,55698,3468,29668,2802,14137,1717,5836,703,1916,172,506,28,105,1,15,0,1,0
0,0,0,0,0,0,0,0,0,0,0,0,0,0,0,0,0,0,0,0,0,0,0,0,0,0,0,0,0,0,0,0,0,0,0,0,0,0,0,0,0,0,0,0,0,0,0,0,0,0,0,0,0,0,1,0,1,0,4,0,10,0,20,0,67,0,132,0,307,0,654,0,1348,2727,0,5069,0,9210,0,16467,0,28452,0,46461,0,73927,0,113149,0,166668,0,238367,0,325468,0,427588,0,540468,0,654773,0,762605,0,845582,0,900885,0,916171,889907,0,820087,6,719546,12,600817,51,470636,160,349252,521,244388,1187,159767,2266,97799,3239,55719,3545,29678,2800,14419,1717,5826,692,1965,164,513,32,100,0,15,0,1,0
0,0,0,0,0,0,0,0,0,0,0,0,0,0,0,0,0,0,0,0,0,0,0,0,0,0,0,0,0,0,0,0,0,0,0,0,0,0,0,0,0,0,0,0,0,0,0,0,0,0,0,0,0,0,0,0,3,0,1,0,10,0,23,0,63,0,137,0,314,0,613,0,1354,2743,0,4954,0,9001,0,16443,0,28329,0,46008,0,73519,0,112570,0,165726,0,236197,0,324728,0,427567,0,537986,0,652980,0,760811,0,845184,0,901633,0,916820,890116,0,821082,1,722226,10,601463,45,472434,159,351197,535,245244,1162,160200,2223,98614,3281,55968,3492,29790,2814,14495,1681,5915,688,2026,174,510,24,104,1,16,0,1,0
0,0,0,0,0,0,0,0,0,0,0,0,0,0,0,0,0,0,0,0,0,0,0,0,0,0,0,0,0,0,0,0,0,0,0,0,0,0,0,0,0,0,0,0,0,0,0,0,0,0,0,0,0,0,1,0,1,0,5,0,11,0,23,0,53,0,143,0,294,0,648,0,1321,2696,0,4915,0,9058,0,16351,0,27874,0,45829,0,72808,0,111582,0,165491,0,235332,0,322686,0,425975,0,536583,0,652091,0,758537,0,844795,0,901295,0,918394,890475,0,823102,2,724060,15,601772,44,474749,173,352290,500,246380,1151,161052,2258,98721,3327,56360,3505,30039,2825,14579,1715,5908,689,2101,185,491,25,109,0,12,0,2,0
0,0,0,0,0,0,0,0,0,0,0,0,0,0,0,0,0,0,0,0,0,0,0,0,0,0,0,0,0,0,0,0,0,0,0,0,0,0,0,0,0,0,0,0,0,0,0,0,0,0,0,0,0,0,1,0,1,0,1,0,17,0,26,0,46,0,140,0,277,0,632,0,1335,2641,0,4935,0,8949,0,16109,0,27668,0,45488,0,72377,0,110716,0,164514,0,234166,0,321675,0,423926,0,535788,0,650190,0,758121,0,844285,0,899903,0,918886,891237,0,825689,3,725181,14,603884,55,474954,164,354739,518,247400,1130,161644,2201,99139,3291,56700,3526,30329,2869,14639,1748,5905,683,2124,172,505,32,105,0,13,0,2,0
0,0,0,0,0,0,0,0,0,0,0,0,0,0,0,0,0,0,0,0,0,0,0,0,0,0,0,0,0,0,0,0,0,0,0,0,0,0,0,0,0,0,0,0,0,0,0,0,0,0,0,0,0,0,0,0,1,0,6,0,8,0,27,0,48,0,127,0,279,0,641,0,1350,2579,0,4847,0,8843,0,16045,0,27222,0,45417,0,71771,0,110235,0,163403,0,234092,0,319471,0,421893,0,534126,0,649533,0,757343,0,841956,0,901628,0,918279,892656,0,826954,5,726280,18,605105,52,476899,181,356156,492,248443,1151,162601,2217,99388,3346,57355,3587,30405,2797,14767,1729,6000,670,2136,201,503,23,104,0,15,0,2,0
0,0,0,0,0,0,0,0,0,0,0,0,0,0,0,0,0,0,0,0,0,0,0,0,0,0,0,0,0,0,0,0,0,0,0,0,0,0,0,0,0,0,0,0,0,0,0,0,0,0,0,0,0,0,0,0,1,0,5,0,8,0,14,0,57,0,124,0,291,0,632,0,1301,2557,0,4742,0,8881,0,15761,0,27363,0,44859,0,71314,0,109344,0,162733,0,233115,0,318107,0,420400,0,532856,0,647844,0,755619,0,842987,0,900998,0,918540,892504,0,828743,5,727695,18,607113,48,478173,165,357510,490,249481,1162,163394,2173,100113,3226,57701,3598,30502,2892,14738,1785,6025,686,2178,197,499,22,104,0,13,0,2,0
0,0,0,0,0,0,0,0,0,0,0,0,0,0,0,0,0,0,0,0,0,0,0,0,0,0,0,0,0,0,0,0,0,0,0,0,0,0,0,0,0,0,0,0,0,0,0,0,0,0,0,0,0,0,0,0,1,0,3,0,8,0,18,0,45,0,131,0,289,0,607,0,1301,2480,0,4786,0,8735,0,15722,0,27046,0,44584,0,71046,0,108704,0,161530,0,231935,0,317503,0,418940,0,531363,0,646047,0,754203,0,843106,0,900671,0,918183,893225,0,830021,4,729584,13,608726,56,480068,165,358337,505,250693,1139,164326,2177,100622,3157,58096,3618,30599,2882,14863,1773,6052,685,2191,194,506,29,100,1,12,0,2,0
0,0,0,0,0,0,0,0,0,0,0,0,0,0,0,0,0,0,0,0,0,0,0,0,0,0,0,0,0,0,0,0,0,0,0,0,0,0,0,0,0,0,0,0,0,0,0,0,0,0,0,0,0,0,0,0,2,0,3,0,7,0,21,0,54,0,132,0,277,0,591,0,1287,2465,0,4686,0,8612,0,15649,0,26635,0,44422,0,70448,0,107934,0,161456,0,229921,0,316394,0,417523,0,530070,0,645426,0,752391,0,841599,0,901027,0,918027,895597,0,830228,7,731398,13,610208,52,481773,170,359534,497,251723,1154,164965,2153,101540,3203,58312,3607,30767,2897,14943,1728,6171,682,2160,200,520,24,106,2,13,0,2,0
0,0,0,0,0,0,0,0,0,0,0,0,0,0,0,0,0,0,0,0,0,0,0,0,0,0,0,0,0,0,0,0,0,0,0,0,0,0,0,0,0,0,0,0,0,0,0,0,0,0,0,0,0,0,0,0,0,0,3,0,10,0,18,0,58,0,117,0,271,0,589,0,1291,2438,0,4655,0,8527,0,15460,0,26603,0,44219,0,69699,0,107407,0,160636,0,228811,0,314879,0,416661,0,528461,0,643646,0,752281,0,840090,0,901157,0,918438,896071,0,831128,7,732635,16,612536,48,482862,161,361162,474,252800,1159,165685,2236,102173,3171,58598,3642,30787,2971,14973,1754,6178,698,2172,206,526,26,110,2,15,0,1,0
0,0,0,0,0,0,0,0,0,0,0,0,0,0,0,0,0,0,0,0,0,0,0,0,0,0,0,0,0,0,0,0,0,0,0,0,0,0,0,0,0,0,0,0,0,0,0,0,0,0,0,0,0,0,0,0,0,0,3,0,14,0,15,0,48,0,131,0,252,0,604,0,1222,2451,0,4649,0,8490,0,15235,0,26523,0,43874,0,69364,0,106923,0,159351,0,227756,0,314055,0,414918,0,527126,0,643126,0,749593,0,839873,0,899806,0,919574,897272,0,831951,6,734917,13,613899,53,484797,151,362476,447,253211,1112,166696,2189,102706,3235,58840,3644,31145,2998,14933,1744,6276,689,2146,191,524,26,125,2,17,0,1,0
0,0,0,0,0,0,0,0,0,0,0,0,0,0,0,0,0,0,0,0,0,0,0,0,0,0,0,0,0,0,0,0,0,0,0,0,0,0,0,0,0,0,0,0,0,0,0,0,0,0,0,0,0,0,0,0,0,0,2,0,9,0,16,0,50,0,127,0,247,0,597,0,1213,2437,0,4631,0,8410,0,15203,0,26093,0,43606,0,68973,0,106524,0,158417,0,226648,0,312308,0,414054,0,526479,0,640565,0,748186,0,839569,0,899891,0,919364,897547,0,834157,2,736205,12,615216,51,487055,156,363684,459,254482,1106,166890,2264,103296,3229,59129,3646,31293,2940,15237,1713,6314,675,2131,196,534,22,127,3,17,0,1,0
0,0,0,0,0,0,0,0,0,0,0,0,0,0,0,0,0,0,0,0,0,0,0,0,0,0,0,0,0,0,0,0,0,0,0,0,0,0,0,0,0,0,0,0,0,0,0,0,0,0,0,0,0,0,0,0,1,0,1,0,10,0,21,0,45,0,121,0,253,0,556,0,1262,2381,0,4579,0,8331,0,14967,0,25982,0,43315,0,68584,0,106037,0,157079,0,225587,0,311452,0,412845,0,524374,0,639536,0,747968,0,837353,0,898872,0,919958,898855,1,834935,5,737826,11,618239,57,487998,143,364901,475,255936,1062,167705,2161,103833,3171,59437,3582,31567,2921,15290,1709,6370,717,2138,180,561,19,112,3,16,0,2,0
0,0,0,0,0,0,0,0,0,0,0,0,0,0,0,0,0,0,0,0,0,0,0,0,0,0,0,0,0,0,0,0,0,0,0,0,0,0,0,0,0,0,0,0,0,0,0,0,0,0,0,0,0,0,0,0,1,0,3,0,4,0,28,0,42,0,122,0,264,0,541,0,1203,2394,0,4492,0,8282,0,14787,0,25760,0,42988,0,68128,0,105273,0,156613,0,224292,0,310467,0,411776,0,522204,0,638510,0,746112,0,837571,0,898568,0,921176,898316,1,836154,2,738653,9,619799,52,490500,150,365985,460,256919,1130,168559,2132,104450,3177,59903,3520,31862,2947,15201,1725,6415,734,2149,183,567,20,116,2,13,0,2,0
0,0,0,0,0,0,0,0,0,0,0,0,0,0,0,0,0,0,0,0,0,0,0,0,0,0,0,0,0,0,0,0,0,0,0,0,0,0,0,0,0,0,0,0,0,0,0,0,0,0,0,0,0,0,1,0,1,0,3,0,5,0,22,0,52,0,106,0,262,0,582,0,1161,2362,0,4408,0,8124,0,14793,0,25542,0,42540,0,67825,0,104334,0,155729,0,223934,0,308802,0,409644,0,521413,0,636763,0,744754,0,837161,0,897860,0,921622,899364,1,837415,4,740765,10,621265,44,491766,171,367917,460,257889,1078,169290,2167,104759,3243,60233,3556,31898,2983,15330,1718,6477,740,2163,177,564,19,120,2,13,0,2,0
0,0,0,0,0,0,0,0,0,0,0,0,0,0,0,0,0,0,0,0,0,0,0,0,0,0,0,0,0,0,0,0,0,0,0,0,0,0,0,0,0,0,0,0,0,0,0,0,0,0,0,0,0,0,0,0,2,0,3,0,4,0,22,0,48,0,120,0,242,0,569,0,1184,2295,0,4354,0,7997,0,14687,0,25400,0,42051,0,67629,0,104028,0,154733,0,222665,0,307371,0,408519,0,519306,0,635271,0,745375,0,834585,0,898243,0,921676,901570,0,837902,1,741938,13,622461,45,493573,172,368956,479,259215,1089,170409,2081,105016,3225,60749,3542,32104,2993,15393,1747,6477,760,2217,193,542,21,131,1,12,0,2,0
0,0,0,0,0,0,0,0,0,0,0,0,0,0,0,0,0,0,0,0,0,0,0,0,0,0,0,0,0,0,0,0,0,0,0,0,0,0,0,0,0,0,0,0,0,0,0,0,0,0,0,0,0,0,0,0,0,0,5,0,5,0,20,0,46,0,115,0,242,0,557,0,1195,2289,0,4362,0,7844,0,14546,0,25144,0,41667,0,67220,0,103865,0,154044,0,221388,0,305517,0,407695,0,517194,0,634086,0,743132,0,835853,0,897528,0,921184,903206,0,838526,0,744109,11,623170,44,495438,166,370570,454,260003,1117,171426,2092,105506,3276,61048,3539,32309,2942,15434,1791,6570,798,2197,199,563,25,122,1,12,0,1,0
0,0,0,0,0,0,0,0,0,0,0,0,0,0,0,0,0,0,0,0,0,0,0,0,0,0,0,0,0,0,0,0,0,0,0,0,0,0,0,0,0,0,0,0,0,0,0,0,0,0,0,0,0,0,0,0,1,0,4,0,5,0,16,0,47,0,109,0,272,0,544,0,1130,2282,0,4268,0,7878,0,14427,0,24915,0,41192,0,66863,0,103348,0,153511,0,219803,0,304553,0,405280,0,516726,0,632248,0,742472,0,834479,0,896976,0,922568,902628,0,841274,2,745088,11,624815,49,496853,154,372218,429,260772,1082,172429,2112,106145,3268,61191,3525,32568,2894,15621,1831,6552,784,2239,207,584,26,123,1,15,0,1,0
0,0,0,0,0,0,0,0,0,0,0,0,0,0,0,0,0,0,0,0,0,0,0,0,0,0,0,0,0,0,0,0,0,0,0,0,0,0,0,0,0,0,0,0,0,0,0,0,0,0,0,0,0,0,0,0,3,0,3,0,3,0,19,0,49,0,115,0,259,0,551,0,1109,2216,0,4164,0,7958,0,14366,0,24703,0,40901,0,66259,0,102789,0,152697,0,218856,0,303361,0,403914,0,515238,0,631111,0,740433,0,833842,0,898097,0,921156,903575,0,842352,1,746392,10,627925,53,497942,160,373513,429,261868,1090,172739,2224,106989,3277,61299,3495,32863,2976,15662,1781,6617,781,2251,205,609,18,125,2,12,0,1,0
0,0,0,0,0,0,0,0,0,0,0,0,0,0,0,0,0,0,0,0,0,0,0,0,0,0,0,0,0,0,0,0,0,0,0,0,0,0,0,0,0,0,0,0,0,0,0,0,0,0,0,0,0,0,0,0,1,0,5,0,4,0,17,0,44,0,115,0,248,0,538,0,1098,2180,0,4223,0,7881,0,14261,0,24332,0,40865,0,65616,0,102075,0,152400,0,217984,0,301491,0,402416,0,513512,0,629386,0,740743,0,832550,0,897912,0,921797,902729,1,844078,4,748265,10,629950,53,500156,166,373604,425,263314,1055,173585,2206,107251,3245,61982,3541,32830,2967,15839,1782,6656,779,2251,227,612,20,118,2,10,0,1,0
0,0,0,0,0,0,0,0,0,0,0,0,0,0,0,0,0,0,0,0,0,0,0,0,0,0,0,0,0,0,0,0,0,0,0,0,0,0,0,0,0,0,0,0,0,0,0,0,0,0,0,0,0,0,0,0,1,0,3,0,9,0,13,0,40,0,112,0,263,0,528,0,1078,2163,0,4192,0,7848,0,14152,0,24104,0,40342,0,65554,0,101190,0,151577,0,217053,0,300852,0,400457,0,511997,0,627625,0,739601,0,832838,0,896788,0,922030,904548,0,844761,0,749400,12,631241,43,501600,161,375474,448,263934,1062,174807,2142,107803,3152,62370,3547,33038,3004,15936,1801,6595,780,2353,217,627,20,104,2,15,0,1,0
0,0,0,0,0,0,0,0,0,0,0,0,0,0,0,0,0,0,0,0,0,0,0,0,0,0,0,0,0,0,0,0,0,0,0,0,0,0,0,0,0,0,0,0,0,0,0,0,0,0,0,0,0,0,0,0,0,0,3,0,6,0,14,0,45,0,110,0,274,0,511,0,1116,2056,0,4248,0,7777,0,14012,0,24030,0,39885,0,64775,0,100808,0,150491,0,216414,0,299901,0,399030,0,510571,0,625692,0,738538,0,832011,0,896729,0,922692,906131,2,844217,2,751313,12,632520,40,504003,178,376175,444,265063,1112,175428,2102,108734,3154,62629,3547,33338,3024,15901,1832,6637,763,2361,225,637,29,101,1,12,0,2,0
0,0,0,0,0,0,0,0,0,0,0,0,0,0,0,0,0,0,0,0,0,0,0,0,0,0,0,0,0,0,0,0,0,0,0,0,0,0,0,0,0,0,0,0,0,0,0,0,0,0,0,0,0,0,0,0,0,0,4,0,5,0,14,0,39,0,109,0,260,0,551,0,1038,2121,0,4137,0,7710,0,13724,0,24091,0,39549,0,64392,0,99809,0,149758,0,215379,0,298695,0,397777,0,509648,0,625105,0,735887,0,830988,0,896776,0,923278,906219,1,846213,1,752129,13,635321,45,504791,161,377489,378,266339,1082,176083,2127,109690,3153,62414,3471,33575,2983,16266,1807,6644,773,2380,236,628,28,112,1,9,0,2,0
0,0,0,0,0,0,0,0,0,0,0,0,0,0,0,0,0,0,0,0,0,0,0,0,0,0,0,0,0,0,0,0,0,0,0,0,0,0,0,0,0,0,0,0,0,0,0,0,0,0,0,0,0,0,0,0,0,0,3,0,7,0,8,0,43,0,102,0,259,0,521,0,1045,2091,0,4068,0,7691,0,13690,0,23763,0,39573,0,63617,0,99292,0,148964,0,214160,0,297509,0,397047,0,506999,0,624177,0,734701,0,830021,0,896816,0,923431,907291,0,848045,1,752807,7,637019,43,506407,148,379165,411,266998,1073,177068,2143,109694,3204,62967,3488,33802,3010,16344,1805,6669,789,2391,232,626,29,124,0,8,0,2,0
0,0,0,0,0,0,0,0,0,0,0,0,0,0,0,0,0,0,0,0,0,0,0,0,0,0,0,0,0,0,0,0,0,0,0,0,0,0,0,0,0,0,0,0,0,0,0,0,0,0,0,0,0,0,0,0,1,0,0,0,9,0,12,0,38,0,110,0,245,0,504,0,1062,2042,0,4060,0,7554,0,13539,0,23705,0,39313,0,63360,0,98725,0,147529,0,213666,0,295941,0,396054,0,505795,0,621815,0,734593,0,829042,0,896281,0,923532,908271,1,848313,1,754982,13,638799,45,507899,126,380226,437,268513,1093,177278,2161,110398,3218,63456,3443,33956,3059,16459,1802,6717,802,2380,235,634,29,122,0,11,0,2,0
0,0,0,0,0,0,0,0,0,0,0,0,0,0,0,0,0,0,0,0,0,0,0,0,0,0,0,0,0,0,0,0,0,0,0,0,0,0,0,0,0,0,0,0,0,0,0,0,0,0,0,0,0,0,0,0,0,0,3,0,7,0,10,0,43,0,109,0,229,0,494,0,1040,2041,0,4048,0,7499,0,13435,0,23278,0,39158,0,63307,0,97985,0,147083,0,211714,0,295197,0,394459,0,504648,0,620895,0,732818,0,829210,0,894570,0,924576,908442,0,849961,0,756401,11,639738,46,509416,138,381482,450,269904,1073,178482,2150,110616,3178,64130,3551,34108,3035,16380,1806,6802,807,2393,241,647,29,120,2,11,0,2,0
0,0,0,0,0,0,0,0,0,0,0,0,0,0,0,0,0,0,0,0,0,0,0,0,0,0,0,0,0,0,0,0,0,0,0,0,0,0,0,0,0,0,0,0,0,0,0,0,0,0,0,0,0,0,0,0,0,0,2,0,6,0,13,0,42,0,126,0,191,0,510,0,988,2057,0,4123,0,7311,0,13381,0,22936,0,39087,0,62836,0,97428,0,146400,0,210776,0,293309,0,393480,0,503637,0,619245,0,731523,0,827945,0,895134,0,923661,909435,0,851373,2,758799,13,640543,38,510610,144,383120,459,271059,1023,179431,2130,111089,3075,64526,3614,34177,3017,16665,1836,6820,794,2406,227,666,33,119,4,12,0,2,0
0,0,0,0,0,0,0,0,0,0,0,0,0,0,0,0,0,0,0,0,0,0,0,0,0,0,0,0,0,0,0,0,0,0,0,0,0,0,0,0,0,0,0,0,0,0,0,0,0,0,0,0,0,0,0,0,0,0,2,0,10,0,8,0,46,0,107,0,253,0,440,0,1001,2052,0,4097,0,7315,0,13140,0,22906,0,38628,0,62372,0,97057,0,145543,0,209964,0,292068,0,391270,0,501918,0,619036,0,730098,0,826442,0,896306,0,922431,910355,0,853224,2,759917,12,641695,31,512769,147,384923,426,271981,1034,180109,2127,111597,3125,64797,3532,34262,2971,16811,1832,6926,772,2450,248,644,29,134,3,11,0,2,0
0,0,0,0,0,0,0,0,0,0,0,0,0,0,0,0,0,0,0,0,0,0,0,0,0,0,0,0,0,0,0,0,0,0,0,0,0,0,0,0,0,0,0,0,0,0,0,0,0,0,0,0,0,0,0,0,0,0,1,0,6,0,19,0,47,0,106,0,227,0,445,0,1016,2000,0,3953,0,7296,0,13080,0,22716,0,38219,0,62160,0,96020,0,144839,0,209194,0,290992,0,389555,0,501303,0,617371,0,727931,0,826603,0,896312,0,922485,910284,0,854425,1,761200,10,644238,26,513154,158,386960,436,273471,1029,180588,2092,112145,3104,65092,3507,34646,2934,16874,1852,6946,769,2494,250,654,26,128,3,14,0,2,0
0,0,0,0,0,0,0,0,0,0,0,0,0,0,0,0,0,0,0,0,0,0,0,0,0,0,0,0,0,0,0,0,0,0,0,0,0,0,0,0,0,0,0,0,0,0,0,0,0,0,0,0,0,0,0,0,0,0,0,0,7,0,16,0,49,0,95,0,218,0,463,0,971,2013,0,3928,0,7160,0,13113,0,22556,0,37738,0,61602,0,95843,0,143626,0,208461,0,290441,0,388162,0,499260,0,614940,0,727948,0,825799,0,895613,0,923404,911111,0,854340,1,763405,13,645682,28,514900,144,388038,402,274842,1083,181056,2145,112949,3132,65210,3584,34751,2977,16920,1858,7098,781,2429,263,656,27,138,3,13,0,3,0
0,0,0,0,0,0,0,0,0,0,0,0,0,0,0,0,0,0,0,0,0,0,0,0,0,0,0,0,0,0,0,0,0,0,0,0,0,0,0,0,0,0,0,0,0,0,0,0,0,0,0,0,0,0,0,0,0,0,1,0,8,0,15,0,40,0,93,0,206,0,501,0,937,2033,0,3842,0,7126,0,12917,0,22374,0,37635,0,61033,0,95279,0,143182,0,206899,0,289237,0,386834,0,497468,0,615098,0,725276,0,825519,0,894698,0,924300,910949,0,856739,2,764944,12,646661,34,516732,132,389562,404,275062,1090,182408,2067,113650,3127,65315,3559,35108,3029,16926,1855,7164,778,2468,232,652,27,146,5,15,0,3,0
0,0,0,0,0,0,0,0,0,0,0,0,0,0,0,0,0,0,0,0,0,0,0,0,0,0,0,0,0,0,0,0,0,0,0,0,0,0,0,0,0,0,0,0,0,0,0,0,0,0,0,0,0,0,0,0,0,0,2,0,7,0,11,0,37,0,101,0,215,0,465,0,942,1966,0,3805,0,7063,0,12809,0,22184,0,37502,0,60500,0,94512,0,142831,0,206500,0,287344,0,386084,0,495868,0,612860,0,724937,0,823862,0,894240,0,925790,911282,0,857105,3,766953,8,648105,45,518186,129,390190,409,277060,1061,183199,2082,114065,3148,65479,3570,35489,3018,16986,1898,7117,800,2475,227,693,25,143,4,14,0,3,0
0,0,0,0,0,0,0,0,0,0,0,0,0,0,0,0,0,0,0,0,0,0,0,0,0,0,0,0,0,0,0,0,0,0,0,0,0,0,0,0,0,0,0,0,0,0,0,0,0,0,0,0,0,0,0,0,0,0,1,0,5,0,14,0,44,0,91,0,217,0,446,0,947,1953,0,3780,0,6996,0,12665,0,22041,0,37181,0,60169,0,93991,0,142348,0,204921,0,285909,0,384632,0,494752,0,611243,0,724671,0,823219,0,892563,0,926573,912321,0,858069,3,769271,12,648716,37,519470,129,392234,401,277475,1019,184447,2046,114534,3078,65895,3557,35785,3010,17003,1928,7164,832,2492,230,696,28,134,2,15,0,3,0
0,0,0,0,0,0,0,0,0,0,0,0,0,0,0,0,0,0,0,0,0,0,0,0,0,0,0,0,0,0,0,0,0,0,0,0,0,0,0,0,0,0,0,0,0,0,0,0,0,0,0,0,0,0,0,0,0,0,3,0,5,0,11,0,40,0,101,0,204,0,443,0,935,1954,0,3744,0,6824,0,12562,0,21857,0,36853,0,60194,0,93270,0,141066,0,204154,0,285111,0,382554,0,494169,0,609761,0,723907,0,821376,0,892862,0,926148,913021,0,859761,2,770279,13,650789,39,520588,145,393589,386,278619,1042,185427,2002,115130,3044,66183,3564,35887,2989,17126,1935,7307,821,2493,233,692,30,147,2,13,0,2,0
0,0,0,0,0,0,0,0,0,0,0,0,0,0,0,0,0,0,0,0,0,0,0,0,0,0,0,0,0,0,0,0,0,0,0,0,0,0,0,0,0,0,0,0,0,0,0,0,0,0,0,0,0,0,0,0,1,0,4,0,5,0,12,0,43,0,97,0,198,0,451,0,905,1950,0,3649,0,6747,0,12415,0,21974,0,36622,0,59483,0,93036,0,140184,0,203399,0,283831,0,381256,0,492575,0,608881,0,722110,0,820575,0,893124,0,924831,915124,0,859899,2,771403,14,652256,43,523313,141,394790,376,279885,1081,185836,2054,115783,2992,66462,3557,36047,3036,17183,1933,7347,820,2529,233,703,29,157,2,19,0,1,0
0,0,0,0,0,0,0,0,0,0,0,0,0,0,0,0,0,0,0,0,0,0,0,0,0,0,0,0,0,0,0,0,0,0,0,0,0,0,0,0,0,0,0,0,0,0,0,0,0,0,0,0,0,0,0,0,2,0,2,0,6,0,17,0,39,0,98,0,185,0,429,0,915,1893,0,3591,0,6875,0,12219,0,21675,0,36298,0,59111,0,92790,0,139077,0,202372,0,283418,0,379612,0,490200,0,608778,0,720141,0,820145,0,892448,0,925056,915761,0,860744,2,773287,10,655152,35,523315,146,396718,403,280656,1029,186737,2056,116033,3036,67004,3558,36141,3055,17286,1949,7394,823,2533,228,719,31,148,4,21,0,2,0
0,0,0,0,0,0,0,0,0,0,0,0,0,0,0,0,0,0,0,0,0,0,0,0,0,0,0,0,0,0,0,0,0,0,0,0,0,0,0,0,0,0,0,0,0,0,0,0,0,0,0,0,0,0,0,0,1,0,3,0,5,0,15,0,36,0,84,0,204,0,403,0,966,1850,0,3539,0,6884,0,12076,0,21392,0,36006,0,58807,0,92415,0,138439,0,201164,0,282312,0,378660,0,489728,0,606216,0,719218,0,818310,0,892478,0,925472,916132,1,862830,2,773392,7,656370,37,526082,121,397666,394,282042,1055,187464,2093,116043,3043,67753,3638,36188,3064,17451,1914,7444,797,2527,225,734,37,153,5,19,0,2,0
0,0,0,0,0,0,0,0,0,0,0,0,0,0,0,0,0,0,0,0,0,0,0,0,0,0,0,0,0,0,0,0,0,0,0,0,0,0,0,0,0,0,0,0,0,0,0,0,0,0,0,0,0,0,0,0,2,0,2,0,6,0,13,0,35,0,85,0,210,0,438,0,925,1807,0,3501,0,6646,0,12228,0,21145,0,35750,0,58235,0,91890,0,137754,0,200619,0,280598,0,377771,0,488168,0,604565,0,717532,0,817351,0,892515,0,925863,916864,1,863565,1,774882,8,658271,47,527918,132,399176,398,283172,1011,187680,2088,116831,2997,67976,3602,36522,3095,17526,1924,7512,810,2579,218,732,40,151,3,21,0,1,0
0,0,0,0,0,0,0,0,0,0,0,0,0,0,0,0,0,0,0,0,0,0,0,0,0,0,0,0,0,0,0,0,0,0,0,0,0,0,0,0,0,0,0,0,0,0,0,0,0,0,0,0,0,0,0,0,2,0,1,0,4,0,16,0,33,0,78,0,211,0,443,0,909,1799,0,3429,0,6668,0,12137,0,20874,0,35361,0,57759,0,91240,0,137314,0,199893,0,278911,0,376455,0,487472,0,602087,0,716315,0,817188,0,892275,0,926394,917116,1,864546,1,775662,9,661136,33,528751,132,400693,422,284077,1026,188837,2071,117231,3029,68260,3496,36750,3036,17789,1934,7518,800,2601,240,726,42,151,5,18,0,1,0
0,0,0,0,0,0,0,0,0,0,0,0,0,0,0,0,0,0,0,0,0,0,0,0,0,0,0,0,0,0,0,0,0,0,0,0,0,0,0,0,0,0,0,0,0,0,0,0,0,0,0,0,0,0,1,0,1,0,2,0,6,0,11,0,35,0,89,0,184,0,439,0,879,1796,0,3400,0,6561,0,11994,0,20833,0,35145,0,57139,0,90779,0,136791,0,198642,0,278405,0,374978,0,485251,0,601498,0,714358,0,817581,0,891526,0,925655,918992,1,865536,0,777488,7,661887,36,530502,119,401544,421,284905,1052,190101,1998,117969,3023,68299,3556,37036,3035,17825,1973,7599,816,2500,257,735,41,151,4,19,0,2,0
0,0,0,0,0,0,0,0,0,0,0,0,0,0,0,0,0,0,0,0,0,0,0,0,0,0,0,0,0,0,0,0,0,0,0,0,0,0,0,0,0,0,0,0,0,0,0,0,0,0,0,0,0,0,1,0,0,0,3,0,7,0,9,0,33,0,93,0,192,0,429,0,890,1706,0,3461,0,6535,0,11817,0,20710,0,34966,0,56749,0,89867,0,136421,0,198012,0,276694,0,373705,0,483954,0,599939,0,713315,0,816260,0,890603,0,926693,919119,0,867213,1,778643,10,663537,34,532320,130,402904,408,286341,1005,190605,2049,118509,3007,68721,3525,37094,3055,18081,1886,7541,829,2602,230,721,45,152,4,21,0,2,0
0,0,0,0,0,0,0,0,0,0,0,0,0,0,0,0,0,0,0,0,0,0,0,0,0,0,0,0,0,0,0,0,0,0,0,0,0,0,0,0,0,0,0,0,0,0,0,0,0,0,0,0,0,0,1,0,1,0,1,0,5,0,12,0,44,0,68,0,210,0,412,0,919,1667,0,3333,0,6579,0,11824,0,20408,0,34625,0,56500,0,89490,0,135244,0,197014,0,275364,0,372931,0,482582,0,597882,0,713154,0,815061,0,890259,0,926297,920365,1,868035,1,780124,11,663877,27,535046,124,404211,395,287424,970,191422,2030,119267,3053,68823,3677,37207,3094,18193,1929,7644,832,2554,238,718,39,162,4,22,0,2,0
0,0,0,0,0,0,0,0,0,0,0,0,0,0,0,0,0,0,0,0,0,0,0,0,0,0,0,0,0,0,0,0,0,0,0,0,0,0,0,0,0,0,0,0,0,0,0,0,0,0,0,0,0,0,0,0,2,0,1,0,3,0,20,0,32,0,95,0,190,0,413,0,869,1690,0,3277,0,6557,0,11565,0,20464,0,34323,0,56111,0,88753,0,134941,0,195511,0,275088,0,370794,0,480656,0,597662,0,711970,0,814541,0,889257,0,926860,920630,1,868091,0,782077,10,666283,29,535774,125,406261,393,288295,990,192097,1924,119691,3065,69270,3613,37419,3111,18394,1962,7625,821,2627,233,721,36,167,4,22,0,2,0
0,0,0,0,0,0,0,0,0,0,0,0,0,0,0,0,0,0,0,0,0,0,0,0,0,0,0,0,0,0,0,0,0,0,0,0,0,0,0,0,0,0,0,0,0,0,0,0,0,0,0,0,0,0,0,0,1,0,2,0,6,0,19,0,29,0,97,0,195,0,381,0,872,1691,0,3293,0,6334,0,11533,0,20202,0,34393,0,55611,0,88270,0,133859,0,194658,0,273957,0,369520,0,479207,0,596253,0,711085,0,813093,0,890137,0,925608,920729,0,870700,3,783502,13,666237,31,538759,119,407271,404,289059,995,193276,1899,119934,3174,69940,3636,37520,3095,18441,1982,7703,840,2636,245,733,35,161,3,25,0,2,0
0,0,0,0,0,0,0,0,0,0,0,0,0,0,0,0,0,0,0,0,0,0,0,0,0,0,0,0,0,0,0,0,0,0,0,0,0,0,0,0,0,0,0,0,0,0,0,0,0,0,0,0,0,0,0,0,1,0,2,0,5,0,19,0,33,0,90,0,192,0,380,0,849,1647,0,3274,0,6244,0,11547,0,20031,0,34113,0,55359,0,87722,0,133063,0,193648,0,273095,0,367822,0,477938,0,595115,0,710014,0,812062,0,889000,0,926102,921137,1,871591,5,785578,7,667685,33,539566,112,408781,413,290731,993,193962,1953,120656,3159,70426,3580,37569,3187,18461,2002,7726,854,2651,240,741,45,165,4,24,0,3,0
0,0,0,0,0,0,0,0,0,0,0,0,0,0,0,0,0,0,0,0,0,0,0,0,0,0,0,0,0,0,0,0,0,0,0,0,0,0,0,0,0,0,0,0,0,0,0,0,0,0,0,0,0,0,0,0,1,0,5,0,4,0,15,0,33,0,78,0,199,0,383,0,828,1583,0,3279,0,6406,0,11268,0,19902,0,33639,0,55027,0,87673,0,132227,0,192552,0,271734,0,367241,0,476219,0,594102,0,709092,0,810038,0,889005,0,925762,922491,0,873474,3,784801,10,669703,32,541593,134,409706,390,291954,1001,195153,1984,121524,3052,70404,3580,37814,3254,18528,2012,7766,880,2660,229,738,41,176,3,20,0,3,0
0,0,0,0,0,0,0,0,0,0,0,0,0,0,0,0,0,0,0,0,0,0,0,0,0,0,0,0,0,0,0,0,0,0,0,0,0,0,0,0,0,0,0,0,0,0,0,0,0,0,0,0,0,0,0,0,0,0,7,0,4,0,17,0,27,0,83,0,175,0,405,0,750,1715,0,3228,0,6314,0,11172,0,19539,0,33690,0,54625,0,87402,0,131236,0,191773,0,270307,0,366079,0,475322,0,592491,0,707544,0,810120,0,887886,0,926002,923777,1,873708,4,785835,5,672003,21,542217,109,411361,382,293313,957,195863,2026,121894,2931,71017,3594,37944,3215,18652,1966,7905,827,2756,231,735,42,178,4,20,0,2,0
0,0,0,0,0,0,0,0,0,0,0,0,0,0,0,0,0,0,0,0,0,0,0,0,0,0,0,0,0,0,0,0,0,0,0,0,0,0,0,0,0,0,0,0,0,0,0,0,0,0,0,0,0,0,0,0,1,0,4,0,5,0,16,0,34,0,77,0,158,0,384,0,779,1662,0,3301,0,6139,0,11113,0,19721,0,32932,0,54593,0,86984,0,130462,0,191143,0,268759,0,364859,0,474111,0,590957,0,706341,0,808663,0,887584,0,926186,923463,0,876634,3,786409,4,673085,25,545127,122,412154,364,293982,958,196847,2026,122601,2987,71295,3616,37915,3186,18871,1952,8019,846,2709,247,742,55,172,2,21,0,1,0
0,0,0,0,0,0,0,0,0,0,0,0,0,0,0,0,0,0,0,0,0,0,0,0,0,0,0,0,0,0,0,0,0,0,0,0,0,0,0,0,0,0,0,0,0,0,0,0,0,0,0,0,0,0,0,0,1,0,5,0,4,0,14,0,33,0,73,0,165,0,375,0,778,1640,0,3218,0,6064,0,11030,0,19567,0,32824,0,54277,0,86246,0,130442,0,189643,0,267976,0,362545,0,473282,0,589921,0,704809,0,807973,0,887681,0,925942,923955,0,878135,5,788018,5,674975,30,544554,113,414524,365,295365,942,196985,1976,123247,3076,71829,3615,38356,3192,18723,2006,8024,852,2736,245,778,48,180,2,23,0,1,0
0,0,0,0,0,0,0,0,0,0,0,0,0,0,0,0,0,0,0,0,0,0,0,0,0,0,0,0,0,0,0,0,0,0,0,0,0,0,0,0,0,0,0,0,0,0,0,0,0,0,0,0,0,0,0,0,1,0,3,0,5,0,12,0,33,0,73,0,178,0,365,0,764,1637,0,3227,0,5977,0,10891,0,19408,0,32434,0,54071,0,85810,0,129319,0,189456,0,267246,0,361513,0,471041,0,587728,0,704957,0,806903,0,885481,0,927725,924159,0,878452,4,790443,4,676123,24,546659,138,415447,390,296057,991,197980,1971,123843,3011,72237,3600,38572,3229,18865,2019,8058,850,2735,244,795,43,180,0,26,0,1,0
0,0,0,0,0,0,0,0,0,0,0,0,0,0,0,0,0,0,0,0,0,0,0,0,0,0,0,0,0,0,0,0,0,0,0,0,0,0,0,0,0,0,0,0,0,0,0,0,0,0,0,0,0,0,1,0,0,0,2,0,8,0,13,0,28,0,72,0,176,0,378,0,776,1601,0,3132,0,5945,0,10796,0,19142,0,32640,0,53676,0,85193,0,128605,0,188295,0,265793,0,360748,0,469032,0,586524,0,704140,0,806815,0,883986,0,927735,926094,0,878277,3,792646,6,677471,23,547666,121,416784,377,297195,965,198703,1984,124655,2917,72563,3588,38822,3189,19160,2036,8011,867,2733,237,823,44,165,2,28,0,1,0
0,0,0,0,0,0,0,0,0,0,0,0,0,0,0,0,0,0,0,0,0,0,0,0,0,0,0,0,0,0,0,0,0,0,0,0,0,0,0,0,0,0,0,0,0,0,0,0,0,0,0,0,0,0,1,0,1,0,1,0,5,0,21,0,19,0,71,0,168,0,394,0,800,1550,0,3124,0,5821,0,10771,0,18904,0,32592,0,53489,0,84373,0,127894,0,188096,0,264138,0,359349,0,468099,0,585132,0,702477,0,805719,0,884485,0,927263,927270,0,878565,3,793426,5,679951,33,548336,125,418272,383,298871,971,199185,1936,125128,2973,73158,3557,39107,3186,19221,1990,8066,888,2715,250,834,45,167,0,33,0,1,0
0,0,0,0,0,0,0,0,0,0,0,0,0,0,0,0,0,0,0,0,0,0,0,0,0,0,0,0,0,0,0,0,0,0,0,0,0,0,0,0,0,0,0,0,0,0,0,0,0,0,0,0,0,0,0,0,2,0,2,0,3,0,15,0,28,0,57,0,172,0,389,0,798,1519,0,3076,0,5749,0,10756,0,18861,0,32635,0,52627,0,84030,0,127230,0,186863,0,263554,0,357856,0,466948,0,583604,0,700192,0,805945,0,883365,0,927699,927247,0,880536,1,794837,5,681740,20,549334,131,419622,380,299491,928,200543,1932,125965,3028,73179,3566,39449,3170,19204,2055,8127,853,2766,251,822,50,173,1,27,0,0,0
0,0,0,0,0,0,0,0,0,0,0,0,0,0,0,0,0,0,0,0,0,0,0,0,0,0,0,0,0,0,0,0,0,0,0,0,0,0,0,0,0,0,0,0,0,0,0,0,0,0,0,0,0,0,0,0,2,0,2,0,5,0,13,0,27,0,62,0,144,0,404,0,789,1494,0,3068,0,5798,0,10528,0,18853,0,32227,0,52363,0,83342,0,126644,0,185960,0,262341,0,357392,0,465365,0,581661,0,699409,0,804824,0,884300,0,925865,928321,0,881576,1,796561,6,682573,24,551033,118,420869,378,300479,940,201803,1956,126419,3033,73646,3541,39541,3119,19427,2084,8076,859,2793,237,859,51,172,1,29,0,1,0
0,0,0,0,0,0,0,0,0,0,0,0,0,0,0,0,0,0,0,0,0,0,0,0,0,0,0,0,0,0,0,0,0,0,0,0,0,0,0,0,0,0,0,0,0,0,0,0,0,0,0,0,0,0,0,0,2,0,2,0,5,0,14,0,24,0,60,0,142,0,379,0,779,1576,0,2984,0,5716,0,10517,0,18624,0,32001,0,52024,0,82488,0,126508,0,184407,0,262194,0,355751,0,463605,0,580708,0,698937,0,803323,0,883015,0,926809,928094,0,883605,1,797799,6,683252,36,553461,117,421509,355,302049,942,202445,1957,126867,3029,74016,3576,39724,3118,19609,2051,8147,844,2832,263,866,36,177,1,29,0,1,0
0,0,0,0,0,0,0,0,0,0,0,0,0,0,0,0,0,0,0,0,0,0,0,0,0,0,0,0,0,0,0,0,0,0,0,0,0,0,0,0,0,0,0,0,0,0,0,0,0,0,0,0,0,0,1,0,1,0,1,0,10,0,11,0,27,0,46,0,155,0,344,0,759,1597,0,2968,0,5611,0,10524,0,18533,0,31601,0,51640,0,82146,0,125251,0,184226,0,261124,0,353970,0,462739,0,579167,0,697722,0,803252,0,881239,0,927310,929211,0,884816,2,798791,5,683746,34,554798,116,423270,364,304118,935,202927,1999,127254,2997,74272,3593,40016,3152,19606,2080,8236,892,2835,263,855,43,173,3,29,0,2,0
0,0,0,0,0,0,0,0,0,0,0,0,0,0,0,0,0,0,0,0,0,0,0,0,0,0,0,0,0,0,0,0,0,0,0,0,0,0,0,0,0,0,0,0,0,0,0,0,0,0,0,0,0,0,1,0,1,0,2,0,3,0,20,0,25,0,48,0,150,0,376,0,684,1555,0,2989,0,5607,0,10336,0,18440,0,31271,0,51284,0,81810,0,124755,0,183650,0,259682,0,353322,0,460925,0,578125,0,695939,0,802086,0,880970,0,927673,928930,0,885774,4,800077,2,686215,30,555957,107,425284,354,304545,965,204195,1935,127589,2980,74565,3564,40218,3181,19730,2104,8248,863,2910,260,852,41,169,3,26,0,2,0
0,0,0,0,0,0,0,0,0,0,0,0,0,0,0,0,0,0,0,0,0,0,0,0,0,0,0,0,0,0,0,0,0,0,0,0,0,0,0,0,0,0,0,0,0,0,0,0,0,0,0,0,0,0,1,0,1,0,1,0,4,0,10,0,33,0,64,0,134,0,349,0,740,1490,0,2889,0,5596,0,10207,0,18215,0,31269,0,51023,0,81198,0,124140,0,182286,0,258704,0,351773,0,459461,0,577515,0,694399,0,801312,0,881326,0,926880,929629,0,885588,5,802005,4,687818,27,557717,96,426985,342,305611,927,205306,1971,127946,2969,74837,3677,40216,3170,19928,2088,8420,849,2858,264,883,41,177,5,26,0,3,0
0,0,0,0,0,0,0,0,0,0,0,0,0,0,0,0,0,0,0,0,0,0,0,0,0,0,0,0,0,0,0,0,0,0,0,0,0,0,0,0,0,0,0,0,0,0,0,0,0,0,0,0,0,0,1,0,0,0,1,0,5,0,14,0,32,0,48,0,151,0,353,0,715,1442,0,2910,0,5497,0,10169,0,18113,0,30889,0,50749,0,80721,0,123544,0,181383,0,257840,0,350642,0,457544,0,575430,0,694348,0,799824,0,880014,0,928415,929642,0,886704,4,803287,5,690392,30,559063,110,427718,352,307117,918,205230,1916,129071,2890,75175,3623,40419,3241,20039,2016,8441,867,2932,251,921,39,166,4,27,0,4,0
