0,0,0,0,0,0,0,0,0,0,0,0,0,0,0,0,0,0,0,0,0,0,0,0,0,0,0,0,0,0,0,0,0,0,0,0,0,0,0,0,0,0,0,0,0,0,0,0,5279635,0,0,0,0,0,0,0,0,0,0,0,0,0,0,0,0,0,0,0,0,0,0,0,0,0,0,0,0,0,0,0,0,0,0,0,0,0,0,0,0,0,0,0,0,0,0,0,5273773,0,0,0,0,0,0,0,0,0,0,0,0,0,0,0,0,0,0,0,0,0,0,0,0,0,0,0,0,0,0,0,0,0,0,0,0,0,0,0,0,0,0,0,0,0,0,0
0,0,0,0,0,0,0,0,0,0,0,0,0,0,0,0,0,0,0,0,0,0,0,0,0,0,0,0,0,0,0,0,0,0,0,0,2747930,0,0,0,0,0,0,0,0,0,0,0,0,0,0,0,0,0,0,0,0,0,0,0,0,0,0,0,0,0,0,0,0,0,0,0,5063510,0,0,0,0,0,0,0,0,0,0,0,0,0,0,0,0,0,0,0,0,0,0,0,0,0,0,0,0,0,0,0,0,0,0,0,2741968,0,0,0,0,0,0,0,0,0,0,0,0,0,0,0,0,0,0,0,0,0,0,0,0,0,0,0,0,0,0,0,0,0,0,0
0,0,0,0,0,0,0,0,0,0,0,0,0,0,0,0,0,0,0,0,0,0,0,0,0,0,0,0,1477972,0,0,0,0,0,0,0,0,0,0,0,0,0,0,0,0,0,0,0,0,0,0,0,0,0,0,0,0,3803668,0,0,0,0,0,0,0,0,0,0,0,0,0,0,0,0,0,0,0,0,0,0,0,0,0,0,0,0,3798834,0,0,0,0,0,0,0,0,0,0,0,0,0,0,0,0,0,0,0,0,0,0,0,0,0,0,0,0,1472934,0,0,0,0,0,0,0,0,0,0,0,0,0,0,0,0,0,0,0,0,0,0,0,0,0,0,0,0
0,0,0,0,0,0,0,0,0,0,0,0,0,0,0,0,0,0,0,0,0,0,0,0,814715,0,0,0,0,0,0,0,0,0,0,0,0,0,0,0,0,0,0,0,0,0,0,0,2631974,0,0,0,0,0,0,0,0,0,0,0,0,0,0,0,0,0,0,0,0,0,0,0,3671470,0,0,0,0,0,0,0,0,0,0,0,0,0,0,0,0,0,0,0,0,0,0,0,2625101,0,0,0,0,0,0,0,0,0,0,0,0,0,0,0,0,0,0,0,0,0,0,0,810148,0,0,0,0,0,0,0,0,0,0,0,0,0,0,0,0,0,0,0,0,0,0,0
0,0,0,0,0,0,0,0,0,0,0,0,0,0,0,0,0,0,0,0,458884,0,0,0,0,0,0,0,0,0,0,0,0,0,0,0,0,0,0,0,0,1753085,0,0,0,0,0,0,0,0,0,0,0,0,0,0,0,0,0,0,0,3073700,0,0,0,0,0,0,0,0,0,0,0,0,0,0,0,0,0,0,0,0,3065097,0,0,0,0,0,0,0,0,0,0,0,0,0,0,0,0,0,0,0,1746985,0,0,0,0,0,0,0,0,0,0,0,0,0,0,0,0,0,0,0,0,455657,0,0,0,0,0,0,0,0,0,0,0,0,0,0,0,0,0,0,0,0
0,0,0,0,0,0,0,0,0,0,0,0,0,0,0,0,0,0,262534,0,0,0,0,0,0,0,0,0,0,0,0,0,0,0,0,0,1147245,0,0,0,0,0,0,0,0,0,0,0,0,0,0,0,0,0,2384192,0,0,0,0,0,0,0,0,0,0,0,0,0,0,0,0,0,2983054,0,0,0,0,0,0,0,0,0,0,0,0,0,0,0,0,0,2374248,0,0,0,0,0,0,0,0,0,0,0,0,0,0,0,0,0,1142047,0,0,0,0,0,0,0,0,0,0,0,0,0,0,0,0,0,260088,0,0,0,0,0,0,0,0,0,0,0,0,0,0,0,0,0
0,0,0,0,0,0,0,0,0,0,0,0,0,0,0,0,152404,0,0,0,0,0,0,0,0,0,0,0,0,0,0,0,744314,0,0,0,0,0,0,0,0,0,0,0,0,0,0,0,1765466,0,0,0,0,0,0,0,0,0,0,0,0,0,0,0,2623881,0,0,0,0,0,0,0,0,0,0,0,0,0,0,0,2618686,0,0,0,0,0,0,0,0,0,0,0,0,0,0,0,1758401,0,0,0,0,0,0,0,0,0,0,0,0,0,0,0,739858,0,0,0,0,0,0,0,0,0,0,0,0,0,0,0,150398,0,0,0,0,0,0,0,0,0,0,0,0,0,0,0
0,0,0,0,0,0,0,0,0,0,0,0,0,0,89392,0,0,0,0,0,0,0,0,0,0,0,0,0,480881,0,0,0,0,0,0,0,0,0,0,0,0,0,0,1271028,0,0,0,0,0,0,0,0,0,0,0,0,0,2164600,0,0,0,0,0,0,0,0,0,0,0,0,0,0,2560411,0,0,0,0,0,0,0,0,0,0,0,0,0,2154765,0,0,0,0,0,0,0,0,0,0,0,0,0,1268416,0,0,0,0,0,0,0,0,0,0,0,0,0,0,476109,0,0,0,0,0,0,0,0,0,0,0,0,0,87806,0,0,0,0,0,0,0,0,0,0,0,0,0,0
0,0,0,0,0,0,0,0,0,0,0,0,0,52689,0,0,0,0,0,0,0,0,0,0,0,0,309612,0,0,0,0,0,0,0,0,0,0,0,0,898936,0,0,0,0,0,0,0,0,0,0,0,0,1710284,0,0,0,0,0,0,0,0,0,0,0,0,2315365,0,0,0,0,0,0,0,0,0,0,0,0,2311430,0,0,0,0,0,0,0,0,0,0,0,0,1701351,0,0,0,0,0,0,0,0,0,0,0,0,896898,0,0,0,0,0,0,0,0,0,0,0,0,305044,0,0,0,0,0,0,0,0,0,0,0,0,51799,0,0,0,0,0,0,0,0,0,0,0,0,0
0,0,0,0,0,0,0,0,0,0,0,0,31340,0,0,0,0,0,0,0,0,0,0,0,199026,0,0,0,0,0,0,0,0,0,0,0,626681,0,0,0,0,0,0,0,0,0,0,0,1313485,0,0,0,0,0,0,0,0,0,0,0,1983501,0,0,0,0,0,0,0,0,0,0,0,2264832,0,0,0,0,0,0,0,0,0,0,0,1978657,0,0,0,0,0,0,0,0,0,0,0,1304096,0,0,0,0,0,0,0,0,0,0,0,625260,0,0,0,0,0,0,0,0,0,0,0,195696,0,0,0,0,0,0,0,0,0,0,0,30834,0,0,0,0,0,0,0,0,0,0,0
0,0,0,0,0,0,0,0,0,0,0,18894,0,0,0,0,0,0,0,0,0,0,127935,0,0,0,0,0,0,0,0,0,0,432915,0,0,0,0,0,0,0,0,0,0,983575,0,0,0,0,0,0,0,0,0,0,1637670,0,0,0,0,0,0,0,0,0,0,2086201,0,0,0,0,0,0,0,0,0,0,2084771,0,0,0,0,0,0,0,0,0,0,1628843,0,0,0,0,0,0,0,0,0,0,977342,0,0,0,0,0,0,0,0,0,0,431168,0,0,0,0,0,0,0,0,0,0,125392,0,0,0,0,0,0,0,0,0,0,18702,0,0,0,0,0,0,0,0,0,0,0
0,0,0,0,0,0,0,0,0,0,11518,0,0,0,0,0,0,0,0,0,82192,0,0,0,0,0,0,0,0,0,297590,0,0,0,0,0,0,0,0,0,0,725815,0,0,0,0,0,0,0,0,0,1309490,0,0,0,0,0,0,0,0,0,1836320,0,0,0,0,0,0,0,0,0,0,2048927,0,0,0,0,0,0,0,0,0,1831148,0,0,0,0,0,0,0,0,0,1302723,0,0,0,0,0,0,0,0,0,720558,0,0,0,0,0,0,0,0,0,0,295419,0,0,0,0,0,0,0,0,0,80365,0,0,0,0,0,0,0,0,0,11343,0,0,0,0,0,0,0,0,0,0
0,0,0,0,0,0,0,0,0,7030,0,0,0,0,0,0,0,0,0,53008,0,0,0,0,0,0,0,0,203290,0,0,0,0,0,0,0,0,0,528622,0,0,0,0,0,0,0,0,0,1024798,0,0,0,0,0,0,0,0,1559161,0,0,0,0,0,0,0,0,0,1911836,0,0,0,0,0,0,0,0,1909805,0,0,0,0,0,0,0,0,0,1553873,0,0,0,0,0,0,0,0,0,1018041,0,0,0,0,0,0,0,0,524068,0,0,0,0,0,0,0,0,0,201241,0,0,0,0,0,0,0,0,51701,0,0,0,0,0,0,0,0,0,6934,0,0,0,0,0,0,0,0,0
0,0,0,0,0,0,0,0,0,4291,0,0,0,0,0,0,0,0,34102,0,0,0,0,0,0,0,0,138717,0,0,0,0,0,0,0,0,380651,0,0,0,0,0,0,0,0,788798,0,0,0,0,0,0,0,0,1287609,0,0,0,0,0,0,0,0,1712771,0,0,0,0,0,0,0,0,1882781,0,0,0,0,0,0,0,0,1707838,0,0,0,0,0,0,0,0,1281719,0,0,0,0,0,0,0,0,782646,0,0,0,0,0,0,0,0,377217,0,0,0,0,0,0,0,0,136543,0,0,0,0,0,0,0,0,33460,0,0,0,0,0,0,0,0,4265,0,0,0,0,0,0,0,0
0,0,0,0,0,0,0,0,2636,0,0,0,0,0,0,0,22059,0,0,0,0,0,0,0,0,94038,0,0,0,0,0,0,0,272999,0,0,0,0,0,0,0,0,596526,0,0,0,0,0,0,0,1042442,0,0,0,0,0,0,0,0,1486953,0,0,0,0,0,0,0,1772133,0,0,0,0,0,0,0,0,1768951,0,0,0,0,0,0,0,1481631,0,0,0,0,0,0,0,0,1034471,0,0,0,0,0,0,0,592045,0,0,0,0,0,0,0,0,269542,0,0,0,0,0,0,0,92799,0,0,0,0,0,0,0,0,21510,0,0,0,0,0,0,0,2673,0,0,0,0,0,0,0,0
0,0,0,0,0,0,0,0,1603,0,0,0,0,0,0,0,14336,0,0,0,0,0,0,0,63636,0,0,0,0,0,0,0,193817,0,0,0,0,0,0,0,447251,0,0,0,0,0,0,0,826503,0,0,0,0,0,0,0,1259114,0,0,0,0,0,0,0,1611266,0,0,0,0,0,0,0,1745161,0,0,0,0,0,0,0,1605620,0,0,0,0,0,0,0,1252423,0,0,0,0,0,0,0,819660,0,0,0,0,0,0,0,442939,0,0,0,0,0,0,0,191818,0,0,0,0,0,0,0,62747,0,0,0,0,0,0,0,13871,0,0,0,0,0,0,0,1643,0,0,0,0,0,0,0
0,0,0,0,0,0,0,1017,0,0,0,0,0,0,0,9225,0,0,0,0,0,0,43271,0,0,0,0,0,0,0,136626,0,0,0,0,0,0,332113,0,0,0,0,0,0,0,645682,0,0,0,0,0,0,0,1044570,0,0,0,0,0,0,1421577,0,0,0,0,0,0,0,1656024,0,0,0,0,0,0,1653965,0,0,0,0,0,0,0,1416986,0,0,0,0,0,0,1035524,0,0,0,0,0,0,0,640533,0,0,0,0,0,0,0,328512,0,0,0,0,0,0,135335,0,0,0,0,0,0,0,42492,0,0,0,0,0,0,8908,0,0,0,0,0,0,0,1048,0,0,0,0,0,0,0
0,0,0,0,0,0,0,620,0,0,0,0,0,0,6053,0,0,0,0,0,0,29040,0,0,0,0,0,0,96074,0,0,0,0,0,0,0,245567,0,0,0,0,0,0,497544,0,0,0,0,0,0,849378,0,0,0,0,0,0,1227913,0,0,0,0,0,0,1520994,0,0,0,0,0,0,0,1633269,0,0,0,0,0,0,1519095,0,0,0,0,0,0,1219024,0,0,0,0,0,0,842902,0,0,0,0,0,0,493730,0,0,0,0,0,0,0,241482,0,0,0,0,0,0,95521,0,0,0,0,0,0,28788,0,0,0,0,0,0,5774,0,0,0,0,0,0,640,0,0,0,0,0,0,0
0,0,0,0,0,0,391,0,0,0,0,0,0,3859,0,0,0,0,0,0,19872,0,0,0,0,0,0,67405,0,0,0,0,0,0,179530,0,0,0,0,0,0,380207,0,0,0,0,0,0,681841,0,0,0,0,0,1036973,0,0,0,0,0,0,1361186,0,0,0,0,0,0,1560175,0,0,0,0,0,0,1556206,0,0,0,0,0,0,1356703,0,0,0,0,0,0,1029093,0,0,0,0,0,0,675297,0,0,0,0,0,378060,0,0,0,0,0,0,176399,0,0,0,0,0,0,66661,0,0,0,0,0,0,19406,0,0,0,0,0,0,3727,0,0,0,0,0,0,417,0,0,0,0,0,0
0,0,0,0,0,0,253,0,0,0,0,0,0,2544,0,0,0,0,0,13336,0,0,0,0,0,0,47465,0,0,0,0,0,130195,0,0,0,0,0,0,288878,0,0,0,0,0,539684,0,0,0,0,0,0,861975,0,0,0,0,0,1190717,0,0,0,0,0,0,1446304,0,0,0,0,0,0,1539505,0,0,0,0,0,1441628,0,0,0,0,0,0,1185039,0,0,0,0,0,854662,0,0,0,0,0,0,534957,0,0,0,0,0,286051,0,0,0,0,0,0,127915,0,0,0,0,0,46516,0,0,0,0,0,0,13071,0,0,0,0,0,2441,0,0,0,0,0,0,272,0,0,0,0,0,0
0,0,0,0,0,0,145,0,0,0,0,0,1701,0,0,0,0,0,8879,0,0,0,0,0,0,33332,0,0,0,0,0,94126,0,0,0,0,0,217254,0,0,0,0,0,422671,0,0,0,0,0,0,705839,0,0,0,0,0,1023791,0,0,0,0,0,1308368,0,0,0,0,0,1476386,0,0,0,0,0,0,1472901,0,0,0,0,0,1302870,0,0,0,0,0,1016514,0,0,0,0,0,699719,0,0,0,0,0,0,418574,0,0,0,0,0,214713,0,0,0,0,0,92462,0,0,0,0,0,32611,0,0,0,0,0,0,8781,0,0,0,0,0,1602,0,0,0,0,0,169,0,0,0,0,0,0
0,0,0,0,0,0,87,0,0,0,0,0,1111,0,0,0,0,0,5985,0,0,0,0,0,23279,0,0,0,0,0,67812,0,0,0,0,0,162033,0,0,0,0,0,328666,0,0,0,0,0,570288,0,0,0,0,0,865113,0,0,0,0,0,1159397,0,0,0,0,0,1379889,0,0,0,0,0,1457618,0,0,0,0,0,1373171,0,0,0,0,0,1154056,0,0,0,0,0,858480,0,0,0,0,0,564862,0,0,0,0,0,325287,0,0,0,0,0,159628,0,0,0,0,0,66927,0,0,0,0,0,22612,0,0,0,0,0,5951,0,0,0,0,0,1057,0,0,0,0,0,99,0,0,0,0,0
0,0,0,0,0,52,0,0,0,0,0,729,0,0,0,0,0,3978,0,0,0,0,0,16186,0,0,0,0,48706,0,0,0,0,0,120706,0,0,0,0,0,252709,0,0,0,0,0,456683,0,0,0,0,720308,0,0,0,0,0,1010271,0,0,0,0,0,1258797,0,0,0,0,0,1403302,0,0,0,0,1400528,0,0,0,0,0,1253175,0,0,0,0,0,1003960,0,0,0,0,0,714732,0,0,0,0,451732,0,0,0,0,0,249409,0,0,0,0,0,118891,0,0,0,0,0,48087,0,0,0,0,15703,0,0,0,0,0,3994,0,0,0,0,0,709,0,0,0,0,0,61,0,0,0,0,0
0,0,0,0,0,34,0,0,0,0,0,443,0,0,0,0,2669,0,0,0,0,0,11243,0,0,0,0,34781,0,0,0,0,0,89617,0,0,0,0,193217,0,0,0,0,0,361182,0,0,0,0,592988,0,0,0,0,0,866289,0,0,0,0,1128173,0,0,0,0,0,1317904,0,0,0,0,0,1387850,0,0,0,0,1313216,0,0,0,0,0,1122130,0,0,0,0,859002,0,0,0,0,0,588323,0,0,0,0,357266,0,0,0,0,0,190907,0,0,0,0,87499,0,0,0,0,0,34505,0,0,0,0,10944,0,0,0,0,0,2757,0,0,0,0,429,0,0,0,0,0,40,0,0,0,0,0
0,0,0,0,0,22,0,0,0,0,284,0,0,0,0,0,1818,0,0,0,0,7737,0,0,0,0,24947,0,0,0,0,0,66056,0,0,0,0,146698,0,0,0,0,284155,0,0,0,0,0,482848,0,0,0,0,731629,0,0,0,0,992678,0,0,0,0,0,1214509,0,0,0,0,1338207,0,0,0,0,1337855,0,0,0,0,0,1208440,0,0,0,0,988082,0,0,0,0,725204,0,0,0,0,0,478269,0,0,0,0,280082,0,0,0,0,145044,0,0,0,0,0,64400,0,0,0,0,24665,0,0,0,0,7640,0,0,0,0,0,1821,0,0,0,0,295,0,0,0,0,23,0,0,0,0,0
0,0,0,0,0,18,0,0,0,0,186,0,0,0,0,1208,0,0,0,0,5428,0,0,0,0,17568,0,0,0,0,48497,0,0,0,0,0,111198,0,0,0,0,221056,0,0,0,0,390130,0,0,0,0,611008,0,0,0,0,860153,0,0,0,0,1097742,0,0,0,0,1265274,0,0,0,0,0,1324572,0,0,0,0,1262370,0,0,0,0,1091411,0,0,0,0,856250,0,0,0,0,605075,0,0,0,0,384910,0,0,0,0,218525,0,0,0,0,0,109105,0,0,0,0,47466,0,0,0,0,17383,0,0,0,0,5425,0,0,0,0,1234,0,0,0,0,205,0,0,0,0,11,0,0,0,0,0
0,0,0,0,15,0,0,0,0,118,0,0,0,0,818,0,0,0,0,3749,0,0,0,0,12601,0,0,0,0,35534,0,0,0,0,83491,0,0,0,0,171124,0,0,0,0,311723,0,0,0,0,505541,0,0,0,0,736562,0,0,0,0,974798,0,0,0,0,1173549,0,0,0,0,1282916,0,0,0,0,1280280,0,0,0,0,1169328,0,0,0,0,969061,0,0,0,0,732550,0,0,0,0,499946,0,0,0,0,307024,0,0,0,0,168786,0,0,0,0,82057,0,0,0,0,34624,0,0,0,0,12515,0,0,0,0,3739,0,0,0,0,812,0,0,0,0,139,0,0,0,0,8,0,0,0,0
0,0,0,0,9,0,0,0,0,78,0,0,0,0,554,0,0,0,0,2545,0,0,0,0,9037,0,0,0,25794,0,0,0,0,62812,0,0,0,0,131870,0,0,0,0,247249,0,0,0,0,414139,0,0,0,623047,0,0,0,0,854963,0,0,0,0,1066925,0,0,0,0,1218943,0,0,0,0,1269501,0,0,0,1214989,0,0,0,0,1063302,0,0,0,0,848229,0,0,0,0,618703,0,0,0,0,408490,0,0,0,243633,0,0,0,0,129739,0,0,0,0,61370,0,0,0,0,25281,0,0,0,0,9010,0,0,0,2541,0,0,0,0,560,0,0,0,0,89,0,0,0,0,6,0,0,0,0
0,0,0,0,9,0,0,0,0,44,0,0,0,361,0,0,0,0,1752,0,0,0,0,6443,0,0,0,18836,0,0,0,0,46723,0,0,0,0,101130,0,0,0,194336,0,0,0,0,335755,0,0,0,0,523324,0,0,0,739194,0,0,0,0,957058,0,0,0,0,1134860,0,0,0,1233402,0,0,0,0,1232032,0,0,0,1130402,0,0,0,0,951828,0,0,0,0,732950,0,0,0,517464,0,0,0,0,331854,0,0,0,0,191480,0,0,0,99182,0,0,0,0,45913,0,0,0,0,18501,0,0,0,6379,0,0,0,0,1761,0,0,0,0,377,0,0,0,56,0,0,0,0,2,0,0,0,0
0,0,0,0,6,0,0,0,0,31,0,0,0,234,0,0,0,0,1193,0,0,0,4566,0,0,0,0,13655,0,0,0,34892,0,0,0,0,77270,0,0,0,152035,0,0,0,0,270148,0,0,0,434188,0,0,0,0,632388,0,0,0,846321,0,0,0,0,1039578,0,0,0,1175982,0,0,0,0,1221698,0,0,0,1171875,0,0,0,0,1035200,0,0,0,840599,0,0,0,0,627151,0,0,0,428484,0,0,0,0,266625,0,0,0,150075,0,0,0,0,75648,0,0,0,34069,0,0,0,0,13449,0,0,0,4575,0,0,0,0,1192,0,0,0,240,0,0,0,0,39,0,0,0,2,0,0,0,0
0,0,0,0,5,0,0,0,23,0,0,0,0,160,0,0,0,818,0,0,0,3160,0,0,0,0,9995,0,0,0,25899,0,0,0,58680,0,0,0,0,118467,0,0,0,216246,0,0,0,0,356980,0,0,0,535325,0,0,0,739941,0,0,0,0,938711,0,0,0,1099769,0,0,0,1189364,0,0,0,0,1187729,0,0,0,1095565,0,0,0,933853,0,0,0,0,733758,0,0,0,529973,0,0,0,0,352719,0,0,0,212418,0,0,0,117277,0,0,0,0,57218,0,0,0,25326,0,0,0,9749,0,0,0,0,3248,0,0,0,831,0,0,0,176,0,0,0,0,23,0,0,0,2,0,0,0,0
0,0,0,0,5,0,0,0,16,0,0,0,120,0,0,0,536,0,0,0,0,2255,0,0,0,7207,0,0,0,19193,0,0,0,44311,0,0,0,0,92196,0,0,0,171743,0,0,0,291049,0,0,0,449884,0,0,0,0,639167,0,0,0,837303,0,0,0,1013708,0,0,0,1136451,0,0,0,0,1177742,0,0,0,1132970,0,0,0,1009409,0,0,0,831144,0,0,0,632722,0,0,0,0,445237,0,0,0,287108,0,0,0,168973,0,0,0,90963,0,0,0,0,43220,0,0,0,18721,0,0,0,7060,0,0,0,2270,0,0,0,0,596,0,0,0,112,0,0,0,16,0,0,0,1,0,0,0,0
0,0,0,0,4,0,0,0,14,0,0,0,78,0,0,0,374,0,0,0,1548,0,0,0,5188,0,0,0,14113,0,0,0,33571,0,0,0,0,70868,0,0,0,136262,0,0,0,235689,0,0,0,374518,0,0,0,546410,0,0,0,737505,0,0,0,922289,0,0,0,1068480,0,0,0,1148208,0,0,0,0,1146016,0,0,0,1063611,0,0,0,916580,0,0,0,731348,0,0,0,540446,0,0,0,370746,0,0,0,232113,0,0,0,133960,0,0,0,69710,0,0,0,0,32693,0,0,0,13888,0,0,0,5046,0,0,0,1639,0,0,0,408,0,0,0,71,0,0,0,13,0,0,0,1,0,0,0,0
0,0,0,0,4,0,0,0,10,0,0,0,48,0,0,0,269,0,0,0,1089,0,0,0,3671,0,0,0,10464,0,0,0,25270,0,0,0,54566,0,0,0,106977,0,0,0,190689,0,0,0,308744,0,0,0,463709,0,0,0,642384,0,0,0,828035,0,0,0,989542,0,0,0,1100334,0,0,0,1137391,0,0,0,1097257,0,0,0,984724,0,0,0,822477,0,0,0,636307,0,0,0,458737,0,0,0,305238,0,0,0,186944,0,0,0,104948,0,0,0,53696,0,0,0,24632,0,0,0,10082,0,0,0,3679,0,0,0,1144,0,0,0,289,0,0,0,48,0,0,0,9,0,0,0,1,0,0,0
0,0,0,4,0,0,0,6,0,0,0,36,0,0,0,181,0,0,0,760,0,0,0,2593,0,0,0,7722,0,0,0,18926,0,0,0,41925,0,0,83669,0,0,0,152472,0,0,0,253849,0,0,0,389375,0,0,0,555291,0,0,0,733699,0,0,0,904411,0,0,0,1039716,0,0,0,1110416,0,0,1109804,0,0,0,1032969,0,0,0,900098,0,0,0,728911,0,0,0,548607,0,0,0,385954,0,0,0,249948,0,0,0,149399,0,0,0,82104,0,0,40930,0,0,0,18498,0,0,0,7456,0,0,0,2633,0,0,0,807,0,0,0,194,0,0,0,39,0,0,0,5,0,0,0,1,0,0,0
0,0,0,1,0,0,0,7,0,0,0,24,0,0,0,119,0,0,548,0,0,0,1869,0,0,0,5545,0,0,0,14201,0,0,0,31966,0,0,65114,0,0,0,121703,0,0,0,206738,0,0,0,325691,0,0,0,474881,0,0,644899,0,0,0,816712,0,0,0,966860,0,0,0,1067267,0,0,0,1102063,0,0,1063941,0,0,0,961918,0,0,0,811590,0,0,0,638523,0,0,470606,0,0,0,321226,0,0,0,203548,0,0,0,118637,0,0,0,64120,0,0,31082,0,0,0,13875,0,0,0,5501,0,0,0,1901,0,0,0,571,0,0,127,0,0,0,29,0,0,0,4,0,0,0,1,0,0,0
0,0,0,1,0,0,0,5,0,0,0,21,0,0,84,0,0,0,384,0,0,0,1352,0,0,4079,0,0,0,10532,0,0,0,24261,0,0,50666,0,0,0,96097,0,0,0,167790,0,0,0,270286,0,0,403611,0,0,0,560657,0,0,0,730603,0,0,887267,0,0,0,1011226,0,0,0,1076494,0,0,1075875,0,0,0,1006166,0,0,0,882861,0,0,724403,0,0,0,555567,0,0,0,399452,0,0,0,265151,0,0,164951,0,0,0,93981,0,0,0,49668,0,0,23626,0,0,0,10426,0,0,0,3995,0,0,1388,0,0,0,366,0,0,0,92,0,0,21,0,0,0,3,0,0,0,0,0,0,0
0,0,0,0,0,0,0,4,0,0,16,0,0,0,60,0,0,0,272,0,0,932,0,0,0,3010,0,0,7829,0,0,0,18408,0,0,0,39327,0,0,75833,0,0,0,134810,0,0,222692,0,0,0,340156,0,0,0,484233,0,0,646746,0,0,0,806745,0,0,944017,0,0,0,1036187,0,0,0,1068462,0,0,1034247,0,0,0,939002,0,0,802159,0,0,0,639828,0,0,0,478903,0,0,335869,0,0,0,218409,0,0,132797,0,0,0,73999,0,0,0,38198,0,0,18209,0,0,0,7758,0,0,2955,0,0,0,999,0,0,0,250,0,0,72,0,0,0,12,0,0,3,0,0,0,0,0,0,0
0,0,0,0,0,0,0,2,0,0,13,0,0,0,38,0,0,187,0,0,0,707,0,0,2117,0,0,0,5848,0,0,13974,0,0,0,30328,0,0,59749,0,0,0,107897,0,0,182426,0,0,0,284533,0,0,414674,0,0,0,566677,0,0,725853,0,0,0,871647,0,0,983594,0,0,0,1046334,0,0,1043746,0,0,0,980694,0,0,866782,0,0,0,719135,0,0,560420,0,0,0,410417,0,0,280473,0,0,0,178564,0,0,106316,0,0,0,57994,0,0,29691,0,0,0,13655,0,0,5817,0,0,0,2154,0,0,704,0,0,0,189,0,0,46,0,0,0,10,0,0,3,0,0,0,0,0,0,0
0,0,0,0,0,0,2,0,0,0,9,0,0,23,0,0,0,140,0,0,490,0,0,0,1576,0,0,4257,0,0,10587,0,0,0,23272,0,0,46853,0,0,0,86589,0,0,147776,0,0,0,236649,0,0,352522,0,0,492934,0,0,0,645679,0,0,796190,0,0,0,922790,0,0,1008858,0,0,0,1038425,0,0,1004609,0,0,919363,0,0,0,790640,0,0,639349,0,0,0,487888,0,0,348129,0,0,0,232253,0,0,145673,0,0,84546,0,0,0,45723,0,0,22772,0,0,0,10278,0,0,4318,0,0,0,1564,0,0,499,0,0,142,0,0,0,31,0,0,9,0,0,0,1,0,0,0,0,0,0
0,0,0,0,0,0,1,0,0,0,6,0,0,19,0,0,92,0,0,0,378,0,0,1118,0,0,3214,0,0,0,7830,0,0,17799,0,0,36713,0,0,0,68599,0,0,120465,0,0,195154,0,0,0,297781,0,0,424953,0,0,570425,0,0,0,719361,0,0,856623,0,0,959781,0,0,0,1016759,0,0,1014347,0,0,0,956340,0,0,850289,0,0,713891,0,0,0,564952,0,0,420627,0,0,293302,0,0,0,191663,0,0,118042,0,0,67310,0,0,0,35528,0,0,17346,0,0,7864,0,0,0,3223,0,0,1139,0,0,338,0,0,0,99,0,0,29,0,0,7,0,0,0,1,0,0,0,0,0,0
0,0,0,0,0,0,0,0,0,5,0,0,0,14,0,0,65,0,0,242,0,0,849,0,0,0,2336,0,0,5900,0,0,13650,0,0,0,28492,0,0,54290,0,0,97170,0,0,160521,0,0,0,250128,0,0,363864,0,0,499092,0,0,644649,0,0,0,785084,0,0,902984,0,0,982658,0,0,0,1009052,0,0,979675,0,0,898044,0,0,780232,0,0,0,638222,0,0,494137,0,0,359824,0,0,245977,0,0,0,157451,0,0,95392,0,0,53089,0,0,0,27503,0,0,13404,0,0,5891,0,0,2372,0,0,0,806,0,0,242,0,0,74,0,0,25,0,0,0,3,0,0,0,0,0,0,0,0,0
0,0,0,0,0,0,0,0,0,1,0,0,12,0,0,0,47,0,0,180,0,0,620,0,0,1708,0,0,4405,0,0,0,10471,0,0,22033,0,0,42938,0,0,78178,0,0,131435,0,0,0,208003,0,0,310224,0,0,433045,0,0,572333,0,0,713748,0,0,0,839815,0,0,938043,0,0,990036,0,0,988106,0,0,933371,0,0,0,835023,0,0,707867,0,0,566791,0,0,429096,0,0,305443,0,0,0,204470,0,0,129430,0,0,76050,0,0,41763,0,0,21546,0,0,0,10191,0,0,4443,0,0,1725,0,0,588,0,0,156,0,0,0,56,0,0,17,0,0,1,0,0,0,0,0,0,0,0,0
0,0,0,0,0,0,0,0,0,0,0,0,9,0,0,33,0,0,131,0,0,454,0,0,0,1261,0,0,3277,0,0,7950,0,0,17082,0,0,33923,0,0,62284,0,0,107095,0,0,172880,0,0,0,262172,0,0,373682,0,0,503438,0,0,643011,0,0,773682,0,0,885124,0,0,957735,0,0,0,982755,0,0,956092,0,0,879664,0,0,768973,0,0,636732,0,0,498498,0,0,370055,0,0,257216,0,0,0,169813,0,0,105107,0,0,60748,0,0,33006,0,0,16550,0,0,7777,0,0,3349,0,0,1254,0,0,0,433,0,0,113,0,0,39,0,0,11,0,0,0,0,0,0,0,0,0,0,0,0
0,0,0,0,0,0,0,0,0,0,0,0,7,0,0,25,0,0,95,0,0,323,0,0,951,0,0,2436,0,0,5986,0,0,13248,0,0,26690,0,0,49454,0,0,86918,0,0,142600,0,0,0,220238,0,0,320666,0,0,440580,0,0,573150,0,0,706101,0,0,828144,0,0,915242,0,0,963254,0,0,963965,0,0,913720,0,0,820057,0,0,701329,0,0,568532,0,0,435437,0,0,316383,0,0,215991,0,0,0,140032,0,0,84881,0,0,48584,0,0,25720,0,0,13058,0,0,5819,0,0,2461,0,0,891,0,0,312,0,0,85,0,0,36,0,0,7,0,0,0,0,0,0,0,0,0,0,0,0
0,0,0,0,0,0,0,0,0,0,0,0,3,0,0,16,0,0,75,0,0,221,0,0,702,0,0,1851,0,0,4541,0,0,10171,0,0,20755,0,0,39433,0,0,70447,0,0,116845,0,0,184338,0,0,272794,0,0,382491,0,0,507679,0,0,639142,0,0,765014,0,0,867058,0,0,934629,0,0,956605,0,0,934743,0,0,861096,0,0,759031,0,0,633776,0,0,503072,0,0,377932,0,0,269068,0,0,180410,0,0,115119,0,0,68477,0,0,38374,0,0,20313,0,0,9923,0,0,4444,0,0,1878,0,0,624,0,0,221,0,0,69,0,0,21,0,0,7,0,0,0,0,0,0,0,0,0,0,0
0,0,0,0,0,0,0,0,0,0,0,1,0,0,11,0,0,53,0,0,171,0,0,503,0,0,1394,0,0,3446,0,0,7809,0,0,16146,0,0,31468,0,0,56487,0,0,95769,0,0,152946,0,231172,0,0,330220,0,0,446617,0,0,573154,0,0,700018,0,0,813163,0,0,896429,0,0,939934,0,0,940068,0,0,894056,0,0,806087,0,0,694769,0,0,568113,0,0,442034,0,0,325506,0,0,227366,0,150423,0,0,93465,0,0,55322,0,0,30346,0,0,15914,0,0,7618,0,0,3343,0,0,1366,0,0,480,0,0,151,0,0,48,0,0,16,0,0,6,0,0,0,0,0,0,0,0,0,0,0
0,0,0,0,0,0,0,0,0,0,0,1,0,0,8,0,0,38,0,0,120,0,0,372,0,1039,0,0,2626,0,0,5918,0,0,12605,0,0,24778,0,0,45367,0,0,78092,0,0,126810,0,194416,0,0,283332,0,0,390349,0,0,510484,0,0,635187,0,0,754392,0,0,850480,0,0,914327,0,0,934598,0,911068,0,0,846255,0,0,747813,0,0,631024,0,0,505468,0,0,385385,0,0,279186,0,0,191033,0,124205,0,0,76160,0,0,44364,0,0,23960,0,0,12207,0,0,5917,0,0,2481,0,0,1039,0,341,0,0,112,0,0,34,0,0,13,0,0,4,0,0,0,0,0,0,0,0,0,0,0
0,0,0,0,0,0,0,0,0,0,0,0,0,0,6,0,29,0,0,81,0,0,292,0,0,781,0,0,2019,0,0,4417,0,9822,0,0,19529,0,0,36259,0,0,63477,0,0,104485,0,0,163094,0,241574,0,0,338691,0,0,451981,0,0,572073,0,0,692370,0,799365,0,0,877916,0,0,920846,0,0,916698,0,0,874279,0,0,793377,0,687924,0,0,568251,0,0,446485,0,0,334418,0,0,237577,0,0,159831,0,102200,0,0,61950,0,0,35475,0,0,18792,0,0,9512,0,4586,0,0,1817,0,0,758,0,0,246,0,0,83,0,0,27,0,14,0,0,1,0,0,0,0,0,0,0,0,0,0,0
0,0,0,0,0,0,0,0,0,0,0,0,0,3,0,0,21,0,0,69,0,0,206,0,558,0,0,1559,0,0,3383,0,0,7563,0,0,15378,0,28959,0,0,51302,0,0,85733,0,0,136228,0,204642,0,0,292372,0,0,397480,0,0,512087,0,631148,0,0,743145,0,0,835315,0,0,894745,0,0,913559,0,889905,0,0,831047,0,0,736978,0,0,627731,0,508045,0,0,391579,0,0,288358,0,0,200994,0,133293,0,0,83828,0,0,50132,0,0,28260,0,0,14656,0,7507,0,0,3445,0,0,1362,0,0,559,0,183,0,0,56,0,0,27,0,0,8,0,0,0,0,0,0,0,0,0,0,0,0,0
0,0,0,0,0,0,0,0,0,0,0,0,0,1,0,0,12,0,0,56,0,142,0,0,433,0,0,1167,0,2608,0,0,5813,0,0,11914,0,0,23057,0,41593,0,0,70091,0,0,113313,0,172359,0,0,250717,0,0,347665,0,0,454480,0,571615,0,0,685971,0,0,785831,0,860816,0,0,898668,0,0,897561,0,0,856752,0,780147,0,0,681022,0,0,567734,0,450391,0,0,341694,0,0,246874,0,0,169450,0,110572,0,0,68547,0,0,40514,0,22190,0,0,11681,0,0,5720,0,0,2585,0,1035,0,0,419,0,0,128,0,43,0,0,23,0,0,4,0,0,0,0,0,0,0,0,0,0,0,0,0
0,0,0,0,0,0,0,0,0,0,0,0,0,0,0,0,7,0,45,0,0,98,0,0,318,0,886,0,0,2009,0,0,4500,0,9215,0,0,18320,0,0,33242,0,57322,0,0,93632,0,0,144799,0,214086,0,0,301012,0,0,402371,0,513843,0,0,627855,0,0,733106,0,819876,0,0,874830,0,0,893185,0,873495,0,0,814397,0,0,727657,0,623894,0,0,509111,0,0,397609,0,296035,0,0,210306,0,0,142144,0,91432,0,0,56028,0,0,32417,0,17569,0,0,9114,0,0,4482,0,1935,0,0,776,0,0,304,0,90,0,0,34,0,0,19,0,3,0,0,0,0,0,0,0,0,0,0,0,0,0
0,0,0,0,0,0,0,0,0,0,0,0,0,0,0,1,0,0,37,0,74,0,0,240,0,0,670,0,1527,0,0,3466,0,0,7172,0,14424,0,0,26644,0,46700,0,0,77111,0,0,121247,0,181278,0,0,260602,0,352185,0,0,460047,0,0,570289,0,678992,0,0,772554,0,0,844656,0,878438,0,0,879161,0,838592,0,0,768350,0,0,674364,0,566112,0,0,453998,0,0,348496,0,255028,0,0,178639,0,118498,0,0,75673,0,0,45396,0,26074,0,0,13768,0,7138,0,0,3407,0,0,1463,0,565,0,0,227,0,0,60,0,31,0,0,13,0,1,0,0,0,0,0,0,0,0,0,0,0,0,0
0,0,0,0,0,0,0,0,0,0,0,0,0,0,0,1,0,0,12,0,65,0,0,163,0,518,0,0,1205,0,2639,0,0,5596,0,0,11344,0,21341,0,0,38087,0,63070,0,0,101175,0,153166,0,0,223248,0,0,307838,0,407451,0,0,515178,0,623481,0,0,724730,0,803950,0,0,857136,0,0,873718,0,855441,0,0,799501,0,718776,0,0,619632,0,510110,0,0,402950,0,0,303408,0,218633,0,0,150410,0,99017,0,0,62278,0,36570,0,0,20729,0,0,10869,0,5618,0,0,2598,0,1084,0,0,437,0,154,0,0,52,0,0,18,0,10,0,0,1,0,0,0,0,0,0,0,0,0,0,0,0
0,0,0,0,0,0,0,0,0,0,0,0,0,0,0,1,0,5,0,0,44,0,124,0,0,383,0,912,0,0,2025,0,4326,0,0,8910,0,17052,0,0,30669,0,51770,0,0,83743,0,0,129409,0,190220,0,0,267390,0,358980,0,0,462163,0,568180,0,0,672851,0,761108,0,0,828190,0,859740,0,0,860559,0,824493,0,0,755453,0,667206,0,0,564662,0,457211,0,0,354506,0,262840,0,0,186276,0,0,126602,0,82470,0,0,50628,0,29499,0,0,16513,0,8625,0,0,4383,0,1952,0,0,831,0,323,0,0,118,0,43,0,0,10,0,10,0,0,0,0,0,0,0,0,0,0,0,0,0,0,0
0,0,0,0,0,0,0,0,0,0,0,0,0,0,1,0,0,3,0,35,0,0,87,0,276,0,0,685,0,1597,0,0,3366,0,6950,0,0,13581,0,24619,0,0,42156,0,69347,0,0,108488,0,162037,0,0,230573,0,314751,0,0,411968,0,515059,0,0,619524,0,714592,0,0,791074,0,840142,0,0,855243,0,838908,0,786440,0,0,709678,0,614059,0,0,510981,0,406746,0,0,310320,0,226517,0,0,158864,0,105938,0,0,68168,0,41162,0,0,23729,0,13057,0,0,6826,0,3369,0,0,1482,0,629,0,0,250,0,84,0,0,32,0,10,0,0,5,0,0,0,0,0,0,0,0,0,0,0,0,0,0
0,0,0,0,0,0,0,0,0,0,0,0,0,0,1,0,0,1,0,22,0,69,0,0,184,0,541,0,0,1207,0,2674,0,0,5359,0,10705,0,0,19964,0,34223,0,57082,0,0,90347,0,137356,0,0,197963,0,275177,0,0,364416,0,463891,0,0,567523,0,665068,0,748958,0,0,813193,0,843717,0,0,842255,0,808335,0,0,745481,0,660853,0,560939,0,0,459982,0,359994,0,0,269437,0,194979,0,0,134234,0,88755,0,0,55858,0,33507,0,19031,0,0,10263,0,5406,0,0,2547,0,1164,0,0,459,0,188,0,0,62,0,27,0,7,0,0,4,0,0,0,0,0,0,0,0,0,0,0,0,0,0
0,0,0,0,0,0,0,0,0,0,0,0,0,0,1,0,0,0,0,11,0,56,0,0,134,0,410,0,943,0,0,2083,0,4183,0,0,8409,0,16020,0,27794,0,0,46968,0,75394,0,0,115599,0,169173,0,239028,0,0,320836,0,414614,0,0,516276,0,615257,0,704181,0,0,778576,0,823561,0,0,840070,0,820906,0,773064,0,0,701321,0,609886,0,0,510147,0,411007,0,316145,0,0,234252,0,166160,0,0,113338,0,73856,0,45518,0,0,27279,0,15216,0,0,8054,0,4226,0,1987,0,0,904,0,350,0,0,141,0,45,0,22,0,0,4,0,3,0,0,0,0,0,0,0,0,0,0,0,0,0,0
0,0,0,0,0,0,0,0,0,0,0,0,0,0,1,0,0,0,5,0,0,44,0,107,0,289,0,0,744,0,1648,0,0,3259,0,6600,0,12679,0,0,22722,0,38294,0,62515,0,0,97388,0,144270,0,205619,0,0,282033,0,368336,0,0,466381,0,565171,0,658427,0,0,737179,0,798564,0,826821,0,0,827770,0,793570,0,732550,0,0,654444,0,559672,0,461412,0,0,364477,0,276825,0,0,201883,0,141652,0,95239,0,0,61089,0,37285,0,21869,0,0,12291,0,6359,0,3220,0,0,1611,0,658,0,0,284,0,94,0,34,0,0,17,0,4,0,3,0,0,0,0,0,0,0,0,0,0,0,0,0,0
0,0,0,0,0,0,0,0,0,0,0,0,0,1,0,0,0,0,4,0,33,0,0,88,0,214,0,549,0,0,1267,0,2599,0,5163,0,0,10092,0,18247,0,31336,0,0,51704,0,81155,0,122880,0,0,176705,0,246005,0,325732,0,0,418768,0,515621,0,610520,0,0,695452,0,765423,0,808679,0,0,823579,0,807064,0,758998,0,690760,0,0,606904,0,509827,0,414381,0,0,321286,0,241624,0,173234,0,0,119900,0,79993,0,50166,0,0,30320,0,17726,0,9838,0,0,4963,0,2552,0,1245,0,0,493,0,207,0,69,0,0,24,0,13,0,2,0,0,3,0,0,0,0,0,0,0,0,0,0,0,0,0
0,0,0,0,0,0,0,0,0,0,0,0,0,1,0,0,0,0,2,0,20,0,65,0,0,176,0,402,0,969,0,0,2034,0,4080,0,8003,0,14681,0,0,25496,0,42436,0,68297,0,0,103130,0,151448,0,213161,0,287269,0,0,373859,0,467346,0,562284,0,0,650978,0,728058,0,784135,0,811922,0,0,811811,0,779874,0,721191,0,0,648161,0,556850,0,463020,0,368394,0,0,283394,0,208704,0,148273,0,0,101779,0,66293,0,41161,0,24642,0,0,14427,0,7673,0,3955,0,0,2019,0,924,0,372,0,156,0,0,49,0,22,0,8,0,0,2,0,2,0,0,0,0,0,0,0,0,0,0,0,0,0
0,0,0,0,0,0,0,0,0,0,0,0,0,1,0,0,0,0,1,0,12,0,48,0,126,0,0,315,0,754,0,1592,0,3228,0,0,6291,0,11784,0,20756,0,34907,0,0,56750,0,87085,0,129452,0,183589,0,0,251747,0,331769,0,421375,0,514190,0,0,605309,0,688486,0,752661,0,795220,0,0,806936,0,791647,0,748269,0,682841,0,0,601288,0,509666,0,415395,0,327838,0,0,247651,0,179778,0,126865,0,85397,0,0,55147,0,33634,0,20111,0,11551,0,0,6063,0,3151,0,1590,0,678,0,0,286,0,124,0,33,0,11,0,0,6,0,3,0,1,0,0,0,0,0,0,0,0,0,0,0,0,0
0,0,0,0,0,0,0,0,0,0,0,0,0,1,0,0,0,1,0,6,0,0,35,0,103,0,229,0,576,0,0,1255,0,2525,0,4983,0,9408,0,16727,0,0,28812,0,46920,0,73338,0,109659,0,158236,0,0,219440,0,292766,0,377698,0,468495,0,0,559657,0,644250,0,717792,0,770323,0,798035,0,0,795929,0,766800,0,712842,0,639777,0,554882,0,0,462453,0,373446,0,288786,0,214814,0,0,155297,0,107580,0,71345,0,45619,0,27599,0,0,16455,0,9150,0,4769,0,2513,0,1215,0,0,527,0,209,0,88,0,26,0,0,9,0,6,0,1,0,1,0,0,0,0,0,0,0,0,0,0,0,0,0
0,0,0,0,0,0,0,0,0,0,0,0,0,1,0,0,0,0,0,6,0,24,0,0,79,0,182,0,435,0,962,0,1953,0,4019,0,0,7548,0,13391,0,23598,0,38757,0,61394,0,0,92766,0,135604,0,190843,0,257511,0,336356,0,423491,0,0,513194,0,601063,0,678138,0,742791,0,779613,0,0,793965,0,778147,0,736978,0,674240,0,595357,0,508722,0,0,418094,0,332677,0,253311,0,186402,0,133051,0,0,91305,0,59426,0,37327,0,22792,0,13178,0,7343,0,0,3767,0,2000,0,937,0,402,0,173,0,0,61,0,18,0,8,0,7,0,0,0,1,0,0,0,0,0,0,0,0,0,0,0,0,0
0,0,0,0,0,0,0,0,0,0,0,0,1,0,0,0,0,0,0,6,0,13,0,56,0,137,0,330,0,0,747,0,1538,0,3184,0,6020,0,10788,0,19099,0,32140,0,0,51038,0,78647,0,115639,0,164279,0,226876,0,297685,0,0,381082,0,467997,0,555898,0,638247,0,708122,0,757628,0,784400,0,0,782603,0,754082,0,703327,0,632001,0,551839,0,462911,0,375891,0,0,295181,0,221463,0,161020,0,113988,0,76548,0,49535,0,0,30652,0,18477,0,10626,0,5900,0,2993,0,1562,0,708,0,0,300,0,129,0,43,0,18,0,10,0,3,0,0,0,0,1,0,0,0,0,0,0,0,0,0,0,0,0
0,0,0,0,0,0,0,0,0,0,0,0,1,0,0,0,0,0,0,2,0,10,0,43,0,112,0,243,0,565,0,1222,0,2514,0,0,4849,0,8734,0,15454,0,26146,0,42889,0,65655,0,98603,0,141702,0,197302,0,0,263767,0,339761,0,425303,0,511790,0,595363,0,672351,0,729323,0,767226,0,0,780844,0,764658,0,725622,0,665968,0,591057,0,506344,0,420303,0,336571,0,259375,0,0,192792,0,138852,0,96618,0,64486,0,41041,0,25143,0,15089,0,8509,0,0,4739,0,2329,0,1197,0,559,0,228,0,93,0,37,0,13,0,8,0,0,2,0,0,0,1,0,0,0,0,0,0,0,0,0,0,0,0
0,0,0,0,0,0,0,0,0,0,0,0,1,0,0,0,0,0,1,0,7,0,29,0,0,82,0,206,0,431,0,936,0,2016,0,3772,0,7069,0,12541,0,21242,0,35396,0,55490,0,0,83622,0,121245,0,171455,0,231622,0,303824,0,382407,0,467894,0,554334,0,630822,0,698887,0,745492,0,771610,0,0,769043,0,742045,0,692822,0,627146,0,547899,0,463614,0,378752,0,299210,0,227552,0,167383,0,118751,0,0,82162,0,53726,0,33887,0,20687,0,12166,0,6910,0,3723,0,1859,0,922,0,421,0,180,0,67,0,0,31,0,9,0,6,0,1,0,0,0,1,0,0,0,0,0,0,0,0,0,0,0,0
0,0,0,0,0,0,0,0,0,0,0,0,0,0,1,0,0,0,0,0,4,0,19,0,64,0,157,0,352,0,716,0,1604,0,2982,0,0,5589,0,10258,0,17315,0,29060,0,46569,0,70797,0,103487,0,147946,0,203187,0,269120,0,344240,0,425068,0,511432,0,590968,0,661988,0,720062,0,756271,0,0,766512,0,752750,0,714073,0,657813,0,586480,0,505775,0,420426,0,340522,0,264720,0,198773,0,144663,0,101741,0,69119,0,44742,0,28043,0,16901,0,9837,0,5610,0,0,2895,0,1485,0,728,0,323,0,134,0,49,0,25,0,5,0,6,0,1,0,1,0,0,0,0,0,0,0,0,0,0,0,0,0,0
0,0,0,0,0,0,0,0,0,0,0,0,0,0,0,0,1,0,0,0,2,0,13,0,47,0,124,0,260,0,569,0,1222,0,2457,0,4456,0,8224,0,14263,0,23687,0,38849,0,59800,0,88433,0,127047,0,177344,0,237009,0,307812,0,385498,0,468588,0,549604,0,625131,0,689374,0,735060,0,758762,0,0,755959,0,729808,0,684259,0,620686,0,544870,0,462648,0,381747,0,303276,0,232913,0,173793,0,123968,0,86871,0,57896,0,37293,0,22999,0,13924,0,7978,0,4424,0,2313,0,1194,0,537,0,251,0,92,0,45,0,18,0,4,0,4,0,2,0,0,0,0,0,0,0,0,0,0,0,0,0,0,0,0
0,0,0,0,0,0,0,0,0,0,0,0,0,0,0,0,0,0,1,0,1,0,8,0,33,0,92,0,193,0,463,0,954,0,1982,0,3548,0,6617,0,11572,0,19418,0,32269,0,50001,0,75452,0,109010,0,154066,0,208421,0,273833,0,347374,0,427028,0,508576,0,586348,0,654126,0,710638,0,744259,0,753550,0,740188,0,704190,0,650378,0,581677,0,503771,0,421960,0,343426,0,269541,0,204558,0,150537,0,106898,0,73285,0,48447,0,30966,0,19030,0,11320,0,6384,0,3515,0,1840,0,931,0,410,0,197,0,70,0,35,0,13,0,2,0,5,0,1,0,0,0,0,0,0,0,0,0,0,0,0,0,0,0
0,0,0,0,0,0,0,0,0,0,0,0,0,0,0,0,0,1,0,0,0,4,0,27,0,59,0,163,0,347,0,771,0,1555,0,2908,0,5261,0,9354,0,16007,0,26602,0,42194,0,63531,0,93744,0,132763,0,183181,0,242259,0,310810,0,388327,0,468024,0,546624,0,618330,0,679926,0,724312,0,746063,743866,0,720260,0,674786,0,613619,0,542489,0,462413,0,383489,0,307316,0,237973,0,179285,0,129635,0,91597,0,61683,0,40689,0,25669,0,15637,0,9182,0,5097,0,2844,0,1421,0,739,0,328,0,145,0,52,0,30,0,11,0,2,0,4,0,0,0,0,0,0,0,0,0,0,0,0,0,0,0,0,0
0,0,0,0,0,0,0,0,0,0,0,0,0,0,0,0,0,0,0,1,0,3,0,17,0,44,0,133,0,263,0,565,0,1246,0,2322,4313,0,7554,0,13133,0,21862,0,35301,0,53763,0,80015,0,114563,0,159272,0,214043,0,277628,0,350069,0,428698,0,506864,0,580903,0,647016,0,700130,0,731669,0,743009,728650,0,695382,0,642238,0,577025,0,501316,0,423516,0,346177,0,273390,0,209468,0,156086,0,111698,0,77996,0,52332,0,33963,0,21032,0,12756,0,7435,0,4167,2228,0,1133,0,584,0,238,0,120,0,41,0,24,0,8,0,5,0,1,0,0,0,0,0,0,0,0,0,0,0,0,0,0,0,0,0
0,0,0,0,0,0,0,0,0,0,0,0,0,0,0,0,0,0,0,0,0,4,0,13,0,41,0,109,0,261,0,538,0,1208,0,2212,4138,0,7314,0,12644,0,21292,0,34066,0,52803,0,78680,0,113302,0,156868,0,212276,0,276783,0,349321,0,427956,0,507145,0,581992,0,650649,0,702826,0,734777,0,746490,733299,0,699064,0,644698,0,577362,0,502525,0,422951,0,344648,0,272600,0,207867,0,153742,0,110118,0,76661,0,51246,0,32944,0,20409,0,12220,0,7209,0,3983,2134,0,1053,0,562,0,217,0,119,0,37,0,21,0,7,0,3,0,1,0,0,0,0,0,0,0,0,0,0,0,0,0,0,0,0,0
0,0,0,0,0,0,0,0,0,0,0,0,0,0,0,0,0,0,0,0,0,3,0,14,0,40,0,101,0,243,0,497,0,1134,0,2049,3922,0,7149,0,12173,0,20366,0,33240,0,51553,0,77410,0,111268,0,155103,0,210054,0,275323,0,348397,0,427961,0,507065,0,583761,0,652738,0,707199,0,738482,0,750265,738060,0,702293,0,647544,0,579787,0,501914,0,422532,0,343815,0,270247,0,206356,0,152077,0,108341,0,75071,0,49733,0,32008,0,19652,0,11883,0,6851,0,3844,2015,0,999,0,504,0,202,0,106,0,33,0,20,0,6,0,4,0,1,0,0,0,0,0,0,0,0,0,0,0,0,0,0,0,0,0
0,0,0,0,0,0,0,0,0,0,0,0,0,0,0,0,0,0,0,0,0,1,0,16,0,33,0,95,0,222,0,464,0,1037,0,2012,3752,0,6852,0,11722,0,19702,0,32146,0,50484,0,75332,0,109823,0,153711,0,208260,0,273118,0,347769,0,427386,0,508087,0,585206,0,655339,0,709651,0,743025,0,754237,741362,0,707100,0,649998,0,580739,0,503127,0,422502,0,341438,0,268844,0,204007,0,150607,0,106671,0,73736,0,48711,0,30795,0,19006,0,11425,0,6576,0,3595,1939,0,945,0,461,0,188,0,98,0,32,0,13,0,8,0,2,0,1,0,0,0,0,0,0,0,0,0,0,0,0,0,0,0,0,0
0,0,0,0,0,0,0,0,0,0,0,0,0,0,0,0,0,0,0,0,0,1,0,12,0,40,0,92,0,196,0,412,0,944,0,1916,3596,0,6615,0,11318,0,19145,0,31211,0,49088,0,74156,0,107952,0,151534,0,206991,0,271408,0,345986,0,427596,0,508357,0,587610,0,657933,0,713379,0,745354,0,759058,745942,0,708023,0,653664,0,581654,0,505115,0,420949,0,340234,0,267314,0,202724,0,148076,0,105187,0,72533,0,47264,0,30371,0,18183,0,11156,0,6260,0,3456,1777,0,871,0,421,0,201,0,88,0,20,0,13,0,9,0,3,0,0,0,0,0,0,0,0,0,0,0,0,0,0,0,0,0,0,0
0,0,0,0,0,0,0,0,0,0,0,0,0,0,0,0,0,0,0,0,0,2,0,9,0,31,0,89,0,201,0,378,0,878,0,1799,3473,0,6235,0,11025,0,18519,0,30571,0,47789,0,72608,0,106161,0,150619,0,204225,0,270738,0,345331,0,426544,0,508417,0,589141,0,660514,0,715661,0,750499,0,762315,748570,0,712347,0,654060,0,585271,0,505046,0,421090,0,339164,0,265411,0,200636,0,146777,0,103654,0,71122,0,46427,0,29153,0,17803,0,10656,0,5984,0,3275,1661,0,838,0,390,0,174,0,84,0,20,0,13,0,8,0,2,0,0,0,0,0,0,0,0,0,0,0,0,0,0,0,0,0,0,0
0,0,0,0,0,0,0,0,0,0,0,0,0,0,0,0,0,0,0,0,0,3,0,7,0,24,0,97,0,167,0,367,0,851,0,1660,3267,0,6125,0,10681,0,17949,0,29809,0,46646,0,70937,0,104959,0,148754,0,203437,0,268563,0,344405,0,426093,0,509313,0,589926,0,663161,0,717685,0,754443,0,766267,751727,0,715590,0,656890,0,586687,0,504873,0,420083,0,338712,0,264538,0,198620,0,145025,0,102483,0,69285,0,45416,0,28490,0,17213,0,10228,0,5805,0,3144,1562,0,785,0,374,0,167,0,70,0,26,0,10,0,5,0,4,0,0,0,0,0,0,0,0,0,0,0,0,0,0,0,0,0,0,0
0,0,0,0,0,0,0,0,0,0,0,0,0,0,0,0,0,0,0,1,0,2,0,7,0,23,0,82,0,173,0,349,0,797,0,1592,3097,0,5890,0,10246,0,17603,0,28891,0,45534,0,69485,0,103219,0,147967,0,201908,0,266566,0,343528,0,425953,0,509409,0,591388,0,665817,0,720179,0,757970,0,769289,756446,0,718239,0,659219,0,586602,0,505989,0,420825,0,336594,0,262625,0,196959,0,143701,0,100960,0,68209,0,44303,0,27817,0,16793,0,9792,0,5558,0,2990,1466,0,739,0,350,0,157,0,67,0,26,0,8,0,5,0,3,0,1,0,0,0,0,0,0,0,0,0,0,0,0,0,0,0,0,0
0,0,0,0,0,0,0,0,0,0,0,0,0,0,0,0,0,0,0,0,0,3,0,4,0,25,0,75,0,152,0,337,0,761,0,1543,2945,0,5631,0,9896,0,17087,0,28289,0,44531,0,68392,0,102187,0,145811,0,200509,0,265590,0,342080,0,425345,0,510737,0,593417,0,665883,0,724065,0,761601,0,772679,757201,0,721996,0,662007,0,588415,0,505855,0,419613,0,336871,0,260645,0,195671,0,142203,0,99195,0,66981,0,43435,0,27112,0,16243,0,9518,0,5319,0,2828,1457,0,685,0,343,0,142,0,54,0,28,0,8,0,5,0,2,0,1,0,0,0,0,0,0,0,0,0,0,0,0,0,0,0,0,0
0,0,0,0,0,0,0,0,0,0,0,0,0,0,0,0,0,0,0,2,0,1,0,5,0,19,0,63,0,152,0,310,0,713,0,1474,2851,0,5355,0,9588,0,16684,0,27404,0,43767,0,67850,0,100255,0,144394,0,199258,0,264764,0,340849,0,424570,0,511700,0,594157,0,667867,0,727430,0,763787,0,775974,760550,0,723803,0,664239,0,590125,0,505469,0,420025,0,335870,0,259298,0,194330,0,140229,0,97934,0,65871,0,42440,0,26602,0,15899,0,9104,0,5102,0,2682,1365,0,694,0,308,0,131,0,58,0,23,0,7,0,4,0,2,0,1,0,0,0,0,0,0,0,0,0,0,0,0,0,0,0,0,0
0,0,0,0,0,0,0,0,0,0,0,0,0,0,0,0,0,0,0,2,0,0,0,5,0,16,0,69,0,124,0,301,0,696,0,1409,2737,0,5169,0,9222,0,16397,0,26778,0,42749,0,66375,0,99570,0,142901,0,197649,0,263854,0,340109,0,423715,0,511990,0,594903,0,670433,0,729703,0,766983,0,777414,765606,0,727172,0,665754,0,590722,0,505759,0,419133,0,334482,0,258038,0,193251,0,138706,0,96998,0,64649,0,41714,0,25881,0,15455,0,8897,0,4865,0,2611,1259,0,671,0,300,0,123,0,50,0,28,0,4,0,4,0,2,0,0,0,1,0,0,0,0,0,0,0,0,0,0,0,0,0,0,0
0,0,0,0,0,0,0,0,0,0,0,0,0,0,0,0,0,1,0,1,0,1,0,4,0,16,0,58,0,128,0,295,0,645,0,1346,2617,0,4868,0,9125,0,15786,0,26296,0,42163,0,65067,0,97914,0,141781,0,196424,0,263088,0,339372,0,423069,0,512173,0,595519,0,672888,0,731872,0,769799,0,780025,769538,0,728396,0,668603,0,591472,0,505807,0,418905,0,333353,0,257619,0,191263,0,137416,0,95529,0,63509,0,41142,0,25312,0,15005,0,8548,0,4826,0,2473,1261,0,606,0,277,0,120,0,52,0,21,0,8,0,3,0,2,0,0,0,1,0,0,0,0,0,0,0,0,0,0,0,0,0,0,0
0,0,0,0,0,0,0,0,0,0,0,0,0,0,0,0,0,0,0,2,0,1,0,3,0,19,0,53,0,110,0,280,0,634,0,1299,2545,0,4726,0,8879,0,15369,0,25587,0,41432,0,64155,0,96646,0,140423,0,195035,0,261965,0,338723,0,422776,0,511399,0,598006,0,673783,0,735291,0,771398,0,785159,770221,0,731503,0,669221,0,593443,0,505987,0,417126,0,334043,0,255564,0,189723,0,136592,0,94530,0,62535,0,40261,0,24773,0,14752,0,8140,0,4631,0,2378,1272,0,561,0,246,0,123,0,50,0,20,0,11,0,1,0,2,0,0,0,1,0,0,0,0,0,0,0,0,0,0,0,0,0,0,0
0,0,0,0,0,0,0,0,0,0,0,0,0,0,0,0,0,0,0,1,0,2,0,3,0,16,0,46,0,119,0,250,0,570,0,1260,2474,0,4603,0,8503,0,15076,0,25224,0,40254,0,63766,0,95275,0,138619,0,194056,0,260489,0,337561,0,423757,0,511032,0,599117,0,675651,0,736435,0,776060,0,787439,772703,0,732958,0,672158,0,593414,0,505147,0,418068,0,333405,0,253887,0,188776,0,135183,0,93361,0,61698,0,39349,0,24421,0,14290,0,8016,0,4465,0,2370,1125,0,511,0,264,0,103,0,46,0,22,0,7,0,0,0,1,0,1,0,1,0,0,0,0,0,0,0,0,0,0,0,0,0,0,0
0,0,0,0,0,0,0,0,0,0,0,0,0,0,0,0,0,0,0,1,0,2,0,5,0,13,0,47,0,96,0,245,0,562,0,1213,2305,0,4522,0,8271,0,14503,0,24956,0,39624,0,62688,0,94487,0,137375,0,192949,0,258703,0,336828,0,423687,0,511604,0,599983,0,677013,0,739225,0,777851,0,790664,774590,0,736232,0,673646,0,594128,0,505240,0,417849,0,331297,0,253382,0,187637,0,134069,0,91906,0,60904,0,39147,0,23482,0,14066,0,7805,0,4294,0,2281,1121,0,477,0,258,0,103,0,45,0,20,0,4,0,1,0,1,0,0,0,1,0,0,0,0,0,0,0,0,0,0,0,0,0,0,0
0,0,0,0,0,0,0,0,0,0,0,0,0,0,0,0,0,0,0,1,0,1,0,7,0,14,0,30,0,100,0,253,0,510,0,1178,2183,0,4395,0,8118,0,14088,0,24303,0,39535,0,61606,0,93129,0,136556,0,191524,0,257807,0,336458,0,422002,0,512900,0,599891,0,679196,0,741291,0,780636,0,792426,777605,0,737692,0,675459,0,594844,0,506734,0,416008,0,330456,0,252808,0,186234,0,132940,0,91242,0,60415,0,38212,0,23042,0,13711,0,7677,0,4067,0,2189,1046,0,500,0,239,0,89,0,31,0,23,0,4,0,1,0,1,0,0,0,1,0,0,0,0,0,0,0,0,0,0,0,0,0,0,0
0,0,0,0,0,0,0,0,0,0,0,0,0,0,0,0,0,0,0,1,0,1,0,5,0,15,0,29,0,102,0,229,0,475,0,1126,2202,0,4192,0,7858,0,13955,0,23840,0,38571,0,61140,0,92011,0,135518,0,190210,0,257051,0,334907,0,422365,0,512910,0,601103,0,680197,0,743372,0,783270,0,794681,780955,0,739475,0,675595,0,596540,0,506553,0,416500,0,328758,0,251481,0,185658,0,131619,0,90420,0,59512,0,37641,0,22524,0,13460,0,7481,0,3989,0,2045,1001,0,505,0,212,0,94,0,32,0,14,0,4,0,2,0,1,0,0,0,1,0,0,0,0,0,0,0,0,0,0,0,0,0,0,0
0,0,0,0,0,0,0,0,0,0,0,0,0,0,0,0,0,0,0,0,0,2,0,3,0,15,0,37,0,99,0,196,0,474,0,1061,2144,0,4061,0,7677,0,13571,0,23361,0,38159,0,60152,0,91827,0,133474,0,188844,0,256584,0,334744,0,421581,0,513047,0,602546,0,681219,0,744552,0,785933,0,797478,783423,0,741029,0,676622,0,596711,0,507939,0,414902,0,329341,0,250135,0,185015,0,129856,0,89513,0,58719,0,37042,0,22245,0,13210,0,7210,0,3885,0,1998,944,0,466,0,231,0,81,0,31,0,13,0,2,0,2,0,1,0,0,0,1,0,0,0,0,0,0,0,0,0,0,0,0,0,0,0
0,0,0,0,0,0,0,0,0,0,0,0,0,0,0,0,0,0,0,0,0,2,0,2,0,13,0,31,0,92,0,213,0,437,0,1038,2090,0,3972,0,7525,0,13273,0,22918,0,37258,0,59609,0,90835,0,133230,0,187495,0,255659,0,333730,0,420808,0,514041,0,603167,0,683036,0,745549,0,787830,0,800387,785088,0,743725,0,677250,0,597949,0,507235,0,416248,0,327437,0,249607,0,183374,0,129319,0,88509,0,57883,0,36406,0,21935,0,12735,0,7019,0,3842,0,1868,928,0,476,0,207,0,84,0,26,0,12,0,2,0,1,0,2,0,0,0,1,0,0,0,0,0,0,0,0,0,0,0,0,0,0,0
0,0,0,0,0,0,0,0,0,0,0,0,0,0,0,0,0,0,0,0,0,2,0,3,0,12,0,29,0,81,0,208,0,423,0,959,2057,0,3916,0,7172,0,13081,0,22383,0,36979,0,58681,0,90220,0,131761,0,186840,0,254430,0,333267,0,420486,0,514620,0,603471,0,683081,0,749240,0,789602,0,802455,786854,0,745288,0,678946,0,598377,0,508180,0,415134,0,326589,0,249488,0,181897,0,128547,0,87562,0,56837,0,36283,0,21511,0,12320,0,6911,0,3750,0,1814,893,0,445,0,189,0,90,0,28,0,10,0,3,0,1,0,0,0,1,0,1,0,0,0,0,0,0,0,0,0,0,0,0,0,0,0
0,0,0,0,0,0,0,0,0,0,0,0,0,0,0,0,0,0,0,0,0,2,0,3,0,9,0,33,0,63,0,205,0,419,0,884,1955,0,3801,0,7036,0,12878,0,21925,0,36610,0,58016,0,89067,0,131092,0,185739,0,252830,0,333100,0,421010,0,513153,0,604802,0,684427,0,750868,0,791571,0,804458,789695,0,747032,0,680017,0,598916,0,508655,0,414283,0,326442,0,248112,0,181388,0,127317,0,86892,0,56079,0,35525,0,21311,0,12076,0,6689,0,3625,0,1805,874,0,426,0,166,0,85,0,30,0,8,0,1,0,1,0,1,0,0,0,1,0,0,0,0,0,0,0,0,0,0,0,0,0,0,0
0,0,0,0,0,0,0,0,0,0,0,0,0,0,0,0,0,0,0,0,0,2,0,3,0,9,0,33,0,67,0,169,0,400,0,907,1887,0,3693,0,6973,0,12460,0,21789,0,36053,0,56997,0,88573,0,130378,0,184480,0,252479,0,331424,0,420508,0,514101,0,604932,0,686434,0,752912,0,792743,0,807574,790572,0,748046,0,682244,0,599610,0,508268,0,414595,0,325240,0,246991,0,180970,0,125984,0,86062,0,55753,0,34863,0,20977,0,11812,0,6675,0,3472,0,1801,784,0,421,0,169,0,71,0,34,0,9,0,2,0,2,0,0,0,0,0,1,0,0,0,0,0,0,0,0,0,0,0,0,0,0,0
0,0,0,0,0,0,0,0,0,0,0,0,0,0,0,0,0,0,0,0,0,1,0,3,0,12,0,26,0,55,0,173,0,405,0,866,1833,0,3618,0,6816,0,12292,0,21310,0,35514,0,56724,0,87539,0,129462,0,183751,0,251145,0,331284,0,420147,0,512973,0,606458,0,688507,0,753534,0,795499,0,809423,792853,0,750323,0,682815,0,599546,0,508079,0,413949,0,325411,0,246808,0,178855,0,125647,0,85104,0,55126,0,34221,0,20568,0,11740,0,6406,0,3431,0,1695,771,0,404,0,173,0,68,0,31,0,8,0,4,0,1,0,0,0,1,0,0,0,0,0,0,0,0,0,0,0,0,0,0,0,0,0
0,0,0,0,0,0,0,0,0,0,0,0,0,0,0,0,0,0,0,0,0,1,0,2,0,12,0,24,0,53,0,183,0,360,0,868,1743,0,3595,0,6598,0,12180,0,20819,0,34923,0,56222,0,86516,0,128827,0,182753,0,250498,0,331157,0,419094,0,514122,0,605672,0,690337,0,755587,0,797409,0,811117,794638,0,752740,0,683117,0,600245,0,507440,0,414199,0,325347,0,244988,0,178114,0,125239,0,84086,0,54441,0,33801,0,20109,0,11525,0,6297,0,3380,0,1577,810,0,374,0,160,0,64,0,32,0,8,0,4,0,0,0,0,0,1,0,0,0,0,0,0,0,0,0,0,0,0,0,0,0,0,0
0,0,0,0,0,0,0,0,0,0,0,0,0,0,0,0,0,0,0,0,0,2,0,1,0,11,0,20,0,61,0,173,0,354,0,820,1704,0,3433,0,6624,0,11895,0,20473,0,34364,0,55539,0,86523,0,127381,0,181789,0,249367,0,330317,0,419903,0,513757,0,607644,0,690384,0,757061,0,799809,0,812880,796585,0,752656,0,685679,0,600469,0,507618,0,414037,0,324309,0,244310,0,176891,0,124277,0,83925,0,53694,0,33141,0,19902,0,11186,0,6183,0,3280,0,1607,769,0,342,0,158,0,68,0,20,0,9,0,2,0,1,0,0,0,1,0,0,0,0,0,0,0,0,0,0,0,0,0,0,0,0,0
0,0,0,0,0,0,0,0,0,0,0,0,0,0,0,0,0,0,0,0,0,1,0,3,0,9,0,17,0,60,0,150,0,378,0,787,1652,0,3381,0,6436,0,11720,0,20247,0,33991,0,55057,0,85183,0,127074,0,181073,0,248975,0,328971,0,419849,0,513866,0,608054,0,692052,0,758454,0,799875,0,816039,798062,0,755809,0,685382,0,601766,0,507130,0,413058,0,324347,0,243250,0,176450,0,123256,0,82928,0,53044,0,32925,0,19474,0,11017,0,6117,0,3154,0,1566,754,0,318,0,148,0,65,0,19,0,11,0,2,0,1,0,0,0,1,0,0,0,0,0,0,0,0,0,0,0,0,0,0,0,0,0
0,0,0,0,0,0,0,0,0,0,0,0,0,0,0,0,0,0,0,0,0,1,0,1,0,7,0,19,0,67,0,138,0,382,0,731,1646,0,3272,0,6273,0,11589,0,20142,0,33561,0,54427,0,84741,0,125781,0,180330,0,247893,0,328814,0,419151,0,514054,0,609032,0,692583,0,759598,0,802255,0,817344,801685,0,756416,0,685509,0,601798,0,508523,0,412548,0,323219,0,242439,0,175794,0,122501,0,82203,0,52736,0,32229,0,19158,0,10901,0,6005,0,3137,0,1509,710,0,310,0,156,0,57,0,21,0,6,0,4,0,1,0,0,0,1,0,0,0,0,0,0,0,0,0,0,0,0,0,0,0,0,0
0,0,0,0,0,0,0,0,0,0,0,0,0,0,0,0,0,0,0,1,0,0,0,2,0,6,0,25,0,56,0,131,0,355,0,734,1550,0,3246,0,6163,0,11343,0,19869,0,33275,0,53993,0,83818,0,125060,0,179492,0,247157,0,327718,0,418717,0,515871,0,609739,0,692451,0,761107,0,803907,0,820005,802657,0,757038,0,688357,0,601183,0,507847,0,413335,0,321596,0,241815,0,175231,0,121532,0,81616,0,52330,0,31874,0,18822,0,10722,0,5780,0,3150,0,1489,667,0,344,0,147,0,53,0,21,0,6,0,1,0,3,0,0,0,1,0,0,0,0,0,0,0,0,0,0,0,0,0,0,0,0,0
0,0,0,0,0,0,0,0,0,0,0,0,0,0,0,0,0,1,0,0,0,0,0,3,0,6,0,19,0,55,0,137,0,345,0,699,1571,0,3042,0,6178,0,11044,0,19669,0,32757,0,53550,0,83286,0,124325,0,178623,0,246200,0,327354,0,418536,0,516178,0,609185,0,693778,0,763115,0,805249,0,820902,804576,0,758887,0,689152,0,602132,0,507696,0,412203,0,321926,0,241089,0,174007,0,121112,0,80704,0,51760,0,31699,0,18659,0,10552,0,5769,0,2986,0,1471,678,0,319,0,144,0,51,0,20,0,5,0,1,0,2,0,0,0,1,0,0,0,0,0,0,0,0,0,0,0,0,0,0,0,0,0
0,0,0,0,0,0,0,0,0,0,0,0,0,0,0,0,0,1,0,0,0,0,0,4,0,4,0,22,0,36,0,144,0,324,0,730,1437,0,3068,0,6035,0,10896,0,19247,0,32696,0,52656,0,82619,0,124054,0,178198,0,245518,0,326244,0,418384,0,515377,0,609984,0,696278,0,762978,0,807832,0,822267,806343,0,759144,0,690205,0,602726,0,507616,0,412604,0,320487,0,240901,0,173240,0,120279,0,80171,0,51352,0,31341,0,18552,0,10210,0,5640,0,2967,0,1420,654,0,332,0,109,0,57,0,12,0,9,0,2,0,1,0,1,0,0,0,0,0,0,0,0,0,0,0,0,0,0,0,0,0,0,0
0,0,0,0,0,0,0,0,0,0,0,0,0,0,0,0,0,0,0,1,0,0,0,1,0,10,0,15,0,49,0,126,0,304,0,700,1428,0,2962,0,5897,0,10835,0,18912,0,32217,0,52250,0,82264,0,123274,0,177400,0,245462,0,325261,0,418573,0,514629,0,611092,0,696690,0,764373,0,808634,0,824935,806787,0,761827,0,690727,0,603341,0,507640,0,412057,0,320484,0,239927,0,171929,0,119699,0,79690,0,50467,0,31207,0,18280,0,10138,0,5523,0,2859,0,1395,651,0,299,0,113,0,44,0,21,0,6,0,2,0,0,0,1,0,0,0,0,0,0,0,0,0,0,0,0,0,0,0,0,0,0,0
0,0,0,0,0,0,0,0,0,0,0,0,0,0,0,0,0,0,0,0,0,1,0,2,0,9,0,21,0,43,0,128,0,292,0,645,1399,0,2953,0,5732,0,10535,0,18916,0,31715,0,52213,0,81337,0,123085,0,176056,0,244468,0,326036,0,417078,0,515416,0,610921,0,697518,0,765982,0,810157,0,826169,807822,0,763463,0,691945,0,603967,0,508764,0,410764,0,319198,0,239242,0,171945,0,118849,0,79251,0,49997,0,30667,0,18013,0,10046,0,5447,0,2742,0,1366,643,0,271,0,116,0,34,0,19,0,8,0,1,0,0,0,1,0,0,0,0,0,0,0,0,0,0,0,0,0,0,0,0,0,0,0
0,0,0,0,0,0,0,0,0,0,0,0,0,0,0,0,0,0,0,1,0,0,0,1,0,7,0,24,0,42,0,121,0,279,0,615,1412,0,2856,0,5725,0,10383,0,18410,0,31555,0,51552,0,81436,0,121489,0,175651,0,243984,0,325664,0,416483,0,515539,0,611209,0,699071,0,766867,0,812367,0,826799,809250,0,763252,0,694807,0,604370,0,507804,0,411090,0,318890,0,238126,0,171062,0,118652,0,78274,0,49756,0,30524,0,17742,0,9927,0,5234,0,2729,0,1300,633,0,279,0,100,0,40,0,14,0,10,0,0,0,0,0,1,0,0,0,0,0,0,0,0,0,0,0,0,0,0,0,0,0,0,0
0,0,0,0,0,0,0,0,0,0,0,0,0,0,0,0,0,0,0,1,0,0,0,3,0,5,0,16,0,46,0,113,0,270,0,627,1313,0,2870,0,5481,0,10316,0,18351,0,31070,0,50944,0,80824,0,121090,0,174968,0,243316,0,325402,0,416923,0,513834,0,612722,0,699531,0,767567,0,814802,0,827689,810389,0,765711,0,695218,0,605442,0,507089,0,410433,0,318133,0,237933,0,170307,0,117901,0,77733,0,49535,0,30020,0,17586,0,9766,0,5146,0,2612,0,1338,604,0,250,0,103,0,38,0,17,0,8,0,1,0,1,0,0,0,0,0,0,0,0,0,0,0,0,0,0,0,0,0,0,0,0,0
0,0,0,0,0,0,0,0,0,0,0,0,0,0,0,0,0,0,0,1,0,0,0,2,0,6,0,17,0,47,0,96,0,263,0,601,1282,0,2798,0,5524,0,10049,0,18007,0,31008,0,50607,0,80189,0,120217,0,174286,0,242725,0,324407,0,417074,0,514009,0,612816,0,699884,0,771011,0,814906,0,828731,811941,0,766761,0,695815,0,606593,0,507725,0,408911,0,317955,0,236799,0,170161,0,117167,0,77206,0,49207,0,29691,0,17242,0,9637,0,5127,0,2617,0,1319,552,0,265,0,91,0,34,0,18,0,8,0,2,0,0,0,1,0,0,0,0,0,0,0,0,0,0,0,0,0,0,0,0,0,0,0
0,0,0,0,0,0,0,0,0,0,0,0,0,0,0,0,0,0,0,1,0,0,0,0,0,6,0,15,0,49,0,84,0,281,0,557,1274,0,2753,0,5379,0,10015,0,17732,0,30530,0,50573,0,79251,0,119661,0,174049,0,241673,0,324118,0,416976,0,514204,0,612703,0,700896,0,771634,0,817148,0,830124,813610,0,767180,0,696489,0,606678,0,508498,0,408712,0,316501,0,236731,0,169625,0,116195,0,76858,0,48784,0,29586,0,16944,0,9549,0,4995,0,2592,0,1231,557,0,250,0,88,0,39,0,22,0,5,0,2,0,0,0,1,0,0,0,0,0,0,0,0,0,0,0,0,0,0,0,0,0,0,0
0,0,0,0,0,0,0,0,0,0,0,0,0,0,0,0,0,0,0,1,0,0,0,0,0,7,0,17,0,42,0,95,0,270,0,602,1196,0,2639,0,5334,0,9780,0,17827,0,30141,0,49820,0,79420,0,118890,0,173234,0,241147,0,323221,0,416495,0,514525,0,612902,0,702117,0,772529,0,818730,0,830883,815327,0,768351,0,697339,0,606887,0,508452,0,408737,0,316002,0,235808,0,169012,0,115848,0,76353,0,48030,0,29441,0,16990,0,9320,0,4956,0,2555,0,1207,540,0,234,0,86,0,40,0,19,0,7,0,2,0,0,0,1,0,0,0,0,0,0,0,0,0,0,0,0,0,0,0,0,0,0,0
0,0,0,0,0,0,0,0,0,0,0,0,0,0,0,0,0,0,0,1,0,0,0,0,0,5,0,24,0,30,0,105,0,257,0,580,1210,0,2589,0,5205,0,9639,0,17516,0,30123,0,49551,0,78393,0,118466,0,172747,0,240453,0,322373,0,415804,0,515873,0,612652,0,702816,0,773997,0,818702,0,834036,816225,0,768416,0,699391,0,606586,0,508170,0,408154,0,316137,0,235781,0,167550,0,115863,0,75600,0,47892,0,28911,0,16922,0,9138,0,4943,0,2509,0,1180,532,0,206,0,89,0,36,0,18,0,9,0,2,0,0,0,1,0,0,0,0,0,0,0,0,0,0,0,0,0,0,0,0,0,0,0
0,0,0,0,0,0,0,0,0,0,0,0,0,0,0,0,0,0,0,1,0,0,0,0,0,5,0,21,0,38,0,103,0,244,0,547,1241,0,2502,0,5096,0,9660,0,17162,0,29833,0,49195,0,77910,0,117964,0,172246,0,239313,0,322615,0,416345,0,513856,0,614446,0,702364,0,775285,0,820824,0,835015,817492,0,770677,0,698246,0,607409,0,508241,0,407272,0,316562,0,235141,0,167355,0,114486,0,75735,0,47309,0,28729,0,16590,0,8990,0,4847,0,2475,0,1141,521,0,217,0,76,0,37,0,18,0,9,0,1,0,0,0,1,0,0,0,0,0,0,0,0,0,0,0,0,0,0,0,0,0,0,0
0,0,0,0,0,0,0,0,0,0,0,0,0,0,0,0,0,0,0,1,0,0,0,1,0,6,0,13,0,38,0,90,0,252,0,526,1222,0,2454,0,5031,0,9505,0,17184,0,29547,0,48516,0,77803,0,117429,0,171933,0,238941,0,322557,0,415112,0,514496,0,613555,0,704930,0,774745,0,822307,0,837122,818662,0,770634,0,698926,0,607213,0,507924,0,407617,0,316034,0,235101,0,166743,0,114101,0,75170,0,47170,0,28257,0,16556,0,8850,0,4774,0,2383,0,1107,508,0,220,0,87,0,28,0,17,0,8,0,1,0,0,0,1,0,0,0,0,0,0,0,0,0,0,0,0,0,0,0,0,0,0,0
0,0,0,0,0,0,0,0,0,0,0,0,0,0,0,0,0,0,0,0,0,1,0,2,0,5,0,20,0,29,0,104,0,225,0,526,1158,0,2420,0,5002,0,9493,0,16809,0,29317,0,48276,0,77418,0,117161,0,171329,0,238652,0,321818,0,414978,0,514718,0,613837,0,704516,0,775333,0,824010,0,838631,819903,0,772096,0,699388,0,608242,0,507309,0,407524,0,315113,0,234542,0,166224,0,113631,0,74816,0,46795,0,27853,0,16440,0,8800,0,4685,0,2335,0,1071,506,0,222,0,69,0,32,0,15,0,7,0,1,0,0,0,1,0,0,0,0,0,0,0,0,0,0,0,0,0,0,0,0,0,0,0
0,0,0,0,0,0,0,0,0,0,0,0,0,0,0,0,0,0,0,0,0,1,0,3,0,3,0,22,0,36,0,85,0,232,0,517,1106,0,2458,0,4948,0,9312,0,16667,0,29040,0,48205,0,76685,0,116717,0,170509,0,238336,0,321537,0,415502,0,514306,0,613023,0,704847,0,777028,0,825949,0,839166,821076,0,772699,0,700554,0,608273,0,507444,0,407694,0,314475,0,233536,0,166337,0,113063,0,74341,0,46088,0,27901,0,16129,0,8707,0,4688,0,2288,0,1021,510,0,219,0,77,0,28,0,13,0,4,0,2,0,0,0,1,0,0,0,0,0,0,0,0,0,0,0,0,0,0,0,0,0,0,0
0,0,0,0,0,0,0,0,0,0,0,0,0,0,0,0,0,0,0,0,0,0,0,1,0,7,0,18,0,34,0,90,0,206,0,500,1160,0,2370,0,4806,0,9189,0,16491,0,28954,0,48043,0,76313,0,115845,0,170169,0,237924,0,320781,0,415127,0,514407,0,614595,0,705618,0,777684,0,825305,0,840485,822618,0,774034,0,700849,0,609216,0,507204,0,407175,0,314624,0,232712,0,165491,0,112800,0,73642,0,46104,0,27422,0,16053,0,8717,0,4513,0,2288,0,1022,470,0,198,0,86,0,31,0,10,0,5,0,1,0,1,0,0,0,0,0,0,0,0,0,0,0,0,0,0,0,0,0,0,0,0,0
0,0,0,0,0,0,0,0,0,0,0,0,0,0,0,0,0,0,0,0,0,0,0,1,0,5,0,17,0,39,0,82,0,196,0,523,1150,0,2333,0,4680,0,9083,0,16425,0,28593,0,47694,0,76093,0,115626,0,169188,0,237052,0,320919,0,415349,0,514229,0,614692,0,706243,0,778709,0,825830,0,842267,822894,0,775235,0,701318,0,609608,0,506821,0,407298,0,314501,0,231923,0,165112,0,112504,0,73105,0,45825,0,27370,0,15702,0,8628,0,4518,0,2220,0,1052,428,0,198,0,85,0,28,0,12,0,2,0,3,0,0,0,0,0,0,0,0,0,0,0,0,0,0,0,0,0,0,0,0,0,0,0
0,0,0,0,0,0,0,0,0,0,0,0,0,0,0,0,0,0,0,0,0,0,0,2,0,6,0,11,0,39,0,90,0,206,0,488,1126,0,2257,0,4716,0,8987,0,16271,0,28346,0,47447,0,75768,0,115316,0,168623,0,236575,0,320571,0,414854,0,514281,0,614634,0,706759,0,781077,0,826183,0,842127,824986,0,776140,0,701556,0,610335,0,506733,0,406278,0,314617,0,231480,0,164581,0,112196,0,72426,0,45460,0,27380,0,15552,0,8531,0,4441,0,2180,0,1024,436,0,183,0,83,0,33,0,11,0,3,0,3,0,0,0,0,0,0,0,0,0,0,0,0,0,0,0,0,0,0,0,0,0,0,0
0,0,0,0,0,0,0,0,0,0,0,0,0,0,0,0,0,0,0,0,0,1,0,0,0,3,0,19,0,36,0,76,0,213,0,475,1115,0,2275,0,4655,0,8910,0,16036,0,28368,0,47156,0,74930,0,115285,0,168309,0,235455,0,320457,0,414690,0,514407,0,615154,0,707364,0,781761,0,826419,0,844236,825359,0,776672,0,702984,0,609276,0,507576,0,406542,0,313129,0,231457,0,164857,0,110995,0,72153,0,45278,0,27342,0,15405,0,8337,0,4309,0,2160,0,1029,447,0,172,0,75,0,32,0,10,0,3,0,3,0,1,0,0,0,0,0,0,0,0,0,0,0,0,0,0,0,0,0,0,0,0,0
0,0,0,0,0,0,0,0,0,0,0,0,0,0,0,0,0,0,0,0,0,0,0,1,0,2,0,15,0,39,0,81,0,195,0,495,1054,0,2264,0,4536,0,8791,0,16034,0,27944,0,46845,0,74768,0,114954,0,167531,0,236043,0,319802,0,413140,0,515699,0,615336,0,707775,0,782010,0,828752,0,844332,826139,0,777578,0,703362,0,609561,0,508025,0,405865,0,312596,0,231229,0,164536,0,110488,0,71987,0,44727,0,26976,0,15504,0,8210,0,4324,0,2139,0,983,438,0,193,0,62,0,33,0,8,0,3,0,2,0,2,0,0,0,0,0,0,0,0,0,0,0,0,0,0,0,0,0,0,0,0,0
0,0,0,0,0,0,0,0,0,0,0,0,0,0,0,0,0,0,0,0,0,0,0,1,0,2,0,11,0,39,0,85,0,186,0,487,1055,0,2236,0,4520,0,8643,0,15775,0,27714,0,46489,0,74725,0,114105,0,167590,0,235447,0,319085,0,414557,0,514990,0,614689,0,709326,0,782419,0,829372,0,845337,826891,0,778622,0,703738,0,609567,0,507995,0,405874,0,312282,0,230968,0,163612,0,110176,0,71909,0,44597,0,26716,0,15337,0,8289,0,4165,0,2097,0,940,460,0,174,0,73,0,27,0,7,0,2,0,4,0,1,0,0,0,0,0,0,0,0,0,0,0,0,0,0,0,0,0,0,0,0,0
0,0,0,0,0,0,0,0,0,0,0,0,0,0,0,0,0,0,0,0,0,0,0,1,0,4,0,7,0,35,0,86,0,184,0,506,1053,0,2149,0,4528,0,8631,0,15656,0,27454,0,46186,0,74103,0,113834,0,167001,0,235949,0,318686,0,413232,0,514709,0,616198,0,709353,0,782443,0,830560,0,845906,828612,0,780324,0,703240,0,609775,0,507746,0,406195,0,311487,0,231032,0,163028,0,110139,0,71182,0,44395,0,26578,0,15007,0,8278,0,4228,0,2020,0,976,417,0,182,0,78,0,18,0,9,0,3,0,2,0,3,0,0,0,0,0,0,0,0,0,0,0,0,0,0,0,0,0,0,0,0,0
0,0,0,0,0,0,0,0,0,0,0,0,0,0,0,0,0,0,0,0,0,1,0,0,0,1,0,12,0,37,0,91,0,169,0,508,1056,0,2082,0,4435,0,8486,0,15644,0,27146,0,46106,0,73827,0,113407,0,166731,0,235318,0,318394,0,412872,0,514713,0,617562,0,709092,0,782252,0,832210,0,847196,830200,0,779547,0,703895,0,609673,0,508646,0,405551,0,311972,0,229578,0,162974,0,109614,0,70859,0,44185,0,26393,0,14947,0,8198,0,4189,0,1991,0,940,419,0,176,0,71,0,23,0,11,0,4,0,2,0,2,0,0,0,0,0,0,0,0,0,0,0,0,0,0,0,0,0,0,0,0,0
0,0,0,0,0,0,0,0,0,0,0,0,0,0,0,0,0,0,0,0,0,0,0,1,0,1,0,12,0,29,0,95,0,166,0,470,1029,0,2150,0,4233,0,8585,0,15560,0,27005,0,45698,0,73260,0,112933,0,166833,0,234468,0,318237,0,412142,0,515927,0,617305,0,709268,0,784689,0,831231,0,848050,830753,0,781112,0,704464,0,609525,0,508299,0,405961,0,311705,0,228593,0,162987,0,108945,0,70925,0,43960,0,26034,0,14886,0,8073,0,4212,0,1959,0,928,442,0,156,0,75,0,16,0,12,0,5,0,3,0,1,0,0,0,0,0,0,0,0,0,0,0,0,0,0,0,0,0,0,0,0,0
0,0,0,0,0,0,0,0,0,0,0,0,0,0,0,0,0,0,0,0,0,0,0,0,0,1,0,10,0,36,0,69,0,197,0,439,1012,0,2097,0,4403,0,8292,0,15375,0,27010,0,45096,0,73135,0,112719,0,166366,0,234304,0,317378,0,413052,0,515341,0,617356,0,710605,0,783769,0,833339,0,848769,831002,0,782119,0,704787,0,610234,0,507352,0,406345,0,311154,0,228222,0,161906,0,109400,0,70665,0,43575,0,25923,0,14656,0,8166,0,4220,0,1942,0,865,439,0,159,0,68,0,22,0,10,0,3,0,2,0,2,0,0,0,0,0,0,0,0,0,0,0,0,0,0,0,0,0,0,0,0,0
0,0,0,0,0,0,0,0,0,0,0,0,0,0,0,0,0,0,0,0,0,0,0,0,0,0,0,12,0,37,0,74,0,183,0,432,1000,0,2099,0,4295,0,8251,0,15189,0,26833,0,45315,0,72780,0,111898,0,166667,0,233775,0,316755,0,412973,0,515662,0,617115,0,710455,0,785459,0,833959,0,849563,831408,0,782780,0,705413,0,610509,0,507133,0,406029,0,310736,0,228533,0,161232,0,109036,0,70023,0,43836,0,25700,0,14601,0,8016,0,4103,0,2001,0,869,405,0,154,0,67,0,25,0,7,0,9,0,1,0,1,0,0,0,0,0,0,0,0,0,0,0,0,0,0,0,0,0,0,0,0,0
0,0,0,0,0,0,0,0,0,0,0,0,0,0,0,0,0,0,0,0,0,0,0,0,0,1,0,6,0,40,0,82,0,169,0,450,931,0,2104,0,4210,0,8186,0,15209,0,26693,0,44921,0,72689,0,111533,0,166237,0,232769,0,316609,0,413771,0,515225,0,616099,0,711475,0,787016,0,834122,0,849568,833982,0,783124,0,705065,0,610669,0,507897,0,405466,0,310739,0,227920,0,160825,0,108215,0,70458,0,43362,0,25547,0,14486,0,8025,0,3993,0,1993,0,882,389,0,155,0,61,0,23,0,10,0,5,0,1,0,1,0,0,0,0,0,0,0,0,0,0,0,0,0,0,0,0,0,0,0,0,0
0,0,0,0,0,0,0,0,0,0,0,0,0,0,0,0,0,0,0,0,0,0,0,0,0,2,0,7,0,40,0,82,0,168,0,406,1007,0,2029,0,4221,0,7991,0,15018,0,26673,0,44524,0,72545,0,111815,0,164640,0,232872,0,316866,0,413214,0,515341,0,616782,0,711541,0,787893,0,834310,0,852080,832746,0,783457,0,706866,0,611118,0,507552,0,404099,0,310651,0,228192,0,160073,0,108216,0,69988,0,43072,0,25512,0,14478,0,7852,0,3965,0,1960,0,894,419,0,137,0,51,0,28,0,10,0,3,0,2,0,0,0,0,0,0,0,0,0,0,0,0,0,0,0,0,0,0,0,0,0,0,0
0,0,0,0,0,0,0,0,0,0,0,0,0,0,0,0,0,0,0,0,0,0,0,0,0,3,0,5,0,35,0,84,0,169,0,394,1018,0,2032,0,4125,0,8017,0,15071,0,26308,0,44514,0,72107,0,111458,0,163483,0,233259,0,316603,0,412238,0,516424,0,617892,0,711813,0,787352,0,835739,0,852318,833277,0,784254,0,706894,0,610737,0,508029,0,404851,0,309996,0,227224,0,160390,0,107634,0,69502,0,43331,0,25332,0,14297,0,7752,0,4002,0,1917,0,888,403,0,144,0,53,0,28,0,10,0,1,0,0,0,1,0,0,0,0,0,0,0,0,0,0,0,0,0,0,0,0,0,0,0,0,0
0,0,0,0,0,0,0,0,0,0,0,0,0,0,0,0,0,0,0,0,0,0,0,0,0,3,0,7,0,31,0,75,0,176,0,409,996,0,1999,0,4061,0,8034,0,14789,0,26230,0,44355,0,71700,0,111120,0,163643,0,232945,0,316703,0,411736,0,514989,0,618866,0,712156,0,789381,0,835195,0,853469,833066,0,785328,0,706695,0,612222,0,507176,0,404771,0,309882,0,226970,0,159924,0,107460,0,69290,0,43038,0,25431,0,13989,0,7649,0,4013,0,1929,0,852,409,0,144,0,57,0,27,0,11,0,6,0,0,0,1,0,0,0,0,0,0,0,0,0,0,0,0,0,0,0,0,0,0,0,0,0
0,0,0,0,0,0,0,0,0,0,0,0,0,0,0,0,0,0,0,0,0,0,0,1,0,2,0,3,0,27,0,79,0,180,0,415,948,0,1985,0,4080,0,7964,0,14805,0,25972,0,44166,0,71087,0,111017,0,163430,0,232778,0,316302,0,410671,0,515359,0,618798,0,713723,0,789668,0,836385,0,851964,834565,0,786038,0,709107,0,610842,0,507456,0,405305,0,308429,0,227134,0,159302,0,107167,0,69125,0,42875,0,25217,0,14115,0,7617,0,3927,0,1839,0,894,401,0,145,0,59,0,19,0,16,0,2,0,2,0,1,0,0,0,0,0,0,0,0,0,0,0,0,0,0,0,0,0,0,0,0,0
0,0,0,0,0,0,0,0,0,0,0,0,0,0,0,0,0,0,0,0,0,1,0,0,0,3,0,4,0,25,0,71,0,180,0,437,906,0,1996,0,4133,0,7875,0,14692,0,25698,0,43981,0,71250,0,110417,0,163769,0,231518,0,315641,0,411414,0,514389,0,619651,0,714514,0,790687,0,834904,0,854083,835568,0,785982,0,708576,0,612042,0,508571,0,403879,0,309224,0,225857,0,159200,0,106830,0,68754,0,42556,0,25306,0,14052,0,7556,0,3804,0,1876,0,887,404,0,154,0,46,0,30,0,10,0,2,0,2,0,1,0,0,0,0,0,0,0,0,0,0,0,0,0,0,0,0,0,0,0,0,0
0,0,0,0,0,0,0,0,0,0,0,0,0,0,0,0,0,0,0,0,0,1,0,0,0,3,0,6,0,23,0,72,0,165,0,433,886,0,1973,0,4091,0,7838,0,14546,0,25736,0,43875,0,70997,0,110017,0,163303,0,231266,0,315749,0,411811,0,514924,0,618852,0,713847,0,790553,0,837307,0,855234,835910,0,785924,0,708059,0,612565,0,508846,0,404419,0,308724,0,224719,0,159808,0,106199,0,68951,0,42047,0,24860,0,14164,0,7442,0,3893,0,1836,0,870,426,0,145,0,52,0,24,0,13,0,0,0,2,0,2,0,0,0,0,0,0,0,0,0,0,0,0,0,0,0,0,0,0,0,0,0
0,0,0,0,0,0,0,0,0,0,0,0,0,0,0,0,0,0,0,0,0,0,0,2,0,2,0,6,0,23,0,70,0,175,0,407,900,0,1983,0,4021,0,7724,0,14410,0,25802,0,43452,0,70901,0,109906,0,162577,0,230985,0,315174,0,411710,0,515741,0,619171,0,713837,0,790134,0,838810,0,854493,836805,0,787083,0,707844,0,613622,0,509170,0,404071,0,308305,0,225241,0,158359,0,106693,0,68479,0,41987,0,24680,0,13894,0,7628,0,3777,0,1871,0,854,386,0,150,0,56,0,23,0,9,0,2,0,3,0,0,0,0,0,0,0,0,0,0,0,0,0,0,0,0,0,0,0,0,0,0,0
0,0,0,0,0,0,0,0,0,0,0,0,0,0,0,0,0,0,0,0,0,0,0,1,0,3,0,9,0,31,0,57,0,158,0,399,960,0,1937,0,3966,0,7813,0,14312,0,25665,0,43221,0,70437,0,110061,0,162263,0,230647,0,315277,0,411001,0,514489,0,620319,0,714610,0,790264,0,839771,0,855871,837390,0,785855,0,709890,0,612306,0,509286,0,403849,0,308445,0,225356,0,158021,0,106182,0,68045,0,42106,0,24616,0,13826,0,7514,0,3881,0,1839,0,843,385,0,147,0,47,0,22,0,7,0,4,0,3,0,1,0,0,0,0,0,0,0,0,0,0,0,0,0,0,0,0,0,0,0,0,0
0,0,0,0,0,0,0,0,0,0,0,0,0,0,0,0,0,0,0,0,0,0,0,0,0,5,0,7,0,24,0,61,0,160,0,401,916,0,1971,0,3844,0,7813,0,14259,0,25540,0,43084,0,70390,0,109587,0,162273,0,230581,0,313443,0,411192,0,515263,0,619671,0,716033,0,790662,0,839469,0,857087,838762,0,786804,0,708388,0,612200,0,509132,0,405059,0,307963,0,224435,0,158208,0,105823,0,67980,0,41903,0,24659,0,13884,0,7405,0,3789,0,1808,0,871,357,0,162,0,46,0,19,0,8,0,5,0,0,0,2,0,0,0,0,0,0,0,0,0,0,0,0,0,0,0,0,0,0,0,0,0
0,0,0,0,0,0,0,0,0,0,0,0,0,0,0,0,0,0,0,0,0,0,0,0,0,4,0,7,0,24,0,56,0,152,0,431,907,0,1908,0,3923,0,7672,0,14291,0,25411,0,42905,0,70036,0,109385,0,161983,0,229887,0,314228,0,410440,0,514831,0,620278,0,715540,0,790929,0,841793,0,856554,839726,0,786946,0,708654,0,612399,0,509725,0,403670,0,308584,0,224445,0,157866,0,105537,0,67814,0,41681,0,24523,0,13931,0,7373,0,3703,0,1825,0,827,364,0,158,0,51,0,15,0,9,0,5,0,1,0,1,0,0,0,0,0,0,0,0,0,0,0,0,0,0,0,0,0,0,0,0,0
0,0,0,0,0,0,0,0,0,0,0,0,0,0,0,0,0,0,0,0,0,0,0,1,0,4,0,8,0,20,0,59,0,166,0,388,908,0,1899,0,3831,0,7709,0,14356,0,25332,0,42772,0,69482,0,109071,0,161355,0,230394,0,313997,0,410712,0,514418,0,621312,0,715803,0,791085,0,841121,0,857593,839826,0,787698,0,708100,0,613695,0,509255,0,404182,0,308052,0,224460,0,157330,0,105543,0,67487,0,41504,0,24426,0,13735,0,7452,0,3629,0,1786,0,862,361,0,145,0,50,0,19,0,9,0,3,0,2,0,1,0,0,0,0,0,0,0,0,0,0,0,0,0,0,0,0,0,0,0,0,0
0,0,0,0,0,0,0,0,0,0,0,0,0,0,0,0,0,0,0,0,0,0,0,2,0,0,0,9,0,19,0,60,0,168,0,411,882,0,1849,0,3822,0,7641,0,14327,0,25159,0,42491,0,69507,0,108605,0,161407,0,230150,0,313455,0,411303,0,514396,0,619970,0,716367,0,792918,0,841816,0,856840,839742,0,788776,0,709094,0,613018,0,509587,0,404374,0,307599,0,225018,0,156376,0,105547,0,67276,0,41353,0,24202,0,13594,0,7402,0,3665,0,1807,0,825,349,0,143,0,51,0,23,0,7,0,2,0,4,0,0,0,0,0,0,0,0,0,0,0,0,0,0,0,0,0,0,0,0,0,0,0
0,0,0,0,0,0,0,0,0,0,0,0,0,0,0,0,0,0,0,0,0,1,0,0,0,2,0,9,0,18,0,60,0,166,0,398,842,0,1833,0,3785,0,7645,0,14133,0,25183,0,42542,0,69361,0,107935,0,161484,0,229691,0,313476,0,411349,0,514664,0,619670,0,717053,0,793216,0,840838,0,859092,839930,0,788839,0,709212,0,613467,0,509257,0,405061,0,307024,0,224327,0,156339,0,105260,0,67053,0,41365,0,24136,0,13469,0,7320,0,3730,0,1790,0,816,338,0,144,0,54,0,16,0,9,0,4,0,2,0,0,0,0,0,0,0,0,0,0,0,0,0,0,0,0,0,0,0,0,0,0,0
0,0,0,0,0,0,0,0,0,0,0,0,0,0,0,0,0,0,0,0,0,0,0,1,0,3,0,9,0,14,0,69,0,164,0,368,873,0,1851,0,3768,0,7551,0,14165,0,25003,0,42582,0,69227,0,107455,0,161381,0,229025,0,314230,0,410044,0,515386,0,620082,0,716094,0,793563,0,842477,0,859809,839921,0,788805,0,709575,0,613684,0,509206,0,405204,0,306643,0,224386,0,155868,0,105340,0,66885,0,41030,0,24092,0,13450,0,7276,0,3696,0,1795,0,817,320,0,139,0,51,0,20,0,4,0,6,0,1,0,0,0,0,0,0,0,0,0,0,0,0,0,0,0,0,0,0,0,0,0,0,0
0,0,0,0,0,0,0,0,0,0,0,0,0,0,0,0,0,0,0,0,0,0,0,2,0,2,0,7,0,15,0,63,0,153,0,378,894,0,1797,0,3796,0,7392,0,14232,0,24954,0,42061,0,69001,0,107646,0,160621,0,229483,0,314251,0,408865,0,515359,0,620428,0,716922,0,793722,0,843503,0,859595,841842,0,788418,0,709841,0,613253,0,508965,0,404241,0,307308,0,223870,0,156677,0,104530,0,66957,0,40953,0,23938,0,13439,0,7331,0,3581,0,1740,0,831,344,0,128,0,51,0,20,0,5,0,2,0,0,0,1,0,0,0,0,0,0,0,0,0,0,0,0,0,0,0,0,0,0,0,0,0
0,0,0,0,0,0,0,0,0,0,0,0,0,0,0,0,0,0,0,0,0,0,0,2,0,1,0,7,0,18,0,61,0,149,0,397,864,0,1816,0,3854,0,7434,0,13813,0,25008,0,42199,0,68632,0,107214,0,160401,0,229779,0,312764,0,409176,0,515285,0,621452,0,717223,0,794740,0,843157,0,860658,841011,0,788346,0,711261,0,612277,0,509440,0,404159,0,307317,0,223700,0,156302,0,104762,0,66430,0,41029,0,24019,0,13366,0,7233,0,3569,0,1769,0,761,337,0,134,0,51,0,21,0,8,0,1,0,0,0,1,0,0,0,0,0,0,0,0,0,0,0,0,0,0,0,0,0,0,0,0,0
0,0,0,0,0,0,0,0,0,0,0,0,0,0,0,0,0,0,0,0,0,0,0,1,0,2,0,6,0,25,0,55,0,153,0,380,835,0,1862,0,3776,0,7387,0,13909,0,24772,0,42398,0,68246,0,106842,0,160664,0,228987,0,312935,0,409557,0,515379,0,621195,0,716867,0,795986,0,843747,0,861086,840561,0,789011,0,710243,0,614460,0,508715,0,402914,0,307913,0,223911,0,155841,0,104474,0,66460,0,40862,0,23817,0,13485,0,7100,0,3587,0,1687,0,765,347,0,121,0,57,0,15,0,8,0,1,0,0,0,1,0,0,0,0,0,0,0,0,0,0,0,0,0,0,0,0,0,0,0,0,0
0,0,0,0,0,0,0,0,0,0,0,0,0,0,0,0,0,0,0,0,0,0,0,1,0,0,0,6,0,30,0,48,0,163,0,379,844,0,1828,0,3732,0,7436,0,13723,0,24768,0,42161,0,68426,0,106694,0,160160,0,229134,0,311843,0,409953,0,515903,0,621231,0,717301,0,794115,0,844957,0,861546,842167,0,788399,0,710466,0,614611,0,508651,0,404109,0,306561,0,223516,0,156256,0,103922,0,66842,0,40628,0,23886,0,13401,0,7030,0,3590,0,1709,0,735,337,0,135,0,46,0,23,0,3,0,1,0,1,0,1,0,0,0,0,0,0,0,0,0,0,0,0,0,0,0,0,0,0,0,0,0
0,0,0,0,0,0,0,0,0,0,0,0,0,0,0,0,0,0,0,0,0,0,0,1,0,0,0,8,0,19,0,56,0,166,0,388,801,0,1859,0,3723,0,7467,0,13611,0,24685,0,41915,0,68365,0,106815,0,159758,0,228665,0,312380,0,409444,0,515787,0,620400,0,718045,0,794639,0,845106,0,862335,842678,0,788435,0,711134,0,614480,0,508377,0,404109,0,306755,0,223929,0,155336,0,104121,0,66513,0,40339,0,23724,0,13447,0,7015,0,3563,0,1737,0,759,308,0,136,0,53,0,13,0,7,0,1,0,0,0,1,0,0,0,0,0,0,0,0,0,0,0,0,0,0,0,0,0,0,0,0,0
0,0,0,0,0,0,0,0,0,0,0,0,0,0,0,0,0,0,0,0,0,0,0,1,0,1,0,3,0,19,0,61,0,171,0,367,820,0,1862,0,3705,0,7352,0,13523,0,24497,0,41951,0,68232,0,106970,0,159354,0,227863,0,312261,0,410131,0,515546,0,620551,0,717852,0,795536,0,844675,0,862905,842601,0,789973,0,711188,0,614332,0,508762,0,403131,0,307296,0,222886,0,155672,0,104209,0,66398,0,40235,0,23671,0,13287,0,7026,0,3509,0,1729,0,769,318,0,135,0,48,0,16,0,7,0,0,0,0,0,1,0,0,0,0,0,0,0,0,0,0,0,0,0,0,0,0,0,0,0,0,0
0,0,0,0,0,0,0,0,0,0,0,0,0,0,0,0,0,0,0,0,0,1,0,0,0,1,0,4,0,23,0,63,0,157,0,353,826,0,1810,0,3803,0,7159,0,13520,0,24450,0,41719,0,67828,0,106620,0,159790,0,227114,0,311797,0,409588,0,513630,0,621582,0,718577,0,794719,0,845366,0,862758,843209,0,791041,0,711478,0,615317,0,508668,0,403504,0,307074,0,222710,0,156280,0,103799,0,66411,0,40190,0,23672,0,13230,0,7043,0,3554,0,1674,0,769,322,0,132,0,53,0,13,0,5,0,1,0,1,0,0,0,0,0,0,0,0,0,0,0,0,0,0,0,0,0,0,0,0,0,0,1
0,0,0,0,0,0,0,0,0,0,0,0,0,0,0,0,0,0,0,0,0,1,0,0,0,1,0,6,0,22,0,65,0,155,0,340,824,0,1802,0,3692,0,7282,0,13461,0,24351,0,41265,0,67614,0,106589,0,158887,0,227809,0,310943,0,408493,0,514245,0,620020,0,718795,0,795879,0,844734,0,862676,844250,0,791239,0,713381,0,614623,0,509660,0,403498,0,306309,0,224175,0,155501,0,103954,0,66060,0,40501,0,23720,0,13095,0,7018,0,3505,0,1655,0,788,318,0,127,0,66,0,7,0,5,0,1,0,1,0,0,0,0,0,0,0,0,0,0,0,0,0,0,0,0,0,0,0,0,0,0,1
0,0,0,0,0,0,0,0,0,0,0,0,0,0,0,0,0,0,0,0,0,1,0,0,0,2,0,5,0,19,0,63,0,157,0,340,827,0,1780,0,3655,0,7240,0,13387,0,24381,0,41196,0,67507,0,105901,0,158805,0,227334,0,310949,0,408281,0,513130,0,619797,0,717916,0,795962,0,846455,0,861654,844230,0,793072,0,713713,0,614906,0,509184,0,404135,0,306872,0,223959,0,156023,0,103807,0,66161,0,40306,0,23704,0,13192,0,6958,0,3480,0,1672,0,762,321,0,135,0,58,0,11,0,2,0,1,0,0,0,0,0,0,0,0,0,0,0,0,0,0,0,0,0,0,0,0,0,0,0,0,1
0,0,0,0,0,0,0,0,0,0,0,0,0,0,0,0,0,0,0,0,0,1,0,0,0,1,0,8,0,18,0,47,0,151,0,387,791,0,1732,0,3694,0,7152,0,13481,0,24126,0,41126,0,67413,0,105490,0,158350,0,227406,0,310320,0,407624,0,513151,0,618694,0,718405,0,796372,0,844583,0,863136,845092,0,793280,0,713173,0,616272,0,509964,0,404337,0,307044,0,223715,0,156278,0,103976,0,65999,0,40388,0,23698,0,13152,0,6985,0,3450,0,1651,0,774,311,0,143,0,47,0,16,0,3,0,0,0,1,0,0,0,0,0,0,0,0,0,0,0,0,0,0,0,0,0,0,0,0,0,0,1
0,0,0,0,0,0,0,0,0,0,0,0,0,0,0,0,0,0,0,0,0,1,0,1,0,0,0,4,0,20,0,43,0,166,0,343,818,0,1700,0,3710,0,7144,0,13144,0,24121,0,41119,0,67457,0,105206,0,157637,0,226424,0,310898,0,406852,0,512399,0,620063,0,715955,0,797305,0,844664,0,863133,846087,0,792136,0,715130,0,616143,0,510503,0,405417,0,306934,0,223893,0,156161,0,104234,0,65787,0,40587,0,23525,0,13240,0,6963,0,3436,0,1627,0,747,317,0,141,0,47,0,22,0,3,0,0,0,1,0,0,0,0,0,0,0,0,0,0,0,0,0,0,0,0,0,0,0,0,0,0,1
0,0,0,0,0,0,0,0,0,0,0,0,0,0,0,0,0,0,0,1,0,1,0,0,0,0,0,2,0,20,0,50,0,155,0,342,812,0,1751,0,3598,0,7047,0,13251,0,23951,0,40989,0,67287,0,105134,0,157387,0,225833,0,310674,0,406597,0,511519,0,619076,0,716171,0,795743,0,846212,0,864058,844371,0,793738,0,714426,0,617879,0,511654,0,404405,0,307973,0,224379,0,156159,0,103890,0,66214,0,40745,0,23446,0,13127,0,6902,0,3513,0,1641,0,744,322,0,135,0,63,0,16,0,4,0,0,0,1,0,0,0,0,0,0,0,0,0,0,0,0,0,0,0,0,0,0,0,0,0,0,1
0,0,0,0,0,0,0,0,0,0,0,0,0,0,0,0,0,0,0,0,0,1,0,1,0,0,0,6,0,18,0,60,0,128,0,369,795,0,1782,0,3516,0,7042,0,13282,0,23937,0,40736,0,67114,0,104199,0,158268,0,225236,0,309428,0,406160,0,511279,0,618032,0,716466,0,794376,0,847013,0,863921,846098,0,792658,0,716060,0,617883,0,512242,0,405317,0,308439,0,224219,0,156269,0,104375,0,66034,0,40395,0,23836,0,12980,0,7003,0,3491,0,1664,0,764,306,0,132,0,53,0,17,0,7,0,0,0,1,0,0,0,0,0,0,0,0,0,0,0,0,0,0,0,0,0,0,0,0,0,0,1
0,0,0,0,0,0,0,0,0,0,0,0,0,0,0,0,0,0,0,0,0,2,0,0,0,2,0,2,0,19,0,65,0,123,0,373,812,0,1716,0,3548,0,7009,0,12951,0,24012,0,40609,0,66779,0,104549,0,156814,0,226201,0,308113,0,406462,0,508844,0,618485,0,716106,0,794739,0,846398,0,863304,846962,0,794410,0,715501,0,618823,0,511997,0,405868,0,309564,0,224600,0,156647,0,104030,0,66210,0,40749,0,23581,0,13114,0,6854,0,3499,0,1682,0,754,321,0,138,0,42,0,18,0,6,0,0,0,1,0,0,0,0,0,0,0,0,0,0,0,0,0,0,0,0,0,0,0,0,0,0,1
0,0,0,0,0,0,0,0,0,0,0,0,0,0,0,0,0,0,0,0,0,1,0,2,0,1,0,6,0,18,0,58,0,121,0,337,846,0,1666,0,3498,0,7077,0,13033,0,23548,0,40927,0,66470,0,104058,0,156825,0,224943,0,308259,0,405425,0,509134,0,617199,0,716552,0,795068,0,845325,0,864240,846623,0,795529,0,715987,0,618671,0,512621,0,406773,0,309766,0,224789,0,156387,0,104396,0,66525,0,40562,0,23810,0,12985,0,6906,0,3465,0,1698,0,764,309,0,150,0,35,0,15,0,3,0,1,0,1,0,0,0,0,0,0,0,0,0,0,0,0,0,0,0,0,0,0,0,0,0,0,1
0,0,0,0,0,0,0,0,0,0,0,0,0,0,0,0,0,0,0,1,0,0,0,1,0,1,0,7,0,13,0,56,0,119,0,340,806,0,1654,0,3504,0,6953,0,13087,0,23698,0,40634,0,66349,0,104103,0,155911,0,224149,0,308757,0,403860,0,509408,0,617250,0,714539,0,795624,0,845890,0,864162,846463,0,795534,0,717201,0,619595,0,512964,0,407530,0,309884,0,224497,0,157257,0,104295,0,66388,0,40827,0,23702,0,13063,0,6930,0,3447,0,1681,0,760,321,0,140,0,33,0,17,0,2,0,0,0,1,0,0,0,0,0,0,0,0,0,0,0,0,0,0,0,0,0,0,0,0,0,0,1
0,0,0,0,0,0,0,0,0,0,0,0,0,0,0,0,0,0,0,1,0,0,0,0,0,2,0,5,0,17,0,48,0,113,0,342,802,0,1647,0,3475,0,7003,0,12886,0,23560,0,40452,0,66464,0,103432,0,155628,0,223766,0,307218,0,405153,0,508985,0,615165,0,714622,0,794531,0,846185,0,864966,847066,0,795556,0,718652,0,618787,0,514815,0,407306,0,309998,0,225523,0,157324,0,104450,0,66527,0,40606,0,23884,0,13112,0,6963,0,3425,0,1658,0,767,333,0,137,0,36,0,12,0,1,0,1,0,1,0,0,0,0,0,0,0,0,0,0,0,0,0,0,0,0,0,0,0,0,0,0,1
0,0,0,0,0,0,0,0,0,0,0,0,0,0,0,0,0,0,0,1,0,0,0,0,0,1,0,5,0,19,0,46,0,127,0,337,776,0,1652,0,3499,0,6830,0,13066,0,23241,0,40206,0,66013,0,103939,0,154827,0,223343,0,307448,0,403421,0,510223,0,614262,0,714701,0,792512,0,846713,0,864435,846879,0,797391,0,718984,0,619875,0,513785,0,408726,0,310723,0,225771,0,157428,0,104543,0,66835,0,40628,0,23765,0,13177,0,6872,0,3420,0,1664,0,761,353,0,127,0,45,0,9,0,3,0,0,0,1,0,0,0,0,0,0,0,0,0,0,0,0,0,0,0,0,0,0,0,0,0,0,1
0,0,0,0,0,0,0,0,0,0,0,0,0,0,0,0,0,0,0,1,0,0,0,0,0,3,0,2,0,18,0,49,0,132,0,333,761,0,1664,0,3491,0,6766,0,13103,0,23037,0,40159,0,65493,0,103715,0,155514,0,222452,0,306484,0,402990,0,509080,0,614302,0,713229,0,793081,0,844980,0,865230,847582,0,797719,0,719735,0,621138,0,514330,0,409047,0,311146,0,225885,0,157918,0,104923,0,66975,0,40806,0,23607,0,13263,0,6858,0,3437,0,1642,0,800,337,0,131,0,48,0,9,0,2,0,0,0,1,0,0,0,0,0,0,0,0,0,0,0,0,0,0,0,0,0,0,0,0,0,0,1
0,0,0,0,0,0,0,0,0,0,0,0,0,0,0,0,0,0,0,1,0,0,0,0,0,3,0,2,0,11,0,57,0,121,0,356,752,0,1625,0,3489,0,6782,0,13036,0,23045,0,40116,0,65358,0,103504,0,154706,0,222859,0,305184,0,403020,0,506952,0,615454,0,711958,0,791934,0,846441,0,865075,849100,0,797149,0,719085,0,621544,0,515811,0,409237,0,311270,0,227236,0,157503,0,105594,0,66992,0,40741,0,23728,0,13167,0,6977,0,3507,0,1592,0,789,353,0,128,0,49,0,11,0,3,0,0,0,1,0,0,0,0,0,0,0,0,0,0,0,0,0,0,0,0,0,0,0,0,0,0,1
0,0,0,0,0,0,0,0,0,0,0,0,0,0,0,0,0,0,0,0,0,1,0,1,0,1,0,3,0,14,0,50,0,126,0,323,775,0,1603,0,3481,0,6952,0,12713,0,23124,0,39917,0,65325,0,102648,0,155091,0,222453,0,304947,0,401659,0,506308,0,613492,0,712978,0,791275,0,846527,0,864115,849868,0,797708,0,718787,0,622988,0,517207,0,409466,0,311058,0,227724,0,158779,0,105669,0,66829,0,40822,0,24039,0,13129,0,6975,0,3483,0,1661,0,774,350,0,127,0,49,0,12,0,0,0,1,0,0,0,1,0,0,0,0,0,0,0,0,0,0,0,0,0,0,0,0,0,0,0,0,1
0,0,0,0,0,0,0,0,0,0,0,0,0,0,0,0,0,0,0,0,0,1,0,1,0,0,0,4,0,14,0,48,0,122,0,306,767,0,1600,0,3463,0,6843,0,12834,0,22892,0,39764,0,65268,0,102751,0,154032,0,222346,0,304017,0,401106,0,505733,0,613469,0,711380,0,792148,0,845714,0,863264,849869,0,798260,0,720358,0,623509,0,517597,0,410652,0,312294,0,227407,0,158956,0,105656,0,67343,0,41211,0,23749,0,13204,0,7060,0,3450,0,1655,0,766,318,0,141,0,51,0,13,0,0,0,1,0,0,0,1,0,0,0,0,0,0,0,0,0,0,0,0,0,0,0,0,0,0,0,0,1
0,0,0,0,0,0,0,0,0,0,0,0,0,0,0,0,0,0,0,0,0,1,0,0,0,1,0,3,0,14,0,47,0,128,0,324,724,0,1622,0,3402,0,6790,0,12694,0,23108,0,39360,0,65331,0,102316,0,153923,0,221377,0,304186,0,400048,0,505177,0,611782,0,711416,0,792397,0,844496,0,863514,849944,0,799368,0,720158,0,624087,0,518167,0,412116,0,312264,0,228541,0,159427,0,105663,0,67771,0,41186,0,23854,0,13177,0,7050,0,3515,0,1643,0,764,331,0,130,0,55,0,12,0,3,0,0,0,0,0,1,0,0,0,0,0,0,0,0,0,0,0,0,0,0,0,0,0,0,0,0,1
0,0,0,0,0,0,0,0,0,0,0,0,0,0,0,0,0,0,0,0,0,1,0,0,0,0,0,4,0,12,0,47,0,123,0,300,702,0,1632,0,3414,0,6746,0,12581,0,23040,0,39543,0,64645,0,102014,0,153679,0,220641,0,303640,0,399460,0,504856,0,611836,0,709607,0,792534,0,843614,0,864661,848611,0,799766,0,721316,0,625566,0,518711,0,411905,0,313920,0,229131,0,159075,0,106126,0,68076,0,41284,0,23777,0,13328,0,7025,0,3509,0,1646,0,770,339,0,125,0,46,0,21,0,2,0,0,0,0,0,1,0,0,0,0,0,0,0,0,0,0,0,0,0,0,0,0,0,0,0,0,1
0,0,0,0,0,0,0,0,0,0,0,0,0,0,0,0,0,0,0,0,0,0,0,1,0,1,0,3,0,15,0,41,0,122,0,313,708,0,1590,0,3444,0,6669,0,12522,0,22945,0,39327,0,64923,0,101862,0,152934,0,219903,0,303136,0,397460,0,506027,0,610995,0,709964,0,790376,0,843467,0,865416,848113,0,799422,0,722427,0,626326,0,519507,0,413212,0,314304,0,229643,0,159304,0,106365,0,68374,0,41442,0,24001,0,13275,0,7022,0,3546,0,1674,0,764,322,0,137,0,42,0,17,0,4,0,0,0,0,0,0,0,1,0,0,0,0,0,0,0,0,0,0,0,0,0,0,0,0,0,1,0
0,0,0,0,0,0,0,0,0,0,0,0,0,0,0,0,0,0,0,0,0,0,0,1,0,1,0,6,0,14,0,45,0,118,0,300,690,0,1581,0,3445,0,6563,0,12606,0,22969,0,39057,0,64612,0,101492,0,152189,0,219882,0,302362,0,398028,0,503733,0,611871,0,708665,0,789253,0,844799,0,861989,850276,0,799198,0,724157,0,625995,0,520751,0,413789,0,315140,0,229796,0,160142,0,106888,0,68342,0,41873,0,23900,0,13324,0,7044,0,3500,0,1728,0,780,315,0,131,0,46,0,18,0,3,0,0,0,0,0,0,0,1,0,0,0,0,0,0,0,0,0,0,0,0,0,0,0,0,0,1,0
0,0,0,0,0,0,0,0,0,0,0,0,0,0,0,0,0,0,0,0,0,0,0,1,0,1,0,5,0,13,0,43,0,123,0,316,683,0,1563,0,3353,0,6642,0,12463,0,22787,0,39369,0,63883,0,101445,0,152027,0,218810,0,302460,0,397465,0,503059,0,610136,0,708618,0,788913,0,842161,0,864496,848791,0,800864,0,723827,0,627957,0,520728,0,413877,0,316426,0,230410,0,161051,0,107011,0,69082,0,41620,0,23977,0,13333,0,7077,0,3555,0,1704,0,752,322,0,133,0,55,0,18,0,2,0,0,0,0,0,0,0,1,0,0,0,0,0,0,0,0,0,0,0,0,0,0,0,0,0,1,0
0,0,0,0,0,0,0,0,0,0,0,0,0,0,0,0,0,0,0,0,0,0,0,1,0,1,0,2,0,16,0,45,0,115,0,312,709,0,1565,0,3328,0,6585,0,12459,0,22600,0,38882,0,63989,0,100799,0,151425,0,219106,0,301219,0,397968,0,501524,0,609570,0,708261,0,787256,0,841705,0,864468,849520,0,801516,0,724751,0,627570,0,521353,0,415212,0,316773,0,231800,0,161199,0,107862,0,68791,0,41914,0,24141,0,13478,0,7103,0,3572,0,1616,0,792,315,0,144,0,56,0,14,0,5,0,0,0,0,0,0,0,1,0,0,0,0,0,0,0,0,0,0,0,0,0,0,0,0,0,1,0
0,0,0,0,0,0,0,0,0,0,0,0,0,0,0,0,0,0,0,0,0,0,0,1,0,0,0,3,0,14,0,52,0,120,0,288,692,0,1587,0,3201,0,6602,0,12381,0,22468,0,38741,0,64140,0,100377,0,151216,0,218381,0,300222,0,396696,0,501299,0,608611,0,706353,0,786733,0,842384,0,864950,849292,0,801720,0,725810,0,628521,0,522636,0,414808,0,317789,0,232572,0,162205,0,107966,0,69046,0,41948,0,24317,0,13590,0,7071,0,3593,0,1687,0,769,347,0,137,0,54,0,11,0,4,0,2,0,0,0,1,0,0,0,0,0,0,0,0,0,0,0,0,0,0,0,0,0,0,0,1,0
0,0,0,0,0,0,0,0,0,0,0,0,0,0,0,0,0,0,0,0,0,0,0,1,0,1,0,1,0,19,0,43,0,133,0,299,660,0,1585,0,3256,0,6384,0,12350,0,22637,0,38512,0,63877,0,100045,0,150908,0,217289,0,299897,0,395832,0,501088,0,607515,0,704819,0,785974,0,843179,0,863249,851038,0,801104,0,726179,0,629861,0,523377,0,416308,0,318052,0,233369,0,162448,0,108483,0,69459,0,42179,0,24529,0,13684,0,7109,0,3683,0,1653,0,772,354,0,144,0,54,0,9,0,5,0,1,0,1,0,0,0,0,0,0,0,0,0,0,0,0,0,0,0,0,0,0,0,0,0,1,0
0,0,0,0,0,0,0,0,0,0,0,0,0,0,0,0,0,0,0,0,0,0,0,2,0,0,0,1,0,14,0,51,0,129,0,298,664,0,1556,0,3154,0,6517,0,12311,0,22472,0,38458,0,63158,0,99886,0,150699,0,216652,0,298228,0,396351,0,500193,0,606834,0,704001,0,785446,0,841286,0,864115,850709,0,803122,0,726421,0,629815,0,524067,0,416805,0,319717,0,233546,0,163202,0,108940,0,69753,0,42570,0,24611,0,13777,0,7115,0,3669,0,1720,0,805,353,0,137,0,57,0,16,0,3,0,1,0,1,0,0,0,0,0,0,0,0,0,0,0,0,0,0,0,0,0,0,0,0,0,1,0
0,0,0,0,0,0,0,0,0,0,0,0,0,0,0,0,0,0,0,0,0,0,0,2,0,0,0,4,0,13,0,54,0,119,0,291,655,0,1500,0,3220,0,6425,0,12364,0,22298,0,38228,0,62948,0,99453,0,150517,0,216355,0,297764,0,393725,0,500407,0,605881,0,702926,0,784492,0,841915,0,864103,849968,0,803826,0,727722,0,630348,0,524970,0,417721,0,319622,0,234350,0,164010,0,109750,0,69890,0,42754,0,25009,0,13675,0,7309,0,3647,0,1806,0,798,350,0,147,0,56,0,15,0,4,0,1,0,1,0,0,0,0,0,0,0,0,0,0,0,0,0,0,0,0,0,0,0,0,0,1,0
0,0,0,0,0,0,0,0,0,0,0,0,0,0,0,0,0,0,0,0,0,0,0,1,0,1,0,3,0,16,0,54,0,117,0,293,657,0,1483,0,3175,0,6457,0,12382,0,22099,0,38027,0,62799,0,99124,0,150210,0,215730,0,297133,0,392727,0,499602,0,604418,0,702505,0,784282,0,841070,0,863098,850476,0,805140,0,727935,0,629954,0,526491,0,418415,0,320898,0,234911,0,164777,0,110329,0,70625,0,42834,0,25061,0,13849,0,7359,0,3726,0,1736,0,859,345,0,136,0,65,0,14,0,9,0,0,0,0,0,1,0,0,0,0,0,0,0,0,0,0,0,0,0,0,0,0,0,0,0,1,0
0,0,0,0,0,0,0,0,0,0,0,0,0,0,0,0,0,0,0,0,0,0,0,2,0,0,0,3,0,15,0,54,0,90,0,314,670,0,1431,0,3183,0,6420,0,12442,0,21695,0,38369,0,62305,0,98617,0,149656,0,214854,0,297022,0,392531,0,497628,0,603104,0,701797,0,784862,0,839677,0,863448,851328,0,804299,0,728236,0,631881,0,526865,0,419856,0,321097,0,235603,0,165547,0,110766,0,70759,0,43316,0,25332,0,13978,0,7411,0,3792,0,1727,0,830,367,0,146,0,57,0,15,0,10,0,0,0,1,0,0,0,0,0,0,0,0,0,0,0,0,0,0,0,0,0,0,0,0,0,1,0
0,0,0,0,0,0,0,0,0,0,0,0,0,0,0,0,0,0,0,0,0,1,0,0,0,1,0,0,0,18,0,46,0,111,0,311,641,0,1480,0,3136,0,6395,0,12094,0,22045,0,38057,0,61883,0,98589,0,149244,0,214119,0,296180,0,391965,0,495900,0,602618,0,700493,0,784666,0,839768,0,863135,850868,0,804140,0,729348,0,631740,0,528715,0,419773,0,322834,0,236414,0,165976,0,111476,0,71465,0,43502,0,25713,0,14182,0,7323,0,3799,0,1839,0,819,344,0,155,0,62,0,15,0,9,0,0,0,1,0,0,0,0,0,0,0,0,0,0,0,0,0,0,0,0,0,0,0,0,0,1,0
0,0,0,0,0,0,0,0,0,0,0,0,0,0,0,0,0,0,0,0,0,1,0,0,0,1,0,2,0,14,0,45,0,122,0,283,658,0,1490,0,3146,0,6287,0,12100,0,22150,0,37813,0,61600,0,98270,0,148467,0,213616,0,295329,0,390723,0,496246,0,600242,0,700651,0,783625,0,839883,0,862328,850980,0,804416,0,728152,0,634483,0,528221,0,421991,0,323017,0,237835,0,166406,0,112388,0,71804,0,44187,0,25560,0,14255,0,7575,0,3798,0,1821,0,852,335,0,153,0,64,0,12,0,8,0,2,0,1,0,0,0,0,0,0,0,0,0,0,0,0,0,0,0,0,0,0,0,0,0,1,0
0,0,0,0,0,0,0,0,0,0,0,0,0,0,0,0,0,0,0,0,0,0,0,1,0,1,0,2,0,18,0,43,0,105,0,300,664,0,1486,0,3119,0,6317,0,11957,0,21860,0,37519,0,61886,0,97759,0,147987,0,212955,0,294883,0,389170,0,494824,0,600904,0,699423,0,782358,0,838823,0,863855,850086,0,804375,0,729741,0,633472,0,529368,0,423146,0,325103,0,238105,0,167708,0,112440,0,72250,0,44377,0,25766,0,14468,0,7698,0,3768,0,1899,0,838,342,0,145,0,68,0,15,0,6,0,5,0,0,0,0,0,0,0,0,0,0,0,0,0,0,0,0,0,0,0,0,0,0,0,1,0
0,0,0,0,0,0,0,0,0,0,0,0,0,0,0,0,0,0,0,0,0,0,0,0,0,2,0,6,0,16,0,40,0,101,0,286,653,0,1481,0,3129,0,6290,0,11879,0,21702,0,37678,0,61513,0,96933,0,147710,0,212321,0,293941,0,388636,0,493961,0,599811,0,699140,0,782071,0,837978,0,862287,850762,0,805764,0,729340,0,633957,0,530242,0,424004,0,326058,0,239283,0,167987,0,113337,0,72777,0,44559,0,26193,0,14559,0,7792,0,3888,0,1926,0,835,339,0,156,0,54,0,19,0,6,0,5,0,1,0,0,0,0,0,0,0,0,0,0,0,0,0,0,0,0,0,0,0,0,1,0,0
0,0,0,0,0,0,0,0,0,0,0,0,0,0,0,0,0,0,0,0,0,0,0,0,0,2,0,2,0,21,0,36,0,108,0,285,659,0,1444,0,3094,0,6272,0,11894,0,21498,0,37523,0,61007,0,97095,0,146838,0,211582,0,292934,0,388267,0,493136,0,598723,0,697723,0,781563,0,838426,0,861083,850343,0,806297,0,728954,0,636180,0,531517,0,425427,0,325802,0,240308,0,168743,0,113896,0,73252,0,45008,0,26454,0,14790,0,7838,0,3994,0,1919,0,881,357,0,139,0,66,0,18,0,5,0,3,0,2,0,0,0,0,0,0,0,0,0,0,0,0,0,0,0,0,0,0,0,0,1,0,0
0,0,0,0,0,0,0,0,0,0,0,0,0,0,0,0,0,0,0,0,0,0,0,0,0,3,0,2,0,17,0,41,0,86,0,284,692,0,1470,0,3091,0,6125,0,11845,0,21426,0,37102,0,61029,0,96624,0,145940,0,211454,0,292213,0,387120,0,492143,0,598191,0,696483,0,781029,0,836834,0,861493,849581,0,806184,0,730945,0,636455,0,533173,0,425800,0,327350,0,240691,0,170023,0,114132,0,73739,0,45452,0,26637,0,15029,0,7973,0,4020,0,1973,0,917,350,0,155,0,63,0,21,0,3,0,3,0,2,0,0,0,0,0,0,0,0,0,0,0,0,0,0,0,0,0,0,0,0,1,0,0
0,0,0,0,0,0,0,0,0,0,0,0,0,0,0,0,0,0,0,0,0,0,0,0,0,2,0,3,0,16,0,39,0,105,0,261,690,0,1428,0,3124,0,6068,0,11559,0,21648,0,36960,0,60804,0,95933,0,145740,0,211024,0,290624,0,386487,0,491020,0,597955,0,694886,0,779353,0,837708,0,861012,850694,0,804570,0,731778,0,638460,0,532971,0,426954,0,327353,0,242901,0,170378,0,114970,0,74362,0,45844,0,26967,0,15042,0,8081,0,4176,0,1941,0,904,362,0,155,0,65,0,24,0,2,0,4,0,1,0,0,0,0,0,0,0,0,0,0,0,0,0,0,0,0,0,0,0,0,1,0,0
0,0,0,0,0,0,0,0,0,0,0,0,0,0,0,0,0,0,0,0,0,0,0,0,0,2,0,4,0,12,0,43,0,110,0,264,646,0,1462,0,3068,0,6101,0,11555,0,21231,0,36847,0,60706,0,95612,0,144236,0,210987,0,290140,0,385037,0,490759,0,595641,0,694907,0,779126,0,836166,0,860858,850553,0,805915,0,731710,0,639196,0,533638,0,427781,0,330211,0,242438,0,171206,0,115738,0,74467,0,46709,0,27099,0,15371,0,8157,0,4152,0,2008,0,899,381,0,158,0,74,0,18,0,7,0,1,0,0,0,1,0,0,0,0,0,0,0,0,0,0,0,0,0,0,0,0,0,0,1,0,0
0,0,0,0,0,0,0,0,0,0,0,0,0,0,0,0,0,0,0,0,0,0,0,0,0,1,0,5,0,13,0,43,0,106,0,262,652,0,1434,0,3080,0,5992,0,11746,0,20940,0,36532,0,60523,0,94762,0,144344,0,209309,0,289976,0,384024,0,489574,0,595578,0,693377,0,777502,0,835856,0,861061,850849,0,805442,0,732767,0,639638,0,534908,0,429354,0,329658,0,244494,0,171768,0,116087,0,75745,0,46926,0,27495,0,15453,0,8259,0,4264,0,2082,0,883,376,0,172,0,58,0,22,0,14,0,1,0,1,0,0,0,0,0,0,0,0,0,0,0,0,0,0,0,0,0,0,0,0,1,0,0
0,0,0,0,0,0,0,0,0,0,0,0,0,0,0,0,0,0,0,0,0,0,0,0,0,1,0,4,0,19,0,39,0,108,0,277,608,0,1419,0,3110,0,5971,0,11543,0,20930,0,36377,0,59927,0,94452,0,144037,0,208449,0,288877,0,383838,0,487863,0,594075,0,692993,0,776315,0,835204,0,860198,850499,0,806170,0,733408,0,640348,0,536727,0,430105,0,331092,0,245027,0,173157,0,117203,0,75598,0,47532,0,27900,0,15580,0,8441,0,4280,0,2075,0,963,384,0,191,0,62,0,17,0,13,0,2,0,0,0,0,0,0,0,0,0,0,0,0,0,0,0,0,0,0,0,0,0,0,1,0,0
0,0,0,0,0,0,0,0,0,0,0,0,0,0,0,0,0,0,0,0,0,0,0,0,0,0,0,6,0,15,0,34,0,116,0,275,612,0,1434,0,3076,0,5994,0,11429,0,20895,0,35988,0,59725,0,94255,0,143200,0,207238,0,288988,0,382603,0,486414,0,591974,0,693172,0,776492,0,832494,0,860663,849982,0,806824,0,734613,0,640914,0,536549,0,431996,0,332475,0,246016,0,174106,0,117840,0,76546,0,47629,0,28301,0,15810,0,8532,0,4429,0,2083,0,986,394,0,189,0,67,0,21,0,13,0,1,0,0,0,0,0,0,0,0,0,0,0,0,0,0,0,0,0,0,0,0,0,0,1,0,0
0,0,0,0,0,0,0,0,0,0,0,0,0,0,0,0,0,0,0,0,0,0,0,0,0,0,0,7,0,13,0,34,0,114,0,288,617,0,1387,0,3032,0,5922,0,11399,0,20759,0,35601,0,59467,0,93726,0,142860,0,206885,0,287185,0,381768,0,485719,0,591099,0,691835,0,774831,0,832712,0,859818,850592,0,805687,0,736383,0,641812,0,537331,0,433047,0,333660,0,247575,0,174850,0,118627,0,76741,0,48473,0,28445,0,16078,0,8654,0,4415,0,2206,0,1025,452,0,176,0,65,0,25,0,8,0,3,0,0,0,0,0,0,0,0,0,0,0,0,0,0,0,0,0,0,0,0,0,0,1,0,0
0,0,0,0,0,0,0,0,0,0,0,0,0,0,0,0,0,0,0,0,0,0,0,0,0,2,0,9,0,9,0,39,0,112,0,279,610,0,1381,0,3000,0,5954,0,11175,0,20688,0,35783,0,58724,0,93511,0,142088,0,206235,0,285991,0,380692,0,484233,0,589932,0,690971,0,774274,0,832157,0,859100,850454,0,807303,0,735489,0,642165,0,540186,0,434276,0,334272,0,247957,0,175876,0,119460,0,77939,0,48556,0,28872,0,16316,0,8784,0,4519,0,2259,0,1032,466,0,161,0,79,0,26,0,9,0,2,0,1,0,0,0,0,0,0,0,0,0,0,0,0,0,0,0,0,0,0,0,0,1,0,0
0,0,0,0,0,0,0,0,0,0,0,0,0,0,0,0,0,0,0,0,0,0,0,0,0,2,0,9,0,11,0,37,0,114,0,269,611,0,1373,0,2887,0,5921,0,11235,0,20581,0,35127,0,58939,0,93131,0,141740,0,204737,0,285681,0,379259,0,483516,0,589159,0,688562,0,773111,0,832828,0,857862,850172,0,807669,0,735391,0,644792,0,540580,0,435108,0,335630,0,248940,0,176663,0,120628,0,78762,0,48936,0,29215,0,16538,0,8916,0,4628,0,2330,0,1021,484,0,189,0,74,0,25,0,11,0,3,0,1,0,0,0,0,0,0,0,0,0,0,0,0,0,0,0,0,0,0,0,0,1,0,0
0,0,0,0,0,0,0,0,0,0,0,0,0,0,0,0,0,0,0,0,0,0,0,1,0,1,0,6,0,13,0,45,0,107,0,255,613,0,1424,0,2777,0,5880,0,11311,0,20163,0,35158,0,58385,0,92655,0,141051,0,204720,0,283527,0,379574,0,481949,0,587289,0,686384,0,772068,0,832605,0,857818,850473,0,807407,0,737573,0,644282,0,542440,0,435843,0,337082,0,250184,0,177502,0,121368,0,79811,0,49328,0,29432,0,16712,0,9139,0,4760,0,2409,0,1093,489,0,183,0,74,0,29,0,11,0,5,0,0,0,0,0,0,0,0,0,0,0,0,0,0,0,0,0,0,0,0,0,0,1,0,0
0,0,0,0,0,0,0,0,0,0,0,0,0,0,0,0,0,0,0,0,0,0,0,1,0,2,0,6,0,13,0,36,0,112,0,244,624,0,1358,0,2835,0,5797,0,11082,0,20330,0,34917,0,57838,0,92138,0,140511,0,203274,0,283881,0,377937,0,480265,0,585881,0,686006,0,771342,0,830790,0,858292,850269,0,808644,0,737024,0,645816,0,542820,0,436972,0,338576,0,251520,0,178441,0,122355,0,79931,0,50191,0,29642,0,17206,0,9290,0,4829,0,2385,0,1143,514,0,208,0,74,0,31,0,11,0,3,0,1,0,0,0,0,0,0,0,0,0,0,0,0,0,0,0,0,0,0,0,0,1,0,0
0,0,0,0,0,0,0,0,0,0,0,0,0,0,0,0,0,0,0,0,0,0,0,0,0,2,0,7,0,10,0,45,0,91,0,251,612,0,1387,0,2814,0,5740,0,11004,0,20260,0,34527,0,57812,0,91928,0,139119,0,203031,0,282939,0,375871,0,479513,0,583900,0,685444,0,770631,0,830011,0,858659,848910,0,808836,0,738227,0,646120,0,544081,0,438552,0,339922,0,252136,0,180306,0,122877,0,80550,0,50784,0,30105,0,17307,0,9574,0,4995,0,2434,0,1205,540,0,214,0,81,0,26,0,16,0,1,0,1,0,0,0,0,0,0,0,0,0,0,0,0,0,0,0,0,0,0,0,0,1,0,0
0,0,0,0,0,0,0,0,0,0,0,0,0,0,0,0,0,0,0,0,0,0,0,0,0,2,0,7,0,11,0,31,0,100,0,257,631,0,1319,0,2810,0,5775,0,10929,0,19881,0,34576,0,57436,0,91196,0,138941,0,202253,0,281504,0,374748,0,477517,0,583611,0,684119,0,769367,0,829704,0,856883,849518,0,809106,0,738374,0,648036,0,545122,0,439795,0,340785,0,253446,0,181039,0,124190,0,81466,0,51143,0,30536,0,17607,0,9795,0,5226,0,2475,0,1218,571,0,226,0,75,0,37,0,11,0,2,0,1,0,0,0,0,0,0,0,0,0,0,0,0,0,0,0,0,0,0,0,0,1,0,0
0,0,0,0,0,0,0,0,0,0,0,0,0,0,0,0,0,0,0,0,0,0,0,0,0,1,0,7,0,11,0,23,0,116,0,264,628,0,1308,0,2778,0,5731,0,10879,0,19757,0,34392,0,57016,0,90696,0,137955,0,201451,0,281077,0,372939,0,476186,0,582241,0,683310,0,767985,0,828154,0,856870,850324,0,808250,0,740582,0,648280,0,545874,0,441790,0,341836,0,254726,0,182196,0,124444,0,82403,0,51583,0,31248,0,17922,0,10032,0,5299,0,2649,0,1265,552,0,253,0,91,0,22,0,7,0,3,0,2,0,0,0,0,0,0,0,0,0,0,0,0,0,0,0,0,0,0,0,0,1,0,0
0,0,0,0,0,0,0,0,0,0,0,0,0,0,0,0,0,0,0,0,0,0,0,0,0,1,0,5,0,8,0,36,0,101,0,273,585,0,1358,0,2695,0,5718,0,10812,0,19547,0,34315,0,56607,0,90187,0,137458,0,199765,0,280534,0,371991,0,474433,0,581530,0,681417,0,767680,0,827813,0,854893,850333,0,810019,0,739733,0,649684,0,546843,0,443017,0,343672,0,255685,0,183330,0,125564,0,83085,0,52038,0,31565,0,18515,0,10088,0,5532,0,2665,0,1293,594,0,250,0,101,0,28,0,6,0,5,0,1,0,0,0,0,0,0,0,0,0,0,0,0,0,0,0,0,0,0,0,0,1,0,0
0,0,0,0,0,0,0,0,0,0,0,0,0,0,0,0,0,0,0,0,0,0,0,0,0,1,0,6,0,9,0,34,0,94,0,266,598,0,1316,0,2742,0,5666,0,10594,0,19275,0,34199,0,56708,0,89449,0,136611,0,199474,0,278845,0,370093,0,473205,0,581111,0,680578,0,766394,0,826284,0,854193,850156,0,810300,0,740919,0,650366,0,548103,0,445279,0,344514,0,256764,0,184330,0,126516,0,83658,0,52761,0,32008,0,18767,0,10501,0,5607,0,2757,0,1307,657,0,247,0,105,0,28,0,8,0,3,0,2,0,0,0,0,0,0,0,0,0,0,0,0,0,0,0,0,0,0,0,0,1,0,0
0,0,0,0,0,0,0,0,0,0,0,0,0,0,0,0,0,0,0,0,0,0,0,0,0,0,0,8,0,7,0,34,0,96,0,267,630,0,1294,0,2645,0,5659,0,10475,0,19118,0,33893,0,56134,0,88969,0,136306,0,199175,0,277040,0,368495,0,473199,0,578095,0,680026,0,764525,0,825553,0,854818,849036,0,810078,0,742775,0,651105,0,549013,0,446432,0,346096,0,257695,0,185783,0,127634,0,84450,0,53170,0,32800,0,19037,0,10829,0,5640,0,2870,0,1433,643,0,260,0,120,0,35,0,8,0,3,0,2,0,0,0,0,0,0,0,0,0,0,0,0,0,0,0,0,0,0,0,0,1,0,0
0,0,0,0,0,0,0,0,0,0,0,0,0,0,0,0,0,0,0,0,0,0,0,0,0,0,0,6,0,10,0,29,0,94,0,268,623,0,1278,0,2677,0,5463,0,10486,0,19137,0,33369,0,55999,0,88448,0,135659,0,198577,0,275045,0,367461,0,471017,0,577494,0,678478,0,763165,0,824672,0,855900,848543,0,810590,0,742272,0,652515,0,550616,0,447446,0,346649,0,259793,0,186830,0,128948,0,84865,0,54023,0,33092,0,19504,0,11005,0,5750,0,2997,0,1471,672,0,294,0,130,0,30,0,14,0,3,0,1,0,0,0,0,0,0,0,0,0,0,0,0,0,0,0,0,0,0,0,0,1,0,0
0,0,0,0,0,0,0,0,0,0,0,0,0,0,0,0,0,0,0,0,0,0,0,0,0,0,0,4,0,15,0,24,0,96,0,254,601,0,1309,0,2657,0,5422,0,10483,0,18729,0,33432,0,55597,0,88089,0,134693,0,196978,0,275032,0,365618,0,469335,0,575878,0,677448,0,762084,0,823382,0,855324,848437,0,812083,0,742375,0,654227,0,551890,0,447118,0,349133,0,260554,0,188035,0,129934,0,86081,0,54606,0,33473,0,19930,0,11122,0,6090,0,3078,0,1559,692,0,314,0,125,0,51,0,13,0,3,0,1,0,0,0,0,0,0,0,0,0,0,0,0,0,0,0,0,0,0,0,0,1,0,0
0,0,0,0,0,0,0,0,0,0,0,0,0,0,0,0,0,0,0,0,0,0,0,0,0,1,0,1,0,18,0,28,0,71,0,249,608,0,1293,0,2619,0,5386,0,10365,0,18733,0,32993,0,55137,0,87997,0,133283,0,196179,0,273463,0,364798,0,467629,0,574225,0,676528,0,760072,0,823164,0,855851,849251,0,810728,0,742882,0,654865,0,553094,0,449187,0,350252,0,261939,0,188581,0,131324,0,87210,0,55324,0,34008,0,20346,0,11363,0,6291,0,3155,0,1619,757,0,333,0,136,0,52,0,15,0,4,0,1,0,0,0,0,0,0,0,0,0,0,0,0,0,0,0,0,0,0,0,0,1,0,0
0,0,0,0,0,0,0,0,0,0,0,0,0,0,0,0,0,0,0,0,0,0,0,0,0,1,0,1,0,12,0,32,0,69,0,239,634,0,1229,0,2670,0,5277,0,10229,0,18653,0,32737,0,54619,0,87592,0,132999,0,194329,0,271972,0,364039,0,466296,0,572349,0,673540,0,759807,0,822934,0,855273,849335,0,811234,0,743274,0,656427,0,554363,0,451143,0,350490,0,263576,0,189815,0,132080,0,88242,0,56154,0,34339,0,20820,0,11784,0,6445,0,3318,0,1623,793,0,402,0,131,0,64,0,18,0,5,0,1,0,0,0,0,0,0,0,0,0,0,0,0,0,0,0,0,0,0,0,0,1,0,0
0,0,0,0,0,0,0,0,0,0,0,0,0,0,0,0,0,0,0,0,0,0,0,0,0,1,0,3,0,7,0,28,0,92,0,215,618,0,1229,0,2648,0,5231,0,10104,0,18446,0,32611,0,54085,0,87088,0,132032,0,193646,0,270628,0,362133,0,464895,0,570772,0,672258,0,759108,0,821006,0,854716,850117,0,811473,0,745204,0,657279,0,555673,0,451686,0,352046,0,264625,0,191616,0,132376,0,88977,0,56881,0,35453,0,20936,0,12154,0,6624,0,3479,0,1738,832,0,398,0,146,0,64,0,26,0,4,0,1,0,0,0,0,0,0,0,0,0,0,0,0,0,0,0,0,0,0,0,0,1,0,0
0,0,0,0,0,0,0,0,0,0,0,0,0,0,0,0,0,0,0,0,0,0,0,0,0,2,0,1,0,8,0,26,0,85,0,229,585,0,1237,0,2665,0,5089,0,10037,0,18432,0,32213,0,53813,0,86427,0,131409,0,192409,0,269817,0,359956,0,463637,0,568829,0,670959,0,757346,0,821283,0,852613,850490,0,812005,0,746865,0,658476,0,557420,0,451942,0,354204,0,265974,0,191947,0,133941,0,89649,0,57608,0,36110,0,21362,0,12437,0,6859,0,3618,0,1843,871,0,424,0,153,0,77,0,21,0,4,0,1,0,0,0,0,0,0,0,0,0,0,0,0,0,0,0,0,0,0,0,0,1,0,0
0,0,0,0,0,0,0,0,0,0,0,0,0,0,0,0,0,0,0,0,0,0,0,0,0,2,0,1,0,8,0,26,0,89,0,236,564,0,1204,0,2581,0,5152,0,9797,0,18476,0,32032,0,53436,0,85357,0,130999,0,191513,0,268368,0,358991,0,460730,0,567987,0,669303,0,755474,0,821199,0,851521,850804,0,812318,0,747560,0,658722,0,559466,0,454691,0,354536,0,267136,0,193564,0,134947,0,90619,0,58326,0,36590,0,21981,0,12560,0,7125,0,3820,0,1922,972,0,410,0,182,0,76,0,28,0,6,0,1,0,0,0,0,0,0,0,0,0,0,0,0,0,0,0,0,0,0,0,1,0,0,0
0,0,0,0,0,0,0,0,0,0,0,0,0,0,0,0,0,0,0,0,0,0,0,0,0,1,0,2,0,10,0,27,0,92,0,208,556,0,1238,0,2604,0,5085,0,9808,0,18148,0,31605,0,53322,0,84879,0,130147,0,190735,0,266007,0,358325,0,458980,0,566115,0,667605,0,754500,0,818983,0,851470,850073,0,813576,0,748072,0,660618,0,560737,0,455697,0,356029,0,268897,0,195193,0,135544,0,91634,0,59353,0,37097,0,22293,0,13098,0,7303,0,4017,0,1965,957,0,469,0,202,0,89,0,31,0,10,0,2,0,0,0,0,0,0,0,0,0,0,0,0,0,0,0,0,0,0,0,1,0,0,0
0,0,0,0,0,0,0,0,0,0,0,0,0,0,0,0,0,0,0,0,0,0,0,0,0,1,0,3,0,11,0,26,0,90,0,228,526,0,1207,0,2582,0,5087,0,9683,0,17784,0,31614,0,52823,0,84526,0,129420,0,189435,0,265223,0,356368,0,457288,0,563234,0,666993,0,754822,0,815963,0,851081,850186,0,814404,0,749013,0,661660,0,562078,0,457229,0,357414,0,269444,0,196940,0,136787,0,92432,0,60158,0,37495,0,23002,0,13496,0,7521,0,4166,0,2098,1018,0,490,0,198,0,112,0,35,0,9,0,5,0,0,0,0,0,0,0,0,0,0,0,0,0,0,0,0,0,0,0,1,0,0,0
0,0,0,0,0,0,0,0,0,0,0,0,0,0,0,0,0,0,0,0,0,0,0,0,0,1,0,3,0,8,0,32,0,77,0,228,561,0,1196,0,2518,0,5006,0,9515,0,17880,0,31295,0,52132,0,84013,0,128424,0,188325,0,264401,0,355182,0,454696,0,562270,0,664476,0,753289,0,815376,0,851361,849359,0,814932,0,749966,0,662470,0,563369,0,458836,0,358854,0,271553,0,197607,0,138196,0,93228,0,60743,0,38336,0,23535,0,13929,0,7750,0,4255,0,2224,1078,0,532,0,228,0,97,0,45,0,16,0,4,0,1,0,0,0,0,0,0,0,0,0,0,0,0,0,0,0,0,0,1,0,0,0
0,0,0,0,0,0,0,0,0,0,0,0,0,0,0,0,0,0,0,0,0,0,0,0,0,1,0,4,0,10,0,19,0,81,0,232,525,0,1232,0,2467,0,4966,0,9512,0,17560,0,30818,0,51922,0,83193,0,127726,0,187863,0,262626,0,353190,0,454425,0,559876,0,662845,0,750516,0,815855,0,850305,848843,0,815160,0,751034,0,664363,0,564424,0,460550,0,360047,0,273276,0,198821,0,138980,0,94301,0,61730,0,38897,0,23862,0,14235,0,8240,0,4373,0,2358,1128,0,600,0,245,0,98,0,54,0,10,0,8,0,1,0,1,0,0,0,0,0,0,0,0,0,0,0,0,0,0,0,1,0,0,0
0,0,0,0,0,0,0,0,0,0,0,0,0,0,0,0,0,0,0,0,0,0,0,0,0,1,0,5,0,6,0,27,0,77,0,221,533,0,1159,0,2409,0,4948,0,9364,0,17565,0,30469,0,51886,0,82330,0,127416,0,185535,0,262069,0,351157,0,452818,0,557980,0,661448,0,749158,0,813583,0,849945,849826,0,814766,0,752154,0,665556,0,566080,0,461307,0,362598,0,274132,0,200451,0,140334,0,95141,0,62396,0,39525,0,24566,0,14625,0,8441,0,4571,0,2551,1167,0,638,0,283,0,115,0,55,0,12,0,7,0,1,0,1,0,0,0,0,0,0,0,0,0,0,0,0,0,0,0,1,0,0,0
0,0,0,0,0,0,0,0,0,0,0,0,0,0,0,0,0,0,0,0,0,0,0,0,0,1,0,3,0,10,0,21,0,81,0,241,510,0,1156,0,2417,0,4829,0,9307,0,17209,0,30658,0,51034,0,82068,0,126154,0,184840,0,260100,0,349461,0,451211,0,556990,0,658356,0,747631,0,812599,0,848877,850073,0,815276,0,753140,0,668279,0,566212,0,463344,0,364450,0,275651,0,201370,0,141329,0,96463,0,63058,0,40322,0,25145,0,14835,0,8788,0,4833,0,2624,1280,0,647,0,321,0,120,0,56,0,20,0,5,0,1,0,2,0,0,0,0,0,0,0,0,0,0,0,0,0,0,0,1,0,0,0
0,0,0,0,0,0,0,0,0,0,0,0,0,0,0,0,0,0,0,0,0,0,0,0,0,2,0,3,0,7,0,23,0,100,0,204,527,0,1158,0,2342,0,4802,0,9258,0,17103,0,30231,0,50616,0,81872,0,124886,0,183875,0,258350,0,348600,0,448609,0,554995,0,657067,0,744676,0,812365,0,847735,849907,0,817551,0,753535,0,667511,0,568992,0,465057,0,366561,0,277231,0,202383,0,142487,0,97032,0,64277,0,40846,0,25703,0,15411,0,9089,0,5067,0,2708,1418,0,679,0,327,0,128,0,69,0,18,0,12,0,1,0,2,0,0,0,0,0,0,0,0,0,0,0,0,0,0,0,1,0,0,0
0,0,0,0,0,0,0,0,0,0,0,0,0,0,0,0,0,0,0,0,0,0,0,1,0,1,0,1,0,9,0,28,0,74,0,219,515,0,1120,0,2432,0,4653,0,9117,0,16989,0,29940,0,50337,0,80925,0,124379,0,182650,0,257070,0,346001,0,447223,0,553229,0,654786,0,743780,0,809629,0,847335,851009,0,817400,0,753453,0,669794,0,570909,0,467064,0,367735,0,279160,0,203513,0,143536,0,98041,0,65305,0,41501,0,26187,0,15962,0,9292,0,5376,0,2888,1492,0,737,0,347,0,150,0,73,0,27,0,8,0,4,0,2,0,0,0,0,0,0,0,0,0,0,0,0,0,0,0,1,0,0,0
0,0,0,0,0,0,0,0,0,0,0,0,0,0,0,0,0,0,0,0,0,0,0,1,0,1,0,3,0,10,0,26,0,73,0,215,518,0,1123,0,2329,0,4619,0,9052,0,16800,0,29475,0,50133,0,80120,0,123945,0,181109,0,255801,0,344475,0,444684,0,551339,0,653042,0,741389,0,809140,0,846634,850484,0,818701,0,755099,0,669250,0,572653,0,469724,0,369339,0,280303,0,204873,0,145267,0,98671,0,66109,0,42224,0,26875,0,16482,0,9642,0,5533,0,3068,1567,0,848,0,339,0,173,0,76,0,33,0,15,0,2,0,1,0,1,0,0,0,0,0,0,0,0,0,0,0,0,0,1,0,0,0
0,0,0,0,0,0,0,0,0,0,0,0,0,0,0,0,0,0,0,0,0,0,0,1,0,0,0,4,0,9,0,26,0,75,0,212,472,0,1153,0,2272,0,4609,0,8935,0,16779,0,29048,0,49566,0,79823,0,122727,0,180031,0,254841,0,342359,0,442306,0,549929,0,650612,0,739608,0,807332,0,846479,850207,0,818565,0,755703,0,671727,0,574557,0,471527,0,371107,0,281667,0,206084,0,146630,0,100063,0,66395,0,43401,0,27260,0,17009,0,9984,0,5778,0,3184,1751,0,870,0,414,0,183,0,71,0,41,0,16,0,4,0,0,0,2,0,0,0,0,0,0,0,0,0,0,0,0,0,1,0,0,0
0,0,0,0,0,0,0,0,0,0,0,0,0,0,0,0,0,0,0,0,0,1,0,0,0,1,0,1,0,13,0,26,0,67,0,203,486,0,1098,0,2283,0,4607,0,8884,0,16478,0,28888,0,48821,0,79254,0,122338,0,178510,0,252857,0,340850,0,440451,0,546705,0,649623,0,737829,0,806033,0,846101,849726,0,818460,0,757748,0,673081,0,576337,0,472301,0,373479,0,283642,0,207440,0,147374,0,101166,0,67302,0,44248,0,27923,0,17429,0,10223,0,6150,0,3387,1851,0,925,0,470,0,195,0,74,0,45,0,16,0,5,0,1,0,2,0,0,0,0,0,0,0,0,0,0,0,0,0,1,0,0,0
0,0,0,0,0,0,0,0,0,0,0,0,0,0,0,0,0,0,0,0,0,0,0,1,0,1,0,2,0,9,0,24,0,68,0,200,478,0,1077,0,2283,0,4510,0,8842,0,16166,0,28728,0,48703,0,78250,0,121240,0,178086,0,250805,0,338849,0,438612,0,544225,0,647051,0,736859,0,803962,0,845655,848649,0,820753,0,756818,0,676186,0,577473,0,474836,0,375126,0,285094,0,208543,0,149128,0,102205,0,68251,0,44799,0,28507,0,17792,0,10706,0,6435,0,3588,1893,0,1085,0,467,0,229,0,91,0,45,0,14,0,4,0,3,0,1,0,1,0,0,0,0,0,0,0,0,0,0,0,1,0,0,0
0,0,0,0,0,0,0,0,0,0,0,0,0,0,0,0,0,0,0,0,0,0,0,1,0,1,0,2,0,10,0,20,0,65,0,188,512,0,1046,0,2258,0,4488,0,8802,0,15911,0,28473,0,48145,0,77776,0,120027,0,176803,0,249416,0,336598,0,436719,0,542792,0,644419,0,734551,0,803560,0,844362,849008,0,819991,0,759082,0,678282,0,578331,0,476610,0,376198,0,286889,0,210727,0,150041,0,103196,0,69559,0,45357,0,29181,0,18197,0,11208,0,6705,0,3793,2031,0,1134,0,532,0,231,0,113,0,40,0,19,0,4,0,3,0,1,0,0,0,0,0,0,0,0,0,0,0,0,0,1,0,0,0
0,0,0,0,0,0,0,0,0,0,0,0,0,0,0,0,0,0,0,0,0,0,0,0,0,1,0,2,0,7,0,25,0,58,0,204,468,0,1071,0,2136,0,4480,0,8609,0,15985,0,28212,0,47374,0,77174,0,118814,0,175817,0,248078,0,334448,0,434269,0,540149,0,642643,0,733467,0,802031,0,843552,848294,0,820612,0,762344,0,677454,0,581296,0,477079,0,378242,0,288859,0,212521,0,151036,0,104542,0,70187,0,46255,0,29915,0,18636,0,11613,0,6968,0,4033,2184,0,1213,0,593,0,264,0,110,0,56,0,17,0,7,0,4,0,0,0,0,0,0,0,0,0,0,0,0,0,0,0,1,0,0,0
0,0,0,0,0,0,0,0,0,0,0,0,0,0,0,0,0,0,0,0,0,0,0,0,0,1,0,4,0,4,0,16,0,75,0,172,489,0,1006,0,2158,0,4403,0,8619,0,15771,0,27872,0,47247,0,75996,0,117944,0,174847,0,245715,0,333395,0,431813,0,537915,0,640269,0,730912,0,802210,0,841058,848623,0,821143,0,763472,0,679399,0,582417,0,480103,0,379623,0,290775,0,214260,0,151654,0,105715,0,71076,0,47222,0,30573,0,19080,0,12174,0,7095,0,4286,2354,0,1271,0,665,0,309,0,126,0,48,0,22,0,9,0,3,0,0,0,0,0,0,0,0,0,0,0,0,0,0,1,0,0,0,0
0,0,0,0,0,0,0,0,0,0,0,0,0,0,0,0,0,0,0,0,0,0,0,1,0,0,0,1,0,10,0,12,0,82,0,180,448,0,998,0,2111,0,4436,0,8438,0,15718,0,27579,0,46622,0,75524,0,116595,0,173421,0,245105,0,330847,0,429123,0,535088,0,637300,0,730991,0,800319,0,839969,849329,0,822349,0,764166,0,681615,0,584673,0,482254,0,381858,0,292783,0,215500,0,153603,0,106020,0,71951,0,47717,0,30728,0,19386,0,12102,0,7348,0,4256,2380,0,1267,0,688,0,308,0,129,0,48,0,21,0,8,0,2,0,1,0,0,0,0,0,0,0,0,0,0,0,0,0,1,0,0,0
0,0,0,0,0,0,0,0,0,0,0,0,0,0,0,0,0,0,0,0,0,0,0,1,0,0,0,2,0,8,0,20,0,76,0,190,426,0,1003,0,2065,0,4293,0,8427,0,15496,0,27367,0,46353,0,74356,0,115993,0,172059,0,242807,0,329287,0,427109,0,532593,0,635457,0,728241,0,798799,0,839772,848696,0,823938,0,765648,0,683646,0,587061,0,484961,0,383687,0,294058,0,217298,0,155071,0,107395,0,72258,0,47983,0,31057,0,19660,0,12203,0,7435,0,4248,2430,0,1273,0,695,0,279,0,139,0,53,0,22,0,12,0,1,0,1,0,0,0,0,0,0,0,0,0,0,0,0,0,1,0,0,0
0,0,0,0,0,0,0,0,0,0,0,0,0,0,0,0,0,0,0,0,0,1,0,0,0,0,0,2,0,6,0,17,0,80,0,179,422,0,947,0,2081,0,4253,0,8167,0,15475,0,27150,0,45748,0,73799,0,115188,0,170222,0,241289,0,327379,0,424980,0,530112,0,633624,0,725768,0,797664,0,839508,849416,0,822742,0,768138,0,684872,0,590112,0,486699,0,386521,0,295876,0,218636,0,156497,0,108090,0,73215,0,48272,0,31344,0,19906,0,12277,0,7529,0,4251,2410,0,1340,0,671,0,292,0,142,0,65,0,24,0,8,0,1,0,1,0,0,0,0,0,0,0,0,0,0,0,0,0,1,0,0,0
0,0,0,0,0,0,0,0,0,0,0,0,0,0,0,0,0,0,0,0,0,1,0,0,0,0,0,1,0,8,0,26,0,60,0,185,404,0,956,0,2098,0,4134,0,7966,0,15431,0,26991,0,44787,0,73753,0,113868,0,169068,0,239593,0,325695,0,422577,0,528251,0,630548,0,724028,0,796827,0,838820,848481,0,824366,0,768181,0,687512,0,592615,0,488369,0,390239,0,297089,0,220305,0,157332,0,109171,0,73810,0,48638,0,31978,0,19966,0,12464,0,7430,0,4371,2471,0,1339,0,659,0,301,0,142,0,66,0,30,0,5,0,1,0,1,0,0,0,0,0,0,0,0,0,0,0,0,0,1,0,0,0
0,0,0,0,0,0,0,0,0,0,0,0,0,0,0,0,0,0,0,0,0,1,0,0,0,1,0,0,0,8,0,22,0,79,0,155,424,0,910,0,2036,0,4106,0,7960,0,15097,0,26744,0,44622,0,72795,0,113170,0,167465,0,238312,0,323934,0,420119,0,526679,0,628352,0,721013,0,793797,0,839156,849684,0,823979,0,769784,0,689975,0,593514,0,492355,0,391760,0,299389,0,221511,0,158366,0,110523,0,74508,0,49022,0,32246,0,20314,0,12545,0,7515,0,4358,2527,0,1378,0,642,0,300,0,152,0,63,0,31,0,8,0,2,0,0,0,0,0,0,0,0,0,0,0,0,0,0,0,1,0,0,0
0,0,0,0,0,0,0,0,0,0,0,0,0,0,0,0,0,0,0,0,0,1,0,1,0,0,0,0,0,10,0,18,0,79,0,162,406,0,875,0,1982,0,4045,0,8075,0,14850,0,26392,0,44367,0,72061,0,112350,0,166492,0,236154,0,321575,0,417945,0,523772,0,627880,0,717983,0,792364,0,838141,849881,0,825522,0,771817,0,690174,0,597201,0,493679,0,393830,0,301455,0,222932,0,159742,0,111414,0,75554,0,49303,0,32588,0,20462,0,12597,0,7723,0,4463,2498,0,1354,0,675,0,316,0,144,0,62,0,30,0,9,0,2,0,1,0,0,0,0,0,0,0,0,0,0,0,0,0,1,0,0,0
0,0,0,0,0,0,0,0,0,0,0,0,0,0,0,0,0,0,0,0,0,2,0,0,0,0,0,2,0,6,0,21,0,69,0,165,388,0,862,0,1990,0,4005,0,7857,0,14737,0,26011,0,43998,0,71609,0,111230,0,165013,0,235559,0,319092,0,415651,0,521014,0,624993,0,716560,0,790699,0,837848,848884,0,828083,0,771780,0,693475,0,598100,0,496575,0,395588,0,303562,0,224565,0,161405,0,112561,0,75701,0,50257,0,32585,0,20628,0,12849,0,7805,0,4500,2506,0,1368,0,681,0,326,0,140,0,67,0,24,0,9,0,2,0,1,0,0,0,0,0,0,0,0,0,0,0,0,0,1,0,0,0
0,0,0,0,0,0,0,0,0,0,0,0,0,0,0,0,0,0,0,0,0,2,0,0,0,0,0,2,0,9,0,18,0,60,0,167,392,0,852,0,1910,0,4029,0,7795,0,14446,0,25832,0,43834,0,70856,0,109897,0,164105,0,233801,0,316985,0,413784,0,518615,0,620900,0,715247,0,790988,0,835319,850218,0,828014,0,773899,0,695447,0,600231,0,498883,0,397478,0,305014,0,226095,0,163129,0,113488,0,76649,0,50752,0,32747,0,21130,0,12772,0,7848,0,4615,2543,0,1335,0,716,0,324,0,136,0,61,0,25,0,10,0,3,0,1,0,0,0,0,0,0,0,0,0,0,0,0,0,1,0,0,0
0,0,0,0,0,0,0,0,0,0,0,0,0,0,0,0,0,0,0,0,0,1,0,1,0,0,0,1,0,5,0,20,0,63,0,158,375,0,864,0,1926,0,3938,0,7693,0,14284,0,25636,0,43383,0,70252,0,109072,0,162656,0,232400,0,314812,0,411841,0,515758,0,619009,0,713374,0,789357,0,834596,850176,0,827494,0,775736,0,697227,0,603153,0,500799,0,399695,0,306685,0,228238,0,164816,0,113939,0,77350,0,51625,0,33170,0,21175,0,12939,0,7874,0,4618,2528,0,1431,0,700,0,319,0,141,0,59,0,32,0,11,0,2,0,1,0,0,0,0,0,0,0,0,0,0,0,0,0,1,0,0,0
0,0,0,0,0,0,0,0,0,0,0,0,0,0,0,0,0,0,0,0,0,1,0,0,0,1,0,1,0,5,0,21,0,58,0,158,378,0,864,0,1883,0,3881,0,7614,0,14207,0,25124,0,42988,0,69486,0,108294,0,161107,0,230622,0,313736,0,409344,0,513443,0,616229,0,711698,0,788613,0,833085,849637,0,829657,0,775173,0,699603,0,605564,0,502678,0,402115,0,309045,0,229602,0,166130,0,115320,0,78247,0,51956,0,33500,0,21332,0,13111,0,7918,0,4675,2626,0,1383,0,684,0,358,0,149,0,63,0,24,0,11,0,5,0,1,0,0,0,0,0,0,0,0,0,0,0,0,0,1,0,0,0
0,0,0,0,0,0,0,0,0,0,0,0,0,0,0,0,0,0,0,0,0,0,0,1,0,0,0,2,0,5,0,22,0,63,0,136,389,0,855,0,1842,0,3832,0,7497,0,14034,0,25001,0,42436,0,69091,0,107311,0,159695,0,228873,0,311341,0,407396,0,511271,0,614827,0,710699,0,784105,0,834606,848978,0,827814,0,777506,0,701338,0,607914,0,505520,0,404257,0,311692,0,230904,0,167703,0,116322,0,78759,0,52571,0,34031,0,21506,0,13178,0,8021,0,4684,2646,0,1418,0,713,0,335,0,167,0,49,0,36,0,11,0,4,0,1,0,0,0,0,0,0,0,0,0,0,0,0,0,1,0,0,0
0,0,0,0,0,0,0,0,0,0,0,0,0,0,0,0,0,0,0,0,0,0,0,1,0,1,0,2,0,4,0,28,0,55,0,136,375,0,893,0,1813,0,3747,0,7445,0,13779,0,24721,0,41989,0,68543,0,105933,0,158971,0,226321,0,310397,0,404193,0,509016,0,613529,0,707023,0,783818,0,832917,849261,0,829104,0,778853,0,702387,0,610252,0,508686,0,406260,0,313246,0,233295,0,169008,0,116837,0,79798,0,52910,0,34453,0,21779,0,13268,0,8189,0,4768,2623,0,1440,0,744,0,333,0,168,0,53,0,28,0,10,0,4,0,1,0,0,0,0,0,0,0,0,0,0,0,0,0,1,0,0,0
0,0,0,0,0,0,0,0,0,0,0,0,0,0,0,0,0,0,0,0,0,0,0,1,0,0,0,2,0,10,0,20,0,62,0,148,361,0,862,0,1801,0,3635,0,7403,0,13693,0,24403,0,41684,0,67680,0,105174,0,157084,0,225538,0,307867,0,402195,0,506845,0,610759,0,705706,0,781421,0,832734,849181,0,829150,0,779910,0,704202,0,613733,0,510029,0,408948,0,315217,0,235073,0,169500,0,118735,0,80568,0,53430,0,34732,0,21945,0,13476,0,8234,0,4733,2703,0,1449,0,735,0,368,0,164,0,59,0,30,0,12,0,3,0,1,0,0,0,0,0,0,0,0,0,0,0,0,0,1,0,0,0
0,0,0,0,0,0,0,0,0,0,0,0,0,0,0,0,0,0,0,0,0,0,0,1,0,0,0,2,0,7,0,25,0,59,0,149,366,0,798,0,1808,0,3697,0,7237,0,13528,0,24175,0,40975,0,67057,0,104214,0,155864,0,224283,0,305819,0,399259,0,504949,0,608726,0,703092,0,779708,0,831824,848576,0,830994,0,780269,0,708468,0,613731,0,512071,0,411184,0,318304,0,236965,0,170184,0,119925,0,81476,0,54032,0,35051,0,22206,0,13652,0,8225,0,4973,2653,0,1464,0,755,0,355,0,159,0,67,0,31,0,11,0,4,0,1,0,0,0,0,0,0,0,0,0,0,0,0,0,1,0,0,0
0,0,0,0,0,0,0,0,0,0,0,0,0,0,0,0,0,0,0,0,0,0,0,1,0,0,0,4,0,4,0,20,0,65,0,152,333,0,782,0,1713,0,3715,0,7275,0,13420,0,23849,0,40556,0,66164,0,103607,0,154947,0,222374,0,303202,0,398358,0,502021,0,607146,0,700115,0,778440,0,830384,847850,0,831761,0,782494,0,709109,0,615910,0,514794,0,413185,0,320372,0,238837,0,171785,0,121207,0,82513,0,54465,0,35419,0,22415,0,13674,0,8445,0,4935,2718,0,1471,0,768,0,366,0,159,0,65,0,30,0,8,0,5,0,1,0,0,0,0,0,0,0,0,0,0,0,0,0,1,0,0,0
0,0,0,0,0,0,0,0,0,0,0,0,0,0,0,0,0,0,0,0,0,0,0,1,0,0,0,2,0,6,0,26,0,59,0,144,329,0,777,0,1666,0,3663,0,7261,0,13271,0,23455,0,40142,0,65898,0,102382,0,154156,0,220558,0,301061,0,396860,0,498863,0,605070,0,697440,0,777243,0,829282,847461,0,832179,0,784448,0,710971,0,617991,0,516478,0,415792,0,321961,0,240419,0,174370,0,121967,0,83267,0,55156,0,35553,0,22697,0,13932,0,8561,0,4951,2755,0,1498,0,762,0,337,0,172,0,71,0,26,0,14,0,4,0,0,0,0,0,0,0,0,0,0,0,0,0,0,0,1,0,0,0
0,0,0,0,0,0,0,0,0,0,0,0,0,0,0,0,0,0,0,0,0,0,0,1,0,0,0,3,0,6,0,18,0,56,0,133,351,0,763,0,1708,0,3600,0,7036,0,13137,0,23290,0,39586,0,65391,0,101764,0,152679,0,218701,0,299346,0,394602,0,497704,0,600883,0,696452,0,775684,0,827091,846732,0,833354,0,785671,0,713580,0,619417,0,519415,0,417348,0,324466,0,242931,0,175287,0,123082,0,84094,0,55575,0,36088,0,22864,0,14120,0,8641,0,5064,2793,0,1496,0,742,0,378,0,172,0,75,0,27,0,7,0,4,0,0,0,0,0,0,0,0,0,0,0,0,0,0,0,1,0,0,0
0,0,0,0,0,0,0,0,0,0,0,0,0,0,0,0,0,0,0,0,0,0,0,1,0,0,0,5,0,1,0,25,0,41,0,139,332,0,793,0,1671,0,3503,0,6984,0,12907,0,23107,0,39347,0,64683,0,100767,0,151232,0,217405,0,297058,0,391934,0,496077,0,598852,0,693940,0,774007,0,826347,845810,0,834542,0,786558,0,715619,0,622711,0,520268,0,420539,0,326026,0,244502,0,177352,0,124047,0,84613,0,56029,0,36721,0,23104,0,14155,0,8763,0,5069,2872,0,1529,0,737,0,406,0,172,0,74,0,22,0,6,0,4,0,0,0,0,0,0,0,0,0,0,0,0,0,0,0,1,0,0,0
0,0,0,0,0,0,0,0,0,0,0,0,0,0,0,0,0,0,0,0,0,0,0,1,0,2,0,2,0,3,0,26,0,44,0,132,319,0,802,0,1631,0,3520,0,6833,0,12678,0,22963,0,38863,0,63891,0,100253,0,150076,0,215681,0,295322,0,389774,0,492913,0,596292,0,692550,0,770865,0,826460,847499,0,833275,0,788797,0,716331,0,624457,0,523681,0,421963,0,328317,0,247051,0,177881,0,125700,0,85177,0,56690,0,37018,0,23430,0,14354,0,8796,0,5178,2869,0,1609,0,754,0,388,0,193,0,71,0,22,0,6,0,4,0,1,0,0,0,0,0,0,0,0,0,0,0,0,0,1,0,0,0
0,0,0,0,0,0,0,0,0,0,0,0,0,0,0,0,0,0,0,0,0,0,0,1,0,2,0,2,0,4,0,26,0,42,0,131,346,0,725,0,1624,0,3471,0,6716,0,12683,0,22629,0,38632,0,63138,0,99104,0,149240,0,213894,0,294049,0,387519,0,489629,0,594459,0,689352,0,769576,0,825236,846546,0,835089,0,789963,0,718233,0,626121,0,526025,0,424757,0,329858,0,248567,0,180632,0,126237,0,85936,0,57544,0,37340,0,23737,0,14553,0,8810,0,5186,2982,0,1563,0,801,0,406,0,180,0,71,0,28,0,8,0,4,0,1,0,0,0,0,0,0,0,0,0,0,0,0,0,1,0,0,0
0,0,0,0,0,0,0,0,0,0,0,0,0,0,0,0,0,0,0,0,0,0,0,1,0,2,0,1,0,2,0,18,0,53,0,124,319,0,738,0,1588,0,3395,0,6690,0,12509,0,22472,0,37916,0,62966,0,98126,0,148140,0,212387,0,291636,0,385327,0,487950,0,590824,0,687735,0,767648,0,823667,847683,0,834467,0,791173,0,720241,0,628590,0,527709,0,426666,0,333147,0,250327,0,181323,0,128259,0,86896,0,57799,0,37988,0,23880,0,14690,0,8931,0,5267,3050,0,1596,0,821,0,377,0,182,0,68,0,30,0,8,0,5,0,1,0,0,0,0,0,0,0,0,0,0,0,0,0,1,0,0,0
0,0,0,0,0,0,0,0,0,0,0,0,0,0,0,0,0,0,0,0,0,0,0,1,0,3,0,0,0,5,0,11,0,51,0,128,313,0,729,0,1519,0,3342,0,6730,0,12389,0,22074,0,37480,0,62059,0,97624,0,146888,0,210576,0,290264,0,383177,0,485518,0,587603,0,685969,0,766886,0,822369,846443,0,835800,0,791486,0,722094,0,631381,0,529911,0,428981,0,334803,0,252293,0,183607,0,128994,0,87526,0,58500,0,38398,0,24051,0,14906,0,8942,0,5327,3118,0,1620,0,831,0,405,0,173,0,73,0,25,0,7,0,3,0,2,0,0,0,0,0,0,0,0,0,0,0,0,0,1,0,0,0
0,0,0,0,0,0,0,0,0,0,0,0,0,0,0,0,0,0,0,0,0,0,0,0,0,2,0,2,0,3,0,10,0,52,0,119,343,0,690,0,1540,0,3237,0,6596,0,12388,0,21719,0,37359,0,61259,0,97039,0,145261,0,209299,0,288107,0,382193,0,482204,0,586654,0,681475,0,765414,0,822184,845202,0,835702,0,793356,0,722948,0,633405,0,533209,0,431642,0,337672,0,253163,0,185148,0,130403,0,88738,0,58910,0,38293,0,24636,0,14949,0,9198,0,5408,3070,0,1613,0,900,0,419,0,160,0,78,0,23,0,7,0,5,0,2,0,0,0,0,0,0,0,0,0,0,0,0,0,1,0,0,0
0,0,0,0,0,0,0,0,0,0,0,0,0,0,0,0,0,0,0,0,0,0,0,0,0,1,0,3,0,3,0,13,0,41,0,141,310,0,714,0,1485,0,3237,0,6500,0,12078,0,21619,0,36932,0,60943,0,95770,0,144562,0,207217,0,286728,0,379486,0,479966,0,583735,0,679896,0,763506,0,820683,845223,0,835887,0,794985,0,725203,0,634934,0,535075,0,434867,0,339089,0,255180,0,186552,0,132008,0,89391,0,59417,0,39099,0,24472,0,15372,0,9177,0,5588,3032,0,1665,0,897,0,438,0,178,0,70,0,21,0,15,0,2,0,2,0,0,0,0,0,0,0,0,0,0,0,0,0,1,0,0,0
0,0,0,0,0,0,0,0,0,0,0,0,0,0,0,0,0,0,0,0,0,0,0,0,0,1,0,2,0,5,0,15,0,44,0,141,304,0,698,0,1507,0,3193,0,6331,0,11989,0,21289,0,36373,0,60572,0,95029,0,143595,0,205841,0,284418,0,376902,0,477907,0,580983,0,678824,0,760880,0,819291,845166,0,836017,0,796153,0,727420,0,637019,0,537100,0,437319,0,340895,0,257830,0,188082,0,132159,0,90489,0,60689,0,39297,0,24793,0,15533,0,9386,0,5519,3081,0,1678,0,915,0,448,0,173,0,64,0,34,0,12,0,1,0,2,0,0,0,0,0,0,0,0,0,0,0,0,0,1,0,0,0
0,0,0,0,0,0,0,0,0,0,0,0,0,0,0,0,0,0,0,0,0,0,0,0,0,0,0,4,0,2,0,13,0,47,0,136,305,0,711,0,1487,0,3156,0,6253,0,11768,0,21141,0,36233,0,59670,0,94463,0,141685,0,204361,0,282672,0,374402,0,476272,0,579194,0,675915,0,758746,0,817332,845640,0,837180,0,796079,0,729077,0,639481,0,540195,0,438879,0,343191,0,260491,0,189185,0,133477,0,91299,0,61046,0,39721,0,25284,0,15677,0,9412,0,5613,3123,0,1719,0,924,0,443,0,191,0,68,0,27,0,15,0,1,0,2,0,0,0,0,0,0,0,0,0,0,0,0,0,1,0,0,0
0,0,0,0,0,0,0,0,0,0,0,0,0,0,0,0,0,0,0,0,0,0,0,0,0,0,0,2,0,7,0,17,0,38,0,120,322,0,691,0,1462,0,3156,0,6167,0,11521,0,20856,0,35929,0,59559,0,93456,0,140342,0,203079,0,280757,0,372365,0,473049,0,575880,0,674996,0,757702,0,816571,844236,0,835644,0,799163,0,730619,0,641744,0,542055,0,441464,0,346024,0,261540,0,191315,0,134063,0,92477,0,61569,0,40141,0,25755,0,15803,0,9612,0,5507,3228,0,1734,0,928,0,419,0,212,0,67,0,29,0,10,0,5,0,1,0,0,0,0,0,0,0,0,0,0,0,0,0,1,0,0,0
0,0,0,0,0,0,0,0,0,0,0,0,0,0,0,0,0,0,0,0,0,0,0,0,0,0,0,3,0,7,0,16,0,31,0,127,282,0,681,0,1513,0,3098,0,6026,0,11297,0,20575,0,35793,0,58704,0,92728,0,139289,0,201707,0,279574,0,368989,0,470167,0,574452,0,672455,0,756380,0,815023,843216,0,837099,0,798600,0,733202,0,644761,0,543726,0,444069,0,348377,0,263052,0,192738,0,135536,0,93271,0,62208,0,40552,0,26021,0,16079,0,9674,0,5649,3192,0,1772,0,928,0,448,0,212,0,64,0,30,0,11,0,3,0,1,0,0,0,0,0,0,0,0,0,0,0,0,0,1,0,0,0
0,0,0,0,0,0,0,0,0,0,0,0,0,0,0,0,0,0,0,0,0,0,0,0,0,2,0,3,0,5,0,13,0,49,0,105,267,0,679,0,1512,0,2998,0,6017,0,11133,0,20290,0,35368,0,58334,0,91536,0,139033,0,199828,0,277070,0,367566,0,466556,0,572242,0,671725,0,752818,0,814792,842886,0,838026,0,798325,0,735298,0,647108,0,546973,0,446018,0,350779,0,264089,0,194189,0,136701,0,93908,0,63324,0,40846,0,26308,0,16388,0,9815,0,5738,3261,0,1748,0,939,0,451,0,234,0,75,0,25,0,11,0,3,0,1,0,0,0,0,0,0,0,0,0,0,0,0,0,1,0,0,0
0,0,0,0,0,0,0,0,0,0,0,0,0,0,0,0,0,0,0,0,0,0,0,1,0,1,0,3,0,3,0,19,0,42,0,116,239,0,703,0,1469,0,2995,0,5919,0,10929,0,20243,0,34861,0,57719,0,90413,0,138163,0,198684,0,274502,0,365253,0,464907,0,570562,0,667909,0,752124,0,812386,843078,0,838299,0,800547,0,735767,0,649201,0,549841,0,448263,0,352153,0,267039,0,195086,0,138296,0,94804,0,63766,0,41430,0,26508,0,16645,0,9889,0,5824,3294,0,1785,0,925,0,460,0,221,0,88,0,18,0,9,0,6,0,1,0,0,0,0,0,0,0,0,0,0,0,0,0,1,0,0,0
0,0,0,0,0,0,0,0,0,0,0,0,0,0,0,0,0,0,0,0,0,0,0,1,0,0,0,4,0,5,0,15,0,54,0,107,257,0,693,0,1427,0,2849,0,5760,0,11076,0,19925,0,34591,0,56677,0,89942,0,136655,0,197493,0,272877,0,362952,0,462437,0,567132,0,666260,0,749866,0,811442,842089,0,839491,0,801865,0,737512,0,650736,0,552606,0,450275,0,354992,0,268528,0,197209,0,139093,0,96015,0,63894,0,42054,0,26963,0,16720,0,10050,0,5899,3363,0,1798,0,931,0,474,0,219,0,92,0,28,0,9,0,4,0,2,0,0,0,0,0,0,0,0,0,0,0,0,0,1,0,0,0
0,0,0,0,0,0,0,0,0,0,0,0,0,0,0,0,0,0,0,0,0,0,0,0,0,1,0,3,0,5,0,22,0,51,0,101,262,0,623,0,1437,0,2847,0,5717,0,10875,0,19895,0,34123,0,56122,0,89029,0,135191,0,195818,0,271009,0,361115,0,460676,0,564116,0,663147,0,748964,0,810032,841936,0,838140,0,803370,0,740526,0,652875,0,554195,0,453142,0,356916,0,270023,0,199159,0,140925,0,96212,0,65187,0,42169,0,27289,0,16892,0,10272,0,6018,3352,0,1871,0,942,0,473,0,208,0,88,0,32,0,9,0,5,0,1,0,0,0,0,0,0,0,0,0,0,0,0,0,1,0,0,0
0,0,0,0,0,0,0,0,0,0,0,0,0,0,0,0,0,0,0,0,0,0,0,0,0,2,0,1,0,5,0,21,0,50,0,100,296,0,587,0,1399,0,2789,0,5716,0,10600,0,19555,0,34021,0,55763,0,88178,0,133725,0,194424,0,268430,0,359277,0,458137,0,562024,0,662002,0,746659,0,808069,841216,0,838451,0,804958,0,741396,0,655989,0,555782,0,456308,0,358561,0,271986,0,200523,0,142440,0,97606,0,65093,0,43098,0,27612,0,17000,0,10430,0,6097,3371,0,1903,0,921,0,489,0,212,0,89,0,31,0,12,0,2,0,2,0,0,0,0,0,0,0,0,0,0,0,0,0,1,0,0,0
0,0,0,0,0,0,0,0,0,0,0,0,0,0,0,0,0,0,0,0,0,0,0,0,0,0,0,3,0,9,0,25,0,44,0,95,263,0,593,0,1381,0,2846,0,5488,0,10676,0,19152,0,33601,0,55356,0,87353,0,133021,0,192245,0,267375,0,356671,0,455939,0,559577,0,659650,0,743661,0,808237,839302,0,839994,0,804867,0,743567,0,657592,0,559134,0,458021,0,360785,0,274237,0,201731,0,143772,0,98823,0,65908,0,43473,0,27757,0,17352,0,10617,0,6123,3419,0,1909,0,934,0,480,0,208,0,92,0,34,0,12,0,3,0,1,0,0,0,0,0,0,0,0,0,0,0,0,0,0,1,0,0
0,0,0,0,0,0,0,0,0,0,0,0,0,0,0,0,0,0,0,0,0,0,0,0,0,1,0,3,0,8,0,21,0,50,0,105,225,0,580,0,1362,0,2752,0,5517,0,10606,0,18885,0,33107,0,54960,0,86336,0,131312,0,191579,0,265199,0,354795,0,453808,0,557629,0,656422,0,742640,0,805700,838195,0,840056,0,806860,0,745058,0,659116,0,562692,0,460087,0,362850,0,276385,0,203741,0,144540,0,99913,0,66655,0,43775,0,28031,0,17756,0,10698,0,6086,3527,0,1952,0,989,0,492,0,202,0,102,0,33,0,10,0,4,0,1,0,0,0,0,0,0,0,0,0,0,0,0,0,0,1,0,0
0,0,0,0,0,0,0,0,0,0,0,0,0,0,0,0,0,0,0,0,0,0,0,0,0,1,0,4,0,7,0,14,0,57,0,95,248,0,523,0,1306,0,2774,0,5544,0,10365,0,18711,0,32678,0,54149,0,85743,0,130441,0,189841,0,263524,0,352936,0,451389,0,554373,0,655369,0,739874,0,804630,837623,0,841263,0,806748,0,745889,0,661693,0,564777,0,462364,0,365833,0,278444,0,204719,0,146330,0,100450,0,67607,0,44531,0,28286,0,17787,0,10781,0,6252,3628,0,1918,0,1033,0,488,0,235,0,81,0,38,0,11,0,2,0,1,0,0,0,0,0,0,0,0,0,0,0,0,0,0,1,0,0
0,0,0,0,0,0,0,0,0,0,0,0,0,0,0,0,0,0,0,0,0,0,0,1,0,0,0,2,0,9,0,16,0,47,0,89,235,0,577,0,1269,0,2756,0,5429,0,10209,0,18460,0,32426,0,53653,0,85132,0,129019,0,188352,0,261777,0,350496,0,449544,0,551510,0,652210,0,738387,0,802743,838239,0,840769,0,808807,0,746863,0,663841,0,566474,0,465220,0,368042,0,281103,0,206199,0,147247,0,101234,0,68514,0,45085,0,28466,0,18071,0,10977,0,6327,3665,0,2016,0,1000,0,541,0,216,0,95,0,34,0,12,0,2,0,1,0,0,0,0,0,0,0,0,0,0,0,0,0,0,1,0,0
0,0,0,0,0,0,0,0,0,0,0,0,0,0,0,0,0,0,0,0,0,0,0,1,0,0,0,3,0,8,0,13,0,41,0,94,231,0,566,0,1246,0,2706,0,5241,0,10073,0,18397,0,31963,0,53001,0,84274,0,127836,0,187302,0,259856,0,348841,0,446468,0,550324,0,648849,0,736513,0,801430,836733,0,843089,0,809773,0,747040,0,666010,0,568959,0,467719,0,369747,0,282800,0,208301,0,148566,0,102556,0,68935,0,45471,0,28819,0,18335,0,11101,0,6552,3649,0,2047,0,1028,0,524,0,227,0,92,0,41,0,14,0,2,0,1,0,0,0,0,0,0,0,0,0,0,0,0,0,0,1,0,0
0,0,0,0,0,0,0,0,0,0,0,0,0,0,0,0,0,0,0,0,0,0,0,0,0,1,0,2,0,7,0,13,0,37,0,94,249,0,566,0,1239,0,2594,0,5288,0,9882,0,18129,0,31726,0,52516,0,83519,0,126727,0,185171,0,258633,0,347094,0,443598,0,548008,0,646832,0,734427,0,800012,836925,0,841082,0,811700,0,748350,0,668379,0,571571,0,469529,0,372735,0,284412,0,210027,0,149688,0,103436,0,69952,0,45842,0,29146,0,18514,0,11369,0,6621,3673,0,2085,0,1073,0,552,0,236,0,91,0,39,0,14,0,2,0,1,0,0,0,0,0,0,0,0,0,0,0,0,0,0,1,0,0
0,0,0,0,0,0,0,0,0,0,0,0,0,0,0,0,0,0,0,0,0,0,0,0,0,1,0,0,0,5,0,16,0,36,0,92,228,0,581,0,1211,0,2652,0,5080,0,9830,0,17997,0,31260,0,51954,0,82923,0,125160,0,183911,0,257513,0,344514,0,442229,0,544163,0,645417,0,732089,0,797415,837506,0,840897,0,810963,0,752151,0,670153,0,573691,0,472914,0,373948,0,286323,0,211968,0,150804,0,104433,0,70777,0,46234,0,29715,0,18455,0,11530,0,6812,3749,0,2080,0,1086,0,558,0,231,0,100,0,36,0,14,0,1,0,2,0,0,0,0,0,0,0,0,0,0,0,0,0,1,0,0,0
0,0,0,0,0,0,0,0,0,0,0,0,0,0,0,0,0,0,0,0,0,0,0,1,0,0,0,0,0,2,0,17,0,46,0,82,241,0,545,0,1191,0,2581,0,4972,0,9762,0,17813,0,30793,0,51615,0,82148,0,124360,0,182194,0,255319,0,343158,0,438715,0,541840,0,643725,0,730002,0,797718,835258,0,840775,0,812839,0,752838,0,672416,0,575398,0,475272,0,376101,0,288920,0,213010,0,152370,0,105884,0,71224,0,47004,0,29890,0,18854,0,11571,0,6941,3853,0,2106,0,1086,0,568,0,238,0,100,0,35,0,14,0,1,0,2,0,0,0,0,0,0,0,0,0,0,0,0,0,1,0,0,0
0,0,0,0,0,0,0,0,0,0,0,0,0,0,0,0,0,0,0,0,0,1,0,0,0,0,0,0,0,3,0,17,0,33,0,100,221,0,551,0,1219,0,2458,0,4986,0,9552,0,17689,0,30605,0,50891,0,81230,0,123317,0,180941,0,253929,0,340150,0,436589,0,540229,0,640044,0,728566,0,796092,834550,0,840178,0,815264,0,754631,0,673328,0,578418,0,477078,0,378720,0,290866,0,214761,0,153550,0,106847,0,72168,0,47411,0,30277,0,19198,0,11711,0,6904,3893,0,2141,0,1151,0,543,0,256,0,97,0,32,0,19,0,1,0,2,0,0,0,0,0,0,0,0,0,0,0,0,0,1,0,0,0
0,0,0,0,0,0,0,0,0,0,0,0,0,0,0,0,0,0,0,0,0,0,0,1,0,0,0,0,0,4,0,13,0,42,0,77,243,0,523,0,1149,0,2509,0,4952,0,9327,0,17419,0,30239,0,50540,0,79952,0,122779,0,180189,0,251688,0,337563,0,434710,0,537073,0,638251,0,726967,0,795346,833077,0,840133,0,815499,0,756926,0,674901,0,580340,0,480452,0,380727,0,292667,0,216016,0,155279,0,107848,0,73159,0,47602,0,30891,0,19200,0,11806,0,7051,3992,0,2179,0,1143,0,550,0,249,0,107,0,37,0,15,0,4,0,2,0,0,0,0,0,0,0,0,0,0,0,0,0,1,0,0,0
0,0,0,0,0,0,0,0,0,0,0,0,0,0,0,0,0,0,0,0,0,0,0,1,0,0,0,2,0,3,0,13,0,30,0,85,248,0,496,0,1170,0,2428,0,4824,0,9313,0,17219,0,29916,0,49932,0,79491,0,121464,0,178204,0,250020,0,335180,0,433330,0,534685,0,635461,0,724561,0,793713,832653,0,840853,0,815776,0,757705,0,677712,0,583215,0,482452,0,383733,0,293446,0,218391,0,156585,0,108734,0,73762,0,48431,0,31087,0,19601,0,11974,0,7109,4049,0,2187,0,1175,0,586,0,234,0,108,0,39,0,12,0,8,0,2,0,0,0,0,0,0,0,0,0,0,0,0,0,1,0,0,0
0,0,0,0,0,0,0,0,0,0,0,0,0,0,0,0,0,0,0,0,0,0,0,1,0,1,0,0,0,6,0,12,0,28,0,80,235,0,518,0,1116,0,2321,0,4827,0,9312,0,17011,0,29585,0,49189,0,78605,0,120843,0,176865,0,247528,0,333863,0,430801,0,532870,0,632340,0,722240,0,792609,831832,0,841239,0,815808,0,759633,0,680466,0,584829,0,485155,0,385905,0,295814,0,219945,0,157693,0,109735,0,74366,0,48904,0,31567,0,19846,0,12195,0,7173,4045,0,2268,0,1179,0,594,0,244,0,106,0,37,0,16,0,6,0,2,0,0,0,0,0,0,0,0,0,0,0,0,0,1,0,0,0
0,0,0,0,0,0,0,0,0,0,0,0,0,0,0,0,0,0,0,0,0,0,0,1,0,0,0,2,0,8,0,8,0,33,0,81,227,0,528,0,1072,0,2346,0,4787,0,9177,0,16769,0,29304,0,48810,0,77906,0,119558,0,174825,0,245806,0,331833,0,428756,0,530545,0,631653,0,718514,0,790364,832123,0,841120,0,817685,0,761069,0,682226,0,587440,0,485671,0,389014,0,298304,0,220944,0,159514,0,110808,0,75002,0,49559,0,31805,0,19977,0,12382,0,7264,4140,0,2261,0,1168,0,602,0,260,0,91,0,40,0,20,0,4,0,2,0,0,0,0,0,0,0,0,0,0,0,0,0,1,0,0,0
0,0,0,0,0,0,0,0,0,0,0,0,0,0,0,0,0,0,0,0,0,0,0,0,0,1,0,2,0,6,0,14,0,26,0,96,204,0,490,0,1072,0,2293,0,4774,0,9105,0,16638,0,28709,0,48204,0,77492,0,118568,0,173651,0,243483,0,329698,0,426287,0,527772,0,630065,0,716938,0,788865,831307,0,841757,0,818271,0,762606,0,683995,0,588384,0,489258,0,390403,0,300568,0,223302,0,160210,0,112098,0,75675,0,50093,0,32202,0,20277,0,12401,0,7434,4097,0,2377,0,1202,0,603,0,276,0,94,0,42,0,15,0,6,0,1,0,1,0,0,0,0,0,0,0,0,0,0,0,1,0,0,0
0,0,0,0,0,0,0,0,0,0,0,0,0,0,0,0,0,0,0,0,0,0,0,0,0,1,0,2,0,5,0,12,0,36,0,86,209,0,447,0,1106,0,2279,0,4777,0,8944,0,16369,0,28467,0,47455,0,76759,0,117846,0,171728,0,242140,0,328006,0,422327,0,526468,0,627282,0,716077,0,785467,831193,0,842166,0,818842,0,764076,0,686324,0,591665,0,490901,0,392585,0,302841,0,224984,0,161491,0,112806,0,76650,0,50573,0,32595,0,20657,0,12376,0,7445,4336,0,2316,0,1261,0,579,0,285,0,103,0,38,0,17,0,7,0,0,0,1,0,0,0,0,0,0,0,0,0,0,0,1,0,0,0
0,0,0,0,0,0,0,0,0,0,0,0,0,0,0,0,0,0,0,0,0,0,0,1,0,2,0,1,0,6,0,11,0,34,0,81,202,0,477,0,1030,0,2307,0,4684,0,8967,0,16070,0,28065,0,47112,0,76039,0,116549,0,170450,0,241287,0,324324,0,420919,0,523819,0,623966,0,714658,0,785216,829159,0,842132,0,819728,0,766366,0,687320,0,594808,0,493200,0,395020,0,304273,0,226745,0,163099,0,113777,0,77326,0,51318,0,32914,0,20679,0,12691,0,7539,4359,0,2364,0,1238,0,628,0,268,0,113,0,42,0,17,0,6,0,1,0,1,0,0,0,0,0,0,0,0,0,0,0,1,0,0,0
0,0,0,0,0,0,0,0,0,0,0,0,0,0,0,0,0,0,0,0,0,0,0,2,0,1,0,2,0,4,0,14,0,26,0,87,184,0,461,0,1056,0,2276,0,4645,0,8868,0,15837,0,27785,0,46615,0,75101,0,115889,0,169362,0,238206,0,323742,0,418601,0,520731,0,622561,0,713041,0,782127,828312,0,842082,0,821267,0,767834,0,688940,0,597089,0,495828,0,397091,0,306669,0,228138,0,164014,0,114929,0,78581,0,51512,0,33356,0,20845,0,12847,0,7711,4335,0,2442,0,1268,0,618,0,284,0,121,0,42,0,21,0,7,0,0,0,1,0,0,0,0,0,0,0,0,0,0,0,1,0,0,0
0,0,0,0,0,0,0,0,0,0,0,0,0,0,0,0,0,0,0,0,0,0,0,1,0,2,0,2,0,2,0,17,0,31,0,73,179,0,455,0,1037,0,2230,0,4532,0,8635,0,15727,0,27899,0,45805,0,74222,0,115042,0,168126,0,236777,0,321161,0,416412,0,518154,0,620016,0,710692,0,782020,827060,0,841588,0,820881,0,769371,0,691812,0,599254,0,498359,0,399874,0,308745,0,229169,0,165967,0,115676,0,79136,0,52292,0,33766,0,21136,0,13161,0,7596,4449,0,2510,0,1247,0,622,0,302,0,116,0,43,0,21,0,4,0,2,0,0,0,0,0,0,0,0,0,0,0,0,0,1,0,0,0
0,0,0,0,0,0,0,0,0,0,0,0,0,0,0,0,0,0,0,0,0,0,0,1,0,2,0,1,0,5,0,14,0,36,0,60,167,0,452,0,1042,0,2173,0,4456,0,8546,0,15717,0,27238,0,45824,0,73388,0,113512,0,166913,0,235623,0,319274,0,413219,0,515586,0,618285,0,708473,0,780251,826793,0,840811,0,822099,0,770597,0,693909,0,600565,0,501642,0,402619,0,310113,0,231652,0,166926,0,116918,0,79746,0,52942,0,34006,0,21323,0,13278,0,7869,4410,0,2539,0,1251,0,649,0,283,0,131,0,51,0,20,0,7,0,1,0,0,0,0,0,0,0,0,0,0,0,0,0,1,0,0,0
0,0,0,0,0,0,0,0,0,0,0,0,0,0,0,0,0,0,0,0,0,0,0,0,0,2,0,2,0,5,0,13,0,35,0,61,179,0,444,0,1000,0,2104,0,4305,0,8564,0,15392,0,27124,0,45324,0,72692,0,112369,0,165732,0,233535,0,316886,0,411876,0,513590,0,615256,0,706511,0,778881,825871,0,840623,0,823007,0,771540,0,696178,0,603765,0,503062,0,404118,0,312543,0,233556,0,168645,0,117799,0,80675,0,53281,0,34493,0,21622,0,13347,0,8022,4380,0,2580,0,1253,0,664,0,295,0,125,0,59,0,13,0,9,0,1,0,0,0,0,0,0,0,0,0,0,0,0,0,1,0,0,0
0,0,0,0,0,0,0,0,0,0,0,0,0,0,0,0,0,0,0,0,0,0,0,0,0,1,0,4,0,3,0,19,0,26,0,66,172,0,454,0,993,0,2076,0,4254,0,8373,0,15231,0,26707,0,44802,0,72363,0,111504,0,163667,0,232067,0,315204,0,409539,0,510507,0,612675,0,706236,0,777741,824772,0,839913,0,823624,0,773214,0,697808,0,605866,0,505754,0,405701,0,315360,0,234571,0,170264,0,119044,0,80973,0,54105,0,34695,0,21889,0,13514,0,8100,4517,0,2503,0,1354,0,674,0,301,0,125,0,53,0,22,0,7,0,1,0,0,0,0,0,0,0,0,0,0,0,0,0,1,0,0,0
0,0,0,0,0,0,0,0,0,0,0,0,0,0,0,0,0,0,0,0,0,0,0,0,0,2,0,3,0,5,0,22,0,28,0,57,176,0,437,0,985,0,2053,0,4240,0,8096,0,15226,0,26448,0,44216,0,71695,0,110239,0,162530,0,230062,0,313145,0,407615,0,508920,0,610813,0,702642,0,776469,823870,0,840377,0,824297,0,773217,0,701164,0,607757,0,508412,0,407426,0,317339,0,236727,0,171471,0,120223,0,81671,0,54615,0,34933,0,22242,0,13672,0,8223,4572,0,2559,0,1315,0,683,0,301,0,139,0,46,0,24,0,8,0,1,0,0,0,0,0,0,0,0,0,0,0,0,0,1,0,0,0
0,0,0,0,0,0,0,0,0,0,0,0,0,0,0,0,0,0,0,0,0,0,0,0,0,2,0,1,0,6,0,17,0,27,0,65,185,0,428,0,970,0,2027,0,4141,0,8058,0,15020,0,26019,0,44019,0,70976,0,109049,0,161463,0,229022,0,310239,0,405422,0,505939,0,608287,0,700478,0,776214,822438,0,840328,0,824388,0,776265,0,702271,0,609810,0,510693,0,411036,0,317985,0,238511,0,172932,0,121664,0,82606,0,54583,0,35474,0,22299,0,14080,0,8056,4770,0,2598,0,1340,0,670,0,318,0,139,0,51,0,18,0,10,0,1,0,0,0,0,0,0,0,0,0,0,0,0,0,1,0,0,0
0,0,0,0,0,0,0,0,0,0,0,0,0,0,0,0,0,0,0,0,0,0,0,0,0,1,0,2,0,8,0,18,0,24,0,64,195,0,409,0,928,0,2037,0,4121,0,7966,0,14727,0,25908,0,43528,0,70128,0,108362,0,159850,0,227587,0,308629,0,401766,0,504498,0,605316,0,699418,0,773303,822165,0,841229,0,824676,0,778215,0,703081,0,612561,0,512429,0,413105,0,320268,0,240508,0,174641,0,122502,0,83320,0,54976,0,35760,0,22827,0,13944,0,8461,4702,0,2694,0,1338,0,677,0,311,0,145,0,51,0,18,0,10,0,1,0,0,0,0,0,0,0,0,0,0,0,0,0,1,0,0,0
0,0,0,0,0,0,0,0,0,0,0,0,0,0,0,0,0,0,0,0,0,0,0,0,0,1,0,2,0,8,0,12,0,29,0,77,186,0,404,0,939,0,1939,0,4082,0,7932,0,14558,0,25672,0,43094,0,69346,0,107524,0,158477,0,225433,0,307466,0,398992,0,502500,0,603310,0,696553,0,771625,822011,0,840372,0,826058,0,779580,0,704165,0,615234,0,515446,0,414526,0,322812,0,241551,0,176127,0,123719,0,84020,0,55702,0,36174,0,22995,0,14151,0,8432,4897,0,2647,0,1421,0,675,0,318,0,144,0,43,0,18,0,8,0,1,0,0,0,0,0,0,0,0,0,0,0,0,0,1,0,0,0
0,0,0,0,0,0,0,0,0,0,0,0,0,0,0,0,0,0,0,0,0,0,0,0,0,0,0,3,0,9,0,13,0,33,0,60,194,0,419,0,856,0,2024,0,3980,0,7710,0,14509,0,25236,0,42727,0,68768,0,106215,0,158020,0,223806,0,304445,0,397770,0,498545,0,602090,0,694073,0,770273,820708,0,841348,0,826859,0,779624,0,707329,0,616776,0,517177,0,417299,0,324910,0,243754,0,177315,0,124162,0,84923,0,56659,0,36494,0,23071,0,14434,0,8466,4959,0,2710,0,1439,0,679,0,308,0,153,0,47,0,20,0,7,0,0,0,0,0,0,0,0,0,0,0,0,0,0,0,1,0,0,0
0,0,0,0,0,0,0,0,0,0,0,0,0,0,0,0,0,0,0,0,0,0,0,0,0,0,0,0,0,9,0,16,0,26,0,74,181,0,403,0,872,0,1933,0,4006,0,7629,0,14377,0,24923,0,42106,0,68170,0,105332,0,157013,0,222176,0,301844,0,395263,0,496772,0,599090,0,692786,0,769810,819649,0,839896,0,827238,0,780833,0,709081,0,619279,0,519596,0,419934,0,326641,0,245556,0,178192,0,126126,0,85577,0,57233,0,36955,0,23256,0,14384,0,8726,4950,0,2796,0,1455,0,684,0,338,0,142,0,58,0,14,0,8,0,0,0,0,0,0,0,0,0,0,0,0,0,0,0,1,0,0,0
0,0,0,0,0,0,0,0,0,0,0,0,0,0,0,0,0,0,0,0,0,0,0,0,0,0,0,2,0,6,0,14,0,26,0,69,182,0,390,0,888,0,1860,0,3843,0,7699,0,14035,0,24759,0,41672,0,67353,0,104737,0,155416,0,220119,0,301032,0,392527,0,494074,0,596745,0,691212,0,768199,819250,0,840242,0,826500,0,781881,0,710583,0,622627,0,521205,0,422730,0,328341,0,247529,0,179319,0,127104,0,87100,0,57409,0,37357,0,23461,0,14641,0,8683,5023,0,2831,0,1474,0,663,0,370,0,141,0,58,0,19,0,5,0,3,0,0,0,0,0,0,0,0,0,0,0,0,0,1,0,0,0
0,0,0,0,0,0,0,0,0,0,0,0,0,0,0,0,0,0,0,0,0,0,0,0,0,1,0,1,0,3,0,17,0,25,0,81,172,0,380,0,835,0,1914,0,3740,0,7622,0,13957,0,24546,0,41275,0,66509,0,103788,0,154102,0,218877,0,298643,0,390421,0,492326,0,593518,0,688129,0,768574,818533,0,839352,0,826944,0,783272,0,712327,0,623955,0,525226,0,423856,0,331146,0,249202,0,180783,0,127751,0,87841,0,57950,0,37712,0,23752,0,14809,0,8865,5082,0,2838,0,1491,0,673,0,361,0,147,0,53,0,24,0,4,0,3,0,0,0,0,0,0,0,0,0,0,0,0,0,1,0,0,0
0,0,0,0,0,0,0,0,0,0,0,0,0,0,0,0,0,0,0,0,0,0,0,0,0,1,0,2,0,6,0,10,0,27,0,80,162,0,360,0,860,0,1828,0,3833,0,7382,0,13852,0,24211,0,40905,0,66237,0,102922,0,152231,0,217057,0,296634,0,388422,0,489908,0,591851,0,687318,0,765417,817616,0,839232,0,827768,0,783693,0,715008,0,626634,0,526608,0,426045,0,332649,0,251273,0,182606,0,128768,0,88558,0,58648,0,37966,0,24129,0,14877,0,8977,5187,0,2901,0,1447,0,716,0,350,0,152,0,49,0,29,0,4,0,2,0,0,0,0,0,0,0,0,0,0,0,0,0,1,0,0,0
0,0,0,0,0,0,0,0,0,0,0,0,0,0,0,0,0,0,0,0,0,0,0,0,0,1,0,2,0,4,0,13,0,30,0,71,155,0,378,0,843,0,1818,0,3784,0,7254,0,13549,0,24281,0,40406,0,65520,0,101797,0,150907,0,216005,0,293876,0,386495,0,486766,0,591727,0,684120,0,764331,817443,0,838257,0,828740,0,784598,0,716500,0,628005,0,529043,0,428895,0,334594,0,252707,0,183950,0,130578,0,88811,0,59131,0,38555,0,24499,0,14927,0,8996,5346,0,2898,0,1472,0,753,0,342,0,148,0,57,0,22,0,6,0,2,0,0,0,0,0,0,0,0,0,0,0,0,0,1,0,0,0
0,0,0,0,0,0,0,0,0,0,0,0,0,0,0,0,0,0,0,0,0,0,0,0,0,0,0,4,0,3,0,12,0,30,0,75,152,0,350,0,816,0,1825,0,3731,0,7167,0,13451,0,23644,0,40291,0,64905,0,100618,0,150342,0,213939,0,291874,0,384304,0,485390,0,588774,0,682721,0,761796,816230,0,838805,0,829002,0,786619,0,717494,0,629992,0,530519,0,431660,0,337073,0,254585,0,185408,0,131219,0,89676,0,59981,0,38949,0,24670,0,15079,0,9122,5344,0,2910,0,1513,0,748,0,363,0,137,0,62,0,25,0,7,0,2,0,0,0,0,0,0,0,0,0,0,0,0,0,1,0,0,0
0,0,0,0,0,0,0,0,0,0,0,0,0,0,0,0,0,0,0,0,0,0,0,0,0,0,0,4,0,5,0,8,0,32,0,61,154,0,329,0,848,0,1750,0,3643,0,7112,0,13147,0,23800,0,39577,0,64158,0,100128,0,148836,0,212865,0,289782,0,381940,0,483999,0,585395,0,680636,0,760751,814712,0,839427,0,830058,0,786504,0,718839,0,631849,0,533756,0,433744,0,338823,0,256535,0,186889,0,132137,0,90428,0,60766,0,39337,0,24890,0,15266,0,9229,5360,0,2992,0,1584,0,703,0,378,0,147,0,65,0,22,0,5,0,3,0,0,0,0,0,0,0,0,0,0,0,0,0,1,0,0,0
0,0,0,0,0,0,0,0,0,0,0,0,0,0,0,0,0,0,0,0,0,0,0,0,0,0,0,2,0,6,0,9,0,20,0,68,157,0,335,0,799,0,1752,0,3582,0,6947,0,13169,0,23322,0,39233,0,63983,0,98996,0,147672,0,211347,0,288365,0,379253,0,481165,0,584741,0,679458,0,757652,813379,0,839513,0,829019,0,789285,0,720032,0,634132,0,535742,0,436863,0,340895,0,257365,0,188584,0,133116,0,91256,0,61305,0,39441,0,25360,0,15345,0,9291,5519,0,3017,0,1581,0,735,0,355,0,154,0,62,0,20,0,8,0,1,0,0,0,0,0,0,0,0,0,0,0,0,0,1,0,0,0
0,0,0,0,0,0,0,0,0,0,0,0,0,0,0,0,0,0,0,0,0,0,0,0,0,1,0,1,0,4,0,9,0,23,0,64,153,0,340,0,781,0,1705,0,3555,0,6942,0,12964,0,23148,0,38821,0,63226,0,98575,0,145990,0,209337,0,286919,0,377370,0,479849,0,581768,0,676558,0,756334,813036,0,838370,0,830252,0,790653,0,722314,0,635052,0,539476,0,437346,0,343041,0,259728,0,189424,0,134512,0,91983,0,61686,0,40224,0,25375,0,15637,0,9358,5471,0,3050,0,1600,0,760,0,380,0,139,0,66,0,24,0,13,0,1,0,0,0,0,0,0,0,0,0,0,0,0,0,1,0,0,0
0,0,0,0,0,0,0,0,0,0,0,0,0,0,0,0,0,0,0,0,0,0,0,0,0,1,0,0,0,4,0,14,0,21,0,66,133,0,354,0,762,0,1659,0,3468,0,6854,0,12912,0,22671,0,38401,0,62840,0,97279,0,145274,0,208332,0,284185,0,375898,0,476798,0,580209,0,675280,0,754420,811463,0,838324,0,830348,0,792170,0,724243,0,637146,0,541898,0,439563,0,344731,0,260860,0,191401,0,135052,0,92926,0,62219,0,40571,0,25659,0,15880,0,9502,5461,0,3138,0,1610,0,775,0,377,0,158,0,60,0,26,0,10,0,2,0,0,0,0,0,0,0,0,0,0,0,0,0,1,0,0,0
0,0,0,0,0,0,0,0,0,0,0,0,0,0,0,0,0,0,0,0,0,0,0,0,0,1,0,0,0,7,0,12,0,15,0,59,136,0,362,0,772,0,1638,0,3389,0,6819,0,12658,0,22378,0,37971,0,62359,0,96851,0,143887,0,206663,0,282925,0,374193,0,473799,0,576967,0,673079,0,753846,810895,0,838725,0,831094,0,791312,0,726577,0,640196,0,542184,0,442471,0,346729,0,263009,0,192091,0,136408,0,93570,0,63122,0,40812,0,26049,0,15995,0,9609,5577,0,3107,0,1672,0,771,0,394,0,151,0,59,0,31,0,10,0,2,0,0,0,0,0,0,0,0,0,0,0,0,0,1,0,0,0
0,0,0,0,0,0,0,0,0,0,0,0,0,0,0,0,0,0,0,0,0,0,0,1,0,0,0,0,0,9,0,8,0,19,0,49,131,0,369,0,745,0,1618,0,3397,0,6696,0,12461,0,22224,0,37683,0,61483,0,96027,0,142697,0,205480,0,281382,0,371078,0,472845,0,574428,0,670522,0,752916,810508,0,837533,0,830558,0,794551,0,727016,0,641069,0,545516,0,444518,0,349042,0,264299,0,193571,0,137087,0,95006,0,63589,0,41062,0,26375,0,16189,0,9757,5609,0,3126,0,1684,0,809,0,402,0,169,0,66,0,15,0,11,0,3,0,0,0,0,0,0,0,0,0,0,0,0,0,1,0,0,0
0,0,0,0,0,0,0,0,0,0,0,0,0,0,0,0,0,0,0,0,0,0,0,1,0,0,0,0,0,7,0,7,0,17,0,49,148,0,329,0,739,0,1611,0,3397,0,6564,0,12333,0,21885,0,37175,0,61279,0,94950,0,142351,0,203236,0,279656,0,369779,0,468843,0,573527,0,668824,0,751253,810141,0,837058,0,830988,0,795138,0,729998,0,642273,0,546797,0,446554,0,351120,0,266538,0,194507,0,137945,0,95746,0,64199,0,41636,0,26311,0,16588,0,9880,5736,0,3133,0,1657,0,823,0,417,0,152,0,81,0,21,0,6,0,5,0,0,0,0,0,0,0,0,0,0,0,0,0,1,0,0,0
0,0,0,0,0,0,0,0,0,0,0,0,0,0,0,0,0,0,0,0,0,0,0,1,0,0,0,0,0,3,0,7,0,24,0,56,128,0,348,0,726,0,1619,0,3326,0,6525,0,12081,0,21630,0,37197,0,60216,0,94386,0,140992,0,201693,0,278428,0,367445,0,467884,0,569750,0,668046,0,748510,809120,0,837620,0,832070,0,795759,0,731849,0,643652,0,548862,0,448932,0,353297,0,267662,0,196189,0,138767,0,96588,0,64480,0,42052,0,26582,0,16668,0,10075,5825,0,3126,0,1691,0,854,0,383,0,178,0,71,0,22,0,8,0,4,0,1,0,0,0,0,0,0,0,0,0,0,0,1,0,0,0
0,0,0,0,0,0,0,0,0,0,0,0,0,0,0,0,0,0,0,0,0,0,0,1,0,0,0,0,0,2,0,11,0,18,0,56,127,0,345,0,707,0,1613,0,3269,0,6354,0,12044,0,21494,0,36537,0,59885,0,93283,0,139652,0,201161,0,276176,0,365651,0,465931,0,566757,0,665958,0,747691,808039,0,836778,0,833255,0,796668,0,732766,0,646807,0,550946,0,450864,0,354510,0,269378,0,197671,0,140523,0,96444,0,65263,0,42609,0,27135,0,16594,0,10147,5835,0,3239,0,1697,0,823,0,400,0,184,0,71,0,27,0,8,0,3,0,1,0,0,0,0,0,0,0,0,0,0,0,1,0,0,0
0,0,0,0,0,0,0,0,0,0,0,0,0,0,0,0,0,0,0,0,0,0,0,1,0,0,0,1,0,1,0,7,0,17,0,52,141,0,318,0,734,0,1576,0,3180,0,6321,0,11933,0,21286,0,36268,0,58992,0,92360,0,138931,0,199289,0,275285,0,363096,0,463476,0,565432,0,663691,0,746574,805398,0,837043,0,833846,0,797562,0,733587,0,650399,0,552515,0,451723,0,357502,0,271273,0,199270,0,141502,0,97174,0,65798,0,42985,0,27333,0,16979,0,10152,5909,0,3223,0,1710,0,858,0,391,0,193,0,80,0,31,0,7,0,2,0,1,0,0,0,0,0,0,0,0,0,0,0,1,0,0,0
0,0,0,0,0,0,0,0,0,0,0,0,0,0,0,0,0,0,0,0,0,0,0,1,0,1,0,0,0,2,0,5,0,22,0,43,139,0,341,0,703,0,1544,0,3178,0,6179,0,11816,0,21080,0,35746,0,58670,0,91436,0,138005,0,198167,0,273369,0,361798,0,459847,0,563812,0,661523,0,744117,805776,0,835622,0,834640,0,798612,0,735014,0,652996,0,554635,0,454431,0,358913,0,272938,0,200426,0,142686,0,98151,0,65971,0,43623,0,27460,0,17236,0,10188,5939,0,3296,0,1716,0,878,0,406,0,194,0,80,0,27,0,7,0,3,0,0,0,0,0,0,0,0,0,0,0,0,0,1,0,0,0
0,0,0,0,0,0,0,0,0,0,0,0,0,0,0,0,0,0,0,0,0,0,0,0,0,1,0,1,0,2,0,7,0,20,0,46,125,0,343,0,688,0,1543,0,3090,0,6211,0,11583,0,20902,0,35459,0,58005,0,90871,0,136720,0,196663,0,271197,0,360240,0,457920,0,561660,0,659412,0,742815,804624,0,834702,0,834372,0,801858,0,736096,0,653726,0,557210,0,456154,0,361111,0,274783,0,201424,0,144016,0,99513,0,66463,0,43550,0,27960,0,17415,0,10193,6082,0,3270,0,1713,0,913,0,426,0,195,0,80,0,24,0,7,0,4,0,0,0,0,0,0,0,0,0,0,0,0,0,1,0,0,0
0,0,0,0,0,0,0,0,0,0,0,0,0,0,0,0,0,0,0,0,0,0,0,0,0,1,0,0,0,2,0,7,0,19,0,45,124,0,320,0,708,0,1503,0,3134,0,6052,0,11636,0,20459,0,34937,0,57584,0,90003,0,135703,0,194846,0,270495,0,357374,0,456354,0,559250,0,656883,0,741704,803487,0,834183,0,835614,0,801076,0,739260,0,655428,0,559327,0,458269,0,363064,0,276549,0,202744,0,144936,0,100242,0,67187,0,44033,0,28038,0,17592,0,10493,6059,0,3260,0,1759,0,903,0,439,0,189,0,98,0,24,0,8,0,2,0,2,0,0,0,0,0,0,0,0,0,0,1,0,0,0,0
0,0,0,0,0,0,0,0,0,0,0,0,0,0,0,0,0,0,0,0,0,0,0,0,0,1,0,0,0,0,0,9,0,15,0,42,120,0,309,0,659,0,1494,0,3109,0,6121,0,11201,0,20355,0,34680,0,57059,0,89346,0,134272,0,194358,0,267782,0,355771,0,455017,0,556104,0,655213,0,738993,802531,0,836220,0,833260,0,803317,0,741251,0,657066,0,561048,0,460889,0,364020,0,278399,0,204981,0,145581,0,100912,0,68076,0,44271,0,28387,0,17654,0,10633,6085,0,3363,0,1758,0,897,0,451,0,201,0,89,0,27,0,6,0,2,0,2,0,1,0,0,0,0,0,0,0,0,1,0,0,0,0
0,0,0,0,0,0,0,0,0,0,0,0,0,0,0,0,0,0,0,0,0,0,0,0,0,0,0,1,0,0,0,7,0,11,0,51,117,0,300,0,662,0,1448,0,3022,0,6141,0,11096,0,20119,0,34590,0,56166,0,88445,0,133438,0,193229,0,265612,0,353795,0,453060,0,553201,0,653178,0,737837,801489,0,835491,0,834636,0,804257,0,742149,0,660089,0,562589,0,462356,0,366901,0,279670,0,206093,0,147132,0,101155,0,68565,0,44741,0,28943,0,17867,0,10784,6115,0,3365,0,1806,0,912,0,444,0,207,0,88,0,26,0,7,0,1,0,3,0,1,0,0,0,0,0,0,0,0,1,0,0,0,0
0,0,0,0,0,0,0,0,0,0,0,0,0,0,0,0,0,0,0,0,0,0,0,0,0,0,0,0,0,3,0,7,0,13,0,38,125,0,287,0,659,0,1428,0,3139,0,5872,0,11003,0,19952,0,34028,0,55655,0,88069,0,132100,0,191102,0,264591,0,352114,0,450358,0,551856,0,649910,0,737248,799609,0,834347,0,836490,0,803627,0,745797,0,661006,0,564687,0,464449,0,368420,0,282060,0,207682,0,148331,0,102000,0,68947,0,45249,0,29139,0,17909,0,10844,6254,0,3460,0,1880,0,872,0,463,0,204,0,84,0,28,0,8,0,1,0,2,0,2,0,0,0,0,0,0,0,0,1,0,0,0,0
0,0,0,0,0,0,0,0,0,0,0,0,0,0,0,0,0,0,0,0,0,0,0,0,0,0,0,0,0,3,0,4,0,18,0,43,108,0,297,0,670,0,1435,0,2976,0,5825,0,11000,0,19539,0,33751,0,55094,0,87334,0,131085,0,189336,0,263662,0,349755,0,447723,0,550479,0,647051,0,735333,799309,0,833466,0,837319,0,804940,0,747059,0,662509,0,567038,0,467181,0,370055,0,283379,0,209293,0,149250,0,103066,0,69288,0,45901,0,29149,0,18387,0,10933,6283,0,3503,0,1853,0,933,0,463,0,199,0,90,0,27,0,8,0,3,0,1,0,2,0,0,0,0,0,0,0,0,1,0,0,0,0
0,0,0,0,0,0,0,0,0,0,0,0,0,0,0,0,0,0,0,0,0,0,0,0,0,0,0,0,0,3,0,4,0,18,0,46,107,0,283,0,677,0,1382,0,2929,0,5700,0,10841,0,19541,0,33362,0,54704,0,86080,0,130260,0,188458,0,260837,0,347881,0,445659,0,548779,0,645689,0,733499,798242,0,833020,0,835481,0,807526,0,748303,0,664721,0,568762,0,470118,0,371966,0,284736,0,211174,0,150191,0,103490,0,70013,0,46181,0,29724,0,18412,0,11045,6413,0,3546,0,1864,0,934,0,461,0,221,0,84,0,20,0,16,0,2,0,1,0,2,0,0,0,0,0,0,0,0,1,0,0,0,0
0,0,0,0,0,0,0,0,0,0,0,0,0,0,0,0,0,0,0,0,0,0,0,0,0,0,0,1,0,3,0,4,0,22,0,38,104,0,292,0,639,0,1386,0,2972,0,5641,0,10731,0,19142,0,32786,0,54239,0,85519,0,129322,0,187069,0,258801,0,345791,0,444983,0,545233,0,644830,0,730870,796500,0,833621,0,835472,0,807564,0,749668,0,667034,0,571689,0,472302,0,373864,0,286959,0,211657,0,151666,0,104632,0,70395,0,46565,0,29918,0,18563,0,11169,6447,0,3657,0,1893,0,963,0,453,0,201,0,91,0,31,0,11,0,2,0,1,0,2,0,0,0,0,0,0,0,0,1,0,0,0,0
0,0,0,0,0,0,0,0,0,0,0,0,0,0,0,0,0,0,0,0,0,0,0,0,0,0,0,0,0,3,0,7,0,18,0,38,103,0,267,0,643,0,1334,0,2861,0,5695,0,10486,0,18947,0,32686,0,53502,0,84818,0,127982,0,185661,0,258209,0,343554,0,441776,0,544222,0,641526,0,729745,795753,0,832789,0,836634,0,807623,0,750986,0,669887,0,572780,0,474408,0,376943,0,287637,0,213738,0,152380,0,105820,0,71010,0,46786,0,30112,0,18872,0,11270,6560,0,3638,0,1932,0,958,0,454,0,211,0,94,0,34,0,11,0,2,0,1,0,2,0,0,0,0,0,0,0,0,1,0,0,0,0
0,0,0,0,0,0,0,0,0,0,0,0,0,0,0,0,0,0,0,0,0,0,0,0,0,0,0,0,0,2,0,8,0,19,0,36,96,0,265,0,583,0,1416,0,2806,0,5542,0,10376,0,18942,0,32038,0,53230,0,83799,0,126895,0,184123,0,256687,0,341314,0,440370,0,541393,0,640802,0,726530,795552,0,830910,0,837577,0,809563,0,751292,0,670975,0,577177,0,475683,0,378195,0,290568,0,214941,0,153369,0,106575,0,72003,0,47012,0,30335,0,18937,0,11380,6675,0,3658,0,1959,0,967,0,477,0,222,0,82,0,35,0,10,0,5,0,0,0,2,0,0,0,0,0,0,0,0,1,0,0,0,0
0,0,0,0,0,0,0,0,0,0,0,0,0,0,0,0,0,0,0,0,0,0,0,0,0,0,0,1,0,0,0,7,0,21,0,26,108,0,265,0,601,0,1369,0,2813,0,5537,0,10152,0,18626,0,31953,0,52224,0,83283,0,126130,0,182626,0,254536,0,340890,0,437264,0,539032,0,638239,0,726640,792883,0,832068,0,837040,0,810592,0,752589,0,672826,0,578769,0,477135,0,380908,0,292496,0,216478,0,153859,0,107765,0,72612,0,47430,0,30793,0,19076,0,11559,6599,0,3824,0,1902,0,1011,0,485,0,239,0,83,0,28,0,8,0,5,0,2,0,1,0,0,0,0,0,0,0,0,1,0,0,0,0
0,0,0,0,0,0,0,0,0,0,0,0,0,0,0,0,0,0,0,0,0,0,0,0,0,0,0,1,0,0,0,4,0,19,0,38,90,0,265,0,617,0,1354,0,2742,0,5384,0,10157,0,18351,0,31612,0,52046,0,82131,0,125165,0,181474,0,252754,0,338574,0,434843,0,537240,0,637250,0,724995,791195,0,830887,0,838040,0,810392,0,754691,0,674766,0,580932,0,479370,0,382696,0,294490,0,217192,0,156104,0,108163,0,72974,0,48253,0,30812,0,19298,0,11655,6770,0,3753,0,1995,0,1037,0,470,0,241,0,79,0,30,0,9,0,5,0,2,0,1,0,0,0,0,0,0,0,0,1,0,0,0,0
0,0,0,0,0,0,0,0,0,0,0,0,0,0,0,0,0,0,0,0,0,0,0,0,0,0,0,1,0,1,0,2,0,18,0,29,108,0,239,0,617,0,1311,0,2727,0,5231,0,9972,0,18141,0,31512,0,51437,0,81682,0,123974,0,179560,0,251186,0,336564,0,432818,0,535581,0,635494,0,723308,789933,0,829713,0,838126,0,811686,0,755390,0,677771,0,582327,0,482829,0,383950,0,296383,0,218628,0,156685,0,109121,0,73903,0,48551,0,31119,0,19466,0,11839,6786,0,3820,0,1967,0,1042,0,503,0,216,0,95,0,29,0,11,0,4,0,1,0,1,0,0,0,0,0,0,0,0,1,0,0,0,0
0,0,0,0,0,0,0,0,0,0,0,0,0,0,0,0,0,0,0,0,0,0,0,0,0,0,0,1,0,0,0,5,0,14,0,38,96,0,238,0,584,0,1328,0,2659,0,5182,0,9936,0,18029,0,31062,0,50863,0,80955,0,123119,0,177999,0,249534,0,334551,0,432005,0,532229,0,633012,0,720858,791002,0,827861,0,839404,0,811867,0,758212,0,678218,0,583954,0,485104,0,386632,0,297113,0,220571,0,158183,0,110015,0,74278,0,49339,0,31118,0,19631,0,11866,6959,0,3854,0,2006,0,1062,0,504,0,226,0,82,0,34,0,8,0,6,0,1,0,1,0,0,0,0,0,0,0,0,1,0,0,0,0
0,0,0,0,0,0,0,0,0,0,0,0,0,0,0,0,0,0,0,0,0,0,0,0,0,0,0,0,0,2,0,3,0,12,0,42,97,0,231,0,572,0,1330,0,2593,0,5219,0,9761,0,17907,0,30586,0,50272,0,80248,0,121948,0,176783,0,247811,0,332930,0,429193,0,530880,0,630526,0,719959,787078,0,831098,0,837692,0,813240,0,759574,0,680146,0,586209,0,485742,0,389343,0,299623,0,221782,0,159259,0,111010,0,74943,0,49461,0,31669,0,19671,0,12001,7077,0,3862,0,2073,0,1082,0,512,0,217,0,89,0,34,0,10,0,2,0,2,0,1,0,1,0,0,0,0,0,0,1,0,0,0,0
0,0,0,0,0,0,0,0,0,0,0,0,0,0,0,0,0,0,0,0,0,0,0,0,0,0,0,0,0,2,0,3,0,10,0,43,99,0,263,0,581,0,1248,0,2675,0,4954,0,9680,0,17553,0,30229,0,50155,0,79357,0,120642,0,176139,0,245599,0,331106,0,427274,0,528818,0,628145,0,718582,786875,0,829548,0,837809,0,813641,0,761005,0,683136,0,587581,0,488550,0,390617,0,300881,0,223157,0,161092,0,112062,0,75341,0,49975,0,32013,0,19714,0,12081,7223,0,3868,0,2137,0,1060,0,520,0,225,0,94,0,28,0,12,0,2,0,3,0,1,0,0,0,0,0,0,0,0,0,1,0,0,0
0,0,0,0,0,0,0,0,0,0,0,0,0,0,0,0,0,0,0,0,0,0,0,0,0,0,0,1,0,2,0,3,0,10,0,37,113,0,250,0,570,0,1234,0,2546,0,5043,0,9617,0,17365,0,29790,0,49770,0,78530,0,119343,0,174266,0,244796,0,329523,0,424924,0,526431,0,626097,0,716178,786266,0,828406,0,838376,0,815373,0,761107,0,685282,0,590650,0,489885,0,393835,0,301393,0,225016,0,162108,0,113201,0,76125,0,50290,0,32183,0,19995,0,12326,7151,0,3864,0,2161,0,1086,0,508,0,243,0,92,0,30,0,12,0,2,0,2,0,1,0,0,0,0,0,0,0,0,0,1,0,0,0
0,0,0,0,0,0,0,0,0,0,0,0,0,0,0,0,0,0,0,0,0,0,0,0,0,0,0,1,0,3,0,2,0,12,0,37,105,0,232,0,567,0,1183,0,2575,0,5091,0,9278,0,17289,0,29640,0,49116,0,78200,0,118181,0,173220,0,242609,0,327583,0,422942,0,524471,0,623258,0,715156,784386,0,826618,0,839688,0,816582,0,763595,0,686360,0,593208,0,491532,0,394921,0,304104,0,226474,0,162943,0,114311,0,76915,0,50583,0,32506,0,20260,0,12347,7254,0,3950,0,2127,0,1107,0,503,0,237,0,96,0,33,0,11,0,2,0,4,0,0,0,0,0,0,0,0,0,0,0,1,0,0,0
0,0,0,0,0,0,0,0,0,0,0,0,0,0,0,0,0,0,0,0,0,0,0,0,0,0,0,0,0,3,0,2,0,11,0,36,107,0,225,0,539,0,1201,0,2520,0,4959,0,9372,0,16960,0,29112,0,48774,0,77349,0,117195,0,172092,0,241471,0,325576,0,419277,0,522975,0,622577,0,713127,782591,0,825958,0,840346,0,818005,0,763285,0,689690,0,594113,0,494835,0,396014,0,305846,0,227769,0,164724,0,114686,0,77713,0,50990,0,33069,0,20327,0,12538,7259,0,4058,0,2133,0,1085,0,539,0,218,0,108,0,31,0,10,0,3,0,4,0,1,0,0,0,0,0,0,0,0,0,1,0,0,0
0,0,0,0,0,0,0,0,0,0,0,0,0,0,0,0,0,0,0,0,0,0,0,0,0,0,0,0,0,2,0,3,0,10,0,36,104,0,206,0,545,0,1210,0,2479,0,4802,0,9310,0,16749,0,28821,0,48209,0,76503,0,116535,0,170450,0,240859,0,321998,0,418637,0,519968,0,621843,0,710734,781850,0,824939,0,839967,0,818264,0,765022,0,690766,0,598303,0,496473,0,397544,0,307482,0,229593,0,165543,0,115872,0,77997,0,51736,0,33359,0,20506,0,12510,7377,0,4100,0,2172,0,1115,0,536,0,208,0,109,0,33,0,12,0,4,0,2,0,1,0,0,0,0,0,0,0,0,0,1,0,0,0
0,0,0,0,0,0,0,0,0,0,0,0,0,0,0,0,0,0,0,0,0,0,0,0,0,0,0,1,0,1,0,2,0,11,0,32,84,0,242,0,503,0,1196,0,2468,0,4737,0,9150,0,16571,0,28550,0,47731,0,75801,0,115114,0,170373,0,238124,0,321117,0,415918,0,518939,0,617616,0,709856,780244,0,825733,0,837965,0,819665,0,767940,0,691100,0,601037,0,498590,0,400000,0,309166,0,230768,0,166716,0,116553,0,79069,0,51969,0,33789,0,20661,0,12542,7390,0,4078,0,2235,0,1179,0,498,0,230,0,102,0,35,0,11,0,4,0,1,0,1,0,0,0,0,0,0,0,0,1,0,0,0,0
0,0,0,0,0,0,0,0,0,0,0,0,0,0,0,0,0,0,0,0,0,0,0,0,0,0,0,1,0,0,0,4,0,4,0,38,79,0,220,0,494,0,1172,0,2481,0,4687,0,8984,0,16369,0,28531,0,46835,0,75212,0,114748,0,168807,0,236452,0,318863,0,414635,0,516127,0,616910,0,707373,778404,0,825165,0,838470,0,819661,0,769620,0,693640,0,601035,0,502617,0,401772,0,310100,0,232956,0,167809,0,117493,0,79592,0,52752,0,33761,0,20990,0,12589,7455,0,4169,0,2248,0,1159,0,537,0,236,0,101,0,33,0,11,0,6,0,0,0,1,0,0,0,0,0,0,0,0,0,1,0,0,0
0,0,0,0,0,0,0,0,0,0,0,0,0,0,0,0,0,0,0,0,0,0,0,0,0,0,0,1,0,1,0,3,0,8,0,34,72,0,216,0,500,0,1189,0,2378,0,4604,0,8974,0,16063,0,28337,0,46568,0,74577,0,113688,0,167073,0,235641,0,316336,0,412176,0,513871,0,615539,0,705534,776798,0,824095,0,839411,0,821266,0,769723,0,695017,0,604379,0,504268,0,403314,0,312495,0,234522,0,168870,0,118327,0,80335,0,53155,0,33744,0,21407,0,12666,7599,0,4243,0,2287,0,1156,0,567,0,240,0,85,0,39,0,9,0,7,0,0,0,1,0,0,0,0,0,0,0,0,0,1,0,0,0
0,0,0,0,0,0,0,0,0,0,0,0,0,0,0,0,0,0,0,0,0,0,0,0,0,0,0,1,0,1,0,3,0,8,0,22,68,0,216,0,506,0,1127,0,2394,0,4599,0,8753,0,15990,0,27869,0,46210,0,73516,0,113042,0,165649,0,233680,0,315497,0,410175,0,512249,0,612376,0,702987,777222,0,822454,0,839961,0,821345,0,771741,0,697287,0,606128,0,505106,0,405646,0,314538,0,236118,0,170624,0,118781,0,81002,0,53767,0,34221,0,21440,0,12797,7602,0,4318,0,2243,0,1196,0,544,0,242,0,94,0,36,0,6,0,9,0,2,0,0,0,0,0,0,0,0,0,0,0,1,0,0,0
0,0,0,0,0,0,0,0,0,0,0,0,0,0,0,0,0,0,0,0,0,0,0,0,0,0,0,1,0,2,0,0,0,9,0,16,74,0,197,0,517,0,1103,0,2351,0,4657,0,8695,0,15512,0,27620,0,45935,0,72903,0,111748,0,164895,0,231089,0,314667,0,408548,0,509675,0,609574,0,702645,774216,0,821799,0,840664,0,821356,0,773015,0,699258,0,608600,0,507102,0,407850,0,316904,0,237360,0,171199,0,119965,0,82166,0,53832,0,34826,0,21385,0,12998,7681,0,4341,0,2335,0,1178,0,558,0,238,0,109,0,24,0,8,0,5,0,2,0,1,0,0,0,0,0,0,0,0,1,0,0,0,0
0,0,0,0,0,0,0,0,0,0,0,0,0,0,0,0,0,0,0,0,0,0,0,0,0,0,0,1,0,1,0,2,0,9,0,19,71,0,199,0,515,0,1071,0,2345,0,4497,0,8574,0,15524,0,27069,0,45373,0,72564,0,110944,0,163278,0,230295,0,311860,0,406158,0,508030,0,607577,0,699778,774605,0,821409,0,839500,0,821794,0,775443,0,700950,0,609388,0,510155,0,409308,0,319370,0,238695,0,172689,0,120495,0,82925,0,54412,0,35069,0,21677,0,13083,7762,0,4414,0,2331,0,1242,0,546,0,242,0,105,0,28,0,7,0,6,0,4,0,0,0,0,0,0,0,0,0,0,0,1,0,0,0
0,0,0,0,0,0,0,0,0,0,0,0,0,0,0,0,0,0,0,0,0,0,0,0,0,0,0,2,0,0,0,2,0,5,0,29,65,0,188,0,468,0,1076,0,2289,0,4548,0,8347,0,15409,0,26878,0,44752,0,71966,0,110039,0,161936,0,228817,0,309786,0,403964,0,505623,0,606672,0,697938,772300,0,821373,0,839250,0,822799,0,775364,0,703749,0,611394,0,512446,0,412005,0,320641,0,240043,0,173892,0,121919,0,83184,0,54859,0,35318,0,21928,0,13265,7892,0,4410,0,2398,0,1198,0,581,0,243,0,108,0,30,0,8,0,10,0,0,0,2,0,0,0,0,0,0,0,0,0,1,0,0,0
0,0,0,0,0,0,0,0,0,0,0,0,0,0,0,0,0,0,0,0,0,0,0,0,0,0,0,2,0,0,0,2,0,7,0,22,61,0,191,0,445,0,1045,0,2296,0,4483,0,8263,0,15364,0,26569,0,44191,0,71331,0,109281,0,160319,0,227261,0,308647,0,402017,0,502681,0,604534,0,695616,771173,0,821213,0,838355,0,824025,0,775874,0,707148,0,613459,0,514141,0,414066,0,322289,0,242172,0,174873,0,122419,0,83890,0,55603,0,35465,0,22134,0,13513,7803,0,4572,0,2359,0,1248,0,577,0,256,0,97,0,35,0,11,0,7,0,2,0,0,0,1,0,0,0,0,0,0,0,1,0,0,0
0,0,0,0,0,0,0,0,0,0,0,0,0,0,0,0,0,0,0,0,0,0,0,0,0,0,0,1,0,1,0,2,0,9,0,20,71,0,187,0,444,0,1049,0,2249,0,4389,0,8245,0,15019,0,26486,0,43587,0,70512,0,108158,0,159512,0,225839,0,306889,0,399273,0,501748,0,601340,0,693634,770197,0,820513,0,838508,0,823513,0,778588,0,708544,0,616606,0,515743,0,415754,0,323998,0,243962,0,175867,0,123872,0,84285,0,55792,0,35917,0,22390,0,13623,7833,0,4550,0,2413,0,1272,0,586,0,263,0,98,0,30,0,16,0,8,0,1,0,2,0,0,0,0,0,0,0,0,0,1,0,0,0
0,0,0,0,0,0,0,0,0,0,0,0,0,0,0,0,0,0,0,0,0,0,0,0,0,0,0,0,0,3,0,2,0,11,0,18,63,0,189,0,437,0,1040,0,2235,0,4327,0,8132,0,15062,0,25745,0,43563,0,69817,0,107261,0,157674,0,224589,0,304834,0,398098,0,498259,0,599696,0,691521,769279,0,819646,0,838423,0,824783,0,780205,0,709192,0,618675,0,517775,0,418656,0,326206,0,244579,0,178026,0,124478,0,84866,0,56160,0,36294,0,22576,0,13683,8057,0,4605,0,2387,0,1264,0,594,0,265,0,92,0,39,0,17,0,6,0,2,0,2,0,0,0,0,0,0,0,0,1,0,0,0,0
0,0,0,0,0,0,0,0,0,0,0,0,0,0,0,0,0,0,0,0,0,0,0,0,0,0,0,1,0,2,0,2,0,8,0,32,54,0,175,0,465,0,978,0,2227,0,4190,0,8163,0,14667,0,25966,0,42934,0,68998,0,106374,0,157036,0,222315,0,303456,0,395958,0,496393,0,596656,0,689452,768539,0,818562,0,838919,0,825581,0,781513,0,710862,0,620245,0,520281,0,420632,0,327651,0,246616,0,178908,0,125753,0,85798,0,56430,0,36571,0,22827,0,13760,8147,0,4640,0,2387,0,1243,0,596,0,278,0,102,0,37,0,15,0,9,0,2,0,2,0,0,0,0,0,0,0,0,1,0,0,0,0
0,0,0,0,0,0,0,0,0,0,0,0,0,0,0,0,0,0,0,0,0,0,0,0,0,0,0,1,0,1,0,1,0,13,0,27,53,0,185,0,452,0,975,0,2122,0,4208,0,7949,0,14652,0,25602,0,42580,0,68437,0,105259,0,155857,0,220839,0,300696,0,394781,0,494496,0,593607,0,689237,765972,0,818227,0,837610,0,827448,0,783162,0,712936,0,621382,0,522762,0,422382,0,329706,0,248110,0,179802,0,126984,0,86501,0,56890,0,36896,0,22946,0,14093,8139,0,4670,0,2453,0,1255,0,606,0,274,0,105,0,41,0,15,0,8,0,3,0,0,0,0,0,0,0,0,0,0,1,0,0,0,0
0,0,0,0,0,0,0,0,0,0,0,0,0,0,0,0,0,0,0,0,0,0,0,0,0,0,0,0,0,2,0,4,0,8,0,20,68,0,174,0,463,0,964,0,2026,0,4207,0,7804,0,14494,0,25256,0,42269,0,67545,0,104713,0,154587,0,219030,0,300021,0,391330,0,492687,0,593420,0,685611,765436,0,816276,0,837670,0,827981,0,784759,0,714467,0,623588,0,523644,0,425997,0,332230,0,248815,0,180914,0,127631,0,87688,0,57402,0,37087,0,23226,0,14120,8348,0,4599,0,2515,0,1252,0,603,0,291,0,106,0,35,0,12,0,12,0,1,0,0,0,0,0,0,0,0,0,0,1,0,0,0,0
0,0,0,0,0,0,0,0,0,0,0,0,0,0,0,0,0,0,0,0,0,0,0,0,0,0,0,0,0,3,0,4,0,8,0,20,62,0,157,0,456,0,976,0,2013,0,4104,0,7726,0,14386,0,24935,0,41997,0,66771,0,103543,0,153661,0,218003,0,297587,0,390146,0,490439,0,591520,0,683508,763664,0,815007,0,837992,0,827820,0,786734,0,715828,0,625631,0,527078,0,427413,0,333551,0,250508,0,182694,0,128643,0,87396,0,58322,0,37614,0,23477,0,14052,8349,0,4724,0,2560,0,1281,0,591,0,283,0,119,0,30,0,10,0,12,0,0,0,0,0,0,0,0,0,0,0,0,1,0,0,0,0
0,0,0,0,0,0,0,0,0,0,0,0,0,0,0,0,0,0,0,0,0,0,0,0,0,0,0,0,0,4,0,2,0,9,0,21,57,0,166,0,415,0,961,0,2072,0,4041,0,7651,0,14116,0,24717,0,41331,0,66190,0,102828,0,152515,0,216467,0,296374,0,387304,0,488749,0,588620,0,682970,761755,0,813440,0,838695,0,828088,0,788613,0,716847,0,627614,0,529344,0,429764,0,334763,0,252399,0,183903,0,129606,0,88060,0,59149,0,37758,0,23713,0,14313,8322,0,4811,0,2589,0,1226,0,608,0,267,0,127,0,36,0,6,0,12,0,0,0,0,0,0,0,0,0,0,0,0,1,0,0,0,0
0,0,0,0,0,0,0,0,0,0,0,0,0,0,0,0,0,0,0,0,0,0,0,0,0,0,0,0,0,2,0,4,0,10,0,24,55,0,177,0,404,0,926,0,2061,0,4003,0,7555,0,13921,0,24432,0,40849,0,65882,0,101769,0,151136,0,215147,0,295157,0,385227,0,485618,0,587764,0,681014,759575,0,813371,0,837921,0,829810,0,788252,0,718432,0,629479,0,531944,0,431679,0,337644,0,253745,0,184612,0,130352,0,89269,0,59363,0,38345,0,23909,0,14460,8395,0,4832,0,2558,0,1239,0,614,0,284,0,132,0,37,0,8,0,8,0,2,0,0,0,0,0,0,0,0,0,0,0,1,0,0,0
0,0,0,0,0,0,0,0,0,0,0,0,0,0,0,0,0,0,0,0,0,0,0,0,0,0,0,0,0,2,0,5,0,8,0,24,60,0,170,0,380,0,887,0,2055,0,3939,0,7566,0,13669,0,23996,0,40714,0,64722,0,101339,0,150200,0,213697,0,292918,0,383440,0,483011,0,585548,0,680381,757871,0,812705,0,837135,0,830448,0,790082,0,719577,0,631619,0,533621,0,433357,0,340224,0,256173,0,185234,0,131302,0,89826,0,59761,0,38827,0,24144,0,14563,8458,0,4843,0,2534,0,1276,0,626,0,287,0,118,0,43,0,15,0,7,0,1,0,0,0,0,0,0,0,0,0,0,0,1,0,0,0
0,0,0,0,0,0,0,0,0,0,0,0,0,0,0,0,0,0,0,0,0,0,0,0,0,0,0,0,0,1,0,5,0,6,0,29,60,0,167,0,377,0,913,0,1942,0,3823,0,7528,0,13697,0,23665,0,40062,0,64552,0,99952,0,149476,0,211953,0,290740,0,382253,0,481172,0,582840,0,677789,757370,0,811703,0,838311,0,829554,0,789842,0,722752,0,634071,0,535326,0,435732,0,341827,0,257282,0,187198,0,132361,0,90401,0,60313,0,38961,0,24384,0,14685,8514,0,4830,0,2583,0,1311,0,624,0,284,0,124,0,40,0,16,0,6,0,0,0,1,0,0,0,0,0,0,0,0,0,1,0,0,0
0,0,0,0,0,0,0,0,0,0,0,0,0,0,0,0,0,0,0,0,0,0,0,0,0,0,0,0,0,2,0,4,0,3,0,38,55,0,154,0,375,0,894,0,1932,0,3837,0,7278,0,13545,0,23564,0,39553,0,64012,0,98801,0,148016,0,211440,0,288976,0,379887,0,478954,0,580821,0,675809,755371,0,811457,0,838092,0,830665,0,791405,0,722215,0,637238,0,537421,0,437768,0,343243,0,259354,0,188636,0,132933,0,91681,0,60856,0,39299,0,24433,0,14898,8633,0,4822,0,2594,0,1369,0,599,0,291,0,120,0,46,0,13,0,5,0,0,0,1,0,0,0,0,0,0,0,0,0,1,0,0,0
0,0,0,0,0,0,0,0,0,0,0,0,0,0,0,0,0,0,0,0,0,0,0,0,0,0,0,0,0,0,0,4,0,10,0,23,66,0,147,0,377,0,900,0,1886,0,3734,0,7261,0,13414,0,23300,0,39077,0,63473,0,98337,0,146139,0,210242,0,287429,0,378046,0,476840,0,578568,0,673762,754191,0,810923,0,836796,0,832277,0,791512,0,725167,0,637784,0,541064,0,439717,0,344553,0,260212,0,190419,0,134198,0,92025,0,61544,0,39456,0,24779,0,15035,8806,0,4824,0,2624,0,1341,0,647,0,291,0,125,0,45,0,13,0,4,0,1,0,0,0,0,0,0,0,0,0,0,0,1,0,0,0
0,0,0,0,0,0,0,0,0,0,0,0,0,0,0,0,0,0,0,0,0,0,0,0,0,0,0,0,0,0,0,4,0,8,0,26,56,0,137,0,386,0,892,0,1801,0,3727,0,7226,0,13179,0,22954,0,38785,0,63008,0,97527,0,144901,0,208468,0,286187,0,375678,0,475146,0,576197,0,672993,752586,0,808698,0,838060,0,831277,0,793969,0,725559,0,639925,0,543174,0,442101,0,345928,0,262643,0,190789,0,135773,0,92709,0,62130,0,39793,0,24876,0,15387,8580,0,4989,0,2618,0,1401,0,654,0,308,0,135,0,44,0,10,0,5,0,1,0,0,0,0,0,0,0,0,0,0,0,1,0,0,0
0,0,0,0,0,0,0,0,0,0,0,0,0,0,0,0,0,0,0,0,0,0,0,0,0,0,0,0,0,0,0,3,0,8,0,17,66,0,151,0,382,0,860,0,1771,0,3666,0,7053,0,13047,0,22701,0,38466,0,62279,0,96582,0,144727,0,206094,0,284271,0,374260,0,472825,0,574309,0,670828,750355,0,809162,0,836971,0,831825,0,794623,0,728657,0,641165,0,545905,0,443272,0,349045,0,262652,0,193045,0,136619,0,93583,0,62203,0,40360,0,25140,0,15503,8704,0,4923,0,2788,0,1379,0,656,0,316,0,125,0,45,0,17,0,3,0,0,0,1,0,0,0,0,0,0,0,0,0,1,0,0,0
0,0,0,0,0,0,0,0,0,0,0,0,0,0,0,0,0,0,0,0,0,0,0,0,0,0,0,0,0,0,0,6,0,6,0,18,63,0,157,0,401,0,865,0,1707,0,3603,0,7005,0,12921,0,22468,0,37933,0,61576,0,96098,0,143083,0,205405,0,282286,0,372382,0,470588,0,572012,0,668047,748857,0,808538,0,837533,0,832598,0,795180,0,729553,0,643789,0,547421,0,446551,0,349992,0,265300,0,194325,0,137142,0,94370,0,62922,0,40547,0,25442,0,15489,8898,0,4946,0,2791,0,1420,0,662,0,313,0,123,0,56,0,18,0,1,0,0,0,1,0,0,0,0,0,0,0,0,0,1,0,0,0
0,0,0,0,0,0,0,0,0,0,0,0,0,0,0,0,0,0,0,0,0,0,0,0,0,0,0,0,0,1,0,4,0,6,0,22,55,0,161,0,363,0,871,0,1692,0,3512,0,7020,0,12562,0,22338,0,37593,0,61064,0,95488,0,141612,0,203362,0,281021,0,370422,0,469072,0,570711,0,666001,746992,0,807725,0,836228,0,833078,0,796199,0,731810,0,646169,0,549438,0,448279,0,352030,0,267006,0,195727,0,138503,0,94072,0,63559,0,40964,0,25607,0,15598,9037,0,5022,0,2748,0,1431,0,734,0,301,0,122,0,57,0,15,0,3,0,0,0,1,0,0,0,0,0,0,0,0,0,1,0,0,0
0,0,0,0,0,0,0,0,0,0,0,0,0,0,0,0,0,0,0,0,0,0,0,0,0,0,0,0,0,1,0,3,0,4,0,23,57,0,149,0,376,0,812,0,1663,0,3571,0,6782,0,12639,0,21933,0,37147,0,60753,0,94626,0,140492,0,202256,0,279374,0,367844,0,466753,0,568547,0,664809,745495,0,807099,0,835313,0,833030,0,798428,0,733564,0,647389,0,551733,0,451126,0,353272,0,268130,0,197764,0,138564,0,95470,0,63627,0,41527,0,25727,0,15820,9242,0,5071,0,2695,0,1487,0,719,0,297,0,132,0,53,0,16,0,3,0,0,0,1,0,0,0,0,0,0,0,0,0,1,0,0,0
0,0,0,0,0,0,0,0,0,0,0,0,0,0,0,0,0,0,0,0,0,0,0,0,0,0,0,0,0,0,0,2,0,6,0,17,66,0,152,0,376,0,782,0,1703,0,3422,0,6777,0,12448,0,21720,0,36945,0,60269,0,93513,0,139380,0,200756,0,277196,0,366517,0,464875,0,566117,0,663231,744761,0,803677,0,836807,0,832936,0,799659,0,734860,0,650097,0,553490,0,453414,0,354965,0,270386,0,198299,0,139840,0,95794,0,64520,0,41627,0,26149,0,15898,9399,0,5092,0,2788,0,1457,0,693,0,330,0,123,0,55,0,18,0,2,0,2,0,0,0,0,0,0,0,0,0,0,0,1,0,0,0
0,0,0,0,0,0,0,0,0,0,0,0,0,0,0,0,0,0,0,0,0,0,0,0,0,0,0,0,0,0,0,2,0,6,0,17,61,0,147,0,386,0,789,0,1673,0,3324,0,6669,0,12205,0,21639,0,36315,0,59901,0,92805,0,138546,0,199304,0,275740,0,363645,0,462860,0,564570,0,661092,743538,0,803526,0,836133,0,833489,0,799917,0,736911,0,652598,0,555106,0,454328,0,357553,0,271894,0,199653,0,141009,0,96812,0,64670,0,41751,0,26544,0,16166,9407,0,5202,0,2825,0,1465,0,695,0,308,0,135,0,54,0,18,0,4,0,1,0,0,0,0,0,0,0,0,0,0,0,1,0,0,0
0,0,0,0,0,0,0,0,0,0,0,0,0,0,0,0,0,0,0,0,0,0,0,0,0,0,0,0,0,0,0,1,0,3,0,19,56,0,165,0,375,0,777,0,1686,0,3231,0,6541,0,12180,0,21254,0,36263,0,59120,0,92099,0,137557,0,198027,0,273312,0,362034,0,460681,0,562892,0,658519,742773,0,803070,0,834577,0,834519,0,800818,0,737873,0,654844,0,557569,0,456716,0,358529,0,274308,0,200692,0,141707,0,97935,0,65154,0,42001,0,26989,0,16206,9401,0,5327,0,2892,0,1498,0,668,0,338,0,139,0,46,0,19,0,7,0,1,0,0,0,0,0,0,0,0,0,0,0,1,0,0,0
0,0,0,0,0,0,0,0,0,0,0,0,0,0,0,0,0,0,0,0,0,0,0,0,0,0,0,0,0,0,0,1,0,4,0,17,65,0,144,0,352,0,796,0,1630,0,3279,0,6333,0,11954,0,21220,0,36022,0,58600,0,91266,0,136440,0,196555,0,271678,0,360361,0,458189,0,560408,0,657560,740609,0,802185,0,834652,0,835419,0,801188,0,739512,0,656195,0,559899,0,458859,0,361543,0,274362,0,202665,0,142966,0,98150,0,65915,0,42457,0,27022,0,16421,9542,0,5322,0,2924,0,1444,0,713,0,363,0,128,0,56,0,15,0,7,0,0,0,1,0,0,0,0,0,0,0,0,0,1,0,0,0
0,0,0,0,0,0,0,0,0,0,0,0,0,0,0,0,0,0,0,0,0,0,0,0,0,0,0,0,0,0,0,1,0,5,0,14,56,0,156,0,366,0,751,0,1602,0,3220,0,6256,0,11947,0,20786,0,35603,0,58127,0,90610,0,135382,0,195296,0,270010,0,358264,0,456396,0,558163,0,654194,740408,0,801555,0,834321,0,835896,0,802465,0,741301,0,657633,0,562288,0,460359,0,363158,0,276049,0,203720,0,143977,0,99122,0,66404,0,42880,0,27317,0,16447,9677,0,5551,0,2901,0,1498,0,689,0,371,0,141,0,53,0,17,0,4,0,0,0,1,0,0,0,0,0,0,0,0,0,1,0,0,0
0,0,0,0,0,0,0,0,0,0,0,0,0,0,0,0,0,0,0,0,0,0,0,0,0,0,0,0,0,1,0,1,0,3,0,18,49,0,161,0,349,0,773,0,1548,0,3171,0,6275,0,11692,0,20796,0,35282,0,57021,0,89854,0,134973,0,193543,0,268069,0,356875,0,454092,0,556207,0,653456,737002,0,800937,0,834674,0,837551,0,802792,0,741404,0,660072,0,564095,0,462690,0,364639,0,277977,0,204849,0,145018,0,100045,0,66885,0,43327,0,27508,0,16610,9813,0,5509,0,2986,0,1543,0,700,0,345,0,152,0,52,0,19,0,3,0,1,0,1,0,0,0,0,0,0,0,0,0,1,0,0,0
0,0,0,0,0,0,0,0,0,0,0,0,0,0,0,0,0,0,0,0,0,0,0,0,0,0,0,0,0,0,0,1,0,4,0,18,50,0,154,0,354,0,773,0,1504,0,3183,0,6196,0,11564,0,20443,0,34945,0,56834,0,88661,0,133699,0,192568,0,266667,0,354158,0,452635,0,554521,0,650960,736174,0,798993,0,834782,0,837872,0,803780,0,742652,0,662732,0,565895,0,464456,0,366805,0,279194,0,206173,0,145888,0,100839,0,67750,0,43640,0,27617,0,16987,9770,0,5666,0,3006,0,1541,0,744,0,326,0,148,0,65,0,17,0,1,0,2,0,0,0,1,0,0,0,0,0,0,0,1,0,0,0
0,0,0,0,0,0,0,0,0,0,0,0,0,0,0,0,0,0,0,0,0,0,0,0,0,0,0,0,0,0,0,2,0,2,0,22,42,0,156,0,366,0,732,0,1512,0,3160,0,6000,0,11487,0,20143,0,34609,0,56312,0,88117,0,132530,0,191238,0,264939,0,352389,0,449745,0,553034,0,649712,734642,0,797579,0,834379,0,836348,0,805988,0,745338,0,665101,0,566900,0,465644,0,370155,0,280657,0,206915,0,147043,0,101592,0,68344,0,44060,0,27883,0,16995,10075,0,5563,0,3093,0,1541,0,763,0,329,0,144,0,69,0,12,0,4,0,1,0,1,0,1,0,0,0,0,0,0,0,1,0,0,0
0,0,0,0,0,0,0,0,0,0,0,0,0,0,0,0,0,0,0,0,0,0,0,0,0,0,0,0,0,0,0,1,0,4,0,19,46,0,141,0,364,0,705,0,1563,0,3088,0,5971,0,11296,0,20118,0,34064,0,55750,0,87334,0,131896,0,189952,0,262744,0,349788,0,448260,0,551177,0,647371,733455,0,797141,0,833794,0,836679,0,807233,0,746759,0,666238,0,569329,0,468152,0,371232,0,282873,0,208136,0,147916,0,102558,0,68645,0,44496,0,28007,0,17333,10125,0,5702,0,3040,0,1577,0,758,0,336,0,157,0,66,0,11,0,5,0,1,0,2,0,0,0,0,0,0,0,0,0,0,1,0,0
0,0,0,0,0,0,0,0,0,0,0,0,0,0,0,0,0,0,0,0,0,0,0,0,0,0,0,0,0,0,0,3,0,3,0,15,54,0,132,0,355,0,701,0,1489,0,3115,0,5895,0,11108,0,19734,0,33983,0,55197,0,86665,0,130944,0,188471,0,260879,0,348324,0,445943,0,548806,0,646139,731778,0,796057,0,833396,0,836826,0,809040,0,748444,0,666911,0,572207,0,469181,0,373794,0,284363,0,209984,0,148553,0,103400,0,68917,0,44652,0,28497,0,17461,10230,0,5718,0,3125,0,1559,0,768,0,356,0,152,0,62,0,14,0,5,0,2,0,0,0,1,0,0,0,0,0,0,0,0,1,0,0
0,0,0,0,0,0,0,0,0,0,0,0,0,0,0,0,0,0,0,0,0,0,0,0,0,0,0,0,0,0,0,2,0,4,0,19,48,0,131,0,341,0,700,0,1428,0,3090,0,5873,0,10998,0,19557,0,33451,0,54973,0,85885,0,129835,0,187361,0,259066,0,346754,0,444100,0,546485,0,644745,729352,0,796046,0,832085,0,838014,0,808621,0,749786,0,669094,0,573629,0,472730,0,374407,0,286715,0,210589,0,150522,0,103729,0,69236,0,45489,0,28593,0,17683,10277,0,5868,0,3181,0,1554,0,772,0,344,0,151,0,67,0,21,0,5,0,1,0,0,0,1,0,0,0,0,0,0,0,0,1,0,0
0,0,0,0,0,0,0,0,0,0,0,0,0,0,0,0,0,0,0,0,0,0,0,0,0,0,0,0,0,0,0,3,0,4,0,22,45,0,119,0,317,0,706,0,1421,0,2984,0,5842,0,10875,0,19490,0,32931,0,54634,0,85264,0,128487,0,186317,0,257519,0,345031,0,441957,0,543799,0,642645,727396,0,795358,0,831975,0,838701,0,809483,0,750982,0,671979,0,574598,0,474933,0,376248,0,288626,0,212322,0,151127,0,104335,0,69969,0,45829,0,28705,0,17962,10377,0,5914,0,3221,0,1575,0,790,0,327,0,175,0,60,0,21,0,6,0,1,0,1,0,0,0,0,0,0,0,0,0,0,1,0,0
0,0,0,0,0,0,0,0,0,0,0,0,0,0,0,0,0,0,0,0,0,0,0,0,0,0,0,0,0,1,0,2,0,4,0,15,60,0,113,0,326,0,691,0,1417,0,2919,0,5727,0,10906,0,19279,0,32593,0,53723,0,84921,0,127454,0,184634,0,256332,0,343384,0,438886,0,541922,0,641487,726289,0,794228,0,831778,0,837350,0,811543,0,752497,0,672742,0,577483,0,476749,0,378355,0,290135,0,213846,0,151771,0,105524,0,70588,0,45902,0,29073,0,18016,10470,0,6008,0,3216,0,1667,0,805,0,317,0,165,0,62,0,25,0,6,0,1,0,1,0,0,0,0,0,0,0,0,0,0,1,0,0
0,0,0,0,0,0,0,0,0,0,0,0,0,0,0,0,0,0,0,0,0,0,0,0,0,0,0,0,0,2,0,0,0,5,0,18,51,0,117,0,295,0,669,0,1430,0,2910,0,5643,0,10799,0,18896,0,32469,0,53099,0,83800,0,127151,0,182742,0,255688,0,340223,0,437025,0,540828,0,639286,725746,0,791719,0,830728,0,839161,0,812152,0,753470,0,674258,0,579770,0,478933,0,380546,0,291883,0,214365,0,153490,0,106152,0,71369,0,46098,0,29305,0,18032,10680,0,6028,0,3265,0,1719,0,783,0,356,0,158,0,65,0,24,0,5,0,1,0,1,0,0,0,0,0,0,0,0,0,0,1,0,0
0,0,0,0,0,0,0,0,0,0,0,0,0,0,0,0,0,0,0,0,0,0,0,0,0,0,0,0,0,1,0,1,0,8,0,17,46,0,122,0,267,0,697,0,1383,0,2910,0,5675,0,10428,0,18772,0,32123,0,52585,0,83282,0,125789,0,182084,0,253299,0,339241,0,434930,0,538569,0,637968,723909,0,790509,0,830198,0,838910,0,812593,0,756228,0,675351,0,581883,0,480344,0,382588,0,293625,0,216604,0,154202,0,106845,0,71753,0,46586,0,29436,0,18373,10766,0,6064,0,3266,0,1782,0,786,0,365,0,137,0,78,0,21,0,7,0,1,0,1,0,0,0,0,0,0,0,0,0,0,1,0,0
0,0,0,0,0,0,0,0,0,0,0,0,0,0,0,0,0,0,0,0,0,0,0,0,0,0,0,0,0,2,0,1,0,7,0,17,52,0,101,0,261,0,667,0,1427,0,2889,0,5629,0,10214,0,18456,0,31935,0,52252,0,82275,0,125398,0,180396,0,251650,0,337060,0,434350,0,534781,0,636797,722390,0,789714,0,830087,0,838450,0,813005,0,757886,0,677941,0,584125,0,482371,0,383999,0,294799,0,217605,0,155904,0,107418,0,72204,0,46916,0,30000,0,18386,11021,0,6017,0,3331,0,1739,0,848,0,372,0,159,0,73,0,22,0,7,0,2,0,0,0,0,0,0,0,0,0,0,0,0,1,0,0
0,0,0,0,0,0,0,0,0,0,0,0,0,0,0,0,0,0,0,0,0,0,0,0,0,0,0,0,0,1,0,3,0,7,0,21,49,0,110,0,256,0,646,0,1422,0,2841,0,5375,0,10291,0,18349,0,31433,0,51825,0,81736,0,123962,0,179379,0,250289,0,335318,0,431101,0,534057,0,633975,721562,0,788500,0,830453,0,838081,0,814943,0,758029,0,679908,0,586130,0,483732,0,386234,0,296694,0,219045,0,156524,0,108397,0,72711,0,47538,0,29983,0,18693,11012,0,6149,0,3365,0,1781,0,842,0,393,0,158,0,75,0,23,0,6,0,1,0,0,0,0,0,0,0,0,0,0,0,0,1,0,0
0,0,0,0,0,0,0,0,0,0,0,0,0,0,0,0,0,0,0,0,0,0,0,0,0,0,0,0,0,2,0,2,0,6,0,22,50,0,123,0,258,0,601,0,1417,0,2770,0,5421,0,10034,0,18014,0,31104,0,51698,0,80841,0,122891,0,178670,0,247973,0,334448,0,428531,0,531391,0,633031,719454,0,788274,0,829036,0,838599,0,814986,0,760263,0,681840,0,587824,0,486007,0,388136,0,298283,0,220209,0,157569,0,109481,0,73170,0,47874,0,30172,0,18851,11047,0,6280,0,3422,0,1793,0,868,0,417,0,156,0,68,0,24,0,5,0,1,0,1,0,0,0,0,0,0,0,0,0,0,1,0,0
0,0,0,0,0,0,0,0,0,0,0,0,0,0,0,0,0,0,0,0,0,0,0,0,0,0,0,0,0,2,0,4,0,5,0,18,56,0,113,0,256,0,603,0,1396,0,2708,0,5371,0,9993,0,17904,0,30631,0,50855,0,80480,0,121994,0,176655,0,247358,0,331983,0,427101,0,529422,0,630520,718309,0,787718,0,827879,0,838244,0,816867,0,760865,0,684551,0,588911,0,488967,0,389367,0,299899,0,221565,0,158904,0,110327,0,73749,0,47870,0,30653,0,18975,11141,0,6365,0,3508,0,1785,0,873,0,418,0,176,0,70,0,15,0,7,0,1,0,1,0,0,0,0,0,0,0,0,0,0,1,0,0
0,0,0,0,0,0,0,0,0,0,0,0,0,0,0,0,0,0,0,0,0,0,0,0,0,0,0,0,0,3,0,0,0,7,0,20,52,0,102,0,277,0,567,0,1355,0,2753,0,5275,0,9847,0,17795,0,30420,0,50162,0,79772,0,120797,0,176008,0,245818,0,329617,0,425621,0,527594,0,627627,716879,0,785569,0,828672,0,839158,0,816411,0,762548,0,687199,0,589752,0,491421,0,391514,0,301153,0,223170,0,159885,0,111328,0,74242,0,48365,0,30882,0,19034,11365,0,6531,0,3452,0,1844,0,834,0,432,0,192,0,61,0,19,0,5,0,2,0,0,0,0,0,0,0,0,0,0,0,0,1,0,0
0,0,0,0,0,0,0,0,0,0,0,0,0,0,0,0,0,0,0,0,0,0,0,0,0,0,0,0,0,2,0,2,0,7,0,13,50,0,119,0,257,0,604,0,1300,0,2704,0,5259,0,9773,0,17465,0,30264,0,49287,0,79434,0,119863,0,174639,0,244321,0,327911,0,424230,0,524338,0,627243,714569,0,783760,0,828589,0,839406,0,817808,0,763706,0,688027,0,592153,0,493223,0,393507,0,303163,0,224225,0,161186,0,112037,0,74898,0,48948,0,30871,0,19268,11410,0,6571,0,3607,0,1842,0,868,0,403,0,196,0,50,0,22,0,8,0,2,0,0,0,0,0,0,0,0,0,0,0,0,1,0,0
0,0,0,0,0,0,0,0,0,0,0,0,0,0,0,0,0,0,0,0,0,0,0,0,0,0,0,0,0,2,0,3,0,8,0,15,36,0,135,0,249,0,580,0,1316,0,2594,0,5187,0,9808,0,17211,0,29699,0,49480,0,78486,0,119081,0,172662,0,243093,0,326702,0,420302,0,524820,0,623791,713214,0,783495,0,827566,0,839428,0,818339,0,765192,0,688853,0,596180,0,493993,0,396152,0,305328,0,224796,0,162670,0,111940,0,75798,0,49329,0,31224,0,19491,11432,0,6641,0,3666,0,1871,0,875,0,393,0,187,0,64,0,21,0,9,0,1,0,0,0,0,0,0,0,0,0,0,0,0,1,0,0
0,0,0,0,0,0,0,0,0,0,0,0,0,0,0,0,0,0,0,0,0,0,0,0,0,0,0,0,0,2,0,3,0,7,0,12,41,0,108,0,256,0,603,0,1288,0,2575,0,5120,0,9533,0,17239,0,29613,0,48889,0,77642,0,118251,0,171642,0,240988,0,324976,0,419688,0,521468,0,620996,711880,0,783218,0,826037,0,839764,0,818184,0,767599,0,690631,0,598031,0,496933,0,397951,0,306190,0,227328,0,163058,0,113162,0,76488,0,49554,0,31489,0,19559,11619,0,6578,0,3763,0,1897,0,861,0,413,0,179,0,72,0,20,0,9,0,0,0,1,0,0,0,0,0,0,0,0,0,0,1,0,0
0,0,0,0,0,0,0,0,0,0,0,0,0,0,0,0,0,0,0,0,0,0,0,0,0,0,0,0,0,2,0,4,0,7,0,13,34,0,104,0,247,0,610,0,1314,0,2548,0,4939,0,9494,0,16981,0,29323,0,48513,0,77087,0,116865,0,170902,0,239504,0,322831,0,417629,0,519876,0,619277,709564,0,781559,0,826048,0,839029,0,819604,0,769813,0,692223,0,598927,0,499568,0,400016,0,308385,0,228587,0,163979,0,113781,0,77109,0,49945,0,31807,0,19586,11798,0,6690,0,3813,0,1913,0,869,0,417,0,170,0,72,0,25,0,5,0,1,0,1,0,0,0,0,0,0,0,0,0,0,1,0,0
0,0,0,0,0,0,0,0,0,0,0,0,0,0,0,0,0,0,0,0,0,0,0,0,0,0,0,0,0,3,0,3,0,7,0,14,42,0,93,0,246,0,639,0,1264,0,2537,0,4847,0,9431,0,16755,0,29131,0,48038,0,76211,0,115887,0,170101,0,237812,0,321312,0,415727,0,517584,0,617115,709097,0,779291,0,825631,0,839257,0,820979,0,770097,0,694397,0,600814,0,501009,0,402555,0,309956,0,230136,0,164732,0,114583,0,77594,0,50546,0,31997,0,19844,12028,0,6695,0,3819,0,1947,0,883,0,438,0,182,0,65,0,27,0,9,0,1,0,0,0,0,0,0,0,0,0,0,0,0,1,0,0
0,0,0,0,0,0,0,0,0,0,0,0,0,0,0,0,0,0,0,0,0,0,0,0,0,0,0,0,0,1,0,7,0,5,0,18,37,0,101,0,233,0,575,0,1293,0,2418,0,4959,0,9196,0,16734,0,28903,0,47391,0,75526,0,114918,0,169075,0,236654,0,319160,0,413584,0,515817,0,616539,705654,0,778523,0,824548,0,840001,0,821753,0,771288,0,695994,0,603523,0,503178,0,403227,0,311974,0,231586,0,165408,0,115907,0,78115,0,50730,0,32550,0,20082,11971,0,6881,0,3755,0,1988,0,891,0,449,0,190,0,59,0,27,0,9,0,3,0,0,0,0,0,0,0,0,0,0,0,0,1,0,0
0,0,0,0,0,0,0,0,0,0,0,0,0,0,0,0,0,0,0,0,0,0,0,0,0,0,0,0,0,3,0,3,0,5,0,13,45,0,95,0,226,0,557,0,1292,0,2434,0,4733,0,9125,0,16657,0,28434,0,46829,0,74904,0,114319,0,167454,0,235495,0,317775,0,411367,0,513846,0,614352,703778,0,777457,0,825804,0,838332,0,822578,0,772718,0,696932,0,605771,0,505474,0,405002,0,313232,0,232953,0,167539,0,116170,0,78510,0,51588,0,32881,0,20173,12178,0,6852,0,3855,0,1971,0,974,0,435,0,179,0,70,0,31,0,5,0,3,0,0,0,0,0,0,0,0,0,0,0,0,1,0,0
0,0,0,0,0,0,0,0,0,0,0,0,0,0,0,0,0,0,0,0,0,0,0,0,0,0,0,1,0,2,0,3,0,3,0,15,49,0,86,0,237,0,553,0,1238,0,2444,0,4612,0,9071,0,16527,0,28185,0,46145,0,74310,0,113181,0,166571,0,234164,0,315494,0,409867,0,511624,0,612327,702091,0,776009,0,823902,0,840097,0,822863,0,775361,0,698444,0,607122,0,506900,0,407921,0,314444,0,234604,0,168183,0,117359,0,79107,0,51953,0,33099,0,20481,12229,0,6952,0,3821,0,2014,0,1005,0,457,0,170,0,70,0,33,0,6,0,2,0,0,0,0,0,0,0,0,0,0,0,0,1,0,0
0,0,0,0,0,0,0,0,0,0,0,0,0,0,0,0,0,0,0,0,0,0,0,0,0,0,0,0,0,2,0,3,0,4,0,18,41,0,76,0,227,0,550,0,1194,0,2431,0,4699,0,8787,0,16156,0,28041,0,46001,0,73335,0,112649,0,165238,0,232457,0,313956,0,408166,0,508665,0,611135,700390,0,775430,0,822503,0,839861,0,824909,0,775323,0,700565,0,608732,0,508979,0,409704,0,316304,0,236299,0,169514,0,117962,0,79848,0,52136,0,33443,0,20819,12189,0,7064,0,3850,0,1993,0,1006,0,473,0,169,0,72,0,32,0,6,0,2,0,0,0,0,0,0,0,0,0,0,0,0,1,0,0
0,0,0,0,0,0,0,0,0,0,0,0,0,0,0,0,0,0,0,0,0,0,0,0,0,0,0,0,0,3,0,2,0,4,0,14,37,0,85,0,211,0,554,0,1161,0,2407,0,4674,0,8736,0,15971,0,27714,0,45120,0,73044,0,111846,0,164163,0,230670,0,312741,0,405190,0,507785,0,607632,699280,0,775332,0,821431,0,839662,0,826039,0,776250,0,702266,0,610082,0,511370,0,411661,0,318668,0,236807,0,170674,0,119229,0,80571,0,52715,0,33629,0,20784,12407,0,7087,0,3899,0,2007,0,1045,0,454,0,189,0,67,0,25,0,13,0,1,0,0,0,0,0,0,0,0,0,0,0,0,1,0,0
0,0,0,0,0,0,0,0,0,0,0,0,0,0,0,0,0,0,0,0,0,0,0,0,0,0,0,0,0,2,0,4,0,4,0,20,28,0,88,0,213,0,535,0,1114,0,2369,0,4632,0,8669,0,15820,0,27195,0,45088,0,72280,0,111253,0,162774,0,229527,0,310761,0,403909,0,504932,0,605771,697874,0,773529,0,822183,0,838223,0,826638,0,777411,0,704498,0,611986,0,512551,0,414160,0,319928,0,238580,0,171974,0,120206,0,81241,0,53143,0,33894,0,20946,12540,0,7113,0,3987,0,1996,0,1077,0,442,0,187,0,71,0,30,0,11,0,1,0,0,0,0,0,0,0,0,0,0,0,0,1,0,0
0,0,0,0,0,0,0,0,0,0,0,0,0,0,0,0,0,0,0,0,0,0,0,0,0,0,0,0,0,1,0,6,0,3,0,16,40,0,86,0,196,0,529,0,1146,0,2264,0,4662,0,8581,0,15655,0,26888,0,44692,0,71738,0,109987,0,161743,0,228086,0,308410,0,402607,0,502525,0,603900,695973,0,774512,0,819776,0,840015,0,824899,0,780302,0,705478,0,613845,0,514354,0,415808,0,321939,0,239834,0,172925,0,121367,0,81988,0,53883,0,34000,0,21194,12515,0,7125,0,4033,0,2070,0,1052,0,438,0,214,0,65,0,30,0,11,0,2,0,0,0,0,0,0,0,0,0,0,0,0,1,0,0
0,0,0,0,0,0,0,0,0,0,0,0,0,0,0,0,0,0,0,0,0,0,0,0,0,0,0,1,0,0,0,5,0,4,0,14,45,0,68,0,196,0,509,0,1124,0,2305,0,4456,0,8702,0,15157,0,26853,0,44457,0,70843,0,109242,0,160212,0,226650,0,306278,0,400839,0,500141,0,602510,694856,0,772642,0,820663,0,838953,0,826512,0,780348,0,708041,0,615150,0,516587,0,417650,0,323542,0,240841,0,174381,0,122130,0,82906,0,54175,0,34201,0,21264,12609,0,7395,0,4042,0,2080,0,1047,0,454,0,205,0,83,0,27,0,11,0,1,0,1,0,0,0,0,0,0,0,0,0,0,1,0,0
0,0,0,0,0,0,0,0,0,0,0,0,0,0,0,0,0,0,0,0,0,0,0,0,0,0,0,1,0,0,0,4,0,6,0,15,37,0,86,0,189,0,503,0,1094,0,2308,0,4435,0,8393,0,15262,0,26423,0,44021,0,70563,0,107984,0,159375,0,225024,0,305412,0,397469,0,499094,0,599890,695181,0,769071,0,819972,0,841090,0,825997,0,782653,0,708068,0,618018,0,518382,0,418706,0,325221,0,242856,0,175125,0,123194,0,83587,0,54404,0,34696,0,21299,12779,0,7487,0,4042,0,2128,0,1061,0,463,0,217,0,84,0,26,0,11,0,0,0,2,0,0,0,0,0,0,0,0,0,0,1,0,0
0,0,0,0,0,0,0,0,0,0,0,0,0,0,0,0,0,0,0,0,0,0,0,0,0,1,0,0,0,0,0,1,0,8,0,11,39,0,96,0,187,0,490,0,1087,0,2222,0,4422,0,8202,0,15175,0,26171,0,43802,0,69436,0,107265,0,158698,0,223376,0,303171,0,395862,0,497831,0,598699,691457,0,768378,0,819806,0,840754,0,827269,0,783405,0,709098,0,620841,0,521105,0,419147,0,327150,0,243949,0,176795,0,124035,0,84113,0,55005,0,34809,0,21492,12969,0,7416,0,4114,0,2152,0,1066,0,486,0,227,0,74,0,32,0,9,0,2,0,1,0,0,0,0,0,0,0,0,0,0,1,0,0
0,0,0,0,0,0,0,0,0,0,0,0,0,0,0,0,0,0,0,0,0,0,0,0,0,0,0,1,0,0,0,1,0,7,0,12,42,0,82,0,199,0,499,0,1021,0,2200,0,4337,0,8239,0,15004,0,25858,0,43222,0,69146,0,106794,0,156654,0,222373,0,301643,0,393887,0,496066,0,596159,690050,0,766509,0,819056,0,841084,0,828540,0,783155,0,712028,0,622142,0,522209,0,422685,0,327946,0,246173,0,177721,0,124920,0,84648,0,55238,0,35198,0,21865,13010,0,7528,0,4136,0,2198,0,1084,0,486,0,233,0,71,0,36,0,9,0,3,0,1,0,0,0,0,0,0,0,0,0,0,1,0,0
0,0,0,0,0,0,0,0,0,0,0,0,0,0,0,0,0,0,0,0,0,0,0,0,0,0,0,1,0,0,0,1,0,5,0,13,36,0,95,0,205,0,456,0,1006,0,2224,0,4287,0,8094,0,14856,0,25658,0,42902,0,68633,0,105405,0,155942,0,220855,0,299753,0,392825,0,492857,0,594984,688128,0,766137,0,817232,0,841644,0,828244,0,785216,0,713524,0,623924,0,524437,0,424755,0,329625,0,247637,0,178351,0,125616,0,85453,0,55688,0,35761,0,21823,13237,0,7567,0,4150,0,2225,0,1089,0,496,0,229,0,78,0,37,0,9,0,3,0,0,0,0,0,0,0,0,0,0,0,0,1,0,0
0,0,0,0,0,0,0,0,0,0,0,0,0,0,0,0,0,0,0,0,0,0,0,0,0,0,0,1,0,0,0,0,0,6,0,13,37,0,80,0,203,0,475,0,995,0,2155,0,4313,0,7923,0,14813,0,25219,0,42155,0,68530,0,104262,0,154663,0,219154,0,299481,0,390359,0,490727,0,592612,685980,0,764997,0,817513,0,840920,0,828916,0,787112,0,715565,0,624390,0,527527,0,426203,0,331135,0,248590,0,180382,0,126279,0,86014,0,56127,0,36180,0,22093,13222,0,7615,0,4237,0,2225,0,1098,0,569,0,203,0,98,0,30,0,8,0,2,0,2,0,0,0,0,0,0,0,0,0,0,1,0,0
0,0,0,0,0,0,0,0,0,0,0,0,0,0,0,0,0,0,0,0,0,0,0,0,0,0,0,1,0,0,0,2,0,4,0,9,37,0,93,0,192,0,466,0,983,0,2121,0,4228,0,7873,0,14524,0,25118,0,41699,0,67448,0,104025,0,153268,0,218234,0,297423,0,388487,0,489720,0,589412,685002,0,763051,0,817299,0,839848,0,830612,0,786905,0,716858,0,628808,0,528091,0,428365,0,332884,0,250232,0,181608,0,127203,0,86328,0,56505,0,36347,0,22435,13384,0,7648,0,4394,0,2251,0,1064,0,554,0,238,0,85,0,32,0,5,0,3,0,2,0,0,0,0,0,0,0,0,0,0,1,0,0
0,0,0,0,0,0,0,0,0,0,0,0,0,0,0,0,0,0,0,0,0,0,0,0,0,0,0,0,0,1,0,1,0,3,0,9,38,0,87,0,224,0,436,0,968,0,2012,0,4205,0,7898,0,14187,0,24757,0,41799,0,66387,0,103048,0,152748,0,216908,0,295098,0,386690,0,486743,0,588871,683349,0,762139,0,816099,0,839432,0,831264,0,787784,0,718358,0,630694,0,530867,0,429086,0,335792,0,251433,0,182592,0,128465,0,86475,0,57434,0,36456,0,22483,13623,0,7804,0,4409,0,2226,0,1087,0,567,0,244,0,83,0,32,0,10,0,2,0,1,0,0,0,0,0,0,0,0,0,0,1,0,0
0,0,0,0,0,0,0,0,0,0,0,0,0,0,0,0,0,0,0,0,0,0,0,0,0,0,0,0,0,1,0,1,0,1,0,18,27,0,82,0,202,0,459,0,953,0,1993,0,4150,0,7772,0,13924,0,24572,0,41062,0,66153,0,102328,0,150912,0,215646,0,293727,0,385151,0,484249,0,588252,681097,0,759846,0,815557,0,840046,0,831016,0,790067,0,720462,0,631035,0,532555,0,431892,0,337127,0,253227,0,183873,0,128754,0,87522,0,57863,0,36556,0,22890,13736,0,7889,0,4407,0,2281,0,1132,0,578,0,231,0,89,0,29,0,12,0,2,0,2,0,0,0,0,0,0,0,0,0,0,1,0,0
0,0,0,0,0,0,0,0,0,0,0,0,0,0,0,0,0,0,0,0,0,0,0,0,0,0,0,0,0,1,0,0,0,3,0,17,27,0,78,0,200,0,441,0,927,0,2018,0,4087,0,7590,0,13807,0,24308,0,40535,0,65492,0,101844,0,149997,0,213818,0,292302,0,383090,0,482726,0,585642,679380,0,758748,0,814556,0,839896,0,832526,0,791205,0,721575,0,633233,0,534298,0,433464,0,338816,0,254715,0,184959,0,130050,0,88239,0,57863,0,37186,0,23150,13763,0,8038,0,4425,0,2246,0,1170,0,585,0,238,0,85,0,35,0,9,0,4,0,1,0,0,0,0,0,0,0,0,0,0,1,0,0
0,0,0,0,0,0,0,0,0,0,0,0,0,0,0,0,0,0,0,0,0,0,0,0,0,0,0,0,0,0,0,1,0,3,0,15,22,0,85,0,198,0,449,0,897,0,2012,0,4000,0,7479,0,13653,0,24163,0,40065,0,65197,0,100713,0,149391,0,211533,0,291695,0,380875,0,480888,0,582797,678280,0,757519,0,813777,0,840997,0,831396,0,792235,0,722479,0,636806,0,535811,0,435287,0,340194,0,256531,0,186088,0,131097,0,88380,0,58647,0,37421,0,23534,13839,0,8038,0,4465,0,2312,0,1142,0,623,0,236,0,95,0,31,0,13,0,3,0,1,0,0,0,0,0,0,0,0,0,0,1,0,0
0,0,0,0,0,0,0,0,0,0,0,0,0,0,0,0,0,0,0,0,0,0,0,0,0,0,0,0,0,0,0,3,0,3,0,11,22,0,87,0,185,0,418,0,943,0,1967,0,3871,0,7506,0,13495,0,23629,0,40003,0,64730,0,99701,0,147988,0,211065,0,289205,0,379669,0,478280,0,581039,676781,0,757325,0,812234,0,840380,0,832663,0,792170,0,724977,0,637062,0,538794,0,436910,0,342633,0,257646,0,187621,0,131756,0,89005,0,59194,0,37725,0,23642,14006,0,8091,0,4450,0,2375,0,1158,0,593,0,249,0,95,0,42,0,9,0,1,0,1,0,0,0,0,0,0,0,0,0,0,1,0,0
0,0,0,0,0,0,0,0,0,0,0,0,0,0,0,0,0,0,0,0,0,0,0,0,0,0,0,0,0,1,0,1,0,3,0,8,30,0,76,0,189,0,412,0,924,0,1914,0,3920,0,7195,0,13369,0,23315,0,39801,0,63984,0,99325,0,146220,0,210515,0,286601,0,377811,0,476929,0,578789,674955,0,756745,0,810955,0,840269,0,833734,0,792269,0,726842,0,640000,0,540185,0,438957,0,343945,0,259052,0,188991,0,132371,0,90179,0,59398,0,38094,0,23729,14181,0,8170,0,4529,0,2343,0,1201,0,579,0,254,0,96,0,46,0,6,0,1,0,0,0,0,0,0,0,0,0,0,0,0,1,0,0
0,0,0,0,0,0,0,0,0,0,0,0,0,0,0,0,0,0,0,0,0,0,0,0,0,0,0,0,0,1,0,1,0,4,0,10,31,0,71,0,190,0,401,0,889,0,1934,0,3701,0,7248,0,13078,0,23268,0,39313,0,63504,0,98280,0,146011,0,208481,0,284966,0,375748,0,475467,0,576277,673862,0,754637,0,811158,0,840377,0,833529,0,793790,0,727875,0,641120,0,542876,0,440803,0,345775,0,260811,0,189770,0,133223,0,91085,0,59716,0,38589,0,23811,14317,0,8295,0,4530,0,2416,0,1179,0,597,0,238,0,108,0,32,0,15,0,0,0,0,0,0,0,0,0,0,0,0,0,0,1,0,0
0,0,0,0,0,0,0,0,0,0,0,0,0,0,0,0,0,0,0,0,0,0,0,0,0,0,0,0,0,1,0,1,0,5,0,7,32,0,75,0,163,0,413,0,886,0,1847,0,3674,0,7135,0,13247,0,22915,0,38707,0,62977,0,98053,0,144568,0,206680,0,283389,0,374573,0,473090,0,575196,671363,0,754460,0,809301,0,839407,0,833387,0,795814,0,729898,0,643351,0,544018,0,442927,0,347637,0,262201,0,191169,0,134069,0,91589,0,60457,0,38530,0,24130,14455,0,8417,0,4603,0,2377,0,1217,0,593,0,253,0,107,0,30,0,14,0,0,0,0,0,0,0,0,0,0,0,0,0,0,1,0,0
0,0,0,0,0,0,0,0,0,0,0,0,0,0,0,0,0,0,0,0,0,0,0,0,0,0,0,0,0,1,0,0,0,7,0,4,28,0,69,0,167,0,385,0,902,0,1848,0,3634,0,7019,0,12940,0,22846,0,38528,0,62151,0,96929,0,143842,0,205477,0,282286,0,371989,0,471886,0,572826,669396,0,753133,0,809200,0,837740,0,835277,0,796796,0,731131,0,645665,0,545038,0,444730,0,349779,0,263345,0,192459,0,135264,0,92250,0,60742,0,39154,0,24159,14623,0,8420,0,4694,0,2417,0,1210,0,604,0,278,0,91,0,33,0,15,0,1,0,0,0,0,0,0,0,0,0,0,0,0,1,0,0
0,0,0,0,0,0,0,0,0,0,0,0,0,0,0,0,0,0,0,0,0,0,0,0,0,0,0,0,0,1,0,0,0,6,0,7,23,0,78,0,161,0,393,0,833,0,1836,0,3554,0,6924,0,12780,0,22680,0,38558,0,61465,0,95458,0,143112,0,204054,0,280896,0,369735,0,470076,0,570769,668507,0,749730,0,809493,0,838990,0,834865,0,797172,0,732855,0,647425,0,547420,0,446536,0,350938,0,265385,0,193925,0,136545,0,92619,0,61326,0,39116,0,24393,14868,0,8554,0,4644,0,2445,0,1260,0,596,0,260,0,90,0,35,0,17,0,0,0,0,0,0,0,0,0,0,0,0,0,0,1,0,0
0,0,0,0,0,0,0,0,0,0,0,0,0,0,0,0,0,0,0,0,0,0,0,0,0,0,0,0,0,1,0,1,0,3,0,5,31,0,73,0,157,0,423,0,807,0,1761,0,3603,0,6775,0,12711,0,22645,0,37650,0,61334,0,94875,0,141784,0,203001,0,278677,0,368504,0,467201,0,569532,666880,0,749039,0,808086,0,837863,0,835246,0,799424,0,735000,0,648202,0,549640,0,448636,0,352461,0,266485,0,195419,0,137311,0,92910,0,62155,0,39579,0,24435,14983,0,8545,0,4764,0,2523,0,1258,0,601,0,262,0,90,0,43,0,12,0,2,0,0,0,0,0,0,0,0,0,0,0,0,1,0,0
0,0,0,0,0,0,0,0,0,0,0,0,0,0,0,0,0,0,0,0,0,0,0,0,0,0,0,1,0,0,0,0,0,5,0,9,35,0,64,0,144,0,402,0,854,0,1722,0,3534,0,6705,0,12667,0,22375,0,37291,0,60598,0,94549,0,140249,0,201592,0,277653,0,366748,0,464738,0,567576,664399,0,747377,0,807333,0,837934,0,836693,0,800179,0,735820,0,651055,0,551539,0,450150,0,354557,0,267943,0,196302,0,138067,0,94084,0,62339,0,39910,0,24984,14970,0,8527,0,4867,0,2541,0,1295,0,603,0,269,0,108,0,37,0,14,0,1,0,0,0,0,0,0,0,0,0,0,0,0,1,0,0
0,0,0,0,0,0,0,0,0,0,0,0,0,0,0,0,0,0,0,0,0,0,0,0,0,0,0,1,0,0,0,0,0,5,0,10,30,0,66,0,156,0,394,0,794,0,1736,0,3511,0,6622,0,12484,0,22212,0,36877,0,59877,0,93656,0,139679,0,200214,0,276217,0,364577,0,464054,0,564544,663533,0,744549,0,806461,0,837759,0,837893,0,801443,0,736359,0,652967,0,554027,0,452844,0,355152,0,270293,0,196611,0,139408,0,94879,0,62534,0,40227,0,25213,14956,0,8792,0,4881,0,2602,0,1239,0,641,0,269,0,105,0,41,0,12,0,2,0,0,0,0,0,0,0,0,0,0,0,0,1,0,0
0,0,0,0,0,0,0,0,0,0,0,0,0,0,0,0,0,0,0,0,0,0,0,0,0,0,0,0,0,1,0,1,0,3,0,12,25,0,75,0,156,0,369,0,812,0,1637,0,3432,0,6738,0,12490,0,21534,0,36407,0,59791,0,92663,0,138819,0,198974,0,273996,0,363681,0,461060,0,563212,661102,0,743991,0,805578,0,837130,0,837916,0,803362,0,737489,0,653851,0,557153,0,454030,0,357885,0,271302,0,198244,0,139812,0,95843,0,63181,0,40554,0,25179,15187,0,8819,0,5022,0,2547,0,1273,0,632,0,282,0,100,0,43,0,11,0,2,0,0,0,0,0,0,0,0,0,0,0,0,1,0,0
0,0,0,0,0,0,0,0,0,0,0,0,0,0,0,0,0,0,0,0,0,0,0,0,0,0,0,0,0,1,0,1,0,4,0,5,33,0,69,0,159,0,359,0,789,0,1631,0,3400,0,6577,0,12287,0,21565,0,36219,0,58851,0,91906,0,137447,0,198101,0,273498,0,360265,0,460455,0,561514,658254,0,742580,0,804157,0,838996,0,836481,0,803726,0,740445,0,655661,0,557705,0,457229,0,359424,0,272912,0,198960,0,141129,0,96317,0,63903,0,40848,0,25240,15424,0,8832,0,5063,0,2623,0,1282,0,638,0,278,0,105,0,49,0,9,0,1,0,1,0,0,0,0,0,0,0,0,0,0,1,0,0
0,0,0,0,0,0,0,0,0,0,0,0,0,0,0,0,0,0,0,0,0,0,0,0,0,0,0,0,0,1,0,2,0,2,0,3,39,0,68,0,156,0,349,0,763,0,1673,0,3275,0,6577,0,12106,0,21404,0,35751,0,58440,0,91098,0,136348,0,196533,0,271451,0,359548,0,457704,0,560486,656703,0,740233,0,804426,0,837525,0,838340,0,804055,0,742497,0,656025,0,560905,0,458023,0,360997,0,274695,0,200621,0,141617,0,97089,0,64575,0,41198,0,25468,15501,0,9137,0,4964,0,2618,0,1334,0,638,0,280,0,107,0,44,0,12,0,3,0,1,0,0,0,0,0,0,0,0,0,0,1,0,0
0,0,0,0,0,0,0,0,0,0,0,0,0,0,0,0,0,0,0,0,0,0,0,0,0,0,0,0,0,1,0,2,0,3,0,4,31,0,79,0,140,0,360,0,764,0,1570,0,3340,0,6489,0,11967,0,21176,0,35572,0,57906,0,90248,0,135519,0,195014,0,269894,0,358109,0,455633,0,557281,655155,0,740463,0,802896,0,837409,0,838742,0,804960,0,743141,0,659299,0,562019,0,459607,0,362786,0,276072,0,202209,0,142387,0,97934,0,64956,0,41499,0,25844,15598,0,9142,0,5070,0,2663,0,1349,0,647,0,286,0,106,0,57,0,5,0,2,0,3,0,0,0,0,0,0,0,0,0,0,1,0,0
0,0,0,0,0,0,0,0,0,0,0,0,0,0,0,0,0,0,0,0,0,0,0,0,0,0,0,0,0,0,0,3,0,3,0,5,28,0,78,0,136,0,364,0,763,0,1551,0,3300,0,6306,0,11902,0,20841,0,35370,0,57476,0,89587,0,134614,0,194059,0,267804,0,356128,0,453850,0,555121,653026,0,739035,0,802660,0,837820,0,839119,0,805684,0,745101,0,660588,0,562529,0,462345,0,365245,0,277250,0,203138,0,143504,0,98723,0,64950,0,41979,0,26096,15755,0,9189,0,5115,0,2779,0,1372,0,644,0,301,0,112,0,44,0,11,0,1,0,4,0,0,0,0,0,0,0,0,0,0,1,0,0
0,0,0,0,0,0,0,0,0,0,0,0,0,0,0,0,0,0,0,0,0,0,0,0,0,0,0,0,0,0,0,2,0,4,0,8,27,0,70,0,132,0,337,0,759,0,1563,0,3244,0,6150,0,11804,0,20749,0,34788,0,57004,0,89068,0,133452,0,192633,0,266973,0,353513,0,451586,0,553225,652316,0,737377,0,802676,0,837164,0,838642,0,806578,0,746678,0,661959,0,564461,0,464800,0,367000,0,278824,0,203903,0,144936,0,99382,0,65568,0,42196,0,26091,15984,0,9230,0,5272,0,2712,0,1401,0,693,0,285,0,129,0,43,0,12,0,2,0,3,0,0,0,0,0,0,0,0,0,0,1,0,0
0,0,0,0,0,0,0,0,0,0,0,0,0,0,0,0,0,0,0,0,0,0,0,0,0,0,0,0,0,0,0,2,0,3,0,11,21,0,62,0,138,0,330,0,767,0,1533,0,3153,0,6261,0,11553,0,20520,0,34644,0,56189,0,88758,0,131977,0,191517,0,265392,0,352478,0,449110,0,551001,650251,0,736969,0,802320,0,835672,0,839642,0,807487,0,747059,0,663665,0,567174,0,466953,0,368548,0,280182,0,205037,0,145748,0,100352,0,66086,0,42612,0,26352,15821,0,9436,0,5319,0,2687,0,1437,0,700,0,274,0,141,0,45,0,14,0,4,0,1,0,0,0,0,0,0,0,0,0,0,1,0,0
0,0,0,0,0,0,0,0,0,0,0,0,0,0,0,0,0,0,0,0,0,0,0,0,0,0,0,0,0,0,0,2,0,2,0,15,18,0,60,0,133,0,325,0,739,0,1583,0,3132,0,6125,0,11397,0,20234,0,34198,0,56028,0,87390,0,131919,0,189590,0,263525,0,350689,0,447564,0,549607,648563,0,734837,0,801993,0,835521,0,839941,0,808616,0,748339,0,665308,0,569192,0,468813,0,370045,0,281715,0,206393,0,146700,0,100261,0,67057,0,42828,0,26781,15984,0,9515,0,5278,0,2837,0,1402,0,714,0,301,0,137,0,42,0,16,0,3,0,1,0,0,0,0,0,0,0,0,0,0,1,0,0
0,0,0,0,0,0,0,0,0,0,0,0,0,0,0,0,0,0,0,0,0,0,0,0,0,0,0,0,0,0,0,0,0,8,0,7,27,0,51,0,152,0,331,0,732,0,1536,0,3126,0,6051,0,11399,0,19746,0,33922,0,55463,0,87098,0,130684,0,188213,0,261499,0,349435,0,445803,0,547985,646476,0,733061,0,799608,0,837192,0,839283,0,810526,0,750713,0,665380,0,571525,0,470548,0,371850,0,283448,0,208084,0,147338,0,100928,0,67205,0,43415,0,27003,16229,0,9548,0,5288,0,2830,0,1464,0,703,0,309,0,121,0,47,0,16,0,1,0,1,0,0,0,0,0,0,0,0,0,0,1,0,0
0,0,0,0,0,0,0,0,0,0,0,0,0,0,0,0,0,0,0,0,0,0,0,0,0,0,0,0,0,0,0,1,0,6,0,9,21,0,64,0,148,0,325,0,734,0,1487,0,3110,0,6020,0,11039,0,19742,0,33514,0,55145,0,86373,0,129713,0,186601,0,259932,0,347508,0,444578,0,545750,644572,0,731755,0,798135,0,835130,0,841646,0,811240,0,752613,0,668140,0,571962,0,473206,0,373498,0,284628,0,209471,0,148595,0,101347,0,67828,0,43710,0,27252,16330,0,9538,0,5480,0,2806,0,1491,0,689,0,327,0,130,0,52,0,15,0,2,0,0,0,0,0,0,0,0,0,0,0,0,1,0,0
0,0,0,0,0,0,0,0,0,0,0,0,0,0,0,0,0,0,0,0,0,0,0,0,0,0,0,0,0,0,0,0,0,3,0,13,19,0,55,0,142,0,342,0,691,0,1498,0,3067,0,5921,0,10958,0,19374,0,33513,0,54721,0,85084,0,128768,0,185305,0,259058,0,345048,0,442591,0,544039,643384,0,729918,0,797004,0,835205,0,841561,0,812387,0,752887,0,671219,0,573965,0,474686,0,375201,0,286797,0,209956,0,150062,0,102304,0,68111,0,43946,0,27544,16340,0,9633,0,5520,0,2867,0,1459,0,745,0,302,0,137,0,41,0,15,0,2,0,0,0,0,0,0,0,0,0,0,0,0,1,0,0
0,0,0,0,0,0,0,0,0,0,0,0,0,0,0,0,0,0,0,0,0,0,0,0,0,0,0,0,0,0,0,0,0,5,0,9,20,0,62,0,130,0,335,0,724,0,1430,0,3086,0,5806,0,10961,0,19092,0,33266,0,53950,0,84264,0,127885,0,184438,0,257322,0,343418,0,440909,0,542652,640471,0,728478,0,797095,0,834822,0,840906,0,812893,0,755391,0,671125,0,578059,0,475677,0,376983,0,288444,0,211406,0,150619,0,103126,0,68746,0,44402,0,27464,16593,0,9763,0,5496,0,2927,0,1466,0,776,0,332,0,120,0,48,0,12,0,4,0,0,0,0,0,0,0,0,0,0,0,0,1,0,0
0,0,0,0,0,0,0,0,0,0,0,0,0,0,0,0,0,0,0,0,0,0,0,0,0,0,0,0,0,0,0,1,0,3,0,8,22,0,53,0,147,0,300,0,723,0,1477,0,2930,0,5820,0,10934,0,18848,0,32895,0,53166,0,83955,0,127219,0,182969,0,255331,0,342057,0,438728,0,540789,638986,0,727675,0,794501,0,834960,0,841241,0,812979,0,756517,0,674446,0,580179,0,477172,0,378513,0,289035,0,214015,0,151277,0,104271,0,68726,0,44886,0,27692,16884,0,9797,0,5509,0,2999,0,1485,0,772,0,334,0,119,0,43,0,17,0,2,0,1,0,0,0,0,0,0,0,0,0,0,1,0,0
0,0,0,0,0,0,0,0,0,0,0,0,0,0,0,0,0,0,0,0,0,0,0,0,0,0,0,0,0,0,0,1,0,0,0,7,23,0,56,0,141,0,332,0,690,0,1456,0,2931,0,5753,0,10759,0,18832,0,32361,0,52890,0,83376,0,125991,0,182470,0,253449,0,340463,0,436452,0,538129,637500,0,725983,0,794312,0,833151,0,842183,0,814617,0,757929,0,676635,0,580679,0,479451,0,380250,0,291373,0,214634,0,152532,0,104846,0,69779,0,44686,0,28077,16944,0,9886,0,5584,0,2981,0,1529,0,785,0,342,0,108,0,50,0,16,0,3,0,1,0,0,0,0,0,0,0,0,0,0,1,0,0
0,0,0,0,0,0,0,0,0,0,0,0,0,0,0,0,0,0,0,0,0,0,0,0,0,0,0,0,0,0,0,1,0,1,0,6,27,0,48,0,130,0,336,0,694,0,1441,0,2908,0,5688,0,10679,0,18498,0,31965,0,52300,0,82944,0,125107,0,181175,0,252566,0,338000,0,435054,0,535333,636757,0,725853,0,790972,0,834383,0,840248,0,815410,0,759649,0,677674,0,583547,0,481401,0,382467,0,292979,0,215783,0,153616,0,105315,0,70548,0,45199,0,28013,17058,0,10264,0,5476,0,3007,0,1590,0,766,0,351,0,107,0,53,0,15,0,5,0,1,0,0,0,0,0,0,0,0,0,0,1,0,0
0,0,0,0,0,0,0,0,0,0,0,0,0,0,0,0,0,0,0,0,0,0,0,0,0,0,0,0,0,0,0,1,0,1,0,5,31,0,50,0,126,0,317,0,667,0,1454,0,2869,0,5596,0,10491,0,18599,0,31718,0,51616,0,82058,0,124325,0,180521,0,250407,0,335943,0,433058,0,535087,633790,0,723429,0,792082,0,832060,0,841283,0,816559,0,760581,0,679245,0,585761,0,482592,0,385694,0,293666,0,217442,0,154745,0,105582,0,71041,0,45638,0,28139,17297,0,10267,0,5630,0,3038,0,1569,0,821,0,334,0,112,0,49,0,15,0,6,0,1,0,0,0,0,0,0,0,0,0,0,1,0,0
0,0,0,0,0,0,0,0,0,0,0,0,0,0,0,0,0,0,0,0,0,0,0,0,0,0,0,0,0,0,0,1,0,3,0,8,22,0,48,0,120,0,306,0,703,0,1394,0,2932,0,5450,0,10349,0,18274,0,31382,0,51479,0,81285,0,123212,0,178725,0,249791,0,334139,0,431198,0,532695,632634,0,721784,0,791675,0,830907,0,842242,0,817080,0,761074,0,682000,0,586796,0,485016,0,387446,0,295248,0,218293,0,155798,0,106759,0,71241,0,45980,0,28485,17446,0,10264,0,5768,0,3023,0,1614,0,791,0,336,0,117,0,48,0,23,0,2,0,2,0,0,0,0,0,0,0,0,0,0,1,0,0
0,0,0,0,0,0,0,0,0,0,0,0,0,0,0,0,0,0,0,0,0,0,0,0,0,0,0,0,0,0,0,2,0,3,0,9,16,0,50,0,132,0,306,0,654,0,1390,0,2938,0,5413,0,10169,0,18351,0,30936,0,51126,0,80329,0,122332,0,177836,0,247422,0,333692,0,429326,0,530694,630338,0,720247,0,789922,0,831536,0,841269,0,818668,0,762944,0,683050,0,589355,0,487010,0,388947,0,297098,0,219212,0,156334,0,108056,0,71467,0,46133,0,29095,17396,0,10377,0,5784,0,3130,0,1598,0,790,0,337,0,119,0,50,0,15,0,2,0,3,0,0,0,0,0,0,0,0,0,0,1,0,0
0,0,0,0,0,0,0,0,0,0,0,0,0,0,0,0,0,0,0,0,0,0,0,0,0,0,0,0,0,1,0,1,0,3,0,9,24,0,40,0,132,0,269,0,660,0,1416,0,2768,0,5380,0,10018,0,18300,0,30957,0,50510,0,79709,0,120835,0,176721,0,246338,0,332276,0,426515,0,528989,628468,0,718693,0,789772,0,830457,0,841135,0,820247,0,762552,0,685646,0,590838,0,489678,0,390236,0,299133,0,221198,0,156834,0,108921,0,71977,0,46606,0,29053,17744,0,10381,0,5820,0,3239,0,1591,0,787,0,337,0,124,0,47,0,15,0,7,0,0,0,1,0,0,0,0,0,0,0,0,1,0,0
0,0,0,0,0,0,0,0,0,0,0,0,0,0,0,0,0,0,0,0,0,0,0,0,0,0,0,0,0,1,0,2,0,2,0,10,22,0,50,0,124,0,262,0,652,0,1378,0,2772,0,5345,0,9839,0,18001,0,30528,0,49834,0,79616,0,120203,0,175075,0,245753,0,329498,0,425262,0,526175,626937,0,717807,0,787855,0,830023,0,840862,0,820170,0,765773,0,687487,0,593385,0,490869,0,392001,0,300753,0,222093,0,158222,0,109370,0,72856,0,46891,0,29416,17666,0,10486,0,5883,0,3209,0,1640,0,813,0,336,0,131,0,50,0,13,0,5,0,1,0,1,0,0,0,0,0,0,0,0,1,0,0
0,0,0,0,0,0,0,0,0,0,0,0,0,0,0,0,0,0,0,0,0,0,0,0,0,0,0,0,0,0,0,2,0,3,0,8,28,0,51,0,113,0,289,0,607,0,1373,0,2747,0,5240,0,9675,0,17830,0,30120,0,49835,0,78441,0,119897,0,173659,0,244075,0,327118,0,423790,0,524557,625868,0,715125,0,787186,0,829567,0,841953,0,818384,0,768491,0,689662,0,594639,0,493959,0,392871,0,301931,0,223812,0,159725,0,110020,0,73462,0,47142,0,29630,17811,0,10522,0,5930,0,3271,0,1627,0,814,0,336,0,134,0,59,0,13,0,4,0,1,0,1,0,0,0,0,0,0,0,0,1,0,0
0,0,0,0,0,0,0,0,0,0,0,0,0,0,0,0,0,0,0,0,0,0,0,0,0,0,0,0,0,0,0,1,0,4,0,7,24,0,48,0,122,0,277,0,630,0,1311,0,2729,0,5199,0,9603,0,17505,0,30236,0,49071,0,77685,0,119098,0,172473,0,242368,0,325573,0,421204,0,524571,622762,0,714424,0,784675,0,830357,0,841573,0,820796,0,768489,0,691403,0,596103,0,494942,0,395822,0,303509,0,224816,0,160695,0,111377,0,73639,0,47650,0,29768,17845,0,10665,0,6033,0,3318,0,1641,0,805,0,350,0,133,0,59,0,12,0,5,0,3,0,0,0,0,0,0,0,0,0,0,1,0,0
0,0,0,0,0,0,0,0,0,0,0,0,0,0,0,0,0,0,0,0,0,0,0,0,0,0,0,0,0,1,0,1,0,2,0,6,20,0,50,0,132,0,274,0,629,0,1282,0,2675,0,5202,0,9582,0,17303,0,29591,0,49166,0,76706,0,118106,0,171582,0,240659,0,324466,0,419329,0,521452,622527,0,712216,0,783653,0,829123,0,842659,0,820823,0,769876,0,693264,0,598803,0,496025,0,398281,0,305043,0,225984,0,161801,0,111504,0,74399,0,48000,0,30064,18040,0,10559,0,6170,0,3303,0,1690,0,812,0,365,0,133,0,53,0,15,0,6,0,0,0,1,0,0,0,0,0,0,0,0,1,0,0
0,0,0,0,0,0,0,0,0,0,0,0,0,0,0,0,0,0,0,0,0,0,0,0,0,0,0,0,0,1,0,1,0,3,0,7,18,0,51,0,117,0,271,0,623,0,1251,0,2638,0,5106,0,9685,0,16934,0,29267,0,48358,0,76862,0,116824,0,171029,0,238123,0,323198,0,417504,0,520073,620438,0,710648,0,783063,0,827990,0,841649,0,821863,0,772006,0,694871,0,600045,0,499768,0,399171,0,306648,0,226840,0,163017,0,112246,0,75093,0,48358,0,30216,18225,0,10723,0,6182,0,3308,0,1694,0,811,0,375,0,140,0,57,0,13,0,5,0,0,0,1,0,0,0,0,0,0,0,0,1,0,0
0,0,0,0,0,0,0,0,0,0,0,0,0,0,0,0,0,0,0,0,0,0,0,0,0,0,0,0,0,0,0,2,0,2,0,10,21,0,42,0,111,0,287,0,586,0,1285,0,2545,0,5072,0,9449,0,16878,0,29068,0,47658,0,76473,0,115915,0,169213,0,237768,0,321089,0,415469,0,518345,618954,0,708038,0,781547,0,828893,0,841468,0,822784,0,773177,0,696367,0,601794,0,501992,0,400716,0,308363,0,228453,0,163707,0,113224,0,75461,0,48850,0,30471,18355,0,10817,0,6243,0,3336,0,1684,0,842,0,355,0,151,0,60,0,11,0,6,0,0,0,1,0,0,0,0,0,0,0,0,1,0,0
0,0,0,0,0,0,0,0,0,0,0,0,0,0,0,0,0,0,0,0,0,0,0,0,0,0,0,0,0,0,0,2,0,5,0,6,20,0,45,0,109,0,284,0,595,0,1226,0,2592,0,4892,0,9397,0,16696,0,28726,0,47528,0,75213,0,115396,0,167792,0,236813,0,319343,0,413633,0,516369,616664,0,707586,0,780040,0,826480,0,842607,0,824889,0,773530,0,697782,0,604272,0,502882,0,403315,0,309818,0,230001,0,164826,0,114002,0,75947,0,49157,0,30636,18644,0,10847,0,6294,0,3367,0,1746,0,809,0,349,0,164,0,53,0,12,0,6,0,0,0,1,0,0,0,0,0,0,0,0,1,0,0
0,0,0,0,0,0,0,0,0,0,0,0,0,0,0,0,0,0,0,0,0,0,0,0,0,0,0,0,0,0,0,2,0,1,0,11,23,0,41,0,116,0,260,0,573,0,1241,0,2537,0,4955,0,9093,0,16714,0,28351,0,46798,0,75404,0,113765,0,167151,0,234931,0,318108,0,411325,0,514720,614129,0,706705,0,779449,0,825373,0,843039,0,824464,0,774732,0,701300,0,605369,0,504707,0,405074,0,311308,0,231113,0,166032,0,114896,0,76518,0,49533,0,31038,18628,0,11119,0,6246,0,3364,0,1737,0,835,0,346,0,161,0,50,0,17,0,5,0,0,0,1,0,0,0,0,0,0,0,0,1,0,0
0,0,0,0,0,0,0,0,0,0,0,0,0,0,0,0,0,0,0,0,0,0,0,0,0,0,0,0,0,1,0,2,0,2,0,11,20,0,36,0,122,0,253,0,592,0,1190,0,2550,0,4836,0,9062,0,16443,0,28064,0,46701,0,74315,0,113879,0,165264,0,234070,0,315985,0,410501,0,510681,613819,0,705202,0,777222,0,826827,0,841849,0,824843,0,776863,0,701017,0,608659,0,506395,0,406913,0,312958,0,232416,0,167164,0,115376,0,77386,0,49543,0,31478,18787,0,11283,0,6275,0,3411,0,1708,0,856,0,341,0,157,0,57,0,15,0,7,0,0,0,1,0,0,0,0,0,0,0,0,1,0,0
0,0,0,0,0,0,0,0,0,0,0,0,0,0,0,0,0,0,0,0,0,0,0,0,0,0,0,0,0,1,0,2,0,0,0,11,20,0,41,0,111,0,245,0,585,0,1206,0,2434,0,4734,0,9099,0,16227,0,27773,0,46416,0,73871,0,112787,0,164880,0,231786,0,314637,0,407445,0,510679,610790,0,703033,0,776694,0,826408,0,841354,0,827062,0,777252,0,703235,0,609772,0,508827,0,407847,0,315363,0,233713,0,167689,0,116471,0,77665,0,50234,0,31644,19133,0,11223,0,6406,0,3422,0,1771,0,832,0,341,0,160,0,54,0,17,0,5,0,0,0,0,0,1,0,0,0,0,0,0,1,0,0
0,0,0,0,0,0,0,0,0,0,0,0,0,0,0,0,0,0,0,0,0,0,0,0,0,0,0,0,0,0,0,2,0,2,0,10,19,0,37,0,105,0,277,0,566,0,1153,0,2410,0,4739,0,8949,0,16417,0,27244,0,45836,0,73384,0,111751,0,164308,0,230752,0,311503,0,407001,0,507227,609946,0,701196,0,775898,0,824716,0,842909,0,827361,0,777118,0,705021,0,612682,0,510119,0,409907,0,317149,0,235864,0,167979,0,117209,0,78283,0,50779,0,31967,19210,0,11267,0,6458,0,3446,0,1809,0,833,0,370,0,141,0,57,0,17,0,3,0,1,0,0,0,1,0,0,0,0,0,0,1,0,0
0,0,0,0,0,0,0,0,0,0,0,0,0,0,0,0,0,0,0,0,0,0,0,0,0,0,0,0,0,0,0,1,0,5,0,6,20,0,35,0,125,0,243,0,544,0,1175,0,2379,0,4681,0,8899,0,16049,0,27341,0,45306,0,72827,0,110720,0,163344,0,229167,0,309919,0,404626,0,506787,606358,0,701273,0,773654,0,824309,0,842991,0,828174,0,779922,0,705463,0,613854,0,512166,0,412013,0,318846,0,236536,0,169418,0,118177,0,78509,0,51203,0,32127,19553,0,11445,0,6435,0,3543,0,1808,0,829,0,371,0,148,0,64,0,14,0,4,0,1,0,0,0,1,0,0,0,0,0,1,0,0,0
0,0,0,0,0,0,0,0,0,0,0,0,0,0,0,0,0,0,0,0,0,0,0,0,0,0,0,0,0,0,0,0,0,2,0,10,21,0,35,0,118,0,240,0,544,0,1158,0,2409,0,4567,0,8726,0,15871,0,26879,0,44972,0,72085,0,110232,0,162273,0,227327,0,308847,0,402944,0,504565,605282,0,698486,0,772979,0,823652,0,843543,0,828317,0,780595,0,707327,0,616230,0,514121,0,413709,0,319796,0,238839,0,170586,0,118401,0,79293,0,51369,0,32398,19714,0,11605,0,6452,0,3558,0,1914,0,824,0,346,0,166,0,58,0,14,0,7,0,1,0,1,0,0,0,0,0,0,0,1,0,0,0
0,0,0,0,0,0,0,0,0,0,0,0,0,0,0,0,0,0,0,0,0,0,0,0,0,0,0,0,0,0,0,0,0,1,0,9,20,0,41,0,105,0,238,0,528,0,1130,0,2361,0,4464,0,8756,0,15671,0,26741,0,44881,0,71035,0,109659,0,160970,0,225636,0,307438,0,401222,0,502320,603393,0,697014,0,772162,0,822592,0,844494,0,828565,0,781358,0,709076,0,617502,0,517179,0,415485,0,321201,0,239724,0,171761,0,119445,0,79736,0,51878,0,32595,19890,0,11715,0,6488,0,3576,0,1864,0,891,0,345,0,164,0,61,0,20,0,6,0,1,0,1,0,0,0,0,0,0,0,1,0,0,0
0,0,0,0,0,0,0,0,0,0,0,0,0,0,0,0,0,0,0,0,0,0,0,0,0,0,0,0,0,0,0,1,0,0,0,11,15,0,42,0,111,0,221,0,527,0,1179,0,2272,0,4494,0,8535,0,15349,0,26605,0,44720,0,70531,0,108422,0,159952,0,225326,0,304672,0,400006,0,499357,601713,0,696692,0,769964,0,823838,0,842644,0,829593,0,782816,0,710884,0,619230,0,518234,0,418404,0,322321,0,241215,0,172515,0,120106,0,80431,0,52068,0,32962,20162,0,11763,0,6563,0,3572,0,1853,0,887,0,374,0,172,0,49,0,27,0,6,0,1,0,1,0,0,0,0,0,0,0,1,0,0,0
0,0,0,0,0,0,0,0,0,0,0,0,0,0,0,0,0,0,0,0,0,0,0,0,0,0,0,0,0,0,0,1,0,1,0,9,17,0,45,0,99,0,236,0,507,0,1174,0,2267,0,4353,0,8552,0,15142,0,26430,0,44109,0,70604,0,107299,0,158355,0,223822,0,303598,0,397764,0,498559,599130,0,693686,0,769826,0,823536,0,843122,0,829046,0,784406,0,712702,0,621202,0,521075,0,419129,0,324462,0,241768,0,174161,0,120688,0,80796,0,52817,0,33231,20097,0,11939,0,6679,0,3615,0,1867,0,840,0,387,0,174,0,48,0,27,0,7,0,1,0,1,0,0,0,0,0,0,0,1,0,0,0
0,0,0,0,0,0,0,0,0,0,0,0,0,0,0,0,0,0,0,0,0,0,0,0,0,0,0,0,0,0,0,1,0,0,0,8,17,0,45,0,100,0,223,0,526,0,1109,0,2246,0,4349,0,8358,0,15053,0,26159,0,43593,0,69724,0,106473,0,157752,0,222637,0,302245,0,395995,0,495645,598089,0,691212,0,769198,0,823124,0,842512,0,830289,0,785380,0,713562,0,624356,0,522205,0,420881,0,326473,0,243031,0,175406,0,121477,0,81111,0,53191,0,33503,20335,0,12094,0,6707,0,3581,0,1941,0,844,0,389,0,173,0,49,0,29,0,6,0,1,0,1,0,0,0,0,0,0,0,1,0,0,0
0,0,0,0,0,0,0,0,0,0,0,0,0,0,0,0,0,0,0,0,0,0,0,0,0,0,0,0,0,0,0,1,0,0,0,6,22,0,37,0,111,0,223,0,520,0,1079,0,2216,0,4283,0,8210,0,14839,0,25979,0,43570,0,68702,0,106168,0,156480,0,220808,0,301465,0,392947,0,494454,596238,0,690313,0,768687,0,821067,0,841979,0,832558,0,785789,0,714903,0,626029,0,524085,0,422190,0,328894,0,244446,0,175950,0,122457,0,82032,0,53559,0,33661,20474,0,12073,0,6809,0,3673,0,1906,0,882,0,379,0,160,0,63,0,26,0,4,0,1,0,1,0,0,0,0,0,0,0,1,0,0,0
0,0,0,0,0,0,0,0,0,0,0,0,0,0,0,0,0,0,0,0,0,0,0,0,0,0,0,0,0,0,0,0,0,2,0,4,21,0,44,0,97,0,234,0,498,0,1072,0,2174,0,4142,0,8215,0,14724,0,25769,0,42945,0,68337,0,105555,0,155096,0,219889,0,298974,0,392311,0,492463,594216,0,688796,0,766544,0,820514,0,842488,0,831950,0,787407,0,717080,0,627105,0,526981,0,423728,0,329901,0,246586,0,176790,0,123237,0,82917,0,53758,0,33982,20742,0,12148,0,6793,0,3724,0,1928,0,886,0,379,0,170,0,63,0,22,0,6,0,0,0,1,0,0,0,0,0,0,0,1,0,0,0
0,0,0,0,0,0,0,0,0,0,0,0,0,0,0,0,0,0,0,0,0,0,0,0,0,0,0,0,0,0,0,0,0,1,0,8,13,0,39,0,105,0,232,0,469,0,1095,0,2018,0,4319,0,7977,0,14607,0,25515,0,42588,0,67913,0,104534,0,154348,0,218903,0,296835,0,390094,0,490777,591828,0,687970,0,764828,0,820902,0,841365,0,832006,0,789356,0,718691,0,629331,0,528733,0,425833,0,331099,0,247817,0,178055,0,123894,0,83613,0,54384,0,34174,20889,0,12164,0,6840,0,3770,0,1942,0,910,0,369,0,158,0,65,0,24,0,7,0,0,0,1,0,0,0,0,0,0,0,1,0,0,0
0,0,0,0,0,0,0,0,0,0,0,0,0,0,0,0,0,0,0,0,0,0,0,0,0,0,0,0,0,0,0,0,0,1,0,4,16,0,36,0,103,0,223,0,456,0,1028,0,2101,0,4193,0,7934,0,14472,0,25179,0,42259,0,67002,0,103724,0,153715,0,217394,0,296046,0,388566,0,487998,590523,0,685994,0,763418,0,820333,0,841596,0,833248,0,789764,0,719854,0,631376,0,530492,0,427368,0,332790,0,249504,0,179253,0,124765,0,83948,0,54667,0,34572,21072,0,12159,0,7030,0,3699,0,1983,0,907,0,383,0,167,0,55,0,28,0,9,0,0,0,1,0,0,0,0,0,0,0,0,1,0,0
0,0,0,0,0,0,0,0,0,0,0,0,0,0,0,0,0,0,0,0,0,0,0,0,0,0,0,0,0,0,0,0,0,1,0,6,13,0,41,0,92,0,207,0,486,0,1007,0,2032,0,4126,0,7815,0,14306,0,24945,0,41935,0,66553,0,102880,0,152751,0,215337,0,295487,0,385317,0,487398,588515,0,684044,0,762935,0,818796,0,843373,0,831565,0,791833,0,721832,0,632730,0,532654,0,428979,0,334147,0,251267,0,180307,0,125218,0,84483,0,55336,0,34669,21293,0,12376,0,7060,0,3763,0,1935,0,912,0,401,0,154,0,58,0,30,0,6,0,2,0,0,0,0,0,0,0,0,0,1,0,0,0
0,0,0,0,0,0,0,0,0,0,0,0,0,0,0,0,0,0,0,0,0,0,0,0,0,0,0,0,0,0,0,1,0,0,0,4,16,0,34,0,92,0,226,0,446,0,995,0,2025,0,4173,0,7658,0,14071,0,24727,0,41442,0,66493,0,102117,0,150851,0,214498,0,293543,0,383775,0,486116,586167,0,682691,0,761240,0,818724,0,841761,0,833820,0,792264,0,723799,0,634555,0,533264,0,432139,0,335773,0,251854,0,181384,0,126740,0,85014,0,55469,0,35188,21278,0,12520,0,7126,0,3805,0,1950,0,942,0,393,0,146,0,58,0,32,0,7,0,2,0,0,0,0,0,0,0,0,0,1,0,0,0
0,0,0,0,0,0,0,0,0,0,0,0,0,0,0,0,0,0,0,0,0,0,0,0,0,0,0,0,0,0,0,0,0,2,0,4,10,0,38,0,79,0,231,0,444,0,971,0,2064,0,4029,0,7666,0,13848,0,24514,0,40960,0,66062,0,101191,0,149841,0,213447,0,290981,0,382745,0,484294,584660,0,680097,0,761222,0,817586,0,842119,0,833824,0,793712,0,725235,0,636133,0,535484,0,433416,0,337868,0,252506,0,183426,0,127030,0,85664,0,55992,0,35400,21409,0,12653,0,7190,0,3804,0,1946,0,979,0,373,0,163,0,60,0,26,0,9,0,0,0,1,0,0,0,0,0,0,0,1,0,0,0
0,0,0,0,0,0,0,0,0,0,0,0,0,0,0,0,0,0,0,0,0,0,0,0,0,0,0,0,0,0,0,0,0,1,0,5,9,0,34,0,82,0,210,0,472,0,965,0,1964,0,3996,0,7503,0,13906,0,24198,0,40737,0,65415,0,100381,0,148584,0,212336,0,289814,0,381160,0,481977,582374,0,678636,0,759818,0,817586,0,841467,0,833379,0,796934,0,725377,0,637831,0,538842,0,433692,0,339918,0,254215,0,184244,0,127655,0,86486,0,56779,0,35437,21650,0,12752,0,7133,0,3855,0,1941,0,998,0,398,0,164,0,64,0,21,0,12,0,1,0,0,0,0,0,0,0,0,0,1,0,0,0
0,0,0,0,0,0,0,0,0,0,0,0,0,0,0,0,0,0,0,0,0,0,0,0,0,0,0,0,0,0,0,0,0,2,0,5,11,0,29,0,69,0,234,0,423,0,980,0,1854,0,3914,0,7536,0,13810,0,23900,0,40318,0,65179,0,99566,0,147284,0,210788,0,289473,0,379832,0,478117,581344,0,676994,0,758222,0,816060,0,841853,0,835096,0,796840,0,727665,0,639402,0,539499,0,437160,0,341648,0,255488,0,184663,0,129114,0,86870,0,56942,0,35848,21885,0,12769,0,7222,0,3840,0,2012,0,963,0,411,0,173,0,66,0,22,0,12,0,1,0,0,0,0,0,0,0,0,0,1,0,0,0
0,0,0,0,0,0,0,0,0,0,0,0,0,0,0,0,0,0,0,0,0,0,0,0,0,0,0,0,0,0,0,0,0,2,0,6,10,0,23,0,84,0,197,0,446,0,935,0,1911,0,3796,0,7495,0,13585,0,23593,0,40128,0,64528,0,98697,0,146841,0,209605,0,287702,0,377308,0,477568,578693,0,674816,0,757053,0,815022,0,843050,0,835587,0,797010,0,729979,0,641730,0,540022,0,439609,0,342547,0,257316,0,186498,0,129369,0,87341,0,57507,0,36046,22046,0,12981,0,7160,0,3922,0,1972,0,986,0,424,0,157,0,69,0,22,0,9,0,5,0,0,0,0,0,0,0,0,0,1,0,0,0
0,0,0,0,0,0,0,0,0,0,0,0,0,0,0,0,0,0,0,0,0,0,0,0,0,0,0,0,0,0,0,1,0,1,0,4,12,0,22,0,83,0,183,0,457,0,903,0,1892,0,3788,0,7312,0,13403,0,23607,0,39612,0,63547,0,98537,0,145783,0,208308,0,285474,0,376491,0,474755,577330,0,673965,0,755431,0,814382,0,842958,0,836047,0,798589,0,731530,0,643117,0,542291,0,440822,0,343541,0,259272,0,187250,0,130734,0,87958,0,57594,0,36213,22297,0,13080,0,7209,0,3926,0,1994,0,989,0,441,0,166,0,67,0,25,0,10,0,5,0,0,0,0,0,0,0,0,0,1,0,0,0
0,0,0,0,0,0,0,0,0,0,0,0,0,0,0,0,0,0,0,0,0,0,0,0,0,0,0,0,0,0,0,0,0,2,0,5,12,0,26,0,77,0,187,0,439,0,919,0,1895,0,3725,0,7120,0,13464,0,23421,0,38990,0,63302,0,97613,0,144420,0,207163,0,284048,0,374811,0,473011,574756,0,672852,0,754800,0,812680,0,844143,0,836339,0,799537,0,732695,0,644317,0,544718,0,442465,0,345813,0,260088,0,188490,0,131164,0,88859,0,58049,0,36312,22541,0,13109,0,7337,0,3960,0,2033,0,962,0,460,0,172,0,71,0,21,0,11,0,4,0,0,0,0,0,0,0,0,0,1,0,0,0
0,0,0,0,0,0,0,0,0,0,0,0,0,0,0,0,0,0,0,0,0,0,0,0,0,0,0,0,0,0,0,0,0,2,0,4,12,0,31,0,76,0,191,0,407,0,921,0,1854,0,3731,0,7138,0,13287,0,23115,0,38828,0,62199,0,96906,0,143901,0,205754,0,283093,0,372328,0,471023,573951,0,670358,0,754322,0,812423,0,842157,0,837650,0,799782,0,734508,0,646601,0,546041,0,445603,0,347242,0,260567,0,189417,0,132846,0,89312,0,58050,0,36869,22511,0,13240,0,7421,0,3930,0,2047,0,1005,0,475,0,171,0,71,0,26,0,8,0,3,0,0,0,0,0,0,0,0,0,1,0,0,0
0,0,0,0,0,0,0,0,0,0,0,0,0,0,0,0,0,0,0,0,0,0,0,0,0,0,0,0,0,0,0,0,0,2,0,4,7,0,33,0,82,0,171,0,439,0,850,0,1848,0,3689,0,7110,0,13075,0,22928,0,38537,0,61734,0,96418,0,142133,0,205139,0,281035,0,371081,0,469369,572065,0,668633,0,752195,0,811311,0,842327,0,837503,0,802414,0,735546,0,648159,0,548751,0,446539,0,349305,0,261961,0,190578,0,133797,0,89536,0,58577,0,37150,22699,0,13279,0,7615,0,4007,0,2003,0,1003,0,477,0,189,0,70,0,22,0,9,0,4,0,0,0,0,0,0,0,0,0,1,0,0,0
0,0,0,0,0,0,0,0,0,0,0,0,0,0,0,0,0,0,0,0,0,0,0,0,0,0,0,0,0,0,0,1,0,0,0,2,11,0,27,0,81,0,173,0,431,0,841,0,1814,0,3720,0,7015,0,12939,0,22697,0,37982,0,61253,0,95327,0,142011,0,203155,0,279801,0,369334,0,467397,570593,0,667621,0,751036,0,809240,0,842025,0,839074,0,802729,0,737734,0,648834,0,551824,0,448165,0,350939,0,263120,0,191511,0,134307,0,90697,0,58775,0,37382,22927,0,13471,0,7476,0,4083,0,2061,0,1006,0,468,0,180,0,75,0,28,0,13,0,2,0,0,0,0,0,0,0,0,0,1,0,0,0
0,0,0,0,0,0,0,0,0,0,0,0,0,0,0,0,0,0,0,0,0,0,0,0,0,0,0,0,0,0,0,0,0,1,0,2,9,0,27,0,81,0,175,0,417,0,836,0,1792,0,3685,0,6891,0,12830,0,22547,0,37597,0,60620,0,94791,0,140993,0,201464,0,278531,0,367188,0,466725,568683,0,665430,0,749540,0,809467,0,841050,0,839573,0,803975,0,738787,0,651460,0,552857,0,449750,0,352648,0,265073,0,192762,0,134601,0,91504,0,59324,0,37588,23117,0,13441,0,7701,0,4010,0,2078,0,1041,0,450,0,183,0,75,0,26,0,9,0,3,0,0,0,0,0,0,0,0,0,1,0,0,0
0,0,0,0,0,0,0,0,0,0,0,0,0,0,0,0,0,0,0,0,0,0,0,0,0,0,0,0,0,0,0,0,0,1,0,3,7,0,33,0,66,0,178,0,394,0,867,0,1794,0,3649,0,6696,0,12795,0,22005,0,37393,0,60308,0,94231,0,140009,0,200665,0,276625,0,366143,0,463884,566514,0,663757,0,748907,0,808829,0,840173,0,839704,0,805014,0,741115,0,652313,0,554826,0,452448,0,353986,0,266374,0,194066,0,135234,0,92282,0,59777,0,37815,23057,0,13810,0,7726,0,4083,0,2102,0,1004,0,444,0,192,0,81,0,18,0,11,0,0,0,0,0,0,0,0,0,0,0,1,0,0,0
0,0,0,0,0,0,0,0,0,0,0,0,0,0,0,0,0,0,0,0,0,0,0,0,0,0,0,0,0,0,0,1,0,1,0,5,6,0,29,0,64,0,176,0,402,0,873,0,1763,0,3523,0,6777,0,12396,0,21977,0,37203,0,59674,0,93494,0,139232,0,199520,0,275518,0,363827,0,462121,564092,0,662696,0,747095,0,807960,0,840305,0,840385,0,805887,0,742821,0,654269,0,556287,0,454242,0,355528,0,268434,0,194281,0,136818,0,92384,0,60218,0,37994,23357,0,13904,0,7862,0,4113,0,2120,0,1011,0,470,0,183,0,75,0,27,0,8,0,0,0,0,0,0,0,0,0,0,1,0,0,0,0
0,0,0,0,0,0,0,0,0,0,0,0,0,0,0,0,0,0,0,0,0,0,0,0,0,0,0,0,0,1,0,0,0,3,0,4,5,0,31,0,72,0,164,0,385,0,859,0,1736,0,3493,0,6682,0,12333,0,21792,0,36609,0,59741,0,91863,0,138812,0,198393,0,273698,0,362357,0,460478,562462,0,660913,0,745412,0,807676,0,840404,0,839362,0,806746,0,744572,0,657173,0,557558,0,456394,0,356496,0,269775,0,195992,0,137416,0,93005,0,60648,0,38123,23882,0,13875,0,7908,0,4144,0,2127,0,1086,0,465,0,178,0,71,0,25,0,6,0,3,0,0,0,0,0,0,0,0,1,0,0,0,0
0,0,0,0,0,0,0,0,0,0,0,0,0,0,0,0,0,0,0,0,0,0,0,0,0,0,0,0,0,0,0,1,0,1,0,4,10,0,26,0,73,0,169,0,360,0,821,0,1776,0,3508,0,6522,0,12160,0,21590,0,36460,0,58819,0,91743,0,137556,0,196724,0,272120,0,360679,0,459247,560271,0,659923,0,744279,0,807318,0,840080,0,839134,0,807330,0,745137,0,659235,0,560444,0,458284,0,357698,0,271074,0,197538,0,138087,0,93604,0,60965,0,38419,24196,0,13852,0,7959,0,4276,0,2106,0,1086,0,454,0,179,0,80,0,19,0,10,0,2,0,0,0,0,0,0,0,0,1,0,0,0,0
0,0,0,0,0,0,0,0,0,0,0,0,0,0,0,0,0,0,0,0,0,0,0,0,0,0,0,0,0,0,0,1,0,1,0,4,9,0,26,0,70,0,161,0,368,0,794,0,1729,0,3444,0,6590,0,12008,0,21157,0,36230,0,58409,0,91152,0,136504,0,195820,0,270628,0,358893,0,456674,559815,0,657541,0,743382,0,805955,0,840765,0,839176,0,807624,0,746351,0,661143,0,562751,0,459492,0,359502,0,272783,0,198469,0,139326,0,93962,0,61178,0,39005,24284,0,13953,0,7999,0,4318,0,2135,0,1050,0,485,0,187,0,72,0,22,0,8,0,3,0,0,0,0,0,0,0,0,1,0,0,0,0
0,0,0,0,0,0,0,0,0,0,0,0,0,0,0,0,0,0,0,0,0,0,0,0,0,0,0,0,0,0,0,1,0,1,0,3,8,0,37,0,66,0,153,0,341,0,839,0,1672,0,3355,0,6639,0,11852,0,21176,0,35508,0,57934,0,90389,0,135571,0,194821,0,269041,0,357164,0,455420,558038,0,655690,0,742625,0,804453,0,840437,0,839063,0,808830,0,747538,0,662962,0,565144,0,460805,0,361721,0,273810,0,198978,0,140695,0,94819,0,61826,0,39154,24350,0,14168,0,8102,0,4196,0,2204,0,1049,0,461,0,188,0,75,0,24,0,11,0,1,0,0,0,0,0,0,0,0,1,0,0,0,0
0,0,0,0,0,0,0,0,0,0,0,0,0,0,0,0,0,0,0,0,0,0,0,0,0,0,0,0,0,0,0,0,0,2,0,3,11,0,26,0,67,0,161,0,363,0,832,0,1662,0,3312,0,6421,0,11883,0,20807,0,35411,0,57134,0,89560,0,134915,0,193688,0,268056,0,354420,0,453463,557093,0,655013,0,740481,0,803816,0,839445,0,840065,0,809370,0,749182,0,664728,0,566121,0,462675,0,364424,0,274843,0,200177,0,141202,0,95615,0,62141,0,39685,24276,0,14350,0,8141,0,4310,0,2215,0,1071,0,456,0,199,0,76,0,29,0,11,0,1,0,0,0,0,0,0,0,0,1,0,0,0,0
0,0,0,0,0,0,0,0,0,0,0,0,0,0,0,0,0,0,0,0,0,0,0,0,0,0,0,0,0,0,0,0,0,1,0,3,12,0,25,0,62,0,153,0,383,0,805,0,1598,0,3259,0,6452,0,11643,0,20561,0,34998,0,57353,0,88516,0,133588,0,192863,0,266155,0,353754,0,452127,554004,0,652787,0,739952,0,803076,0,838977,0,840235,0,811943,0,749352,0,666895,0,567458,0,464990,0,365068,0,276721,0,201363,0,142136,0,96064,0,62734,0,39765,24423,0,14565,0,8151,0,4306,0,2271,0,1088,0,453,0,205,0,73,0,30,0,11,0,1,0,0,0,0,0,0,0,0,1,0,0,0,0
0,0,0,0,0,0,0,0,0,0,0,0,0,0,0,0,0,0,0,0,0,0,0,0,0,0,0,0,0,0,0,0,0,1,0,4,11,0,24,0,62,0,161,0,384,0,765,0,1587,0,3279,0,6229,0,11580,0,20506,0,34504,0,56871,0,88292,0,132606,0,191616,0,264493,0,352530,0,449508,552000,0,651704,0,737107,0,803383,0,837609,0,842604,0,811391,0,752580,0,667716,0,569291,0,467314,0,366757,0,277719,0,202826,0,142406,0,96831,0,63004,0,40174,24637,0,14525,0,8308,0,4362,0,2266,0,1086,0,471,0,209,0,69,0,39,0,6,0,1,0,0,0,0,0,0,0,0,1,0,0,0,0
0,0,0,0,0,0,0,0,0,0,0,0,0,0,0,0,0,0,0,0,0,0,0,0,0,0,0,0,0,0,0,0,0,3,0,1,11,0,18,0,72,0,166,0,335,0,738,0,1606,0,3262,0,6238,0,11364,0,20471,0,34085,0,55977,0,87953,0,131699,0,190229,0,263656,0,350601,0,447580,550761,0,648883,0,737172,0,801697,0,836974,0,843509,0,812117,0,753939,0,669745,0,571235,0,468518,0,369167,0,278497,0,204043,0,143705,0,97000,0,63542,0,40551,24730,0,14736,0,8271,0,4406,0,2216,0,1122,0,490,0,206,0,64,0,39,0,7,0,1,0,0,0,0,0,0,0,0,1,0,0,0,0
0,0,0,0,0,0,0,0,0,0,0,0,0,0,0,0,0,0,0,0,0,0,0,0,0,0,0,0,0,0,0,1,0,1,0,3,7,0,26,0,69,0,164,0,328,0,728,0,1603,0,3225,0,6098,0,11398,0,20108,0,33958,0,55471,0,86959,0,130991,0,189583,0,261650,0,348790,0,445808,548672,0,647760,0,736407,0,800040,0,838083,0,842441,0,813419,0,754377,0,671113,0,574223,0,469868,0,370645,0,280662,0,204929,0,144511,0,97674,0,64061,0,40823,24909,0,14924,0,8265,0,4463,0,2270,0,1095,0,492,0,204,0,71,0,30,0,7,0,1,0,0,0,0,0,0,0,0,1,0,0,0,0
0,0,0,0,0,0,0,0,0,0,0,0,0,0,0,0,0,0,0,0,0,0,0,0,0,0,0,0,0,0,0,1,0,1,0,3,3,0,33,0,58,0,168,0,337,0,729,0,1565,0,3182,0,5964,0,11270,0,19919,0,33566,0,55355,0,86308,0,129862,0,187830,0,261033,0,347185,0,444007,546876,0,645121,0,734713,0,801159,0,836985,0,842383,0,814316,0,757204,0,672004,0,574889,0,472330,0,372048,0,282328,0,206494,0,144664,0,98687,0,64781,0,40836,25164,0,14938,0,8402,0,4519,0,2241,0,1124,0,495,0,213,0,77,0,28,0,7,0,2,0,1,0,0,0,0,0,0,1,0,0,0,0
0,0,0,0,0,0,0,0,0,0,0,0,0,0,0,0,0,0,0,0,0,0,0,0,0,0,0,0,0,0,0,1,0,1,0,0,11,0,26,0,68,0,145,0,349,0,750,0,1508,0,3228,0,5883,0,11055,0,19637,0,33301,0,54833,0,85614,0,128696,0,186845,0,259591,0,345801,0,442843,544380,0,643953,0,732247,0,800326,0,837127,0,842908,0,814963,0,757602,0,674357,0,576683,0,474821,0,373428,0,284399,0,206730,0,146231,0,98918,0,65559,0,41109,25232,0,15083,0,8411,0,4509,0,2307,0,1087,0,510,0,230,0,77,0,28,0,4,0,1,0,2,0,0,0,0,0,0,1,0,0,0,0
0,0,0,0,0,0,0,0,0,0,0,0,0,0,0,0,0,0,0,0,0,0,0,0,0,0,0,0,0,0,0,0,0,1,0,2,11,0,33,0,55,0,152,0,337,0,733,0,1543,0,3114,0,5933,0,10821,0,19513,0,33011,0,53907,0,85293,0,128387,0,185381,0,257672,0,344615,0,440576,542395,0,642266,0,730894,0,797856,0,838509,0,842962,0,817638,0,758103,0,675566,0,578697,0,476047,0,375587,0,286049,0,207934,0,147198,0,99402,0,65640,0,41543,25577,0,15134,0,8536,0,4579,0,2227,0,1129,0,517,0,221,0,80,0,23,0,6,0,1,0,2,0,0,0,0,0,0,1,0,0,0,0
0,0,0,0,0,0,0,0,0,0,0,0,0,0,0,0,0,0,0,0,0,0,0,0,0,0,0,0,0,0,0,1,0,0,0,3,11,0,34,0,47,0,138,0,342,0,711,0,1526,0,3082,0,5813,0,10773,0,19268,0,32422,0,53819,0,84692,0,127354,0,184492,0,255712,0,342415,0,439300,540950,0,641243,0,729250,0,796823,0,837050,0,845160,0,818059,0,758718,0,676524,0,581396,0,477957,0,377457,0,286431,0,210243,0,147344,0,100192,0,66319,0,41877,25816,0,15174,0,8735,0,4473,0,2309,0,1092,0,530,0,220,0,79,0,23,0,4,0,2,0,3,0,0,0,0,0,0,1,0,0,0,0
0,0,0,0,0,0,0,0,0,0,0,0,0,0,0,0,0,0,0,0,0,0,0,0,0,0,0,0,0,0,0,1,0,0,0,4,9,0,21,0,67,0,131,0,344,0,704,0,1523,0,2976,0,5797,0,10724,0,18916,0,32405,0,53358,0,83532,0,126672,0,182780,0,254740,0,340938,0,437703,538884,0,639700,0,727443,0,795946,0,837209,0,845528,0,817937,0,761840,0,677973,0,582539,0,479349,0,379739,0,288112,0,210806,0,148535,0,101054,0,66328,0,42298,25863,0,15340,0,8774,0,4513,0,2392,0,1107,0,515,0,224,0,77,0,29,0,4,0,2,0,3,0,0,0,0,0,0,1,0,0,0,0
0,0,0,0,0,0,0,0,0,0,0,0,0,0,0,0,0,0,0,0,0,0,0,0,0,0,0,0,0,0,0,0,0,1,0,6,8,0,23,0,64,0,148,0,308,0,704,0,1509,0,2948,0,5718,0,10578,0,18762,0,32243,0,52656,0,83284,0,125360,0,181929,0,253058,0,340069,0,434940,537938,0,637694,0,726461,0,795632,0,835653,0,845944,0,819070,0,763110,0,679836,0,584096,0,480840,0,381722,0,289831,0,211572,0,149336,0,101376,0,67228,0,42621,26035,0,15288,0,8907,0,4553,0,2369,0,1135,0,516,0,215,0,74,0,31,0,5,0,2,0,1,0,1,0,0,0,0,1,0,0,0,0
0,0,0,0,0,0,0,0,0,0,0,0,0,0,0,0,0,0,0,0,0,0,0,0,0,0,0,0,0,0,0,0,0,0,0,5,13,0,20,0,56,0,141,0,328,0,679,0,1515,0,2897,0,5678,0,10390,0,18664,0,31824,0,52212,0,82650,0,124763,0,180405,0,252055,0,337850,0,433081,536955,0,635433,0,724540,0,795575,0,835853,0,845637,0,819595,0,764897,0,682027,0,585341,0,482743,0,382704,0,291668,0,212542,0,150240,0,102293,0,67806,0,42912,25933,0,15559,0,8900,0,4652,0,2360,0,1187,0,489,0,226,0,78,0,28,0,5,0,2,0,2,0,0,0,0,0,0,1,0,0,0,0
0,0,0,0,0,0,0,0,0,0,0,0,0,0,0,0,0,0,0,0,0,0,0,0,0,0,0,0,0,0,0,0,0,0,0,5,8,0,26,0,55,0,149,0,296,0,695,0,1469,0,2916,0,5568,0,10284,0,18485,0,31470,0,51808,0,82069,0,124014,0,179486,0,250341,0,335838,0,431898,534274,0,634655,0,723659,0,794194,0,834890,0,846461,0,820871,0,765671,0,683534,0,588362,0,483778,0,383642,0,292989,0,214260,0,151170,0,102899,0,68100,0,42949,26475,0,15703,0,8857,0,4725,0,2416,0,1162,0,493,0,218,0,79,0,32,0,7,0,1,0,1,0,1,0,0,0,0,1,0,0,0,0
0,0,0,0,0,0,0,0,0,0,0,0,0,0,0,0,0,0,0,0,0,0,0,0,0,0,0,0,0,0,0,0,0,1,0,3,7,0,27,0,48,0,137,0,288,0,717,0,1448,0,2924,0,5452,0,10250,0,18044,0,31218,0,51325,0,81608,0,123001,0,178486,0,249418,0,333845,0,430214,532164,0,632562,0,722503,0,794448,0,834096,0,846157,0,822380,0,765934,0,684914,0,590185,0,486162,0,385468,0,294514,0,215615,0,152006,0,103501,0,68379,0,43310,26650,0,15847,0,8864,0,4835,0,2473,0,1132,0,515,0,215,0,76,0,30,0,8,0,2,0,1,0,1,0,0,0,0,1,0,0,0,0
0,0,0,0,0,0,0,0,0,0,0,0,0,0,0,0,0,0,0,0,0,0,0,0,0,0,0,0,0,0,0,0,0,2,0,2,9,0,21,0,60,0,125,0,280,0,705,0,1432,0,2851,0,5452,0,10066,0,18048,0,30854,0,50916,0,80670,0,122059,0,177627,0,247917,0,332673,0,428429,529968,0,631592,0,721305,0,793089,0,834200,0,845782,0,823325,0,767841,0,686652,0,591393,0,487754,0,387099,0,295861,0,216577,0,153185,0,104017,0,68608,0,43959,26810,0,15936,0,8982,0,4764,0,2487,0,1182,0,491,0,222,0,91,0,24,0,9,0,3,0,1,0,1,0,0,0,0,1,0,0,0,0
0,0,0,0,0,0,0,0,0,0,0,0,0,0,0,0,0,0,0,0,0,0,0,0,0,0,0,0,0,0,0,0,0,0,0,3,13,0,19,0,59,0,118,0,299,0,661,0,1429,0,2812,0,5341,0,10104,0,17881,0,30420,0,50500,0,80086,0,121771,0,176261,0,246448,0,330533,0,427537,528184,0,629463,0,720491,0,791336,0,835351,0,844543,0,824212,0,768390,0,688382,0,593812,0,489519,0,388834,0,296828,0,218110,0,154301,0,104513,0,69190,0,44354,26886,0,15975,0,9076,0,4801,0,2539,0,1161,0,494,0,243,0,85,0,24,0,12,0,2,0,2,0,0,0,0,0,0,1,0,0,0,0
0,0,0,0,0,0,0,0,0,0,0,0,0,0,0,0,0,0,0,0,0,0,0,0,0,0,0,0,0,0,0,0,0,0,0,1,12,0,20,0,53,0,126,0,283,0,628,0,1427,0,2784,0,5364,0,9852,0,17764,0,30235,0,49871,0,79630,0,120812,0,175095,0,245235,0,328961,0,424857,528494,0,627342,0,717670,0,791625,0,832745,0,846730,0,824502,0,769301,0,691540,0,594594,0,491584,0,389964,0,297950,0,220054,0,154805,0,105331,0,69955,0,44405,27230,0,16046,0,9108,0,4880,0,2466,0,1195,0,543,0,218,0,85,0,21,0,11,0,3,0,1,0,0,0,0,0,0,1,0,0,0,0
0,0,0,0,0,0,0,0,0,0,0,0,0,0,0,0,0,0,0,0,0,0,0,0,0,0,0,0,0,0,0,0,0,0,0,3,6,0,24,0,48,0,105,0,295,0,643,0,1361,0,2775,0,5284,0,9804,0,17670,0,29761,0,49778,0,78430,0,120144,0,174187,0,243449,0,328291,0,423089,526053,0,625750,0,716599,0,789922,0,833453,0,846434,0,826039,0,770980,0,692187,0,595500,0,493663,0,392221,0,298832,0,221472,0,155636,0,106153,0,70288,0,44511,27690,0,16273,0,9077,0,4913,0,2555,0,1177,0,530,0,231,0,84,0,24,0,12,0,2,0,0,0,0,0,0,0,0,1,0,0,0,0
0,0,0,0,0,0,0,0,0,0,0,0,0,0,0,0,0,0,0,0,0,0,0,0,0,0,0,0,0,0,0,0,0,0,0,1,9,0,23,0,42,0,110,0,280,0,609,0,1400,0,2679,0,5265,0,9753,0,17258,0,29875,0,49078,0,78102,0,119234,0,172939,0,242415,0,326239,0,420882,523408,0,625023,0,716614,0,788583,0,833402,0,846511,0,826703,0,772497,0,692306,0,597925,0,495015,0,394022,0,300973,0,221629,0,157233,0,107089,0,70396,0,44905,27950,0,16340,0,9086,0,4960,0,2561,0,1206,0,528,0,223,0,94,0,21,0,10,0,2,0,0,0,0,0,0,0,0,1,0,0,0,0
0,0,0,0,0,0,0,0,0,0,0,0,0,0,0,0,0,0,0,0,0,0,0,0,0,0,0,0,0,0,0,0,0,0,0,1,9,0,21,0,43,0,105,0,271,0,620,0,1390,0,2640,0,5196,0,9655,0,17085,0,29561,0,48561,0,77633,0,118443,0,172143,0,240962,0,323956,0,420541,520933,0,624251,0,714144,0,787774,0,832088,0,846437,0,827743,0,774181,0,694389,0,599419,0,497621,0,394867,0,302685,0,222875,0,157809,0,107846,0,70778,0,45628,27937,0,16303,0,9189,0,5024,0,2522,0,1270,0,520,0,208,0,95,0,26,0,8,0,2,0,0,0,0,0,0,0,0,1,0,0,0,0
0,0,0,0,0,0,0,0,0,0,0,0,0,0,0,0,0,0,0,0,0,0,0,0,0,0,0,0,0,0,0,0,0,0,0,1,8,0,16,0,52,0,113,0,249,0,669,0,1235,0,2737,0,5119,0,9510,0,16934,0,29290,0,48240,0,77104,0,117491,0,170879,0,239637,0,322910,0,417451,520339,0,623485,0,712524,0,784743,0,832280,0,848431,0,826672,0,775546,0,696572,0,601452,0,497797,0,397832,0,303785,0,224187,0,158896,0,108237,0,71573,0,45715,28216,0,16537,0,9232,0,5020,0,2546,0,1263,0,531,0,223,0,89,0,25,0,14,0,1,0,0,0,0,0,0,0,0,1,0,0,0,0
0,0,0,0,0,0,0,0,0,0,0,0,0,0,0,0,0,0,0,0,0,0,0,0,0,0,0,0,0,0,0,0,0,0,0,3,9,0,10,0,53,0,101,0,271,0,620,0,1287,0,2641,0,5046,0,9425,0,16861,0,28830,0,47914,0,76645,0,116466,0,169647,0,238474,0,320880,0,417741,517551,0,619871,0,712048,0,784774,0,833429,0,848005,0,825973,0,776081,0,698492,0,603016,0,500365,0,398867,0,305624,0,225222,0,159651,0,109168,0,72309,0,45914,28544,0,16430,0,9354,0,5019,0,2571,0,1292,0,558,0,228,0,84,0,28,0,16,0,0,0,0,0,0,0,0,0,0,0,1,0,0,0
0,0,0,0,0,0,0,0,0,0,0,0,0,0,0,0,0,0,0,0,0,0,0,0,0,0,0,0,0,0,0,0,0,0,0,2,6,0,17,0,53,0,104,0,271,0,585,0,1277,0,2579,0,4970,0,9410,0,16668,0,28668,0,47733,0,76085,0,115705,0,167983,0,236757,0,320522,0,415250,515642,0,618017,0,711094,0,783120,0,833742,0,847191,0,828316,0,776597,0,698595,0,606171,0,501844,0,400918,0,307011,0,226138,0,160751,0,110091,0,72745,0,46201,28599,0,16639,0,9441,0,5088,0,2644,0,1250,0,555,0,232,0,90,0,25,0,15,0,1,0,0,0,0,0,0,0,0,0,1,0,0,0
0,0,0,0,0,0,0,0,0,0,0,0,0,0,0,0,0,0,0,0,0,0,0,0,0,0,0,0,0,0,0,0,0,0,0,3,6,0,16,0,45,0,121,0,270,0,543,0,1239,0,2507,0,5008,0,9343,0,16546,0,28596,0,47159,0,75551,0,114701,0,167670,0,235552,0,317803,0,413079,515017,0,616236,0,709449,0,782457,0,833041,0,847456,0,827908,0,778865,0,700490,0,607090,0,504059,0,402573,0,308601,0,227355,0,161353,0,110780,0,73174,0,46791,28594,0,16883,0,9423,0,5208,0,2612,0,1314,0,567,0,215,0,101,0,24,0,11,0,3,0,0,0,0,0,0,0,0,0,1,0,0,0
0,0,0,0,0,0,0,0,0,0,0,0,0,0,0,0,0,0,0,0,0,0,0,0,0,0,0,0,0,0,0,0,0,1,0,3,6,0,15,0,43,0,115,0,265,0,551,0,1229,0,2483,0,4916,0,9281,0,16446,0,28187,0,47146,0,74973,0,113180,0,166987,0,234155,0,317151,0,411202,511501,0,615691,0,707984,0,783261,0,830191,0,848184,0,828504,0,780796,0,701929,0,608915,0,505135,0,405296,0,309545,0,228042,0,162256,0,111479,0,73679,0,47220,28813,0,16939,0,9619,0,5206,0,2605,0,1344,0,587,0,199,0,116,0,24,0,11,0,1,0,1,0,0,0,0,0,0,1,0,0,0,0
0,0,0,0,0,0,0,0,0,0,0,0,0,0,0,0,0,0,0,0,0,0,0,0,0,0,0,0,0,0,0,0,0,1,0,3,5,0,17,0,52,0,103,0,263,0,558,0,1198,0,2422,0,4937,0,9192,0,16165,0,28267,0,46490,0,74079,0,113057,0,165522,0,232866,0,315373,0,409776,510743,0,612601,0,707648,0,781346,0,830722,0,846694,0,830233,0,780245,0,705342,0,610744,0,507337,0,405478,0,311760,0,228620,0,163667,0,112351,0,74170,0,47296,28887,0,17439,0,9572,0,5219,0,2656,0,1353,0,570,0,233,0,89,0,40,0,4,0,2,0,1,0,0,0,0,0,0,1,0,0,0,0
0,0,0,0,0,0,0,0,0,0,0,0,0,0,0,0,0,0,0,0,0,0,0,0,0,0,0,0,0,0,0,0,0,1,0,2,7,0,18,0,53,0,108,0,232,0,533,0,1219,0,2405,0,4826,0,9099,0,16196,0,27852,0,46329,0,73203,0,112129,0,164563,0,231420,0,313791,0,408380,509690,0,610209,0,705570,0,782080,0,829577,0,846842,0,830122,0,782001,0,707306,0,611714,0,509168,0,407336,0,312677,0,231166,0,163761,0,112898,0,74934,0,47348,29239,0,17467,0,9726,0,5242,0,2633,0,1396,0,553,0,248,0,94,0,39,0,5,0,0,0,1,0,0,0,0,0,0,1,0,0,0,0
0,0,0,0,0,0,0,0,0,0,0,0,0,0,0,0,0,0,0,0,0,0,0,0,0,0,0,0,0,0,0,0,0,1,0,1,4,0,26,0,52,0,113,0,234,0,507,0,1180,0,2455,0,4733,0,8966,0,15976,0,27543,0,46138,0,72480,0,111006,0,164011,0,230157,0,312307,0,406868,508289,0,607931,0,703288,0,782131,0,829476,0,847015,0,830899,0,782965,0,707710,0,614168,0,510973,0,408655,0,313908,0,232374,0,165339,0,113334,0,75615,0,47489,29603,0,17301,0,9895,0,5261,0,2707,0,1365,0,557,0,254,0,112,0,29,0,6,0,0,0,1,0,0,0,0,0,0,1,0,0,0,0
0,0,0,0,0,0,0,0,0,0,0,0,0,0,0,0,0,0,0,0,0,0,0,0,0,0,0,0,0,0,0,1,0,0,0,2,4,0,20,0,50,0,118,0,228,0,521,0,1165,0,2389,0,4725,0,8887,0,15760,0,27497,0,45545,0,71569,0,110707,0,162422,0,229548,0,310869,0,405536,505521,0,606934,0,701087,0,779933,0,831073,0,846891,0,831507,0,784608,0,708622,0,615548,0,513521,0,410375,0,315072,0,233381,0,166693,0,113905,0,75797,0,47950,29600,0,17445,0,10051,0,5269,0,2749,0,1316,0,603,0,256,0,101,0,30,0,6,0,1,0,0,0,0,0,0,0,0,1,0,0,0,0
0,0,0,0,0,0,0,0,0,0,0,0,0,0,0,0,0,0,0,0,0,0,0,0,0,0,0,0,0,0,0,0,0,2,0,1,9,0,15,0,39,0,124,0,238,0,506,0,1148,0,2357,0,4691,0,8738,0,15763,0,27179,0,44962,0,71115,0,110095,0,161501,0,228295,0,309353,0,402250,504928,0,605200,0,699802,0,779022,0,830066,0,847569,0,832064,0,786079,0,710484,0,617122,0,514988,0,411835,0,317015,0,234175,0,167085,0,115168,0,76051,0,48468,29672,0,17671,0,10052,0,5364,0,2786,0,1396,0,577,0,258,0,85,0,39,0,6,0,0,0,0,0,0,0,0,0,0,1,0,0,0,0
0,0,0,0,0,0,0,0,0,0,0,0,0,0,0,0,0,0,0,0,0,0,0,0,0,0,0,0,0,0,0,0,0,2,0,0,11,0,17,0,48,0,101,0,241,0,544,0,1168,0,2244,0,4576,0,8717,0,15506,0,26949,0,44513,0,70716,0,109150,0,160800,0,226349,0,307959,0,400902,502955,0,604500,0,698812,0,778269,0,827995,0,847934,0,833110,0,785828,0,712879,0,619375,0,515803,0,413469,0,318399,0,235577,0,168349,0,115784,0,76796,0,48988,29575,0,17901,0,10076,0,5391,0,2745,0,1379,0,624,0,256,0,80,0,36,0,10,0,0,0,0,0,0,0,0,0,0,1,0,0,0,0
0,0,0,0,0,0,0,0,0,0,0,0,0,0,0,0,0,0,0,0,0,0,0,0,0,0,0,0,0,0,0,0,0,1,0,3,10,0,13,0,44,0,106,0,250,0,548,0,1095,0,2330,0,4537,0,8420,0,15458,0,26688,0,43978,0,70139,0,108557,0,159496,0,225462,0,306813,0,399961,499980,0,603466,0,698376,0,775267,0,828188,0,847558,0,833841,0,787528,0,714218,0,620413,0,518541,0,414628,0,319368,0,237222,0,169452,0,116495,0,77186,0,49237,29850,0,17965,0,10184,0,5389,0,2744,0,1398,0,614,0,255,0,87,0,39,0,10,0,0,0,0,0,0,0,0,0,0,1,0,0,0,0
0,0,0,0,0,0,0,0,0,0,0,0,0,0,0,0,0,0,0,0,0,0,0,0,0,0,0,0,0,0,0,0,0,1,0,4,6,0,15,0,41,0,120,0,246,0,526,0,1085,0,2315,0,4503,0,8275,0,15308,0,26241,0,43794,0,69902,0,107264,0,158913,0,224792,0,304771,0,398153,498958,0,601072,0,697106,0,774931,0,827295,0,848230,0,833557,0,788097,0,715733,0,623147,0,518314,0,417650,0,320789,0,238801,0,169601,0,117825,0,77240,0,49465,30472,0,18031,0,10165,0,5465,0,2771,0,1431,0,575,0,267,0,101,0,33,0,9,0,2,0,0,0,0,0,0,0,0,0,1,0,0,0
0,0,0,0,0,0,0,0,0,0,0,0,0,0,0,0,0,0,0,0,0,0,0,0,0,0,0,0,0,0,0,0,0,0,0,5,4,0,23,0,30,0,136,0,226,0,506,0,1097,0,2308,0,4366,0,8306,0,14899,0,26076,0,43409,0,69543,0,106890,0,157833,0,223465,0,303237,0,396779,497113,0,599124,0,695504,0,773632,0,827017,0,848336,0,833813,0,790088,0,716924,0,623881,0,521401,0,418621,0,322584,0,239683,0,171267,0,117856,0,77767,0,50089,30453,0,18073,0,10223,0,5494,0,2943,0,1379,0,631,0,236,0,95,0,31,0,10,0,2,0,0,0,0,0,0,0,0,1,0,0,0,0
0,0,0,0,0,0,0,0,0,0,0,0,0,0,0,0,0,0,0,0,0,0,0,0,0,0,0,0,0,0,0,0,0,0,0,4,5,0,19,0,34,0,114,0,248,0,495,0,1141,0,2132,0,4374,0,8270,0,14859,0,25739,0,43242,0,68937,0,106048,0,156666,0,222236,0,301902,0,395399,496087,0,596337,0,693321,0,772946,0,826106,0,848783,0,835693,0,791190,0,718833,0,624844,0,522972,0,419622,0,324431,0,240784,0,172182,0,118402,0,78765,0,50157,30600,0,18238,0,10394,0,5518,0,2899,0,1408,0,649,0,252,0,85,0,35,0,10,0,1,0,0,0,0,0,0,0,0,1,0,0,0,0
0,0,0,0,0,0,0,0,0,0,0,0,0,0,0,0,0,0,0,0,0,0,0,0,0,0,0,0,0,0,0,0,0,0,0,2,6,0,17,0,45,0,104,0,231,0,537,0,1071,0,2123,0,4322,0,8138,0,14706,0,25884,0,42670,0,68685,0,105386,0,155064,0,220665,0,301147,0,393373,493620,0,595640,0,691879,0,770953,0,825953,0,849202,0,836004,0,793438,0,719309,0,626340,0,524289,0,422597,0,325773,0,241490,0,173379,0,118826,0,79431,0,50457,30870,0,18420,0,10411,0,5590,0,2850,0,1451,0,665,0,268,0,84,0,30,0,12,0,1,0,0,0,0,0,0,0,0,1,0,0,0,0
0,0,0,0,0,0,0,0,0,0,0,0,0,0,0,0,0,0,0,0,0,0,0,0,0,0,0,0,0,0,0,0,0,0,0,4,3,0,24,0,39,0,96,0,228,0,497,0,1093,0,2114,0,4305,0,8061,0,14566,0,25538,0,42313,0,68154,0,104498,0,154577,0,219298,0,299293,0,391480,492051,0,593958,0,691069,0,769155,0,825387,0,849787,0,836953,0,794223,0,721048,0,627469,0,527056,0,422961,0,327361,0,243095,0,174075,0,119802,0,79862,0,50653,31091,0,18716,0,10440,0,5572,0,2943,0,1425,0,663,0,286,0,79,0,32,0,13,0,2,0,0,0,0,0,0,0,0,1,0,0,0,0
0,0,0,0,0,0,0,0,0,0,0,0,0,0,0,0,0,0,0,0,0,0,0,0,0,0,0,0,0,0,0,0,0,0,0,2,6,0,16,0,42,0,91,0,219,0,512,0,1070,0,2054,0,4364,0,7865,0,14450,0,25257,0,42119,0,67232,0,104086,0,153259,0,218483,0,297955,0,389760,490127,0,592646,0,689484,0,768338,0,824259,0,849763,0,838528,0,793882,0,722000,0,630545,0,528005,0,425111,0,328933,0,244233,0,175073,0,120678,0,79881,0,51260,31375,0,18812,0,10555,0,5578,0,2945,0,1488,0,647,0,289,0,84,0,33,0,11,0,3,0,0,0,0,0,0,0,0,1,0,0,0,0
0,0,0,0,0,0,0,0,0,0,0,0,0,0,0,0,0,0,0,0,0,0,0,0,0,0,0,0,0,0,0,0,0,0,0,3,4,0,19,0,40,0,108,0,203,0,493,0,1027,0,2113,0,4178,0,7987,0,14354,0,24869,0,41745,0,66670,0,103022,0,152707,0,217441,0,296463,0,387574,488774,0,591244,0,687961,0,766808,0,825788,0,847530,0,839217,0,796177,0,722535,0,631615,0,530243,0,427190,0,330299,0,245436,0,175764,0,121102,0,80737,0,51780,31421,0,18847,0,10697,0,5700,0,2953,0,1495,0,659,0,279,0,88,0,37,0,11,0,1,0,0,0,0,0,0,0,0,0,1,0,0,0
0,0,0,0,0,0,0,0,0,0,0,0,0,0,0,0,0,0,0,0,0,0,0,0,0,0,0,0,0,0,0,0,0,1,0,3,4,0,14,0,41,0,101,0,201,0,472,0,1019,0,2104,0,4150,0,7963,0,14218,0,24624,0,41028,0,66457,0,102672,0,151096,0,216697,0,294484,0,385975,487706,0,589846,0,685371,0,766699,0,823980,0,848843,0,838945,0,797577,0,723948,0,632989,0,532027,0,429090,0,331361,0,246680,0,177105,0,122022,0,81171,0,51954,31725,0,19068,0,10572,0,5869,0,2974,0,1486,0,652,0,276,0,104,0,33,0,8,0,3,0,0,0,0,0,0,0,0,1,0,0,0,0
0,0,0,0,0,0,0,0,0,0,0,0,0,0,0,0,0,0,0,0,0,0,0,0,0,0,0,0,0,0,0,1,0,0,0,1,6,0,17,0,36,0,105,0,186,0,498,0,1036,0,2130,0,4038,0,7900,0,14028,0,24228,0,40929,0,65929,0,102257,0,150289,0,214697,0,293294,0,384739,485815,0,588125,0,684321,0,765480,0,823309,0,848116,0,840629,0,797285,0,725796,0,634333,0,535446,0,429958,0,332664,0,247754,0,178132,0,122481,0,81775,0,52070,32241,0,19008,0,10835,0,5922,0,3002,0,1478,0,662,0,273,0,112,0,27,0,11,0,4,0,0,0,0,0,0,0,0,0,1,0,0,0
0,0,0,0,0,0,0,0,0,0,0,0,0,0,0,0,0,0,0,0,0,0,0,0,0,0,0,0,0,0,0,1,0,0,0,1,8,0,15,0,37,0,103,0,207,0,479,0,1035,0,2045,0,4031,0,7737,0,14003,0,23916,0,40723,0,65382,0,101408,0,149291,0,213703,0,291421,0,383590,484287,0,585775,0,683092,0,765329,0,821084,0,848705,0,840514,0,798311,0,728288,0,636568,0,536307,0,431431,0,334219,0,249831,0,178214,0,123750,0,82064,0,52484,32331,0,19192,0,10966,0,5952,0,3011,0,1464,0,684,0,265,0,108,0,32,0,12,0,2,0,0,0,0,0,0,0,0,0,1,0,0,0
0,0,0,0,0,0,0,0,0,0,0,0,0,0,0,0,0,0,0,0,0,0,0,0,0,0,0,0,0,0,0,0,0,1,0,2,6,0,20,0,28,0,96,0,224,0,483,0,969,0,2031,0,4036,0,7571,0,13832,0,23837,0,40370,0,64989,0,100367,0,149131,0,211644,0,290394,0,381588,482149,0,584953,0,681833,0,763764,0,820659,0,848769,0,840315,0,800020,0,730278,0,638746,0,537344,0,432328,0,336107,0,250497,0,179994,0,123925,0,82565,0,53093,32670,0,19156,0,11080,0,5908,0,3042,0,1474,0,680,0,277,0,110,0,38,0,12,0,3,0,0,0,0,0,0,0,0,0,1,0,0,0
0,0,0,0,0,0,0,0,0,0,0,0,0,0,0,0,0,0,0,0,0,0,0,0,0,0,0,0,0,0,0,0,0,0,0,3,6,0,18,0,35,0,83,0,229,0,456,0,973,0,1980,0,3993,0,7469,0,13794,0,23607,0,40072,0,64472,0,99391,0,148078,0,210671,0,289601,0,379345,480404,0,583640,0,680327,0,762801,0,819792,0,847767,0,842523,0,800594,0,731564,0,640732,0,538434,0,433938,0,337066,0,252918,0,180885,0,124505,0,82984,0,53252,33058,0,19278,0,10981,0,6028,0,3057,0,1483,0,679,0,285,0,106,0,39,0,10,0,2,0,0,0,0,0,0,0,0,0,1,0,0,0
0,0,0,0,0,0,0,0,0,0,0,0,0,0,0,0,0,0,0,0,0,0,0,0,0,0,0,0,0,0,0,0,0,0,0,2,5,0,12,0,41,0,89,0,202,0,475,0,981,0,1972,0,3883,0,7491,0,13489,0,23644,0,39638,0,63785,0,99180,0,146997,0,209992,0,287166,0,377830,478128,0,583100,0,678443,0,761584,0,819491,0,848373,0,842206,0,800982,0,733082,0,642030,0,540286,0,436614,0,338209,0,254729,0,181419,0,125264,0,83750,0,53520,33031,0,19541,0,11043,0,5998,0,3079,0,1520,0,684,0,264,0,109,0,42,0,11,0,2,0,0,0,0,0,0,0,0,0,1,0,0,0
0,0,0,0,0,0,0,0,0,0,0,0,0,0,0,0,0,0,0,0,0,0,0,0,0,0,0,0,0,0,0,0,0,0,0,0,7,0,13,0,36,0,85,0,201,0,491,0,964,0,1911,0,3851,0,7290,0,13605,0,23500,0,39008,0,63769,0,98088,0,146332,0,208629,0,285622,0,376564,476700,0,580633,0,678206,0,760255,0,818588,0,848213,0,842481,0,803109,0,732699,0,643700,0,542505,0,438076,0,340519,0,255102,0,182450,0,126614,0,84017,0,53656,33318,0,19605,0,11188,0,6119,0,3053,0,1541,0,656,0,276,0,112,0,39,0,8,0,4,0,0,0,0,0,0,0,0,0,1,0,0,0
0,0,0,0,0,0,0,0,0,0,0,0,0,0,0,0,0,0,0,0,0,0,0,0,0,0,0,0,0,0,0,0,0,0,0,0,8,0,18,0,29,0,86,0,194,0,497,0,943,0,1925,0,3766,0,7368,0,13376,0,23143,0,39001,0,63256,0,97338,0,145054,0,207642,0,284573,0,375206,474979,0,578957,0,676512,0,758552,0,818434,0,848663,0,842857,0,802971,0,734399,0,645316,0,544386,0,439529,0,342067,0,256012,0,184291,0,127213,0,84590,0,53968,33327,0,19741,0,11357,0,6066,0,3104,0,1574,0,681,0,280,0,109,0,39,0,7,0,4,0,0,0,0,0,0,0,0,0,1,0,0,0
0,0,0,0,0,0,0,0,0,0,0,0,0,0,0,0,0,0,0,0,0,0,0,0,0,0,0,0,0,0,0,0,0,0,0,1,5,0,16,0,39,0,82,0,196,0,455,0,927,0,1911,0,3720,0,7289,0,13326,0,22861,0,38630,0,62626,0,97293,0,143968,0,205823,0,283119,0,373664,474526,0,576247,0,674877,0,758098,0,818574,0,846743,0,844301,0,804590,0,735097,0,645931,0,546562,0,441631,0,344045,0,257204,0,185033,0,127761,0,85205,0,54049,33798,0,19827,0,11403,0,6170,0,3102,0,1555,0,703,0,265,0,108,0,40,0,9,0,3,0,0,0,0,0,0,0,0,0,1,0,0,0
0,0,0,0,0,0,0,0,0,0,0,0,0,0,0,0,0,0,0,0,0,0,0,0,0,0,0,0,0,0,0,0,0,0,0,0,5,0,21,0,32,0,81,0,182,0,443,0,938,0,1854,0,3814,0,7103,0,13015,0,22656,0,38744,0,61844,0,96525,0,143693,0,204784,0,281460,0,371905,471795,0,575195,0,673931,0,757061,0,816595,0,848439,0,843621,0,806043,0,736359,0,648452,0,547106,0,443427,0,345704,0,258324,0,186082,0,128565,0,85240,0,54801,34032,0,20028,0,11439,0,6284,0,3111,0,1543,0,699,0,280,0,101,0,39,0,11,0,2,0,0,0,0,0,0,0,0,0,1,0,0,0
0,0,0,0,0,0,0,0,0,0,0,0,0,0,0,0,0,0,0,0,0,0,0,0,0,0,0,0,0,0,0,0,0,0,0,2,3,0,18,0,43,0,72,0,196,0,401,0,884,0,1939,0,3672,0,7046,0,12881,0,22589,0,38488,0,61749,0,95703,0,141752,0,204257,0,279915,0,371175,469683,0,573146,0,672668,0,755667,0,816623,0,847644,0,844430,0,805539,0,738779,0,650132,0,549219,0,445046,0,346569,0,259867,0,186821,0,129601,0,86012,0,55285,34060,0,20218,0,11444,0,6234,0,3247,0,1545,0,717,0,273,0,100,0,41,0,11,0,2,0,0,0,0,0,0,0,0,0,1,0,0,0
0,0,0,0,0,0,0,0,0,0,0,0,0,0,0,0,0,0,0,0,0,0,0,0,0,0,0,0,0,0,0,0,0,0,0,1,2,0,21,0,37,0,82,0,189,0,392,0,893,0,1883,0,3717,0,6996,0,12682,0,22258,0,38374,0,61240,0,94976,0,141390,0,202544,0,278656,0,368706,468468,0,571907,0,670815,0,754469,0,816544,0,847945,0,844041,0,806705,0,739414,0,652519,0,550817,0,446684,0,347941,0,260903,0,188235,0,129947,0,86855,0,55719,34242,0,20577,0,11375,0,6220,0,3256,0,1606,0,731,0,266,0,116,0,34,0,15,0,3,0,0,0,0,0,0,0,0,0,1,0,0,0
0,0,0,0,0,0,0,0,0,0,0,0,0,0,0,0,0,0,0,0,0,0,0,0,0,0,0,0,0,0,0,0,0,0,0,1,3,0,10,0,40,0,82,0,193,0,389,0,841,0,1830,0,3708,0,6878,0,12594,0,22323,0,37774,0,60868,0,94192,0,140906,0,201167,0,276860,0,366966,466905,0,571121,0,669161,0,753280,0,816238,0,847663,0,842957,0,808868,0,741225,0,653328,0,552607,0,448019,0,350414,0,261962,0,188671,0,130663,0,87329,0,56382,34607,0,20513,0,11535,0,6268,0,3289,0,1610,0,717,0,287,0,111,0,34,0,15,0,4,0,0,0,0,0,0,0,0,0,1,0,0,0
0,0,0,0,0,0,0,0,0,0,0,0,0,0,0,0,0,0,0,0,0,0,0,0,0,0,0,0,0,0,0,0,0,0,0,0,3,0,14,0,35,0,76,0,171,0,384,0,853,0,1815,0,3680,0,6913,0,12409,0,21945,0,37590,0,60182,0,93632,0,140138,0,200136,0,276265,0,364659,465606,0,568331,0,668292,0,752185,0,815364,0,847291,0,845340,0,807782,0,743468,0,654911,0,553913,0,449934,0,351315,0,262877,0,190372,0,131230,0,88006,0,56405,35045,0,20656,0,11689,0,6379,0,3319,0,1620,0,725,0,290,0,102,0,40,0,18,0,3,0,0,0,0,0,0,0,0,0,1,0,0,0
0,0,0,0,0,0,0,0,0,0,0,0,0,0,0,0,0,0,0,0,0,0,0,0,0,0,0,0,0,0,0,0,0,0,0,0,1,0,16,0,29,0,79,0,168,0,379,0,868,0,1755,0,3589,0,6829,0,12450,0,21878,0,36977,0,59900,0,93107,0,138688,0,199443,0,274172,0,364520,463321,0,566065,0,666709,0,751315,0,814804,0,846137,0,846120,0,808813,0,745226,0,656787,0,556032,0,451328,0,352710,0,264315,0,191240,0,132008,0,88551,0,56754,35190,0,20844,0,11707,0,6363,0,3429,0,1579,0,750,0,291,0,114,0,36,0,20,0,2,0,0,0,0,0,0,0,0,1,0,0,0,0
0,0,0,0,0,0,0,0,0,0,0,0,0,0,0,0,0,0,0,0,0,0,0,0,0,0,0,0,0,0,0,0,0,0,0,0,3,0,13,0,32,0,75,0,186,0,358,0,856,0,1744,0,3402,0,6822,0,12360,0,21618,0,36848,0,59141,0,92387,0,138042,0,198328,0,273038,0,363565,460656,0,564977,0,664570,0,750806,0,812495,0,848028,0,845819,0,809543,0,746987,0,658535,0,557268,0,453436,0,354466,0,265354,0,191463,0,133119,0,88949,0,57319,35320,0,20916,0,11842,0,6548,0,3335,0,1641,0,741,0,274,0,115,0,47,0,19,0,2,0,0,0,0,0,0,0,0,0,1,0,0,0
0,0,0,0,0,0,0,0,0,0,0,0,0,0,0,0,0,0,0,0,0,0,0,0,0,0,0,0,0,0,0,0,0,0,0,0,2,0,11,0,37,0,65,0,168,0,408,0,778,0,1730,0,3426,0,6648,0,12220,0,21400,0,36504,0,58884,0,91594,0,137035,0,197113,0,272425,0,361183,459721,0,563206,0,663486,0,748202,0,813768,0,846431,0,846369,0,811252,0,748186,0,659259,0,558932,0,455922,0,356057,0,266523,0,192296,0,134057,0,89155,0,57554,35677,0,20959,0,11909,0,6606,0,3393,0,1641,0,770,0,269,0,109,0,52,0,14,0,2,0,0,0,0,0,0,0,0,0,1,0,0,0
0,0,0,0,0,0,0,0,0,0,0,0,0,0,0,0,0,0,0,0,0,0,0,0,0,0,0,0,0,0,0,0,0,0,0,0,2,0,9,0,34,0,69,0,168,0,372,0,801,0,1728,0,3400,0,6469,0,12118,0,21243,0,36162,0,58572,0,90762,0,136226,0,195803,0,271129,0,359181,459012,0,561169,0,661146,0,747721,0,812803,0,847136,0,846040,0,813788,0,747666,0,661720,0,560894,0,456547,0,357282,0,268760,0,193277,0,134854,0,89373,0,58044,35811,0,21091,0,12130,0,6698,0,3302,0,1661,0,769,0,283,0,120,0,46,0,13,0,4,0,0,0,0,0,0,0,0,0,1,0,0,0
0,0,0,0,0,0,0,0,0,0,0,0,0,0,0,0,0,0,0,0,0,0,0,0,0,0,0,0,0,0,0,0,0,0,0,0,3,0,10,0,34,0,61,0,166,0,389,0,815,0,1647,0,3344,0,6489,0,12026,0,21026,0,35761,0,58016,0,90473,0,135197,0,194661,0,269209,0,358210,458014,0,559521,0,660042,0,746241,0,811517,0,846559,0,847596,0,813208,0,749992,0,662082,0,562736,0,459981,0,357769,0,269416,0,195014,0,135317,0,90238,0,58019,36069,0,21326,0,12210,0,6764,0,3336,0,1665,0,766,0,305,0,102,0,49,0,10,0,7,0,0,0,0,0,0,0,0,0,1,0,0,0
0,0,0,0,0,0,0,0,0,0,0,0,0,0,0,0,0,0,0,0,0,0,0,0,0,0,0,0,0,0,0,0,0,0,0,1,1,0,13,0,31,0,50,0,176,0,362,0,808,0,1643,0,3360,0,6401,0,11820,0,20861,0,35579,0,57712,0,89534,0,134206,0,194001,0,268330,0,356412,455563,0,558620,0,657577,0,746476,0,809787,0,846479,0,847240,0,814684,0,751798,0,663446,0,564120,0,461787,0,359612,0,270260,0,196116,0,136004,0,91147,0,58527,35985,0,21594,0,12172,0,6830,0,3372,0,1683,0,735,0,319,0,113,0,40,0,13,0,7,0,1,0,0,0,0,0,0,0,1,0,0,0
0,0,0,0,0,0,0,0,0,0,0,0,0,0,0,0,0,0,0,0,0,0,0,0,0,0,0,0,0,0,0,0,0,0,0,0,3,0,10,0,32,0,53,0,168,0,349,0,813,0,1643,0,3368,0,6178,0,11777,0,20651,0,35380,0,57331,0,88831,0,133578,0,192327,0,266673,0,355411,454761,0,556099,0,657040,0,744816,0,808938,0,845834,0,847263,0,816634,0,751760,0,666050,0,566353,0,462205,0,362332,0,271068,0,197122,0,136379,0,92039,0,58763,36309,0,21764,0,12067,0,6921,0,3376,0,1675,0,755,0,324,0,123,0,47,0,9,0,5,0,1,0,0,0,0,0,0,0,1,0,0,0
0,0,0,0,0,0,0,0,0,0,0,0,0,0,0,0,0,0,0,0,0,0,0,0,0,0,0,0,0,0,0,0,0,0,0,1,2,0,8,0,28,0,67,0,139,0,359,0,815,0,1613,0,3264,0,6293,0,11517,0,20542,0,34957,0,56844,0,88316,0,132347,0,191278,0,266340,0,352736,452688,0,555646,0,655366,0,743999,0,808247,0,845325,0,848500,0,815562,0,753509,0,668205,0,568428,0,462860,0,364259,0,272712,0,197445,0,137604,0,92433,0,59265,36494,0,21719,0,12415,0,6854,0,3523,0,1620,0,752,0,319,0,122,0,53,0,13,0,4,0,1,0,0,0,0,0,0,0,1,0,0,0
0,0,0,0,0,0,0,0,0,0,0,0,0,0,0,0,0,0,0,0,0,0,0,0,0,0,0,0,0,0,0,0,0,0,0,2,0,0,11,0,36,0,53,0,127,0,392,0,784,0,1617,0,3220,0,6203,0,11529,0,20508,0,34494,0,56268,0,87775,0,131239,0,190646,0,265055,0,351750,449979,0,554472,0,654255,0,741091,0,809350,0,844103,0,849104,0,816294,0,755199,0,669279,0,569661,0,465522,0,365193,0,274455,0,198346,0,138609,0,92833,0,59295,36778,0,22115,0,12418,0,6907,0,3552,0,1589,0,775,0,328,0,121,0,54,0,18,0,2,0,1,0,1,0,0,0,0,0,1,0,0,0
0,0,0,0,0,0,0,0,0,0,0,0,0,0,0,0,0,0,0,0,0,0,0,0,0,0,0,0,0,0,0,0,0,1,0,1,1,0,10,0,24,0,68,0,141,0,371,0,775,0,1581,0,3170,0,6124,0,11404,0,20261,0,34318,0,55722,0,87176,0,130769,0,189024,0,263033,0,351075,449603,0,552622,0,650810,0,740408,0,807762,0,846246,0,848420,0,817836,0,755154,0,670731,0,572334,0,467933,0,365648,0,275706,0,199360,0,139323,0,93059,0,60457,36688,0,22237,0,12675,0,6816,0,3553,0,1693,0,795,0,286,0,130,0,49,0,21,0,2,0,1,0,0,0,1,0,0,0,1,0,0,0
0,0,0,0,0,0,0,0,0,0,0,0,0,0,0,0,0,0,0,0,0,0,0,0,0,0,0,0,0,0,0,0,0,2,0,0,2,0,6,0,30,0,56,0,136,0,355,0,773,0,1574,0,3103,0,6039,0,11365,0,19977,0,34056,0,55428,0,86311,0,130628,0,187623,0,261682,0,350066,448302,0,551191,0,649599,0,738933,0,805685,0,846644,0,847671,0,819626,0,756872,0,672088,0,574177,0,468579,0,367052,0,276689,0,201398,0,139772,0,93700,0,60433,37215,0,22382,0,12725,0,6908,0,3518,0,1773,0,764,0,292,0,134,0,44,0,24,0,4,0,1,0,0,0,1,0,0,0,1,0,0,0
0,0,0,0,0,0,0,0,0,0,0,0,0,0,0,0,0,0,0,0,0,0,0,0,0,0,0,0,0,0,0,0,0,2,0,1,1,0,13,0,15,0,66,0,138,0,311,0,775,0,1579,0,3151,0,5987,0,11257,0,19882,0,33457,0,54787,0,86010,0,129771,0,186858,0,260115,0,348251,446329,0,550210,0,649575,0,735941,0,805769,0,845346,0,849235,0,819394,0,757853,0,674886,0,575307,0,470134,0,368347,0,278473,0,202019,0,140782,0,93793,0,61027,37762,0,22509,0,12669,0,7020,0,3549,0,1729,0,795,0,309,0,141,0,50,0,23,0,3,0,1,0,0,0,1,0,0,0,1,0,0,0
0,0,0,0,0,0,0,0,0,0,0,0,0,0,0,0,0,0,0,0,0,0,0,0,0,0,0,0,0,0,0,0,0,3,0,0,0,0,10,0,21,0,61,0,130,0,294,0,776,0,1514,0,3169,0,5997,0,11027,0,19738,0,33329,0,54479,0,85281,0,128756,0,186437,0,258505,0,346161,444838,0,547711,0,648686,0,735929,0,805193,0,844106,0,849542,0,819853,0,760428,0,676188,0,576114,0,471790,0,369081,0,280617,0,203254,0,140957,0,94998,0,61079,38237,0,22592,0,12825,0,7042,0,3599,0,1738,0,770,0,342,0,128,0,57,0,21,0,4,0,0,0,0,0,1,0,0,0,1,0,0,0
0,0,0,0,0,0,0,0,0,0,0,0,0,0,0,0,0,0,0,0,0,0,0,0,0,0,0,0,0,0,0,0,0,2,0,1,2,0,5,0,28,0,59,0,121,0,316,0,735,0,1586,0,3116,0,5748,0,11124,0,19440,0,33167,0,53977,0,84654,0,127701,0,185741,0,257101,0,344111,444008,0,546017,0,646520,0,736175,0,803719,0,843325,0,849626,0,821786,0,761213,0,677060,0,578463,0,472634,0,371650,0,281534,0,204121,0,142077,0,95174,0,61724,38511,0,22586,0,12916,0,7093,0,3636,0,1766,0,794,0,332,0,141,0,51,0,14,0,5,0,1,0,0,0,1,0,0,0,1,0,0,0
0,0,0,0,0,0,0,0,0,0,0,0,0,0,0,0,0,0,0,0,0,0,0,0,0,0,0,0,0,0,0,0,0,0,0,3,3,0,2,0,23,0,71,0,119,0,308,0,716,0,1568,0,3048,0,5838,0,10898,0,19221,0,32978,0,53530,0,84098,0,127126,0,184303,0,255866,0,343496,440949,0,543711,0,646522,0,734282,0,803952,0,842061,0,850139,0,822396,0,763209,0,678290,0,579667,0,473797,0,374544,0,282382,0,204841,0,142552,0,96038,0,62654,38349,0,22848,0,13042,0,7168,0,3684,0,1760,0,816,0,349,0,128,0,41,0,14,0,5,0,2,0,1,0,0,0,0,0,1,0,0,0
0,0,0,0,0,0,0,0,0,0,0,0,0,0,0,0,0,0,0,0,0,0,0,0,0,0,0,0,0,0,0,0,0,0,0,3,3,0,6,0,18,0,61,0,130,0,311,0,710,0,1476,0,3109,0,5742,0,10646,0,19027,0,32999,0,52844,0,83466,0,125846,0,183566,0,255267,0,341572,439361,0,542443,0,644335,0,733863,0,802192,0,843208,0,850334,0,822159,0,764260,0,680400,0,581337,0,475977,0,375168,0,284106,0,205891,0,142937,0,96656,0,63042,38783,0,23016,0,13126,0,7156,0,3766,0,1744,0,820,0,336,0,128,0,37,0,19,0,3,0,2,0,1,0,0,0,0,0,1,0,0,0
0,0,0,0,0,0,0,0,0,0,0,0,0,0,0,0,0,0,0,0,0,0,0,0,0,0,0,0,0,0,0,0,0,1,0,1,2,0,10,0,20,0,49,0,129,0,305,0,711,0,1455,0,3050,0,5673,0,10748,0,18833,0,32312,0,52723,0,82561,0,125488,0,182798,0,253726,0,340553,437436,0,540599,0,643327,0,732383,0,801285,0,843146,0,850221,0,823292,0,765657,0,681025,0,582808,0,479019,0,376179,0,284839,0,207045,0,143880,0,97380,0,62908,39146,0,23225,0,13298,0,7233,0,3822,0,1758,0,808,0,342,0,134,0,42,0,17,0,3,0,1,0,2,0,0,0,0,0,1,0,0,0
0,0,0,0,0,0,0,0,0,0,0,0,0,0,0,0,0,0,0,0,0,0,0,0,0,0,0,0,0,0,0,0,0,1,0,0,2,0,11,0,26,0,43,0,124,0,286,0,710,0,1461,0,2961,0,5720,0,10459,0,18836,0,32103,0,52350,0,82306,0,124639,0,181226,0,252824,0,338732,436136,0,539242,0,641158,0,731864,0,800642,0,842254,0,850759,0,824048,0,764950,0,684189,0,584266,0,480832,0,377613,0,286023,0,207988,0,144907,0,97848,0,63518,39224,0,23493,0,13368,0,7293,0,3834,0,1787,0,799,0,357,0,127,0,48,0,13,0,4,0,2,0,2,0,0,0,0,0,1,0,0,0
0,0,0,0,0,0,0,0,0,0,0,0,0,0,0,0,0,0,0,0,0,0,0,0,0,0,0,0,0,0,0,0,0,1,0,0,4,0,6,0,25,0,40,0,118,0,305,0,640,0,1454,0,2984,0,5592,0,10440,0,18597,0,31798,0,51968,0,81475,0,124076,0,180679,0,251024,0,337259,434860,0,536944,0,640368,0,729631,0,801472,0,841714,0,850180,0,824928,0,767401,0,685075,0,585959,0,481945,0,379574,0,286649,0,208999,0,146012,0,98290,0,63673,39904,0,23551,0,13340,0,7386,0,3868,0,1842,0,792,0,355,0,151,0,38,0,15,0,4,0,2,0,1,0,0,0,0,0,1,0,0,0
0,0,0,0,0,0,0,0,0,0,0,0,0,0,0,0,0,0,0,0,0,0,0,0,0,0,0,0,0,0,0,1,0,0,0,1,4,0,9,0,15,0,60,0,127,0,245,0,661,0,1424,0,2962,0,5558,0,10332,0,18305,0,31585,0,51261,0,81423,0,123133,0,179196,0,250108,0,335822,433675,0,535717,0,638370,0,728571,0,800124,0,841674,0,850775,0,825907,0,767720,0,686994,0,587328,0,483527,0,381477,0,287827,0,209539,0,147046,0,98793,0,64028,40023,0,23886,0,13677,0,7383,0,3833,0,1900,0,809,0,346,0,163,0,49,0,8,0,5,0,1,0,1,0,0,0,0,0,1,0,0,0
0,0,0,0,0,0,0,0,0,0,0,0,0,0,0,0,0,0,0,0,0,0,0,0,0,0,0,0,0,0,0,1,0,0,0,1,3,0,8,0,22,0,44,0,116,0,281,0,640,0,1447,0,2831,0,5507,0,10257,0,18225,0,31076,0,51052,0,81043,0,122126,0,177632,0,249912,0,333768,432652,0,533861,0,637116,0,726863,0,798660,0,842703,0,850299,0,826801,0,769181,0,687360,0,589804,0,485069,0,383089,0,289053,0,210854,0,147543,0,99304,0,64549,40152,0,24054,0,13817,0,7487,0,3856,0,1896,0,833,0,351,0,138,0,46,0,19,0,4,0,1,0,1,0,0,0,0,0,0,1,0,0
0,0,0,0,0,0,0,0,0,0,0,0,0,0,0,0,0,0,0,0,0,0,0,0,0,0,0,0,0,0,0,0,0,1,0,0,6,0,8,0,19,0,41,0,111,0,302,0,640,0,1364,0,2813,0,5553,0,10177,0,18050,0,30618,0,50861,0,80138,0,121578,0,177316,0,247865,0,333257,429671,0,532945,0,634885,0,727118,0,797463,0,841528,0,850411,0,827819,0,771309,0,688562,0,590859,0,486932,0,384180,0,290523,0,212141,0,147899,0,100423,0,64634,40533,0,24128,0,13922,0,7464,0,4019,0,1893,0,852,0,365,0,136,0,56,0,16,0,3,0,0,0,1,0,0,0,0,0,1,0,0,0
0,0,0,0,0,0,0,0,0,0,0,0,0,0,0,0,0,0,0,0,0,0,0,0,0,0,0,0,0,0,0,0,0,0,0,2,3,0,11,0,20,0,42,0,131,0,290,0,593,0,1359,0,2797,0,5454,0,10192,0,17782,0,30766,0,50129,0,79570,0,120804,0,176162,0,246927,0,331176,428294,0,530804,0,634406,0,725525,0,797130,0,839773,0,852618,0,828207,0,771648,0,690567,0,592380,0,487696,0,386448,0,291362,0,212878,0,149111,0,100896,0,65555,40659,0,24267,0,13937,0,7653,0,4016,0,1936,0,872,0,336,0,149,0,54,0,18,0,2,0,0,0,1,0,0,0,0,0,0,1,0,0
0,0,0,0,0,0,0,0,0,0,0,0,0,0,0,0,0,0,0,0,0,0,0,0,0,0,0,0,0,0,0,0,0,1,0,1,2,0,10,0,23,0,47,0,113,0,268,0,648,0,1318,0,2757,0,5358,0,10119,0,17642,0,30323,0,49985,0,79191,0,119526,0,175244,0,245559,0,329542,427487,0,528398,0,633992,0,724016,0,794789,0,841120,0,851892,0,828300,0,772837,0,692929,0,594538,0,489351,0,386548,0,293461,0,214244,0,149753,0,101465,0,66091,40757,0,24498,0,14022,0,7851,0,3983,0,1980,0,840,0,373,0,143,0,45,0,23,0,4,0,1,0,0,0,0,0,0,0,0,1,0,0
0,0,0,0,0,0,0,0,0,0,0,0,0,0,0,0,0,0,0,0,0,0,0,0,0,0,0,0,0,0,0,1,0,0,0,2,2,0,10,0,18,0,48,0,109,0,289,0,619,0,1284,0,2749,0,5374,0,9938,0,17371,0,30238,0,49697,0,78237,0,119221,0,174050,0,243849,0,329360,424761,0,528420,0,630389,0,723253,0,793598,0,840834,0,852774,0,829446,0,774161,0,693281,0,596472,0,491508,0,388282,0,294176,0,215315,0,150535,0,102204,0,66095,41363,0,24578,0,14205,0,7824,0,3980,0,2024,0,879,0,373,0,138,0,46,0,22,0,4,0,2,0,0,0,0,0,0,0,0,1,0,0
0,0,0,0,0,0,0,0,0,0,0,0,0,0,0,0,0,0,0,0,0,0,0,0,0,0,0,0,0,1,0,0,0,0,0,1,1,0,14,0,13,0,52,0,112,0,273,0,620,0,1258,0,2753,0,5210,0,9945,0,17368,0,29877,0,49197,0,77547,0,118259,0,173642,0,242379,0,327322,425187,0,525661,0,629078,0,721117,0,793403,0,839900,0,853724,0,830688,0,774358,0,695544,0,597339,0,492953,0,390035,0,295734,0,215830,0,151536,0,102952,0,66643,41513,0,24720,0,14289,0,7817,0,4031,0,2004,0,959,0,338,0,138,0,45,0,21,0,5,0,2,0,0,0,0,0,0,0,0,1,0,0
0,0,0,0,0,0,0,0,0,0,0,0,0,0,0,0,0,0,0,0,0,0,0,0,0,0,0,0,0,0,0,1,0,0,0,1,0,0,13,0,24,0,40,0,127,0,254,0,607,0,1231,0,2741,0,5212,0,9726,0,17312,0,29863,0,48670,0,77058,0,117840,0,172250,0,241183,0,326583,422054,0,524079,0,627628,0,721228,0,791279,0,839951,0,853666,0,831605,0,776356,0,696142,0,598978,0,494128,0,391833,0,297194,0,217172,0,152296,0,103321,0,67046,41861,0,24910,0,14410,0,7924,0,4095,0,1981,0,955,0,363,0,138,0,54,0,17,0,7,0,1,0,0,0,0,0,0,0,0,1,0,0
0,0,0,0,0,0,0,0,0,0,0,0,0,0,0,0,0,0,0,0,0,0,0,0,0,0,0,0,0,0,0,1,0,0,0,0,4,0,5,0,22,0,50,0,125,0,248,0,605,0,1268,0,2673,0,5167,0,9681,0,17055,0,29491,0,48427,0,76630,0,116781,0,171642,0,240398,0,324739,419090,0,524395,0,626161,0,718343,0,791891,0,838799,0,853403,0,832678,0,777334,0,696811,0,602655,0,494935,0,393080,0,298862,0,217924,0,153456,0,103591,0,67560,42131,0,25166,0,14645,0,7844,0,4099,0,2000,0,939,0,380,0,142,0,60,0,15,0,6,0,1,0,0,0,0,0,0,0,0,1,0,0
0,0,0,0,0,0,0,0,0,0,0,0,0,0,0,0,0,0,0,0,0,0,0,0,0,0,0,0,0,0,0,1,0,0,0,0,2,0,7,0,22,0,52,0,108,0,257,0,577,0,1248,0,2705,0,5061,0,9643,0,16846,0,29185,0,48428,0,75812,0,116023,0,170602,0,238933,0,322456,418881,0,522884,0,623994,0,716490,0,791644,0,838928,0,853451,0,833345,0,777312,0,700245,0,603356,0,497131,0,393912,0,300233,0,219253,0,153812,0,104429,0,68144,42236,0,25443,0,14617,0,7971,0,4160,0,2023,0,936,0,384,0,143,0,58,0,18,0,6,0,1,0,0,0,0,0,0,0,0,1,0,0
0,0,0,0,0,0,0,0,0,0,0,0,0,0,0,0,0,0,0,0,0,0,0,0,0,0,0,0,0,1,0,0,0,0,0,0,3,0,8,0,19,0,56,0,95,0,251,0,577,0,1217,0,2658,0,5099,0,9400,0,16761,0,28873,0,47735,0,75422,0,115462,0,169483,0,237808,0,321586,416275,0,521090,0,621268,0,716772,0,790501,0,838228,0,854254,0,832855,0,780999,0,700738,0,605127,0,498982,0,395069,0,301651,0,220127,0,155129,0,104705,0,68395,42343,0,25744,0,14769,0,8167,0,4147,0,2022,0,928,0,380,0,145,0,60,0,20,0,3,0,0,0,1,0,0,0,0,0,0,1,0,0
0,0,0,0,0,0,0,0,0,0,0,0,0,0,0,0,0,0,0,0,0,0,0,0,0,0,0,0,0,0,0,1,0,0,0,1,3,0,6,0,18,0,52,0,97,0,271,0,523,0,1258,0,2542,0,5155,0,9154,0,16542,0,28742,0,47460,0,74969,0,114782,0,168444,0,236330,0,319926,416004,0,518019,0,621012,0,714438,0,789926,0,838810,0,853410,0,833835,0,781609,0,702211,0,606444,0,500404,0,397139,0,302896,0,221227,0,156149,0,105442,0,68723,42605,0,25920,0,14766,0,8287,0,4300,0,2025,0,931,0,358,0,165,0,54,0,17,0,5,0,0,0,1,0,0,0,0,0,0,1,0,0
0,0,0,0,0,0,0,0,0,0,0,0,0,0,0,0,0,0,0,0,0,0,0,0,0,0,0,0,0,0,0,1,0,0,0,2,4,0,5,0,17,0,51,0,101,0,230,0,592,0,1173,0,2519,0,5076,0,9180,0,16366,0,28364,0,47002,0,74622,0,114086,0,166987,0,235306,0,318873,413491,0,516903,0,620155,0,712234,0,789641,0,839622,0,853448,0,833569,0,782022,0,705398,0,606061,0,503275,0,397723,0,304590,0,222558,0,156874,0,106157,0,68932,43039,0,25853,0,15055,0,8255,0,4397,0,2017,0,965,0,374,0,165,0,58,0,15,0,4,0,0,0,1,0,0,0,0,0,0,1,0,0
0,0,0,0,0,0,0,0,0,0,0,0,0,0,0,0,0,0,0,0,0,0,0,0,0,0,0,0,0,1,0,0,0,0,0,4,3,0,3,0,21,0,44,0,96,0,245,0,575,0,1145,0,2541,0,4924,0,9125,0,16274,0,28120,0,46647,0,74502,0,112911,0,166179,0,233613,0,317899,412351,0,513911,0,618919,0,712556,0,788371,0,837971,0,853747,0,834919,0,782998,0,706216,0,608825,0,504175,0,400033,0,305074,0,223759,0,157584,0,106672,0,69395,43536,0,26023,0,15034,0,8509,0,4310,0,2050,0,953,0,409,0,160,0,52,0,18,0,5,0,0,0,1,0,0,0,0,0,0,1,0,0
0,0,0,0,0,0,0,0,0,0,0,0,0,0,0,0,0,0,0,0,0,0,0,0,0,0,0,0,0,0,0,1,0,0,0,2,5,0,3,0,21,0,45,0,78,0,253,0,562,0,1175,0,2501,0,4929,0,9029,0,16133,0,27931,0,46165,0,73934,0,112451,0,164393,0,232646,0,316994,410161,0,513253,0,616194,0,712790,0,787188,0,837257,0,853136,0,836287,0,784633,0,707096,0,610353,0,506594,0,400841,0,306331,0,224920,0,158012,0,107622,0,69862,43692,0,26138,0,15206,0,8517,0,4396,0,2115,0,923,0,398,0,171,0,47,0,20,0,3,0,0,0,1,0,0,0,0,0,0,1,0,0
0,0,0,0,0,0,0,0,0,0,0,0,0,0,0,0,0,0,0,0,0,0,0,0,0,0,0,0,0,0,0,1,0,0,0,2,5,0,2,0,23,0,41,0,91,0,221,0,555,0,1203,0,2493,0,4790,0,8929,0,16080,0,27401,0,46099,0,73049,0,111667,0,163809,0,231498,0,314894,408965,0,512362,0,614251,0,710604,0,787398,0,835688,0,853907,0,836615,0,786148,0,708508,0,611839,0,508205,0,402443,0,308304,0,225362,0,159226,0,107920,0,70402,44205,0,26080,0,15459,0,8542,0,4411,0,2127,0,957,0,387,0,164,0,52,0,19,0,4,0,0,0,1,0,0,0,0,0,0,1,0,0
0,0,0,0,0,0,0,0,0,0,0,0,0,0,0,0,0,0,0,0,0,0,0,0,0,0,0,0,0,0,0,1,0,0,0,2,3,0,8,0,18,0,44,0,85,0,243,0,566,0,1147,0,2450,0,4752,0,8985,0,15871,0,27231,0,45659,0,72483,0,111059,0,162736,0,230174,0,313503,407867,0,510381,0,613320,0,709707,0,785034,0,836639,0,853136,0,837123,0,787511,0,710367,0,613595,0,507654,0,405593,0,309802,0,225714,0,160172,0,108757,0,70905,44571,0,26304,0,15364,0,8733,0,4324,0,2177,0,991,0,413,0,151,0,57,0,18,0,7,0,0,0,1,0,0,0,0,0,0,1,0,0
0,0,0,0,0,0,0,0,0,0,0,0,0,0,0,0,0,0,0,0,0,0,0,0,0,0,0,0,0,0,0,1,0,0,0,2,7,0,3,0,14,0,39,0,93,0,220,0,576,0,1144,0,2323,0,4785,0,8924,0,15795,0,27149,0,45007,0,71885,0,110321,0,161984,0,229395,0,311620,406572,0,508958,0,611782,0,707327,0,784976,0,835427,0,853636,0,837596,0,789016,0,711186,0,615066,0,510130,0,406791,0,310919,0,226948,0,160901,0,109463,0,71624,44973,0,26314,0,15486,0,8701,0,4491,0,2186,0,977,0,430,0,160,0,54,0,24,0,6,0,0,0,1,0,0,0,0,0,0,1,0,0
0,0,0,0,0,0,0,0,0,0,0,0,0,0,0,0,0,0,0,0,0,0,0,0,0,0,0,0,0,1,0,0,0,1,0,1,3,0,9,0,10,0,45,0,87,0,242,0,524,0,1127,0,2344,0,4721,0,8656,0,15785,0,26903,0,44651,0,71604,0,109540,0,161177,0,228426,0,309496,404319,0,507340,0,611424,0,705877,0,783907,0,834779,0,854360,0,838415,0,788822,0,713654,0,616478,0,512642,0,407401,0,311680,0,228650,0,161591,0,110390,0,71866,44927,0,26964,0,15362,0,8818,0,4514,0,2209,0,970,0,432,0,177,0,58,0,22,0,6,0,0,0,1,0,0,0,0,0,0,1,0,0
0,0,0,0,0,0,0,0,0,0,0,0,0,0,0,0,0,0,0,0,0,0,0,0,0,0,0,0,0,0,0,1,0,1,0,1,4,0,4,0,16,0,35,0,88,0,249,0,547,0,1087,0,2287,0,4679,0,8652,0,15450,0,26763,0,44653,0,71108,0,109013,0,160030,0,226894,0,308251,403216,0,505045,0,609491,0,704783,0,783559,0,835259,0,853078,0,839275,0,790970,0,712959,0,619068,0,513951,0,409389,0,312952,0,229640,0,162522,0,110593,0,72401,45361,0,27126,0,15748,0,8661,0,4571,0,2291,0,992,0,429,0,166,0,68,0,25,0,5,0,0,0,1,0,0,0,0,0,0,1,0,0
0,0,0,0,0,0,0,0,0,0,0,0,0,0,0,0,0,0,0,0,0,0,0,0,0,0,0,0,0,0,0,1,0,2,0,0,2,0,5,0,15,0,33,0,114,0,221,0,552,0,1088,0,2278,0,4536,0,8513,0,15434,0,26583,0,44246,0,70433,0,108182,0,159562,0,225453,0,307588,401582,0,503156,0,607152,0,703876,0,782407,0,834735,0,854240,0,838855,0,791228,0,715013,0,621179,0,515320,0,411049,0,313996,0,231415,0,163350,0,111181,0,72744,45565,0,27258,0,15893,0,8810,0,4608,0,2245,0,999,0,446,0,160,0,71,0,29,0,4,0,0,0,1,0,0,0,0,0,0,1,0,0
0,0,0,0,0,0,0,0,0,0,0,0,0,0,0,0,0,0,0,0,0,0,0,0,0,0,0,0,0,0,0,1,0,1,0,1,3,0,1,0,17,0,29,0,106,0,244,0,506,0,1101,0,2269,0,4431,0,8467,0,15324,0,26381,0,43947,0,70237,0,107671,0,158008,0,224215,0,306083,400011,0,501436,0,606066,0,701146,0,782715,0,834938,0,854986,0,838999,0,791648,0,715835,0,623113,0,517115,0,412030,0,315722,0,232468,0,164612,0,111854,0,72804,45655,0,27723,0,16175,0,8722,0,4604,0,2272,0,988,0,438,0,192,0,73,0,19,0,4,0,1,0,1,0,0,0,0,0,0,1,0,0
0,0,0,0,0,0,0,0,0,0,0,0,0,0,0,0,0,0,0,0,0,0,0,0,0,0,0,0,0,0,0,0,0,1,0,2,1,0,5,0,15,0,44,0,95,0,251,0,505,0,1081,0,2246,0,4404,0,8387,0,15182,0,25990,0,43649,0,69830,0,107056,0,157393,0,222861,0,304317,398480,0,499876,0,603911,0,701086,0,781559,0,834328,0,855049,0,838964,0,793145,0,718494,0,622912,0,518857,0,413178,0,317795,0,233838,0,165608,0,112175,0,73206,45846,0,28054,0,16225,0,8873,0,4547,0,2359,0,988,0,445,0,205,0,66,0,18,0,4,0,1,0,1,0,0,0,0,0,0,1,0,0
0,0,0,0,0,0,0,0,0,0,0,0,0,0,0,0,0,0,0,0,0,0,0,0,0,0,0,0,0,0,0,0,0,2,0,1,3,0,4,0,11,0,41,0,103,0,241,0,489,0,1097,0,2182,0,4480,0,8153,0,14977,0,26070,0,43177,0,69374,0,106083,0,157024,0,221770,0,302684,396963,0,498389,0,602739,0,699188,0,781167,0,833200,0,855051,0,839891,0,794322,0,719102,0,624928,0,520642,0,414498,0,319288,0,234813,0,166104,0,113008,0,73800,46184,0,28115,0,16441,0,8859,0,4678,0,2346,0,999,0,444,0,184,0,68,0,26,0,3,0,2,0,0,0,0,0,0,0,0,1,0,0
0,0,0,0,0,0,0,0,0,0,0,0,0,0,0,0,0,0,0,0,0,0,0,0,0,0,0,0,0,0,0,0,0,2,0,1,3,0,3,0,13,0,40,0,102,0,225,0,502,0,1061,0,2276,0,4347,0,8149,0,14760,0,25680,0,43029,0,68813,0,105472,0,155351,0,221774,0,301024,394254,0,498316,0,601334,0,698184,0,778742,0,833337,0,853913,0,841567,0,794257,0,721048,0,626753,0,522434,0,416960,0,319835,0,235912,0,166905,0,113599,0,74298,46475,0,28446,0,16390,0,9060,0,4597,0,2371,0,1084,0,440,0,179,0,63,0,23,0,4,0,0,0,1,0,0,0,0,0,0,1,0,0
0,0,0,0,0,0,0,0,0,0,0,0,0,0,0,0,0,0,0,0,0,0,0,0,0,0,0,0,0,0,0,0,0,2,0,1,3,0,2,0,18,0,28,0,106,0,215,0,515,0,1085,0,2205,0,4356,0,8168,0,14532,0,25610,0,42490,0,68419,0,104277,0,155222,0,219831,0,299814,393668,0,495482,0,601388,0,696700,0,777878,0,830962,0,855345,0,841479,0,796252,0,721917,0,628107,0,523877,0,418753,0,321090,0,236717,0,167612,0,114812,0,74662,46906,0,28410,0,16637,0,8986,0,4643,0,2399,0,1097,0,452,0,201,0,53,0,19,0,4,0,1,0,0,0,0,0,0,0,0,1,0,0
0,0,0,0,0,0,0,0,0,0,0,0,0,0,0,0,0,0,0,0,0,0,0,0,0,0,0,0,0,0,0,0,0,2,0,0,4,0,7,0,11,0,35,0,101,0,201,0,500,0,1029,0,2284,0,4229,0,8058,0,14673,0,25251,0,42141,0,67567,0,104339,0,153622,0,218564,0,298662,391969,0,495172,0,598321,0,695722,0,777400,0,830867,0,854704,0,843330,0,796815,0,722853,0,629092,0,526033,0,419726,0,322934,0,237866,0,168207,0,115316,0,75419,46910,0,28755,0,16641,0,9128,0,4715,0,2374,0,1110,0,478,0,190,0,54,0,20,0,6,0,1,0,0,0,0,0,0,0,0,1,0,0
0,0,0,0,0,0,0,0,0,0,0,0,0,0,0,0,0,0,0,0,0,0,0,0,0,0,0,0,0,0,0,0,0,2,0,1,3,0,9,0,10,0,29,0,104,0,206,0,490,0,1063,0,2221,0,4186,0,7815,0,14602,0,25007,0,42025,0,67046,0,103426,0,153181,0,216781,0,298149,390246,0,493869,0,596009,0,694667,0,775718,0,831600,0,853437,0,844932,0,797695,0,725027,0,629675,0,526398,0,423042,0,324231,0,238472,0,169330,0,115553,0,75869,47419,0,28936,0,16640,0,9174,0,4825,0,2449,0,1063,0,520,0,171,0,49,0,28,0,7,0,1,0,0,0,0,0,0,0,0,1,0,0
0,0,0,0,0,0,0,0,0,0,0,0,0,0,0,0,0,0,0,0,0,0,0,0,0,0,0,0,0,0,0,0,0,2,0,2,2,0,5,0,12,0,40,0,89,0,221,0,485,0,1068,0,2105,0,4191,0,7753,0,14500,0,24877,0,41715,0,67003,0,102327,0,151958,0,216698,0,295692,389640,0,491046,0,595219,0,693418,0,774376,0,830925,0,854071,0,844942,0,799513,0,724791,0,632401,0,527960,0,423937,0,325498,0,240567,0,169950,0,116245,0,76056,47862,0,28970,0,16812,0,9285,0,4875,0,2386,0,1142,0,518,0,172,0,50,0,25,0,9,0,2,0,0,0,0,0,0,0,0,1,0,0
0,0,0,0,0,0,0,0,0,0,0,0,0,0,0,0,0,0,0,0,0,0,0,0,0,0,0,0,0,0,0,0,0,0,0,2,4,0,7,0,10,0,42,0,79,0,192,0,507,0,998,0,2181,0,4128,0,7786,0,14105,0,24785,0,41268,0,66533,0,102014,0,150959,0,215191,0,294952,387494,0,489255,0,595304,0,691145,0,774010,0,829702,0,855482,0,843873,0,799652,0,726194,0,635501,0,528698,0,425289,0,327463,0,241337,0,170981,0,117125,0,76236,48352,0,29057,0,16798,0,9445,0,4929,0,2416,0,1148,0,508,0,183,0,56,0,26,0,3,0,2,0,1,0,0,0,0,0,0,1,0,0
0,0,0,0,0,0,0,0,0,0,0,0,0,0,0,0,0,0,0,0,0,0,0,0,0,0,0,0,0,0,0,0,0,0,0,1,5,0,10,0,7,0,32,0,90,0,209,0,492,0,991,0,2029,0,4229,0,7759,0,13932,0,24665,0,40972,0,65872,0,101138,0,150568,0,214042,0,293348,385492,0,488395,0,592982,0,689822,0,773901,0,830221,0,853293,0,845160,0,800213,0,728410,0,635410,0,531243,0,427073,0,328739,0,242465,0,172195,0,117545,0,76793,48427,0,29463,0,17029,0,9404,0,4967,0,2415,0,1160,0,519,0,189,0,56,0,28,0,5,0,2,0,1,0,0,0,0,0,0,1,0,0
0,0,0,0,0,0,0,0,0,0,0,0,0,0,0,0,0,0,0,0,0,0,0,0,0,0,0,0,0,0,0,0,0,0,0,2,4,0,5,0,20,0,29,0,84,0,206,0,495,0,961,0,2062,0,4065,0,7732,0,13779,0,24406,0,40891,0,65065,0,100830,0,149495,0,212793,0,292045,384765,0,486701,0,591296,0,689002,0,771463,0,829896,0,853858,0,844866,0,801289,0,729654,0,636934,0,533394,0,428612,0,330061,0,243541,0,173094,0,118353,0,77153,48852,0,29597,0,17244,0,9508,0,4926,0,2409,0,1186,0,503,0,188,0,63,0,24,0,4,0,2,0,1,0,0,0,0,0,0,1,0,0
0,0,0,0,0,0,0,0,0,0,0,0,0,0,0,0,0,0,0,0,0,0,0,0,0,0,0,0,0,0,0,0,0,0,0,2,2,0,7,0,17,0,24,0,88,0,201,0,476,0,995,0,2004,0,3952,0,7587,0,13652,0,24464,0,40258,0,64826,0,99975,0,148210,0,212342,0,290215,383656,0,485597,0,589301,0,687894,0,771180,0,828121,0,854556,0,845432,0,802283,0,730435,0,638042,0,535465,0,430048,0,330867,0,245162,0,174107,0,118783,0,77936,49085,0,29790,0,17470,0,9520,0,5042,0,2349,0,1166,0,554,0,179,0,56,0,28,0,5,0,1,0,1,0,0,0,0,0,0,1,0,0
0,0,0,0,0,0,0,0,0,0,0,0,0,0,0,0,0,0,0,0,0,0,0,0,0,0,0,0,0,0,0,0,0,1,0,2,4,0,6,0,11,0,42,0,63,0,202,0,461,0,991,0,1963,0,3939,0,7457,0,13761,0,23854,0,40119,0,64380,0,99530,0,147147,0,211021,0,289692,381759,0,483551,0,588232,0,686178,0,771150,0,826608,0,854444,0,845538,0,803574,0,731057,0,640491,0,537678,0,431194,0,332033,0,246398,0,175042,0,119533,0,78389,49224,0,30058,0,17718,0,9412,0,5081,0,2423,0,1186,0,540,0,165,0,69,0,29,0,6,0,0,0,2,0,0,0,0,0,0,1,0,0
0,0,0,0,0,0,0,0,0,0,0,0,0,0,0,0,0,0,0,0,0,0,0,0,0,0,0,0,0,0,0,0,0,1,0,2,3,0,4,0,14,0,37,0,90,0,189,0,453,0,954,0,1968,0,3820,0,7507,0,13646,0,23750,0,39701,0,64059,0,98777,0,146249,0,209783,0,288451,381021,0,481429,0,586330,0,685495,0,768497,0,826803,0,854163,0,846208,0,805117,0,732142,0,643176,0,538363,0,431971,0,333879,0,247343,0,176138,0,120036,0,78978,49776,0,30282,0,17653,0,9525,0,5164,0,2449,0,1202,0,532,0,175,0,70,0,23,0,6,0,2,0,2,0,0,0,0,0,0,1,0,0
0,0,0,0,0,0,0,0,0,0,0,0,0,0,0,0,0,0,0,0,0,0,0,0,0,0,0,0,0,0,0,0,0,0,0,1,4,0,7,0,13,0,40,0,64,0,199,0,479,0,938,0,1932,0,3848,0,7472,0,13329,0,23455,0,39695,0,63481,0,98247,0,145332,0,208831,0,286345,379879,0,480355,0,584686,0,684749,0,766860,0,826196,0,853787,0,846174,0,806093,0,734240,0,644511,0,540243,0,433630,0,335100,0,248236,0,177385,0,120474,0,79225,50020,0,30745,0,17709,0,9733,0,5185,0,2457,0,1203,0,540,0,185,0,59,0,25,0,8,0,3,0,1,0,0,0,0,0,0,1,0,0
0,0,0,0,0,0,0,0,0,0,0,0,0,0,0,0,0,0,0,0,0,0,0,0,0,0,0,0,0,0,0,0,0,0,0,2,2,0,4,0,12,0,30,0,75,0,191,0,465,0,958,0,1924,0,3876,0,7194,0,13365,0,23261,0,39250,0,63223,0,97480,0,144795,0,207271,0,285803,378210,0,478541,0,582885,0,683220,0,765078,0,825371,0,854732,0,847077,0,806349,0,737259,0,644800,0,541745,0,436772,0,334760,0,250103,0,177522,0,121453,0,79328,50829,0,30671,0,17997,0,9810,0,5163,0,2523,0,1208,0,525,0,204,0,54,0,28,0,6,0,3,0,1,0,0,0,0,0,0,1,0,0
0,0,0,0,0,0,0,0,0,0,0,0,0,0,0,0,0,0,0,0,0,0,0,0,0,0,0,0,0,0,0,0,0,0,0,1,3,0,3,0,12,0,33,0,67,0,199,0,449,0,934,0,1951,0,3795,0,7115,0,13336,0,23172,0,38975,0,62323,0,97113,0,144036,0,206171,0,284369,375966,0,477567,0,582014,0,681176,0,764026,0,825115,0,855440,0,847249,0,807601,0,737424,0,646571,0,543727,0,437197,0,337487,0,250261,0,178962,0,121827,0,80016,50968,0,30978,0,18076,0,9926,0,5179,0,2577,0,1180,0,537,0,198,0,71,0,25,0,6,0,3,0,1,0,0,0,0,0,0,1,0,0
0,0,0,0,0,0,0,0,0,0,0,0,0,0,0,0,0,0,0,0,0,0,0,0,0,0,0,0,0,0,0,0,0,0,0,1,3,0,2,0,13,0,33,0,77,0,188,0,429,0,924,0,1927,0,3771,0,7174,0,13110,0,22794,0,38762,0,62026,0,95949,0,143728,0,205220,0,282746,374373,0,476224,0,580405,0,678807,0,764687,0,825113,0,853220,0,848399,0,808950,0,738126,0,648681,0,544806,0,438694,0,339652,0,251206,0,179666,0,122789,0,80175,51397,0,31148,0,18059,0,10060,0,5259,0,2582,0,1212,0,533,0,195,0,75,0,28,0,7,0,2,0,0,0,1,0,0,0,0,1,0,0
0,0,0,0,0,0,0,0,0,0,0,0,0,0,0,0,0,0,0,0,0,0,0,0,0,0,0,0,0,0,0,0,0,0,0,2,1,0,3,0,16,0,24,0,81,0,184,0,426,0,940,0,1909,0,3695,0,7162,0,12924,0,22672,0,38141,0,61854,0,95649,0,142650,0,204113,0,281434,372852,0,473933,0,579986,0,677869,0,763023,0,824593,0,852413,0,850011,0,808256,0,741362,0,649358,0,546209,0,439857,0,341234,0,252803,0,179929,0,123423,0,81297,51477,0,31381,0,18224,0,10061,0,5314,0,2599,0,1200,0,548,0,202,0,74,0,30,0,8,0,1,0,0,0,1,0,0,0,0,1,0,0
0,0,0,0,0,0,0,0,0,0,0,0,0,0,0,0,0,0,0,0,0,0,0,0,0,0,0,0,0,0,0,0,0,1,0,0,2,0,5,0,12,0,32,0,65,0,183,0,443,0,936,0,1914,0,3636,0,7034,0,12894,0,22390,0,37944,0,61105,0,95436,0,141547,0,202924,0,280912,371243,0,472332,0,577801,0,676718,0,761999,0,823399,0,852588,0,849932,0,810706,0,741095,0,651947,0,547410,0,441924,0,341946,0,254010,0,180909,0,124266,0,81706,51777,0,31709,0,18415,0,10077,0,5429,0,2600,0,1202,0,529,0,209,0,73,0,31,0,9,0,1,0,1,0,0,0,0,0,0,1,0,0
0,0,0,0,0,0,0,0,0,0,0,0,0,0,0,0,0,0,0,0,0,0,0,0,0,0,0,0,0,0,0,0,0,1,0,0,1,0,6,0,12,0,34,0,73,0,193,0,434,0,921,0,1802,0,3664,0,7046,0,12678,0,22287,0,37589,0,60669,0,94753,0,140765,0,202268,0,279659,369552,0,471275,0,575496,0,675769,0,761061,0,820918,0,854176,0,849605,0,811121,0,743805,0,652744,0,549953,0,443169,0,342787,0,255117,0,181906,0,124942,0,81979,52536,0,31796,0,18490,0,10160,0,5424,0,2751,0,1164,0,543,0,203,0,72,0,26,0,11,0,1,0,1,0,0,0,0,0,0,1,0,0
0,0,0,0,0,0,0,0,0,0,0,0,0,0,0,0,0,0,0,0,0,0,0,0,0,0,0,0,0,0,0,0,0,0,0,1,2,0,1,0,18,0,28,0,83,0,191,0,423,0,865,0,1839,0,3665,0,6817,0,12721,0,22173,0,37437,0,60264,0,93578,0,140315,0,201090,0,278363,368916,0,468458,0,574856,0,674622,0,759435,0,821004,0,852757,0,849852,0,812091,0,745584,0,654377,0,551370,0,445377,0,343613,0,256540,0,182399,0,125755,0,82709,52460,0,32179,0,18608,0,10308,0,5471,0,2691,0,1249,0,536,0,199,0,82,0,26,0,8,0,1,0,1,0,0,0,0,0,0,1,0,0
0,0,0,0,0,0,0,0,0,0,0,0,0,0,0,0,0,0,0,0,0,0,0,0,0,0,0,0,0,0,0,0,0,0,0,0,4,0,5,0,12,0,31,0,75,0,199,0,370,0,879,0,1881,0,3567,0,6876,0,12514,0,22002,0,36956,0,59569,0,93569,0,139188,0,200348,0,277021,367112,0,467177,0,573205,0,673211,0,758446,0,820261,0,851789,0,849981,0,814043,0,747458,0,655365,0,553072,0,445961,0,346358,0,257364,0,183803,0,125857,0,83087,52972,0,32322,0,18825,0,10281,0,5506,0,2762,0,1250,0,524,0,228,0,89,0,25,0,7,0,0,0,1,0,0,0,0,0,0,1,0,0
0,0,0,0,0,0,0,0,0,0,0,0,0,0,0,0,0,0,0,0,0,0,0,0,0,0,0,0,0,0,0,0,0,0,0,0,2,0,6,0,17,0,18,0,89,0,176,0,394,0,839,0,1874,0,3622,0,6798,0,12465,0,21762,0,36364,0,59694,0,92408,0,138656,0,199778,0,275230,366020,0,465579,0,570737,0,672136,0,757911,0,819429,0,851329,0,850678,0,815138,0,748342,0,656859,0,554335,0,447954,0,347741,0,258805,0,184392,0,126469,0,83827,53264,0,32503,0,18964,0,10351,0,5513,0,2774,0,1285,0,527,0,241,0,78,0,25,0,9,0,1,0,0,0,0,0,0,0,0,1,0,0
0,0,0,0,0,0,0,0,0,0,0,0,0,0,0,0,0,0,0,0,0,0,0,0,0,0,0,0,0,0,0,0,0,0,0,0,1,0,6,0,14,0,25,0,86,0,164,0,403,0,790,0,1833,0,3577,0,6768,0,12226,0,21775,0,36275,0,58787,0,91958,0,137833,0,198986,0,274520,363728,0,464417,0,568668,0,670831,0,756452,0,819764,0,851038,0,850821,0,816081,0,748664,0,658975,0,555916,0,449905,0,349028,0,259706,0,185670,0,127335,0,83957,53634,0,32590,0,19101,0,10578,0,5527,0,2819,0,1271,0,555,0,228,0,85,0,27,0,9,0,0,0,1,0,0,0,0,0,0,1,0,0
0,0,0,0,0,0,0,0,0,0,0,0,0,0,0,0,0,0,0,0,0,0,0,0,0,0,0,0,0,0,0,0,0,0,0,0,0,0,8,0,12,0,29,0,78,0,169,0,395,0,836,0,1709,0,3506,0,6832,0,12118,0,21359,0,36239,0,58470,0,91302,0,137369,0,197229,0,273128,363323,0,461746,0,567015,0,669776,0,755096,0,819618,0,851139,0,851687,0,816861,0,749307,0,660124,0,557736,0,451706,0,350496,0,260775,0,186375,0,127939,0,84862,53790,0,32696,0,19208,0,10709,0,5620,0,2814,0,1302,0,542,0,232,0,88,0,27,0,9,0,2,0,0,0,0,0,0,0,0,1,0,0
0,0,0,0,0,0,0,0,0,0,0,0,0,0,0,0,0,0,0,0,0,0,0,0,0,0,0,0,0,0,0,0,0,0,0,0,0,0,5,0,12,0,30,0,91,0,157,0,396,0,815,0,1714,0,3505,0,6607,0,12110,0,21225,0,35922,0,57931,0,91057,0,136182,0,196573,0,271515,361231,0,461357,0,565532,0,667657,0,754071,0,818282,0,852516,0,851315,0,817428,0,751051,0,661768,0,558618,0,454008,0,352185,0,261232,0,187830,0,128609,0,85097,54028,0,33000,0,19213,0,10838,0,5625,0,2837,0,1336,0,533,0,238,0,90,0,26,0,7,0,2,0,1,0,0,0,0,0,1,0,0,0
0,0,0,0,0,0,0,0,0,0,0,0,0,0,0,0,0,0,0,0,0,0,0,0,0,0,0,0,0,0,0,0,0,0,0,0,1,0,6,0,10,0,35,0,79,0,175,0,384,0,802,0,1696,0,3479,0,6597,0,11847,0,21271,0,35522,0,57781,0,90040,0,135055,0,195933,0,270692,359782,0,459881,0,564608,0,665104,0,753461,0,817305,0,852265,0,850813,0,818902,0,752346,0,663014,0,560578,0,455652,0,353336,0,262812,0,188435,0,129874,0,85150,54455,0,33127,0,19460,0,10912,0,5618,0,2862,0,1338,0,554,0,242,0,78,0,30,0,8,0,0,0,1,0,0,0,0,0,1,0,0,0
0,0,0,0,0,0,0,0,0,0,0,0,0,0,0,0,0,0,0,0,0,0,0,0,0,0,0,0,0,0,0,0,0,0,0,0,0,0,6,0,13,0,33,0,78,0,177,0,357,0,833,0,1725,0,3415,0,6402,0,11973,0,20848,0,35327,0,57498,0,89671,0,134023,0,194398,0,269741,358315,0,458729,0,562249,0,664480,0,751837,0,816900,0,852065,0,854152,0,816705,0,753551,0,664460,0,562409,0,456289,0,354877,0,264930,0,189337,0,130629,0,85424,54600,0,33552,0,19641,0,10867,0,5802,0,2819,0,1337,0,568,0,249,0,87,0,24,0,5,0,0,0,1,0,0,0,0,0,1,0,0,0
0,0,0,0,0,0,0,0,0,0,0,0,0,0,0,0,0,0,0,0,0,0,0,0,0,0,0,0,0,0,0,0,0,0,0,0,1,0,8,0,12,0,24,0,75,0,171,0,362,0,852,0,1689,0,3336,0,6332,0,11960,0,20653,0,35013,0,57250,0,89053,0,133129,0,193450,0,268370,357342,0,457188,0,560965,0,662688,0,750593,0,816150,0,852535,0,852758,0,818915,0,754336,0,665855,0,564423,0,457721,0,356364,0,265973,0,189670,0,131602,0,86540,54543,0,33707,0,19929,0,11007,0,5688,0,2825,0,1413,0,595,0,226,0,90,0,17,0,9,0,0,0,1,0,0,0,0,0,1,0,0,0
0,0,0,0,0,0,0,0,0,0,0,0,0,0,0,0,0,0,0,0,0,0,0,0,0,0,0,0,0,0,0,0,0,0,0,1,1,0,5,0,12,0,23,0,79,0,169,0,375,0,772,0,1678,0,3351,0,6251,0,11656,0,20688,0,34840,0,56602,0,88332,0,133019,0,192630,0,266546,355458,0,456187,0,559694,0,660920,0,749736,0,815557,0,851538,0,853883,0,819930,0,755114,0,667690,0,565910,0,458849,0,358007,0,266755,0,190756,0,132696,0,86683,55175,0,33820,0,19978,0,11010,0,5816,0,2852,0,1419,0,601,0,227,0,82,0,23,0,11,0,0,0,1,0,0,0,0,0,0,1,0,0
0,0,0,0,0,0,0,0,0,0,0,0,0,0,0,0,0,0,0,0,0,0,0,0,0,0,0,0,0,0,0,0,0,0,0,2,0,0,8,0,6,0,28,0,62,0,177,0,368,0,784,0,1679,0,3245,0,6227,0,11611,0,20528,0,34564,0,56338,0,87422,0,132348,0,191615,0,264911,354697,0,453795,0,557942,0,660592,0,749095,0,815348,0,849732,0,854155,0,821011,0,756122,0,669635,0,566794,0,461324,0,359657,0,267558,0,192049,0,132612,0,87497,55515,0,34067,0,20041,0,11138,0,5878,0,2854,0,1429,0,581,0,253,0,75,0,27,0,10,0,1,0,1,0,0,0,0,0,0,1,0,0
0,0,0,0,0,0,0,0,0,0,0,0,0,0,0,0,0,0,0,0,0,0,0,0,0,0,0,0,0,0,0,0,0,0,0,1,3,0,8,0,7,0,19,0,71,0,154,0,358,0,780,0,1638,0,3281,0,6191,0,11470,0,20410,0,34313,0,55896,0,87291,0,131337,0,190257,0,264779,351577,0,452852,0,557330,0,658116,0,748687,0,812989,0,851324,0,853190,0,822175,0,758565,0,669885,0,569117,0,462520,0,360628,0,269105,0,192801,0,133180,0,88326,56095,0,34043,0,20262,0,11111,0,5910,0,2973,0,1435,0,583,0,234,0,97,0,26,0,6,0,2,0,0,0,0,0,0,0,0,1,0,0
0,0,0,0,0,0,0,0,0,0,0,0,0,0,0,0,0,0,0,0,0,0,0,0,0,0,0,0,0,0,0,0,0,0,0,0,4,0,7,0,10,0,19,0,70,0,155,0,344,0,781,0,1667,0,3241,0,6222,0,11393,0,20454,0,33658,0,55322,0,86901,0,130736,0,188769,0,263879,351023,0,449677,0,556453,0,657300,0,746609,0,813297,0,849556,0,854957,0,822174,0,759484,0,673180,0,569949,0,463702,0,361647,0,270421,0,193973,0,133806,0,89011,56361,0,34433,0,20107,0,11262,0,5995,0,3033,0,1408,0,601,0,224,0,99,0,28,0,4,0,2,0,0,0,0,0,0,0,0,1,0,0
0,0,0,0,0,0,0,0,0,0,0,0,0,0,0,0,0,0,0,0,0,0,0,0,0,0,0,0,0,0,0,0,0,0,0,0,6,0,3,0,7,0,23,0,74,0,164,0,330,0,781,0,1664,0,3222,0,5996,0,11492,0,19904,0,33746,0,54800,0,86302,0,130085,0,188042,0,261465,350317,0,448702,0,553855,0,656971,0,745157,0,813504,0,848886,0,855080,0,822244,0,761115,0,674596,0,571086,0,465680,0,363201,0,271379,0,194718,0,135338,0,88963,56932,0,34430,0,20386,0,11294,0,6047,0,2963,0,1498,0,593,0,251,0,82,0,30,0,3,0,1,0,0,0,0,0,0,0,0,1,0,0
0,0,0,0,0,0,0,0,0,0,0,0,0,0,0,0,0,0,0,0,0,0,0,0,0,0,0,0,0,0,0,0,0,0,0,1,5,0,2,0,9,0,25,0,61,0,152,0,336,0,804,0,1632,0,3142,0,6083,0,11273,0,19788,0,33387,0,54491,0,86018,0,129496,0,186834,0,260118,348221,0,447814,0,552254,0,654490,0,745281,0,812185,0,849373,0,854523,0,824201,0,761448,0,676186,0,572574,0,467468,0,365265,0,272044,0,195787,0,135487,0,89585,57387,0,34743,0,20624,0,11364,0,5910,0,3084,0,1505,0,565,0,264,0,84,0,30,0,3,0,2,0,0,0,0,0,0,0,0,1,0,0
0,0,0,0,0,0,0,0,0,0,0,0,0,0,0,0,0,0,0,0,0,0,0,0,0,0,0,0,0,0,0,0,0,0,0,1,4,0,5,0,6,0,30,0,60,0,152,0,335,0,789,0,1577,0,3177,0,6057,0,10929,0,19691,0,33062,0,54243,0,85520,0,128522,0,185931,0,259014,346853,0,445651,0,551244,0,652091,0,745237,0,811409,0,849427,0,854534,0,824777,0,762628,0,677768,0,574052,0,469937,0,366316,0,273119,0,197001,0,136087,0,89846,57381,0,35285,0,20630,0,11495,0,5979,0,3169,0,1383,0,626,0,255,0,89,0,30,0,4,0,0,0,0,0,0,0,0,0,0,1,0,0
0,0,0,0,0,0,0,0,0,0,0,0,0,0,0,0,0,0,0,0,0,0,0,0,0,0,0,0,0,0,0,0,0,0,0,1,4,0,3,0,10,0,25,0,66,0,141,0,365,0,699,0,1647,0,3108,0,5928,0,11058,0,19507,0,32850,0,53920,0,84599,0,127609,0,185504,0,258432,344256,0,445541,0,548825,0,651191,0,742386,0,810851,0,849629,0,855487,0,824336,0,764794,0,678761,0,577265,0,469847,0,368011,0,274792,0,197833,0,136496,0,90424,57659,0,35457,0,20854,0,11510,0,6125,0,3156,0,1410,0,637,0,275,0,89,0,31,0,4,0,0,0,0,0,0,0,0,0,1,0,0,0
0,0,0,0,0,0,0,0,0,0,0,0,0,0,0,0,0,0,0,0,0,0,0,0,0,0,0,0,0,0,0,0,0,0,0,2,1,0,5,0,13,0,26,0,57,0,162,0,339,0,728,0,1565,0,3137,0,5754,0,11078,0,19283,0,32599,0,53478,0,84320,0,126896,0,183949,0,257172,343902,0,443040,0,547386,0,649592,0,740533,0,809853,0,850893,0,855083,0,826063,0,766203,0,679744,0,579026,0,470325,0,369291,0,277044,0,198544,0,137407,0,90914,57950,0,35646,0,20945,0,11544,0,6326,0,3098,0,1467,0,623,0,271,0,94,0,32,0,5,0,0,0,0,0,0,0,0,0,1,0,0,0
0,0,0,0,0,0,0,0,0,0,0,0,0,0,0,0,0,0,0,0,0,0,0,0,0,0,0,0,0,0,0,0,0,0,0,1,2,0,6,0,13,0,18,0,73,0,140,0,338,0,738,0,1549,0,3057,0,5887,0,10671,0,19267,0,32278,0,52992,0,83681,0,126430,0,183086,0,255485,342798,0,441797,0,546000,0,648087,0,738773,0,808527,0,851314,0,856113,0,826146,0,767446,0,681338,0,580397,0,472112,0,370443,0,278620,0,198736,0,138612,0,91327,58533,0,35803,0,21109,0,11759,0,6221,0,3186,0,1432,0,661,0,272,0,92,0,33,0,9,0,0,0,0,0,0,0,0,0,1,0,0,0
0,0,0,0,0,0,0,0,0,0,0,0,0,0,0,0,0,0,0,0,0,0,0,0,0,0,0,0,0,0,0,0,0,0,0,1,1,0,6,0,10,0,22,0,73,0,141,0,332,0,752,0,1501,0,3096,0,5727,0,10692,0,18914,0,32226,0,52582,0,82903,0,125863,0,182427,0,254107,341060,0,440202,0,544900,0,647536,0,736659,0,808757,0,848989,0,856484,0,827523,0,769055,0,681862,0,581516,0,475298,0,371469,0,279042,0,200562,0,139178,0,91905,58919,0,36030,0,21186,0,11962,0,6194,0,3208,0,1450,0,680,0,273,0,94,0,30,0,9,0,0,0,0,0,0,0,0,0,1,0,0,0
0,0,0,0,0,0,0,0,0,0,0,0,0,0,0,0,0,0,0,0,0,0,0,0,0,0,0,0,0,0,0,0,0,1,0,0,1,0,3,0,13,0,26,0,69,0,131,0,349,0,778,0,1487,0,3016,0,5709,0,10607,0,18808,0,32092,0,52225,0,82347,0,125242,0,180444,0,253121,340386,0,438479,0,543266,0,645723,0,736257,0,807478,0,848145,0,856676,0,829151,0,769776,0,684231,0,582409,0,476624,0,373440,0,280804,0,200876,0,139720,0,92703,59084,0,36128,0,21518,0,12050,0,6280,0,3160,0,1456,0,711,0,270,0,100,0,29,0,8,0,1,0,0,0,0,0,0,0,1,0,0,0
0,0,0,0,0,0,0,0,0,0,0,0,0,0,0,0,0,0,0,0,0,0,0,0,0,0,0,0,0,0,0,0,0,0,0,1,1,0,3,0,11,0,27,0,68,0,142,0,324,0,756,0,1473,0,2966,0,5673,0,10532,0,18717,0,31764,0,52303,0,81998,0,123156,0,179781,0,252635,338133,0,436157,0,542071,0,644797,0,736035,0,805239,0,849669,0,856643,0,829197,0,770894,0,686556,0,583540,0,478060,0,374719,0,281483,0,202936,0,140131,0,93192,59368,0,36271,0,21763,0,12164,0,6315,0,3176,0,1459,0,707,0,256,0,107,0,31,0,7,0,1,0,0,0,0,0,0,0,1,0,0,0
0,0,0,0,0,0,0,0,0,0,0,0,0,0,0,0,0,0,0,0,0,0,0,0,0,0,0,0,0,0,0,0,0,0,0,2,0,0,6,0,6,0,27,0,61,0,164,0,314,0,713,0,1490,0,2935,0,5534,0,10475,0,18495,0,31813,0,51728,0,81231,0,122974,0,178854,0,250726,336933,0,434791,0,540315,0,644288,0,735085,0,803676,0,850019,0,856113,0,830759,0,770482,0,687608,0,586828,0,478626,0,376136,0,283237,0,203880,0,140610,0,94043,59766,0,36309,0,22010,0,12142,0,6344,0,3284,0,1450,0,716,0,271,0,95,0,36,0,7,0,1,0,0,0,0,0,0,0,1,0,0,0
0,0,0,0,0,0,0,0,0,0,0,0,0,0,0,0,0,0,0,0,0,0,0,0,0,0,0,0,0,0,0,0,0,0,0,0,3,0,2,0,9,0,24,0,64,0,157,0,321,0,697,0,1481,0,2870,0,5527,0,10316,0,18473,0,31522,0,51364,0,80516,0,122421,0,178079,0,249255,335923,0,433626,0,538297,0,641905,0,733723,0,804983,0,848319,0,857036,0,831706,0,771156,0,688782,0,587638,0,480341,0,378281,0,284589,0,204643,0,141935,0,93953,59993,0,36990,0,21935,0,12223,0,6448,0,3235,0,1514,0,710,0,283,0,91,0,42,0,6,0,1,0,0,0,0,0,0,0,1,0,0,0
0,0,0,0,0,0,0,0,0,0,0,0,0,0,0,0,0,0,0,0,0,0,0,0,0,0,0,0,0,0,0,0,0,0,0,2,1,0,3,0,11,0,20,0,69,0,148,0,319,0,687,0,1417,0,2878,0,5515,0,10228,0,18329,0,31193,0,50633,0,80451,0,121824,0,176687,0,248225,335231,0,431797,0,536356,0,640674,0,732108,0,805067,0,847737,0,858775,0,830264,0,774272,0,688059,0,589890,0,482444,0,379245,0,285335,0,206006,0,142394,0,94442,60790,0,37229,0,21840,0,12342,0,6593,0,3248,0,1520,0,680,0,296,0,95,0,33,0,6,0,0,0,0,0,0,0,0,0,1,0,0,0
0,0,0,0,0,0,0,0,0,0,0,0,0,0,0,0,0,0,0,0,0,0,0,0,0,0,0,0,0,0,0,0,0,0,0,2,2,0,3,0,7,0,26,0,66,0,154,0,312,0,690,0,1415,0,2834,0,5478,0,10027,0,18040,0,31044,0,50787,0,79775,0,121124,0,175580,0,247083,333233,0,430567,0,535107,0,638369,0,732144,0,803379,0,847515,0,859060,0,831200,0,775224,0,690870,0,590385,0,485018,0,379793,0,286449,0,206766,0,143370,0,95067,61152,0,37298,0,22062,0,12333,0,6735,0,3201,0,1554,0,684,0,294,0,89,0,34,0,6,0,1,0,0,0,0,0,0,0,1,0,0,0
0,0,0,0,0,0,0,0,0,0,0,0,0,0,0,0,0,0,0,0,0,0,0,0,0,0,0,0,0,0,0,0,0,0,0,1,3,0,4,0,4,0,27,0,73,0,126,0,327,0,626,0,1465,0,2777,0,5433,0,9991,0,17875,0,30820,0,50607,0,78957,0,120282,0,175111,0,245099,332703,0,429026,0,533407,0,637682,0,730108,0,801686,0,848393,0,858298,0,832106,0,775775,0,693032,0,592629,0,485942,0,381842,0,287262,0,207458,0,144331,0,95747,61437,0,37743,0,22082,0,12408,0,6779,0,3255,0,1542,0,704,0,286,0,92,0,37,0,7,0,1,0,0,0,0,0,0,0,1,0,0,0
0,0,0,0,0,0,0,0,0,0,0,0,0,0,0,0,0,0,0,0,0,0,0,0,0,0,0,0,0,0,0,0,0,0,0,0,3,0,5,0,4,0,25,0,66,0,145,0,302,0,710,0,1340,0,2793,0,5349,0,9975,0,17687,0,30398,0,50006,0,78993,0,119629,0,174647,0,244377,329881,0,427336,0,532480,0,636919,0,727096,0,802465,0,847084,0,859076,0,833543,0,776550,0,693942,0,594430,0,486879,0,383146,0,288733,0,208943,0,145004,0,96129,61772,0,37915,0,22316,0,12607,0,6795,0,3220,0,1546,0,732,0,281,0,91,0,31,0,11,0,1,0,0,0,0,0,0,0,1,0,0,0
0,0,0,0,0,0,0,0,0,0,0,0,0,0,0,0,0,0,0,0,0,0,0,0,0,0,0,0,0,0,0,0,0,0,0,1,3,0,3,0,8,0,15,0,66,0,153,0,324,0,635,0,1369,0,2716,0,5322,0,9904,0,17653,0,30248,0,49337,0,78367,0,118997,0,173321,0,244316,328279,0,425632,0,530935,0,635428,0,726544,0,801360,0,847109,0,857717,0,835380,0,777511,0,694521,0,595499,0,489698,0,384170,0,290584,0,209436,0,145495,0,97251,62021,0,38166,0,22404,0,12641,0,6809,0,3391,0,1524,0,711,0,300,0,97,0,28,0,8,0,1,0,0,0,0,0,0,0,1,0,0,0
0,0,0,0,0,0,0,0,0,0,0,0,0,0,0,0,0,0,0,0,0,0,0,0,0,0,0,0,0,0,0,0,0,1,0,0,3,0,4,0,8,0,18,0,64,0,151,0,329,0,610,0,1359,0,2693,0,5187,0,9802,0,17552,0,29908,0,49127,0,77870,0,118160,0,173208,0,242107,327593,0,424538,0,528851,0,632991,0,726137,0,800128,0,846961,0,858857,0,834884,0,779277,0,696043,0,597053,0,490675,0,385818,0,291990,0,210311,0,146034,0,97896,62688,0,38345,0,22544,0,12789,0,6795,0,3338,0,1560,0,709,0,306,0,94,0,34,0,7,0,1,0,0,0,0,0,0,0,1,0,0,0
0,0,0,0,0,0,0,0,0,0,0,0,0,0,0,0,0,0,0,0,0,0,0,0,0,0,0,0,0,0,0,0,0,0,0,1,3,0,3,0,12,0,17,0,58,0,155,0,298,0,645,0,1335,0,2668,0,5152,0,9722,0,17189,0,29791,0,48794,0,77129,0,117679,0,172481,0,241188,325659,0,423644,0,527694,0,630443,0,725230,0,799710,0,845643,0,858891,0,836301,0,780302,0,697712,0,598104,0,492628,0,387446,0,293439,0,210703,0,147167,0,98200,63177,0,38416,0,22823,0,12696,0,6933,0,3399,0,1603,0,693,0,298,0,93,0,32,0,8,0,1,0,0,0,0,0,0,0,1,0,0,0
0,0,0,0,0,0,0,0,0,0,0,0,0,0,0,0,0,0,0,0,0,0,0,0,0,0,0,0,0,0,0,0,0,0,0,1,2,0,4,0,10,0,18,0,53,0,159,0,326,0,592,0,1314,0,2695,0,5146,0,9572,0,17141,0,29588,0,48031,0,76778,0,117417,0,171738,0,239603,324608,0,421604,0,526654,0,628651,0,724441,0,798508,0,846162,0,857714,0,837694,0,780469,0,699190,0,600284,0,493400,0,390086,0,294197,0,212384,0,147469,0,98482,63569,0,38674,0,22905,0,13034,0,6855,0,3454,0,1583,0,715,0,295,0,95,0,33,0,9,0,1,0,1,0,0,0,0,0,1,0,0,0
0,0,0,0,0,0,0,0,0,0,0,0,0,0,0,0,0,0,0,0,0,0,0,0,0,0,0,0,0,0,0,0,0,0,0,0,2,0,1,0,11,0,18,0,53,0,153,0,319,0,602,0,1335,0,2585,0,5082,0,9494,0,17011,0,29062,0,48105,0,76604,0,116587,0,170003,0,239352,323032,0,419620,0,525836,0,626447,0,722980,0,798748,0,845347,0,857990,0,837182,0,781957,0,701115,0,601340,0,496197,0,390856,0,295250,0,213688,0,148217,0,98806,64151,0,39156,0,22911,0,13061,0,6919,0,3487,0,1583,0,712,0,305,0,91,0,30,0,13,0,1,0,1,0,0,0,0,0,1,0,0,0
0,0,0,0,0,0,0,0,0,0,0,0,0,0,0,0,0,0,0,0,0,0,0,0,0,0,0,0,0,0,0,0,0,0,0,0,3,0,0,0,9,0,26,0,48,0,147,0,309,0,624,0,1252,0,2614,0,5032,0,9417,0,16882,0,28971,0,47486,0,76532,0,115272,0,169267,0,237374,321987,0,418889,0,524820,0,625897,0,721147,0,796726,0,845258,0,857295,0,837915,0,785572,0,701244,0,603101,0,496979,0,392816,0,296270,0,214367,0,148850,0,99761,64295,0,39551,0,23135,0,12987,0,6989,0,3509,0,1628,0,728,0,286,0,100,0,24,0,15,0,1,0,1,0,0,0,0,0,1,0,0,0
0,0,0,0,0,0,0,0,0,0,0,0,0,0,0,0,0,0,0,0,0,0,0,0,0,0,0,0,0,0,0,0,0,0,0,0,2,0,1,0,6,0,28,0,46,0,138,0,293,0,637,0,1232,0,2590,0,5011,0,9362,0,16734,0,28656,0,47443,0,75343,0,115003,0,168148,0,237253,320201,0,417406,0,522788,0,625052,0,719625,0,795970,0,844318,0,858759,0,838285,0,785445,0,703883,0,604523,0,498549,0,393554,0,297485,0,215266,0,150144,0,100318,64421,0,39972,0,23040,0,13224,0,6883,0,3519,0,1662,0,769,0,282,0,94,0,28,0,15,0,1,0,1,0,0,0,0,0,0,1,0,0
0,0,0,0,0,0,0,0,0,0,0,0,0,0,0,0,0,0,0,0,0,0,0,0,0,0,0,0,0,0,0,0,0,0,0,0,1,0,2,0,5,0,27,0,51,0,124,0,298,0,594,0,1261,0,2523,0,5062,0,9270,0,16619,0,28390,0,46951,0,74826,0,114164,0,167879,0,236281,318676,0,416474,0,520666,0,624563,0,716575,0,796112,0,843812,0,859430,0,838508,0,786139,0,705318,0,607630,0,498751,0,395039,0,298421,0,216653,0,150635,0,100636,65023,0,39950,0,23466,0,13235,0,6940,0,3576,0,1666,0,743,0,303,0,96,0,31,0,10,0,3,0,0,0,0,0,0,0,1,0,0,0
0,0,0,0,0,0,0,0,0,0,0,0,0,0,0,0,0,0,0,0,0,0,0,0,0,0,0,0,0,0,0,0,0,0,0,0,0,0,4,0,4,0,18,0,56,0,134,0,295,0,607,0,1268,0,2431,0,4992,0,9022,0,16600,0,28253,0,46419,0,74511,0,113754,0,166731,0,235221,317788,0,413905,0,518730,0,623468,0,716867,0,794211,0,843353,0,859670,0,839193,0,786756,0,708526,0,608166,0,500082,0,396125,0,299762,0,217970,0,151612,0,101125,65247,0,40073,0,23665,0,13247,0,7081,0,3561,0,1711,0,747,0,303,0,101,0,30,0,9,0,4,0,0,0,0,0,0,0,1,0,0,0
0,0,0,0,0,0,0,0,0,0,0,0,0,0,0,0,0,0,0,0,0,0,0,0,0,0,0,0,0,0,0,0,0,0,0,0,0,0,2,0,5,0,20,0,56,0,119,0,285,0,618,0,1242,0,2489,0,4789,0,9142,0,16346,0,28011,0,46165,0,73883,0,113296,0,165857,0,233543,317197,0,413225,0,516734,0,621704,0,715711,0,793427,0,842413,0,859562,0,841122,0,788022,0,708976,0,609704,0,501359,0,397197,0,302077,0,218301,0,151912,0,102094,65600,0,40421,0,23706,0,13394,0,7150,0,3631,0,1679,0,774,0,308,0,94,0,30,0,15,0,1,0,0,0,0,0,0,0,1,0,0,0
0,0,0,0,0,0,0,0,0,0,0,0,0,0,0,0,0,0,0,0,0,0,0,0,0,0,0,0,0,0,0,0,0,0,0,0,1,0,0,0,7,0,20,0,52,0,123,0,271,0,620,0,1263,0,2409,0,4897,0,8972,0,16134,0,27558,0,46174,0,73382,0,112459,0,164573,0,233244,316041,0,411164,0,515888,0,619671,0,715058,0,791639,0,842689,0,859340,0,841969,0,788879,0,710523,0,611117,0,503004,0,398208,0,302508,0,220426,0,152948,0,102331,66258,0,40520,0,23809,0,13503,0,7148,0,3709,0,1674,0,767,0,295,0,115,0,35,0,13,0,0,0,0,0,0,0,0,0,1,0,0,0
0,0,0,0,0,0,0,0,0,0,0,0,0,0,0,0,0,0,0,0,0,0,0,0,0,0,0,0,0,0,0,0,0,0,0,0,0,0,2,0,4,0,21,0,55,0,111,0,299,0,584,0,1228,0,2453,0,4738,0,9080,0,15968,0,27547,0,45719,0,73091,0,111321,0,164154,0,231362,314998,0,410277,0,514087,0,618568,0,713081,0,791473,0,841592,0,859796,0,842715,0,790347,0,711460,0,612403,0,505011,0,399571,0,303404,0,221094,0,153987,0,103090,66347,0,41045,0,23956,0,13528,0,7191,0,3721,0,1702,0,762,0,305,0,112,0,31,0,17,0,0,0,0,0,0,0,0,0,1,0,0,0
0,0,0,0,0,0,0,0,0,0,0,0,0,0,0,0,0,0,0,0,0,0,0,0,0,0,0,0,0,0,0,0,0,0,0,0,0,0,2,0,2,0,28,0,46,0,127,0,253,0,597,0,1214,0,2417,0,4770,0,8886,0,15934,0,27268,0,45530,0,72419,0,111141,0,162775,0,230540,313390,0,408635,0,513241,0,617064,0,711774,0,790339,0,841640,0,859965,0,843744,0,790781,0,712410,0,614520,0,506043,0,401594,0,304123,0,222054,0,154781,0,103686,66691,0,41093,0,24338,0,13629,0,7251,0,3728,0,1703,0,756,0,332,0,106,0,32,0,15,0,1,0,0,0,0,0,0,0,1,0,0,0
0,0,0,0,0,0,0,0,0,0,0,0,0,0,0,0,0,0,0,0,0,0,0,0,0,0,0,0,0,0,0,0,0,0,0,0,0,0,1,0,5,0,23,0,44,0,121,0,274,0,550,0,1168,0,2434,0,4699,0,8875,0,15849,0,27065,0,45005,0,72227,0,109994,0,162528,0,229386,311877,0,406856,0,512379,0,615382,0,709942,0,790009,0,840863,0,860598,0,844310,0,791727,0,714264,0,614762,0,509248,0,401891,0,305736,0,222726,0,155606,0,104581,66743,0,41422,0,24387,0,13844,0,7325,0,3704,0,1774,0,726,0,307,0,118,0,40,0,11,0,2,0,0,0,0,0,0,0,1,0,0,0
0,0,0,0,0,0,0,0,0,0,0,0,0,0,0,0,0,0,0,0,0,0,0,0,0,0,0,0,0,0,0,0,0,0,0,0,0,0,1,0,3,0,25,0,53,0,110,0,258,0,575,0,1135,0,2437,0,4659,0,8801,0,15682,0,26942,0,44773,0,71217,0,109876,0,161598,0,228492,310171,0,406318,0,509630,0,614627,0,709927,0,788025,0,840338,0,859939,0,845888,0,792117,0,715942,0,616256,0,510765,0,403343,0,306858,0,223786,0,156684,0,104602,67357,0,41517,0,24519,0,14140,0,7339,0,3677,0,1779,0,766,0,291,0,118,0,41,0,9,0,1,0,1,0,0,0,0,0,1,0,0,0
0,0,0,0,0,0,0,0,0,0,0,0,0,0,0,0,0,0,0,0,0,0,0,0,0,0,0,0,0,0,0,0,0,0,0,0,0,0,1,0,8,0,15,0,61,0,118,0,221,0,584,0,1175,0,2339,0,4588,0,8678,0,15759,0,26575,0,44564,0,70622,0,109239,0,160479,0,228131,308171,0,404991,0,508503,0,613412,0,708364,0,786911,0,839757,0,861647,0,843573,0,794867,0,716472,0,618930,0,511253,0,405979,0,307236,0,224847,0,157463,0,105460,67653,0,41844,0,24816,0,13982,0,7424,0,3653,0,1769,0,821,0,292,0,111,0,36,0,11,0,1,0,2,0,0,0,0,0,1,0,0,0
0,0,0,0,0,0,0,0,0,0,0,0,0,0,0,0,0,0,0,0,0,0,0,0,0,0,0,0,0,0,0,0,0,0,0,0,0,0,2,0,9,0,19,0,52,0,118,0,224,0,550,0,1198,0,2343,0,4456,0,8648,0,15474,0,26580,0,43864,0,70925,0,108126,0,160226,0,226093,307889,0,403237,0,506685,0,612226,0,706359,0,785760,0,839612,0,862305,0,845106,0,794901,0,717205,0,620572,0,512916,0,407007,0,309711,0,226041,0,157346,0,106168,68050,0,42158,0,24866,0,14117,0,7465,0,3753,0,1747,0,823,0,323,0,101,0,36,0,13,0,1,0,2,0,0,0,0,0,1,0,0,0
0,0,0,0,0,0,0,0,0,0,0,0,0,0,0,0,0,0,0,0,0,0,0,0,0,0,0,0,0,0,0,0,0,0,0,0,0,0,4,0,7,0,19,0,48,0,114,0,241,0,576,0,1138,0,2317,0,4518,0,8398,0,15287,0,26691,0,43480,0,70562,0,107644,0,158754,0,225286,306754,0,401736,0,505878,0,610080,0,705735,0,785885,0,839437,0,860297,0,845905,0,795974,0,719280,0,620645,0,514744,0,409415,0,310546,0,226861,0,158278,0,106323,68667,0,42300,0,25028,0,14153,0,7539,0,3763,0,1809,0,811,0,316,0,114,0,36,0,11,0,3,0,1,0,0,0,0,0,1,0,0,0
0,0,0,0,0,0,0,0,0,0,0,0,0,0,0,0,0,0,0,0,0,0,0,0,0,0,0,0,0,0,0,0,0,0,0,0,0,0,5,0,6,0,18,0,50,0,104,0,251,0,545,0,1175,0,2266,0,4483,0,8410,0,15155,0,26049,0,43596,0,69761,0,107200,0,157897,0,224944,305083,0,400250,0,502982,0,608992,0,705519,0,784886,0,838913,0,860365,0,846727,0,796627,0,720032,0,622644,0,516285,0,410484,0,312641,0,227815,0,158938,0,106869,68926,0,42678,0,25109,0,14280,0,7561,0,3753,0,1859,0,774,0,341,0,111,0,33,0,11,0,4,0,1,0,0,0,0,0,1,0,0,0
0,0,0,0,0,0,0,0,0,0,0,0,0,0,0,0,0,0,0,0,0,0,0,0,0,0,0,0,0,0,0,0,0,0,0,0,0,0,5,0,5,0,13,0,54,0,103,0,245,0,540,0,1151,0,2233,0,4490,0,8350,0,14978,0,26023,0,43091,0,69548,0,106420,0,156955,0,223840,304274,0,398767,0,501010,0,607031,0,705113,0,784842,0,836621,0,861781,0,846677,0,797522,0,721335,0,624296,0,518358,0,411409,0,313388,0,229534,0,159585,0,107436,69331,0,42679,0,25481,0,14360,0,7601,0,3801,0,1815,0,845,0,313,0,110,0,32,0,12,0,4,0,1,0,0,0,0,0,1,0,0,0
0,0,0,0,0,0,0,0,0,0,0,0,0,0,0,0,0,0,0,0,0,0,0,0,0,0,0,0,0,0,0,0,0,0,0,0,1,0,4,0,5,0,15,0,51,0,101,0,242,0,555,0,1087,0,2220,0,4482,0,8243,0,15019,0,25845,0,43051,0,68935,0,105186,0,156963,0,222474,303201,0,396797,0,500569,0,604320,0,703304,0,784609,0,838078,0,860769,0,846564,0,798507,0,722090,0,625791,0,521074,0,413320,0,313739,0,229870,0,160990,0,107967,69900,0,42905,0,25419,0,14459,0,7729,0,3781,0,1834,0,854,0,321,0,114,0,35,0,14,0,5,0,0,0,0,0,0,0,1,0,0,0
0,0,0,0,0,0,0,0,0,0,0,0,0,0,0,0,0,0,0,0,0,0,0,0,0,0,0,0,0,0,0,0,0,0,0,0,1,0,4,0,4,0,21,0,41,0,114,0,234,0,489,0,1144,0,2179,0,4434,0,8300,0,14752,0,25687,0,42759,0,68379,0,104895,0,155508,0,221678,302011,0,395984,0,497576,0,603818,0,701887,0,783850,0,837695,0,860665,0,846908,0,799755,0,723612,0,627922,0,521298,0,414995,0,315473,0,230233,0,162125,0,108731,70096,0,43367,0,25646,0,14434,0,7656,0,3882,0,1852,0,817,0,325,0,118,0,36,0,15,0,3,0,0,0,0,0,0,0,1,0,0,0
0,0,0,0,0,0,0,0,0,0,0,0,0,0,0,0,0,0,0,0,0,0,0,0,0,0,0,0,0,0,0,0,0,0,0,0,2,0,1,0,11,0,14,0,41,0,118,0,232,0,488,0,1104,0,2217,0,4418,0,8226,0,14662,0,25509,0,42476,0,67880,0,104103,0,154611,0,220671,301628,0,393677,0,496520,0,602427,0,701216,0,782736,0,837582,0,859421,0,847422,0,801167,0,724952,0,628727,0,522983,0,416699,0,316919,0,231634,0,162454,0,109289,70468,0,43590,0,25775,0,14457,0,7758,0,3940,0,1840,0,827,0,346,0,114,0,39,0,16,0,1,0,0,0,0,0,0,0,1,0,0,0
0,0,0,0,0,0,0,0,0,0,0,0,0,0,0,0,0,0,0,0,0,0,0,0,0,0,0,0,0,0,0,0,0,0,0,0,1,0,7,0,3,0,14,0,49,0,90,0,238,0,506,0,1070,0,2252,0,4326,0,8079,0,14491,0,25186,0,42332,0,67454,0,103818,0,153680,0,218897,300509,0,392677,0,495112,0,601335,0,699787,0,781521,0,836952,0,859800,0,848594,0,801725,0,725731,0,630455,0,524290,0,418326,0,318299,0,232154,0,163278,0,110003,71030,0,43957,0,25841,0,14615,0,7785,0,3926,0,1885,0,805,0,351,0,114,0,41,0,14,0,3,0,0,0,0,0,0,0,1,0,0,0
0,0,0,0,0,0,0,0,0,0,0,0,0,0,0,0,0,0,0,0,0,0,0,0,0,0,0,0,0,0,0,0,0,0,0,0,1,0,4,0,7,0,10,0,41,0,96,0,232,0,520,0,1047,0,2191,0,4365,0,8023,0,14330,0,25172,0,41791,0,67194,0,103222,0,152876,0,217981,298672,0,391348,0,493737,0,600297,0,698515,0,780394,0,835885,0,860587,0,847736,0,803822,0,727962,0,630822,0,525979,0,419285,0,319910,0,233491,0,163980,0,110799,71125,0,44061,0,26190,0,14741,0,7873,0,3817,0,1913,0,855,0,344,0,106,0,39,0,17,0,3,0,0,0,0,0,0,0,1,0,0,0
0,0,0,0,0,0,0,0,0,0,0,0,0,0,0,0,0,0,0,0,0,0,0,0,0,0,0,0,0,0,0,0,0,0,0,0,1,0,1,0,10,0,17,0,36,0,85,0,238,0,512,0,1079,0,2166,0,4264,0,7816,0,14395,0,24950,0,41675,0,66569,0,102567,0,152444,0,217160,296394,0,390028,0,492368,0,599153,0,697845,0,778652,0,835907,0,860307,0,848753,0,804125,0,728896,0,633340,0,526111,0,421728,0,321216,0,234209,0,164755,0,111541,71521,0,44188,0,26589,0,14751,0,7782,0,3954,0,1933,0,866,0,340,0,114,0,38,0,16,0,3,0,0,0,0,0,0,0,1,0,0,0
0,0,0,0,0,0,0,0,0,0,0,0,0,0,0,0,0,0,0,0,0,0,0,0,0,0,0,0,0,0,0,0,0,0,0,0,1,0,2,0,12,0,15,0,39,0,88,0,216,0,505,0,1118,0,2112,0,4173,0,7809,0,14187,0,24861,0,41473,0,66320,0,101473,0,151506,0,215791,295755,0,387652,0,492363,0,597931,0,696241,0,778360,0,834431,0,859622,0,850825,0,804524,0,729803,0,634566,0,528314,0,422466,0,322542,0,235736,0,165449,0,111847,72010,0,44409,0,26831,0,14975,0,7733,0,3990,0,1940,0,864,0,340,0,133,0,35,0,18,0,2,0,0,0,0,0,0,0,1,0,0,0
0,0,0,0,0,0,0,0,0,0,0,0,0,0,0,0,0,0,0,0,0,0,0,0,0,0,0,0,0,0,0,0,0,0,0,0,1,0,3,0,8,0,16,0,33,0,103,0,197,0,509,0,1078,0,2142,0,4038,0,7714,0,14084,0,24864,0,40859,0,65782,0,101383,0,150413,0,214189,294022,0,388107,0,490327,0,595452,0,696376,0,776241,0,833969,0,859517,0,851731,0,805531,0,731972,0,635610,0,529946,0,423517,0,324048,0,236190,0,166500,0,112616,72257,0,44909,0,27029,0,14921,0,7824,0,4041,0,1932,0,879,0,347,0,121,0,39,0,19,0,2,0,0,0,0,0,0,0,1,0,0,0
0,0,0,0,0,0,0,0,0,0,0,0,0,0,0,0,0,0,0,0,0,0,0,0,0,0,0,0,0,0,0,0,0,0,0,0,1,0,1,0,10,0,15,0,38,0,88,0,208,0,490,0,1056,0,2093,0,4059,0,7772,0,13895,0,24514,0,40585,0,65428,0,100732,0,149694,0,213262,292816,0,386804,0,488485,0,594219,0,694065,0,775573,0,834211,0,860617,0,850045,0,808386,0,731868,0,638457,0,530519,0,425182,0,325036,0,237219,0,167473,0,113154,72849,0,45051,0,27090,0,15098,0,7864,0,4032,0,1908,0,915,0,342,0,126,0,46,0,15,0,2,0,0,0,0,0,0,0,1,0,0,0
0,0,0,0,0,0,0,0,0,0,0,0,0,0,0,0,0,0,0,0,0,0,0,0,0,0,0,0,0,0,0,0,0,0,0,0,2,0,3,0,10,0,14,0,32,0,89,0,208,0,486,0,1033,0,2094,0,4099,0,7530,0,13915,0,24349,0,40337,0,64890,0,100138,0,148380,0,212314,292152,0,385111,0,486820,0,593583,0,691957,0,775063,0,833863,0,859721,0,851323,0,808333,0,734960,0,639118,0,532787,0,425912,0,325488,0,238687,0,168210,0,114061,73158,0,45379,0,27025,0,15340,0,8019,0,4045,0,1967,0,863,0,346,0,131,0,47,0,15,0,1,0,0,0,0,0,0,0,1,0,0,0
0,0,0,0,0,0,0,0,0,0,0,0,0,0,0,0,0,0,0,0,0,0,0,0,0,0,0,0,0,0,0,0,0,0,0,1,1,0,4,0,7,0,16,0,37,0,69,0,227,0,443,0,1021,0,2077,0,4093,0,7508,0,13731,0,24054,0,40383,0,64302,0,99313,0,148074,0,210839,290509,0,383935,0,485989,0,591846,0,690728,0,774321,0,832535,0,860169,0,852042,0,810560,0,734938,0,640424,0,534285,0,427345,0,326555,0,240089,0,168912,0,114541,73763,0,45773,0,26967,0,15546,0,7978,0,4060,0,1995,0,860,0,352,0,121,0,53,0,15,0,2,0,0,0,0,0,0,0,1,0,0,0
0,0,0,0,0,0,0,0,0,0,0,0,0,0,0,0,0,0,0,0,0,0,0,0,0,0,0,0,0,0,0,0,0,0,0,1,1,0,4,0,7,0,16,0,30,0,83,0,202,0,470,0,968,0,2056,0,4024,0,7446,0,13826,0,23873,0,39790,0,64027,0,98701,0,147358,0,210528,289133,0,381779,0,484760,0,590528,0,689307,0,772957,0,832587,0,860901,0,852182,0,810281,0,737113,0,641404,0,535669,0,429018,0,328105,0,240745,0,169924,0,114977,74140,0,46325,0,26916,0,15576,0,8132,0,4154,0,1932,0,893,0,370,0,122,0,54,0,9,0,4,0,0,0,0,0,0,0,1,0,0,0
0,0,0,0,0,0,0,0,0,0,0,0,0,0,0,0,0,0,0,0,0,0,0,0,0,0,0,0,0,0,0,0,0,0,0,0,1,0,3,0,8,0,15,0,27,0,87,0,195,0,461,0,1006,0,1974,0,3941,0,7482,0,13625,0,23812,0,39588,0,63288,0,98699,0,146403,0,208869,288225,0,380517,0,484233,0,587931,0,689211,0,772037,0,831540,0,860048,0,853441,0,810844,0,738067,0,643141,0,537671,0,429956,0,329291,0,242517,0,169990,0,115522,74938,0,46226,0,27235,0,15543,0,8189,0,4182,0,1989,0,886,0,360,0,131,0,45,0,14,0,4,0,0,0,0,0,0,0,1,0,0,0
0,0,0,0,0,0,0,0,0,0,0,0,0,0,0,0,0,0,0,0,0,0,0,0,0,0,0,0,0,0,0,0,0,0,0,0,0,0,4,0,8,0,15,0,31,0,72,0,207,0,456,0,955,0,2047,0,3853,0,7440,0,13492,0,23567,0,39273,0,63087,0,98095,0,145063,0,208273,287132,0,379542,0,481851,0,587012,0,687268,0,771195,0,832326,0,859494,0,852384,0,811692,0,740133,0,645433,0,537612,0,432507,0,330824,0,242882,0,171376,0,115746,75616,0,46422,0,27527,0,15539,0,8343,0,4161,0,1999,0,908,0,360,0,126,0,43,0,14,0,3,0,0,0,0,0,0,0,1,0,0,0
0,0,0,0,0,0,0,0,0,0,0,0,0,0,0,0,0,0,0,0,0,0,0,0,0,0,0,0,0,0,0,0,0,0,0,0,0,0,4,0,9,0,12,0,34,0,67,0,205,0,438,0,968,0,1948,0,3849,0,7384,0,13287,0,23500,0,38826,0,62472,0,97783,0,144922,0,206841,285279,0,379208,0,479589,0,585255,0,686980,0,770744,0,831407,0,859209,0,853977,0,812252,0,740321,0,645734,0,541041,0,433857,0,331663,0,243932,0,172101,0,116490,75410,0,46924,0,27708,0,15701,0,8426,0,4177,0,1999,0,901,0,388,0,127,0,46,0,12,0,1,0,0,0,0,0,0,0,1,0,0,0
0,0,0,0,0,0,0,0,0,0,0,0,0,0,0,0,0,0,0,0,0,0,0,0,0,0,0,0,0,0,0,0,0,0,0,0,1,0,0,0,9,0,14,0,26,0,78,0,180,0,455,0,970,0,1895,0,3811,0,7423,0,13174,0,23115,0,38729,0,62126,0,96994,0,143875,0,206422,284614,0,376340,0,478717,0,584373,0,684796,0,770508,0,831161,0,859735,0,853936,0,813015,0,741615,0,646472,0,542746,0,434772,0,333454,0,245458,0,172600,0,116597,76040,0,47253,0,27899,0,15888,0,8451,0,4220,0,1956,0,945,0,371,0,117,0,47,0,13,0,2,0,0,0,0,0,0,0,1,0,0,0
0,0,0,0,0,0,0,0,0,0,0,0,0,0,0,0,0,0,0,0,0,0,0,0,0,0,0,0,0,0,0,0,0,0,0,0,1,0,1,0,9,0,14,0,24,0,92,0,177,0,445,0,937,0,1887,0,3746,0,7352,0,13237,0,22589,0,38542,0,62020,0,96261,0,143151,0,205936,282656,0,374953,0,477568,0,583115,0,683611,0,769100,0,830655,0,858669,0,855369,0,812804,0,742873,0,649096,0,544023,0,436594,0,334024,0,247516,0,173055,0,116954,76477,0,47614,0,28114,0,15950,0,8487,0,4215,0,2037,0,925,0,353,0,111,0,50,0,16,0,3,0,0,0,0,0,0,0,1,0,0,0
0,0,0,0,0,0,0,0,0,0,0,0,0,0,0,0,0,0,0,0,0,0,0,0,0,0,0,0,0,0,0,0,0,0,0,0,0,0,1,0,9,0,11,0,30,0,85,0,174,0,408,0,968,0,1867,0,3727,0,7131,0,13191,0,22701,0,37964,0,61733,0,95372,0,142685,0,205331,281045,0,374165,0,475436,0,582135,0,681151,0,769169,0,830153,0,860241,0,854001,0,814478,0,743688,0,649900,0,546486,0,437304,0,335865,0,247468,0,174153,0,118147,76620,0,47769,0,28172,0,16082,0,8614,0,4235,0,2069,0,920,0,369,0,116,0,48,0,18,0,3,0,0,0,0,0,0,0,1,0,0,0
0,0,0,0,0,0,0,0,0,0,0,0,0,0,0,0,0,0,0,0,0,0,0,0,0,0,0,0,0,0,0,0,0,0,0,0,0,0,2,0,5,0,18,0,32,0,67,0,195,0,406,0,920,0,1835,0,3779,0,7025,0,13009,0,22602,0,38012,0,60962,0,94774,0,141978,0,203912,280909,0,372008,0,474416,0,580543,0,681220,0,766435,0,830537,0,859396,0,855261,0,815308,0,744295,0,652080,0,547404,0,438603,0,337708,0,247994,0,174918,0,118862,76757,0,48145,0,28356,0,16308,0,8592,0,4242,0,2118,0,893,0,378,0,119,0,49,0,18,0,3,0,0,0,0,0,0,0,1,0,0,0
0,0,0,0,0,0,0,0,0,0,0,0,0,0,0,0,0,0,0,0,0,0,0,0,0,0,0,0,0,0,0,0,0,0,0,0,1,0,1,0,3,0,17,0,30,0,75,0,179,0,410,0,880,0,1833,0,3831,0,6902,0,12794,0,22593,0,37621,0,60619,0,94351,0,141334,0,202754,279719,0,370230,0,472547,0,580134,0,679637,0,766163,0,828662,0,859936,0,854871,0,816717,0,746073,0,652805,0,548701,0,441370,0,338176,0,249079,0,176265,0,119109,77072,0,48291,0,28812,0,16275,0,8563,0,4400,0,2102,0,880,0,397,0,125,0,47,0,19,0,3,0,0,0,0,0,0,0,1,0,0,0
0,0,0,0,0,0,0,0,0,0,0,0,0,0,0,0,0,0,0,0,0,0,0,0,0,0,0,0,0,0,0,0,0,0,0,0,1,0,1,0,3,0,12,0,33,0,82,0,203,0,355,0,892,0,1849,0,3731,0,6880,0,12636,0,22293,0,37380,0,60264,0,93920,0,140918,0,201566,278115,0,369691,0,472192,0,577503,0,678713,0,764260,0,827927,0,860047,0,854612,0,818025,0,747506,0,654325,0,550331,0,442836,0,339209,0,250300,0,176658,0,119897,77793,0,48456,0,29000,0,16324,0,8676,0,4404,0,2056,0,960,0,371,0,127,0,61,0,9,0,5,0,0,0,0,0,0,0,1,0,0,0
0,0,0,0,0,0,0,0,0,0,0,0,0,0,0,0,0,0,0,0,0,0,0,0,0,0,0,0,0,0,0,0,0,0,0,0,2,0,0,0,1,0,16,0,29,0,83,0,170,0,387,0,882,0,1862,0,3603,0,6959,0,12627,0,21807,0,37136,0,60211,0,93120,0,140196,0,200619,277204,0,368304,0,469496,0,576786,0,676715,0,764479,0,826764,0,860126,0,855647,0,818768,0,748306,0,656079,0,551354,0,445229,0,340231,0,250917,0,177534,0,120566,78188,0,48745,0,28953,0,16468,0,8779,0,4412,0,2115,0,962,0,376,0,121,0,55,0,15,0,4,0,0,0,0,0,0,0,1,0,0,0
0,0,0,0,0,0,0,0,0,0,0,0,0,0,0,0,0,0,0,0,0,0,0,0,0,0,0,0,0,0,0,0,0,0,0,0,1,0,1,0,5,0,9,0,40,0,68,0,175,0,408,0,868,0,1765,0,3690,0,6760,0,12557,0,21706,0,36777,0,59737,0,92808,0,139410,0,200286,275670,0,367306,0,468172,0,574841,0,675217,0,762602,0,828505,0,857990,0,856974,0,820356,0,749031,0,656826,0,553239,0,445909,0,341367,0,252557,0,178472,0,120773,79044,0,49053,0,28986,0,16558,0,8775,0,4485,0,2060,0,995,0,374,0,122,0,59,0,15,0,4,0,0,0,0,0,0,0,1,0,0,0
0,0,0,0,0,0,0,0,0,0,0,0,0,0,0,0,0,0,0,0,0,0,0,0,0,0,0,0,0,0,0,0,0,0,0,0,1,0,3,0,4,0,6,0,30,0,79,0,149,0,413,0,879,0,1763,0,3632,0,6673,0,12273,0,21662,0,36643,0,59558,0,92364,0,138325,0,199208,275609,0,365121,0,466525,0,573577,0,673657,0,762664,0,825818,0,859964,0,857042,0,819903,0,751333,0,657981,0,554979,0,446763,0,343072,0,253380,0,179486,0,121329,79295,0,49340,0,29244,0,16597,0,8928,0,4469,0,2101,0,989,0,374,0,121,0,60,0,19,0,3,0,0,0,0,0,0,0,1,0,0,0
0,0,0,0,0,0,0,0,0,0,0,0,0,0,0,0,0,0,0,0,0,0,0,0,0,0,0,0,0,0,0,0,0,0,0,0,1,0,2,0,3,0,9,0,28,0,69,0,161,0,397,0,868,0,1777,0,3638,0,6591,0,12159,0,21302,0,36606,0,59033,0,92195,0,137058,0,198439,273951,0,364209,0,465589,0,572012,0,672945,0,760990,0,825777,0,858932,0,857477,0,820762,0,752623,0,659357,0,556653,0,447781,0,344708,0,254450,0,180653,0,121879,79396,0,49754,0,29222,0,16796,0,9021,0,4440,0,2111,0,1008,0,360,0,143,0,47,0,24,0,2,0,0,0,0,0,0,0,1,0,0,0
0,0,0,0,0,0,0,0,0,0,0,0,0,0,0,0,0,0,0,0,0,0,0,0,0,0,0,0,0,0,0,0,0,0,0,1,0,0,1,0,5,0,8,0,28,0,70,0,172,0,395,0,861,0,1797,0,3452,0,6625,0,11978,0,21336,0,36161,0,58846,0,91796,0,136637,0,196818,273208,0,363415,0,463419,0,570339,0,672216,0,759914,0,825012,0,859394,0,857366,0,821587,0,752711,0,662554,0,557005,0,449138,0,346710,0,255522,0,180832,0,122690,79701,0,49995,0,29459,0,16868,0,9148,0,4499,0,2148,0,959,0,387,0,147,0,54,0,21,0,3,0,0,0,0,0,0,0,1,0,0,0
0,0,0,0,0,0,0,0,0,0,0,0,0,0,0,0,0,0,0,0,0,0,0,0,0,0,0,0,0,0,0,0,0,1,0,0,0,0,3,0,1,0,8,0,21,0,80,0,178,0,371,0,858,0,1762,0,3420,0,6545,0,11970,0,21307,0,35717,0,58170,0,91299,0,135877,0,196708,271479,0,361331,0,463166,0,568684,0,671182,0,759486,0,823260,0,859747,0,857892,0,820884,0,755631,0,663527,0,558013,0,450945,0,347639,0,257151,0,181418,0,123184,80273,0,50120,0,29722,0,16920,0,9165,0,4504,0,2230,0,943,0,396,0,145,0,53,0,19,0,3,0,0,0,0,0,0,0,1,0,0,0
0,0,0,0,0,0,0,0,0,0,0,0,0,0,0,0,0,0,0,0,0,0,0,0,0,0,0,0,0,0,0,0,0,1,0,0,2,0,0,0,3,0,11,0,22,0,65,0,177,0,413,0,826,0,1681,0,3471,0,6445,0,11937,0,21025,0,35453,0,58056,0,90073,0,136220,0,195516,269914,0,360388,0,461299,0,567491,0,668937,0,759129,0,823256,0,859204,0,857825,0,822258,0,755714,0,665321,0,560184,0,452259,0,348926,0,258463,0,181958,0,124039,80730,0,50075,0,30196,0,16993,0,9008,0,4662,0,2243,0,924,0,392,0,139,0,63,0,15,0,6,0,0,0,0,0,0,0,1,0,0,0
0,0,0,0,0,0,0,0,0,0,0,0,0,0,0,0,0,0,0,0,0,0,0,0,0,0,0,0,0,0,0,1,0,0,0,1,1,0,0,0,3,0,12,0,15,0,74,0,190,0,383,0,846,0,1673,0,3416,0,6361,0,11853,0,20701,0,35507,0,57286,0,90249,0,134425,0,195067,269491,0,358077,0,460619,0,565693,0,668178,0,757260,0,823472,0,858506,0,858139,0,823060,0,756363,0,667196,0,561763,0,453693,0,350247,0,259143,0,183426,0,124505,81190,0,50271,0,30297,0,17153,0,9063,0,4757,0,2195,0,959,0,404,0,150,0,52,0,17,0,4,0,1,0,0,0,0,0,1,0,0,0
0,0,0,0,0,0,0,0,0,0,0,0,0,0,0,0,0,0,0,0,0,0,0,0,0,0,0,0,0,1,0,0,0,0,0,1,1,0,0,0,2,0,6,0,25,0,60,0,181,0,399,0,806,0,1617,0,3401,0,6324,0,11889,0,20667,0,35104,0,57242,0,88997,0,134445,0,193611,268316,0,356610,0,458562,0,565447,0,667508,0,755401,0,822948,0,857949,0,859321,0,823197,0,756987,0,669121,0,562964,0,455762,0,351298,0,260040,0,184317,0,125078,81646,0,50636,0,30366,0,17230,0,9327,0,4736,0,2289,0,962,0,388,0,148,0,45,0,26,0,3,0,1,0,0,0,0,0,1,0,0,0
0,0,0,0,0,0,0,0,0,0,0,0,0,0,0,0,0,0,0,0,0,0,0,0,0,0,0,0,0,0,0,1,0,0,0,1,0,0,2,0,0,0,9,0,19,0,68,0,169,0,388,0,799,0,1664,0,3307,0,6290,0,11646,0,20694,0,34749,0,56694,0,88556,0,133916,0,192683,267482,0,355339,0,457217,0,564259,0,664993,0,755528,0,821847,0,857573,0,859196,0,824380,0,759160,0,669371,0,564830,0,456570,0,352526,0,261909,0,185063,0,125395,82205,0,50936,0,30523,0,17362,0,9497,0,4686,0,2302,0,973,0,399,0,155,0,51,0,20,0,5,0,1,0,0,0,0,0,1,0,0,0
0,0,0,0,0,0,0,0,0,0,0,0,0,0,0,0,0,0,0,0,0,0,0,0,0,0,0,0,0,0,0,1,0,0,0,0,1,0,0,0,2,0,8,0,19,0,71,0,174,0,374,0,803,0,1640,0,3225,0,6279,0,11528,0,20561,0,34551,0,56467,0,88094,0,132698,0,192430,265443,0,354604,0,456395,0,563002,0,663467,0,754491,0,819992,0,858887,0,858750,0,824882,0,760344,0,671417,0,566591,0,456705,0,353845,0,263296,0,185330,0,127015,82572,0,51028,0,30808,0,17463,0,9552,0,4655,0,2326,0,994,0,394,0,158,0,52,0,17,0,7,0,0,0,0,0,0,0,1,0,0,0
0,0,0,0,0,0,0,0,0,0,0,0,0,0,0,0,0,0,0,0,0,0,0,0,0,0,0,0,0,0,0,0,0,1,0,1,0,0,0,0,4,0,9,0,16,0,69,0,179,0,382,0,788,0,1596,0,3192,0,6341,0,11429,0,20229,0,34402,0,56022,0,87660,0,131999,0,191115,264480,0,353376,0,454922,0,560937,0,662965,0,752895,0,819287,0,859635,0,859311,0,825962,0,761175,0,671502,0,568604,0,458561,0,355520,0,263231,0,186884,0,127543,82689,0,51879,0,30705,0,17679,0,9512,0,4774,0,2323,0,981,0,413,0,151,0,55,0,15,0,7,0,1,0,0,0,0,0,1,0,0,0
0,0,0,0,0,0,0,0,0,0,0,0,0,0,0,0,0,0,0,0,0,0,0,0,0,0,0,0,0,0,0,0,0,1,0,0,1,0,1,0,3,0,6,0,21,0,67,0,173,0,372,0,770,0,1593,0,3140,0,6263,0,11385,0,20198,0,34009,0,55751,0,87276,0,131128,0,189895,263228,0,352278,0,454443,0,558673,0,660974,0,753120,0,818178,0,858994,0,859478,0,827682,0,763408,0,672199,0,569049,0,460159,0,356926,0,264273,0,187642,0,128388,83266,0,51801,0,31050,0,17698,0,9675,0,4805,0,2327,0,976,0,437,0,151,0,53,0,16,0,7,0,1,0,0,0,0,0,1,0,0,0
0,0,0,0,0,0,0,0,0,0,0,0,0,0,0,0,0,0,0,0,0,0,0,0,0,0,0,0,0,0,0,0,0,0,0,1,1,0,1,0,3,0,7,0,15,0,67,0,179,0,364,0,751,0,1565,0,3194,0,6118,0,11213,0,20078,0,33918,0,55200,0,86649,0,130635,0,188949,262878,0,350655,0,452733,0,556411,0,661018,0,750904,0,818541,0,857942,0,861494,0,827611,0,763629,0,673835,0,570746,0,461385,0,358293,0,265741,0,188661,0,128308,84107,0,52041,0,31322,0,17653,0,9739,0,4869,0,2341,0,973,0,434,0,155,0,57,0,13,0,10,0,1,0,0,0,0,0,1,0,0,0
0,0,0,0,0,0,0,0,0,0,0,0,0,0,0,0,0,0,0,0,0,0,0,0,0,0,0,0,0,0,0,0,0,0,0,1,0,0,3,0,1,0,5,0,21,0,77,0,144,0,373,0,713,0,1549,0,3215,0,6037,0,11246,0,20040,0,33470,0,54966,0,85684,0,129929,0,188093,261698,0,350032,0,449931,0,556764,0,658712,0,750309,0,818816,0,856827,0,861426,0,829525,0,763642,0,676071,0,571827,0,462636,0,359457,0,266828,0,189168,0,129354,84316,0,52633,0,31337,0,17807,0,9785,0,4965,0,2296,0,1024,0,414,0,165,0,52,0,14,0,9,0,1,0,0,0,0,0,0,1,0,0
0,0,0,0,0,0,0,0,0,0,0,0,0,0,0,0,0,0,0,0,0,0,0,0,0,0,0,0,0,0,0,0,0,0,0,0,1,0,2,0,2,0,3,0,26,0,70,0,136,0,342,0,751,0,1518,0,3177,0,6013,0,11095,0,19798,0,33602,0,54465,0,85054,0,129425,0,186818,260199,0,349498,0,448724,0,554599,0,658005,0,748690,0,818160,0,856807,0,862437,0,829356,0,765417,0,675960,0,574756,0,464352,0,360453,0,267777,0,190319,0,129597,85106,0,52702,0,31434,0,17937,0,9792,0,5021,0,2328,0,1037,0,408,0,168,0,43,0,16,0,11,0,1,0,0,0,0,0,0,1,0,0
0,0,0,0,0,0,0,0,0,0,0,0,0,0,0,0,0,0,0,0,0,0,0,0,0,0,0,0,0,0,0,0,0,0,0,0,2,0,1,0,2,0,2,0,25,0,64,0,147,0,324,0,758,0,1513,0,3101,0,5944,0,11149,0,19587,0,33357,0,54210,0,84744,0,128563,0,185814,260019,0,346770,0,447870,0,553456,0,656389,0,746865,0,817115,0,857044,0,864192,0,829568,0,766025,0,678100,0,575311,0,466437,0,361467,0,269084,0,191681,0,129785,85311,0,52905,0,31715,0,18121,0,9789,0,4993,0,2362,0,1053,0,450,0,152,0,44,0,15,0,11,0,2,0,0,0,0,0,0,1,0,0
0,0,0,0,0,0,0,0,0,0,0,0,0,0,0,0,0,0,0,0,0,0,0,0,0,0,0,0,0,0,0,0,0,0,0,0,1,0,2,0,2,0,5,0,18,0,62,0,141,0,341,0,696,0,1490,0,3092,0,5928,0,11004,0,19492,0,33277,0,53531,0,84902,0,127368,0,185146,258485,0,346278,0,446433,0,550903,0,655230,0,747593,0,815017,0,858510,0,862776,0,830996,0,767335,0,679019,0,576470,0,468422,0,362255,0,270759,0,191250,0,131364,85277,0,53341,0,32139,0,18148,0,9840,0,4951,0,2370,0,1084,0,438,0,152,0,47,0,17,0,6,0,5,0,0,0,0,0,0,1,0,0
0,0,0,0,0,0,0,0,0,0,0,0,0,0,0,0,0,0,0,0,0,0,0,0,0,0,0,0,0,0,0,0,0,0,0,0,0,0,2,0,2,0,5,0,15,0,67,0,140,0,338,0,691,0,1490,0,3025,0,5842,0,10960,0,19303,0,32865,0,53438,0,84299,0,127221,0,183996,257087,0,344782,0,445294,0,549922,0,654274,0,745234,0,815481,0,857270,0,862512,0,832861,0,768498,0,681344,0,577555,0,468604,0,364389,0,271334,0,192052,0,131754,86099,0,53896,0,31982,0,18438,0,9898,0,5002,0,2374,0,1103,0,424,0,169,0,47,0,18,0,7,0,4,0,1,0,0,0,0,1,0,0
0,0,0,0,0,0,0,0,0,0,0,0,0,0,0,0,0,0,0,0,0,0,0,0,0,0,0,0,0,0,0,0,0,0,0,0,0,0,2,0,1,0,6,0,17,0,76,0,133,0,327,0,667,0,1487,0,3073,0,5781,0,10870,0,19156,0,32333,0,53279,0,83608,0,126175,0,183663,255868,0,343148,0,444371,0,549866,0,652134,0,743693,0,815848,0,855188,0,864478,0,832054,0,770122,0,682486,0,579099,0,469815,0,366103,0,272360,0,193476,0,132156,86693,0,53741,0,32346,0,18417,0,10003,0,5106,0,2422,0,1073,0,447,0,166,0,49,0,16,0,7,0,3,0,0,0,0,0,0,1,0,0
0,0,0,0,0,0,0,0,0,0,0,0,0,0,0,0,0,0,0,0,0,0,0,0,0,0,0,0,0,0,0,0,0,0,0,0,0,0,2,0,0,0,9,0,18,0,61,0,138,0,330,0,657,0,1487,0,3074,0,5777,0,10796,0,18642,0,32274,0,52864,0,83404,0,125289,0,182921,254922,0,341599,0,443029,0,548166,0,651008,0,743437,0,813959,0,855372,0,863882,0,834164,0,770818,0,683948,0,581254,0,470255,0,367189,0,273444,0,194887,0,132366,87209,0,54197,0,32564,0,18493,0,10106,0,5217,0,2403,0,1084,0,434,0,173,0,62,0,16,0,6,0,2,0,0,0,0,0,0,1,0,0
0,0,0,0,0,0,0,0,0,0,0,0,0,0,0,0,0,0,0,0,0,0,0,0,0,0,0,0,0,0,0,0,0,0,0,0,0,0,2,0,0,0,8,0,26,0,46,0,139,0,321,0,677,0,1470,0,2983,0,5782,0,10589,0,18754,0,31931,0,52614,0,82485,0,124949,0,181638,254316,0,340873,0,440574,0,547239,0,649367,0,742053,0,813382,0,855580,0,864514,0,834975,0,772723,0,684675,0,582003,0,472448,0,367560,0,274570,0,195868,0,133306,87605,0,54527,0,32664,0,18591,0,10162,0,5129,0,2506,0,1083,0,448,0,176,0,56,0,15,0,4,0,2,0,0,0,0,0,0,1,0,0
0,0,0,0,0,0,0,0,0,0,0,0,0,0,0,0,0,0,0,0,0,0,0,0,0,0,0,0,0,0,0,0,0,0,0,0,0,0,2,0,1,0,6,0,23,0,55,0,134,0,323,0,700,0,1413,0,2991,0,5671,0,10385,0,18647,0,31707,0,52111,0,82352,0,124507,0,180358,252591,0,340438,0,438832,0,546626,0,648457,0,741304,0,812120,0,854447,0,863943,0,836117,0,774496,0,685464,0,584159,0,473411,0,370062,0,274803,0,196503,0,133980,88202,0,54717,0,32743,0,18837,0,10259,0,5227,0,2454,0,1116,0,452,0,191,0,52,0,14,0,2,0,2,0,1,0,0,0,0,1,0,0
0,0,0,0,0,0,0,0,0,0,0,0,0,0,0,0,0,0,0,0,0,0,0,0,0,0,0,0,0,0,0,0,0,0,0,0,0,0,1,0,4,0,11,0,17,0,52,0,131,0,308,0,686,0,1434,0,2927,0,5640,0,10469,0,18281,0,31632,0,51938,0,81501,0,123849,0,179445,252205,0,338270,0,438550,0,543966,0,647836,0,739257,0,811320,0,855901,0,864328,0,836359,0,774392,0,688334,0,584160,0,476060,0,370756,0,276191,0,197060,0,135004,88286,0,55125,0,32957,0,18993,0,10193,0,5203,0,2516,0,1129,0,476,0,182,0,51,0,17,0,3,0,1,0,1,0,0,0,0,1,0,0
0,0,0,0,0,0,0,0,0,0,0,0,0,0,0,0,0,0,0,0,0,0,0,0,0,0,0,0,0,0,0,0,0,0,0,0,0,0,2,0,2,0,8,0,20,0,54,0,137,0,288,0,696,0,1448,0,2885,0,5592,0,10257,0,18281,0,31377,0,51697,0,81207,0,122862,0,178982,250543,0,337651,0,436265,0,542961,0,645801,0,739939,0,810573,0,855893,0,863259,0,837031,0,775339,0,689742,0,585390,0,477374,0,372408,0,277247,0,198036,0,135830,88689,0,55524,0,33193,0,19013,0,10236,0,5278,0,2489,0,1167,0,475,0,184,0,65,0,12,0,5,0,0,0,1,0,0,0,0,1,0,0
0,0,0,0,0,0,0,0,0,0,0,0,0,0,0,0,0,0,0,0,0,0,0,0,0,0,0,0,0,0,0,0,0,0,0,0,0,0,2,0,1,0,9,0,21,0,42,0,137,0,319,0,622,0,1475,0,2905,0,5509,0,10218,0,18149,0,31133,0,50976,0,80728,0,122338,0,178663,249413,0,336535,0,434302,0,540812,0,646338,0,738880,0,810613,0,853617,0,865330,0,835776,0,777241,0,690093,0,587298,0,478299,0,374878,0,278119,0,198930,0,136084,89243,0,55816,0,33244,0,19271,0,10389,0,5216,0,2502,0,1187,0,471,0,182,0,62,0,14,0,5,0,0,0,1,0,0,0,0,1,0,0
0,0,0,0,0,0,0,0,0,0,0,0,0,0,0,0,0,0,0,0,0,0,0,0,0,0,0,0,0,0,0,0,0,0,0,0,0,0,1,0,5,0,3,0,19,0,64,0,110,0,286,0,666,0,1415,0,2947,0,5463,0,10063,0,18207,0,30686,0,50623,0,80372,0,121928,0,177463,248303,0,335642,0,433358,0,538811,0,645285,0,737440,0,809505,0,854594,0,865489,0,836327,0,777747,0,691506,0,588713,0,480669,0,375309,0,278600,0,200322,0,136565,89825,0,56075,0,33487,0,19353,0,10427,0,5287,0,2519,0,1142,0,523,0,189,0,51,0,18,0,5,0,0,0,1,0,0,0,0,1,0,0
0,0,0,0,0,0,0,0,0,0,0,0,0,0,0,0,0,0,0,0,0,0,0,0,0,0,0,0,0,0,0,0,0,0,0,0,1,0,1,0,3,0,7,0,12,0,56,0,121,0,296,0,643,0,1431,0,2842,0,5502,0,10043,0,17770,0,30752,0,50257,0,79791,0,121094,0,176388,248322,0,333939,0,431785,0,537421,0,643350,0,736791,0,809517,0,854482,0,864185,0,838458,0,778145,0,692972,0,590124,0,481921,0,376078,0,280481,0,200955,0,137567,90120,0,56338,0,33813,0,19350,0,10496,0,5260,0,2589,0,1157,0,508,0,198,0,56,0,18,0,1,0,1,0,0,0,0,0,0,1,0,0
0,0,0,0,0,0,0,0,0,0,0,0,0,0,0,0,0,0,0,0,0,0,0,0,0,0,0,0,0,0,0,0,0,0,0,0,0,0,2,0,2,0,6,0,18,0,57,0,120,0,282,0,666,0,1440,0,2799,0,5445,0,9910,0,17608,0,30502,0,50019,0,79114,0,120772,0,176118,246780,0,332535,0,429972,0,536114,0,642041,0,735972,0,809093,0,853891,0,864684,0,839097,0,779730,0,693251,0,592129,0,483271,0,377502,0,281521,0,201527,0,138200,90648,0,56472,0,34170,0,19568,0,10493,0,5276,0,2613,0,1200,0,517,0,187,0,57,0,14,0,2,0,1,0,0,0,0,0,0,1,0,0
0,0,0,0,0,0,0,0,0,0,0,0,0,0,0,0,0,0,0,0,0,0,0,0,0,0,0,0,0,0,0,0,0,0,0,0,0,0,2,0,0,0,8,0,21,0,46,0,129,0,273,0,659,0,1404,0,2834,0,5287,0,9850,0,17580,0,30233,0,49712,0,78814,0,119721,0,174967,245599,0,330877,0,429846,0,535715,0,640082,0,734749,0,808454,0,853665,0,865035,0,839923,0,780096,0,694358,0,593503,0,484530,0,378807,0,283049,0,202390,0,138685,90861,0,57162,0,34359,0,19552,0,10622,0,5346,0,2638,0,1192,0,492,0,204,0,58,0,16,0,3,0,0,0,0,0,0,0,0,1,0,0
0,0,0,0,0,0,0,0,0,0,0,0,0,0,0,0,0,0,0,0,0,0,0,0,0,0,0,0,0,0,0,0,0,0,0,0,1,0,1,0,2,0,4,0,22,0,57,0,111,0,293,0,619,0,1429,0,2718,0,5319,0,9728,0,17382,0,29892,0,49495,0,78368,0,119428,0,174031,244670,0,329681,0,428301,0,534265,0,638813,0,733558,0,807765,0,852947,0,864397,0,841046,0,781456,0,696157,0,594433,0,486395,0,380004,0,284229,0,203162,0,139376,91450,0,57619,0,34439,0,19634,0,10699,0,5437,0,2594,0,1198,0,480,0,220,0,61,0,17,0,4,0,1,0,0,0,0,0,0,1,0,0
0,0,0,0,0,0,0,0,0,0,0,0,0,0,0,0,0,0,0,0,0,0,0,0,0,0,0,0,0,0,0,0,0,0,0,0,1,0,1,0,1,0,4,0,17,0,67,0,122,0,278,0,621,0,1397,0,2746,0,5211,0,9658,0,17292,0,29714,0,49247,0,77609,0,118935,0,173141,243382,0,328466,0,427068,0,532158,0,638534,0,731377,0,807696,0,852156,0,865425,0,841421,0,782354,0,698580,0,594860,0,487591,0,381469,0,285065,0,204354,0,140013,92466,0,57666,0,34668,0,19698,0,10798,0,5494,0,2588,0,1211,0,484,0,227,0,55,0,17,0,4,0,1,0,0,0,0,0,0,1,0,0
0,0,0,0,0,0,0,0,0,0,0,0,0,0,0,0,0,0,0,0,0,0,0,0,0,0,0,0,0,0,0,0,0,0,0,0,1,0,1,0,0,0,4,0,20,0,58,0,122,0,281,0,615,0,1363,0,2663,0,5160,0,9697,0,16941,0,29695,0,48389,0,77674,0,117942,0,172756,242358,0,328000,0,425851,0,529958,0,636446,0,730513,0,805872,0,853742,0,865767,0,840883,0,784538,0,699337,0,596491,0,489369,0,381728,0,286494,0,204906,0,141276,92722,0,58179,0,34665,0,20055,0,10756,0,5485,0,2655,0,1173,0,502,0,213,0,72,0,15,0,4,0,1,0,0,0,0,0,0,1,0,0
0,0,0,0,0,0,0,0,0,0,0,0,0,0,0,0,0,0,0,0,0,0,0,0,0,0,0,0,0,0,0,0,0,0,0,0,1,0,1,0,1,0,5,0,21,0,48,0,129,0,284,0,585,0,1331,0,2697,0,5019,0,9606,0,17054,0,29201,0,48554,0,76736,0,117288,0,172032,241778,0,326674,0,423674,0,529734,0,634549,0,729971,0,804413,0,853327,0,867188,0,841005,0,784431,0,701403,0,598466,0,489602,0,383698,0,287135,0,205796,0,142494,93018,0,58425,0,34856,0,20078,0,10863,0,5635,0,2610,0,1183,0,504,0,220,0,62,0,17,0,5,0,1,0,0,0,0,0,0,1,0,0
0,0,0,0,0,0,0,0,0,0,0,0,0,0,0,0,0,0,0,0,0,0,0,0,0,0,0,0,0,0,0,0,0,0,0,0,0,0,3,0,0,0,4,0,14,0,52,0,149,0,259,0,600,0,1319,0,2587,0,5124,0,9462,0,16806,0,29101,0,47899,0,76571,0,116864,0,171061,241027,0,324902,0,423085,0,527673,0,633128,0,729243,0,804962,0,851976,0,865618,0,843779,0,785279,0,702952,0,598831,0,490873,0,385344,0,288264,0,206704,0,142991,93591,0,58597,0,35177,0,20374,0,10862,0,5638,0,2660,0,1207,0,500,0,210,0,61,0,20,0,4,0,1,0,0,0,0,0,0,1,0,0
0,0,0,0,0,0,0,0,0,0,0,0,0,0,0,0,0,0,0,0,0,0,0,0,0,0,0,0,0,0,0,0,0,0,0,0,1,0,1,0,2,0,4,0,13,0,44,0,140,0,280,0,587,0,1239,0,2548,0,5140,0,9434,0,16979,0,28502,0,47720,0,76188,0,116368,0,169955,239601,0,324612,0,421207,0,526826,0,630961,0,728318,0,804574,0,851941,0,866534,0,842843,0,787436,0,703796,0,600224,0,492670,0,385337,0,290296,0,207337,0,143565,93612,0,59465,0,35470,0,20273,0,10976,0,5672,0,2715,0,1213,0,504,0,192,0,70,0,19,0,3,0,1,0,0,0,0,0,0,1,0,0
0,0,0,0,0,0,0,0,0,0,0,0,0,0,0,0,0,0,0,0,0,0,0,0,0,0,0,0,0,0,0,0,0,0,0,0,1,0,1,0,3,0,4,0,19,0,39,0,126,0,291,0,554,0,1224,0,2560,0,5050,0,9447,0,16695,0,28589,0,47390,0,75618,0,115546,0,169271,238764,0,323516,0,419990,0,524996,0,630837,0,726609,0,803068,0,852057,0,865330,0,845103,0,787589,0,704881,0,602678,0,493634,0,386823,0,290746,0,209053,0,143635,94559,0,59383,0,35831,0,20356,0,11022,0,5684,0,2857,0,1149,0,537,0,200,0,70,0,19,0,3,0,1,0,0,0,0,0,0,1,0,0
0,0,0,0,0,0,0,0,0,0,0,0,0,0,0,0,0,0,0,0,0,0,0,0,0,0,0,0,0,0,0,0,0,0,0,0,0,0,3,0,1,0,5,0,23,0,45,0,113,0,273,0,551,0,1247,0,2545,0,5039,0,9180,0,16501,0,28531,0,47286,0,74411,0,115037,0,168745,237569,0,322566,0,419217,0,523179,0,630423,0,725777,0,801451,0,851409,0,866291,0,844516,0,789042,0,705814,0,604405,0,494774,0,387741,0,292747,0,209643,0,144532,94613,0,60059,0,35856,0,20703,0,11090,0,5658,0,2818,0,1164,0,511,0,218,0,62,0,20,0,3,0,1,0,0,0,0,0,1,0,0,0
0,0,0,0,0,0,0,0,0,0,0,0,0,0,0,0,0,0,0,0,0,0,0,0,0,0,0,0,0,0,0,0,0,0,0,0,0,0,1,0,2,0,4,0,20,0,42,0,113,0,248,0,585,0,1235,0,2537,0,5035,0,9111,0,16304,0,28253,0,46889,0,74157,0,114444,0,168048,236306,0,321374,0,417280,0,522932,0,627660,0,724646,0,803162,0,849468,0,865915,0,845872,0,788977,0,708193,0,605789,0,495711,0,390034,0,292947,0,210514,0,144963,95620,0,60319,0,36074,0,20769,0,11198,0,5846,0,2799,0,1212,0,474,0,232,0,74,0,15,0,5,0,0,0,0,0,0,0,1,0,0,0
0,0,0,0,0,0,0,0,0,0,0,0,0,0,0,0,0,0,0,0,0,0,0,0,0,0,0,0,0,0,0,0,0,0,0,0,1,0,0,0,0,0,6,0,17,0,45,0,120,0,246,0,560,0,1189,0,2616,0,4909,0,9033,0,16252,0,27833,0,46766,0,74005,0,113306,0,167068,235869,0,319233,0,417658,0,520831,0,626578,0,723283,0,802380,0,850110,0,866166,0,844892,0,790161,0,709509,0,607242,0,497730,0,390972,0,294359,0,210807,0,145759,95823,0,60728,0,36625,0,20546,0,11444,0,5873,0,2845,0,1209,0,484,0,220,0,77,0,20,0,3,0,0,0,0,0,0,0,1,0,0,0
0,0,0,0,0,0,0,0,0,0,0,0,0,0,0,0,0,0,0,0,0,0,0,0,0,0,0,0,0,0,0,0,0,0,0,0,1,0,0,0,1,0,3,0,21,0,53,0,111,0,245,0,559,0,1144,0,2558,0,4797,0,9087,0,16155,0,27739,0,46379,0,73374,0,112870,0,166123,234727,0,318856,0,415540,0,519844,0,623893,0,723258,0,800826,0,851069,0,866153,0,844223,0,791579,0,709883,0,609857,0,499604,0,392200,0,294754,0,212623,0,146359,96372,0,60865,0,36675,0,20856,0,11365,0,5901,0,2859,0,1221,0,501,0,229,0,76,0,17,0,3,0,0,0,0,0,0,0,1,0,0,0
0,0,0,0,0,0,0,0,0,0,0,0,0,0,0,0,0,0,0,0,0,0,0,0,0,0,0,0,0,0,0,0,0,0,0,0,1,0,0,0,0,0,6,0,13,0,62,0,112,0,250,0,540,0,1165,0,2466,0,4842,0,8922,0,16106,0,27781,0,45561,0,73230,0,112402,0,165683,233649,0,317421,0,413576,0,517864,0,625143,0,719220,0,800996,0,851284,0,865807,0,845716,0,791538,0,712732,0,610011,0,501553,0,393432,0,295604,0,213694,0,146841,97016,0,60874,0,36976,0,21009,0,11439,0,5980,0,2812,0,1243,0,521,0,216,0,78,0,17,0,4,0,0,0,0,0,0,0,1,0,0,0
0,0,0,0,0,0,0,0,0,0,0,0,0,0,0,0,0,0,0,0,0,0,0,0,0,0,0,0,0,0,0,0,0,0,0,0,0,0,1,0,0,0,7,0,11,0,56,0,116,0,253,0,536,0,1167,0,2419,0,4768,0,8885,0,16173,0,27266,0,45523,0,72770,0,111929,0,164884,232737,0,316293,0,411390,0,518088,0,622062,0,718852,0,799475,0,850692,0,866503,0,847445,0,793190,0,712580,0,611099,0,502687,0,395880,0,295850,0,214478,0,148145,97153,0,61395,0,37069,0,21310,0,11344,0,5987,0,2866,0,1238,0,504,0,227,0,86,0,13,0,6,0,0,0,0,0,0,0,1,0,0,0
0,0,0,0,0,0,0,0,0,0,0,0,0,0,0,0,0,0,0,0,0,0,0,0,0,0,0,0,0,0,0,0,0,0,0,0,0,0,0,0,2,0,4,0,16,0,50,0,100,0,270,0,534,0,1111,0,2468,0,4721,0,8935,0,15755,0,27334,0,45116,0,72453,0,111697,0,163568,231448,0,315101,0,411038,0,515863,0,621237,0,718357,0,797327,0,850915,0,867518,0,847185,0,795357,0,711864,0,613294,0,503919,0,397527,0,296730,0,215406,0,148609,97787,0,61895,0,36989,0,21471,0,11511,0,5935,0,2906,0,1240,0,521,0,215,0,88,0,19,0,2,0,0,0,0,0,0,0,1,0,0,0
0,0,0,0,0,0,0,0,0,0,0,0,0,0,0,0,0,0,0,0,0,0,0,0,0,0,0,0,0,0,0,0,0,0,0,0,0,0,0,0,3,0,2,0,17,0,44,0,107,0,256,0,568,0,1152,0,2373,0,4587,0,8934,0,15807,0,26846,0,44908,0,72277,0,110264,0,163247,230391,0,314056,0,410280,0,513735,0,620009,0,717443,0,796915,0,849426,0,867696,0,849161,0,795548,0,712949,0,614857,0,505115,0,398219,0,299118,0,215962,0,149329,98350,0,62254,0,37124,0,21383,0,11663,0,6060,0,2872,0,1242,0,539,0,218,0,79,0,19,0,4,0,0,0,0,0,0,0,0,1,0,0
0,0,0,0,0,0,0,0,0,0,0,0,0,0,0,0,0,0,0,0,0,0,0,0,0,0,0,0,0,0,0,0,0,0,0,0,0,0,0,0,3,0,5,0,12,0,45,0,115,0,244,0,519,0,1156,0,2318,0,4628,0,8904,0,15576,0,26926,0,44734,0,71209,0,110372,0,162624,229254,0,312027,0,407948,0,513701,0,618321,0,716479,0,796452,0,849714,0,867308,0,850040,0,795527,0,715504,0,614834,0,506900,0,399323,0,300901,0,216700,0,149739,98952,0,62764,0,37227,0,21497,0,11758,0,6125,0,2869,0,1284,0,560,0,207,0,77,0,23,0,3,0,0,0,0,0,0,0,0,1,0,0
0,0,0,0,0,0,0,0,0,0,0,0,0,0,0,0,0,0,0,0,0,0,0,0,0,0,0,0,0,0,0,0,0,0,0,0,0,0,1,0,1,0,7,0,14,0,53,0,97,0,251,0,519,0,1124,0,2319,0,4648,0,8676,0,15626,0,26723,0,44388,0,70991,0,109375,0,161697,228764,0,311168,0,406317,0,511440,0,617408,0,715869,0,795925,0,849066,0,866864,0,850991,0,797067,0,715894,0,617251,0,507917,0,400988,0,300820,0,217725,0,150670,99677,0,63064,0,37407,0,21611,0,11761,0,6183,0,2878,0,1308,0,558,0,207,0,80,0,15,0,5,0,0,0,0,0,0,0,0,1,0,0
0,0,0,0,0,0,0,0,0,0,0,0,0,0,0,0,0,0,0,0,0,0,0,0,0,0,0,0,0,0,0,0,0,0,0,0,0,0,1,0,2,0,6,0,15,0,48,0,99,0,235,0,525,0,1154,0,2282,0,4573,0,8582,0,15434,0,26703,0,43939,0,70827,0,108924,0,160425,227739,0,309887,0,405946,0,509649,0,615832,0,714805,0,796119,0,847377,0,866517,0,853067,0,797553,0,718076,0,617819,0,508940,0,401606,0,302997,0,218097,0,152007,99964,0,62915,0,37952,0,21671,0,11842,0,6108,0,2964,0,1301,0,573,0,216,0,67,0,22,0,6,0,0,0,0,0,0,0,0,1,0,0
0,0,0,0,0,0,0,0,0,0,0,0,0,0,0,0,0,0,0,0,0,0,0,0,0,0,0,0,0,0,0,0,0,0,0,0,0,0,0,0,3,0,4,0,19,0,40,0,96,0,251,0,527,0,1148,0,2280,0,4547,0,8485,0,15236,0,26596,0,43873,0,70188,0,108323,0,159541,226702,0,308672,0,404139,0,509304,0,614796,0,713858,0,794532,0,846296,0,868270,0,851769,0,798410,0,719398,0,620399,0,509762,0,402676,0,304738,0,219361,0,152003,100481,0,63381,0,38083,0,21934,0,11947,0,6153,0,2945,0,1390,0,540,0,216,0,69,0,21,0,5,0,1,0,0,0,0,0,0,1,0,0
0,0,0,0,0,0,0,0,0,0,0,0,0,0,0,0,0,0,0,0,0,0,0,0,0,0,0,0,0,0,0,0,0,0,0,0,0,0,0,0,2,0,6,0,14,0,38,0,93,0,249,0,534,0,1133,0,2227,0,4537,0,8257,0,15349,0,26324,0,43890,0,69985,0,107046,0,159509,225373,0,307723,0,402552,0,507456,0,613842,0,713989,0,792382,0,846544,0,867914,0,852267,0,800183,0,720577,0,620186,0,511563,0,404339,0,305743,0,219982,0,153165,100833,0,63754,0,38245,0,22144,0,12082,0,6168,0,2964,0,1384,0,537,0,235,0,61,0,21,0,6,0,1,0,0,0,0,0,0,1,0,0
0,0,0,0,0,0,0,0,0,0,0,0,0,0,0,0,0,0,0,0,0,0,0,0,0,0,0,0,0,0,0,0,0,0,0,0,0,0,0,0,2,0,8,0,7,0,45,0,96,0,234,0,545,0,1102,0,2272,0,4354,0,8323,0,15232,0,26149,0,43439,0,69790,0,106861,0,157871,224865,0,306643,0,401904,0,505252,0,612881,0,712319,0,792453,0,846183,0,867811,0,852023,0,801452,0,721768,0,621437,0,513569,0,405016,0,306612,0,221605,0,153534,101325,0,63785,0,38666,0,22356,0,12181,0,6237,0,2944,0,1383,0,556,0,220,0,69,0,20,0,7,0,2,0,0,0,0,0,0,1,0,0
0,0,0,0,0,0,0,0,0,0,0,0,0,0,0,0,0,0,0,0,0,0,0,0,0,0,0,0,0,0,0,0,0,0,0,0,0,0,1,0,0,0,4,0,18,0,38,0,96,0,225,0,519,0,1137,0,2201,0,4372,0,8316,0,14946,0,25877,0,43152,0,69336,0,106666,0,156774,223818,0,305547,0,400274,0,504630,0,610904,0,711179,0,791614,0,846096,0,868217,0,852570,0,802178,0,722171,0,623901,0,514307,0,406367,0,307726,0,223158,0,153823,101836,0,64304,0,38843,0,22526,0,12215,0,6203,0,3060,0,1396,0,569,0,199,0,70,0,22,0,5,0,2,0,0,0,0,0,0,1,0,0
0,0,0,0,0,0,0,0,0,0,0,0,0,0,0,0,0,0,0,0,0,0,0,0,0,0,0,0,0,0,0,0,0,0,0,0,0,0,0,0,3,0,3,0,15,0,30,0,109,0,253,0,486,0,1087,0,2226,0,4277,0,8318,0,14738,0,25681,0,42840,0,69300,0,105758,0,156651,222556,0,304021,0,399209,0,503531,0,609481,0,709599,0,790932,0,845675,0,868153,0,852088,0,804417,0,722576,0,625189,0,516311,0,407554,0,309060,0,223979,0,154777,102309,0,64566,0,39045,0,22575,0,12454,0,6230,0,3039,0,1425,0,572,0,221,0,62,0,20,0,6,0,0,0,1,0,0,0,0,1,0,0
0,0,0,0,0,0,0,0,0,0,0,0,0,0,0,0,0,0,0,0,0,0,0,0,0,0,0,0,0,0,0,0,0,0,0,0,0,0,0,0,1,0,7,0,11,0,38,0,112,0,234,0,482,0,1077,0,2151,0,4326,0,8174,0,14696,0,25512,0,42301,0,68936,0,105387,0,155677,222374,0,302069,0,398038,0,502367,0,608488,0,707968,0,789866,0,846178,0,866845,0,853187,0,804948,0,724296,0,626245,0,517840,0,409261,0,310128,0,224923,0,155192,103225,0,64678,0,39360,0,22626,0,12422,0,6390,0,3078,0,1421,0,581,0,202,0,62,0,21,0,5,0,1,0,1,0,0,0,0,1,0,0
0,0,0,0,0,0,0,0,0,0,0,0,0,0,0,0,0,0,0,0,0,0,0,0,0,0,0,0,0,0,0,0,0,0,0,0,0,0,0,0,2,0,4,0,11,0,35,0,114,0,249,0,461,0,1036,0,2191,0,4321,0,8010,0,14753,0,25262,0,42240,0,67951,0,104957,0,155495,220570,0,301965,0,396356,0,500777,0,607002,0,707318,0,788774,0,845499,0,868023,0,853435,0,805695,0,725630,0,626511,0,519820,0,410357,0,311104,0,225723,0,156515,103323,0,65448,0,39315,0,22812,0,12484,0,6441,0,3098,0,1408,0,613,0,210,0,60,0,26,0,2,0,1,0,1,0,0,0,0,1,0,0
0,0,0,0,0,0,0,0,0,0,0,0,0,0,0,0,0,0,0,0,0,0,0,0,0,0,0,0,0,0,0,0,0,0,0,0,0,0,0,0,2,0,7,0,11,0,34,0,102,0,242,0,470,0,1043,0,2162,0,4215,0,7969,0,14688,0,25315,0,41842,0,67477,0,104572,0,154011,220338,0,300681,0,395103,0,499765,0,605510,0,704858,0,788847,0,845884,0,867629,0,854724,0,805785,0,727005,0,628704,0,519490,0,412382,0,312013,0,227045,0,156877,103768,0,65779,0,39832,0,22594,0,12660,0,6584,0,3073,0,1395,0,615,0,212,0,69,0,21,0,2,0,1,0,1,0,0,0,0,1,0,0
0,0,0,0,0,0,0,0,0,0,0,0,0,0,0,0,0,0,0,0,0,0,0,0,0,0,0,0,0,0,0,0,0,0,0,0,0,0,0,0,0,0,8,0,19,0,25,0,99,0,240,0,497,0,1038,0,2088,0,4177,0,7894,0,14440,0,25115,0,41558,0,67108,0,103911,0,153423,219137,0,300378,0,393023,0,498564,0,604328,0,704459,0,787776,0,845152,0,867402,0,855143,0,806628,0,728506,0,629578,0,522715,0,412570,0,313093,0,227637,0,157374,104533,0,66426,0,39797,0,22648,0,12938,0,6552,0,3106,0,1420,0,568,0,227,0,67,0,17,0,4,0,1,0,1,0,0,0,0,1,0,0
0,0,0,0,0,0,0,0,0,0,0,0,0,0,0,0,0,0,0,0,0,0,0,0,0,0,0,0,0,0,0,0,0,0,0,0,0,0,0,0,2,0,6,0,18,0,32,0,94,0,226,0,508,0,1021,0,2007,0,4190,0,7904,0,14283,0,24884,0,41291,0,66606,0,103018,0,152410,219170,0,298670,0,392127,0,497122,0,603343,0,703469,0,786037,0,844953,0,868158,0,854430,0,807926,0,729845,0,631922,0,522113,0,415620,0,313906,0,228175,0,158488,104870,0,66652,0,40149,0,22878,0,12819,0,6596,0,3173,0,1402,0,575,0,220,0,77,0,15,0,6,0,1,0,1,0,0,0,0,1,0,0
0,0,0,0,0,0,0,0,0,0,0,0,0,0,0,0,0,0,0,0,0,0,0,0,0,0,0,0,0,0,0,0,0,0,0,0,0,0,0,0,3,0,9,0,12,0,31,0,88,0,229,0,483,0,982,0,2085,0,4147,0,7818,0,14141,0,24764,0,41253,0,65916,0,102295,0,152164,217527,0,298224,0,391669,0,495019,0,601875,0,701389,0,786153,0,844048,0,869207,0,855654,0,807521,0,731104,0,632974,0,523934,0,416240,0,315921,0,229052,0,158765,105197,0,67099,0,40265,0,23230,0,12777,0,6608,0,3212,0,1430,0,576,0,227,0,71,0,13,0,5,0,1,0,1,0,0,0,0,1,0,0
0,0,0,0,0,0,0,0,0,0,0,0,0,0,0,0,0,0,0,0,0,0,0,0,0,0,0,0,0,0,0,0,0,0,0,0,0,0,0,0,2,0,9,0,12,0,32,0,96,0,226,0,480,0,983,0,2086,0,4082,0,7622,0,14173,0,24604,0,40783,0,65680,0,101704,0,151581,216797,0,296518,0,390114,0,494714,0,600395,0,700689,0,784315,0,843295,0,869584,0,856338,0,808071,0,732678,0,633970,0,526484,0,416561,0,317098,0,230195,0,159583,105474,0,67372,0,40513,0,23436,0,12894,0,6633,0,3207,0,1443,0,558,0,234,0,70,0,13,0,5,0,1,0,1,0,0,0,0,1,0,0
0,0,0,0,0,0,0,0,0,0,0,0,0,0,0,0,0,0,0,0,0,0,0,0,0,0,0,0,0,0,0,0,0,0,0,0,0,0,1,0,1,0,11,0,9,0,25,0,101,0,232,0,484,0,944,0,2078,0,4008,0,7685,0,14056,0,24424,0,40492,0,65055,0,101488,0,150979,215964,0,294757,0,389809,0,492753,0,598995,0,699595,0,783434,0,843789,0,869663,0,856348,0,809457,0,732107,0,636216,0,526935,0,418716,0,318163,0,231037,0,160324,106232,0,67655,0,40658,0,23443,0,13042,0,6635,0,3240,0,1458,0,599,0,220,0,70,0,15,0,5,0,0,0,0,0,1,0,0,1,0,0
0,0,0,0,0,0,0,0,0,0,0,0,0,0,0,0,0,0,0,0,0,0,0,0,0,0,0,0,0,0,0,0,0,0,0,0,0,0,0,0,2,0,9,0,11,0,32,0,90,0,226,0,489,0,922,0,2068,0,4072,0,7516,0,13930,0,24046,0,40407,0,64687,0,101142,0,150081,215006,0,293914,0,387782,0,492391,0,596881,0,699833,0,781695,0,843799,0,869565,0,855899,0,810624,0,733830,0,637016,0,528804,0,419531,0,319443,0,231526,0,161268,106739,0,67983,0,41099,0,23561,0,13078,0,6786,0,3248,0,1474,0,592,0,219,0,71,0,16,0,4,0,0,0,0,0,1,0,0,1,0,0
0,0,0,0,0,0,0,0,0,0,0,0,0,0,0,0,0,0,0,0,0,0,0,0,0,0,0,0,0,0,0,0,0,0,0,0,0,0,0,0,4,0,4,0,12,0,36,0,93,0,222,0,475,0,958,0,1981,0,4113,0,7520,0,13622,0,23814,0,40105,0,64606,0,100308,0,149349,214305,0,292548,0,387649,0,489602,0,596431,0,696732,0,782987,0,843134,0,867619,0,858917,0,809018,0,737032,0,638007,0,530128,0,420963,0,320548,0,232373,0,161933,107416,0,68051,0,41492,0,23745,0,13083,0,6809,0,3276,0,1464,0,611,0,226,0,65,0,16,0,5,0,0,0,1,0,0,0,0,1,0,0
0,0,0,0,0,0,0,0,0,0,0,0,0,0,0,0,0,0,0,0,0,0,0,0,0,0,0,0,0,0,0,0,0,0,0,0,0,0,1,0,2,0,4,0,11,0,40,0,96,0,223,0,459,0,923,0,1960,0,4068,0,7495,0,13414,0,23837,0,39889,0,64529,0,99484,0,148546,212995,0,292344,0,385341,0,488871,0,594258,0,696186,0,782655,0,841225,0,868236,0,857444,0,813571,0,737045,0,638877,0,532228,0,422362,0,321020,0,233088,0,162868,108118,0,68173,0,41902,0,23806,0,13313,0,6817,0,3320,0,1443,0,596,0,232,0,73,0,15,0,4,0,0,0,1,0,0,0,0,1,0,0
0,0,0,0,0,0,0,0,0,0,0,0,0,0,0,0,0,0,0,0,0,0,0,0,0,0,0,0,0,0,0,0,0,0,0,0,0,0,1,0,1,0,4,0,9,0,45,0,97,0,203,0,484,0,890,0,1982,0,3932,0,7562,0,13397,0,23544,0,39725,0,63808,0,99151,0,147303,212660,0,290943,0,384409,0,487569,0,592932,0,696081,0,781337,0,840290,0,867333,0,859095,0,813928,0,737856,0,641760,0,532396,0,423798,0,321750,0,233812,0,163988,108797,0,68690,0,41800,0,24047,0,13432,0,6866,0,3320,0,1481,0,561,0,243,0,69,0,23,0,3,0,0,0,1,0,0,0,0,1,0,0
0,0,0,0,0,0,0,0,0,0,0,0,0,0,0,0,0,0,0,0,0,0,0,0,0,0,0,0,0,0,0,0,0,0,0,0,0,0,1,0,0,0,4,0,11,0,43,0,98,0,205,0,431,0,944,0,1951,0,3928,0,7441,0,13320,0,23364,0,39480,0,63545,0,98641,0,147094,210593,0,290447,0,382611,0,485801,0,592859,0,694933,0,778529,0,841623,0,867455,0,859174,0,815286,0,739001,0,642759,0,533997,0,423479,0,323282,0,236320,0,164023,109043,0,69406,0,42016,0,24205,0,13465,0,6813,0,3370,0,1497,0,575,0,246,0,73,0,22,0,3,0,0,0,1,0,0,0,0,1,0,0
0,0,0,0,0,0,0,0,0,0,0,0,0,0,0,0,0,0,0,0,0,0,0,0,0,0,0,0,0,0,0,0,0,0,0,0,0,0,1,0,1,0,2,0,12,0,47,0,92,0,208,0,428,0,916,0,1971,0,3894,0,7333,0,13280,0,23281,0,39041,0,63296,0,98232,0,146328,209431,0,288807,0,381911,0,484897,0,591533,0,693061,0,778667,0,839741,0,869018,0,859385,0,815797,0,740459,0,642986,0,535862,0,425316,0,323940,0,236964,0,164773,109725,0,69896,0,42341,0,24177,0,13588,0,6918,0,3392,0,1507,0,598,0,256,0,72,0,23,0,2,0,1,0,1,0,0,0,0,1,0,0
0,0,0,0,0,0,0,0,0,0,0,0,0,0,0,0,0,0,0,0,0,0,0,0,0,0,0,0,0,0,0,0,0,0,0,0,0,0,0,0,2,0,2,0,17,0,39,0,103,0,214,0,416,0,919,0,1932,0,3810,0,7378,0,13050,0,23119,0,38644,0,63180,0,97744,0,145338,208615,0,287717,0,380812,0,483585,0,591074,0,692175,0,777438,0,838138,0,868756,0,861169,0,817563,0,740821,0,644680,0,536561,0,426061,0,325638,0,237253,0,165518,109889,0,70716,0,42494,0,24275,0,13657,0,6983,0,3429,0,1511,0,628,0,240,0,82,0,17,0,5,0,0,0,1,0,0,0,0,1,0,0
0,0,0,0,0,0,0,0,0,0,0,0,0,0,0,0,0,0,0,0,0,0,0,0,0,0,0,0,0,0,0,0,0,0,0,0,0,0,0,0,1,0,4,0,17,0,44,0,74,0,232,0,435,0,890,0,1868,0,3876,0,7218,0,12991,0,22820,0,38406,0,62712,0,97461,0,144764,207564,0,285918,0,379863,0,482830,0,589229,0,691310,0,776473,0,838433,0,869595,0,860280,0,817013,0,743312,0,646909,0,536649,0,427719,0,326978,0,237894,0,166045,110782,0,70486,0,42982,0,24763,0,13607,0,7120,0,3320,0,1516,0,664,0,236,0,81,0,17,0,6,0,1,0,0,0,0,0,0,1,0,0
0,0,0,0,0,0,0,0,0,0,0,0,0,0,0,0,0,0,0,0,0,0,0,0,0,0,0,0,0,0,0,0,0,0,0,0,0,0,1,0,2,0,4,0,19,0,39,0,91,0,193,0,468,0,852,0,1928,0,3741,0,7156,0,12945,0,22827,0,38114,0,62145,0,96920,0,144202,206235,0,284940,0,378798,0,481914,0,587743,0,689141,0,776413,0,837818,0,868938,0,861541,0,817855,0,744206,0,647338,0,539501,0,429576,0,327147,0,238883,0,166748,111358,0,70712,0,43239,0,24993,0,13724,0,7086,0,3384,0,1543,0,644,0,229,0,87,0,19,0,7,0,1,0,0,0,0,0,0,1,0,0
0,0,0,0,0,0,0,0,0,0,0,0,0,0,0,0,0,0,0,0,0,0,0,0,0,0,0,0,0,0,0,0,0,0,0,0,0,0,1,0,3,0,2,0,17,0,35,0,92,0,202,0,446,0,887,0,1845,0,3754,0,7056,0,12935,0,22556,0,38056,0,61767,0,96425,0,142757,205814,0,284557,0,377226,0,480496,0,586474,0,687812,0,776380,0,837848,0,867806,0,862181,0,819151,0,744353,0,648489,0,540695,0,431280,0,328366,0,239891,0,167571,111601,0,70976,0,43643,0,25075,0,13812,0,7109,0,3463,0,1504,0,666,0,220,0,80,0,26,0,6,0,1,0,0,0,0,0,0,1,0,0
0,0,0,0,0,0,0,0,0,0,0,0,0,0,0,0,0,0,0,0,0,0,0,0,0,0,0,0,0,0,0,0,0,0,0,0,0,0,1,0,4,0,5,0,10,0,38,0,96,0,203,0,403,0,883,0,1898,0,3638,0,7080,0,12659,0,22451,0,38015,0,61397,0,95844,0,142195,204785,0,283645,0,375946,0,478375,0,585146,0,688440,0,773768,0,837524,0,867735,0,862567,0,819576,0,746811,0,650395,0,541334,0,431951,0,330095,0,240433,0,168500,112158,0,71288,0,43778,0,25329,0,13878,0,7126,0,3457,0,1550,0,644,0,243,0,75,0,25,0,9,0,2,0,0,0,0,0,0,1,0,0
0,0,0,0,0,0,0,0,0,0,0,0,0,0,0,0,0,0,0,0,0,0,0,0,0,0,0,0,0,0,0,0,0,0,0,0,0,0,1,0,3,0,7,0,6,0,35,0,95,0,189,0,416,0,904,0,1843,0,3683,0,6876,0,12578,0,22339,0,37725,0,61024,0,95273,0,141970,204126,0,282332,0,374702,0,476975,0,583934,0,686839,0,773666,0,835530,0,868468,0,863355,0,819713,0,749043,0,651073,0,542406,0,433533,0,330978,0,241923,0,169020,112372,0,71925,0,44025,0,25336,0,13895,0,7246,0,3458,0,1551,0,686,0,219,0,80,0,25,0,6,0,1,0,0,0,0,0,0,1,0,0
0,0,0,0,0,0,0,0,0,0,0,0,0,0,0,0,0,0,0,0,0,0,0,0,0,0,0,0,0,0,0,0,0,0,0,0,0,0,0,0,3,0,6,0,9,0,30,0,92,0,201,0,415,0,845,0,1886,0,3546,0,6892,0,12537,0,21986,0,37596,0,60829,0,94668,0,141392,202802,0,281652,0,372775,0,476708,0,582257,0,684931,0,773129,0,835789,0,867599,0,863268,0,821067,0,750705,0,651435,0,544464,0,434681,0,332381,0,243267,0,169002,113225,0,72296,0,44159,0,25454,0,14073,0,7258,0,3471,0,1590,0,693,0,233,0,77,0,28,0,5,0,1,0,0,0,0,0,0,1,0,0
0,0,0,0,0,0,0,0,0,0,0,0,0,0,0,0,0,0,0,0,0,0,0,0,0,0,0,0,0,0,0,0,0,0,0,0,0,0,1,0,2,0,6,0,12,0,27,0,88,0,193,0,404,0,881,0,1798,0,3625,0,6835,0,12482,0,21999,0,37143,0,60628,0,94181,0,140270,202290,0,280027,0,372438,0,474915,0,580473,0,684065,0,771894,0,836407,0,866782,0,863000,0,822711,0,751467,0,653079,0,545495,0,436356,0,333638,0,243758,0,170028,113636,0,72768,0,44326,0,25654,0,14188,0,7343,0,3455,0,1612,0,656,0,258,0,79,0,28,0,6,0,1,0,0,0,0,0,0,1,0,0
0,0,0,0,0,0,0,0,0,0,0,0,0,0,0,0,0,0,0,0,0,0,0,0,0,0,0,0,0,0,0,0,0,0,0,0,0,0,1,0,1,0,5,0,16,0,29,0,70,0,191,0,440,0,844,0,1742,0,3617,0,6783,0,12442,0,21696,0,37101,0,60207,0,93613,0,139326,202197,0,278705,0,370978,0,473136,0,579343,0,682745,0,771441,0,835144,0,866613,0,863909,0,824183,0,752055,0,655042,0,546759,0,437048,0,335130,0,244510,0,170808,114068,0,73317,0,44377,0,25970,0,14217,0,7419,0,3495,0,1648,0,640,0,265,0,84,0,30,0,6,0,2,0,0,0,0,0,0,1,0,0
0,0,0,0,0,0,0,0,0,0,0,0,0,0,0,0,0,0,0,0,0,0,0,0,0,0,0,0,0,0,0,0,0,0,0,0,0,0,2,0,1,0,5,0,17,0,23,0,81,0,191,0,422,0,846,0,1769,0,3531,0,6705,0,12451,0,21815,0,36338,0,59989,0,93168,0,139117,200873,0,278001,0,369649,0,471321,0,579544,0,679757,0,769768,0,835271,0,867322,0,864960,0,824049,0,752286,0,657351,0,547927,0,439112,0,335267,0,245952,0,171215,114855,0,73586,0,44865,0,26083,0,14199,0,7475,0,3552,0,1655,0,651,0,263,0,93,0,27,0,6,0,2,0,0,0,0,0,0,1,0,0
0,0,0,0,0,0,0,0,0,0,0,0,0,0,0,0,0,0,0,0,0,0,0,0,0,0,0,0,0,0,0,0,0,0,0,0,0,0,0,0,4,0,4,0,15,0,26,0,71,0,187,0,414,0,861,0,1747,0,3495,0,6744,0,12331,0,21572,0,36624,0,58852,0,92815,0,138492,199779,0,277229,0,368487,0,470232,0,577783,0,678671,0,769018,0,834179,0,867888,0,864779,0,825847,0,752863,0,657697,0,551060,0,439505,0,336698,0,246336,0,172536,115042,0,74131,0,44994,0,26022,0,14513,0,7623,0,3552,0,1611,0,681,0,267,0,94,0,29,0,5,0,3,0,0,0,0,0,0,1,0,0
0,0,0,0,0,0,0,0,0,0,0,0,0,0,0,0,0,0,0,0,0,0,0,0,0,0,0,0,0,0,0,0,0,0,0,0,0,0,0,0,3,0,3,0,11,0,27,0,84,0,181,0,398,0,834,0,1765,0,3475,0,6668,0,12272,0,21431,0,36226,0,58785,0,92275,0,137755,199275,0,275061,0,367214,0,470410,0,576111,0,677931,0,767492,0,834116,0,866900,0,865248,0,826625,0,753731,0,660191,0,552118,0,439942,0,338360,0,247767,0,172530,115875,0,74281,0,45316,0,26269,0,14597,0,7559,0,3607,0,1602,0,692,0,263,0,93,0,28,0,9,0,2,0,0,0,0,0,0,1,0,0
0,0,0,0,0,0,0,0,0,0,0,0,0,0,0,0,0,0,0,0,0,0,0,0,0,0,0,0,0,0,0,0,0,0,0,0,0,0,0,0,1,0,5,0,15,0,21,0,96,0,156,0,404,0,837,0,1693,0,3557,0,6574,0,12163,0,21293,0,36011,0,58606,0,91400,0,137224,198422,0,274588,0,365492,0,468927,0,575556,0,676550,0,766597,0,832291,0,867854,0,865996,0,826355,0,755729,0,661254,0,552276,0,442731,0,338766,0,248556,0,173984,116049,0,74785,0,45613,0,26390,0,14607,0,7643,0,3619,0,1624,0,705,0,260,0,94,0,30,0,7,0,2,0,0,0,0,0,0,1,0,0
0,0,0,0,0,0,0,0,0,0,0,0,0,0,0,0,0,0,0,0,0,0,0,0,0,0,0,0,0,0,0,0,0,0,0,0,0,0,0,0,2,0,4,0,11,0,30,0,67,0,190,0,372,0,854,0,1716,0,3471,0,6505,0,12049,0,21096,0,35723,0,58188,0,91088,0,136807,197318,0,272849,0,365813,0,466735,0,574383,0,675051,0,765473,0,831487,0,868776,0,865804,0,827528,0,756106,0,663338,0,553813,0,443919,0,339674,0,249376,0,174720,116823,0,75049,0,45974,0,26476,0,14682,0,7665,0,3639,0,1695,0,672,0,257,0,105,0,28,0,5,0,2,0,0,0,0,0,0,1,0,0
0,0,0,0,0,0,0,0,0,0,0,0,0,0,0,0,0,0,0,0,0,0,0,0,0,0,0,0,0,0,0,0,0,0,0,0,0,0,0,0,2,0,5,0,8,0,38,0,62,0,189,0,395,0,803,0,1729,0,3445,0,6499,0,11898,0,21116,0,35416,0,57849,0,90488,0,136129,195975,0,272118,0,364811,0,465932,0,572293,0,674063,0,764792,0,830861,0,869298,0,865028,0,828972,0,757904,0,663248,0,556003,0,444983,0,340561,0,250218,0,175783,117600,0,75143,0,46104,0,26763,0,14861,0,7638,0,3600,0,1662,0,724,0,271,0,100,0,23,0,2,0,2,0,1,0,0,0,0,1,0,0
0,0,0,0,0,0,0,0,0,0,0,0,0,0,0,0,0,0,0,0,0,0,0,0,0,0,0,0,0,0,0,0,0,0,0,0,0,0,0,0,2,0,4,0,16,0,35,0,70,0,158,0,408,0,825,0,1663,0,3419,0,6437,0,11922,0,20632,0,35551,0,57897,0,89456,0,135379,195306,0,271161,0,363454,0,464195,0,570907,0,674652,0,763279,0,831616,0,867036,0,865009,0,830085,0,759631,0,664272,0,557096,0,446113,0,342444,0,250620,0,176490,118454,0,75457,0,46157,0,27069,0,14925,0,7702,0,3619,0,1661,0,705,0,284,0,110,0,20,0,3,0,1,0,1,0,0,0,0,1,0,0
0,0,0,0,0,0,0,0,0,0,0,0,0,0,0,0,0,0,0,0,0,0,0,0,0,0,0,0,0,0,0,0,0,0,0,0,0,0,0,0,2,0,4,0,17,0,35,0,67,0,171,0,391,0,849,0,1692,0,3349,0,6355,0,11665,0,20871,0,35039,0,57481,0,89327,0,134325,194285,0,270497,0,362472,0,462389,0,569711,0,673786,0,762102,0,831841,0,866320,0,866395,0,830731,0,760145,0,666110,0,558088,0,446702,0,343280,0,251887,0,177227,118785,0,76295,0,46326,0,27163,0,14930,0,7856,0,3633,0,1659,0,736,0,285,0,104,0,23,0,3,0,1,0,1,0,0,0,0,1,0,0
0,0,0,0,0,0,0,0,0,0,0,0,0,0,0,0,0,0,0,0,0,0,0,0,0,0,0,0,0,0,0,0,0,0,0,0,0,0,0,0,1,0,5,0,15,0,28,0,82,0,150,0,399,0,863,0,1650,0,3311,0,6365,0,11574,0,20624,0,34962,0,56896,0,89028,0,133639,193511,0,269316,0,360841,0,461190,0,569676,0,672049,0,762010,0,830457,0,866516,0,866200,0,831449,0,761027,0,666960,0,559990,0,448344,0,344101,0,253030,0,177816,119492,0,76662,0,46529,0,27256,0,14960,0,7893,0,3755,0,1628,0,739,0,282,0,110,0,22,0,3,0,1,0,1,0,0,0,0,1,0,0
0,0,0,0,0,0,0,0,0,0,0,0,0,0,0,0,0,0,0,0,0,0,0,0,0,0,0,0,0,0,0,0,0,0,0,0,0,0,0,0,1,0,6,0,11,0,25,0,82,0,171,0,385,0,826,0,1605,0,3307,0,6303,0,11599,0,20488,0,34652,0,56723,0,88473,0,133135,192459,0,268937,0,358937,0,461058,0,567501,0,670530,0,761059,0,828907,0,867473,0,867340,0,831218,0,762601,0,667162,0,561529,0,450100,0,345715,0,253491,0,178999,119610,0,77160,0,46771,0,27335,0,15072,0,8005,0,3816,0,1687,0,737,0,269,0,110,0,20,0,4,0,3,0,1,0,0,0,0,1,0,0
0,0,0,0,0,0,0,0,0,0,0,0,0,0,0,0,0,0,0,0,0,0,0,0,0,0,0,0,0,0,0,0,0,0,0,0,0,0,0,0,2,0,6,0,9,0,31,0,64,0,184,0,368,0,811,0,1655,0,3253,0,6245,0,11638,0,20143,0,34406,0,56406,0,88004,0,132754,191853,0,267145,0,358752,0,459357,0,565994,0,669094,0,760433,0,829411,0,866113,0,868161,0,831804,0,763569,0,668386,0,562246,0,452279,0,346194,0,255203,0,179056,120774,0,77295,0,46913,0,27618,0,15007,0,8037,0,3827,0,1766,0,715,0,287,0,109,0,24,0,3,0,2,0,2,0,0,0,0,1,0,0
0,0,0,0,0,0,0,0,0,0,0,0,0,0,0,0,0,0,0,0,0,0,0,0,0,0,0,0,0,0,0,0,0,0,0,0,0,0,0,0,1,0,8,0,10,0,19,0,75,0,168,0,376,0,804,0,1670,0,3250,0,6073,0,11588,0,20206,0,34102,0,55923,0,87575,0,132105,191281,0,266664,0,356006,0,458728,0,564659,0,669190,0,759213,0,828095,0,866678,0,867743,0,832681,0,764611,0,669444,0,564167,0,453086,0,347748,0,256006,0,179185,121678,0,77595,0,47454,0,27340,0,15409,0,8031,0,3821,0,1784,0,737,0,281,0,110,0,22,0,4,0,2,0,1,0,1,0,0,1,0,0
0,0,0,0,0,0,0,0,0,0,0,0,0,0,0,0,0,0,0,0,0,0,0,0,0,0,0,0,0,0,0,0,0,0,0,0,0,0,0,0,2,0,6,0,11,0,22,0,86,0,139,0,392,0,761,0,1699,0,3252,0,6042,0,11285,0,20424,0,33782,0,55317,0,87330,0,131684,190282,0,265759,0,355432,0,456523,0,563891,0,668072,0,758361,0,827286,0,866002,0,868245,0,834408,0,763951,0,671630,0,565206,0,453981,0,349438,0,256259,0,181054,121682,0,78274,0,47492,0,27617,0,15463,0,8004,0,3908,0,1799,0,749,0,270,0,103,0,25,0,4,0,2,0,2,0,0,0,0,1,0,0
0,0,0,0,0,0,0,0,0,0,0,0,0,0,0,0,0,0,0,0,0,0,0,0,0,0,0,0,0,0,0,0,0,0,0,0,0,0,0,0,0,0,8,0,7,0,37,0,73,0,156,0,368,0,757,0,1644,0,3189,0,6088,0,11309,0,20012,0,33791,0,54568,0,87091,0,130788,189640,0,264393,0,354823,0,454866,0,562095,0,667693,0,756976,0,826975,0,865372,0,870329,0,833492,0,766002,0,672232,0,566666,0,454968,0,350690,0,257609,0,181775,121962,0,78772,0,48041,0,27717,0,15474,0,8095,0,3872,0,1831,0,759,0,258,0,106,0,29,0,5,0,2,0,3,0,0,0,0,1,0,0
0,0,0,0,0,0,0,0,0,0,0,0,0,0,0,0,0,0,0,0,0,0,0,0,0,0,0,0,0,0,0,0,0,0,0,0,0,0,0,0,0,0,5,0,18,0,26,0,73,0,151,0,343,0,771,0,1631,0,3065,0,6084,0,11366,0,19853,0,33511,0,54577,0,85956,0,130286,189666,0,263012,0,352368,0,453666,0,561767,0,665412,0,758055,0,826662,0,865302,0,868942,0,834322,0,767355,0,673359,0,567538,0,457010,0,351678,0,258659,0,182214,122537,0,79421,0,48264,0,28019,0,15364,0,8186,0,3915,0,1833,0,751,0,282,0,98,0,26,0,4,0,2,0,3,0,0,0,0,1,0,0
0,0,0,0,0,0,0,0,0,0,0,0,0,0,0,0,0,0,0,0,0,0,0,0,0,0,0,0,0,0,0,0,0,0,0,0,0,0,0,0,0,0,4,0,15,0,28,0,75,0,152,0,330,0,785,0,1623,0,2988,0,6098,0,11197,0,19704,0,33446,0,54355,0,85089,0,130326,188133,0,261865,0,351760,0,452446,0,560292,0,664242,0,756911,0,826560,0,865198,0,869866,0,834668,0,767694,0,675092,0,569090,0,457423,0,353376,0,259680,0,182482,123382,0,79319,0,48835,0,28061,0,15646,0,8170,0,3988,0,1835,0,758,0,270,0,112,0,29,0,5,0,4,0,1,0,0,0,0,1,0,0
0,0,0,0,0,0,0,0,0,0,0,0,0,0,0,0,0,0,0,0,0,0,0,0,0,0,0,0,0,0,0,0,0,0,0,0,0,0,0,0,0,0,5,0,13,0,34,0,57,0,153,0,366,0,811,0,1512,0,3071,0,5991,0,11125,0,19548,0,33208,0,53943,0,85116,0,129019,187666,0,260743,0,350691,0,450479,0,560413,0,663262,0,756685,0,824548,0,866479,0,868477,0,835358,0,768569,0,677357,0,569835,0,458671,0,354141,0,260802,0,183479,123875,0,79463,0,49175,0,28300,0,15660,0,8233,0,4027,0,1853,0,753,0,300,0,103,0,29,0,6,0,3,0,1,0,0,0,0,1,0,0
0,0,0,0,0,0,0,0,0,0,0,0,0,0,0,0,0,0,0,0,0,0,0,0,0,0,0,0,0,0,0,0,0,0,0,0,0,0,0,0,0,0,4,0,15,0,32,0,61,0,174,0,344,0,789,0,1468,0,3121,0,6024,0,10902,0,19423,0,32887,0,53993,0,84216,0,128738,186626,0,259720,0,349051,0,449931,0,558513,0,662803,0,755342,0,825334,0,864993,0,870082,0,835492,0,768947,0,678397,0,571195,0,460846,0,354856,0,261491,0,184353,124146,0,80456,0,49015,0,28482,0,15685,0,8317,0,4089,0,1830,0,789,0,297,0,100,0,29,0,6,0,2,0,2,0,0,0,0,1,0,0
0,0,0,0,0,0,0,0,0,0,0,0,0,0,0,0,0,0,0,0,0,0,0,0,0,0,0,0,0,0,0,0,0,0,0,0,0,0,0,0,0,0,2,0,16,0,35,0,58,0,153,0,378,0,742,0,1530,0,3053,0,5829,0,10962,0,19355,0,32816,0,53459,0,84048,0,127649,185720,0,259548,0,347541,0,448399,0,557252,0,661454,0,754827,0,826329,0,863987,0,870585,0,835182,0,770228,0,678414,0,574157,0,461363,0,356223,0,262094,0,185167,125162,0,80371,0,49277,0,28731,0,15839,0,8221,0,4164,0,1889,0,759,0,298,0,109,0,20,0,10,0,2,0,1,0,0,0,0,1,0,0
0,0,0,0,0,0,0,0,0,0,0,0,0,0,0,0,0,0,0,0,0,0,0,0,0,0,0,0,0,0,0,0,0,0,0,0,0,0,0,0,1,0,1,0,14,0,35,0,65,0,161,0,322,0,748,0,1529,0,3040,0,5833,0,10944,0,19036,0,32618,0,53498,0,83391,0,126833,184976,0,258531,0,346374,0,447721,0,555190,0,660919,0,754315,0,824586,0,864725,0,869909,0,836588,0,771568,0,680790,0,572837,0,463168,0,357733,0,263675,0,185406,125531,0,81071,0,49408,0,28890,0,15840,0,8300,0,4174,0,1910,0,762,0,297,0,107,0,28,0,8,0,1,0,1,0,0,0,0,1,0,0
0,0,0,0,0,0,0,0,0,0,0,0,0,0,0,0,0,0,0,0,0,0,0,0,0,0,0,0,0,0,0,0,0,0,0,0,0,0,0,0,1,0,3,0,13,0,29,0,79,0,130,0,353,0,763,0,1526,0,2966,0,5868,0,10787,0,18849,0,32479,0,52950,0,83423,0,126301,183994,0,257171,0,345714,0,446427,0,553761,0,659809,0,753862,0,822995,0,864779,0,870681,0,836557,0,772979,0,682357,0,574412,0,464274,0,357865,0,265213,0,186569,125652,0,81508,0,49545,0,29183,0,15989,0,8279,0,4191,0,1857,0,827,0,283,0,106,0,38,0,9,0,1,0,1,0,0,0,0,1,0,0
0,0,0,0,0,0,0,0,0,0,0,0,0,0,0,0,0,0,0,0,0,0,0,0,0,0,0,0,0,0,0,0,0,0,0,0,0,0,0,0,1,0,4,0,10,0,30,0,67,0,141,0,353,0,761,0,1570,0,2894,0,5732,0,10764,0,18861,0,32095,0,52714,0,83145,0,125430,183120,0,256231,0,345170,0,445032,0,552687,0,657774,0,752976,0,823012,0,864582,0,869843,0,837446,0,774046,0,683272,0,576179,0,465888,0,359291,0,265797,0,187504,126062,0,81870,0,50064,0,29183,0,16057,0,8358,0,4231,0,1888,0,815,0,304,0,104,0,38,0,9,0,2,0,1,0,0,0,0,1,0,0
0,0,0,0,0,0,0,0,0,0,0,0,0,0,0,0,0,0,0,0,0,0,0,0,0,0,0,0,0,0,0,0,0,0,0,0,0,0,0,0,1,0,3,0,15,0,26,0,61,0,154,0,363,0,722,0,1495,0,3040,0,5549,0,10636,0,18683,0,31858,0,52552,0,82367,0,125152,182670,0,255033,0,343242,0,444398,0,551110,0,657444,0,750592,0,822437,0,865874,0,868381,0,839799,0,774299,0,684414,0,578479,0,466733,0,360011,0,266714,0,188557,126755,0,82021,0,50304,0,29579,0,15993,0,8505,0,4206,0,1890,0,824,0,317,0,99,0,38,0,10,0,2,0,1,0,0,0,0,1,0,0
0,0,0,0,0,0,0,0,0,0,0,0,0,0,0,0,0,0,0,0,0,0,0,0,0,0,0,0,0,0,0,0,0,0,0,0,0,0,0,0,1,0,4,0,10,0,29,0,61,0,165,0,325,0,757,0,1479,0,2968,0,5663,0,10362,0,18767,0,31470,0,51969,0,82036,0,124810,181048,0,255166,0,342218,0,442444,0,550274,0,656250,0,750072,0,822284,0,864447,0,869129,0,840367,0,775607,0,684871,0,580434,0,467714,0,361156,0,267881,0,189169,127279,0,82255,0,50516,0,29815,0,16252,0,8491,0,4238,0,1851,0,822,0,310,0,113,0,43,0,14,0,1,0,1,0,0,0,0,1,0,0
0,0,0,0,0,0,0,0,0,0,0,0,0,0,0,0,0,0,0,0,0,0,0,0,0,0,0,0,0,0,0,0,0,0,0,0,0,0,0,0,3,0,2,0,7,0,30,0,70,0,155,0,339,0,752,0,1464,0,2961,0,5656,0,10361,0,18492,0,31303,0,51904,0,81383,0,124299,180160,0,254131,0,340854,0,442158,0,548050,0,655679,0,748994,0,821593,0,863313,0,870367,0,841398,0,776857,0,685717,0,580092,0,469868,0,363001,0,268309,0,189988,128115,0,82588,0,50616,0,30085,0,16377,0,8470,0,4210,0,1943,0,808,0,316,0,116,0,40,0,12,0,1,0,1,0,0,0,0,1,0,0
0,0,0,0,0,0,0,0,0,0,0,0,0,0,0,0,0,0,0,0,0,0,0,0,0,0,0,0,0,0,0,0,0,0,0,0,0,0,1,0,1,0,3,0,9,0,19,0,77,0,161,0,334,0,693,0,1474,0,2818,0,5748,0,10369,0,18108,0,31107,0,51472,0,81648,0,123238,179813,0,252608,0,340314,0,439581,0,548843,0,652914,0,748183,0,820930,0,864129,0,870979,0,840888,0,778244,0,687068,0,581260,0,470724,0,364605,0,268993,0,190392,129157,0,83039,0,50828,0,30113,0,16491,0,8560,0,4203,0,1975,0,804,0,316,0,117,0,44,0,12,0,1,0,0,0,0,0,0,1,0,0
0,0,0,0,0,0,0,0,0,0,0,0,0,0,0,0,0,0,0,0,0,0,0,0,0,0,0,0,0,0,0,0,0,0,0,0,0,0,1,0,1,0,4,0,6,0,26,0,56,0,162,0,339,0,691,0,1461,0,2908,0,5529,0,10265,0,18155,0,31104,0,51210,0,80775,0,122460,179218,0,252032,0,338057,0,439552,0,545931,0,651940,0,748291,0,821572,0,863273,0,870673,0,842434,0,777607,0,689687,0,582364,0,471605,0,365635,0,270255,0,191158,129321,0,83422,0,51362,0,30124,0,16696,0,8541,0,4221,0,1976,0,830,0,309,0,114,0,40,0,14,0,1,0,0,0,0,0,0,1,0,0
0,0,0,0,0,0,0,0,0,0,0,0,0,0,0,0,0,0,0,0,0,0,0,0,0,0,0,0,0,0,0,0,0,0,0,0,0,0,0,0,1,0,2,0,10,0,22,0,60,0,174,0,311,0,677,0,1451,0,2823,0,5585,0,10090,0,18019,0,30983,0,50900,0,80682,0,121621,178363,0,250811,0,337436,0,438251,0,545081,0,650559,0,746791,0,821882,0,862418,0,871670,0,842309,0,779305,0,690124,0,583905,0,473599,0,365838,0,271367,0,191568,129923,0,83853,0,51691,0,30423,0,16505,0,8822,0,4186,0,1992,0,844,0,325,0,107,0,38,0,8,0,2,0,1,0,0,0,0,1,0,0
0,0,0,0,0,0,0,0,0,0,0,0,0,0,0,0,0,0,0,0,0,0,0,0,0,0,0,0,0,0,0,0,0,0,0,0,0,0,0,0,0,0,2,0,13,0,23,0,58,0,160,0,318,0,651,0,1401,0,2881,0,5410,0,10115,0,17943,0,30739,0,50654,0,79968,0,121562,177321,0,250405,0,336441,0,436315,0,543653,0,649756,0,746222,0,820463,0,862456,0,872610,0,842524,0,779727,0,692124,0,585315,0,474382,0,367143,0,272102,0,192437,130313,0,84236,0,52097,0,30191,0,16880,0,8814,0,4213,0,2041,0,859,0,297,0,123,0,36,0,11,0,3,0,0,0,0,0,0,1,0,0
0,0,0,0,0,0,0,0,0,0,0,0,0,0,0,0,0,0,0,0,0,0,0,0,0,0,0,0,0,0,0,0,0,0,0,0,0,0,0,0,0,0,3,0,10,0,25,0,55,0,144,0,327,0,632,0,1405,0,2821,0,5410,0,10110,0,17771,0,30615,0,50055,0,79592,0,121069,176769,0,249062,0,336184,0,434081,0,543281,0,648274,0,745346,0,819692,0,862387,0,872089,0,843113,0,781613,0,692074,0,587750,0,475610,0,367973,0,273511,0,192988,130869,0,84717,0,52017,0,30468,0,17064,0,8773,0,4299,0,2018,0,860,0,314,0,111,0,44,0,10,0,3,0,0,0,0,0,0,1,0,0
0,0,0,0,0,0,0,0,0,0,0,0,0,0,0,0,0,0,0,0,0,0,0,0,0,0,0,0,0,0,0,0,0,0,0,0,0,0,0,0,0,0,4,0,8,0,22,0,66,0,139,0,313,0,639,0,1411,0,2787,0,5425,0,10055,0,17597,0,30236,0,49708,0,79383,0,120581,176426,0,247563,0,334550,0,434479,0,540635,0,648203,0,744745,0,817783,0,861860,0,872793,0,844143,0,781250,0,694153,0,589102,0,477446,0,368552,0,274101,0,194140,131419,0,85000,0,52282,0,30691,0,17097,0,8992,0,4217,0,2081,0,847,0,317,0,110,0,40,0,14,0,3,0,0,0,0,0,0,1,0,0
0,0,0,0,0,0,0,0,0,0,0,0,0,0,0,0,0,0,0,0,0,0,0,0,0,0,0,0,0,0,0,0,0,0,0,0,0,0,0,0,1,0,4,0,9,0,28,0,56,0,143,0,277,0,676,0,1406,0,2776,0,5373,0,9913,0,17444,0,30054,0,49573,0,78918,0,120276,175496,0,247260,0,332986,0,433049,0,539385,0,647973,0,742546,0,817176,0,862133,0,871924,0,845356,0,782956,0,694344,0,589767,0,479197,0,370423,0,274664,0,195425,131804,0,85272,0,52371,0,31112,0,17070,0,9060,0,4310,0,2040,0,886,0,326,0,119,0,36,0,13,0,2,0,0,0,0,0,0,1,0,0
0,0,0,0,0,0,0,0,0,0,0,0,0,0,0,0,0,0,0,0,0,0,0,0,0,0,0,0,0,0,0,0,0,0,0,0,0,0,0,0,2,0,5,0,10,0,25,0,62,0,133,0,283,0,653,0,1425,0,2654,0,5387,0,9889,0,17418,0,29712,0,49520,0,78258,0,119565,174679,0,246468,0,331636,0,432326,0,538636,0,645481,0,741585,0,817229,0,861805,0,872371,0,846044,0,783059,0,695909,0,591284,0,479550,0,372893,0,275287,0,196171,132218,0,85963,0,52607,0,31136,0,17221,0,9029,0,4372,0,2041,0,907,0,326,0,126,0,36,0,11,0,1,0,0,0,0,0,0,1,0,0
0,0,0,0,0,0,0,0,0,0,0,0,0,0,0,0,0,0,0,0,0,0,0,0,0,0,0,0,0,0,0,0,0,0,0,0,0,0,0,0,1,0,4,0,12,0,31,0,68,0,124,0,286,0,640,0,1341,0,2762,0,5223,0,9748,0,17214,0,29931,0,49055,0,78058,0,118704,174153,0,244929,0,330696,0,430763,0,538816,0,643374,0,739576,0,817350,0,861901,0,872065,0,847019,0,783218,0,698455,0,591919,0,482522,0,373069,0,276101,0,196537,133253,0,86063,0,52834,0,31297,0,17363,0,9123,0,4373,0,2050,0,879,0,339,0,121,0,34,0,14,0,0,0,0,0,0,0,0,1,0,0
0,0,0,0,0,0,0,0,0,0,0,0,0,0,0,0,0,0,0,0,0,0,0,0,0,0,0,0,0,0,0,0,0,0,0,0,0,0,1,0,1,0,4,0,11,0,26,0,71,0,133,0,279,0,621,0,1352,0,2754,0,5160,0,9495,0,17340,0,29648,0,48917,0,77395,0,118611,173776,0,243294,0,329428,0,429728,0,537731,0,642079,0,738969,0,815096,0,863319,0,873411,0,845609,0,786068,0,699275,0,592663,0,483130,0,374802,0,276927,0,197333,133475,0,86248,0,53441,0,31296,0,17399,0,9152,0,4529,0,1974,0,916,0,357,0,109,0,46,0,9,0,0,0,0,0,0,0,0,1,0,0
0,0,0,0,0,0,0,0,0,0,0,0,0,0,0,0,0,0,0,0,0,0,0,0,0,0,0,0,0,0,0,0,0,0,0,0,0,0,1,0,1,0,3,0,8,0,34,0,64,0,119,0,288,0,633,0,1340,0,2709,0,5155,0,9583,0,17027,0,29307,0,48696,0,77521,0,117622,172632,0,243040,0,328377,0,428784,0,534889,0,641177,0,738632,0,815325,0,862021,0,873648,0,846805,0,787578,0,699185,0,595034,0,483507,0,375238,0,279150,0,197653,133734,0,86874,0,53947,0,31491,0,17486,0,9111,0,4508,0,2032,0,908,0,367,0,115,0,35,0,14,0,0,0,0,0,0,0,0,1,0,0
0,0,0,0,0,0,0,0,0,0,0,0,0,0,0,0,0,0,0,0,0,0,0,0,0,0,0,0,0,0,0,0,0,0,0,0,0,0,1,0,1,0,2,0,13,0,28,0,63,0,127,0,279,0,622,0,1329,0,2725,0,5014,0,9511,0,16975,0,29237,0,48244,0,77139,0,117064,171758,0,242550,0,328197,0,426120,0,533782,0,640864,0,736528,0,815588,0,861251,0,873812,0,847950,0,788477,0,700736,0,595233,0,485307,0,376164,0,279677,0,199141,134094,0,87346,0,53755,0,32055,0,17433,0,9186,0,4474,0,2106,0,905,0,373,0,126,0,37,0,8,0,1,0,0,0,0,0,0,1,0,0
0,0,0,0,0,0,0,0,0,0,0,0,0,0,0,0,0,0,0,0,0,0,0,0,0,0,0,0,0,0,0,0,0,0,0,0,1,0,0,0,1,0,2,0,14,0,23,0,62,0,136,0,267,0,629,0,1301,0,2664,0,5051,0,9380,0,16872,0,29195,0,47986,0,76613,0,116705,170839,0,241386,0,327504,0,424739,0,532547,0,639767,0,735488,0,814430,0,862113,0,874273,0,848135,0,789089,0,700948,0,597475,0,485946,0,378382,0,280291,0,199726,134286,0,87996,0,54132,0,32101,0,17549,0,9280,0,4562,0,2075,0,908,0,344,0,155,0,30,0,7,0,3,0,0,0,0,0,0,1,0,0
0,0,0,0,0,0,0,0,0,0,0,0,0,0,0,0,0,0,0,0,0,0,0,0,0,0,0,0,0,0,0,0,0,0,0,0,0,0,1,0,1,0,3,0,16,0,19,0,66,0,147,0,253,0,635,0,1250,0,2633,0,5026,0,9363,0,16708,0,29031,0,48030,0,75634,0,116265,170170,0,240035,0,326515,0,423582,0,531833,0,638666,0,734133,0,813671,0,862730,0,873117,0,849238,0,790614,0,702102,0,598595,0,487348,0,378790,0,281843,0,200043,135495,0,87818,0,54655,0,32060,0,17834,0,9242,0,4676,0,2098,0,862,0,372,0,140,0,38,0,9,0,3,0,0,0,0,0,0,1,0,0
0,0,0,0,0,0,0,0,0,0,0,0,0,0,0,0,0,0,0,0,0,0,0,0,0,0,0,0,0,0,0,0,0,0,0,0,0,0,2,0,0,0,3,0,6,0,24,0,60,0,154,0,257,0,643,0,1298,0,2505,0,5094,0,9269,0,16450,0,28925,0,47696,0,75531,0,115102,170107,0,239112,0,324892,0,422792,0,530356,0,637566,0,733603,0,812740,0,861072,0,874154,0,849717,0,791221,0,704260,0,599381,0,488756,0,379944,0,282908,0,201328,135615,0,88294,0,54915,0,32181,0,17926,0,9291,0,4703,0,2141,0,857,0,358,0,149,0,40,0,7,0,1,0,2,0,0,0,0,1,0,0
0,0,0,0,0,0,0,0,0,0,0,0,0,0,0,0,0,0,0,0,0,0,0,0,0,0,0,0,0,0,0,0,0,0,0,0,0,0,2,0,0,0,2,0,7,0,27,0,61,0,138,0,277,0,646,0,1276,0,2543,0,4941,0,9284,0,16347,0,28786,0,47549,0,74825,0,114863,169447,0,238278,0,324158,0,421862,0,528179,0,635812,0,734128,0,810927,0,860143,0,874650,0,850493,0,792134,0,706272,0,601382,0,489055,0,380750,0,283700,0,201897,136885,0,88675,0,55002,0,32102,0,18266,0,9309,0,4720,0,2181,0,861,0,380,0,137,0,38,0,7,0,2,0,2,0,0,0,0,1,0,0
0,0,0,0,0,0,0,0,0,0,0,0,0,0,0,0,0,0,0,0,0,0,0,0,0,0,0,0,0,0,0,0,0,0,0,0,1,0,1,0,1,0,3,0,11,0,20,0,58,0,148,0,278,0,617,0,1259,0,2578,0,4881,0,9158,0,16428,0,28356,0,47444,0,74195,0,114738,168410,0,237768,0,322892,0,420407,0,527694,0,634058,0,733026,0,809155,0,860459,0,874315,0,852391,0,792981,0,707751,0,602499,0,490082,0,381800,0,284309,0,202664,137888,0,89085,0,55200,0,32348,0,18327,0,9404,0,4725,0,2144,0,866,0,390,0,144,0,41,0,6,0,2,0,2,0,0,0,0,1,0,0
0,0,0,0,0,0,0,0,0,0,0,0,0,0,0,0,0,0,0,0,0,0,0,0,0,0,0,0,0,0,0,0,0,0,0,0,2,0,0,0,1,0,2,0,9,0,26,0,61,0,135,0,294,0,588,0,1281,0,2500,0,4919,0,9194,0,16231,0,28087,0,47040,0,74309,0,113788,168042,0,236430,0,321455,0,419841,0,526861,0,632976,0,731303,0,809033,0,859846,0,875252,0,851360,0,795083,0,707646,0,604694,0,491651,0,382779,0,284985,0,203385,138529,0,89467,0,55524,0,32533,0,18372,0,9538,0,4759,0,2101,0,918,0,386,0,143,0,40,0,5,0,2,0,2,0,0,0,0,1,0,0
0,0,0,0,0,0,0,0,0,0,0,0,0,0,0,0,0,0,0,0,0,0,0,0,0,0,0,0,0,0,0,0,0,0,0,0,1,0,1,0,0,0,5,0,9,0,26,0,56,0,145,0,294,0,600,0,1234,0,2457,0,4906,0,9071,0,16069,0,27915,0,46864,0,73714,0,113509,167346,0,235784,0,319909,0,419283,0,525060,0,631449,0,730405,0,808318,0,860028,0,875340,0,853558,0,794000,0,708604,0,606512,0,492778,0,383879,0,285931,0,204774,138693,0,89940,0,55580,0,33042,0,18303,0,9549,0,4874,0,2073,0,936,0,382,0,155,0,38,0,4,0,3,0,2,0,0,0,0,1,0,0
0,0,0,0,0,0,0,0,0,0,0,0,0,0,0,0,0,0,0,0,0,0,0,0,0,0,0,0,0,0,0,0,0,0,0,0,1,0,1,0,1,0,2,0,13,0,25,0,48,0,138,0,291,0,587,0,1236,0,2449,0,4855,0,8831,0,16186,0,27883,0,46406,0,73254,0,113613,165981,0,234766,0,319283,0,417893,0,524496,0,630636,0,727937,0,808519,0,859709,0,874975,0,854176,0,794989,0,710450,0,606985,0,494223,0,384425,0,287326,0,205353,139162,0,90723,0,55828,0,33197,0,18376,0,9657,0,4830,0,2183,0,933,0,363,0,165,0,39,0,5,0,2,0,3,0,0,0,0,1,0,0
0,0,0,0,0,0,0,0,0,0,0,0,0,0,0,0,0,0,0,0,0,0,0,0,0,0,0,0,0,0,0,0,0,0,0,0,1,0,0,0,2,0,1,0,9,0,29,0,46,0,143,0,283,0,563,0,1260,0,2411,0,4696,0,8988,0,15930,0,27711,0,46023,0,72884,0,113034,165289,0,234225,0,318375,0,416323,0,522956,0,630296,0,726879,0,807070,0,858625,0,876683,0,854099,0,795740,0,711710,0,608352,0,495169,0,386368,0,288103,0,206014,139774,0,91159,0,55959,0,33538,0,18501,0,9618,0,4833,0,2206,0,967,0,347,0,160,0,43,0,8,0,2,0,3,0,0,0,0,1,0,0
0,0,0,0,0,0,0,0,0,0,0,0,0,0,0,0,0,0,0,0,0,0,0,0,0,0,0,0,0,0,0,0,0,0,0,0,1,0,0,0,1,0,2,0,8,0,33,0,43,0,141,0,255,0,581,0,1233,0,2407,0,4778,0,8767,0,15878,0,27831,0,45344,0,72512,0,112518,164695,0,232595,0,318462,0,415116,0,521990,0,627728,0,726932,0,807737,0,856967,0,875531,0,855294,0,797587,0,712174,0,608974,0,496678,0,387605,0,290051,0,206436,140127,0,91544,0,56247,0,33602,0,18606,0,9782,0,4813,0,2307,0,911,0,371,0,149,0,53,0,6,0,2,0,3,0,0,0,0,1,0,0
0,0,0,0,0,0,0,0,0,0,0,0,0,0,0,0,0,0,0,0,0,0,0,0,0,0,0,0,0,0,0,0,0,0,0,0,0,0,1,0,0,0,4,0,8,0,26,0,53,0,123,0,256,0,574,0,1201,0,2470,0,4721,0,8744,0,15785,0,27233,0,45719,0,72319,0,111501,163905,0,232003,0,317316,0,413931,0,520604,0,627552,0,726013,0,805555,0,858674,0,875016,0,854206,0,799101,0,713825,0,609338,0,498988,0,388479,0,290569,0,207603,140695,0,91530,0,56973,0,33689,0,18556,0,9874,0,4871,0,2306,0,925,0,372,0,137,0,52,0,6,0,5,0,1,0,0,0,0,1,0,0
0,0,0,0,0,0,0,0,0,0,0,0,0,0,0,0,0,0,0,0,0,0,0,0,0,0,0,0,0,0,0,0,0,0,0,0,0,0,1,0,0,0,4,0,12,0,21,0,43,0,123,0,262,0,587,0,1244,0,2374,0,4735,0,8596,0,15650,0,27350,0,45310,0,72027,0,110512,163411,0,230824,0,317353,0,412492,0,518447,0,627153,0,724511,0,805282,0,858456,0,875140,0,855196,0,799680,0,714071,0,611366,0,499971,0,390064,0,291417,0,208166,141179,0,91920,0,57109,0,34002,0,18645,0,9959,0,4940,0,2295,0,921,0,401,0,125,0,51,0,5,0,5,0,0,0,0,0,0,1,0,0
0,0,0,0,0,0,0,0,0,0,0,0,0,0,0,0,0,0,0,0,0,0,0,0,0,0,0,0,0,0,0,0,0,0,0,0,0,0,1,0,0,0,3,0,16,0,18,0,41,0,123,0,248,0,587,0,1238,0,2404,0,4624,0,8558,0,15539,0,27140,0,45224,0,71957,0,109865,162453,0,230282,0,315390,0,412306,0,516649,0,625214,0,724322,0,805657,0,856591,0,876285,0,855695,0,799781,0,715731,0,612598,0,501050,0,390850,0,292284,0,209087,142249,0,92453,0,57033,0,34241,0,18789,0,9989,0,5000,0,2350,0,939,0,348,0,145,0,48,0,9,0,4,0,0,0,0,0,0,1,0,0
0,0,0,0,0,0,0,0,0,0,0,0,0,0,0,0,0,0,0,0,0,0,0,0,0,0,0,0,0,0,0,0,0,0,0,0,0,0,0,0,1,0,5,0,9,0,21,0,49,0,119,0,240,0,584,0,1234,0,2383,0,4489,0,8638,0,15464,0,26916,0,44802,0,71940,0,109335,161490,0,229719,0,313651,0,411101,0,515898,0,623864,0,724655,0,804542,0,856390,0,875695,0,856014,0,800244,0,717756,0,612565,0,501850,0,393417,0,293544,0,209344,142783,0,92962,0,57484,0,34301,0,19042,0,9994,0,4986,0,2374,0,937,0,367,0,149,0,50,0,8,0,3,0,0,0,0,0,0,1,0,0
0,0,0,0,0,0,0,0,0,0,0,0,0,0,0,0,0,0,0,0,0,0,0,0,0,0,0,0,0,0,0,0,0,0,0,0,0,0,0,0,3,0,5,0,9,0,24,0,41,0,121,0,239,0,555,0,1222,0,2334,0,4506,0,8602,0,15455,0,26708,0,44403,0,71083,0,109152,161507,0,228824,0,312181,0,410195,0,514308,0,622478,0,724397,0,804170,0,855944,0,874211,0,857462,0,801996,0,717863,0,613367,0,503343,0,394208,0,294902,0,210648,143254,0,93303,0,57792,0,34566,0,19101,0,9998,0,5046,0,2341,0,966,0,371,0,141,0,50,0,10,0,3,0,0,0,0,0,0,1,0,0
0,0,0,0,0,0,0,0,0,0,0,0,0,0,0,0,0,0,0,0,0,0,0,0,0,0,0,0,0,0,0,0,0,0,0,0,0,0,0,0,5,0,2,0,14,0,22,0,48,0,99,0,236,0,554,0,1200,0,2362,0,4503,0,8534,0,15391,0,26503,0,43905,0,70783,0,109331,160148,0,227792,0,311591,0,408229,0,514185,0,621842,0,722776,0,803492,0,854703,0,875231,0,857061,0,803778,0,718225,0,615521,0,504307,0,395470,0,295511,0,211073,144284,0,93989,0,57867,0,34606,0,19111,0,10227,0,4952,0,2425,0,944,0,381,0,134,0,48,0,10,0,3,0,0,0,0,0,0,1,0,0
0,0,0,0,0,0,0,0,0,0,0,0,0,0,0,0,0,0,0,0,0,0,0,0,0,0,0,0,0,0,0,0,0,0,0,0,0,0,0,0,3,0,7,0,10,0,23,0,48,0,99,0,222,0,555,0,1166,0,2349,0,4410,0,8462,0,15440,0,26037,0,44236,0,70058,0,108542,159741,0,227000,0,311062,0,406823,0,513209,0,620445,0,721822,0,802191,0,855629,0,874598,0,857171,0,804495,0,719425,0,617243,0,505611,0,396685,0,296122,0,211979,144943,0,93949,0,58390,0,34713,0,19331,0,10154,0,5050,0,2395,0,980,0,399,0,125,0,42,0,16,0,3,0,0,0,0,0,0,1,0,0
0,0,0,0,0,0,0,0,0,0,0,0,0,0,0,0,0,0,0,0,0,0,0,0,0,0,0,0,0,0,0,0,0,0,0,0,0,0,0,0,2,0,6,0,11,0,25,0,44,0,111,0,208,0,547,0,1235,0,2182,0,4350,0,8486,0,15306,0,26119,0,43626,0,70051,0,107633,158982,0,226715,0,309931,0,404694,0,512768,0,619285,0,719809,0,801716,0,855771,0,875182,0,858399,0,803014,0,722059,0,618177,0,507271,0,397818,0,297128,0,212899,145486,0,94151,0,58863,0,34576,0,19329,0,10368,0,5125,0,2387,0,977,0,388,0,135,0,43,0,17,0,3,0,0,0,0,0,0,1,0,0
0,0,0,0,0,0,0,0,0,0,0,0,0,0,0,0,0,0,0,0,0,0,0,0,0,0,0,0,0,0,0,0,0,0,0,0,0,0,1,0,3,0,3,0,12,0,18,0,47,0,99,0,239,0,519,0,1155,0,2247,0,4348,0,8374,0,15260,0,25965,0,43205,0,69824,0,107010,158364,0,225822,0,309240,0,404009,0,511358,0,618394,0,718955,0,800115,0,855193,0,874648,0,859248,0,805116,0,721749,0,619867,0,509187,0,398100,0,298494,0,213761,145841,0,95154,0,58640,0,34974,0,19355,0,10406,0,5157,0,2338,0,1013,0,386,0,135,0,41,0,18,0,1,0,0,0,0,0,0,1,0,0
0,0,0,0,0,0,0,0,0,0,0,0,0,0,0,0,0,0,0,0,0,0,0,0,0,0,0,0,0,0,0,0,0,0,0,0,0,0,1,0,2,0,3,0,11,0,21,0,47,0,106,0,230,0,486,0,1130,0,2225,0,4323,0,8372,0,15053,0,25810,0,43191,0,68950,0,107258,157012,0,225151,0,307746,0,404027,0,509667,0,616691,0,718438,0,800073,0,853494,0,875148,0,860217,0,805165,0,723345,0,620914,0,509560,0,400554,0,299033,0,214721,146892,0,95193,0,58986,0,35110,0,19514,0,10392,0,5235,0,2296,0,1040,0,376,0,141,0,36,0,20,0,2,0,0,0,0,0,0,1,0,0
0,0,0,0,0,0,0,0,0,0,0,0,0,0,0,0,0,0,0,0,0,0,0,0,0,0,0,0,0,0,0,0,0,0,0,0,0,0,0,0,2,0,2,0,8,0,25,0,49,0,102,0,225,0,501,0,1069,0,2214,0,4259,0,8462,0,14789,0,25652,0,42873,0,68993,0,106391,157035,0,223809,0,306464,0,402815,0,508325,0,616533,0,717069,0,798735,0,853889,0,876266,0,859460,0,806064,0,724360,0,622337,0,510607,0,401154,0,300538,0,215359,147226,0,95895,0,59321,0,35155,0,19705,0,10438,0,5298,0,2356,0,1002,0,386,0,134,0,37,0,17,0,3,0,0,0,0,0,0,1,0,0
0,0,0,0,0,0,0,0,0,0,0,0,0,0,0,0,0,0,0,0,0,0,0,0,0,0,0,0,0,0,0,0,0,0,0,0,0,0,0,0,1,0,3,0,7,0,26,0,42,0,104,0,225,0,479,0,1090,0,2133,0,4354,0,8283,0,14672,0,25710,0,42376,0,68660,0,106294,156531,0,222537,0,305248,0,402204,0,506279,0,615684,0,715698,0,799682,0,853561,0,874631,0,859490,0,808128,0,724653,0,623417,0,512607,0,402659,0,301121,0,216581,147697,0,95828,0,59722,0,35521,0,19835,0,10497,0,5123,0,2422,0,983,0,405,0,147,0,38,0,16,0,4,0,0,0,0,0,0,1,0,0
0,0,0,0,0,0,0,0,0,0,0,0,0,0,0,0,0,0,0,0,0,0,0,0,0,0,0,0,0,0,0,0,0,0,0,0,0,0,0,0,0,0,3,0,9,0,27,0,45,0,108,0,213,0,496,0,1075,0,2123,0,4291,0,8130,0,14539,0,25495,0,42432,0,68262,0,105241,156175,0,222387,0,303387,0,400845,0,506641,0,613983,0,714472,0,798947,0,853794,0,874518,0,859844,0,807440,0,726068,0,625120,0,514091,0,403924,0,301993,0,217213,148627,0,95936,0,59949,0,35838,0,20078,0,10408,0,5179,0,2402,0,1052,0,401,0,144,0,48,0,12,0,2,0,1,0,0,0,0,1,0,0
0,0,0,0,0,0,0,0,0,0,0,0,0,0,0,0,0,0,0,0,0,0,0,0,0,0,0,0,0,0,0,0,0,0,0,0,0,0,0,0,0,0,3,0,11,0,28,0,42,0,107,0,227,0,485,0,1064,0,2136,0,4224,0,8032,0,14524,0,25250,0,42370,0,67663,0,104683,155334,0,221879,0,302893,0,399297,0,505775,0,612157,0,714181,0,797909,0,852666,0,875084,0,860653,0,808005,0,727676,0,626228,0,515526,0,404710,0,303486,0,217696,148651,0,96866,0,60160,0,35843,0,20049,0,10538,0,5233,0,2346,0,1107,0,425,0,124,0,48,0,10,0,3,0,1,0,0,0,0,1,0,0
0,0,0,0,0,0,0,0,0,0,0,0,0,0,0,0,0,0,0,0,0,0,0,0,0,0,0,0,0,0,0,0,0,0,0,0,0,0,0,0,0,0,2,0,6,0,31,0,49,0,91,0,229,0,471,0,1059,0,2072,0,4250,0,7946,0,14504,0,25142,0,41835,0,67683,0,103882,154612,0,221011,0,302739,0,397772,0,503898,0,611563,0,713426,0,796722,0,853610,0,874375,0,860707,0,808664,0,729622,0,626281,0,517240,0,405713,0,304946,0,218204,148830,0,97669,0,60435,0,35860,0,20312,0,10566,0,5287,0,2408,0,1074,0,418,0,131,0,45,0,12,0,3,0,1,0,0,0,0,1,0,0
0,0,0,0,0,0,0,0,0,0,0,0,0,0,0,0,0,0,0,0,0,0,0,0,0,0,0,0,0,0,0,0,0,0,0,0,0,0,0,0,0,0,2,0,11,0,12,0,51,0,110,0,242,0,461,0,1035,0,2132,0,4156,0,7935,0,14479,0,24823,0,41768,0,66985,0,103495,153982,0,220577,0,301978,0,395765,0,502729,0,611088,0,713213,0,794540,0,852901,0,875903,0,859696,0,810087,0,730562,0,628323,0,517398,0,407063,0,305941,0,219217,149730,0,97539,0,61127,0,35873,0,20270,0,10807,0,5268,0,2474,0,1047,0,406,0,145,0,42,0,17,0,2,0,1,0,0,0,0,1,0,0
0,0,0,0,0,0,0,0,0,0,0,0,0,0,0,0,0,0,0,0,0,0,0,0,0,0,0,0,0,0,0,0,0,0,0,0,0,0,0,0,0,0,5,0,4,0,16,0,49,0,120,0,218,0,469,0,1043,0,2120,0,4160,0,7864,0,14208,0,24759,0,41396,0,66976,0,102539,153792,0,219209,0,301245,0,395444,0,500299,0,611361,0,711646,0,793013,0,853079,0,873819,0,862799,0,811624,0,730910,0,628491,0,518735,0,408767,0,307397,0,219758,149535,0,98310,0,61332,0,36296,0,20226,0,10980,0,5295,0,2420,0,1047,0,422,0,148,0,47,0,11,0,5,0,0,0,0,0,0,1,0,0
0,0,0,0,0,0,0,0,0,0,0,0,0,0,0,0,0,0,0,0,0,0,0,0,0,0,0,0,0,0,0,0,0,0,0,0,0,0,0,0,1,0,4,0,6,0,17,0,44,0,99,0,236,0,462,0,1006,0,2153,0,4180,0,7709,0,14272,0,24616,0,41080,0,66107,0,102815,152570,0,218333,0,299710,0,395412,0,499577,0,608808,0,711285,0,792957,0,851323,0,875230,0,861656,0,813116,0,731541,0,631925,0,518439,0,409838,0,308401,0,220436,150543,0,98646,0,61400,0,36560,0,20428,0,10924,0,5393,0,2478,0,1044,0,415,0,153,0,46,0,10,0,4,0,0,0,0,0,0,1,0,0
0,0,0,0,0,0,0,0,0,0,0,0,0,0,0,0,0,0,0,0,0,0,0,0,0,0,0,0,0,0,0,0,0,0,0,0,0,0,0,0,3,0,0,0,5,0,21,0,36,0,94,0,233,0,465,0,976,0,2092,0,4223,0,7689,0,14058,0,24559,0,41028,0,65586,0,102129,152001,0,217919,0,298549,0,394481,0,499048,0,607008,0,708999,0,793219,0,850691,0,875101,0,863187,0,812961,0,732120,0,633171,0,520821,0,410584,0,309192,0,221852,150970,0,98702,0,61809,0,36635,0,20595,0,11058,0,5392,0,2453,0,1065,0,415,0,156,0,43,0,10,0,4,0,0,0,0,0,0,1,0,0
0,0,0,0,0,0,0,0,0,0,0,0,0,0,0,0,0,0,0,0,0,0,0,0,0,0,0,0,0,0,0,0,0,0,0,0,0,0,1,0,1,0,2,0,7,0,15,0,47,0,87,0,215,0,482,0,962,0,2044,0,4137,0,7733,0,13838,0,24574,0,40769,0,65364,0,101438,151399,0,217277,0,297531,0,392800,0,497240,0,607577,0,707562,0,791074,0,851220,0,875965,0,863586,0,812705,0,734489,0,633768,0,522056,0,411554,0,309784,0,222819,151933,0,99232,0,61907,0,36760,0,20697,0,11077,0,5432,0,2548,0,1075,0,411,0,153,0,50,0,8,0,3,0,0,0,0,0,0,1,0,0
0,0,0,0,0,0,0,0,0,0,0,0,0,0,0,0,0,0,0,0,0,0,0,0,0,0,0,0,0,0,0,0,0,0,0,0,0,0,0,0,2,0,0,0,8,0,14,0,46,0,79,0,239,0,444,0,980,0,2062,0,4027,0,7729,0,13807,0,24573,0,40250,0,64773,0,101399,150822,0,215794,0,297183,0,391836,0,497184,0,604729,0,706574,0,791884,0,850382,0,875265,0,863659,0,814418,0,734845,0,634560,0,524026,0,412005,0,311274,0,223426,152597,0,99542,0,62227,0,37124,0,20641,0,11302,0,5427,0,2558,0,1081,0,409,0,143,0,50,0,6,0,3,0,0,0,0,0,0,1,0,0
0,0,0,0,0,0,0,0,0,0,0,0,0,0,0,0,0,0,0,0,0,0,0,0,0,0,0,0,0,0,0,0,0,0,0,0,0,0,1,0,1,0,1,0,7,0,16,0,40,0,87,0,223,0,442,0,942,0,2092,0,3977,0,7586,0,13910,0,24259,0,40114,0,64790,0,100720,150318,0,214568,0,295853,0,392123,0,494986,0,603907,0,705699,0,791224,0,849562,0,875779,0,863352,0,815802,0,734686,0,636737,0,524160,0,414041,0,312239,0,224238,153039,0,100307,0,62525,0,37084,0,21004,0,11117,0,5616,0,2557,0,1057,0,420,0,138,0,55,0,4,0,3,0,0,0,0,0,0,1,0,0
0,0,0,0,0,0,0,0,0,0,0,0,0,0,0,0,0,0,0,0,0,0,0,0,0,0,0,0,0,0,0,0,0,0,0,0,0,0,0,0,1,0,2,0,6,0,17,0,41,0,96,0,196,0,446,0,922,0,1967,0,4091,0,7556,0,13774,0,24101,0,40102,0,64449,0,99964,149861,0,213197,0,295655,0,390369,0,493805,0,602991,0,705888,0,789959,0,849024,0,875695,0,863170,0,816318,0,737740,0,636632,0,525581,0,415594,0,312592,0,224849,153578,0,100850,0,62976,0,37169,0,21137,0,11183,0,5616,0,2579,0,1034,0,417,0,162,0,45,0,11,0,0,0,0,0,0,0,0,1,0,0
0,0,0,0,0,0,0,0,0,0,0,0,0,0,0,0,0,0,0,0,0,0,0,0,0,0,0,0,0,0,0,0,0,0,0,0,0,0,0,0,1,0,3,0,6,0,12,0,45,0,87,0,208,0,419,0,928,0,1954,0,4002,0,7576,0,13828,0,23654,0,39759,0,64502,0,99439,148758,0,213489,0,293845,0,389047,0,493066,0,602019,0,703483,0,790947,0,848438,0,875964,0,862278,0,818089,0,738675,0,637648,0,527046,0,416457,0,313869,0,225432,154277,0,100894,0,63329,0,37552,0,21227,0,11233,0,5634,0,2615,0,1046,0,422,0,146,0,50,0,9,0,1,0,0,0,0,0,0,1,0,0
0,0,0,0,0,0,0,0,0,0,0,0,0,0,0,0,0,0,0,0,0,0,0,0,0,0,0,0,0,0,0,0,0,0,0,0,0,0,0,0,0,0,5,0,3,0,13,0,44,0,101,0,183,0,422,0,952,0,1954,0,3961,0,7527,0,13536,0,23784,0,39565,0,64156,0,98719,148620,0,212429,0,293094,0,387806,0,491576,0,601110,0,702638,0,790387,0,848459,0,873903,0,864477,0,818619,0,739528,0,639257,0,527725,0,417489,0,314944,0,226354,154668,0,101543,0,63575,0,37692,0,21355,0,11298,0,5616,0,2611,0,1090,0,407,0,159,0,43,0,10,0,1,0,0,0,0,0,0,1,0,0
0,0,0,0,0,0,0,0,0,0,0,0,0,0,0,0,0,0,0,0,0,0,0,0,0,0,0,0,0,0,0,0,0,0,0,0,0,0,0,0,1,0,4,0,3,0,19,0,44,0,104,0,168,0,400,0,956,0,1956,0,3899,0,7542,0,13482,0,23644,0,39486,0,63482,0,98838,147437,0,211647,0,292474,0,386622,0,490938,0,599029,0,701820,0,789071,0,848611,0,875470,0,863172,0,819236,0,740282,0,641320,0,530026,0,417065,0,316289,0,227121,155329,0,101668,0,64049,0,37938,0,21531,0,11213,0,5632,0,2696,0,1075,0,403,0,155,0,49,0,11,0,1,0,0,0,0,0,0,1,0,0
0,0,0,0,0,0,0,0,0,0,0,0,0,0,0,0,0,0,0,0,0,0,0,0,0,0,0,0,0,0,0,0,0,0,0,0,0,0,0,0,0,0,2,0,9,0,18,0,37,0,99,0,167,0,429,0,923,0,1953,0,3861,0,7445,0,13512,0,23259,0,39448,0,63333,0,97675,146822,0,211583,0,291291,0,385852,0,489340,0,597367,0,701555,0,787664,0,849519,0,874254,0,865170,0,819087,0,742079,0,641177,0,531275,0,419454,0,316189,0,227860,156359,0,102029,0,64232,0,38155,0,21497,0,11420,0,5661,0,2659,0,1071,0,396,0,160,0,49,0,11,0,1,0,0,0,0,0,0,1,0,0
0,0,0,0,0,0,0,0,0,0,0,0,0,0,0,0,0,0,0,0,0,0,0,0,0,0,0,0,0,0,0,0,0,0,0,0,0,0,0,0,1,0,3,0,9,0,15,0,41,0,85,0,189,0,414,0,906,0,1943,0,3869,0,7411,0,13405,0,23113,0,39002,0,63208,0,97403,146417,0,210149,0,291150,0,383809,0,488781,0,597239,0,699307,0,786722,0,847506,0,876395,0,865863,0,819638,0,742593,0,642391,0,532708,0,420853,0,316779,0,228617,156494,0,103211,0,64248,0,38319,0,21521,0,11594,0,5795,0,2595,0,1059,0,423,0,151,0,52,0,9,0,3,0,0,0,0,0,0,1,0,0
0,0,0,0,0,0,0,0,0,0,0,0,0,0,0,0,0,0,0,0,0,0,0,0,0,0,0,0,0,0,0,0,0,0,0,0,0,0,0,0,1,0,1,0,8,0,24,0,29,0,81,0,199,0,402,0,904,0,1953,0,3821,0,7402,0,13270,0,22993,0,38940,0,62534,0,97269,146125,0,209793,0,288873,0,383526,0,487197,0,596242,0,697005,0,787112,0,847363,0,876040,0,867112,0,820142,0,743036,0,644357,0,533492,0,421695,0,318623,0,228863,157540,0,102701,0,64785,0,38535,0,21660,0,11666,0,5809,0,2591,0,1054,0,429,0,148,0,47,0,14,0,2,0,0,0,0,0,0,1,0,0
0,0,0,0,0,0,0,0,0,0,0,0,0,0,0,0,0,0,0,0,0,0,0,0,0,0,0,0,0,0,0,0,0,0,0,0,0,0,0,0,0,0,4,0,5,0,17,0,33,0,97,0,179,0,398,0,889,0,1904,0,3877,0,7275,0,13127,0,23179,0,38370,0,62143,0,97330,145536,0,208882,0,287671,0,382559,0,485543,0,595188,0,698134,0,784396,0,848115,0,875930,0,866585,0,820845,0,744153,0,645574,0,534675,0,423127,0,319182,0,229968,157522,0,103678,0,64938,0,38616,0,21964,0,11625,0,5881,0,2632,0,1043,0,401,0,150,0,49,0,17,0,2,0,0,0,0,0,0,1,0,0
0,0,0,0,0,0,0,0,0,0,0,0,0,0,0,0,0,0,0,0,0,0,0,0,0,0,0,0,0,0,0,0,0,0,0,0,0,0,0,0,0,0,5,0,5,0,16,0,30,0,91,0,188,0,395,0,882,0,1936,0,3830,0,7176,0,13026,0,23009,0,38235,0,61851,0,96509,145072,0,207901,0,287878,0,380693,0,484529,0,594709,0,695498,0,784483,0,847735,0,875920,0,866862,0,820746,0,745496,0,647735,0,535306,0,423951,0,320761,0,230735,158402,0,103550,0,65431,0,38972,0,21919,0,11808,0,5825,0,2611,0,1052,0,428,0,143,0,53,0,16,0,4,0,0,0,0,0,0,1,0,0
0,0,0,0,0,0,0,0,0,0,0,0,0,0,0,0,0,0,0,0,0,0,0,0,0,0,0,0,0,0,0,0,0,0,0,0,0,0,0,0,1,0,5,0,2,0,18,0,32,0,89,0,171,0,430,0,888,0,1880,0,3755,0,7176,0,13012,0,22745,0,37939,0,61844,0,95829,144194,0,207308,0,286681,0,380253,0,484027,0,592671,0,694398,0,783698,0,847452,0,875575,0,867684,0,821710,0,746336,0,648498,0,536822,0,424755,0,321770,0,231676,158704,0,104525,0,65631,0,39181,0,22041,0,11793,0,5840,0,2647,0,1098,0,398,0,146,0,59,0,16,0,5,0,0,0,0,0,0,1,0,0
0,0,0,0,0,0,0,0,0,0,0,0,0,0,0,0,0,0,0,0,0,0,0,0,0,0,0,0,0,0,0,0,0,0,0,0,0,0,1,0,0,0,5,0,4,0,19,0,35,0,75,0,196,0,414,0,888,0,1849,0,3829,0,6965,0,12938,0,22529,0,37747,0,61604,0,95613,143625,0,206165,0,285630,0,378531,0,483337,0,591852,0,694133,0,782449,0,846614,0,875491,0,867794,0,823353,0,746878,0,649348,0,538605,0,425771,0,322368,0,232443,159965,0,104789,0,65984,0,39401,0,22052,0,11875,0,5809,0,2690,0,1104,0,406,0,169,0,48,0,14,0,4,0,0,0,0,0,0,1,0,0
0,0,0,0,0,0,0,0,0,0,0,0,0,0,0,0,0,0,0,0,0,0,0,0,0,0,0,0,0,0,0,0,0,0,0,0,0,0,1,0,0,0,3,0,5,0,15,0,40,0,82,0,170,0,403,0,895,0,1888,0,3782,0,6992,0,12808,0,22246,0,37686,0,61292,0,95521,142769,0,205628,0,283536,0,377981,0,482452,0,589693,0,693522,0,783189,0,844895,0,876145,0,867664,0,823947,0,748209,0,650892,0,538714,0,427148,0,323866,0,233108,160412,0,105419,0,66406,0,39349,0,22369,0,11919,0,5815,0,2738,0,1130,0,435,0,165,0,49,0,12,0,3,0,0,0,0,0,0,1,0,0
0,0,0,0,0,0,0,0,0,0,0,0,0,0,0,0,0,0,0,0,0,0,0,0,0,0,0,0,0,0,0,0,0,0,0,0,0,0,0,0,3,0,2,0,4,0,17,0,37,0,75,0,171,0,406,0,886,0,1855,0,3740,0,6954,0,12575,0,22340,0,37316,0,61150,0,95121,141887,0,204253,0,284210,0,376701,0,480708,0,588767,0,693167,0,780577,0,845572,0,875259,0,869164,0,825180,0,749509,0,650759,0,539946,0,428549,0,324873,0,233938,160983,0,106060,0,66181,0,39809,0,22263,0,11972,0,5968,0,2714,0,1117,0,444,0,160,0,53,0,9,0,4,0,0,0,0,0,0,1,0,0
0,0,0,0,0,0,0,0,0,0,0,0,0,0,0,0,0,0,0,0,0,0,0,0,0,0,0,0,0,0,0,0,0,0,0,0,0,0,0,0,2,0,1,0,7,0,16,0,37,0,79,0,175,0,392,0,872,0,1857,0,3688,0,6880,0,12567,0,22309,0,37109,0,60576,0,94505,141914,0,203407,0,282505,0,375633,0,479790,0,588041,0,692512,0,779423,0,844724,0,875906,0,869181,0,826455,0,750326,0,652448,0,541165,0,429221,0,325543,0,234586,161750,0,106325,0,66497,0,39891,0,22533,0,12011,0,5955,0,2792,0,1120,0,469,0,151,0,50,0,8,0,4,0,0,0,0,0,0,1,0,0
0,0,0,0,0,0,0,0,0,0,0,0,0,0,0,0,0,0,0,0,0,0,0,0,0,0,0,0,0,0,0,0,0,0,0,0,0,0,0,0,2,0,2,0,6,0,16,0,40,0,76,0,190,0,388,0,836,0,1858,0,3714,0,6728,0,12660,0,21945,0,36970,0,60304,0,94217,140975,0,202844,0,281050,0,375037,0,478946,0,586916,0,691198,0,779047,0,844286,0,874681,0,870135,0,826885,0,751676,0,653825,0,541983,0,431163,0,325955,0,235373,162381,0,106726,0,66889,0,40083,0,22716,0,12073,0,6033,0,2753,0,1163,0,440,0,162,0,49,0,9,0,4,0,0,0,0,0,0,1,0,0
0,0,0,0,0,0,0,0,0,0,0,0,0,0,0,0,0,0,0,0,0,0,0,0,0,0,0,0,0,0,0,0,0,0,0,0,0,0,0,0,0,0,2,0,9,0,12,0,42,0,81,0,182,0,408,0,822,0,1816,0,3670,0,6844,0,12352,0,21764,0,37103,0,59859,0,93909,140319,0,202091,0,280189,0,373703,0,478328,0,585614,0,689278,0,779271,0,843620,0,875011,0,868934,0,828246,0,753560,0,654128,0,544030,0,431848,0,327225,0,235760,162924,0,107103,0,67600,0,40232,0,22767,0,12003,0,6086,0,2840,0,1141,0,452,0,162,0,56,0,12,0,0,0,0,0,0,0,0,1,0,0
0,0,0,0,0,0,0,0,0,0,0,0,0,0,0,0,0,0,0,0,0,0,0,0,0,0,0,0,0,0,0,0,0,0,0,0,0,0,0,0,0,0,0,0,8,0,15,0,35,0,93,0,166,0,381,0,874,0,1845,0,3590,0,6802,0,12224,0,21742,0,36985,0,59440,0,93469,139753,0,201927,0,279169,0,372442,0,476652,0,584797,0,688436,0,777198,0,844046,0,875820,0,870066,0,827663,0,753037,0,656283,0,546097,0,432889,0,327410,0,236816,163786,0,107421,0,67940,0,40366,0,22827,0,12070,0,6108,0,2853,0,1192,0,445,0,157,0,61,0,12,0,0,0,0,0,0,0,0,1,0,0
0,0,0,0,0,0,0,0,0,0,0,0,0,0,0,0,0,0,0,0,0,0,0,0,0,0,0,0,0,0,0,0,0,0,0,0,0,0,0,0,0,0,1,0,7,0,14,0,37,0,83,0,186,0,343,0,902,0,1762,0,3621,0,6743,0,12175,0,21694,0,36595,0,59315,0,92661,139709,0,200556,0,278937,0,370859,0,475584,0,583571,0,687468,0,778067,0,841702,0,876530,0,871177,0,827135,0,753843,0,657913,0,546838,0,434298,0,328761,0,237262,164292,0,108220,0,68099,0,40542,0,22930,0,12047,0,6229,0,2815,0,1201,0,450,0,169,0,56,0,9,0,0,0,0,0,0,0,0,1,0,0
0,0,0,0,0,0,0,0,0,0,0,0,0,0,0,0,0,0,0,0,0,0,0,0,0,0,0,0,0,0,0,0,0,0,0,0,0,0,0,0,0,0,2,0,5,0,10,0,34,0,87,0,172,0,367,0,870,0,1816,0,3527,0,6643,0,12224,0,21665,0,36308,0,58924,0,92447,138413,0,199878,0,277877,0,370316,0,474633,0,582160,0,685829,0,777920,0,843196,0,874971,0,870687,0,828651,0,754716,0,658230,0,548388,0,435869,0,329214,0,238728,164755,0,109016,0,67998,0,40746,0,22856,0,12331,0,6175,0,2843,0,1230,0,447,0,166,0,54,0,14,0,0,0,0,0,0,0,0,1,0,0
0,0,0,0,0,0,0,0,0,0,0,0,0,0,0,0,0,0,0,0,0,0,0,0,0,0,0,0,0,0,0,0,0,0,0,0,0,0,0,0,0,0,3,0,3,0,8,0,44,0,77,0,166,0,430,0,812,0,1731,0,3565,0,6573,0,12259,0,21328,0,36259,0,58737,0,92285,137306,0,198654,0,277314,0,369828,0,472789,0,581070,0,686370,0,775893,0,842377,0,875053,0,870416,0,831084,0,755456,0,659654,0,549041,0,436220,0,330920,0,239277,165637,0,108894,0,68598,0,40736,0,23190,0,12400,0,6144,0,2900,0,1217,0,465,0,153,0,53,0,19,0,0,0,0,0,0,0,0,1,0,0
0,0,0,0,0,0,0,0,0,0,0,0,0,0,0,0,0,0,0,0,0,0,0,0,0,0,0,0,0,0,0,0,0,0,0,0,0,0,0,0,0,0,2,0,2,0,11,0,41,0,73,0,171,0,388,0,838,0,1783,0,3445,0,6600,0,12236,0,21094,0,36201,0,58189,0,91675,137631,0,198133,0,275755,0,368637,0,472137,0,579568,0,684498,0,775939,0,841771,0,875319,0,869541,0,832576,0,757367,0,659806,0,550901,0,436776,0,332092,0,240294,165687,0,109650,0,68807,0,41070,0,23133,0,12605,0,6183,0,2844,0,1253,0,461,0,156,0,50,0,16,0,3,0,0,0,0,0,0,1,0,0
0,0,0,0,0,0,0,0,0,0,0,0,0,0,0,0,0,0,0,0,0,0,0,0,0,0,0,0,0,0,0,0,0,0,0,0,0,0,0,0,1,0,1,0,4,0,8,0,35,0,76,0,157,0,390,0,897,0,1741,0,3399,0,6570,0,12044,0,21186,0,35548,0,58077,0,91178,136957,0,197808,0,275419,0,367026,0,470635,0,578571,0,683214,0,776171,0,840760,0,874618,0,871368,0,830327,0,760653,0,661201,0,551028,0,438193,0,333916,0,241040,166291,0,109725,0,68999,0,41245,0,23280,0,12555,0,6263,0,2895,0,1245,0,474,0,147,0,52,0,18,0,2,0,0,0,0,0,0,1,0,0
0,0,0,0,0,0,0,0,0,0,0,0,0,0,0,0,0,0,0,0,0,0,0,0,0,0,0,0,0,0,0,0,0,0,0,0,0,0,0,0,0,0,3,0,3,0,5,0,32,0,77,0,169,0,374,0,842,0,1811,0,3354,0,6496,0,11974,0,21011,0,35459,0,57642,0,90761,136371,0,197452,0,274171,0,366111,0,469470,0,576590,0,683598,0,774481,0,840287,0,874697,0,871309,0,832035,0,761305,0,662540,0,551876,0,439467,0,334790,0,241815,167096,0,109963,0,69566,0,41324,0,23287,0,12629,0,6313,0,2883,0,1281,0,456,0,168,0,42,0,19,0,3,0,0,0,0,0,0,1,0,0
0,0,0,0,0,0,0,0,0,0,0,0,0,0,0,0,0,0,0,0,0,0,0,0,0,0,0,0,0,0,0,0,0,0,0,0,0,0,0,0,0,0,1,0,4,0,6,0,31,0,81,0,166,0,357,0,843,0,1770,0,3421,0,6381,0,11761,0,20883,0,35364,0,57291,0,90431,135864,0,196770,0,273021,0,365134,0,467957,0,576883,0,681903,0,773443,0,839192,0,876007,0,870035,0,834210,0,761366,0,664192,0,553764,0,439564,0,335881,0,242605,167743,0,110475,0,69657,0,41717,0,23430,0,12505,0,6407,0,2894,0,1295,0,478,0,159,0,48,0,15,0,3,0,0,0,0,0,0,1,0,0
0,0,0,0,0,0,0,0,0,0,0,0,0,0,0,0,0,0,0,0,0,0,0,0,0,0,0,0,0,0,0,0,0,0,0,0,0,0,0,0,0,0,2,0,1,0,9,0,26,0,80,0,187,0,352,0,819,0,1731,0,3425,0,6338,0,11767,0,20621,0,35104,0,57087,0,90129,136045,0,194867,0,272449,0,364064,0,466667,0,575607,0,681424,0,772641,0,839277,0,874084,0,872777,0,833666,0,763024,0,665074,0,553492,0,441978,0,336129,0,243547,168274,0,111658,0,69778,0,41645,0,23591,0,12610,0,6348,0,3043,0,1246,0,488,0,167,0,54,0,12,0,4,0,0,0,0,0,0,1,0,0
0,0,0,0,0,0,0,0,0,0,0,0,0,0,0,0,0,0,0,0,0,0,0,0,0,0,0,0,0,0,0,0,0,0,0,0,0,0,0,0,1,0,1,0,3,0,7,0,33,0,78,0,172,0,374,0,820,0,1682,0,3343,0,6324,0,11760,0,20436,0,34859,0,57004,0,89523,135495,0,194168,0,271360,0,363017,0,465784,0,574658,0,680023,0,771133,0,839281,0,875180,0,872749,0,834477,0,763836,0,666100,0,554333,0,443827,0,336151,0,244613,169447,0,111900,0,69875,0,41708,0,23786,0,12610,0,6442,0,3031,0,1266,0,517,0,153,0,50,0,15,0,3,0,0,0,0,0,0,1,0,0
0,0,0,0,0,0,0,0,0,0,0,0,0,0,0,0,0,0,0,0,0,0,0,0,0,0,0,0,0,0,0,0,0,0,0,0,0,0,1,0,0,0,1,0,3,0,13,0,30,0,74,0,163,0,377,0,818,0,1612,0,3388,0,6344,0,11402,0,20542,0,34697,0,56552,0,89036,134139,0,194566,0,270839,0,362345,0,463656,0,573218,0,678941,0,770469,0,839839,0,874089,0,873251,0,835507,0,764863,0,667142,0,556574,0,443498,0,338203,0,244590,169688,0,112747,0,70111,0,41988,0,23821,0,12727,0,6490,0,3066,0,1272,0,476,0,176,0,44,0,17,0,3,0,0,0,0,0,0,1,0,0
0,0,0,0,0,0,0,0,0,0,0,0,0,0,0,0,0,0,0,0,0,0,0,0,0,0,0,0,0,0,0,0,0,0,0,0,0,0,1,0,0,0,1,0,2,0,15,0,23,0,79,0,166,0,356,0,783,0,1648,0,3332,0,6285,0,11495,0,20293,0,34371,0,56431,0,88241,134077,0,193488,0,270124,0,361772,0,462436,0,570751,0,678671,0,770446,0,839217,0,873462,0,873124,0,837963,0,765125,0,668116,0,557009,0,444973,0,338665,0,246008,170449,0,112760,0,70479,0,42473,0,23900,0,12791,0,6545,0,3027,0,1296,0,490,0,186,0,43,0,17,0,3,0,0,0,0,0,0,1,0,0
0,0,0,0,0,0,0,0,0,0,0,0,0,0,0,0,0,0,0,0,0,0,0,0,0,0,0,0,0,0,0,0,0,0,0,0,0,0,1,0,0,0,0,0,5,0,13,0,23,0,58,0,176,0,372,0,782,0,1552,0,3357,0,6293,0,11443,0,20053,0,34258,0,56085,0,88035,133138,0,193424,0,269543,0,359708,0,462103,0,569240,0,677671,0,769240,0,839671,0,872436,0,874426,0,838031,0,766110,0,667817,0,560014,0,445924,0,339661,0,246390,171015,0,113017,0,71162,0,42636,0,24007,0,12888,0,6557,0,3015,0,1318,0,492,0,178,0,52,0,13,0,5,0,0,0,0,0,0,1,0,0
0,0,0,0,0,0,0,0,0,0,0,0,0,0,0,0,0,0,0,0,0,0,0,0,0,0,0,0,0,0,0,0,0,0,0,0,0,0,1,0,0,0,0,0,4,0,10,0,33,0,51,0,143,0,373,0,784,0,1624,0,3258,0,6246,0,11403,0,20012,0,33936,0,55603,0,88035,132656,0,192079,0,268975,0,359447,0,460242,0,569444,0,674974,0,769326,0,837935,0,874295,0,874166,0,837954,0,767426,0,669573,0,559630,0,447628,0,340339,0,247870,171190,0,113772,0,71377,0,42685,0,24277,0,12971,0,6482,0,3133,0,1290,0,508,0,182,0,48,0,13,0,4,0,1,0,0,0,0,1,0,0
0,0,0,0,0,0,0,0,0,0,0,0,0,0,0,0,0,0,0,0,0,0,0,0,0,0,0,0,0,0,0,0,0,0,0,0,0,0,1,0,0,0,1,0,5,0,11,0,25,0,50,0,160,0,371,0,744,0,1672,0,3122,0,6274,0,11438,0,19750,0,33674,0,55232,0,87873,132241,0,191444,0,267742,0,357931,0,459585,0,568281,0,674455,0,768075,0,837249,0,874941,0,874611,0,838365,0,766887,0,671227,0,560940,0,449170,0,341622,0,247913,172544,0,114152,0,71442,0,43054,0,24468,0,12925,0,6584,0,3072,0,1353,0,481,0,185,0,50,0,12,0,3,0,1,0,0,0,0,0,1,0
0,0,0,0,0,0,0,0,0,0,0,0,0,0,0,0,0,0,0,0,0,0,0,0,0,0,0,0,0,0,0,0,0,0,0,0,1,0,0,0,0,0,0,0,5,0,11,0,23,0,57,0,154,0,374,0,781,0,1563,0,3226,0,6173,0,11298,0,19641,0,33615,0,55210,0,86891,132179,0,190795,0,266480,0,357200,0,457807,0,567898,0,672432,0,767705,0,837166,0,874474,0,875314,0,837790,0,769094,0,672143,0,562317,0,449715,0,343244,0,248858,173008,0,114196,0,72083,0,43187,0,24482,0,13059,0,6493,0,3186,0,1339,0,494,0,178,0,52,0,13,0,4,0,0,0,0,0,0,0,1,0
0,0,0,0,0,0,0,0,0,0,0,0,0,0,0,0,0,0,0,0,0,0,0,0,0,0,0,0,0,0,0,0,0,0,0,0,1,0,0,0,0,0,1,0,3,0,10,0,24,0,66,0,158,0,366,0,759,0,1577,0,3195,0,6125,0,11226,0,19536,0,33453,0,54857,0,86705,131278,0,190330,0,265755,0,355361,0,457924,0,566459,0,671192,0,767674,0,836496,0,873372,0,875158,0,838485,0,770012,0,673845,0,564389,0,450091,0,343893,0,250274,173190,0,115071,0,72235,0,43350,0,24552,0,13177,0,6467,0,3221,0,1329,0,520,0,177,0,55,0,10,0,4,0,0,0,0,0,0,0,1,0
0,0,0,0,0,0,0,0,0,0,0,0,0,0,0,0,0,0,0,0,0,0,0,0,0,0,0,0,0,0,0,0,0,0,0,0,0,0,1,0,1,0,0,0,1,0,7,0,28,0,64,0,145,0,363,0,762,0,1613,0,3106,0,6125,0,11109,0,19574,0,33115,0,54831,0,85941,130765,0,188937,0,265713,0,353895,0,456371,0,566281,0,670785,0,766057,0,836178,0,873331,0,874810,0,839472,0,770042,0,676389,0,564709,0,451578,0,344841,0,251497,174048,0,115100,0,72465,0,43423,0,24938,0,13006,0,6704,0,3134,0,1400,0,489,0,193,0,54,0,11,0,6,0,0,0,0,0,0,0,1,0
0,0,0,0,0,0,0,0,0,0,0,0,0,0,0,0,0,0,0,0,0,0,0,0,0,0,0,0,0,0,0,0,0,0,0,0,0,0,1,0,1,0,1,0,0,0,5,0,27,0,62,0,142,0,373,0,736,0,1582,0,3138,0,6029,0,11107,0,19342,0,33370,0,54216,0,85740,130055,0,188579,0,263275,0,353652,0,455292,0,565285,0,670225,0,764691,0,835222,0,872928,0,877115,0,839491,0,771411,0,676159,0,566369,0,453081,0,346119,0,251150,174876,0,115981,0,72985,0,43448,0,24961,0,13107,0,6788,0,3145,0,1349,0,550,0,183,0,44,0,15,0,5,0,0,0,0,0,0,0,1,0
0,0,0,0,0,0,0,0,0,0,0,0,0,0,0,0,0,0,0,0,0,0,0,0,0,0,0,0,0,0,0,0,0,0,0,0,0,0,1,0,1,0,1,0,1,0,4,0,21,0,63,0,151,0,327,0,779,0,1590,0,3051,0,5976,0,10983,0,19332,0,33165,0,54073,0,84926,129399,0,188615,0,262021,0,352408,0,455369,0,563162,0,669738,0,763187,0,834555,0,874166,0,876614,0,840830,0,771683,0,677016,0,567775,0,454302,0,346640,0,252320,175914,0,115996,0,72970,0,44031,0,24937,0,13294,0,6705,0,3179,0,1345,0,531,0,194,0,48,0,13,0,6,0,0,0,0,0,0,0,1,0
0,0,0,0,0,0,0,0,0,0,0,0,0,0,0,0,0,0,0,0,0,0,0,0,0,0,0,0,0,0,0,0,0,0,0,0,0,0,1,0,0,0,2,0,0,0,6,0,23,0,61,0,151,0,323,0,762,0,1524,0,3110,0,5907,0,10974,0,19227,0,32874,0,54140,0,84527,129058,0,186956,0,261602,0,352239,0,453770,0,562187,0,668219,0,762254,0,833514,0,873773,0,877890,0,841122,0,772855,0,679223,0,568018,0,455433,0,347304,0,253520,176595,0,116278,0,73411,0,44001,0,25063,0,13512,0,6622,0,3196,0,1400,0,514,0,196,0,50,0,16,0,5,0,0,0,0,0,0,0,1,0
0,0,0,0,0,0,0,0,0,0,0,0,0,0,0,0,0,0,0,0,0,0,0,0,0,0,0,0,0,0,0,0,0,0,0,0,0,0,1,0,0,0,1,0,2,0,6,0,24,0,67,0,146,0,316,0,722,0,1543,0,3128,0,5831,0,10820,0,19168,0,32669,0,53771,0,84525,127985,0,186378,0,260698,0,351547,0,452434,0,560977,0,667042,0,761138,0,833359,0,874070,0,877776,0,841417,0,774905,0,678937,0,570150,0,456251,0,348152,0,255054,176722,0,116859,0,73857,0,44027,0,25214,0,13652,0,6710,0,3160,0,1419,0,508,0,200,0,52,0,14,0,4,0,0,0,0,0,0,1,0,0
0,0,0,0,0,0,0,0,0,0,0,0,0,0,0,0,0,0,0,0,0,0,0,0,0,0,0,0,0,0,0,0,0,0,0,0,0,0,0,0,1,0,2,0,1,0,8,0,18,0,59,0,138,0,326,0,711,0,1538,0,3060,0,5824,0,10796,0,18899,0,32488,0,53379,0,84385,127499,0,185432,0,260268,0,350606,0,451184,0,560321,0,665499,0,760028,0,834170,0,872777,0,877385,0,843269,0,775377,0,679592,0,571516,0,457656,0,349331,0,255399,177352,0,117864,0,73706,0,44476,0,25318,0,13570,0,6754,0,3230,0,1420,0,493,0,208,0,56,0,15,0,4,0,0,0,0,0,0,1,0,0
0,0,0,0,0,0,0,0,0,0,0,0,0,0,0,0,0,0,0,0,0,0,0,0,0,0,0,0,0,0,0,0,0,0,0,0,0,0,0,0,1,0,1,0,4,0,7,0,16,0,59,0,127,0,329,0,702,0,1559,0,2968,0,5789,0,10671,0,18968,0,32228,0,53368,0,83752,126637,0,185048,0,259709,0,348671,0,450526,0,558720,0,665398,0,759523,0,833350,0,872334,0,877299,0,843940,0,776073,0,682349,0,571699,0,458385,0,351117,0,255985,177840,0,118303,0,73829,0,44871,0,25379,0,13673,0,6746,0,3260,0,1389,0,528,0,199,0,60,0,16,0,3,0,0,0,0,0,0,1,0,0
0,0,0,0,0,0,0,0,0,0,0,0,0,0,0,0,0,0,0,0,0,0,0,0,0,0,0,0,0,0,0,0,0,0,0,0,0,0,0,0,1,0,1,0,2,0,6,0,19,0,59,0,139,0,327,0,678,0,1519,0,2933,0,5817,0,10578,0,18735,0,32071,0,52807,0,83849,126328,0,184497,0,258649,0,347365,0,449707,0,557203,0,664084,0,759629,0,831838,0,872799,0,877694,0,843941,0,777711,0,682945,0,573316,0,459269,0,352037,0,256806,178700,0,118551,0,74421,0,44904,0,25558,0,13658,0,6802,0,3240,0,1390,0,555,0,188,0,67,0,13,0,2,0,0,0,0,0,0,1,0,0
0,0,0,0,0,0,0,0,0,0,0,0,0,0,0,0,0,0,0,0,0,0,0,0,0,0,0,0,0,0,0,0,0,0,0,0,0,0,0,0,1,0,1,0,1,0,6,0,19,0,53,0,147,0,312,0,702,0,1467,0,2888,0,5672,0,10745,0,18531,0,31869,0,52367,0,83550,125889,0,184262,0,256735,0,345918,0,448756,0,557378,0,663308,0,758931,0,831051,0,872278,0,876922,0,846115,0,778508,0,683919,0,574012,0,460678,0,353247,0,257343,178980,0,119071,0,75084,0,44883,0,25812,0,13635,0,6944,0,3178,0,1411,0,546,0,204,0,65,0,13,0,1,0,0,0,0,0,0,1,0,0
0,0,0,0,0,0,0,0,0,0,0,0,0,0,0,0,0,0,0,0,0,0,0,0,0,0,0,0,0,0,0,0,0,0,0,0,0,0,0,0,1,0,2,0,3,0,1,0,24,0,59,0,146,0,333,0,670,0,1459,0,2858,0,5698,0,10581,0,18337,0,31623,0,52529,0,82275,126202,0,183204,0,255332,0,346160,0,447521,0,554870,0,663231,0,758069,0,830341,0,873040,0,876355,0,846425,0,780111,0,685620,0,574809,0,461683,0,353143,0,259035,179701,0,119503,0,75148,0,45397,0,25800,0,13729,0,6860,0,3277,0,1412,0,548,0,204,0,64,0,12,0,3,0,0,0,0,0,0,0,1,0
0,0,0,0,0,0,0,0,0,0,0,0,0,0,0,0,0,0,0,0,0,0,0,0,0,0,0,0,0,0,0,0,0,0,0,0,0,0,0,0,1,0,1,0,1,0,7,0,24,0,55,0,141,0,317,0,668,0,1408,0,2912,0,5629,0,10468,0,18460,0,31375,0,52043,0,82282,125171,0,181835,0,255966,0,344542,0,447437,0,553941,0,661030,0,756800,0,830498,0,871505,0,878938,0,846828,0,780745,0,685817,0,576579,0,462410,0,354498,0,259051,180869,0,119873,0,75411,0,45595,0,26093,0,13814,0,6916,0,3192,0,1420,0,555,0,204,0,69,0,11,0,3,0,0,0,0,0,0,0,1,0
0,0,0,0,0,0,0,0,0,0,0,0,0,0,0,0,0,0,0,0,0,0,0,0,0,0,0,0,0,0,0,0,0,0,0,0,0,0,0,0,1,0,1,0,2,0,4,0,22,0,50,0,153,0,312,0,677,0,1422,0,2859,0,5588,0,10332,0,18258,0,31250,0,51568,0,81838,124651,0,181345,0,255221,0,344118,0,445539,0,553326,0,660798,0,755778,0,828837,0,872470,0,878950,0,847183,0,780997,0,688238,0,576519,0,464262,0,355131,0,259426,181667,0,120381,0,76001,0,45770,0,26008,0,13914,0,7067,0,3213,0,1387,0,585,0,205,0,67,0,13,0,4,0,0,0,0,0,0,0,1,0
0,0,0,0,0,0,0,0,0,0,0,0,0,0,0,0,0,0,0,0,0,0,0,0,0,0,0,0,0,0,0,0,0,0,0,0,0,0,0,0,1,0,0,0,5,0,4,0,20,0,50,0,149,0,321,0,649,0,1374,0,2895,0,5581,0,10090,0,18268,0,31079,0,51355,0,81339,123926,0,181609,0,253761,0,342501,0,445060,0,552303,0,659317,0,755671,0,829068,0,871394,0,878321,0,848532,0,782742,0,688201,0,578560,0,464788,0,355960,0,260160,182495,0,120797,0,76258,0,46063,0,26133,0,14001,0,7069,0,3275,0,1397,0,577,0,208,0,63,0,14,0,4,0,0,0,0,0,0,0,1,0
0,0,0,0,0,0,0,0,0,0,0,0,0,0,0,0,0,0,0,0,0,0,0,0,0,0,0,0,0,0,0,0,0,0,0,0,0,0,0,0,0,0,1,0,5,0,7,0,15,0,54,0,134,0,330,0,662,0,1406,0,2800,0,5510,0,10048,0,18145,0,31124,0,51058,0,80855,123630,0,180181,0,252947,0,341820,0,443938,0,551911,0,658065,0,754355,0,828122,0,872398,0,877350,0,849863,0,782897,0,690401,0,578862,0,466423,0,356504,0,261430,182921,0,121345,0,76707,0,46060,0,26476,0,14014,0,7025,0,3361,0,1411,0,562,0,193,0,62,0,16,0,4,0,0,0,0,0,0,0,1,0
0,0,0,0,0,0,0,0,0,0,0,0,0,0,0,0,0,0,0,0,0,0,0,0,0,0,0,0,0,0,0,0,0,0,0,0,0,0,0,0,0,0,0,0,5,0,10,0,17,0,45,0,136,0,319,0,664,0,1402,0,2748,0,5494,0,10128,0,17808,0,31006,0,50786,0,80612,123036,0,179062,0,252620,0,340004,0,442867,0,551060,0,657811,0,753374,0,827594,0,873572,0,876724,0,849971,0,784330,0,690185,0,580884,0,466354,0,358272,0,262133,183848,0,121622,0,77242,0,46452,0,26444,0,14139,0,7045,0,3286,0,1463,0,565,0,179,0,64,0,21,0,5,0,0,0,0,0,0,0,1,0
0,0,0,0,0,0,0,0,0,0,0,0,0,0,0,0,0,0,0,0,0,0,0,0,0,0,0,0,0,0,0,0,0,0,0,0,0,0,0,0,0,0,0,0,5,0,7,0,21,0,47,0,143,0,320,0,647,0,1415,0,2766,0,5371,0,10100,0,17844,0,30625,0,50813,0,80066,122171,0,178990,0,251328,0,339927,0,440922,0,549797,0,656611,0,753726,0,827107,0,871022,0,878960,0,849985,0,784620,0,692010,0,581236,0,468580,0,359419,0,262458,184472,0,122345,0,77222,0,46780,0,26548,0,14349,0,7012,0,3315,0,1465,0,561,0,187,0,66,0,21,0,6,0,0,0,0,0,0,0,1,0
0,0,0,0,0,0,0,0,0,0,0,0,0,0,0,0,0,0,0,0,0,0,0,0,0,0,0,0,0,0,0,0,0,0,0,0,0,0,0,0,0,0,0,0,4,0,8,0,19,0,45,0,138,0,316,0,661,0,1416,0,2808,0,5286,0,9954,0,17676,0,30505,0,50638,0,79566,121492,0,178109,0,251351,0,338545,0,439967,0,548872,0,655389,0,752382,0,827480,0,871770,0,878722,0,849516,0,785459,0,692970,0,582985,0,469254,0,360679,0,263215,184722,0,122960,0,77675,0,47042,0,26690,0,14316,0,7196,0,3303,0,1451,0,578,0,185,0,65,0,23,0,5,0,0,0,0,0,0,0,1,0
0,0,0,0,0,0,0,0,0,0,0,0,0,0,0,0,0,0,0,0,0,0,0,0,0,0,0,0,0,0,0,0,0,0,0,0,0,0,0,0,0,0,1,0,4,0,11,0,21,0,45,0,135,0,300,0,677,0,1404,0,2714,0,5351,0,9886,0,17593,0,30343,0,50123,0,79391,121116,0,177643,0,250195,0,337987,0,438603,0,547652,0,654879,0,750345,0,826461,0,873505,0,878811,0,849253,0,787076,0,693020,0,583833,0,471008,0,362233,0,263895,185145,0,123232,0,78087,0,47333,0,26732,0,14552,0,7140,0,3378,0,1449,0,555,0,202,0,61,0,22,0,5,0,1,0,0,0,0,0,1,0
0,0,0,0,0,0,0,0,0,0,0,0,0,0,0,0,0,0,0,0,0,0,0,0,0,0,0,0,0,0,0,0,0,0,0,0,0,0,0,0,0,0,1,0,3,0,9,0,23,0,50,0,122,0,296,0,672,0,1372,0,2749,0,5291,0,9852,0,17556,0,30140,0,49710,0,79032,120863,0,176520,0,249760,0,337359,0,437576,0,545606,0,652937,0,751066,0,826658,0,872177,0,879838,0,849897,0,787098,0,693511,0,587658,0,470477,0,362185,0,265474,185680,0,123969,0,78447,0,47390,0,26967,0,14534,0,7219,0,3379,0,1437,0,565,0,183,0,73,0,21,0,6,0,0,0,0,0,0,1,0,0
0,0,0,0,0,0,0,0,0,0,0,0,0,0,0,0,0,0,0,0,0,0,0,0,0,0,0,0,0,0,0,0,0,0,0,0,0,0,0,0,0,0,1,0,3,0,11,0,15,0,54,0,135,0,305,0,619,0,1382,0,2702,0,5294,0,9748,0,17319,0,30111,0,49608,0,78586,120407,0,176115,0,248323,0,336645,0,435767,0,545620,0,652145,0,749912,0,826771,0,870451,0,880283,0,851492,0,787226,0,695538,0,587325,0,472083,0,363244,0,266316,186243,0,124728,0,78642,0,47577,0,27137,0,14530,0,7258,0,3451,0,1451,0,548,0,190,0,69,0,21,0,7,0,0,0,0,0,0,1,0,0
0,0,0,0,0,0,0,0,0,0,0,0,0,0,0,0,0,0,0,0,0,0,0,0,0,0,0,0,0,0,0,0,0,0,0,0,0,0,0,0,0,0,1,0,5,0,7,0,16,0,65,0,125,0,296,0,603,0,1381,0,2744,0,5157,0,9845,0,17223,0,29733,0,49675,0,78394,119385,0,175443,0,247272,0,335140,0,436029,0,543985,0,651492,0,749573,0,825288,0,870068,0,880865,0,852987,0,787255,0,696904,0,588167,0,473140,0,364320,0,266747,186949,0,125631,0,78767,0,47811,0,27303,0,14511,0,7394,0,3407,0,1423,0,584,0,203,0,66,0,23,0,6,0,0,0,0,0,0,1,0,0
0,0,0,0,0,0,0,0,0,0,0,0,0,0,0,0,0,0,0,0,0,0,0,0,0,0,0,0,0,0,0,0,0,0,0,0,0,0,0,0,0,0,1,0,5,0,6,0,22,0,54,0,149,0,236,0,640,0,1372,0,2658,0,5257,0,9615,0,17344,0,29636,0,49129,0,78142,118993,0,174806,0,246535,0,334014,0,435139,0,542848,0,650324,0,748755,0,824054,0,871565,0,880469,0,852002,0,789118,0,698008,0,588907,0,475146,0,365211,0,267705,187726,0,125073,0,79610,0,47987,0,27266,0,14710,0,7433,0,3406,0,1437,0,597,0,204,0,67,0,20,0,7,0,0,0,0,0,0,0,1,0
0,0,0,0,0,0,0,0,0,0,0,0,0,0,0,0,0,0,0,0,0,0,0,0,0,0,0,0,0,0,0,0,0,0,0,0,0,0,0,0,0,0,0,0,6,0,7,0,18,0,60,0,137,0,267,0,619,0,1318,0,2645,0,5245,0,9591,0,17311,0,29259,0,48752,0,77969,118603,0,174379,0,245525,0,333382,0,433643,0,541368,0,649919,0,747530,0,823819,0,870911,0,880924,0,853029,0,790266,0,697967,0,590813,0,476075,0,366392,0,268507,188000,0,125611,0,80065,0,48100,0,27513,0,14597,0,7447,0,3465,0,1481,0,573,0,205,0,71,0,18,0,6,0,0,0,0,0,0,0,1,0
0,0,0,0,0,0,0,0,0,0,0,0,0,0,0,0,0,0,0,0,0,0,0,0,0,0,0,0,0,0,0,0,0,0,0,0,0,0,0,0,0,0,0,0,4,0,9,0,19,0,66,0,121,0,268,0,605,0,1312,0,2639,0,5086,0,9658,0,17105,0,29179,0,48389,0,77827,118666,0,172814,0,245005,0,332248,0,432744,0,541274,0,648481,0,745379,0,824464,0,870043,0,881817,0,853642,0,789663,0,700869,0,591454,0,477248,0,367320,0,269045,188670,0,126051,0,80109,0,48374,0,27526,0,14985,0,7328,0,3555,0,1483,0,565,0,206,0,70,0,17,0,6,0,0,0,0,0,0,0,1,0
0,0,0,0,0,0,0,0,0,0,0,0,0,0,0,0,0,0,0,0,0,0,0,0,0,0,0,0,0,0,0,0,0,0,0,0,0,0,0,0,0,0,1,0,1,0,10,0,25,0,59,0,108,0,280,0,581,0,1343,0,2573,0,5177,0,9625,0,17068,0,28835,0,48251,0,77534,117971,0,172680,0,243244,0,331590,0,431396,0,540686,0,647385,0,745349,0,823683,0,869476,0,882058,0,854434,0,790344,0,701663,0,592521,0,478697,0,367829,0,270131,189296,0,126026,0,80856,0,48740,0,27529,0,15055,0,7388,0,3524,0,1506,0,592,0,196,0,69,0,17,0,6,0,0,0,0,0,0,1,0,0
0,0,0,0,0,0,0,0,0,0,0,0,0,0,0,0,0,0,0,0,0,0,0,0,0,0,0,0,0,0,0,0,0,0,0,0,0,0,0,0,0,0,0,0,3,0,7,0,27,0,46,0,112,0,269,0,611,0,1317,0,2529,0,5051,0,9634,0,16865,0,29005,0,47916,0,76734,117406,0,172913,0,242269,0,330327,0,430599,0,538985,0,646680,0,745310,0,822040,0,870018,0,882004,0,854509,0,792114,0,701463,0,593447,0,480014,0,369317,0,270892,190039,0,126988,0,80906,0,48662,0,27913,0,15065,0,7471,0,3534,0,1531,0,579,0,187,0,78,0,18,0,4,0,0,0,0,0,0,1,0,0
0,0,0,0,0,0,0,0,0,0,0,0,0,0,0,0,0,0,0,0,0,0,0,0,0,0,0,0,0,0,0,0,0,0,0,0,0,0,0,0,0,0,0,0,1,0,9,0,30,0,52,0,95,0,272,0,592,0,1284,0,2577,0,4986,0,9461,0,16868,0,28974,0,47622,0,76265,117185,0,171509,0,242649,0,328339,0,430359,0,537945,0,645676,0,743513,0,822370,0,870327,0,880641,0,855694,0,792983,0,702003,0,594831,0,481164,0,369969,0,272289,190784,0,127477,0,80713,0,49232,0,28015,0,15208,0,7493,0,3549,0,1531,0,570,0,207,0,72,0,18,0,5,0,0,0,0,0,0,1,0,0
0,0,0,0,0,0,0,0,0,0,0,0,0,0,0,0,0,0,0,0,0,0,0,0,0,0,0,0,0,0,0,0,0,0,0,0,0,0,0,0,0,0,0,0,2,0,7,0,21,0,60,0,109,0,241,0,615,0,1254,0,2542,0,5085,0,9404,0,16640,0,28688,0,47247,0,76276,116427,0,171369,0,241616,0,327819,0,428524,0,536236,0,645427,0,742571,0,822198,0,870144,0,881071,0,856411,0,793948,0,702471,0,595469,0,482116,0,371414,0,272960,191659,0,127829,0,81376,0,49241,0,28165,0,15251,0,7508,0,3571,0,1577,0,547,0,211,0,68,0,18,0,5,0,0,0,0,0,0,1,0,0
0,0,0,0,0,0,0,0,0,0,0,0,0,0,0,0,0,0,0,0,0,0,0,0,0,0,0,0,0,0,0,0,0,0,0,0,0,0,0,0,0,0,1,0,5,0,4,0,16,0,53,0,115,0,242,0,609,0,1292,0,2513,0,5039,0,9405,0,16660,0,28463,0,46818,0,75731,116004,0,170340,0,241784,0,326380,0,426970,0,535939,0,644544,0,741977,0,820543,0,870626,0,881698,0,856650,0,794750,0,703876,0,596552,0,482230,0,372693,0,274230,191691,0,128808,0,81481,0,49461,0,28254,0,15359,0,7552,0,3596,0,1591,0,564,0,208,0,65,0,22,0,3,0,1,0,0,0,0,1,0,0
0,0,0,0,0,0,0,0,0,0,0,0,0,0,0,0,0,0,0,0,0,0,0,0,0,0,0,0,0,0,0,0,0,0,0,0,0,0,0,0,0,0,1,0,4,0,5,0,21,0,46,0,100,0,285,0,597,0,1263,0,2527,0,4952,0,9372,0,16450,0,28265,0,47093,0,75051,115849,0,169631,0,240432,0,326066,0,426183,0,533626,0,643557,0,742309,0,819766,0,869956,0,882930,0,857335,0,794357,0,706110,0,596567,0,483433,0,373938,0,274625,192710,0,128810,0,82046,0,49740,0,28271,0,15384,0,7614,0,3619,0,1615,0,590,0,215,0,60,0,29,0,2,0,1,0,0,0,0,0,1,0
0,0,0,0,0,0,0,0,0,0,0,0,0,0,0,0,0,0,0,0,0,0,0,0,0,0,0,0,0,0,0,0,0,0,0,0,0,0,0,0,0,0,2,0,4,0,5,0,15,0,53,0,103,0,265,0,596,0,1276,0,2518,0,4977,0,9221,0,16304,0,28264,0,46823,0,74628,115143,0,169204,0,239694,0,325218,0,424696,0,533259,0,642143,0,740896,0,819463,0,870426,0,882834,0,857243,0,795808,0,706190,0,597955,0,485180,0,374776,0,275005,193936,0,129209,0,82354,0,49890,0,28538,0,15408,0,7726,0,3666,0,1584,0,598,0,215,0,70,0,23,0,3,0,1,0,0,0,0,1,0,0
0,0,0,0,0,0,0,0,0,0,0,0,0,0,0,0,0,0,0,0,0,0,0,0,0,0,0,0,0,0,0,0,0,0,0,0,0,0,0,0,0,0,3,0,2,0,4,0,19,0,44,0,112,0,254,0,597,0,1277,0,2557,0,4842,0,9137,0,16385,0,28012,0,46673,0,74403,114050,0,168626,0,239170,0,324551,0,423636,0,532167,0,639567,0,740672,0,819867,0,869697,0,883627,0,857243,0,795834,0,707717,0,600070,0,486388,0,375197,0,276237,194050,0,129926,0,82566,0,50009,0,28665,0,15529,0,7857,0,3623,0,1631,0,604,0,216,0,70,0,21,0,3,0,1,0,0,0,0,1,0,0
0,0,0,0,0,0,0,0,0,0,0,0,0,0,0,0,0,0,0,0,0,0,0,0,0,0,0,0,0,0,0,0,0,0,0,0,0,0,0,0,2,0,1,0,1,0,9,0,15,0,41,0,112,0,261,0,601,0,1271,0,2525,0,4827,0,9088,0,16371,0,27836,0,46421,0,73906,113996,0,167440,0,238696,0,323346,0,422689,0,530887,0,639677,0,739452,0,818613,0,869735,0,883701,0,857354,0,796746,0,709061,0,600723,0,487477,0,376732,0,276841,195474,0,129854,0,82929,0,50105,0,28856,0,15556,0,8013,0,3626,0,1616,0,599,0,236,0,64,0,21,0,3,0,2,0,0,0,0,1,0,0
0,0,0,0,0,0,0,0,0,0,0,0,0,0,0,0,0,0,0,0,0,0,0,0,0,0,0,0,0,0,0,0,0,0,0,0,0,0,0,0,2,0,0,0,3,0,7,0,13,0,53,0,103,0,271,0,585,0,1257,0,2535,0,4847,0,8954,0,16392,0,27777,0,46031,0,73791,113025,0,167115,0,237201,0,322555,0,422032,0,529677,0,638354,0,738496,0,818107,0,869421,0,885089,0,856347,0,798274,0,710103,0,602518,0,487960,0,377403,0,278162,196141,0,130185,0,83475,0,50411,0,28797,0,15695,0,8017,0,3692,0,1625,0,601,0,211,0,71,0,21,0,4,0,2,0,0,0,0,1,0,0
0,0,0,0,0,0,0,0,0,0,0,0,0,0,0,0,0,0,0,0,0,0,0,0,0,0,0,0,0,0,0,0,0,0,0,0,0,0,1,0,0,0,1,0,1,0,7,0,16,0,51,0,101,0,258,0,580,0,1246,0,2510,0,4882,0,8872,0,16202,0,27661,0,45847,0,73635,112877,0,165940,0,236517,0,321515,0,421195,0,528587,0,638423,0,736219,0,817694,0,869321,0,884692,0,857231,0,799164,0,712029,0,602042,0,489986,0,378183,0,279346,196422,0,130734,0,83519,0,50973,0,28925,0,15626,0,8098,0,3713,0,1650,0,596,0,227,0,67,0,19,0,7,0,0,0,0,0,0,1,0,0
0,0,0,0,0,0,0,0,0,0,0,0,0,0,0,0,0,0,0,0,0,0,0,0,0,0,0,0,0,0,0,0,0,0,0,0,0,0,1,0,0,0,0,0,2,0,5,0,19,0,46,0,125,0,236,0,532,0,1276,0,2481,0,4823,0,8780,0,16049,0,27836,0,45595,0,73419,112443,0,165455,0,234879,0,321138,0,419424,0,528156,0,636748,0,735984,0,816650,0,869812,0,884160,0,858730,0,800058,0,710792,0,605535,0,490057,0,379548,0,280048,196687,0,131817,0,83714,0,51071,0,29008,0,15810,0,8045,0,3817,0,1656,0,626,0,224,0,65,0,20,0,6,0,0,0,0,0,0,1,0,0
0,0,0,0,0,0,0,0,0,0,0,0,0,0,0,0,0,0,0,0,0,0,0,0,0,0,0,0,0,0,0,0,0,0,0,0,0,0,1,0,0,0,1,0,2,0,6,0,13,0,55,0,114,0,225,0,519,0,1246,0,2525,0,4790,0,8829,0,15815,0,27818,0,45416,0,72534,112058,0,165174,0,233794,0,320611,0,418400,0,526811,0,635289,0,736164,0,816114,0,869239,0,882787,0,861413,0,799359,0,713795,0,605235,0,490880,0,381125,0,280448,197434,0,132544,0,84253,0,50869,0,29183,0,16046,0,8012,0,3782,0,1748,0,625,0,210,0,69,0,21,0,7,0,0,0,0,0,0,1,0,0
0,0,0,0,0,0,0,0,0,0,0,0,0,0,0,0,0,0,0,0,0,0,0,0,0,0,0,0,0,0,0,0,0,0,0,0,1,0,0,0,0,0,1,0,2,0,5,0,17,0,49,0,104,0,225,0,559,0,1248,0,2400,0,4784,0,8787,0,15822,0,27367,0,45499,0,72217,110933,0,164974,0,233406,0,319367,0,417962,0,524617,0,635630,0,733753,0,816046,0,868043,0,885690,0,859217,0,802029,0,713772,0,607269,0,491482,0,381331,0,281744,198520,0,132448,0,85158,0,51106,0,29255,0,15916,0,8155,0,3848,0,1676,0,672,0,208,0,66,0,21,0,7,0,0,0,0,0,0,1,0,0
0,0,0,0,0,0,0,0,0,0,0,0,0,0,0,0,0,0,0,0,0,0,0,0,0,0,0,0,0,0,0,0,0,0,0,0,1,0,0,0,1,0,0,0,1,0,6,0,18,0,46,0,90,0,253,0,552,0,1224,0,2417,0,4675,0,8732,0,15704,0,27488,0,45061,0,71783,110624,0,164428,0,232281,0,318219,0,416753,0,524320,0,633612,0,734516,0,814367,0,868847,0,883921,0,861368,0,802758,0,714073,0,607961,0,493116,0,382142,0,282894,199335,0,132923,0,85397,0,51277,0,29600,0,15919,0,8132,0,3924,0,1677,0,674,0,209,0,59,0,25,0,5,0,0,0,0,0,0,1,0,0
0,0,0,0,0,0,0,0,0,0,0,0,0,0,0,0,0,0,0,0,0,0,0,0,0,0,0,0,0,0,0,0,0,0,0,1,0,0,0,0,1,0,0,0,1,0,6,0,19,0,42,0,97,0,253,0,559,0,1201,0,2427,0,4574,0,8643,0,15741,0,27209,0,44921,0,71380,110067,0,163593,0,232286,0,315827,0,416455,0,522952,0,634090,0,732568,0,815072,0,867620,0,883552,0,862591,0,803183,0,715666,0,608482,0,494110,0,383627,0,283328,199956,0,133769,0,85328,0,51712,0,29662,0,16037,0,8272,0,3908,0,1633,0,673,0,217,0,68,0,24,0,5,0,0,0,0,0,0,1,0,0
0,0,0,0,0,0,0,0,0,0,0,0,0,0,0,0,0,0,0,0,0,0,0,0,0,0,0,0,0,0,0,0,0,0,0,1,0,0,0,0,0,0,1,0,2,0,7,0,19,0,29,0,100,0,247,0,589,0,1225,0,2289,0,4534,0,8724,0,15595,0,27007,0,44823,0,71266,109463,0,162806,0,231185,0,315354,0,414992,0,523154,0,631300,0,732473,0,814208,0,867163,0,883892,0,862578,0,805385,0,716329,0,609616,0,494642,0,384347,0,284586,201179,0,133755,0,85629,0,52121,0,29771,0,16253,0,8202,0,3916,0,1662,0,666,0,212,0,82,0,23,0,6,0,0,0,0,0,0,1,0,0
0,0,0,0,0,0,0,0,0,0,0,0,0,0,0,0,0,0,0,0,0,0,0,0,0,0,0,0,0,0,0,0,0,0,0,1,0,0,0,0,0,0,1,0,2,0,8,0,20,0,28,0,103,0,235,0,575,0,1189,0,2333,0,4564,0,8644,0,15532,0,26637,0,44680,0,71081,109314,0,161157,0,230960,0,315261,0,413700,0,521324,0,630965,0,731042,0,814527,0,866545,0,883857,0,862271,0,806099,0,718488,0,609278,0,496303,0,385270,0,285983,201216,0,134496,0,86003,0,52526,0,29955,0,16372,0,8343,0,3844,0,1678,0,658,0,226,0,80,0,28,0,5,0,1,0,0,0,0,1,0,0
0,0,0,0,0,0,0,0,0,0,0,0,0,0,0,0,0,0,0,0,0,0,0,0,0,0,0,0,0,0,0,0,0,0,0,1,0,0,0,0,1,0,0,0,2,0,10,0,14,0,44,0,89,0,230,0,562,0,1184,0,2331,0,4596,0,8495,0,15517,0,26463,0,44230,0,71232,108625,0,161044,0,229930,0,314106,0,412594,0,520423,0,629980,0,730550,0,812578,0,866696,0,883991,0,862416,0,806268,0,720171,0,610803,0,497778,0,386646,0,286129,201864,0,135101,0,86301,0,52924,0,30096,0,16461,0,8366,0,3859,0,1701,0,685,0,214,0,72,0,25,0,10,0,0,0,0,0,0,1,0,0
0,0,0,0,0,0,0,0,0,0,0,0,0,0,0,0,0,0,0,0,0,0,0,0,0,0,0,0,0,0,0,0,0,0,0,1,0,0,0,0,1,0,0,0,3,0,7,0,13,0,49,0,96,0,216,0,567,0,1171,0,2258,0,4612,0,8447,0,15280,0,26649,0,43804,0,70344,108542,0,160593,0,229349,0,313497,0,411396,0,520307,0,628059,0,729879,0,812315,0,865537,0,883451,0,863607,0,807385,0,720589,0,611726,0,499214,0,387618,0,287427,202062,0,135507,0,86823,0,53139,0,30215,0,16630,0,8427,0,3798,0,1775,0,697,0,217,0,77,0,21,0,11,0,0,0,0,0,0,1,0,0
0,0,0,0,0,0,0,0,0,0,0,0,0,0,0,0,0,0,0,0,0,0,0,0,0,0,0,0,0,0,0,0,0,0,0,1,0,0,0,0,0,0,1,0,5,0,8,0,14,0,46,0,93,0,228,0,546,0,1192,0,2219,0,4547,0,8457,0,15253,0,26193,0,43835,0,70047,107947,0,160118,0,228577,0,312253,0,411176,0,519188,0,626456,0,729847,0,810281,0,865864,0,884116,0,863266,0,808437,0,720665,0,614314,0,499820,0,388712,0,288144,202551,0,136070,0,87422,0,53190,0,30516,0,16705,0,8433,0,3917,0,1708,0,689,0,231,0,82,0,18,0,9,0,1,0,0,0,0,0,1,0
0,0,0,0,0,0,0,0,0,0,0,0,0,0,0,0,0,0,0,0,0,0,0,0,0,0,0,0,0,0,0,0,0,0,0,1,0,0,0,0,0,0,4,0,3,0,8,0,16,0,35,0,83,0,248,0,577,0,1138,0,2232,0,4504,0,8392,0,15115,0,26126,0,43443,0,69960,107585,0,159336,0,228130,0,311056,0,410143,0,518039,0,625571,0,728596,0,810393,0,863939,0,884134,0,865931,0,808557,0,720870,0,616526,0,500350,0,389463,0,289326,202699,0,137081,0,87475,0,53517,0,30854,0,16720,0,8484,0,3990,0,1713,0,700,0,240,0,74,0,23,0,8,0,0,0,0,0,0,0,1,0
0,0,0,0,0,0,0,0,0,0,0,0,0,0,0,0,0,0,0,0,0,0,0,0,0,0,0,0,0,0,0,0,0,1,0,0,0,0,0,0,0,0,1,0,5,0,10,0,16,0,32,0,94,0,234,0,547,0,1189,0,2247,0,4433,0,8437,0,15005,0,25924,0,43323,0,69717,106904,0,158418,0,227081,0,310280,0,409978,0,516372,0,624840,0,727663,0,809397,0,863822,0,885380,0,864409,0,809232,0,723525,0,616804,0,502366,0,389991,0,289305,203950,0,137398,0,88233,0,53463,0,31182,0,16916,0,8402,0,4108,0,1717,0,701,0,246,0,80,0,24,0,6,0,0,0,0,0,0,1,0,0
0,0,0,0,0,0,0,0,0,0,0,0,0,0,0,0,0,0,0,0,0,0,0,0,0,0,0,0,0,0,0,0,0,0,0,1,0,0,0,0,1,0,0,0,2,0,11,0,18,0,36,0,104,0,224,0,555,0,1101,0,2263,0,4450,0,8286,0,14930,0,25797,0,43081,0,69298,106735,0,157962,0,225686,0,310453,0,407680,0,516213,0,623147,0,725943,0,811295,0,863932,0,884193,0,865891,0,809176,0,723241,0,617802,0,503406,0,391279,0,290521,205000,0,138080,0,88349,0,53805,0,30980,0,16998,0,8575,0,4078,0,1788,0,699,0,236,0,72,0,29,0,6,0,0,0,0,0,0,0,1,0
0,0,0,0,0,0,0,0,0,0,0,0,0,0,0,0,0,0,0,0,0,0,0,0,0,0,0,0,0,0,0,0,0,0,0,1,0,0,0,0,1,0,0,0,2,0,11,0,16,0,33,0,111,0,227,0,550,0,1042,0,2270,0,4462,0,8163,0,14768,0,25782,0,42733,0,68756,106638,0,157799,0,225095,0,308778,0,406623,0,515359,0,622546,0,725574,0,809020,0,864711,0,884390,0,865093,0,810396,0,724844,0,619528,0,503217,0,392634,0,291074,205988,0,138559,0,88729,0,54038,0,31405,0,16829,0,8640,0,4121,0,1818,0,694,0,240,0,69,0,26,0,5,0,0,0,0,0,0,1,0,0
0,0,0,0,0,0,0,0,0,0,0,0,0,0,0,0,0,0,0,0,0,0,0,0,0,0,0,0,0,0,0,0,0,0,0,0,1,0,0,0,1,0,0,0,0,0,8,0,18,0,41,0,101,0,224,0,528,0,1072,0,2295,0,4334,0,8186,0,14773,0,25414,0,42568,0,68707,106088,0,157306,0,223647,0,308756,0,405685,0,512868,0,623037,0,723817,0,809050,0,864202,0,885376,0,864976,0,811029,0,725307,0,619928,0,505627,0,394035,0,291333,206447,0,139155,0,89056,0,54203,0,31526,0,17190,0,8479,0,4129,0,1847,0,686,0,260,0,65,0,21,0,6,0,0,0,0,0,0,1,0,0
0,0,0,0,0,0,0,0,0,0,0,0,0,0,0,0,0,0,0,0,0,0,0,0,0,0,0,0,0,0,0,0,0,0,0,0,1,0,0,0,0,0,1,0,1,0,11,0,18,0,35,0,100,0,203,0,542,0,1106,0,2239,0,4337,0,8137,0,14667,0,25329,0,42261,0,68264,105651,0,156529,0,224160,0,307098,0,404187,0,512246,0,621424,0,723430,0,809108,0,863279,0,884796,0,866751,0,811113,0,726879,0,621046,0,506809,0,393849,0,292769,206988,0,139470,0,89544,0,54659,0,31484,0,17200,0,8656,0,4099,0,1848,0,732,0,251,0,73,0,20,0,8,0,0,0,0,0,0,1,0,0
0,0,0,0,0,0,0,0,0,0,0,0,0,0,0,0,0,0,0,0,0,0,0,0,0,0,0,0,0,0,0,0,0,0,0,0,1,0,0,0,0,0,1,0,2,0,5,0,20,0,46,0,89,0,219,0,521,0,1070,0,2203,0,4374,0,8078,0,14526,0,25296,0,41944,0,67961,105028,0,156333,0,222783,0,306372,0,404267,0,510362,0,620382,0,722602,0,807683,0,863640,0,886067,0,865566,0,811772,0,727582,0,623067,0,507379,0,395418,0,293462,207759,0,140116,0,89894,0,54773,0,31710,0,17176,0,8740,0,4175,0,1842,0,741,0,251,0,86,0,18,0,6,0,0,0,0,0,0,1,0,0
0,0,0,0,0,0,0,0,0,0,0,0,0,0,0,0,0,0,0,0,0,0,0,0,0,0,0,0,0,0,0,0,0,0,0,0,1,0,0,0,0,0,1,0,0,0,7,0,13,0,45,0,96,0,228,0,499,0,1072,0,2171,0,4286,0,8089,0,14520,0,25099,0,41714,0,67394,105039,0,155343,0,223061,0,305462,0,402070,0,509206,0,619604,0,721931,0,805932,0,864479,0,886209,0,867111,0,811611,0,727847,0,623476,0,509560,0,396251,0,294134,208854,0,140678,0,90376,0,54895,0,31793,0,17261,0,8834,0,4199,0,1847,0,740,0,261,0,83,0,21,0,5,0,0,0,0,0,0,1,0,0
0,0,0,0,0,0,0,0,0,0,0,0,0,0,0,0,0,0,0,0,0,0,0,0,0,0,0,0,0,0,0,0,0,0,0,1,0,0,0,0,1,0,0,0,0,0,5,0,18,0,39,0,93,0,227,0,487,0,1059,0,2215,0,4243,0,7911,0,14517,0,24889,0,41548,0,67437,103886,0,154932,0,222315,0,304217,0,401738,0,508144,0,619648,0,719275,0,806601,0,864145,0,884926,0,867511,0,813506,0,728480,0,625039,0,510674,0,396342,0,295404,209467,0,141218,0,90556,0,55290,0,31966,0,17374,0,8814,0,4265,0,1911,0,708,0,256,0,82,0,21,0,7,0,0,0,0,0,0,1,0,0
0,0,0,0,0,0,0,0,0,0,0,0,0,0,0,0,0,0,0,0,0,0,0,0,0,0,0,0,0,0,0,0,0,0,0,0,1,0,0,0,1,0,0,0,0,0,4,0,14,0,45,0,93,0,220,0,490,0,1046,0,2220,0,4200,0,7891,0,14256,0,24903,0,41496,0,66738,103650,0,155058,0,220692,0,303328,0,400351,0,507469,0,618021,0,718562,0,806027,0,863583,0,885685,0,868161,0,814812,0,729682,0,624848,0,511691,0,397433,0,296748,210231,0,141562,0,90964,0,55565,0,32191,0,17293,0,8914,0,4246,0,1938,0,711,0,266,0,78,0,23,0,7,0,0,0,0,0,0,1,0,0
