0,0,0,0,0,0,0,0,0,0,0,0,0,0,0,0,0,0,0,0,5276525,0,0,0,0,0,0,0,0,0,0,0,0,0,0,0,0,0,0,0,5276883,0,0,0,0,0,0,0,0,0,0,0,0,0,0,0,0,0,0,0
0,0,0,0,0,0,0,0,0,0,0,0,0,0,0,2803117,0,0,0,0,0,0,0,0,0,0,0,0,0,0,4945372,0,0,0,0,0,0,0,0,0,0,0,0,0,0,2804919,0,0,0,0,0,0,0,0,0,0,0,0,0,0
0,0,0,0,0,0,0,0,0,0,0,0,1562798,0,0,0,0,0,0,0,0,0,0,0,3713804,0,0,0,0,0,0,0,0,0,0,0,3712464,0,0,0,0,0,0,0,0,0,0,0,1564342,0,0,0,0,0,0,0,0,0,0,0
0,0,0,0,0,0,0,0,0,0,902834,0,0,0,0,0,0,0,0,0,2609753,0,0,0,0,0,0,0,0,0,3524431,0,0,0,0,0,0,0,0,0,2611683,0,0,0,0,0,0,0,0,0,904707,0,0,0,0,0,0,0,0,0
0,0,0,0,0,0,0,0,535906,0,0,0,0,0,0,0,0,1790653,0,0,0,0,0,0,0,2947303,0,0,0,0,0,0,0,0,2947969,0,0,0,0,0,0,0,1794158,0,0,0,0,0,0,0,0,537419,0,0,0,0,0,0,0,0
0,0,0,0,0,0,0,324926,0,0,0,0,0,0,0,1218202,0,0,0,0,0,0,2316551,0,0,0,0,0,0,0,2825129,0,0,0,0,0,0,2320322,0,0,0,0,0,0,0,1221387,0,0,0,0,0,0,326891,0,0,0,0,0,0,0
0,0,0,0,0,0,201516,0,0,0,0,0,0,826963,0,0,0,0,0,0,1761715,0,0,0,0,0,2481718,0,0,0,0,0,0,2484149,0,0,0,0,0,0,1765103,0,0,0,0,0,829270,0,0,0,0,0,0,202974,0,0,0,0,0,0
0,0,0,0,0,0,126519,0,0,0,0,0,563285,0,0,0,0,0,1312195,0,0,0,0,0,2070721,0,0,0,0,0,2395598,0,0,0,0,0,2075443,0,0,0,0,0,1317943,0,0,0,0,0,564063,0,0,0,0,0,127641,0,0,0,0,0
0,0,0,0,0,80715,0,0,0,0,383042,0,0,0,0,0,968817,0,0,0,0,1669879,0,0,0,0,0,2167196,0,0,0,0,2169329,0,0,0,0,0,1676661,0,0,0,0,971897,0,0,0,0,0,384253,0,0,0,0,81619,0,0,0,0,0
0,0,0,0,0,51951,0,0,0,0,262269,0,0,0,0,707507,0,0,0,0,1320865,0,0,0,0,1875958,0,0,0,0,2102853,0,0,0,0,1878502,0,0,0,0,1326923,0,0,0,0,710275,0,0,0,0,263994,0,0,0,0,52311,0,0,0,0
0,0,0,0,33811,0,0,0,0,179738,0,0,0,515699,0,0,0,0,1027521,0,0,0,0,1575446,0,0,0,1937680,0,0,0,0,1936080,0,0,0,1580677,0,0,0,0,1032904,0,0,0,0,518281,0,0,0,181361,0,0,0,0,34210,0,0,0,0
0,0,0,0,22290,0,0,0,124074,0,0,0,374417,0,0,0,0,790243,0,0,0,1295414,0,0,0,1719429,0,0,0,0,1885964,0,0,0,1723023,0,0,0,1299233,0,0,0,795434,0,0,0,0,375987,0,0,0,125500,0,0,0,22400,0,0,0,0
0,0,0,0,14853,0,0,0,86154,0,0,0,271786,0,0,0,602832,0,0,0,1049484,0,0,0,1482317,0,0,0,1762176,0,0,0,1760373,0,0,0,1489136,0,0,0,1052437,0,0,0,607408,0,0,0,272801,0,0,0,86753,0,0,0,14898,0,0,0
0,0,0,9896,0,0,0,59841,0,0,0,197457,0,0,0,457889,0,0,837822,0,0,0,1256012,0,0,0,1589838,0,0,0,1719557,0,0,1592723,0,0,0,1262072,0,0,0,841045,0,0,0,461434,0,0,197634,0,0,0,60262,0,0,0,9926,0,0,0
0,0,0,6628,0,0,0,41848,0,0,143301,0,0,0,346371,0,0,661962,0,0,0,1046191,0,0,1402335,0,0,0,1619918,0,0,1620049,0,0,0,1406438,0,0,1050508,0,0,0,667178,0,0,348654,0,0,0,143206,0,0,42166,0,0,0,6655,0,0,0
0,0,0,4442,0,0,29258,0,0,0,104204,0,0,261911,0,0,519550,0,0,0,859773,0,0,1212657,0,0,1483752,0,0,0,1586202,0,0,1485235,0,0,1216602,0,0,0,865038,0,0,523329,0,0,263094,0,0,0,104176,0,0,29744,0,0,4441,0,0,0
0,0,0,3018,0,0,20693,0,0,75500,0,0,197307,0,0,406789,0,0,698562,0,0,0,1032971,0,0,1327993,0,0,1505209,0,0,1506199,0,0,1331414,0,0,1037430,0,0,0,703230,0,0,409293,0,0,197965,0,0,75836,0,0,20951,0,0,3048,0,0,0
0,0,0,2086,0,0,14646,0,0,55095,0,0,148246,0,0,316735,0,0,564357,0,0,868009,0,0,1167908,0,0,1392965,0,0,1476233,0,0,1395027,0,0,1172237,0,0,871682,0,0,568603,0,0,318606,0,0,148897,0,0,55212,0,0,14752,0,0,2112,0,0
0,0,1446,0,0,10362,0,0,40209,0,0,111475,0,0,245940,0,0,452020,0,0,723440,0,1011388,0,0,1263124,0,0,1408521,0,0,1410056,0,0,1265867,0,0,1016356,0,0,725895,0,456098,0,0,247383,0,0,111653,0,0,40247,0,0,10466,0,0,1462,0,0
0,0,1014,0,0,7422,0,0,29388,0,83546,0,0,190510,0,0,360843,0,0,596502,0,866308,0,0,1126318,0,0,1313343,0,0,1385498,0,1316882,0,0,1129037,0,0,870496,0,599743,0,0,363562,0,0,190990,0,0,84099,0,29450,0,0,7452,0,0,1005,0,0
0,0,704,0,0,5358,0,21408,0,0,62804,0,0,147096,0,287331,0,0,488690,0,733955,0,0,988751,0,0,1204418,0,1326742,0,0,1328893,0,1206703,0,0,993659,0,0,738269,0,491434,0,0,288962,0,147596,0,0,62898,0,0,21698,0,5344,0,0,695,0,0
0,0,508,0,0,3825,0,15797,0,0,47141,0,113271,0,0,228050,0,398131,0,0,616985,0,860036,0,0,1084687,0,1245794,0,0,1305948,0,1248511,0,0,1089790,0,864123,0,0,619776,0,401109,0,0,228715,0,113671,0,0,47285,0,15919,0,0,3844,0,492,0,0
0,0,341,0,2705,0,0,11643,0,35669,0,0,87281,0,180081,0,323169,0,0,514239,0,739184,0,0,966590,0,1150323,0,1256063,0,0,1256582,0,1155385,0,0,968816,0,744085,0,517729,0,0,324952,0,180729,0,0,87245,0,35823,0,11707,0,0,2734,0,333,0,0
0,0,230,0,1927,0,8708,0,0,26761,0,67101,0,141642,0,0,261447,0,426860,0,630434,0,0,850026,0,1047462,0,1185636,0,0,1237300,0,1189084,0,1051114,0,853473,0,0,635162,0,429418,0,262440,0,0,142531,0,66933,0,26936,0,0,8555,0,1997,0,231,0,0
0,0,158,0,1413,0,6513,0,20259,0,0,51519,0,111452,0,210490,0,351798,0,0,534711,0,739628,0,942402,0,1102795,0,1193840,0,0,1194852,0,1106521,0,946373,0,743783,0,0,537719,0,354786,0,210614,0,111960,0,51687,0,0,20209,0,6310,0,1452,0,164,0,0
0,0,109,0,1018,0,4792,0,15281,0,39533,0,87519,0,0,168953,0,289509,0,449855,0,639689,0,837398,0,1011928,0,1133067,0,0,1177667,0,1134531,0,1016305,0,841185,0,643265,0,452953,0,290733,0,0,169435,0,87930,0,39731,0,15152,0,4726,0,1031,0,113,0,0
0,0,83,0,726,0,3503,0,11644,0,30520,0,68483,0,135022,0,236707,0,377152,0,548843,0,738018,0,917113,0,1059332,0,1140401,0,0,1140160,0,1062833,0,921669,0,741144,0,551632,0,379374,0,238481,0,135289,0,68820,0,30664,0,11458,0,3530,0,723,0,84,0,0
0,0,55,0,522,0,2604,0,8754,0,23513,0,53747,0,107551,0,193363,0,314505,0,467766,0,644626,0,822906,0,978660,0,1087298,0,1124235,0,1086966,0,982596,0,826850,0,648743,0,470988,0,315262,0,194112,0,108467,0,53859,0,23609,0,8627,0,2637,0,521,0,66,0
0,39,0,379,0,1939,0,6618,0,18117,0,42355,0,85702,0,157104,0,261165,0,396494,0,559153,0,732241,0,894079,0,1020926,0,1090271,1092671,0,1023561,0,897001,0,736411,0,563104,0,398714,0,261614,0,157963,0,86476,0,42207,0,18188,0,6508,0,1969,0,399,0,40,0
0,27,0,285,0,1443,0,5014,0,14052,0,32992,0,68622,0,127082,216050,0,335107,0,481313,0,646350,0,807720,0,949436,0,1042747,0,1076595,1045671,0,952133,0,810974,0,650765,0,485498,0,335807,0,217048,0,127961,68945,0,32960,0,14090,0,4963,0,1439,0,293,0,26,0
0,22,0,203,0,1079,0,3851,0,10810,25990,0,54301,0,103158,0,177349,0,282365,0,412820,565053,0,725971,0,871688,0,986109,0,1046293,1048212,0,987966,0,873850,0,729219,0,570010,0,415800,282389,0,178356,0,104028,0,54592,0,25994,10856,0,3776,0,1063,0,214,0,21,0
0,15,0,148,0,808,0,2957,8293,0,20400,0,43205,0,83406,145857,0,235973,0,353000,0,491995,644746,0,794618,0,919382,0,1004768,0,1034823,1006922,0,922084,0,796506,0,649502,496280,0,354590,0,236016,0,147078,84105,0,43452,0,20232,0,8375,2909,0,791,0,154,0,18,0
0,9,0,112,0,588,2238,0,6424,0,15967,0,34607,67214,0,119710,0,197003,299034,0,426224,0,569788,0,717714,850605,0,951760,0,1007936,1008711,0,953954,0,854106,0,720119,573761,0,428432,0,302021,197320,0,120539,0,67712,0,34457,15924,0,6509,0,2183,603,0,109,0,15,0
0,8,0,80,0,444,1693,0,4982,0,12434,27444,0,54395,0,97838,163474,0,253567,0,366789,500960,0,642911,0,780357,891647,0,970442,0,996075,970038,0,896734,0,781743,645719,0,504256,0,369236,255667,0,164533,0,98209,54541,0,27562,0,12402,5025,0,1642,0,463,90,0,8,0
0,6,0,56,350,0,1262,0,3807,9809,0,21666,43812,0,79962,0,135902,213780,0,315345,0,436511,572699,0,709373,829279,0,922054,0,971271,972326,0,923704,0,833489,711219,0,574945,440208,0,317296,0,215361,136379,0,80179,0,44117,21999,0,9746,3802,0,1264,0,361,64,0,5,0
0,3,0,48,264,0,962,2940,0,7700,0,17273,34940,0,65357,112796,0,179619,269253,0,379560,0,506925,639447,0,764375,868199,0,936975,0,961485,937887,0,870175,767353,0,642734,508824,0,382492,0,272053,180494,0,112952,65677,0,35391,17446,0,7604,0,2928,951,0,273,49,0,4,0
0,2,0,37,202,0,720,2306,0,5955,13748,0,28188,53016,0,93255,150718,0,229080,0,329051,446199,0,572641,698594,0,810900,893425,0,940021,938384,0,895165,812758,0,702282,576045,0,448313,0,331123,231663,0,151024,93496,0,53503,28531,0,13815,6086,0,2160,759,0,203,38,0,2,0
0,0,0,30,146,0,568,1779,0,4717,10885,0,22525,43405,0,76878,126057,0,194488,283813,0,389936,511043,0,633369,751075,0,845132,907595,0,928956,906839,0,846836,753208,0,638239,513075,0,392295,286207,0,195908,126523,0,76991,43871,0,22864,11025,0,4680,1691,0,577,151,0,30,1,0
0,0,19,0,114,432,0,1354,3689,0,8672,18109,0,35012,63590,0,105200,164618,0,244095,340252,451939,0,572625,689195,0,791369,867836,0,910058,908211,0,868689,793669,0,692896,575354,0,455172,341906,246418,0,165209,106007,0,63345,35639,0,18386,8785,0,3677,1284,0,440,121,0,22,0,0
0,0,14,0,84,349,0,1037,2885,0,6878,14558,28569,0,51836,88017,0,139115,208639,0,295567,399043,513454,0,628143,736184,0,822632,879978,0,900326,880671,824298,0,738532,631502,0,516433,401723,0,297629,210403,139204,0,88368,52229,0,28916,14858,0,7021,2874,983,0,353,86,0,17,0,0
0,0,8,0,65,270,793,0,2236,5502,0,11715,23193,42543,0,73044,117239,0,178150,256088,350434,0,457982,569213,0,679060,774697,842501,0,882362,881093,0,844945,776470,681473,0,572841,461366,0,352944,257862,178945,0,117632,73463,0,42819,23675,11963,0,5470,2242,0,772,263,63,0,12,0,0
0,0,8,0,44,218,615,0,1773,4303,9446,0,18917,34950,0,60571,98745,151543,0,220858,306653,406188,0,513721,622179,723308,0,801580,853599,0,874410,854968,804143,0,724018,625010,517437,0,409667,308576,222680,0,152138,99236,0,60962,35030,19384,0,9541,4397,1710,0,626,207,41,0,8,0,0
0,0,6,0,36,168,466,0,1420,3385,7533,0,15391,28667,50301,0,82923,128892,189697,0,267302,359555,460525,0,567450,669419,756915,0,820398,855923,857029,0,822008,758363,671267,0,570529,464741,361209,0,269982,190484,129943,0,83162,50563,28969,0,15600,7682,3495,0,1310,509,155,0,33,3,0,0
0,0,5,22,0,136,357,1137,0,2744,5942,12436,0,23463,41885,69256,109082,0,163177,232061,316700,0,411318,513842,616581,0,708543,783485,830987,0,847275,831914,785000,710694,0,618485,517087,414940,0,318211,233840,164334,0,109807,69849,41914,23771,0,12646,6159,2761,0,1011,403,119,0,28,1,0,0
0,0,5,17,0,105,286,886,2187,0,4834,9952,19303,0,34453,58021,91987,140352,0,200780,277907,366309,462903,0,563921,659337,741048,0,800795,830394,833360,801152,0,743610,660452,566378,0,467043,368958,279264,202368,0,140807,93357,58070,34693,0,19582,10246,4892,0,2151,814,317,92,0,19,1,0,0
0,0,3,18,0,73,226,679,1784,0,3811,8124,15805,28511,0,48444,77910,119673,173712,0,242832,324753,415956,513217,0,609826,694427,765696,808462,0,824109,810765,765735,698289,0,612032,515886,419387,327108,0,244076,174858,120423,78321,0,48899,28750,16023,8174,0,3959,1688,640,268,0,59,16,1,0,0
0,0,2,13,58,0,178,546,1393,3094,0,6504,12907,23640,40281,66053,0,101595,149953,211822,286442,0,371926,465350,559511,649872,725067,0,781564,808385,810252,782136,0,726325,652266,562591,467993,375345,0,288526,212746,150835,102750,0,65931,40858,23749,13043,6658,0,3127,1341,524,197,0,47,11,1,0,0
0,0,2,6,50,0,136,421,1132,2450,5347,0,10478,19431,33651,55434,86591,0,128986,183901,252361,331259,419781,0,511993,602376,683489,747523,788734,0,802688,789595,748531,685277,604613,0,515212,422034,334411,254061,184816,0,129872,87042,55901,34017,19589,0,10649,5352,2521,1078,429,0,140,38,10,0,0,0
0,0,1,7,39,103,0,333,885,1984,4333,8546,16142,0,27932,46518,73648,110616,159775,0,221352,293994,377349,465516,555539,640736,0,710499,762449,788777,789645,762651,713032,0,641000,558358,468789,380161,296396,0,222955,160261,111344,73944,47021,28323,0,16043,8699,4354,2043,852,313,0,112,32,7,0,0,0
0,0,0,5,33,78,246,0,738,1595,3473,6969,13205,23358,0,39057,62162,95164,138436,193261,260223,337758,0,422332,509654,595766,671517,731705,769388,0,782692,769783,731615,674011,597671,512728,425325,0,339871,262403,194591,138773,95574,62679,0,39434,23539,13274,7137,3527,1622,654,0,269,82,25,6,0,0,0
0,0,0,3,20,66,197,556,0,1320,2840,5698,10868,19390,32686,52612,81119,0,119592,168922,229614,301328,381462,465587,551200,0,630681,696402,745319,770243,769126,745475,698731,633246,0,553032,467943,384504,303502,231356,169384,120058,0,81910,52960,33190,19527,10988,5754,2876,1308,0,527,198,63,22,3,0,0,0
0,0,0,2,17,49,156,443,1061,0,2314,4688,8891,16017,27429,44579,69383,102786,147193,0,201843,268070,342424,424981,507079,589119,659645,715893,751697,0,763197,751714,717276,661990,590791,509828,426392,345534,269710,0,203505,147522,103805,69928,44597,27914,16146,9146,4586,0,2374,1034,428,166,46,17,3,0,0,0
0,0,0,1,16,36,114,363,841,1903,3803,0,7374,13159,22874,37915,58801,88526,127637,177628,237204,307753,384694,0,465236,546951,621248,682613,728477,752836,750352,729313,685198,623026,549190,0,468285,386783,309655,238457,178964,128405,89417,59445,37655,23244,13499,0,7421,3817,1918,837,346,125,38,14,1,0,0,0
0,0,0,0,12,31,86,278,674,1543,3110,6010,11054,18873,0,32043,50235,75957,110513,155277,210428,274254,347178,425623,505125,582478,647925,700268,736125,0,745337,734512,701472,651098,583739,507643,428240,349166,276400,211269,156340,111523,76924,50167,0,31936,19559,11121,6111,3124,1557,647,286,101,27,8,1,0,0,0
0,0,0,0,9,27,64,216,560,1226,2549,4932,9180,15895,26743,42900,65040,95726,135007,0,185656,245168,312320,386590,465241,542067,612741,670361,712059,735541,734223,713181,671252,615228,543563,467604,390139,314280,245873,0,186366,136920,96624,65385,42713,26925,16300,9341,5009,2578,1219,525,229,82,24,7,0,0,0,0
0,0,0,0,6,22,47,176,449,1005,2058,4118,7533,13355,22448,36152,56037,82652,117896,162611,218153,280453,350214,426942,502686,574829,637978,686388,718275,0,729869,718355,687900,639401,576780,505192,428445,353210,282299,218593,164512,118939,83182,56121,36083,22642,13816,7733,4062,2096,995,428,181,67,19,5,0,0,0,0
0,0,0,0,5,11,42,134,366,821,1716,3354,6309,11014,19026,30600,47672,71711,102144,142914,192687,251600,316076,390032,464264,537104,602604,659146,697539,718016,719512,697869,659793,605010,539666,466081,391496,319021,252730,193928,144217,103550,71728,47698,30843,19060,11474,6425,3334,1693,816,335,152,51,16,3,0,0,0,0
0,0,0,0,3,10,35,96,295,705,1363,2799,5099,9282,15890,26037,40716,61428,89078,125040,170349,224166,285565,353832,427523,500309,566302,626988,673362,705004,712667,704043,674177,628798,570178,501683,428751,356277,287294,226038,171314,126043,90201,61562,40979,26022,16046,9654,5173,2719,1412,639,297,108,40,14,3,0,0,0
0,0,0,2,8,27,70,235,571,1125,2306,4220,7750,13329,21901,34791,52816,77182,109710,149769,199333,257068,321305,390819,463493,531336,593725,646245,684252,704488,702356,685091,647827,596359,534702,464240,392781,323338,258507,200820,150670,110701,78030,53103,34788,22146,13485,7970,4343,2238,1129,532,237,96,29,12,2,0,0,0
0,0,0,1,8,23,56,173,458,944,1893,3548,6459,11093,18629,29605,45254,66798,95353,132125,176928,230226,290888,356972,426711,496683,560017,616559,660273,690504,1387351,662581,617993,563487,498138,428435,358830,292375,231816,177938,133368,96303,67590,45402,29770,18909,11179,6658,3641,1783,945,429,197,73,27,8,1,0,0,0
0,0,0,0,7,18,47,132,374,754,1543,3008,5316,9352,15647,25290,38779,57844,83010,116038,362179,262364,325029,393115,460619,526096,585989,633906,671884,690209,687756,670745,636855,587229,530080,462978,393298,326952,263956,206786,275211,83690,58181,39069,25534,15751,9357,5645,2929,1480,792,339,163,51,23,8,1,0,0,0
0,0,0,0,4,13,42,101,292,638,1266,2476,4462,7780,13279,54627,49892,72315,101476,138518,183309,235960,294419,360568,426363,491770,554013,607218,648677,675968,1359271,649770,608746,556119,495732,427419,361587,296460,237080,184383,139718,102901,72757,50237,33811,34599,7934,4679,2395,1241,640,282,132,46,17,5,1,0,0,0
0,0,0,0,3,12,37,84,212,530,1020,2079,10230,11217,18177,28391,43002,62880,88760,122240,162712,212043,266587,327982,852377,521642,577424,623874,658271,675356,675725,657756,625597,579416,524352,461468,724429,268283,212260,164549,123227,89990,63185,43533,28619,18086,11383,6638,5830,1017,533,221,113,37,14,5,0,0,0,0
0,0,0,0,3,8,28,71,158,429,2560,3097,5481,9467,15461,24139,37141,54297,77892,107205,333973,240888,298700,361390,426047,488635,547663,597212,637195,662827,1332729,638638,599202,549532,491340,427953,362766,300070,242076,190400,254725,78235,54970,37424,24380,15480,9549,5495,3235,1620,1306,182,87,31,13,3,0,0,0,0
0,0,0,0,2,8,20,55,482,674,1403,2625,4544,7934,13155,20658,31900,114661,94794,128138,168973,216760,270980,331009,393504,973203,569784,614484,644768,662151,662286,646549,615945,571378,976762,396426,331884,272700,217421,170652,129303,95303,116014,32124,20800,13240,7953,4658,2670,1380,679,508,68,26,7,3,0,0,0,0
0,0,0,0,1,8,15,137,276,587,1146,2194,3845,6707,11025,44929,40898,59020,82712,113406,150702,194681,547446,362754,424699,485364,540885,589049,625363,649481,1309030,626933,590512,543250,486470,427282,364929,549879,195797,151849,114203,83723,59443,41323,27356,29134,6653,3900,2180,1169,566,288,182,18,6,3,0,0,0,0
0,0,0,0,0,6,43,80,211,501,966,1790,3229,14965,15157,23455,35069,51363,72718,100220,308095,221601,274732,334031,393289,454180,1073998,603311,633697,648868,651936,633575,606226,1077422,455665,395522,335067,276665,223065,175485,235869,73022,51979,35500,23630,15178,15104,3269,1825,944,471,242,108,56,6,2,0,0,0,0
0,0,0,0,0,2,41,55,182,391,820,1478,7457,7903,12828,20159,30372,44497,151642,119084,155458,200004,249093,305942,786918,482450,534749,579869,614486,637660,1285077,615951,582034,536524,483701,425245,671937,251064,200735,157486,120045,88499,109117,30859,20077,12948,8000,4784,4256,785,424,179,101,24,14,2,0,0,0,0
0,0,0,0,0,11,27,48,132,328,1891,2335,4002,6647,10944,17219,64864,55368,77499,105403,139262,405220,279258,335180,394004,450695,507040,1148990,622352,638109,637586,623762,1153840,507728,453964,394623,336423,280357,408099,141065,105501,78228,55766,65681,17311,10936,6854,3968,2336,1948,352,141,78,18,14,1,0,0,0,0
0,0,0,0,0,7,23,40,100,257,1609,1950,3358,5668,9235,37237,33701,48140,67865,93317,285245,204646,253469,307818,364968,898944,529375,572080,603690,627253,1260562,606113,574076,530685,479651,789523,309219,254810,205824,162933,218639,68516,48822,34089,22615,24103,5804,3328,1982,1100,822,114,56,14,9,4,0,0,0,0
0,0,0,0,0,5,17,35,73,706,840,1608,2886,12610,12620,19374,29179,42052,141552,110505,144144,184517,230526,618636,393184,449307,500810,1133182,611608,626383,627141,612865,1137132,503197,450401,394347,621116,232371,185358,146161,111003,142697,42545,29589,19480,12578,12894,2750,1668,917,678,96,40,14,7,4,0,0,0,0
0,0,0,0,0,3,13,27,221,394,751,1334,6483,6664,10765,16697,25073,88946,72286,98210,128403,375459,257189,310241,365271,893864,523234,562879,596076,614372,1239503,596388,565204,524933,898198,365722,311340,258468,378254,130428,98651,72727,89647,25406,16718,10940,6784,6415,1372,773,375,247,38,14,6,2,0,0,0,0
0,0,0,0,0,3,14,20,209,379,715,1275,6250,6418,10319,16296,24495,86744,71100,96510,127027,372064,256376,309186,364916,895390,524341,566124,598859,618801,1245060,600716,567237,526492,899680,365796,310397,257457,375055,128492,97303,71527,87589,24521,16306,10510,6596,6162,1314,738,326,247,36,12,7,1,0,0,0,0
0,0,0,0,0,2,11,19,196,340,650,1210,5903,6258,9951,15469,23883,84612,69334,94554,125599,368864,254684,308924,364101,897174,526076,568707,602160,622980,1252895,604568,570409,528352,900566,366481,309261,256108,371348,126562,95580,70093,85225,23799,15787,10009,6339,5894,1226,659,312,220,35,11,7,1,0,0,0,0
0,0,0,0,0,2,8,20,181,309,602,1111,5638,5890,9523,15003,22912,82655,67591,92891,123716,365867,253374,306407,364447,897899,528566,572796,605652,626330,1261607,606924,573505,530511,902739,366494,307921,254496,367681,125220,93579,68585,82896,23132,15058,9887,5948,5524,1175,586,279,222,30,12,5,2,0,0,0,0
0,0,0,0,0,3,7,14,165,291,551,1059,5354,5610,9142,14480,22053,80507,66214,91056,122019,362400,251881,305927,363492,899164,531896,575702,608727,630538,1269117,609246,577385,532374,904864,365323,306671,253671,364156,123167,91945,67126,80759,22345,14601,9287,5701,5245,1124,551,255,196,30,10,6,1,0,0,0,0
0,0,0,0,0,3,7,14,163,235,554,995,5031,5372,8802,13943,21307,78194,65216,89565,119855,359256,250771,304518,362869,901851,532230,579171,613314,633101,1276471,613655,579713,533325,906643,364860,306790,251803,360683,121030,90655,65840,78580,21561,14144,8863,5478,4979,1008,534,234,180,26,11,2,3,0,0,0,0
0,0,0,0,1,2,6,12,155,226,504,959,4739,5088,8390,13499,20766,75957,64076,87927,118727,355094,250087,303283,362915,903838,534109,580615,616478,636693,1285102,616776,581197,535977,908077,364053,305813,250860,357567,119083,89231,64123,76489,20995,13631,8571,5102,4788,922,479,227,160,27,8,2,2,0,0,0,0
0,0,0,0,1,2,5,10,141,210,458,921,4478,4856,8049,13050,19999,73867,62544,86971,117255,351752,248340,302642,362803,905392,536609,582278,618970,640713,1292223,620396,584108,536448,910117,363830,304679,248734,354731,118095,87146,63045,74871,20149,13259,8088,4950,4533,849,446,216,151,20,4,2,2,0,0,0,0
0,0,0,0,1,3,3,14,126,209,412,867,4263,4652,7842,12466,19420,72300,61260,85556,115202,348750,246900,302321,362737,906205,538897,584778,621769,643598,1299315,623162,586910,539654,909729,362971,304532,247378,351640,116289,85854,61675,73057,19658,12635,7760,4782,4257,811,417,211,136,14,6,2,2,0,0,0,0
0,0,0,0,1,2,5,10,125,181,399,829,4084,4465,7462,12055,18989,70344,59970,84182,114369,345527,245014,302035,361301,907304,541419,587728,624402,646452,1306308,626395,588512,541503,911043,363343,302901,246655,348278,114780,84272,60525,71509,19105,11979,7538,4520,4060,789,384,200,133,12,6,2,2,0,0,0,0
0,0,0,0,1,2,5,10,116,183,373,762,3861,4326,7109,11729,18326,68753,59024,82801,112835,342746,243637,301103,360369,910082,541404,590202,627581,649838,1312956,629187,590896,543059,912430,362369,301890,245790,345071,113397,82908,59633,69798,18255,11701,7281,4303,3876,749,362,167,130,14,6,1,1,0,0,0,0
0,0,0,0,1,2,2,11,107,167,346,700,3648,4184,6873,11229,17846,67028,58319,81436,111154,339614,242991,299577,360744,911324,542989,591800,631047,653729,1317821,631673,593746,545371,912645,362031,300806,244355,342491,112011,81886,58374,67942,17839,11400,7004,4052,3770,686,330,173,114,13,6,0,1,0,0,0,0
0,0,0,0,1,1,3,10,95,161,343,630,3457,4083,6611,10874,17189,65592,57068,80625,109544,337081,241402,298821,361292,911121,545251,594929,632148,657581,1323165,633990,596668,545733,914529,361804,299669,242779,340950,109694,80803,57609,66338,17258,11031,6757,3862,3589,659,316,167,106,12,6,0,1,0,0,0,0
0,0,0,0,0,2,2,10,81,162,305,603,3345,3848,6462,10317,16743,64260,55596,79634,108385,334834,239719,298573,360204,913316,545323,597509,634580,659967,1329975,636797,597826,548002,914531,361790,298777,241976,337306,109434,79384,56538,64925,16902,10564,6513,3807,3383,625,309,139,109,11,4,0,1,0,0,0,0
0,0,0,0,0,2,2,8,89,126,303,565,3212,3629,6209,9973,16473,62721,54888,77874,107289,331686,239614,296870,360122,914968,546406,599236,637793,662957,1335327,638631,600414,549233,915412,360934,297998,241502,334155,108362,78526,55355,63663,16309,10293,6286,3637,3258,576,282,127,96,12,4,0,1,0,0,0,0
0,0,0,0,0,2,1,8,81,136,275,553,3058,3442,5974,9733,15903,61580,53722,76984,106014,329793,237777,296428,359990,914882,548828,600153,641122,665760,1339664,641790,602710,549911,916498,360551,297861,239044,332476,106926,77415,54400,62275,15890,10117,6066,3539,3031,561,258,128,85,11,1,1,0,0,0,0,0
0,0,0,0,0,0,4,10,73,126,256,533,2928,3351,5673,9533,15467,60062,53360,75476,105063,327138,237415,295343,359094,914948,551103,601884,644373,668160,1345720,642944,603462,552293,917084,359979,297296,238765,329590,105477,76436,53665,60826,15567,9662,6013,3397,2860,548,249,102,88,11,0,1,0,0,0,0,0
0,0,0,0,0,0,1,9,75,107,238,525,2771,3214,5534,9233,15042,59009,52116,74596,103763,325031,236693,294058,358941,915812,551199,605329,645476,671465,1350613,645391,606485,551951,917687,360593,295958,237623,327023,105180,75114,52610,59652,15180,9399,5827,3287,2674,495,232,104,82,10,0,1,0,0,0,0,0
0,0,0,0,0,0,2,7,72,101,229,496,2647,3101,5321,8929,14548,57800,51614,73715,102334,322740,235263,293580,357905,916548,554043,606857,647252,674193,1355235,647460,607876,554582,918717,358653,295636,236789,324831,103692,74260,51792,58433,14787,9198,5557,3171,2570,464,228,100,69,9,2,0,0,0,0,0,0
0,0,0,0,0,0,2,6,59,101,231,463,2532,2942,5260,8523,14264,56715,50583,73126,101325,320665,233913,292767,357375,917583,555181,608436,648978,674725,1363094,649608,608612,555544,919123,359215,294992,235807,322097,102827,73622,50946,56908,14531,8923,5466,3011,2488,469,195,100,68,6,1,0,0,0,0,0,0
0,0,0,0,0,0,1,8,54,82,213,448,2420,2855,5019,8437,13754,55770,49957,71502,101010,317880,233247,291732,357362,917651,557240,609176,650881,678779,1366364,652080,611058,556762,919380,358941,294230,234015,320704,101665,72578,50181,55826,14125,8710,5191,2923,2425,427,181,96,62,4,2,0,0,0,0,0,0
0,0,0,0,0,0,0,9,55,78,194,436,2337,2699,4940,8133,13649,54545,49082,70874,99646,316089,232512,291032,356442,918762,558790,608716,653762,680756,1371616,654732,613039,557020,920050,359242,293205,232855,318688,100480,71548,49214,54925,13847,8530,4956,2821,2374,397,187,74,62,7,1,0,0,0,0,0,0
0,0,0,0,0,0,1,5,57,81,165,409,2230,2663,4794,7952,13239,53357,48485,70099,98285,313746,231352,291236,355963,919395,559192,610804,656029,681941,1376394,658112,613266,558948,920502,359318,292566,231646,316094,99679,70630,48485,54157,13443,8210,4778,2701,2290,366,202,79,54,6,2,0,0,0,0,0,0
0,0,0,0,0,0,1,3,59,73,159,385,2114,2626,4555,7772,12848,52604,47683,68880,97939,311832,229890,290446,355373,920551,560076,612002,658583,683589,1382170,658961,615294,559639,921073,357894,292733,231465,313561,98578,69707,47984,52953,13187,7969,4684,2658,2159,382,173,84,50,6,1,0,0,0,0,0,0
0,0,0,0,0,0,1,4,44,83,159,362,2017,2532,4428,7607,12609,51500,47111,68060,96599,309882,229570,289306,355241,921616,559673,614948,659173,686940,1385053,661405,617149,561800,919768,358455,291677,230282,311890,97863,69041,47167,51880,12915,7806,4461,2573,2112,354,165,72,47,6,2,0,0,0,0,0,0
0,0,0,0,0,0,1,1,46,73,176,320,1971,2433,4276,7322,12492,50834,46127,67274,95853,307713,228882,288364,354949,922122,560036,616680,661841,688070,1390379,662202,619110,561071,922593,357175,290809,230478,309457,96856,68213,46506,51073,12579,7609,4320,2485,2016,350,156,65,42,6,2,0,0,0,0,0,0
0,0,0,0,0,1,0,3,42,68,168,323,1914,2330,4126,7187,12054,49960,45481,66588,95246,305798,227781,287795,354272,921322,561491,619436,663036,690496,1393811,665537,619535,561174,923833,357607,290083,228875,307630,95883,67384,46063,50186,12373,7316,4219,2473,1924,333,132,68,43,6,2,0,0,0,0,0,0
0,0,0,0,1,0,0,2,37,71,166,297,1821,2258,4017,7052,11894,48932,44707,66507,93611,303736,227175,287446,353977,921354,562417,620618,664499,693448,1398119,666489,620859,562451,924888,356919,289235,228332,305766,94777,66603,45545,49410,11972,7121,4080,2343,1904,319,122,65,40,4,2,0,0,0,0,0,0
0,0,0,0,1,0,0,1,40,55,166,305,1752,2174,4001,6780,11556,48168,44232,65420,93019,301956,225550,287710,353786,921648,562340,622556,665721,696479,1401920,667037,622955,563601,925522,355896,288927,227763,303915,93649,66152,44845,48485,11763,6971,4014,2209,1859,271,130,62,41,4,1,0,0,0,0,0,0
0,0,0,0,0,1,0,2,36,62,146,273,1686,2189,3860,6610,11264,47367,43889,64603,92098,299393,225576,286790,354291,920519,563514,623560,668650,696706,1407091,669790,622995,564959,926019,355175,289702,225836,301706,93219,65309,44344,47522,11567,6739,3888,2171,1807,258,134,49,38,4,1,0,0,0,0,0,0
0,0,0,0,0,1,0,2,33,62,113,283,1651,2105,3810,6568,10776,46746,43378,63900,91345,297335,224807,286106,354070,920807,565376,622882,672676,698739,1409971,670261,624965,566248,925829,355487,287764,226388,299349,92599,64482,43598,46964,11225,6602,3738,2167,1746,246,107,65,29,7,0,0,0,0,0,0,0
0,0,0,0,0,1,0,2,32,54,118,264,1593,2044,3672,6401,10799,45945,42713,63427,90090,296511,223180,284892,354289,921794,565338,625024,672275,701139,1413438,673119,625563,568095,925909,355229,286634,225791,297898,91560,63724,43389,46245,10991,6323,3710,2060,1686,249,106,54,33,5,0,0,0,0,0,0,0
0,0,0,0,0,1,0,2,33,53,109,224,1563,1982,3569,6303,10553,44972,42303,62672,89717,294672,221847,284313,354030,922740,566011,625976,674352,703720,1416516,673989,627001,568169,927013,355090,286071,224439,296623,90674,63133,42632,45592,10827,6267,3585,2085,1564,232,99,56,30,2,2,0,0,0,0,0,0
0,0,0,0,0,0,1,0,30,50,104,221,1497,1917,3492,6089,10435,44384,41842,61472,89334,291854,222472,283476,353811,923300,566380,627378,675519,705351,1420564,675652,628663,568757,926741,354417,286127,223135,295333,90180,62323,42111,44833,10587,6171,3477,2029,1479,234,103,51,28,2,2,0,0,0,0,0,0
0,0,0,0,0,0,1,0,30,50,88,206,1482,1855,3340,5964,10412,43501,41653,60695,88493,290709,220465,283734,353263,923373,567594,628419,676386,707358,1423714,678607,629159,569778,927175,353761,285572,222671,293409,89080,61772,42050,44020,10344,6012,3445,1950,1419,223,99,53,20,2,1,1,0,0,0,0,0
0,0,0,0,0,0,1,2,23,50,102,181,1416,1795,3236,5890,9975,43374,40452,60528,88038,289171,219556,283174,352507,924006,568242,628704,679074,709274,1426966,679630,631046,569831,927635,353447,285099,221799,291500,88763,60765,41824,43279,10099,6013,3323,1850,1371,237,86,51,18,3,1,1,0,0,0,0,0
0,0,0,0,0,0,1,2,20,39,104,205,1344,1732,3153,5790,9876,42314,40488,59841,86790,287614,219924,282301,352380,923557,568956,630887,678746,710707,1432008,680967,632205,570075,928149,353372,284665,220821,289901,87507,60756,40913,42597,10165,5764,3315,1752,1331,206,95,45,24,2,1,1,0,0,0,0,0
0,0,0,0,0,0,1,2,16,37,98,212,1276,1685,3053,5667,9621,41967,40017,59113,85873,286725,219056,281232,352087,923262,570923,631452,679395,713966,1434845,682262,633009,571982,927519,353030,283631,220599,288218,86909,59988,40279,42201,9953,5674,3227,1726,1283,171,99,40,23,2,1,1,0,0,0,0,0
0,0,0,0,0,0,1,2,17,39,93,179,1265,1616,3139,5401,9562,41178,39543,58654,85476,284591,218589,281030,351176,924010,570485,632828,682674,713844,1439570,683013,634291,571890,928110,352603,283140,219909,286748,86404,59267,39744,41681,9720,5547,3171,1671,1201,183,88,40,19,5,1,0,0,0,0,0,0
0,0,0,0,0,0,1,2,16,37,88,177,1266,1542,3050,5334,9223,40685,39183,58252,84664,283356,218088,280514,350048,924602,571143,634060,684932,714531,1442526,683628,635698,573424,928008,352726,282251,219107,285456,85415,59062,39189,41072,9379,5423,3124,1630,1196,152,91,34,19,3,1,0,0,0,0,0,0
0,0,0,0,0,0,1,2,16,40,83,177,1196,1554,2985,5208,9055,40023,38888,57521,84136,281932,216885,279841,350103,924815,571565,635718,685727,717191,1445167,684825,636575,573775,929706,351427,282121,218192,283780,85000,58362,38731,40477,9238,5322,3009,1558,1182,163,81,32,20,1,2,0,0,0,0,0,0
0,0,0,0,0,0,2,1,19,33,76,191,1162,1499,2888,5141,8913,39492,38276,57472,83258,280320,216590,278459,350600,924902,572430,637826,686028,717402,1448814,685950,638695,573911,929174,352104,280931,217778,282538,84289,57995,38150,39851,9107,5226,2982,1520,1127,146,86,33,19,0,2,0,0,0,0,0,0
0,0,0,0,0,0,2,1,16,32,80,178,1152,1463,2710,5045,8858,39055,37548,57067,83088,278578,216026,278016,349912,924910,574326,637919,687263,719625,1449894,689236,638383,575105,929891,351864,279911,217151,281079,83586,57407,38142,39059,8928,5165,2846,1530,1082,151,78,32,16,1,1,0,0,0,0,0,0
0,0,0,0,0,0,0,3,18,25,82,179,1074,1428,2735,4884,8627,38596,37196,56387,82284,277694,214938,278391,348421,926710,574095,639443,688056,720232,1453338,690036,639114,577443,929937,350162,280197,216007,279971,83401,56684,37684,38550,8667,5110,2794,1499,1043,149,72,35,15,1,0,1,0,0,0,0,0
0,0,0,0,0,0,1,2,13,22,91,170,1062,1399,2626,4797,8717,37954,36607,56184,81857,275934,214191,277571,348747,925859,576466,638196,690159,722778,1455414,691309,641035,576973,930275,350295,279509,215192,278593,82579,56645,36956,38192,8582,4998,2725,1444,1010,153,88,27,10,0,0,1,0,0,0,0,0
0,0,0,0,0,0,0,2,14,22,72,169,1043,1380,2560,4775,8469,37423,36558,55331,81272,274815,213913,276174,349427,925276,576530,639816,692056,723460,1459216,691419,641989,578307,930253,350038,278720,214408,277192,82421,55905,36647,37665,8457,4851,2731,1383,988,149,74,25,12,0,0,1,0,0,0,0,0
0,0,0,0,0,0,0,2,13,21,63,158,1052,1321,2531,4552,8380,37093,36255,54652,80778,273922,212449,276777,347801,925859,576816,641425,692626,724626,1462335,692920,642510,579394,930314,349650,278093,213806,276111,81787,55345,36395,37343,8268,4743,2663,1340,972,133,69,33,11,0,1,0,0,0,0,0,0
0,0,0,0,0,0,0,1,14,24,68,151,995,1316,2478,4451,8180,36731,35905,54277,80197,272701,212066,275620,348172,926870,576352,642078,692680,727076,1465332,693491,643365,580752,930924,347765,277410,214147,275372,80671,54978,36017,36823,8299,4597,2531,1346,941,139,68,23,12,1,1,0,0,0,0,0,0
0,0,0,0,0,0,0,0,15,24,67,133,965,1264,2523,4406,7968,36315,35361,53981,79817,271186,211718,274654,348252,927334,576330,642053,695128,728354,1467419,694770,645178,579707,931751,348335,276969,212939,274174,80366,54207,35799,36405,8081,4514,2474,1273,953,146,66,21,11,1,1,0,0,0,0,0,0
0,0,0,0,0,0,0,0,17,17,67,132,953,1241,2445,4309,7906,35949,34824,53797,79207,269794,210849,274579,347742,926515,577910,642520,697351,728953,1470099,696066,646080,579078,932231,347929,276952,212269,273135,80203,53888,35010,36133,7956,4495,2402,1248,923,155,50,17,10,1,1,0,0,0,0,0,0
0,0,0,0,0,0,0,0,16,22,65,115,940,1242,2346,4282,7830,35488,34594,53318,78783,268710,210186,273911,347079,926806,577902,644859,697650,731251,1472022,697031,645794,581427,930678,348031,276702,212392,271756,79452,53506,34679,35560,7934,4322,2361,1235,896,156,47,21,9,1,1,0,0,0,0,0,0
0,0,0,0,0,0,0,0,18,21,56,117,918,1204,2304,4273,7726,34869,34350,52852,78042,267933,210128,273798,345682,926844,578448,645817,699056,731398,1475185,698628,647296,581741,930455,347337,275933,211976,270581,79032,53199,34386,35117,7770,4284,2355,1196,869,129,50,22,12,0,1,0,0,0,0,0,0
0,0,0,0,0,0,0,0,16,20,48,133,879,1107,2307,4215,7652,34459,34021,52345,77595,266882,209894,272755,345693,926972,578597,646956,700100,733069,1476089,700223,648777,581132,931161,347929,275054,211762,269317,78422,52689,34247,34557,7518,4311,2271,1168,865,122,46,19,12,2,0,0,0,0,0,0,0
0,0,0,0,0,0,0,1,15,20,43,141,859,1073,2297,4179,7512,33990,33534,51977,77339,266250,208821,272847,344301,926654,581004,648383,699891,734189,1478575,701541,648941,581888,931068,346896,275783,210870,268206,77886,52312,33757,34199,7512,4217,2245,1176,832,112,43,18,11,0,0,0,0,0,0,0,0
0,0,0,0,0,0,0,0,14,23,44,126,829,1106,2255,4092,7275,33587,33614,51463,76794,265087,208321,272409,344548,926448,580022,649856,700687,735818,1481281,702851,650545,581265,931493,346223,274837,210240,267791,77267,51904,33533,33908,7382,4132,2180,1176,797,117,41,15,12,0,0,0,0,0,0,0,0
0,0,0,0,0,0,0,0,17,17,46,116,829,1054,2203,4064,7282,33150,33029,51140,76213,264595,208112,271002,345111,925730,581578,649598,702298,736104,1484215,702817,651314,582814,931176,346952,273408,209410,267340,76854,51507,33144,33581,7356,3970,2161,1075,847,110,37,24,8,0,0,0,0,0,0,0,0
0,0,0,0,0,0,0,0,18,12,47,117,777,1043,2173,4006,7155,32865,32756,50956,75824,262918,207803,271930,344104,925604,581933,650108,702878,737569,1486601,703879,651664,583109,931571,346158,273570,209534,265703,76182,51344,33030,33182,7167,3995,2053,1095,799,109,38,19,10,0,0,0,0,0,0,0,0
0,0,0,0,0,0,0,0,15,17,42,109,762,1039,2096,3977,7054,32519,32605,50533,75724,261621,207293,270879,343746,925983,582624,650208,703966,739300,1489130,704992,651396,585030,930459,345933,273248,209146,264319,76167,50885,32611,32908,7119,3884,2077,1024,796,95,56,9,12,0,0,0,0,0,0,0,0
0,0,0,0,0,0,0,0,11,21,38,123,731,1025,2087,3937,6852,32276,32404,50298,74944,260488,206582,271092,343301,927419,582470,649944,705402,739170,1491519,707262,651796,583942,932518,345482,272602,208350,263401,75419,50505,32619,32475,6992,3923,2059,989,764,103,51,12,10,0,0,0,0,0,0,0,0
0,0,0,0,0,0,0,0,12,16,48,108,725,1013,2040,3795,6721,32081,31974,49861,74412,259371,206725,270406,343317,927483,581348,652390,705799,741514,1493461,707112,652653,585041,932385,345272,271695,208050,261931,75340,50171,32398,32067,6952,3759,2058,1024,706,101,46,21,6,0,0,0,0,0,0,0,0
0,0,0,0,0,0,0,0,13,17,40,107,741,966,1975,3764,6682,31837,31892,49019,74379,258924,205705,269703,343227,927123,583191,651672,707938,741505,1495219,709482,653015,585310,931880,344895,272005,207046,260971,74998,49805,31977,31853,6943,3728,1993,1027,673,100,42,19,7,0,0,0,0,0,0,0,0
0,0,0,0,0,0,0,0,7,21,53,94,705,978,1916,3719,6650,31434,31578,48884,73647,257806,204982,269875,342863,927398,583382,652134,708818,742947,1498319,708937,654440,585271,931837,344689,271310,206719,260404,74281,49763,31609,31663,6734,3733,2040,950,656,97,42,16,7,0,0,0,0,0,0,0,0
0,0,0,0,0,0,0,0,6,21,47,101,668,1011,1874,3592,6703,31090,31225,48597,73223,256864,204821,268928,343019,927245,583920,653800,708598,744329,1499926,708888,656346,585387,931804,344323,270964,206473,259633,73747,49322,31531,31276,6694,3660,1998,943,648,100,44,13,6,0,0,0,0,0,0,0,0
0,0,0,0,0,0,0,0,7,20,44,82,684,943,1902,3608,6417,30761,31293,48149,72667,256216,204505,268400,342436,927832,584841,654352,709147,744557,1501612,710974,655972,587165,930454,344519,270312,206199,258855,73323,48996,31358,30786,6731,3645,1921,938,637,87,41,16,4,0,0,0,0,0,0,0,0
0,0,0,0,0,0,0,0,7,10,44,85,656,960,1860,3535,6573,30220,30564,48410,72358,255200,203882,268072,342038,928393,584211,656597,709053,744732,1505254,711279,656830,586756,930992,343401,270839,205801,257457,73160,48607,31255,30504,6589,3657,1883,887,642,97,47,7,3,1,0,0,0,0,0,0,0
0,0,0,0,0,0,0,0,7,11,38,88,637,977,1753,3569,6471,29971,30610,47644,72303,254023,203494,267788,341554,928410,585864,654466,711257,746720,1506249,712404,657861,587418,929925,343705,270247,205454,256307,72867,48373,31052,30164,6534,3755,1772,890,630,92,44,7,3,0,0,0,0,0,0,0,0
0,0,0,0,0,0,0,0,6,16,29,88,649,868,1817,3506,6409,29673,30336,47297,72066,252887,203407,267165,342139,927805,584854,657102,710769,748179,1508285,713595,658561,586725,930222,343701,269910,204781,255481,72571,48230,30667,30046,6590,3529,1819,875,610,93,34,12,4,0,0,0,0,0,0,0,0
0,0,0,0,0,0,0,0,6,12,35,77,629,933,1714,3435,6426,29420,30139,47288,71222,252421,202320,267665,340799,927153,586969,656650,712883,748926,1509667,714098,658248,587217,931053,344448,268987,203664,255055,72027,48077,30634,29836,6481,3393,1768,919,583,83,32,12,4,0,0,0,0,0,0,0,0
0,0,0,0,0,0,0,1,4,12,34,76,617,870,1717,3409,6237,29223,30118,47005,71033,251552,202211,266100,341583,927066,585980,658085,713935,748387,1513329,714948,658111,587390,932123,343684,268281,203164,254630,71660,47790,30384,29623,6333,3361,1743,863,609,82,27,14,4,0,0,0,0,0,0,0,0
0,0,0,0,0,0,0,1,2,14,37,70,599,866,1709,3324,6237,28958,29859,46648,70928,250632,200993,266390,340830,927253,586672,658658,713813,749794,1516798,714667,658177,587203,933396,342930,268269,202598,253755,71519,47060,30521,29286,6336,3364,1656,848,615,72,32,13,6,0,0,0,0,0,0,0,0
0,0,0,0,0,0,0,0,4,11,37,76,589,856,1675,3269,6163,28669,29687,46613,70534,249571,200699,266020,341032,927296,587597,658831,714300,749865,1518505,715293,660503,586354,933510,342714,267278,203052,252383,71368,46996,30208,29142,6192,3301,1672,844,576,77,27,12,7,0,0,0,0,0,0,0,0
0,0,0,0,0,0,0,0,5,8,36,85,571,821,1671,3232,5991,28545,29418,46747,69857,249061,199676,266160,341053,927096,587559,658930,715569,751421,1518596,716938,660596,587233,933749,342168,266986,202411,252249,70943,46578,29875,28978,6193,3221,1670,818,578,75,29,5,7,0,0,0,0,0,0,0,0
0,0,0,0,0,0,0,0,5,9,31,83,540,809,1679,3192,5958,28222,29199,46085,69737,248383,200020,265133,340216,927313,588777,659037,716464,752942,1519354,717389,660978,588492,932256,343063,267009,201711,251555,70605,46262,29828,28686,6075,3179,1599,848,576,68,26,8,7,0,0,0,0,0,0,0,0
0,0,0,0,0,0,0,0,5,7,32,78,550,815,1602,3172,5890,27991,28897,45789,69527,247600,200013,264508,340160,927501,587446,662172,715946,752928,1522590,716947,660880,589522,932323,342655,266796,201562,250652,70486,46231,29273,28575,6035,3109,1671,783,578,71,25,10,5,0,0,0,0,0,0,0,0
0,0,0,0,0,0,0,0,5,7,29,56,504,732,1373,2992,5367,25807,26543,42587,65110,233174,189500,252165,326963,896785,572675,647006,705517,746196,1517627,719994,667549,598101,952327,352140,275328,208617,259858,73716,48366,30534,29797,6203,3303,1799,826,571,80,26,12,5,0,0,0,0,6,39875,25655,0
0,0,0,0,0,0,0,0,4,13,15,53,475,629,1352,2658,4954,24023,24999,39906,61208,220912,180070,242435,313531,871008,561234,637143,698540,741468,1522003,728658,678362,610051,978993,363232,286138,216575,272312,77054,50779,32112,31420,6526,3584,1825,890,603,80,31,8,6,0,0,0,0,2,38545,26988,1
0,0,0,0,0,0,0,0,6,10,15,57,435,626,1265,2419,4681,22460,23650,37447,57962,209630,172239,232343,301937,845107,548000,624772,690525,736945,1524102,735632,687883,622012,1005087,376461,296773,226339,284682,81114,53518,34061,33267,7008,3747,1929,957,637,85,30,11,6,0,0,0,0,3,37190,28342,1
0,0,0,0,0,0,0,0,6,9,15,46,395,611,1199,2342,4390,21236,22259,35761,54865,199853,164544,222404,290978,818215,533961,614390,680537,730152,1521476,742452,697918,632128,1032533,389373,309066,236229,298766,85700,56961,36213,35565,7321,4031,2145,999,684,97,32,10,5,0,0,0,0,3,35745,29787,1
0,0,0,0,0,0,0,0,5,9,15,42,379,558,1224,2239,4193,20246,21343,34078,51841,191026,157670,213721,280188,791736,521360,599897,670079,722494,1515992,747639,706037,644474,1058431,402196,322015,247051,314754,91058,60407,38740,38118,7949,4328,2382,1082,728,94,40,6,8,0,0,0,0,1,34252,31282,1
0,0,0,0,0,0,0,0,5,8,16,38,355,537,1160,2250,4045,19374,20517,32503,49974,182702,151802,204706,270220,766285,507116,586824,656807,714314,1508531,750017,713715,654851,1084147,417216,334429,258708,332314,96602,64903,41651,41093,8675,4757,2515,1225,804,107,40,6,8,0,0,0,0,1,32729,32805,1
0,0,0,0,0,0,0,0,9,4,18,34,348,528,1114,2159,3944,18735,19631,31287,48162,176145,145643,197296,260023,742996,491445,572461,644923,702926,1498625,750084,719598,665437,1110189,431588,347182,271281,351995,103463,68943,45109,44708,9496,5131,2803,1306,923,121,41,10,8,0,0,0,0,1,31189,34345,1
0,0,0,0,0,0,0,0,6,10,16,38,332,539,1034,2129,3805,18313,18970,30248,46502,169996,140587,190459,251085,719013,477819,557733,630434,690534,1486041,749946,723822,673247,1136380,445533,361927,284171,372610,110701,74285,49080,48661,10340,5741,3037,1506,1038,140,43,13,8,0,0,0,0,0,29694,35841,1
0,0,0,0,0,0,0,1,3,9,20,38,324,497,1119,2042,3664,17778,18592,29454,44985,164853,136144,183553,243015,696498,464311,542657,615533,678490,1469113,748727,725699,681244,1159095,460537,376592,298057,395495,118160,80526,53330,53354,11544,6283,3416,1690,1188,175,44,14,8,1,0,0,0,1,28194,37340,1
0,0,0,0,0,0,0,0,5,5,21,30,305,484,1075,2028,3667,17352,18033,28699,44049,159611,132188,178166,235389,675727,450843,527402,600169,664968,1449878,745559,726693,686509,1181860,474777,391937,312063,419824,127102,87093,58102,59020,12706,7159,3852,1895,1341,190,71,16,8,1,0,0,0,0,26558,38978,0
0,0,0,0,0,0,0,0,3,7,17,31,306,422,1061,1992,3638,16976,17518,28054,42857,156038,127758,173412,228871,655172,438519,513291,584985,649697,1429370,738551,726163,692045,1201496,488039,408101,327623,444509,137239,94613,63195,65581,14336,8005,4332,2209,1488,238,83,19,11,1,0,0,0,0,24975,40559,2
0,0,0,0,0,0,0,0,3,5,16,35,301,430,996,1941,3539,16592,17275,27329,42158,152128,124954,168794,222648,636395,426238,499044,571021,633804,1405197,730859,723852,693830,1220688,501886,423302,342806,472103,147386,103115,69493,72825,16263,9019,4889,2533,1760,290,92,28,8,2,0,0,0,0,23458,42075,3
0,0,0,0,0,0,0,1,2,5,16,38,285,426,959,1882,3438,16341,16816,26863,41259,148759,121969,165356,216292,620170,413943,486139,556083,619460,1377041,722145,719449,693611,1236863,515792,439068,358452,500200,159143,112441,76338,80968,18485,10237,5657,2906,2115,297,115,35,10,2,0,0,0,0,21952,43581,3
0,0,0,0,0,0,0,0,3,8,12,34,266,449,929,1802,3375,16075,16515,26165,40900,145389,119810,161550,211675,603483,404446,473030,540485,604433,1347649,713174,713384,691661,1249605,529037,453364,374815,529828,171614,122422,84328,90426,20890,11896,6497,3406,2496,339,148,42,14,3,0,0,0,0,20479,45053,4
0,0,0,0,0,0,0,0,4,7,11,35,278,416,916,1737,3311,15838,16138,25714,39972,143429,117003,158110,207478,589488,393928,461053,526974,587454,1319553,700309,705157,689201,1258731,540808,467617,390759,561786,184613,133472,92778,101036,23812,13763,7573,4005,2946,404,179,53,20,1,2,0,0,0,19042,46489,5
0,0,0,0,0,0,0,0,4,4,15,29,264,409,903,1698,3188,15450,15996,25334,39013,140808,115408,154999,203524,576295,384653,449236,513754,573813,1287725,687382,695676,685218,1263188,550505,482132,406628,593939,198958,145829,101653,113504,27001,15874,8783,4746,3526,497,207,72,29,1,1,1,0,0,17602,47928,6
0,0,0,0,0,0,0,0,3,3,11,35,248,389,860,1707,3069,15162,15601,24895,38378,138635,113430,152403,199799,565073,375135,438486,501726,558498,1258046,673120,683220,678563,1265905,558448,495160,422249,627755,213847,158291,112542,126626,31218,18194,10360,5582,4213,600,236,107,41,1,1,1,0,0,16158,49368,10
0,0,0,0,0,0,0,0,1,4,10,31,250,372,835,1577,3088,14802,15389,24366,37541,136588,111595,150187,196210,554556,367188,429219,489547,545324,1225810,658593,672475,668188,1263644,566175,505198,437988,661119,230286,172117,123833,142197,35462,21131,12070,6667,5016,724,312,128,57,0,1,0,1,0,14818,50703,15
0,0,0,0,0,0,0,0,1,4,9,27,232,374,815,1523,2964,14446,15068,23916,37140,134439,109802,147792,192665,545536,360225,420021,477844,532112,1195626,644563,657649,658809,1257087,570867,515449,451684,694699,246670,187957,136100,158968,40700,24438,14335,7710,6078,900,398,152,73,4,0,0,1,0,13547,51968,21
0,0,0,0,0,0,0,0,0,4,10,18,233,367,767,1492,2921,14044,14875,23441,36363,132260,107881,145877,189910,537269,353641,411734,467691,519725,1166270,628626,643115,646642,1247346,573025,523465,464371,730067,262563,203475,149906,178401,46349,28579,16772,9185,7280,1130,488,196,94,3,0,0,1,0,12336,53175,25
0,0,0,0,0,0,0,0,0,1,11,18,221,369,762,1426,2816,13618,14543,23137,35798,129652,106554,143447,187470,529202,348141,404299,458099,507082,1138147,613125,629303,633697,1232997,573285,530669,475675,761824,281178,219420,164698,199340,53071,33228,19512,10892,8797,1376,595,251,120,4,1,0,1,0,11126,54386,24
0,0,0,0,0,0,0,0,0,2,7,20,211,360,733,1400,2705,13372,14153,22694,34972,127532,104791,141252,185602,521944,342843,397369,449002,497063,1110528,598434,613334,619434,1215433,572504,534733,486228,791007,299309,237243,180443,222810,60474,38371,23081,13050,10542,1661,760,306,152,6,1,0,1,0,10024,55481,31
0,0,0,0,0,0,0,0,0,3,6,15,225,336,681,1347,2672,13132,13708,22285,34366,125043,103146,140116,181904,515535,337812,390934,442274,486813,1085688,582848,598109,605508,1193177,569565,536779,493875,820272,317238,255116,196910,248082,69211,44371,26819,15638,12738,2057,923,375,208,9,2,0,1,0,8961,56539,36
0,0,0,0,0,0,0,0,0,1,6,20,212,320,655,1299,2561,12935,13266,21846,33490,122979,101462,138520,179395,508758,333231,385474,434846,477966,1062822,568844,582416,590074,1169243,563573,536550,499294,846691,335438,273748,214005,276236,78778,51248,31520,18144,15556,2553,1130,481,268,15,1,1,1,0,7921,57565,50
0,0,0,0,0,0,0,0,0,1,7,17,218,304,644,1222,2493,12539,13201,21032,32831,120605,100484,135369,178246,501916,328372,380799,429540,470271,1041221,555315,567402,573092,1143513,556465,532874,502620,870361,352247,292571,231882,306929,89350,58854,37091,21764,18664,3176,1433,577,333,23,2,1,1,0,7035,58431,70
0,0,0,0,0,0,0,0,0,1,6,21,186,303,621,1217,2456,12140,12873,20608,32152,118365,98590,133361,175447,495648,325176,375645,424004,464689,1020918,541925,553620,556933,1115231,546365,528998,503689,888854,369241,310421,251233,339059,101500,67749,43370,25780,22534,3993,1737,765,411,29,6,1,1,0,6200,59255,81
0,0,0,0,0,0,0,0,0,2,4,17,178,279,615,1208,2326,11780,12612,20095,31271,116219,96205,132168,173170,488886,321856,372018,418056,459200,1003467,529910,538798,543013,1085619,534540,521937,501973,904435,384479,328350,270274,373390,114876,77821,50340,30611,27146,4916,2291,949,511,48,9,3,1,0,5448,59981,107
0,0,0,0,0,0,0,0,0,1,8,17,170,262,577,1170,2225,11444,12206,19672,30501,113823,94710,129881,170422,483151,317979,368578,413640,453458,988686,519369,525956,527909,1054059,521980,512007,498648,914703,398311,346583,289042,410127,128988,89198,58558,36315,32740,5978,2852,1234,652,65,10,5,2,0,4784,60610,142
0,0,0,0,0,0,0,0,0,1,6,16,175,256,555,1129,2134,11063,11738,19205,30072,111085,93134,127765,168297,476300,315129,364265,410390,447469,975908,509270,514896,514410,1022970,507712,500616,491586,921255,409621,363410,308356,447447,145172,101663,67902,42779,39296,7302,3575,1595,840,85,12,7,3,0,4140,61225,171
0,0,0,0,0,0,0,0,1,2,4,14,165,263,532,1095,2054,10659,11435,18615,29197,108802,91467,125505,165598,470665,311343,360674,406859,443765,963287,500823,504475,501046,992754,492688,487988,482179,922482,419465,378430,326714,485858,162729,115769,78434,50243,47097,9074,4359,1988,1129,114,22,7,4,0,3568,61758,210
0,0,0,0,0,0,0,0,1,1,5,14,155,263,496,1060,1983,10303,11114,18101,28396,106188,89816,123135,163032,464649,307195,357681,402728,441005,952744,494058,494575,489044,964241,475867,474046,471656,917051,426992,391279,345460,525077,180487,131597,90356,58922,56389,11106,5479,2477,1447,154,36,6,5,0,3067,62202,267
0,0,0,0,0,0,0,0,0,2,5,12,149,247,527,989,1897,9906,10751,17556,27625,103590,88164,121157,159905,458569,303843,355013,398511,437011,943545,488351,485447,479139,936708,460182,458692,458626,906453,431867,402760,361638,565201,200025,148113,103940,68585,67409,13611,6879,3144,1863,205,44,11,5,0,2598,62616,322
0,0,0,0,0,0,0,0,0,2,4,15,130,257,491,961,1831,9513,10440,16921,27040,100937,86520,118145,157291,453025,300317,351593,394745,432947,936935,481431,480682,469918,908656,445283,443272,444486,890646,434077,410592,376616,605154,219801,166268,118771,79911,80358,16537,8550,4010,2440,262,67,19,5,0,2202,62924,410
0,0,0,0,0,0,0,0,0,1,4,8,130,223,488,910,1796,9203,9964,16619,26108,98488,84478,116177,154461,445599,297651,347745,392086,429219,930180,477251,473971,462850,884893,429178,427228,429293,870258,433015,416526,388718,644368,241008,185128,134836,92575,95767,20296,10466,5105,3156,308,109,24,7,0,1849,63189,498
0,0,0,0,0,0,0,0,0,0,7,4,124,192,461,922,1681,8844,9756,16017,25367,96167,82154,113837,151645,438955,293828,343857,389082,426768,924041,473397,468879,455363,864444,414313,411305,413810,846191,428328,419268,398794,679872,262692,205857,152299,107138,113464,24561,13105,6431,4038,428,141,31,14,0,1560,63359,617
0,0,0,0,0,0,0,0,0,0,4,14,113,185,432,852,1599,8593,9356,15563,24504,93597,79987,111680,148111,432188,291024,339838,385557,423968,918428,470989,464886,449956,845216,401359,394948,397789,817619,421480,419844,405121,713109,283846,227157,172085,122999,133611,30082,16097,8118,5177,527,190,52,22,0,1313,63482,741
0,0,0,0,0,0,0,0,0,2,2,12,107,186,396,805,1554,8217,9113,14860,24037,90777,78234,109023,145547,425359,286300,336454,382929,420388,914264,468394,461260,444764,830087,388608,380028,380170,788339,411251,416592,409794,741526,305177,249164,192558,140442,157051,36174,19999,10138,6702,741,249,68,29,1,1070,63545,921
0,0,0,0,0,0,0,0,0,1,1,9,102,171,383,746,1519,7935,8750,14303,23273,88388,76245,106186,142770,417765,282313,333551,378999,417666,909100,466810,458613,441408,817157,377308,365893,363950,755889,399525,409465,411144,765082,325379,271297,214402,159276,184044,43718,24492,12709,8677,1005,311,101,38,3,906,63546,1084
0,0,0,0,0,0,0,0,1,0,1,9,93,163,346,717,1512,7533,8406,14001,22130,86356,73999,103385,140123,410553,278439,329227,375873,414166,905263,465939,455394,438865,805863,368391,353123,348036,722623,384686,400277,408618,783779,343511,293968,237093,179613,213914,52903,30041,15951,11052,1319,436,127,50,4,737,63438,1361
0,0,0,0,0,0,0,0,0,1,0,11,91,157,327,702,1390,7260,8052,13418,21783,83056,72441,100760,137042,402983,274931,324971,371669,412143,900819,463867,455073,436728,797045,359490,342314,333736,687811,369092,388566,402537,797032,359281,315754,259969,201309,247480,63446,36760,19748,14231,1743,611,170,68,4,618,63253,1665
0,0,0,0,0,0,0,0,0,0,5,10,86,145,343,633,1321,6920,7630,12923,21119,80598,70316,98622,133447,395289,270790,320922,368208,408381,896713,463082,454758,435721,789753,353714,331484,320214,653280,352906,374062,393777,802841,374123,334577,283536,224614,284606,75157,45048,24648,18076,2284,858,240,88,4,491,63011,2034
0,0,0,0,0,0,0,0,0,0,4,12,80,143,338,610,1254,6619,7286,12353,20323,78285,68248,96046,130115,387667,265709,317574,364165,405289,892574,461691,453614,436380,784934,347865,323263,308927,620486,333135,359256,382575,800834,385484,353722,304756,249398,324894,89324,54346,30693,22936,3064,1107,372,116,5,392,62674,2471
0,0,0,0,0,0,0,0,0,0,3,10,83,126,337,567,1203,6369,6962,11870,19412,75816,66439,93572,126824,379510,261395,312365,361115,401334,888995,460475,453853,435702,782741,342738,317314,297795,589418,315444,341372,368495,791881,394303,369638,326598,272806,368906,105107,65880,37651,29218,4048,1491,519,165,5,315,62271,2952
0,0,0,0,0,0,0,0,0,0,2,14,77,116,302,582,1094,5994,6865,11510,18520,73200,64721,90886,123448,371424,257631,307199,356407,398058,883840,460597,454419,435582,782157,339672,310675,289337,561332,296983,323146,351005,776490,400037,381969,346451,296552,416021,122987,78827,46525,36926,5321,2020,695,245,9,233,61794,3511
0,0,0,0,0,0,0,0,0,0,1,8,67,113,281,534,1069,5723,6582,11049,17712,70744,62504,88314,120655,362687,252940,303118,351755,394177,879554,459394,455303,436385,782403,338013,305720,281454,535439,279607,304045,333858,754223,400161,393033,363939,319268,463933,143404,94060,56740,46922,6906,2786,928,349,9,205,61199,4135
0,0,0,0,0,0,0,0,0,0,0,5,67,114,261,506,1013,5494,6235,10391,17352,68296,60452,85731,116758,355279,247829,298525,346591,390426,874237,459365,455783,437034,784636,336938,302541,274697,512177,263017,285342,314822,726771,397241,399197,378805,340747,513767,165349,111508,68923,59044,9117,3675,1305,491,14,154,60443,4943
0,0,0,0,0,0,0,0,0,0,0,8,64,94,253,485,970,5244,5926,10041,16502,65892,58164,83061,113914,346358,242931,294161,341557,386195,870398,457844,455398,439177,786792,336916,300523,269864,491949,247482,267125,295016,695509,389651,400954,390958,359590,563791,189033,131578,83162,74051,11930,4890,1742,701,24,125,59516,5899
0,0,0,0,0,0,0,0,0,0,0,7,57,100,213,471,930,4929,5706,9625,15909,63400,55940,80659,110531,337932,238328,288220,337625,382287,863764,456927,456274,439747,790884,338088,298911,267114,474930,232710,248565,276451,658977,380540,398264,398283,376037,612794,215059,152992,99921,92258,15428,6664,2391,983,41,101,58516,6925
0,0,0,0,0,0,0,0,0,0,0,4,54,96,188,507,832,4694,5372,9270,15225,60864,54179,77920,107290,329493,233370,283569,332054,376832,858352,456308,456385,441041,794805,339766,299281,264751,460789,220518,232130,256643,620806,366298,392394,401532,389025,660251,241275,176985,118769,114289,20031,8890,3255,1419,62,80,57327,8138
0,0,0,0,0,0,0,0,0,0,0,7,49,81,203,407,847,4461,5148,8837,14569,58421,52447,74886,104260,320939,228561,277308,328038,372114,852417,454496,455634,443204,799369,341737,300284,263456,450152,209156,216961,239010,580983,348716,382896,400679,397822,702811,268615,202966,140399,140297,25857,11719,4586,1959,91,62,56104,9387
0,0,0,0,0,0,0,0,0,0,0,6,43,88,175,386,781,4314,4862,8488,13822,56210,50604,72256,100627,312719,222978,272293,322225,367375,845706,452926,456112,444382,804481,344549,302124,262936,442182,199639,203370,221820,539935,330832,368873,395671,402873,739642,295787,230010,164766,170933,33407,15455,6274,2763,148,62,54585,10913
0,0,0,0,0,0,0,0,0,0,0,5,37,84,183,342,751,4118,4625,8121,13183,53912,48405,70237,96836,304146,218233,266529,316144,362886,837760,452319,455792,445133,810414,347352,304802,264980,434337,192425,191641,205409,500684,309929,352444,385971,403909,769727,322270,258109,190817,207319,42584,20346,8562,3801,218,65,53028,12484
0,0,0,0,0,0,0,0,0,0,0,4,38,76,163,353,677,3828,4559,7625,12760,51621,46569,67251,94031,295570,212819,260586,311073,357355,830079,450711,455243,446336,816653,350247,308201,266044,431019,185861,181472,190748,462371,289104,333835,371774,399340,792964,346605,287053,218607,248321,54315,26728,11428,5472,313,87,51194,14325
0,0,0,0,0,0,0,0,0,0,1,5,39,74,158,307,657,3637,4322,7269,12158,49244,44965,65172,90449,286589,207604,255089,304748,353054,821745,448130,455724,446467,823150,354118,310856,268766,429683,180256,172850,178269,425707,268381,312700,355762,389379,806299,369367,314467,248160,295285,68220,34890,15405,7730,455,119,49166,16361
0,0,0,0,0,0,0,0,0,0,2,3,41,70,147,313,594,3481,3964,7126,11486,46902,43657,62441,87638,277736,201488,249572,298658,347367,812990,446438,453954,449038,827574,359042,314894,271909,430102,176637,165459,166838,392335,247211,291062,336396,376979,809826,387370,341097,277817,347632,84903,45247,20752,10832,693,161,47048,18486
0,0,0,0,0,0,0,0,0,0,2,5,32,77,139,286,572,3279,3801,6640,11125,45035,41531,60133,84450,268949,196039,243656,293214,340551,804757,443069,453433,449520,834292,362630,319943,274674,431990,174311,159813,157594,361300,227000,269662,315356,360115,803387,401241,365213,307547,404783,104322,58196,27791,15135,1047,228,44860,20683
0,0,0,0,0,0,0,0,0,1,0,8,42,53,133,284,546,3093,3609,6349,10520,42986,39912,57845,81232,260529,191095,236911,286624,335224,795292,439365,452499,450839,838860,368114,323720,279014,435806,172765,155423,149885,333360,207723,247726,295158,340165,787739,408896,385775,336141,465092,127854,73760,37012,20991,1531,346,42443,23118
0,0,0,0,0,0,0,0,0,0,2,6,35,58,130,251,546,2902,3454,5973,10007,41229,38037,55433,78140,251795,185726,231278,280148,328763,784377,437284,451229,450507,845755,372002,328333,282844,442040,172306,151911,143566,309214,188978,227020,272540,319979,762941,412033,401936,361665,528022,154324,92637,48287,29368,2284,513,39898,25702
0,0,0,0,0,0,0,0,0,0,0,8,32,63,105,252,503,2699,3287,5630,9570,39398,36480,53337,74844,242668,180714,225463,273722,322214,773506,434598,449311,451098,849698,376772,333665,288350,448132,172536,149879,138100,288592,173048,207110,249524,298184,731695,409509,411928,384140,590201,184612,115249,62838,40364,3349,789,37317,28325
0,0,0,0,0,0,0,0,0,0,1,8,25,56,114,237,438,2604,3087,5347,9065,37433,34825,50981,72727,234072,174570,219848,267446,315560,762085,431002,446605,451177,854616,382217,338347,293073,456592,173785,148719,134173,270271,158379,189122,228186,275057,694129,403213,415342,401596,651583,215721,141809,81107,55161,4990,1177,34730,31000
0,0,0,0,0,0,0,0,0,0,3,4,30,50,91,235,421,2454,3034,5022,8548,35533,33208,49226,69646,225259,169254,213668,260858,309325,750422,425860,445522,450684,859741,385757,344776,297836,464947,176171,148835,131244,255537,144888,171758,208555,251811,652895,391104,413884,413544,706673,250391,171939,102881,74669,7534,1851,32148,33682
0,0,0,0,0,0,0,0,0,0,1,7,26,47,90,209,399,2305,2809,4853,8142,33779,31775,46781,66786,217371,163636,207023,254311,302317,738818,422060,441772,450866,863861,389408,350506,304099,474169,179243,149402,129783,242354,134031,156685,189433,230733,606627,375174,408409,418320,756219,284658,205216,128744,100309,10949,2873,29523,36497
0,0,0,0,0,0,0,0,0,0,1,8,23,46,86,193,382,2171,2559,4629,7631,32321,30301,44909,64046,209662,157377,200734,247030,295689,726547,417167,438948,449203,868331,394413,354730,310812,484876,181731,151747,128645,232498,123774,143672,171728,210148,560842,355232,396708,418238,796071,318464,240546,158712,133170,15904,4418,27083,39252
0,0,0,0,0,0,0,0,0,0,1,4,24,40,85,174,377,2012,2412,4388,7275,30924,28741,42755,61316,201612,152545,194166,239533,289122,713229,412573,435492,447524,872576,398309,360371,316418,496263,185606,153725,129275,224709,115263,131341,156195,190545,515770,332546,380275,412651,824614,350159,277084,192641,173969,23090,6720,24937,42032
0,0,0,0,0,0,0,0,0,0,2,1,26,34,74,170,337,1939,2315,4066,6922,29344,27340,40815,58750,194104,146854,187782,233054,281514,699294,407351,432801,444773,876054,403155,365306,322541,507634,190535,156245,130204,219297,108471,120253,142285,173176,471702,308786,360195,400618,840811,378736,313164,229207,224042,33146,10269,23220,44694
0,0,0,0,0,0,0,0,0,0,1,2,24,30,71,174,317,1843,2156,3808,6583,27856,25972,38856,56255,186000,142424,181356,225751,274153,685087,401905,429771,442463,877221,407495,371029,328461,520804,195135,159983,131744,215286,102200,111971,129808,156835,429521,285260,337750,384059,843712,401629,347208,267979,283241,46728,16048,22149,47294
0,0,0,0,0,0,0,0,0,0,1,5,19,28,76,147,318,1706,2112,3583,6315,26411,24877,36821,53660,178466,136825,175576,219082,266414,671025,395267,425270,440269,879404,410989,376013,335391,533763,200554,163793,134195,213037,97952,103986,119005,142399,389375,262196,314419,363615,833303,418900,377773,306041,351573,65108,24250,22139,49962
0,0,0,0,0,0,0,0,0,0,1,3,22,24,72,137,296,1645,1982,3418,5794,25254,23584,35153,50980,170976,131997,169554,212022,258390,656279,388788,420174,438758,880183,414026,380946,342266,546964,207275,168004,136806,212778,94186,97535,109632,129554,352580,239204,290382,341401,811760,428864,402835,342138,427252,88989,36129,23807,52609
0,0,0,0,0,0,0,0,0,1,1,2,24,23,64,130,289,1531,1891,3273,5414,23993,22410,33146,48982,163695,126430,163461,204818,251806,640530,382357,414881,435403,879870,418050,386677,347804,561008,212817,174226,140330,213988,91042,92578,100909,118422,319691,217253,265921,317799,780190,431264,420630,375950,507081,118965,52799,28057,55532
0,0,0,0,0,0,0,0,0,1,1,2,22,29,63,118,260,1470,1771,2968,5209,22675,21274,31851,46289,156738,121193,157267,198858,244013,625020,374791,409329,431769,879364,420447,392298,354169,575526,219245,179478,144782,216076,89697,87805,94165,108809,289872,196760,242471,292842,739654,427926,431706,403567,588152,154780,75593,35928,59315
0,0,0,0,0,0,0,0,0,0,1,3,21,30,73,100,242,1349,1693,2888,4874,21274,20163,30453,44067,150065,115896,151365,191948,236676,609177,368524,402306,427079,878450,423332,396285,360284,590590,226483,184998,149699,220466,88069,84495,88366,99877,263267,178830,219998,268326,694411,415969,436581,423681,666005,195784,105322,48859,64714
0,0,0,0,0,0,0,0,0,0,0,4,15,28,73,98,215,1310,1552,2784,4506,20050,19207,28834,42204,142847,111642,145082,185072,229000,593235,361041,396854,422361,875522,425604,400716,366659,604401,233962,192031,154480,225980,87677,81882,83474,92407,239817,161712,199599,244671,646314,398351,432405,437170,736809,239871,141833,69051,72996
0,0,0,0,0,0,0,0,0,0,2,1,16,30,59,98,218,1218,1476,2600,4311,18894,18212,27606,39971,136343,106630,139834,178326,221278,577289,352907,389978,417377,871694,427833,405221,372129,620694,241993,199763,161438,235838,90830,83583,84510,91769,237521,158670,196589,241655,639507,397095,432553,439401,749468,246436,146839,71261,74444
0,0,0,0,0,0,0,0,0,0,2,2,16,32,48,85,208,1187,1364,2427,4101,17804,17224,26056,38512,129570,102448,134635,171641,213793,561391,344754,383707,411974,867203,429344,408745,378379,634908,250803,207261,168263,246397,94263,85667,85359,91803,234892,156302,193205,238688,633642,394474,432866,441738,761903,252961,152141,73354,75866
0,0,0,0,0,0,0,0,0,1,0,3,14,31,47,86,199,1114,1317,2271,3903,16851,16297,24869,36199,124125,97483,129305,165444,206478,545200,337436,375801,406720,861876,430914,411678,383541,650587,258763,214857,175808,257413,97429,87967,86152,92497,231938,154193,190642,234930,627316,392720,432335,444300,774046,259862,157270,75724,77456
0,0,0,0,0,0,0,0,0,1,0,2,16,21,55,85,177,1053,1212,2162,3622,15904,15494,23658,34323,118729,93290,123941,159835,199197,529149,329347,369500,400033,856555,431331,414802,387700,665133,266492,223185,183102,268356,101898,90405,87082,92480,229592,152551,187380,232000,620696,390883,431640,446969,785580,267006,162598,78299,78887
0,0,0,0,0,0,0,0,0,1,0,3,11,26,46,91,165,928,1226,1984,3481,15032,14621,22593,32804,113076,89426,119136,153206,192692,513828,321807,362073,393884,849526,430953,417985,392422,678124,274831,230489,190667,280893,105529,93183,88793,92704,227606,150201,184730,228985,613194,388760,431430,449071,797380,274335,168046,81018,80413
0,0,0,0,0,0,0,0,0,1,0,2,14,23,47,81,167,902,1074,1959,3251,14137,13873,21512,31094,108009,85604,113713,148407,185900,498432,313777,354263,388514,842360,429926,419328,397099,690841,282904,238775,198185,293317,109774,96071,90415,93031,226136,147794,182078,226305,605756,386596,430792,451145,808584,281824,173820,83789,82007
0,0,0,0,0,0,0,0,0,1,0,2,11,18,52,67,152,851,1069,1786,3151,13446,12973,20236,30063,102835,81852,109318,142478,180019,483321,305503,346884,382214,834020,429438,420759,400145,704334,290109,246904,205698,306224,113947,99374,92300,93584,224594,145551,180117,222422,599363,384006,430227,452940,819901,289279,179666,86725,83479
0,0,0,0,0,0,0,0,0,1,0,1,10,18,38,79,133,807,989,1760,2923,12789,12302,19201,28391,98304,78739,104393,136564,173472,469329,298511,338843,375443,825745,427805,422299,404365,714179,298198,255175,213352,318678,118751,102603,94456,94599,223097,143910,177601,219610,592419,381323,428823,455350,830687,296372,186018,89941,85012
0,0,0,0,0,0,0,0,0,0,1,0,14,18,28,79,138,762,900,1705,2714,12057,11750,18159,27157,93780,75165,100487,131392,166907,455198,290638,331071,369291,816005,426154,423682,405464,726327,305726,262780,221276,331852,123956,105962,96787,95698,222098,142079,175467,216269,585802,378434,427890,457124,841246,303815,192111,93408,86585
0,0,0,0,0,0,0,0,0,0,1,0,11,21,31,67,132,713,865,1504,2710,11386,11187,17140,25614,89785,71997,96544,126174,160827,440578,283518,323707,361897,806839,423746,423588,409144,735989,313006,270662,229097,344696,129421,109720,99288,97272,221464,140554,172867,213400,579080,374890,427416,457770,852224,311260,198648,96705,88253
0,0,0,0,0,0,0,0,0,0,1,1,10,14,34,59,132,679,772,1461,2475,10939,10595,16389,24281,85395,69280,92208,121793,154857,426179,275646,316563,355152,797235,421031,423128,410853,745673,319894,279054,236286,358910,134329,114324,101876,98708,220819,139352,170705,210139,572602,372002,425693,459027,862612,318947,204891,100492,89911
0,0,0,0,0,0,0,0,0,0,1,1,11,15,26,55,116,658,749,1393,2346,10451,9976,15456,23123,81489,65811,89153,116998,149330,412812,267242,309913,348186,785630,419163,421871,412672,755720,325679,285942,244651,372769,140110,118015,105252,100196,221203,137652,168376,207400,565596,369564,423939,459405,873468,326354,211457,104420,91593
0,0,0,0,0,0,0,0,0,0,0,1,11,9,27,51,119,628,693,1292,2219,9815,9609,14690,22074,77719,62953,85850,112022,143649,399389,260580,301880,342131,775171,415509,420469,413589,763665,332791,293446,251701,386590,146119,122151,108360,102748,221176,136647,166039,204333,558670,367143,422181,460002,883584,333778,218478,108456,93201
0,0,0,0,0,0,0,0,0,0,0,1,7,13,28,50,106,591,693,1181,2111,9301,9167,14073,20865,74071,60207,82131,108145,137981,386349,253363,295174,334271,764018,412273,419071,414207,771221,338975,300368,259618,401299,151073,127084,111533,105066,221671,135569,164095,201631,552279,364272,419221,460916,894037,340796,225784,112425,95027
0,0,0,0,0,0,0,0,0,0,1,1,7,9,28,44,102,571,677,1055,2007,8859,8567,13453,20034,70546,57930,78196,103895,133689,373758,245931,287633,327130,751914,408177,417860,415736,777468,344537,306911,266963,415808,157164,131869,115224,107347,222962,134482,162095,198995,545630,361282,417642,460600,903457,348898,232480,116901,96883
0,0,0,0,0,0,0,0,0,0,1,1,6,7,28,50,81,521,644,1063,1849,8369,8174,12704,19151,67323,55633,75007,99339,128566,361837,239067,279773,320444,739473,404328,416346,415425,783541,349692,314311,274440,429655,163530,136869,119032,109476,225007,133586,159819,196320,539140,358015,416285,459848,913183,356441,239894,121456,98658
0,0,0,0,0,0,0,0,0,0,1,0,5,8,20,61,78,498,621,987,1801,7940,7689,12057,18181,64474,52840,72222,95439,123663,349860,231787,272451,313140,727824,400903,412894,415412,789007,354936,320832,281757,443107,170173,142340,122876,112193,227274,132105,158820,193771,532308,355370,413685,459769,922159,363980,247414,126226,100450
0,0,0,0,0,0,0,0,0,0,0,1,2,10,18,46,85,475,577,971,1651,7623,7220,11420,17432,61317,50740,68921,91878,118941,338281,225405,264645,305548,715815,396568,410799,414121,793365,360612,326670,288739,457789,176184,147841,127200,115373,229052,131732,157070,191330,525720,351817,412226,459272,930568,371754,254964,131193,102427
0,0,0,0,0,0,0,0,0,0,0,1,4,5,23,45,70,431,557,927,1595,7134,6949,10787,16535,58347,48450,66390,88021,114450,327018,219295,257994,297761,703121,392353,407262,412793,797766,365088,332404,295268,472583,182394,153552,132061,117899,231617,131634,155433,189172,519215,348487,409821,459265,938541,379385,262919,136105,104481
0,0,0,0,0,0,0,0,0,0,0,1,4,5,16,36,69,424,500,909,1540,6647,6626,10369,15729,55785,46148,63202,84804,110663,315704,212238,251545,291275,689185,387594,404632,411561,800472,369262,337772,302066,487118,189015,158812,136799,121668,234578,131113,154358,186717,512954,345809,406868,458772,946442,387193,270549,141181,106679
0,0,0,0,0,0,0,0,0,0,0,0,4,8,21,29,55,417,473,811,1505,6301,6317,9809,15093,53259,44069,60449,81415,106587,305188,205291,245090,284039,676301,382740,401231,409879,802877,372767,343395,308302,501533,195780,164890,141293,125304,237432,131535,152924,184329,506555,342330,405036,458384,954002,394522,278345,146738,108754
0,0,0,0,0,0,0,0,0,0,0,0,4,10,12,31,56,379,432,788,1392,6018,5933,9440,14262,50802,42303,57952,78056,102254,295094,198769,238594,277350,662935,377853,396470,408675,804289,377415,348632,314188,515118,202190,170798,146369,129263,240922,131656,151619,182415,501223,338305,402403,457593,961284,402475,285888,152358,111141
0,0,0,0,0,0,0,0,0,0,0,0,2,9,13,33,58,347,390,738,1319,5714,5656,8938,13666,48427,40458,55452,74903,98306,284750,193289,231779,270057,650554,371885,393356,404769,806836,380007,353730,320083,528858,208844,177072,151530,132886,245381,131401,150778,180696,495189,335153,399144,457041,968138,410282,293968,157852,113671
0,0,0,0,0,0,0,0,0,0,0,0,3,8,13,24,68,332,374,684,1200,5516,5317,8480,12823,46314,38505,53323,71416,94730,275229,187525,225269,263175,637183,366789,388951,403357,806429,382968,357606,326179,542686,215340,183362,156322,137425,249774,131637,150212,178788,489460,331788,396251,456113,974543,417586,302366,163870,116095
0,0,0,0,0,0,0,0,0,0,0,0,3,3,17,24,56,324,365,604,1143,5186,5131,7957,12289,44128,37063,51063,68467,90998,265146,181674,218916,256844,623674,362009,384514,400400,805897,385657,362399,330891,556141,222447,189726,161269,141389,254657,132501,149502,177365,483578,328374,393822,454655,980776,425228,310520,169939,118677
0,0,0,0,0,0,0,0,0,0,0,0,3,4,16,21,61,294,317,615,1067,4918,4888,7596,11590,42205,35307,48932,65991,87231,255875,175903,212673,249899,611547,355627,380542,396405,806021,386983,366546,337035,568424,229217,196021,167245,145556,259546,133550,148816,175861,478839,324261,391074,452919,986828,433085,318548,176294,121212
0,0,0,0,0,0,0,0,0,0,0,0,3,2,13,24,57,247,330,559,1041,4627,4594,7326,10925,40119,34014,46763,63540,83805,246717,170345,206232,243573,599007,349620,375420,393546,804085,389858,370628,340916,580809,236323,202216,172622,150299,265186,134674,148389,174883,472798,321697,387951,450983,992702,440492,327022,182492,123934
0,0,0,0,0,0,0,0,0,0,0,0,2,3,9,20,58,232,312,550,918,4453,4298,6856,10503,38354,32572,44605,61003,80486,237883,165201,199558,237813,585494,344382,370516,389704,802436,392229,372694,346724,592386,243471,208340,178141,154674,271463,135425,148729,173497,467403,318470,385730,449158,997445,447926,335336,189135,126811
0,0,0,0,0,0,0,0,0,0,0,0,2,2,7,22,47,240,286,504,895,4209,4217,6314,9975,36568,30969,43081,58276,77352,229714,159436,194209,231114,571942,338803,366275,385863,799514,393892,375621,350883,605123,249255,214836,183846,159728,277722,136616,149012,172320,462721,314933,382647,447657,1001762,455383,343904,195864,129847
0,0,0,0,0,0,0,0,0,0,0,0,1,3,5,24,48,219,261,493,827,3955,3923,6122,9461,34791,29578,41145,56001,74675,220887,154596,188282,225064,558533,332682,361865,382346,796276,394559,379142,354438,616555,255901,221169,189775,164688,284342,138159,149403,171428,457878,311873,379123,445879,1006369,462759,352181,202739,132985
0,0,0,0,0,0,0,0,0,0,0,0,1,2,9,18,36,203,253,469,853,3663,3732,5864,8965,33123,28163,39632,53628,71388,213130,149431,182762,218159,546890,326772,356110,378607,792144,396112,381082,358955,627458,262324,227590,195900,169329,291152,139618,150072,170473,453725,308513,376261,444237,1009888,469666,360699,210145,136202
0,0,0,0,0,0,0,0,0,0,0,0,2,0,6,16,37,186,245,426,814,3426,3646,5597,8440,31675,26914,37617,51506,68595,205559,144312,177692,212020,534093,320540,351148,374718,788472,395271,383813,362911,638231,268366,234019,201505,175121,298023,141304,150436,170120,449411,305536,373175,442249,1013549,476035,369887,217212,139532
0,0,0,0,0,0,0,0,0,0,0,0,2,0,5,14,37,172,220,423,736,3336,3346,5209,8161,30393,25568,35510,49781,66225,197713,139506,172232,206208,521566,313904,345906,370737,784472,395722,385310,366291,648497,274601,240045,207926,180041,305620,143376,150729,169823,445338,302636,370473,439853,1017213,482600,378420,224279,143233
0,0,0,0,0,0,0,0,0,0,0,0,2,0,3,15,31,163,205,389,686,3230,3071,5060,7692,28911,24463,34041,47497,63829,190619,134743,166617,201122,508777,307973,340319,366103,779694,395014,387759,369590,658255,280555,246060,213964,185591,313782,145053,151249,170147,441301,299648,367294,437816,1020112,489160,386962,231860,146981
0,0,0,0,0,0,0,0,0,0,0,0,2,0,3,13,33,147,212,349,635,3006,2955,4866,7346,27441,23282,32831,45308,61177,183917,130078,161718,194872,496535,302831,333417,362532,773949,395356,388157,372720,667756,287412,252131,219272,191200,321406,147500,152647,169738,437796,296797,363976,435595,1022700,496049,395434,239596,150715
0,0,0,0,0,0,0,0,0,0,0,0,2,1,3,7,23,147,180,340,593,2838,2812,4539,7121,25821,22491,31641,43342,58308,177246,126231,156115,189325,485311,295985,328300,357719,768645,394940,388621,375314,676638,292530,259118,225132,196320,329959,150225,153337,170241,434224,294011,360689,432930,1025790,502494,403787,247514,154508
0,0,0,0,0,0,0,0,0,0,0,0,1,3,1,7,19,135,173,319,570,2677,2655,4335,6725,24648,21340,30300,41598,56349,169969,122059,151452,183777,473539,289175,323280,352646,763292,393136,389992,377227,686419,297697,264489,231820,201935,338065,152668,155239,169802,431562,290564,357925,430679,1028114,508407,412616,255467,158541
0,0,0,0,0,0,0,0,0,0,0,0,1,3,1,7,21,124,158,310,519,2518,2533,4035,6449,23526,20538,28797,39983,53816,163977,117494,146591,178618,461953,283834,317790,347082,756528,392057,390112,380337,694204,303078,270468,237893,207243,346926,155307,157048,169694,429001,287879,354539,428509,1029650,514831,421482,263448,162496
0,0,0,0,0,0,0,0,0,0,0,0,2,1,3,8,14,110,146,322,465,2362,2388,3863,6025,22625,19419,27510,38427,51784,157873,113269,141482,174430,449645,277599,312538,342113,749321,391408,390426,381993,701417,309161,276175,243512,212791,355785,158632,158497,169947,426704,285741,351506,425735,1030738,520859,430147,271860,166630
0,0,0,0,0,0,0,0,0,0,0,0,1,2,5,7,15,98,139,262,478,2188,2294,3600,5734,21484,18611,26248,36914,49452,152341,109003,137454,168504,439047,271607,305880,337698,743280,389366,390323,383205,709649,313684,281369,249016,219597,364551,161313,160292,170790,424508,282677,349231,423001,1032231,526463,438631,280248,170917
0,0,0,0,0,0,0,0,0,0,0,0,1,2,5,5,14,87,135,251,440,2129,2117,3387,5377,20644,17717,25052,35116,47399,146632,105816,132886,163406,428038,265660,300254,331907,735165,388593,390586,384434,716799,318285,286425,255458,225141,373510,164412,162689,171052,422668,280304,345933,420984,1033166,531975,447158,288729,175465
0,0,0,0,0,0,0,0,0,0,0,0,1,2,2,7,8,89,124,218,438,1954,2020,3261,5082,19522,16956,24091,33552,45563,140607,102788,128242,158584,417075,260149,294509,326437,727244,386690,391053,385763,722861,322290,292646,261031,230490,383080,167528,164515,172218,421129,277749,343349,418253,1034073,537117,455651,297185,180212
0,0,0,0,0,0,0,0,0,0,0,0,2,1,3,4,7,79,122,225,364,1860,1882,3088,4896,18711,15947,22953,32268,43804,135607,98752,124026,153451,406024,254923,289471,321166,718813,384644,389931,387551,728313,328083,297154,266535,235521,392706,171336,166521,173330,419767,275751,340583,415356,1034458,542418,463816,306308,184877
0,0,0,0,0,0,0,0,0,0,0,0,2,0,3,4,6,74,106,205,355,1769,1799,2932,4572,17709,15301,21999,30662,42229,130260,94848,120630,148792,395073,248599,284661,315680,710843,383152,388964,387204,733942,332749,302954,271785,240417,402861,174778,168912,174362,418632,273733,337565,412902,1034825,547819,471811,315156,189772
0,0,0,0,0,0,0,0,0,0,0,0,2,1,1,4,9,61,115,179,322,1639,1761,2761,4308,16816,14597,20952,29377,40289,125450,91606,116849,143876,384504,243515,278967,310857,702128,380397,388445,387734,739341,336239,308369,276842,246299,412247,178294,171617,175662,417470,272237,334132,410975,1034433,552853,480142,323960,194774
0,0,0,0,0,0,0,0,0,0,0,0,2,0,2,6,6,53,97,176,323,1520,1655,2638,4059,15909,13878,20134,27905,38772,120819,88555,112656,140064,373746,237998,273163,306225,693850,377368,387042,387641,744373,340667,312665,282478,251529,422224,182116,173801,177413,416884,269564,332428,408072,1034385,557185,488809,332877,199676
0,0,0,0,0,0,0,0,0,0,0,1,1,2,0,5,5,52,79,181,292,1449,1505,2489,3965,15149,13109,19253,26755,37281,115744,85690,108745,135819,363399,233321,267701,300217,685769,374352,385685,387738,748248,345210,317056,287667,256903,431675,186755,176291,178991,416321,268082,329679,405526,1033762,561757,497155,341579,204998
0,0,0,0,0,0,0,0,0,0,0,0,2,0,2,3,8,48,84,143,269,1369,1445,2309,3724,14456,12472,18394,25748,35497,111695,82229,105243,131355,354338,227530,261695,295048,678275,371419,382723,387753,752072,349460,321435,292983,262338,440972,190168,179520,180781,415930,266427,327761,403207,1032689,566604,504828,350409,210548
0,0,0,0,0,0,0,0,0,0,0,1,1,0,0,5,5,42,68,151,259,1241,1385,2254,3423,13709,12041,17644,24480,33996,107462,79197,101378,127325,345105,221891,256460,289892,668802,368925,381836,386573,755504,352743,326651,297313,267229,451636,193097,183017,182902,415682,265158,325054,400460,1031953,571309,512878,359301,215970
0,0,0,0,0,0,0,0,0,0,0,0,2,0,2,1,6,36,66,148,242,1154,1291,2093,3387,12975,11440,16790,23508,32696,102821,76798,98218,123048,334938,216832,251767,284085,660124,366245,379734,385648,758600,356006,331121,302524,272319,461122,196998,185786,184647,416658,263576,322944,397700,1031019,576014,520134,368441,221704
0,0,0,0,0,0,0,0,0,0,0,0,2,0,1,2,6,32,63,131,249,1106,1129,2072,3174,12389,10908,15950,22504,31121,99215,73869,94928,119255,325819,211699,245832,279873,650491,362975,376959,385113,761890,359056,335184,307318,277640,470449,200953,189154,186864,417102,262135,320693,395721,1029639,580031,527786,377405,227521
0,0,0,0,0,0,0,0,0,0,0,0,1,2,1,0,6,36,59,104,221,1033,1123,1907,3008,11718,10428,15298,21389,29925,95058,71512,91334,115432,317016,206377,240793,274738,641702,358924,375868,384172,763854,361178,340121,311606,282534,479831,205534,192249,189245,417965,260332,318976,393348,1028314,583728,535211,386696,233501
0,0,0,0,0,0,0,0,0,0,0,0,1,3,0,0,5,31,55,108,191,961,1075,1803,2800,11163,10010,14367,20539,28833,91443,68282,88623,112320,307597,201959,234365,270101,632172,355927,373538,383775,764965,364196,342725,317372,287944,489254,209552,195466,190780,419342,259526,317023,390877,1027416,586954,542913,395778,239278
0,0,0,0,0,0,0,0,0,0,0,0,1,2,1,0,4,37,41,107,185,898,1036,1719,2655,10566,9536,13701,19597,27349,87916,66146,85351,108844,298998,196790,229424,264516,622929,353069,370828,382506,766497,366802,346095,322111,292798,498339,214077,199004,193316,420909,258126,315196,388281,1026615,590107,550325,404931,245127
0,0,0,0,0,0,0,0,0,0,0,0,1,2,0,1,5,30,49,95,173,841,999,1589,2527,10045,9042,13106,18697,26228,84214,63786,82277,105630,290690,191737,224558,258558,614912,348897,368140,381723,766783,370388,349632,325763,297740,508196,218023,202000,195804,422550,257401,313094,386083,1024740,594174,557294,413832,251359
0,0,0,0,0,0,0,0,0,0,0,0,2,1,0,2,2,25,46,90,171,805,851,1528,2431,9503,8692,12464,17887,25092,80657,61378,79969,102056,282339,187065,219362,253608,606262,344661,365938,379896,767632,372723,353335,329330,302406,517829,222200,205507,198354,424232,256600,311234,384216,1022712,597562,564334,422828,257591
0,0,0,0,0,0,0,0,0,0,0,0,2,1,0,1,2,27,40,85,157,742,846,1403,2263,9087,8143,12031,17156,23855,77483,59252,77162,98569,274365,181847,215637,248677,596634,340449,363027,378444,768851,373749,357116,333450,307069,526888,226534,208961,200819,426323,256125,309332,382764,1020236,600915,571109,431832,263948
0,0,0,0,0,0,0,0,0,0,0,0,2,0,1,1,3,24,30,81,141,722,773,1298,2150,8520,7864,11543,16359,22707,74657,56790,74684,94976,266732,177218,210784,243938,587174,337051,360400,376384,769633,374873,359871,337810,311051,536642,230633,212365,203559,428797,255294,308178,380390,1018261,604045,577858,440870,270271
0,0,0,0,0,0,0,0,0,0,0,0,1,1,0,2,3,21,26,68,142,664,761,1243,2003,8059,7439,10889,15667,22042,71484,54695,71917,91974,259051,172986,205417,239020,578279,333548,357466,374881,768752,377196,362725,341251,315592,546043,234595,215982,205722,431883,254471,306731,378662,1016475,606643,584851,449351,276734
0,0,0,0,0,0,0,0,0,0,0,0,0,1,1,2,3,19,23,55,131,657,676,1182,1891,7600,7095,10349,14972,21213,68627,52800,69052,88873,251357,169105,200834,234309,568576,329687,355099,372856,768041,378924,365750,343763,320561,555291,238102,219695,208732,434494,253992,305874,376652,1014588,609325,591413,458164,283002
0,0,0,0,0,0,0,0,0,0,0,0,0,1,0,3,4,16,19,43,130,592,662,1052,1839,7245,6685,9988,14299,20233,65811,50995,66438,86456,243228,164893,196455,229508,559428,325823,351584,371481,766993,380740,368512,347319,324261,564546,242498,223152,211648,436853,253638,304731,374689,1013152,611814,597462,467056,289433
0,0,0,0,0,0,0,0,0,0,0,0,0,0,1,4,2,15,25,35,117,569,587,1047,1666,6926,6327,9461,13622,19150,63461,49018,64504,82961,236356,160614,192663,224690,549665,322044,348152,369845,765521,382608,370040,352250,327587,573609,246552,226700,214606,439535,253301,303540,373249,1011435,613773,603917,475567,296091
0,0,0,0,0,0,0,0,0,0,0,0,0,0,1,4,1,13,22,44,102,552,541,961,1578,6556,6038,9021,12947,18418,60822,47188,62241,80470,229490,156278,187704,220377,540389,318840,345069,366693,765213,383292,372442,355037,332351,582148,250562,230555,217209,442375,253875,302067,371649,1009402,616335,609919,484029,302588
0,0,0,0,0,0,0,0,0,0,0,0,0,0,0,1,6,15,18,39,89,506,532,898,1505,6309,5619,8556,12358,17611,58333,45413,59964,77998,222722,152251,183019,216327,531954,313796,342169,364384,763888,384064,375391,358054,335552,590437,255469,233786,220610,445367,254217,300777,370188,1007246,619489,614908,492590,308983
0,0,0,0,0,0,0,0,0,0,0,0,0,0,0,4,2,17,19,40,77,473,520,820,1408,5945,5414,8131,11794,16767,56020,43688,58181,75029,216092,148107,179152,211830,522620,310327,338755,361406,762589,385926,377055,360759,339338,599318,259299,237626,223288,448314,254684,300007,368420,1005679,621378,620946,500591,315553
0,0,0,0,0,0,0,0,0,0,0,0,0,0,2,1,2,16,15,42,76,426,486,791,1318,5549,5252,7760,11233,16113,53704,42078,55897,72674,209666,144308,175412,206902,513955,306430,335168,358677,761455,386154,379139,364154,342659,607226,263477,241652,226396,450987,254972,299512,367135,1003446,624059,626258,508853,321921
0,0,0,0,0,0,0,0,0,0,0,0,0,0,1,1,3,17,14,31,70,381,469,739,1267,5240,5060,7309,10565,15467,51552,40469,53868,70649,203274,140552,170641,203152,505557,302564,331361,355928,759500,387052,381832,366499,345608,615343,268213,244409,229893,454374,254678,299403,365301,1001917,626277,632026,516691,328191
0,0,0,0,0,0,0,0,0,0,0,0,0,0,1,2,1,13,12,33,60,344,449,716,1176,4986,4742,6970,10221,14507,49792,38883,51781,68525,197288,136874,166581,198077,497538,298607,328330,352894,757632,387049,383657,370052,348889,622854,272411,248469,232379,457896,255199,298729,364081,1000008,628195,637581,524457,334467
0,0,0,0,0,0,0,0,0,0,0,0,0,0,0,2,1,15,13,29,59,319,407,693,1128,4646,4473,6759,9555,14030,47597,37414,49856,66336,191319,133327,162631,194262,489116,294445,324748,350757,754482,388557,384330,372940,352572,630695,276362,252593,234816,461155,255712,298905,362786,998325,629694,642879,531927,340741
0,0,0,0,0,0,0,0,0,0,0,0,0,0,0,2,1,11,9,30,60,296,396,630,1053,4333,4272,6369,9256,13412,45607,36093,48402,63675,186307,129094,158534,190028,481066,290274,321911,347830,752725,388084,385622,375696,356017,638772,279920,256005,238075,464891,256530,298148,361781,996624,631133,648469,539160,346805
0,0,0,0,0,0,0,0,0,0,0,0,0,0,1,1,0,12,11,27,59,288,356,556,1035,4100,4019,6086,8817,12756,43717,34918,46625,61833,180487,126046,154835,185648,472685,286717,318367,345445,749717,388709,386700,377826,359319,646311,283277,260247,241746,467805,257319,297650,360656,994584,633327,653236,546680,352852
0,0,0,0,0,0,0,0,0,0,0,0,0,0,1,0,1,6,15,26,46,282,310,571,906,3936,3796,5708,8490,12339,41885,33247,45379,59600,175061,122864,150802,181939,464199,283248,314933,342618,746805,389141,388341,380252,362093,653625,287719,262776,244859,472117,257378,297490,360306,993188,634365,657952,554180,358613
0,0,0,0,0,0,0,0,0,0,0,0,0,0,0,1,1,7,14,21,46,251,297,554,880,3754,3543,5407,8000,11790,39968,32457,43748,57562,170026,119225,147623,177402,457193,279232,311152,340738,743640,388769,389217,382487,364980,661523,291140,266413,248234,475636,258284,297023,359561,991552,636422,662067,561374,364194
0,0,0,0,0,0,0,0,0,0,0,0,0,0,0,1,1,6,13,20,44,244,271,507,852,3478,3404,5114,7661,11305,38193,31353,41932,55555,165345,116547,143492,173788,448024,276289,307482,337343,740727,389558,390094,385049,367285,669160,294412,270629,250745,479839,258967,296685,358803,990057,637892,667404,568052,369786
0,0,0,0,0,0,0,0,0,0,0,0,0,0,0,1,1,4,13,17,41,239,266,461,781,3311,3177,4896,7359,10802,36608,30209,40453,53402,160458,113232,140250,170240,439941,271609,304948,334323,737457,389113,391542,386573,370614,675865,298799,273425,254374,483847,259648,296743,357798,989236,638826,672496,574342,375668
0,0,0,0,0,0,0,0,0,0,0,0,0,0,0,2,0,1,11,23,38,227,243,436,767,3130,3045,4502,7031,10367,35286,28826,39171,51512,155207,110547,136613,166591,431774,267779,301147,331393,734258,388391,393194,387932,373215,683218,302672,277417,257284,488243,260458,296932,356499,987578,641264,676329,581246,381609
0,0,0,0,0,0,0,0,0,0,0,0,0,0,2,0,0,1,7,23,31,212,235,441,702,2953,2852,4310,6683,9797,33986,27717,37553,49984,150565,107088,133174,162801,424341,263805,297756,327672,730419,389132,393175,389272,376884,690346,306399,280573,260807,492553,260790,297802,355610,986324,642346,680727,587933,387625
0,0,0,0,0,0,0,0,0,0,0,0,0,1,1,0,0,1,7,16,41,187,236,392,653,2840,2729,4140,6292,9289,32658,26424,36428,48502,145599,104097,130008,158889,416393,260113,294275,324684,726006,388804,393373,391455,379253,697618,309882,284349,264011,497419,261443,297329,355438,984925,643622,685557,594551,393478
0,0,0,0,0,0,0,0,0,0,0,0,0,1,0,1,0,0,5,12,35,195,202,382,622,2642,2658,3851,6078,8833,31378,25237,34932,46914,141331,101184,126511,155339,408825,255838,289920,323216,721005,388120,394189,391465,383318,703873,313638,289069,266746,501883,262385,296954,355414,983460,645277,689835,601320,399315
0,0,0,0,0,0,0,0,0,0,0,0,0,1,0,0,1,0,3,12,27,187,190,341,606,2491,2467,3785,5672,8411,30074,24267,33728,45178,136729,98702,123188,151991,400857,251997,286219,319489,717350,386787,394440,393273,385779,710511,317669,292815,269744,507024,263545,296584,355178,982071,646667,693976,608134,405248
0,0,0,0,0,0,0,0,0,0,0,0,1,0,0,0,1,0,4,14,26,158,185,307,576,2334,2307,3635,5518,8046,28565,23622,32030,44064,132444,95583,120227,148960,392080,248006,283356,315559,713199,386011,394605,395486,386874,717535,321718,296576,272877,511168,265146,296304,355459,980646,648131,697782,615019,411264
0,0,0,0,0,0,0,0,0,0,0,0,1,0,0,0,0,1,3,11,30,131,177,301,523,2222,2134,3499,5247,7798,27231,22415,31150,42420,128362,92986,117024,145158,384556,244410,278803,312218,708848,385493,394615,396829,388839,724133,325911,299623,276876,515660,266390,296688,354404,980068,649154,702154,621366,417546
0,0,0,0,0,0,0,0,0,0,0,0,1,0,0,0,0,2,2,10,26,135,156,269,487,2112,2015,3314,4995,7364,26012,21642,29750,40922,124583,90266,114108,141302,377059,240134,275151,309087,704580,383981,394353,398464,390113,730823,329855,303138,280880,520083,268205,296320,354578,978695,650634,706258,628075,423469
0,0,0,0,0,0,0,0,0,0,0,0,1,0,0,0,0,2,2,6,29,125,144,262,442,2001,1913,3045,4739,7070,25055,20730,28846,38948,120604,87689,111476,137811,369749,235640,270914,305755,700100,383036,395083,397722,392844,736809,334160,307039,283805,525617,269078,297052,353916,977920,651755,710176,634635,429663
0,0,0,0,0,0,0,0,0,0,0,0,1,0,0,0,0,2,1,8,18,122,135,233,444,1867,1831,2892,4509,6722,23956,19771,27812,37770,116552,85428,108134,134460,362109,232169,266748,301509,696091,381669,394561,398697,394810,743121,337376,310696,287204,531428,270684,297873,352906,976927,652422,714276,641477,435987
0,0,0,0,0,0,0,0,0,0,0,0,1,0,0,0,0,1,3,7,14,112,127,219,396,1753,1741,2791,4185,6461,23000,19072,26789,36203,113108,82695,105119,131235,354659,227806,263286,298722,690225,380559,394278,399729,396549,748338,341043,315000,290099,537231,271693,298404,353456,975088,653541,718091,648428,442151
0,0,0,0,0,0,0,0,0,0,0,1,0,0,0,0,0,1,0,7,16,101,110,211,387,1652,1709,2565,4123,6063,21955,18454,25525,34771,109357,80343,102433,128190,346812,224328,259390,294736,684845,378729,394713,400635,397861,754094,344716,319051,293159,543252,272779,299219,352957,974149,654791,721763,654863,448592
0,0,0,0,0,0,0,0,0,0,0,0,1,0,0,0,0,1,2,6,15,97,99,187,351,1611,1540,2509,3805,5875,20905,17835,24406,33272,105974,78012,99347,125488,339643,220237,255429,291037,678875,378449,393851,400797,399197,760739,348092,322298,296681,548341,274906,300038,352745,973193,656025,725348,661250,454899
0,0,0,0,0,0,0,0,0,0,0,0,1,0,0,0,0,0,5,5,15,88,95,158,368,1502,1459,2331,3644,5553,20010,17183,23222,32501,102586,75510,96832,121801,332566,216459,251533,287648,673349,376026,393214,401634,400322,766086,352122,326135,300449,553821,276782,300620,352989,971968,656503,729844,667260,461209
0,0,0,0,0,0,0,0,0,0,0,0,0,1,0,0,0,1,2,6,15,75,91,175,302,1405,1405,2232,3446,5308,19278,16327,22465,31097,99075,73403,93963,119066,325430,212762,247661,283857,667073,375024,392193,402479,401482,771792,354608,329479,304567,560172,277855,301630,352577,971248,658117,732926,673541,467797
0,0,0,0,0,0,0,0,0,0,0,0,0,0,1,0,0,1,1,4,14,69,83,171,277,1341,1280,2158,3285,5043,18546,15534,21686,29969,95711,71527,91255,115935,318304,209072,243831,280099,660412,373250,392163,401729,403407,776595,358634,333474,308180,566009,279545,302408,352403,970335,658811,736554,680274,474028
0,0,0,0,0,0,0,0,0,0,0,0,0,0,1,0,0,1,1,6,12,68,75,156,271,1264,1259,1961,3166,4755,17740,14914,20897,28792,92526,69045,88823,113023,311806,204631,240747,276001,653958,371624,390646,401874,405022,781871,361544,337779,312144,571293,281451,303247,352504,969503,659587,740041,687057,480322
0,0,0,0,0,0,0,0,0,0,0,0,0,0,1,0,0,0,1,5,15,64,64,146,256,1213,1106,1950,2985,4615,16649,14655,19991,27832,89192,66797,86412,110429,304674,200774,237390,272000,648237,368816,389704,402262,405507,786748,365595,340831,316020,577197,283110,305018,352103,968617,660774,743597,693303,486753
0,0,0,0,0,0,0,0,0,0,0,0,0,0,0,1,0,0,1,5,16,57,63,126,256,1101,1134,1763,2827,4479,15998,13778,19351,26554,86359,64789,83880,107507,297698,197687,233139,268600,642054,366661,388085,401757,407402,790800,368940,344874,319694,583106,285189,306197,352488,967597,661626,746633,699817,493319
0,0,0,0,0,0,0,0,0,0,0,0,0,0,0,1,0,0,0,5,14,55,62,118,232,1045,1030,1703,2701,4199,15152,13218,18855,25729,83080,63108,81509,104223,291772,193405,229070,264987,635710,364614,386652,402326,407923,794829,372686,348536,322862,589183,287844,306878,352949,966727,662473,750079,706328,499536
0,0,0,0,0,0,0,0,0,0,0,0,0,0,1,0,0,0,0,6,10,57,54,124,212,972,990,1539,2638,3856,14650,12558,18082,24738,80566,61029,79362,101025,285534,189912,224842,261612,628837,362389,385449,402178,408612,799442,374981,352287,326844,595655,289583,308458,352930,965724,663796,753094,712716,506064
0,0,0,0,0,0,0,0,0,0,0,0,0,0,0,1,0,0,1,3,9,56,59,111,184,940,929,1499,2440,3690,13979,12010,17446,24066,77547,59163,77028,98486,278573,186157,221684,257055,622854,360188,384603,401078,408716,804085,378527,355766,330347,601903,291605,309475,353703,964929,664585,756271,719376,512281
0,0,0,0,0,0,0,0,0,0,0,0,0,0,0,0,1,0,1,3,8,54,58,103,176,867,859,1478,2229,3641,13195,11700,16546,23243,74956,57474,74828,95730,271642,183452,217234,253536,617029,357085,382711,400933,408990,808643,381000,359653,334090,607958,293551,311614,353431,964412,665194,760028,725067,519005
0,0,0,0,0,0,0,0,0,0,0,0,0,0,0,0,0,1,1,3,9,50,51,102,177,814,794,1383,2185,3332,12771,11063,15925,22431,72426,55236,73111,93176,265213,179734,213327,250437,609494,354585,381616,400514,409174,812429,384693,363037,337407,614323,295904,312695,353461,964586,665655,763053,731299,525731
0,0,0,0,0,0,0,0,0,0,0,0,0,0,0,0,1,0,0,4,6,52,45,99,153,745,752,1305,2101,3227,12090,10702,15344,21448,70006,53683,70641,91066,258763,175349,210315,246430,602903,352087,379897,400219,409854,815141,387940,366019,341869,620201,298395,314021,354005,964753,665817,766055,737715,532190
0,0,0,0,0,0,0,0,0,0,0,0,0,0,0,0,1,0,2,0,11,48,46,74,151,725,692,1235,2000,3050,11499,10236,14847,20698,67500,52199,68184,88728,252595,171630,207031,243049,595890,349194,377853,399697,409392,819145,391116,369737,345619,626482,300846,315028,355100,963764,666257,769272,744076,538709
0,0,0,0,0,0,0,0,0,0,0,0,0,0,0,0,1,0,2,1,6,43,49,83,135,670,671,1145,1866,2960,10918,9733,14162,20097,65183,50574,66062,86546,245933,169156,202963,238589,589841,346614,375759,398765,409428,822327,394248,373073,349477,633005,303056,316168,355804,964074,666466,772680,749919,545156
0,0,0,0,0,0,0,0,0,0,0,0,0,0,0,0,1,0,2,2,2,45,44,68,126,635,658,1066,1782,2789,10438,9354,13460,19339,63049,49058,64166,83690,240568,164826,199563,235349,583093,344436,373460,397182,409909,825668,396519,376417,353115,639774,305461,317680,356262,963881,667238,775254,756380,551599
0,0,0,0,0,0,0,0,0,0,0,0,0,0,0,0,0,1,1,2,7,32,42,72,123,588,623,1039,1657,2643,9947,8979,12906,18465,61070,47013,62826,81351,235025,161088,195743,231998,576139,340962,372129,395590,410269,828191,399587,379816,356115,646931,308355,319131,356324,963931,668170,777762,762576,558189
0,0,0,0,0,0,0,0,0,0,0,0,0,0,0,0,0,1,1,1,7,33,39,60,120,561,601,963,1596,2446,9571,8511,12458,17754,58975,45686,60595,78883,229615,158361,191185,228598,568570,338524,369602,394767,409953,831101,402369,383383,359843,653929,309680,321572,356965,963680,669335,780126,768958,564430
0,0,0,0,0,0,0,0,0,0,0,0,0,0,0,0,0,1,0,2,3,32,39,57,108,521,572,934,1477,2387,9009,8195,12019,16999,56526,44602,58729,77184,223305,155304,187859,224373,562495,335088,367551,392840,410227,833636,405287,386097,363673,660786,312124,322961,358288,963559,669916,783045,774954,570644
0,0,0,0,0,0,0,0,0,0,0,0,0,0,0,0,0,0,1,1,3,31,28,59,96,501,535,861,1454,2248,8610,7758,11534,16142,54647,42918,57507,75062,217583,151792,184519,220903,555552,331812,365471,391584,409233,836956,407650,389079,366839,668053,314307,324675,359646,963472,670343,786120,780627,577196
0,0,0,0,0,0,0,0,0,0,0,0,0,0,0,0,0,0,1,1,2,22,29,62,99,449,501,837,1330,2152,8155,7401,11041,15702,52651,41431,55575,72966,212874,147859,181317,216974,548391,329774,362157,390488,408992,839266,409887,391950,370996,674875,316599,326060,360616,963791,670989,789126,786537,583483
0,0,0,0,0,0,0,0,0,0,0,0,0,0,0,0,0,0,1,0,3,22,20,52,86,450,441,823,1240,2049,7873,7009,10452,15126,50759,39993,54177,70710,207709,144690,178340,212769,541017,327075,360754,388247,408803,841315,411115,396075,373952,681673,319475,327513,361365,964259,671789,792045,792187,589955
0,0,0,0,0,0,0,0,0,0,0,0,0,0,0,0,0,0,0,1,1,21,22,43,89,412,444,760,1155,1937,7446,6775,10012,14529,48898,38755,52144,68833,202903,141357,174777,209429,533916,323672,358642,386882,407554,843865,413906,398631,377437,688246,321827,330322,361490,965018,672040,794642,798343,596232
0,0,0,0,0,0,0,0,0,0,0,0,0,0,0,0,0,0,1,0,1,20,20,45,76,402,424,672,1116,1919,7010,6466,9605,14017,47127,37331,50650,66834,197774,138434,170879,206303,527147,320405,355976,385073,407311,845054,416926,401402,380713,694631,324760,332503,362355,965140,673033,797450,803429,602974
0,0,0,0,0,0,0,0,0,0,0,0,0,0,0,0,0,0,1,0,1,17,20,37,73,366,413,634,1068,1791,6743,6259,9114,13383,45418,36116,49113,64710,192940,135742,167391,202983,519895,317019,353780,383197,405995,846778,419122,404431,384283,701122,327696,334630,363595,965334,673572,799958,809311,609357
0,0,0,0,0,0,0,0,0,0,0,0,0,0,0,0,0,0,1,0,0,15,17,40,65,320,408,617,1010,1670,6491,5942,8775,12850,43659,35063,47230,63029,188141,132996,163469,199899,513487,313390,351333,380652,405427,847931,421324,407561,387249,708141,331205,336082,365245,965378,674008,802399,815132,615757
0,0,0,0,0,0,0,0,0,0,0,0,0,0,0,0,0,0,1,0,0,13,23,37,64,300,364,597,968,1586,6175,5642,8499,12219,42144,33731,45981,61142,183403,129280,161171,196027,506030,311546,347880,379717,403817,848736,423333,411163,390302,714718,334210,337590,366757,965962,674296,805152,820981,621851
0,0,0,0,0,0,0,0,0,0,0,0,0,0,0,0,0,0,0,1,0,9,20,31,63,297,327,602,888,1511,5854,5482,8035,11794,40872,32259,44660,59656,178325,126700,157750,192931,499152,307943,345598,376786,403210,849724,425677,413283,394588,720701,337271,339573,367922,966251,675102,807460,826902,628198
0,0,0,0,0,0,0,0,0,0,0,0,0,0,0,0,0,0,0,0,2,4,21,31,62,263,324,578,912,1336,5667,5223,7596,11286,39335,31436,43063,57915,173898,123728,155081,188463,492712,304414,342615,375729,402060,850484,427065,416037,397725,727952,339765,341736,369515,966766,675884,809850,832545,634330
0,0,0,0,0,0,0,0,0,0,0,0,0,0,0,0,0,0,0,0,1,4,17,32,53,253,296,556,857,1306,5370,5009,7278,10766,38001,30181,41782,56128,169530,120987,151962,184984,485408,301643,339708,373847,401159,849988,429315,419270,400628,734513,342978,344007,370407,967305,676868,812540,837696,640775
0,0,0,0,0,0,0,0,0,0,0,0,0,0,0,0,0,0,0,0,2,1,16,33,46,247,276,478,833,1278,5090,4775,6966,10474,36300,29541,40400,54527,164627,118357,148841,182043,478656,297947,336977,371998,399577,850052,431482,422438,403462,740842,345980,346526,371407,968802,676682,815334,843070,647025
0,0,0,0,0,0,0,0,0,0,0,0,0,0,0,0,0,0,0,0,0,4,8,25,53,246,249,467,754,1211,4788,4577,6812,9962,35136,28349,39343,52656,160411,115964,144870,179568,471258,295667,334187,368939,398057,850780,433260,424549,406645,747513,348855,348622,373421,969545,676855,818136,848418,653248
0,0,0,0,0,0,0,0,0,0,0,0,0,0,0,0,0,0,0,0,0,4,8,17,43,262,229,414,725,1136,4608,4310,6527,9453,34032,27356,37999,50944,156245,113757,141878,175767,464751,292267,330686,367101,396962,850997,434707,427209,409359,754632,351163,350997,375051,970922,676821,820953,853546,659570
0,0,0,0,0,0,0,0,0,0,0,0,0,0,0,0,0,0,0,0,0,1,7,22,40,228,235,397,665,1107,4365,4184,6270,9074,32577,26555,36405,49619,152453,110998,138982,172253,458307,288854,327825,364766,395178,851321,436041,429660,412488,761455,353799,353326,376977,971280,678151,822639,859138,665766
0,0,0,0,0,0,0,0,0,0,0,0,0,0,0,0,0,0,0,0,0,2,6,18,37,221,214,391,623,1030,4235,3948,5903,8825,31179,25732,35471,48128,148407,107781,136498,169447,451267,285683,324657,361965,393656,851067,437795,431095,416535,767986,357016,356033,378134,972233,678988,824683,864889,671630
0,0,0,0,0,0,0,0,0,0,0,0,0,0,0,0,0,0,0,0,0,4,3,18,31,200,229,353,590,950,4059,3715,5747,8420,30028,24877,34464,46863,144151,105297,133827,166001,444410,282481,321458,359130,392706,850519,438899,433872,419791,774147,360757,358055,379235,973590,679623,826769,870024,678115
0,0,0,0,0,0,0,0,0,0,0,0,0,0,0,0,0,0,0,0,1,1,4,18,31,186,191,341,574,894,3831,3645,5421,8166,28736,24222,33361,45376,140368,102860,130775,163457,437431,278280,319000,357019,390924,850237,440093,436143,422228,780663,364525,360100,381055,974875,680053,828764,875315,684244
0,0,0,0,0,0,0,0,0,0,0,0,0,0,0,0,0,0,0,0,1,3,3,18,28,165,186,306,552,866,3634,3472,5201,7809,27712,23221,32281,44042,136588,100304,128485,159729,430949,274491,316676,354668,388936,849534,442002,436918,426195,787539,366330,363278,383381,975085,681105,831005,880336,690374
0,0,0,0,0,0,0,0,0,0,0,0,0,0,0,0,0,0,0,0,1,3,2,17,28,155,177,318,491,840,3454,3254,5019,7452,26827,22436,31288,42706,132594,98152,125716,156946,423981,271386,313074,352226,387102,849383,442319,439964,428596,794167,369311,365458,384856,976689,682191,833235,885245,696349
0,0,0,0,0,0,0,0,0,0,0,0,0,0,0,0,0,0,0,0,0,5,4,11,34,134,163,291,483,791,3278,3084,4804,7253,25651,21666,30379,41333,129296,95695,123084,153655,416836,268857,309200,350584,384598,848502,443784,441462,431549,801067,371680,368384,386598,978166,682628,835819,890237,702363
0,0,0,0,0,0,0,0,0,0,0,0,0,0,0,0,0,0,0,0,0,3,8,11,22,130,147,283,463,766,3054,2944,4670,6895,24647,20939,29263,40370,125471,93499,120791,150642,409717,265444,307417,346580,383202,847911,444076,443863,433868,807192,374956,371169,388148,979847,683545,838194,894649,708612
0,0,0,0,0,0,0,0,0,0,0,0,0,0,0,0,0,0,0,0,0,5,5,11,29,117,141,266,434,716,2955,2810,4376,6615,23700,20316,28350,38735,122557,91049,117845,147812,403718,261882,305102,343351,380930,846860,445007,445734,436179,813757,378003,373979,390085,980839,684794,840153,899573,714618
0,0,0,0,0,0,0,0,0,0,0,0,0,0,0,0,0,0,0,0,0,3,4,15,23,114,139,252,390,714,2817,2603,4230,6389,22809,19600,27368,37424,119536,88767,115065,145040,397026,259228,301117,341384,378619,845603,445955,446963,438661,820451,380981,377026,392080,982461,684898,842662,904386,720605
0,0,0,0,0,0,0,0,0,0,0,0,0,0,0,0,0,0,0,0,1,3,2,12,28,106,125,230,405,642,2671,2534,4046,6036,21968,18712,26712,36407,115982,86847,112421,142042,390779,256096,297707,339061,376027,844003,447114,448949,440852,826352,384851,379159,394702,983375,685732,844959,909134,726624
0,0,0,0,0,0,0,0,0,0,0,0,0,0,0,0,0,0,0,1,0,2,3,10,28,96,124,205,385,643,2569,2424,3820,5779,21185,17984,25667,35557,112790,84867,109745,138909,385072,252873,294233,335902,374708,842194,447283,450566,442999,833189,388379,380914,397060,985093,686286,847527,914038,732299
0,0,0,0,0,0,0,0,0,0,0,0,0,0,0,0,0,0,0,1,0,3,1,10,20,102,126,207,338,572,2467,2333,3667,5454,20446,17557,24642,34301,109536,82846,107498,136643,378253,249388,291510,332824,373264,839379,448738,451507,445253,840074,391456,383576,398360,987424,686763,849812,918878,738179
0,0,0,0,0,0,0,0,0,0,0,0,0,0,0,0,0,0,0,0,1,2,2,10,17,98,125,196,302,567,2305,2262,3528,5272,19556,17008,23832,33207,106501,80951,105020,133999,372584,245679,287984,330371,370650,837325,449381,453541,447304,846491,394363,386326,400064,989421,687410,852319,923172,744262
0,0,0,0,0,0,0,0,0,0,0,0,0,0,0,0,0,0,0,0,0,3,2,8,12,95,107,202,299,503,2167,2203,3396,5037,18834,16339,22829,32402,103647,78847,102918,130200,367012,242920,284312,328221,368221,834868,449804,455163,449114,853062,397616,389493,401438,991670,687733,854430,928154,750127
0,0,0,0,0,0,0,0,0,0,0,0,0,0,0,0,0,0,0,0,0,3,2,6,15,85,97,186,277,477,2096,2092,3233,4880,18078,15628,22353,31239,101000,76617,100333,128075,360729,239011,282021,324739,366512,831998,450735,456165,452034,858469,400842,392452,403607,993595,688225,856922,932475,756105
0,0,0,0,0,0,0,0,0,0,0,0,0,0,0,0,0,0,0,0,0,3,0,5,15,88,92,154,283,458,2013,1976,3063,4598,17447,15126,21474,30362,97986,74690,98173,125863,354529,235643,278324,322461,364505,829451,450651,457928,453771,864625,404359,394949,405461,996018,689031,859044,936570,762219
0,0,0,0,0,0,0,0,0,0,0,0,0,0,0,0,0,0,0,0,0,2,2,5,12,84,94,144,257,430,1950,1872,2960,4426,16808,14711,20476,29491,95062,73315,95528,123284,348468,232347,275824,319750,361192,827088,451115,458984,456779,869811,407740,397520,407735,998027,689617,861999,940437,768062
0,0,0,0,0,0,0,0,0,0,0,0,0,0,0,0,0,0,0,0,0,1,3,4,11,81,79,161,231,406,1831,1882,2787,4272,16059,14027,20137,28551,92100,71431,93323,121200,341847,229444,272746,316930,358333,825026,450860,460391,458534,876264,411155,400479,409322,1000228,690548,863823,945166,773735
0,0,0,0,0,0,0,0,0,0,0,0,0,0,0,0,0,0,0,0,0,1,2,4,13,69,94,138,222,369,1756,1759,2696,4078,15430,13634,19563,27372,89603,69651,91481,118102,336537,225996,269305,313748,356473,822367,450441,461435,460832,882491,413898,403779,411489,1002346,691287,865514,949699,779734
0,0,0,0,0,0,0,0,0,0,0,0,0,0,0,0,0,0,0,0,0,1,2,4,9,76,79,126,208,334,1697,1674,2515,4068,14797,13093,18912,26557,87230,67862,89208,115640,330757,222319,266610,310756,353983,819687,449471,462872,462794,888648,417303,406978,412988,1004338,692349,867688,954403,785372
0,0,0,0,0,0,0,0,0,0,0,0,0,0,0,0,0,0,0,0,0,1,0,11,5,59,92,114,184,372,1548,1622,2501,3688,14396,12518,18220,25759,84893,65927,87253,113211,324569,220001,263159,307704,351908,816285,449311,463983,465164,893846,420697,409262,415531,1006789,692859,869810,959006,791150
0,0,0,0,0,0,0,0,0,0,0,0,0,0,0,0,0,0,0,0,0,0,1,7,8,58,70,114,189,340,1513,1463,2376,3613,13756,12201,17566,24794,82262,64251,85814,110702,319085,216716,259883,304406,349283,812866,449777,464450,467517,899419,423985,412211,417898,1008806,694132,871541,963557,796778
0,0,0,0,0,0,0,0,0,0,0,0,0,0,0,0,0,0,0,0,0,0,2,9,7,51,63,116,179,310,1392,1464,2191,3524,13195,11727,17116,23987,80289,62041,83448,108712,313539,213517,256612,301396,346853,810276,449164,464771,469836,904737,427027,414884,420787,1010799,695239,873451,968116,802581
0,0,0,0,0,0,0,0,0,0,0,0,0,0,0,0,0,0,0,0,0,1,2,4,10,45,61,108,180,292,1303,1372,2174,3348,12722,11280,16424,23196,77822,60764,81243,106857,307724,210200,253583,298428,343583,807532,449346,465614,471497,909782,430888,417172,423265,1012840,696620,875168,972770,808188
0,0,0,0,0,0,0,0,0,0,0,0,0,0,0,0,0,0,0,0,0,0,3,3,9,39,56,102,182,256,1283,1244,2089,3259,12148,10927,15735,22588,75713,59204,79477,104394,301908,207106,250628,295325,341053,804017,449624,466043,472203,916190,433662,420322,425222,1015861,696858,877655,977132,813888
0,0,0,0,0,0,0,0,0,0,0,0,0,0,0,0,0,0,0,0,0,0,3,3,4,38,47,100,165,250,1205,1246,1967,3072,11727,10555,15128,22000,73480,58105,77016,102004,296959,204254,246518,292606,338466,800242,449387,466726,473210,922109,437195,423414,427937,1017898,697376,879684,981673,819639
0,0,0,0,0,0,0,0,0,0,0,0,0,0,0,0,0,0,0,0,0,0,1,5,6,30,56,89,145,238,1132,1204,1899,2881,11348,10105,14728,21321,71148,56264,75678,99716,291783,201582,242847,289890,334735,797857,448387,467710,474157,927728,440078,426248,430832,1020204,698043,881612,986342,825379
0,0,0,0,0,0,0,0,0,0,0,0,0,0,0,0,0,0,0,0,0,0,2,2,6,39,38,89,139,229,1081,1133,1762,2862,10910,9708,14196,20444,69486,54736,73534,97401,286892,198088,239904,287222,331400,794444,447874,468264,475775,933153,442624,429679,433176,1022833,698925,883374,990825,831159
0,0,0,0,0,0,0,0,0,0,0,0,0,0,0,0,0,0,0,0,0,1,1,0,5,39,38,82,116,241,1020,1062,1707,2750,10380,9422,13705,19821,67514,53470,71479,95528,280992,195872,236940,282748,329691,789623,448469,468162,477165,939069,445268,432269,435823,1025405,699985,885575,995363,836608
0,0,0,0,0,0,0,0,0,0,0,0,0,0,0,0,0,0,0,0,0,0,2,0,4,38,32,64,129,214,980,1025,1609,2621,10015,9035,13461,19103,65213,52104,69842,93456,275852,192698,234579,279488,326369,785673,446980,469621,479172,943169,449159,434923,438068,1028055,701108,887118,1000024,842405
0,0,0,0,0,0,0,0,0,0,0,0,0,0,0,0,0,0,0,0,0,0,0,2,6,26,38,62,103,213,942,938,1602,2482,9631,8749,13000,18395,63514,50090,68491,91536,270496,190190,231244,276512,323674,781726,445867,470473,479826,948326,452159,438958,439368,1030737,702543,889049,1004263,848177
0,0,0,0,0,0,0,0,0,0,0,0,0,0,0,0,0,0,0,0,0,0,0,2,5,23,33,65,99,188,911,874,1557,2360,9285,8320,12548,17821,61509,49239,66543,89547,265576,186860,228240,273512,321228,777205,445143,470902,481177,952460,455808,442333,441576,1033413,702993,891348,1009081,853624
0,0,0,0,0,0,0,0,0,0,0,0,0,0,0,0,0,0,0,0,0,0,1,1,4,23,28,65,99,180,823,878,1409,2293,8841,8090,12001,17435,59567,48094,65272,86835,260828,183828,225399,270627,318107,773439,444553,469775,482493,957322,459742,444896,443811,1036512,704369,892792,1013472,859504
0,0,0,0,0,0,0,0,0,0,0,0,0,0,0,0,0,0,0,0,0,0,0,3,3,23,30,49,101,172,765,828,1375,2214,8548,7732,11523,16810,57833,46996,63878,84905,255573,180717,222162,268071,315310,769308,442895,470259,484051,962234,461532,448743,446536,1039017,705625,894083,1018313,865191
0,0,0,0,0,0,0,0,0,0,0,0,0,0,0,0,0,0,0,0,0,0,0,2,4,23,26,55,99,144,760,779,1260,2174,8174,7521,11056,16352,56075,45744,62258,83263,250648,177461,219258,264671,312883,765246,441762,470403,484750,966969,464699,451230,449288,1042372,706528,896670,1021523,871278
0,0,0,0,0,0,0,0,0,0,0,0,0,0,0,0,0,0,0,0,0,0,0,0,5,20,25,55,89,142,701,767,1246,1946,7910,7225,10730,15862,54338,44246,60771,81581,245701,174156,216955,261621,310267,759982,441576,470083,486201,971133,467874,453887,452291,1044925,707641,898897,1025667,876892
0,0,0,0,0,0,0,0,0,0,0,0,0,0,0,0,0,0,0,0,0,0,0,0,5,21,30,44,84,137,647,742,1202,1853,7629,6952,10257,15261,52773,43352,59131,79614,240895,171838,212721,259288,306500,756563,440370,469552,487527,976240,470577,456324,455035,1048557,708567,900615,1029759,882746
0,0,0,0,0,0,0,0,0,0,0,0,0,0,0,0,0,0,0,0,0,0,0,0,2,24,20,47,88,128,617,686,1177,1762,7356,6640,10007,14775,51480,41732,57620,77874,236122,169069,209391,256166,304233,751654,438909,470660,487369,980357,473808,459662,457730,1051745,709334,902638,1033965,888561
0,0,0,0,0,0,0,0,0,0,0,0,0,0,0,0,0,0,0,0,0,0,0,0,3,22,22,38,87,140,562,643,1149,1679,7005,6566,9553,14101,50054,40853,56102,76223,230965,166317,206751,253271,301009,748100,436834,469788,488314,985562,476454,462403,460483,1055141,710448,904239,1038246,894281
0,0,0,0,0,0,0,0,0,0,0,0,0,0,0,0,0,0,0,0,0,0,0,0,1,23,20,34,86,123,529,615,1061,1708,6662,6304,9301,13501,48533,39653,54855,74282,226570,163210,203934,249969,299148,743171,435827,469087,489276,989908,479149,464825,463700,1058478,711529,905522,1042933,899881
0,0,0,0,0,0,0,0,0,0,0,0,0,0,0,0,0,0,0,0,0,0,0,0,1,18,23,32,78,119,508,592,974,1609,6409,6053,8951,13147,46986,38702,53064,72838,222147,160585,201208,247150,295668,738051,434995,468602,490322,993803,481428,469008,465854,1061887,712241,907488,1047256,905611
0,0,0,0,0,0,0,0,0,0,0,0,0,0,0,0,0,0,0,0,0,0,0,0,4,15,18,35,64,120,492,547,944,1541,6153,5753,8665,12819,45529,37813,51792,70640,217708,158091,198402,244054,292304,733593,433990,468510,489872,997839,485177,471748,468767,1064794,713008,909896,1051472,911239
0,0,0,0,0,0,0,0,0,0,0,0,0,0,0,0,0,0,0,0,0,0,0,1,1,17,19,31,56,117,459,533,879,1497,5919,5579,8325,12255,44065,36875,50633,68798,213415,155457,196046,240533,290209,728218,431850,468295,491427,1001178,488013,474587,471453,1068877,713904,911525,1055520,916842
0,0,0,0,0,0,0,0,0,0,0,0,0,0,0,0,0,0,0,0,0,0,0,0,2,15,21,32,53,101,465,447,860,1437,5705,5267,8064,11923,42674,35825,49408,67169,208828,152983,193557,237508,287076,723460,429771,468127,492465,1004798,491075,477436,474254,1071989,715211,913332,1059445,922625
0,0,0,0,0,0,0,0,0,0,0,0,0,0,0,0,0,0,0,0,0,0,0,1,3,9,26,21,54,110,404,465,801,1365,5473,5086,7859,11441,41452,34659,47996,65778,204504,150194,190764,234740,284492,718789,427800,467709,493075,1008192,494075,480648,476790,1074727,717301,914949,1063460,928196
0,0,0,0,0,0,0,0,0,0,0,0,0,0,0,0,0,0,0,0,0,0,0,1,2,11,13,29,46,98,406,453,740,1293,5289,4939,7511,11054,40363,33452,46768,64403,200538,147286,187780,231931,281157,714259,425730,467175,493483,1012162,496872,483527,479673,1078669,718170,916591,1067593,933941
0,0,0,0,0,0,0,0,0,0,0,0,0,0,0,0,0,0,0,0,0,0,0,1,1,10,9,34,38,94,384,425,713,1257,5048,4724,7257,10768,38993,32641,45696,62694,196598,144803,184824,229116,277721,709560,425048,465335,494158,1015934,499137,486673,482795,1081784,719587,918709,1071230,939609
0,0,0,0,0,0,0,0,0,0,0,0,0,0,0,0,0,0,0,0,0,0,0,0,2,7,14,22,47,79,370,428,696,1181,4783,4583,6988,10476,37640,31934,44473,60982,192866,142515,181258,226554,275016,703965,423938,464764,493636,1019845,501773,490083,485880,1085198,720244,920488,1075576,945104
0,0,0,0,0,0,0,0,0,0,0,0,0,0,0,0,0,0,0,0,0,0,0,0,1,8,10,23,55,67,344,401,686,1176,4545,4310,6794,10054,36562,30897,43407,59627,188656,140096,178776,223369,272216,698341,422953,463845,493468,1022952,505414,493497,487693,1089380,721477,922123,1079625,950560
0,0,0,0,0,0,0,0,0,0,0,0,0,0,0,0,0,0,0,0,0,0,0,0,1,8,8,19,47,77,350,343,657,1085,4357,4205,6456,9676,35696,30027,42095,58131,184849,137676,176518,220085,268956,693484,421100,462938,494250,1026425,507594,496226,490714,1092624,722815,923921,1083979,956016
0,0,0,0,0,0,0,0,0,0,0,0,0,0,0,0,0,0,0,0,0,0,0,1,0,8,7,13,48,72,329,336,609,1078,4154,4019,6180,9457,34371,29251,41244,56485,181168,135339,173607,217523,265841,688421,419043,462762,493856,1029576,510189,498972,493669,1096756,723190,926200,1087985,961649
0,0,0,0,0,0,0,0,0,0,0,0,0,0,0,0,0,0,0,0,0,0,0,1,1,6,5,18,36,66,320,332,583,972,3987,3879,5936,9196,33288,28344,40296,55336,177193,133214,170973,213995,263089,683148,417269,461848,493592,1033479,512826,501850,496007,1101037,724229,928002,1091901,967154
0,0,0,0,0,0,0,0,0,0,0,0,0,0,0,0,0,0,0,0,0,0,0,0,2,4,10,11,35,57,306,322,568,947,3824,3689,5718,8882,32160,27595,39278,54357,173157,130764,168333,210963,260791,677664,415857,460312,493844,1036217,516121,504317,498418,1105075,725752,929266,1095984,972808
0,0,0,0,0,0,0,0,0,0,0,0,0,0,0,0,0,0,0,0,0,0,0,0,2,5,8,9,27,60,288,327,517,902,3651,3560,5559,8533,31288,26818,38053,52989,169954,128357,165414,208597,257084,672747,414416,459040,494104,1038467,518645,506915,501900,1109080,726759,931139,1099564,978630
0,0,0,0,0,0,0,0,0,0,0,0,0,0,0,0,0,0,0,0,0,0,0,0,1,5,9,9,26,64,272,316,489,846,3512,3468,5313,8093,30482,25891,37406,51625,166294,125928,163231,205092,254614,667268,412365,458103,494087,1041776,520784,510290,504228,1112519,728370,933087,1103359,984186
0,0,0,0,0,0,0,0,0,0,0,0,0,0,0,0,0,0,0,0,0,0,0,0,1,6,8,15,20,46,279,274,485,811,3404,3264,5187,7896,29431,25202,36458,50232,162749,123899,160247,203032,251141,662559,410217,456754,493734,1044667,523217,512882,507187,1117217,728909,935213,1106891,989874
0,0,0,0,0,0,0,0,0,0,0,0,0,0,0,0,0,0,0,0,0,0,0,0,1,7,7,11,16,53,238,270,463,761,3333,3145,4904,7669,28575,24624,35217,49415,158825,121843,157790,200042,248500,656793,408203,455839,493853,1046996,526106,515176,510335,1121178,730087,936788,1110889,995456
0,0,0,0,0,0,0,0,0,0,0,0,0,0,0,0,0,0,0,0,0,0,0,0,0,6,5,10,19,43,237,239,448,753,3216,2990,4772,7338,27689,24079,34164,48188,155541,119608,155399,197161,245680,650976,406434,454527,493672,1049667,528539,517684,514031,1124883,730964,939099,1114322,1001025
0,0,0,0,0,0,0,0,0,0,0,0,0,0,0,0,0,0,0,0,0,0,0,0,0,7,2,12,17,37,234,241,420,708,3028,2961,4598,7005,26956,23362,33036,47050,152802,116810,153054,194713,242614,645573,404606,452868,492760,1052796,531075,520646,516473,1129296,732183,940649,1118247,1006569
0,0,0,0,0,0,0,0,0,0,0,0,0,0,0,0,0,0,0,0,0,0,0,0,1,5,4,12,19,24,212,251,389,685,2895,2796,4440,6800,26151,22553,32387,45806,149550,114976,150554,191812,239882,640153,401841,452183,492237,1054669,533962,524197,518371,1133530,733885,942086,1121626,1012464
0,0,0,0,0,0,0,0,0,0,0,0,0,0,0,0,0,0,0,0,0,0,0,0,0,4,8,8,21,22,187,207,416,636,2821,2647,4350,6571,25199,21963,31382,44611,146742,112622,148158,188976,236995,635648,399772,449886,492411,1056263,536420,527662,520757,1137774,735111,943694,1125611,1017853
0,0,0,0,0,0,0,0,0,0,0,0,0,0,0,0,0,0,0,0,0,0,0,0,0,4,5,9,16,35,174,199,374,659,2678,2596,4135,6286,24462,21423,30431,43787,143446,110614,146094,185862,234572,629578,397552,449413,491268,1058624,538825,529783,523571,1142034,736421,945736,1129467,1023275
0,0,0,0,0,0,0,0,0,0,0,0,0,0,0,0,0,0,0,0,0,0,0,0,0,4,4,10,18,31,172,195,325,613,2595,2516,4002,6022,23711,20770,29811,42619,140546,108186,143222,183933,231049,624280,395448,448253,490952,1060622,540979,532652,526491,1146276,737700,947338,1133188,1028875
0,0,0,0,0,0,0,0,0,0,0,0,0,0,0,0,0,0,0,0,0,0,0,0,1,3,4,6,25,25,156,179,338,555,2508,2371,3791,6053,22740,20138,29314,41212,137862,106240,140927,180878,228213,619174,393128,447009,489640,1063073,542918,535241,529579,1150798,738638,949279,1136967,1034425
0,0,0,0,0,0,0,0,0,0,0,0,0,0,0,0,0,0,0,0,0,0,0,0,0,2,8,5,13,34,137,183,312,537,2370,2351,3688,5792,21931,19891,28211,40353,134838,104429,137988,178886,225434,613636,390376,445957,488677,1065076,544820,538588,531921,1155284,739813,951046,1140897,1039924
0,0,0,0,0,0,0,0,0,0,0,0,0,0,0,0,0,0,0,0,0,0,0,0,0,3,7,3,17,26,140,159,300,554,2199,2300,3559,5575,21348,18904,27767,39305,131703,102613,136130,175952,223260,607158,389198,443569,488261,1066680,546696,541842,534797,1159533,741342,952307,1144743,1045458
0,0,0,0,0,0,0,0,0,0,0,0,0,0,0,0,0,0,0,0,0,0,0,0,1,2,3,9,14,24,140,141,279,539,2135,2121,3506,5374,20577,18411,27106,38308,128626,101024,133597,173644,220046,602098,386998,442692,486940,1068343,548278,545039,537198,1164013,742452,954203,1148817,1050710
0,0,0,0,0,0,0,0,0,0,0,0,0,0,0,0,0,0,0,0,0,0,0,0,0,1,5,6,18,18,121,152,292,458,2071,2067,3312,5268,19796,18062,26285,37189,126105,98810,131507,171252,217725,596198,384960,440139,487215,1069770,550084,547681,540045,1168229,744107,955901,1152734,1055825
0,0,0,0,0,0,0,0,0,0,0,0,0,0,0,0,0,0,0,0,0,0,0,0,0,1,4,9,11,25,124,130,272,472,1955,2013,3304,4925,19247,17558,25465,36286,123408,97103,128889,168749,214844,591148,382490,437903,487356,1070287,552778,550216,542965,1172310,745901,957652,1156331,1061277
0,0,0,0,0,0,0,0,0,0,0,0,0,0,0,0,0,0,0,0,0,0,0,0,0,3,4,6,8,23,115,126,261,453,1920,1806,3154,4878,18555,17119,24926,35242,120803,95218,126669,166203,212281,585284,379951,436076,486292,1071834,555252,553226,545726,1176410,747679,959220,1159940,1066745
0,0,0,0,0,0,0,0,0,0,0,0,0,0,0,0,0,0,0,0,0,0,0,0,0,5,2,3,12,15,116,135,208,432,1847,1791,2945,4799,17949,16592,24123,34555,117856,93315,125255,163525,209325,579855,377901,434136,485104,1072692,558115,554898,549946,1179878,749057,961420,1163414,1072187
0,0,0,0,0,0,0,0,0,0,0,0,0,0,0,0,0,0,0,0,0,0,0,0,0,4,3,5,9,15,108,136,214,378,1737,1735,2851,4570,17584,15777,23784,33615,115129,91470,123496,161048,207362,573786,374935,432504,483855,1074562,560276,556851,553017,1184730,749883,963263,1167337,1077379
0,0,0,0,0,0,0,0,0,0,0,0,0,0,0,0,0,0,0,0,0,0,0,0,0,4,4,3,8,15,109,117,207,367,1680,1670,2695,4365,17062,15543,22886,33077,112438,89940,120947,159494,203900,567944,372952,430652,483490,1074779,562901,559295,555624,1188942,751237,965209,1171112,1082740
0,0,0,0,0,0,0,0,0,0,0,0,0,0,0,0,0,0,0,0,0,0,0,0,0,3,3,7,5,15,105,109,201,363,1546,1621,2600,4183,16695,15024,22215,32050,110068,88181,119058,156877,201324,562881,370087,429361,482463,1075856,564114,561677,558646,1193783,752431,966908,1175041,1087907
0,0,0,0,0,0,0,0,0,0,0,0,0,0,0,0,0,0,0,0,0,0,0,0,0,3,3,4,6,14,102,99,206,310,1490,1564,2512,4023,16100,14652,21492,31467,107373,86768,117155,154146,198902,557067,367801,427180,481901,1076485,566224,564364,561349,1197756,754089,969000,1178561,1093240
0,0,0,0,0,0,0,0,0,0,0,0,0,0,0,0,0,0,0,0,0,0,0,0,0,1,4,2,8,21,84,106,192,330,1399,1519,2432,3800,15606,14183,20964,30583,105169,84861,115195,152152,195953,551757,365472,425643,480434,1077507,567336,566867,564083,1203017,754798,971343,1181906,1098681
0,0,0,0,0,0,0,0,0,0,0,0,0,0,0,0,0,0,0,0,0,0,0,0,0,1,3,2,9,14,79,95,187,334,1332,1449,2380,3663,15015,13734,20348,29845,102900,83382,113429,149497,193204,546729,362574,424120,478678,1078568,569211,569015,566890,1207569,756759,972731,1185872,1103790
0,0,0,0,0,0,0,0,0,0,0,0,0,0,0,0,0,0,0,0,0,0,0,0,0,0,2,5,12,9,79,84,192,281,1343,1367,2261,3571,14526,13438,19708,29122,100470,81964,111606,146531,191030,541398,360321,421637,477497,1079335,570547,572412,569395,1212004,758286,974321,1189475,1109179
0,0,0,0,0,0,0,0,0,0,0,0,0,0,0,0,0,0,0,0,0,0,0,0,0,0,3,2,8,20,66,81,172,273,1281,1384,2139,3377,14189,12855,19319,28333,98394,80040,109258,145141,188313,535932,357996,419609,476585,1078715,572752,575012,571886,1216794,759947,975996,1192965,1114571
0,0,0,0,0,0,0,0,0,0,0,0,0,0,0,0,0,0,0,0,0,0,0,0,0,0,1,4,7,15,77,74,142,251,1275,1261,2109,3318,13570,12571,18936,27495,96272,78578,107378,142608,185822,530629,355356,417791,474953,1079346,573941,578005,574927,1221218,761150,977817,1196485,1120026
0,0,0,0,0,0,0,0,0,0,0,0,0,0,0,0,0,0,0,0,0,0,0,0,0,1,0,2,9,11,78,63,146,259,1188,1219,1976,3220,13200,12198,18392,26999,94109,76982,105227,140454,183480,525636,352255,415890,473970,1079306,575585,580462,577989,1225557,762622,979249,1200189,1125485
0,0,0,0,0,0,0,0,0,0,0,0,0,0,0,0,0,0,0,0,0,0,0,0,0,1,0,1,6,17,68,78,124,236,1155,1205,1909,3110,12767,11831,17840,26380,92025,75846,102679,138560,180759,520439,350710,412853,472181,1079308,578554,582524,580330,1230035,764350,980802,1203928,1130797
0,0,0,0,0,0,0,0,0,0,0,0,0,0,0,0,0,0,0,0,0,0,0,0,0,1,0,1,7,10,72,62,120,243,1077,1147,1936,2929,12421,11472,17290,25595,89977,73944,101378,136044,178549,515482,347641,410552,471352,1079560,579761,585191,583306,1234446,766167,982412,1206699,1136564
0,0,0,0,0,0,0,0,0,0,0,0,0,0,0,0,0,0,0,0,0,0,0,0,0,1,0,2,7,7,66,69,114,220,1079,1093,1779,2886,11967,11196,16720,24977,88043,72335,99551,133889,176531,510144,345181,408633,468839,1080232,581070,587409,586744,1238582,767746,983889,1210763,1141644
0,0,0,0,0,0,0,0,0,0,0,0,0,0,0,0,0,0,0,0,0,0,0,0,0,1,0,2,5,14,62,60,115,208,1040,1021,1695,2824,11628,10896,16070,24410,86142,70706,97898,131951,173615,505074,343000,406255,467151,1080209,582610,590530,588399,1243648,768926,986426,1213885,1146932
0,0,0,0,0,0,0,0,0,0,0,0,0,0,0,0,0,0,0,0,0,0,0,0,0,1,0,4,3,12,59,67,101,209,978,992,1636,2688,11299,10547,15795,23844,83975,69438,96188,129723,171014,499677,340317,404246,466684,1079249,584471,592269,591528,1248333,770659,988013,1217244,1152145
0,0,0,0,0,0,0,0,0,0,0,0,0,0,0,0,0,0,0,0,0,0,0,0,0,0,1,2,7,14,50,62,98,189,931,982,1540,2613,10895,10201,15413,23132,82517,67936,94553,127591,168194,495052,337255,402482,464960,1079109,584918,595326,593524,1253713,772076,989995,1220743,1157334
0,0,0,0,0,0,0,0,0,0,0,0,0,0,0,0,0,0,0,0,0,0,0,0,0,0,2,0,7,9,57,53,101,179,893,939,1504,2528,10481,9928,15040,22554,80575,66720,92774,125530,166161,488913,335033,400125,464013,1078093,587112,597391,595845,1258512,773803,991377,1224636,1162520
0,0,0,0,0,0,0,0,0,0,0,0,0,0,0,0,0,0,0,0,0,0,0,0,0,0,2,2,4,10,46,55,95,192,818,902,1465,2392,10214,9737,14589,21878,78709,65653,90696,123948,163673,483607,332742,398103,461866,1077878,588226,599329,598569,1263401,775422,993453,1227700,1168032
0,0,0,0,0,0,0,0,0,0,0,0,0,0,0,0,0,0,0,0,0,0,0,0,0,0,2,2,6,8,39,53,87,185,790,871,1426,2325,9852,9390,14351,21175,77052,64150,89598,121172,161918,477817,330404,396260,460152,1077194,589170,601756,601739,1267598,777242,995119,1231402,1173103
0,0,0,0,0,0,0,0,0,0,0,0,0,0,0,0,0,0,0,0,0,0,0,0,0,0,2,0,4,11,37,55,89,163,755,811,1413,2274,9407,9117,13994,20604,75242,63072,87839,119291,159875,473134,327536,393869,458316,1076340,590047,604104,604768,1272553,778810,997045,1234614,1178217
0,0,0,0,0,0,0,0,0,0,0,0,0,0,0,0,0,0,0,0,0,0,0,0,0,0,0,2,2,12,38,45,103,143,738,797,1365,2102,9131,8751,13769,20051,73741,61981,85585,117639,157347,468105,324840,391831,456941,1075481,592084,605065,607327,1278128,780266,998979,1237512,1183507
0,0,0,0,0,0,0,0,0,0,0,0,0,0,0,0,0,0,0,0,0,0,0,0,0,0,0,1,2,8,40,52,67,162,721,745,1306,2098,8809,8535,13192,19565,72022,60770,84072,115718,155357,462869,322285,389913,454843,1074499,592922,607707,609785,1283080,781908,1000944,1240842,1188569
0,0,0,0,0,0,0,0,0,0,0,0,0,0,0,0,0,0,0,0,0,0,0,0,0,0,0,1,1,9,27,57,62,163,650,734,1264,2057,8511,8194,12845,19183,70426,59215,82918,113557,153033,458283,319749,387081,453361,1074251,593283,610180,612407,1287718,783653,1002604,1244375,1193556
0,0,0,0,0,0,0,0,0,0,0,0,0,0,0,0,0,0,0,0,0,0,0,0,0,0,0,0,3,4,36,40,70,144,633,719,1214,1949,8248,7995,12389,18790,68616,58125,81338,111981,151084,452974,317642,384129,451800,1073408,593853,612334,615062,1292595,785438,1004565,1247522,1198708
0,0,0,0,0,0,0,0,0,0,0,0,0,0,0,0,0,0,0,0,0,0,0,0,0,0,0,0,2,6,30,35,73,125,620,673,1172,1866,8006,7751,12165,18202,67182,56858,79848,110305,148674,448111,314510,382020,450114,1072620,594752,614219,617437,1297617,787526,1006223,1250937,1203729
0,0,0,0,0,0,0,0,0,0,0,0,0,0,0,0,0,0,0,0,0,0,0,0,0,0,0,1,2,2,29,35,71,116,602,653,1069,1872,7729,7532,11782,17786,65538,55999,78370,108111,146873,442810,311760,380200,448021,1071920,595543,616308,619586,1303078,789314,1007219,1255050,1208427
0,0,0,0,0,0,0,0,0,0,0,0,0,0,0,0,0,0,0,0,0,0,0,0,0,0,0,0,1,4,31,30,64,122,588,590,1018,1803,7601,7234,11275,17660,63702,54891,77082,106100,144723,438440,308924,377646,446442,1070190,597701,617081,622456,1307918,791078,1008941,1258319,1213753
0,0,0,0,0,0,0,0,0,0,0,0,0,0,0,0,0,0,0,0,0,0,0,0,0,0,0,0,0,5,28,33,55,121,563,566,958,1732,7381,6992,11054,17033,62339,53787,75403,104880,142252,433647,306413,375388,444414,1068274,599383,618662,625258,1312717,792681,1011382,1261240,1218767
0,0,0,0,0,0,0,0,0,0,0,0,0,0,0,0,0,0,0,0,0,0,0,0,0,0,0,0,0,6,23,27,61,107,553,521,960,1640,7151,6814,10697,16543,60908,52724,74136,103104,140338,428301,304319,372715,442350,1067772,599504,620556,628120,1317421,794242,1013216,1264576,1224003
0,0,0,0,0,0,0,0,0,0,0,0,0,0,0,0,0,0,0,0,0,0,0,0,0,0,0,0,0,4,24,24,60,103,508,567,897,1636,6907,6643,10347,16016,59581,51621,73049,101178,138220,423597,301929,370027,440088,1066822,600725,621353,631288,1323027,795553,1014587,1267618,1229409
0,0,0,0,0,0,0,0,0,0,0,0,0,0,0,0,0,0,0,0,0,0,0,0,0,0,0,0,0,4,21,26,48,96,485,542,924,1558,6624,6391,10163,15552,58403,50196,71781,99866,136205,418759,299571,366958,438429,1065655,601457,623169,633215,1327619,798035,1016175,1271052,1234429
0,0,0,0,0,0,0,0,0,0,0,0,0,0,0,0,0,0,0,0,0,0,0,0,0,0,0,0,1,1,22,26,38,101,455,524,906,1520,6429,6196,9928,15204,57164,48944,70434,98179,134252,413724,296997,364518,436649,1064812,601380,625336,635686,1332474,799589,1017932,1274668,1239319
0,0,0,0,0,0,0,0,0,0,0,0,0,0,0,0,0,0,0,0,0,0,0,0,0,0,0,0,1,2,15,29,41,90,438,527,860,1419,6269,6070,9524,14981,55772,48151,68804,96830,131777,409626,293868,362373,434067,1063661,602429,626984,637771,1337531,801701,1019856,1277968,1243973
0,0,0,0,0,0,0,0,0,0,0,0,0,0,0,0,0,0,0,0,0,0,0,0,0,0,0,1,0,1,13,26,48,79,439,493,805,1349,6117,5948,9177,14565,54575,47091,67675,94938,130351,404577,291490,359732,432564,1061921,602810,628672,639988,1342643,803119,1022218,1281484,1248499
0,0,0,0,0,0,0,0,0,0,0,0,0,0,0,0,0,0,0,0,0,0,0,0,0,0,1,0,1,2,15,21,38,84,412,482,771,1272,5981,5688,9097,14142,53067,46258,66508,93520,127812,400151,289453,357017,430169,1059891,604335,630205,642828,1347230,804752,1023454,1285372,1253379
0,0,0,0,0,0,0,0,0,0,0,0,0,0,0,0,0,0,0,0,0,0,0,0,0,0,1,0,0,5,8,26,43,71,403,442,740,1284,5696,5512,8949,13591,51783,45609,65260,91734,126058,395332,286918,354463,429177,1057701,603928,632237,644981,1352887,806418,1025419,1288034,1258698
0,0,0,0,0,0,0,0,0,0,0,0,0,0,0,0,0,0,0,0,0,0,0,0,0,0,1,0,0,5,9,21,50,54,382,437,712,1291,5504,5394,8583,13359,50537,44490,64113,90464,124310,390415,284104,353028,426533,1055513,604999,633786,647424,1357537,808065,1027699,1290975,1263614
0,0,0,0,0,0,0,0,0,0,0,0,0,0,0,0,0,0,0,0,0,0,0,0,0,0,1,0,1,2,16,13,44,65,357,433,682,1238,5308,5316,8319,12945,49393,43711,62885,88743,122725,385619,281554,350848,424092,1053891,605704,635311,650022,1361985,809657,1029828,1293914,1268786
0,0,0,0,0,0,0,0,0,0,0,0,0,0,0,0,0,0,0,0,0,0,0,0,0,0,1,0,2,0,16,17,32,62,366,378,691,1159,5185,5169,8085,12519,48358,42690,61756,87113,121179,380638,278749,348744,422168,1052179,605745,637284,652345,1366359,812308,1031323,1297169,1273619
0,0,0,0,0,0,0,0,0,0,0,0,0,0,0,0,0,0,0,0,0,0,0,0,0,0,0,1,2,0,15,16,35,51,352,357,664,1114,5091,4917,7881,12157,47093,41903,60838,85554,119092,376403,275813,347193,419573,1050165,606841,637822,655336,1370694,814821,1032873,1300136,1278605
0,0,0,0,0,0,0,0,0,0,0,0,0,0,0,0,0,0,0,0,0,0,0,0,0,0,0,1,1,2,15,14,28,55,323,374,626,1091,4840,4903,7625,11885,45944,41084,59663,84430,116926,371586,274038,344437,417725,1047998,607254,639120,656817,1376187,816723,1034800,1303203,1283690
0,0,0,0,0,0,0,0,0,0,0,0,0,0,0,0,0,0,0,0,0,0,0,0,0,0,1,0,1,2,14,14,28,54,296,382,585,999,4784,4701,7457,11693,44668,40435,58378,83015,115635,366808,271696,341564,415501,1046503,607131,640512,659004,1381365,818856,1036710,1305910,1288706
0,0,0,0,0,0,0,0,0,0,0,0,0,0,0,0,0,0,0,0,0,0,0,0,0,1,0,1,1,1,13,10,31,56,262,375,595,959,4586,4603,7171,11360,43708,39430,57332,81607,114174,362158,269418,339024,414467,1043425,607428,641628,661452,1386103,820623,1038727,1309303,1293376
0,0,0,0,0,0,0,0,0,0,0,0,0,0,0,0,0,0,0,0,0,0,0,0,0,1,0,1,0,4,7,16,25,57,246,377,517,1003,4441,4411,6922,11165,42673,38541,56320,80331,112331,357854,266922,336991,411851,1041777,606985,643636,663179,1391048,822268,1041057,1311693,1298758
0,0,0,0,0,0,0,0,0,0,0,0,0,0,0,0,0,0,0,0,0,0,0,0,0,1,0,0,1,1,9,17,22,60,232,341,524,938,4307,4259,6833,10704,41749,37742,55332,78878,110861,353515,264585,334563,409632,1038552,608149,644585,665288,1396152,824292,1043073,1314327,1303884
0,0,0,0,0,0,0,0,0,0,0,0,0,0,0,0,0,0,0,0,0,0,0,0,0,0,1,0,0,2,12,12,28,41,238,339,499,913,4180,4152,6619,10304,40960,36923,54193,77527,109213,349601,261505,332680,407451,1036008,608633,645733,667138,1401458,825720,1044755,1317798,1308772
0,0,0,0,0,0,0,0,0,0,0,0,0,0,0,0,0,0,0,0,0,0,0,0,0,0,0,1,0,1,11,13,24,48,236,287,491,885,4061,4056,6471,9951,39911,36358,52915,76299,107476,345688,259146,330093,405532,1033687,608474,646738,669354,1406036,827940,1046346,1320962,1313917
0,0,0,0,0,0,0,0,0,0,0,0,0,0,0,0,0,0,0,0,0,0,0,0,0,0,0,0,1,0,15,8,31,34,225,281,503,840,3903,3946,6274,9732,39087,35379,52076,75029,105780,341467,256607,328045,402916,1030859,608828,648605,671460,1410885,829633,1047784,1324272,1318903
0,0,0,0,0,0,0,0,0,0,0,0,0,0,0,0,0,0,0,0,0,0,0,0,0,0,0,0,1,1,15,12,20,37,221,269,508,793,3757,3820,6122,9457,38248,34720,51007,73739,104153,337482,254546,325500,400411,1028448,608993,649351,673765,1415684,831979,1048980,1327586,1323783
0,0,0,0,0,0,0,0,0,0,0,0,0,0,0,0,0,0,0,0,0,0,0,0,0,0,0,0,0,3,10,13,25,31,197,311,417,792,3668,3698,5893,9293,37276,33920,50228,72250,102669,333105,252155,323208,398229,1026036,609800,650067,675602,1420693,833124,1051254,1330856,1328585
0,0,0,0,0,0,0,0,0,0,0,0,0,0,0,0,0,0,0,0,0,0,0,0,0,0,0,0,0,3,9,15,18,32,199,276,423,765,3519,3564,5693,9183,36513,33028,49176,71056,101277,328915,249899,320821,395618,1024074,608806,652000,677227,1424940,836172,1052968,1333748,1333471
0,0,0,0,0,0,0,0,0,0,0,0,0,0,0,0,0,0,0,0,0,0,0,0,0,0,0,0,1,2,8,14,17,34,201,237,449,714,3442,3408,5565,8993,35529,32361,48393,69699,99446,325428,247124,318155,393885,1021605,608575,652995,678813,1429842,838183,1055098,1336996,1338196
0,0,0,0,0,0,0,0,0,0,0,0,0,0,0,0,0,0,0,0,0,0,0,0,0,0,0,0,0,1,11,12,21,32,191,230,432,698,3285,3342,5352,8714,34782,31717,47462,68552,98069,321016,244973,315912,391800,1018428,609027,653307,680702,1435298,839788,1057299,1339798,1343157
0,0,0,0,0,0,0,0,0,0,0,0,0,0,0,0,0,0,0,0,0,0,0,0,0,0,0,0,0,2,11,6,26,39,179,213,399,710,3212,3248,5219,8372,34046,31187,46205,67408,96321,317326,242565,313179,390739,1014843,608723,654907,682663,1439995,841843,1058976,1342710,1348136
0,0,0,0,0,0,0,0,0,0,0,0,0,0,0,0,0,0,0,0,0,0,0,0,0,0,0,0,1,1,5,15,19,30,187,199,392,669,3117,3149,4978,8322,33354,30431,45240,66256,94848,313506,240282,310651,388579,1012007,608117,656249,684842,1444457,843969,1061087,1345535,1352914
0,0,0,0,0,0,0,0,0,0,0,0,0,0,0,0,0,0,0,0,0,0,0,0,0,0,0,0,0,2,6,13,23,20,171,190,352,679,3038,3010,5004,7874,32418,30012,44504,64999,93409,309702,238312,308410,385723,1009234,607910,657414,686546,1449399,846035,1063074,1348492,1357433
0,0,0,0,0,0,0,0,0,0,0,0,0,0,0,0,0,0,0,0,0,0,0,0,0,0,0,0,0,1,6,13,22,21,158,179,368,612,2955,2956,4792,7770,31663,29316,43701,63988,91698,305572,236092,306094,383412,1006987,607575,658263,688250,1453985,848465,1064595,1351939,1361960
0,0,0,0,0,0,0,0,0,0,0,0,0,0,0,0,0,0,0,0,0,0,0,0,0,0,0,0,0,0,9,8,15,32,157,163,348,598,2837,2941,4659,7541,30894,28708,42585,63134,89947,302083,233967,303345,380929,1003707,608800,658457,690100,1458688,850066,1066831,1354873,1366986
0,0,0,0,0,0,0,0,0,0,0,0,0,0,0,0,0,0,0,0,0,0,0,0,0,0,0,0,0,0,10,5,21,21,147,172,331,579,2699,2858,4553,7309,30262,28078,42059,61726,88676,298640,230824,301823,378165,1000733,608271,659232,692542,1463086,852153,1068422,1358164,1371847
0,0,0,0,0,0,0,0,0,0,0,0,0,0,0,0,0,0,0,0,0,0,0,0,0,0,0,0,0,0,8,7,18,21,133,173,339,558,2561,2763,4440,7149,29682,27174,41484,60604,87503,295038,228385,298601,377021,997288,607891,660191,693964,1468112,854337,1070337,1360803,1376823
0,0,0,0,0,0,0,0,0,0,0,0,0,0,0,0,0,0,0,0,0,0,0,0,0,0,0,0,0,0,9,6,15,22,127,165,315,573,2481,2611,4386,7029,28805,26784,40479,59657,86027,291405,226414,296013,374620,994355,607715,660728,695721,1472846,855980,1072696,1363792,1381632
0,0,0,0,0,0,0,0,0,0,0,0,0,0,0,0,0,0,0,0,0,0,0,0,0,0,0,0,0,2,9,6,7,26,125,160,310,536,2395,2454,4326,6809,28377,26107,39667,58681,84766,287143,224881,293942,371710,991900,606370,661423,697917,1477971,857855,1074990,1366209,1386334
0,0,0,0,0,0,0,0,0,0,0,0,0,0,0,0,0,0,0,0,0,0,0,0,0,0,0,0,0,1,10,5,12,22,117,151,302,522,2315,2423,4147,6601,27528,25798,39105,57578,83432,283603,222450,291513,368766,989724,606189,662629,698929,1482547,859649,1077288,1369170,1390882
0,0,0,0,0,0,0,0,0,0,0,0,0,0,0,0,0,0,0,0,0,0,0,0,0,0,0,0,0,1,8,5,14,24,101,163,286,480,2274,2377,4007,6403,26843,25415,38169,57026,82010,279985,220321,289017,366597,986521,606421,661695,701340,1487530,861912,1078597,1372720,1395146
0,0,0,0,0,0,0,0,0,0,0,0,0,0,0,0,0,0,0,0,0,0,0,0,0,0,0,0,0,1,7,6,14,17,105,146,286,474,2227,2277,3891,6300,26226,24769,37473,56061,81078,276500,218023,286669,364227,982635,606445,662731,702461,1492421,863942,1080770,1375574,1399652
0,0,0,0,0,0,0,0,0,0,0,0,0,0,0,0,0,0,0,0,0,0,0,0,0,0,0,0,0,4,5,8,12,13,102,133,283,468,2096,2313,3742,6130,25594,24302,36809,54629,79977,273229,215806,284367,362242,979159,605743,663687,704093,1496380,866461,1082883,1378374,1404364
0,0,0,0,0,0,0,0,0,0,0,0,0,0,0,0,0,0,0,0,0,0,0,0,0,0,0,0,0,2,5,8,8,21,94,116,267,447,2059,2204,3630,6068,25089,23653,36168,53892,78379,269794,213432,282424,360080,975010,606095,663994,706048,1501043,867781,1085825,1380534,1409238
0,0,0,0,0,0,0,0,0,0,0,0,0,0,0,0,0,0,0,0,0,0,0,0,0,0,0,0,0,2,5,7,9,17,96,104,263,440,2000,2100,3586,5751,24588,23311,35426,52902,77135,266359,211046,280240,357849,971766,605415,665089,707898,1505298,869351,1087533,1384136,1413686
0,0,0,0,0,0,0,0,0,0,0,0,0,0,0,0,0,0,0,0,0,0,0,0,0,0,0,0,0,3,7,2,8,21,92,114,222,445,1937,2027,3496,5702,23847,22696,35114,51864,75977,262424,209765,277173,356320,968191,604481,666784,708367,1509600,871473,1089966,1386769,1418521
0,0,0,0,0,0,0,0,0,0,0,0,0,0,0,0,0,0,0,0,0,0,0,0,0,0,0,0,1,0,8,4,9,17,100,93,230,401,1854,2050,3343,5566,23278,22178,34095,51245,75196,259007,207177,275565,353970,964643,603999,667136,709706,1514220,873653,1092258,1389049,1423357
0,0,0,0,0,0,0,0,0,0,0,0,0,0,0,0,0,0,0,0,0,0,0,0,0,0,0,0,1,0,7,5,7,16,91,109,183,397,1836,1998,3305,5360,22822,21572,33661,50160,74075,255831,204989,273388,352056,961232,602610,668403,710649,1518616,875901,1093578,1392635,1427915
0,0,0,0,0,0,0,0,0,0,0,0,0,0,0,0,0,0,0,0,0,0,0,0,0,0,0,0,1,1,5,8,7,11,85,108,196,361,1803,1941,3201,5212,22284,21355,32785,49236,73058,252774,202537,271263,349718,958202,601958,668092,713142,1522528,877895,1095751,1395397,1432493
0,0,0,0,0,0,0,0,0,0,0,0,0,0,0,0,0,0,0,0,0,0,0,0,0,0,0,0,1,0,8,4,5,15,82,104,185,363,1730,1902,3125,5048,21674,20911,32170,48471,71837,249784,200317,269190,347316,954601,600985,668597,714618,1527301,880157,1097479,1398526,1436902
0,0,0,0,0,0,0,0,0,0,0,0,0,0,0,0,0,0,0,0,0,0,0,0,0,0,0,0,1,2,5,3,6,15,74,93,203,334,1672,1886,3000,5035,21037,20539,31523,47570,70923,246319,198759,266502,345313,950760,600128,669862,715457,1532133,881866,1099666,1401374,1441348
0,0,0,0,0,0,0,0,0,0,0,0,0,0,0,0,0,0,0,0,0,0,0,0,0,0,0,0,1,2,2,5,9,14,78,75,196,337,1656,1707,2971,4915,20567,20043,30991,46901,69627,243082,197256,263747,343130,947311,599414,670644,716327,1536482,884005,1101397,1404681,1445835
0,0,0,0,0,0,0,0,0,0,0,0,0,0,0,0,0,0,0,0,0,0,0,0,0,0,0,0,1,1,4,3,12,11,70,95,186,278,1592,1706,2869,4808,20017,19804,30419,45895,68703,240002,195137,261644,340464,943978,599185,670645,717449,1541324,885878,1103664,1407382,1450182
0,0,0,0,0,0,0,0,0,0,0,0,0,0,0,0,0,0,0,0,0,0,0,0,0,0,0,0,1,0,3,5,10,15,53,102,176,282,1512,1661,2805,4643,19712,19240,29997,44907,67547,237119,193079,259619,337865,940580,599109,669946,718926,1546451,887502,1105676,1410256,1454609
0,0,0,0,0,0,0,0,0,0,0,0,0,0,0,0,0,0,0,0,0,0,0,0,0,0,0,0,0,1,4,3,6,21,54,97,155,285,1489,1583,2692,4535,19353,18782,29372,44469,66359,233688,191290,257347,335601,937518,598998,670014,719316,1550485,890306,1107162,1413448,1458975
0,0,0,0,0,0,0,0,0,0,0,0,0,0,0,0,0,0,0,0,0,0,0,0,0,0,0,0,0,1,3,2,10,12,62,86,157,280,1389,1571,2623,4402,18994,18383,28750,43792,65178,230657,189187,255394,333002,933668,599510,669315,721502,1553646,893510,1108444,1416535,1463343
0,0,0,0,0,0,0,0,0,0,0,0,0,0,0,0,0,0,0,0,0,0,0,0,0,0,0,0,0,1,3,1,8,15,56,86,160,260,1378,1498,2566,4272,18532,18104,28052,43186,63993,227908,187246,252781,331206,930135,598350,670155,722637,1557582,895504,1110136,1420088,1467509
0,0,0,0,0,0,0,0,0,0,0,0,0,0,0,0,0,0,0,0,0,0,0,0,0,0,0,0,0,0,4,3,3,15,62,83,134,267,1348,1437,2499,4120,18037,17890,27415,42489,63124,224674,185237,251026,328686,926867,596945,671010,723388,1563147,896486,1112655,1422705,1471652
0,0,0,0,0,0,0,0,0,0,0,0,0,0,0,0,0,0,0,0,0,0,0,0,0,0,0,0,0,0,4,3,5,10,66,64,148,239,1305,1434,2417,3908,17722,17474,26935,41794,62128,221928,183091,248961,326460,922668,596740,670794,724707,1567431,898733,1115023,1425475,1475741
0,0,0,0,0,0,0,0,0,0,0,0,0,0,0,0,0,0,0,0,0,0,0,0,0,0,0,0,0,0,3,4,3,7,67,52,148,268,1257,1310,2409,3887,17289,17041,26604,41018,60968,218857,181260,246905,324119,919418,595700,671345,725566,1571615,900760,1117166,1428211,1480151
0,0,0,0,0,0,0,0,0,0,0,0,0,0,0,0,0,0,0,0,0,0,0,0,0,0,0,0,0,0,4,2,5,9,57,59,139,259,1167,1327,2324,3831,16939,16595,26167,40315,60061,216262,178745,244932,322758,915594,594470,670996,726577,1576295,902486,1119417,1431243,1484373
0,0,0,0,0,0,0,0,0,0,0,0,0,0,0,0,0,0,0,0,0,0,0,0,0,0,0,0,0,0,4,3,5,7,49,59,142,258,1115,1315,2238,3751,16445,16318,25698,39705,59102,213632,176603,242843,320355,911862,594073,670835,727699,1580396,905315,1120805,1433677,1489099
0,0,0,0,0,0,0,0,0,0,0,0,0,0,0,0,0,0,0,0,0,0,0,0,0,0,0,0,0,0,3,5,5,5,47,61,132,229,1099,1283,2141,3685,15980,16053,25454,38707,58476,210586,175208,240232,318471,908209,593611,670827,728415,1584386,906602,1123498,1436759,1493239
0,0,0,0,0,0,0,0,0,0,0,0,0,0,0,0,0,0,0,0,0,0,0,0,0,0,0,0,0,0,1,6,5,8,39,61,146,203,1059,1266,2104,3537,15741,15641,24868,38197,57478,207862,173286,238433,316317,904766,592409,670612,729211,1588710,908721,1125478,1439758,1497485
0,0,0,0,0,0,0,0,0,0,0,0,0,0,0,0,0,0,0,0,0,0,0,0,0,0,0,0,0,0,1,5,8,6,38,61,132,222,1013,1192,2011,3550,15319,15384,24488,37473,56595,205142,171608,236336,313726,901631,590705,670982,730546,1592150,911452,1126764,1443548,1501320
0,0,0,0,0,0,0,0,0,0,0,0,0,0,0,0,0,0,0,0,0,0,0,0,0,0,0,0,0,0,0,8,4,4,40,67,120,209,998,1149,1986,3461,14924,15101,24022,37010,55725,202405,169356,234712,311741,897443,590226,670732,732181,1595665,913823,1128297,1446602,1505397
0,0,0,0,0,0,0,0,0,0,0,0,0,0,0,0,0,0,0,0,0,0,0,0,0,0,0,0,0,0,1,6,4,8,44,55,114,223,935,1107,1978,3315,14646,14745,23560,36266,54650,199997,168027,232213,309707,893923,588702,671193,733220,1599656,915545,1130724,1449061,1509783
0,0,0,0,0,0,0,0,0,0,0,0,0,0,0,0,0,0,0,0,0,0,0,0,0,0,0,0,0,0,2,4,7,5,39,50,123,187,912,1090,1923,3239,14372,14415,22930,35874,53700,197375,166274,230265,307641,890325,587695,670177,734945,1603721,917474,1132503,1451974,1514167
0,0,0,0,0,0,0,0,0,0,0,0,0,0,0,0,0,0,0,0,0,0,0,0,0,0,0,0,0,0,2,3,8,4,37,64,96,189,897,1034,1893,3100,14084,14162,22565,35156,52751,194676,165231,227987,305495,886455,586337,670701,735175,1607616,919703,1134984,1454394,1518609
0,0,0,0,0,0,0,0,0,0,0,0,0,0,0,0,0,0,0,0,0,0,0,0,0,0,0,0,0,0,4,0,6,6,39,50,107,183,894,984,1763,3125,13763,13805,22230,34306,52017,192198,163499,226082,303067,882751,585328,670589,736333,1611275,922116,1137052,1456758,1523078
0,0,0,0,0,0,0,0,0,0,0,0,0,0,0,0,0,0,0,0,0,0,0,0,0,0,0,0,0,1,2,1,4,11,33,53,102,178,865,955,1760,2973,13482,13526,21779,33728,51277,189710,161870,223917,300878,878638,585297,669733,737172,1615447,923901,1139174,1459581,1527360
0,0,0,0,0,0,0,0,0,0,0,0,0,0,0,0,0,0,0,0,0,0,0,0,0,0,0,0,1,0,0,2,5,8,34,46,103,174,803,969,1645,2967,13170,13234,21450,33082,50619,186978,160301,222055,298642,874670,584522,669545,737896,1619000,926531,1140747,1462577,1531632
0,0,0,0,0,0,0,0,0,0,0,0,0,0,0,0,0,0,0,0,0,0,0,0,0,0,0,0,0,1,0,1,6,5,35,44,101,163,816,901,1635,2865,12881,13087,21056,32513,49511,185024,158001,220198,296824,870446,583037,669858,738976,1623052,928787,1142283,1465541,1535760
0,0,0,0,0,0,0,0,0,0,0,0,0,0,0,0,0,0,0,0,0,0,0,0,0,0,0,0,0,1,0,1,3,8,33,38,91,163,811,872,1578,2769,12600,12727,20715,32004,48630,182935,155879,218434,294558,866976,581865,669458,739298,1627609,930926,1143924,1468688,1539814
0,0,0,0,0,0,0,0,0,0,0,0,0,0,0,0,0,0,0,0,0,0,0,0,0,0,0,0,0,0,1,0,4,9,27,43,82,167,765,859,1560,2709,12290,12532,20105,31635,48061,180375,154295,216566,292463,863368,580341,669204,739917,1631503,932922,1146296,1471043,1544266
0,0,0,0,0,0,0,0,0,0,0,0,0,0,0,0,0,0,0,0,0,0,0,0,0,0,0,0,0,1,0,2,3,6,25,35,88,154,753,812,1534,2737,11941,12328,19720,30909,47425,178451,152409,214283,290600,859389,579286,668446,741203,1635324,935132,1147654,1474264,1548494
0,0,0,0,0,0,0,0,0,0,0,0,0,0,0,0,0,0,0,0,0,0,0,0,0,0,0,0,0,1,0,0,3,6,29,30,78,154,706,827,1490,2640,11670,11962,19618,30240,46763,175765,150798,212618,288767,855525,577907,668357,741458,1639831,936720,1149978,1476813,1552654
0,0,0,0,0,0,0,0,0,0,0,0,0,0,0,0,0,0,0,0,0,0,0,0,0,0,0,0,1,0,0,0,3,4,32,36,61,163,676,820,1468,2520,11398,11831,19123,29815,45933,173843,148780,210920,286607,851767,577143,668159,741407,1643874,938610,1151857,1479607,1556950
0,0,0,0,0,0,0,0,0,0,0,0,0,0,0,0,0,0,0,0,0,0,0,0,0,0,0,0,1,0,0,2,1,4,35,32,71,137,682,808,1410,2445,11185,11518,18739,29440,45086,172082,146946,208599,284961,848231,575173,668210,742582,1646639,941100,1153981,1481895,1561413
0,0,0,0,0,0,0,0,0,0,0,0,0,0,0,0,0,0,0,0,0,0,0,0,0,0,0,0,0,1,0,2,2,3,28,33,66,134,671,776,1409,2399,10862,11340,18291,28717,44659,169497,146306,206103,282975,844236,574877,667187,743553,1649932,943295,1155922,1484374,1565758
0,0,0,0,0,0,0,0,0,0,0,0,0,0,0,0,0,0,0,0,0,0,0,0,0,0,0,0,0,1,0,2,4,0,27,27,71,122,662,751,1325,2341,10654,11106,17947,28329,43554,167501,145445,203671,280675,840682,573237,667413,743861,1653263,946000,1157914,1487034,1569789
0,0,0,0,0,0,0,0,0,0,0,0,0,0,0,0,0,0,0,0,0,0,0,0,0,0,0,0,0,1,0,2,3,2,21,30,59,136,626,743,1334,2223,10461,10806,17719,27682,43051,165160,144226,201934,278517,836857,571581,667915,743779,1656353,948580,1159776,1489815,1574016
0,0,0,0,0,0,0,0,0,0,0,0,0,0,0,0,0,0,0,0,0,0,0,0,0,0,0,0,1,0,1,1,2,4,18,26,69,125,626,707,1260,2197,10260,10667,17145,27209,42658,163044,142175,200418,276952,832192,570970,666791,744255,1660415,950651,1161938,1492298,1578333
0,0,0,0,0,0,0,0,0,0,0,0,0,0,0,0,0,0,0,0,0,0,0,0,0,0,0,0,1,0,2,0,2,1,23,20,55,126,614,681,1254,2160,9970,10447,16807,26907,41935,161000,140356,199163,274229,828644,570190,666393,744605,1663720,953094,1163544,1495103,1582362
0,0,0,0,0,0,0,0,0,0,0,0,0,0,0,0,0,0,0,0,0,0,0,0,0,0,0,0,0,1,0,2,2,1,15,21,70,109,600,634,1243,2091,9761,10204,16490,26489,41567,158545,139021,197275,272602,824799,568372,665677,746456,1666416,955561,1165382,1497755,1586247
0,0,0,0,0,0,0,0,0,0,0,0,0,0,0,0,0,0,0,0,0,0,0,0,0,0,0,0,0,1,0,2,1,2,17,19,60,118,558,655,1176,2087,9503,9991,16332,25936,40878,156414,137515,196036,270456,820940,566721,665374,746941,1669926,957230,1167826,1500333,1590360
0,0,0,0,0,0,0,0,0,0,0,0,0,0,0,0,0,0,0,0,0,0,0,0,0,0,0,0,0,1,0,2,2,1,13,20,59,108,550,623,1169,2001,9277,9723,16171,25449,40180,154743,135533,194550,268540,817258,564638,664414,748559,1673528,958832,1170016,1503113,1594335
0,0,0,0,0,0,0,0,0,0,0,0,0,0,0,0,0,0,0,0,0,0,0,0,0,0,0,0,0,0,2,1,2,1,17,12,54,107,517,645,1137,1971,9004,9625,15741,24921,39931,152597,134186,192954,266214,813644,563627,663862,749078,1676575,960943,1172306,1505223,1598511
0,0,0,0,0,0,0,0,0,0,0,0,0,0,0,0,0,0,0,0,0,0,0,0,0,0,0,0,0,0,1,1,3,0,16,17,53,97,532,600,1135,1885,8880,9320,15553,24480,39161,150878,132952,191218,264319,809267,562509,663639,749387,1679202,963411,1174544,1507855,1602493
0,0,0,0,0,0,0,0,0,0,0,0,0,0,0,0,0,0,0,0,0,0,0,0,0,0,0,0,0,0,1,1,3,3,10,15,52,109,491,591,1068,1928,8642,9173,15127,24263,38084,149119,132215,188807,262848,804871,561435,663291,749739,1683291,964457,1177112,1510190,1606472
0,0,0,0,0,0,0,0,0,0,0,0,0,0,0,0,0,0,0,0,0,0,0,0,0,0,0,0,0,0,1,2,2,1,11,18,56,97,464,577,1064,1872,8470,8957,14874,23879,37462,147305,130598,187222,260643,801806,559679,663313,749064,1687172,966291,1178919,1513075,1610514
0,0,0,0,0,0,0,0,0,0,0,0,0,0,0,0,0,0,0,0,0,0,0,0,0,0,0,0,0,0,1,2,1,1,11,24,56,85,460,557,1033,1757,8405,8832,14564,23157,37226,145212,129499,185307,259154,797762,558561,662741,750247,1689653,968131,1180688,1515779,1614502
0,0,0,0,0,0,0,0,0,0,0,0,0,0,0,0,0,0,0,0,0,0,0,0,0,0,0,0,0,0,1,0,3,5,11,21,58,68,449,560,964,1728,8202,8663,14226,22810,36690,143585,127976,183584,257134,793820,557617,661917,750083,1692550,971339,1182563,1518531,1618250
0,0,0,0,0,0,0,0,0,0,0,0,0,0,0,0,0,0,0,0,0,0,0,0,0,0,0,0,0,0,0,3,1,2,13,25,44,81,430,510,938,1781,7996,8404,13948,22497,36118,141725,126585,182356,254768,790232,556052,661663,750055,1695840,973180,1184737,1521314,1622110
0,0,0,0,0,0,0,0,0,0,0,0,0,0,0,0,0,0,0,0,0,0,0,0,0,0,0,0,0,0,0,3,1,3,11,18,48,74,419,505,917,1722,7778,8258,13621,22224,35666,139906,124912,181102,252659,786697,554343,660823,750287,1699232,975320,1187196,1523648,1626015
0,0,0,0,0,0,0,0,0,0,0,0,0,0,0,0,0,0,0,0,0,0,0,0,0,0,0,0,0,0,0,2,2,3,10,25,32,74,413,498,902,1684,7688,7928,13459,21899,34989,138083,123949,179129,250786,782510,553756,659485,751255,1702192,977361,1189180,1526588,1629526
0,0,0,0,0,0,0,0,0,0,0,0,0,0,0,0,0,0,0,0,0,0,0,0,0,0,0,0,0,0,0,1,3,3,6,20,36,72,405,481,944,1561,7467,7798,13225,21558,34308,136483,122779,177361,248900,779375,551726,658222,752311,1704633,980122,1191286,1528690,1633632
0,0,0,0,0,0,0,0,0,0,0,0,0,0,0,0,0,0,0,0,0,0,0,0,0,0,0,0,0,0,0,1,3,1,10,16,33,66,417,449,906,1536,7276,7707,12951,21118,34033,134658,121533,175790,246647,775570,549853,658344,752384,1707594,982668,1193167,1531129,1637548
0,0,0,0,0,0,0,0,0,0,0,0,0,0,0,0,0,0,0,0,0,0,0,0,0,0,0,0,0,0,0,1,3,1,12,16,29,66,393,476,848,1554,7024,7618,12701,20812,33557,132807,120081,174494,244725,771664,548706,657846,752147,1711320,983906,1195112,1533889,1641600
0,0,0,0,0,0,0,0,0,0,0,0,0,0,0,0,0,0,0,0,0,0,0,0,0,0,0,0,0,0,0,2,1,3,11,11,34,70,372,468,818,1491,6923,7476,12411,20345,33077,131192,119066,172741,243268,767737,547103,657034,752509,1714135,986149,1196970,1536392,1645599
0,0,0,0,0,0,0,0,0,0,0,0,0,0,0,0,0,0,0,0,0,0,0,0,0,0,0,0,0,0,0,0,4,2,12,14,34,64,364,442,836,1445,6731,7342,12189,20015,32592,129444,118055,171392,241488,763740,545906,656007,752347,1717597,988579,1198178,1538978,1649611
0,0,0,0,0,0,0,0,0,0,0,0,0,0,0,0,0,0,0,0,0,0,0,0,0,0,0,0,0,0,0,0,4,2,13,12,39,56,352,453,772,1391,6657,7183,12026,19662,32164,127630,116821,169633,239704,759698,545333,655219,752343,1720614,990834,1199894,1541280,1653619
0,0,0,0,0,0,0,0,0,0,0,0,0,0,0,0,0,0,0,0,0,0,0,0,0,0,0,0,0,0,0,0,2,3,10,21,33,49,360,440,735,1354,6520,7029,11814,19454,31322,126348,115415,168486,237897,755609,543681,654924,752817,1722558,992783,1202478,1543680,1657586
0,0,0,0,0,0,0,0,0,0,0,0,0,0,0,0,0,0,0,0,0,0,0,0,0,0,0,0,0,0,0,0,1,1,9,20,33,56,334,427,766,1289,6405,6832,11655,19034,30914,124626,113962,167269,236276,751706,542332,654210,753520,1724794,995143,1204164,1546318,1661312
0,0,0,0,0,0,0,0,0,0,0,0,0,0,0,0,0,0,0,0,0,0,0,0,0,0,0,0,0,0,0,0,0,3,10,18,31,52,311,437,741,1256,6206,6868,11264,18883,30308,122931,112908,165532,234787,748087,540343,654119,753303,1727901,997530,1205641,1548535,1665403
0,0,0,0,0,0,0,0,0,0,0,0,0,0,0,0,0,0,0,0,0,0,0,0,0,0,0,0,0,0,0,0,1,2,13,16,23,52,321,405,704,1251,6072,6702,11079,18495,29873,121571,111407,164769,232819,743966,538828,653078,753802,1731236,998881,1207450,1551542,1669050
0,0,0,0,0,0,0,0,0,0,0,0,0,0,0,0,0,0,0,0,0,0,0,0,0,0,0,0,0,0,0,0,0,2,11,13,28,52,321,370,712,1235,5897,6526,10942,18268,29399,120103,110274,163018,231548,740198,537642,651553,754450,1734127,1001133,1209015,1554103,1672468
0,0,0,0,0,0,0,0,0,0,0,0,0,0,0,0,0,0,0,0,0,0,0,0,0,0,0,0,0,0,0,0,1,1,9,19,25,45,324,402,652,1209,5806,6325,10694,18009,28987,118309,109543,161145,230033,736710,536014,651223,754203,1737033,1002873,1211026,1557037,1675751
0,0,0,0,0,0,0,0,0,0,0,0,0,0,0,0,0,0,0,0,0,0,0,0,0,0,0,0,0,0,0,0,1,1,8,16,24,52,312,354,657,1166,5687,6172,10586,17770,28469,116849,108496,159457,228438,732713,534500,650573,755262,1739322,1004162,1213512,1559583,1679266
0,0,0,0,0,0,0,0,0,0,0,0,0,0,0,0,0,0,0,0,0,0,0,0,0,0,0,0,0,0,0,0,0,3,8,14,29,48,292,348,628,1183,5506,6118,10397,17372,28218,115208,107265,158160,226971,728959,533032,649615,755031,1742651,1006314,1214681,1562189,1683168
0,0,0,0,0,0,0,0,0,0,0,0,0,0,0,0,0,0,0,0,0,0,0,0,0,0,0,0,0,0,0,0,0,3,8,11,24,49,312,332,597,1156,5387,5911,10314,17066,28002,113884,106069,156600,224962,725223,532093,648525,754665,1745973,1008107,1216248,1564817,1687070
0,0,0,0,0,0,0,0,0,0,0,0,0,0,0,0,0,0,0,0,0,0,0,0,0,0,0,0,0,0,0,0,0,2,10,9,27,44,301,339,582,1084,5283,5821,10172,16905,27278,112681,104722,155146,223622,721873,529682,647901,755011,1748677,1009886,1218637,1567241,1690472
0,0,0,0,0,0,0,0,0,0,0,0,0,0,0,0,0,0,0,0,0,0,0,0,0,0,0,0,0,0,0,0,0,2,10,6,24,46,283,352,570,1054,5167,5809,9809,16726,26686,111475,103610,153863,221240,719226,527673,647145,754936,1751429,1012242,1220035,1569763,1694227
0,0,0,0,0,0,0,0,0,0,0,0,0,0,0,0,0,0,0,0,0,0,0,0,0,0,0,0,0,0,0,0,0,0,9,9,28,40,269,328,571,1049,5033,5761,9617,16283,26516,109967,102694,152307,219594,715594,526258,646062,754896,1754730,1013879,1221786,1572051,1698077
0,0,0,0,0,0,0,0,0,0,0,0,0,0,0,0,0,0,0,0,0,0,0,0,0,0,0,0,0,0,0,0,0,0,9,11,24,41,262,305,547,1022,5027,5607,9399,16053,25978,108671,101750,150441,218528,712203,524491,645116,754778,1757344,1015964,1223692,1574431,1701714
0,0,0,0,0,0,0,0,0,0,0,0,0,0,0,0,0,0,0,0,0,0,0,0,0,0,0,0,0,0,0,0,0,0,9,10,21,45,257,306,549,947,4979,5427,9215,15865,25675,107211,100588,149550,216372,708614,523253,644404,754475,1760267,1017479,1226034,1576321,1705535
0,0,0,0,0,0,0,0,0,0,0,0,0,0,0,0,0,0,0,0,0,0,0,0,0,0,0,0,0,0,0,0,0,0,9,11,16,45,255,299,541,957,4789,5381,9097,15522,25314,105925,99199,148659,214843,705111,521960,642601,754928,1762442,1019935,1227660,1578902,1709007
0,0,0,0,0,0,0,0,0,0,0,0,0,0,0,0,0,0,0,0,0,0,0,0,0,0,0,0,0,0,0,0,0,0,8,9,25,41,247,288,529,953,4684,5249,8984,15202,24980,104733,97815,147558,213454,701535,520544,641242,755211,1765398,1020958,1229657,1581507,1712597
0,0,0,0,0,0,0,0,0,0,0,0,0,0,0,0,0,0,0,0,0,0,0,0,0,0,0,0,0,0,0,0,0,1,6,11,20,41,236,302,524,902,4538,5203,8876,14907,24602,103259,96996,146282,212038,697825,518703,640761,754583,1768192,1023314,1231543,1583384,1716359
0,0,0,0,0,0,0,0,0,0,0,0,0,0,0,0,0,0,0,0,0,0,0,0,0,0,0,0,0,0,0,0,1,0,7,12,18,35,237,272,528,897,4484,4993,8787,14615,24234,102132,96080,144333,210793,694820,516896,639858,754696,1769948,1025500,1233391,1586664,1719177
0,0,0,0,0,0,0,0,0,0,0,0,0,0,0,0,0,0,0,0,0,0,0,0,0,0,0,0,0,0,0,0,1,0,6,11,17,40,225,268,459,927,4430,4919,8524,14453,23874,100887,95423,142466,208771,691886,514881,639599,754949,1771475,1028494,1234872,1588623,1722928
0,0,0,0,0,0,0,0,0,0,0,0,0,0,0,0,0,0,0,0,0,0,0,0,0,0,0,0,0,0,0,0,1,1,3,7,24,34,213,265,480,877,4420,4791,8380,14248,23580,99596,94380,141235,207547,688217,513586,638461,754258,1774642,1029515,1237119,1591289,1726239
0,0,0,0,0,0,0,0,0,0,0,0,0,0,0,0,0,0,0,0,0,0,0,0,0,0,0,0,0,0,0,0,1,0,3,7,28,31,204,243,474,876,4291,4840,8184,13871,23350,98283,93324,140363,205519,685095,511672,637719,754334,1776624,1031212,1239388,1593512,1729960
0,0,0,0,0,0,0,0,0,0,0,0,0,0,0,0,0,0,0,0,0,0,0,0,0,0,0,0,0,0,0,0,0,2,3,6,21,28,205,254,447,827,4218,4785,8100,13665,22950,96941,92419,139197,203921,681128,511301,636233,753953,1778931,1033159,1241381,1595593,1733740
0,0,0,0,0,0,0,0,0,0,0,0,0,0,0,0,0,0,0,0,0,0,0,0,0,0,0,0,0,0,0,0,1,0,4,6,19,26,195,254,435,821,4044,4732,8019,13422,22617,95869,91316,137930,202541,677144,510514,635137,753960,1781032,1034555,1243300,1598396,1737119
0,0,0,0,0,0,0,0,0,0,0,0,0,0,0,0,0,0,0,0,0,0,0,0,0,0,0,0,0,0,0,1,0,0,1,9,17,28,189,249,423,828,3930,4588,7927,13394,22341,94489,90480,136682,201271,673659,509263,633770,753408,1783488,1036482,1245383,1600553,1740555
0,0,0,0,0,0,0,0,0,0,0,0,0,0,0,0,0,0,0,0,0,0,0,0,0,0,0,0,0,0,0,0,1,0,1,8,19,21,208,209,418,811,3850,4529,7757,13160,22039,93404,89270,135652,199881,670077,507335,633493,753101,1785712,1037937,1247366,1603006,1744143
0,0,0,0,0,0,0,0,0,0,0,0,0,0,0,0,0,0,0,0,0,0,0,0,0,0,0,0,0,0,0,0,1,0,1,5,18,20,197,197,426,794,3776,4426,7745,12844,21796,92229,88180,134568,198397,666513,505894,632628,753156,1787322,1040410,1248923,1605039,1747903
0,0,0,0,0,0,0,0,0,0,0,0,0,0,0,0,0,0,0,0,0,0,0,0,0,0,0,0,0,0,0,0,0,1,1,5,15,26,173,205,412,757,3736,4316,7664,12630,21373,91172,87696,133174,196358,663620,504853,630614,753027,1789818,1042315,1250422,1607462,1751563
0,0,0,0,0,0,0,0,0,0,0,0,0,0,0,0,0,0,0,0,0,0,0,0,0,0,0,0,0,0,0,0,0,1,0,6,14,30,177,187,400,746,3691,4301,7455,12470,21033,90009,86683,132125,195015,660221,503497,629737,752271,1792125,1044245,1252036,1609367,1755566
0,0,0,0,0,0,0,0,0,0,0,0,0,0,0,0,0,0,0,0,0,0,0,0,0,0,0,0,0,0,0,0,0,1,0,4,18,32,148,219,380,714,3672,4150,7278,12344,20827,88791,85805,131036,193713,656808,501471,628624,752530,1794079,1046124,1254059,1611388,1759193
0,0,0,0,0,0,0,0,0,0,0,0,0,0,0,0,0,0,0,0,0,0,0,0,0,0,0,0,0,0,0,0,0,0,1,3,10,36,157,204,373,714,3628,4014,7196,12201,20596,87482,84991,130077,192539,652866,499655,628196,751905,1796374,1048320,1255433,1613739,1762698
0,0,0,0,0,0,0,0,0,0,0,0,0,0,0,0,0,0,0,0,0,0,0,0,0,0,0,0,0,0,0,0,0,0,1,3,10,30,173,184,364,695,3514,3968,7051,12099,20180,86561,83958,129080,190937,650013,498651,625828,752290,1798618,1050140,1256970,1616056,1766034
0,0,0,0,0,0,0,0,0,0,0,0,0,0,0,0,0,0,0,0,0,0,0,0,0,0,0,0,0,0,0,0,0,0,2,2,14,27,149,205,363,663,3491,3850,6904,11910,19901,85581,83188,127651,189789,646419,496861,625604,751722,1800523,1051784,1259629,1617689,1769487
0,0,0,0,0,0,0,0,0,0,0,0,0,0,0,0,0,0,0,0,0,0,0,0,0,0,0,0,0,0,0,0,0,0,2,3,11,28,146,189,367,625,3368,3927,6703,11775,19777,84606,82245,126157,188611,643246,495019,625004,751258,1802519,1053057,1262127,1619798,1772840
0,0,0,0,0,0,0,0,0,0,0,0,0,0,0,0,0,0,0,0,0,0,0,0,0,0,0,0,0,0,0,0,0,0,1,3,4,32,134,191,396,591,3254,3832,6607,11573,19638,83508,81469,125052,187056,640491,492689,624316,751017,1804201,1055281,1264012,1621725,1776335
0,0,0,0,0,0,0,0,0,0,0,0,0,0,0,0,0,0,0,0,0,0,0,0,0,0,0,0,0,0,0,0,0,0,1,2,9,30,120,191,368,594,3214,3703,6534,11373,19301,82801,80083,124307,185550,637316,491105,623198,750361,1806501,1057640,1265251,1623907,1779948
0,0,0,0,0,0,0,0,0,0,0,0,0,0,0,0,0,0,0,0,0,0,0,0,0,0,0,0,0,0,0,0,0,0,0,5,10,25,125,165,340,608,3170,3632,6376,11139,19042,82042,79382,122997,184268,633930,490184,621121,750215,1808147,1059405,1267545,1626254,1783281
0,0,0,0,0,0,0,0,0,0,0,0,0,0,0,0,0,0,0,0,0,0,0,0,0,0,0,0,0,0,0,0,0,0,0,7,6,21,132,162,339,562,3167,3534,6302,10882,18733,81070,78822,121814,182656,631205,488412,619655,750025,1810355,1060230,1269817,1628855,1786645
0,0,0,0,0,0,0,0,0,0,0,0,0,0,0,0,0,0,0,0,0,0,0,0,0,0,0,0,0,0,0,0,0,0,1,4,7,16,135,157,302,583,3075,3525,6152,10744,18485,79963,78509,120442,181246,628177,486969,619121,748993,1811938,1061782,1271713,1631331,1790038
0,0,0,0,0,0,0,0,0,0,0,0,0,0,0,0,0,0,0,0,0,0,0,0,0,0,0,0,0,0,0,0,0,0,2,1,12,15,136,148,284,581,3002,3494,6015,10535,18446,78959,77758,119464,179912,624294,485919,617884,749071,1813189,1063547,1273782,1633482,1793476
0,0,0,0,0,0,0,0,0,0,0,0,0,0,0,0,0,0,0,0,0,0,0,0,0,0,0,0,0,0,0,0,0,0,2,1,10,15,127,144,302,564,2925,3426,5953,10561,18087,77973,76907,118576,177903,621515,484460,617583,747644,1815451,1065025,1275794,1635638,1796822
0,0,0,0,0,0,0,0,0,0,0,0,0,0,0,0,0,0,0,0,0,0,0,0,0,0,0,0,0,0,0,0,0,0,1,2,9,18,114,148,283,590,2815,3445,5856,10291,17813,77144,76151,117661,176612,618427,482647,616652,747244,1817298,1066905,1277021,1638416,1799845
0,0,0,0,0,0,0,0,0,0,0,0,0,0,0,0,0,0,0,0,0,0,0,0,0,0,0,0,0,0,0,0,0,0,1,5,8,15,113,144,279,554,2776,3333,5910,10014,17397,76613,75198,116494,175366,615070,481610,615419,747069,1818696,1069380,1278155,1640503,1803286
0,0,0,0,0,0,0,0,0,0,0,0,0,0,0,0,0,0,0,0,0,0,0,0,0,0,0,0,0,0,0,0,0,0,2,5,7,20,94,154,271,556,2720,3321,5702,9944,17175,75585,74440,115276,174572,611965,480588,614017,745839,1821173,1071062,1279620,1642629,1806671
0,0,0,0,0,0,0,0,0,0,0,0,0,0,0,0,0,0,0,0,0,0,0,0,0,0,0,0,0,0,0,0,0,0,2,4,8,15,100,158,246,565,2640,3255,5686,9769,16833,74537,73864,114464,173079,608980,479581,612581,745288,1823237,1072325,1281204,1645217,1809770
0,0,0,0,0,0,0,0,0,0,0,0,0,0,0,0,0,0,0,0,0,0,0,0,0,0,0,0,0,0,0,0,0,0,3,3,6,16,108,127,258,549,2653,3143,5586,9721,16630,73557,73403,113456,171864,605510,478194,611560,744562,1825052,1073726,1283311,1647664,1812746
0,0,0,0,0,0,0,0,0,0,0,0,0,0,0,0,0,0,0,0,0,0,0,0,0,0,0,0,0,0,0,0,0,0,3,4,7,17,102,121,266,510,2613,3123,5452,9571,16349,72720,72716,112764,170585,602710,476141,610496,744755,1826300,1075705,1284830,1649689,1815859
0,0,0,0,0,0,0,0,0,0,0,0,0,0,0,0,0,0,0,0,0,0,0,0,0,0,0,0,0,0,0,0,0,0,3,4,10,9,104,128,260,484,2604,3017,5369,9337,16243,72018,71962,111662,169954,599386,474204,609465,744352,1828400,1077041,1286633,1651530,1819229
0,0,0,0,0,0,0,0,0,0,0,0,0,0,0,0,0,0,0,0,0,0,0,0,0,0,0,0,0,0,0,0,0,0,3,4,8,13,92,135,247,481,2512,3029,5231,9293,15970,71107,71432,110806,167957,596882,472385,609082,743702,1830372,1078270,1288218,1653822,1822355
0,0,0,0,0,0,0,0,0,0,0,0,0,0,0,0,0,0,0,0,0,0,0,0,0,0,0,0,0,0,0,0,0,0,3,4,9,11,91,134,235,488,2478,2920,5156,9179,15832,70364,70502,109676,166914,594208,470417,607779,743601,1832633,1079393,1290054,1655972,1825355
0,0,0,0,0,0,0,0,0,0,0,0,0,0,0,0,0,0,0,0,0,0,0,0,0,0,0,0,0,0,0,0,0,0,3,2,10,15,96,116,231,452,2461,2868,5132,8969,15688,69391,69960,109076,165619,591202,468530,606285,743658,1833995,1081360,1291297,1658735,1828257
0,0,0,0,0,0,0,0,0,0,0,0,0,0,0,0,0,0,0,0,0,0,0,0,0,0,0,0,0,0,0,0,0,0,3,4,7,15,94,112,245,419,2442,2747,5092,8825,15326,68855,69065,108413,164274,588265,467041,605274,742932,1835889,1082846,1293061,1660574,1831588
0,0,0,0,0,0,0,0,0,0,0,0,0,0,0,0,0,0,0,0,0,0,0,0,0,0,0,0,0,0,0,0,0,0,2,6,7,11,90,116,221,432,2391,2680,5025,8716,15080,67953,68535,107421,162895,585648,465943,603432,742622,1837098,1084889,1294730,1662885,1834580
0,0,0,0,0,0,0,0,0,0,0,0,0,0,0,0,0,0,0,0,0,0,0,0,0,0,0,0,0,0,0,0,0,0,2,5,8,14,75,120,220,436,2300,2695,4873,8661,14790,67012,68228,106384,161906,582598,464230,602306,742219,1839193,1086211,1296222,1665168,1837532
0,0,0,0,0,0,0,0,0,0,0,0,0,0,0,0,0,0,0,0,0,0,0,0,0,0,0,0,0,0,0,0,0,0,2,2,7,12,76,120,219,433,2246,2604,4847,8535,14566,66405,67189,105849,160544,579671,463146,600490,742393,1840770,1087443,1297908,1667110,1840821
0,0,0,0,0,0,0,0,0,0,0,0,0,0,0,0,0,0,0,0,0,0,0,0,0,0,0,0,0,0,0,0,0,0,1,3,7,8,73,106,233,402,2200,2613,4728,8365,14433,65546,66455,104887,160097,576240,462501,599717,740491,1841933,1089569,1299587,1669350,1843863
0,0,0,0,0,0,0,0,0,0,0,0,0,0,0,0,0,0,0,0,0,0,0,0,0,0,0,0,0,0,0,0,0,0,1,4,5,9,61,126,209,429,2158,2618,4587,8272,14240,64923,65742,103696,159355,572928,461243,598574,739863,1843711,1091104,1301617,1671119,1846814
0,0,0,0,0,0,0,0,0,0,0,0,0,0,0,0,0,0,0,0,0,0,0,0,0,0,0,0,0,0,0,0,0,0,2,2,6,10,65,105,212,430,2145,2543,4566,8078,14178,64064,65084,102836,158147,570546,459388,597507,739747,1844251,1093215,1303536,1672662,1850083
0,0,0,0,0,0,0,0,0,0,0,0,0,0,0,0,0,0,0,0,0,0,0,0,0,0,0,0,0,0,0,0,0,0,1,2,5,11,71,97,201,392,2102,2517,4516,7856,13967,63507,64444,102035,157150,567268,457804,597402,738759,1845274,1094767,1305355,1674814,1853091
0,0,0,0,0,0,0,0,0,0,0,0,0,0,0,0,0,0,0,0,0,0,0,0,0,0,0,0,0,0,0,0,0,0,1,0,5,12,70,90,200,398,2066,2487,4462,7758,13754,62740,63875,101182,155876,564187,456659,596361,738489,1846425,1096119,1306891,1677111,1856190
0,0,0,0,0,0,0,0,0,0,0,0,0,0,0,0,0,0,0,0,0,0,0,0,0,0,0,0,0,0,0,0,0,0,1,0,3,12,61,91,185,400,2035,2396,4496,7614,13739,61837,63159,100641,154715,561128,454577,595949,738110,1847329,1097560,1308845,1679599,1858926
0,0,0,0,0,0,0,0,0,0,0,0,0,0,0,0,0,0,0,0,0,0,0,0,0,0,0,0,0,0,0,0,0,0,1,0,5,13,54,90,195,359,1998,2376,4363,7575,13502,61005,62789,99676,153652,558297,453120,594408,738166,1848692,1098983,1310430,1681852,1861807
0,0,0,0,0,0,0,0,0,0,0,0,0,0,0,0,0,0,0,0,0,0,0,0,0,0,0,0,0,0,0,0,0,0,1,1,2,13,58,77,206,330,1964,2386,4194,7588,13172,60512,62010,99059,152250,555620,451469,593520,737885,1849744,1100597,1312101,1683927,1864722
0,0,0,0,0,0,0,0,0,0,0,0,0,0,0,0,0,0,0,0,0,0,0,0,0,0,0,0,0,0,0,0,0,0,1,2,3,10,51,93,178,338,1909,2274,4251,7315,13129,59833,61557,98144,151511,552701,450278,591512,737960,1851003,1102366,1313764,1685356,1867869
0,0,0,0,0,0,0,0,0,0,0,0,0,0,0,0,0,0,0,0,0,0,0,0,0,0,0,0,0,0,0,0,0,1,0,2,1,20,48,80,176,338,1888,2225,4175,7261,12813,59213,60944,97320,150916,550048,449000,589938,736861,1852330,1104494,1315168,1687658,1870490
0,0,0,0,0,0,0,0,0,0,0,0,0,0,0,0,0,0,0,0,0,0,0,0,0,0,0,0,0,0,0,0,0,0,2,1,3,13,54,76,177,339,1820,2257,4023,7202,12582,58543,60532,96471,149799,547265,447868,588595,736534,1853796,1105392,1316938,1689775,1873351
0,0,0,0,0,0,0,0,0,0,0,0,0,0,0,0,0,0,0,0,0,0,0,0,0,0,0,0,0,0,0,0,0,0,1,2,4,8,58,72,167,336,1776,2214,3970,7062,12403,57905,60153,95625,148879,544799,445360,587811,736785,1854203,1107078,1318938,1691742,1876057
0,0,0,0,0,0,0,0,0,0,0,0,0,0,0,0,0,0,0,0,0,0,0,0,0,0,0,0,0,0,0,0,0,0,1,2,4,6,58,70,170,301,1755,2143,3949,7071,12114,57425,59345,95052,147827,542164,443721,587196,736802,1854301,1108665,1320791,1693877,1878598
0,0,0,0,0,0,0,0,0,0,0,0,0,0,0,0,0,0,0,0,0,0,0,0,0,0,0,0,0,0,0,0,0,0,1,2,4,5,55,66,163,308,1720,2123,3879,6917,12131,56909,58339,94419,146440,539573,443001,585900,735751,1856034,1109786,1322867,1695338,1881677
0,0,0,0,0,0,0,0,0,0,0,0,0,0,0,0,0,0,0,0,0,0,0,0,0,0,0,0,0,0,0,0,0,0,0,2,2,9,58,68,148,295,1695,2072,3869,6855,11984,56171,57966,93803,145268,536888,441477,585617,734739,1856408,1111594,1324697,1697317,1884406
0,0,0,0,0,0,0,0,0,0,0,0,0,0,0,0,0,0,0,0,0,0,0,0,0,0,0,0,0,0,0,0,0,0,0,0,2,8,56,84,137,264,1678,2058,3754,6758,12069,55427,57627,92949,144605,533703,440514,584076,733449,1858279,1113296,1326391,1699200,1887024
0,0,0,0,0,0,0,0,0,0,0,0,0,0,0,0,0,0,0,0,0,0,0,0,0,0,0,0,0,0,0,0,0,0,0,0,2,7,55,72,147,269,1647,1982,3675,6695,11848,54903,57135,92260,143504,531674,438684,582651,732681,1859183,1114729,1328601,1701353,1889651
0,0,0,0,0,0,0,0,0,0,0,0,0,0,0,0,0,0,0,0,0,0,0,0,0,0,0,0,0,0,0,0,0,0,0,1,1,7,54,72,140,257,1600,1964,3697,6617,11644,54151,56873,91369,142666,529207,437062,581851,732090,1859998,1116209,1330165,1703307,1892406
0,0,0,0,0,0,0,0,0,0,0,0,0,0,0,0,0,0,0,0,0,0,0,0,0,0,0,0,0,0,0,0,0,0,0,1,1,6,50,71,148,236,1589,1941,3641,6474,11535,53279,56596,90747,141509,527262,435394,580729,730841,1862076,1117404,1331173,1705612,1895093
0,0,0,0,0,0,0,0,0,0,0,0,0,0,0,0,0,0,0,0,0,0,0,0,0,0,0,0,0,0,0,0,0,0,0,0,1,5,51,68,127,264,1533,1913,3583,6416,11338,52933,56007,90177,140424,524822,433367,579808,730343,1863518,1118733,1332126,1708123,1897728
0,0,0,0,0,0,0,0,0,0,0,0,0,0,0,0,0,0,0,0,0,0,0,0,0,0,0,0,0,0,0,0,0,0,0,0,1,3,53,72,116,277,1463,1871,3626,6298,11146,52338,55393,89842,139193,522488,431563,579144,729446,1864535,1120005,1334442,1709864,1900229
0,0,0,0,0,0,0,0,0,0,0,0,0,0,0,0,0,0,0,0,0,0,0,0,0,0,0,0,0,0,0,0,0,0,0,0,1,6,45,64,136,261,1414,1852,3520,6335,11084,51883,54672,88765,138647,520017,430722,577147,729361,1865310,1121348,1336281,1711742,1902795
0,0,0,0,0,0,0,0,0,0,0,0,0,0,0,0,0,0,0,0,0,0,0,0,0,0,0,0,0,0,0,0,0,0,0,0,2,7,36,72,123,260,1408,1817,3443,6267,10934,51420,54132,87887,137849,517310,429840,575841,728406,1866194,1122755,1337839,1713970,1905596
0,0,0,0,0,0,0,0,0,0,0,0,0,0,0,0,0,0,0,0,0,0,0,0,0,0,0,0,0,0,0,0,0,0,0,0,5,2,47,57,125,247,1378,1813,3393,6175,10738,50903,53606,87124,137520,514273,428517,574399,728158,1866881,1124084,1339575,1715806,1908582
0,0,0,0,0,0,0,0,0,0,0,0,0,0,0,0,0,0,0,0,0,0,0,0,0,0,0,0,0,0,0,0,0,0,0,0,5,5,49,59,111,230,1389,1746,3344,6096,10569,50675,52776,86402,136769,511481,427459,573239,727806,1867274,1125955,1340790,1718002,1911177
0,0,0,0,0,0,0,0,0,0,0,0,0,0,0,0,0,0,0,0,0,0,0,0,0,0,0,0,0,0,0,0,0,0,0,1,3,6,45,63,101,220,1393,1724,3221,6042,10584,49936,52534,85691,135582,509009,426397,571655,727656,1868131,1127464,1342652,1719513,1913785
0,0,0,0,0,0,0,0,0,0,0,0,0,0,0,0,0,0,0,0,0,0,0,0,0,0,0,0,0,0,0,0,0,0,0,1,4,3,36,69,107,212,1382,1706,3174,5903,10531,49365,52114,84891,134644,506702,424613,571027,726218,1869220,1129307,1344590,1721007,1916582
0,0,0,0,0,0,0,0,0,0,0,0,0,0,0,0,0,0,0,0,0,0,0,0,0,0,0,0,0,0,0,0,0,0,0,1,0,9,38,58,98,225,1329,1726,3097,5818,10412,48867,51661,84195,133617,504282,423491,570016,725060,1870290,1130403,1346670,1722381,1919664
0,0,0,0,0,0,0,0,0,0,0,0,0,0,0,0,0,0,0,0,0,0,0,0,0,0,0,0,0,0,0,0,0,0,0,1,0,7,40,48,106,214,1317,1649,3088,5708,10264,48592,51110,83643,132443,501745,422525,569031,723683,1871341,1132000,1348430,1724371,1922052
0,0,0,0,0,0,0,0,0,0,0,0,0,0,0,0,0,0,0,0,0,0,0,0,0,0,0,0,0,0,0,0,0,0,0,1,1,4,37,44,122,226,1270,1654,2962,5716,10132,48212,50643,82798,131778,499368,421448,567678,723562,1871664,1133063,1349615,1726734,1924676
0,0,0,0,0,0,0,0,0,0,0,0,0,0,0,0,0,0,0,0,0,0,0,0,0,0,0,0,0,0,0,0,0,0,0,1,0,3,42,45,104,218,1282,1593,2988,5620,9914,47568,50515,82114,130709,497173,420484,565993,723091,1872474,1134490,1351285,1728563,1927139
0,0,0,0,0,0,0,0,0,0,0,0,0,0,0,0,0,0,0,0,0,0,0,0,0,0,0,0,0,0,0,0,0,0,0,0,1,4,36,44,113,212,1298,1532,2946,5568,9755,47175,49672,81902,129821,495055,418903,564615,722121,1873892,1135439,1353221,1730364,1929719
0,0,0,0,0,0,0,0,0,0,0,0,0,0,0,0,0,0,0,0,0,0,0,0,0,0,0,0,0,0,0,0,0,0,0,0,0,4,41,43,97,213,1273,1502,2939,5465,9658,46606,49453,81267,128722,492869,417560,563216,722129,1874093,1136643,1355428,1731606,1932581
0,0,0,0,0,0,0,0,0,0,0,0,0,0,0,0,0,0,0,0,0,0,0,0,0,0,0,0,0,0,0,0,0,0,0,0,1,4,38,44,94,209,1250,1485,2905,5285,9646,46186,49026,80859,127745,490409,416106,562266,720958,1875877,1137203,1356902,1733823,1935087
0,0,0,0,0,0,0,0,0,0,0,0,0,0,0,0,0,0,0,0,0,0,0,0,0,0,0,0,0,0,0,0,0,0,0,0,0,3,41,41,93,214,1217,1475,2855,5149,9606,45607,48840,80028,126809,488575,414705,560928,719935,1876956,1138775,1358416,1735357,1937783
0,0,0,0,0,0,0,0,0,0,0,0,0,0,0,0,0,0,0,0,0,0,0,0,0,0,0,0,0,0,0,0,0,0,0,0,0,3,39,43,99,200,1178,1551,2749,5137,9413,45136,48315,79665,125908,486141,413308,559833,719221,1877855,1139829,1359820,1737484,1940481
0,0,0,0,0,0,0,0,0,0,0,0,0,0,0,0,0,0,0,0,0,0,0,0,0,0,0,0,0,0,0,0,0,0,0,0,1,4,34,38,98,196,1157,1517,2770,5076,9316,44536,48103,78654,125694,482920,412654,558649,718993,1878343,1140852,1361507,1739512,1942784
0,0,0,0,0,0,0,0,0,0,0,0,0,0,0,0,0,0,0,0,0,0,0,0,0,0,0,0,0,0,0,0,0,0,0,0,0,5,37,34,92,192,1183,1486,2703,5003,9112,44115,47539,78408,124773,480498,411690,557709,718306,1878777,1141872,1363230,1741278,1945366
0,0,0,0,0,0,0,0,0,0,0,0,0,0,0,0,0,0,0,0,0,0,0,0,0,0,0,0,0,0,0,0,0,0,0,0,1,5,31,37,99,196,1157,1436,2633,5033,8860,43762,47330,77471,124103,478778,410183,556178,717193,1879951,1143374,1365302,1742061,1948234
0,0,0,0,0,0,0,0,0,0,0,0,0,0,0,0,0,0,0,0,0,0,0,0,0,0,0,0,0,0,0,0,0,0,0,0,0,4,29,38,89,214,1104,1398,2620,4967,8785,43422,46673,77142,123112,476459,409340,555134,716364,1880667,1144663,1366631,1744051,1950502
0,0,0,0,0,0,0,0,0,0,0,0,0,0,0,0,0,0,0,0,0,0,0,0,0,0,0,0,0,0,0,0,0,0,0,0,0,3,32,28,96,200,1083,1374,2578,4886,8689,43050,46371,76327,122470,474649,407371,554670,715262,1881576,1145703,1367779,1746106,1953105
0,0,0,0,0,0,0,0,0,0,0,0,0,0,0,0,0,0,0,0,0,0,0,0,0,0,0,0,0,0,0,0,0,0,0,0,1,2,29,40,84,197,1048,1357,2576,4778,8653,42675,45903,75629,121692,472715,405888,553984,714381,1882021,1147189,1368800,1747787,1955979
0,0,0,0,0,0,0,0,0,0,0,0,0,0,0,0,0,0,0,0,0,0,0,0,0,0,0,0,0,0,0,0,0,0,0,0,2,0,29,45,81,184,1037,1346,2483,4734,8598,42155,45502,75344,120679,470519,404836,552644,713788,1882646,1148272,1370052,1750141,1958291
0,0,0,0,0,0,0,0,0,0,0,0,0,0,0,0,0,0,0,0,0,0,0,0,0,0,0,0,0,0,0,0,0,0,0,1,1,1,35,37,84,175,1011,1345,2456,4634,8603,41751,45106,74689,119995,468262,403680,551632,712613,1883588,1149457,1371673,1751717,1960862
0,0,0,0,0,0,0,0,0,0,0,0,0,0,0,0,0,0,0,0,0,0,0,0,0,0,0,0,0,0,0,0,0,0,0,1,1,2,31,40,89,158,991,1323,2448,4591,8372,41496,44745,74193,118934,466669,401913,550669,711809,1884146,1150897,1372894,1753824,1963172
0,0,0,0,0,0,0,0,0,0,0,0,0,0,0,0,0,0,0,0,0,0,0,0,0,0,0,0,0,0,0,0,0,0,0,0,3,2,29,47,78,154,990,1297,2394,4511,8379,41137,44215,73787,118288,464493,400459,550087,711144,1884142,1151987,1374080,1756251,1965454
0,0,0,0,0,0,0,0,0,0,0,0,0,0,0,0,0,0,0,0,0,0,0,0,0,0,0,0,0,0,0,0,0,0,0,0,3,1,29,44,82,131,994,1262,2396,4442,8388,40569,43872,73257,117624,462550,399314,547999,711570,1884830,1153358,1374454,1758637,1967602
0,0,0,0,0,0,0,0,0,0,0,0,0,0,0,0,0,0,0,0,0,0,0,0,0,0,0,0,0,0,0,0,0,0,0,0,3,2,27,48,66,149,955,1244,2371,4450,8160,40180,43569,72659,116951,460482,397930,547047,710961,1885276,1154731,1375948,1760726,1969473
0,0,0,0,0,0,0,0,0,0,0,0,0,0,0,0,0,0,0,0,0,0,0,0,0,0,0,0,0,0,0,0,0,0,0,1,1,3,25,43,83,134,938,1188,2379,4392,8128,39802,43245,72106,116182,458244,396462,546228,710671,1885016,1156056,1377842,1762046,1972193
0,0,0,0,0,0,0,0,0,0,0,0,0,0,0,0,0,0,0,0,0,0,0,0,0,0,0,0,0,0,0,0,0,0,1,1,0,4,28,38,84,129,909,1185,2331,4410,7982,39510,42964,71371,115807,455322,396248,544589,710152,1885485,1157498,1379125,1764037,1974198
0,0,0,0,0,0,0,0,0,0,0,0,0,0,0,0,0,0,0,0,0,0,0,0,0,0,0,0,0,0,0,0,0,0,0,2,0,3,31,41,73,136,892,1163,2301,4417,7798,39153,42648,70920,115009,453477,394586,543801,709507,1885883,1158514,1380832,1765918,1976303
0,0,0,0,0,0,0,0,0,0,0,0,0,0,0,0,0,0,0,0,0,0,0,0,0,0,0,0,0,0,0,0,0,0,0,2,0,3,29,37,73,149,874,1150,2329,4263,7839,38670,42208,70384,114679,451086,393608,543451,707679,1886138,1159627,1382537,1767921,1978672
0,0,0,0,0,0,0,0,0,0,0,0,0,0,0,0,0,0,0,0,0,0,0,0,0,0,0,0,0,0,0,0,0,0,1,1,1,3,27,35,68,143,896,1115,2269,4226,7793,38228,42002,69666,113895,449631,392186,541872,707257,1887105,1160630,1384010,1769611,1980737
0,0,0,0,0,0,0,0,0,0,0,0,0,0,0,0,0,0,0,0,0,0,0,0,0,0,0,0,0,0,0,0,0,0,1,1,1,5,25,39,57,149,893,1130,2139,4181,7687,38026,41644,69298,112987,447470,391434,540750,706808,1887394,1161841,1384958,1771240,1983250
0,0,0,0,0,0,0,0,0,0,0,0,0,0,0,0,0,0,0,0,0,0,0,0,0,0,0,0,0,0,0,0,0,0,1,1,2,4,24,38,63,139,860,1120,2121,4136,7563,37640,41272,68739,112546,445770,390234,539363,706250,1887621,1162828,1387078,1771906,1986089
0,0,0,0,0,0,0,0,0,0,0,0,0,0,0,0,0,0,0,0,0,0,0,0,0,0,0,0,0,0,0,0,0,0,1,0,3,3,27,35,61,143,837,1120,2127,3976,7483,37316,41066,68152,112011,443597,389109,538859,704840,1887671,1164346,1388397,1773822,1988406
0,0,0,0,0,0,0,0,0,0,0,0,0,0,0,0,0,0,0,0,0,0,0,0,0,0,0,0,0,0,0,0,0,0,0,2,2,3,23,34,55,150,819,1152,2108,3860,7375,36972,40700,67737,111171,441726,388611,537054,704327,1888679,1165238,1389060,1775670,1990880
0,0,0,0,0,0,0,0,0,0,0,0,0,0,0,0,0,0,0,0,0,0,0,0,0,0,0,0,0,0,0,0,0,0,0,2,2,2,19,36,59,148,823,1068,2082,3899,7223,36662,40326,67285,110615,439733,387464,536277,702563,1889805,1166404,1391046,1776550,1993315
0,0,0,0,0,0,0,0,0,0,0,0,0,0,0,0,0,0,0,0,0,0,0,0,0,0,0,0,0,0,0,0,0,0,1,2,2,1,20,28,65,146,824,1017,2082,3810,7242,36252,39946,66850,110025,437876,386257,535249,701972,1889894,1167701,1392629,1778143,1995374
0,0,0,0,0,0,0,0,0,0,0,0,0,0,0,0,0,0,0,0,0,0,0,0,0,0,0,0,0,0,0,0,0,0,1,1,4,0,19,28,72,136,810,1021,1998,3852,7115,35963,39412,66665,109287,436381,384834,533998,701333,1890129,1169083,1394046,1779363,1997857
0,0,0,0,0,0,0,0,0,0,0,0,0,0,0,0,0,0,0,0,0,0,0,0,0,0,0,0,0,0,0,0,0,0,1,1,4,0,19,30,70,144,790,998,2001,3747,7126,35551,39097,66409,108167,435244,383399,532757,701020,1889493,1170469,1395915,1780953,2000003
0,0,0,0,0,0,0,0,0,0,0,0,0,0,0,0,0,0,0,0,0,0,0,0,0,0,0,0,0,0,0,0,0,0,1,1,2,3,17,28,70,132,791,990,1915,3764,7045,35290,38957,65886,107359,433077,382503,531350,700717,1889508,1171802,1397605,1782458,2002137
0,0,0,0,0,0,0,0,0,0,0,0,0,0,0,0,0,0,0,0,0,0,0,0,0,0,0,0,0,0,0,0,0,0,0,2,1,6,14,21,73,132,790,952,1889,3767,6927,35009,38545,65445,106740,431127,381244,530421,700190,1889878,1173166,1398576,1784200,2004293
0,0,0,0,0,0,0,0,0,0,0,0,0,0,0,0,0,0,0,0,0,0,0,0,0,0,0,0,0,0,0,0,0,0,0,2,2,5,17,16,72,141,734,975,1883,3660,6844,34694,38318,64863,106190,429213,380762,529049,698813,1890521,1174920,1398880,1786171,2006663
0,0,0,0,0,0,0,0,0,0,0,0,0,0,0,0,0,0,0,0,0,0,0,0,0,0,0,0,0,0,0,0,0,0,0,3,1,4,18,30,58,130,738,992,1813,3635,6765,34351,38074,64335,105568,427735,379426,527950,698342,1890991,1175212,1400429,1787952,2008856
0,0,0,0,0,0,0,0,0,0,0,0,0,0,0,0,0,0,0,0,0,0,0,0,0,0,0,0,0,0,0,0,0,0,0,2,3,1,19,32,57,134,718,1011,1807,3605,6648,34062,37768,63719,105243,425753,378448,526778,697516,1891826,1175889,1401363,1789715,2011291
0,0,0,0,0,0,0,0,0,0,0,0,0,0,0,0,0,0,0,0,0,0,0,0,0,0,0,0,0,0,0,0,0,0,0,2,1,4,19,26,58,135,720,916,1821,3566,6611,33747,37425,63347,104625,424315,377212,525535,697253,1891826,1176629,1401949,1792102,2013564
0,0,0,0,0,0,0,0,0,0,0,0,0,0,0,0,0,0,0,0,0,0,0,0,0,0,0,0,0,0,0,0,0,0,0,2,1,2,20,29,52,120,702,935,1738,3472,6573,33592,37061,63083,104091,422226,376338,524596,696431,1891942,1177619,1403539,1793094,2016150
0,0,0,0,0,0,0,0,0,0,0,0,0,0,0,0,0,0,0,0,0,0,0,0,0,0,0,0,0,0,0,0,0,0,0,2,1,0,24,30,46,127,698,911,1730,3450,6514,33252,36701,62576,103829,420236,374921,524296,695077,1892322,1178612,1405212,1794651,2018190
0,0,0,0,0,0,0,0,0,0,0,0,0,0,0,0,0,0,0,0,0,0,0,0,0,0,0,0,0,0,0,0,0,0,1,1,1,1,28,25,58,117,675,881,1748,3441,6370,32869,36545,62159,103437,418309,373662,523631,693696,1892862,1179934,1406553,1795842,2020562
0,0,0,0,0,0,0,0,0,0,0,0,0,0,0,0,0,0,0,0,0,0,0,0,0,0,0,0,0,0,0,0,0,0,0,1,2,3,24,31,60,107,669,816,1805,3348,6307,32585,36595,61555,102651,416644,372651,522640,692883,1892956,1181379,1407643,1797519,2022534
0,0,0,0,0,0,0,0,0,0,0,0,0,0,0,0,0,0,0,0,0,0,0,0,0,0,0,0,0,0,0,0,0,0,1,0,1,6,16,35,50,110,687,840,1687,3287,6269,32304,36399,61321,101841,415254,371217,521380,692319,1893039,1182874,1409218,1798427,2024826
0,0,0,0,0,0,0,0,0,0,0,0,0,0,0,0,0,0,0,0,0,0,0,0,0,0,0,0,0,0,0,0,0,0,1,0,1,3,19,37,52,104,651,834,1721,3274,6168,31865,36014,61053,101383,413385,370597,520071,691669,1892328,1184773,1410457,1800027,2026921
0,0,0,0,0,0,0,0,0,0,0,0,0,0,0,0,0,0,0,0,0,0,0,0,0,0,0,0,0,0,0,0,0,0,1,0,1,4,18,37,53,98,636,845,1677,3239,6155,31650,35812,60744,100306,411598,369537,519874,690357,1893026,1185010,1412690,1800592,2029448
0,0,0,0,0,0,0,0,0,0,0,0,0,0,0,0,0,0,0,0,0,0,0,0,0,0,0,0,0,0,0,0,0,0,1,0,0,6,23,29,57,93,618,849,1662,3154,6260,31314,35392,60470,99674,409998,368282,518700,690305,1892973,1185549,1414573,1802462,2030964
0,0,0,0,0,0,0,0,0,0,0,0,0,0,0,0,0,0,0,0,0,0,0,0,0,0,0,0,0,0,0,0,0,0,1,0,0,7,22,31,59,90,604,858,1604,3160,6113,31096,35047,60174,99309,408059,367479,517435,689225,1892988,1186899,1415865,1804056,2033227
0,0,0,0,0,0,0,0,0,0,0,0,0,0,0,0,0,0,0,0,0,0,0,0,0,0,0,0,0,0,0,0,0,0,1,0,0,4,26,32,54,99,611,827,1562,3125,6084,30735,34931,59771,98696,406444,366227,516777,688855,1893007,1187966,1416924,1805408,2035242
0,0,0,0,0,0,0,0,0,0,0,0,0,0,0,0,0,0,0,0,0,0,0,0,0,0,0,0,0,0,0,0,0,0,1,0,0,4,25,32,54,90,617,836,1516,3094,6072,30444,34708,59184,98440,404499,365598,515509,688404,1892173,1189931,1417500,1807635,2037042
0,0,0,0,0,0,0,0,0,0,0,0,0,0,0,0,0,0,0,0,0,0,0,0,0,0,0,0,0,0,0,0,0,0,1,0,0,4,22,28,65,98,611,813,1564,3027,5917,30187,34373,59041,98032,402920,364579,514510,687439,1891971,1191712,1418336,1808868,2039290
0,0,0,0,0,0,0,0,0,0,0,0,0,0,0,0,0,0,0,0,0,0,0,0,0,0,0,0,0,0,0,0,0,0,0,1,1,3,20,28,76,88,591,811,1519,3035,5837,30042,33989,58619,97303,402036,362516,513730,686938,1892274,1192496,1419637,1810457,2041361
0,0,0,0,0,0,0,0,0,0,0,0,0,0,0,0,0,0,0,0,0,0,0,0,0,0,0,0,0,0,0,0,0,0,0,0,1,5,19,25,72,86,580,801,1557,2971,5714,29779,33807,58291,96566,400523,361412,513169,685840,1892204,1193298,1421243,1811905,2043540
0,0,0,0,0,0,0,0,0,0,0,0,0,0,0,0,0,0,0,0,0,0,0,0,0,0,0,0,0,0,0,0,0,0,0,1,1,5,19,29,56,102,567,784,1523,2998,5626,29438,33478,57893,96307,399030,359934,512470,684779,1892569,1194457,1422149,1813501,2045692
0,0,0,0,0,0,0,0,0,0,0,0,0,0,0,0,0,0,0,0,0,0,0,0,0,0,0,0,0,0,0,0,0,0,1,0,2,4,18,26,50,105,559,775,1542,2932,5559,29177,33333,57439,95935,397611,358491,511820,684177,1892762,1195501,1423143,1814965,2047481
0,0,0,0,0,0,0,0,0,0,0,0,0,0,0,0,0,0,0,0,0,0,0,0,0,0,0,0,0,0,0,0,0,0,1,0,1,4,17,32,37,96,559,779,1503,2975,5483,28923,32947,57330,95236,395601,358517,510169,683845,1892611,1195936,1424220,1817382,2049204
0,0,0,0,0,0,0,0,0,0,0,0,0,0,0,0,0,0,0,0,0,0,0,0,0,0,0,0,0,0,0,0,0,0,1,0,1,3,20,24,48,92,553,780,1494,2906,5482,28699,32755,56860,94725,393870,357701,508745,683187,1892788,1196562,1425796,1819362,2050954
0,0,0,0,0,0,0,0,0,0,0,0,0,0,0,0,0,0,0,0,0,0,0,0,0,0,0,0,0,0,0,0,0,0,1,1,0,3,20,25,35,100,567,780,1441,2920,5403,28363,32702,56407,94181,392008,357194,507982,682143,1893033,1197161,1427198,1820906,2052834
0,0,0,0,0,0,0,0,0,0,0,0,0,0,0,0,0,0,0,0,0,0,0,0,0,0,0,0,0,0,0,0,0,0,1,1,2,3,19,26,36,85,576,791,1419,2827,5293,28331,32506,55719,94014,390095,356341,507445,680932,1893868,1197538,1428621,1822352,2054567
0,0,0,0,0,0,0,0,0,0,0,0,0,0,0,0,0,0,0,0,0,0,0,0,0,0,0,0,0,0,0,0,0,0,1,2,2,3,14,27,36,88,583,745,1427,2784,5253,27990,32315,55436,93369,388940,355097,506728,680141,1894119,1197536,1430267,1823887,2056618
0,0,0,0,0,0,0,0,0,0,0,0,0,0,0,0,0,0,0,0,0,0,0,0,0,0,0,0,0,0,0,0,0,0,0,2,2,3,17,25,38,78,582,717,1422,2753,5238,27759,32082,54937,92954,387373,354253,505702,679758,1893847,1198282,1431507,1825531,2058546
0,0,0,0,0,0,0,0,0,0,0,0,0,0,0,0,0,0,0,0,0,0,0,0,0,0,0,0,0,0,0,0,0,0,0,2,3,4,20,18,41,81,582,672,1433,2758,5147,27616,31789,54601,92326,386071,353086,504681,678989,1894468,1198665,1432615,1826907,2060833
0,0,0,0,0,0,0,0,0,0,0,0,0,0,0,0,0,0,0,0,0,0,0,0,0,0,0,0,0,0,0,0,0,0,0,1,1,7,19,21,37,87,558,711,1411,2683,5185,27382,31592,54266,91910,384460,352305,502754,678680,1894683,1199283,1434222,1828742,2062408
0,0,0,0,0,0,0,0,0,0,0,0,0,0,0,0,0,0,0,0,0,0,0,0,0,0,0,0,0,0,0,0,0,0,0,1,2,6,15,24,38,84,561,683,1350,2698,5207,27092,31566,53787,91519,382670,351234,502013,677339,1894901,1200632,1435494,1830296,2064196
0,0,0,0,0,0,0,0,0,0,0,0,0,0,0,0,0,0,0,0,0,0,0,0,0,0,0,0,0,0,0,0,0,0,0,1,1,4,18,24,31,100,543,670,1308,2729,5137,26797,31266,53697,91055,381237,350205,501142,675852,1895454,1201168,1436407,1832624,2065938
0,0,0,0,0,0,0,0,0,0,0,0,0,0,0,0,0,0,0,0,0,0,0,0,0,0,0,0,0,0,0,0,0,0,0,1,1,3,17,22,34,96,521,683,1302,2682,5092,26549,30836,53653,90644,379691,349401,500051,675313,1895662,1201230,1437865,1834352,2067707
0,0,0,0,0,0,0,0,0,0,0,0,0,0,0,0,0,0,0,0,0,0,0,0,0,0,0,0,0,0,0,0,0,0,0,0,2,4,14,24,33,86,524,660,1342,2680,4916,26436,30778,53192,90318,378157,348167,499377,674873,1895530,1202228,1438365,1835957,2069745
0,0,0,0,0,0,0,0,0,0,0,0,0,0,0,0,0,0,0,0,0,0,0,0,0,0,0,0,0,0,0,0,0,0,0,0,1,4,15,18,38,74,522,655,1355,2524,4960,26163,30650,53008,89748,376896,347270,497749,675144,1895427,1202473,1439389,1837846,2071479
0,0,0,0,0,0,0,0,0,0,0,0,0,0,0,0,0,0,0,0,0,0,0,0,0,0,0,0,0,0,0,0,0,0,0,0,2,0,16,19,41,68,516,662,1293,2525,4988,26082,30237,52809,88874,375781,345990,497686,673951,1895992,1202865,1440402,1839013,2073596
0,0,0,0,0,0,0,0,0,0,0,0,0,0,0,0,0,0,0,0,0,0,0,0,0,0,0,0,0,0,0,0,0,0,0,1,0,3,15,20,39,73,472,648,1291,2527,4918,25948,29950,52395,88681,374096,345203,496781,673240,1896014,1203182,1442368,1840221,2075322
0,0,0,0,0,0,0,0,0,0,0,0,0,0,0,0,0,0,0,0,0,0,0,0,0,0,0,0,0,0,0,0,0,0,0,1,0,2,16,20,37,79,459,655,1238,2538,4801,25647,29902,52123,88042,372926,344714,495561,672591,1894571,1205012,1443840,1841217,2077416
0,0,0,0,0,0,0,0,0,0,0,0,0,0,0,0,0,0,0,0,0,0,0,0,0,0,0,0,0,0,0,0,0,0,0,1,1,2,12,24,38,76,424,697,1225,2448,4825,25477,29552,51833,87922,371416,343604,494851,671875,1894961,1205873,1444320,1843050,2078901
0,0,0,0,0,0,0,0,0,0,0,0,0,0,0,0,0,0,0,0,0,0,0,0,0,0,0,0,0,0,0,0,0,0,0,1,1,2,17,18,40,74,427,671,1251,2365,4804,25233,29405,51559,87640,369377,343520,493620,672152,1894410,1206551,1444280,1845349,2080641
0,0,0,0,0,0,0,0,0,0,0,0,0,0,0,0,0,0,0,0,0,0,0,0,0,0,0,0,0,0,0,0,0,0,0,0,3,1,17,19,39,67,439,644,1254,2372,4657,25121,29187,51312,87111,367769,342519,492994,671191,1894569,1207846,1444823,1846984,2082470
0,0,0,0,0,0,0,0,0,0,0,0,0,0,0,0,0,0,0,0,0,0,0,0,0,0,0,0,0,0,0,0,0,0,0,1,1,2,12,20,43,66,442,640,1259,2318,4592,24998,29006,51034,86652,366843,341169,492727,669956,1895054,1207876,1445306,1849068,2084323
0,0,0,0,0,0,0,0,0,0,0,0,0,0,0,0,0,0,0,0,0,0,0,0,0,0,0,0,0,0,0,0,0,0,0,0,2,3,12,15,34,84,435,632,1235,2300,4498,24755,28997,50665,86038,365714,340812,491429,668835,1895147,1208962,1446345,1850718,2085741
0,0,0,0,0,0,0,0,0,0,0,0,0,0,0,0,0,0,0,0,0,0,0,0,0,0,0,0,0,0,0,0,0,0,0,0,2,4,9,21,33,68,428,631,1241,2257,4533,24601,28942,50113,85676,364300,339632,491176,667898,1894858,1209984,1447394,1851938,2087669
0,0,0,0,0,0,0,0,0,0,0,0,0,0,0,0,0,0,0,0,0,0,0,0,0,0,0,0,0,0,0,0,0,0,0,0,0,3,12,12,36,67,424,596,1227,2307,4458,24436,28655,49860,85448,363083,338897,489955,667596,1894544,1210509,1448417,1853781,2089085
0,0,0,0,0,0,0,0,0,0,0,0,0,0,0,0,0,0,0,0,0,0,0,0,0,0,0,0,0,0,0,0,0,0,0,0,0,4,13,9,37,70,412,589,1236,2232,4415,24299,28472,49671,84994,361897,337721,489538,667011,1894349,1210539,1449892,1855288,2090720
0,0,0,0,0,0,0,0,0,0,0,0,0,0,0,0,0,0,0,0,0,0,0,0,0,0,0,0,0,0,0,0,0,0,0,0,1,4,12,13,36,69,409,580,1178,2289,4366,23909,28454,49495,84307,360687,337737,487902,666460,1894643,1210356,1451971,1855745,2092785
0,0,0,0,0,0,0,0,0,0,0,0,0,0,0,0,0,0,0,0,0,0,0,0,0,0,0,0,0,0,0,0,0,0,0,0,2,3,11,13,35,66,401,589,1152,2262,4333,23819,28147,49299,83679,359313,337000,487248,666348,1894281,1211066,1452603,1857102,2094636
0,0,0,0,0,0,0,0,0,0,0,0,0,0,0,0,0,0,0,0,0,0,0,0,0,0,0,0,0,0,0,0,0,0,0,0,1,4,13,9,32,69,405,555,1146,2240,4287,23717,27870,49082,83373,357780,336441,485954,665909,1894084,1212144,1454113,1857764,2096416
0,0,0,0,0,0,0,0,0,0,0,0,0,0,0,0,0,0,0,0,0,0,0,0,0,0,0,0,0,0,0,0,0,0,0,0,0,6,10,10,28,87,372,564,1159,2237,4267,23567,27553,48934,83030,356545,336079,484269,665103,1894427,1213365,1454861,1859122,2097813
0,0,0,0,0,0,0,0,0,0,0,0,0,0,0,0,0,0,0,0,0,0,0,0,0,0,0,0,0,0,0,0,0,0,0,0,1,2,10,15,32,72,375,561,1115,2290,4144,23508,27279,48762,82718,355413,335092,483827,663330,1894550,1214432,1456355,1859433,2100092
0,0,0,0,0,0,0,0,0,0,0,0,0,0,0,0,0,0,0,0,0,0,0,0,0,0,0,0,0,0,0,0,0,0,0,0,1,3,11,14,27,65,404,538,1097,2236,4108,23390,27135,48522,81942,354363,334093,482825,663297,1894236,1215984,1456918,1860087,2102112
0,0,0,0,0,0,0,0,0,0,0,0,0,0,0,0,0,0,0,0,0,0,0,0,0,0,0,0,0,0,0,0,0,0,0,0,1,3,12,18,14,69,400,530,1081,2203,4171,23124,27029,48169,81639,353190,333244,481656,663142,1893174,1217223,1458416,1861240,2103660
0,0,0,0,0,0,0,0,0,0,0,0,0,0,0,0,0,0,0,0,0,0,0,0,0,0,0,0,0,0,0,0,0,0,0,0,0,4,12,13,24,59,427,480,1081,2160,4168,22961,26780,47959,81420,351950,331972,481600,663157,1891230,1219085,1459013,1862833,2105020
0,0,0,0,0,0,0,0,0,0,0,0,0,0,0,0,0,0,0,0,0,0,0,0,0,0,0,0,0,0,0,0,0,0,0,0,1,2,13,13,27,59,413,495,1041,2126,4142,22788,26685,47515,81348,350642,331027,481150,661787,1892090,1219261,1460528,1863596,2106659
0,0,0,0,0,0,0,0,0,0,0,0,0,0,0,0,0,0,0,0,0,0,0,0,0,0,0,0,0,0,0,0,0,0,0,0,1,1,12,17,24,57,406,499,1045,2078,4143,22591,26690,47023,81183,349219,330342,480411,661071,1891727,1220350,1461417,1864771,2108330
0,0,0,0,0,0,0,0,0,0,0,0,0,0,0,0,0,0,0,0,0,0,0,0,0,0,0,0,0,0,0,0,0,0,0,1,0,2,10,11,33,53,400,521,1017,2059,4149,22589,26262,46944,80745,347878,329544,479474,660659,1891092,1221606,1462201,1865946,2110212
0,0,0,0,0,0,0,0,0,0,0,0,0,0,0,0,0,0,0,0,0,0,0,0,0,0,0,0,0,0,0,0,0,0,1,0,0,1,8,15,30,62,391,497,1033,2071,4032,22408,26132,46669,80450,346951,328541,478460,660057,1891541,1221281,1464270,1866031,2112476
0,0,0,0,0,0,0,0,0,0,0,0,0,0,0,0,0,0,0,0,0,0,0,0,0,0,0,0,0,0,0,0,0,0,1,0,0,1,8,15,24,65,385,499,999,2026,4051,22163,26067,46385,80012,345696,327772,477904,659066,1891878,1221200,1465402,1867527,2114262
0,0,0,0,0,0,0,0,0,0,0,0,0,0,0,0,0,0,0,0,0,0,0,0,0,0,0,0,0,0,0,0,0,0,1,0,0,0,6,20,21,61,381,484,978,2017,4079,21967,25778,46478,79708,344185,327246,476721,658365,1891871,1221701,1467193,1868005,2116142
0,0,0,0,0,0,0,0,0,0,0,0,0,0,0,0,0,0,0,0,0,0,0,0,0,0,0,0,0,0,0,0,0,0,1,0,0,0,7,17,26,64,369,462,1043,1986,4036,21861,25751,45873,79412,343164,325936,476271,658147,1891449,1222519,1467467,1869495,2118052
0,0,0,0,0,0,0,0,0,0,0,0,0,0,0,0,0,0,0,0,0,0,0,0,0,0,0,0,0,0,0,0,0,0,1,0,0,1,4,13,26,63,367,455,1005,2028,3993,21595,25664,45783,78897,342226,324967,475531,657254,1891457,1223639,1467970,1871095,2119374
0,0,0,0,0,0,0,0,0,0,0,0,0,0,0,0,0,0,0,0,0,0,0,0,0,0,0,0,0,0,0,0,0,1,0,0,0,1,4,8,30,53,388,426,1002,2021,3924,21372,25689,45290,78675,341265,324145,474896,656925,1891112,1223903,1469001,1872302,2120975
0,0,0,0,0,0,0,0,0,0,0,0,0,0,0,0,0,0,0,0,0,0,0,0,0,0,0,0,0,0,0,0,0,0,1,0,0,2,2,11,23,57,370,438,1016,1935,4030,21054,25607,45360,78130,340024,323337,474268,656168,1891314,1224327,1469514,1873655,2122765
0,0,0,0,0,0,0,0,0,0,0,0,0,0,0,0,0,0,0,0,0,0,0,0,0,0,0,0,0,0,0,0,0,0,1,0,0,1,3,10,23,54,368,452,986,1904,4019,21017,25230,45192,77883,338562,322787,473794,654997,1891341,1224433,1471510,1874053,2124788
0,0,0,0,0,0,0,0,0,0,0,0,0,0,0,0,0,0,0,0,0,0,0,0,0,0,0,0,0,0,0,0,0,1,0,0,0,1,3,7,30,44,354,467,947,1946,3954,20971,24821,45112,77514,337564,322242,472523,654946,1890907,1225157,1472012,1875671,2126214
0,0,0,0,0,0,0,0,0,0,0,0,0,0,0,0,0,0,0,0,0,0,0,0,0,0,0,0,0,0,0,0,0,1,0,0,0,0,5,9,16,56,358,464,940,1940,3871,20841,24685,44735,77072,336626,321658,471544,654337,1890879,1226759,1472810,1876183,2127619
0,0,0,0,0,0,0,0,0,0,0,0,0,0,0,0,0,0,0,0,0,0,0,0,0,0,0,0,0,0,0,0,0,1,0,0,0,1,6,7,24,44,343,460,974,1924,3839,20651,24623,44675,76550,336187,320005,471018,653389,1890503,1228196,1473526,1877219,2129243
0,0,0,0,0,0,0,0,0,0,0,0,0,0,0,0,0,0,0,0,0,0,0,0,0,0,0,0,0,0,0,0,0,1,0,0,1,0,7,4,23,48,335,472,932,1970,3800,20461,24762,44263,76188,335119,319204,470551,652521,1890294,1228991,1473796,1879069,2130596
0,0,0,0,0,0,0,0,0,0,0,0,0,0,0,0,0,0,0,0,0,0,0,0,0,0,0,0,0,0,0,0,0,1,0,0,0,1,6,7,20,44,317,488,937,1932,3744,20360,24634,43948,75836,334151,318618,469880,651392,1890874,1229422,1474142,1880279,2132375
0,0,0,0,0,0,0,0,0,0,0,0,0,0,0,0,0,0,0,0,0,0,0,0,0,0,0,0,0,0,0,0,0,1,0,0,0,1,10,6,17,46,313,484,963,1938,3662,20254,24307,43735,75640,333255,317761,469132,650965,1890718,1229708,1475657,1880934,2133901
0,0,0,0,0,0,0,0,0,0,0,0,0,0,0,0,0,0,0,0,0,0,0,0,0,0,0,0,0,0,0,0,0,1,0,0,1,1,8,4,18,45,314,456,962,1916,3627,20197,24302,43608,75326,331716,317445,468361,650349,1890670,1229644,1477008,1881700,2135729
0,0,0,0,0,0,0,0,0,0,0,0,0,0,0,0,0,0,0,0,0,0,0,0,0,0,0,0,0,0,0,0,0,0,1,0,1,0,7,6,15,49,315,444,945,1870,3581,20011,24088,43611,74915,330951,316256,467601,649979,1890827,1230118,1477897,1882440,2137480
0,0,0,0,0,0,0,0,0,0,0,0,0,0,0,0,0,0,0,0,0,0,0,0,0,0,0,0,0,0,0,0,0,0,1,0,1,1,6,6,21,50,306,432,944,1897,3567,19811,23949,43287,74542,329888,315761,467118,649133,1890129,1231022,1479064,1883310,2139162
0,0,0,0,0,0,0,0,0,0,0,0,0,0,0,0,0,0,0,0,0,0,0,0,0,0,0,0,0,0,0,0,0,0,1,0,1,1,4,10,20,49,291,450,934,1844,3590,19800,23668,43092,74105,328982,315149,466007,648298,1890286,1231844,1479975,1884599,2140408
0,0,0,0,0,0,0,0,0,0,0,0,0,0,0,0,0,0,0,0,0,0,0,0,0,0,0,0,0,0,0,0,0,0,0,2,0,1,3,6,27,48,284,451,915,1867,3531,19642,23652,42551,74242,327815,314537,465217,647799,1889393,1232932,1480575,1886098,2141820
0,0,0,0,0,0,0,0,0,0,0,0,0,0,0,0,0,0,0,0,0,0,0,0,0,0,0,0,0,0,0,0,0,0,0,1,2,0,4,7,24,45,288,442,917,1817,3574,19491,23620,42074,74315,326661,313914,464438,646967,1889763,1233034,1480957,1887733,2143320
0,0,0,0,0,0,0,0,0,0,0,0,0,0,0,0,0,0,0,0,0,0,0,0,0,0,0,0,0,0,0,0,0,0,0,1,2,0,5,7,20,51,287,438,870,1812,3552,19378,23446,41957,74031,325550,313500,463108,646349,1889804,1234106,1481011,1889604,2144519
0,0,0,0,0,0,0,0,0,0,0,0,0,0,0,0,0,0,0,0,0,0,0,0,0,0,0,0,0,0,0,0,0,0,0,2,1,0,4,6,24,46,301,415,858,1769,3573,19263,23350,41812,73533,324605,312877,462600,645489,1889569,1234091,1482634,1890408,2146178
0,0,0,0,0,0,0,0,0,0,0,0,0,0,0,0,0,0,0,0,0,0,0,0,0,0,0,0,0,0,0,0,0,0,1,1,1,0,3,8,21,48,293,429,864,1728,3568,19156,23198,41664,73158,323789,311965,462197,644201,1890214,1234517,1483048,1891935,2147401
0,0,0,0,0,0,0,0,0,0,0,0,0,0,0,0,0,0,0,0,0,0,0,0,0,0,0,0,0,0,0,0,0,0,0,1,2,0,3,7,22,50,286,415,871,1719,3464,19219,22901,41529,72864,323051,310707,462174,643255,1889824,1235503,1484124,1892644,2148773
0,0,0,0,0,0,0,0,0,0,0,0,0,0,0,0,0,0,0,0,0,0,0,0,0,0,0,0,0,0,0,0,0,0,0,1,2,0,3,6,18,43,290,405,866,1752,3414,19089,22929,41182,72252,322418,310478,460624,643494,1889451,1235256,1485648,1893337,2150450
0,0,0,0,0,0,0,0,0,0,0,0,0,0,0,0,0,0,0,0,0,0,0,0,0,0,0,0,0,0,0,0,0,0,0,0,1,2,4,7,17,51,290,402,852,1778,3315,18933,22854,41057,71895,321486,309880,459959,643010,1888893,1235763,1486127,1895022,2151810
0,0,0,0,0,0,0,0,0,0,0,0,0,0,0,0,0,0,0,0,0,0,0,0,0,0,0,0,0,0,0,0,0,0,0,0,1,1,6,9,15,45,287,410,848,1765,3245,18856,22580,41079,71363,320288,309984,459137,642546,1888166,1236043,1487731,1895699,2153304
0,0,0,0,0,0,0,0,0,0,0,0,0,0,0,0,0,0,0,0,0,0,0,0,0,0,0,0,0,0,0,0,0,0,0,1,0,1,6,7,18,37,275,429,844,1725,3225,18929,22239,40768,71339,319398,308968,458581,642001,1887733,1237027,1488395,1896376,2155086
0,0,0,0,0,0,0,0,0,0,0,0,0,0,0,0,0,0,0,0,0,0,0,0,0,0,0,0,0,0,0,0,0,0,0,1,0,1,5,11,12,40,280,409,841,1712,3243,18780,22203,40479,71185,318157,308917,457126,640996,1888247,1237792,1488724,1897329,2156918
0,0,0,0,0,0,0,0,0,0,0,0,0,0,0,0,0,0,0,0,0,0,0,0,0,0,0,0,0,0,0,0,0,0,0,0,1,0,7,10,17,35,276,427,847,1654,3308,18576,22063,40221,71194,317057,307958,457100,640246,1888414,1238274,1488756,1898496,2158471
0,0,0,0,0,0,0,0,0,0,0,0,0,0,0,0,0,0,0,0,0,0,0,0,0,0,0,0,0,0,0,0,0,0,0,1,0,0,7,8,18,35,274,428,847,1677,3283,18298,22177,39996,70465,316187,307576,456308,639641,1888568,1238408,1489383,1899999,2159824
0,0,0,0,0,0,0,0,0,0,0,0,0,0,0,0,0,0,0,0,0,0,0,0,0,0,0,0,0,0,0,0,0,0,0,1,0,0,5,15,13,32,269,393,911,1615,3249,18160,22049,39848,70370,315307,306661,455801,639423,1887907,1239347,1489916,1900554,2161562
0,0,0,0,0,0,0,0,0,0,0,0,0,0,0,0,0,0,0,0,0,0,0,0,0,0,0,0,0,0,0,0,0,0,0,1,0,0,7,10,17,37,271,402,899,1561,3237,18100,21772,39995,70041,314296,305695,454578,639708,1887330,1240189,1490654,1901584,2163024
0,0,0,0,0,0,0,0,0,0,0,0,0,0,0,0,0,0,0,0,0,0,0,0,0,0,0,0,0,0,0,0,0,0,0,1,0,0,6,11,16,40,272,373,885,1585,3197,18060,21756,39699,69849,313468,304849,453873,639157,1887386,1240759,1490786,1902421,2164959
0,0,0,0,0,0,0,0,0,0,0,0,0,0,0,0,0,0,0,0,0,0,0,0,0,0,0,0,0,0,0,0,0,0,0,1,0,0,5,11,15,35,267,369,831,1678,3131,17901,21666,39561,69634,312332,304998,452680,638798,1886957,1241309,1491773,1903156,2166300
0,0,0,0,0,0,0,0,0,0,0,0,0,0,0,0,0,0,0,0,0,0,0,0,0,0,0,0,0,0,0,0,0,0,0,1,0,0,5,13,12,34,255,383,813,1618,3152,17854,21642,39286,69307,312041,303698,452629,637681,1887277,1241162,1492901,1904063,2167581
0,0,0,0,0,0,0,0,0,0,0,0,0,0,0,0,0,0,0,0,0,0,0,0,0,0,0,0,0,0,0,0,0,0,0,0,1,0,5,11,17,37,262,358,839,1566,3129,17687,21577,39135,68855,311249,303046,452041,637255,1886265,1242248,1493805,1904565,2169455
0,0,0,0,0,0,0,0,0,0,0,0,0,0,0,0,0,0,0,0,0,0,0,0,0,0,0,0,0,0,0,0,0,0,0,0,1,1,4,13,19,31,273,376,765,1594,3094,17609,21596,38760,68679,310187,302505,451475,636937,1885859,1242350,1494546,1905395,2171339
0,0,0,0,0,0,0,0,0,0,0,0,0,0,0,0,0,0,0,0,0,0,0,0,0,0,0,0,0,0,0,0,0,0,0,1,0,1,6,13,14,33,271,374,758,1597,3034,17520,21573,38642,68385,309520,301431,450990,635904,1886378,1242516,1495728,1905454,2173265
0,0,0,0,0,0,0,0,0,0,0,0,0,0,0,0,0,0,0,0,0,0,0,0,0,0,0,0,0,0,0,0,0,0,0,1,0,1,6,11,16,32,276,360,738,1605,3083,17364,21406,38677,67805,308577,301246,450407,635444,1885778,1243170,1496164,1906772,2174469
0,0,0,0,0,0,0,0,0,0,0,0,0,0,0,0,0,0,0,0,0,0,0,0,0,0,0,0,0,0,0,0,0,0,0,0,1,1,4,8,22,34,255,350,753,1557,3123,17192,21308,38626,67788,307017,300893,449744,634648,1885876,1243318,1497221,1907644,2176025
0,0,0,0,0,0,0,0,0,0,0,0,0,0,0,0,0,0,0,0,0,0,0,0,0,0,0,0,0,0,0,0,0,0,0,0,0,1,6,7,17,44,245,353,745,1546,3102,17053,21343,38373,67408,306066,300812,448852,633715,1885743,1244096,1498131,1908563,2177187
0,0,0,0,0,0,0,0,0,0,0,0,0,0,0,0,0,0,0,0,0,0,0,0,0,0,0,0,0,0,0,0,0,0,0,0,0,2,3,11,11,36,258,355,734,1514,3125,16901,21080,38333,67517,305257,299950,447610,633545,1885849,1244747,1498525,1909403,2178642
0,0,0,0,0,0,0,0,0,0,0,0,0,0,0,0,0,0,0,0,0,0,0,0,0,0,0,0,0,0,0,0,0,0,0,0,0,1,4,6,17,33,240,371,735,1507,3069,16815,20862,38462,67161,303967,299580,447329,632857,1886191,1244862,1498769,1910563,2180007
0,0,0,0,0,0,0,0,0,0,0,0,0,0,0,0,0,0,0,0,0,0,0,0,0,0,0,0,0,0,0,0,0,0,0,0,0,1,5,6,13,35,226,367,721,1504,3049,16690,20944,37968,67182,303299,298626,447129,632306,1885848,1245480,1498915,1912036,2181058
0,0,0,0,0,0,0,0,0,0,0,0,0,0,0,0,0,0,0,0,0,0,0,0,0,0,0,0,0,0,0,0,0,0,0,0,0,1,5,5,11,37,235,353,721,1516,2925,16729,20762,38025,66741,302961,297465,446869,631878,1885662,1245661,1499760,1912825,2182261
0,0,0,0,0,0,0,0,0,0,0,0,0,0,0,0,0,0,0,0,0,0,0,0,0,0,0,0,0,0,0,0,0,0,0,0,0,2,3,6,11,32,244,355,714,1491,2970,16611,20670,37913,66466,302273,296955,445758,631483,1885763,1246441,1500117,1913400,2183730
0,0,0,0,0,0,0,0,0,0,0,0,0,0,0,0,0,0,0,0,0,0,0,0,0,0,0,0,0,0,0,0,0,0,0,0,0,2,3,6,14,37,240,353,727,1484,2949,16569,20491,37671,66351,301317,296231,444828,631018,1885526,1247470,1500910,1914281,2184930
0,0,0,0,0,0,0,0,0,0,0,0,0,0,0,0,0,0,0,0,0,0,0,0,0,0,0,0,0,0,0,0,0,0,0,0,1,1,4,6,14,35,228,367,733,1428,2933,16508,20518,37391,66014,300306,296085,443944,630854,1884560,1247895,1502777,1914669,2186137
0,0,0,0,0,0,0,0,0,0,0,0,0,0,0,0,0,0,0,0,0,0,0,0,0,0,0,0,0,0,0,0,0,0,0,1,1,0,2,7,15,35,228,355,720,1417,2888,16458,20537,37027,65874,299719,295226,443556,629828,1885033,1248107,1503824,1915009,2187541
0,0,0,0,0,0,0,0,0,0,0,0,0,0,0,0,0,0,0,0,0,0,0,0,0,0,0,0,0,0,0,0,0,0,0,0,2,2,1,6,12,39,229,336,692,1434,2882,16480,20258,36965,65432,299007,294935,442275,629742,1884540,1249137,1503918,1916202,2188882
0,0,0,0,0,0,0,0,0,0,0,0,0,0,0,0,0,0,0,0,0,0,0,0,0,0,0,0,0,0,0,0,0,0,0,0,0,2,3,4,16,39,228,309,718,1403,2886,16351,20314,36631,65084,298426,294462,441398,629284,1884258,1249973,1504597,1916981,2190041
0,0,0,0,0,0,0,0,0,0,0,0,0,0,0,0,0,0,0,0,0,0,0,0,0,0,0,0,0,0,0,0,0,0,0,0,1,1,3,3,17,36,224,327,700,1383,2864,16314,20210,36476,64767,297912,293952,441009,628030,1883985,1249855,1506595,1917328,2191416
0,0,0,0,0,0,0,0,0,0,0,0,0,0,0,0,0,0,0,0,0,0,0,0,0,0,0,0,0,0,0,0,0,0,0,0,1,2,2,3,20,30,214,339,698,1376,2850,16194,20082,36355,64682,297525,292729,440400,627805,1883639,1250393,1507331,1918210,2192528
0,0,0,0,0,0,0,0,0,0,0,0,0,0,0,0,0,0,0,0,0,0,0,0,0,0,0,0,0,0,0,0,0,0,0,0,1,2,2,2,18,37,207,326,693,1411,2781,16123,20088,36109,64486,296497,292303,439540,627395,1883440,1250839,1508032,1919553,2193523
0,0,0,0,0,0,0,0,0,0,0,0,0,0,0,0,0,0,0,0,0,0,0,0,0,0,0,0,0,0,0,0,0,0,0,0,1,2,1,6,18,31,232,301,702,1369,2803,16090,19799,36138,64192,295893,291821,439061,626765,1883090,1250648,1509075,1920611,2194759
0,0,0,0,0,0,0,0,0,0,0,0,0,0,0,0,0,0,0,0,0,0,0,0,0,0,0,0,0,0,0,0,0,0,0,0,1,2,1,7,17,31,231,314,681,1389,2697,16172,19471,36142,64042,294888,291258,438263,626766,1882354,1251386,1509829,1921443,2196023
0,0,0,0,0,0,0,0,0,0,0,0,0,0,0,0,0,0,0,0,0,0,0,0,0,0,0,0,0,0,0,0,0,0,0,0,1,2,1,11,13,31,231,311,680,1331,2746,16005,19434,36030,63698,294039,291141,437609,626378,1881477,1251893,1510245,1922922,2197179
0,0,0,0,0,0,0,0,0,0,0,0,0,0,0,0,0,0,0,0,0,0,0,0,0,0,0,0,0,0,0,0,0,0,0,0,0,1,6,7,12,33,228,306,682,1317,2756,15888,19353,35874,63748,292745,290900,437436,625708,1881185,1251588,1511233,1924003,2198399
0,0,0,0,0,0,0,0,0,0,0,0,0,0,0,0,0,0,0,0,0,0,0,0,0,0,0,0,0,0,0,0,0,0,0,0,0,1,7,6,11,30,232,298,646,1367,2707,15792,19483,35422,63793,292124,289684,437298,625031,1880690,1252536,1511624,1924805,2199821
0,0,0,0,0,0,0,0,0,0,0,0,0,0,0,0,0,0,0,0,0,0,0,0,0,0,0,0,0,0,0,0,0,0,0,0,0,1,4,7,8,33,242,299,633,1342,2726,15773,19329,35406,63421,291223,289011,437086,624199,1881210,1253043,1512033,1925042,2201337
0,0,0,0,0,0,0,0,0,0,0,0,0,0,0,0,0,0,0,0,0,0,0,0,0,0,0,0,0,0,0,0,0,0,0,0,0,1,5,4,11,37,235,283,623,1353,2709,15796,19160,35202,63237,290231,288712,436123,623668,1881762,1253647,1511981,1926254,2202374
0,0,0,0,0,0,0,0,0,0,0,0,0,0,0,0,0,0,0,0,0,0,0,0,0,0,0,0,0,0,0,0,0,0,0,0,0,2,4,3,13,34,225,278,623,1338,2685,15627,19168,35068,63067,289140,288693,435346,622948,1881477,1254624,1512408,1927410,2203227
0,0,0,0,0,0,0,0,0,0,0,0,0,0,0,0,0,0,0,0,0,0,0,0,0,0,0,0,0,0,0,0,0,0,0,0,0,1,5,5,11,29,226,282,620,1340,2737,15468,19169,34861,62967,288316,287984,434934,622474,1880827,1255411,1513068,1928356,2204317
0,0,0,0,0,0,0,0,0,0,0,0,0,0,0,0,0,0,0,0,0,0,0,0,0,0,0,0,0,0,0,0,0,0,0,0,0,0,4,7,10,31,213,278,616,1333,2673,15396,19112,34870,62507,287695,287694,434361,621410,1881293,1255345,1513720,1929461,2205379
0,0,0,0,0,0,0,0,0,0,0,0,0,0,0,0,0,0,0,0,0,0,0,0,0,0,0,0,0,0,0,0,0,0,0,0,0,0,4,7,9,31,212,300,605,1340,2634,15330,18926,34737,62383,287267,286403,434315,621321,1880454,1256264,1514359,1929888,2206619
0,0,0,0,0,0,0,0,0,0,0,0,0,0,0,0,0,0,0,0,0,0,0,0,0,0,0,0,0,0,0,0,0,0,0,0,0,0,5,5,14,27,210,298,638,1301,2646,15232,18823,34773,61865,286985,285778,433958,620408,1880263,1256381,1515641,1930493,2207664
0,0,0,0,0,0,0,0,0,0,0,0,0,0,0,0,0,0,0,0,0,0,0,0,0,0,0,0,0,0,0,0,0,0,0,0,0,0,5,3,12,35,204,292,653,1305,2572,15114,18842,34654,61660,286404,284995,433924,620091,1879505,1256393,1516732,1931010,2209003
0,0,0,0,0,0,0,0,0,0,0,0,0,0,0,0,0,0,0,0,0,0,0,0,0,0,0,0,0,0,0,0,0,0,0,0,0,0,5,5,7,35,207,293,666,1335,2531,14958,18788,34536,61614,285525,284859,433141,619571,1878656,1257391,1517090,1932100,2210095
0,0,0,0,0,0,0,0,0,0,0,0,0,0,0,0,0,0,0,0,0,0,0,0,0,0,0,0,0,0,0,0,0,0,0,0,0,0,5,3,10,30,208,280,678,1306,2551,14921,18709,34349,61619,284620,284554,432438,618604,1879344,1257305,1517881,1932960,2211033
0,0,0,0,0,0,0,0,0,0,0,0,0,0,0,0,0,0,0,0,0,0,0,0,0,0,0,0,0,0,0,0,0,0,0,0,0,0,5,2,13,29,196,267,682,1291,2542,14907,18717,34125,61258,283868,284479,431820,618356,1879176,1257218,1518370,1933841,2212246
0,0,0,0,0,0,0,0,0,0,0,0,0,0,0,0,0,0,0,0,0,0,0,0,0,0,0,0,0,0,0,0,0,0,0,0,0,0,5,3,9,29,190,277,665,1262,2639,14777,18572,34007,60990,283419,283677,431048,618827,1878517,1257121,1519612,1934220,2213542
0,0,0,0,0,0,0,0,0,0,0,0,0,0,0,0,0,0,0,0,0,0,0,0,0,0,0,0,0,0,0,0,0,0,0,0,0,0,5,3,6,29,194,283,667,1235,2638,14597,18561,33910,60845,282747,283310,430666,618088,1878188,1257575,1520001,1935099,2214761
0,0,0,0,0,0,0,0,0,0,0,0,0,0,0,0,0,0,0,0,0,0,0,0,0,0,0,0,0,0,0,0,0,0,0,0,0,0,4,3,9,26,206,289,620,1241,2571,14656,18228,34006,60559,281907,283116,430036,617530,1878558,1257052,1521180,1936006,2215605
0,0,0,0,0,0,0,0,0,0,0,0,0,0,0,0,0,0,0,0,0,0,0,0,0,0,0,0,0,0,0,0,0,0,0,0,0,0,3,3,8,33,193,292,625,1253,2513,14609,18164,33891,60364,281145,282351,430100,617211,1877744,1257770,1521804,1936669,2216663
0,0,0,0,0,0,0,0,0,0,0,0,0,0,0,0,0,0,0,0,0,0,0,0,0,0,0,0,0,0,0,0,0,0,0,0,0,0,2,3,10,39,175,285,620,1297,2461,14613,17997,33780,60284,280455,281922,429367,616354,1878376,1258305,1522032,1937216,2217815
0,0,0,0,0,0,0,0,0,0,0,0,0,0,0,0,0,0,0,0,0,0,0,0,0,0,0,0,0,0,0,0,0,0,0,0,0,0,2,4,11,31,176,286,645,1216,2482,14577,17896,33707,60018,280201,281354,428802,615608,1878085,1258623,1522286,1938312,2219086
0,0,0,0,0,0,0,0,0,0,0,0,0,0,0,0,0,0,0,0,0,0,0,0,0,0,0,0,0,0,0,0,0,0,0,0,0,1,2,2,16,20,188,270,639,1244,2464,14499,17818,33438,60056,279425,280706,428384,615268,1877871,1259007,1522072,1939601,2220417
0,0,0,0,0,0,0,0,0,0,0,0,0,0,0,0,0,0,0,0,0,0,0,0,0,0,0,0,0,0,0,0,0,0,0,0,0,0,2,5,13,25,191,268,634,1207,2535,14338,17926,33177,59805,278917,280341,427377,615264,1877445,1259563,1522940,1940268,2221167
0,0,0,0,0,0,0,0,0,0,0,0,0,0,0,0,0,0,0,0,0,0,0,0,0,0,0,0,0,0,0,0,0,0,0,0,0,0,1,4,12,25,190,275,602,1209,2518,14325,17849,33028,59611,278485,279688,426858,615169,1876554,1260038,1523269,1941714,2221984
0,0,0,0,0,0,0,0,0,0,0,0,0,0,0,0,0,0,0,0,0,0,0,0,0,0,0,0,0,0,0,0,0,0,0,0,0,0,2,3,10,31,177,276,563,1242,2554,14314,17613,32926,59485,277992,279488,425878,614652,1876410,1260536,1523127,1943009,2223120
0,0,0,0,0,0,0,0,0,0,0,0,0,0,0,0,0,0,0,0,0,0,0,0,0,0,0,0,0,0,0,0,0,0,0,0,0,0,2,5,10,26,180,265,542,1276,2505,14267,17516,32895,59219,277436,279039,425354,614212,1876116,1260558,1523379,1944693,2223913
0,0,0,0,0,0,0,0,0,0,0,0,0,0,0,0,0,0,0,0,0,0,0,0,0,0,0,0,0,0,0,0,0,0,0,0,0,0,4,3,11,21,185,272,540,1237,2519,14233,17330,32754,59419,276918,278234,425034,613552,1875538,1261807,1523426,1945522,2224849
0,0,0,0,0,0,0,0,0,0,0,0,0,0,0,0,0,0,0,0,0,0,0,0,0,0,0,0,0,0,0,0,0,0,0,0,0,0,4,4,10,19,195,278,533,1218,2496,14068,17525,32537,59243,276229,277904,424525,613121,1875697,1261376,1524425,1946018,2225983
0,0,0,0,0,0,0,0,0,0,0,0,0,0,0,0,0,0,0,0,0,0,0,0,0,0,0,0,0,0,0,0,0,0,0,0,0,0,4,6,6,18,196,283,527,1201,2497,14003,17445,32313,59149,275441,277478,423919,613071,1875148,1261803,1525228,1946386,2227286
0,0,0,0,0,0,0,0,0,0,0,0,0,0,0,0,0,0,0,0,0,0,0,0,0,0,0,0,0,0,0,0,0,0,0,0,0,0,3,4,9,25,198,272,524,1172,2483,14072,17177,32365,58899,274762,277196,422953,612903,1875349,1261792,1525703,1947058,2228489
0,0,0,0,0,0,0,0,0,0,0,0,0,0,0,0,0,0,0,0,0,0,0,0,0,0,0,0,0,0,0,0,0,0,0,0,0,0,3,7,9,26,189,276,517,1163,2477,13982,17204,32343,58491,274200,276322,423044,612231,1875134,1261528,1526397,1948542,2229323
0,0,0,0,0,0,0,0,0,0,0,0,0,0,0,0,0,0,0,0,0,0,0,0,0,0,0,0,0,0,0,0,0,0,0,0,0,1,2,5,11,24,189,270,516,1161,2432,13956,17122,32239,58424,273502,276084,422425,611901,1874825,1261725,1527555,1948797,2230242
0,0,0,0,0,0,0,0,0,0,0,0,0,0,0,0,0,0,0,0,0,0,0,0,0,0,0,0,0,0,0,0,0,0,0,0,0,1,3,3,11,23,195,263,514,1182,2322,13915,17166,32060,58357,272612,275952,422175,610644,1875415,1262236,1527325,1949892,2231142
0,0,0,0,0,0,0,0,0,0,0,0,0,0,0,0,0,0,0,0,0,0,0,0,0,0,0,0,0,0,0,0,0,0,0,0,0,0,3,5,8,28,182,277,518,1102,2337,13832,17140,32111,58338,271921,275675,421773,609815,1874986,1263161,1527270,1950698,2232228
0,0,0,0,0,0,0,0,0,0,0,0,0,0,0,0,0,0,0,0,0,0,0,0,0,0,0,0,0,0,0,0,0,0,0,0,0,0,3,5,7,30,181,284,521,1072,2364,13804,17012,31883,58231,271702,275043,421368,609600,1875429,1262555,1527755,1950902,2233657
0,0,0,0,0,0,0,0,0,0,0,0,0,0,0,0,0,0,0,0,0,0,0,0,0,0,0,0,0,0,0,0,0,0,0,0,0,0,3,3,9,24,190,276,513,1118,2288,13747,17009,31818,57623,271286,274352,421180,609423,1874772,1263503,1527996,1951594,2234681
0,0,0,0,0,0,0,0,0,0,0,0,0,0,0,0,0,0,0,0,0,0,0,0,0,0,0,0,0,0,0,0,0,0,0,0,0,0,1,4,8,31,186,265,538,1120,2244,13686,17010,31736,57532,270621,274055,421038,608858,1874143,1264454,1527949,1952097,2235832
0,0,0,0,0,0,0,0,0,0,0,0,0,0,0,0,0,0,0,0,0,0,0,0,0,0,0,0,0,0,0,0,0,0,0,0,0,0,1,4,12,27,187,278,506,1115,2303,13617,16959,31344,57807,269875,273651,420606,608777,1873688,1264623,1528508,1952719,2236801
0,0,0,0,0,0,0,0,0,0,0,0,0,0,0,0,0,0,0,0,0,0,0,0,0,0,0,0,0,0,0,0,0,0,0,0,0,0,1,3,11,30,177,282,545,1042,2325,13527,16928,31227,57434,269538,273141,420226,608814,1873199,1264197,1529582,1952988,2238191
0,0,0,0,0,0,0,0,0,0,0,0,0,0,0,0,0,0,0,0,0,0,0,0,0,0,0,0,0,0,0,0,0,0,0,0,0,0,0,5,12,25,169,290,530,1061,2346,13446,16762,31232,57206,269201,272455,420301,607797,1872852,1264883,1530183,1953579,2239073
0,0,0,0,0,0,0,0,0,0,0,0,0,0,0,0,0,0,0,0,0,0,0,0,0,0,0,0,0,0,0,0,0,0,0,0,0,0,0,4,11,20,175,282,507,1111,2320,13327,16808,31103,56982,268526,272060,419679,607269,1872437,1265518,1531184,1954157,2239928
0,0,0,0,0,0,0,0,0,0,0,0,0,0,0,0,0,0,0,0,0,0,0,0,0,0,0,0,0,0,0,0,0,0,0,0,0,0,0,3,9,23,165,268,552,1117,2237,13237,16778,31024,56925,268276,271498,419393,606575,1872174,1266043,1532049,1953965,2241097
0,0,0,0,0,0,0,0,0,0,0,0,0,0,0,0,0,0,0,0,0,0,0,0,0,0,0,0,0,0,0,0,0,0,0,0,0,0,0,5,8,17,166,268,537,1091,2269,13162,16696,30953,56841,267856,270986,418680,605971,1872020,1266876,1532623,1953898,2242485
0,0,0,0,0,0,0,0,0,0,0,0,0,0,0,0,0,0,0,0,0,0,0,0,0,0,0,0,0,0,0,0,0,0,0,0,0,0,2,3,6,14,170,260,558,1107,2179,13157,16526,31022,56777,266816,271125,418226,605102,1872724,1266922,1532766,1954467,2243479
0,0,0,0,0,0,0,0,0,0,0,0,0,0,0,0,0,0,0,0,0,0,0,0,0,0,0,0,0,0,0,0,0,0,0,0,0,0,2,5,3,18,181,259,529,1111,2216,13057,16430,31202,56398,266200,270484,417969,605179,1872078,1267753,1532881,1955376,2244077
0,0,0,0,0,0,0,0,0,0,0,0,0,0,0,0,0,0,0,0,0,0,0,0,0,0,0,0,0,0,0,0,0,0,0,0,0,0,2,4,5,19,166,279,532,1089,2194,13021,16436,31008,56290,265709,269958,417761,605379,1870592,1268055,1533663,1956673,2244573
0,0,0,0,0,0,0,0,0,0,0,0,0,0,0,0,0,0,0,0,0,0,0,0,0,0,0,0,0,0,0,0,0,0,0,0,0,0,2,3,4,23,176,274,522,1102,2195,12957,16524,30834,56145,265225,269482,417144,604851,1870705,1268186,1534269,1957646,2245139
0,0,0,0,0,0,0,0,0,0,0,0,0,0,0,0,0,0,0,0,0,0,0,0,0,0,0,0,0,0,0,0,0,0,0,0,0,0,3,2,6,23,169,257,547,1090,2206,12929,16270,30781,55954,264485,269758,416453,604344,1870454,1268167,1535285,1958514,2245711
0,0,0,0,0,0,0,0,0,0,0,0,0,0,0,0,0,0,0,0,0,0,0,0,0,0,0,0,0,0,0,0,0,0,0,0,0,0,2,4,4,21,178,267,516,1101,2168,12876,16170,30546,55968,264124,269492,415931,604408,1869424,1268807,1535997,1958736,2246668
0,0,0,0,0,0,0,0,0,0,0,0,0,0,0,0,0,0,0,0,0,0,0,0,0,0,0,0,0,0,0,0,0,0,0,0,0,0,3,3,5,21,174,244,514,1092,2136,12842,16153,30313,56042,263931,269086,414937,604078,1869591,1268711,1536309,1960286,2246937
0,0,0,0,0,0,0,0,0,0,0,0,0,0,0,0,0,0,0,0,0,0,0,0,0,0,0,0,0,0,0,0,0,0,0,0,0,0,4,3,7,14,173,251,491,1072,2176,12750,16090,30404,55785,263403,268755,414346,603918,1869722,1268235,1537158,1960816,2247835
0,0,0,0,0,0,0,0,0,0,0,0,0,0,0,0,0,0,0,0,0,0,0,0,0,0,0,0,0,0,0,0,0,0,0,0,0,0,1,6,5,16,171,234,524,1003,2174,12751,16085,30381,55465,262862,268241,414165,603252,1870044,1267899,1537880,1961376,2248873
0,0,0,0,0,0,0,0,0,0,0,0,0,0,0,0,0,0,0,0,0,0,0,0,0,0,0,0,0,0,0,0,0,0,0,0,0,0,1,7,5,18,177,228,525,981,2203,12597,16157,30244,55136,262608,268080,413806,602082,1870663,1267688,1537942,1962374,2249886
0,0,0,0,0,0,0,0,0,0,0,0,0,0,0,0,0,0,0,0,0,0,0,0,0,0,0,0,0,0,0,0,0,0,0,0,0,0,1,5,6,19,168,232,490,1031,2151,12547,16047,30219,55173,261781,268117,413392,601295,1870446,1268160,1538692,1962635,2250801
0,0,0,0,0,0,0,0,0,0,0,0,0,0,0,0,0,0,0,0,0,0,0,0,0,0,0,0,0,0,0,0,0,0,0,0,0,0,2,3,7,27,160,235,492,998,2121,12561,16040,30191,55144,261304,267281,413280,601179,1869679,1268461,1539160,1963689,2251394
0,0,0,0,0,0,0,0,0,0,0,0,0,0,0,0,0,0,0,0,0,0,0,0,0,0,0,0,0,0,0,0,0,0,0,0,0,0,2,2,7,27,153,219,513,984,2146,12435,16025,30105,55271,260553,266934,412731,601323,1868719,1269683,1539137,1964343,2252096
0,0,0,0,0,0,0,0,0,0,0,0,0,0,0,0,0,0,0,0,0,0,0,0,0,0,0,0,0,0,0,0,0,0,0,0,0,0,2,2,10,22,160,209,495,1056,2093,12492,15875,29918,55014,260602,266620,412080,600477,1868871,1270053,1539312,1965039,2253006
0,0,0,0,0,0,0,0,0,0,0,0,0,0,0,0,0,0,0,0,0,0,0,0,0,0,0,0,0,0,0,0,0,0,0,0,0,0,1,5,10,24,154,208,478,1059,2136,12367,15963,29794,54574,260365,266783,411663,599720,1868398,1270408,1539445,1966256,2253597
0,0,0,0,0,0,0,0,0,0,0,0,0,0,0,0,0,0,0,0,0,0,0,0,0,0,0,0,0,0,0,0,0,0,0,0,0,0,2,5,8,26,148,225,454,1048,2110,12415,15796,29761,54635,259799,266394,411169,599660,1868182,1270742,1539867,1966445,2254517
0,0,0,0,0,0,0,0,0,0,0,0,0,0,0,0,0,0,0,0,0,0,0,0,0,0,0,0,0,0,0,0,0,0,0,0,0,0,3,3,7,24,155,211,463,1029,2118,12366,15690,29636,54537,259411,265931,410879,599440,1868189,1270785,1540820,1966373,2255338
0,0,0,0,0,0,0,0,0,0,0,0,0,0,0,0,0,0,0,0,0,0,0,0,0,0,0,0,0,0,0,0,0,0,0,0,0,0,3,4,4,28,158,218,438,1038,2070,12376,15635,29527,54180,259056,265582,410396,599546,1867236,1270915,1542143,1966839,2256016
0,0,0,0,0,0,0,0,0,0,0,0,0,0,0,0,0,0,0,0,0,0,0,0,0,0,0,0,0,0,0,0,0,0,0,0,0,0,4,1,7,27,154,214,459,985,2118,12246,15673,29436,53846,258577,265173,410296,599028,1866658,1271818,1542355,1966921,2257412
0,0,0,0,0,0,0,0,0,0,0,0,0,0,0,0,0,0,0,0,0,0,0,0,0,0,0,0,0,0,0,0,0,0,0,0,0,0,3,3,4,27,162,200,450,953,2121,12188,15558,29348,53664,258104,264803,409926,598921,1866315,1271598,1543149,1967752,2258159
0,0,0,0,0,0,0,0,0,0,0,0,0,0,0,0,0,0,0,0,0,0,0,0,0,0,0,0,0,0,0,0,0,0,0,0,0,0,3,3,7,28,158,191,449,953,2072,12149,15489,29343,53559,257300,264677,409499,599048,1866049,1271846,1543143,1968903,2258539
0,0,0,0,0,0,0,0,0,0,0,0,0,0,0,0,0,0,0,0,0,0,0,0,0,0,0,0,0,0,0,0,0,0,0,0,0,0,3,6,6,20,158,205,450,999,2008,12083,15505,29312,53318,256841,264538,408987,598334,1865846,1272190,1544153,1969401,2259045
0,0,0,0,0,0,0,0,0,0,0,0,0,0,0,0,0,0,0,0,0,0,0,0,0,0,0,0,0,0,0,0,0,0,0,0,0,0,4,5,7,22,141,208,466,999,2016,12072,15447,28982,53588,256298,263895,408960,597906,1865754,1272421,1544591,1969207,2260419
0,0,0,0,0,0,0,0,0,0,0,0,0,0,0,0,0,0,0,0,0,0,0,0,0,0,0,0,0,0,0,0,0,0,0,0,0,0,4,3,9,19,139,206,481,989,2017,12006,15354,29136,53203,256287,263040,408922,597558,1865731,1272333,1544953,1969947,2261071
0,0,0,0,0,0,0,0,0,0,0,0,0,0,0,0,0,0,0,0,0,0,0,0,0,0,0,0,0,0,0,0,0,0,0,0,0,0,4,3,5,28,129,215,489,964,2025,11940,15369,29025,53168,255605,263017,408234,597282,1865090,1273254,1545471,1970407,2261684
0,0,0,0,0,0,0,0,0,0,0,0,0,0,0,0,0,0,0,0,0,0,0,0,0,0,0,0,0,0,0,0,0,0,0,0,0,0,4,3,5,23,140,219,488,967,2040,11862,15394,28889,52934,255289,262801,408001,597012,1865101,1272801,1545291,1971944,2262200
0,0,0,0,0,0,0,0,0,0,0,0,0,0,0,0,0,0,0,0,0,0,0,0,0,0,0,0,0,0,0,0,0,0,0,0,0,0,2,5,6,17,147,222,473,977,2034,11733,15266,28998,52877,254783,262145,408090,596608,1864710,1273765,1545425,1972400,2262725
0,0,0,0,0,0,0,0,0,0,0,0,0,0,0,0,0,0,0,0,0,0,0,0,0,0,0,0,0,0,0,0,0,0,0,0,0,0,1,4,8,18,141,232,454,1005,1977,11771,15177,29000,52763,254599,261695,407594,596771,1863647,1274293,1545413,1973402,2263443
0,0,0,0,0,0,0,0,0,0,0,0,0,0,0,0,0,0,0,0,0,0,0,0,0,0,0,0,0,0,0,0,0,0,0,0,0,0,1,5,8,17,145,230,441,992,1982,11821,15088,28837,52790,253954,261272,407260,596987,1863285,1274421,1545494,1974466,2263912
0,0,0,0,0,0,0,0,0,0,0,0,0,0,0,0,0,0,0,0,0,0,0,0,0,0,0,0,0,0,0,0,0,0,0,0,0,0,2,3,6,19,149,214,471,963,1950,11766,15134,28703,52683,253400,261484,406782,596399,1863075,1274629,1546442,1974226,2264908
0,0,0,0,0,0,0,0,0,0,0,0,0,0,0,0,0,0,0,0,0,0,0,0,0,0,0,0,0,0,0,0,0,0,0,0,0,0,2,3,5,21,142,223,470,974,1892,11686,15095,28722,52513,253114,260918,406486,596303,1862533,1274992,1546812,1975146,2265356
0,0,0,0,0,0,0,0,0,0,0,0,0,0,0,0,0,0,0,0,0,0,0,0,0,0,0,0,0,0,0,0,0,0,0,0,0,0,2,3,5,15,148,213,500,945,1914,11604,15069,28553,52391,252443,260597,406648,595721,1862244,1275287,1547169,1976021,2265916
0,0,0,0,0,0,0,0,0,0,0,0,0,0,0,0,0,0,0,0,0,0,0,0,0,0,0,0,0,0,0,0,0,0,0,0,0,0,3,1,5,18,149,210,486,951,1906,11576,15083,28363,52200,252270,260448,406037,594953,1862162,1275255,1548139,1976390,2266803
0,0,0,0,0,0,0,0,0,0,0,0,0,0,0,0,0,0,0,0,0,0,0,0,0,0,0,0,0,0,0,0,0,0,0,0,0,1,2,1,5,21,153,195,461,958,1978,11499,15040,28302,52016,251854,260602,405251,594329,1861972,1275403,1548657,1977233,2267475
0,0,0,0,0,0,0,0,0,0,0,0,0,0,0,0,0,0,0,0,0,0,0,0,0,0,0,0,0,0,0,0,0,0,0,0,0,0,4,1,5,16,163,209,420,956,1922,11558,14888,28275,51875,251391,260581,404597,594307,1861974,1275239,1549098,1977555,2268374
0,0,0,0,0,0,0,0,0,0,0,0,0,0,0,0,0,0,0,0,0,0,0,0,0,0,0,0,0,0,0,0,0,0,0,0,0,1,3,2,4,13,163,200,428,953,1901,11551,14779,28216,51685,251059,260251,404428,593731,1861579,1275737,1549284,1978515,2268925
0,0,0,0,0,0,0,0,0,0,0,0,0,0,0,0,0,0,0,0,0,0,0,0,0,0,0,0,0,0,0,0,0,0,0,0,0,1,3,1,4,19,167,201,397,950,1917,11575,14629,28115,51709,250780,259815,403963,593318,1861782,1274896,1550652,1979284,2269230
0,0,0,0,0,0,0,0,0,0,0,0,0,0,0,0,0,0,0,0,0,0,0,0,0,0,0,0,0,0,0,0,0,0,0,0,0,1,3,1,8,21,147,212,402,935,1902,11484,14814,27838,51719,250430,259546,403985,593109,1860548,1275381,1550557,1980448,2269917
0,0,0,0,0,0,0,0,0,0,0,0,0,0,0,0,0,0,0,0,0,0,0,0,0,0,0,0,0,0,0,0,0,0,0,0,0,1,3,3,7,19,147,199,404,934,1891,11478,14681,27838,51587,249794,259626,403794,592335,1860673,1275731,1550852,1980179,2271232
0,0,0,0,0,0,0,0,0,0,0,0,0,0,0,0,0,0,0,0,0,0,0,0,0,0,0,0,0,0,0,0,0,0,0,0,0,2,2,3,9,24,134,188,448,850,1907,11420,14643,27954,51362,249432,259571,402829,592102,1860865,1275891,1551250,1980175,2272347
0,0,0,0,0,0,0,0,0,0,0,0,0,0,0,0,0,0,0,0,0,0,0,0,0,0,0,0,0,0,0,0,0,0,0,0,0,1,2,5,8,24,123,201,425,898,1816,11478,14600,27900,51405,248991,259177,402177,592089,1860125,1276800,1551540,1981038,2272585
0,0,0,0,0,0,0,0,0,0,0,0,0,0,0,0,0,0,0,0,0,0,0,0,0,0,0,0,0,0,0,0,0,0,0,0,0,1,2,8,7,21,121,232,412,867,1823,11358,14639,27930,51302,248848,258188,401857,591266,1860652,1277215,1552084,1981473,2273102
0,0,0,0,0,0,0,0,0,0,0,0,0,0,0,0,0,0,0,0,0,0,0,0,0,0,0,0,0,0,0,0,0,0,0,0,0,0,5,5,7,28,122,221,413,848,1818,11278,14683,28019,50971,248160,258462,401146,591687,1859769,1277816,1551711,1981993,2274246
0,0,0,0,0,0,0,0,0,0,0,0,0,0,0,0,0,0,0,0,0,0,0,0,0,0,0,0,0,0,0,0,0,0,0,0,0,0,6,4,7,27,133,204,420,850,1780,11310,14581,27929,50833,248070,257395,401632,590883,1860284,1277279,1552522,1982140,2275119
0,0,0,0,0,0,0,0,0,0,0,0,0,0,0,0,0,0,0,0,0,0,0,0,0,0,0,0,0,0,0,0,0,0,0,0,0,0,7,2,12,25,135,211,416,837,1817,11210,14649,27750,50884,247428,257171,401416,590478,1860568,1276935,1552966,1982816,2275675
0,0,0,0,0,0,0,0,0,0,0,0,0,0,0,0,0,0,0,0,0,0,0,0,0,0,0,0,0,0,0,0,0,0,0,0,0,0,5,4,10,24,141,209,399,878,1832,11147,14553,27835,50756,247317,256888,400665,589838,1860668,1277392,1553025,1983659,2276163
0,0,0,0,0,0,0,0,0,0,0,0,0,0,0,0,0,0,0,0,0,0,0,0,0,0,0,0,0,0,0,0,0,0,0,0,0,0,5,4,13,20,132,205,395,899,1799,11191,14519,27775,50613,247023,256671,400229,589319,1860578,1277878,1553258,1984337,2276545
0,0,0,0,0,0,0,0,0,0,0,0,0,0,0,0,0,0,0,0,0,0,0,0,0,0,0,0,0,0,0,0,0,0,0,0,0,0,7,2,9,27,117,200,398,907,1759,11168,14525,27532,50795,246337,256986,399587,589336,1860106,1277742,1554059,1984687,2277122
0,0,0,0,0,0,0,0,0,0,0,0,0,0,0,0,0,0,0,0,0,0,0,0,0,0,0,0,0,0,0,0,0,0,0,0,0,0,6,5,5,26,118,196,392,909,1791,11108,14530,27427,50463,246302,256592,399535,588955,1859462,1277886,1555435,1984349,2277916
0,0,0,0,0,0,0,0,0,0,0,0,0,0,0,0,0,0,0,0,0,0,0,0,0,0,0,0,0,0,0,0,0,0,0,0,0,0,6,5,5,22,132,178,392,897,1836,11091,14396,27429,50382,245851,256203,399638,587996,1859499,1278218,1556305,1984262,2278665
0,0,0,0,0,0,0,0,0,0,0,0,0,0,0,0,0,0,0,0,0,0,0,0,0,0,0,0,0,0,0,0,0,0,0,0,0,1,5,4,6,26,129,170,419,855,1789,11105,14430,27341,50341,245421,256009,399202,587587,1859384,1278671,1556960,1984166,2279387
0,0,0,0,0,0,0,0,0,0,0,0,0,0,0,0,0,0,0,0,0,0,0,0,0,0,0,0,0,0,0,0,0,0,0,0,0,1,5,4,4,23,130,166,407,871,1783,11082,14377,27297,50349,244777,256351,398304,587461,1858840,1279187,1556939,1984669,2280381
0,0,0,0,0,0,0,0,0,0,0,0,0,0,0,0,0,0,0,0,0,0,0,0,0,0,0,0,0,0,0,0,0,0,0,0,0,1,6,2,6,16,125,175,394,875,1760,11004,14415,27177,50265,244428,255983,398486,586790,1858456,1279195,1557578,1985292,2280979
0,0,0,0,0,0,0,0,0,0,0,0,0,0,0,0,0,0,0,0,0,0,0,0,0,0,0,0,0,0,0,0,0,0,0,0,0,1,4,4,9,13,123,171,401,855,1752,10972,14351,27120,50200,244077,255389,398431,586768,1858230,1279448,1557811,1985840,2281438
0,0,0,0,0,0,0,0,0,0,0,0,0,0,0,0,0,0,0,0,0,0,0,0,0,0,0,0,0,0,0,0,0,0,0,0,0,1,5,3,9,12,122,182,403,875,1740,10935,14321,26877,50197,243659,255192,398710,586326,1857805,1279713,1557902,1986756,2281663
0,0,0,0,0,0,0,0,0,0,0,0,0,0,0,0,0,0,0,0,0,0,0,0,0,0,0,0,0,0,0,0,0,0,0,0,0,0,6,3,6,16,128,172,384,881,1724,10872,14453,26819,50006,243467,255018,398280,586236,1856890,1280060,1558422,1986970,2282595
0,0,0,0,0,0,0,0,0,0,0,0,0,0,0,0,0,0,0,0,0,0,0,0,0,0,0,0,0,0,0,0,0,0,0,0,0,0,5,4,7,20,109,186,390,859,1714,10918,14292,26727,50149,243428,254468,397503,586334,1856808,1279525,1558919,1988079,2282964
0,0,0,0,0,0,0,0,0,0,0,0,0,0,0,0,0,0,0,0,0,0,0,0,0,0,0,0,0,0,0,0,0,0,0,0,0,1,4,3,6,12,118,194,385,846,1760,10839,14253,26806,49931,243409,253726,397659,586471,1855826,1280111,1559222,1989005,2282821
0,0,0,0,0,0,0,0,0,0,0,0,0,0,0,0,0,0,0,0,0,0,0,0,0,0,0,0,0,0,0,0,0,0,0,0,0,0,6,2,7,16,118,205,358,824,1760,10810,14187,26768,50019,243309,253483,396784,586504,1855420,1280496,1559403,1990242,2282687
