0,0,0,0,0,0,0,0,0,0,0,0,0,0,0,0,0,0,0,0,5276244,0,0,0,0,0,0,0,0,0,0,0,0,0,0,0,0,0,0,0,5277164,0,0,0,0,0,0,0,0,0,0,0,0,0,0,0,0,0,0,0
0,0,0,0,0,0,0,0,0,0,0,0,0,0,0,2801945,0,0,0,0,0,0,0,0,0,0,0,0,0,0,4946951,0,0,0,0,0,0,0,0,0,0,0,0,0,0,2804512,0,0,0,0,0,0,0,0,0,0,0,0,0,0
0,0,0,0,0,0,0,0,0,0,0,0,1562223,0,0,0,0,0,0,0,0,0,0,0,3711764,0,0,0,0,0,0,0,0,0,0,0,3713698,0,0,0,0,0,0,0,0,0,0,0,1565723,0,0,0,0,0,0,0,0,0,0,0
0,0,0,0,0,0,0,0,0,0,902202,0,0,0,0,0,0,0,0,0,2608958,0,0,0,0,0,0,0,0,0,3523925,0,0,0,0,0,0,0,0,0,2614013,0,0,0,0,0,0,0,0,0,904310,0,0,0,0,0,0,0,0,0
0,0,0,0,0,0,0,0,536574,0,0,0,0,0,0,0,0,1790682,0,0,0,0,0,0,0,2945334,0,0,0,0,0,0,0,0,2949102,0,0,0,0,0,0,0,1793895,0,0,0,0,0,0,0,0,537821,0,0,0,0,0,0,0,0
0,0,0,0,0,0,0,325720,0,0,0,0,0,0,0,1218696,0,0,0,0,0,0,2317678,0,0,0,0,0,0,0,2821429,0,0,0,0,0,0,2322350,0,0,0,0,0,0,0,1219873,0,0,0,0,0,0,327662,0,0,0,0,0,0,0
0,0,0,0,0,0,201897,0,0,0,0,0,0,827577,0,0,0,0,0,0,1761020,0,0,0,0,0,2482454,0,0,0,0,0,0,2483251,0,0,0,0,0,0,1764783,0,0,0,0,0,829539,0,0,0,0,0,0,202887,0,0,0,0,0,0
0,0,0,0,0,0,126895,0,0,0,0,0,562600,0,0,0,0,0,1312983,0,0,0,0,0,2071725,0,0,0,0,0,2397114,0,0,0,0,0,2073659,0,0,0,0,0,1316446,0,0,0,0,0,564331,0,0,0,0,0,127655,0,0,0,0,0
0,0,0,0,0,80998,0,0,0,0,383758,0,0,0,0,0,966882,0,0,0,0,1673255,0,0,0,0,0,2168173,0,0,0,0,2168190,0,0,0,0,0,1676175,0,0,0,0,970016,0,0,0,0,0,384400,0,0,0,0,81561,0,0,0,0,0
0,0,0,0,0,52223,0,0,0,0,262640,0,0,0,0,707180,0,0,0,0,1321427,0,0,0,0,1877534,0,0,0,0,2102883,0,0,0,0,1879806,0,0,0,0,1324208,0,0,0,0,709717,0,0,0,0,263124,0,0,0,0,52666,0,0,0,0
0,0,0,0,34120,0,0,0,0,180605,0,0,0,514687,0,0,0,0,1027379,0,0,0,0,1577303,0,0,0,1936739,0,0,0,0,1940459,0,0,0,1578974,0,0,0,0,1030155,0,0,0,0,517513,0,0,0,181188,0,0,0,0,34286,0,0,0,0
0,0,0,0,22497,0,0,0,124522,0,0,0,374303,0,0,0,0,789727,0,0,0,1296929,0,0,0,1719988,0,0,0,0,1886841,0,0,0,1722649,0,0,0,1298741,0,0,0,793464,0,0,0,0,375883,0,0,0,125204,0,0,0,22660,0,0,0,0
0,0,0,0,14899,0,0,0,86369,0,0,0,271702,0,0,0,603300,0,0,0,1047999,0,0,0,1486600,0,0,0,1759079,0,0,0,1761886,0,0,0,1489377,0,0,0,1050642,0,0,0,606782,0,0,0,272857,0,0,0,86991,0,0,0,14925,0,0,0
0,0,0,9996,0,0,0,59986,0,0,0,197133,0,0,0,458915,0,0,836303,0,0,0,1256857,0,0,0,1591130,0,0,0,1718989,0,0,1594793,0,0,0,1259350,0,0,0,840335,0,0,0,460681,0,0,198632,0,0,0,60385,0,0,0,9923,0,0,0
0,0,0,6791,0,0,0,41917,0,0,143351,0,0,0,347322,0,0,661492,0,0,0,1044213,0,0,1403872,0,0,0,1620568,0,0,1620851,0,0,0,1405612,0,0,1049586,0,0,0,666307,0,0,348508,0,0,0,143868,0,0,42463,0,0,0,6687,0,0,0
0,0,0,4642,0,0,29379,0,0,0,104415,0,0,261830,0,0,519863,0,0,0,858690,0,0,1212912,0,0,1485249,0,0,0,1586028,0,0,1485443,0,0,1216299,0,0,0,862832,0,0,523550,0,0,263236,0,0,0,104787,0,0,29733,0,0,4520,0,0,0
0,0,0,3121,0,0,20810,0,0,75904,0,0,197690,0,0,406064,0,0,699013,0,0,0,1032639,0,0,1329870,0,0,1505698,0,0,1504969,0,0,1331186,0,0,1036247,0,0,0,702555,0,0,408809,0,0,198656,0,0,76104,0,0,20965,0,0,3108,0,0,0
0,0,0,2101,0,0,14838,0,0,55216,0,0,149019,0,0,315685,0,0,564630,0,0,868439,0,0,1169457,0,0,1392627,0,0,1476677,0,0,1393807,0,0,1171973,0,0,871246,0,0,567762,0,0,318536,0,0,148979,0,0,55523,0,0,14769,0,0,2124,0,0
0,0,1480,0,0,10515,0,0,40517,0,0,112082,0,0,244606,0,0,453853,0,0,721372,0,1014068,0,0,1263382,0,0,1409271,0,0,1409116,0,0,1264019,0,0,1016665,0,0,724969,0,456048,0,0,246870,0,0,112014,0,0,40596,0,0,10517,0,0,1448,0,0
0,0,1019,0,0,7567,0,0,29552,0,84195,0,0,189825,0,0,361986,0,0,595469,0,868249,0,0,1126280,0,0,1315163,0,0,1383248,0,1315919,0,0,1129116,0,0,869565,0,598898,0,0,364339,0,0,190574,0,0,84205,0,29831,0,0,7384,0,0,1024,0,0
0,0,738,0,0,5414,0,21767,0,0,63170,0,0,146617,0,287841,0,0,487461,0,735863,0,0,991574,0,0,1203146,0,1329042,0,0,1324283,0,1206931,0,0,993305,0,0,737248,0,491032,0,0,289706,0,146996,0,0,63624,0,0,21652,0,5291,0,0,707,0,0
0,0,525,0,0,3877,0,15930,0,0,47429,0,113154,0,0,228033,0,397412,0,0,617628,0,862174,0,0,1086743,0,1245726,0,0,1305030,0,1247642,0,0,1087949,0,863725,0,0,619336,0,400794,0,0,229047,0,113517,0,0,47525,0,15943,0,0,3781,0,488,0,0
0,0,378,0,2745,0,0,11766,0,35774,0,0,87306,0,180126,0,322569,0,0,515326,0,740742,0,0,968201,0,1150841,0,1254873,0,0,1257927,0,1151379,0,0,970134,0,741495,0,517924,0,0,324774,0,181157,0,0,87233,0,35948,0,11718,0,0,2712,0,360,0,0
0,0,273,0,1969,0,8690,0,0,26925,0,67285,0,142060,0,0,260869,0,426634,0,632123,0,0,851305,0,1048712,0,1186252,0,0,1237070,0,1188212,0,1049792,0,851574,0,0,633970,0,429574,0,262442,0,0,142536,0,67147,0,27148,0,0,8636,0,1954,0,256,0,0
0,0,188,0,1475,0,6443,0,20188,0,0,51543,0,112146,0,210141,0,351722,0,0,534912,0,742107,0,943482,0,1103422,0,1193870,0,0,1195257,0,1105427,0,943421,0,742356,0,0,537132,0,354785,0,210784,0,112831,0,51412,0,0,20354,0,6451,0,1374,0,185,0,0
0,0,132,0,1059,0,4743,0,15277,0,39779,0,87757,0,0,168712,0,289028,0,450779,0,640899,0,838344,0,1013217,0,1133291,0,0,1176763,0,1136086,0,1013787,0,838946,0,643027,0,451815,0,290960,0,0,169809,0,88363,0,39535,0,15464,0,4751,0,957,0,128,0,0
0,0,97,0,743,0,3500,0,11616,0,30524,0,68855,0,134908,0,236817,0,377288,0,549993,0,739288,0,917432,0,1061216,0,1138785,0,0,1140216,0,1062901,0,919109,0,740242,0,550806,0,379191,0,238008,0,136362,0,68997,0,30555,0,11648,0,3527,0,702,0,82,0,0
0,0,73,0,553,0,2582,0,8758,0,23503,0,53902,0,107985,0,193393,0,313701,0,469206,0,645471,0,823930,0,980390,0,1086917,0,1122274,0,1088662,0,980938,0,826063,0,646841,0,469637,0,315632,0,194416,0,109173,0,53866,0,23569,0,8804,0,2588,0,525,0,56,0
0,53,0,411,0,1914,0,6611,0,18041,0,42151,0,86549,0,157175,0,260899,0,397232,0,560027,0,733278,0,894487,0,1022992,0,1089416,1091055,0,1023868,0,896537,0,734020,0,561596,0,398612,0,262062,0,158378,0,86631,0,42292,0,18142,0,6628,0,1927,0,387,0,37,0
0,34,0,301,0,1435,0,5002,0,13855,0,32992,0,68963,0,127462,216291,0,334842,0,482410,0,647208,0,809838,0,949491,0,1043291,0,1076187,1045339,0,950831,0,810796,0,647604,0,484605,0,336608,0,217035,0,128231,68996,0,33040,0,13918,0,5048,0,1462,0,268,0,25,0
0,22,0,216,0,1107,0,3783,0,10612,25999,0,54782,0,103304,0,178444,0,281430,0,413169,566938,0,726861,0,872963,0,985090,0,1046134,1048414,0,987418,0,873559,0,727538,0,567781,0,415597,283002,0,178926,0,103586,0,54923,0,26010,10658,0,3834,0,1090,0,200,0,18,0
0,15,0,168,0,828,0,2906,8114,0,20413,0,43382,0,83684,146680,0,235314,0,353550,0,492154,647495,0,794975,0,920444,0,1003606,0,1034956,1006029,0,921348,0,796532,0,647739,494661,0,354662,0,236945,0,146718,83769,0,43896,0,20294,0,8243,2924,0,805,0,147,0,12,0
0,8,0,131,0,588,2234,0,6200,0,16030,0,34540,67595,0,120200,0,196266,300415,0,426683,0,571652,0,717016,852218,0,952121,0,1007600,1009182,0,952088,0,852361,0,720438,572682,0,428081,0,301442,197597,0,120236,0,67720,0,34924,15849,0,6385,0,2211,595,0,111,0,9,0
0,6,0,94,0,449,1646,0,4882,0,12475,27378,0,54646,0,98404,163561,0,254027,0,367785,502224,0,642717,0,779403,894640,0,969473,0,996569,970054,0,894083,0,781553,646154,0,502499,0,369245,254862,0,164159,0,98782,54548,0,27539,0,12392,4978,0,1655,0,433,85,0,8,0
0,4,0,69,346,0,1279,0,3736,9767,0,21681,43958,0,80275,0,136195,214171,0,315210,0,438134,573129,0,708358,830353,0,922738,0,972848,972678,0,922543,0,831746,710286,0,574899,439341,0,316308,0,215612,136059,0,80652,0,44065,21674,0,9775,3880,0,1252,0,321,59,0,7,0
0,3,0,49,255,0,999,2905,0,7599,0,17240,35264,0,65800,112338,0,180313,269534,0,380587,0,506697,639637,0,765022,869499,0,937493,0,962777,936404,0,870722,766242,0,640734,508883,0,381253,0,271153,180839,0,112726,66077,0,35263,17206,0,7682,0,2965,962,0,236,46,0,4,0
0,1,0,37,190,0,747,2300,0,5917,13700,0,28344,53433,0,93036,151187,0,229201,0,329665,445780,0,574299,698836,0,810574,894760,0,940952,939406,0,895372,811819,0,700804,574127,0,448037,0,330097,230952,0,151793,93061,0,53777,28285,0,13569,6091,0,2314,732,0,175,35,0,3,0
0,1,0,30,138,0,584,1730,0,4659,10897,0,22842,43323,0,76580,126761,0,194438,284306,0,390502,511339,0,635034,749666,0,846057,908546,0,930865,907284,0,846439,751191,0,636700,512109,0,392783,284244,0,196193,126955,0,76645,43762,0,22711,10830,0,4785,1763,0,559,132,0,23,2,0
0,1,19,0,104,459,0,1333,3697,0,8678,18220,0,35348,63328,0,105266,165026,0,243961,341381,452334,0,572518,689276,0,792441,868170,0,911064,910621,0,867810,793460,0,690744,574257,0,453500,342893,244653,0,165878,105521,0,63329,35623,0,18232,8644,0,3686,1370,0,446,101,0,14,2,0
0,1,13,0,82,347,0,1021,2912,0,6907,14512,28886,0,51956,87790,0,139248,209388,0,296020,399085,513550,0,628858,736801,0,823117,881133,0,902307,879767,824854,0,736619,630711,0,514151,401512,0,297779,209441,139365,0,88502,51991,0,28843,14651,0,6870,2941,1063,0,325,81,0,6,2,0
0,1,8,0,63,264,803,0,2286,5489,0,11710,23315,42809,0,73281,117081,0,178607,256148,351024,0,457838,570479,0,679885,774532,843942,0,882931,882925,0,844509,775042,680042,0,572510,459057,0,352699,257898,177882,0,117840,73579,0,42943,23307,11788,0,5475,2270,0,831,246,64,0,4,1,0
0,1,6,0,43,201,642,0,1772,4348,9541,0,18910,35026,0,60670,98841,151662,0,221306,307217,406017,0,514641,623312,723747,0,801602,855589,0,874710,855757,803271,0,722636,624360,516199,0,408440,308195,222232,0,152045,98921,0,60798,35379,18916,0,9445,4348,1777,0,650,185,45,0,4,1,0
0,1,4,0,34,141,510,0,1425,3392,7735,0,15358,28652,50275,0,83107,128333,190544,0,268004,359057,461786,0,567426,670314,757900,0,821528,857849,856006,0,822237,757933,670570,0,569105,463281,360999,0,268704,191319,128721,0,83100,50587,29035,0,15309,7670,3451,0,1323,503,143,0,34,2,1,0
0,1,3,27,0,100,403,1118,0,2701,6164,12496,0,23548,41630,69325,109303,0,162846,233137,316364,0,412718,514336,616675,0,709736,784304,831257,0,849300,831578,783341,710701,0,617393,516410,413691,0,318516,232614,164098,0,109373,69662,41985,23617,0,12558,6037,2773,0,1039,393,112,0,22,2,1,0
0,1,3,22,0,70,312,860,2177,0,4953,10068,19377,0,34464,57870,92543,139445,0,201997,277622,366787,464772,0,563848,660227,741213,0,802173,832725,831635,801250,0,741069,661622,565914,0,465803,368200,278225,202733,0,140150,92496,58210,34741,0,19471,10027,4925,0,2184,817,301,87,0,16,2,1,0
0,1,2,12,0,53,232,689,1732,0,3883,8255,15878,28395,0,48325,78186,119221,174056,0,242830,325125,417324,514214,0,609900,696049,766088,809939,0,825098,810283,765401,696567,0,611170,515463,418660,325845,0,243771,174742,119658,78351,0,48703,28636,15902,8133,0,3960,1716,650,238,0,60,10,2,0,0
0,0,2,12,40,0,160,545,1391,3102,0,6689,13038,23521,40011,65921,0,101787,149904,212014,286432,0,373304,466185,560983,650337,726061,0,780875,809813,810888,781794,0,725902,650640,562870,466968,373803,0,287759,212628,150901,101741,0,66277,40712,23660,12837,6651,0,3165,1342,508,178,0,50,5,2,0,0
0,0,1,9,33,0,133,406,1123,2451,5438,0,10707,19495,33237,55414,86382,0,128968,184647,251946,332448,419916,0,513849,602918,684048,748820,787805,0,803777,790450,747758,683192,605644,0,514414,421157,333430,252363,185316,0,129552,86954,55808,33986,19223,0,10592,5452,2486,1069,405,0,141,40,4,1,0,0
0,0,1,4,33,99,0,299,908,1967,4388,8709,16215,0,27740,46351,73672,110209,159942,0,221642,295040,377059,467721,556338,640710,0,710987,763009,788188,791535,762778,711066,0,640111,559015,468694,378791,295454,0,222047,160006,111527,73866,46792,28325,0,15802,8632,4407,2004,863,321,0,107,29,4,1,0,0
0,0,1,1,26,75,249,0,706,1610,3446,7312,13215,23064,0,38927,62498,94722,138194,193943,260573,338273,0,423199,511377,596090,671779,732012,769273,0,782917,771547,731421,671197,598085,512746,424775,0,338860,261500,193941,139064,94937,62690,0,39396,23394,13045,7109,3558,1613,698,0,244,80,22,3,1,0,0
0,0,1,1,21,63,179,550,0,1296,2812,5879,11029,19233,32492,52863,80909,0,119322,169247,229774,301855,382326,467272,551580,0,631792,697272,743826,770398,771258,744713,697458,631206,0,554034,468222,383880,302271,230997,169313,119800,0,81198,53315,32762,19363,10752,5888,2866,1284,0,557,198,59,19,3,0,0,0
0,0,0,1,16,51,146,431,1054,0,2277,4747,8988,16071,27320,44389,69315,102753,147289,0,202076,268594,343383,425933,507967,589758,660443,715702,751340,0,764354,751874,716535,660458,590149,509911,427141,345019,268802,0,202788,147646,103115,69250,45054,27496,16023,8984,4821,0,2257,1013,449,156,55,12,2,0,0,0
0,0,0,1,10,43,117,347,846,1820,3862,0,7403,13335,22972,37441,58846,88600,127849,177484,237757,307763,386154,0,465741,547929,621809,683859,727827,752261,752723,728845,683567,621983,548408,0,468819,386479,309530,238061,178202,128156,88859,58968,37852,23049,13291,0,7458,3896,1856,797,350,133,38,10,2,0,0,0
0,0,0,1,7,34,99,262,694,1522,3054,6078,11199,19137,0,31610,50109,75937,110595,155882,210100,275105,348582,425375,506312,582251,649173,701316,734988,0,745685,736115,700730,649939,582632,507157,428061,349528,276420,209943,156120,111011,76378,50297,0,31675,19342,11117,6111,3197,1461,645,284,96,34,6,2,0,0,0
0,0,0,1,6,18,92,192,542,1239,2501,4987,9245,16030,26622,42601,65257,95425,135693,0,186146,244352,314305,387159,465381,542754,613090,670904,713017,734648,734724,713332,671734,613132,543024,468060,389057,314882,245693,0,185613,135788,96200,65431,42683,26813,16111,9231,5065,2613,1175,513,221,72,27,6,1,0,0,0
0,0,0,1,5,17,63,155,438,996,2027,4084,7723,13462,22232,36118,55740,82853,117716,163667,217591,281609,351660,426577,503381,575551,638098,687160,718492,0,729854,718168,688319,638370,575679,504929,428554,353162,282620,217550,163831,117933,83231,55854,36124,22772,13462,7675,4201,2038,998,419,162,63,18,6,0,0,0,0
0,0,0,1,5,12,50,129,342,806,1650,3352,6463,11242,18774,30334,47939,71168,102644,143156,193259,251841,318245,389855,464169,537574,604059,659420,696849,718611,719659,697496,659783,603545,539071,466220,391094,319748,251806,193417,143280,103380,71253,47756,30755,19087,11352,6332,3428,1634,836,318,138,54,12,5,0,0,0,0
0,0,0,1,4,9,41,102,272,647,1351,2728,5237,9462,15981,25625,40918,61353,89053,124746,170893,225470,286307,355242,426427,501027,567283,628503,673692,702848,713934,703617,674112,628018,569155,501967,428297,355907,287521,225037,171227,125803,89341,61220,40958,26033,16048,9481,5311,2719,1385,669,252,112,51,7,4,0,0,0
0,0,1,3,5,36,77,225,502,1125,2231,4394,7822,13587,21618,34963,52594,77093,109158,150496,200197,258044,321656,391285,463314,532321,595897,645817,684239,703316,703199,685080,647066,595311,533968,464274,393207,323088,257872,200352,151065,109716,77377,52762,34942,22133,13399,8000,4337,2210,1153,538,202,89,44,5,3,0,0,0
0,0,1,2,3,32,61,177,402,940,1836,3622,6438,11365,18326,29829,45143,66736,95253,132263,177503,230877,291353,357364,427269,496358,561923,618079,660494,689518,1386626,662182,618283,562094,498390,428600,358413,291873,231460,178046,132733,95632,67240,45228,29799,18585,11376,6680,3501,1852,936,431,161,76,38,4,2,0,0,0
0,0,1,1,1,27,52,145,309,768,1515,3011,5370,9504,15638,25214,38675,57814,82430,116377,363288,263460,325175,392599,460623,528147,586758,635598,671149,688258,688275,671141,636210,587422,528815,462544,393638,327022,263555,206450,274127,83727,57840,38810,25373,15683,9596,5548,2877,1517,758,350,131,61,25,4,2,0,0,0
0,0,1,1,1,16,49,113,246,651,1248,2474,4511,7923,13276,54461,49835,72162,101561,138816,184058,236063,295756,360072,426248,493128,553983,609137,648865,675042,1359292,649488,608298,556293,494561,427880,360246,297049,236752,184134,139728,101861,72858,49962,33081,34911,8121,4486,2400,1248,592,296,94,57,18,4,1,0,0,0
0,0,1,1,1,12,38,90,211,506,1041,2044,10389,11208,18007,28556,42946,62596,88722,122813,163189,211960,267738,328295,852416,522058,579244,625076,657139,675196,674827,658801,625395,579143,523568,460175,723934,269090,212665,163241,123451,89149,63024,43035,28405,18250,11409,6777,5669,1050,476,242,74,46,14,5,0,0,0,0
0,0,1,1,1,8,33,70,169,404,2550,3181,5555,9440,15351,24407,36872,54396,77447,107770,334546,242074,299332,361154,426233,488366,549176,598078,638111,661867,1331923,639038,599522,548981,490353,426987,362385,300404,242847,189515,253761,78243,54455,37077,24148,15632,9656,5623,3070,1637,1247,192,64,39,12,4,0,0,0,0
0,0,1,1,1,7,20,60,458,703,1407,2580,4751,7914,13060,20686,31782,114578,94594,129011,168932,217418,271669,331514,394680,973215,570419,614743,645633,661482,662108,645983,616457,570623,976326,395317,331825,272926,217894,169550,128945,94997,115334,31654,20832,13334,8210,4577,2590,1323,716,473,46,36,9,4,0,0,0,0
0,0,1,1,1,6,18,147,264,578,1150,2144,3965,6734,11049,44712,41121,58842,82615,114017,150862,195133,548955,363174,425067,484894,541381,589863,627455,648800,1306641,628066,590042,542094,487334,426793,363184,550510,195855,151055,114050,83241,59283,40764,27439,29099,6872,3841,2134,1126,566,276,152,31,7,4,0,0,0,0
0,0,1,1,1,4,57,83,205,461,960,1795,3336,15018,15081,23284,35352,51269,72383,100623,309145,221710,275905,333954,394400,453739,1074796,604655,634627,648961,648904,634856,605519,1076658,456257,394422,334299,277157,222381,175562,235108,72986,51490,35085,23608,15184,15361,3212,1769,948,459,212,90,66,7,2,0,0,0,0
0,0,1,1,1,4,44,67,177,370,786,1470,7579,7988,12836,19997,30461,44655,151578,119149,156707,199551,250816,306231,787744,481140,534740,581178,616276,637503,1283415,615444,583016,535459,483211,424565,671638,251577,200558,156756,119507,88615,108390,30406,20184,13113,8119,4758,4142,792,381,170,76,38,27,1,0,0,0,0
0,0,1,1,1,14,27,51,137,313,1857,2340,4053,6810,10849,17160,64978,55047,77890,105536,139289,407356,279902,335541,393728,451151,506003,1151198,623417,636845,637919,622942,1152667,507529,452979,394670,336756,279754,408286,140201,105422,78158,55653,64959,17359,11153,6772,4062,2306,1813,296,142,59,33,22,1,0,0,0,0
0,0,1,0,2,12,24,43,113,234,1571,1929,3359,5821,9213,37418,33483,47967,68096,93677,285938,205148,254571,308410,364936,899886,527929,572628,606136,626201,1260243,606018,573446,529901,478992,789216,308943,255601,205310,162363,217780,68714,48471,33460,22770,24366,5830,3404,1876,947,794,119,53,26,16,3,0,0,0,0
0,0,0,1,3,9,20,34,92,640,875,1572,2758,12880,12580,19476,29079,41955,141954,110796,144774,185561,230550,619774,393332,449133,501048,1134585,612327,625072,627105,612472,1136143,502006,450814,394356,621088,231983,185354,145272,110562,142767,42178,29067,19700,12625,12977,2852,1565,844,624,91,46,22,12,3,0,0,0,0
0,0,0,1,2,7,18,23,229,365,740,1304,6462,6793,10771,16687,25242,88704,72666,98267,129425,376018,258094,310702,365533,893853,521750,565464,596397,614242,1239490,595706,565662,522885,897241,366430,311306,259106,376699,129874,98090,73082,89074,25302,16817,10893,6841,6469,1342,681,332,255,42,18,10,2,0,0,0,0
0,0,0,1,1,6,19,26,229,311,685,1281,6237,6436,10498,16044,24328,87076,71248,96797,128144,372237,257254,309368,365065,895693,523810,567714,599326,618251,1246590,599421,566850,525738,898493,365758,310462,257577,373593,128373,96688,71920,87115,24615,16272,10525,6568,6254,1231,658,314,241,39,18,9,1,0,0,0,0
0,0,0,1,1,6,17,26,218,271,664,1172,5940,6188,10074,15559,23470,84811,69757,94915,126774,369074,255040,308613,365493,896509,527394,568367,602248,622513,1255168,603023,569860,527390,900097,366487,309219,255735,370517,125997,95327,70208,85195,23689,15677,10166,6248,5914,1188,594,303,232,35,16,7,1,0,0,0,0
0,0,0,1,2,4,14,30,189,259,584,1125,5562,5957,9607,15067,22761,82083,68570,93532,124207,365876,254386,307912,364230,899118,528229,572622,604292,627205,1264231,605011,572453,530299,902662,364606,308469,254032,367389,124163,93803,68630,82771,22678,15341,9699,5991,5522,1110,574,286,207,38,12,5,2,0,0,0,0
0,0,0,1,2,4,13,32,167,247,519,1087,5265,5584,9333,14484,21875,80173,67123,91947,122213,362529,252370,307376,363607,900757,531176,573925,608372,631193,1272311,608865,575557,531217,905079,363579,307838,252716,363606,122516,92109,67158,80246,22212,14638,9386,5663,5257,1014,558,258,205,34,6,5,1,0,0,0,0
0,0,0,1,2,2,16,23,156,224,486,1061,4907,5372,8887,13914,21288,78092,65560,89972,120634,359402,250935,305718,363585,903700,532274,576056,612836,635710,1279131,611836,578126,533433,906001,363915,306053,251644,360460,120867,90571,65467,78164,21634,13994,8912,5481,4947,973,513,251,177,37,4,3,1,0,0,0,0
0,0,0,1,1,6,10,21,141,202,497,890,4726,5079,8545,13411,20723,76008,63870,88516,118973,356611,249670,304170,363355,904149,535269,579600,615992,638178,1285471,616209,581273,534414,907791,364137,304515,251044,357273,119219,88679,63855,76110,21061,13409,8536,5287,4660,922,491,232,169,31,2,4,0,0,0,0,0
0,0,0,1,1,5,7,19,140,197,459,845,4431,4934,8141,12983,19955,73969,62954,87193,117297,352647,248979,302984,363272,905206,536867,582440,618870,641880,1292674,619537,583850,537055,908350,362980,304428,249695,353800,117835,86927,62690,74280,20444,12960,8092,4880,4497,884,466,221,155,24,7,1,0,0,0,0,0
0,0,0,1,1,3,6,20,129,183,427,774,4243,4694,7729,12502,19561,72118,61369,85771,116197,349558,246992,303371,362489,906958,537989,584676,621830,644797,1300515,622843,585897,538608,909430,362235,303835,248657,350990,115930,85366,61536,72572,19753,12492,7822,4663,4227,831,446,198,142,23,9,0,0,0,0,0,0
0,0,0,0,2,2,5,13,118,180,396,721,4087,4466,7432,11906,18952,70600,60082,84404,114256,347202,245356,301760,362221,908631,540309,586804,624978,648568,1306172,625562,589427,539752,910007,362843,302997,246365,348251,114373,84747,59838,70802,19295,12042,7509,4393,4049,787,396,175,143,21,10,1,0,0,0,0,0
0,0,0,0,2,2,6,9,118,163,351,718,3886,4252,7102,11680,18262,68887,59464,82423,113343,344432,243841,300901,361412,909722,542399,589764,627276,651526,1311444,629695,591384,543099,909257,363445,301432,245123,345183,113244,83054,58990,69302,18467,11529,7299,4263,3793,748,377,183,128,20,6,2,0,0,0,0,0
0,0,0,0,2,2,4,13,109,155,336,705,3647,3955,6981,11372,17728,67254,57985,81507,111547,342061,243228,299813,360676,910846,542941,592951,631043,654186,1317340,632673,593873,543329,910751,363270,300589,244089,342339,111611,81915,57740,67526,17958,11325,7001,4092,3586,683,359,175,114,16,5,1,1,0,0,0,0
0,0,0,0,2,0,5,15,91,140,331,690,3387,3897,6691,10883,17330,65821,56653,80725,110127,339167,241762,299317,361021,911136,544510,594945,633512,657493,1323882,634555,595593,545369,912113,362159,300163,242590,339914,110412,80746,56681,65879,17477,10840,6790,3944,3383,654,318,161,116,13,3,1,1,0,0,0,0
0,0,0,0,1,1,5,10,80,156,301,623,3216,3761,6401,10558,16705,64552,55762,79642,108984,336155,241130,298127,360815,911888,545923,597356,636409,659120,1329898,636797,599346,546026,913446,361384,299314,241874,336594,109013,79587,55799,64346,16888,10686,6531,3725,3288,616,296,144,113,12,2,1,1,0,0,0,0
0,0,0,0,1,1,6,10,76,136,300,559,3149,3554,6159,10159,16448,62942,55150,78156,107770,333797,239715,297870,360024,912716,547415,599664,638345,662581,1334915,639844,600142,549191,913590,360614,298517,240728,334450,107851,78084,55119,62635,16572,10355,6219,3563,3189,582,283,150,95,12,3,2,0,0,0,0,0
0,0,0,0,1,1,4,12,73,132,291,520,2967,3435,5987,9827,15844,61586,54526,76886,106511,330912,239343,297360,358901,913720,549902,600374,641118,665455,1340988,641526,602581,550302,913990,360537,298047,239520,331703,106506,76856,54181,61336,16229,9888,5977,3444,3066,522,277,141,84,13,4,2,0,0,0,0,0
0,0,0,0,0,2,3,12,72,123,274,527,2795,3305,5847,9528,15386,60444,53695,75914,104907,328866,237809,296706,359010,914040,551411,602380,642149,667796,1347341,644577,603891,551276,915433,360770,296766,238423,329142,105345,75641,53068,60397,15686,9620,5828,3304,2937,481,243,140,82,8,6,2,0,0,0,0,0
0,0,0,0,0,1,5,10,61,131,247,490,2710,3211,5526,9399,14934,59153,52813,75000,103852,325894,237390,295350,358622,915818,551078,603912,645661,670625,1352438,647169,605488,551775,917275,359821,296162,237003,326903,104009,74929,52394,59105,15161,9399,5554,3219,2756,491,256,113,81,7,6,1,0,0,0,0,0
0,0,0,0,0,1,3,10,63,109,248,467,2601,3071,5361,9127,14666,57847,51872,73820,102976,323270,236602,294057,359489,916395,551180,605755,647545,673921,1357581,649579,606625,553757,917696,359241,295658,235831,324723,103213,73639,51574,57994,14720,9056,5429,3060,2688,454,241,105,72,11,4,0,1,0,0,0,0
0,0,0,0,0,1,3,8,59,107,228,438,2471,3004,5206,8822,14178,56720,50641,73019,101984,321091,235561,293878,357906,916744,554043,607047,649543,676504,1363561,650571,608697,554176,918854,359046,294836,235446,321787,101935,72849,50723,57086,14229,8825,5209,2913,2586,488,213,92,65,8,6,0,1,0,0,0,0
0,0,0,0,0,1,2,5,61,99,212,428,2349,2904,5067,8461,13913,55654,49638,72056,100816,319201,234616,292810,357493,917604,554668,609335,651767,678312,1368110,653893,609793,555302,920632,357920,293892,234533,319426,100774,72015,50225,55778,13849,8633,5025,2844,2488,428,219,82,62,6,5,1,1,0,0,0,0
0,0,0,0,0,1,2,4,52,102,205,401,2295,2779,4876,8270,13464,54493,49046,70896,100165,317166,233217,292298,357445,916991,556554,611268,653579,680943,1373271,654832,611569,556903,920756,357891,292738,233902,317124,100043,71141,49368,54669,13567,8381,4835,2748,2414,397,194,81,59,7,4,1,1,0,0,0,0
0,0,0,0,0,1,2,2,54,89,197,388,2245,2614,4799,7949,13293,53224,48442,70332,98728,314441,231794,292730,356530,918571,557565,612876,655002,683666,1377717,655454,613374,559250,920848,358464,291747,232761,315078,98924,70324,48497,53542,13443,8034,4720,2702,2273,404,177,71,55,10,4,0,1,0,0,0,0
0,0,0,0,0,1,3,1,47,88,176,410,2119,2577,4581,7782,12731,52380,47789,69357,97760,312537,230858,290896,356811,918629,559125,614936,657547,685521,1381557,657644,615964,559584,921093,358202,291674,231038,313696,97792,69198,47824,52469,13020,7945,4579,2600,2202,352,170,78,55,6,3,0,1,0,0,0,0
0,0,0,0,0,1,3,1,47,84,179,370,2014,2476,4562,7579,12421,51362,47010,68518,96811,310795,229871,289215,356989,919388,559838,617224,659637,688251,1384369,660286,617021,560056,922193,357404,291960,229751,311794,96683,68668,46628,51850,12698,7692,4468,2514,2072,364,168,65,47,8,2,0,1,0,0,0,0
0,0,0,0,0,2,3,1,46,73,156,355,1943,2387,4432,7436,12009,50664,46228,67501,96046,308687,228647,289076,355798,921232,561004,617530,661953,688870,1390224,662370,618143,560834,923010,356873,290702,229865,309207,95910,67680,46303,50873,12522,7400,4392,2382,2022,346,153,62,49,4,2,0,1,0,0,0,0
0,0,0,0,0,3,1,4,45,68,159,344,1821,2355,4212,7248,11943,49625,45628,66842,95096,306721,227660,289057,354710,921743,561906,619072,663818,692621,1392150,664377,619657,562540,923095,356530,289830,228886,307436,95093,66747,45946,49836,12218,7315,4206,2314,1916,346,147,70,44,5,0,2,0,0,0,0,0
0,0,0,0,0,3,0,5,32,70,169,325,1744,2306,4016,7093,11699,48810,45069,65851,94325,304751,227270,287508,355031,922507,562640,619733,666551,694356,1396487,664531,622035,562714,924450,356504,289216,227510,306028,94034,66057,45201,48976,11975,7142,3974,2272,1866,329,133,58,45,5,1,0,1,0,0,0,0
0,0,0,0,1,1,2,6,32,66,142,311,1718,2193,3957,6755,11643,47897,44542,65477,93469,302480,226195,286927,354002,923930,563809,621059,667200,696885,1400522,666693,622627,564341,924635,355285,289347,227551,303478,93106,65637,44165,48244,11690,6940,3886,2200,1850,272,141,58,34,5,1,0,1,0,0,0,0
0,0,0,0,0,2,2,5,28,62,140,287,1689,2036,3782,6684,11357,46957,44001,65070,92585,300420,225375,285657,354639,923670,564361,623195,669663,696436,1405540,668677,624226,564529,925489,355559,288443,226245,301902,92448,64462,43924,47499,11515,6683,3815,2074,1783,274,114,60,38,3,2,1,0,0,0,0,0
0,0,0,0,0,1,1,5,30,60,125,286,1565,2074,3618,6543,11126,46347,43621,63856,91677,299180,224093,285953,353474,924058,564466,625281,670843,699285,1409199,669427,624959,566557,925724,355628,287672,225609,299849,91393,64011,43372,46658,11244,6591,3712,2048,1726,253,119,46,37,4,2,0,0,0,0,0,0
0,0,0,0,0,0,2,3,34,49,124,266,1549,1951,3617,6328,10915,45771,42889,63376,90663,297246,223554,284776,353505,924342,565703,625840,672605,701346,1412666,671943,626364,567992,925875,353972,287170,224822,298111,90808,63506,42736,45725,11046,6567,3610,1970,1627,253,103,48,33,6,1,0,0,0,0,0,0
0,0,0,0,0,0,2,4,28,54,115,245,1494,1957,3484,6101,10699,45032,42529,62636,90024,294999,223554,283407,353945,923045,568221,626452,673753,703170,1417510,673273,628101,567792,926345,354211,285462,224617,296231,90239,62875,42086,45133,10757,6413,3499,1920,1552,245,118,41,32,5,1,0,0,0,0,0,0
0,0,0,0,0,0,1,6,29,48,126,216,1448,1863,3443,6083,10381,44395,41769,62104,89318,294012,221753,284177,352026,922681,569244,628619,674955,705786,1420637,675607,628235,569457,925922,354307,284670,223605,294638,89864,61985,41626,44406,10459,6307,3404,1863,1497,263,101,41,27,3,1,0,0,0,0,0,0
0,0,0,0,0,0,2,5,24,48,117,216,1408,1853,3337,5908,10049,43674,41624,61169,88576,292123,221561,283185,351592,923067,569625,629632,677269,707737,1424752,676325,629955,569608,925919,353857,285088,222644,292735,89145,61219,41266,43627,10367,6014,3438,1739,1493,260,82,41,29,3,1,0,0,0,0,0,0
0,0,0,0,0,0,2,5,23,51,106,195,1373,1816,3230,5769,9936,43190,40979,60537,87737,290328,221215,282498,351674,923014,569643,630697,679135,709841,1428502,678168,630136,570570,926978,352903,284067,222044,291509,88047,60813,40579,43137,10243,5844,3278,1763,1434,247,87,29,34,2,0,0,0,0,0,0,0
0,0,0,0,0,1,2,4,21,44,95,207,1304,1746,3177,5715,9732,42487,40673,59731,86969,289146,220440,281923,350546,924019,570326,631048,680738,711673,1432224,680288,631308,570569,926680,353222,283394,220893,290495,87235,59833,40633,42377,10065,5761,3173,1722,1390,234,79,29,35,2,0,0,0,0,0,0,0
0,0,0,0,0,1,1,3,22,48,79,201,1308,1628,3155,5538,9607,42013,40092,59179,86526,286895,220052,281186,350595,923103,570788,633852,681794,711989,1436034,681944,633087,571381,927362,352040,282745,220303,289270,86090,59715,39811,41925,10050,5523,3074,1691,1351,209,87,30,30,1,0,0,0,0,0,0,0
0,0,0,0,0,1,2,1,24,39,82,187,1262,1606,3047,5437,9395,41372,39519,58791,85952,285571,218977,280120,350451,924542,571411,633622,683493,714438,1439209,682952,634849,572108,927092,351051,282275,220196,286782,86340,59058,39180,41401,9747,5585,2978,1602,1305,209,83,33,30,0,1,0,0,0,0,0,0
0,0,0,0,0,1,3,2,22,31,89,171,1237,1604,2923,5296,9320,40746,38806,58444,85069,284476,218016,279538,350357,924960,571676,634086,684939,716241,1443845,683179,636301,572787,927477,351318,281270,218958,285358,85387,58668,39094,40648,9487,5498,2872,1623,1240,210,75,32,25,3,0,0,0,0,0,0,0
0,0,0,0,0,1,2,2,21,32,73,182,1168,1534,2852,5273,9190,40190,38407,57690,84171,283490,217154,278220,351105,924446,572994,635426,685892,717251,1447572,684768,636772,573548,927471,351127,281387,217998,283695,84756,58197,38594,40236,9211,5335,2885,1544,1203,210,78,30,22,3,0,0,0,0,0,0,0
0,0,0,0,0,0,3,2,16,30,72,184,1116,1496,2841,5139,9086,39629,37907,56875,83869,281786,216323,278280,350168,925564,572434,637616,686769,719994,1449478,685650,638187,573682,928537,351073,280237,217215,282496,84023,57646,38298,39532,9075,5241,2819,1539,1142,212,75,27,23,2,0,0,0,0,0,0,0
0,0,0,0,0,0,3,2,12,31,80,168,1081,1471,2775,5015,8981,38902,37748,56826,82628,280581,215215,278381,349307,925778,573072,638531,688673,719914,1454040,687142,637985,575043,929471,350010,279603,216709,280805,83797,56889,37792,39231,8835,5136,2820,1513,1107,173,83,27,19,3,0,0,0,0,0,0,0
0,0,0,0,0,0,2,2,15,27,79,145,1049,1484,2635,4929,8838,38455,37458,56010,82671,278803,214746,277776,348864,926343,574149,638651,689789,721526,1456318,689195,639433,575277,928705,350411,278840,216002,279622,83313,56572,37353,38587,8805,4908,2756,1483,1086,170,78,28,18,1,1,0,0,0,0,0,0
0,0,0,0,0,0,2,1,12,31,74,145,1012,1397,2612,5024,8553,37993,36521,56143,82031,277056,214615,276849,349262,925459,575051,640175,689492,724655,1458806,690286,640399,575487,929954,348864,278867,215289,278604,82420,56102,37098,38049,8730,4763,2733,1469,1040,160,72,34,16,1,0,0,0,0,0,0,0
0,0,0,0,0,0,2,2,11,27,69,151,993,1333,2588,4890,8466,37626,36276,55238,81658,275844,213631,276699,348854,926458,575062,640255,691477,725060,1462195,691221,640945,577170,929812,348575,278702,214707,277149,81796,55659,36509,37633,8476,4807,2605,1460,1033,169,68,31,15,1,0,0,0,0,0,0,0
0,0,0,0,0,1,0,2,9,33,59,157,895,1346,2506,4855,8309,37126,35964,54831,80778,274896,213048,276293,347813,926225,576690,641394,691838,726215,1466048,692189,641304,578589,929238,349602,277658,212952,276176,81443,55330,36270,36977,8296,4852,2569,1353,1021,145,71,26,15,1,0,0,0,0,0,0,0
0,0,0,0,0,1,0,1,12,21,67,154,914,1225,2514,4747,8210,36473,35774,54334,80461,273099,212911,276324,346851,925824,576626,643168,694233,726680,1468833,693435,643261,578148,929603,349042,276464,213445,274758,80458,54908,35686,36675,8237,4713,2594,1270,1011,129,67,32,14,1,0,0,0,0,0,0,0
0,0,0,0,0,1,0,2,11,25,62,133,879,1259,2451,4657,8112,35903,35445,53891,80125,271417,212977,275746,346476,925457,577561,643713,695902,727651,1470650,696956,642264,578702,930054,349039,276355,212592,273079,80143,54483,35496,36067,8026,4621,2531,1267,980,141,66,26,12,2,0,0,0,0,0,0,0
0,0,0,0,0,1,1,1,8,27,61,136,828,1273,2440,4570,7954,35351,35096,53810,79384,270383,212113,275749,345857,926035,578044,643528,696858,729842,1472617,698142,644241,578523,930362,348692,275713,211753,272059,79879,54037,35055,35548,7896,4627,2460,1268,940,146,62,25,12,1,0,0,0,0,0,0,0
0,0,0,0,0,1,1,0,10,22,52,145,836,1212,2387,4408,7992,35091,34656,53219,78712,269799,211225,275068,345548,924918,579508,644438,698268,731127,1475030,699019,645280,579453,930398,348153,275753,211125,270404,79617,53396,34864,35086,7843,4533,2427,1227,926,141,55,25,9,1,0,0,0,0,0,0,0
0,0,0,0,0,1,1,0,6,24,49,131,850,1167,2362,4339,7796,34582,34559,52751,78010,269025,210357,274331,345640,925444,578438,646776,699214,733415,1477085,699368,646056,579854,930734,347765,275188,210700,269302,78718,53179,34600,34748,7685,4426,2362,1245,898,133,61,24,8,1,0,0,0,0,0,0,0
0,0,0,0,0,0,2,0,5,23,55,121,813,1203,2264,4274,7649,34395,34117,52205,77925,267607,209821,273663,345813,925659,578935,647848,698833,735407,1479872,699279,647095,581098,931221,346945,274420,210261,268402,78346,52670,34302,34367,7527,4358,2294,1211,876,133,61,25,7,1,0,0,0,0,0,0,0
0,0,0,0,0,0,1,1,7,22,58,116,798,1182,2201,4225,7544,33963,33732,52094,77237,266642,208685,273665,345333,925414,579860,648513,701618,735064,1482200,701155,647615,580876,931432,347181,273688,209970,267350,77531,52296,33844,34069,7513,4221,2245,1152,883,129,54,19,10,0,0,0,0,0,0,0,0
0,0,0,0,0,0,1,0,6,22,60,119,808,1110,2198,4173,7447,33562,33517,51644,76576,265313,208902,272785,344727,926642,580332,648603,702339,736307,1485266,701681,648316,580944,932349,346189,273133,209969,266179,77077,51888,33453,33730,7411,4210,2244,1075,891,127,54,19,9,1,0,0,0,0,0,0,0
0,0,0,0,0,0,1,0,6,23,53,119,791,1111,2168,4014,7444,33126,33172,51236,76682,264187,208053,271994,345289,925554,580746,649874,703205,738238,1486921,702097,649939,581935,931101,346684,273754,208173,265307,76745,51513,32979,33390,7352,4122,2180,1088,838,123,54,19,7,1,0,0,0,0,0,0,0
0,0,0,0,0,0,1,0,10,13,56,113,800,1069,2136,3980,7300,32791,32921,50821,76304,263297,207743,271003,344959,925284,581147,651055,703984,739599,1490024,703044,649581,582921,931102,346065,273430,208101,264141,76451,50913,32960,32694,7272,4057,2186,1061,819,122,50,19,9,0,0,0,0,0,0,0,0
0,0,0,0,0,0,1,0,8,17,43,115,789,1036,2063,4059,7119,32541,32331,50723,75724,262410,206870,271167,343528,926357,582800,650143,704162,741113,1493256,703948,650370,583761,929981,346275,272715,208027,263018,75876,50671,32639,32295,7330,3981,2123,1050,783,115,45,23,7,0,0,0,0,0,0,0,0
0,0,0,0,0,0,1,0,6,20,46,95,752,1068,2020,3985,7059,32174,32245,50026,75670,260680,206407,270863,343807,926877,582203,652132,705003,741292,1495223,705423,651909,582588,930312,347191,271463,207629,261632,75632,50342,32407,32175,7062,3930,2073,1027,772,110,48,22,6,1,0,0,0,0,0,0,0
0,0,0,0,0,0,1,0,7,18,50,80,742,1026,2039,3865,6902,31904,31779,50169,74922,260027,206143,270434,343300,926311,584163,651770,706268,742049,1497720,705320,653220,583709,930451,345929,271423,206657,260853,75357,49946,32137,31846,6972,3887,2070,1011,739,125,37,22,6,2,0,0,0,0,0,0,0
0,0,0,0,0,0,1,0,7,18,48,88,723,1022,2016,3698,6875,31581,31604,49551,74632,259774,205330,269902,343679,926962,583413,652843,707510,742274,1498971,707533,654090,583346,930638,345834,270880,206152,259889,74757,49403,32244,31510,6799,3848,2054,1005,735,98,45,20,5,1,0,0,0,0,0,0,0
0,0,0,0,0,0,1,1,7,12,44,100,716,1052,1938,3685,6687,31213,31416,49477,74093,258555,204805,269783,343204,927185,584453,653114,707870,744937,1500100,708020,654681,583762,931193,344542,271513,205236,259339,73985,49259,31917,31139,6685,3821,2003,1006,691,96,47,17,7,1,0,0,0,0,0,0,0
0,0,0,0,0,0,1,0,6,12,41,101,706,1017,1929,3620,6655,30767,31231,49363,73757,257636,203906,269492,343098,927111,584365,653790,710175,744185,1502337,709972,654352,584880,931027,344988,270156,205100,258393,73710,48838,31649,30834,6714,3739,1907,1013,665,101,43,18,6,2,0,0,0,0,0,0,0
0,0,0,0,0,0,1,0,11,7,36,94,681,1062,1838,3603,6494,30600,30766,49125,73450,256612,204062,268757,342342,926928,585270,654273,711413,745183,1504299,710664,655133,585141,931633,343674,270130,204854,257231,73309,48814,31196,30650,6738,3636,1912,958,663,95,47,17,4,2,0,0,0,0,0,0,0
0,0,0,0,0,0,1,0,10,12,40,78,680,1016,1854,3526,6410,30320,30623,48649,72901,256037,203301,268019,342410,927988,584575,655584,711251,747425,1504896,712069,655274,586569,931243,344153,268776,205027,256084,72841,48712,30696,30642,6498,3583,1874,942,657,98,41,17,4,2,0,0,0,0,0,0,0
0,0,0,0,0,0,1,0,8,15,39,79,700,940,1876,3483,6314,29933,30718,47965,72968,254555,203619,268268,341364,927967,584714,655789,710634,749330,1508352,711837,656347,585768,932242,343501,268770,204233,255855,72628,48126,30693,30214,6503,3472,1847,936,653,91,41,14,5,1,0,0,0,0,0,0,0
0,0,0,0,0,0,1,0,10,12,30,88,711,925,1783,3502,6239,29614,30618,47790,72142,254168,203150,267476,341395,927576,585764,655696,713492,748536,1510264,712561,657543,585826,932463,342410,269465,203470,254687,72372,47820,30645,29735,6439,3485,1792,928,626,106,32,16,5,0,0,0,0,0,0,0,0
0,0,0,0,0,0,1,0,8,11,35,91,698,903,1793,3405,6281,29330,30262,47700,71892,253108,202490,267768,341844,926600,585817,656306,714507,749003,1512487,713326,657459,587196,931506,343454,268202,203198,253965,72038,47848,30114,29558,6321,3482,1700,928,622,93,37,12,8,1,0,0,0,0,0,0,0
0,0,0,0,0,0,1,0,5,10,30,97,670,926,1732,3420,6141,29278,29906,47094,71493,252821,201890,267015,342190,926937,585455,657310,714625,751137,1513738,713668,658544,587630,931249,342944,267766,202586,253794,71760,47306,29950,29275,6232,3442,1690,902,613,75,40,12,8,0,1,0,0,0,0,0,0
0,0,0,0,0,0,1,0,4,11,31,85,663,887,1709,3377,6122,29003,29700,46756,71080,251940,201518,266929,341211,928104,585806,658581,713867,752128,1515421,715352,659571,587233,931097,342086,268360,201770,252919,71467,47010,29748,29055,6109,3433,1694,829,604,77,36,17,6,0,0,1,0,0,0,0,0
0,0,0,0,0,0,0,1,5,10,28,90,635,896,1662,3289,6091,28707,29415,46674,70703,250809,201684,266654,340554,928478,586547,657502,716541,751041,1517545,716315,660900,587721,931040,341089,268280,201810,251637,71313,46610,29753,28798,6021,3282,1745,834,571,74,33,13,7,0,0,1,0,0,0,0,0
0,0,0,0,0,0,0,1,5,8,36,79,613,884,1670,3206,5981,28541,29137,46537,70677,249782,200835,266820,339530,928863,587440,658211,717284,752083,1518998,717483,660300,588617,930495,342105,267189,201301,250571,71477,46005,29612,28554,5964,3240,1779,795,569,79,36,12,3,0,0,1,0,0,0,0,0
0,0,0,0,0,0,0,0,6,7,33,84,583,865,1667,3183,5964,28370,29015,46233,70198,249235,200631,265442,340312,927350,588251,659261,717551,753272,1520198,719133,661186,588533,930802,341778,266798,200445,250235,70802,46148,29157,28333,5928,3214,1705,789,583,74,37,13,3,0,0,1,0,0,0,0,0
0,0,0,0,0,0,0,0,5,11,28,90,565,843,1648,3173,5891,28094,29042,45723,69859,249013,200357,264731,340368,927058,588842,659443,718703,754192,1521232,719914,662366,589224,929845,341863,265409,200710,249503,70320,45995,28975,28198,5788,3231,1647,818,570,71,30,14,5,0,1,0,0,0,0,0,0
0,0,0,0,0,0,0,1,2,11,33,73,580,790,1630,3249,5748,27788,28945,45456,69682,248091,200382,264628,339681,927195,587955,660191,719460,754838,1523831,721104,662493,589212,930226,341219,265430,200488,248070,70057,45931,28952,27982,5824,3050,1641,818,557,66,31,9,7,0,1,0,0,0,0,0,1
0,0,0,0,0,0,0,2,4,9,31,75,567,782,1646,3172,5746,27534,28725,45507,69089,247510,199547,264300,339057,928512,587690,660491,718977,757723,1525576,720564,662271,589919,931347,340618,264925,199539,248108,69366,46061,28771,27848,5606,3102,1639,780,550,78,25,13,5,0,1,0,0,0,0,0,1
0,0,0,0,0,0,0,1,5,7,33,61,554,777,1630,3144,5709,27210,28562,45375,69308,246287,199165,264416,338985,929036,587066,661034,720122,757033,1528221,720549,663263,590481,930472,340809,263977,199875,247208,69190,45805,28784,27564,5556,3093,1622,772,530,78,18,14,5,1,1,0,0,0,0,0,1
0,0,0,0,0,0,0,1,3,11,23,76,521,770,1622,3130,5652,26953,28630,44951,69164,245207,198855,264151,339105,928563,588175,661782,720320,757277,1530616,721413,662382,591188,930853,340065,264510,198317,247114,69190,45200,28708,27296,5562,3058,1581,783,514,72,28,9,5,2,0,0,0,0,0,1,0
0,0,0,0,0,0,0,0,4,8,27,73,512,750,1588,3121,5576,26725,28570,44705,68853,244796,197950,264081,339192,928059,588845,662717,720432,759148,1531435,721765,663411,590587,930257,340249,264282,198372,246250,68852,45040,28479,27183,5509,3060,1531,789,513,70,21,14,6,1,0,0,0,0,0,1,0
0,0,0,0,0,0,0,0,4,13,26,67,495,737,1548,3070,5655,26579,28052,44680,68712,244233,197611,263675,338639,929090,588922,662841,721616,759422,1533022,721101,665494,590412,929710,340073,264437,197348,246062,68483,44857,28033,27260,5623,2887,1519,797,490,71,16,20,5,1,0,0,0,0,0,1,0
0,0,0,0,0,0,0,0,4,17,26,62,510,735,1505,3083,5488,26521,27837,44465,68460,243738,196977,263640,338434,928636,589238,663593,722142,761249,1532462,722423,665359,591046,930086,339285,264492,197541,245120,68317,44410,28219,27058,5497,2884,1500,744,495,67,24,13,5,1,0,0,0,0,1,0,0
0,0,0,0,0,0,0,0,4,17,21,64,499,722,1559,3025,5439,26356,27695,44417,67697,243760,196961,262309,338897,928520,589743,663500,723827,759738,1534649,723145,665454,590828,931510,339165,263794,197074,244578,68080,44334,28057,26873,5459,2834,1447,756,493,68,20,12,7,1,0,0,0,0,1,0,0
0,0,0,0,0,0,0,0,3,15,23,63,491,727,1516,2995,5430,26289,27406,44108,67694,243278,196882,262032,338458,927878,590156,665201,722198,760709,1536369,724108,664731,591834,932043,339223,263003,197086,243885,67686,44457,27681,26776,5362,2811,1492,713,499,54,23,11,8,1,0,0,0,0,1,0,0
0,0,0,0,0,0,0,0,4,16,18,57,472,722,1497,2925,5349,26050,27650,43925,67258,242872,196547,262909,336817,928152,591922,663719,723668,760483,1538169,723487,665015,592126,932246,339348,263229,196710,242928,67991,44119,27598,26549,5313,2789,1491,695,476,51,28,11,6,1,0,0,0,0,1,0,0
0,0,0,0,0,0,0,0,6,12,21,63,456,734,1499,2839,5373,25951,27519,43885,66916,242486,195993,262150,337522,928691,591637,664827,722221,762857,1537842,724699,665610,591949,932115,339736,262043,197223,242366,67570,43949,27636,26190,5275,2893,1389,686,474,66,19,12,7,1,0,0,0,1,0,0,0
0,0,0,0,0,0,0,0,5,17,19,61,445,689,1456,2855,5396,25764,27395,43710,66746,242021,195773,260939,337708,929518,590665,664961,724996,762802,1539388,724379,665867,592697,932229,338735,261880,196877,241652,67760,43809,27187,26204,5304,2842,1407,688,454,63,29,6,9,1,0,0,1,0,0,0,0
0,0,0,0,0,0,0,0,6,16,20,52,452,692,1413,2834,5339,25665,27165,43511,66504,241251,195964,261374,336226,929219,591683,666043,725088,763859,1540018,724972,666529,592613,931666,338279,261919,196816,241154,67456,43711,27335,25917,5221,2812,1321,714,479,58,26,10,5,1,0,0,1,0,0,0,0
0,0,0,0,0,0,0,0,9,12,16,59,426,689,1444,2764,5359,25588,27165,43077,66394,240540,195848,260931,337201,928557,591930,665857,725650,763639,1541591,726003,666345,593637,931053,337926,262109,196052,241274,67042,43463,27377,25716,5316,2665,1423,690,469,71,17,11,2,1,0,0,1,0,0,0,0
0,0,0,0,0,0,0,0,7,11,23,61,431,684,1388,2883,5211,25507,27018,43009,65832,240128,195713,261215,336974,928396,591323,667081,726267,763943,1541351,727452,667041,593134,930381,338088,262377,196181,240903,66576,43319,27170,25789,5153,2749,1409,677,455,64,21,6,6,1,0,0,1,0,0,0,0
0,0,0,0,0,0,0,0,7,9,25,62,422,668,1415,2822,5195,25245,26943,42840,65790,239140,196035,261233,336491,929043,590820,667221,726702,764921,1542966,726855,667940,592969,929898,338507,261876,195937,240627,66529,43162,26925,25659,5156,2702,1435,681,434,62,24,7,6,2,0,0,1,0,0,0,0
0,0,0,0,0,0,0,0,6,9,21,69,416,681,1385,2742,5104,25313,26670,42809,65820,238660,195279,261013,336755,928616,591565,667293,727644,764937,1543857,727477,668392,593932,929040,338131,261962,194932,240797,66333,43026,26694,25577,5101,2728,1409,674,443,56,26,7,6,1,0,0,1,0,0,0,0
0,0,0,0,0,0,0,0,6,5,28,68,410,678,1355,2676,5142,25234,26705,42614,65556,238320,195010,260094,336743,929233,593111,666571,727134,766349,1545053,728113,668119,593430,929738,337119,261511,195741,239969,66277,42948,26627,25330,5060,2745,1360,691,436,55,28,9,7,0,0,0,1,0,0,0,0
0,0,0,0,0,0,0,0,5,8,25,54,421,674,1309,2674,5135,25151,26657,42038,65513,238422,194453,260475,337165,928209,593896,667118,726276,765825,1547517,727834,668374,593319,930776,336769,261137,195428,239722,66153,42643,26665,25280,4991,2704,1379,693,426,49,32,9,5,0,0,0,1,0,0,0,0
0,0,0,0,0,0,0,0,3,10,27,47,421,663,1312,2679,5114,25116,26256,42187,65452,237542,194270,260669,336920,928540,593542,668250,725943,767074,1546860,728123,668797,594573,930077,337365,260523,195547,239034,65935,42588,26545,25199,4958,2664,1386,687,408,62,29,6,5,0,0,1,0,0,0,0,0
0,0,0,0,0,0,0,0,4,8,22,53,413,641,1356,2661,5054,25049,26042,42158,65238,237130,193701,260704,336850,928783,593510,668512,727307,765981,1549157,728484,668814,593568,930793,336977,260871,194699,239044,65721,42342,26477,25122,4900,2723,1379,626,431,62,31,3,6,1,0,1,0,0,0,0,0
0,0,0,0,0,0,0,0,4,11,13,55,409,666,1282,2687,5023,24860,26344,41714,65357,236355,193960,259599,337569,928818,592780,668658,728672,766233,1549863,728454,669538,593509,930773,336977,260804,194786,238338,65497,42187,26496,24959,4877,2739,1368,649,425,60,27,8,4,1,1,0,0,0,0,0,0
0,0,0,0,0,0,0,0,5,5,16,49,409,644,1329,2709,4936,24730,26265,41744,64977,236315,192954,259824,337386,928166,593965,668501,729819,766824,1549582,730005,669708,593304,930463,337238,260471,194369,237837,65352,42260,26304,24853,4853,2693,1376,648,424,58,23,10,4,2,0,0,0,0,0,0,0
0,0,0,0,0,0,0,0,4,5,21,43,420,630,1331,2605,4963,24679,25976,41771,65071,235448,192934,259818,336391,928666,594480,668792,728794,770205,1549022,730073,670408,593551,929932,337149,259916,195251,236997,64952,41950,26430,24610,5018,2590,1358,619,441,53,23,15,3,1,0,0,0,0,0,0,0
0,0,0,0,0,0,0,1,2,7,17,54,402,607,1342,2622,4853,24698,25817,41745,65218,234811,192844,259293,337056,929682,592538,669802,729991,769354,1550537,729327,670759,593838,930809,336506,260091,194247,236780,65015,42077,25997,24626,4883,2698,1294,634,445,55,20,9,5,1,0,0,0,0,0,0,0
0,0,0,0,0,0,0,1,1,7,20,55,400,619,1284,2617,4855,24484,25782,41623,65172,234863,192594,258964,336375,930373,593142,669560,729909,770699,1549917,730500,670342,594701,930316,337281,259819,193627,236242,64911,42083,25811,24429,4883,2647,1331,626,463,50,15,12,4,0,0,0,0,0,0,0,0
0,0,0,0,0,0,0,1,1,7,19,48,403,644,1286,2505,4948,24257,25630,41859,64820,234237,192721,259362,335506,930339,593688,669837,730183,770325,1551090,730908,670680,594588,930420,337448,259447,193779,235177,65606,41386,26199,24148,4815,2592,1361,625,426,56,18,10,3,1,0,0,0,0,0,0,0
0,0,0,0,0,0,0,1,1,2,23,44,393,629,1283,2582,4839,24157,25639,41616,64343,234503,192489,258499,336439,930548,593506,670497,730284,769622,1553783,729166,671714,594251,930479,337782,259707,192697,235523,64872,41607,25826,24169,4881,2545,1324,636,427,52,18,6,4,0,1,0,0,0,0,0,0
0,0,0,0,0,0,0,0,2,5,13,57,400,599,1273,2559,4834,24204,25432,41414,64159,234376,192058,259078,336622,929707,593750,670292,730922,769781,1554592,730610,670483,594863,930514,337101,259543,193120,234945,64825,41767,25632,24025,4828,2578,1326,619,425,52,11,6,6,1,0,0,0,0,0,0,0
0,0,0,0,0,0,0,0,3,4,11,53,407,637,1238,2510,4840,24033,25595,41205,63743,234252,192010,258751,336071,929501,594718,670238,732253,769014,1555756,730814,670419,595269,930958,336168,259731,192905,234942,64183,41749,25692,23913,4919,2513,1261,639,429,35,14,8,4,0,1,0,0,0,0,0,0
0,0,0,0,0,0,0,0,3,3,18,50,407,629,1250,2507,4727,23916,25486,41213,64028,233177,191974,259265,335167,929710,593851,673451,730748,770991,1554264,732394,670453,595158,930836,335531,259832,192771,234531,64267,41430,25983,23703,4793,2525,1242,633,427,38,15,7,4,0,1,0,0,0,0,0,0
0,0,0,0,0,0,0,0,3,4,18,51,392,631,1240,2530,4680,23844,25288,41224,63716,233247,191991,258938,335723,929486,595557,671218,732363,769867,1556564,731146,671174,595322,930448,335492,259603,192934,234129,63951,41424,25713,23845,4870,2443,1247,627,401,42,12,9,1,1,0,0,0,0,0,0,0
0,0,0,0,0,0,0,0,3,4,11,62,412,594,1232,2497,4675,23860,25090,40991,63776,232991,192157,258235,336034,929617,594969,671058,732237,772518,1555987,732271,670719,595374,930321,335969,259198,192620,233675,63843,41362,25610,23850,4824,2432,1245,612,419,32,14,7,2,0,0,0,0,0,0,0,0
0,0,0,0,0,0,0,0,4,4,16,52,416,617,1210,2470,4756,23359,25367,40908,63592,232687,192454,258010,335124,930089,594900,672801,732357,771730,1556417,733761,669976,596153,929661,335620,259210,192296,233588,63528,41408,25479,23852,4748,2443,1277,604,399,39,19,6,2,0,0,0,0,0,0,0,0
0,0,0,0,0,0,0,0,4,5,19,41,426,588,1192,2524,4690,23345,25222,40651,63591,232461,191897,258396,335740,928570,595198,673405,733311,771195,1558194,731958,671569,596055,929999,335260,258851,192641,233166,63553,41176,25306,23763,4656,2481,1259,572,406,47,19,5,2,0,0,0,0,0,0,0,0
0,0,0,0,0,0,0,0,4,6,21,43,415,564,1204,2559,4564,23287,25102,40467,63419,232316,191963,258346,336082,928298,595967,672664,733177,771157,1558905,733106,672038,595691,930995,334861,258424,191940,232985,63664,40652,25376,23713,4650,2488,1247,571,408,47,17,5,1,0,0,0,0,0,0,0,0
0,0,0,0,0,0,0,0,4,5,24,41,382,583,1225,2414,4784,22920,25297,40366,63048,232610,191143,258770,335624,928995,595507,672887,733291,772210,1558841,733742,672635,595929,929798,335277,258231,191811,232385,63795,40596,25050,23795,4637,2506,1232,551,396,49,18,3,2,0,0,0,0,0,0,0,0
0,0,0,0,0,0,0,0,5,6,12,53,381,578,1185,2458,4647,23178,24915,40496,63065,231585,191497,258908,334683,929846,596110,672347,733650,772878,1557996,735017,672734,595235,929824,335850,257855,191786,232569,63387,40492,25202,23639,4661,2435,1210,562,391,52,24,4,1,0,0,0,0,0,0,0,0
0,0,0,0,0,0,0,0,2,8,16,52,366,593,1173,2401,4682,23060,24845,40291,63197,231079,191585,258217,334928,930483,595785,673333,734457,771850,1559511,733479,673002,596344,930064,334942,258322,191564,231828,63374,40637,24981,23671,4601,2442,1236,541,393,47,19,7,1,0,0,0,0,0,0,0,0
0,0,0,0,0,0,0,0,1,6,18,54,372,579,1150,2399,4631,23058,24781,40157,62951,231157,191475,257647,335254,930720,595818,672596,734707,773600,1559659,733857,673228,595190,930767,335185,257865,191353,231550,63197,40649,25094,23431,4635,2346,1260,558,375,58,12,8,1,0,0,0,0,0,0,0,0
0,0,0,0,0,0,0,0,0,6,16,55,373,555,1201,2317,4625,22945,24715,40088,62566,231675,190939,257555,335013,930937,596442,672827,733648,774099,1560835,734957,672165,595284,931704,334422,257289,191801,230972,63289,40392,25126,23349,4617,2346,1221,602,369,52,10,8,2,0,0,0,0,0,0,0,0
0,0,0,0,0,0,0,0,0,7,13,48,381,547,1172,2328,4657,22744,24786,39865,62784,231450,190890,257324,334451,930856,596064,673659,733453,774329,1562032,734966,672966,595212,931012,334848,257198,191265,231374,62762,40260,25182,23447,4483,2348,1192,605,389,41,12,4,3,0,0,0,0,0,0,0,0
0,0,0,0,0,0,0,0,1,5,9,49,361,594,1163,2349,4549,22705,24620,40051,62491,231263,190832,257555,334692,929738,596074,674791,733432,774922,1562412,734945,673109,596096,930340,334781,257343,190798,230689,62755,40444,25081,23263,4525,2346,1197,597,381,45,9,2,5,0,0,0,0,0,0,0,0
0,0,0,0,0,0,0,0,0,4,20,32,388,560,1131,2453,4417,22668,24626,40019,62520,230645,190723,257201,334543,930004,596499,674631,735031,773945,1563261,734966,673354,595593,931349,334095,257480,190432,230632,62568,40285,24908,23402,4508,2312,1186,601,355,45,11,2,4,0,0,0,0,0,0,0,0
0,0,0,0,0,0,0,0,1,7,16,41,382,554,1155,2361,4454,22705,24573,39684,62825,230195,190693,257127,334722,930344,596315,673740,735733,774014,1563232,735450,674445,595647,930431,334809,257127,190150,230525,62791,39869,25189,23026,4557,2376,1159,556,360,54,9,5,1,0,0,0,0,0,0,0,0
0,0,0,0,0,0,0,0,3,4,19,38,367,567,1151,2304,4504,22643,24387,39904,62535,229718,190937,257005,334109,930322,597439,672778,737134,775634,1562229,735440,674390,596447,929197,335390,256708,190099,230578,62341,40224,24750,23076,4554,2336,1176,536,368,53,10,4,1,0,0,0,0,0,0,0,0
0,0,0,0,0,0,0,0,3,4,18,43,373,563,1097,2304,4576,22537,24358,39851,62282,229625,190619,256652,334676,930165,596806,674459,736949,775085,1563503,734624,675617,595930,929857,334979,256776,189639,230301,62569,39762,24862,22930,4533,2345,1160,555,362,38,17,4,1,0,0,0,0,0,0,0,0
0,0,0,0,0,0,0,0,1,5,19,42,371,557,1120,2320,4507,22551,24280,39798,62250,229530,189978,257000,334290,931360,596497,673701,737231,775022,1564517,734548,675739,597332,928381,334551,257579,189598,230089,62303,39904,24338,23176,4442,2353,1155,545,373,36,13,5,2,0,0,0,0,0,0,0,0
0,0,0,0,0,0,0,0,2,3,17,56,341,546,1166,2324,4517,22420,24392,39840,61800,229883,189960,255422,334584,932189,597166,672355,737877,775478,1564294,736480,675682,596862,927720,334623,257026,190471,229400,62435,39777,24317,23035,4471,2332,1178,555,353,37,19,2,2,0,0,0,0,0,0,0,0
0,0,0,0,0,0,0,0,2,6,14,43,358,542,1152,2352,4398,22384,24461,39881,61811,229187,190058,255200,334805,930976,597078,675120,736060,775755,1565809,736931,674713,595707,929712,334664,256349,190245,229191,62604,39637,24558,22763,4410,2338,1161,569,353,30,19,2,1,0,0,0,0,0,0,0,0
0,0,0,0,0,0,0,0,3,4,18,37,355,562,1151,2356,4332,22356,24349,39886,61788,229110,189067,256611,333687,930427,598011,674460,736679,775939,1566463,737165,674841,596510,929120,334694,256265,189855,229230,62045,39947,24644,22603,4386,2318,1173,557,350,31,18,5,1,0,0,0,0,0,0,0,0
0,0,0,0,0,0,0,0,1,8,17,32,365,533,1193,2315,4335,22243,24445,39741,61620,229053,189363,255557,334481,929503,597941,677062,736143,775213,1566773,737668,675088,596057,929150,334370,256800,189455,229115,62027,39810,24730,22315,4499,2301,1098,589,344,38,9,8,1,0,0,0,0,0,0,0,0
0,0,0,0,0,0,0,0,1,7,14,34,374,540,1194,2244,4330,22302,24177,39687,61986,228023,189658,255633,334009,930551,597035,677625,736830,774476,1568719,736745,674552,597043,928918,334350,256446,189906,228617,62042,39577,24530,22384,4429,2347,1107,565,357,22,15,7,1,0,0,0,0,0,0,0,0
0,0,0,0,0,0,0,0,1,7,13,36,356,557,1143,2297,4375,22282,24035,39798,61635,228065,189446,255582,334548,929173,598019,677471,736722,776498,1566823,737717,674972,597020,929266,334122,256099,189698,228642,61726,39716,24414,22353,4373,2343,1114,546,356,28,14,7,0,1,0,0,0,0,0,0,0
0,0,0,0,0,0,0,0,3,5,15,39,333,552,1171,2264,4441,22260,24175,39462,61616,227529,189279,256265,334157,929731,598633,675914,736795,777935,1567143,736865,676642,596152,929437,333666,256322,189338,228505,61942,39370,24311,22346,4428,2287,1142,523,367,27,15,6,0,1,0,0,0,0,0,0,0
0,0,0,0,0,0,0,0,1,9,13,39,313,577,1187,2247,4442,22166,24090,39430,61572,227828,189089,256112,333666,929799,597766,677083,736554,778683,1566959,737829,675547,597082,929103,334610,255212,189748,228356,61506,39653,24008,22410,4377,2325,1040,564,364,27,14,7,2,0,0,0,0,0,0,0,0
0,0,0,0,0,0,0,0,2,3,18,35,304,572,1154,2319,4385,22106,23966,39455,61371,227705,189300,256130,333345,928755,599025,675877,738780,777549,1567560,738356,676029,596831,929096,334073,255345,189284,228321,61808,39455,24112,22214,4449,2260,1101,552,354,31,11,8,3,0,0,0,0,0,0,0,0
0,0,0,0,0,0,0,0,2,6,15,35,310,557,1164,2293,4300,22116,23917,39377,61426,227753,189225,255476,333519,929175,598366,677067,737533,778243,1568341,738455,675146,598559,928168,333649,255802,189149,228080,61793,39366,24182,22057,4500,2250,1087,546,347,33,18,3,3,0,0,0,0,0,0,0,0
0,0,0,0,0,0,0,0,2,6,14,39,321,535,1134,2228,4361,22075,24051,39241,61213,227616,189354,255008,333679,929530,598120,676527,738694,778390,1569489,737415,676040,597563,928731,333258,256257,188661,228131,61615,39338,24012,22018,4447,2258,1131,521,329,37,14,3,3,0,0,0,0,0,0,0,0
0,0,0,0,0,0,0,0,3,5,14,32,317,511,1145,2226,4347,21982,24233,39045,61332,227108,189378,254967,333830,929860,597685,677146,739578,776785,1570193,737996,675457,598801,927917,333220,255839,189191,227630,61457,39565,23820,22193,4331,2241,1145,491,337,42,8,3,3,0,0,0,0,0,0,0,0
0,0,0,0,0,0,0,0,3,4,11,30,336,515,1152,2227,4285,22097,23991,39197,61037,227182,189043,255295,333889,929585,597368,678512,738462,778605,1570060,737845,676107,597105,929289,332663,255763,188487,228141,61107,39382,23920,22110,4358,2241,1135,490,319,45,11,2,3,0,0,0,0,0,0,0,0
0,0,0,0,0,0,0,0,1,5,8,38,327,495,1138,2262,4168,22106,23981,39072,61083,227613,188010,255555,333110,930590,598070,678394,738126,777400,1571916,737308,676852,596971,929240,332249,255886,188787,227749,61120,39073,23962,22167,4363,2227,1096,514,324,33,15,2,3,0,0,0,0,0,0,0,0
0,0,0,0,0,0,0,0,3,3,12,36,325,506,1129,2205,4241,21981,23878,39049,61104,227049,188458,255098,333200,930201,599938,677669,736996,779000,1571425,738472,675637,598388,927598,332779,255980,189240,227041,61090,39010,24099,22004,4313,2265,1065,529,341,33,13,5,1,0,0,0,0,0,0,0,0
0,0,0,0,0,0,0,0,3,3,10,40,326,481,1123,2165,4239,22108,23878,38901,60669,227161,188256,254452,334003,930101,600088,677260,737907,779234,1571473,739099,675522,597730,928416,333076,255081,188893,226909,61347,39005,23975,21952,4312,2202,1124,500,338,24,19,3,1,0,0,0,0,0,0,0,0
0,0,0,0,0,0,0,0,3,5,8,44,325,475,1100,2205,4225,22090,23680,39138,60921,226333,188478,255059,332967,930941,598608,678336,737881,779184,1572554,738533,676194,597113,928908,332578,255188,189029,227058,61124,38774,23915,21933,4309,2213,1086,513,338,21,16,5,1,0,0,0,0,0,0,0,0
0,0,0,0,0,0,0,0,4,3,11,38,329,505,1074,2132,4314,21888,23817,39147,60932,225979,188829,255411,332948,930090,598854,677293,739240,779006,1572915,738295,675878,598002,929703,332028,254525,189387,226773,61196,38530,23753,22193,4220,2213,1056,520,331,31,9,5,2,0,0,0,0,0,0,0,0
0,0,0,0,0,0,0,0,3,4,16,32,327,500,1032,2157,4277,21906,23806,38975,60866,225946,188417,255038,333398,931150,598341,676209,740157,780003,1570916,739485,676618,598552,928569,332311,254809,189043,226438,61265,38579,23898,21927,4289,2174,1073,514,340,30,13,4,2,0,0,0,0,0,0,0,0
0,0,0,0,0,0,0,0,3,4,17,25,321,502,1039,2160,4245,21774,23930,38614,60919,226111,187984,254799,333432,931664,598655,676319,739698,779770,1572163,739812,677128,597550,928367,331748,256129,188336,226626,60791,38639,23805,21847,4308,2219,1034,537,336,30,13,4,2,0,0,0,0,0,0,0,0
0,0,0,0,0,0,0,0,2,6,12,40,300,525,1052,2113,4183,21860,23858,38849,60677,225590,188445,255078,333358,930567,599362,676445,740305,779398,1572411,739680,678009,598092,926945,332716,255488,188150,226347,60925,38524,23650,22043,4184,2237,1064,548,325,28,11,5,2,0,0,0,0,0,0,0,0
0,0,0,0,0,0,0,0,1,7,10,38,316,490,1083,2107,4220,21869,23460,39059,60589,225343,189139,254707,332854,931025,598533,678283,738550,779828,1572717,740387,677994,597372,927902,332373,255445,188410,226062,60615,38705,23663,21790,4256,2238,1113,491,312,32,15,4,2,0,0,0,0,0,0,0,0
0,0,0,0,0,0,0,0,2,6,11,30,332,499,1038,2159,4161,21828,23784,38738,60527,225884,188798,253950,333171,931589,599144,675946,740441,780167,1572666,740482,677856,597414,927770,332367,255107,188253,226080,60739,38672,23632,21745,4276,2184,1077,490,341,31,15,6,1,0,0,0,0,0,0,0,0
0,0,0,0,0,0,0,0,2,5,10,35,330,498,1013,2173,4160,21705,23535,38645,60936,225642,188122,254678,332377,931956,598415,676962,740348,779841,1574345,740626,676505,598746,927365,333004,254050,188868,225390,60665,38447,23817,21713,4356,2144,1077,522,330,33,12,4,2,0,0,0,0,0,0,0,0
0,0,0,0,0,0,0,0,2,5,14,34,321,478,1020,2207,4126,21706,23411,38422,61107,225551,188394,254003,332844,931770,598236,678072,739674,779912,1574391,740974,676376,599208,927322,333363,254099,188190,225141,60661,38663,23682,21659,4207,2151,1097,547,319,34,8,6,2,0,0,0,0,0,0,0,0
0,0,0,0,0,0,0,0,2,6,8,40,319,512,980,2169,4208,21486,23582,38389,60606,225777,188524,253285,333355,931127,599409,677727,739147,781317,1575120,739996,676863,597283,929242,332226,254748,188227,224986,60457,38623,23717,21580,4218,2146,1091,532,328,35,8,6,2,0,0,0,0,0,0,0,0
0,0,0,0,0,0,0,0,3,4,10,31,309,528,982,2160,4104,21522,23471,38367,60228,226108,187773,254460,332620,932167,597780,677156,740639,782037,1574987,739378,676763,598713,929063,332032,254256,188266,224974,60507,38492,23600,21540,4255,2113,1110,533,320,34,9,3,2,0,0,0,0,0,0,0,0
0,0,0,0,0,0,0,0,2,5,14,31,323,506,1016,2085,4156,21441,23446,38277,60642,225445,188156,253358,333611,931577,599080,676138,740947,781325,1576508,738582,677775,597650,930556,331488,253886,187698,225110,60489,38601,23525,21623,4204,2156,1093,521,309,44,6,3,1,0,0,0,0,0,0,0,0
0,0,0,0,0,0,0,0,1,8,10,35,327,508,1016,2150,4065,21348,23354,38126,60528,225480,187655,254637,333338,930645,598827,677452,740458,781912,1575872,740833,676436,597902,929442,331671,254166,188223,224342,60720,38303,23892,21429,4201,2155,1078,494,319,38,10,2,1,0,0,0,0,0,0,0,0
0,0,0,0,0,0,0,0,2,6,13,37,321,498,1052,2122,4062,21206,23406,38173,60233,225775,187217,254685,333321,930540,598880,677444,740683,782217,1576386,740203,676873,597871,929582,331509,254828,187444,224527,60557,38362,23659,21444,4197,2101,1112,494,313,38,13,2,1,0,0,0,0,0,0,0,0
0,0,0,0,0,0,0,0,1,8,9,45,303,511,1041,2048,4157,21169,23326,38415,60180,225639,187399,253419,334485,930783,597650,677070,742300,782663,1575900,740296,677085,598932,928049,332374,254320,186908,224930,60353,38360,23431,21590,4174,2146,1069,501,323,34,7,5,1,0,0,0,0,0,0,0,0
0,0,0,0,0,0,0,0,1,8,12,38,322,485,1080,2037,4088,21220,23608,37984,60081,225436,187353,254292,333558,930158,598758,677896,741123,782218,1576421,741352,677054,598031,929013,331888,254302,186928,225092,59944,38614,23194,21535,4196,2187,1030,504,314,40,8,4,2,0,0,0,0,0,0,0,0
0,0,0,0,0,0,0,0,1,8,13,37,324,454,1031,2113,4028,21286,23680,37865,59934,225378,187031,254255,333836,929597,600147,677590,741123,782250,1576559,741643,677131,599142,927747,331693,254396,186979,224526,60389,38234,23156,21583,4169,2152,1081,490,310,30,14,1,3,0,0,0,0,0,0,0,0
0,0,0,0,0,0,0,0,1,8,15,35,327,475,1029,2064,4040,21226,23580,38023,59886,224907,187261,254435,333853,929030,600242,678168,741841,781296,1578123,739898,678151,598336,927925,332223,253981,187757,224140,60090,38036,23398,21347,4215,2108,1093,479,314,38,11,1,3,0,0,0,0,0,0,0,0
0,0,0,0,0,0,0,0,2,6,12,40,321,503,1030,2072,4049,21165,23401,38105,59934,224773,186949,255187,333175,929555,599736,678539,742322,780942,1578325,740365,677384,598465,928612,332184,253281,188103,223459,60571,37930,23359,21302,4159,2191,1067,491,294,34,11,2,2,0,0,0,0,0,0,0,0
0,0,0,0,0,0,0,0,4,4,13,44,311,477,1020,2083,4094,21044,23494,38216,59455,224585,187720,255204,332872,929818,599954,677724,741838,782696,1577787,740651,678002,598174,928028,332059,253736,187268,223867,60385,37862,23333,21373,4120,2193,1096,457,302,36,5,2,3,0,0,0,0,0,0,0,0
0,0,0,0,0,0,0,0,2,6,11,39,320,458,1001,2135,4064,21095,23309,38059,59779,224400,187083,255773,332913,929988,599126,678305,741875,783270,1578008,740419,677761,598846,927600,331549,254076,187110,224335,59993,37768,23389,21314,4174,2143,1078,492,297,33,9,1,3,0,0,0,0,0,0,0,0
0,0,0,0,0,0,0,0,1,5,11,44,319,495,1013,2071,4107,20876,23345,38093,59946,223711,188102,254870,333360,929526,600300,678862,739760,783193,1578630,741470,677560,598938,928447,331085,253741,187017,224012,60046,37769,23140,21333,4137,2153,1090,495,284,39,9,1,3,0,0,0,0,0,0,0,0
0,0,0,0,0,0,0,0,2,4,17,35,296,541,1033,1995,4161,20905,23168,38106,59801,224173,187672,254472,333933,929998,599861,678779,741182,780612,1579664,741730,677890,599079,928036,331614,253570,187128,223479,59998,38064,22929,21291,4099,2185,1108,457,291,35,11,3,1,1,0,0,0,0,0,0,0
0,0,0,0,0,0,0,0,1,6,14,48,304,512,1037,2022,4092,20890,23143,37851,59950,224239,187606,255245,332785,930377,600353,677552,741768,782573,1578574,741732,678476,598852,926947,332688,252905,187027,223796,59719,37828,23160,21181,4095,2154,1095,498,264,32,12,4,1,1,0,0,0,0,0,0,0
0,0,0,0,0,0,0,0,2,6,12,46,322,487,1043,2080,4012,20902,23255,37811,59971,223858,187947,254732,332251,931443,599635,678140,742401,781546,1578916,742054,678976,598399,927610,331815,253616,187283,222869,59990,37529,23242,21028,4104,2204,1034,515,268,34,13,5,2,1,0,0,0,0,0,0,0
0,0,0,0,0,0,0,0,3,5,12,41,321,519,988,2156,3957,20982,23141,37865,59872,223622,187737,254374,333333,930282,600168,679139,741146,782256,1579113,742239,678576,597793,928916,331863,252997,186959,223341,59693,37812,23059,21029,4088,2122,1062,486,290,32,12,5,2,1,0,0,0,0,0,0,0
0,0,0,0,0,0,0,0,3,5,12,47,324,496,1058,2072,3979,21008,22982,38049,59903,223333,187529,254955,332743,930788,599863,678487,741280,783609,1580321,741377,677412,598058,929640,331373,253330,186556,223352,59613,37831,22836,21127,4104,2099,1028,485,294,26,15,4,2,0,1,0,0,0,0,0,0
0,0,0,0,0,0,0,0,3,2,18,43,320,491,1094,2032,3975,20927,23131,38019,59833,223428,187619,254568,332418,931186,600418,677978,740805,783495,1580163,741782,678798,598399,928639,331639,253178,186478,223273,59330,37956,23043,20886,4126,2047,1046,487,273,41,15,4,2,0,1,0,0,0,0,0,0
0,0,0,0,0,0,0,0,2,3,17,43,311,493,1064,2006,4006,21124,22922,37951,59991,223095,187555,255015,332364,931299,599480,677618,742051,783729,1580344,740942,679432,598794,928231,331857,252839,186736,222941,59340,37990,22995,20818,4123,2057,1000,482,281,47,16,1,3,0,1,0,0,0,0,0,0
0,0,0,0,0,0,0,0,3,1,16,44,313,505,1045,2034,4010,21068,23013,37751,59718,223709,187451,254848,332733,929914,599408,678671,742252,783482,1580994,741939,678955,598248,928451,331775,252841,186430,222815,59388,37640,23075,20933,4014,2072,1039,456,292,45,12,2,3,1,0,0,0,0,0,0,0
0,0,0,0,0,0,0,0,1,2,17,46,310,495,1062,2020,4062,21025,22973,37873,59369,224458,186907,254853,332825,929345,599317,679404,741958,783629,1579738,742668,679958,598694,928291,331811,251558,186852,223105,59300,37772,22834,20948,4034,2066,1042,431,295,42,11,4,3,1,0,0,0,0,0,0,0
0,0,0,0,0,0,0,0,1,3,12,51,305,499,1040,2038,4087,20844,23052,38013,59424,224335,186673,254772,332826,930262,599873,678353,741898,783427,1580485,742696,679481,598765,929117,331313,251876,186279,223045,59163,37809,22697,20954,4060,2057,999,477,284,44,14,0,5,1,0,0,0,0,0,0,0
0,0,0,0,0,0,0,0,1,5,12,45,320,482,1020,2069,4113,20877,22968,37738,59516,224048,186974,255004,332359,929566,600358,678549,741773,783220,1581247,743984,679243,598351,928218,331685,252507,186054,222573,59328,37691,22887,20668,4034,2150,972,458,279,46,8,4,5,0,0,0,0,0,0,0,0
0,0,0,0,0,0,0,0,1,5,17,37,328,467,1048,2060,3968,20977,23053,37712,59334,224497,187286,253789,332801,929742,599656,678630,742441,782721,1582568,743370,678637,599691,926536,332605,253097,185670,222017,59562,37785,22676,20647,4074,2108,978,481,280,35,13,4,5,0,0,0,0,0,0,0,0
0,0,0,0,0,0,0,0,1,2,21,37,320,464,1034,2094,3920,21173,22842,37635,59305,224825,187262,253433,332822,929295,599968,678959,741825,784447,1581844,742660,680198,598691,926647,332414,253029,185860,221946,59595,37489,22794,20616,4110,2010,1026,443,298,33,11,6,5,0,0,0,0,0,0,0,0
0,0,0,0,0,0,0,0,1,6,21,34,327,445,1027,2100,3984,21024,22974,37465,59446,224623,187091,253674,332694,929834,598825,680052,741909,784429,1581754,743232,678638,599472,927186,331774,252822,186292,222112,59385,37377,22815,20729,4063,1959,992,459,312,25,13,8,5,0,0,0,0,0,0,0,0
0,0,0,0,0,0,0,0,2,7,14,31,299,479,1003,2112,4024,20948,22930,37631,59604,223557,187814,252805,333224,929815,599350,679173,743691,783535,1581998,742800,679885,598401,928161,331055,252718,186324,221835,59266,37618,22740,20840,3902,2050,929,492,285,37,14,7,4,0,0,0,0,0,0,0,0
0,0,0,0,0,0,0,0,5,5,9,38,301,474,1009,2104,3981,20861,22898,37641,59598,223779,187180,253865,332491,929411,599644,680013,743803,783148,1582488,741819,680634,598088,928513,331270,252443,186059,221697,59330,37421,22773,20892,3950,1958,1004,446,303,35,13,11,4,0,0,0,0,0,0,0,0
0,0,0,0,0,0,0,0,3,5,11,38,291,493,1001,2079,3964,20905,22825,37681,59412,223933,187049,253724,332743,929202,600598,679508,743263,784250,1581592,743754,678740,599076,927390,331764,252554,185923,221493,59273,37465,22752,20934,3906,1997,1008,440,304,42,10,9,5,0,0,0,0,0,0,0,0
0,0,0,0,0,0,0,0,5,6,5,33,316,460,1080,2015,3979,20801,22770,37621,59681,223793,186990,253714,332494,929001,600788,679399,743758,783593,1582013,743137,680299,598633,926961,332389,252504,185774,221460,59054,37416,22785,20918,3949,1988,1016,449,300,38,10,11,2,1,0,0,0,0,0,0,0
0,0,0,0,0,0,0,0,2,7,8,35,324,462,1081,2020,3965,20803,22730,37524,59804,223883,186493,254310,331868,930029,600106,679519,744075,783683,1581209,744001,679511,598194,928379,331945,252573,185599,221477,58930,37516,22776,20782,3956,2024,1003,446,295,41,12,7,1,0,1,0,0,0,0,0,0
0,0,0,0,0,0,0,0,1,7,10,34,324,482,1036,2063,3884,20741,22546,37969,59756,223151,186421,254491,332845,928940,599967,679806,744004,783620,1582311,743449,679280,599827,926971,332252,252432,185768,221330,58753,37455,22904,20811,3934,2048,1000,426,302,37,12,6,2,0,1,0,0,0,0,0,0
0,0,0,0,0,0,0,0,1,7,12,29,314,495,1025,2046,3962,20563,22978,37477,59852,222923,187015,254345,332302,929535,598811,680620,743801,784544,1582126,743070,680059,599417,927754,330950,252155,186494,221195,58630,37550,22683,20932,3836,2106,999,432,302,39,15,3,4,0,1,0,0,0,0,0,0
0,0,0,0,0,0,0,0,2,7,9,37,299,480,1015,2072,3923,20707,22707,37706,59397,223132,186633,254676,332737,929039,598886,680456,743486,785181,1582137,743664,679299,599020,927542,331907,253004,185598,220934,58971,37570,22636,20740,3969,2043,978,452,290,48,13,2,4,0,1,0,0,0,0,0,0
0,0,0,0,0,0,0,0,2,6,14,33,310,446,1022,2086,3900,20733,22771,37601,59633,222701,186888,254754,332587,928600,598178,680613,745710,783391,1583083,742780,680033,598984,928284,330649,253052,186007,221066,58810,37549,22641,20674,4002,2038,954,462,300,43,11,4,3,0,1,0,0,0,0,0,0
0,0,0,0,0,0,0,0,3,3,17,26,297,447,998,2139,3832,20725,22883,37563,59526,222770,187118,254132,331983,929751,598333,680591,744983,784051,1584533,741220,680250,598786,928134,331006,253218,185625,220892,59023,37536,22697,20521,4007,2037,955,449,289,40,11,5,3,0,1,0,0,0,0,0,0
0,0,0,0,0,0,0,0,3,3,16,33,290,468,1016,2046,3878,20622,22915,37379,59381,222924,186773,254291,332387,928791,600563,679879,743341,785555,1584177,741989,678270,600007,927896,331153,253550,185429,220746,59286,37343,22747,20519,3964,1996,998,436,287,43,8,8,2,1,0,0,0,0,0,0,0
0,0,0,0,0,0,0,0,3,3,10,35,280,484,1003,1974,3980,20699,22541,37745,59214,222775,186882,254284,331501,930294,599539,680099,743942,785196,1584488,741997,679029,599125,927964,331363,252219,186968,220628,58719,37371,22803,20458,4013,2001,998,462,259,39,11,7,3,1,0,0,0,0,0,0,0
0,0,0,0,0,0,0,0,2,4,9,39,289,429,1033,2011,3948,20684,22684,37399,59271,222652,186963,253825,332307,928312,601463,679863,742847,785567,1584548,742835,680479,597591,927905,331348,252633,186443,220779,58835,37261,22666,20683,4006,2019,981,467,263,47,8,7,3,1,0,0,0,0,0,0,0
0,0,0,0,0,0,0,0,1,3,8,42,290,459,1037,1984,3978,20473,22946,37305,58857,222689,187016,253834,332622,929842,600615,679236,742910,785794,1583483,744625,680355,597200,928263,330985,252398,186216,220697,59056,37211,22592,20640,3994,2005,951,443,293,36,13,7,4,1,0,0,0,0,0,0,0
0,0,0,0,0,0,0,0,1,2,5,40,290,461,1031,1962,3953,20579,22878,37341,58930,222277,186737,253921,332205,930558,600164,680025,742899,784801,1585319,743935,680079,598137,927589,330593,252548,186119,221212,58627,37261,22529,20725,3943,1963,998,431,281,35,13,8,3,1,0,0,0,0,0,0,0
0,0,0,0,0,0,0,0,1,1,10,34,268,478,1010,2044,3933,20470,23074,37280,58649,222828,186864,253313,331912,930933,599230,681213,743391,784418,1584846,744549,679043,598586,927867,329937,253156,186067,221210,58807,37172,22473,20649,3952,1962,983,450,288,35,13,6,3,1,0,0,0,0,0,0,0
0,0,0,0,0,0,0,0,2,2,8,31,275,468,1035,2024,3930,20581,22850,37291,58614,223144,186347,253714,331468,931325,599823,680348,745156,782999,1585519,743796,679547,599155,927433,330101,252126,186493,221033,58917,37239,22543,20401,3894,2020,967,468,266,31,14,7,3,1,0,0,0,0,0,0,0
0,0,0,0,0,0,0,0,2,3,11,24,284,451,1026,2020,3978,20433,22970,37294,58642,222614,186390,253301,331844,931419,599469,681294,743631,784863,1584404,744464,679953,597959,928107,330680,251984,185949,221270,58645,37391,22471,20527,3890,1968,988,464,275,27,20,7,2,1,0,0,0,0,0,0,0
0,0,0,0,0,0,0,0,2,4,8,32,279,478,989,1994,4006,20339,22779,37515,58750,222167,186719,253329,332212,931888,598839,681274,743753,784937,1584780,743248,679822,599211,927909,329623,252642,185896,221232,58657,37413,22653,20306,3929,2030,971,467,265,36,17,6,2,1,0,0,0,0,0,0,0
0,0,0,0,0,0,0,0,2,3,7,33,283,472,990,2033,3925,20244,22817,37377,58979,221824,186764,252986,332705,932246,599399,680238,743979,784795,1584706,743857,679883,598892,927804,330288,252042,185815,221611,58541,37226,22502,20411,3941,2015,995,440,282,33,18,4,1,1,0,0,0,0,0,0,0
0,0,0,0,0,0,0,0,3,2,3,28,308,453,1030,2035,3852,20401,22706,37321,58833,222016,186378,252969,332370,932286,599294,680096,744796,785255,1584401,743499,679890,599068,928498,330220,252086,185595,221006,58904,37246,22481,20390,3989,1955,969,434,276,42,19,4,1,1,0,0,0,0,0,0,0
0,0,0,0,0,0,0,1,0,3,6,31,279,463,1048,2020,3851,20441,22489,37440,59098,221451,185655,253994,332454,931050,600050,680310,746099,783802,1585254,742968,680273,599396,927756,330295,252101,185842,220734,59005,37281,22374,20466,3919,2005,916,444,281,40,20,2,1,1,0,0,0,0,0,0,0
0,0,0,0,0,0,0,0,1,2,11,30,278,483,992,2055,3813,20432,22642,37210,58927,221526,186172,253807,332428,930918,600708,680330,744781,784642,1585011,743312,680794,599174,927017,331113,251907,185776,220474,58965,37129,22523,20377,3981,1941,959,427,285,40,11,3,1,1,0,0,0,0,0,0,0
0,0,0,0,0,0,0,0,1,3,8,34,298,434,1036,2010,3826,20572,22450,37219,58896,221860,185591,253645,332153,931196,600542,680956,744979,784855,1584049,744759,680439,599496,926425,330845,252082,185411,220805,58878,37042,22672,20336,3860,2014,979,434,264,36,15,2,1,1,0,0,0,0,0,0,0
0,0,0,0,0,0,0,0,2,1,11,34,293,451,1012,1995,3875,20373,22689,37175,59032,221749,185676,253244,332661,930629,600523,681043,745270,785565,1583665,744926,679912,600323,925950,330287,252391,185007,221177,58785,37084,22542,20430,3875,2014,983,439,259,37,16,2,1,1,0,0,0,0,0,0,0
0,0,0,0,0,0,0,0,2,3,9,30,290,426,1057,1954,3876,20414,22510,37366,58844,221827,185767,253506,332092,929846,601540,681149,745318,785191,1584937,744331,679123,600698,926499,330126,252339,185558,220451,58707,37281,22400,20376,3824,2006,985,434,261,38,13,3,1,1,0,0,0,0,0,0,0
0,0,0,0,0,0,0,0,1,6,8,24,297,415,990,2040,3932,20345,22428,37240,58872,221687,186067,253054,332167,930287,600903,681181,747018,784246,1584731,744757,678803,600226,927263,330301,251740,185457,220240,59325,37054,22437,20282,3871,1951,988,456,264,33,16,3,2,1,0,0,0,0,0,0,0
0,0,0,0,0,0,0,0,1,7,11,27,286,423,985,2065,3892,20284,22594,37165,58752,221523,186052,253415,331948,930941,600289,682019,745992,784655,1585109,743890,680058,599742,926649,330066,252502,185290,220257,58826,37217,22496,20338,3910,1961,992,458,274,23,18,6,0,1,0,0,0,0,0,0,0
0,0,0,0,0,0,0,0,1,8,10,27,275,443,969,2063,3944,20376,22640,36680,59002,221599,186251,252956,331621,931243,602106,681475,744315,785758,1584756,744064,679836,599310,927111,330145,252535,184785,220739,58781,37341,22332,20300,3874,1992,947,475,272,30,15,5,2,0,0,0,0,0,0,0,0
0,0,0,0,0,0,0,0,2,8,12,27,272,455,969,2030,3979,20246,22592,36945,58688,221636,185743,253600,331710,930981,601074,682508,744473,784814,1585183,745175,679694,599805,926444,330260,252343,185125,220340,58784,37211,22280,20389,3866,1998,966,445,285,30,12,7,2,1,0,0,0,0,0,0,0
0,0,0,0,0,0,0,0,0,9,12,36,270,465,1005,1973,3972,20166,22686,36785,58837,221509,186325,252923,331690,930595,601212,682108,744467,786347,1584418,745038,679287,600402,926529,330758,251728,185706,219668,58966,37256,22242,20367,3918,1982,964,444,295,24,17,5,3,0,0,0,0,0,0,0,0
0,0,0,0,0,0,0,0,1,7,13,31,271,468,966,2076,3918,20154,22425,36952,58852,221255,186250,253207,331768,930135,601758,681597,745545,785121,1585106,744036,680561,599920,927024,330242,251857,185721,219784,58819,37256,22399,20243,3974,1920,992,478,259,22,18,4,3,1,0,0,0,0,0,0,0
0,0,0,0,0,0,0,0,1,4,18,31,279,452,1001,2097,3870,20093,22330,37253,58816,221024,186591,252892,331317,930105,601837,681554,745484,785136,1585670,743906,680233,599997,926846,330562,252241,185816,219531,58944,37165,22467,20239,3900,1942,983,451,280,28,15,4,2,2,0,0,0,0,0,0,0
0,0,0,0,0,0,0,0,1,5,10,35,293,464,975,2050,4014,19913,22436,36957,58984,220862,186864,252849,331378,930820,600788,681719,745766,784350,1586530,743092,681790,599545,926644,330583,252060,185411,219870,58721,37255,22434,20370,3848,1986,924,492,265,37,10,6,2,1,0,0,0,0,0,0,0
0,0,0,0,0,0,0,0,2,5,13,33,273,470,996,2065,3978,20058,22375,36975,58642,221231,186880,252598,331382,931256,600172,680674,746019,785329,1586343,745256,680013,599147,927211,330082,252183,185826,219700,58586,37266,22359,20403,3879,1965,965,459,289,32,13,4,1,1,0,0,0,0,0,0,0
0,0,0,0,0,0,0,0,2,2,14,34,272,476,968,2072,3922,20130,22413,37122,58557,221205,186591,252887,331638,929993,601267,680810,746169,784463,1587578,744609,679501,599499,927578,329871,252146,185878,219296,58846,37190,22475,20349,3818,2004,978,447,290,28,16,3,1,1,0,0,0,0,0,0,0
0,0,0,0,0,0,0,0,3,2,14,26,292,459,951,2090,3901,20210,22151,37215,58698,220561,186466,253243,332014,930267,600866,680932,745846,786259,1585580,744669,680782,598906,927519,329729,252849,185071,219749,58679,37106,22447,20166,3892,2034,987,435,291,32,14,3,3,0,0,0,0,0,0,0,0
0,0,0,0,0,0,0,0,3,6,11,27,292,455,948,2029,3935,20098,22331,37167,58787,220044,186513,252974,332039,930527,600700,681896,744579,786276,1585770,745444,681120,599579,926204,330046,252226,185122,220424,58524,36860,22485,20388,3842,1987,990,434,282,27,13,3,2,0,0,0,0,0,0,0,0
0,0,0,0,0,0,0,0,2,8,8,29,289,465,971,1924,3983,20178,22198,37119,58841,220079,186026,253825,332028,930146,601521,680936,744161,786418,1586294,745776,681054,599940,925939,330508,251212,185718,219927,58410,36930,22437,20475,3881,1993,1011,415,284,33,13,1,3,0,0,0,0,0,0,0,0
0,0,0,0,0,0,0,0,2,7,9,27,279,470,948,1986,3935,20087,22287,37154,58906,219848,186179,253518,332183,930385,601476,681156,743499,785797,1586829,746618,680340,599048,927037,330714,251889,184759,220388,58340,36689,22505,20398,3990,1953,1002,442,277,34,15,2,2,0,0,0,0,0,0,0,0
0,0,0,0,0,0,0,0,3,5,10,31,286,447,979,2009,3868,20096,22355,37148,58953,219910,185772,253346,332249,930238,602742,679044,744678,786085,1587673,744930,681230,598816,927168,331104,251562,184970,219856,58458,36719,22625,20306,3996,2032,940,430,288,31,17,2,2,0,0,0,0,0,0,0,0
0,0,0,0,0,0,0,0,3,6,9,27,277,458,991,1966,3796,20166,22519,37089,58583,220235,185348,254501,330586,931793,600757,680097,744966,786149,1588401,743793,681020,600053,926503,330490,252322,185342,219649,58116,36863,22281,20498,4014,2056,902,429,300,31,16,6,2,0,0,0,0,0,0,0,0
0,0,0,0,0,0,0,0,4,5,8,38,268,429,990,1965,3895,20095,22324,37181,58402,220568,185700,252827,332255,931059,600735,680260,746102,784476,1588529,744713,680757,599452,926545,330702,252707,185215,219452,58304,37013,22225,20523,3936,2054,930,423,293,29,12,7,2,0,0,0,0,0,0,0,0
0,0,0,0,0,0,0,0,6,5,10,32,279,444,991,2000,3794,20188,22193,37184,58663,220198,185666,252845,331620,931226,601241,680988,745529,784559,1587744,745055,681421,598254,927231,331069,252368,184955,219980,58364,36953,22246,20359,4022,2027,917,453,277,30,13,8,2,0,0,0,0,0,0,0,0
0,0,0,0,0,0,0,0,5,5,9,30,286,469,927,2028,3783,20172,22301,37064,58364,220400,185842,252792,330797,931774,599901,681209,745200,787587,1586824,744223,681639,598598,928116,330776,252089,184568,220112,58294,36706,22467,20376,3927,2016,967,449,262,31,13,10,1,0,0,0,0,0,0,0,0
0,0,0,0,0,0,0,1,5,6,8,31,279,444,966,1999,3876,20166,22181,36974,58529,220791,185092,252704,331184,931544,600666,680938,745271,786165,1587772,744558,680718,598985,928454,330516,252713,184578,219957,57955,36881,22433,20392,3968,1967,951,440,298,30,14,7,2,0,0,0,0,0,0,0,0
0,0,0,0,0,0,0,0,4,8,11,29,269,454,1000,1997,3738,20267,22506,36675,58552,220683,185630,251938,331968,931072,601705,679878,745379,785769,1587976,744374,680998,598916,928709,330769,251864,185184,219713,58143,36599,22653,20362,3893,1982,946,471,262,41,12,7,3,0,0,0,0,0,0,0,0
0,0,0,0,0,0,0,0,3,9,13,20,256,447,1075,1923,3776,20241,22438,36678,58767,220356,185754,253231,330381,930689,601919,680964,743837,787144,1586923,746043,680015,600208,927354,330819,251828,185025,220305,58045,36630,22194,20417,3909,1998,969,478,260,42,17,9,0,0,0,0,0,0,0,0,0
0,0,0,0,0,0,0,0,5,7,10,30,243,455,1040,2019,3689,20209,22375,36896,58487,220607,185546,253137,330983,930318,601190,681916,744191,786062,1588541,744343,680207,600474,927989,330612,251584,184988,220351,58017,36550,22378,20231,3938,1993,1007,475,255,35,18,7,1,0,0,0,0,0,0,0,0
0,0,0,0,0,0,0,0,6,4,13,23,268,442,1032,1975,3809,20088,22394,36778,58830,220667,185084,253395,330709,930532,600879,681224,744869,786366,1588514,745277,679555,600076,927615,331567,250747,185378,220205,58157,36649,22277,20336,3851,2018,1015,460,267,32,17,7,2,0,0,0,0,0,0,0,0
0,0,0,0,0,0,0,0,7,2,11,22,253,452,1044,1963,3834,20042,22492,36861,58588,220971,184927,253148,331263,929506,601138,682066,744388,787353,1587074,743550,682783,599188,927745,330713,252272,184393,220191,58192,36718,22368,20174,3945,1969,1015,461,271,37,8,10,1,0,0,0,0,0,0,0,0
0,0,0,0,0,0,0,0,7,2,9,31,246,447,993,2018,3802,20222,22223,37184,58324,220729,185818,252365,331237,929081,601522,681471,745710,786337,1587414,745243,680256,600740,927496,330685,251793,185023,219956,57978,36962,22247,20195,3845,2022,980,479,262,36,11,6,2,0,0,0,0,0,0,0,0
0,0,0,0,0,0,0,0,5,5,11,32,240,458,943,2004,3903,20104,22282,37029,58460,221017,185950,251485,331000,930450,600276,681938,745417,787885,1585891,746247,680049,599064,929184,330540,251793,184314,220439,58070,36745,22418,20197,3794,1999,1002,451,264,37,10,5,2,0,0,0,0,0,0,0,0
0,0,0,0,0,0,0,0,6,3,12,29,245,426,983,2023,3868,20149,22113,36852,58740,221259,185123,252123,330556,930734,600560,681292,745967,787610,1586844,746038,679339,600363,928459,329664,252237,184451,219965,58541,36594,22469,20212,3830,2000,951,458,268,34,12,4,3,0,0,0,0,0,0,0,0
0,0,0,0,0,0,0,0,5,3,7,31,254,405,956,2054,3808,20200,22211,37035,58573,221381,185040,251317,331300,930672,600508,681092,745916,787388,1587138,745824,679838,600248,928608,329535,252474,184267,219798,58656,36702,22160,20376,3931,1944,972,453,280,29,15,2,3,0,0,0,0,0,0,0,0
0,0,0,0,0,0,0,1,3,3,7,34,243,418,967,2004,3837,20051,22375,36903,58879,220364,185569,252103,331344,930006,600639,681032,746808,786400,1586985,744605,681064,600778,927925,329917,252150,184850,219488,58834,36604,22245,20302,3958,1939,976,477,273,31,12,4,2,0,0,0,0,0,0,0,0
0,0,0,0,0,0,1,0,3,3,6,28,254,411,1001,1952,3859,20039,22407,36706,59064,220574,185239,252234,331045,929948,601573,680165,746631,786407,1586624,746277,680507,600749,927688,330762,251040,185119,219703,58409,36698,22420,20255,3805,2048,953,466,281,33,17,4,1,0,0,0,0,0,0,0,0
0,0,0,0,0,0,1,0,3,1,4,35,269,410,951,2038,3772,19981,22295,36958,58847,220388,185765,251700,331277,931051,599808,681320,746259,786855,1585645,746062,681894,599828,928629,329976,250901,184822,220349,58203,36964,22393,20162,3828,2007,957,461,284,36,14,5,1,0,0,0,0,0,0,0,0
0,0,0,0,0,0,1,0,3,0,10,30,266,397,984,1992,3767,20114,22064,37080,58604,220394,185500,252171,330971,929902,601037,681718,744964,787617,1587167,744907,681593,600835,927434,330757,250898,184713,220097,58415,36885,22194,20329,3877,1973,927,480,282,39,15,4,2,0,0,0,0,0,0,0,0
0,0,0,0,0,0,1,0,2,1,10,29,266,416,957,1954,3855,20001,22344,36905,58410,220727,184710,252632,331237,929966,600611,681601,744433,787612,1587524,746341,680703,600251,928200,330083,251566,184742,219891,58659,36525,22458,20212,3845,1954,984,452,285,31,15,8,0,0,0,0,0,0,0,0,0
0,0,0,0,0,0,1,0,2,4,9,22,258,461,935,1924,3902,20040,22161,36827,58613,220540,184319,252966,331868,929637,600465,680545,745794,787030,1587300,747140,680588,600409,927833,329895,251792,184785,220091,58324,36904,22231,20241,3814,1972,1001,425,289,29,13,8,2,0,0,0,0,0,0,0,0
0,0,0,0,0,0,1,0,2,3,11,28,266,438,955,1857,3893,20091,22263,36865,58210,220914,184576,252216,331792,929905,601246,679370,746098,787404,1588406,745282,681648,599517,927574,330871,251908,184625,219824,58427,36837,22410,20131,3826,2025,927,447,269,32,12,4,3,0,0,0,0,0,0,0,0
0,0,0,0,0,0,0,1,2,4,14,25,264,430,959,1878,3810,20104,22190,36688,58640,220245,185107,252166,330805,930880,599171,681312,746320,787315,1588540,745631,680572,600468,927873,330487,251672,185002,219374,58275,37173,22330,20161,3800,2011,962,427,269,31,14,4,3,0,0,0,0,0,0,0,0
0,0,0,0,0,0,0,1,2,5,11,26,270,436,952,1865,3817,20122,21979,36820,58725,220145,185499,252007,330519,930535,599946,681836,745850,787218,1588059,745127,681466,599932,928203,330200,251714,185036,219713,58376,36953,22331,20181,3824,1989,980,408,274,34,16,5,2,0,0,0,0,0,0,0,0
0,0,0,0,0,0,0,1,1,5,10,29,275,421,903,1931,3833,20097,22070,36965,58436,219875,185764,251657,330752,930699,600852,680082,747263,786906,1587754,745580,680986,600264,927788,330377,251783,184801,219773,58503,36745,22506,20173,3866,1984,941,424,278,29,20,6,0,1,0,0,0,0,0,0,0
0,0,0,0,0,0,0,0,3,3,10,35,272,401,954,1902,3779,20082,22110,37047,58422,219942,185474,252460,331161,930070,600300,680177,746449,787419,1588672,744833,681427,599426,928202,330609,251719,184517,220086,58461,36857,22360,20172,3922,1998,913,434,270,34,20,3,1,1,0,0,0,0,0,0,0
0,0,0,0,0,0,0,0,3,2,13,30,284,394,961,1924,3806,19936,22279,36972,58109,220077,185067,252896,330528,930168,600695,681320,745376,786837,1589588,745037,680409,600380,927878,330383,251975,184813,220003,58450,36748,22321,20129,3961,1926,950,435,291,28,18,7,1,1,0,0,0,0,0,0,0
0,0,0,0,0,0,0,0,1,5,13,27,277,442,894,1956,3751,19958,22306,36797,58446,219753,185062,251992,331816,929417,601183,680783,745495,786797,1588954,744214,682320,599956,928090,330512,252177,184823,220010,58468,36816,22292,20009,3925,1949,941,434,293,34,13,6,1,1,0,0,0,0,0,0,0
0,0,0,0,0,0,0,0,2,4,13,29,269,443,926,1923,3762,20005,22176,36765,58440,219934,185542,251667,331274,930498,599885,680812,745751,786610,1588818,745321,681806,599711,928447,330777,252049,184644,219908,58389,36992,22031,20164,3952,1932,970,429,284,34,13,4,4,0,0,0,0,0,0,0,0
0,0,0,0,0,0,0,0,3,2,10,34,265,434,914,1921,3819,19978,22244,36806,58160,220346,185200,251639,330883,929806,601453,679875,745557,787659,1588452,744889,681721,600226,927802,331637,251462,184921,219898,58559,37060,22081,20090,3911,1961,956,444,280,29,13,6,3,0,0,0,0,0,0,0,0
0,0,0,0,0,0,0,0,2,2,12,29,264,444,889,1906,3846,19943,22291,36718,57989,219927,185955,251065,331159,929780,600995,680659,745583,787914,1587852,745871,680585,599979,929153,331285,251108,184779,220086,58717,36894,22093,20004,3941,1968,961,441,275,19,17,7,2,0,0,0,0,0,0,0,0
0,0,0,0,0,0,0,0,4,2,10,24,275,433,914,1937,3738,19939,22154,36894,58135,220595,184410,251970,330561,930205,601101,681814,745251,786838,1587562,745945,681077,599832,929440,330360,252077,184431,220358,58728,36512,22278,19989,3904,2022,949,414,275,32,14,3,3,0,0,0,0,0,0,0,0
0,0,0,0,0,0,0,0,1,4,8,29,283,423,946,1875,3789,19894,22169,36816,58295,220024,185225,251639,331198,929990,600524,680939,746096,787218,1587400,746549,680355,600475,928677,330145,252935,184497,220074,58486,36534,22179,20126,3917,1970,954,432,266,35,12,3,3,0,0,0,0,0,0,0,0
0,0,0,0,0,0,0,0,0,6,7,26,292,405,980,1837,3832,19998,21968,36672,58746,219471,185306,251820,330470,930870,599603,681878,745315,787276,1588917,745542,680820,600478,927804,331107,252105,184865,220548,57852,36698,22227,20106,3846,2004,981,417,264,29,13,5,2,1,0,0,0,0,0,0,0
0,0,0,0,0,0,0,0,0,5,5,28,293,413,910,1885,3872,19916,22046,36987,58250,219487,185323,251678,330473,929952,601089,681162,745949,785918,1589391,745040,681438,600509,928629,330850,252014,185264,219895,58058,36745,22345,20080,3799,2022,941,438,257,32,12,4,4,1,0,0,0,0,0,0,0
0,0,0,0,0,0,0,0,1,1,13,24,285,439,910,1865,3801,19984,22072,36682,58512,219373,184911,252051,330214,930024,600846,681552,745587,785986,1589814,745985,680646,600466,928400,331230,251487,185423,219960,58302,36709,22158,20100,3889,2029,949,412,259,31,17,6,3,0,1,0,0,0,0,0,0
0,0,0,0,0,0,0,0,0,3,7,30,277,413,951,1864,3777,20000,22000,36768,58483,219271,184778,251767,330600,930075,600012,682317,745012,786660,1590309,745134,680878,600569,928791,330563,251928,185180,220197,58256,36553,22301,20176,3860,1990,944,402,254,31,19,7,1,0,1,0,0,0,0,0,0
0,0,0,0,0,0,0,0,0,1,11,24,286,432,899,1937,3743,20056,21986,36648,58626,219405,184559,251931,330060,930504,601251,680783,744520,787943,1589516,745024,681172,599726,929714,330341,252448,184928,220238,57788,36875,22309,20232,3910,1885,966,405,265,33,21,7,0,0,1,0,0,0,0,0,0
0,0,0,0,0,0,0,0,0,1,10,27,265,443,934,1982,3637,19980,22177,36593,58440,219487,184839,251619,330279,930332,600306,681703,744553,787557,1589438,744636,681597,600165,929948,330428,251983,184980,220218,57964,36797,22350,20233,3908,1967,926,385,264,29,16,11,1,0,1,0,0,0,0,0,0
0,0,0,0,0,0,0,0,1,1,7,25,266,459,924,1900,3796,19957,22242,36478,58162,220079,184903,251679,329674,930788,599702,681316,745225,787512,1589442,745940,681004,599144,930238,330744,251802,185029,219904,58230,36632,22412,20285,3954,1920,909,419,245,35,15,9,0,0,1,0,0,0,0,0,0
0,0,0,0,0,0,0,0,0,3,5,22,275,423,929,1886,3882,19908,22143,36582,58146,220100,185303,251838,329236,929121,601135,681372,745096,788032,1588111,747038,681242,599255,929075,331181,251915,185341,219860,57979,36892,22291,20312,3921,1903,931,421,247,35,13,6,2,0,0,1,0,0,0,0,0
0,0,0,0,0,0,0,0,0,2,5,25,273,444,901,1963,3793,19914,22015,36773,58269,220018,185021,251981,329924,928312,600979,680463,745209,788220,1589426,746092,680636,600218,929803,330451,252557,184777,219565,58503,36701,22380,20276,3925,1884,979,411,259,36,16,4,5,0,0,1,0,0,0,0,0
0,0,0,0,0,0,0,0,0,2,6,26,277,406,964,1939,3817,19808,22202,36635,58461,219959,185038,251636,329959,928040,601029,681279,745655,787213,1590595,744535,681561,600092,929824,330050,252698,184642,220028,58310,36662,22149,20385,3882,1934,971,420,266,26,17,6,4,0,0,1,0,0,0,0,0
0,0,0,0,0,0,0,0,0,1,9,27,253,444,941,1988,3776,19731,22395,36373,58505,220388,184485,251561,331297,927220,600558,681048,746069,787516,1588890,746779,680803,600552,928923,330390,252107,185193,220162,58120,36776,22420,20131,3869,1997,982,412,270,21,15,6,5,0,0,1,0,0,0,0,0
0,0,0,0,0,0,0,0,1,0,11,25,254,457,948,1960,3797,19837,22161,36760,58212,220358,184519,251850,330740,927612,600933,680219,745673,787648,1590410,745770,680666,601127,928446,330326,251816,185514,220046,58394,36813,22346,20209,3885,1947,961,449,254,32,12,5,5,0,1,0,0,0,0,0,0
0,0,0,0,0,0,0,0,0,1,13,23,263,428,988,1939,3732,19968,21943,36945,58268,220066,184425,252240,331318,926106,600842,681952,744564,788538,1589267,745446,681919,600805,928517,329930,252155,185399,220026,58338,36915,22246,20344,3871,1926,1011,413,267,27,12,6,6,0,1,0,0,0,0,0,0
0,0,0,0,0,0,0,0,1,0,18,23,254,438,954,1915,3859,20036,22053,36713,58295,219665,184887,252036,330444,926787,601177,681205,745494,788530,1588522,745124,682990,600299,928843,330153,252070,185140,220514,57989,36831,22077,20519,3965,1878,963,441,258,25,9,8,6,0,1,0,0,0,0,0,0
0,0,0,0,0,0,0,0,1,0,13,27,259,418,979,1916,3799,20102,22173,36726,58017,219820,184934,251825,330548,927753,600050,681219,745305,788698,1589033,743713,683464,600853,928308,330626,252636,184921,220037,57967,36954,22334,20447,3909,1915,946,454,263,28,6,8,4,0,1,0,0,0,0,0,0
0,0,0,0,0,0,0,0,1,0,10,31,263,433,942,1935,3805,20061,22222,36459,58269,219956,184172,252642,330004,928020,600107,681215,745654,786993,1589268,746839,681027,601276,927494,331538,252186,185212,220146,58010,36839,22370,20479,3858,1972,946,425,280,28,9,6,6,0,1,0,0,0,0,0,0
0,0,0,0,0,0,0,0,1,1,8,28,261,441,950,1901,3806,20129,22297,36384,57987,220148,184224,252450,330334,927734,600173,681925,744871,786238,1589875,746221,681395,601627,928475,330589,252279,185181,220146,58327,36419,22539,20542,3907,1889,943,452,266,22,9,9,5,0,0,1,0,0,0,0,0
0,0,0,0,0,0,0,0,0,3,8,27,265,455,929,1881,3852,20131,22245,36429,57844,220389,184537,251420,329947,928675,600243,680620,746436,786187,1589817,746181,681619,601064,928683,330786,251968,185017,220242,58336,36462,22580,20519,3944,1952,954,435,277,26,11,8,4,0,1,0,0,0,0,0,0
0,0,0,0,0,0,0,0,0,1,8,33,273,443,920,1941,3847,20064,22223,36410,58195,220033,184479,251403,329884,928753,600470,680611,746580,785424,1589941,746422,682233,600848,928071,331012,252818,184365,220010,58506,36670,22519,20378,3923,1948,1001,420,282,24,9,10,3,1,0,0,0,0,0,0,0
0,0,0,0,0,0,0,0,1,1,6,35,259,467,909,1919,3854,20158,22224,36287,58213,219725,184448,251363,330022,928759,600789,681379,744326,787348,1589205,745991,683398,599749,929095,330773,252242,185226,219649,58373,36843,22369,20373,3906,1997,948,455,282,23,8,9,2,1,0,0,0,0,0,0,0
0,0,0,0,0,0,0,0,0,3,8,35,264,458,904,1928,3795,20234,22229,36334,58332,219453,184604,251429,330384,928505,600408,680810,744770,787466,1588721,746099,683257,600351,928926,331128,251968,185366,219848,58371,36785,22288,20381,3861,1970,958,446,285,30,7,7,2,1,0,0,0,0,0,0,0
0,0,0,0,0,0,0,0,1,2,11,31,273,429,952,1859,3836,20070,22226,36608,58081,218902,185363,251039,329986,929581,600203,680693,744547,787344,1589462,745398,682643,601219,928841,331725,252093,184727,220079,58315,36672,22186,20488,3866,1908,943,485,269,35,11,3,4,0,0,0,0,0,0,0,0
0,0,0,0,0,0,0,0,0,4,9,36,263,421,992,1876,3790,20167,21906,36696,58042,219504,184444,251296,330086,929516,600361,679817,746305,785843,1590035,745463,682484,600889,929842,331532,251599,185276,219575,58442,36897,22144,20242,3928,1952,935,464,281,37,13,4,1,0,0,0,0,0,0,0,0
0,0,0,0,0,0,0,0,2,4,17,27,250,460,920,1931,3695,20112,22146,36498,58146,219209,184308,251622,330851,928948,599229,681456,745594,785825,1589058,746049,683608,599926,930212,330867,252351,184648,220138,58541,36675,22261,20288,3860,1913,978,452,286,30,12,5,1,0,0,0,0,0,0,0,0
0,0,0,0,0,0,0,0,1,7,12,31,265,434,926,1903,3778,20186,22051,36425,57912,219181,184489,251730,330470,928907,599328,681085,745822,786254,1588682,746351,682904,600785,929548,331514,251998,185504,219663,58279,36879,22308,20261,3817,1955,988,456,272,27,17,4,0,0,0,0,0,0,0,0,0
0,0,0,0,0,0,0,0,1,7,12,28,259,424,922,1926,3772,20144,22141,36269,58169,219086,184631,251992,330742,927022,600604,680065,745891,786660,1588372,746279,683371,600914,929195,332264,252804,184556,219580,58219,36932,22343,20274,3775,2037,953,459,265,30,13,7,0,0,0,0,0,0,0,0,0
0,0,0,0,0,0,0,0,1,6,12,30,247,413,943,1893,3847,20018,22138,36478,57949,218989,185074,251456,330446,927425,599526,681723,745346,786570,1587963,747202,682885,601673,929517,331040,252931,185066,218979,58490,37032,22362,20183,3834,1955,1023,416,273,36,14,5,0,0,0,0,0,0,0,0,0
0,0,0,0,0,0,0,0,1,7,12,24,262,414,921,1952,3775,19981,22045,36658,58068,218676,184685,251185,330804,926836,601164,680715,745713,785687,1589629,746309,682846,600966,930925,330958,252552,184800,219419,58396,36789,22367,20329,3828,1949,994,433,276,39,14,6,0,0,0,0,0,0,0,0,0
0,0,0,0,0,0,0,0,0,7,13,35,232,433,936,1912,3737,20092,22155,36520,57956,218322,184762,251293,331043,927897,599563,681437,744460,787867,1587549,747207,683268,601292,929972,331731,251913,184653,219892,58156,36817,22490,20262,3800,1981,987,436,277,35,15,4,0,0,0,0,0,0,0,0,0
0,0,0,0,0,0,0,0,1,6,16,23,235,456,908,1861,3832,20011,22203,36503,57828,218456,184751,251646,330553,927418,599820,682057,745649,786289,1587503,747244,683209,601296,930156,331688,252061,184820,219620,58022,37021,22485,20182,3824,1999,972,461,271,32,18,3,0,0,0,0,0,0,0,0,0
0,0,0,0,0,0,0,0,1,5,14,31,234,419,921,1920,3845,19932,22138,36509,57822,218863,184688,251567,330445,927745,599358,681093,747117,786037,1587820,746895,682795,601380,930010,331383,252612,184903,219481,58322,36895,22490,20185,3827,1940,971,459,283,38,12,4,0,0,0,0,0,0,0,0,0
0,0,0,0,0,0,0,0,1,4,15,37,233,410,931,1948,3788,20010,22117,36266,57949,218706,184848,251672,330348,927731,599866,681609,745437,786534,1589019,746207,681749,601882,929703,331865,252823,184788,219500,58389,36916,22288,20214,3921,1951,931,449,304,37,10,3,0,0,0,0,0,0,0,0,0
0,0,0,0,0,0,0,0,2,7,13,27,241,420,898,1984,3761,20002,22030,36475,58004,218780,184739,251818,329854,927679,600273,681511,744906,786287,1590015,747329,680464,600957,931366,331485,252036,184809,219747,58555,36852,22274,20224,3908,1936,918,473,306,28,13,3,0,0,0,0,0,0,0,0,0
0,0,0,0,0,0,0,0,3,5,14,29,245,431,908,1962,3727,20133,21986,36441,57983,219019,184173,251649,330167,927822,600095,681680,744422,787184,1589077,747092,681972,600706,930410,331667,252455,184967,219828,58303,36899,22035,20379,3831,1961,927,472,300,34,11,4,1,0,0,0,0,0,0,0,0
0,0,0,0,0,0,0,0,2,4,16,35,242,430,924,1917,3714,20072,22300,36237,58101,218850,184046,252077,329559,928240,600093,681144,745443,785973,1589401,747431,681886,600218,930935,331700,252341,185092,219473,58822,36568,22387,20156,3836,2011,924,457,312,24,10,6,0,0,0,0,0,0,0,0,0
0,0,0,0,0,0,0,0,2,5,12,32,224,457,918,1961,3673,19939,22162,36662,57890,219311,184032,251153,329805,928270,600445,680795,744882,787047,1590181,745880,681511,601273,930631,332020,252237,184974,219816,58204,36960,22254,20188,3896,1955,953,438,318,28,11,3,1,0,0,0,0,0,0,0,0
0,0,0,0,0,0,0,1,4,3,11,32,241,423,966,1907,3731,20035,22040,36483,58025,219125,184148,250868,329849,928607,600348,681224,744562,787298,1589464,746283,681382,601098,930775,332197,252630,184724,219633,58351,36833,22287,20173,3914,1970,936,477,303,37,8,2,1,0,0,0,0,0,0,0,0
0,0,0,0,0,0,0,1,2,6,12,23,245,422,951,1929,3748,19959,22231,36482,57903,218980,184414,250583,329168,929458,600899,680586,743945,787776,1589785,746274,681009,601814,930775,331666,252301,185206,219722,58268,37082,22068,20122,3832,1987,968,451,311,29,13,1,2,0,0,0,0,0,0,0,0
0,0,0,0,0,0,0,1,2,3,16,21,253,431,978,1919,3705,19977,22304,36406,57904,218993,184230,250799,329898,928578,600000,680858,745306,788246,1588917,745781,681699,601227,930899,331368,252654,185439,219545,58037,37164,22167,20072,3857,1977,985,457,292,30,12,1,1,0,0,0,0,0,0,0,0
0,0,0,0,0,0,0,1,3,2,14,29,233,446,962,1932,3784,19982,22257,36202,57937,218985,184018,251050,329875,928729,599529,681152,745374,787945,1589894,746668,680830,600199,931276,331606,252154,185621,219296,58555,36919,22314,20081,3804,1992,976,427,303,39,13,0,0,1,0,0,0,0,0,0,0
0,0,0,0,0,0,0,1,3,3,13,31,250,442,935,1902,3877,19932,22201,36345,57513,218788,183936,251572,330303,927552,599725,681845,745822,786972,1590363,745863,681893,600383,930821,332015,252208,184697,219753,58574,36747,22541,20065,3752,2023,958,439,298,39,12,1,0,1,0,0,0,0,0,0,0
0,0,0,0,0,0,0,0,5,3,9,31,261,428,900,1974,3855,19901,22117,36398,57735,218161,185154,250936,330254,927820,599745,681100,746284,786788,1590090,746871,681969,600313,930173,332131,251597,185630,219481,58486,36939,22266,20073,3829,1909,992,465,296,24,12,3,1,0,0,0,0,0,0,0,0
0,0,0,0,0,0,0,0,5,2,10,28,260,424,902,1973,3747,19964,22297,36218,58034,218049,184690,251827,329962,927381,599919,681852,744974,786805,1590790,746598,682111,601004,929556,331690,252605,184781,219503,58774,36673,22351,20139,3802,1932,987,455,289,34,10,0,2,0,0,0,0,0,0,0,0
0,0,0,0,0,0,0,1,4,2,10,31,257,432,938,1911,3709,20217,22032,36212,58160,218045,184979,251362,330530,926992,599492,681855,746274,786460,1590124,746877,681863,601204,929616,331552,252533,184944,219855,58192,36813,22186,20243,3763,1973,984,441,299,32,8,1,1,0,0,0,0,0,0,0,0
0,0,0,0,0,0,0,1,4,2,8,35,250,428,950,1887,3768,20105,22089,36424,57959,218275,184621,250892,331205,927259,599813,680707,746038,787352,1589895,747321,681672,601215,929646,331609,252279,184400,220434,58111,36886,22288,20110,3792,1893,1002,454,285,34,8,3,0,0,0,0,0,0,0,0,0
0,0,0,0,0,0,0,1,4,1,11,38,252,439,865,1966,3774,19976,22010,36568,57933,217740,184784,252383,329243,927903,599542,681079,745561,788057,1588887,747199,682303,601741,929337,331636,252323,184791,219909,58436,36863,22139,20239,3779,1929,957,487,277,39,6,2,0,0,0,0,0,0,0,0,0
0,0,0,0,0,0,0,1,4,1,16,34,249,440,879,1964,3762,20032,21991,36526,58035,218435,184092,251496,330569,926747,598824,681515,745713,787301,1590446,746717,682769,600523,930155,331592,252590,184910,219798,58292,36875,22340,20327,3777,1924,945,465,295,30,12,0,1,0,0,0,0,0,0,0,0
0,0,0,0,0,0,0,1,4,1,12,31,268,417,899,1965,3756,20083,22073,36262,58024,218445,183992,251907,330254,925788,600169,680921,745412,788198,1591814,745883,680436,602489,929911,331455,251969,185294,220123,58439,36670,22327,20274,3762,1945,925,472,303,26,8,1,1,0,0,0,0,0,0,0,0
0,0,0,0,0,0,0,1,4,4,9,31,261,393,939,1916,3764,20059,21983,36418,57999,218535,184574,251690,329675,926506,599243,680810,745493,790019,1589405,745509,681880,601964,930508,331142,252230,185076,220267,58152,36947,22396,20111,3838,1912,939,470,298,25,10,2,2,0,0,0,0,0,0,0,0
0,0,0,0,0,0,0,1,4,4,8,31,269,402,902,1930,3788,19969,22089,36321,57995,218871,184257,251457,330487,925781,599088,681375,745275,788788,1590344,745992,681702,601851,930516,331015,252112,185260,220428,58261,36752,22322,20243,3849,1924,954,464,288,25,8,5,2,0,0,0,0,0,0,0,0
0,0,0,0,0,0,0,0,4,6,6,31,260,427,921,1949,3815,19885,22391,36267,57673,219182,184451,251610,329921,925980,598707,680899,746046,788095,1591050,745217,681443,602807,930164,331700,251970,185021,220299,58411,36680,22275,20337,3803,1965,989,430,278,29,10,3,2,0,0,0,0,0,0,0,0
0,0,0,0,0,0,0,0,5,5,7,28,263,422,903,1916,3869,19969,22155,36378,57822,219158,184557,251124,329929,925644,599147,680751,746620,788554,1589631,745516,682158,602406,930756,331258,252281,185083,219958,58207,36821,22347,20181,3902,1935,1017,402,279,33,6,3,3,0,0,0,0,0,0,0,0
0,0,0,0,0,0,0,1,4,4,9,31,264,391,949,1863,3947,19957,22069,36466,57906,219232,184459,250504,329815,926285,598842,681063,745935,788664,1589813,746063,681969,602143,930343,332068,252077,185029,220261,58149,36721,22307,20271,3827,2005,962,432,271,25,7,1,5,0,0,0,0,0,0,0,0
0,0,0,0,0,0,0,1,3,6,10,39,252,422,935,1958,3761,19838,22194,36415,57923,219216,183555,251854,329324,926196,598870,680709,746946,788283,1589757,746443,681441,601790,931592,330960,252704,184779,219859,58675,36541,22311,20370,3817,1954,965,448,250,26,11,1,5,0,0,0,0,0,0,0,0
0,0,0,0,0,0,0,1,3,5,10,34,255,430,933,1936,3788,19887,22070,36481,58044,219001,183768,252142,328904,926001,599582,680437,746374,789200,1588668,746450,682283,600801,931249,332015,251676,185932,220042,58355,36502,22408,20197,3910,1909,979,428,271,25,17,2,4,0,0,0,0,0,0,0,0
0,0,0,0,0,0,0,1,4,3,9,29,273,416,979,1925,3663,20013,21949,36607,58055,218569,184480,251206,329826,924614,600353,680928,746778,787898,1590736,745321,681302,602253,930893,331330,252200,184613,221146,58332,36582,22516,20152,3797,1966,949,435,260,26,15,2,5,0,0,0,0,0,0,0,0
0,0,0,0,0,0,0,0,4,4,14,26,273,425,977,1917,3682,19775,22339,36276,57836,219333,184052,250795,330096,925359,599606,681740,745790,787857,1590252,747043,680258,602866,930052,331627,251944,185441,220866,58111,36913,22159,20235,3795,1983,956,424,255,33,13,2,5,0,0,0,0,0,0,0,0
0,0,0,0,0,0,0,1,3,1,19,24,271,436,981,1919,3669,19938,22099,36241,58137,219015,184475,250412,329743,925829,599102,681837,746422,787257,1590721,745981,683299,600834,929953,332455,251557,184779,221057,58230,36908,22062,20292,3746,1993,954,435,268,34,13,2,5,0,0,0,0,0,0,0,0
0,0,0,0,0,0,0,1,1,5,11,26,281,428,963,1946,3679,19863,22053,36258,58177,219050,184738,250684,329006,926029,599857,681201,745501,788946,1589450,747335,682774,600389,930530,331106,252883,184469,220492,58574,36774,22183,20274,3796,1960,918,467,279,32,11,7,2,0,0,0,0,0,0,0,0
0,0,0,0,0,0,0,0,2,4,8,35,272,434,992,1913,3731,19846,21974,36482,58081,218949,184511,251053,329354,925490,599807,681442,746031,787295,1590086,747447,682398,601027,929994,331658,252477,184691,220792,58417,36722,22229,20273,3844,1954,928,434,288,22,13,6,3,0,0,0,0,0,0,0,0
0,0,0,0,0,0,0,0,3,4,11,23,286,448,973,1905,3676,19970,21973,36243,58284,218812,184771,250821,329792,925814,600025,680411,745706,788090,1589308,746711,682723,601339,930710,330639,253136,185544,220228,58414,36673,22242,20140,3872,2046,899,425,279,20,11,6,3,0,0,0,0,0,0,0,0
0,0,0,0,0,0,0,0,3,3,11,27,310,414,936,1937,3751,20031,21962,36466,58025,219210,183962,251710,328881,926273,599203,680856,745953,787512,1590382,746475,682952,601184,929652,332654,252158,184781,220703,58289,36829,22265,20133,3841,1991,953,426,258,26,14,6,0,1,0,0,0,0,0,0,0
0,0,0,0,0,0,0,0,3,2,12,25,292,408,954,1842,3842,19985,22093,36376,57963,218915,184163,250904,330192,924976,599861,681107,744687,788410,1591200,746852,681819,601521,929885,332040,252936,184654,220484,58421,36619,22270,20183,3833,1984,950,455,244,28,11,7,1,0,0,0,0,0,0,0,0
0,0,0,0,0,0,0,0,3,1,14,31,274,408,905,1920,3746,20007,22256,36387,57937,218736,183857,251536,329917,925286,599408,681104,744807,788072,1591583,746925,681864,601110,930847,331779,252586,184774,220262,58550,36662,22288,20074,3806,1998,950,430,259,26,16,6,2,0,0,0,0,0,0,0,0
0,0,0,0,0,0,0,0,3,5,8,34,266,404,980,1885,3743,19998,22087,36519,57927,218827,184001,251089,330196,925465,599406,680162,745416,788177,1591027,746582,682321,601374,930860,331609,252223,185446,220400,58401,36799,22248,20011,3833,1970,959,436,258,33,10,9,2,0,0,0,0,0,0,0,0
0,0,0,0,0,0,0,0,1,4,15,31,264,397,973,1892,3677,19991,22329,36519,57543,218675,184158,251413,329654,926744,598541,680158,744291,789256,1590785,747006,682776,601111,930858,331058,252329,185254,220428,58676,36951,22010,20210,3753,1963,979,430,252,30,12,9,3,0,0,0,0,0,0,0,0
0,0,0,0,0,0,0,0,1,5,12,36,264,427,935,1889,3661,20040,22102,36742,57523,218636,183728,251563,330145,926299,598764,680907,744162,787600,1592097,746556,682941,601742,929977,331455,252135,185957,219907,58727,36600,22323,20168,3714,1984,949,427,256,33,14,4,2,0,0,0,0,0,0,0,0
0,0,0,0,0,0,0,0,1,5,9,33,261,437,915,1888,3697,20021,22286,36448,57669,218762,183795,251110,330142,925814,599154,680815,743796,788339,1591372,746567,683668,601106,931255,330562,252305,185242,220721,58825,36580,22417,19941,3819,1981,897,448,263,26,13,2,2,0,0,0,0,0,0,0,0
0,0,0,0,0,0,0,0,1,5,11,29,263,426,907,1900,3742,19943,22252,36318,58081,218307,184145,250085,330367,926572,599144,680230,745261,787951,1591087,746573,682999,602366,930500,330873,251679,185519,220694,58601,36832,22346,19986,3789,1965,910,449,259,28,10,2,2,0,0,0,0,0,0,0,0
0,0,0,0,0,0,0,1,0,4,12,25,264,430,870,1913,3783,19865,22140,36445,58209,218325,183828,250626,330044,926441,599684,679514,745757,788168,1590558,746847,682622,601376,932075,330356,252065,185680,220398,58393,37086,22224,19990,3818,1919,901,435,280,25,9,1,3,0,0,0,0,0,0,0,0
0,0,0,0,0,0,0,0,2,2,11,29,270,429,858,1904,3755,19841,22035,36700,58279,218183,183402,250732,329724,926781,599853,681007,745035,787417,1590000,746897,683033,601616,931465,330817,252674,185410,220035,58723,36937,22112,20084,3749,1915,939,422,299,21,8,1,3,0,0,0,0,0,0,0,0
0,0,0,0,0,0,0,0,2,3,6,27,261,445,845,1946,3633,19994,22089,36542,58159,217966,183980,251157,329406,926125,599360,681772,745077,785901,1591923,745449,683053,603078,931031,331460,252326,185032,220019,58811,37075,22057,19989,3788,1944,892,451,295,29,6,1,4,0,0,0,0,0,0,0,0
0,0,0,0,0,0,0,0,2,2,4,23,273,419,902,1932,3679,19861,22155,36694,58163,217830,184211,250957,329420,925978,599770,680596,745364,787796,1590410,745928,684321,601324,931323,331008,252737,184558,220662,58648,36900,22219,19874,3858,1914,917,441,297,27,7,2,3,0,0,0,0,0,0,0,0
0,0,0,0,0,0,0,0,2,1,5,27,269,413,891,1941,3737,19818,22265,36517,58083,218253,184052,250642,329661,925677,599516,681210,746499,786064,1590263,746859,684281,601432,931266,330850,252414,185021,220643,58485,36918,22009,20003,3800,1933,922,435,290,31,4,3,4,0,0,0,0,0,0,0,0
0,0,0,0,0,0,0,1,1,3,6,27,266,424,883,1946,3702,19856,22085,36780,57829,218713,183948,250569,329798,925152,599640,681355,746278,786799,1589331,747392,683552,602487,930726,331116,252567,185044,220467,58113,37082,22058,19999,3778,1932,947,435,279,29,7,3,4,0,0,0,0,0,0,0,0
0,0,0,0,0,0,0,1,1,2,5,28,282,387,896,1893,3768,19711,22184,36988,57797,218668,183680,250370,329713,925526,600504,681254,745194,787449,1590079,746424,682641,602614,931381,331964,251531,185030,220492,58469,36869,22100,20090,3748,1982,928,444,277,30,10,1,4,0,0,0,0,0,0,0,0
0,0,0,0,0,0,0,1,2,0,7,36,270,388,891,1859,3766,19831,22210,36798,57651,218638,183575,250838,330357,924529,600203,680883,745789,787977,1590376,745390,683291,603054,931868,330310,252292,184949,220454,58812,36382,22213,20045,3764,2003,932,466,271,24,6,7,1,0,0,0,0,0,0,0,0
0,0,0,0,0,0,0,1,2,1,10,25,268,389,885,1888,3728,19916,22134,36401,57878,218797,183581,250960,329366,926054,599099,681620,745937,787508,1590360,746084,682757,602865,931081,331102,252400,185035,220123,58686,36616,22224,20106,3843,1994,933,422,289,28,6,5,2,0,0,0,0,0,0,0,0
0,0,0,0,0,0,1,1,2,0,6,25,266,402,896,1867,3779,19851,22197,36306,57671,218776,183804,251250,329207,925222,600045,681323,746163,788046,1589463,745102,683892,604081,929909,331307,251882,185404,220206,58449,36758,22288,20078,3843,1954,952,411,278,31,8,6,0,1,0,0,0,0,0,0,0
0,0,0,0,0,0,0,1,2,3,5,28,242,418,897,1831,3802,19949,21927,36283,57924,218794,183736,251313,328244,925212,600884,680818,746504,787534,1590035,746018,683127,603599,930521,330617,253047,184488,220530,58399,36798,22357,20048,3780,2024,919,436,269,28,13,4,0,1,0,0,0,0,0,0,0
0,0,0,0,0,0,0,2,2,3,9,24,228,436,926,1930,3661,19840,22081,36296,57878,218934,183587,250301,329826,925689,599212,681756,746565,788164,1589077,747214,682258,602287,931448,330740,252700,185068,220364,58214,36783,22450,19925,3881,1976,966,392,284,15,13,3,0,1,0,0,0,0,0,0,0
0,0,0,0,0,0,0,1,3,4,9,24,234,432,915,1871,3789,19880,21947,36428,57787,218704,183765,250672,329201,925829,599971,680302,747121,787417,1589853,746622,682881,602434,930916,331474,252426,185168,220533,58231,36634,22391,20007,3874,1967,971,407,272,26,12,3,0,1,0,0,0,0,0,0,0
0,0,0,0,0,0,0,0,5,2,8,21,250,421,914,1846,3786,19812,21936,36582,58162,218574,183404,250798,328948,926196,599407,680333,746558,787327,1591376,745842,683392,602385,931110,330954,252361,185729,220121,58244,36728,22379,20009,3875,1927,981,390,272,29,11,3,0,1,0,0,0,0,0,0,0
0,0,0,0,0,0,0,0,4,3,7,23,250,443,895,1845,3777,20011,21746,36553,58000,218358,184370,249865,329248,926074,598367,681821,745899,787798,1591684,745544,682772,602850,931235,330783,252787,185252,220345,58018,37002,22280,20005,3877,1954,959,407,247,36,11,3,0,0,1,0,0,0,0,0,0
0,0,0,0,0,0,0,0,4,3,7,16,254,432,921,1842,3765,20015,21930,36486,57654,218450,184309,250443,329075,925661,599412,681218,744924,789316,1590467,746719,682618,602789,930501,330703,252626,185690,220281,58219,36821,22293,20093,3867,1919,934,431,250,35,13,2,0,1,0,0,0,0,0,0,0
0,0,0,0,0,0,0,0,5,3,6,26,256,463,873,1895,3698,20112,21746,36560,57761,218697,184342,250445,328977,925707,599233,681009,745706,788062,1590038,747527,682846,602386,930266,331393,252411,185715,220186,58492,36747,22295,20091,3825,1948,924,432,252,40,9,3,0,0,1,0,0,0,0,0,0
0,0,0,0,0,0,0,0,5,3,7,25,250,472,893,1888,3725,20039,21917,36583,57680,218321,184649,249794,329731,925319,598870,682582,745507,786946,1590816,746620,683708,600993,931498,331088,253009,184949,220563,58411,36811,22240,20097,3761,1948,959,427,262,25,13,4,0,0,1,0,0,0,0,0,0
0,0,0,0,0,0,0,0,4,4,9,22,267,443,952,1809,3777,19859,22037,36492,57657,218483,183928,250436,329698,925539,599693,681855,745813,787230,1590701,746415,682803,601871,930580,331582,252851,184742,220733,58511,36822,22159,20196,3756,1941,1004,434,256,28,13,1,2,1,0,0,0,0,0,0,0
0,0,0,0,0,0,0,0,4,4,8,14,277,453,922,1845,3737,19999,21791,36582,57535,218488,183715,251234,328631,926660,600100,681453,746082,786913,1589560,747158,682961,602301,930023,331857,252521,185225,220340,58420,36711,22404,20064,3735,1981,956,443,262,21,15,1,2,0,1,0,0,0,0,0,0
0,0,0,0,0,0,0,0,2,6,6,23,265,465,907,1835,3711,19957,21884,36414,57841,218556,183489,250705,328745,927304,599050,681780,746383,787133,1591011,746572,682569,601392,931073,331367,252294,185623,219960,58522,36760,22364,19954,3815,1961,939,460,275,21,11,4,0,0,0,1,0,0,0,0,0
0,0,0,0,0,0,0,0,1,7,5,25,290,463,880,1883,3715,19791,21927,36567,57731,218397,183947,250358,329164,926157,599188,683129,745160,788578,1590726,746199,681435,602118,931022,331409,252355,185406,220474,58341,36845,22173,20182,3718,1951,923,470,251,31,11,5,0,0,0,1,0,0,0,0,0
0,0,0,0,0,0,0,0,1,3,7,25,296,451,918,1813,3683,19834,22054,36356,57964,218152,184098,250312,329637,925801,600291,680774,746966,788267,1591011,744782,683027,601203,931192,331474,252425,185329,220340,58304,36809,22345,20049,3830,1896,959,426,257,33,10,4,0,0,0,1,0,0,0,0,0
0,0,0,0,0,0,0,0,0,3,13,20,295,460,908,1835,3748,19774,22308,36131,57984,217903,184528,250311,328794,926479,599908,681053,747280,787331,1590997,746223,682916,600708,931363,331313,251765,185645,220639,58251,36829,22203,20085,3768,1957,929,453,259,22,15,1,1,0,0,1,0,0,0,0,0
0,0,0,0,0,0,0,0,0,4,9,32,292,441,878,1901,3727,19904,21887,36587,57737,218334,183965,250146,329969,926465,598337,681828,745910,789128,1590425,746762,682923,600800,930509,331763,251578,185956,220392,58397,36802,22175,20044,3715,1998,956,432,254,29,14,3,0,0,0,1,0,0,0,0,0
0,0,0,0,0,0,0,0,0,2,7,37,299,426,892,1868,3802,19888,21954,36172,57868,218195,184288,250079,329590,926791,599742,680129,746248,788901,1590226,747219,683024,600721,931230,330456,252537,185349,220519,58325,36798,22405,19993,3751,1992,934,455,252,29,11,4,0,0,0,1,0,0,0,0,0
0,0,0,0,0,0,0,0,1,1,9,39,271,445,927,1813,3829,19938,21921,36250,57736,218452,183772,251105,329047,926601,599215,680245,746306,788992,1591463,746321,682326,600193,931298,331769,251807,185773,220506,58398,36704,22579,19926,3812,1904,963,456,250,26,15,4,0,0,1,0,0,0,0,0,0
0,0,0,0,0,0,0,0,1,6,9,29,288,443,870,1859,3809,20062,21770,36350,58049,218076,183723,250887,329442,926647,599416,680797,745787,789316,1590154,746499,682052,600988,931082,331394,252664,185209,220774,58303,36932,22294,19986,3819,1897,968,465,247,28,10,7,0,0,1,0,0,0,0,0,0
0,0,0,0,0,0,0,0,3,6,9,25,286,430,881,1840,3832,19801,22044,36469,57562,218271,184061,250609,330336,926443,599125,680873,746818,787996,1589913,746166,681956,601388,931112,332183,252009,185385,220938,57990,36993,22265,20017,3695,1994,935,460,243,28,12,3,3,0,1,0,0,0,0,0,0
0,0,0,0,0,0,0,0,2,8,9,28,278,419,913,1893,3735,19961,22054,36399,57631,218026,183939,251121,329799,925954,600077,681446,745995,788044,1589541,745680,682806,601712,931098,331181,252752,185200,220888,58227,37001,22168,19994,3793,1970,923,441,261,25,11,4,1,0,1,0,0,0,0,0,0
0,0,0,0,0,0,0,0,3,6,12,18,278,404,939,1890,3773,19904,22045,36429,57812,217605,184373,250906,329470,926053,600060,681508,746667,787419,1589550,746441,682081,601369,931537,331467,252362,185472,220810,58152,36918,22273,19944,3846,1940,940,435,251,30,12,4,0,1,0,0,0,0,0,0,0
0,0,0,0,0,0,0,0,2,9,8,31,283,405,906,1926,3689,19930,21991,36507,57820,217670,184250,250699,329836,925892,601232,681411,744854,787941,1590156,745237,682548,602284,930415,331536,252791,185667,220569,58261,37055,22328,19853,3772,1977,952,420,252,30,7,5,1,1,0,0,0,0,0,0,0
0,0,0,0,0,0,0,0,3,7,11,30,274,442,884,1893,3659,19873,22065,36345,58057,217542,184354,251123,328955,927338,600214,681229,745484,787239,1590632,744218,683407,602405,930187,331587,253145,185368,220332,58515,37086,22179,19990,3755,1891,970,437,238,28,11,5,1,1,0,0,0,0,0,0,0
0,0,0,0,0,0,0,0,4,5,12,33,283,432,875,1913,3640,19861,21888,36588,57889,217983,184185,251122,329061,927366,600293,680736,745302,787647,1589600,746419,681888,602291,930481,331958,253050,185393,220016,58397,37198,22201,20059,3748,1933,955,404,256,31,5,4,3,1,0,0,0,0,0,0,0
0,0,0,0,0,0,0,0,5,4,16,27,265,430,939,1881,3682,19777,22107,36521,57757,218442,183540,250922,329600,926868,600312,681106,745103,788314,1590258,744851,682352,602827,929893,331664,253345,185364,220229,58167,37102,22365,20007,3810,1905,951,406,257,21,10,4,2,1,0,0,0,0,0,0,0
0,0,0,0,0,0,0,0,3,7,10,35,273,402,905,1908,3733,19626,22137,36523,58077,218246,183666,250346,329606,927927,599393,681008,745430,787239,1591060,745132,682478,603297,929658,331000,253212,185871,220273,58596,36547,22352,20102,3770,1905,951,410,258,22,9,2,3,1,0,0,0,0,0,0,0
0,0,0,0,0,0,0,0,4,7,10,31,269,407,879,1937,3718,19810,21969,36554,57952,217776,183887,250756,329310,927234,600677,680053,745412,788090,1590149,746183,681961,603311,929372,331723,252821,186253,220294,58286,36554,22305,20113,3792,1940,892,437,250,20,7,0,4,0,0,0,0,0,0,0,0
0,0,0,0,0,0,0,0,3,6,11,31,252,422,896,1873,3789,19781,22060,36463,58173,217364,183234,251546,330105,926919,600279,680283,745968,785761,1591348,746641,683051,600737,930774,332007,253047,185635,220293,58386,36628,22119,20134,3864,1884,938,425,235,34,6,2,2,0,0,0,0,0,0,0,0
0,0,0,0,0,0,0,0,3,6,6,35,264,390,936,1844,3736,19762,22259,36528,57735,217789,183821,250922,329860,926410,600875,680200,745262,787340,1591089,746718,681924,601652,930480,331935,252778,185683,220414,58258,36736,22298,20072,3867,1858,980,402,242,27,9,3,1,0,0,0,0,0,0,0,0
0,0,0,0,0,0,0,0,2,5,8,33,253,440,941,1805,3646,19954,22208,36484,57770,217936,183517,250994,329657,927994,598953,681010,744616,787775,1590877,746961,682625,601444,929160,332247,252991,185971,220497,58355,36582,22217,20069,3873,1867,946,425,256,30,11,3,1,0,0,0,0,0,0,0,0
0,0,0,0,0,0,0,0,2,4,11,24,266,439,948,1786,3707,19915,22112,36498,58200,217696,183140,251104,328776,928653,599971,680229,744547,787707,1591225,746154,684117,600543,929344,332072,252953,186083,220608,58430,36313,22377,20027,3861,1921,912,446,243,29,12,3,1,0,0,0,0,0,0,0,0
0,0,0,0,0,0,0,0,4,1,13,27,277,417,950,1860,3660,19912,22251,36267,58044,217797,182988,251277,328962,928547,599753,679342,745483,788027,1590953,747513,682518,601523,928665,331878,253241,186012,220589,58108,36831,22263,20056,3823,1925,932,439,232,32,12,4,1,0,0,0,0,0,0,0,0
0,0,0,0,0,0,0,0,3,2,11,30,264,428,937,1910,3590,20037,22039,36337,57822,217578,183522,251137,329952,926996,599687,680532,744970,787881,1590650,747738,683790,599811,929054,332233,253321,186098,220247,58350,36744,22246,20085,3759,1983,931,405,253,29,12,5,0,0,0,0,0,0,0,0,0
0,0,0,0,0,0,0,0,1,6,11,27,251,465,923,1879,3699,19941,22091,36353,57636,217810,183763,250765,330084,926491,600203,680821,744913,786002,1592101,748115,682672,601073,929159,331833,253408,185452,220758,58228,36621,22368,20078,3821,1918,962,384,276,32,9,6,0,0,0,0,0,0,0,0,0
0,0,0,0,0,0,0,0,2,4,12,19,271,452,892,1909,3738,19921,21955,36444,57895,218127,182495,251190,329687,927780,598954,681345,745487,787233,1590743,746975,683712,600577,929225,331862,253257,185617,220667,58474,36667,22277,20238,3723,1974,901,393,271,28,10,5,1,0,0,0,0,0,0,0,0
0,0,0,0,0,0,0,0,1,5,7,25,271,443,905,1885,3774,19895,21839,36648,57719,217366,184005,250867,329719,927001,599981,681734,745292,786028,1591121,747246,683467,599988,929440,332458,253650,185186,220591,58421,36845,22198,19954,3885,1907,925,422,253,27,10,4,1,0,0,0,0,0,0,0,0
0,0,0,0,0,0,0,0,3,2,9,24,272,408,966,1886,3786,19737,22093,36517,57841,217809,183781,250846,329131,927753,599751,680849,745904,786978,1590182,746922,682729,601727,929534,331570,253530,185105,220733,58380,36799,22310,20152,3860,1888,913,420,263,33,9,3,1,0,0,0,0,0,0,0,0
0,0,0,0,0,0,0,0,3,5,9,20,255,421,959,1908,3796,19766,22007,36616,57673,217874,184114,250768,328669,927602,599987,681923,744598,787442,1589915,746343,683228,602180,930199,330533,253556,185026,220694,58708,36849,22144,20261,3858,1866,884,440,266,29,11,3,1,0,0,0,0,0,0,0,0
0,0,0,0,0,0,0,0,4,5,7,25,270,410,946,1935,3799,19773,21999,36290,57932,217988,184053,250469,328963,927839,599863,680744,746293,786748,1589852,747401,683077,601302,929500,331621,252976,185169,221244,58268,36684,22439,20131,3831,1922,930,394,267,35,7,2,2,0,0,0,0,0,0,0,0
0,0,0,0,0,0,0,0,2,4,10,24,273,421,980,1893,3777,19861,21953,36241,57655,218750,183437,250667,328831,927316,600636,680772,745995,788248,1588686,747993,683197,600503,929502,331845,252475,185416,221015,58342,36912,22345,20053,3863,1869,932,409,264,28,9,4,1,0,0,0,0,0,0,0,0
0,0,0,0,0,0,0,0,2,3,9,30,266,405,960,1873,3977,19692,21899,36281,57685,219025,182990,250671,330112,927024,600617,679963,746099,788211,1589047,747527,683122,599453,930296,332059,252429,185689,220720,58579,37055,22041,20297,3762,1890,924,425,252,33,10,4,1,0,0,0,0,0,0,0,0
0,0,0,0,0,0,0,0,1,2,10,30,253,417,986,1938,3854,19767,21871,36139,57544,218993,183307,250536,329873,926453,600481,681359,746348,787121,1590046,746749,681996,601701,929688,331157,253040,186433,220274,58452,36800,22305,20191,3700,1912,949,426,270,21,11,3,2,0,0,0,0,0,0,0,0
0,0,0,0,0,0,0,0,1,2,8,27,269,428,946,1954,3888,19679,21904,36310,57359,218872,183601,250572,329209,927458,599488,681724,745439,787908,1589791,747512,681617,600528,930751,331816,252654,185891,220628,58503,36834,22548,19948,3811,1895,889,441,266,30,7,2,1,0,0,0,0,0,0,0,0
0,0,0,0,0,0,0,0,1,2,9,29,265,426,975,1895,3819,19859,21844,36166,57336,218943,183340,250916,329203,927570,599554,681220,745689,788210,1590062,746856,681161,601137,931103,331202,252634,186228,220754,58222,36984,22350,20142,3769,1879,892,460,265,28,8,1,1,0,0,0,0,0,0,0,0
0,0,0,0,0,0,0,0,2,2,7,35,268,413,967,1953,3858,19685,21970,36282,57527,218284,184306,250271,329334,927439,599632,681026,746338,787472,1590520,746511,681466,600560,931194,331348,252353,186438,220929,58088,37097,22417,19997,3850,1885,932,459,252,34,5,2,1,0,0,0,0,0,0,0,0
0,0,0,0,0,0,0,0,2,2,9,29,263,458,939,1965,3880,19629,22091,36357,57404,218184,183958,251013,329033,927535,599186,682782,745675,786767,1590440,746825,682039,600732,929395,331849,252373,186204,221081,58408,36971,22408,20060,3896,1884,942,452,248,31,8,0,2,0,0,0,0,0,0,0,0
0,0,0,0,0,0,0,0,2,1,12,34,274,438,947,1949,3889,19793,21965,36344,57502,217718,184016,251259,329608,927103,599821,681453,746258,786182,1590440,746464,682830,601099,929368,331544,252611,185991,221300,58456,36844,22485,19933,3888,1927,946,421,249,30,11,3,1,0,0,0,0,0,0,0,0
0,0,0,0,0,0,0,0,1,2,7,37,273,428,966,1976,3835,19997,21785,36008,57796,217478,183965,251448,329968,926302,599512,682312,746014,786986,1589076,747593,682352,600590,930382,331284,252564,185915,221270,58532,36948,22417,19902,3878,1928,948,423,272,26,9,2,2,0,0,0,0,0,0,0,0
0,0,0,0,0,0,0,0,2,2,8,39,282,416,923,2047,3805,19995,21729,36322,57244,218017,184245,251088,329291,926689,599305,681876,746102,787678,1589411,747164,681970,601875,929754,331224,252625,185620,221216,58826,36875,22228,20000,3894,1908,998,415,258,28,11,3,1,0,0,0,0,0,0,0,0
0,0,0,0,0,0,0,0,1,2,10,38,282,411,929,1940,3912,19895,21759,36177,57464,218169,183717,251552,329258,926568,599705,681622,745225,788244,1590830,746173,681310,601832,929582,331767,253291,185147,221502,58415,36971,22390,19735,3920,1983,977,406,250,31,11,5,1,0,0,0,0,0,0,0,0
0,0,0,0,0,0,0,0,1,5,14,34,260,454,920,1876,3912,20022,21800,36058,57594,218070,183899,250781,329691,926520,599586,680947,746942,786901,1589750,747660,681578,601813,930645,332076,251851,185724,221021,58245,36845,22449,19790,4039,1970,937,447,238,28,11,3,2,0,0,0,0,0,0,0,0
0,0,0,0,0,0,0,0,0,4,19,29,250,462,935,1890,3865,19940,22052,35834,57545,218161,184261,250469,329849,926777,599319,679976,746396,788403,1589855,746687,682106,601703,931278,331444,252611,184739,221359,58551,36820,22210,20010,3938,2007,934,418,260,26,11,5,1,0,0,0,0,0,0,0,0
0,0,0,0,0,0,0,0,0,6,13,33,262,433,942,1927,3863,20040,21678,36056,57639,218150,183926,251034,329841,925925,600277,680626,745609,787519,1590569,747405,681433,601288,931367,331709,252266,185229,221295,58344,36813,22307,20012,3982,1941,924,411,272,29,10,4,0,0,0,0,0,0,0,0,0
0,0,0,0,0,0,0,0,0,5,18,27,270,444,972,1915,3884,20128,21550,35977,57365,218485,183997,250645,329459,926243,600227,681581,745112,788160,1589497,748066,681536,600283,932166,331167,252602,185288,220877,58799,36840,22212,20060,3935,1950,926,440,261,24,13,3,0,0,0,0,0,0,0,0,0
0,0,0,0,0,0,0,0,0,4,18,22,280,453,943,1944,3819,20130,21877,35583,57732,218380,183880,250560,329484,926134,599462,681884,746913,786935,1589911,747119,681941,600882,931537,331633,252053,185894,220560,58764,36829,22214,20064,3927,1957,962,438,246,27,11,3,0,0,0,0,0,0,0,0,0
0,0,0,0,0,0,0,0,0,4,18,31,272,440,970,1891,3839,19995,22044,36049,57115,218553,183937,250648,329500,925946,600525,681202,746002,786563,1590781,747828,681669,601029,931136,330942,252373,185462,221198,58755,36827,22224,20099,3921,1951,936,451,242,23,15,3,0,0,0,0,0,0,0,0,0
0,0,0,0,0,0,0,0,0,4,13,42,267,427,969,1877,3790,20070,21977,36055,57545,218092,183778,250569,329541,926895,600039,681112,745894,786798,1590300,747517,682864,601210,929834,331270,252290,185863,221169,58710,36790,22279,20100,3827,1932,989,416,253,28,13,1,0,0,0,0,0,0,0,0,0
0,0,0,0,0,0,0,0,0,4,18,25,287,423,929,1924,3735,20154,22035,35839,57901,218270,184069,249782,330021,927013,600270,681387,744716,787313,1590402,746670,683100,601014,930191,330922,252940,185863,220793,58683,36808,22425,20013,3834,1957,976,405,254,32,11,1,0,0,0,0,0,0,0,0,0
0,0,0,0,0,0,0,0,0,3,15,33,291,422,919,1899,3796,19975,22025,36268,57336,218774,183834,250663,329283,925962,601268,681033,746234,786740,1589829,747125,682157,601885,929865,330622,253275,185825,220402,58764,37197,22183,20099,3801,1949,958,395,262,29,12,2,0,0,0,0,0,0,0,0,0
0,0,0,0,0,0,0,0,0,1,17,37,275,436,897,1917,3791,19978,21922,36159,57699,218670,183769,250397,329834,926193,600427,682139,744870,787784,1590180,746968,681298,602649,929184,331646,252984,185133,220617,58705,36857,22556,20026,3750,1978,911,471,241,28,11,4,0,0,0,0,0,0,0,0,0
0,0,0,0,0,0,0,0,0,2,16,40,269,412,954,1906,3679,20035,21776,36319,58017,218087,183816,250902,329020,926680,601162,682002,745699,788316,1588862,745840,681925,601519,929958,332099,252288,185412,220598,59000,36894,22363,20084,3833,1969,933,439,243,26,14,0,1,0,0,0,0,0,0,0,0
0,0,0,0,0,0,0,0,0,3,17,32,270,421,924,1925,3697,19778,21956,36603,57883,218247,183371,251028,329922,926053,600577,682275,746335,787151,1589884,745691,681770,601816,929947,331985,251869,185821,220584,58839,36717,22593,20034,3820,1921,926,436,246,25,12,4,1,0,0,0,0,0,0,0,0
0,0,0,0,0,0,0,0,0,3,12,36,265,404,952,1917,3720,19780,21965,36474,57541,218766,183637,250620,329848,925997,601151,681776,746262,787274,1589528,746611,680871,601542,930936,331330,252027,185507,221248,58476,37061,22450,20077,3769,1907,985,397,241,29,14,2,1,0,0,0,0,0,0,0,0
0,0,0,0,0,0,0,0,0,6,10,33,268,431,906,1900,3772,19858,22022,36232,57729,218055,184558,250315,328750,927181,599871,681965,747075,786874,1590463,745338,682833,600508,930056,332235,252130,186090,220775,58242,37246,22253,20094,3739,1979,942,394,235,29,14,2,1,0,0,0,0,0,0,0,0
0,0,0,0,0,0,0,0,1,5,7,32,272,420,894,1884,3805,19803,22071,35976,57952,218157,184233,250637,329859,926425,599392,681770,747572,786152,1590617,746733,681814,600474,930500,331416,253027,185286,221033,58608,36795,22528,19877,3806,1949,935,412,238,26,13,2,1,0,0,0,0,0,0,0,0
0,0,0,0,0,0,0,0,2,2,12,30,280,399,934,1877,3822,19852,22091,35728,57847,218022,184008,251347,329133,926437,600079,681959,746767,787853,1589307,745550,682118,602455,929547,332340,252443,185406,220803,58337,36835,22516,19878,3769,1982,951,403,251,23,11,1,2,0,0,0,0,0,0,0,0
0,0,0,0,0,0,0,0,1,4,8,26,273,413,937,1974,3757,19775,21930,36291,57402,218272,183873,251075,329059,926703,600164,682571,745890,788440,1588719,745270,682792,601995,929432,331829,253461,185376,220774,58298,36954,22484,19751,3847,1953,930,407,262,23,8,4,2,0,0,0,0,0,0,0,0
0,0,0,0,0,0,0,0,1,4,14,22,262,426,929,1970,3691,19862,21968,35986,57987,217912,184095,250568,330219,926308,600156,681776,747571,785970,1590190,745032,683038,601836,929723,331526,252772,185543,221036,58313,37071,22287,19955,3813,1940,902,443,255,22,10,3,2,0,0,0,0,0,0,0,0
0,0,0,0,0,0,0,0,1,2,11,26,266,403,947,1930,3750,19809,21771,36312,57618,218168,183913,251361,328969,926968,600426,681985,746897,786753,1589570,746654,682162,600876,930193,331917,251931,185836,220836,58545,36794,22349,20051,3830,1940,908,419,275,22,11,2,2,0,0,0,0,0,0,0,0
0,0,0,0,0,0,0,0,2,1,10,28,287,417,897,1906,3797,19774,21666,36320,57892,217972,184097,250788,329849,926222,601131,680991,746235,787707,1590338,747449,680485,601312,930671,331632,251876,185945,220433,58723,36849,22245,20081,3796,1935,922,417,263,37,8,1,2,0,0,0,0,0,0,0,0
0,0,0,0,0,0,0,0,2,2,4,35,281,422,876,1899,3666,19647,22040,36513,57727,218155,183464,250895,328977,926474,602701,681206,745493,787926,1589305,748010,681528,600344,930824,331465,252434,185464,220237,58875,36751,22258,20063,3849,1903,959,408,285,28,9,3,2,0,0,0,0,0,0,0,0
0,0,0,0,0,0,0,0,2,3,8,30,291,382,923,1849,3686,19721,21933,36551,57798,218418,183470,250490,329894,925961,601335,682098,745836,788754,1589637,746983,681144,600426,930517,331423,252733,185439,220665,58476,36642,22253,20126,3894,1941,945,406,282,32,7,5,0,0,0,0,0,0,0,0,0
0,0,0,0,0,0,0,0,3,3,9,28,281,417,895,1900,3733,19740,21776,36481,58322,217953,183527,250746,329963,925873,601721,681088,747073,788190,1589734,747506,680914,600189,930794,331306,252245,186069,219651,58896,36567,22235,20096,3870,1937,952,421,266,25,11,1,2,0,0,0,0,0,0,0,0
0,0,0,0,0,0,0,0,3,3,10,25,273,417,918,1895,3650,19785,21805,36521,58287,217593,184185,249822,330464,926241,600729,682290,745561,789280,1589418,747310,681622,600382,929988,332004,252636,185107,219887,58668,36869,22431,19852,3845,1951,955,414,271,26,12,3,1,0,0,0,0,0,0,0,0
0,0,0,0,0,0,0,0,4,1,9,33,275,399,931,1931,3634,19726,21902,36334,58157,217853,183983,250556,330015,926736,600201,683008,745495,788579,1589129,746356,682981,600000,930367,331498,253125,185448,219440,58990,36588,22373,19849,3888,1939,942,417,279,23,13,1,1,0,0,0,0,0,0,0,0
0,0,0,0,0,0,0,0,3,1,8,41,258,400,954,1862,3745,19686,22010,36113,58277,218113,183304,251352,329358,927365,600839,681589,746227,788199,1588706,747966,681827,600977,929877,331351,252825,185310,219519,58873,36803,22154,20052,3852,1902,977,422,271,26,12,2,1,0,0,0,0,0,0,0,0
0,0,0,0,0,0,0,0,3,1,7,37,274,395,931,1858,3793,19613,22050,36306,58065,217720,183871,250817,330156,927568,599800,681269,746671,787247,1590631,747411,682524,600806,928828,331729,252428,185638,219751,58791,36691,22300,19965,3793,1980,964,407,273,34,8,4,1,0,0,0,0,0,0,0,0
0,0,0,0,0,0,0,0,3,2,8,33,264,423,931,1864,3782,19555,22124,36294,57901,218435,183623,250188,329750,928202,599756,681121,745393,788615,1590819,748184,682497,600024,928481,331675,252967,185226,220255,58492,36856,22241,19923,3813,1984,964,430,272,26,5,6,2,0,0,0,0,0,0,0,0
0,0,0,0,0,0,0,0,3,2,7,31,257,439,952,1869,3731,19629,21904,36344,57983,218502,184122,249955,330035,927605,600482,680040,746314,788612,1590151,747509,683210,599432,930122,330889,252878,185576,220145,58350,36570,22414,19850,3840,1968,926,440,283,24,6,6,2,0,0,0,0,0,0,0,0
0,0,0,0,0,0,0,0,3,3,12,31,265,420,977,1894,3712,19736,21714,36664,57541,218391,184124,250584,329597,926821,601519,680077,745288,789784,1590271,747102,683092,600304,929605,330858,252592,185788,220274,57845,36802,22228,20042,3809,1942,931,443,287,22,7,6,2,0,0,0,0,0,0,0,0
0,0,0,0,0,0,0,0,1,7,12,22,264,428,936,1955,3696,19820,21857,36205,57917,218154,184020,251036,328972,926466,600956,682318,745925,787177,1591684,747451,681983,600447,929472,331233,252618,185398,220390,58200,36612,22095,20230,3832,1914,945,429,290,28,5,8,1,0,0,0,0,0,0,0,0
0,0,0,0,0,0,0,0,3,3,16,24,248,434,950,1899,3713,19887,21861,36199,57813,217873,184982,250438,329087,926065,601680,681329,746170,787920,1591675,747051,681006,600800,930597,330705,252576,185297,220450,58196,36507,22273,20240,3844,1891,950,444,277,23,5,7,0,1,0,0,0,0,0,0,0
0,0,0,0,0,0,0,1,1,5,13,26,249,443,916,1945,3710,19791,21905,36359,57698,218381,184192,250817,329250,926786,600703,682578,746186,788895,1589719,746393,681147,600916,930429,330788,252737,185240,220424,58515,36338,22234,20279,3726,1968,953,447,268,28,5,4,0,1,0,0,0,0,0,0,0
0,0,0,0,0,0,0,1,0,7,12,26,253,412,955,1862,3749,19807,21970,36235,57831,218551,183958,250309,329645,927872,600362,682809,745186,788537,1589587,746387,683425,599651,930158,330627,252645,185440,220236,58480,36581,22225,20156,3814,1938,935,471,272,22,5,3,1,1,0,0,0,0,0,0,0
0,0,0,0,0,0,0,1,0,6,10,32,271,400,921,1906,3752,19834,21963,36364,57680,218894,183507,250016,330478,927917,600324,682255,746045,787166,1589816,745850,684279,600844,929083,330426,252542,185710,220132,58439,36747,22311,20020,3723,1978,1032,436,261,28,5,3,1,1,0,0,0,0,0,0,0
0,0,0,0,0,0,0,1,0,5,13,30,243,438,918,1917,3699,19884,22017,36038,57852,218741,183421,250378,330446,928018,599418,682701,745957,788104,1588773,747765,681052,602180,929356,331227,252417,184814,220563,58389,36897,22100,20127,3765,1989,1006,443,266,32,5,2,2,0,0,0,0,0,0,0,0
0,0,0,0,0,0,0,1,0,6,13,27,253,418,950,1865,3761,19776,22239,35924,57793,218744,183331,250769,330442,927741,599669,682415,746116,787703,1589870,746075,682303,602386,928899,331755,251712,184896,220572,58750,36342,22202,20188,3836,1955,948,452,275,24,10,1,2,0,0,0,0,0,0,0,0
0,0,0,0,0,0,0,1,1,4,12,30,252,430,913,1909,3665,19921,21949,36251,57925,218111,183539,251392,330163,926989,600083,682177,747229,787897,1588689,746689,681979,600990,930039,331759,251762,185202,220334,58708,36478,22296,20211,3727,1986,941,489,252,23,8,3,1,0,0,0,0,0,0,0,0
0,0,0,0,0,0,0,0,2,6,9,30,254,440,918,1908,3714,19815,21931,36482,57710,218175,183449,250884,329789,928319,599750,681977,746624,788799,1588936,747179,681260,600649,930680,332013,251513,184831,220151,58694,36720,22193,20116,3816,1945,965,485,238,27,11,1,1,0,0,0,0,0,0,0,0
0,0,0,0,0,0,0,0,3,5,10,28,261,413,960,1893,3800,19691,22045,36241,57958,217825,183609,250985,329870,927504,600880,681681,746357,789651,1588884,746118,681106,601717,930418,331110,252027,185123,220250,58191,36902,22210,20164,3853,1974,955,447,252,21,15,1,1,0,0,0,0,0,0,0,0
0,0,0,0,0,0,0,0,3,4,8,32,262,424,935,1918,3744,19843,21926,36153,58272,217533,183607,251187,329342,927485,601768,681659,746232,788332,1589584,746476,681075,601380,930707,330208,253106,185065,220204,58112,36819,22190,20315,3803,1995,952,450,261,25,10,2,1,0,0,0,0,0,0,0,0
0,0,0,0,0,0,0,0,3,2,14,29,265,433,914,1921,3817,19709,21968,36324,57964,217544,183611,251285,329188,928249,600551,682584,746292,788838,1589161,745894,681574,601327,930386,330409,252663,185389,220096,58268,36643,22322,20269,3815,1967,970,459,254,26,11,0,1,0,0,0,0,0,0,0,0
0,0,0,0,0,0,0,0,4,1,16,28,255,446,904,1960,3709,19735,22049,36271,57736,217840,184129,250694,329625,928485,600411,681758,748104,787283,1589180,745975,681349,601595,930460,330807,251996,185259,220255,58285,36755,22282,20259,3865,1917,970,456,263,27,9,1,1,0,0,0,0,0,0,0,0
0,0,0,0,0,0,0,0,3,4,14,28,268,438,908,1935,3745,19777,21859,36648,57660,217700,183933,250803,330236,927496,600533,682914,746622,788520,1587941,746602,682179,601831,929721,330483,251892,185387,220068,58219,37051,22157,20272,3854,2008,965,459,243,20,8,4,1,0,0,0,0,0,0,0,0
0,0,0,0,0,0,0,0,4,3,11,35,260,421,963,1871,3739,19852,21975,36465,57654,217982,183804,250567,330773,926951,600100,683844,746815,787988,1588292,746211,682711,601079,929538,330930,251932,185169,220092,58590,36568,22410,20208,3881,2091,913,418,263,22,10,3,1,0,0,0,0,0,0,0,0
0,0,0,0,0,0,0,0,3,5,13,27,264,418,943,1952,3774,19812,21903,36413,58171,217551,183675,250928,330221,927479,600220,682859,747045,787404,1589705,744684,683951,601124,929723,329971,252590,185010,220538,58277,36751,22278,20091,4007,1988,929,421,253,26,8,3,1,0,0,0,0,0,0,0,0
0,0,0,0,0,0,0,0,4,5,18,27,279,410,872,1955,3753,19794,22034,36365,57846,217668,184032,251282,329646,926425,601907,683186,745935,787296,1589210,745418,683176,602072,928846,331248,252532,184893,220131,58191,36883,22355,20194,3866,2017,928,425,246,25,9,4,1,0,0,0,0,0,0,0,0
0,0,0,0,0,0,0,2,3,6,16,29,279,389,906,1933,3751,19837,21981,36202,57801,217583,183864,251750,330192,926700,600677,684214,745077,787897,1589690,746678,681756,601339,929176,331309,251959,185278,219747,58363,36847,22445,20210,3880,1984,974,377,271,23,10,3,0,1,0,0,0,0,0,0,0
0,0,0,0,0,0,0,1,4,5,12,34,269,414,912,1872,3785,19716,22211,36380,57825,217172,183638,251578,330167,927323,601451,682435,746054,787562,1590528,746493,681100,601325,929155,331075,252207,185500,220224,58233,36681,22385,20194,3803,2044,963,385,250,28,14,1,1,0,0,0,0,0,0,0,0
0,0,0,0,0,0,0,0,5,5,10,37,282,408,853,1952,3810,19773,22017,36625,57688,217533,183658,251133,330079,928191,600318,681196,746573,788662,1591021,746097,681389,601427,928738,330309,252973,185244,220506,58147,36949,22233,20074,3838,2013,940,415,246,28,11,1,2,0,0,0,0,0,0,0,0
0,0,0,0,0,0,0,1,4,7,11,35,275,424,844,1937,3827,19655,22100,36568,57648,217770,184083,250867,329644,928283,600375,680909,746644,788435,1591447,745841,682033,600789,929382,330577,252427,185687,219859,58409,36824,22198,20219,3773,1953,924,423,259,22,12,3,2,0,0,0,0,0,0,0,0
0,0,0,0,0,0,0,1,3,7,18,37,258,411,873,1952,3806,19732,21869,36475,57508,217933,183958,250731,329626,928985,599665,681743,746950,787817,1589766,748624,681932,599653,929540,330551,252305,185855,219826,58494,36757,22273,20022,3878,1921,940,418,260,15,12,7,2,0,0,0,0,0,0,0,0
0,0,0,0,0,0,0,1,5,8,13,39,249,413,923,1912,3828,19672,22080,36186,57632,218347,183841,250887,328869,928982,600025,681551,746096,787890,1589385,748983,682086,600113,929887,330958,252254,185421,219611,58704,36865,22225,20082,3793,1899,975,436,245,16,13,7,2,0,0,0,0,0,0,0,0
0,0,0,0,0,0,0,1,6,5,14,31,265,386,934,1952,3844,19864,21959,36122,57676,218113,184007,250702,330114,926334,600534,682670,746812,787081,1589938,748261,682037,600731,928703,331615,252005,185690,219815,58596,37034,22124,19991,3865,1948,916,419,255,20,10,7,3,0,0,0,0,0,0,0,0
0,0,0,0,0,0,0,1,5,6,11,39,257,393,935,1960,3756,19962,22100,35991,57458,218315,184131,251316,328848,927217,600829,682177,746836,787521,1589820,747222,682908,600093,929280,331047,252480,185149,220279,58564,36956,22179,19909,3871,1920,971,390,259,26,13,4,5,0,0,0,0,0,0,0,0
0,0,0,0,0,0,0,0,4,9,9,38,267,403,917,1927,3843,19965,22015,36139,57576,217783,184255,251232,329397,927874,600450,680812,746651,787858,1590598,747264,681569,601673,928710,331560,252400,185147,220015,58271,37001,22246,20086,3886,1928,906,424,249,25,18,4,5,0,0,0,0,0,0,0,0
0,0,0,0,0,0,0,0,5,8,10,34,269,415,905,1993,3779,19840,22054,36277,57136,217894,184006,251031,329326,927953,600351,681829,746311,787676,1591400,747197,681625,601064,929794,330694,252528,184930,219883,58365,36929,22424,20048,3871,1929,873,455,246,27,17,3,5,0,0,0,0,0,0,0,0
0,0,0,0,0,0,0,0,7,5,10,25,259,436,913,1972,3745,19778,22078,36176,57509,217956,183824,250857,329833,926868,599853,682092,747048,788024,1590185,747554,681904,601601,928939,331802,252284,184701,220192,58546,36804,22253,19965,3802,1965,932,404,259,26,15,6,2,0,0,0,0,0,0,0,0
0,0,0,0,0,0,0,0,3,8,5,36,265,416,918,1937,3705,20053,21731,36166,57632,217855,184293,250643,329161,927616,600307,680474,747696,788626,1589818,746996,683306,600825,929375,331430,252318,184277,220438,58435,36894,22262,19994,3917,1926,921,409,276,25,14,4,3,0,0,0,0,0,0,0,0
0,0,0,0,0,0,0,0,2,7,9,32,273,407,947,1989,3715,19892,21641,36112,57566,218213,183815,251332,328388,927692,600379,681246,747769,788070,1590561,746303,682530,602018,928864,331353,252211,184560,220459,58543,36926,22128,20015,3881,1888,942,420,262,28,16,2,3,0,0,0,0,0,0,0,0
0,0,0,0,0,0,0,0,2,6,12,26,280,432,944,1964,3739,19689,21763,36041,57805,218302,183708,250577,329146,928146,600704,680962,748160,788005,1589420,747042,682566,601508,929061,331254,251819,185045,220530,58174,36749,22270,20125,3863,1886,942,423,268,32,13,4,2,0,0,0,0,0,0,0,0
0,0,0,0,0,0,0,0,2,6,9,33,273,416,959,1919,3742,19686,21866,36105,57732,218014,183973,250412,329331,927652,600329,682330,746209,789446,1589506,746790,683464,601086,928703,331382,252264,184635,220011,58487,36816,22183,20184,3864,1887,943,438,271,35,11,3,2,0,0,0,0,0,0,0,0
0,0,0,0,0,0,0,0,2,5,15,31,275,415,900,1963,3728,19749,21784,36238,57781,217653,183594,250839,329379,928104,600269,682115,746980,788066,1589908,747717,682244,601880,928645,331180,252361,184446,220125,58215,36833,22329,20176,3853,1930,919,441,269,35,12,3,3,0,0,0,0,0,0,0,0
0,0,0,0,0,0,0,0,2,7,14,29,261,409,951,1816,3759,19805,22006,35915,57665,217776,183968,250491,329837,929212,598619,682189,748200,786212,1591505,747318,682165,601219,928336,331511,252548,184817,219549,58587,36661,22372,20110,3972,1889,941,443,276,29,13,3,2,0,0,0,0,0,0,0,0
0,0,0,0,0,0,0,0,2,4,13,29,261,431,904,1876,3725,19943,21795,36180,57632,217405,184261,250513,329979,928885,599925,680762,748280,786023,1592219,746978,682769,600405,929249,330659,252482,185180,219526,58296,36881,22312,20056,3945,1936,906,458,272,35,8,5,4,0,0,0,0,0,0,0,0
0,0,0,0,0,0,0,0,2,5,13,33,251,449,917,1828,3743,19804,22036,36232,57681,217193,184348,250311,329633,928818,600890,680803,746199,788174,1591896,746592,682442,600436,929826,330847,251656,185556,219818,58463,36536,22322,20189,3893,1874,900,482,264,35,10,6,3,0,0,0,0,0,0,0,0
0,0,0,0,0,0,0,0,1,5,12,30,262,444,927,1855,3738,19782,21941,36454,57464,217175,183984,250505,329584,929381,601106,681106,745647,787401,1592254,747411,682074,601134,929177,329878,252422,185346,219714,58286,36929,22303,20265,3765,1948,927,459,261,32,12,5,3,0,0,0,0,0,0,0,0
0,0,0,0,0,0,0,0,2,1,13,44,266,388,916,1917,3736,19645,22183,36361,57773,217153,183401,250893,329514,928515,601407,680769,745869,787479,1592532,747441,682652,601134,928419,331441,251636,184903,219690,58666,36807,22079,20320,3840,1869,964,465,253,34,13,3,3,0,0,0,0,0,0,0,0
0,0,0,0,0,0,0,0,1,2,15,39,275,399,914,1920,3702,19644,22164,36105,58181,216905,183505,250597,330854,928369,600540,680735,745858,788244,1591797,747816,682142,601312,928733,330855,251416,185777,219649,58245,36883,22120,20230,3817,1934,937,462,257,42,10,5,2,0,0,0,0,0,0,0,0
0,0,0,0,0,0,0,0,2,2,11,46,272,399,932,1942,3631,19671,22104,36382,57769,217380,183140,251160,330203,928338,600676,680368,747090,788137,1591469,747942,682166,601590,927886,330810,251448,185639,219685,58519,36784,22135,20228,3791,1959,910,467,278,32,9,6,0,1,0,0,0,0,0,0,0
0,0,0,0,0,0,0,0,1,3,14,40,288,408,897,1944,3613,19688,22057,36433,57624,217483,183667,250936,329458,928616,600105,680304,747362,788921,1590787,748227,682844,600667,928798,330087,252717,184148,220410,58470,36517,22276,20138,3818,1949,915,464,269,31,10,4,1,0,0,0,0,0,0,0,0
0,0,0,0,0,0,0,0,1,4,13,36,297,413,900,1939,3582,19640,22029,36220,57779,217782,183441,250889,329485,929000,600058,680839,747581,787876,1590022,747798,684596,600583,928136,331101,251606,184639,220203,58453,36649,22218,20140,3819,1964,911,441,278,34,11,2,1,0,0,0,0,0,0,0,0
0,0,0,0,0,0,0,0,1,5,14,38,284,388,911,1963,3633,19500,22186,36186,57649,217418,183720,251288,329528,928211,600613,681243,746444,788833,1590117,747379,683889,601124,928805,330130,251920,185177,219947,58503,36498,22298,20015,3864,2000,925,432,277,37,13,2,1,0,0,0,0,0,0,0,0
0,0,0,0,0,0,0,0,2,3,15,39,284,382,907,1905,3773,19658,21906,36443,57278,217902,183930,250950,329953,928539,600270,680524,746634,788063,1590944,747900,683628,601041,927661,331482,251714,184617,220284,58231,36660,22371,19908,3962,1930,942,427,303,32,10,1,1,0,0,0,0,0,0,0,0
0,0,0,0,0,0,0,0,2,2,12,43,275,428,878,1911,3732,19666,21936,36380,57740,217706,183992,250426,329881,928136,600723,680933,746119,788219,1590571,747220,684482,600793,928852,330349,252559,184874,219555,58687,36435,22441,19866,3914,1969,936,433,287,32,13,0,1,0,0,0,0,0,0,0,0
0,0,0,0,0,0,0,0,3,2,12,39,270,454,856,1879,3790,19663,21992,36316,57738,217708,183775,251189,329936,926885,601955,681007,746346,787672,1590638,746934,684175,601279,929487,329543,252473,184909,219273,58627,36795,22210,20063,3838,1986,923,444,282,33,9,0,1,0,0,0,0,0,0,0,0
0,0,0,0,0,0,0,0,2,2,13,36,273,445,877,1884,3731,19748,21945,36372,57749,217226,183842,250901,330814,927069,601230,682046,745776,787189,1590986,747767,683111,602199,928420,329957,252046,185058,219681,58465,36759,22133,20110,3850,1974,967,442,277,29,7,0,1,0,0,0,0,0,0,0,0
0,0,0,0,0,0,0,0,2,4,10,30,258,436,932,1854,3723,19709,21940,36484,57375,217434,183895,251068,330609,927946,600307,682771,745724,787748,1590472,747082,683037,601847,928898,330028,251988,184773,219479,59074,36811,22027,20089,3793,2052,946,434,284,28,6,1,1,0,0,0,0,0,0,0,0
0,0,0,0,0,0,0,0,1,3,11,22,251,435,939,1909,3795,19566,22145,36146,57620,217178,184128,251290,329818,928183,601635,680299,748186,786533,1589289,747873,683071,601773,929021,331396,251502,184490,219567,58574,37065,22075,20091,3812,2031,932,432,289,21,10,2,0,0,0,0,0,0,0,0,0
0,0,0,0,0,0,0,0,1,3,9,28,265,421,896,1979,3733,19677,22014,36120,57477,217315,184156,251066,330304,927310,601554,680734,747302,788151,1588848,746999,683184,602720,928952,330933,252417,183976,219745,58327,36973,22164,20115,3883,1924,961,465,266,29,12,1,0,0,0,0,0,0,0,0,0
0,0,0,0,0,0,0,0,1,1,13,28,268,405,902,2005,3693,19670,21778,36093,57579,217800,183800,251079,330000,927249,601926,681736,746159,787548,1590057,747424,682248,602045,929880,330699,252142,184794,219052,58321,37212,22266,19966,3901,1917,974,470,265,33,8,2,0,0,0,0,0,0,0,0,0
0,0,0,0,0,0,0,0,0,4,12,27,269,395,953,1904,3726,19607,21713,36337,57311,218307,183589,250641,330371,927577,601801,682313,744259,789028,1589715,746904,683163,601864,930161,330301,251324,185410,218988,58528,36940,22447,20033,3741,2018,947,466,275,26,10,3,1,0,0,0,0,0,0,0,0
0,0,0,0,0,0,0,0,1,3,9,25,253,417,913,1915,3733,19608,21758,36286,57481,218189,183733,250558,330927,927455,601256,681497,746870,786379,1590344,747254,683186,602182,929128,330624,251919,184579,219633,58468,36986,22187,20089,3821,2016,957,447,286,24,10,2,1,0,0,0,0,0,0,0,0
0,0,0,0,0,0,0,0,1,2,11,26,249,442,907,1866,3735,19662,21688,36099,58008,217913,183880,250847,329509,928005,601389,681371,745438,788299,1590196,747697,683390,600774,929536,331394,251529,184430,219779,58559,36912,22133,20169,3816,2021,962,435,293,26,9,1,1,0,0,0,0,0,0,0,0
0,0,0,0,0,0,0,0,2,3,8,27,255,449,879,1865,3777,19710,21665,36100,57777,218221,183603,250826,329479,928029,601616,681233,745757,788272,1590223,747099,683719,600857,929483,331502,251739,184237,219824,58192,37009,22419,20071,3757,1990,958,450,291,28,6,1,1,0,0,0,0,0,0,0,0
0,0,0,0,0,0,0,0,2,3,9,22,264,423,880,1903,3822,19614,21712,36287,57517,218129,183658,250868,329558,927940,601939,680752,746012,788359,1590470,747669,681746,601802,929660,330996,252182,184716,218875,58839,36855,22409,20059,3781,1938,968,446,291,23,10,0,1,0,0,0,0,0,0,0,0
0,0,0,0,0,0,0,0,1,2,9,22,260,446,869,1947,3766,19585,21839,36187,57572,218197,183987,251030,329095,927440,602042,680451,746839,787352,1591655,746521,683182,601155,929316,331394,252016,184849,219058,58449,37189,22054,20202,3768,1954,926,465,284,24,9,1,0,0,0,0,0,0,0,0,0
0,0,0,0,0,0,0,0,1,3,6,23,267,433,923,1895,3691,19623,21748,36295,57530,217800,184547,250546,329882,927270,601386,681514,746344,786749,1592494,746882,681985,601423,929111,331406,252149,184794,219322,58594,36881,22346,20095,3804,1951,895,468,291,26,14,2,0,0,0,0,0,0,0,0,0
0,0,0,0,0,0,0,0,1,5,4,24,279,403,921,1928,3617,19746,21706,36047,57943,217719,184279,251292,329008,927156,601257,682758,745498,787556,1591995,746198,682458,600935,929747,331191,251996,185390,219192,58441,36958,22125,20147,3877,1926,896,443,300,30,14,3,0,0,0,0,0,0,0,0,0
0,0,0,0,0,0,0,0,1,5,6,26,264,403,931,1907,3664,19640,21806,36043,57887,217571,184654,251325,328457,927882,600296,683213,745488,788606,1590266,747071,681829,601832,929014,331691,252615,184429,219465,58337,36780,22288,20323,3819,1915,879,452,271,42,12,4,0,0,0,0,0,0,0,0,0
0,0,0,0,0,0,0,0,2,2,10,26,259,400,917,1923,3662,19665,21679,36314,57537,217817,184515,250946,328644,927803,601318,681883,745445,787989,1591361,747830,682717,600020,930214,331380,251503,185059,219565,58358,36688,22287,20320,3775,1896,899,457,269,39,13,2,1,0,0,0,0,0,0,0,0
0,0,0,0,0,0,0,0,1,2,10,29,253,398,964,1838,3711,19617,21784,36077,57499,218257,184261,250590,329417,927276,602937,680037,745331,788419,1592631,745534,683030,600837,930388,331042,251727,185112,219292,58297,36802,22409,20297,3649,1947,963,417,271,39,12,4,1,0,0,0,0,0,0,0,0
0,0,0,0,0,0,0,0,1,0,12,28,265,397,948,1856,3749,19527,21754,36144,57743,218000,184303,251009,329237,927415,600846,682486,745262,787647,1592525,746217,681860,601556,930604,330447,252173,184815,219488,58366,36827,22357,20131,3791,1942,952,393,290,31,10,4,1,0,0,0,0,0,0,0,0
0,0,0,0,0,0,0,0,1,1,9,38,269,420,921,1894,3711,19521,21744,36296,57516,217815,184425,251090,328944,927224,600808,682839,746486,787295,1590514,747455,681497,601123,930965,331149,252289,184692,219293,58583,36773,22305,20043,3848,1925,964,386,282,43,8,5,0,0,0,0,0,0,0,0,0
0,0,0,0,0,0,0,0,1,1,9,39,270,412,950,1863,3717,19565,21831,36040,57704,217628,184545,250487,329347,927026,602244,681739,745859,787526,1591970,745029,682779,601485,931048,330943,251548,185230,219368,58405,36950,22443,20036,3724,1951,963,384,295,35,15,4,1,0,0,0,0,0,0,0,0
0,0,0,0,0,0,0,0,1,3,6,36,257,449,930,1863,3690,19642,21897,36089,57579,218042,184139,250431,329206,927742,601941,681268,745419,787997,1591860,744986,682414,601377,931846,330352,252551,185038,219114,58538,36982,22269,20057,3749,1931,958,415,292,30,21,0,2,0,0,0,0,0,0,0,0
0,0,0,0,0,0,0,0,1,2,10,25,280,419,941,1897,3700,19480,21957,35912,57317,218377,184065,250750,329461,927516,601787,680847,745680,789333,1590325,746052,682019,601082,931208,331209,251957,185050,219322,58851,36867,22240,20113,3745,1916,935,418,288,39,13,3,0,0,0,0,0,0,0,0,0
0,0,0,0,0,0,0,0,1,2,11,25,281,407,981,1820,3728,19642,21869,35858,57524,217895,183929,250828,329659,928083,598871,682829,745874,789242,1591185,746067,682212,600683,931009,331124,252308,185127,219202,58393,36829,22381,20078,3845,1920,924,425,292,29,12,5,0,0,0,0,0,0,0,0,0
0,0,0,0,0,0,0,0,1,4,11,22,262,444,949,1850,3704,19849,21572,35878,57883,217901,183697,250937,329638,927119,600548,681881,747262,787852,1590771,747239,682030,600941,930600,330845,252102,184957,219339,58496,36851,22397,20133,3844,1938,894,442,272,39,10,5,0,0,0,0,0,0,0,0,0
0,0,0,0,0,0,0,0,1,2,8,28,251,439,969,1873,3690,19782,21730,36072,57449,217809,184012,250654,329947,927446,600638,682117,746359,788019,1591388,746405,682722,600216,929680,331584,251957,185560,219350,58348,37145,22258,20082,3774,1950,922,458,265,35,13,2,0,0,0,0,0,0,0,0,0
0,0,0,0,0,0,0,0,1,1,7,40,228,470,923,1876,3762,19749,21689,35987,57720,217395,184263,250816,329773,927090,600842,681679,747241,787761,1591305,746585,682481,600725,928767,331776,252340,185515,219545,58077,37089,22358,20073,3871,1888,931,439,279,37,12,2,1,0,0,0,0,0,0,0,0
0,0,0,0,0,0,0,0,1,4,6,34,251,436,975,1858,3761,19543,21779,36197,57538,217984,183338,251067,329946,927604,600066,682338,747030,786699,1591517,747114,682093,601303,928537,331632,253309,184358,220035,58313,36998,22364,19948,3856,1927,916,417,268,36,9,2,2,0,0,0,0,0,0,0,0
0,0,0,0,0,0,0,0,2,2,9,28,249,430,974,1895,3690,19681,21820,36110,57589,218132,183755,250653,329099,928317,600677,682363,745664,787688,1591335,747009,681723,602050,927646,332135,252384,185531,219993,58176,36716,22447,20030,3823,1925,933,416,259,38,8,4,1,0,0,0,0,0,0,0,0
0,0,0,0,0,0,0,0,1,3,10,23,256,420,938,1909,3750,19560,21999,35804,57808,218181,183765,250166,329344,928196,601170,681559,746529,787988,1591248,747059,682044,601194,927775,331990,252481,185520,219700,58567,36834,22019,20198,3822,1904,934,426,267,32,11,4,1,0,0,0,0,0,0,0,0
0,0,0,0,0,0,0,1,0,2,11,23,252,446,923,1909,3702,19642,21879,35804,58026,218102,183620,250420,329521,927939,600494,682246,745468,788383,1591098,747413,682325,600842,928616,331875,252374,185371,219854,58351,36834,22035,20195,3793,1934,940,431,267,32,10,5,1,0,0,0,0,0,0,0,0
0,0,0,0,0,0,0,0,1,3,12,27,252,425,943,1929,3698,19522,21807,36161,57633,218479,183285,250619,329415,928275,599931,682202,746259,787340,1591544,747718,681947,600445,929460,331280,252826,185365,219791,58187,36944,22066,20166,3803,1963,925,447,273,26,9,5,1,0,0,0,0,0,0,0,0
0,0,0,0,0,0,0,0,1,3,13,24,241,433,942,1947,3614,19499,22028,36302,57209,218090,183979,250699,329061,928608,599898,681927,746226,787429,1591754,746778,682416,599892,929735,332511,252193,185194,219884,58363,36866,22100,20105,3781,1958,957,443,268,26,6,6,0,0,0,0,0,0,0,0,0
0,0,0,0,0,0,0,0,0,5,6,28,255,408,946,1901,3680,19572,21876,36292,57263,218267,183571,251197,329354,928343,599634,681733,747109,786436,1592121,746424,682115,600514,930231,331749,252437,185176,220054,58212,36933,22134,19946,3838,1975,933,446,249,35,5,6,0,0,0,0,0,0,0,0,0
0,0,0,0,0,0,0,0,0,4,7,25,256,425,941,1852,3808,19449,22022,35995,57595,217785,183339,251404,329439,928390,600365,681043,746128,788425,1591872,746078,681788,601019,930217,331194,252856,185256,219741,58156,36911,22143,19953,3912,1954,971,410,230,37,10,4,0,0,0,0,0,0,0,0,0
0,0,0,0,0,0,0,0,0,3,7,27,253,445,935,1911,3663,19490,21995,36332,57631,217259,183848,250163,330385,927970,600013,681659,745890,789001,1591443,747058,680583,601623,930497,330491,252966,185590,219778,57640,37073,22300,19984,3880,1950,961,421,240,37,10,4,0,0,0,0,0,0,0,0,0
0,0,0,0,0,0,0,0,0,2,13,21,262,419,927,1880,3661,19594,21854,36536,57865,217295,183310,251003,329192,928380,600215,681357,746418,787881,1592882,745599,681257,601074,931209,330361,253135,185212,220107,57894,36832,22406,19852,3853,1990,952,416,249,26,14,4,0,0,0,0,0,0,0,0,0
0,0,0,0,0,0,0,0,0,3,8,28,259,429,940,1845,3737,19564,21928,36601,57781,217273,183454,249843,330606,926857,600859,681294,746645,788705,1592518,745021,681496,601784,930133,331134,252757,185885,219590,58279,36331,22327,19993,3844,2036,927,399,255,29,10,2,0,0,0,0,0,0,0,0,0
0,0,0,0,0,0,0,0,0,1,9,25,255,446,910,1854,3760,19549,22055,36491,57631,217463,183466,249903,330120,927101,600373,682175,745399,789470,1592221,745735,680799,602676,930018,330812,253432,185161,219757,58042,36581,22097,20134,3841,1939,999,424,235,36,11,3,0,0,0,0,0,0,0,0,0
0,0,0,0,0,0,0,0,0,1,7,21,281,418,908,1924,3649,19641,22034,36247,58034,217241,183463,249975,330283,926900,600142,681812,746213,789127,1591920,746732,680711,601408,930186,332217,252556,185222,219565,58237,36526,22218,20124,3862,1933,936,443,246,34,8,4,0,0,0,0,0,0,0,0,0
0,0,0,0,0,0,0,0,0,2,6,24,282,389,908,1986,3632,19665,21826,36476,57841,217323,183353,249922,329706,927649,600444,681736,745169,789874,1591349,747036,681767,600602,930768,331370,253105,185317,219095,58399,36725,22023,20151,3852,1955,953,434,256,27,9,3,0,0,0,0,0,0,0,0,0
0,0,0,0,0,0,0,0,0,1,8,27,264,397,953,1921,3683,19734,21727,36590,57983,217585,182801,249646,329524,927801,600187,682001,745901,789855,1591653,746310,681264,601454,930398,331479,253209,185200,218861,58560,36780,22119,20060,3809,1954,976,445,255,24,8,2,0,0,0,0,0,0,0,0,0
0,0,0,0,0,0,0,0,0,1,13,25,265,418,918,1967,3670,19798,21551,36428,57985,217958,182195,250289,329566,927803,600674,681334,746169,789180,1591323,746677,682696,601239,929411,331855,252660,185807,218666,58567,36739,22156,19951,3848,1893,983,434,261,24,9,3,0,0,0,0,0,0,0,0,0
0,0,0,0,0,0,0,0,0,2,10,30,270,424,949,1921,3668,19795,21654,36379,58139,217362,183036,249445,329698,927626,601733,680333,746850,788790,1591867,746365,682424,600559,931116,331038,252775,184859,219702,58240,36718,22152,19994,3850,1913,978,457,251,25,11,1,0,0,0,0,0,0,0,0,0
0,0,0,0,0,0,0,0,0,3,7,31,277,415,886,1973,3719,19592,21918,36453,57588,217992,183116,249812,328576,927910,601627,681303,746445,788816,1591820,745594,682792,600648,931099,331100,252585,185720,218883,58266,36644,22467,19809,3848,1989,972,443,233,26,10,2,0,0,0,0,0,0,0,0,0
0,0,0,0,0,0,0,0,1,1,10,30,264,458,905,1926,3752,19549,22005,36122,57858,217562,183505,249516,329177,927938,601554,680838,745992,789335,1591907,746417,682025,600343,931186,331257,252709,184912,219914,57912,36709,22326,19928,3909,1962,1004,428,227,28,6,2,0,0,0,0,0,0,0,0,0
0,0,0,0,0,0,0,0,1,3,5,27,256,446,964,1936,3678,19565,21955,36150,57751,217602,183613,249600,329079,928772,601419,680498,746089,789121,1591736,746117,682025,600306,930858,332067,252811,184967,219594,58154,36470,22143,20094,3847,1998,995,424,235,32,3,2,1,0,0,0,0,0,0,0,0
0,0,0,0,0,0,0,0,0,5,5,29,248,435,941,2011,3630,19776,21844,36037,57798,217834,183595,249204,329054,929389,599886,681468,747193,789188,1591031,747079,680456,600788,931234,331635,252686,184774,219966,57819,36559,22254,19963,3878,2009,1014,413,244,31,4,0,2,0,0,0,0,0,0,0,0
0,0,0,0,0,0,0,0,1,4,4,28,242,441,956,1916,3693,19743,21986,35940,57324,218289,183360,249571,328944,928447,600076,682227,746899,788618,1591912,747206,679905,601150,932245,330774,252117,185700,219174,58101,36569,22120,20196,3901,1933,979,438,244,23,10,1,2,0,0,0,0,0,0,0,0
0,0,0,0,0,0,0,0,0,4,7,27,237,450,943,1922,3608,19897,21745,36208,57320,217689,184276,249781,328922,928305,600329,682631,746427,788948,1590529,747230,680024,601541,931359,331657,251875,185925,219346,57834,36597,22017,20289,3825,2007,957,448,232,21,14,5,1,0,0,0,0,0,0,0,0
0,0,0,0,0,0,0,0,1,3,9,25,233,450,958,1920,3604,19665,22026,36084,57334,218258,183470,250677,328250,928027,601605,681577,747513,788258,1589984,746777,681597,600874,932240,330634,252203,185228,219880,57801,36375,22212,20204,3803,1978,957,430,236,28,16,4,1,0,0,0,0,0,0,0,0
0,0,0,0,0,0,0,0,1,2,9,34,246,414,1002,1863,3605,19738,21942,36236,57389,218208,183549,250030,328897,928230,600907,682666,747801,787142,1591253,745948,681347,601935,930220,331804,251743,185236,219604,58087,36541,22138,20186,3831,1930,961,446,247,28,10,2,1,0,0,0,0,0,0,0,0
0,0,0,0,0,0,0,0,1,3,7,39,256,413,949,1894,3668,19678,21990,36461,57221,217815,183995,249056,329369,929479,600318,682177,747269,786860,1592491,746037,681654,600989,931068,330913,252320,184643,219731,58416,36539,22083,20110,3845,1964,958,442,249,27,9,3,0,0,0,0,0,0,0,0,0
0,0,0,0,0,0,0,0,1,2,7,29,257,416,946,1832,3687,19715,22021,36298,57569,217521,183422,250605,328406,928735,601579,682311,745887,788058,1591461,745962,682841,601616,929453,331670,252093,184235,220229,58373,36544,22087,19962,3861,2016,981,431,250,27,11,2,0,0,0,0,0,0,0,0,0
0,0,0,0,0,0,0,0,1,2,8,32,261,428,882,1867,3688,19722,21933,36369,57446,217832,183499,250217,329302,928294,601768,681756,746190,788053,1590702,746058,683679,601143,929929,331212,252211,183931,220744,57715,36892,22121,20030,3773,2018,953,456,249,33,7,3,0,0,0,0,0,0,0,0,0
0,0,0,0,0,0,0,0,1,1,13,32,254,424,882,1861,3673,19670,22225,36396,57325,217456,183367,250164,328718,929565,601777,680907,746812,788367,1590598,745835,683686,600747,930376,331283,251260,185056,219847,58354,36778,22167,20011,3807,1976,1012,433,252,32,7,2,0,0,0,0,0,0,0,0,0
0,0,0,0,0,0,0,0,1,0,16,26,271,395,922,1901,3624,19798,22068,36258,57449,217149,183659,250290,328894,929069,601461,681403,747467,788256,1590468,746522,681266,601951,930463,330590,252319,185109,219494,58310,36623,22385,20019,3818,1976,995,433,253,23,13,2,0,0,0,0,0,0,0,0,0
0,0,0,0,0,0,0,0,0,5,7,32,283,402,893,1921,3558,19892,22081,36193,57539,217597,182840,250528,329558,928752,601211,681114,747743,787830,1591100,745953,682690,600244,930687,331303,251669,185211,219747,58080,36983,22381,19958,3725,1991,984,425,255,25,13,6,0,0,0,0,0,0,0,0,0
0,0,0,0,0,0,0,0,1,4,9,33,257,382,949,1863,3706,19665,21998,36652,57456,217265,183329,249860,329588,928306,601542,682666,745693,788990,1590927,745615,682548,600700,930527,331587,252287,184252,219995,58222,36780,22348,19983,3788,1945,966,421,262,27,10,5,0,0,0,0,0,0,0,0,0
0,0,0,0,0,0,0,0,2,3,7,33,245,444,907,1874,3754,19472,22168,36575,57661,216830,183626,250350,329043,928131,603368,680257,746917,788369,1591080,746024,681830,601275,930806,331177,252199,184572,219875,58015,36895,22310,19925,3769,1962,903,444,265,32,11,4,0,0,0,0,0,0,0,0,0
0,0,0,0,0,0,0,0,0,4,9,28,251,438,921,1872,3820,19384,22235,36230,58015,216611,183836,250151,329146,928729,601804,681629,745816,788904,1591066,747029,680985,600882,931192,331595,251460,185136,219816,58105,36835,22111,19939,3775,1957,928,453,272,24,10,6,0,0,0,0,0,0,0,0,0
0,0,0,0,0,0,0,0,0,3,12,30,253,442,930,1891,3699,19406,22133,36607,57776,217050,183057,250465,330111,928264,600688,681477,746219,789120,1590266,746981,682077,600392,931836,330988,252591,184399,219585,58357,36730,22224,19951,3762,1936,946,442,270,26,10,7,0,0,0,0,0,0,0,0,0
0,0,0,0,0,0,0,0,1,4,12,27,252,440,937,1901,3699,19540,21792,36758,57874,217049,183147,250507,329418,928750,600455,681712,745698,789033,1591046,746737,682164,601355,930581,331748,251569,184986,219377,58521,36741,22280,19873,3758,1931,984,437,271,27,13,4,0,0,0,0,0,0,0,0,0
0,0,0,0,0,0,0,0,1,4,14,28,264,430,933,1852,3719,19581,21922,36562,57655,217449,183145,250047,329915,928001,600694,681815,745520,789781,1591422,746279,681724,600829,931667,331472,251770,184781,219328,58525,36637,22177,20008,3827,1903,975,442,263,32,11,4,1,0,0,0,0,0,0,0,0
0,0,0,0,0,0,0,0,0,4,16,25,263,428,910,1924,3726,19526,22016,36165,57655,217442,183125,250480,329574,928226,600651,682515,745619,789238,1591070,746235,681836,600688,931618,331356,252340,184902,219053,58488,36801,22049,20030,3762,1934,955,461,254,35,9,5,0,0,0,0,0,0,0,0,0
0,0,0,0,0,0,0,0,0,4,17,25,276,411,916,1891,3785,19527,22026,36376,57509,217359,183378,250171,329565,928839,599401,682370,745998,788721,1591752,746124,681589,601910,930753,331329,252577,185139,218873,58584,36642,22122,20030,3765,1904,1008,436,255,34,14,4,0,0,0,0,0,0,0,0,0
0,0,0,0,0,0,0,0,0,4,15,22,286,409,926,1926,3698,19737,21773,36358,57811,217095,184046,250120,329193,928355,600196,682642,745043,789596,1590495,746656,682282,601730,930419,331209,252583,185007,219108,58494,36465,22109,20194,3755,1905,1017,410,276,28,14,2,0,0,0,0,0,0,0,0,0
0,0,0,0,0,0,0,0,0,3,10,27,266,467,884,1898,3689,19708,21806,36481,57653,217265,183798,250616,329212,927745,600636,682304,746307,789256,1589742,746645,682243,602103,930072,331696,251860,185029,219464,58273,36661,22011,20137,3837,1899,948,437,273,32,13,3,0,0,0,0,0,0,0,0,0
0,0,0,0,0,0,0,0,2,2,14,26,280,433,889,1899,3686,19551,22113,36641,57297,217116,183959,250705,329545,927662,599645,683541,745585,788950,1590094,746762,683051,601888,930317,331058,251593,185048,219389,58419,36685,21981,20159,3808,1873,992,432,275,26,14,4,0,0,0,0,0,0,0,0,0
0,0,0,0,0,0,0,0,2,4,8,30,267,424,940,1877,3717,19547,21972,36456,57683,217327,183257,250750,330211,926850,601523,681306,746387,788582,1591044,746209,683219,600958,930792,331218,251829,184673,219930,58061,36774,21946,20195,3778,1950,968,434,259,38,11,3,0,0,0,0,0,0,0,0,0
0,0,0,0,0,0,0,0,3,2,10,29,281,397,918,1910,3661,19747,21960,36454,57574,217283,182965,251158,330109,927265,600597,681848,746806,788282,1590935,745702,683635,601109,930502,331378,252000,184558,219731,58219,36613,22170,20173,3787,1925,957,433,272,38,10,3,0,0,0,0,0,0,0,0,0
0,0,0,0,0,0,0,1,2,3,9,32,286,400,879,1880,3701,19790,21910,36516,57482,217534,183385,250624,330063,927580,599252,682352,746717,788793,1590903,746308,682365,602354,929479,331513,252634,184620,219400,58477,36437,22093,20114,3820,2009,907,464,273,31,15,2,0,0,0,0,0,0,0,0,0
0,0,0,0,0,0,0,1,2,2,14,24,284,416,877,1849,3774,19604,21994,36395,57828,217545,183991,249630,329738,928265,599641,682090,747135,788121,1590528,746606,682817,602508,929360,331135,252244,185326,219041,58378,36820,21851,20070,3852,1933,938,461,269,33,14,4,1,0,0,0,0,0,0,0,0
0,0,0,0,0,0,0,0,3,4,9,30,264,455,911,1829,3776,19699,21924,36269,57932,217737,183281,250301,329874,928481,599572,682641,746467,787918,1588975,747946,682038,602448,929741,331563,252641,184513,219626,58465,36472,22177,19897,3888,1902,956,433,296,37,14,3,1,0,0,0,0,0,0,0,0
0,0,0,0,0,0,0,0,3,3,9,27,260,441,940,1862,3684,19849,21985,36111,57897,218415,182971,250159,329657,928362,600006,682378,747225,786563,1589386,747937,682260,602289,930250,331092,252668,184238,220042,58339,36624,22148,19767,3908,1967,916,421,297,33,15,4,1,0,0,0,0,0,0,0,0
0,0,0,0,0,0,0,0,3,3,9,24,260,445,931,1881,3684,19595,22070,36423,57666,218206,183082,250481,329582,927744,600113,682838,745816,788570,1589115,747507,682874,602178,929056,331850,252254,184963,219514,58584,36668,22118,19819,3856,1955,924,407,283,38,14,6,0,0,0,0,0,0,0,0,0
0,0,0,0,0,0,0,0,1,4,8,26,249,447,914,1919,3673,19507,22035,36450,57833,217943,183451,250692,330411,926668,600993,681174,747146,788989,1588166,746976,683205,602030,929436,331323,253094,184851,219200,58494,36795,21888,19990,3804,1932,962,405,265,37,18,5,0,0,0,0,0,0,0,0,0
0,0,0,0,0,0,0,0,0,4,8,30,250,416,970,1870,3666,19671,21831,36611,57645,217732,183782,251081,330106,927642,599946,682395,746858,787057,1588455,748090,683183,601247,930207,330758,253022,184966,219212,58438,36970,22037,19836,3819,1890,962,404,291,33,12,6,0,0,0,0,0,0,0,0,0
0,0,0,0,0,0,0,0,1,2,12,24,254,416,920,1899,3743,19617,21897,36471,57781,217933,182906,251221,330636,927128,600126,683289,746193,787636,1587327,748339,683379,601187,930355,331569,252297,184879,219231,58555,36811,22019,20036,3675,1936,938,447,273,31,17,3,0,0,0,0,0,0,0,0,0
0,0,0,0,0,0,0,0,1,5,7,19,278,444,883,1914,3769,19396,22069,36518,57669,217910,183480,251242,330193,926629,601550,682228,745812,787870,1588110,747543,683443,601279,930719,331471,252226,184991,219046,58421,36714,22182,20032,3723,1882,963,444,278,36,19,1,0,0,0,0,0,0,0,0,0
0,0,0,0,0,0,0,0,1,5,7,24,276,414,898,1923,3624,19618,22034,36489,57783,217794,183510,250818,330640,928118,600313,682876,744780,787266,1588751,747450,683492,601815,930277,331372,252395,184748,219398,58337,36589,22221,19973,3747,1895,956,450,276,40,11,5,0,0,0,0,0,0,0,0,0
0,0,0,0,0,0,0,0,3,3,10,21,272,401,884,1871,3711,19677,22014,36436,57761,217902,183304,250915,330207,928810,601338,682557,743072,786870,1589951,747326,682991,602632,930403,330877,251987,185094,219495,58356,36750,22056,19980,3779,1979,935,453,274,37,10,5,0,0,0,0,0,0,0,0,0
0,0,0,0,0,0,0,0,2,4,7,25,263,428,892,1880,3664,19614,21995,36375,58019,217911,183411,250416,330474,928713,601456,681910,744318,786629,1590754,746527,683478,601703,929754,331114,252327,185422,219089,58438,36817,22059,19917,3884,1957,985,453,272,36,11,4,2,0,0,0,0,0,0,0,0
0,0,0,0,0,0,0,0,1,3,12,25,251,412,906,1853,3703,19637,21963,36519,57534,217976,183199,251441,329789,929145,600380,682228,744944,787497,1589286,747970,683139,600089,930604,331714,252040,185242,219121,58495,36729,21945,20055,3775,2021,991,442,283,34,13,2,1,0,0,0,0,0,0,0,0
0,0,0,0,0,0,0,0,1,1,12,33,237,403,908,1840,3769,19727,21995,36323,57827,217949,182975,251379,330365,928523,600114,682070,745444,788628,1589310,746895,683131,600688,929964,332174,251572,185315,219266,58268,36820,21968,19919,3791,2037,987,443,290,35,7,5,1,0,0,0,0,0,0,0,0
0,0,0,0,0,0,0,0,1,0,18,27,241,407,894,1814,3709,19835,21900,36160,58005,218544,182962,251561,329606,927919,600681,680817,746561,788882,1588595,747628,683173,600947,929918,331852,251232,185505,219235,58573,36616,22118,19880,3830,1993,989,465,268,34,10,2,2,0,0,0,0,0,0,0,0
0,0,0,0,0,0,0,0,1,1,12,32,239,419,862,1807,3723,19972,21807,36508,57758,218007,183965,250749,329800,926742,601140,681781,746097,788311,1591137,746292,682093,602204,929343,331432,251728,184973,219650,58554,36602,22061,20048,3802,2019,954,462,276,30,9,6,1,0,0,0,0,0,0,0,0
0,0,0,0,0,0,0,0,1,2,13,31,225,432,875,1766,3748,19899,21734,36414,57847,218252,183958,251128,329033,927163,601474,681564,745912,788504,1590288,747694,682387,601008,929517,331015,252152,185110,219537,58479,36591,22132,20037,3722,1986,1007,424,305,24,15,1,3,0,0,0,0,0,0,0,0
0,0,0,0,0,0,0,0,0,4,12,28,240,392,889,1831,3734,19845,21904,36445,57781,218591,183677,250662,329341,927179,602244,681257,746038,788431,1589534,747944,681143,602595,929346,330044,252895,184804,220153,58229,36558,22138,20012,3731,1997,995,427,294,31,9,2,3,0,0,0,0,0,0,0,0
0,0,0,0,0,0,0,0,0,2,13,26,238,392,867,1860,3702,19680,21962,36809,57504,218445,183663,250966,328805,927894,601348,681936,745639,787976,1591025,746790,682455,601312,929845,331173,252001,184797,219845,58332,36543,22067,20006,3674,2082,952,454,285,30,9,1,4,0,0,0,0,0,0,0,0
0,0,0,0,0,0,0,0,0,2,9,34,235,378,889,1889,3671,19590,22187,36567,58046,217995,184544,250157,328492,927943,601316,681501,745884,789078,1591010,746159,682509,601232,929778,330995,252026,184890,219943,58505,36262,22217,19910,3773,2057,967,417,301,37,9,3,2,0,0,0,0,0,0,0,0
0,0,0,0,0,0,0,0,0,1,8,29,255,357,919,1884,3709,19598,22179,36429,57902,218589,184058,250256,328639,928128,600897,681631,745749,788246,1591960,747436,680806,601204,930570,331333,251358,184977,219862,58239,36449,22186,20023,3786,2021,974,431,283,35,7,3,3,0,0,0,0,0,0,0,0
0,0,0,0,0,0,0,0,0,4,7,33,243,390,877,1861,3752,19521,22314,36302,58068,218724,183981,249889,329488,928108,600633,681761,744674,787469,1594135,746239,681955,600167,931242,330417,252228,184605,219950,58045,36550,22147,20095,3851,1931,973,447,286,34,9,1,3,0,0,0,0,0,0,0,0
0,0,0,0,0,0,0,0,0,5,5,34,239,385,921,1852,3709,19583,22113,36163,58227,218960,184031,250320,328689,928312,601589,680154,745846,787773,1593404,746022,681646,600848,929898,332000,251388,184847,220098,57868,36790,22003,20172,3850,1943,952,443,283,27,12,3,2,0,0,0,0,0,0,0,0
0,0,0,0,0,0,0,0,0,4,8,27,227,400,930,1856,3661,19655,22150,36251,57832,219145,184024,250449,329452,926951,601768,681205,745714,787691,1591671,747321,682711,600267,930006,331040,251526,185243,219967,58071,36295,22319,20070,3834,1944,936,471,263,39,10,3,2,0,0,0,0,0,0,0,0
0,0,0,0,0,0,0,0,0,2,8,26,239,380,918,1915,3713,19675,21901,36327,57690,219467,183396,251304,329209,926643,601212,681297,746190,787701,1592116,747703,681057,601324,930660,330329,251490,184989,220086,58417,36251,22052,20223,3852,1907,976,439,270,37,11,6,1,0,0,0,0,0,0,0,0
0,0,0,0,0,0,0,0,0,2,12,23,236,385,931,1853,3734,19662,21886,36266,58175,218917,184001,250801,330012,926677,599842,681839,745754,788192,1592503,746497,682976,599892,930808,330635,251519,184708,220177,58300,36485,22007,20247,3821,1956,941,408,284,25,17,3,0,0,0,0,0,0,0,0,0
0,0,0,0,0,0,0,0,0,2,9,26,231,394,948,1819,3770,19707,21735,36703,58068,218728,183465,251516,330263,925910,600965,680908,745642,788843,1591051,747814,683093,600841,929081,330805,252314,184443,219687,58433,36397,22093,20233,3834,1972,943,413,266,24,16,4,0,0,0,0,0,0,0,0,0
0,0,0,0,0,0,0,0,0,0,10,26,233,381,932,1939,3728,19510,21891,36845,58049,218277,183819,251155,330629,926396,599922,682225,744165,789555,1590372,749086,682811,600398,928993,331188,252010,184629,219766,58049,36565,22217,20198,3781,1946,980,425,262,27,15,4,0,0,0,0,0,0,0,0,0
0,0,0,0,0,0,0,0,0,1,8,30,233,395,904,1952,3713,19555,21954,36599,57975,218006,184266,251735,330132,926120,601035,679960,746217,789208,1590947,747421,682082,602358,928923,330208,252838,184514,219987,57647,36604,22147,20232,3834,1965,922,474,265,29,10,4,0,0,0,0,0,0,0,0,0
0,0,0,0,0,0,0,0,0,2,8,30,221,400,927,1903,3671,19611,22002,36471,57988,218170,184611,250533,330972,926772,599830,681195,745450,788880,1591363,746728,683050,601812,928648,330705,252603,184851,219644,57799,36656,22347,20126,3787,1931,940,471,255,30,14,1,1,0,0,0,0,0,0,0,0
0,0,0,0,0,0,0,0,0,2,11,30,215,433,929,1862,3760,19601,21906,36457,57664,218590,184366,251147,329987,925982,601285,680371,746736,787780,1590954,747983,682802,601015,929482,331080,252173,184709,219287,58180,36827,22408,20007,3760,1922,939,450,266,37,11,2,1,0,0,0,0,0,0,0,0
0,0,0,0,0,0,0,0,0,5,8,27,200,442,925,1921,3748,19629,21886,36350,57874,218210,184690,251065,329414,926808,600031,682233,745830,787089,1592728,747178,682107,601447,929243,330664,252609,185146,219288,58096,36890,22154,20046,3791,1923,949,453,260,35,12,5,0,0,0,0,0,0,0,0,0
0,0,0,0,0,0,0,0,0,4,10,27,232,411,909,1946,3766,19568,21951,35993,58126,218222,184731,250643,330019,925751,601384,681271,745116,789118,1591418,747557,682226,601908,929405,330444,252330,184774,219841,58114,36627,22035,20093,3828,1911,919,439,294,31,10,7,0,0,0,0,0,0,0,0,0
0,0,0,0,0,0,0,0,1,2,12,27,237,405,938,1873,3774,19519,22043,36103,57753,218726,184396,250556,330027,926886,600249,681427,746500,787125,1591948,746966,683039,601669,929338,331160,251731,184596,219916,58270,36665,22065,19994,3852,1918,941,418,291,35,10,8,0,0,0,0,0,0,0,0,0
0,0,0,0,0,0,0,0,2,0,14,23,234,436,885,1921,3736,19610,22035,36178,57815,218675,184044,251254,329844,926609,599724,682259,746836,788477,1589570,747398,683879,600768,929913,330014,252111,184749,219824,58090,36882,22106,20001,3882,1890,939,448,282,33,14,4,1,0,0,0,0,0,0,0,0
0,0,0,0,0,0,0,0,2,1,13,26,221,427,930,1881,3797,19636,22104,36124,57486,218911,183945,251232,330232,925985,599750,682251,747906,787991,1588896,748104,682449,601587,929694,331038,251464,185217,219160,58362,36965,21881,20263,3848,1922,934,451,265,43,10,4,1,0,0,0,0,0,0,0,0
0,0,0,0,0,0,0,0,2,3,13,21,242,397,924,1944,3697,19806,22078,36101,57457,219476,182987,251396,330441,926785,600206,681850,747071,788781,1588902,746536,682732,601701,930053,331300,251423,185096,219243,58299,36537,22303,20122,3914,1888,891,466,275,32,13,3,2,0,0,0,0,0,0,0,0
0,0,0,0,0,0,0,0,2,4,10,30,239,407,938,1916,3637,19831,22153,36146,57525,219092,183773,250883,330053,927023,601009,680431,747886,789625,1588080,746821,682556,601412,930275,331065,251805,184112,219873,58176,36901,22094,20184,3861,1895,894,459,273,43,11,4,2,0,0,0,0,0,0,0,0
0,0,0,0,0,0,0,0,3,2,11,24,237,437,915,1881,3722,19753,22140,35987,57662,218571,184331,251134,330082,927114,600130,681837,747420,789205,1588949,745869,682660,601133,931091,330623,251129,185086,219120,58583,36889,22035,20146,3872,1933,912,449,279,32,15,4,2,0,0,0,0,0,0,0,0
0,0,0,0,0,0,0,0,2,1,13,31,240,421,923,1896,3705,19718,22007,36121,57725,219024,183808,251210,330534,925843,601664,681287,747596,788166,1588964,747013,682353,601671,930708,330751,251079,184599,219404,58360,36713,22168,20262,3816,1902,921,447,289,31,15,7,1,0,0,0,0,0,0,0,0
0,0,0,0,0,0,0,0,3,2,11,28,243,434,911,1885,3730,19756,21957,36336,57581,219213,183872,251577,329617,926959,600569,682277,747358,787565,1589149,746963,682933,600784,930204,331242,251669,184110,219628,58114,36839,22367,20092,3843,1873,924,444,291,36,14,4,2,0,0,0,0,0,0,0,0
0,0,0,0,0,0,0,0,2,4,10,28,240,435,929,1852,3713,19784,22058,36383,57266,218805,184603,251779,329052,927481,600340,681642,746952,788056,1589585,747469,682703,601596,929066,331515,251446,184492,219428,58247,36553,22329,20196,3744,1901,935,457,288,25,12,6,2,0,0,0,0,0,0,0,0
0,0,0,0,0,0,0,0,3,3,15,15,261,441,888,1866,3640,19877,22225,36365,57204,218617,184743,251434,330032,926533,600375,682899,745902,787944,1589990,747172,683111,601096,929690,330517,252077,185028,219068,58130,36379,22191,20285,3759,1915,950,441,276,32,11,6,3,0,0,0,0,0,0,0,0
0,0,0,0,0,0,0,0,4,1,15,23,266,444,874,1861,3642,19928,21993,36334,57602,218771,184536,251094,330622,925464,601640,682460,746317,786985,1590245,748466,681578,601009,929993,330638,252173,184646,219429,57874,36582,22136,20271,3820,1961,934,456,271,34,7,7,3,0,0,0,0,0,0,0,0
0,0,0,0,0,0,0,0,3,2,10,36,267,437,897,1778,3780,19884,21939,36272,57552,219420,184378,251258,330099,926289,600728,682136,746035,787560,1590993,747483,681988,601345,929654,330386,252094,185114,219439,57598,36565,22256,20278,3743,1975,959,449,279,33,9,6,3,0,0,0,0,0,0,0,0
0,0,0,0,0,0,0,0,3,2,9,37,256,445,898,1852,3771,19822,21741,36404,57637,219346,184019,252076,329688,925759,601369,681647,746428,787516,1591539,746555,681736,602118,929999,330453,252391,184177,219334,57835,36627,22288,20166,3775,1961,945,442,295,31,6,7,3,1,0,0,0,0,0,0,0
0,0,0,0,0,0,0,0,2,4,10,34,252,426,956,1856,3701,19838,21907,36196,57841,218912,185250,250772,329974,925386,601410,682380,745652,787911,1591590,746928,681193,602218,929986,330526,252311,184609,219119,57781,36469,22391,20164,3783,1911,969,448,291,30,10,7,5,0,0,0,0,0,0,0,0
0,0,0,0,0,0,0,1,2,1,11,38,259,412,920,1914,3693,19673,22030,36261,57782,218825,184868,251378,329828,927007,600286,681369,746197,788688,1589223,748698,681226,601875,930251,330580,251614,185160,218990,57961,36418,22293,20259,3702,1975,947,475,263,32,14,3,7,0,0,0,0,0,0,0,0
0,0,0,0,0,0,0,0,2,3,11,38,266,408,912,1914,3726,19776,21722,36322,57769,218899,184849,251145,330096,927109,599857,682165,746130,787352,1591132,747508,682189,600897,930105,330584,252094,184719,219319,57992,36429,22329,20107,3860,1934,984,422,292,20,12,4,6,0,0,0,0,0,0,0,0
0,0,0,0,0,0,0,1,1,5,10,37,264,426,916,1920,3713,19901,21707,36247,57475,219293,184136,251380,330497,927552,599684,680689,746918,787788,1592087,747845,681165,600020,929696,331546,251972,184830,219199,58121,36508,22254,20038,3829,1994,978,436,285,25,9,7,5,0,0,0,0,0,0,0,0
0,0,0,0,0,0,0,1,2,3,14,38,265,419,946,1947,3693,19786,21948,36059,57614,219027,184104,251140,330792,928025,600337,680042,746115,788187,1593006,745581,682415,601584,927986,331542,251868,184848,219732,58111,36354,22183,20065,3906,1967,975,453,281,29,9,7,3,0,0,0,0,0,0,0,0
0,0,0,0,0,0,0,1,2,2,14,33,270,434,908,1906,3758,19816,22064,35964,57777,218583,184351,251023,330996,927378,600356,681594,744855,788924,1591390,747323,682435,601086,928841,330865,250808,185503,219929,58129,36447,21890,20132,3844,2018,963,483,265,34,7,6,2,0,0,0,0,0,0,0,0
0,0,0,0,0,0,0,0,3,3,12,39,280,423,925,1884,3847,19651,21948,36531,57572,218681,184268,251340,330456,927333,599745,681017,747120,787316,1590406,748510,682446,601169,929445,330594,250961,185093,220033,58254,36499,21857,20090,3901,1970,1019,444,277,30,12,3,2,0,0,0,0,0,0,0,0
0,0,0,0,0,0,0,0,3,5,10,33,272,435,910,1916,3810,19655,21846,36582,57642,218553,184453,251478,329898,927921,600611,679742,745946,788610,1591167,748016,683108,599267,930365,330344,251678,184708,219999,58393,36186,22223,19955,3961,1943,975,470,274,30,14,0,1,1,0,0,0,0,0,0,0
0,0,0,0,0,0,0,0,3,2,11,32,280,443,921,1861,3882,19740,21900,36309,57865,218593,184275,251360,330102,928558,599421,681158,745076,790079,1589312,749398,682076,599263,929839,330972,251446,184796,220406,58051,36209,22162,19942,3909,1985,982,459,284,32,10,3,1,1,0,0,0,0,0,0,0
0,0,0,0,0,0,0,0,4,2,12,34,269,462,909,1927,3802,19770,21834,36199,57975,218531,184607,250892,330493,929128,599143,680107,746312,788439,1590936,747377,683082,599776,929857,330398,252030,185138,219867,58060,36332,22018,20100,3828,1979,985,480,266,34,8,4,2,1,0,0,0,0,0,0,0
0,0,0,0,0,0,0,0,3,6,9,26,273,460,907,1944,3814,19714,21864,36247,57667,218925,184158,251116,330762,928606,599436,681404,746934,787591,1591117,745688,682443,600920,929643,330935,251741,184938,219843,58499,36255,21867,20024,3859,1971,1045,434,273,34,6,6,1,1,0,0,0,0,0,0,0
0,0,0,0,0,0,0,0,4,4,11,24,288,423,967,1990,3640,19814,21803,36287,57721,219026,184357,251003,330286,927331,601009,682546,746387,787357,1590289,746484,681802,601871,928619,330814,251982,185184,219942,58160,36417,21888,20074,3900,1940,1008,452,261,26,10,5,2,1,0,0,0,0,0,0,0
0,0,0,0,0,0,0,0,5,2,12,23,278,453,965,1871,3737,19934,21755,36256,57592,218706,184481,251450,330503,928201,600917,682052,745064,787359,1591825,745672,682219,600909,929313,330048,252411,185038,220130,58430,36369,21769,20079,3882,1973,944,466,271,23,15,5,1,1,0,0,0,0,0,0,0
0,0,0,0,0,0,0,1,3,5,7,31,261,440,947,1903,3690,19988,21882,36144,57685,218527,184591,252060,329516,928977,600546,680459,746344,787782,1590887,746048,683488,600173,929495,330396,251578,185127,220140,58426,36322,21930,20103,3878,1886,961,460,272,32,12,4,1,1,0,0,0,0,0,0,0
0,0,0,0,0,0,0,1,0,5,15,25,264,438,972,1870,3690,19883,22073,36103,57597,218630,184390,251635,330066,928799,601090,680692,744907,789321,1590808,746308,682647,599527,929132,331651,251540,185298,219545,58388,36659,21822,20121,3835,1928,958,446,286,27,10,3,3,1,0,0,0,0,0,0,0
0,0,0,0,0,0,0,0,2,2,14,40,254,442,925,1907,3698,19879,21944,36251,57787,218360,184164,252148,329658,929926,601205,680009,745300,787795,1590878,745551,683204,600247,929997,331229,251830,184536,220071,58014,36538,22038,20038,3890,1927,920,469,275,31,10,2,3,1,0,0,0,0,0,0,0
0,0,0,0,0,0,0,0,1,4,14,32,266,423,930,1972,3745,19710,21884,36277,58003,217900,185027,251520,330275,929197,600565,681312,744635,788042,1590603,746367,682547,600289,930694,331213,251048,184976,219679,58202,36487,22006,19928,3969,1928,950,471,276,27,8,3,4,0,0,0,0,0,0,0,0
0,0,0,0,0,0,0,0,2,3,14,35,246,449,936,1933,3758,19803,21775,36327,58196,217726,184714,251936,329707,929245,600810,682184,744339,788323,1589806,746890,681783,601380,930115,330687,251967,184515,219602,58215,36331,22094,19896,3972,1969,935,471,271,35,7,3,4,0,0,0,0,0,0,0,0
0,0,0,0,0,0,0,0,2,2,16,35,242,450,961,1930,3715,19682,21970,36306,57958,218443,184046,251118,330606,928835,601868,681385,745075,787658,1589604,746832,683034,600902,929492,331039,251969,184611,219438,58129,36644,21836,19995,3846,2018,949,457,259,36,8,3,4,1,0,0,0,0,0,0,0
0,0,0,0,0,0,0,0,2,0,22,33,254,430,975,1956,3705,19626,21920,36506,57684,218458,184275,251431,330406,928984,601630,681522,745291,787255,1589412,746813,683863,600839,929311,330781,251774,184295,219612,58235,36742,21794,19958,3882,2014,961,448,254,35,12,5,3,1,0,0,0,0,0,0,0
0,0,0,0,0,0,0,0,2,3,15,38,252,425,940,1990,3707,19624,21877,36474,57731,218822,184093,251311,330202,929761,600470,681596,745782,787586,1588967,747730,682847,600645,929918,330086,252089,185012,219001,58153,36928,21760,20048,3781,2017,973,430,266,35,14,5,3,0,0,0,0,0,0,0,0
0,0,0,0,0,0,0,0,0,6,16,33,240,431,974,1949,3693,19753,21830,36261,57908,218791,184195,251201,330205,929323,600959,680835,745805,787802,1589915,747077,682661,601169,929546,330778,251331,185280,218968,58161,36934,21865,19886,3893,2009,986,414,262,42,15,3,4,0,0,0,0,0,0,0,0
0,0,0,0,0,0,0,0,1,8,14,29,246,405,965,1939,3797,19588,22095,36230,57553,218947,183775,251739,330546,928271,600461,681867,745926,787887,1590022,747465,681863,601972,928906,330443,251650,185141,219289,58299,36656,21841,20031,3794,2047,925,452,271,34,13,2,4,0,0,0,0,0,0,0,0
0,0,0,0,0,0,0,0,0,5,18,35,228,426,971,1872,3819,19655,21887,36483,57616,218487,184451,251150,330677,927540,600396,681438,746841,788300,1590166,747203,682768,601216,928652,330924,251975,184327,219624,58400,36378,21962,19917,3870,1983,974,448,273,36,12,3,3,0,0,0,0,0,0,0,0
0,0,0,0,0,0,0,0,0,4,22,31,244,426,962,1894,3767,19845,21952,36216,57775,218968,183751,250671,331519,928488,599076,681308,747346,787882,1590986,746166,682912,602086,928506,330956,251195,184944,219212,58180,36671,21953,19953,3805,1970,1000,436,277,40,10,0,4,0,0,0,0,0,0,0,0
0,0,0,0,0,0,0,0,0,3,23,31,244,451,933,1921,3731,19916,21953,35880,57897,218659,183922,251259,330519,928993,598802,682553,747082,787125,1590583,746965,682641,600972,930450,330163,251353,184810,219320,58174,36560,22087,19878,3798,2019,955,465,272,33,8,2,3,1,0,0,0,0,0,0,0
0,0,0,0,0,0,0,0,0,5,21,24,244,448,914,1901,3833,19711,22055,35983,57921,218268,184789,250598,330294,929296,598897,683412,746856,787466,1589611,746926,682098,601795,929923,330238,251332,184926,219427,58031,36614,21949,20066,3830,1951,982,449,277,36,5,4,3,0,0,0,0,0,0,0,0
0,0,0,0,0,0,0,0,0,5,22,22,257,453,896,1948,3718,19883,21586,36352,58193,218151,184050,251017,330517,928822,599310,682830,747506,786750,1590108,747222,681791,601678,929876,330414,251816,185112,218949,58067,36354,22215,20051,3764,1966,962,460,265,35,10,3,3,0,0,0,0,0,0,0,0
0,0,0,0,0,0,0,0,1,4,15,27,267,434,950,1823,3829,19890,21583,36490,58129,218534,184001,250964,330116,928440,600345,681592,747684,788020,1589181,746551,682327,601641,930692,329777,252018,184807,219190,57550,36878,22139,20044,3760,1997,961,431,278,33,10,2,4,0,0,0,0,0,0,0,0
0,0,0,0,0,0,0,0,2,3,14,30,262,438,932,1871,3740,19875,21818,36209,58004,218341,183927,251901,329450,927886,600193,683320,746842,786830,1590691,745669,683897,601205,929621,330422,251825,184802,219205,57854,36471,22341,20044,3798,1954,959,435,285,27,10,2,4,0,0,0,0,0,0,0,0
0,0,0,0,0,0,0,0,2,3,14,25,266,451,919,1840,3766,19840,21865,36313,57819,218413,184175,251515,329451,927512,600691,682933,746720,787678,1590164,746521,683189,601579,929528,329666,252322,185004,219055,57755,36595,22419,19872,3893,1908,955,449,279,30,9,2,4,0,0,0,0,0,0,0,0
0,0,0,0,0,0,0,0,2,0,17,29,274,418,927,1880,3722,19833,21788,36436,57565,218700,184021,251276,329594,927251,600852,682378,746817,788817,1590174,747351,681641,601304,929701,329986,251424,185978,219035,57927,36599,22284,19897,3819,1949,990,450,260,30,7,5,1,0,0,0,0,0,0,0,0
0,0,0,0,0,0,0,0,2,0,12,37,255,429,914,1849,3770,19733,21964,36488,57790,218153,184348,251591,329062,927327,600203,682483,747202,787933,1591367,747500,681892,600838,929076,330282,251964,185088,219455,58029,36793,22092,19968,3866,1945,973,430,267,23,7,7,2,0,0,0,0,0,0,0,0
0,0,0,0,0,0,0,0,1,6,7,34,277,405,915,1889,3754,19887,21773,36468,57828,217862,184838,251310,329442,927520,601001,681135,746058,789692,1589822,747434,682732,600590,929526,330304,251788,184846,219742,58386,36481,22212,19952,3839,1985,915,447,267,24,7,6,2,0,0,0,0,0,0,0,0
0,0,0,0,0,0,0,0,1,4,10,29,252,455,874,1883,3774,19759,22078,36365,57423,218243,184873,250619,329798,927657,600115,681827,747299,788487,1589756,747125,682018,602426,929424,329958,251581,185203,219756,57972,36737,22256,19858,3912,1905,980,412,270,22,6,3,4,0,0,0,0,0,0,0,0
0,0,0,0,0,0,0,0,1,2,11,32,245,444,899,1869,3753,19851,21938,36189,57590,218012,184621,251404,329770,927968,599756,680910,747820,788272,1590978,746052,682250,602751,929083,329974,251945,184759,219819,58038,36835,22071,19911,4006,1904,956,425,256,23,10,3,3,0,0,0,0,0,0,0,0
0,0,0,0,0,0,0,0,1,3,9,32,253,422,946,1863,3740,19756,21886,36166,57562,218544,184509,251100,329665,928220,599633,681349,747092,789201,1589723,747226,682783,601410,928950,330766,251613,184892,219666,58232,36622,22001,20022,3878,1983,972,422,255,25,10,4,2,0,0,0,0,0,0,0,0
0,0,0,0,0,0,0,0,0,4,10,29,239,449,961,1825,3659,19823,21741,36232,57465,219136,184285,250787,330190,926447,601042,682069,746937,787219,1591127,748255,682253,600829,929465,330032,252228,184632,219622,58054,36755,22139,19863,3938,1954,979,444,256,24,5,4,2,0,0,0,0,0,0,0,0
0,0,0,0,0,0,0,0,1,4,6,24,262,469,900,1864,3689,19724,22058,35933,57596,218912,184150,251332,328870,927883,600359,681550,747163,788340,1591181,747443,682910,600467,929081,330364,251847,185103,219454,58348,36330,22258,19935,3941,1956,984,421,257,31,4,3,2,0,0,0,0,0,0,0,0
0,0,0,0,0,0,0,0,2,2,6,31,262,451,927,1846,3681,19742,21897,36093,57837,218475,184120,251139,329178,927134,600978,681728,746104,789257,1590785,747283,682991,600932,929015,330604,251815,185066,219412,58542,36455,21994,20087,3852,1996,956,425,276,20,9,2,2,0,0,0,0,0,0,0,0
0,0,0,0,0,0,0,0,2,2,7,40,259,412,944,1849,3766,19808,21827,36116,57659,219121,183608,251581,328687,928052,599996,681766,746360,788512,1591847,747643,681179,601642,929136,330328,252101,185493,219251,58223,36425,22086,20152,3876,1976,931,428,280,26,9,2,1,0,0,0,0,0,0,0,0
0,0,0,0,0,0,0,0,2,3,5,42,254,444,917,1850,3662,19723,21981,36282,57679,219471,183486,250531,329463,928476,599408,682081,746383,788695,1591033,747579,681582,601277,928749,330793,252745,184938,219497,58168,36388,22242,20051,3870,1935,963,452,267,28,9,4,1,0,0,0,0,0,0,0,0
0,0,0,0,0,0,0,0,2,2,5,36,270,442,886,1858,3695,19669,21805,36525,58078,218707,183401,251055,329351,927388,600485,682296,745520,788791,1591317,747078,681213,600676,930647,330088,252796,185600,219305,58147,36560,22093,20063,3866,2007,929,453,265,23,12,3,1,0,0,0,0,0,0,0,0
0,0,0,0,0,0,0,0,2,3,9,33,263,423,871,1878,3702,19736,21841,36507,58003,218670,183900,250356,329660,927215,600862,681589,746321,788217,1592127,745662,681166,601493,930244,331300,252496,185003,219684,57825,36689,21991,20173,3796,1972,1003,432,254,22,10,3,3,0,0,0,0,0,0,0,0
0,0,0,0,0,0,0,0,1,4,10,35,266,408,919,1836,3679,19871,21923,36583,57488,218829,183613,250533,329735,927676,600582,681690,745473,787864,1592101,746774,681394,600536,930515,331258,252710,185157,219643,57924,36719,21936,20171,3829,2033,988,418,250,22,10,0,3,0,0,0,0,0,0,0,0
0,0,0,0,0,0,0,0,0,3,13,30,266,427,898,1801,3706,19858,21973,36408,57760,218482,183728,250640,329077,928417,600084,682559,746017,786931,1591953,746096,682202,600617,930269,331146,252484,185234,219978,57970,36782,22125,19951,3836,2021,947,425,261,19,10,3,2,0,0,0,0,0,0,0,0
0,0,0,0,0,0,0,0,0,3,12,33,251,447,864,1885,3650,19744,22085,36457,57748,218607,183410,250181,330633,926778,600453,682511,746038,786417,1591995,746348,682646,600786,930604,330607,252716,184982,219800,58479,36683,21993,20034,3897,1962,944,431,257,23,11,2,2,0,0,0,0,0,0,0,0
0,0,0,0,0,0,0,0,1,2,12,32,254,431,890,1902,3711,19642,22269,36330,58033,218241,183143,251415,329660,927092,600889,682383,744428,787387,1591477,746471,682907,600483,931514,329968,252357,185357,219960,58391,36561,22055,20179,3905,1995,966,411,265,26,9,4,1,0,0,0,0,0,0,0,0
0,0,0,0,0,0,0,0,2,2,12,23,285,390,889,1886,3809,19664,22133,36430,57625,218394,183704,250613,329992,927013,600792,681655,745446,786780,1591917,746807,682446,600649,931361,330443,252247,185356,220060,58225,36429,22279,20100,3881,1952,985,449,241,28,10,5,0,0,0,0,0,0,0,0,0
0,0,0,0,0,0,0,0,2,4,9,24,271,413,874,1891,3838,19716,21967,36271,57935,218580,183796,250400,329682,927680,599583,680917,745948,788623,1590278,747094,682083,601378,931223,331003,252106,184831,220312,58230,36473,22340,20173,3787,2001,945,432,252,26,15,3,0,0,0,0,0,0,0,0,0
0,0,0,0,0,0,0,0,3,3,11,25,261,418,883,1913,3732,19706,22075,36359,57804,218394,183491,251109,329965,927582,600166,680968,745277,788183,1589750,747908,682447,600520,931884,330111,252718,184877,220114,58528,36396,22099,20243,3857,1925,962,448,248,33,9,2,2,0,0,0,0,0,0,0,0
0,0,0,0,0,0,0,0,2,5,10,26,262,402,920,1907,3709,19706,21900,36663,57445,218387,183166,251560,329790,928196,599791,680932,745006,787641,1590527,746425,683417,602413,930592,330302,252389,184849,220555,58203,36598,22131,20125,3782,2008,947,431,244,34,7,3,1,0,0,0,0,0,0,0,0
0,0,0,0,0,0,0,0,2,5,9,33,262,386,913,1952,3825,19574,21755,36484,57819,218244,183368,251126,330066,926484,601573,680422,745341,787852,1589951,746240,684155,601804,931142,329877,252507,185226,220343,58153,36871,22100,20057,3841,1987,933,457,230,24,12,4,0,0,0,0,0,0,0,0,0
0,0,0,0,0,0,0,0,1,6,16,27,256,398,896,1964,3787,19778,21753,36230,57879,217583,184447,250486,330163,927631,599214,682068,745361,786622,1590031,746828,684394,601486,931402,330252,251922,185131,220617,58329,36767,22266,19993,3828,1898,1005,419,232,24,14,5,0,0,0,0,0,0,0,0,0
0,0,0,0,0,0,0,0,1,4,16,31,265,401,918,1902,3759,19793,21914,36599,57592,218024,183568,250169,330220,927299,600744,680257,746819,785847,1590565,748475,682343,601686,931184,331009,251628,185136,220285,58489,36761,22144,20093,3887,1908,965,427,235,30,12,5,0,0,0,0,0,0,0,0,0
0,0,0,0,0,0,0,0,1,3,16,29,261,445,844,1957,3706,19838,21902,36262,57751,217647,183978,250809,329758,927558,599977,680744,745622,786551,1590307,748371,682856,602195,931015,331095,251458,185406,220195,58461,36623,22280,20118,3757,1930,960,433,246,31,7,5,1,0,0,0,0,0,0,0,0
0,0,0,0,0,0,0,0,1,5,11,35,267,417,894,1902,3792,19689,21888,36151,57725,218259,183665,250155,329951,926732,600114,681665,745299,786731,1589386,748751,683460,603007,930270,331592,251307,185007,220658,58162,36684,22152,20308,3733,1913,935,449,239,31,12,4,1,0,0,0,0,0,0,0,0
0,0,0,0,0,0,0,0,2,3,16,30,271,429,888,1933,3743,19609,22229,35939,57551,217650,184413,250312,329298,926787,600800,681312,744796,787379,1590518,747474,684262,602538,929916,330679,252742,184463,220473,58325,36786,22283,20203,3759,1913,955,448,234,29,13,5,1,0,0,0,0,0,0,0,0
0,0,0,0,0,0,0,0,2,3,14,28,264,435,897,1871,3787,19750,21976,36227,57388,217690,183841,250723,329616,926934,600364,681168,745368,787102,1590600,746746,684584,601306,930669,331594,252145,184948,220439,58517,36552,22257,20260,3730,1920,992,411,248,21,16,5,1,0,0,0,0,0,0,0,0
0,0,0,0,0,0,0,0,1,2,14,34,255,425,906,1878,3747,19903,21847,36009,57629,217919,183284,250819,329635,927312,600206,681535,745962,787305,1588700,747103,684603,602093,930188,331325,252082,185643,220507,58222,36544,22220,20231,3731,1887,990,428,241,26,15,2,1,0,0,0,0,0,0,0,0
0,0,0,0,0,0,0,0,0,2,10,38,252,424,899,1853,3770,19800,21768,36112,57762,217887,182966,251221,329704,926754,600239,680232,747659,786900,1588752,747078,683772,603307,929902,331421,252194,185450,220469,58351,36783,22222,20114,3779,1921,941,412,239,37,9,3,1,0,0,0,0,0,0,0,0
0,0,0,0,0,0,0,0,0,3,7,37,246,429,909,1903,3690,19803,21782,36114,57722,217428,184321,250233,329854,926236,599807,680626,747050,787470,1589236,747350,683818,602185,930295,330756,253126,185711,220622,58327,36643,22192,20124,3768,1965,914,424,232,41,6,2,2,0,0,0,0,0,0,0,0
0,0,0,0,0,0,0,0,0,4,9,31,255,415,937,1939,3688,19650,21724,36454,57530,217397,184093,250876,329189,926641,599242,681280,746088,787004,1590368,747279,683420,602207,930608,331050,253293,185459,220376,58648,36600,22236,20057,3789,1904,965,413,244,33,10,2,2,0,0,0,0,0,0,0,0
0,0,0,0,0,0,0,0,1,2,10,32,256,387,967,1924,3756,19450,21877,36365,57447,217696,183365,251606,329323,925735,600506,679901,746601,786497,1591808,746890,683031,601918,930772,331690,252638,185703,220639,58334,36582,22184,20139,3785,1956,940,422,231,30,9,4,0,0,0,0,0,0,0,0,0
0,0,0,0,0,0,0,0,1,3,13,33,255,409,948,1915,3708,19272,21956,36403,57390,218047,183447,251087,329136,925665,599643,681410,745622,786613,1591886,746880,683960,602462,930093,331932,252233,185564,220590,58352,36821,22136,20132,3802,1971,893,449,238,30,7,1,1,0,0,0,0,0,0,0,0
0,0,0,0,0,0,0,0,1,2,16,31,254,439,925,1892,3718,19527,21821,36291,57329,217846,183553,250793,328939,925942,600199,679777,746004,787213,1591669,748530,683126,601691,930807,331654,252395,185269,220733,58598,36700,22177,20077,3908,1895,941,436,248,35,6,1,1,0,0,0,0,0,0,0,0
0,0,0,0,0,0,0,0,0,8,9,37,263,450,868,1937,3654,19678,21648,36239,57610,217645,183393,250716,328635,926959,599374,678776,746153,789438,1591103,747436,681797,603536,931133,331779,252684,185108,220229,58748,36659,22233,20032,3867,1902,942,410,281,28,10,1,1,0,0,0,0,0,0,0,0
0,0,0,0,0,0,0,0,1,3,16,36,288,406,928,1880,3669,19673,21703,36355,57444,217526,183780,250271,329070,926277,599431,679813,745719,789791,1590688,745823,682956,602978,931500,332139,253089,184886,220294,58439,36813,22238,19956,3950,1930,935,413,258,36,6,1,1,0,0,0,0,0,0,0,0
0,0,0,0,0,0,0,0,1,5,15,29,280,406,881,1931,3681,19571,21865,36250,57708,217016,183707,250776,328854,925354,599403,681271,745251,788504,1591412,746318,683534,603030,931477,331062,253253,185552,220020,58634,36599,22096,20147,3935,1933,945,385,282,25,9,1,1,0,0,0,0,0,0,0,0
0,0,0,0,0,0,0,0,1,6,11,32,256,415,932,1841,3757,19512,21872,36152,57577,217888,183442,250467,328158,925459,600219,680816,745365,788884,1590189,747484,682894,602456,931697,331894,253023,185542,220503,58242,36633,22298,20143,3759,1957,912,404,280,26,8,3,0,0,0,0,0,0,0,0,0
0,0,0,0,0,0,0,0,0,5,12,31,257,434,883,1920,3681,19463,21923,36140,57675,217661,182979,250533,327986,926221,599877,680685,745944,788283,1589800,748529,682260,602228,932372,331700,253200,185828,220138,58233,36859,22044,20273,3741,1973,914,416,260,40,4,4,0,0,0,0,0,0,0,0,0
0,0,0,0,0,0,0,0,0,4,16,26,259,431,872,1911,3642,19499,21951,36273,57551,216929,184270,249699,328449,925805,599895,681175,745393,787399,1591589,747042,682807,602355,932386,332245,252854,186147,219691,58241,37043,22080,20014,3901,1942,886,413,279,34,8,3,0,0,0,0,0,0,0,0,0
0,0,0,0,0,0,0,0,0,3,11,38,271,426,864,1889,3708,19432,22046,36172,57553,217334,183278,249950,328660,925729,599451,681089,746338,788352,1589548,747032,683302,602692,932823,332351,252640,185478,219977,58248,37087,22197,20003,3883,1951,888,397,271,36,8,3,0,0,0,0,0,0,0,0,0
0,0,0,0,0,0,0,0,1,1,8,39,275,430,907,1889,3637,19422,21908,36309,57372,217508,183339,250107,328358,926158,598907,681362,746162,787915,1589186,747846,683327,602454,933374,332074,252429,185182,220509,58409,36690,22508,20022,3822,1936,907,413,261,33,10,3,0,0,0,0,0,0,0,0,0
0,0,0,0,0,0,0,0,1,2,5,39,271,443,909,1852,3668,19531,21644,36238,57721,217353,183166,250300,327713,926651,599538,680628,745807,787974,1589960,748052,683268,602548,932912,331635,252753,185454,220711,57968,36687,22485,20075,3846,1942,908,440,267,30,9,4,1,0,0,0,0,0,0,0,0
0,0,0,0,0,0,0,0,0,4,9,30,262,436,938,1891,3640,19633,21558,36153,57686,217124,183231,250102,328079,925460,599745,681047,747075,786181,1590577,747918,684600,602041,932436,331521,253468,184935,220860,57910,36861,22507,20093,3765,1953,925,436,274,32,9,3,1,0,0,0,0,0,0,0,0
0,0,0,0,0,0,0,0,0,3,9,30,273,415,968,1858,3664,19573,21673,35834,57841,217167,183041,250314,327926,925738,600081,680134,745784,788281,1590719,747104,684869,602215,932427,331895,253184,185014,220446,58190,36897,22320,20129,3760,1937,943,439,268,36,5,4,1,0,0,0,0,0,0,0,0
0,0,0,0,0,0,0,0,0,3,8,34,268,452,926,1820,3728,19419,21870,36006,57384,217262,182890,250291,328070,926138,599197,680910,745431,787263,1591393,748786,682887,602392,932286,332869,252663,185204,220512,58249,36995,22237,20144,3722,1961,961,459,268,37,8,4,2,0,0,0,0,0,0,0,0
0,0,0,0,0,0,0,0,0,2,10,37,249,433,936,1897,3710,19525,21801,35875,57270,217872,182888,249711,328337,926145,598528,681962,744808,786905,1591187,748564,683798,601919,933670,331709,252823,185741,220132,58213,36836,22346,20071,3776,1947,997,440,282,44,8,4,1,0,0,0,0,0,0,0,0
0,0,0,0,0,0,0,0,0,2,12,27,253,431,948,1883,3684,19588,21842,35902,57121,217853,182659,249631,328903,925722,598960,680844,744896,787607,1592012,748236,682419,602479,933828,332253,252490,185894,219971,58276,36761,22461,20061,3812,1900,1017,419,294,46,7,3,2,0,0,0,0,0,0,0,0
0,0,0,0,0,0,0,0,0,4,5,30,251,428,958,1868,3668,19703,21758,35732,57328,217826,182786,249778,328154,925809,599023,680384,746123,786405,1592788,747942,682044,603372,933700,331916,253005,185275,220201,58448,36852,22251,20094,3744,2035,913,464,293,39,7,4,1,0,0,0,0,0,0,0,0
0,0,0,0,0,0,0,0,0,4,6,21,266,406,951,1905,3677,19766,21631,35562,57536,217733,182831,249843,328949,925089,598251,680142,745736,787429,1591626,749104,682854,603183,933294,332549,252606,185071,220119,58623,36800,22225,20059,3853,1998,940,426,296,37,7,5,0,0,0,0,0,0,0,0,0
0,0,0,0,0,0,0,0,0,1,9,25,246,423,935,1949,3691,19777,21414,35885,57279,217740,183108,249404,328674,925199,597919,679827,745676,788434,1591723,748619,683393,602763,933001,332503,254248,184088,220256,58454,36844,22181,20224,3798,1935,980,433,303,34,10,4,0,0,0,0,0,0,0,0,0
0,0,0,0,0,0,0,0,0,1,6,35,232,401,939,1958,3620,19701,21631,35776,57411,217403,183445,248923,329013,924610,597868,679727,747089,788418,1590924,747736,684355,603364,932058,332862,253716,184871,220002,58546,36728,22511,19965,3823,2000,961,446,286,36,9,1,2,0,0,0,0,0,0,0,0
0,0,0,0,0,0,0,0,0,3,10,22,252,383,902,2023,3695,19643,21618,36098,57188,217656,182594,249865,328187,924600,598702,679218,746690,788784,1590306,748257,684569,602817,932936,332053,253561,185218,220309,58485,36668,22473,20088,3820,1938,1015,441,278,32,9,1,2,0,0,0,0,0,0,0,0
0,0,0,0,0,0,0,0,0,2,11,14,271,402,865,1952,3756,19627,21832,35653,57646,217089,183133,249618,328369,924683,597379,681322,745866,788358,1591107,747657,683598,602614,934255,332081,253719,184846,220457,58438,36673,22417,20123,3844,1943,1022,441,282,28,13,2,1,0,0,0,0,0,0,0,0
0,0,0,0,0,0,0,0,0,3,8,21,254,397,857,1977,3716,19570,21812,36049,57040,217470,182888,249541,327916,925353,598607,680067,745403,790156,1590113,747044,683318,603484,933614,332586,252994,185134,220668,58236,36996,22524,20047,3798,2001,962,455,287,29,9,3,2,0,0,0,0,0,0,0,0
0,0,0,0,0,0,0,0,1,1,12,22,248,429,834,1924,3676,19602,21835,36060,57059,217207,183190,249702,327558,925251,598714,680284,745589,788318,1591056,747226,684074,602877,932860,333921,252530,185357,220060,58844,36903,22362,20301,3770,1974,1009,436,293,24,12,2,2,0,0,0,0,0,0,0,0
0,0,0,0,0,0,0,0,1,2,8,28,240,402,871,1899,3702,19704,21733,35973,57175,216960,183294,249074,328497,924296,599151,679306,747557,786415,1591951,747079,684328,602700,934132,332444,253082,185397,220438,58477,36972,22369,20239,3787,1983,966,453,285,24,8,6,1,0,0,0,0,0,0,0,0
0,0,0,0,0,0,0,0,2,1,8,25,227,386,913,1837,3761,19787,21571,35928,57434,216839,183012,249491,327834,924087,598745,680959,745571,788392,1590850,748319,684125,601848,934906,332178,252890,185670,220007,58729,37023,22207,20320,3829,1961,961,461,276,23,9,6,1,0,0,0,0,0,0,0,0
0,0,0,0,0,0,0,0,1,2,4,31,218,420,902,1893,3721,19763,21758,35807,57216,217038,182583,249651,327778,923849,599864,680289,744927,788593,1590985,749253,683192,602606,933843,332725,252875,185597,220315,58821,36818,22201,20326,3864,1972,945,446,276,21,12,7,1,0,0,0,0,0,0,0,0
0,0,0,0,0,0,0,0,1,1,8,30,226,389,926,1942,3728,19691,21828,35565,57477,216724,182884,249647,328191,924552,598435,680395,745055,787356,1592731,748024,684862,601948,933793,332471,252070,185926,220690,58840,36828,22414,20199,3861,1975,967,457,260,25,8,6,3,0,0,0,0,0,0,0,0
0,0,0,0,0,0,0,0,1,1,9,28,233,380,918,1940,3731,19693,21691,35868,57412,216634,183106,249280,328861,923743,598180,679959,745255,788193,1592484,748763,683647,602937,933399,331906,252638,186103,220675,58509,36955,22320,20427,3860,1917,1003,465,247,21,8,5,4,0,0,0,0,0,0,0,0
0,0,0,0,0,0,0,0,1,6,9,26,238,380,942,1908,3694,19752,21759,35952,57302,216262,183028,250446,328090,923157,598589,679816,745636,787912,1592783,748074,684571,602116,934008,331039,253571,185821,220580,58676,37063,22322,20324,3823,2013,989,425,269,22,7,5,3,0,0,0,0,0,0,0,0
0,0,0,0,0,0,0,0,1,5,9,27,241,392,953,1952,3616,19791,21624,35971,57363,216121,183247,250009,328069,923414,599130,679239,746046,787578,1592890,748163,683600,602548,933708,331630,253903,185878,220235,58803,37075,22373,20238,3866,1983,991,437,249,22,13,3,3,0,0,0,0,0,0,0,0
0,0,0,0,0,0,0,0,1,3,11,25,244,395,950,1918,3601,19833,21729,36089,57041,216558,182668,249827,328089,924127,598589,680039,745301,787889,1593316,747575,682680,603674,933021,332327,253959,185845,219848,59279,36811,22221,20258,3983,1986,964,443,251,24,10,3,4,0,0,0,0,0,0,0,0
0,0,0,0,0,0,0,0,1,2,7,33,246,411,927,1906,3672,19820,21611,36233,56978,216284,182997,249778,327391,923835,599514,680104,745009,787880,1592354,748074,683837,603292,933174,332118,253294,186003,220596,58870,37120,22118,20411,3844,1937,960,474,254,25,9,1,5,0,0,0,0,0,0,0,0
0,0,0,0,0,0,0,0,1,0,12,33,256,393,918,1923,3660,19854,21672,36150,56951,216117,183314,249492,327009,925180,598805,679201,746162,787500,1591737,748615,683205,603781,933143,332524,252803,185989,220907,58916,36859,22550,20285,3828,1947,965,455,258,26,7,2,4,0,0,0,0,0,0,0,0
0,0,0,0,0,0,0,0,1,2,15,27,244,428,904,1859,3733,19735,21772,36022,57122,216012,183204,248946,328619,923914,598087,680817,745727,787433,1592478,747310,683979,603477,933131,332590,253426,184994,221243,59105,36798,22464,20264,3888,1930,971,430,268,28,7,1,4,0,0,0,0,0,0,0,0
0,0,0,0,0,0,0,0,0,3,9,35,244,420,913,1888,3749,19716,21850,36012,57150,216015,182786,249234,328316,924047,598149,680410,745882,787599,1592666,746868,685323,603376,932611,332364,252861,185724,221156,58987,36904,22315,20278,3939,1928,948,442,258,19,10,2,3,0,0,0,0,0,0,0,0
0,0,0,0,0,0,0,0,0,3,11,38,225,404,902,1964,3645,19876,21914,35931,56869,216090,182887,248873,328195,923644,599159,679271,746353,787967,1591418,747332,685825,604203,931915,332520,252974,186201,221043,58746,36988,22271,20318,3811,1938,966,424,256,30,6,1,2,0,0,0,0,0,0,0,0
0,0,0,0,0,0,0,0,1,1,10,34,234,405,938,1954,3582,19929,21747,35988,56970,215853,182936,248912,328506,922992,599032,679704,747113,787506,1591351,748265,684007,604660,932506,331766,253377,185874,221388,58779,37183,22138,20302,3808,1963,947,451,257,32,6,0,1,1,0,0,0,0,0,0,0
0,0,0,0,0,0,0,0,1,1,12,29,242,379,964,1935,3636,19817,21989,35866,56986,215797,183125,248654,328090,922793,598737,681461,745681,788764,1591463,747436,684228,603769,933546,332079,252689,185984,221591,58687,37082,22154,20267,3797,2022,899,466,254,28,7,0,1,1,0,0,0,0,0,0,0
0,0,0,0,0,0,0,0,1,3,12,33,242,399,911,1908,3685,19921,21781,36057,57091,215715,182591,248885,327670,924412,597292,681774,746491,787890,1591292,747764,684631,602782,933986,332371,252526,185947,221425,58984,37006,22347,20059,3868,1958,956,454,256,26,5,0,1,1,0,0,0,0,0,0,0
0,0,0,0,0,0,0,0,2,1,13,28,246,416,945,1873,3715,19774,21914,36055,56971,215878,182882,248956,327375,923159,598716,681620,746042,788179,1590919,747642,684175,604404,933015,332327,252875,185742,221759,58871,36850,22506,20041,3877,1934,975,440,265,21,9,0,2,0,0,0,0,0,0,0,0
0,0,0,0,0,0,0,0,2,3,9,30,241,417,989,1823,3752,19690,21941,35896,56986,216217,182576,249166,327701,922087,599888,680811,746254,787392,1591873,747440,684875,603718,932638,332166,253780,185935,221196,58889,36939,22346,20191,3899,1964,955,442,257,23,10,1,1,0,0,0,0,0,0,0,0
0,0,0,0,0,0,0,0,3,4,11,32,253,418,956,1887,3734,19737,21785,35883,57175,216235,182437,249382,327522,921875,599184,680575,747362,787422,1591949,747456,684643,603979,931973,332588,253541,186032,221596,58774,37132,22165,20177,3854,1960,989,454,238,24,12,1,0,0,0,0,0,0,0,0,0
0,0,0,0,0,0,0,0,3,4,9,34,248,437,940,1876,3782,19703,21639,36094,57191,215958,182272,249304,328085,921713,599112,681889,744825,788056,1591545,748959,684054,602882,933583,333041,253468,185500,221638,58388,37233,22431,19918,3914,1975,991,423,257,23,11,1,0,0,0,0,0,0,0,0,0
0,0,0,0,0,0,0,0,2,3,9,38,255,463,936,1868,3802,19547,21655,35874,57207,216608,182106,249414,327412,921694,598989,682201,744778,787537,1592802,748009,683862,603290,934195,332339,253083,186246,221460,58644,37243,22261,19966,3906,2041,943,425,258,30,8,0,0,0,0,0,0,0,0,0,0
0,0,0,0,0,0,0,0,3,1,9,36,257,451,917,1910,3823,19446,21710,35734,57178,216401,182549,249447,327902,921976,598621,680679,745203,788179,1592929,746596,684384,604413,933868,331485,254215,186102,221094,58686,37345,22107,20177,3867,2037,951,427,257,26,10,1,0,0,0,0,0,0,0,0,0
0,0,0,0,0,0,0,0,2,2,10,28,268,432,936,1878,3857,19525,21384,35883,57418,216685,182212,249463,327902,921754,599630,680306,744452,788033,1592844,747591,683991,603815,933000,332451,254375,186262,221407,58391,37138,22374,20234,3768,2017,961,428,267,22,11,2,0,0,0,0,0,0,0,0,0
0,0,0,0,0,0,0,0,1,3,10,28,258,435,983,1889,3756,19431,21554,35965,57400,216680,182451,249028,327814,921067,600430,679592,745591,787877,1592202,747067,685597,603131,932413,333053,253877,186659,221563,58513,37050,22510,20003,3839,1983,986,424,262,21,9,4,0,0,0,0,0,0,0,0,0
0,0,0,0,0,0,0,0,1,3,9,33,268,426,953,1890,3693,19437,21856,35833,57506,216530,182327,248963,327680,921326,599646,680129,745327,787855,1592594,747935,683753,604176,932317,333071,253644,186834,221714,58420,37153,22615,20072,3748,1979,956,443,260,22,8,4,0,0,0,0,0,0,0,0,0
0,0,0,0,0,0,0,0,1,2,12,24,265,408,969,1883,3704,19570,21684,35801,57624,216743,182121,248998,327953,920825,598403,681071,746077,786998,1592309,748096,684064,604146,933114,332640,253834,186584,221740,58358,37379,22367,20104,3860,1986,966,436,256,18,15,1,0,0,0,0,0,0,0,0,0
0,0,0,0,0,0,0,0,1,3,6,26,276,421,949,1913,3681,19527,21767,35870,57426,216846,182181,249412,327428,920944,598107,681869,744594,788697,1591985,747404,684143,603744,933978,332253,254349,186314,221271,58395,37666,22393,20112,3795,1976,959,425,269,19,14,1,0,0,0,0,0,0,0,0,0
0,0,0,0,0,0,0,0,0,3,8,20,268,450,919,1935,3665,19518,21730,36063,57213,216282,182960,249782,326789,921269,598113,681238,744850,787735,1592023,748637,683902,603711,934449,332495,253978,185825,221238,58995,37304,22436,20121,3756,2047,951,442,247,31,10,1,0,0,0,0,0,0,0,0,0
0,0,0,0,0,0,0,0,1,2,10,30,257,440,909,1847,3794,19584,21898,35804,57371,216367,182579,249765,326804,921279,598724,680224,744912,787439,1591378,750057,684810,602817,934059,332972,253511,186351,221564,58367,37387,22499,20109,3760,1991,1020,422,247,37,10,1,0,0,0,0,0,0,0,0,0
0,0,0,0,0,0,0,0,1,3,7,29,265,430,921,1884,3752,19545,21871,35896,57313,216430,182998,248918,326905,921547,598703,679963,745030,787211,1593026,748929,684620,603180,933893,332790,253625,186457,221282,58583,37391,22405,20171,3734,1993,988,437,241,32,9,1,0,0,0,0,0,0,0,0,0
0,0,0,0,0,0,0,0,0,3,7,31,259,415,963,1859,3639,19749,21674,35804,57536,216205,182633,249153,328017,921447,597996,679808,745668,786270,1593509,748307,685757,602162,934329,332565,254103,186493,221334,58579,36998,22554,20159,3735,1966,1016,433,235,28,8,3,0,0,0,0,0,0,0,0,0
0,0,0,0,0,0,0,0,0,2,10,33,253,419,985,1813,3734,19664,21646,35774,57503,215723,182972,249127,327177,922287,598075,679500,745180,787660,1591898,750649,683634,604116,933985,331808,254426,186098,221726,58463,36897,22392,20315,3817,1933,986,438,253,24,12,2,0,0,0,0,0,0,0,0,0
0,0,0,0,0,0,0,0,1,1,12,33,249,431,914,1913,3768,19502,21837,35642,57485,216397,182705,248828,327672,921046,597999,679966,745247,787603,1591707,750071,685187,602682,934614,332630,253716,186011,221912,58548,36899,22397,20349,3758,2011,923,442,264,28,7,2,0,0,0,0,0,0,0,0,0
0,0,0,0,0,0,0,0,1,3,8,34,252,419,987,1859,3753,19621,21660,36067,57388,216098,182819,248984,327680,921229,597530,680125,745581,787383,1591737,750126,684739,603419,933331,333433,252973,186438,222146,58454,36995,22307,20393,3769,1993,935,452,242,35,10,1,0,0,0,0,0,0,0,0,0
0,0,0,0,0,0,0,1,0,3,11,28,255,429,934,1913,3673,19637,21751,36290,57010,216110,182524,249354,326976,922174,596799,680406,746106,785997,1591918,749675,686141,602442,934626,332988,253237,186106,222521,58287,36969,22460,20207,3780,1981,959,441,242,35,10,3,0,0,0,0,0,0,0,0,0
0,0,0,0,0,0,0,1,1,2,12,28,261,424,931,1926,3711,19556,21830,35991,57464,215825,182188,248898,328117,921128,598511,679327,745542,787461,1591562,748990,684936,603536,934834,333416,252587,186306,222568,58405,36936,22553,20166,3820,1976,950,442,250,30,6,3,2,0,0,0,0,0,0,0,0
0,0,0,0,0,0,0,0,2,1,10,35,244,434,930,1893,3749,19656,21734,35879,57533,215701,182360,248509,328034,921719,597886,679807,745215,787385,1592640,748237,685380,603600,934214,333903,252937,185778,222252,58802,36857,22394,20151,3896,1977,934,431,267,30,8,4,1,0,0,0,0,0,0,0,0
0,0,0,0,0,0,0,0,2,1,6,39,263,415,959,1888,3664,19806,21691,35867,57292,215660,182491,248805,328082,922738,597373,679131,744693,788189,1591352,749285,684026,604163,935413,332912,252689,186213,222687,58683,36844,22481,20085,3859,1969,961,437,251,29,10,5,0,0,0,0,0,0,0,0,0
0,0,0,0,0,0,0,0,1,4,9,27,279,431,939,1863,3675,19773,21865,35878,56922,215740,182817,249492,326498,923718,596791,679399,745393,786880,1592684,748495,684956,603486,934609,332868,253361,186246,222846,58533,36823,22468,20121,3872,1952,966,427,259,32,5,6,0,0,0,0,0,0,0,0,0
0,0,0,0,0,0,0,0,0,5,14,29,267,418,946,1899,3714,19824,21771,35897,56851,215897,182830,248156,328012,923078,597820,679897,743525,787120,1593194,749045,685066,602874,934523,333065,253152,186255,222934,58412,36894,22328,20199,3834,1986,933,442,264,24,11,4,0,0,0,0,0,0,0,0,0
0,0,0,0,0,0,0,0,2,2,12,32,269,405,978,1895,3671,19826,21776,36062,56943,215533,182680,248961,327737,921835,598626,679494,745030,786649,1593450,747572,686019,602609,934715,332081,253800,186479,222754,58726,36795,22330,20151,3841,1977,949,449,251,28,12,2,1,0,0,0,0,0,0,0,0
0,0,0,0,0,0,0,0,1,1,11,35,273,424,933,1921,3732,19626,21748,35958,57190,215587,182685,248909,327853,921531,597931,680001,745313,786822,1592393,747809,685374,603833,935540,332018,253114,186405,222709,58881,36910,22228,20218,3835,1957,975,430,246,31,14,3,1,0,0,0,0,0,0,0,0
0,0,0,0,0,0,0,0,1,2,9,35,271,406,959,1977,3704,19456,21833,36018,56935,215999,182217,248910,327569,921859,598610,680562,743615,787320,1592426,747398,685520,604490,935159,331927,253759,186507,222144,59059,36744,22428,20099,3852,1902,992,452,233,35,12,2,2,0,0,0,0,0,0,0,0
0,0,0,0,0,0,0,0,0,5,8,31,262,440,925,1968,3684,19432,21866,36074,56957,216258,181972,248628,327776,922503,598217,678669,745572,787474,1591117,748546,685143,604225,935348,332416,253306,186966,221850,58896,36979,22242,20155,3832,1960,952,439,273,28,9,4,2,0,0,0,0,0,0,0,0
0,0,0,0,0,0,0,0,0,3,11,29,272,399,967,1934,3697,19432,21891,35874,57226,215918,182072,248548,327771,922694,597755,679287,744895,787167,1591904,748398,684973,603926,935650,333678,252723,186758,221939,58803,36922,22200,20166,3836,1985,972,400,294,25,11,2,2,0,0,0,0,0,0,0,0
0,0,0,0,0,0,0,0,0,1,10,31,256,425,971,1866,3730,19613,21600,36136,56967,215603,182584,248853,327799,922908,598329,678191,746166,786633,1591469,748752,683250,604345,936893,333331,252882,186251,221889,58708,36884,22400,20156,3863,1997,896,462,259,38,7,4,1,0,0,0,0,0,0,0,0
0,0,0,0,0,0,0,0,0,3,9,29,259,422,949,1880,3718,19498,21679,36025,57095,215829,182677,248331,327322,923619,597366,680806,744435,787063,1590599,748859,683568,604022,937102,333274,253311,185751,222260,58800,36798,22335,20143,3863,2012,943,451,256,35,7,5,1,0,0,0,0,0,0,0,0
0,0,0,0,0,0,0,0,0,2,9,33,252,424,940,1914,3704,19394,21665,36050,57218,215641,182420,248880,327045,923248,598149,680503,743685,787459,1591654,746977,684401,603847,936937,334382,252825,186267,221617,58883,37022,22254,20118,3877,2023,957,410,273,36,9,3,2,0,0,0,0,0,0,0,0
0,0,0,0,0,0,0,0,0,2,8,33,254,439,912,1948,3736,19493,21462,36136,57040,216394,182232,248895,327166,922627,598290,679870,744410,786972,1591370,747931,683540,604074,936433,334670,253301,186028,221703,59056,36897,22416,20150,3794,2004,987,403,280,39,11,1,2,0,0,0,0,0,0,0,0
0,0,0,0,0,0,0,0,0,3,10,36,242,428,940,1911,3678,19692,21386,35897,57391,216316,182151,249167,327388,923138,598187,678870,744389,785806,1592967,747875,684290,603218,936377,334203,253754,186306,221044,59501,36882,22359,20075,3800,1993,993,422,272,35,12,3,2,0,0,0,0,0,0,0,0
0,0,0,0,0,0,0,0,1,2,12,32,255,437,928,1865,3738,19622,21419,35928,57640,215625,182073,248613,328532,923033,598978,677631,743858,787428,1592350,748677,683142,604151,935850,333421,254636,186166,220980,59279,37260,22280,19991,3861,2000,923,474,267,32,15,3,1,0,0,0,0,0,0,0,0
0,0,0,0,0,0,0,0,1,4,11,35,250,443,911,1914,3813,19317,21767,35623,57599,215518,181801,249394,327830,923063,597902,679056,744788,786989,1592256,748880,683334,603524,935344,334145,254114,186271,221276,58930,37220,22452,20146,3769,2010,921,463,270,37,12,6,0,0,0,0,0,0,0,0,0
0,0,0,0,0,0,0,0,1,3,11,27,253,422,963,1925,3630,19414,21842,35766,57068,215762,182323,249267,327349,922990,597590,679243,746090,785746,1592231,748619,683741,604247,935217,333414,254117,186345,221332,59196,37080,22433,20326,3749,1977,933,431,283,35,9,7,2,0,0,0,0,0,0,0,0
0,0,0,0,0,0,0,0,3,2,11,25,248,435,959,1911,3654,19513,21651,36072,56694,216153,182066,248726,327948,921958,598430,679903,745199,786916,1591198,747725,684908,603340,936324,332923,254575,186170,221413,58970,37171,22407,20297,3863,1954,925,422,294,34,12,5,2,0,0,0,0,0,0,0,0
0,0,0,0,0,0,0,0,2,3,10,25,257,442,913,1920,3687,19459,21753,35815,57000,215870,182537,248536,327461,921384,599156,680025,745211,786511,1591774,747431,684078,604584,936202,333345,253807,186201,221918,58921,36890,22497,20309,3823,1994,867,444,291,36,13,6,1,0,0,0,0,0,0,0,0
0,0,0,0,0,0,0,0,0,4,9,22,266,436,939,1843,3768,19458,21698,36082,56758,215891,182215,248568,327713,921995,599538,678623,745212,787277,1591412,747485,684324,604038,936533,333248,253693,186202,222127,58995,36844,22369,20327,3810,1995,913,413,304,37,18,5,2,0,0,0,0,0,0,0,0
0,0,0,0,0,0,0,0,0,5,10,18,280,416,928,1856,3708,19689,21639,36036,56514,215934,181846,249107,327356,922489,598853,679871,744311,787249,1591448,747520,684641,603864,936174,333570,253333,186533,221973,59134,36934,22202,20516,3809,1933,929,411,311,37,16,3,3,0,0,0,0,0,0,0,0
0,0,0,0,0,0,0,0,0,3,13,21,268,479,893,1820,3771,19672,21723,35679,56841,215616,182368,248730,327329,923317,598392,678865,744533,787845,1591035,747809,684244,604036,936571,332950,253513,186694,222245,59092,36977,22137,20423,3827,1939,965,432,278,39,20,3,2,0,0,0,0,0,0,0,0
0,0,0,0,0,0,0,0,1,4,11,23,272,447,940,1903,3613,19806,21655,35641,56830,215707,182561,248403,327091,922981,598978,679673,743492,787156,1593037,746555,685008,603515,936279,332948,253509,186787,222465,59069,36867,22403,20302,3854,1884,955,441,281,35,19,7,1,0,0,0,0,0,0,0,0
0,0,0,0,0,0,0,0,1,4,12,23,272,446,947,1894,3645,19809,21579,35717,56827,215912,182633,248337,326487,924017,597747,678119,745792,787647,1591199,747524,685015,604298,935756,333095,253589,186670,222167,58871,37065,22543,20190,3939,1911,922,457,269,39,17,5,1,0,0,0,0,0,0,0,0
0,0,0,0,0,0,0,0,1,5,9,26,273,437,954,1915,3644,19741,21538,35735,56927,215489,182722,248726,327054,922323,598297,678293,745898,788629,1590464,747985,684332,603897,936023,333483,253475,186624,222590,58553,36872,22679,20280,3837,1952,941,442,286,40,11,5,2,0,0,0,0,0,0,0,0
0,0,0,0,0,0,0,0,2,4,11,30,266,446,906,1918,3698,19750,21643,35581,57446,215449,182301,248520,327194,923028,597392,679647,745054,787961,1590197,748171,685131,604026,935476,333767,253630,185698,222810,58755,36964,22695,20346,3811,1979,887,487,283,29,13,5,2,0,0,0,0,0,0,0,0
0,0,0,0,0,0,0,0,2,8,8,27,261,450,925,1917,3670,19736,21774,35923,56529,215591,182568,248836,326828,923086,597681,678775,745285,787102,1591868,748422,685133,602750,936019,333108,253801,186042,223042,58733,37066,22552,20383,3768,1970,943,482,291,32,14,8,0,0,0,0,0,0,0,0,0
0,0,0,0,0,0,0,0,3,4,8,35,246,440,942,1909,3676,19727,21749,35944,56766,215940,181894,249225,326247,922804,597756,679513,743745,789032,1591320,748961,684052,603628,936003,332115,253991,186922,222618,58665,37101,22470,20427,3780,1974,947,478,297,36,9,10,0,0,0,0,0,0,0,0,0
0,0,0,0,0,0,0,0,3,3,11,32,252,431,937,1898,3717,19745,21773,35910,56753,215845,181745,248760,327614,922336,597941,679432,744514,787022,1591699,748621,684402,603937,934850,333676,253871,186931,222442,58642,37211,22546,20424,3747,2010,920,459,288,35,15,8,1,0,0,0,0,0,0,0,0
0,0,0,0,0,0,0,0,2,8,9,35,270,412,914,1921,3755,19666,21758,35757,56924,215896,182205,248291,327580,923166,597086,679349,744137,787947,1591201,748083,684877,604168,935417,332523,254624,186877,222142,58705,37211,22495,20439,3795,1998,947,471,289,34,16,7,2,0,0,0,0,0,0,0,0
0,0,0,0,0,0,0,0,2,7,11,33,271,417,904,1907,3823,19572,21673,35796,57241,215829,182184,248009,327800,923245,596580,678074,746447,786724,1591601,748651,684162,604371,935395,333131,253860,187026,222398,58668,36923,22726,20298,3871,2007,970,462,279,38,16,4,3,0,0,0,0,0,0,0,0
0,0,0,0,0,0,0,0,2,5,7,42,255,424,925,1875,3778,19674,21540,35813,57214,215847,182221,248787,326801,922905,597268,678534,746564,787155,1590440,748219,684363,604549,935929,332970,253906,186762,222367,58633,37076,22531,20335,3903,2003,1022,409,298,31,21,3,3,0,0,0,0,0,0,0,0
0,0,0,0,0,0,0,0,2,6,8,32,283,410,920,1865,3813,19736,21422,36092,56993,215718,181951,249270,326615,923047,597706,678818,744961,787356,1590792,748525,684768,603788,935430,333289,254253,186640,222305,59114,37094,22408,20331,3817,2084,981,419,290,28,20,6,3,0,0,0,0,0,0,0,0
0,0,0,0,0,0,0,0,2,5,8,30,265,433,900,1918,3670,19763,21461,36068,57132,215700,182372,248711,327179,922230,597483,679430,743695,787732,1591199,749475,684405,603764,935112,333309,254207,187048,222316,58861,37081,22496,20306,3864,2013,1001,428,276,37,15,7,2,0,0,0,0,0,0,0,0
0,0,0,0,0,0,0,0,1,7,7,30,269,433,907,1872,3701,19657,21628,35937,57012,216027,182477,248477,327221,921966,598352,678580,743470,788260,1591170,749394,683924,604232,934830,333114,255248,186514,222242,58829,37056,22478,20437,3915,2020,946,442,268,35,12,8,4,0,0,0,0,0,0,0,0
0,0,0,0,0,0,0,0,2,3,10,33,270,438,913,1825,3755,19694,21727,35677,57041,216391,182454,248314,327013,922326,597494,679392,743883,786319,1592681,748411,684776,603717,935370,333319,254580,186558,222426,58861,37257,22481,20371,3913,1988,941,438,296,26,12,8,5,0,0,0,0,0,0,0,0
0,0,0,0,0,0,0,0,1,6,12,24,265,444,858,1902,3732,19717,21766,35747,56885,216428,182317,248881,327052,921461,597570,679572,743967,787539,1591213,748796,684463,604192,934649,333287,254755,187346,222062,58954,37074,22469,20348,3957,1915,981,453,291,33,14,6,5,0,0,0,0,0,0,0,0
0,0,0,0,0,0,0,0,1,6,10,35,252,436,879,1910,3654,19609,21814,35947,56965,216311,182125,248759,327540,921519,597786,678727,744569,786454,1591762,748770,684865,603986,934739,333676,254419,186805,222660,58936,36903,22457,20524,3871,1977,940,474,283,29,13,5,7,0,0,0,0,0,0,0,0
0,0,0,0,0,0,0,0,1,6,9,28,251,436,902,1903,3620,19607,22008,35703,57408,215793,182164,249515,326829,921691,597093,679205,743783,787933,1591269,747590,686100,604205,934288,333321,254745,186757,222894,58911,36909,22424,20444,3926,2002,948,450,288,26,11,8,5,0,0,0,0,0,0,0,0
0,0,0,0,0,0,0,0,2,5,8,25,259,427,926,1936,3728,19652,21821,35973,56821,216275,182021,249189,326823,921665,597265,678830,744948,786804,1590096,748717,685827,604329,934486,333775,254503,186860,222903,59149,36847,22433,20458,3896,1982,979,438,268,39,11,5,5,0,0,0,0,0,0,0,0
0,0,0,0,0,0,0,0,1,6,8,19,274,400,947,1923,3770,19610,21855,35911,56815,216432,181993,248700,326702,922234,596093,679366,745655,786489,1590907,747935,685749,604207,934222,334701,254336,186524,223178,59015,36967,22449,20397,3894,2001,943,434,291,32,12,7,5,0,0,0,0,0,0,0,0
0,0,0,0,0,0,0,0,2,5,9,16,276,417,982,1879,3764,19527,21805,36051,56573,216675,182154,249265,326430,922036,596592,678267,745787,786162,1591622,748372,683878,605108,934511,334574,254654,186699,222323,59360,37094,22549,20490,3775,2008,909,455,299,31,11,8,5,0,0,0,0,0,0,0,0
0,0,0,0,0,0,0,0,3,3,9,19,260,439,947,1958,3672,19585,21818,35892,56867,216154,182374,249033,327225,921236,596257,679631,744279,786342,1592314,748145,683841,605384,934979,334652,254053,186882,222296,59096,37314,22429,20440,3858,1978,945,464,277,36,11,8,3,1,0,0,0,0,0,0,0
0,0,0,0,0,0,0,0,1,5,11,24,244,449,949,1941,3706,19547,21738,35957,56620,216588,182704,248586,327267,921297,595811,679773,744200,786053,1591703,748612,685324,604635,934761,333959,254560,186931,222402,59393,37057,22652,20327,3883,2005,946,455,277,37,8,7,3,1,0,0,0,0,0,0,0
0,0,0,0,0,0,0,0,2,4,10,22,256,458,922,1944,3684,19421,21841,35982,56853,216657,182607,247905,326981,921227,596383,679005,744051,787950,1591475,748261,685239,604175,935287,333763,254451,187036,222622,59181,37216,22540,20400,3871,1991,976,435,272,33,12,4,3,1,0,0,0,0,0,0,0
0,0,0,0,0,0,0,0,3,6,7,24,270,433,922,1932,3737,19451,21813,35795,57056,216636,182588,247712,327140,921731,595993,678998,743778,788923,1590092,749878,684513,604054,935165,334028,254383,186133,223183,59171,37353,22527,20423,3852,1978,975,432,264,40,10,4,3,0,0,0,0,0,0,0,0
0,0,0,0,0,0,0,0,4,3,10,26,246,437,934,1965,3747,19369,21548,36043,57133,216562,182681,247916,326703,921043,596147,679595,743119,788829,1591642,748373,685277,603457,935775,334185,254113,186752,222570,59431,37080,22532,20666,3818,1997,916,458,254,36,11,3,3,0,0,0,0,0,0,0,0
0,0,0,0,0,0,0,0,3,5,7,28,264,419,935,1876,3760,19356,21574,36000,57636,216112,181989,248836,326333,921089,596684,678583,744158,786979,1591449,749395,685719,603865,935615,333832,253917,187213,222763,58995,37255,22542,20727,3777,2046,908,454,260,35,12,1,3,0,0,0,0,0,0,0,0
0,0,0,0,0,0,0,0,3,4,8,35,266,402,932,1948,3777,19277,21608,36021,57208,216107,182444,249147,326876,920283,596086,678958,745380,787097,1590344,749518,684082,605075,936108,333584,254115,186467,223055,59258,37137,22600,20757,3791,1946,935,440,282,33,11,2,2,0,0,0,0,0,0,0,0
0,0,0,0,0,0,0,0,3,3,7,36,259,414,921,1936,3739,19264,21712,35953,57102,216379,181891,248705,327862,920072,596818,678402,744816,787174,1589954,749541,686382,603550,935807,333574,254507,186476,222721,59344,37374,22586,20569,3863,2000,931,431,282,36,7,3,3,0,0,0,0,0,0,0,0
0,0,0,0,0,0,0,0,2,5,7,33,260,416,918,1898,3735,19490,21567,35939,57155,216211,182060,249049,327531,920472,595437,679019,744813,787251,1591777,748821,685308,604313,934909,334202,254106,186380,223086,59154,37435,22618,20493,3872,1952,943,441,285,33,6,4,3,0,0,0,0,0,0,0,0
0,0,0,0,0,0,0,0,2,4,8,29,265,423,929,1857,3742,19354,21702,35965,57279,215623,182393,249656,327028,919920,596431,679217,743361,788621,1592281,747681,685139,603399,936248,333699,254251,186778,222866,59154,37460,22627,20493,3839,1909,1005,458,274,26,7,4,2,0,0,0,0,0,0,0,0
0,0,0,0,0,0,0,0,2,2,17,26,267,403,929,1859,3790,19302,21623,35965,57436,215731,182209,248761,327209,921649,596085,677760,744363,787185,1592673,748312,685165,603420,936616,333652,254447,186436,222709,59401,37330,22729,20444,3781,1937,1014,451,274,31,8,4,2,0,0,0,0,0,0,0,0
0,0,0,0,0,0,0,0,2,3,15,32,264,431,920,1860,3729,19293,21830,35984,57031,215942,181982,248957,326673,921828,596643,677886,742882,789502,1591339,749603,683919,603862,935611,334396,254359,186563,222895,59090,37341,22917,20352,3704,2013,1000,434,271,37,10,2,1,1,0,0,0,0,0,0,0
0,0,0,0,0,0,0,0,2,4,12,35,263,442,883,1876,3778,19388,21725,36103,56921,216474,181763,248560,327142,921223,596659,677920,743866,788440,1591056,749533,684129,604801,935387,333696,253944,187561,222640,58994,37405,22964,20277,3802,2017,957,452,259,37,13,3,2,1,0,0,0,0,0,0,0
0,0,0,0,0,0,0,0,1,3,12,36,267,419,886,1932,3720,19488,21593,36058,57191,215700,182019,249230,325915,922306,596347,678302,743984,786283,1593433,749285,684490,603750,936120,333049,254739,186647,222908,59056,37573,22786,20308,3886,1991,953,429,252,41,15,3,2,1,0,0,0,0,0,0,0
0,0,0,0,0,0,0,0,1,3,13,38,271,436,866,1894,3795,19435,21570,35881,57286,216020,182362,248536,326807,920841,597436,677089,743879,787887,1592130,750080,684484,603588,936384,332721,254811,186958,222649,59069,37552,22650,20434,3844,2037,906,446,260,39,16,3,1,1,0,0,0,0,0,0,0
0,0,0,0,0,0,0,0,1,4,12,47,269,415,896,1874,3764,19378,21688,35786,57367,216172,182232,248792,326537,921005,597252,677962,743454,787699,1592531,748664,684906,604421,936542,332925,253805,187227,222258,59407,37408,22666,20434,3899,2009,960,414,261,45,14,5,1,1,0,0,0,0,0,0,0
0,0,0,0,0,0,0,0,0,6,16,35,269,378,944,1874,3742,19594,21480,35817,57199,216445,181988,248572,326804,921812,596719,677855,743857,786403,1593166,748013,685261,604531,936586,333581,253627,186862,222441,59292,37558,22590,20373,3953,2021,994,429,258,39,19,4,1,1,0,0,0,0,0,0,0
0,0,0,0,0,0,0,0,0,6,14,35,246,430,902,1967,3739,19489,21669,35673,57215,216038,182445,248119,327902,920488,596732,677995,743361,787369,1592850,749608,684325,604425,936313,333432,254267,186137,222677,59551,37122,22655,20557,3894,1988,1011,466,234,40,18,2,2,1,0,0,0,0,0,0,0
0,0,0,0,0,0,0,0,0,8,13,27,256,413,898,1922,3713,19599,21759,35686,56952,216477,182278,249074,326717,920402,596513,677975,744630,786554,1593048,748327,685545,604411,936824,332961,254030,186350,222407,59488,37233,22619,20618,3885,2018,1020,443,260,32,20,1,2,1,0,0,0,0,0,0,0
0,0,0,0,0,0,0,0,1,6,10,31,254,408,942,1875,3744,19684,21465,35871,57326,215878,181822,249442,327084,920468,596873,678572,741717,788783,1592652,749266,684508,605288,935475,333307,253757,186819,222780,59066,37184,22858,20547,3878,2005,1026,409,266,44,12,4,2,0,0,0,0,0,0,0,0
0,0,0,0,0,0,0,0,0,4,9,32,247,423,951,1914,3712,19687,21447,35842,57512,215663,182067,249263,327273,919193,598814,677025,742663,787410,1592382,749884,685573,604221,936088,333339,254029,186454,223153,58850,37403,22556,20653,3928,2021,952,449,265,39,11,6,2,0,0,0,0,0,0,0,0
0,0,0,0,0,0,0,0,0,5,9,30,249,430,928,1947,3715,19439,21723,36202,57008,216059,182518,248903,326405,919886,597796,679370,741649,786721,1592608,749252,685537,604664,935967,333256,254212,186714,222772,59300,37096,22862,20507,3941,1985,988,442,262,33,10,6,3,0,0,0,0,0,0,0,0
0,0,0,0,0,0,0,0,1,2,11,24,252,431,940,1893,3740,19522,21853,35956,57187,215972,182877,248504,325698,921733,597502,678640,742455,785983,1592065,748806,686514,605236,935481,333447,253720,186817,222641,59399,37261,22584,20574,3946,1998,990,452,250,34,10,6,2,0,0,0,0,0,0,0,0
0,0,0,0,0,0,0,0,0,2,9,30,260,443,945,1911,3690,19622,21772,35823,57157,215889,182887,248249,326140,921296,597363,678474,742925,785990,1592735,748794,686850,603758,936209,333671,253229,187159,222659,59205,37306,22766,20504,3937,2066,921,450,262,34,9,6,2,0,0,0,0,0,0,0,0
0,0,0,0,0,0,0,0,0,3,9,26,263,437,932,1950,3707,19589,21668,36005,56880,216596,182112,248426,326490,920982,597019,679245,742934,785912,1592901,749421,686071,604200,935439,333340,254017,186413,222600,59626,37268,22746,20532,3900,2046,940,431,284,33,10,4,2,0,0,0,0,0,0,0,0
0,0,0,0,0,0,0,0,0,2,13,25,265,433,861,2006,3683,19661,21723,35857,57128,216168,182121,248467,327017,920254,597680,678203,743201,787138,1592222,748662,685635,605859,934924,333324,254204,186449,222440,59570,37225,22642,20667,3971,2009,912,453,285,32,12,4,2,0,0,0,0,0,0,0,0
0,0,0,0,0,0,0,0,1,1,9,31,253,422,921,1859,3813,19713,21698,35629,57359,215811,182147,249325,327273,919154,597374,678935,742973,788450,1590178,749904,685629,604858,935288,332865,254589,186214,222708,59795,37013,22949,20688,3892,2009,906,422,303,29,15,2,1,1,0,0,0,0,0,0,0
0,0,0,0,0,0,0,0,1,5,9,28,251,433,880,1942,3669,19852,21766,35583,57184,215393,182486,249288,326737,920025,597057,678612,743512,787321,1592074,748512,686082,604925,935439,333216,253893,186678,222716,59259,37511,22884,20649,3908,1950,897,429,295,38,14,3,3,0,0,0,0,0,0,0,0
0,0,0,0,0,0,0,0,0,5,9,28,250,403,928,1915,3686,19801,21842,35648,57204,215615,182527,249141,326796,919906,597406,677602,744018,786696,1592196,750154,684720,604173,936567,333162,253862,186555,222766,59357,37514,22701,20693,3901,1949,921,438,290,46,11,4,3,0,0,0,0,0,0,0,0
0,0,0,0,0,0,0,0,0,3,14,29,237,434,903,1917,3741,19693,21846,36127,56942,215334,182932,248886,326579,920402,596445,679081,742632,787288,1592694,748997,684867,605053,935946,333530,253407,186776,222738,59580,37490,22538,20716,3955,1927,940,459,280,34,10,3,4,0,0,0,0,0,0,0,0
0,0,0,0,0,0,0,0,1,1,9,38,228,427,934,1875,3798,19658,21826,35944,57004,215913,182124,248743,327091,920356,595905,678515,744318,786444,1593429,748112,685308,606070,935238,333259,253461,186407,223005,59660,37540,22453,20753,3865,1976,948,429,289,36,11,5,3,0,0,0,0,0,0,0,0
0,0,0,0,0,0,0,0,1,1,8,40,252,405,934,1910,3744,19858,21723,36070,56733,215778,182656,248481,327351,918851,597329,677621,744960,786273,1594167,748348,684361,605315,935845,333697,253240,186939,222741,59413,37613,22555,20589,3919,1946,969,431,288,38,8,6,2,0,0,0,0,0,0,0,0
0,0,0,0,0,0,0,0,1,1,9,33,246,430,899,1918,3717,19835,21813,35921,56800,216322,182657,247726,327479,919563,597116,677162,743888,787821,1593072,748912,684825,604184,936409,333145,253956,186878,222776,59539,37469,22776,20480,3898,2008,956,414,297,38,12,7,1,0,0,0,0,0,0,0,0
0,0,0,0,0,0,0,0,1,1,9,26,261,409,941,1881,3667,19874,21704,36122,57042,215648,182748,247970,327523,918664,597358,679083,742559,787011,1593511,748302,685366,605132,935524,333030,254791,186693,222781,59243,37552,22898,20427,3969,1965,962,419,285,38,12,3,4,0,0,0,0,0,0,0,0
0,0,0,0,0,0,0,0,2,2,6,25,259,414,930,1871,3753,19825,21624,35993,57565,215505,182168,248364,326732,919517,596802,678824,743594,787066,1592652,749475,685540,604067,936248,333242,254464,186701,222503,59317,37392,22700,20649,3927,1967,952,436,273,38,17,4,4,0,0,0,0,0,0,0,0
0,0,0,0,0,0,0,0,2,2,4,28,260,417,899,1925,3684,19854,21773,36079,57103,215149,182155,249377,326293,920003,595900,679435,744709,785427,1592897,750285,684844,604329,936627,332809,253985,186928,222684,59436,37186,22887,20519,3875,1932,937,437,269,41,16,5,2,1,0,0,0,0,0,0,0
0,0,0,0,0,0,0,0,2,3,2,31,252,428,906,1874,3742,19705,22078,35897,57355,214914,182710,248300,326805,919434,597032,679064,744337,785640,1593124,749752,685396,604327,936547,332854,253862,186805,222998,59194,37255,22680,20542,3910,1941,958,419,266,40,21,5,1,1,0,0,0,0,0,0,0
0,0,0,0,0,0,0,0,1,4,6,26,245,434,907,1889,3653,19932,21886,35970,57016,215384,181858,248994,327250,919458,596625,679109,743348,786895,1592975,748781,686148,604543,936290,332693,254308,186237,223400,59104,37220,22735,20479,3936,2007,902,413,288,32,18,7,3,0,0,0,0,0,0,0,0
0,0,0,0,0,0,0,0,2,6,9,19,257,432,925,1841,3768,19821,21798,36338,56828,215483,181874,249260,326955,919330,596342,679454,742994,786332,1594311,748138,686285,604917,935588,333519,253800,186545,222825,59254,37444,22783,20386,3858,1953,968,419,294,27,17,6,4,0,0,0,0,0,0,0,0
0,0,0,0,0,0,0,0,3,5,9,20,280,407,906,1885,3749,19742,22072,35951,56767,215528,182359,249214,327175,918981,596322,679044,743360,787047,1592198,749709,686329,604273,935831,333301,253733,186895,222933,59301,37526,22446,20481,3935,1966,948,421,300,32,16,5,4,0,0,0,0,0,0,0,0
0,0,0,0,0,0,0,0,3,3,10,23,256,445,899,1908,3701,19725,21837,36402,56811,215677,182354,248950,326647,919793,595868,678938,743696,786696,1592040,750045,686055,605274,934830,333132,254431,186794,222814,59398,37354,22501,20507,3873,2001,933,442,286,29,20,6,2,0,0,0,0,0,0,0,0
0,0,0,0,0,0,0,0,2,6,10,20,256,438,919,1876,3786,19556,22109,36086,56916,215994,182226,248653,326514,919745,597592,676830,744833,787476,1591795,749508,685208,605475,935501,333137,254045,187028,222577,59390,37229,22625,20424,3902,2014,921,442,291,28,19,5,2,0,0,0,0,0,0,0,0
0,0,0,0,0,0,0,0,1,10,4,25,267,403,927,1953,3770,19531,22190,35770,57339,215634,182061,248102,327403,920445,596426,678316,743101,788538,1591865,748505,685802,604871,936585,332828,254252,186632,222638,59142,37479,22538,20474,3869,2020,906,459,273,33,15,4,3,0,0,0,0,0,0,0,0
0,0,0,0,0,0,0,0,2,6,6,24,253,429,902,1872,3828,19742,21912,35891,57280,215532,182150,248127,327116,920827,596664,677681,744602,786580,1592787,748188,685271,605774,935559,333660,254139,186680,222661,59168,37392,22576,20488,3935,1991,972,419,263,39,16,3,2,0,0,0,0,0,0,0,0
0,0,0,0,0,0,0,0,3,5,4,20,256,421,968,1852,3871,19578,21817,35952,57217,215718,182028,248304,327435,921036,595098,678937,744476,786368,1592929,748719,685139,605096,935892,332937,254529,187213,222290,59293,37117,22819,20505,3840,2023,952,431,268,30,20,1,2,0,0,0,0,0,0,0,0
0,0,0,0,0,0,0,0,3,2,8,22,253,436,949,1863,3854,19688,21686,35864,57208,215811,181856,248344,326888,921283,595719,678583,744369,787074,1592439,749471,685123,604935,935949,332483,254159,187581,222225,59338,36923,22873,20601,3888,1934,970,420,285,32,12,3,2,0,0,0,0,0,0,0,0
0,0,0,0,0,0,0,0,4,2,5,24,267,412,929,1911,3839,19697,21837,35714,57174,215862,182264,248344,326896,921170,596254,677678,744068,787285,1593371,747640,685135,605583,935389,333423,254384,187111,222484,59512,36958,22742,20482,3852,1980,995,415,263,33,15,5,1,0,0,0,0,0,0,0,0
0,0,0,0,0,0,0,0,3,2,5,28,266,428,921,1908,3761,19813,21808,35985,56712,216277,182069,248234,326614,921035,596192,678553,743597,788122,1591260,748815,686287,604892,935189,333741,254493,186730,222440,59173,37486,22459,20498,3914,1978,971,426,275,26,19,2,2,0,0,0,0,0,0,0,0
0,0,0,0,0,0,0,0,2,1,8,25,268,419,902,1942,3809,19785,21784,35972,56942,215928,182060,247933,326955,921198,595597,678694,744051,786985,1592303,750471,684103,605784,934795,333832,254634,186614,222323,59115,37467,22455,20664,3870,1999,975,417,269,38,15,3,2,1,0,0,0,0,0,0,0
0,0,0,0,0,0,0,0,1,1,10,25,260,439,897,1869,3923,19739,21640,35932,57022,216213,181701,248267,326080,921470,597133,677101,743648,788298,1592946,750239,684150,604580,934763,334503,254345,186374,222413,59227,37274,22739,20552,3972,1976,930,437,258,39,16,4,3,0,0,0,0,0,0,0,0
0,0,0,0,0,0,0,0,0,4,6,21,267,442,898,1905,3793,19736,21847,35754,57246,215778,181701,248102,326877,921140,597551,677282,743871,787581,1593691,750152,683739,603330,936493,333480,254459,186132,222668,59315,37387,22539,20645,3910,1999,905,452,254,32,18,3,4,0,0,0,0,0,0,0,0
0,0,0,0,0,0,0,0,0,3,9,27,260,416,953,1851,3757,19908,21677,35839,56984,216138,181794,248111,327267,921338,596245,677742,744009,787555,1594044,749331,683486,603782,936799,332902,254857,186746,222398,59050,37341,22627,20565,3932,1971,942,448,248,36,13,5,3,0,0,0,0,0,0,0,0
0,0,0,0,0,0,0,0,0,0,12,26,263,409,955,1901,3776,19766,21879,35679,57220,215468,182180,248018,327103,920896,596020,679412,743180,788373,1593495,749091,683635,603778,937018,333057,254022,187471,222085,58975,37291,22796,20655,3832,2017,908,461,236,27,17,3,3,0,0,0,0,0,0,0,0
0,0,0,0,0,0,0,0,0,2,10,26,260,432,935,1904,3829,19682,21899,35704,56966,215906,181835,249225,325408,920750,597787,677945,745080,787214,1593687,748902,684321,603413,936511,333553,253696,186874,222360,59026,37385,22748,20554,3894,1996,954,430,254,34,10,5,3,0,0,0,0,0,0,0,0
0,0,0,0,0,0,0,0,0,2,8,26,278,432,982,1879,3773,19654,21698,36053,57043,215150,182669,249160,325624,920756,596635,679289,744249,786917,1594020,747831,685860,603158,935980,333371,254228,186941,222501,59203,37198,22854,20434,3889,1954,985,430,245,31,12,6,1,0,0,0,0,0,0,0,0
0,0,0,0,0,0,0,0,0,1,8,27,287,438,942,1870,3812,19677,21738,35870,56999,215500,182599,248791,325903,920173,597739,677444,745703,787784,1592623,748172,685011,603479,937426,332769,254753,186098,222694,59003,37449,22553,20441,3956,1956,1003,425,243,29,15,5,1,0,0,0,0,0,0,0,0
0,0,0,0,0,0,0,0,0,3,5,25,273,476,884,1882,3879,19541,21917,35832,57083,215776,182564,248318,325401,920882,597774,678107,744467,788336,1592319,748486,684247,604410,937054,333473,253866,186683,222496,58937,37316,22582,20534,3895,1973,982,426,251,30,15,8,1,0,0,0,0,0,0,0,0
0,0,0,0,0,0,0,0,0,4,10,18,278,441,883,1967,3816,19605,21708,35941,56969,216202,181870,248309,325751,921245,597122,678898,744046,787617,1592489,749394,683762,605336,936639,332916,254339,186501,222205,59212,37189,22554,20507,3973,1970,953,455,267,23,18,5,2,0,0,0,0,0,0,0,0
0,0,0,0,0,0,0,0,1,0,13,23,262,420,905,1941,3800,19458,21912,35880,56995,216309,181971,248202,325512,920367,597461,679059,745378,787383,1592734,748275,684563,604786,936145,333704,253488,187176,222215,59252,37069,22596,20509,3904,1976,1013,432,263,39,15,0,3,0,0,0,0,0,0,0,0
0,0,0,0,0,0,0,0,1,3,11,17,262,418,957,1920,3767,19421,21905,36021,57242,215293,182080,248222,325929,920978,596821,679791,744883,787646,1592306,748483,684959,604296,935606,333678,254524,186815,222347,59123,36943,22528,20591,3916,1960,980,442,269,40,11,2,2,0,0,0,0,0,0,0,0
