0,0,0,0,0,0,0,0,0,0,0,0,0,0,0,0,0,0,2744204,0,0,0,0,0,0,0,0,0,0,0,0,0,0,0,0,0,5065332,0,0,0,0,0,0,0,0,0,0,0,0,0,0,0,0,0,2743872,0,0,0,0,0,0,0,0,0,0,0,0,0,0,0,0,0
0,0,0,0,0,0,0,0,0,0,0,0,0,0,1474141,0,0,0,0,0,0,0,0,0,0,0,0,0,3805016,0,0,0,0,0,0,0,0,0,0,0,0,0,0,3796064,0,0,0,0,0,0,0,0,0,0,0,0,0,1478187,0,0,0,0,0,0,0,0,0,0,0,0,0,0
0,0,0,0,0,0,0,0,0,0,0,0,813340,0,0,0,0,0,0,0,0,0,0,0,2628024,0,0,0,0,0,0,0,0,0,0,0,3672445,0,0,0,0,0,0,0,0,0,0,0,2623729,0,0,0,0,0,0,0,0,0,0,0,815870,0,0,0,0,0,0,0,0,0,0,0
0,0,0,0,0,0,0,0,0,0,457310,0,0,0,0,0,0,0,0,0,1750292,0,0,0,0,0,0,0,0,0,3070056,0,0,0,0,0,0,0,0,0,0,3068169,0,0,0,0,0,0,0,0,0,1748427,0,0,0,0,0,0,0,0,0,459154,0,0,0,0,0,0,0,0,0,0
0,0,0,0,0,0,0,0,0,261767,0,0,0,0,0,0,0,0,1145242,0,0,0,0,0,0,0,0,2377953,0,0,0,0,0,0,0,0,2982570,0,0,0,0,0,0,0,0,2379955,0,0,0,0,0,0,0,0,1143677,0,0,0,0,0,0,0,0,262244,0,0,0,0,0,0,0,0
0,0,0,0,0,0,0,0,151161,0,0,0,0,0,0,0,741766,0,0,0,0,0,0,0,1763829,0,0,0,0,0,0,0,2618724,0,0,0,0,0,0,0,2621724,0,0,0,0,0,0,0,1763720,0,0,0,0,0,0,0,740389,0,0,0,0,0,0,0,152095,0,0,0,0,0,0,0
0,0,0,0,0,0,0,88428,0,0,0,0,0,0,478241,0,0,0,0,0,0,1271546,0,0,0,0,0,0,2158835,0,0,0,0,0,0,0,2557978,0,0,0,0,0,0,2161663,0,0,0,0,0,0,1269652,0,0,0,0,0,0,477843,0,0,0,0,0,0,89222,0,0,0,0,0,0,0
0,0,0,0,0,0,52305,0,0,0,0,0,0,307513,0,0,0,0,0,896913,0,0,0,0,0,0,1708656,0,0,0,0,0,2309047,0,0,0,0,0,0,2313450,0,0,0,0,0,1707951,0,0,0,0,0,0,897925,0,0,0,0,0,306735,0,0,0,0,0,0,52913,0,0,0,0,0,0
0,0,0,0,0,0,31383,0,0,0,0,0,197331,0,0,0,0,0,624534,0,0,0,0,0,1310568,0,0,0,0,0,1978633,0,0,0,0,0,2264959,0,0,0,0,0,1982157,0,0,0,0,0,1308855,0,0,0,0,0,626478,0,0,0,0,0,197094,0,0,0,0,0,31416,0,0,0,0,0
0,0,0,0,0,18769,0,0,0,0,0,126783,0,0,0,0,431388,0,0,0,0,0,981158,0,0,0,0,1631854,0,0,0,0,0,2084257,0,0,0,0,2086489,0,0,0,0,0,1632992,0,0,0,0,981492,0,0,0,0,0,432420,0,0,0,0,127030,0,0,0,0,0,18776,0,0,0,0,0
0,0,0,0,0,11522,0,0,0,0,81247,0,0,0,0,295890,0,0,0,0,723571,0,0,0,0,1304271,0,0,0,0,1832185,0,0,0,0,0,2049526,0,0,0,0,1834496,0,0,0,0,1307778,0,0,0,0,722906,0,0,0,0,296765,0,0,0,0,81849,0,0,0,0,11402,0,0,0,0,0
0,0,0,0,7023,0,0,0,0,52489,0,0,0,0,201544,0,0,0,0,526567,0,0,0,0,1020451,0,0,0,1555087,0,0,0,0,1911258,0,0,0,0,1909783,0,0,0,0,1557867,0,0,0,0,1022831,0,0,0,526465,0,0,0,0,202422,0,0,0,0,52641,0,0,0,0,6980,0,0,0,0
0,0,0,0,4283,0,0,0,0,33948,0,0,0,136999,0,0,0,0,378926,0,0,0,784160,0,0,0,0,1283904,0,0,0,1711079,0,0,0,0,1879867,0,0,0,1713421,0,0,0,0,1285532,0,0,0,785429,0,0,0,0,380107,0,0,0,137512,0,0,0,0,34005,0,0,0,4236,0,0,0,0
0,0,0,0,2623,0,0,0,21794,0,0,0,93438,0,0,0,270167,0,0,0,0,594020,0,0,0,1036495,0,0,0,1485556,0,0,0,1769234,0,0,0,0,1770664,0,0,0,1485984,0,0,0,1038657,0,0,0,595550,0,0,0,0,271168,0,0,0,93684,0,0,0,21747,0,0,0,2627,0,0,0,0
0,0,0,0,1632,0,0,0,14066,0,0,0,63039,0,0,0,192166,0,0,0,444356,0,0,0,822144,0,0,0,1255799,0,0,0,1607954,0,0,0,1745354,0,0,0,1608156,0,0,0,1256860,0,0,0,824057,0,0,0,446185,0,0,0,192513,0,0,0,63458,0,0,0,14023,0,0,0,1646,0,0,0
0,0,0,971,0,0,0,9276,0,0,0,42325,0,0,0,135727,0,0,329456,0,0,0,643100,0,0,0,1038279,0,0,0,1420492,0,0,0,1654036,0,0,1654563,0,0,0,1420006,0,0,0,1040744,0,0,0,644786,0,0,0,330311,0,0,136372,0,0,0,42812,0,0,0,9130,0,0,0,1022,0,0,0
0,0,0,608,0,0,0,6011,0,0,28644,0,0,0,95729,0,0,0,242316,0,0,496684,0,0,0,843603,0,0,1223971,0,0,0,1519637,0,0,0,1631797,0,0,1520651,0,0,0,1224952,0,0,846537,0,0,0,497380,0,0,0,243362,0,0,96016,0,0,0,28950,0,0,5912,0,0,0,648,0,0,0
0,0,0,387,0,0,3911,0,0,0,19396,0,0,67201,0,0,0,177418,0,0,378768,0,0,0,676221,0,0,1033653,0,0,1358083,0,0,0,1558349,0,0,1556906,0,0,0,1361082,0,0,1033647,0,0,0,679381,0,0,379923,0,0,178017,0,0,0,67239,0,0,19602,0,0,0,3807,0,0,417,0,0,0
0,0,0,244,0,0,2540,0,0,13130,0,0,0,47054,0,0,128851,0,0,287448,0,0,535066,0,0,0,857678,0,0,1187154,0,0,1443401,0,0,0,1539310,0,0,1444212,0,0,1191754,0,0,857608,0,0,0,538148,0,0,287166,0,0,129612,0,0,47145,0,0,0,13175,0,0,2449,0,0,263,0,0,0
0,0,0,155,0,0,1637,0,0,8895,0,0,32843,0,0,93263,0,0,215862,0,0,419220,0,0,0,701654,0,0,1019379,0,0,1305413,0,0,1473166,0,0,1474794,0,0,1307794,0,0,1023235,0,0,701078,0,0,0,420885,0,0,216465,0,0,94257,0,0,32817,0,0,8875,0,0,1553,0,0,168,0,0,0
0,0,0,105,0,0,1050,0,0,5922,0,0,22862,0,0,67942,0,0,160550,0,0,324954,0,0,567814,0,0,860531,0,0,1155556,0,0,1375523,0,0,1458248,0,0,1376191,0,0,1159006,0,0,864191,0,0,566427,0,0,326765,0,0,162126,0,0,67701,0,0,22807,0,0,6003,0,0,1042,0,0,92,0,0
0,0,68,0,0,688,0,0,3981,0,0,15930,0,0,48811,0,0,119483,0,0,250063,0,0,453216,0,717408,0,0,1004417,0,0,1255089,0,0,1402462,0,0,1402427,0,0,1257525,0,0,1008283,0,0,719200,0,453146,0,0,251564,0,0,120525,0,0,48348,0,0,15993,0,0,4029,0,0,689,0,0,63,0,0
0,0,39,0,0,474,0,0,2621,0,0,11129,0,34887,0,0,88711,0,0,191173,0,0,357973,0,590717,0,0,860470,0,0,1122767,0,0,1316268,0,0,1389101,0,1316978,0,0,1125526,0,0,864092,0,0,591037,0,358581,0,0,193041,0,0,88895,0,0,34640,0,11084,0,0,2717,0,0,449,0,0,38,0,0
0,0,24,0,0,313,0,0,1724,0,7798,0,0,24706,0,0,65288,0,145557,0,0,281517,0,0,479469,0,727572,0,0,988023,0,0,1209005,0,1340783,0,0,1340111,0,0,1211530,0,990121,0,0,730372,0,0,480799,0,282127,0,0,146808,0,0,65263,0,24535,0,0,7831,0,0,1811,0,294,0,0,27,0,0
0,0,17,0,0,207,0,1172,0,0,5283,0,17672,0,0,48052,0,0,110025,0,219317,0,0,386163,0,607900,0,0,856049,0,1092238,0,0,1263145,0,0,1328069,0,1264801,0,0,1093810,0,859392,0,0,609509,0,387531,0,0,219723,0,0,111026,0,47930,0,0,17606,0,5343,0,0,1208,0,199,0,0,21,0,0
0,0,8,0,142,0,0,794,0,3610,0,0,12607,0,35119,0,0,83016,0,169589,0,0,308879,0,501407,0,0,732739,0,970317,0,0,1169283,0,1283806,0,0,1284411,0,1170398,0,0,972594,0,735635,0,0,503131,0,309913,0,0,170472,0,83031,0,0,35477,0,12379,0,0,3674,0,833,0,0,131,0,13,0,0
0,0,8,0,92,0,0,550,0,2453,0,0,8960,0,25661,0,62217,0,0,131018,0,244144,0,0,410538,0,619681,0,849852,0,0,1063601,0,1217294,0,0,1271127,0,1217415,0,1064924,0,0,853056,0,622317,0,0,411518,0,245430,0,131277,0,0,62481,0,25808,0,0,8717,0,2581,0,594,0,0,85,0,9,0,0
0,0,3,0,57,0,396,0,0,1714,0,6265,0,18801,0,0,46384,0,100542,0,192644,0,0,332198,0,519294,0,734845,0,0,951798,0,1132698,0,1233917,0,0,1232165,0,1133444,0,955564,0,0,738232,0,520503,0,333994,0,0,193103,0,101293,0,46382,0,0,18757,0,6135,0,1811,0,0,414,0,52,0,3,0,0
0,0,3,0,31,0,258,0,0,1187,0,4454,0,13533,0,34428,0,0,76899,0,151063,0,266825,0,430483,0,0,628104,0,842761,0,1035942,0,1173954,0,0,1222466,0,1173190,0,1037985,0,845603,0,0,631533,0,431419,0,268849,0,151296,0,0,77299,0,34357,0,13526,0,4363,0,0,1287,0,278,0,29,0,3,0,0
0,0,2,0,22,0,179,0,820,0,3067,0,0,9929,0,25513,0,58144,0,117950,0,213590,0,0,353265,0,530965,0,735806,0,935979,0,1097213,0,1187993,0,0,1188304,0,1098332,0,937302,0,739136,0,534223,0,0,355238,0,214167,0,118293,0,58493,0,25485,0,9763,0,0,3162,0,861,0,189,0,20,0,3,0,0
0,0,1,0,16,0,111,0,594,0,2199,0,6995,0,18961,0,43891,0,0,91497,0,170244,0,287620,0,445404,0,635023,0,833990,0,1010296,0,1133736,0,0,1178845,0,1135051,0,1011933,0,835084,0,638626,0,448375,0,290277,0,169905,0,91535,0,0,44385,0,18739,0,7093,0,2241,0,591,0,133,0,15,0,2,0,0
0,0,0,0,14,0,71,0,396,0,1587,0,5020,0,13992,0,32920,0,70736,0,134476,0,233578,0,370119,0,542409,0,734370,0,918655,0,1063522,0,1147527,0,0,1148079,0,1066838,0,919976,0,735290,0,546406,0,373419,0,234480,0,134271,0,70888,0,33407,0,13748,0,5109,0,1605,0,385,0,104,0,10,0,1,0,0
0,0,0,0,8,0,51,0,288,0,1089,0,3661,0,10115,0,24923,0,54084,0,106124,0,187703,0,305868,0,459635,0,638681,0,824683,0,984300,0,1098036,0,1139274,0,1100252,0,987465,0,825149,0,641379,0,463616,0,307768,0,188934,0,105451,0,54597,0,24861,0,10252,0,3701,0,1092,0,289,0,71,0,7,0,1,0
0,0,0,5,0,42,0,187,0,749,0,2668,0,7405,0,18449,0,41639,0,82870,0,150916,0,250269,0,386671,0,550334,0,730741,0,900539,0,1034917,0,1110482,1111509,0,1036437,0,903246,0,732204,0,553681,0,389333,0,252700,0,150918,0,82823,0,41891,0,18534,0,7581,0,2618,0,789,0,209,0,47,0,4,0,1,0
0,0,0,3,0,26,0,132,0,542,0,1877,0,5479,0,13854,0,31368,64846,0,120156,0,204203,0,322449,0,469997,0,640918,0,814534,0,961765,0,1064928,0,1102253,1067875,0,964476,0,815418,0,642871,0,474277,0,324038,0,206278,0,120068,0,64757,31871,0,13923,0,5606,0,1863,0,578,0,139,0,37,0,2,0,1,0
0,0,0,3,0,17,0,82,0,389,0,1358,4009,0,10252,0,23975,0,50033,0,95211,0,165550,0,267338,398744,0,557352,0,726518,0,885129,0,1005568,0,1076392,1077159,0,1010643,0,885475,0,728733,0,559487,0,402188,0,269068,166718,0,95154,0,50262,0,24173,0,10443,0,4119,1332,0,406,0,106,0,21,0,0,0,1,0
0,0,0,1,0,12,0,62,0,269,946,0,2921,0,7637,0,18169,0,38675,75122,0,133127,0,220357,0,336389,0,480059,641595,0,803921,0,940090,0,1033841,0,1069240,1036636,0,943185,0,804924,0,644549,0,482657,339197,0,220925,0,134378,0,75239,0,38754,18333,0,7853,0,2996,0,970,0,287,78,0,13,0,1,0,0,0
0,0,0,1,0,8,0,35,195,0,667,0,2164,0,5645,13755,0,29841,0,58849,0,107123,179688,0,281970,0,410307,0,562164,722050,0,866386,0,983526,0,1042521,1047039,0,984009,0,869489,0,723926,564908,0,413506,0,282579,0,181566,107475,0,59356,0,29814,0,13811,5905,0,2178,0,686,0,200,56,0,10,0,0,0,0,0
0,0,0,1,0,5,23,0,134,0,468,0,1604,4214,0,10318,0,22945,46088,0,85725,0,145910,0,234553,347997,0,488588,0,642685,791313,0,919279,0,1006647,0,1038186,1009087,0,922087,0,793498,644722,0,491168,0,350944,0,235654,147348,0,85909,0,46366,22817,0,10425,0,4430,0,1568,510,0,149,0,39,4,0,0,0,0,0
0,0,0,0,0,5,17,0,91,0,340,1148,0,3161,0,7772,17464,0,36082,0,68065,118564,0,193478,0,294392,419730,0,566429,0,716225,851873,0,956531,0,1017064,1015823,0,959761,0,855099,717106,0,568327,0,424283,295429,0,195063,0,119085,68587,0,36114,0,17456,8009,0,3176,0,1163,358,0,111,0,24,3,0,0,0,0,0
0,0,0,0,3,0,13,0,59,233,0,836,0,2347,5850,0,13358,0,27979,53972,0,95649,158867,0,246881,0,359994,494290,0,640162,0,781839,899227,0,981163,0,1009792,981939,0,902504,783319,0,642844,0,498091,361830,0,248579,0,160048,96464,0,54135,0,28086,13449,0,6018,2396,0,831,0,268,77,0,15,0,1,0,0,0,0
0,0,0,0,3,0,8,0,46,152,0,603,1742,0,4441,0,10153,21702,0,42609,76675,0,129895,0,205957,306263,0,428414,567304,0,710836,0,836137,935003,0,990147,989321,0,936029,0,840125,711847,0,570388,431882,0,307723,0,207584,131019,0,77344,42810,0,21817,0,10282,4499,0,1781,605,0,196,0,56,10,0,0,0,0,0,0
0,0,0,0,2,0,5,31,0,108,433,0,1297,0,3294,7796,0,16818,33426,0,61330,105707,0,170633,0,259191,369032,0,498389,639417,0,771382,881302,0,956569,0,983383,956675,0,883587,773526,0,640143,502937,0,372256,260141,0,172312,0,106433,62301,0,33470,16860,0,7906,3357,0,1308,0,466,140,0,40,5,0,0,0,0,0,0
0,0,0,0,1,0,5,21,0,76,311,0,965,2508,0,5829,12945,0,26257,49233,0,85179,140992,0,217511,0,316785,435143,0,569322,703830,0,823184,913292,0,964261,963005,0,916535,824251,0,705911,571513,0,438913,319189,0,219014,0,142009,86713,0,49460,26056,0,13245,5999,0,2517,955,0,352,93,0,23,5,0,0,0,0,0,0
0,0,0,0,0,0,3,19,0,56,213,0,719,1856,0,4455,9993,0,20472,39329,0,68631,115476,0,181710,269892,0,378176,503116,0,636024,760790,0,863798,933109,0,957900,934578,0,866455,762607,0,637172,506126,0,381683,271770,0,183374,116424,0,70206,39090,0,20555,10157,0,4581,1837,0,728,248,0,63,15,0,2,0,0,0,0,0
0,0,0,0,0,3,0,13,43,0,151,530,0,1377,3341,0,7687,15983,0,31042,55564,0,94330,151176,228405,0,326438,442067,0,569454,696190,0,809013,894130,0,939478,941110,0,895645,810831,0,698217,572283,0,445002,329226,0,229848,152337,95860,0,56124,30998,0,16074,7803,0,3475,1398,0,528,179,0,42,13,0,0,0,0,0,0,0
0,0,0,0,0,2,0,9,30,0,108,370,1048,0,2546,5862,0,12551,24357,0,44558,76887,0,125161,192061,280344,0,385745,506941,0,631407,749916,0,847662,911754,0,935153,913148,848148,0,752728,635130,0,509174,388940,0,281039,193980,126572,0,78037,44778,0,24496,12642,0,5919,2604,0,1038,394,133,0,30,6,0,0,0,0,0,0,0
0,0,0,0,0,2,0,6,22,76,0,259,787,0,1935,4434,9757,0,19122,35819,0,62181,103202,0,160993,238624,335371,0,446988,569213,0,688371,795999,874995,0,918267,918169,0,878014,796977,692102,0,571936,450010,0,337498,239495,0,162538,104225,63347,0,35772,19388,0,9908,4455,1959,0,786,291,0,88,22,5,0,0,0,0,0,0,0
0,0,0,0,0,0,7,0,15,50,0,194,574,1486,0,3404,7530,0,14928,28613,50375,0,84696,134440,201593,0,289074,393138,0,509112,626754,740619,0,831550,891337,0,912840,893809,833651,0,740880,631972,511827,0,395031,290627,0,203836,135525,85676,0,50946,28536,0,15407,7586,3403,0,1487,584,209,0,69,15,0,3,0,0,0,0,0,0
0,0,0,0,0,0,6,0,10,31,136,0,426,1134,2556,0,5794,11854,0,22462,40884,68901,0,111925,170116,247617,0,343116,452309,567344,0,682055,783457,856426,0,896303,900307,0,857646,785120,684675,0,571760,453421,345407,0,249485,172085,112702,0,69932,40939,22811,0,12130,5744,0,2632,1108,428,0,150,51,11,0,2,0,0,0,0,0,0
0,0,0,0,0,0,2,0,11,25,90,0,316,881,1951,0,4408,9315,17712,0,32849,56302,92440,0,142834,211320,297154,0,398713,510676,623832,0,730177,815877,871661,0,894600,873252,818256,0,732848,626403,513350,0,400648,299913,212560,0,144944,92626,57074,0,33048,18128,9424,0,4450,2028,842,0,302,123,34,0,9,0,0,0,0,0,0,0
0,0,0,0,0,0,0,11,0,19,58,235,0,661,1528,3352,0,7264,14143,26120,46007,0,75815,119620,179351,0,256225,349367,455879,0,566467,674706,770570,0,839678,878663,878977,841885,0,772950,677322,570005,0,457807,351727,258137,0,180893,120805,76656,0,46561,26281,14410,7318,0,3410,1532,643,0,241,76,26,0,7,0,0,0,0,0,0,0
0,0,0,0,0,0,0,5,0,23,37,154,495,0,1183,2619,5622,0,11072,21034,37179,62129,0,100059,151039,219963,0,304508,403603,511209,620189,0,720899,800985,854845,0,873889,856512,803705,722897,0,622668,513090,406742,0,306550,221794,153148,100269,0,63145,37466,21163,0,11305,5687,2627,1156,0,490,167,64,0,20,3,0,0,0,0,0,0,0
0,0,0,0,0,0,0,4,13,0,35,102,361,910,0,1994,4330,8809,16685,0,30119,51065,82517,0,127236,187583,264420,354954,0,458663,565223,668262,757641,0,824741,859384,861064,826323,0,760603,671203,567108,460193,0,358463,266130,189446,0,128944,83384,51797,29973,0,16995,8891,4421,1969,0,909,354,121,50,0,13,3,0,0,0,0,0,0,0
0,0,0,0,0,0,0,3,12,22,0,79,249,709,1541,0,3326,7038,13224,24212,0,41609,68249,106825,159250,0,227507,311843,407251,512473,0,615627,710713,787623,838316,0,855238,839982,789662,714065,618140,0,513508,410346,314057,229667,0,161301,107809,69050,42108,0,24376,13453,6964,3362,0,1544,655,284,89,0,36,9,2,0,0,0,0,0,0,0
0,0,0,0,0,0,0,2,6,26,60,0,182,515,1150,2630,0,5504,10501,19382,33842,56349,0,89093,134877,195575,271373,0,360498,460292,562829,662741,746171,0,809011,843031,842455,811981,0,749085,664160,565286,461994,364055,0,273091,197866,136475,89979,0,56873,34130,19630,10634,5503,0,2547,1222,484,220,0,59,31,6,2,0,0,0,0,0,0,0
0,0,0,0,0,0,0,2,5,19,47,0,140,380,889,1943,4341,0,8365,15563,27474,46341,73951,0,113817,167187,234757,317759,411430,0,511410,611548,702557,774261,821294,0,838906,823199,778584,702841,613897,0,513760,414143,319937,237655,168898,0,114863,74854,46592,27916,15655,0,8495,4212,1951,949,396,0,148,50,23,2,2,0,0,0,0,0,0,0
0,0,0,0,0,0,0,0,5,12,39,104,266,0,682,1515,3390,6637,12414,0,22271,37902,61183,95575,142452,202589,0,277911,365915,462254,560355,654501,0,736121,794693,825123,827959,796504,739305,0,656480,562552,464762,368311,280409,0,204791,143726,96564,62186,38129,22554,0,12653,6605,3316,1529,686,0,312,113,33,16,3,1,0,0,0,0,0,0,0
0,0,0,0,0,0,0,0,3,6,32,76,190,535,0,1188,2598,5267,9933,17994,30887,0,50509,79950,120971,174325,241821,322770,0,415606,510507,606031,693873,761514,806374,0,822379,808429,764831,695617,609059,513141,417769,0,325662,244053,176071,121806,81021,51462,0,30970,18239,10107,5151,2593,1207,0,522,241,75,32,7,3,0,1,0,0,0,0,0,0
0,0,0,0,0,0,0,0,3,3,21,56,154,393,899,0,2068,4100,8034,14463,25041,41799,66865,0,101705,149486,209603,284472,369557,463847,557093,0,649023,724400,780229,811404,810975,783151,727273,0,650410,560191,466303,373182,286035,211600,151017,0,103031,67517,42299,25241,14751,8038,4051,0,2019,931,413,173,61,19,6,0,2,1,0,0,0,0,0,0
0,0,0,0,0,0,0,2,0,3,18,44,112,309,695,1590,3263,0,6363,11634,20273,34479,55557,85659,127466,180796,0,248675,328559,416831,510601,601929,684535,749208,792492,0,806606,794014,752570,686326,603150,513456,420803,330952,0,250685,182687,128546,87032,56078,34639,20475,11942,0,6376,3149,1575,749,317,122,48,10,0,5,2,1,0,0,0,0,0,0
0,0,0,0,0,0,0,2,3,10,0,39,72,236,549,1236,2556,4996,9365,16588,0,28026,46040,71960,108210,155841,216385,289562,373587,463876,0,555761,641608,713923,767463,796501,795987,771043,715934,643830,556828,0,467502,377056,292289,218428,157165,109174,72974,46680,28200,0,16580,9625,5041,2512,1216,565,233,110,26,0,9,3,3,0,0,0,0,0,0,0
0,0,0,0,0,0,0,0,5,5,27,0,60,164,422,967,2004,3974,7377,13534,23119,37783,60346,0,91348,133643,187760,254050,332877,419615,508974,597826,675060,737644,779254,0,792285,779913,740848,677830,598753,511861,423479,335907,256675,189201,135193,0,92319,60965,38651,22951,13505,7599,3997,1977,929,451,171,0,77,23,5,4,1,0,0,0,0,0,0,0
0,0,0,0,0,0,0,0,4,5,17,47,124,324,0,728,1553,3124,5921,10938,18861,31240,50135,77377,113642,162629,222477,294725,0,376918,464225,552322,635102,703350,755902,782241,783238,756405,706581,637314,553741,467936,381463,0,296701,224989,163516,115453,77857,50892,31644,18847,10854,6072,3133,1571,727,0,327,138,53,18,4,2,1,0,0,0,0,0,0,0
0,0,0,0,0,0,0,0,3,3,13,36,89,249,577,1181,2485,0,4705,8810,15454,25657,41398,65182,96817,139492,194091,260004,336978,420628,507656,592926,667998,726509,765428,0,779200,767205,727520,670703,594183,510526,424600,340497,261970,196182,140864,98184,65462,42625,25826,15110,8884,0,4835,2437,1250,551,256,116,36,11,4,1,1,0,0,0,0,0,0,0
0,0,0,0,0,0,0,0,1,3,8,25,74,181,446,910,1951,3794,6963,12523,21014,34648,54310,0,82173,120113,168035,228551,299346,379950,464078,550205,627543,695147,742239,769689,769555,744661,696733,630851,551498,467524,383452,301569,231473,169862,120821,0,83449,54825,35042,21128,12485,7054,3852,1922,993,425,190,93,16,9,5,0,1,0,0,0,0,0,0,0
0,0,0,0,0,0,0,0,0,1,8,19,49,139,355,697,1516,3021,5606,10016,17342,28698,45411,69239,102485,145939,199734,264473,340457,422107,507215,587503,659458,715767,753486,0,767326,753711,716593,662528,588832,510340,425104,343829,268094,202036,146565,103660,70261,46017,28783,17334,10066,5693,3053,1492,782,329,160,55,12,8,3,1,0,0,0,0,0,0,0,0
0,0,0,0,0,0,0,0,0,0,7,14,39,104,268,570,1190,2310,4547,8070,14210,23681,37724,58458,87258,125618,173650,234201,303195,382604,463689,546827,621864,685577,731046,756887,757774,732607,687211,624081,549101,467182,384694,306710,237074,175954,126580,87917,59287,38418,23668,14098,8155,4672,2377,1203,607,253,120,37,11,6,3,0,0,0,0,0,0,0,0,0
0,0,0,0,0,0,0,0,0,0,4,11,27,86,200,450,909,1873,3576,6574,11435,19474,31584,49033,74028,107406,151270,205063,270073,343784,423440,505490,581899,652144,705344,741659,754459,741330,707576,653916,585339,506721,427459,346293,272894,207920,152615,108638,74830,49755,31868,19477,11558,6564,3720,1880,971,459,204,84,27,8,6,1,0,0,0,0,0,0,0,0
0,0,0,0,0,0,0,0,0,3,11,19,57,154,354,700,1484,2889,5291,9343,16005,26075,41240,62690,91796,130603,179627,238950,307377,385068,463631,542686,615960,675932,721913,744098,744184,722632,678013,617609,545947,466435,387840,310221,242013,181862,131673,93110,63388,41673,26294,16018,9301,5429,2952,1488,762,351,158,67,21,8,2,1,0,0,0,0,0,0,0,0
0,0,0,0,0,0,0,0,0,3,6,22,35,113,271,546,1208,2264,4229,7643,13115,21447,34519,53114,78298,112018,156577,210620,274345,346880,424652,503195,577968,643276,696557,730559,1471208,698320,645259,580491,506418,426977,349978,276834,213381,158274,113892,79117,53611,34702,21781,13088,7705,4342,2295,1182,600,275,129,47,13,7,1,1,0,0,0,0,0,0,0,0
0,0,0,0,0,0,0,0,0,4,7,16,37,106,231,556,1119,2143,4075,7347,12596,20788,33579,52233,77028,110105,154628,209264,272916,345252,424357,502490,580979,645471,700076,732735,1479212,701912,647935,582669,506188,426913,348698,275426,211752,156599,112435,77771,52292,33756,21178,12701,7371,4078,2230,1179,545,250,114,46,12,6,1,1,0,0,0,0,0,0,0,0
0,0,0,0,0,0,0,0,0,3,9,12,38,98,213,520,1025,2072,3872,6854,12265,20092,32714,50689,75760,108521,153378,206579,271224,344510,422840,504246,580945,648762,703240,737297,1488211,703975,651706,584210,506460,426118,347995,274071,209910,154501,110452,76306,51234,32682,20530,12189,7057,3891,2127,1108,510,227,102,38,16,3,0,1,0,0,0,0,0,0,0,0
0,0,0,0,0,0,0,0,0,2,8,14,36,88,197,473,992,1987,3610,6616,11589,19645,31703,49504,74318,107151,150723,204675,269053,343367,423127,504637,583017,651128,706858,740461,1497239,706604,655844,584681,506472,426939,346956,272510,207373,152362,108979,74847,49753,31893,19809,11867,6707,3788,1934,1045,461,209,107,34,9,6,0,1,0,0,0,0,0,0,0,0
0,0,0,0,0,0,0,0,0,3,4,14,35,89,167,441,946,1816,3482,6332,11190,19018,30795,47925,73262,105606,148487,203594,266627,342597,422975,505433,584347,653261,709722,744093,1505814,711821,655073,587483,507108,426040,346068,271113,205790,150685,106956,73410,48471,31174,19141,11410,6418,3552,1898,965,409,205,87,37,14,4,1,0,0,0,0,0,0,0,0,0
0,0,0,0,0,0,0,0,0,2,4,11,33,80,144,408,883,1707,3317,6129,10772,18370,29847,47139,71725,104110,146664,201302,265922,340509,423107,505379,586024,655962,711999,749022,1513181,715159,658053,587196,508941,425085,344794,270025,203998,148643,105483,72184,47522,30067,18791,10804,6010,3547,1729,896,423,172,79,39,13,2,1,0,0,0,0,0,0,0,0,0
0,0,0,0,0,0,0,0,0,1,4,14,31,64,163,357,827,1606,3219,5832,10357,17871,29134,46224,69713,103152,144917,199308,264631,339985,421680,506519,587042,658988,714427,752382,1520426,718000,660150,588684,510065,424199,343880,268903,201936,146965,104457,70712,46344,29418,17863,10558,5896,3324,1671,845,381,162,74,36,6,5,0,0,0,0,0,0,0,0,0,0
0,0,0,0,0,0,0,0,0,1,3,18,28,57,152,336,725,1596,3033,5649,9867,17437,28383,45191,68668,101211,143494,197885,262950,339406,421233,507027,588647,660089,717844,755281,1527001,720105,663849,591134,509775,423477,342908,267089,200180,145740,102672,70109,45178,28512,17374,10220,5740,3087,1625,793,380,142,73,25,7,1,1,0,0,0,0,0,0,0,0,0
0,0,0,0,0,0,0,0,0,1,3,13,28,49,151,296,698,1479,2980,5327,9688,16823,27763,43962,67482,100099,141761,196673,261830,338247,420736,506765,588968,663365,720590,758717,1532729,723600,666133,592697,509328,423880,342035,265166,198830,144115,101079,69086,44157,27812,17006,9898,5490,3025,1523,742,344,135,69,23,9,2,1,0,0,0,0,0,0,0,0,0
0,0,0,0,0,0,0,0,0,1,2,12,28,54,128,286,687,1368,2773,5204,9374,16331,27300,43169,65985,98226,140850,195446,260579,336746,420753,506897,590419,665472,723155,761200,1540226,725605,667493,593969,510422,423751,340573,263649,197633,142668,99797,67573,43526,27170,16394,9603,5344,2844,1476,700,311,147,64,16,7,2,0,0,0,0,0,0,0,0,0,0
0,0,0,0,0,0,0,0,0,0,4,13,28,40,117,288,618,1349,2622,5059,9081,15904,26536,42349,65045,97096,139494,193326,259415,335939,420417,507249,590725,667670,726938,764078,1546093,728737,668796,594255,511378,423228,339605,262665,195840,141115,98973,66132,42769,26718,16079,9245,5063,2744,1394,662,301,137,53,18,4,4,0,0,0,0,0,0,0,0,0,0
0,0,0,0,0,0,0,0,0,0,3,9,32,39,101,300,553,1272,2568,4803,8865,15438,25764,41678,64109,95631,138513,191748,258658,335451,419254,507024,592494,669464,728349,766779,1552734,730935,670902,595480,511362,423300,338418,261834,194329,139731,97603,65240,41939,26172,15632,8924,4905,2634,1286,668,276,127,48,21,8,1,0,0,0,0,0,0,0,0,0,0
0,0,0,0,0,0,0,0,0,1,2,12,20,43,93,263,554,1222,2473,4688,8605,14918,25295,40637,63118,94989,136643,191354,257304,333796,418654,507845,594459,670013,730180,771547,1557047,734123,671735,597368,510794,423056,337609,260469,193159,138567,96366,64200,41343,25422,15272,8622,4710,2487,1277,595,274,111,49,16,7,2,0,0,0,0,0,0,0,0,0,0
0,0,0,0,0,0,0,0,0,1,3,11,16,42,96,240,536,1165,2354,4595,8354,14531,24526,40102,62477,93443,136089,189710,255962,333236,418363,507547,594723,671668,733560,772959,1563120,735656,673896,598452,511335,422352,337684,258990,191647,137388,94994,63415,40804,25024,14748,8432,4499,2458,1205,558,260,111,48,15,7,1,0,0,0,0,0,0,0,0,0,0
0,0,0,0,0,0,0,0,0,1,4,8,15,37,85,240,511,1119,2249,4378,8173,14194,24145,39284,61354,92402,134809,188959,254855,332184,418429,507659,595266,673044,735769,776238,1566927,739274,674871,599351,511130,423479,335886,257691,190944,136194,93638,62571,40033,24500,14492,8124,4449,2319,1154,560,245,101,46,13,4,1,0,0,0,0,0,0,0,0,0,0
0,0,0,0,0,0,0,0,0,2,2,6,16,32,92,213,509,1057,2154,4205,7877,13966,23694,38365,60814,91593,133542,187776,254004,330843,418475,507417,595639,674817,737596,780056,1571716,740154,678605,599649,511534,422215,335010,256600,189885,135057,92552,61742,39096,24270,13985,8011,4293,2250,1122,497,252,87,46,13,4,0,1,0,0,0,0,0,0,0,0,0
0,0,0,0,0,0,0,0,0,1,3,6,12,30,97,228,462,1006,2098,4143,7557,13556,23217,38066,59828,90917,132731,185741,253245,329924,417853,507655,596733,675983,739739,781967,1577760,741504,680304,600622,511660,421741,334036,255605,188744,133654,92000,60722,38676,23620,13979,7649,4165,2239,1062,500,218,96,40,9,4,0,0,1,0,0,0,0,0,0,0,0
0,0,0,0,0,0,0,0,0,1,2,5,13,31,89,206,476,1008,1966,3961,7512,13201,22613,37623,59081,89712,131452,185344,252184,329832,416488,507489,597635,677874,742295,783264,1582794,743574,680402,602261,512573,420763,333129,254789,187683,132546,91094,59949,38095,23136,13641,7529,4113,2122,1016,491,213,87,35,12,2,1,1,0,0,0,0,0,0,0,0,0
0,0,0,0,0,0,0,0,0,0,3,3,19,27,90,182,463,982,1928,3796,7289,12920,22189,36973,58366,89069,130241,184433,251165,328257,416886,507479,598069,680369,743229,785751,1587447,745100,682638,602124,512375,421330,332301,253768,186562,131338,90212,59729,37016,22844,13257,7416,3994,1986,965,505,179,96,36,10,1,0,1,0,0,0,0,0,0,0,0,0
0,0,0,0,0,0,0,0,0,0,3,2,20,27,87,167,444,954,1866,3660,7033,12783,21683,36301,57783,88046,129758,183117,249984,328193,415028,508140,599848,680531,744891,787931,1592955,747033,683730,602419,512742,421037,332024,252296,185214,130670,89663,58567,36638,22334,13096,7185,3836,1972,934,451,212,73,36,10,0,0,1,0,0,0,0,0,0,0,0,0
0,0,0,0,0,0,0,0,0,0,2,3,19,24,75,165,424,915,1827,3633,6836,12389,21327,35922,56871,87499,128275,182594,249263,327014,414854,508507,598946,681822,748840,789599,1596259,749567,683823,603872,512261,421121,332025,251149,183260,130447,88803,57864,36368,21908,12690,7062,3756,1869,908,444,182,79,37,6,2,0,1,0,0,0,0,0,0,0,0,0
0,0,0,0,0,0,0,0,0,0,1,5,15,26,65,155,388,885,1853,3519,6612,12150,21012,35163,56453,86361,127867,181465,248065,327531,413229,508136,599615,684133,749644,792397,1599296,752169,685161,604644,513242,419951,330948,250579,182664,128909,88094,57123,36000,21387,12569,6763,3685,1884,867,420,198,68,32,7,2,1,0,0,0,0,0,0,0,0,0,0
0,0,0,0,0,0,0,0,0,0,1,6,12,30,54,172,363,834,1772,3399,6536,11938,20758,34510,55947,85589,126467,180865,247274,325972,413664,508511,600888,684224,750743,794633,1604104,753339,687250,604539,513720,419169,330561,249434,181952,128296,87082,56241,35523,21229,12149,6764,3573,1787,843,407,169,82,22,9,1,1,0,0,0,0,0,0,0,0,0,0
0,0,0,0,0,0,0,0,0,0,1,3,13,24,62,167,348,814,1686,3361,6369,11801,20418,34196,55164,84703,125992,179908,245877,325315,413233,508733,601693,685692,752307,796422,1607425,756016,687514,606067,513164,418731,329229,249129,181213,127120,86475,56010,34785,20830,12083,6607,3475,1782,796,383,167,71,26,6,1,1,0,0,0,0,0,0,0,0,0,0
0,0,0,0,0,0,0,0,0,0,1,3,7,30,55,150,369,765,1644,3263,6322,11571,20197,33727,54302,84027,124839,178869,245407,324916,413218,508105,602118,686326,754950,798454,1610745,757992,689435,605167,513558,418287,328889,247987,180287,126889,85463,55302,34326,20758,11797,6389,3389,1703,782,361,165,71,25,3,3,0,0,0,0,0,0,0,0,0,0,0
0,0,0,0,0,0,0,0,0,0,1,3,7,20,55,154,351,731,1597,3173,6181,11319,19876,33437,53428,83397,124315,177995,245006,323267,413426,507618,602937,688401,756056,799254,1615196,758555,691708,605536,513184,418649,327267,247570,179466,126242,84890,54480,34139,20224,11681,6317,3260,1673,762,355,146,76,14,9,2,2,0,0,0,0,0,0,0,0,0,0
0,0,0,0,0,0,0,0,0,0,1,3,5,19,54,154,313,751,1543,3100,6027,11221,19530,32779,53508,82352,123716,176592,244107,323544,412619,508084,603472,689200,756939,800931,1619326,759691,692272,607448,512519,418445,327380,246243,178677,125048,84205,54379,33482,19993,11445,6248,3144,1576,755,329,150,60,20,5,3,0,1,0,0,0,0,0,0,0,0,0
0,0,0,0,0,0,0,0,0,0,1,4,5,13,57,138,342,709,1495,3078,5895,10983,19362,32338,52728,81938,122828,175588,242975,322994,413598,507630,604222,689906,758238,802096,1623711,760825,693058,608102,512943,417653,326956,244862,178432,124138,83599,54051,32912,19665,11346,6078,3103,1495,778,307,160,45,16,8,2,1,0,1,0,0,0,0,0,0,0,0
0,0,0,0,0,0,0,0,0,0,1,5,5,14,51,126,329,672,1484,2961,5775,10934,18967,31839,52524,81206,122118,174826,241992,323483,411599,508401,605282,690331,758696,804715,1626293,763194,693938,609014,512018,417156,326240,244806,177289,123744,83303,52933,33029,19389,10969,5968,3025,1503,752,293,147,36,21,7,3,1,0,1,0,0,0,0,0,0,0,0
0,0,0,0,0,0,0,0,0,0,1,5,3,15,43,133,290,659,1428,2917,5645,10654,18887,31533,51847,81006,120833,174714,241502,321949,412273,508664,604205,691144,761753,805837,1629649,764428,694811,608689,512847,417087,325289,244389,175962,123200,82444,52540,32478,19283,11014,5733,2933,1474,697,319,130,41,21,5,2,1,1,1,0,0,0,0,0,0,0,0
0,0,0,0,0,0,0,0,0,0,0,4,5,19,40,107,298,621,1417,2833,5635,10345,18678,31413,50932,80449,120546,173509,241103,321319,412182,508328,604785,692120,763168,808015,1631709,765219,696892,608808,512815,417028,324165,244038,175470,122308,81614,52611,31723,19247,10733,5660,2865,1455,682,309,115,43,17,6,2,1,2,0,0,0,0,0,0,0,0,0
0,0,0,0,0,0,0,0,0,0,0,3,8,14,41,107,275,615,1378,2814,5568,10170,18240,31035,50727,79403,119718,172963,241154,320643,411560,508923,605443,692776,762927,809751,1635138,767881,696514,610183,512830,415697,323530,243166,175538,121850,80849,51648,32077,18608,10664,5649,2776,1396,670,309,110,41,16,7,2,2,1,0,0,0,0,0,0,0,0,0
0,0,0,0,0,0,0,0,0,0,1,1,7,19,37,95,279,603,1366,2730,5488,10039,17909,30830,50274,79080,118902,172596,239344,320275,411844,508589,606544,693620,763568,811486,1640325,766384,697932,610205,513510,414500,324130,242053,174745,121070,80434,51258,31528,18545,10394,5605,2826,1326,639,293,111,43,16,5,2,2,0,1,0,0,0,0,0,0,0,0
0,0,0,0,0,0,0,0,0,0,1,2,5,19,36,93,250,616,1282,2753,5303,10024,17542,30685,50287,77929,118275,171723,238735,320219,410753,509906,605890,694244,765756,812612,1642090,768496,698784,610484,513284,415189,322531,241999,174070,120274,79775,51227,31124,18147,10353,5466,2857,1233,626,281,111,43,14,4,4,1,1,0,0,0,0,0,0,0,0,0
0,0,0,0,0,0,0,0,0,0,1,1,5,16,38,96,259,574,1293,2679,5246,9714,17524,30117,49709,78089,117619,170563,238634,319549,410540,510052,606584,694676,767617,813122,1643635,771226,698414,611353,513945,414059,322397,241666,173423,119336,79341,50579,31225,18049,9959,5463,2749,1231,613,239,120,42,16,8,2,1,0,0,0,0,0,0,0,0,0,0
0,0,0,0,0,0,0,0,0,0,1,0,3,18,38,80,245,579,1344,2600,5128,9635,17360,29475,49362,77572,117064,170857,237336,318664,411493,509814,606642,695718,768157,813700,1647342,771093,700414,610698,514615,414051,321970,240943,172844,118704,78904,50101,30767,17897,9942,5297,2736,1182,603,242,108,42,16,8,4,0,0,0,0,0,0,0,0,0,0,0
0,0,0,0,0,0,0,0,0,0,1,0,3,17,29,98,235,555,1251,2649,5058,9485,17154,29515,48623,77005,116581,170017,236863,318668,411329,508947,608007,696591,768466,816532,1649061,771263,700911,611903,513346,415242,321145,240095,172382,118246,78445,49725,30521,17520,9846,5261,2605,1225,584,243,90,42,14,11,3,0,0,0,0,0,0,0,0,0,0,0
0,0,0,0,0,0,0,0,0,0,1,0,3,20,32,90,228,561,1202,2547,4945,9337,17043,29392,48419,76515,115923,169341,236847,317489,410932,508913,608695,697337,770096,816622,1651836,773744,701060,611405,514218,413986,321102,239513,171655,117887,77974,49378,30146,17347,9727,5113,2629,1202,555,244,92,38,17,7,3,0,0,0,0,0,0,0,0,0,0,0
0,0,0,0,0,0,0,0,0,0,1,1,5,13,36,95,238,540,1174,2511,4921,9160,16794,29424,47690,75881,115898,168503,236696,316937,409683,509676,609205,699321,769564,817992,1653994,774708,701104,613372,513679,413031,321593,238662,171255,117103,77453,49184,29818,17203,9504,5122,2505,1236,532,235,98,33,16,4,4,1,0,0,0,0,0,0,0,0,0,0
0,0,0,0,0,0,0,0,0,0,1,0,6,11,33,94,222,554,1165,2370,4887,9190,16578,29048,47469,75337,115169,168240,236046,316747,408428,510498,609359,699749,771716,817594,1657884,773801,703342,613742,513324,413154,320678,238994,169732,117059,77108,48493,29530,17098,9411,4973,2477,1158,575,211,95,33,14,8,2,1,0,0,0,0,0,0,0,0,0,0
0,0,0,0,0,0,0,0,0,0,1,2,2,12,35,99,214,523,1134,2362,4779,9116,16364,28793,47137,74859,114585,167578,235933,315479,409486,509403,610170,700917,772250,818826,1659686,774634,704872,612872,514222,413040,319796,237971,170059,116477,76599,48314,29114,17003,9280,4863,2477,1166,533,229,89,26,21,4,2,0,0,0,0,0,0,0,0,0,0,0
0,0,0,0,0,0,0,0,0,0,1,1,3,13,32,94,245,482,1080,2310,4767,8903,16579,28358,46773,74351,113819,167433,234639,315601,409032,510453,609928,700156,774891,819731,1661491,775657,705323,613322,514206,412955,319852,237112,169107,116204,76661,47594,29047,16671,9246,4819,2409,1200,507,209,88,29,16,5,3,0,0,0,0,0,0,0,0,0,0,0
0,0,0,0,0,0,0,0,0,0,0,3,1,17,26,89,242,483,1110,2272,4627,8823,16353,28204,46543,73960,113554,166528,233629,315961,409608,508965,610516,701479,774818,822866,1662750,777315,704582,614655,512769,413100,318915,236783,169124,115882,75873,47573,28439,16736,9069,4781,2391,1149,516,197,72,43,11,4,2,0,0,0,0,0,0,0,0,0,0,0
0,0,0,0,0,0,0,0,0,0,0,1,4,11,35,88,210,473,1098,2249,4556,8759,16050,28241,46284,73564,112674,165849,233102,315712,409437,509150,610543,703434,775411,823641,1664901,777179,705636,614830,512482,413300,318390,236557,168694,115258,75433,47183,28543,16398,9065,4665,2358,1130,512,201,71,29,14,2,1,0,0,0,0,0,0,0,0,0,0,0
0,0,0,0,0,0,0,0,0,0,1,1,2,13,32,85,198,521,1006,2195,4520,8706,15882,27911,46200,72976,112473,164834,233640,314711,409241,509049,611739,702396,777124,823652,1667389,779442,705413,614838,513780,412028,318298,235869,168249,114537,75141,46919,28352,16278,8958,4572,2268,1148,499,207,71,27,10,6,1,0,0,0,0,0,0,0,0,0,0,0
0,0,0,0,0,0,0,0,0,0,1,0,3,12,31,73,217,487,1011,2166,4506,8489,15813,27606,46122,72559,112037,164609,232266,315321,408923,509342,611167,704283,776900,825202,1669421,780438,705593,614651,514073,411854,317117,236186,167748,114410,74506,46324,28144,16256,8818,4536,2314,1038,519,198,73,26,14,3,2,0,0,0,0,0,0,0,0,0,0,0
0,0,0,0,0,0,0,0,0,0,1,1,2,10,28,84,199,482,1004,2201,4411,8397,15495,27519,45806,72417,111567,164366,232281,314003,408845,509691,611532,704535,777608,827181,1671430,779580,707311,614206,514443,411712,317042,235071,167595,113633,74431,46198,27794,16057,8622,4491,2265,1061,478,212,62,29,12,4,3,0,0,0,0,0,0,0,0,0,0,0
0,0,0,0,0,0,0,0,0,0,1,0,2,9,35,81,196,460,1008,2219,4267,8338,15484,27150,45630,71988,111052,164100,231763,314055,408130,509619,612556,704269,778054,827439,1675566,778873,707800,615291,515063,410877,316549,235112,166573,113343,73789,46042,27690,15852,8620,4452,2182,1053,456,211,67,24,11,7,0,0,0,0,0,0,0,0,0,0,0,0
0,0,0,0,0,0,0,0,0,0,0,1,4,6,27,97,192,425,1042,2107,4284,8237,15261,26955,45213,71817,110858,163832,231601,313238,408231,509713,611940,705042,778583,828858,1676261,780674,708152,615811,513878,411342,316681,234290,166349,112711,73582,45850,27641,15730,8548,4333,2189,1047,473,174,84,26,11,7,0,0,0,0,0,0,0,0,0,0,0,0
0,0,0,0,0,0,0,0,0,0,0,1,4,8,24,96,192,461,984,2061,4273,8156,15145,26784,44706,71979,110196,163490,231032,313951,407424,508980,612880,705306,779534,829579,1676601,782327,707822,616918,513628,412483,316185,233531,165629,112558,73131,45616,27385,15681,8452,4299,2144,1010,448,194,82,25,7,5,1,0,0,0,0,0,0,0,0,0,0,0
0,0,0,0,0,0,0,0,0,0,0,0,5,12,25,77,195,462,957,2093,4142,8030,15202,26593,44439,71163,110168,163044,230416,314065,407404,509684,612392,705763,780890,829916,1679575,782272,708313,616271,514382,412188,315282,233013,165490,112026,72715,45436,27223,15460,8396,4378,2133,965,443,192,79,25,10,4,0,0,0,0,0,0,0,0,0,0,0,0
0,0,0,0,0,0,0,0,0,0,0,1,6,5,26,83,197,430,999,2010,4204,8091,14895,26159,44078,71124,109965,162704,230083,312942,407737,510465,611693,706827,781428,831869,1679794,783216,708637,616540,514282,411415,315814,232546,164856,111595,73033,44910,27023,15291,8293,4364,2073,972,430,187,70,32,12,2,0,0,0,0,0,0,0,0,0,0,0,0
0,0,0,0,0,0,0,0,0,0,0,0,6,8,30,70,189,428,952,2105,4070,8003,14874,25962,43765,70863,110014,161966,230097,312139,407715,510334,612372,707693,781743,832544,1680551,783857,709950,616535,514198,411475,315331,232173,164661,111416,72234,44714,26806,15209,8286,4340,2074,930,433,181,70,34,6,2,0,0,0,0,0,0,0,0,0,0,0,0
0,0,0,0,0,0,0,0,0,0,0,2,4,8,24,73,176,430,934,2084,4115,7900,14793,25797,43332,70930,109349,162119,228732,312443,406892,510701,613922,706829,782910,833270,1681977,785143,709295,616862,514171,411710,315356,231785,163905,110843,72158,44373,26819,15048,8335,4144,2056,956,425,163,78,28,5,4,0,0,0,0,0,0,0,0,0,0,0,0
0,0,0,0,0,0,0,0,0,0,0,3,3,12,21,67,176,399,921,2091,4081,7786,14662,25762,43089,70718,108915,161397,229075,311477,407085,510368,614791,707609,783385,833020,1684585,784427,710197,616934,514311,411702,314489,232283,163154,110832,71597,44323,26685,14985,8147,4206,2007,938,428,159,73,25,5,2,1,0,0,0,0,0,0,0,0,0,0,0
0,0,0,0,0,0,0,0,0,0,0,1,3,12,21,65,168,393,928,2008,4105,7816,14436,25591,43157,69830,108836,160840,229159,311639,406948,511567,613511,708278,783159,834099,1685554,786958,709158,617401,514499,409986,315057,232049,163238,110182,71576,44183,26156,15127,7972,4137,2011,923,395,177,66,24,5,3,1,0,0,0,0,0,0,0,0,0,0,0
0,0,0,0,0,0,0,0,0,0,0,0,3,11,25,70,155,386,925,1921,4048,7877,14200,25670,42927,69796,108042,161284,228231,311596,407265,509930,614640,708817,784058,834189,1687960,786039,710823,616635,514702,409729,315297,231798,162513,110197,71056,43915,26201,14808,8060,4056,1981,890,402,183,66,19,10,2,0,0,0,0,0,0,0,0,0,0,0,0
0,0,0,0,0,0,0,0,0,0,0,0,5,6,28,59,170,372,896,1918,3990,7882,14207,25423,42878,69320,107799,160530,228401,311091,406275,510627,614450,709569,784560,835228,1689340,786986,710361,617310,514965,410232,314206,230447,163295,109944,70443,43832,26227,14582,8065,3975,1988,868,394,165,69,16,11,3,0,0,0,0,0,0,0,0,0,0,0,0
0,0,0,0,0,0,0,0,0,0,0,0,2,7,32,43,155,390,896,1866,3971,7788,14261,25143,42614,69217,107579,159666,228588,311406,406301,510037,614261,709843,785707,835202,1690258,787517,712388,616374,515043,410061,313606,231132,162422,109370,70600,43794,26046,14473,7880,4043,1912,857,377,187,66,15,10,2,0,0,0,0,0,0,0,0,0,0,0,0
0,0,0,0,0,0,0,0,0,0,0,0,2,15,18,48,153,387,873,1896,3973,7559,14288,25131,42345,68827,107499,159227,228552,311021,406349,510495,612856,710709,786872,837476,1690303,787842,711241,618161,514109,410461,313642,229948,162256,109551,70397,43353,25834,14505,7805,4046,1880,857,386,169,67,15,7,2,0,0,0,0,0,0,0,0,0,0,0,0
0,0,0,0,0,0,0,0,0,0,0,0,4,14,19,51,120,403,864,1880,3981,7503,14144,24939,42222,68982,107143,159712,227672,309802,406794,509854,614340,710252,787751,837776,1691618,787868,712218,618906,513334,410101,313437,230434,161925,108747,70131,43337,25557,14531,7714,4018,1828,833,391,168,62,20,5,3,0,0,0,0,0,0,0,0,0,0,0,0
0,0,0,0,0,0,0,0,0,0,0,1,4,9,22,43,147,363,907,1864,3917,7488,14005,24944,42261,68555,107085,159304,227142,308500,406945,509877,614528,711396,787877,838067,1693083,789539,712117,618913,513227,409610,313750,230100,161601,108415,69610,43314,25443,14426,7808,3894,1863,794,393,175,54,22,2,4,0,0,0,0,0,0,0,0,0,0,0,0
0,0,0,0,0,0,0,0,0,0,0,1,1,11,20,43,148,368,890,1862,3797,7547,13869,24973,41931,68428,106865,159159,226652,309527,405450,510210,614450,712006,787570,838069,1696406,789163,713509,617055,514633,409317,313124,229401,161340,108371,69671,43031,25198,14442,7724,3921,1793,807,406,159,66,18,2,4,0,0,0,0,0,0,0,0,0,0,0,0
0,0,0,0,0,0,0,0,0,0,0,1,2,7,16,56,144,367,893,1776,3838,7392,13941,24663,42027,68498,106333,158891,226084,310147,405557,509399,614727,711887,788114,839350,1696947,790445,713178,618046,513215,409329,312919,229444,161153,107973,69657,42580,25438,14172,7682,3888,1796,782,416,152,59,17,7,3,0,0,0,0,0,0,0,0,0,0,0,0
0,0,0,0,0,0,0,0,0,0,0,1,2,4,18,52,156,358,863,1824,3808,7236,13901,24517,41888,68342,105798,158921,226249,309210,406125,509743,615682,710922,788086,840906,1698564,790194,713759,616569,514808,408504,312484,229199,160486,108332,69331,42471,25238,14218,7537,3853,1790,836,385,160,48,21,7,2,0,0,0,0,0,0,0,0,0,0,0,0
0,0,0,0,0,0,0,0,0,0,0,1,2,4,22,49,137,345,858,1855,3708,7230,13856,24611,41626,68181,105875,158148,226643,308281,405800,510137,615087,711859,789330,841530,1698495,791681,712727,617635,513715,408518,313358,228735,160342,107459,69098,42971,25090,13857,7481,3823,1813,826,358,172,49,21,8,1,0,0,0,0,0,0,0,0,0,0,0,0
0,0,0,0,0,0,0,0,0,0,1,0,1,6,15,55,118,368,863,1801,3579,7361,13620,24759,41355,67849,106193,157981,225594,308642,405749,509753,615247,712511,790294,841144,1698999,792929,713823,617032,513543,408513,313180,228534,159652,107304,69427,42373,24857,13901,7491,3758,1838,767,397,148,58,16,7,2,0,0,0,0,0,0,0,0,0,0,0,0
0,0,0,0,0,0,0,0,0,0,0,1,2,4,18,46,131,334,853,1802,3683,7025,13709,24669,41407,67521,106037,158215,225602,308618,404717,509202,615849,712262,791107,840700,1702107,791819,714394,617670,513371,409326,311955,227804,159762,107163,68904,42308,25091,13904,7395,3777,1720,797,399,144,57,20,5,2,0,0,0,0,0,0,0,0,0,0,0,0
0,0,0,0,0,0,0,0,0,0,0,0,3,5,14,53,133,345,814,1765,3737,7065,13516,24617,41188,67819,105500,157686,225498,308252,405721,508776,616422,711961,790143,842183,1703172,792974,714596,616630,513683,409845,311238,227701,159403,106819,68986,41948,25136,13887,7282,3748,1692,837,378,153,58,20,4,1,1,0,0,0,0,0,0,0,0,0,0,0
0,0,0,0,0,0,0,0,0,0,0,1,1,8,10,43,157,337,813,1734,3550,7267,13425,24288,41413,67554,105380,158046,224695,307919,405304,510157,614882,712601,790825,842599,1704458,793209,714154,617778,513737,409279,310945,227495,159424,106408,68603,42049,24760,13916,7372,3673,1760,783,351,163,58,20,2,1,1,0,0,0,0,0,0,0,0,0,0,0
0,0,0,0,0,0,0,0,0,0,0,0,4,6,14,40,157,331,810,1705,3595,7160,13581,23939,41395,67581,105077,157369,224909,308402,404512,510133,615570,712566,791375,842401,1705265,792624,715165,618894,513507,408401,311365,227501,159095,106023,68408,41762,24823,13789,7426,3572,1783,789,339,163,55,20,5,0,1,1,0,0,0,0,0,0,0,0,0,0
0,0,0,0,0,0,0,0,0,0,0,0,4,8,13,37,152,346,774,1741,3541,7178,13419,23934,40983,67503,105086,157217,224046,308685,405206,510009,615440,712513,792391,842427,1704898,794159,715946,618602,512833,407655,311801,227442,158663,106783,67738,41738,24624,13900,7239,3645,1725,783,353,143,56,19,6,3,1,0,0,0,0,0,0,0,0,0,0,0
0,0,0,0,0,0,0,0,0,0,0,0,3,9,13,43,149,357,757,1711,3588,7120,13368,23965,40709,67329,104981,156995,224500,307634,405334,510186,615931,712093,791913,843564,1705699,794935,715423,619552,512487,407983,311148,227350,158867,106149,67785,41482,24543,13764,7283,3541,1790,788,368,136,56,16,8,1,2,0,0,0,0,0,0,0,0,0,0,0
0,0,0,0,0,0,0,0,0,0,0,0,2,7,16,47,149,326,787,1711,3657,7129,13257,23828,40890,66858,104989,156679,224410,307431,405275,510630,615884,712169,792235,843681,1706443,795136,716692,618110,514045,407525,310966,227044,158298,106216,67600,41480,24308,13643,7161,3586,1744,807,334,141,51,21,8,1,1,0,0,0,0,0,0,0,0,0,0,0
0,0,0,0,0,0,0,0,0,0,0,1,0,7,15,53,135,357,770,1705,3603,7101,13288,23752,40753,66829,104540,156484,224329,306755,405438,510988,615531,712079,793110,844213,1707174,795117,716749,619207,513270,408622,309972,226624,158450,105814,67662,41210,24310,13591,7110,3565,1777,810,318,133,54,23,8,1,0,1,0,0,0,0,0,0,0,0,0,1
0,0,0,0,0,0,0,0,0,0,1,0,1,6,8,64,145,335,734,1699,3591,7138,13107,23884,40624,66532,104428,156688,223491,307414,405741,509310,615017,713966,792526,844316,1708712,795755,715698,619925,513842,408392,309769,226234,158180,106104,67318,41263,24253,13495,7041,3519,1795,798,332,126,59,22,9,0,1,0,0,0,0,0,0,0,0,0,0,1
0,0,0,0,0,0,0,0,0,0,1,0,0,9,9,59,140,324,731,1655,3626,6964,13370,23660,40422,66323,104352,156730,223061,308195,404789,509498,614885,714087,792872,844507,1709848,794411,716906,619665,514562,407550,310593,225891,157844,106044,67320,41380,24004,13489,6983,3567,1728,808,321,143,51,23,6,1,1,0,0,0,0,0,0,0,0,0,0,1
0,0,0,0,0,0,0,0,0,0,1,0,1,6,12,53,124,345,730,1698,3493,6963,13202,23513,40599,66198,104312,155682,224284,306732,405448,508830,615806,713737,792836,845380,1710495,796000,715522,619931,514568,407761,309763,226194,157988,105242,67829,41010,24111,13333,7131,3493,1694,780,356,133,58,21,8,1,1,0,0,0,0,0,0,0,0,0,0,1
0,0,0,0,0,0,0,0,0,0,1,0,1,6,12,53,132,330,744,1637,3506,6964,13131,23608,40314,66459,103847,155748,223697,307271,404049,509674,616311,712287,793430,846170,1711007,795552,716757,620835,512337,408700,310092,226317,157752,105236,67365,41010,24087,13378,7054,3529,1720,749,318,148,48,25,7,3,0,0,0,0,0,0,0,0,0,0,0,1
0,0,0,0,0,0,0,0,0,0,1,0,2,7,16,51,122,324,752,1676,3431,6842,13086,23634,40127,66492,103648,155339,223838,306652,404264,509710,616778,711983,794105,845256,1711689,795650,718079,620416,513626,407456,310461,226139,157304,105764,66997,40587,24174,13388,7014,3517,1725,741,309,149,52,24,8,3,0,0,0,0,0,0,0,0,0,0,0,1
0,0,0,0,0,0,0,0,0,0,0,1,2,8,14,47,128,342,753,1613,3480,6766,13074,23471,40459,65715,103566,155770,223194,306183,404669,510314,615012,713450,794053,844646,1713696,795466,718272,620592,513646,407350,310391,225814,157804,105019,66870,40865,23984,13453,6933,3464,1763,745,319,147,52,22,8,2,1,0,0,0,0,0,0,0,0,0,0,1
0,0,0,0,0,0,0,0,0,0,0,2,1,10,19,42,118,361,751,1637,3440,6741,13009,23419,40366,65744,103364,155394,222980,306277,403747,510888,616190,712045,794133,845462,1713826,796295,718235,620362,514621,407004,310089,226158,157413,104612,67052,40863,23939,13348,6979,3422,1739,770,324,140,46,21,8,2,0,0,0,0,0,0,0,0,0,0,0,1
0,0,0,0,0,0,0,0,0,0,0,0,7,8,21,40,123,332,742,1617,3390,6880,12937,23470,39945,65599,103264,154956,223472,305858,404338,510306,615282,712510,793630,847453,1713649,796952,717598,621132,514242,407535,309953,225624,157687,104614,66883,40835,23901,13152,7048,3455,1675,742,346,110,67,18,8,2,0,0,0,0,0,0,0,0,0,0,0,1
0,0,0,0,0,0,0,0,0,0,0,1,6,6,21,37,135,307,761,1657,3360,6738,13004,23237,39872,65758,103257,154524,222770,306385,404548,509921,614554,713948,793387,847345,1713916,797596,718860,620162,514579,407685,309072,225833,157442,104899,66795,40736,23655,13220,7007,3487,1648,738,314,141,59,17,5,3,0,0,0,0,0,0,0,0,0,0,0,1
0,0,0,0,0,0,0,0,0,0,0,2,3,5,20,39,135,299,781,1622,3326,6868,12999,22863,40047,65515,103169,154472,222181,306966,403634,510124,615146,713270,794759,844668,1715283,800039,717560,620865,514231,407765,310141,225187,156942,104793,66881,40629,23727,12997,7023,3495,1636,765,329,123,56,20,6,2,0,0,0,0,0,0,0,0,0,0,0,1
0,0,0,0,0,0,0,0,0,0,0,2,1,9,20,46,123,310,737,1575,3476,6720,12888,22964,39644,65714,102552,154915,222327,305858,404131,509164,615880,713623,794274,846196,1714620,799668,719039,619923,515134,406849,311152,225216,156690,104617,66694,40615,23600,13136,6902,3498,1608,780,316,120,51,24,5,2,0,0,0,0,0,0,0,0,0,0,0,1
0,0,0,0,0,0,0,0,0,0,0,1,3,8,18,46,120,321,724,1580,3408,6712,12851,23061,39249,65444,102647,155044,221799,306540,402840,509652,616553,712902,794039,847054,1715330,798092,719542,621236,514615,408637,309223,225139,157204,104719,66573,40621,23730,12880,6896,3439,1582,802,327,125,45,26,8,1,0,0,0,0,0,0,0,0,0,0,0,1
0,0,0,0,0,0,0,0,0,0,0,1,4,11,16,40,126,305,719,1616,3387,6769,12784,22773,39725,64943,102462,154915,221523,306221,403186,509316,614877,714171,794797,845922,1715389,800057,718929,622242,513893,409057,309906,225195,156302,104914,66504,40515,23665,13032,6924,3352,1620,775,312,131,57,22,5,1,0,0,0,0,0,0,0,0,0,0,0,1
0,0,0,0,0,0,0,0,0,0,0,2,2,6,24,50,122,293,742,1552,3399,6798,12668,22707,39647,64961,102613,154187,222321,305439,402655,508650,615872,713484,795167,847209,1715471,799408,719745,621815,515326,407345,310714,225259,156746,104269,66578,40243,23641,13033,6946,3406,1621,741,320,125,64,17,4,1,0,0,0,0,0,0,0,0,0,0,0,1
0,0,0,0,0,0,0,0,0,0,0,1,2,8,17,47,130,305,701,1637,3323,6783,12630,22787,39561,65070,102542,153569,222221,304929,402139,508863,616069,714328,795758,846093,1716915,799140,719428,622028,514862,407481,310819,226000,156546,104036,66731,40322,23291,13023,6977,3363,1703,715,296,135,57,22,3,1,1,0,0,0,0,0,0,0,0,0,0,1
0,0,0,0,0,0,0,0,0,0,0,1,4,4,18,49,130,303,706,1604,3307,6771,12526,22841,39495,64824,102452,153962,221385,305205,401858,507992,616558,715222,795172,846403,1716958,799308,720681,620844,514981,409062,309418,226378,156253,104136,66604,40443,23437,12937,6913,3358,1671,731,300,123,55,20,3,2,0,0,0,0,0,0,0,0,0,0,0,1
0,0,0,0,0,0,0,0,0,0,0,1,1,9,13,49,120,322,688,1591,3387,6640,12461,22864,39410,64919,102069,153744,221660,304246,401232,509070,616863,714504,795146,847393,1716219,799888,720806,621313,514481,409548,309570,225909,156698,103897,66739,40462,23428,12953,6798,3391,1679,731,295,129,48,20,3,1,0,0,0,0,0,0,0,0,0,0,0,1
0,0,0,0,0,0,0,0,0,0,0,0,2,7,17,45,108,333,682,1592,3279,6669,12542,22586,39598,64793,101548,154100,221515,304405,401243,508785,615632,715173,795419,846723,1717591,799306,721670,621067,515159,408768,310210,225643,156816,104079,66485,40462,23464,12771,6891,3392,1572,761,316,121,46,16,4,1,1,0,0,0,0,0,0,0,0,0,0,1
0,0,0,0,0,0,0,0,0,0,0,0,1,7,18,37,111,296,751,1527,3380,6547,12533,22751,39366,64544,101784,153693,220946,304831,401429,508056,615678,714802,795524,847399,1716461,800660,722409,620811,515109,408001,311172,225684,156585,104530,66258,40331,23441,12797,6911,3387,1584,757,329,113,47,14,4,1,1,0,0,0,0,0,0,0,0,0,0,1
0,0,0,0,0,0,0,0,0,0,0,0,2,6,17,40,122,280,740,1581,3292,6556,12545,22689,39159,64635,101881,153366,220923,303799,402215,507454,615445,714214,797071,846641,1716803,800720,721557,623000,514416,408638,310602,226022,156738,104134,66583,40182,23323,12937,6928,3269,1592,780,330,123,44,8,5,0,1,0,0,0,0,0,0,0,0,0,0,1
0,0,0,0,0,0,0,0,0,0,0,0,3,5,19,37,123,301,728,1571,3222,6545,12474,22634,39196,64789,101253,153569,220972,303874,400809,508203,615659,714167,795326,846912,1717274,801120,722014,622931,514996,408980,310804,225939,157133,104225,66369,39917,23327,13059,6833,3171,1651,775,319,113,50,10,6,1,0,0,0,0,0,0,0,0,0,0,0,1
0,0,0,0,0,0,0,0,0,0,0,1,4,3,19,42,124,301,738,1553,3177,6534,12466,22671,38877,64707,101723,152745,221552,303397,400067,508980,615439,713179,794920,847021,1718175,801053,722400,623321,514803,409873,310750,225529,157107,104663,66222,40137,23300,12961,6709,3306,1619,747,300,127,50,11,4,1,0,0,0,0,0,0,0,0,0,0,0,1
0,0,0,0,0,0,0,0,0,0,0,2,3,3,21,46,115,326,681,1525,3258,6414,12508,22648,39017,64547,101451,152842,220571,303114,401086,507763,615344,713537,794358,848727,1718002,800948,722421,623283,515416,409440,310671,226141,157123,104423,66337,40205,23243,13019,6712,3298,1582,731,317,127,39,16,7,0,0,0,0,0,0,0,0,0,0,0,0,1
0,0,0,0,0,0,0,0,0,0,1,1,2,8,9,47,137,304,667,1619,3102,6528,12491,22373,39142,64312,101552,152330,220578,303009,400750,507564,614828,713966,793834,847592,1720205,800778,722415,624193,515497,409158,311206,226295,156717,104711,66347,40138,23326,12789,6710,3360,1572,737,328,123,36,14,7,0,0,0,0,0,0,0,0,0,0,0,0,1
0,0,0,0,0,0,0,0,0,0,0,2,3,7,13,53,109,302,692,1538,3243,6526,12444,22386,38744,64556,101346,152262,220251,303462,399170,508224,613431,714628,793677,847738,1721187,801136,722539,623832,515106,410084,311377,226648,156701,104557,66220,40353,23312,12639,6727,3391,1525,759,332,113,35,24,3,1,0,0,0,0,0,0,0,0,0,0,0,1
0,0,0,0,0,0,0,0,0,0,1,1,3,7,15,46,131,278,689,1537,3283,6461,12385,22397,38691,64520,101051,152451,219487,303732,399175,507202,613465,712965,796238,847102,1720971,801265,724216,622463,516271,409943,311606,226456,157281,104167,66443,40259,23306,12592,6711,3343,1533,783,310,111,41,21,2,1,0,0,0,0,0,0,0,0,0,0,0,1
0,0,0,0,0,0,0,0,0,0,1,0,3,9,17,37,114,280,731,1512,3290,6488,12210,22326,39092,64275,100764,152050,219346,303365,400090,505966,612597,712906,796504,848749,1719201,802101,724177,623213,516575,410521,311083,226757,157380,104060,66603,40165,23443,12724,6577,3319,1567,726,325,103,45,16,5,0,0,0,0,0,0,0,0,0,0,0,0,1
0,0,0,0,0,0,0,0,0,0,1,0,3,7,18,39,119,283,721,1499,3293,6463,12152,22434,38997,64146,100839,151958,218878,302208,400902,505425,613551,713051,794845,848335,1719934,802630,722794,625328,516427,410403,312075,226168,157619,104451,66131,40604,23153,12804,6634,3271,1610,727,301,119,40,13,5,0,0,0,0,0,0,0,0,0,0,0,0,1
0,0,0,0,0,0,0,0,0,0,1,0,3,5,17,38,125,276,710,1535,3209,6523,12215,22448,38697,63465,100971,152097,218864,302355,400405,505192,613613,712767,794197,848182,1721938,800905,725433,623278,517616,410155,312185,226816,156900,104594,66501,40415,23292,12753,6619,3312,1595,719,290,126,42,7,7,0,0,0,0,0,0,0,0,0,0,0,0,1
0,0,0,0,0,0,0,0,0,0,1,0,1,7,17,40,120,287,690,1513,3210,6513,12203,22349,38625,63519,100506,152515,218096,302193,399554,506458,612605,713025,793903,847657,1722492,801776,723217,625540,517312,410865,311696,226846,157578,104469,66680,40267,23300,12955,6762,3270,1626,682,286,122,43,10,6,1,0,0,0,0,0,0,0,0,0,0,0,1
0,0,0,0,0,0,0,0,0,0,1,0,1,5,15,34,130,287,682,1489,3232,6458,12187,22229,38755,63330,100500,151868,218600,301753,399411,504357,613822,713514,793770,846713,1722554,802790,724245,625705,517131,411080,311158,227188,157403,105006,66469,40469,23338,12956,6602,3373,1621,716,266,134,41,13,5,2,0,0,0,0,0,0,0,0,0,0,0,1
0,0,0,0,0,0,0,0,0,0,0,1,1,6,16,30,132,280,687,1493,3218,6457,12161,22209,38422,63489,100536,151646,217976,302355,398343,505532,612472,712165,795323,846347,1722816,802958,725227,624398,517929,411563,311746,226585,157629,105235,66395,40601,23284,12979,6698,3266,1624,707,289,114,41,23,3,1,0,0,0,0,0,0,0,0,0,0,0,1
0,0,0,0,0,0,0,0,0,0,1,0,2,5,15,39,120,266,656,1525,3255,6368,12175,22011,38464,63446,100369,151536,218160,301011,398647,505303,611514,713010,794653,846812,1723343,803015,724942,625083,518160,411729,311567,226794,158246,105046,66673,40256,23593,12866,6630,3271,1631,717,296,120,42,19,4,1,1,0,0,0,0,0,0,0,0,0,0,1
0,0,0,0,0,0,0,0,0,0,0,1,2,8,12,37,116,294,642,1530,3209,6324,12220,22080,38275,63305,100763,150584,218152,301555,397834,504475,611322,713179,793002,848871,1721552,804557,724428,625443,519462,411300,312073,227804,157744,105096,66967,40122,23439,12797,6745,3267,1617,727,298,121,35,14,7,0,1,0,0,0,0,0,0,0,0,0,0,1
0,0,0,0,0,0,0,0,0,0,0,1,3,7,8,40,104,294,687,1513,3178,6309,12224,21938,38253,63272,100162,151046,217320,301451,397908,503301,612023,711686,795309,847651,1722901,802863,724647,626836,518228,411912,313599,226836,158367,105133,66989,40449,23311,12897,6578,3345,1592,743,309,127,41,10,5,1,1,0,0,0,0,0,0,0,0,0,0,1
0,0,0,0,0,0,0,0,0,0,0,0,1,10,7,39,106,292,663,1513,3163,6361,12048,22068,37926,63263,100310,150486,217815,300394,398047,503274,610652,712105,794539,848155,1723178,803814,723986,627663,518899,411487,313732,227488,158130,105257,67190,40401,23377,12754,6624,3366,1599,720,328,114,46,11,5,0,2,0,0,0,0,0,0,0,0,0,0,1
0,0,0,0,0,0,0,0,0,0,0,0,3,4,8,45,106,299,658,1477,3120,6283,12247,21887,37881,63361,99814,150656,217229,300475,397327,503196,611011,711729,793832,847923,1724298,802946,725112,627924,518567,411123,314379,228168,158571,105263,66925,40575,23252,12878,6623,3377,1629,729,302,128,48,15,3,0,2,0,0,0,0,0,0,0,0,0,0,1
0,0,0,0,0,0,0,0,0,0,0,0,2,3,11,39,115,275,659,1495,3135,6374,12127,21854,37941,62891,99863,150606,217345,299596,397052,502264,611878,711930,792656,848524,1723931,804385,725748,626407,518810,412227,313972,228573,158690,105286,67125,40428,23415,12820,6724,3355,1623,749,310,128,48,14,2,1,2,0,0,0,0,0,0,0,0,0,0,1
0,0,0,0,0,0,0,0,0,0,0,0,3,5,11,35,116,278,639,1492,3155,6471,12018,21979,37710,62774,99785,150570,216463,300023,396280,502738,610532,711922,792525,848671,1723764,805347,725827,626633,519772,412215,313366,228883,158977,105529,67052,40515,23540,12765,6785,3401,1591,741,314,127,49,13,4,1,2,0,0,0,0,0,0,0,0,0,0,1
0,0,0,0,0,0,0,0,0,0,0,0,3,6,8,41,113,280,656,1463,3151,6296,12039,22005,37573,63073,98974,150176,216520,300099,396119,501790,610954,710341,794522,847201,1725518,804102,725299,627811,520359,412258,313834,229246,158803,105450,67535,40363,23561,12901,6769,3289,1650,725,344,124,41,15,4,4,0,0,0,0,0,0,0,0,0,0,0,1
0,0,0,0,0,0,0,0,0,0,0,0,3,6,13,34,117,278,674,1440,3145,6263,12107,21815,37708,62453,99248,149111,217175,298985,396769,501785,609836,710934,793111,848650,1725052,804275,725277,628654,519950,412711,314287,229760,158705,105616,67411,40577,23500,12941,6817,3308,1658,725,330,133,37,18,2,3,1,0,0,0,0,0,0,0,0,0,0,1
0,0,0,0,0,0,0,0,0,0,0,0,2,7,16,32,116,279,684,1448,3152,6181,12126,21722,37607,62543,98631,149742,216023,299645,395867,501577,610145,710541,793134,847815,1724342,805286,726545,627658,520280,413782,314077,229873,158790,105626,67856,40586,23682,12821,6889,3386,1634,742,322,131,47,8,7,3,0,0,0,0,0,0,0,0,0,0,0,1
0,0,0,0,0,0,0,0,0,0,0,0,2,7,16,34,101,276,679,1481,3140,6184,11933,21602,37656,62390,98811,149288,216170,298488,395913,501422,609314,709779,793645,847244,1725551,804766,726610,628818,520803,413404,314687,229511,159172,106678,67335,40895,23356,13123,6789,3438,1640,739,310,149,36,15,5,3,0,0,0,0,0,0,0,0,0,0,0,1
0,0,0,0,0,0,0,0,0,0,0,1,1,4,24,36,92,261,666,1489,3032,6222,12028,21504,37575,61857,99139,149279,215694,297626,395510,500964,609375,709425,792778,847204,1726878,804219,727256,628825,521205,414213,314650,230148,159773,106027,67755,40762,23792,12952,6872,3409,1588,785,310,135,47,12,7,2,0,0,0,0,0,0,0,0,0,0,0,1
0,0,0,0,0,0,0,0,0,0,0,0,1,8,13,43,90,265,696,1504,2970,6340,11834,21478,37244,62446,98275,149310,215638,297002,394632,501114,609441,708340,792775,848717,1724451,806587,726740,629850,520275,415161,315159,230186,159728,106770,67242,41256,23570,13155,6767,3430,1641,747,322,124,44,19,5,3,0,0,0,0,0,0,0,0,0,0,0,1
0,0,0,0,0,0,0,0,0,0,0,1,1,4,16,43,93,266,674,1465,3025,6321,11772,21399,37221,62286,98277,148381,215056,297561,394204,499763,609893,708057,793074,847374,1725818,806014,727687,630372,520619,414801,316393,229488,160434,106670,67657,41307,23653,13106,6775,3448,1679,741,321,125,42,21,7,3,0,0,0,0,0,0,0,0,0,0,0,1
0,0,0,0,0,0,0,0,0,0,0,0,2,3,17,39,106,244,680,1429,3029,6244,11765,21453,37183,62191,98282,147774,214551,297965,392997,500126,608832,708187,791794,847567,1726359,806090,728642,630265,521874,415027,316089,230251,160103,106951,68149,41007,23836,13073,6802,3511,1645,743,333,123,48,19,7,1,0,0,0,0,0,0,0,0,0,0,1,0
0,0,0,0,0,0,0,0,0,0,0,0,3,5,14,43,108,250,667,1469,3004,6141,11670,21474,37282,61941,97766,148069,213820,297312,393274,499431,607719,709341,791725,847116,1726066,806835,728637,630612,522518,414605,316492,230961,160632,106802,68003,41299,23973,12973,6969,3427,1665,766,340,111,52,17,7,2,0,0,0,0,0,0,0,0,0,0,1,0
0,0,0,0,0,0,0,0,0,0,0,0,1,8,9,46,113,234,644,1494,2969,6113,11603,21448,37498,61622,97230,147810,214125,296372,393097,499904,606801,708055,791134,848409,1725486,807234,728672,632130,522364,415174,316920,230646,160943,107186,67886,41445,24225,12985,6932,3483,1644,784,315,138,49,19,6,2,1,0,0,0,0,0,0,0,0,0,1,0
0,0,0,0,0,0,0,0,0,0,0,0,1,10,7,43,107,254,669,1417,3015,6005,11764,21344,37417,61388,97249,147572,213449,295892,393175,499332,607166,707341,791462,847483,1725175,807191,729229,632350,523499,415594,316769,231634,160689,107277,68277,41670,23784,13283,6934,3528,1655,761,327,150,44,20,3,2,1,0,0,0,0,0,0,0,0,0,1,0
0,0,0,0,0,0,0,0,0,0,0,0,0,8,13,40,104,255,619,1429,3043,6050,11604,21367,37301,61321,97054,146901,213002,296790,391908,498747,606585,708116,790814,846489,1726508,806564,729773,632390,524192,417021,316683,231562,161087,107413,68364,41623,24025,13256,6843,3581,1645,755,343,150,42,21,4,2,1,0,0,0,0,0,0,0,0,0,1,0
0,0,0,0,0,0,0,0,0,0,0,0,1,5,13,42,99,264,636,1427,3044,5998,11648,21342,37155,61395,96685,146749,212954,295556,391517,498607,606722,707343,789920,846578,1725698,808437,730215,632141,525218,417334,316796,231725,161609,107456,68536,41662,24229,13182,7019,3450,1672,761,346,141,57,15,8,0,1,0,0,0,0,0,0,0,0,0,1,0
0,0,0,0,0,0,0,0,0,0,0,0,1,4,19,32,105,256,635,1431,3007,5958,11608,21356,37247,61370,96156,146236,213036,295026,391292,498489,606377,705554,790738,845251,1726864,807779,730650,633934,525220,416735,318015,232052,161628,107874,68630,41919,24065,13429,6927,3499,1682,759,333,155,51,14,9,0,1,0,0,0,0,0,0,0,0,0,1,0
0,0,0,0,0,0,0,0,0,0,0,0,1,2,15,45,99,247,627,1455,2949,6062,11536,21044,37128,61369,96122,146276,212012,294735,390973,497784,605179,707473,788384,846830,1726116,808243,730375,633729,526419,417499,318206,232643,162225,108003,68616,41811,24353,13283,7017,3511,1669,788,317,157,56,17,6,2,0,0,0,0,0,0,0,0,0,0,1,0
0,0,0,0,0,0,0,0,0,0,0,0,1,3,17,34,96,242,609,1400,3074,5911,11565,21185,36964,60897,96625,145959,212024,293881,390407,497449,604713,705781,789764,845747,1726004,808313,731915,634277,525416,418581,318702,233745,161769,108248,68878,41790,24375,13489,7016,3542,1700,711,359,136,67,18,8,0,1,0,0,0,0,0,0,0,0,0,1,0
0,0,0,0,0,0,0,0,0,0,0,1,1,3,13,43,97,224,629,1380,2977,6064,11449,21191,36925,60643,96104,145988,211219,294053,390129,497129,604214,705289,788940,845462,1726040,808308,732515,634782,526782,418671,319162,233827,162296,108340,68978,41755,24619,13513,7089,3525,1704,776,327,141,67,18,4,1,1,0,0,0,0,0,0,0,0,0,1,0
0,0,0,0,0,0,0,0,0,0,0,1,1,4,13,37,104,243,632,1369,2958,5953,11450,21195,36869,60634,95854,145596,210872,293155,390829,495571,603333,705100,788599,845600,1725491,810105,731695,635483,527187,419932,319777,233414,162643,108845,68896,42200,24490,13559,7098,3567,1749,751,336,138,56,18,3,2,1,0,0,0,0,0,0,0,0,0,1,0
0,0,0,0,0,0,0,0,0,0,0,0,1,3,15,42,93,257,597,1337,2977,5928,11327,21405,36566,60392,96022,144901,210430,293227,389100,495651,603909,703843,788810,845092,1726765,808223,733401,634514,529355,419429,320793,233237,163329,108746,69729,42071,24445,13588,7185,3586,1767,779,319,142,54,17,7,0,2,0,0,0,0,0,0,0,0,0,1,0
0,0,0,0,0,0,0,0,0,0,0,0,1,2,12,41,111,255,546,1331,2988,5995,11310,21169,36346,60748,95397,145010,210570,292482,388667,495130,603561,703592,787498,845075,1726558,808707,732601,636900,527756,421063,321274,234160,163059,109401,69620,42554,24382,13676,7136,3684,1711,775,346,136,43,17,8,3,1,0,0,0,0,0,0,0,0,0,1,0
0,0,0,0,0,0,0,0,0,0,0,0,1,2,14,42,103,234,582,1332,2989,5832,11313,21118,36454,60468,95383,144643,209891,292550,388074,493908,603167,703214,786869,845476,1726572,809294,733699,635490,529776,420948,321053,234990,163537,109689,70061,42437,24663,13556,7201,3712,1726,812,338,113,52,20,4,6,0,0,0,0,0,0,0,0,0,0,1,0
0,0,0,0,0,0,0,0,0,0,0,0,1,1,13,40,110,240,587,1362,2931,5866,11306,20853,36467,60443,95090,144132,210231,291798,386649,494038,602994,701805,787953,844476,1725826,810837,732644,637390,528983,422100,321650,235156,164049,110027,70174,42749,24742,13676,7192,3731,1755,792,349,108,67,16,5,4,0,0,0,0,0,0,0,0,0,0,1,0
0,0,0,0,0,0,0,0,0,0,0,0,1,0,16,47,101,241,591,1297,2959,5821,11310,20991,36135,60042,95046,143821,209039,292353,385840,493447,602047,702401,786670,845315,1725531,810836,733377,636894,529742,423285,321945,235468,164794,110063,70413,42872,24808,13735,7319,3667,1791,800,324,121,65,15,10,2,0,0,0,0,0,0,0,0,0,0,1,0
0,0,0,0,0,0,0,0,0,0,0,0,0,4,9,48,91,249,583,1382,2836,5864,11263,20841,36211,59828,94366,143797,209332,290864,385982,492260,601387,702290,786126,845903,1724159,811518,733702,637654,530246,423910,322895,235883,165028,110418,70783,42839,24711,14093,7164,3738,1804,781,352,138,47,21,6,2,0,0,0,0,0,0,0,0,0,0,1,0
0,0,0,0,0,0,0,0,0,0,0,0,0,5,6,46,92,233,608,1318,2858,5846,11215,20587,36149,59544,94599,143746,208778,289523,385886,493001,600046,701134,786129,844746,1724858,812022,734386,637571,531353,423086,324588,236716,164625,111137,70873,42708,25156,13985,7364,3721,1802,811,333,138,47,23,8,2,0,0,0,0,0,0,0,0,0,0,1,0
0,0,0,0,0,0,0,0,0,0,0,0,0,3,12,38,108,228,562,1400,2817,5804,11216,20430,36038,59236,94188,143570,207644,289476,386083,492227,599368,701271,784963,844757,1725961,810373,736034,637737,531807,424100,325078,236726,165666,110472,71128,43163,25357,14045,7438,3776,1797,764,342,124,50,22,6,3,0,0,0,0,0,0,0,0,0,0,1,0
0,0,0,0,0,0,0,0,0,0,0,0,0,4,8,43,104,231,551,1354,2851,5792,11147,20466,35655,58921,94077,143495,207302,289183,385167,491026,599348,700159,785468,844423,1725096,811615,735538,639437,532056,425173,324536,237296,166470,110833,71092,43617,25327,14110,7446,3842,1789,806,347,124,52,22,5,3,1,0,0,0,0,0,0,0,0,0,1,0
0,0,0,0,0,0,0,0,0,0,0,0,0,1,13,39,99,219,588,1295,2821,5833,11014,20423,35340,58789,93833,142776,207561,289009,384053,490362,598381,700180,784195,844395,1726104,811565,735527,639938,533019,425360,325527,238610,166043,111124,71383,43737,25579,14094,7581,3771,1872,783,338,157,52,16,7,0,2,0,0,0,0,0,0,0,0,0,1,0
0,0,0,0,0,0,0,0,0,0,0,0,1,1,12,37,90,241,581,1236,2875,5798,11001,20178,35422,58916,93285,142614,206757,288669,383979,489020,598130,699546,785103,842739,1726128,811913,735560,640555,533975,426277,325655,238856,166546,111955,71571,43661,25582,14325,7480,3853,1892,808,342,165,53,19,4,1,0,1,0,0,0,0,0,0,0,0,1,0
0,0,0,0,0,0,0,0,0,0,0,0,1,4,8,34,93,247,569,1252,2784,5792,11019,19950,35336,58748,93275,142350,206532,287785,383646,488300,597217,698942,783854,843544,1726100,813158,735634,640437,534688,426261,327000,239326,166940,112348,71865,43568,25693,14375,7590,3870,1855,832,357,140,66,16,5,1,0,1,0,0,0,0,0,0,0,0,1,0
0,0,0,0,0,0,0,0,0,0,0,0,3,3,10,29,89,254,564,1256,2762,5677,11035,19889,35131,58562,93443,141597,206114,287381,382888,488463,595175,698532,785036,842531,1726300,812355,737502,641142,534019,427247,327635,239896,167318,112353,72230,44215,25573,14391,7664,3852,1860,853,352,139,62,21,4,0,0,1,0,0,0,0,0,0,0,0,1,0
0,0,0,0,0,0,0,0,0,0,0,1,2,4,10,20,104,232,572,1267,2731,5651,10941,19870,34907,58559,92953,141482,205750,286177,382691,487484,595149,698492,784286,841718,1726097,813058,737759,640741,535879,427774,328189,240296,167673,112767,72820,44186,25617,14517,7765,3916,1883,808,364,158,62,19,5,1,0,1,0,0,0,0,0,0,0,0,1,0
0,0,0,0,0,0,0,0,0,0,0,1,1,5,11,34,93,228,570,1248,2751,5660,10773,19765,34872,58190,93325,140577,204977,286889,381608,485757,595342,697775,783036,842570,1726450,812536,737911,641830,536951,428385,328647,240808,168231,112990,73027,44148,25894,14507,7812,3888,1885,837,362,158,68,19,4,0,2,0,0,0,0,0,0,0,0,0,1,0
0,0,0,0,0,0,0,0,0,0,0,1,0,6,12,35,75,221,553,1264,2725,5584,10753,19716,35084,58033,92431,140525,204721,285621,381207,485403,595216,697385,781758,842429,1726629,812147,739961,642388,537557,428405,329178,241160,168418,113954,72755,44483,26140,14411,7819,3892,1842,886,385,152,63,17,5,2,1,0,0,0,0,0,0,0,0,0,1,0
0,0,0,0,0,0,0,0,0,0,0,1,0,6,8,35,78,222,549,1275,2724,5547,10645,19825,34536,58126,92168,140212,204640,285217,379818,484970,593860,696842,781620,841504,1727679,813460,739246,642956,537146,431218,329100,241367,169386,113713,73169,44745,26287,14503,7668,3971,1863,870,388,152,62,21,8,0,2,0,0,0,0,0,0,0,0,0,1,0
0,0,0,0,0,0,0,0,0,0,0,1,1,3,11,29,69,245,533,1266,2688,5566,10601,19805,34514,57900,91671,139981,203825,285211,379586,484094,593432,695911,780519,841720,1727253,813780,739763,644900,537477,430383,330126,242618,169339,114697,72791,45215,26223,14615,7653,4009,1899,832,402,159,59,24,6,2,1,0,0,0,0,0,0,0,0,0,1,0
0,0,0,0,0,0,0,0,0,0,0,0,2,5,8,33,66,245,560,1173,2771,5452,10675,19485,34474,57745,91407,140144,203024,284458,378653,484674,591679,695488,781156,839929,1727303,815367,740194,644667,538618,430826,330566,242793,170737,114492,73459,44957,26431,14443,7916,3922,1936,849,381,153,55,26,7,4,0,0,0,0,0,0,0,0,0,0,1,0
0,0,0,0,0,0,0,0,0,0,0,0,4,3,12,21,89,216,556,1208,2710,5480,10541,19506,34338,57685,91130,139455,203188,283221,378428,483526,591732,694688,780888,839862,1726657,816115,740219,645702,539241,431522,331803,242872,170506,115015,73725,45188,26450,14719,7812,3982,1845,907,382,163,55,27,8,6,0,0,0,0,0,0,0,0,0,0,1,0
0,0,0,0,0,0,0,0,0,0,0,0,1,6,9,26,84,226,544,1210,2639,5455,10515,19446,34325,57208,91289,138556,202829,282850,377272,483193,591575,693856,780152,839561,1727031,816001,741523,645780,539758,432780,331768,243941,170490,115569,73921,45360,26634,14878,7778,3887,1955,851,401,182,57,22,9,5,0,0,0,0,0,0,0,0,0,0,1,0
0,0,0,0,0,0,0,0,0,0,0,0,2,4,7,28,81,240,554,1179,2648,5429,10389,19525,34148,57228,91029,137847,202747,281450,377821,482452,590649,692667,779288,840416,1726243,815780,742204,647024,541020,432763,332541,243921,172332,115485,74146,45390,26653,14750,7901,3966,1894,879,414,173,65,21,10,4,1,0,0,0,0,0,0,0,0,0,1,0
0,0,0,0,0,0,0,0,0,0,0,0,1,2,8,31,84,246,522,1161,2643,5357,10425,19516,33963,57031,90638,138208,201484,281641,376527,482436,589440,693387,777573,839187,1727193,816834,741687,648189,541581,433143,332639,245506,171914,116205,74461,45420,26895,14823,7989,3883,1978,872,407,173,64,24,12,4,0,1,0,0,0,0,0,0,0,0,1,0
0,0,0,0,0,0,0,0,0,0,0,0,1,1,7,30,78,245,530,1150,2621,5376,10495,19300,33836,56712,91054,137319,201182,280881,376035,482031,588830,691143,778916,837748,1728573,815849,742387,648522,542583,434202,333504,245369,172971,116248,74759,45557,26917,14968,8006,3986,1947,825,431,185,56,29,10,2,0,0,1,0,0,0,0,0,0,0,1,0
0,0,0,0,0,0,0,0,0,0,0,0,1,1,8,29,86,224,565,1194,2527,5408,10514,19242,33477,56652,90410,137787,199928,280485,376029,480680,588397,690791,777155,837647,1728627,816708,743523,649173,542821,435310,333672,246501,173126,116479,74702,45993,26883,15036,8025,4107,1918,870,429,166,60,34,2,4,1,1,0,0,0,0,0,0,0,0,1,0
0,0,0,0,0,0,0,0,0,0,0,0,1,0,9,32,75,239,541,1211,2532,5336,10481,19249,33337,56376,90309,137357,200111,280275,374455,479623,587912,690350,775999,839322,1726969,817736,744113,649774,543799,435189,334427,247177,173371,116598,75429,45872,27076,15115,8022,4071,1972,898,383,178,75,23,4,2,2,1,0,0,0,0,0,0,0,0,1,0
0,0,0,0,0,0,0,0,0,0,0,0,0,2,7,34,87,253,503,1186,2542,5308,10638,18847,33182,56421,90251,136818,200564,278980,373795,479046,586621,689447,776252,838685,1726875,818618,743655,651033,545258,434975,335609,247151,174123,116783,75521,46270,27286,15132,8030,4052,1973,911,415,164,72,25,4,2,2,0,0,0,0,0,0,0,0,0,1,0
0,0,0,0,0,0,0,0,0,0,0,0,0,1,8,35,85,242,535,1123,2655,5264,10274,18989,33088,56004,90084,136885,199478,278894,372925,478121,586053,689068,775925,838038,1726692,819147,744906,650508,547021,435857,335143,248026,174760,116663,76237,46456,27343,15172,8101,4007,1991,913,419,167,65,33,4,0,2,1,0,0,0,0,0,0,0,0,1,0
0,0,0,0,0,0,0,0,0,0,0,0,0,1,10,35,76,231,557,1160,2502,5329,10117,19030,33169,55577,89416,137281,198857,278031,372499,477723,585591,688417,774819,836535,1728832,817731,747074,651043,546245,438505,335472,247725,175265,117319,76231,46420,27530,15217,8167,4036,2023,927,396,181,75,23,4,3,0,1,0,0,0,0,0,0,0,1,0,0
0,0,0,0,0,0,0,0,0,0,0,0,0,1,11,31,79,236,563,1180,2532,5233,10189,18762,33092,55645,89067,135886,199676,277839,371336,476433,585073,687185,774338,837229,1727546,819227,747121,652463,546883,437767,337075,249143,174624,118082,76285,46922,27298,15381,8148,4241,1983,908,406,197,58,24,8,1,0,1,0,0,0,0,0,0,0,1,0,0
0,0,0,0,0,0,0,0,0,0,0,0,0,1,8,32,79,235,550,1155,2574,5210,10155,18727,32556,55798,88732,135591,199442,277109,370864,475739,583656,687129,772713,837249,1727693,819188,748038,653081,546892,440219,337661,249038,175830,118054,76377,46990,27621,15398,8229,4263,1952,881,401,199,71,15,10,1,1,1,0,0,0,0,0,0,0,1,0,0
0,0,0,0,0,0,0,0,0,0,0,0,0,3,6,33,85,223,562,1161,2553,5217,10061,18696,32704,55343,88290,135709,198583,276522,370747,474576,583634,684822,772697,836641,1728912,819672,747598,654303,547931,440222,338003,250244,176053,118349,76567,47263,27731,15593,8269,4253,1981,919,385,178,82,19,10,2,1,0,0,0,0,0,0,0,0,1,0,0
0,0,0,0,0,0,0,0,0,0,0,0,0,3,4,29,99,206,559,1177,2517,5148,10232,18518,32618,55162,88353,134879,197704,276751,369485,474126,582627,683468,774653,835145,1728095,820748,747947,655201,548360,440856,338779,250789,176449,118828,76804,47240,28000,15789,8237,4219,2022,912,369,194,76,19,9,3,0,0,0,0,0,0,0,0,0,1,0,0
0,0,0,0,0,0,0,0,0,0,0,0,0,4,5,28,94,237,543,1133,2562,5160,9967,18702,32613,55023,87651,135069,197005,275764,369727,473314,580302,685116,772053,836934,1727966,820680,747931,655356,549821,441291,340015,250701,177233,119038,76633,47689,28154,15634,8401,4240,2021,920,387,181,74,21,12,3,0,0,0,0,0,0,0,0,0,1,0,0
0,0,0,0,0,0,0,0,0,0,0,0,3,0,6,24,84,247,506,1173,2524,5114,9998,18558,32561,54739,87766,134524,196474,275518,368363,472171,580114,684402,772006,836146,1727379,821021,749582,656084,549770,442909,340571,250999,177574,119383,77043,48034,27951,15697,8503,4239,2030,952,378,191,60,29,5,3,0,0,0,0,0,0,0,0,0,1,0,0
0,0,0,0,0,0,0,0,0,0,0,0,2,2,4,26,93,228,538,1155,2531,5115,9985,18531,32131,54898,87650,134148,195821,274310,367564,472600,578941,683412,771639,836133,1727789,821469,750183,656069,550226,444163,341005,251373,177985,120133,77246,47740,28394,15770,8460,4229,2092,963,385,177,65,22,10,3,0,0,0,0,0,0,0,0,0,1,0,0
0,0,0,0,0,0,0,0,0,0,0,0,2,0,5,33,74,213,537,1194,2539,5061,10030,18414,32067,54747,86996,133889,195520,273757,367266,471523,578809,682278,770672,834248,1728915,822025,750997,656525,551670,444179,341897,252010,178172,120703,77704,47987,28169,16166,8388,4313,2117,918,399,168,78,25,6,1,2,0,0,0,0,0,0,0,0,1,0,0
0,0,0,0,0,0,0,0,0,0,0,0,0,3,8,30,81,197,529,1196,2517,5150,9826,18366,32184,54431,86877,133543,195074,273169,366713,470229,578043,681649,771152,833953,1728422,821820,751751,657381,552212,445790,341535,253009,178726,120742,78101,47872,28499,15978,8588,4335,2114,944,400,163,71,28,4,0,2,1,0,0,0,0,0,0,0,1,0,0
0,0,0,0,0,0,0,0,0,0,0,0,0,3,4,32,77,203,541,1180,2487,5085,9872,18310,32389,53835,86816,133097,194766,272471,365953,469355,577870,681018,769898,833846,1728463,821773,752636,657536,553584,446548,342604,253312,178766,121336,77905,48539,28459,16031,8706,4381,2121,929,401,165,66,32,3,1,3,0,0,0,0,0,0,0,0,1,0,0
0,0,0,0,0,0,0,0,0,0,0,0,1,1,4,30,90,201,516,1160,2517,4998,9858,18442,32141,53575,86656,133056,193566,272244,365137,468596,577270,680832,769282,833951,1727424,822869,752487,658792,554407,445898,344066,254105,179257,121177,78736,48429,28628,16106,8728,4424,2105,959,413,172,68,22,8,3,1,0,0,0,0,0,0,0,0,1,0,0
0,0,0,0,0,0,0,0,0,0,0,0,1,1,5,35,83,216,501,1151,2429,4967,9965,18326,31971,53583,85930,132104,194336,271210,364579,468651,575172,681385,767940,833636,1727755,822592,753978,659723,553820,447048,345604,253492,179936,121859,78863,48653,28634,16238,8872,4312,2151,1016,414,168,61,29,9,3,1,0,0,0,0,0,0,0,0,1,0,0
0,0,0,0,0,0,0,0,0,0,0,0,1,2,3,35,73,246,484,1124,2459,5052,9720,18264,31960,53502,85495,132236,193106,271534,363831,467111,574890,679285,768460,833837,1726981,823986,754188,658950,556048,447657,345162,254899,180472,122365,78938,48721,28970,16379,8760,4341,2172,1047,386,168,69,29,6,4,0,0,0,0,0,0,0,0,0,1,0,0
0,0,0,0,0,0,0,0,0,0,0,0,0,4,5,29,95,232,477,1114,2469,4955,9739,18085,32014,53274,85396,131548,193037,270754,363058,466413,573309,679662,768343,832787,1727990,823552,753571,661329,556495,447846,346235,254842,181322,122856,79210,48966,28970,16356,8788,4416,2138,1050,405,161,77,24,9,1,0,0,0,0,0,0,0,0,0,1,0,0
0,0,0,0,0,0,0,0,0,0,0,0,0,3,6,27,91,231,472,1137,2518,4998,9563,18183,31788,53033,85377,130935,192478,269755,362764,465290,574100,677590,767861,832827,1727839,824742,754406,661828,556337,448353,346780,256280,181301,123084,79781,48978,29045,16516,8715,4541,2155,997,428,174,67,24,8,2,0,0,0,0,0,0,0,0,0,1,0,0
0,0,0,0,0,0,0,0,0,0,0,0,0,2,8,29,78,220,505,1174,2424,4949,9714,18020,31503,53114,85056,130647,191787,269341,362875,463958,573341,677248,767897,831932,1727246,824816,756052,662389,556377,449503,347085,256752,182092,123467,79790,49106,29335,16347,8845,4467,2165,1044,430,172,76,20,8,1,1,0,0,0,0,0,0,0,0,1,0,0
0,0,0,0,0,0,0,0,0,0,0,0,0,1,7,22,81,218,484,1173,2421,4918,9718,17805,31371,53147,85043,129782,191501,268640,361706,464081,572489,676148,766992,831910,1727945,824587,756177,663661,557476,449884,347385,258145,182438,123605,79993,49211,29680,16233,8869,4506,2195,1052,413,192,68,27,4,4,0,0,0,0,0,0,0,0,0,1,0,0
0,0,0,0,0,0,0,0,0,0,0,0,0,3,3,25,78,196,534,1132,2425,4935,9526,17791,31306,52840,84636,129981,190585,268205,360881,463395,571210,675746,766561,831250,1728417,825939,755135,664581,558116,450583,348879,258301,182556,124449,80332,49741,29192,16582,8878,4536,2174,1051,442,179,71,19,8,3,0,0,0,0,0,0,0,0,0,1,0,0
0,0,0,0,0,0,0,0,0,0,0,0,0,1,6,17,90,180,518,1149,2378,4951,9334,17889,31109,52519,84641,129140,190803,267538,359970,462147,570892,674929,766414,829975,1729902,825763,755644,664384,560079,451411,349333,258511,183607,124307,80528,49920,29498,16504,8968,4460,2256,987,474,190,59,24,8,1,0,0,0,0,0,0,0,0,0,1,0,0
0,0,0,0,0,0,0,0,0,0,0,0,0,0,6,25,76,166,533,1145,2358,4921,9365,17610,31115,52580,84295,128937,190151,266990,359006,461700,569469,674563,765956,830362,1728972,826763,756288,664458,561006,452457,349680,259211,184255,124233,80837,50206,29521,16714,8976,4576,2092,1082,462,190,67,24,6,3,0,0,0,0,0,0,0,0,0,1,0,0
0,0,0,0,0,0,0,0,0,0,0,0,0,1,8,24,67,172,522,1128,2360,4945,9395,17545,30867,52453,83885,128498,189419,267048,357341,462573,568835,674101,764510,829826,1728842,826493,757444,665042,561743,453338,350389,260552,183910,124706,81140,50302,29820,16511,8977,4629,2244,1054,455,185,73,26,7,3,0,0,0,0,0,0,0,0,0,1,0,0
0,0,0,0,0,0,0,0,0,0,0,0,1,1,8,25,63,193,516,1097,2337,4963,9351,17503,31034,51826,83395,128773,189409,265592,358198,459878,569683,672774,764241,827882,1729673,827363,757208,666285,562557,453927,351454,259982,184889,125181,81416,50539,29875,16635,8928,4710,2262,1006,494,178,68,24,9,2,0,0,0,0,0,0,0,0,0,1,0,0
0,0,0,0,0,0,0,0,0,0,0,0,1,0,10,24,70,193,533,1055,2424,4802,9517,17344,30842,51733,83675,128005,188682,265249,357189,459301,568980,672322,762775,829144,1727784,827459,758317,667333,562702,455127,352229,261023,184649,125910,81840,50752,29986,16700,8960,4703,2255,1022,493,196,65,24,8,1,0,0,0,0,0,0,0,0,0,1,0,0
0,0,0,0,0,0,0,0,0,0,0,0,1,2,9,23,83,198,486,1082,2394,4805,9336,17521,30707,51528,83327,127971,188041,264771,356259,458566,567809,672201,761671,829051,1727567,827638,759394,668730,563655,455526,352297,261197,185912,126042,82122,50703,30065,16879,9031,4673,2316,1033,488,192,73,26,5,2,0,0,0,0,0,0,0,0,0,1,0,0
0,0,0,0,0,0,0,0,0,0,0,1,0,2,6,33,76,192,480,1092,2340,4872,9334,17205,30674,51237,83633,127023,187375,264717,356539,457434,567144,669763,762224,827939,1728259,825849,761681,669727,564006,456372,353399,261761,186365,126617,82154,50804,30175,16994,9055,4751,2262,1065,469,200,76,22,7,3,0,0,0,0,0,0,0,0,0,1,0,0
0,0,0,0,0,0,0,0,0,0,0,0,1,0,8,26,89,170,499,1059,2318,4914,9311,17269,30200,51596,82638,127116,187499,263351,354860,458263,566078,669158,761103,828569,1726206,828270,761747,670082,565032,457688,353678,262440,186538,127046,82204,50856,30231,17223,9161,4709,2345,1068,481,189,85,23,7,3,1,0,0,0,0,0,0,0,0,1,0,0
0,0,0,0,0,0,0,0,0,0,0,0,0,3,6,28,86,179,443,1111,2325,4945,9246,17217,30391,50942,82619,126997,186660,262469,354498,457418,564811,669968,760195,827758,1726141,828869,762008,670083,566516,458443,353956,263567,187038,126888,82700,50998,30621,17008,9332,4707,2320,1100,475,220,69,25,7,1,1,0,0,0,0,0,0,0,0,1,0,0
0,0,0,0,0,0,0,0,0,0,0,0,0,2,7,24,73,185,467,1057,2346,4842,9422,17001,30190,51012,82306,126282,185977,262774,352968,456926,564562,668648,759181,827206,1726876,829431,762276,672016,566266,459420,354860,263906,187243,127560,82630,51397,30395,17375,9329,4756,2358,1061,491,193,84,22,2,2,1,0,0,0,0,0,0,0,0,1,0,0
0,0,0,0,0,0,0,0,0,0,0,0,0,4,2,24,70,193,445,1106,2303,4794,9329,17066,30045,51060,81695,126261,185417,262010,352617,455335,564570,668182,759227,825706,1727018,829420,762686,672636,567923,459637,356174,264167,187801,127688,83065,51485,30428,17332,9428,4870,2294,1090,491,201,81,25,4,2,1,0,0,0,0,0,0,0,0,1,0,0
0,0,0,0,0,0,0,0,0,0,0,0,0,3,6,25,59,206,467,1067,2337,4775,9280,16968,30072,50569,81734,125539,185403,261744,351794,454689,563083,667653,758872,825949,1726869,828851,762958,673837,569095,459467,357111,265284,188572,127903,82891,51503,30683,17446,9580,4876,2303,1080,496,190,87,23,7,2,0,0,0,0,0,0,0,0,0,1,0,0
0,0,0,0,0,0,0,0,0,0,0,0,3,0,8,23,57,200,490,1027,2339,4812,9186,16861,30163,50460,81485,125169,185010,260222,351739,454053,562547,666188,759369,824464,1726181,830527,763303,673904,570172,459904,357499,267086,188974,127936,83279,52115,30477,17568,9422,4921,2315,1151,478,206,85,19,10,1,0,0,0,0,0,0,0,0,0,1,0,0
0,0,0,0,0,0,0,0,0,0,0,0,1,4,5,24,68,192,478,1091,2220,4773,9205,16870,30038,50209,81175,125237,184132,260083,350979,453212,561501,666691,757384,825588,1725509,830297,764464,674196,570181,462079,357374,267481,189372,128720,83543,52080,30764,17439,9576,4872,2399,1107,464,222,73,27,9,0,0,0,0,0,0,0,0,0,0,1,0,0
0,0,0,0,0,0,0,0,0,0,0,0,2,4,7,22,79,193,465,1057,2225,4720,9016,17055,29791,50402,80647,125067,183408,259535,350400,453107,559872,665935,757001,824519,1727033,830801,763839,675827,570185,462389,358817,267556,189896,129545,83585,52230,30833,17580,9490,4973,2443,1034,508,208,66,31,9,1,0,0,0,0,0,0,0,0,0,1,0,0
0,0,0,0,0,0,0,0,0,0,0,1,1,4,6,31,75,172,471,1032,2230,4608,9075,16885,29664,50315,80588,124472,183048,259374,349632,451845,560060,664799,755478,825052,1725280,831469,765675,675449,571732,463165,360371,266925,190243,130087,84262,52351,31097,17473,9571,5106,2325,1127,469,195,81,28,6,3,0,0,0,0,0,0,0,0,0,1,0,0
0,0,0,0,0,0,0,0,0,0,0,0,2,2,13,30,71,181,452,1053,2249,4511,9119,16640,29825,49755,80699,124279,182362,258856,348490,451556,559443,664218,754851,824631,1726430,829849,765809,676655,572865,464228,360431,267304,191151,130240,84874,52609,30975,17751,9501,5133,2452,1070,471,202,78,31,8,3,0,0,0,0,0,0,0,0,0,1,0,0
0,0,0,0,0,0,0,0,0,0,0,0,2,3,7,41,74,177,449,1066,2199,4583,8964,16677,29590,49871,80210,123810,182340,257461,349006,450108,559569,662434,755431,823134,1726407,830828,765686,676905,573836,465647,360390,268420,191597,130496,85255,52572,31301,17647,9764,5045,2464,1136,485,206,75,28,8,4,0,0,0,0,0,0,0,0,0,1,0,0
0,0,0,0,0,0,0,0,0,0,0,1,2,2,10,25,71,196,470,1042,2151,4640,8855,16440,29572,49420,80458,123405,182165,256445,347861,450344,557722,663924,752994,823175,1726380,830979,766214,677646,574315,466260,360925,269220,192139,131246,85071,53242,31461,17683,9756,5064,2450,1138,505,207,80,22,11,3,1,0,0,0,0,0,0,0,0,1,0,0
0,0,0,0,0,0,0,0,0,0,0,1,2,0,8,34,70,189,473,1056,2146,4586,8814,16422,29308,49335,80288,122970,181378,256673,346484,449531,557312,662871,752748,822930,1726228,831777,766688,677838,575150,466730,361796,269933,192671,131572,85277,53472,31629,17784,9818,4988,2440,1140,519,216,71,26,11,5,0,0,0,0,0,0,0,0,0,1,0,0
0,0,0,0,0,0,0,0,0,0,0,0,3,1,8,29,73,198,454,1056,2110,4552,8824,16431,29151,49392,79605,122726,181116,256324,345052,448993,556566,661715,753231,823030,1725975,832377,766066,678995,575746,467455,362167,270636,193227,131870,85579,53623,31860,17937,9844,4950,2481,1133,511,225,70,28,10,2,1,0,0,0,0,0,0,0,0,1,0,0
0,0,0,0,0,0,0,0,0,0,0,0,2,3,8,27,70,208,452,1013,2136,4442,8909,16333,29022,49022,79692,122239,181025,255110,345497,446991,556657,660405,752899,822383,1726148,832123,767532,679544,576762,468079,363557,270527,193267,132590,85567,53819,32072,18098,9623,5100,2483,1136,501,197,105,23,7,2,1,0,0,0,0,0,0,0,0,1,0,0
0,0,0,0,0,0,0,0,0,0,0,0,2,4,7,23,73,203,447,1057,2176,4516,8780,16205,28734,48969,79463,122166,180106,254632,345651,446722,554072,660425,751678,822306,1726298,832842,769130,679538,576968,468095,364615,271578,193660,132608,86135,54135,31806,18220,9782,5144,2472,1130,502,211,85,28,6,3,0,0,0,0,0,0,0,0,0,1,0,0
0,0,0,0,0,0,0,0,0,0,0,0,2,3,6,28,71,188,493,1000,2232,4503,8687,16254,28666,48611,79268,121602,180103,254211,344687,446700,553173,658714,751243,821583,1726830,834055,769902,679840,577062,468219,365759,271942,194728,132306,86489,54347,32459,17897,9913,5134,2507,1150,504,218,78,33,3,4,1,0,0,0,0,0,0,0,0,1,0,0
0,0,0,0,0,0,0,0,0,0,0,0,2,3,5,27,73,189,454,1021,2217,4532,8662,16165,28574,48319,79033,121379,179340,254109,344149,445766,553744,656356,751451,822148,1725605,834713,770208,680066,576683,470312,365831,272935,195038,132662,87249,54341,32236,18323,9789,5220,2482,1135,511,227,77,36,6,2,3,0,0,0,0,0,0,0,0,1,0,0
0,0,0,0,0,0,0,0,0,0,0,0,2,0,10,27,65,190,434,1067,2162,4475,8689,16091,28506,48175,78409,121661,178733,253478,343586,445300,551803,656549,751354,821099,1725406,835276,769428,681347,578859,469984,367003,273292,195347,133232,87609,54350,32358,18490,9842,5161,2554,1147,501,219,95,29,9,2,3,0,0,0,0,0,0,0,0,1,0,0
0,0,0,0,0,0,0,0,0,0,0,0,1,2,9,22,70,187,435,1030,2185,4445,8743,15872,28467,48044,78245,120838,178521,253357,342967,443728,551404,656563,749862,820702,1726154,834874,770711,681592,579318,471981,366582,273605,196618,133431,87541,54633,32502,18583,9966,5072,2504,1163,516,220,102,33,4,1,3,0,0,0,0,0,0,0,0,1,0,0
0,0,0,0,0,0,0,0,0,0,0,0,1,2,11,20,72,195,415,1040,2202,4352,8769,15833,28082,47983,78171,120565,178236,252459,341972,444671,548963,656107,750429,818497,1726789,835196,770696,684170,579077,472324,367778,274716,196074,133769,87767,55084,32509,18761,9921,5229,2488,1136,529,209,100,28,7,2,2,0,0,0,0,0,0,0,0,1,0,0
0,0,0,0,0,0,0,0,0,0,0,1,0,4,12,24,64,172,472,999,2120,4452,8542,15844,28187,47501,78391,119846,177531,252267,341060,442801,549573,655770,749329,819830,1724873,834820,772685,683508,580931,472653,368792,275379,196700,134050,88017,54786,32794,18740,10167,5199,2504,1133,533,224,90,26,8,3,0,1,0,0,0,0,0,0,0,1,0,0
0,0,0,0,0,0,0,0,0,0,0,0,1,2,11,30,68,151,456,1002,2159,4413,8482,15923,27905,47749,77850,119369,177734,250589,340818,442563,548958,654918,749011,818897,1725712,834911,771529,685050,581724,473440,369688,275446,197497,134472,87986,55231,32830,18892,10178,5247,2487,1129,527,242,88,33,7,1,1,0,1,0,0,0,0,0,0,1,0,0
0,0,0,0,0,0,0,0,0,0,0,0,1,2,8,30,71,151,410,1025,2181,4381,8331,15847,27771,48170,76966,119468,176816,250508,339647,441150,549853,654020,747546,819440,1726070,834279,772850,684621,583078,473985,370823,276053,197677,134680,88349,55007,33078,18949,10317,5231,2524,1173,506,231,92,27,11,2,0,1,1,0,0,0,0,0,0,1,0,0
0,0,0,0,0,0,0,0,0,0,0,0,1,4,8,26,63,156,434,1025,2153,4273,8464,15700,27841,47526,77182,118831,176837,249882,338826,440291,548661,653254,746748,820010,1726220,834584,772763,684745,584300,475482,371033,276385,198618,135180,88328,55337,32945,19075,10387,5302,2467,1166,534,224,90,33,10,2,1,0,1,0,0,0,0,0,0,1,0,0
0,0,0,0,0,0,0,0,0,0,0,0,0,5,5,30,69,165,406,1000,2152,4228,8515,15694,27781,47311,76781,118558,176597,249838,337636,439865,547248,653205,745556,819364,1727179,834562,772488,685882,584311,477253,371206,277242,198752,135876,88648,55803,32773,19030,10447,5524,2386,1142,534,222,90,35,8,4,0,1,1,0,0,0,0,0,0,1,0,0
0,0,0,0,0,0,0,0,0,0,0,0,0,3,10,23,68,165,417,988,2102,4222,8451,15603,27986,46974,76562,118613,175506,249432,337671,438956,545576,653695,745826,818280,1725082,836291,772237,688094,584934,476925,371750,278122,199096,136431,88753,55793,33195,19025,10595,5429,2534,1101,531,234,86,27,6,6,0,1,1,0,0,0,0,0,0,1,0,0
0,0,0,0,0,0,0,0,0,0,0,0,1,4,9,21,52,188,425,941,2105,4277,8362,15617,27419,47212,75986,118742,175688,248197,336457,438546,545976,651955,746549,818672,1723331,836276,773810,688231,586147,476426,373039,278594,199115,136938,89243,55376,33818,19026,10623,5416,2569,1138,537,238,72,28,11,3,0,1,1,0,0,0,0,0,0,0,1,0
0,0,0,0,0,0,0,0,0,0,0,0,3,1,8,20,70,156,429,995,2043,4192,8371,15633,27461,46927,76253,117847,174851,248309,336719,437461,544568,650655,747243,816706,1725861,833540,775479,688940,586880,477698,373390,279097,199521,136969,89774,55694,33780,19217,10602,5346,2632,1182,525,233,86,25,10,4,0,2,0,0,0,0,0,0,0,0,1,0
0,0,0,0,0,0,0,0,0,0,0,0,3,0,10,23,63,178,426,958,2003,4283,8150,15712,27423,46795,76250,117545,174037,247796,336360,436327,544523,649752,745258,817580,1724333,836274,775238,689365,586562,479138,374191,279395,200137,137247,90383,55750,33800,19498,10571,5333,2655,1214,515,226,85,30,8,2,2,1,0,0,0,0,0,0,0,0,1,0
0,0,0,0,0,0,0,0,0,0,0,1,2,0,10,24,65,172,418,928,2078,4199,8292,15364,27549,46478,76072,117453,173256,246830,335566,436413,544533,648985,743597,817137,1725668,836677,776064,689191,587838,478588,374818,280456,200422,137345,90692,56265,33749,19522,10465,5542,2604,1171,556,219,88,32,9,2,2,1,0,0,0,0,0,0,0,0,1,0
0,0,0,0,0,0,0,0,0,0,0,0,2,2,9,25,65,166,426,902,2072,4282,8257,15368,27234,46569,75431,116901,173500,246144,334797,435453,543294,649382,743061,815644,1726134,837887,776219,689677,588036,479811,374625,281335,201042,138095,90559,56674,33812,19774,10495,5541,2582,1209,575,217,79,30,9,3,1,1,0,0,0,0,0,0,0,1,0,0
0,0,0,0,0,0,0,0,0,0,0,0,2,2,11,23,71,156,417,951,2023,4186,8422,15134,27327,46168,75292,116921,172734,245100,334982,435797,541075,648565,742948,815911,1726260,837057,776316,691646,588877,479701,375715,281417,201264,138727,90554,57056,34135,19634,10551,5483,2695,1202,554,235,77,21,6,5,1,1,0,0,0,0,0,0,0,1,0,0
0,0,0,0,0,0,0,0,0,0,0,0,0,8,7,26,66,162,423,875,2062,4301,8293,15159,27264,45747,75042,116785,171787,245484,334304,434970,541536,646724,742213,814492,1726337,838082,778412,691164,589055,481314,375243,281769,202681,137865,91710,57299,34106,19683,10713,5435,2724,1218,520,223,96,16,6,4,2,1,0,0,0,0,0,0,0,1,0,0
0,0,0,0,0,0,0,0,0,0,0,0,2,4,12,21,64,161,431,916,1972,4270,8311,15118,27118,45927,74734,116181,171910,245295,333400,433393,541439,646314,740482,816386,1723615,839470,778421,691609,590312,481718,376691,281866,202780,138853,91650,57447,34475,19537,10759,5460,2759,1231,531,226,105,20,8,1,3,0,0,0,0,0,0,0,0,1,0,0
0,0,0,0,0,0,0,0,0,0,0,0,2,4,11,23,54,184,411,887,2033,4250,8167,15150,26945,46012,74396,115666,172166,244187,332233,433742,540475,646264,740628,814586,1723701,838287,778911,693167,591386,482262,377357,282304,203016,139639,92161,57529,34380,19743,10621,5617,2716,1225,545,243,85,24,10,0,3,0,0,0,0,0,0,0,0,1,0,0
0,0,0,0,0,0,0,0,0,0,0,0,1,6,5,27,66,170,386,919,1990,4285,8191,14886,26898,45815,74421,115454,171281,244150,332078,432564,540119,645585,739970,813512,1723889,837710,779952,695003,591193,483327,377340,283205,203448,140052,92398,57678,34524,19682,10812,5544,2675,1282,556,235,76,34,10,3,0,1,0,0,0,0,0,0,0,1,0,0
0,0,0,0,0,0,0,0,0,0,0,0,2,4,6,20,77,140,413,940,1994,4119,8075,15021,26959,45573,74013,115314,171103,243711,331398,431929,539017,644743,740286,813640,1723485,837243,780024,695341,592016,484508,378213,283268,204154,140521,92286,58292,34427,19808,10870,5541,2690,1286,582,221,93,25,12,4,0,1,0,0,0,0,0,0,0,1,0,0
0,0,0,0,0,0,0,0,0,0,0,0,2,3,6,21,65,162,399,889,2033,4072,8146,14864,26855,45521,73866,115185,170489,242947,331257,430905,539280,644465,739430,811890,1722330,840457,779425,695235,593069,484555,378891,284643,204897,140312,92766,58287,34613,19755,10883,5613,2704,1287,578,221,84,35,13,2,1,0,0,0,0,0,0,0,0,1,0,0
0,0,0,0,0,0,0,0,0,0,0,0,2,2,5,29,55,172,373,885,2071,4063,8011,14851,26702,45438,73506,115152,170153,243175,329765,431234,537728,644417,738331,810713,1722744,840808,779840,695678,593870,485491,379616,284783,205478,140967,92812,58314,34677,20077,10829,5609,2747,1280,589,232,75,34,20,4,1,0,0,0,0,0,0,0,0,1,0,0
0,0,0,0,0,0,0,0,0,0,0,0,2,4,5,21,66,173,383,860,1915,4225,7888,14843,26516,45302,73552,114494,169879,242411,330173,429160,537774,644622,735926,810949,1723018,840255,781976,695448,593709,486416,380982,285799,205495,140815,93465,58204,35002,20052,10886,5733,2764,1266,600,238,82,37,16,6,1,0,0,0,0,0,0,0,0,1,0,0
0,0,0,0,0,0,0,0,0,0,0,0,3,3,6,20,54,168,385,884,1940,4102,7887,14738,26476,45223,73141,114024,169544,242207,328615,429906,536983,642713,736098,810889,1723367,840119,782116,696494,594946,486103,381027,287077,206094,141469,93225,58408,35136,20173,10952,5694,2693,1334,583,250,79,40,14,4,2,0,0,0,0,0,0,0,0,1,0,0
0,0,0,0,0,0,0,0,0,0,0,1,3,0,12,13,70,145,389,863,1934,4081,7850,14783,26498,44856,72758,113826,169403,241194,328411,429041,536722,641212,736188,809725,1724131,841452,780602,696721,596062,486202,383449,286768,207233,141405,93582,58638,35124,20228,11115,5671,2772,1299,596,223,93,38,16,8,2,0,0,0,0,0,0,0,0,1,0,0
0,0,0,0,0,0,0,0,0,0,1,0,2,3,5,26,57,163,379,857,1955,4108,7777,14658,26585,44420,72953,113859,167964,241093,328286,427959,535313,640941,735457,810308,1723956,840484,782132,697569,595119,488416,382898,288626,206624,142464,93845,58639,35255,20403,10952,5770,2796,1362,577,226,109,33,13,7,4,0,0,0,0,0,0,0,0,1,0,0
0,0,0,0,0,0,0,0,0,0,1,0,2,1,7,19,74,171,382,864,1943,4006,7800,14727,26357,44196,72818,113417,168280,240024,327487,427103,534561,640775,735717,809834,1722637,841874,782251,697943,595147,489205,384569,288961,206753,143034,93985,58669,35479,20419,10944,5839,2789,1371,579,229,109,31,15,7,3,0,0,0,0,0,0,0,0,1,0,0
0,0,0,0,0,0,0,0,0,0,0,2,0,1,5,30,58,169,389,868,1940,3926,7883,14530,25995,44519,72159,113241,168196,239211,326850,427256,533131,640303,734075,810925,1722944,841617,782300,697901,596644,490298,384727,288743,208112,143063,94107,59298,35698,20210,11196,5731,2849,1338,578,221,114,33,14,7,3,0,0,0,0,0,0,0,0,1,0,0
0,0,0,0,0,0,0,0,0,0,1,0,1,1,7,22,59,172,372,888,1963,3911,7814,14538,25823,44383,72610,112291,167958,238432,325845,427003,532985,638124,734924,809373,1722806,842852,782282,698481,597482,491484,384863,289742,208132,143499,94334,59707,35754,20320,11173,5855,2782,1369,590,244,91,41,15,8,2,0,0,0,0,0,0,0,0,1,0,0
0,0,0,0,0,0,0,0,0,0,1,0,1,1,6,21,67,162,395,873,1939,3940,7824,14396,25755,44111,72438,112441,167389,237678,325470,426275,531699,637803,733904,810097,1723160,842059,782539,699143,599188,490957,385713,290725,208486,143708,94669,59663,35788,20659,11273,5743,2867,1361,622,232,109,31,17,6,3,1,0,0,0,0,0,0,0,1,0,0
0,0,0,0,0,0,0,0,0,0,1,0,0,4,3,16,69,149,386,882,1874,3983,7751,14353,25684,43950,72197,112684,166114,237773,324993,425378,531524,636928,733205,809043,1723310,842764,783468,698912,600075,491537,386671,290661,209174,144286,95162,59219,36074,20828,11197,5899,2826,1366,641,230,108,30,18,5,3,0,0,0,0,0,0,0,0,1,0,0
0,0,0,0,0,0,0,0,0,0,1,0,0,4,3,16,67,154,379,867,1905,3850,7739,14405,25575,43857,71980,112110,166206,237413,323971,425149,531182,636217,732096,809182,1722006,842242,784817,700499,600882,492113,386651,291009,209655,145025,94905,59634,36345,20941,11230,5893,2822,1372,639,241,97,37,17,5,3,0,0,0,0,0,0,0,0,0,1,0
0,0,0,0,0,0,0,0,0,0,0,1,1,1,4,20,51,159,371,848,1905,3867,7776,14283,25598,43820,71287,111994,166457,236371,323409,424514,530553,636149,731701,807707,1721546,843633,784098,701741,600998,493328,387092,291859,210297,144947,95342,60196,36121,20817,11422,5852,2872,1382,604,255,102,35,12,8,2,0,0,0,0,0,0,0,0,0,1,0
0,0,0,0,0,0,0,0,0,0,0,0,2,1,3,16,50,158,384,852,1865,3847,7701,14380,25431,43618,71508,111073,165858,235996,322865,423031,530146,636706,729999,808285,1721902,842725,784671,701250,603757,493108,387855,292563,210476,145133,95850,60495,36382,20738,11459,5981,2865,1393,605,274,91,34,17,4,4,1,0,0,0,0,0,0,0,0,1,0
0,0,0,0,0,0,0,0,0,0,0,0,0,3,1,17,63,136,370,893,1819,3925,7541,14200,25761,43300,70914,110527,166331,235370,322590,422683,528534,634673,731862,807113,1721439,842700,785666,702520,603323,494319,388339,292712,211228,146052,95536,60750,36552,20821,11540,5967,2926,1366,600,277,86,42,10,7,3,1,0,0,0,0,0,0,0,0,1,0
0,0,0,0,0,0,0,0,0,0,0,0,0,2,2,18,57,151,382,824,1886,3810,7576,14235,25279,43512,70403,110862,165199,235284,322370,421773,527934,634262,730609,806784,1721277,842531,786967,703513,603282,494804,389689,292533,211376,146716,96290,60730,36543,20932,11644,6033,2932,1370,611,270,89,40,11,6,4,1,0,0,0,0,0,0,0,1,0,0
0,0,0,0,0,0,0,0,0,0,0,0,0,1,6,12,74,158,361,820,1857,3837,7629,14000,25288,43133,70788,109538,165327,234800,321955,420701,527771,633868,730352,805784,1720452,843470,786884,704398,604658,495221,389356,293950,211724,147021,96570,60737,36906,20988,11586,6105,2920,1361,635,258,90,32,15,7,2,2,0,0,0,0,0,0,0,0,1,0
0,0,0,0,0,0,0,0,0,0,0,0,0,0,8,9,69,156,373,816,1864,3792,7580,14045,25136,42924,70634,109654,164228,234985,321078,419845,526569,634068,729504,805851,1719288,843887,787713,704706,605383,496471,390226,293742,212831,146785,96873,60998,37110,21131,11563,6157,2966,1317,666,249,99,34,15,6,3,1,0,0,0,0,0,0,0,1,0,0
0,0,0,0,0,0,0,0,0,0,0,0,0,1,4,14,57,167,356,846,1777,3799,7680,13917,25160,42713,70397,109086,164200,234615,319893,419752,525910,633134,729591,804310,1719821,843540,788431,705651,606840,496342,390313,295258,212797,147179,96894,61527,37081,21113,11674,6217,2940,1386,606,267,93,35,14,7,2,0,1,0,0,0,0,0,0,1,0,0
0,0,0,0,0,0,0,0,0,0,0,0,0,1,4,16,55,175,364,816,1818,3788,7535,13999,25027,42853,69913,109011,163580,233326,319916,419094,525922,631935,728944,803672,1719924,844126,788155,707915,604836,497989,391670,295528,213482,147430,97253,61445,37268,21254,11796,6180,2977,1396,595,271,98,36,11,6,2,0,1,0,0,0,0,0,0,1,0,0
0,0,0,0,0,0,0,0,0,0,0,0,0,1,4,17,60,144,351,829,1810,3812,7424,13980,24766,42943,69778,108804,162764,233490,318705,418590,524484,631318,728586,804258,1719852,843701,789524,707165,605933,498162,393206,295682,214135,147609,97763,61389,37398,21582,11812,6093,3059,1422,587,255,102,36,17,3,1,1,1,0,0,0,0,0,0,1,0,0
0,0,0,0,0,0,0,0,0,0,0,0,1,2,3,12,69,138,352,821,1837,3787,7342,13838,24912,42607,69468,108623,162428,233369,318129,417047,524140,631281,727084,804355,1719459,844610,789102,707806,607079,499002,393900,296440,214219,148125,97772,61625,37569,21568,11848,6210,2996,1422,612,235,101,42,13,5,2,0,1,0,0,0,0,0,0,1,0,0
0,0,0,0,0,0,0,0,0,0,0,0,1,2,4,15,50,160,363,814,1773,3749,7377,13739,24840,42481,69450,108734,162113,232558,317447,416188,524255,630444,726744,803660,1719333,843952,789805,708477,607404,500320,393778,296946,215332,148074,98090,62440,37275,21617,11934,6201,3015,1432,617,240,103,41,14,3,3,1,0,0,0,0,0,0,0,1,0,0
0,0,0,0,0,0,0,0,0,0,0,0,0,3,5,12,57,145,341,826,1797,3685,7412,13674,24615,42387,69215,108729,161927,231022,317654,415973,522106,629894,727513,803316,1718098,844425,790709,708703,607712,500876,395008,297519,215479,148913,98223,62603,37346,21887,11906,6156,3114,1413,598,245,109,38,12,4,2,2,0,0,0,0,0,0,0,0,1,0
0,0,0,0,0,0,0,0,0,0,0,0,0,1,6,15,55,148,332,832,1781,3727,7190,13690,24466,42580,69072,108114,162072,230197,316937,415284,520982,629586,726659,802528,1718758,844577,789565,710730,608147,502051,395388,298372,215609,149814,98342,62535,37728,21819,11929,6236,3109,1392,637,253,106,40,6,8,1,1,1,0,0,0,0,0,0,1,0,0
0,0,0,0,0,0,0,0,0,0,0,0,0,2,4,18,51,144,340,804,1812,3597,7388,13576,24466,42022,69008,108538,161085,229890,316125,413964,521455,627890,726256,802233,1718693,844805,791550,709836,609271,502528,396447,298443,216572,149694,98772,62488,38041,21754,11942,6382,3073,1399,637,260,95,38,13,3,2,1,1,0,0,0,0,0,0,0,1,0
0,0,0,0,0,0,0,0,0,0,0,0,0,2,3,18,53,129,376,794,1790,3627,7320,13545,24445,41773,69020,107954,160884,229611,314983,414899,520037,626901,724583,802457,1719674,844471,791548,711113,610132,501875,397350,299435,217073,149876,98915,62829,38231,21700,12086,6332,3087,1398,652,271,94,41,14,4,1,0,2,0,0,0,0,0,0,0,1,0
0,0,0,0,0,0,0,0,0,0,0,0,1,2,3,16,52,129,349,835,1758,3584,7315,13438,24319,41946,68991,106773,161389,229298,314024,414310,518959,626504,724364,801528,1718664,846727,792147,710214,611775,501692,397511,300643,217410,150025,99699,62855,38245,21918,12029,6391,3072,1423,650,259,114,38,11,6,1,1,0,1,0,0,0,0,0,0,1,0
0,0,0,0,0,0,0,0,0,0,0,0,1,1,3,19,42,154,337,790,1783,3540,7338,13326,24261,42023,68567,107180,159692,229059,314088,412821,519121,625381,723772,801100,1719369,846589,792486,712085,610199,503211,398287,301684,217278,150445,99955,63225,38115,22030,12139,6229,3116,1483,647,278,98,41,12,5,1,1,0,1,0,0,0,0,0,0,1,0
0,0,0,0,0,0,0,0,0,0,0,0,0,2,5,13,60,135,356,795,1697,3591,7201,13425,24291,41770,68166,106792,159687,228511,312919,412460,518114,626168,722065,800961,1718818,847449,793566,710205,612608,503756,399438,301338,217450,151233,100225,63558,38314,22185,12149,6217,3166,1467,661,270,93,35,15,5,1,1,1,0,0,0,0,0,0,0,1,0
0,0,0,0,0,0,0,0,0,0,0,0,0,0,5,16,52,134,342,773,1716,3569,7189,13519,24036,41699,68083,106268,159965,227334,312683,410427,518453,625360,721999,800263,1718546,847747,793197,711162,613541,505236,399057,302439,218263,151520,100442,63541,38589,22043,12153,6348,3120,1493,640,283,105,32,18,4,2,1,1,0,0,0,0,0,0,0,1,0
0,0,0,0,0,0,0,0,0,0,0,0,0,0,6,14,53,135,324,747,1751,3554,7205,13457,24185,41530,67735,106147,158847,227668,311719,410800,517004,623382,721961,799367,1718783,848213,794223,712213,613688,507072,399057,302747,218368,152265,100547,63637,38514,22139,12215,6405,3144,1486,650,291,98,35,20,3,3,0,0,1,0,0,0,0,0,0,1,0
0,0,0,0,0,0,0,0,0,0,0,0,0,0,4,12,54,144,315,798,1646,3603,7064,13476,24062,41256,67862,105638,158908,227047,311303,410176,515115,622891,721481,799367,1719039,848085,794570,713089,613952,507728,400467,302595,219414,152101,101099,63858,38611,22189,12255,6362,3182,1468,675,284,98,41,15,5,3,0,0,0,1,0,0,0,0,0,1,0
0,0,0,0,0,0,0,0,0,0,0,0,0,0,7,15,45,127,340,780,1650,3579,7096,13262,24271,41233,67210,105537,158240,226645,311198,408764,515590,622282,720112,799289,1718786,849123,793700,715187,613712,508553,400369,303828,219216,152608,101712,63924,38724,22194,12274,6432,3170,1498,694,264,108,37,14,6,1,1,0,1,0,0,0,0,0,0,1,0
0,0,0,0,0,0,0,0,0,0,0,0,0,0,4,20,36,117,340,780,1688,3532,7061,13333,24100,41142,67196,105054,157598,226604,310822,408186,514821,620583,720481,797305,1719742,849215,795138,714268,615147,509089,401744,303829,219610,153025,101626,64430,38915,22320,12268,6320,3290,1535,644,276,114,35,15,7,0,1,1,0,1,0,0,0,0,1,0,0
0,0,0,0,0,0,0,0,0,0,0,0,0,1,4,14,48,110,347,784,1685,3533,6923,13236,24041,41268,67103,104580,157327,225895,310226,407709,513903,620202,719459,798272,1718241,850741,794939,713085,617227,509135,402265,304686,220618,153081,102117,64731,38856,22384,12322,6444,3248,1497,669,281,106,41,13,8,0,1,1,0,1,0,0,0,0,0,1,0
0,0,0,0,0,0,0,0,0,0,0,0,1,0,3,18,47,108,320,823,1662,3512,6847,13360,23762,41117,66797,104602,157054,225754,309473,406955,512630,620306,719555,797465,1717374,850486,795837,714721,616636,509738,403024,305344,220786,154038,102448,64843,38764,22424,12341,6489,3298,1528,673,265,114,44,10,7,3,0,1,1,0,0,0,0,0,0,1,0
0,0,0,0,0,0,0,0,0,0,0,1,0,0,6,16,46,115,319,797,1647,3534,6880,13146,23810,40709,66987,104063,157097,224521,309249,406379,511992,620858,717533,796149,1718639,849193,797383,716062,616694,510191,404062,305440,221891,154013,102798,64911,38759,22465,12679,6389,3266,1637,626,283,106,47,7,6,5,0,1,1,0,0,0,0,0,0,1,0
0,0,0,0,0,0,0,0,0,0,0,0,1,0,4,20,40,121,305,798,1651,3401,6943,13036,23564,40885,66616,104162,155992,224361,309076,405105,511896,620803,716611,794640,1717374,851277,797250,716460,618676,510781,404301,306430,221761,154444,102682,65184,39062,22621,12579,6552,3273,1567,643,281,112,44,12,4,5,1,0,1,0,0,0,0,0,0,1,0
0,0,0,0,0,0,0,0,0,0,0,0,1,0,6,18,37,131,286,806,1642,3402,6866,13091,23527,40495,66184,104074,155817,223407,308632,405280,511116,619062,716986,794944,1716563,850020,798804,717219,619431,510658,406068,306647,222315,154222,103088,65437,39133,22789,12584,6645,3295,1565,651,295,95,54,8,7,3,1,0,1,0,0,0,0,0,0,1,0
0,0,0,0,0,0,0,0,0,0,0,0,1,1,7,13,39,125,303,731,1681,3455,6753,13096,23573,40222,66168,103959,154826,224165,307134,405276,509412,618144,716945,795294,1715223,850637,798624,717817,619734,513069,405570,307662,222854,154769,102786,65488,39663,22960,12644,6594,3303,1541,662,307,100,53,16,3,4,1,0,1,0,0,0,0,0,0,1,0
0,0,0,0,0,0,0,0,0,0,0,0,0,3,6,18,30,133,306,715,1665,3386,6912,12972,23286,40039,65944,103266,155382,223743,306438,403777,509484,617467,715877,794346,1717258,849406,799450,719057,620266,513216,406473,307244,223607,155335,103152,65759,39827,22776,12803,6563,3379,1507,649,305,103,50,21,2,4,0,1,0,0,0,0,0,0,0,1,0
0,0,0,0,0,0,0,0,0,0,0,0,0,2,5,14,44,116,314,727,1593,3469,6892,12943,23276,39751,65703,103327,155151,223107,305600,402748,510116,615781,714950,794377,1717014,849720,799900,719404,620765,513839,406621,308943,223408,156115,103117,65963,40221,22923,12667,6756,3315,1576,643,293,112,56,22,7,1,1,0,0,0,0,0,0,0,0,1,0
0,0,0,0,0,0,0,0,0,0,0,0,0,1,8,10,46,111,305,739,1600,3476,6736,12990,23233,39729,65712,102814,154695,221955,305371,403156,508494,615336,714855,793731,1715765,849672,800938,719774,622173,515098,407395,308057,224312,156228,104287,65779,40142,23072,12785,6806,3311,1580,643,285,120,54,21,5,3,0,0,0,0,0,0,0,0,0,1,0
0,0,0,0,0,0,0,0,0,0,0,0,0,1,3,18,48,102,305,746,1624,3335,6876,12780,23179,39712,65249,102668,154470,221873,304558,402572,507913,615210,712783,794512,1714152,850095,801331,720388,623542,515540,407733,309109,224692,156945,104430,65818,40113,23282,12828,6835,3333,1552,643,295,133,53,22,5,2,0,0,0,0,0,0,0,0,0,1,0
0,0,0,0,0,0,0,0,0,0,0,0,0,2,4,14,49,108,307,756,1572,3361,6763,12946,23045,39375,65072,102548,153957,221036,304608,402124,506324,614979,713581,793517,1713428,851841,799723,722346,624100,514874,409101,309346,225293,157041,104229,66591,40248,23281,13030,6782,3398,1521,675,298,133,57,16,6,2,0,0,0,0,0,0,0,0,0,1,0
0,0,0,0,0,0,0,0,0,0,0,0,0,2,5,13,49,98,307,775,1560,3324,6869,12882,22965,39437,65091,101674,153542,220847,304125,400430,506473,614290,712528,793594,1713557,851979,801149,721746,624127,515705,410113,310136,225257,157465,104962,66306,40558,23429,13086,6857,3376,1517,693,297,130,56,19,4,4,0,0,0,0,0,0,0,0,0,1,0
0,0,0,0,0,0,0,0,0,0,0,0,0,4,4,12,48,106,303,729,1618,3313,6748,12704,23026,39454,64742,101865,152781,220200,303696,399696,505852,613430,712590,793548,1712954,852745,801419,721194,625066,516428,410641,310869,225866,157892,104956,66540,40522,23634,13110,6892,3460,1584,662,299,118,64,13,7,4,0,0,0,0,0,0,0,0,0,1,0
0,0,0,0,0,0,0,0,0,0,0,0,0,2,5,14,42,115,300,724,1598,3320,6708,12797,22856,39138,64602,101626,151946,220737,302198,398857,505491,613372,712682,791612,1714059,853030,800409,722884,624647,517792,410427,312527,226360,157716,105280,66673,40703,23868,13171,6899,3456,1571,679,314,122,53,16,5,5,0,0,0,0,0,0,0,0,0,1,0
0,0,0,0,0,0,0,0,0,0,0,0,0,1,6,14,37,125,298,728,1509,3388,6613,12759,22777,38824,64608,101223,152154,219462,301793,399186,504029,613412,711483,791628,1713610,852614,800491,723782,625007,518385,412281,312376,227166,158159,105272,66966,40936,23956,13195,6982,3338,1622,702,307,128,47,19,8,2,0,0,0,0,0,0,0,0,0,1,0
0,0,0,0,0,0,0,0,0,0,0,0,0,2,5,16,37,117,323,691,1568,3334,6584,12771,22748,38839,64133,100918,151896,218648,302031,397397,504949,611053,711988,790955,1713016,851657,802695,723968,626681,518728,412624,312518,227762,158117,105644,67500,41093,23937,13267,6916,3450,1628,706,297,130,41,22,6,2,0,0,0,0,0,0,0,0,0,1,0
0,0,0,0,0,0,0,0,0,0,0,0,0,1,5,14,51,118,306,693,1594,3335,6524,12696,22510,38988,64069,100095,151562,219010,300748,397383,504547,610143,710372,791640,1711459,852244,802995,725258,626837,519909,412904,312846,228571,158414,106305,67353,41263,24036,13288,7038,3465,1599,717,298,141,37,16,10,1,0,0,0,0,0,0,0,0,0,1,0
0,0,0,0,0,0,0,0,0,0,0,0,0,1,5,18,52,121,317,691,1526,3346,6660,12430,22379,39114,63346,100343,150814,218779,299931,397596,503346,609215,709955,791621,1712173,851791,803140,725103,628130,519958,413703,313837,228499,159273,106322,67965,41199,24053,13316,6982,3566,1567,732,297,128,42,19,6,1,0,0,0,0,0,0,0,0,1,0,0
0,0,0,0,0,0,0,0,0,0,0,0,0,2,4,16,52,133,313,665,1565,3267,6725,12283,22551,38618,63306,99705,151304,217403,300055,396474,503333,608787,708814,790796,1713184,851188,803381,725814,629017,520818,413959,314024,229161,159865,106633,68026,41439,24054,13233,7078,3529,1594,729,318,127,43,18,4,1,0,0,0,0,0,0,0,0,1,0,0
0,0,0,0,0,0,0,0,0,0,0,0,1,2,2,18,48,127,300,685,1564,3280,6509,12465,22378,38548,63149,99663,150771,217497,298470,396328,501574,609086,708152,790211,1713527,851848,802965,726966,628823,522282,413690,314543,229405,161140,106746,68102,41672,24075,13266,7142,3550,1585,720,343,128,39,16,5,2,0,0,0,0,0,0,0,0,1,0,0
0,0,0,0,0,0,0,0,0,0,0,0,1,1,5,19,44,117,317,684,1553,3212,6501,12550,22208,38234,63224,99520,150415,216609,298392,395985,501144,607752,707994,789279,1714349,852220,802679,726259,630235,522712,414397,315070,230913,160537,107580,68097,41227,24455,13459,7053,3543,1583,783,316,115,41,20,3,2,0,0,0,0,0,0,0,0,1,0,0
0,0,0,0,0,0,0,0,0,0,0,0,1,2,6,12,40,124,319,707,1450,3280,6513,12407,22237,38335,62652,99222,150098,216263,298377,394425,500587,607231,707382,788956,1713853,852774,804004,726536,630487,523168,414853,315632,231529,161192,107306,68598,41321,24477,13413,7165,3585,1594,792,315,122,41,17,8,0,0,0,0,0,0,0,0,0,1,0,0
0,0,0,0,0,0,0,0,0,0,0,0,1,2,6,18,43,120,295,683,1581,3200,6459,12335,22369,37829,62454,99006,150108,215786,297767,393841,499549,606669,707221,788538,1712536,853561,804978,727563,630166,523962,415137,317136,231070,161887,107698,68512,41904,24332,13449,7144,3509,1722,720,346,130,41,18,6,1,0,0,0,0,0,0,0,0,1,0,0
0,0,0,0,0,0,0,0,0,0,0,0,1,1,5,17,47,114,288,722,1510,3192,6485,12385,21935,38086,62366,98690,149649,215367,297135,393385,498413,606354,707098,787547,1711615,854732,804480,728542,631793,523681,416461,317443,231474,162108,108042,68666,42233,24125,13550,7126,3539,1723,746,345,129,41,14,6,2,0,0,0,0,0,0,0,0,1,0,0
0,0,0,0,0,0,0,0,0,0,0,0,1,1,6,18,49,106,281,690,1556,3228,6394,12334,21933,37904,62216,98434,149231,215129,296570,392778,498260,605784,705828,787567,1711457,853591,806912,727549,632886,524585,417068,316942,232560,162431,108238,69140,42016,24395,13642,7138,3535,1762,748,321,117,54,13,8,2,0,0,0,0,0,0,0,0,0,1,0
0,0,0,0,0,0,0,0,0,0,0,0,1,0,5,23,45,110,274,689,1547,3254,6304,12422,21709,37846,62082,98137,148863,214674,296493,391870,497686,604360,705098,788738,1709825,855018,805858,727352,634708,525234,417525,318330,233036,162327,108665,69102,42389,24527,13514,7230,3538,1743,753,294,131,52,18,6,3,0,0,0,0,0,0,0,0,0,1,0
0,0,0,0,0,0,0,0,0,0,0,0,1,0,9,21,36,114,277,657,1554,3194,6409,12147,21770,37864,61856,98056,148060,213990,296089,391398,497248,604096,704047,788091,1710710,852975,807522,729262,634546,525026,418945,318581,233161,162942,108736,69683,42244,24713,13555,7276,3581,1706,738,316,134,41,21,7,2,1,0,0,0,0,0,0,0,0,1,0
0,0,0,0,0,0,0,0,0,0,0,0,1,3,5,16,46,112,263,677,1517,3225,6431,11989,21869,37482,61614,98341,147563,213610,294967,391732,495984,602873,705077,786122,1710977,853792,806260,731503,633633,526610,419508,318825,234082,163080,109078,69783,42640,24637,13614,7256,3650,1692,742,325,128,42,19,9,4,0,0,0,0,0,0,0,0,0,1,0
0,0,0,0,0,0,0,0,0,0,0,0,1,2,3,23,35,113,300,651,1489,3195,6314,12010,21885,37263,62153,97940,147219,212628,294401,391323,495288,602642,703618,786805,1709454,855027,807103,730632,634993,527520,419040,320524,233715,163745,109232,70261,42489,24756,13691,7301,3664,1674,766,315,126,47,20,9,2,1,0,0,0,0,0,0,0,1,0,0
0,0,0,0,0,0,0,0,0,0,0,0,1,1,6,20,45,105,287,640,1517,3133,6300,11865,21809,37450,61691,97553,146998,212502,294077,390324,494846,601775,703206,785888,1709930,853774,807954,732047,634530,528198,420561,320752,234444,163943,109855,70059,42605,25018,13715,7333,3712,1669,744,323,126,47,18,9,3,0,0,0,0,0,0,0,0,1,0,0
0,0,0,0,0,0,0,0,0,0,0,0,1,1,7,18,41,107,273,670,1484,3101,6257,11809,21752,37169,61881,96987,146656,212508,293786,389296,494174,601254,702853,785930,1709527,854053,807314,732251,635294,529676,421117,320879,235005,164503,110228,69888,42760,25099,13724,7428,3673,1686,755,318,135,55,15,7,2,1,0,0,0,0,0,0,0,0,1,0
0,0,0,0,0,0,0,0,0,0,0,0,0,4,3,23,44,108,263,678,1442,3117,6130,11857,21362,37451,61849,96514,146246,212707,292218,389741,492531,600763,701908,785947,1709981,854527,807595,732476,635715,529004,422179,322598,234893,164782,110516,70592,42896,24820,13744,7474,3724,1692,731,350,135,48,20,7,2,1,0,0,0,0,0,0,0,0,1,0
0,0,0,0,0,0,0,0,0,0,0,0,1,3,4,19,48,113,283,610,1457,3132,6120,11730,21468,37367,61130,96642,145869,211901,292580,387870,493076,599879,700361,785550,1710663,853784,808108,733773,636079,529345,422977,322973,235468,165242,110977,70860,42884,25212,13677,7489,3670,1717,722,367,130,50,17,6,4,1,0,0,0,0,0,0,0,0,1,0
0,0,0,0,0,0,0,0,0,0,0,0,1,3,4,14,48,107,281,630,1443,3016,6257,11710,21308,36979,60987,96399,145631,211560,291841,387045,493089,599236,699649,785026,1710029,855207,807586,733781,637181,530529,423610,322255,236887,166125,110851,70769,43110,25185,14004,7261,3710,1754,741,352,132,61,12,8,3,0,1,0,0,0,0,0,0,0,1,0
0,0,0,0,0,0,0,0,0,0,0,1,0,2,4,15,44,112,294,604,1410,3032,6243,11665,21395,36545,61061,96180,145368,210734,291163,387572,491401,599067,699315,784812,1708601,855073,809910,733351,638379,530895,423122,323883,236837,166767,110876,70899,43318,25359,14046,7284,3693,1724,811,324,132,61,16,6,1,0,0,1,0,0,0,0,0,0,1,0
0,0,0,0,0,0,0,0,0,0,0,0,1,1,6,13,41,110,283,647,1373,3059,6103,11797,21234,36664,60238,96100,145656,210278,290794,386392,491004,598215,698940,783138,1710155,855053,808405,735446,638270,532036,424760,323338,237394,166844,111163,71337,43560,25241,14131,7403,3722,1716,782,347,143,51,15,7,1,0,0,1,0,0,0,0,0,0,1,0
0,0,0,0,0,0,0,0,0,0,0,0,0,1,4,13,50,109,270,651,1380,3034,6185,11658,21018,36514,60130,95710,145550,209277,290608,385556,490592,596768,699025,783469,1708216,857045,808413,736494,638282,532695,424964,324792,237467,166650,111955,71430,43748,25152,14226,7410,3771,1747,826,336,137,57,16,6,0,0,1,0,0,0,0,0,0,0,1,0
0,0,0,0,0,0,0,0,0,0,0,0,0,2,3,11,56,117,261,655,1406,2981,6101,11651,20874,36454,60153,95425,144996,208990,289281,385418,489348,597502,698289,782661,1709060,855387,809724,736078,640743,531778,425762,325066,238625,167321,111825,71555,43829,25270,14270,7547,3742,1848,801,323,141,49,22,6,0,0,1,0,0,0,0,0,0,0,1,0
0,0,0,0,0,0,0,0,0,0,0,0,0,1,4,16,44,118,294,600,1442,2974,6051,11531,20740,36280,60262,94983,144394,209064,288686,385086,487947,596650,697843,783556,1707714,855632,810756,736641,640573,533029,425356,325932,239359,167487,112351,71758,43997,25407,14319,7628,3688,1865,824,298,147,55,19,5,1,0,1,0,0,0,0,0,0,0,1,0
0,0,0,0,0,0,0,0,0,0,0,0,0,1,5,20,37,130,279,623,1423,2951,6131,11400,20820,36147,60296,94685,144061,208235,288328,383986,487931,596658,697731,782932,1707175,854634,811291,736644,641798,533844,425997,326327,239763,168109,112667,71752,44181,25431,14374,7637,3792,1829,808,312,152,55,21,3,1,0,1,0,0,0,0,0,0,0,1,0
0,0,0,0,0,0,0,0,0,0,0,0,0,1,6,14,42,113,288,638,1417,2968,6040,11366,20889,35889,59869,94926,143572,208278,287431,383003,487848,596709,696445,781927,1707579,854824,811217,736273,641844,535978,426466,326698,241052,168249,112643,71890,44379,25588,14385,7610,3895,1779,821,324,150,59,20,5,0,0,1,0,0,0,0,0,0,0,1,0
0,0,0,0,0,0,0,0,0,0,0,0,0,1,4,16,35,105,283,679,1375,3003,5973,11300,20778,35913,59560,94788,143286,206927,288109,382100,487452,595167,695997,781992,1707043,855078,811505,736818,643247,535670,427347,327871,240460,169037,113338,72221,43892,25895,14369,7637,3959,1811,796,339,146,60,19,6,0,1,0,0,0,0,0,0,0,0,1,0
0,0,0,0,0,0,0,0,0,0,0,0,0,1,4,13,37,112,282,632,1373,3054,5891,11513,20365,35980,59112,94542,143273,206548,286887,381874,486818,594915,695286,781874,1705642,857287,810637,737229,643437,536540,428746,328164,240811,169065,113973,72270,44085,25857,14413,7643,3992,1864,793,344,148,56,19,5,1,1,0,0,0,0,0,0,0,0,1,0
0,0,0,0,0,0,0,0,0,0,0,0,0,0,4,13,36,126,257,636,1401,2941,5943,11374,20532,35781,59042,94135,143253,205907,285876,381748,486719,593516,694449,781756,1705024,856765,812696,737949,642971,537555,429289,328609,241273,169746,114013,72586,44102,25917,14428,7810,3893,1944,842,315,157,58,14,5,2,0,0,0,0,0,0,0,0,0,1,0
0,0,0,0,0,0,0,0,0,0,0,0,0,0,3,15,40,112,243,648,1398,2981,5884,11243,20582,35732,59273,93605,142115,206737,284723,381339,485671,593361,694358,780719,1704729,856386,814074,738721,642767,537813,430092,329476,241328,170450,114095,73133,44079,25836,14460,7908,3941,1906,867,339,145,56,19,5,1,0,0,0,0,0,0,0,0,0,1,0
0,0,0,0,0,0,0,0,0,0,0,0,0,0,3,15,50,114,255,624,1404,2928,5834,11292,20338,35769,58936,93212,142457,205726,285027,380573,485152,591311,694702,779778,1704353,858437,813160,738974,643427,538620,431071,329886,241473,170206,115116,73112,44503,25854,14515,7925,3953,1868,880,352,139,56,21,6,1,0,0,0,0,0,0,0,0,0,1,0
0,0,0,0,0,0,0,0,0,0,0,0,0,0,5,12,45,115,275,573,1406,2904,5884,11153,20397,35388,58832,93251,141642,205724,284446,379814,484155,591823,694863,778722,1703455,857107,814515,739276,644475,539736,431529,329976,241941,171267,114772,73502,44593,26171,14446,7916,3945,1925,815,391,144,55,21,5,1,0,0,0,0,0,0,0,0,0,1,0
0,0,0,0,0,0,0,0,0,0,0,0,0,0,5,14,44,105,278,587,1357,2966,5783,11267,20241,35455,58667,92574,141062,204889,285423,378374,483585,591457,693937,778272,1704417,857106,813213,741086,645066,540019,431890,330723,242582,171110,115335,73787,44796,26267,14622,7674,4009,1929,850,349,152,54,21,8,1,0,0,0,0,0,0,0,0,0,1,0
0,0,0,0,0,0,0,0,0,0,0,0,0,0,2,19,43,90,288,591,1399,2925,5768,11269,20229,35240,58491,92663,140467,204467,283808,379084,482879,591069,692804,777934,1703278,857310,814461,741830,646306,539804,432488,330808,243321,172004,115175,74022,44935,26500,14457,7804,4011,1892,867,382,142,56,18,7,1,0,0,0,0,0,0,0,0,0,1,0
0,0,0,0,0,0,0,0,0,0,0,0,0,0,4,16,39,104,288,585,1364,2900,5837,11101,20133,35161,58343,92607,140445,203185,283338,378858,482444,589068,692720,778105,1703432,856873,815922,741348,646385,540840,433262,331821,243122,172674,115544,74081,45265,26254,14682,7825,4040,1915,877,378,146,51,18,6,2,0,0,0,0,0,0,0,0,0,1,0
0,0,0,0,0,0,0,0,0,0,0,0,0,1,3,20,38,101,266,624,1377,2876,5722,10991,20392,34775,58569,92016,140308,202870,282364,378416,481062,589219,691439,778549,1703111,858541,814288,742495,646988,541502,433053,332672,244352,172268,115612,74223,45806,26509,14690,7935,3938,1931,890,369,159,55,13,8,2,0,0,0,0,0,0,0,0,0,1,0
0,0,0,0,0,0,0,0,0,0,0,0,0,2,3,16,49,94,284,642,1311,2851,5770,11148,19894,34887,58079,92020,139316,203309,282174,376781,481231,588232,692186,776627,1704008,858484,815322,741945,647500,540960,434372,333477,245216,172423,115513,74895,45563,26683,14801,7988,3939,1876,946,346,175,48,14,6,1,1,0,0,0,0,0,0,0,0,1,0
0,0,0,0,0,0,0,0,0,0,0,0,0,1,5,15,46,105,272,602,1340,2848,5672,11171,19999,34883,57592,92003,139031,202216,282765,375170,481373,587661,691337,776621,1702451,858666,816297,743163,647014,542254,435024,334237,245063,173034,115925,74819,45847,26768,14635,8089,4002,1883,886,391,160,48,16,4,3,0,1,0,0,0,0,0,0,0,1,0
0,0,0,0,0,0,0,0,0,0,0,0,0,1,5,17,45,105,261,592,1342,2846,5673,10984,19933,34958,57337,91853,139081,202148,281582,374951,480499,587848,689818,775987,1702423,858635,816454,742812,649371,543356,435116,334147,245562,173143,116630,75031,45884,26620,14941,7947,4062,1901,889,395,144,54,17,5,2,0,1,0,0,0,0,0,0,0,1,0
0,0,0,0,0,0,0,0,0,0,0,0,0,1,6,13,47,116,245,613,1296,2837,5728,10851,20096,34639,57412,91249,138983,201887,280829,374781,479530,586175,689978,775137,1702332,858771,816910,742550,650463,544725,435565,334712,246831,173326,116171,75127,46289,26638,15059,8021,4038,1950,881,374,133,68,17,4,3,0,1,0,0,0,0,0,0,0,1,0
0,0,0,0,0,0,0,0,0,0,0,0,0,0,6,17,44,113,252,588,1338,2791,5648,10883,19999,34436,57178,91491,138510,201015,280431,373968,478963,587109,687345,775229,1702169,859560,816805,742694,651501,543839,437162,335856,247042,173772,116527,75270,46191,27074,15112,8016,4000,1961,870,392,142,75,15,5,3,0,1,0,0,0,0,0,0,0,1,0
0,0,0,0,0,0,0,0,0,0,0,0,0,2,5,18,42,105,250,600,1375,2716,5636,11015,19709,34432,57008,91106,138298,201412,278813,374285,477732,586058,687352,774882,1701031,859980,817792,742687,651455,545632,437376,336398,247713,173902,116974,75475,46135,27244,15243,7977,4048,1994,848,400,155,69,22,3,3,1,0,0,0,0,0,0,0,0,1,0
0,0,0,0,0,0,0,0,0,0,0,0,0,2,4,19,47,100,257,584,1370,2702,5657,10953,19704,34428,57001,90386,138015,200690,278665,373789,477872,584004,688391,774802,1700041,859928,817873,744025,651204,546129,438581,336200,248067,174713,117335,75472,46325,27098,15351,7995,4125,1990,863,385,166,73,18,6,1,2,0,0,0,0,0,0,0,0,1,0
0,0,0,0,0,0,0,0,0,0,0,0,0,1,6,16,49,99,266,570,1343,2755,5630,10930,19680,34252,56672,90172,138125,200334,278121,373114,477145,583995,685981,774757,1700884,860085,817981,744640,650977,545780,439966,337618,248563,174712,117886,75277,46548,27307,15471,8160,4008,1980,911,375,169,67,24,4,0,2,0,0,0,0,0,0,0,0,1,0
0,0,0,0,0,0,0,0,0,0,0,0,0,1,5,15,43,115,248,584,1301,2724,5777,10715,19579,33774,56882,90015,137600,199792,277836,372528,475855,583559,685705,774599,1700815,859859,817591,745881,650854,547189,440951,338436,248322,175334,117868,75847,46809,27278,15349,8104,4159,1915,972,392,131,65,27,6,1,1,0,0,0,0,0,0,0,0,1,0
0,0,0,0,0,0,0,0,0,0,0,0,0,2,2,13,42,100,266,593,1276,2792,5655,10670,19526,33792,56517,89667,137251,199914,278163,371247,474389,583481,685476,772956,1700231,860329,818630,746148,652020,547988,441072,338799,249071,175694,118220,75867,47072,27326,15319,8124,4122,2003,935,390,160,67,24,5,2,0,0,0,0,0,0,0,0,0,1,0
0,0,0,0,0,0,0,0,0,0,0,0,0,0,4,14,36,98,268,561,1336,2824,5600,10506,19352,33873,55955,89959,136962,198826,277888,371062,474045,582097,685468,773220,1699355,859234,819956,746305,654082,547005,442067,339923,249408,176355,117481,76668,46701,27587,15557,8063,4084,2047,906,424,148,68,24,4,2,0,0,0,0,0,0,0,0,0,1,0
0,0,0,0,0,0,0,0,0,0,0,0,0,0,5,13,37,100,246,604,1324,2763,5566,10703,19180,33673,56124,89421,136322,199122,277164,370355,474061,581123,684995,772377,1698425,860273,819227,748216,653353,548923,441736,340371,250866,175964,118588,76256,47063,27716,15300,8076,4181,1973,945,427,160,59,22,9,1,0,0,0,0,0,0,0,0,0,1,0
0,0,0,0,0,0,0,0,0,0,0,0,0,1,2,12,47,111,233,598,1301,2717,5510,10647,19192,33665,55753,89464,136128,198015,276331,370368,472893,580999,683954,772311,1699605,859626,819844,747445,654646,549653,442797,340359,250926,176585,119102,76485,47034,27625,15613,8014,4213,1966,942,428,162,52,22,8,4,0,0,0,0,0,0,0,0,0,1,0
0,0,0,0,0,0,0,0,0,0,0,0,1,1,1,17,38,107,245,573,1306,2730,5508,10482,19168,33762,55587,89269,135823,197242,275915,369437,472700,580091,683487,771072,1699519,860719,819377,747457,656237,550513,443974,340205,251079,177161,119189,76928,47333,27655,15517,8269,4085,2006,965,409,167,48,21,10,2,1,0,0,0,0,0,0,0,1,0,0
0,0,0,0,0,0,0,0,0,0,0,0,1,1,4,16,33,96,258,594,1269,2720,5458,10464,19263,33439,55681,89056,135125,197047,275819,368196,471910,579465,682886,771621,1698541,860616,819612,748368,656716,551877,443465,341533,251009,177741,119394,77296,47370,27934,15399,8347,4126,2009,940,448,162,51,18,10,3,1,0,0,0,0,0,0,0,1,0,0
0,0,0,0,0,0,0,0,0,0,0,0,1,1,5,13,37,89,260,599,1278,2725,5375,10499,19097,33351,55766,88309,135072,197371,274845,366737,470894,580629,681473,771706,1698643,859614,820136,749878,656706,552659,443718,342058,252020,177817,119579,77245,47510,28020,15528,8303,4224,2003,935,425,164,59,19,9,4,0,0,0,0,0,0,0,0,1,0,0
0,0,0,0,0,0,0,0,0,0,0,0,1,2,4,14,39,76,255,589,1290,2728,5429,10315,19024,33271,55648,88404,134786,196170,274532,365700,471404,578817,682598,769861,1698439,860172,821467,749997,656866,552914,444933,342224,252756,177680,119984,77276,47981,28053,15472,8445,4126,2072,912,402,193,59,15,9,3,1,0,0,0,0,0,0,0,1,0,0
0,0,0,0,0,0,0,0,0,0,0,0,1,1,5,12,36,84,246,561,1323,2768,5297,10234,19101,33122,55393,88169,134199,196013,274228,365561,469095,579090,681610,770365,1696995,861655,820926,750448,657968,554394,444443,343057,253014,178152,120404,77293,48186,27995,15693,8366,4247,2032,956,416,171,55,17,6,4,1,0,0,0,0,0,0,0,1,0,0
0,0,0,0,0,0,0,0,0,0,0,0,1,1,4,12,34,94,237,587,1294,2677,5265,10381,19038,32905,55185,87790,133926,195177,274313,364755,468768,579220,681520,768999,1696246,861197,822245,750141,659003,553850,446220,342809,253984,178809,120631,77528,48210,28270,15859,8321,4216,2077,941,414,165,64,15,6,3,1,0,0,0,0,0,0,0,1,0,0
0,0,0,0,0,0,0,0,0,0,0,0,1,0,8,11,28,82,242,602,1264,2690,5262,10464,18991,32680,54798,87564,133167,195225,272979,365178,467607,578856,681757,768546,1696048,859610,822640,752252,658778,554296,446937,344261,253428,179686,120994,77738,48156,28406,15862,8508,4177,2036,925,411,164,68,16,5,4,0,0,0,0,0,0,0,0,0,1,0
0,0,0,0,0,0,0,0,0,0,0,0,1,1,8,11,28,90,236,559,1318,2663,5302,10291,18983,32507,54966,86690,133407,194557,272139,364526,468417,577097,681140,768894,1693788,860828,823083,753612,658550,554552,447964,345088,254078,179829,121263,77947,48410,28464,15811,8392,4290,2058,898,420,156,67,21,6,2,0,0,0,0,0,0,0,0,0,1,0
0,0,0,0,0,0,0,0,0,0,0,0,1,5,3,11,26,90,231,568,1266,2667,5337,10254,18746,32743,54535,86874,132530,194896,271141,363762,468161,577196,679323,768092,1694346,860493,822795,754784,660164,555105,447765,345801,254485,180350,121479,78163,48436,28359,15946,8529,4322,2027,931,394,188,62,20,3,3,0,0,0,0,0,0,0,0,0,1,0
0,0,0,0,0,0,0,0,0,0,0,0,2,4,4,7,34,75,235,556,1298,2619,5349,10121,18710,32730,54079,86768,132973,193527,270990,364029,466144,577271,678319,767684,1694268,859791,824242,754144,661637,555428,448541,345592,255937,180600,121733,78441,48455,28515,16053,8465,4390,2040,928,395,187,68,25,3,2,0,0,0,0,0,0,0,0,0,1,0
0,0,0,0,0,0,0,0,0,0,0,0,1,4,3,11,28,97,234,551,1241,2649,5234,10199,18688,32549,53782,87103,131892,193575,270624,363725,466439,574457,677852,766820,1694521,861105,822812,755386,662665,556112,448365,346868,256767,180197,122030,79002,48532,28547,16209,8564,4310,2039,915,435,162,79,22,3,3,0,0,0,0,0,0,0,0,0,1,0
0,0,0,0,0,0,0,0,0,0,0,0,1,1,5,9,37,87,235,566,1170,2658,5354,10078,18663,32335,54085,86149,132222,193187,270269,363130,465458,573864,677442,766656,1694074,860972,823840,755346,662796,557015,448940,347519,256462,181297,122345,78898,48742,28579,16214,8721,4334,2045,911,437,171,58,22,8,1,0,0,0,0,0,0,0,0,0,1,0
0,0,0,0,0,0,0,0,0,0,0,0,1,1,5,12,34,93,225,515,1250,2542,5418,10117,18473,32387,53849,85957,131929,192939,269518,362936,464924,572920,676004,766274,1695044,861084,823346,755429,663907,557758,449246,348153,256838,182090,122526,79009,48902,28731,16278,8638,4420,2043,956,424,165,61,26,11,0,0,0,0,0,0,0,0,0,1,0,0
0,0,0,0,0,0,0,0,0,0,0,0,0,2,3,14,29,115,204,518,1223,2582,5309,10199,18461,32153,53712,86044,131306,192467,269429,361334,465385,571966,675352,764750,1695051,861893,823961,756835,663876,557572,450339,347960,258305,181690,123061,79227,49254,28743,16309,8612,4426,2096,981,402,169,52,30,7,0,0,0,0,0,0,0,0,0,1,0,0
0,0,0,0,0,0,0,0,0,0,0,0,1,1,4,11,31,107,215,530,1176,2565,5216,10341,18255,32097,53811,85718,130641,192473,269194,360527,464356,571032,675525,765465,1693958,860280,826072,755825,665232,557750,450934,349075,258839,182132,123063,79602,49268,28872,16379,8645,4457,2089,969,416,170,57,25,7,0,0,0,0,0,0,0,0,0,0,1,0
0,0,0,0,0,0,0,0,0,0,0,0,0,1,6,10,38,89,207,535,1198,2485,5257,10211,18387,31742,53596,85263,130941,191665,268991,359857,463354,571061,675082,763727,1694228,861609,825656,756459,664586,560110,451466,349147,258585,182677,123931,79447,49585,28921,16236,8890,4452,2077,956,413,178,68,16,11,1,0,0,0,0,0,0,0,0,0,1,0
0,0,0,0,0,0,0,0,0,0,0,0,0,2,3,13,32,84,221,539,1188,2442,5205,10161,18242,31907,52966,85246,130760,191572,268193,360020,461728,569729,675191,763481,1693524,862959,825492,757273,664513,560610,452636,349039,258804,183655,123698,80405,49433,29076,16392,8719,4477,2129,928,445,176,75,13,10,1,1,0,0,0,0,0,0,0,0,1,0
0,0,0,0,0,0,0,0,0,0,0,0,0,1,3,15,30,80,221,524,1209,2444,5161,10051,18430,31764,52646,84774,130541,191206,267573,359073,462326,568314,673715,764723,1692223,863403,826745,756136,666044,560792,453436,350101,259021,183597,123959,80966,49632,28936,16434,8843,4528,2120,953,451,160,71,22,9,1,1,0,0,0,0,0,0,0,0,1,0
0,0,0,0,0,0,0,0,0,0,0,0,0,2,3,9,26,88,228,560,1160,2446,5110,10022,18336,31316,52638,84955,129825,191066,266809,358984,461469,568094,672734,764121,1693292,862534,826320,756889,666025,561437,453780,351422,259979,183903,124124,81333,49574,29107,16466,8906,4455,2185,958,437,177,69,26,4,5,0,0,0,0,0,0,0,0,0,1,0
0,0,0,0,0,0,0,0,0,0,0,0,0,3,1,8,27,77,232,537,1208,2429,5009,9973,18201,31492,52592,84449,129677,190561,266115,358594,460482,568198,672465,762977,1692810,863252,825544,758407,666394,560961,455496,352270,260239,184006,124684,81261,49926,29181,16474,8903,4450,2203,935,432,152,88,26,3,4,0,0,0,0,0,0,0,0,0,1,0
0,0,0,0,0,0,0,0,0,0,0,0,1,2,3,8,22,76,240,510,1180,2458,5028,9899,18209,31207,52653,84386,129492,189904,265667,357928,459819,567812,670772,763456,1692039,862892,826545,758775,666380,562862,455677,352925,260136,184598,125311,81246,50062,29444,16472,8983,4469,2197,955,426,158,87,26,9,2,0,0,0,0,0,0,0,0,0,1,0
0,0,0,0,0,0,0,0,0,0,0,0,0,3,3,12,18,70,237,553,1168,2379,5064,9866,18053,31246,52360,84264,129538,189140,265631,356463,460390,566503,671376,761825,1690732,863897,826720,758260,667579,563892,456627,352587,261116,185683,125307,81004,50623,29395,16488,8986,4497,2192,949,427,165,88,21,9,2,0,0,0,0,0,0,0,0,0,1,0
0,0,0,0,0,0,0,0,0,0,0,0,1,4,0,14,18,85,220,550,1158,2469,5104,9569,18060,31390,51986,83930,129142,189104,265267,355956,459325,567376,669080,762537,1689579,863224,827388,759215,668672,564747,456401,352598,262569,185793,125458,81316,50543,29558,16762,8918,4462,2145,1025,391,177,86,24,10,2,0,0,0,0,0,0,0,0,0,1,0
0,0,0,0,0,0,0,0,0,0,0,1,0,3,4,10,17,82,213,536,1184,2436,5141,9525,17835,31416,51986,83862,128375,188843,264352,356084,458265,566184,670046,760197,1690661,862873,827756,759108,670137,564875,458223,353348,261989,186176,125519,81597,50673,29702,16850,8851,4589,2168,1003,419,178,69,33,11,3,0,0,0,0,0,0,0,0,0,1,0
0,0,0,0,0,0,0,0,0,0,0,0,1,1,3,9,24,71,244,528,1141,2552,4993,9638,17779,31182,51850,83566,128520,187836,264280,355146,457841,566154,668532,761115,1689289,863292,827117,759689,671913,564899,458066,354066,263411,185787,125848,82073,50974,29681,16937,8802,4667,2197,964,438,178,70,30,11,3,0,0,0,0,0,0,0,0,0,1,0
0,0,0,0,0,0,0,0,0,0,0,0,0,2,2,12,24,69,234,525,1216,2410,5067,9565,17619,31274,51519,83368,128353,187887,262964,355261,457356,565065,669397,758515,1689407,863758,824684,763202,671250,566729,457801,355581,263533,185732,126628,82078,50783,30193,16810,8962,4640,2243,967,440,177,58,35,10,3,0,0,0,0,0,0,0,0,0,1,0
0,0,0,0,0,0,0,0,0,0,0,0,1,1,2,12,16,88,220,528,1192,2515,5060,9543,17639,30668,51821,83257,127437,187718,263295,354290,456755,564547,667537,758301,1690091,861951,828260,761527,671315,568263,458246,356674,263711,186298,126501,82552,50904,30146,16865,9080,4706,2181,970,431,184,68,30,9,2,0,0,0,0,0,0,0,0,0,1,0
0,0,0,0,0,0,0,0,0,0,0,0,1,1,2,14,19,92,199,513,1192,2544,4941,9541,17573,30967,51413,82978,127652,186642,262707,354186,455319,564119,666430,758072,1690309,862707,828084,762908,670968,568421,459794,356680,264254,186617,126808,82665,51142,30057,17058,9178,4753,2172,994,411,207,65,31,6,2,0,0,0,0,0,0,0,0,0,1,0
0,0,0,0,0,0,0,0,0,0,0,0,0,2,2,12,26,91,220,502,1158,2556,4884,9621,17341,30910,51550,82711,126816,186736,262292,353570,455751,561275,667548,757365,1689291,863330,827704,763688,671631,568613,461368,356629,264485,187400,126896,83117,51397,30127,17018,9194,4645,2232,965,449,189,64,29,7,1,0,0,0,0,0,0,0,0,0,1,0
0,0,0,0,0,0,0,0,0,0,0,0,0,1,4,12,28,91,213,498,1169,2490,4969,9566,17503,30619,51235,82476,126785,185863,261707,353506,454480,562164,665646,757756,1688621,862776,828921,763074,674176,568403,460535,358394,264746,187555,128108,82627,51558,30136,17127,9267,4652,2229,957,463,197,71,28,6,0,0,0,0,0,0,0,0,0,0,1,0
0,0,0,0,0,0,0,0,0,0,0,0,0,2,2,10,35,79,224,527,1121,2458,4961,9545,17430,30448,51023,82411,126322,185771,261053,352271,454433,561108,666202,757226,1687785,863487,828591,764354,673958,569310,460472,359390,264760,188522,128211,82963,51613,30401,17032,9262,4642,2239,1004,455,185,76,29,5,0,0,0,0,0,0,0,0,0,0,1,0
0,0,0,0,0,0,0,0,0,0,0,0,1,1,2,12,27,72,220,519,1124,2494,4974,9502,17293,30467,50909,82419,125770,184936,260615,351297,453887,561402,665945,756145,1688385,862573,829350,764626,674008,570073,462047,358161,266305,189171,128116,83681,51271,30531,17214,9178,4728,2194,1031,445,184,74,25,3,1,0,0,0,0,0,0,0,0,0,1,0
0,0,0,0,0,0,0,0,0,0,0,0,1,2,1,11,27,77,202,527,1135,2400,4999,9431,17123,30358,51111,82125,125155,184699,260244,351150,452362,560776,666060,755897,1687186,863406,829021,765672,674848,570050,461769,359982,266183,189720,128639,83640,51405,30712,17293,9362,4728,2157,1059,394,210,60,34,4,1,0,0,0,0,0,0,0,0,0,1,0
0,0,0,0,0,0,0,0,0,0,0,0,1,2,2,10,25,89,205,523,1117,2452,4910,9468,17017,30009,51436,81473,125395,184068,259918,350164,452142,560397,664306,756473,1686246,863442,829773,765594,675542,570968,462480,360145,267372,189492,129432,83500,51778,30690,17332,9349,4703,2196,1014,472,183,70,27,5,1,0,0,0,0,0,0,0,0,0,1,0
0,0,0,0,0,0,0,0,0,0,0,0,2,1,3,5,24,96,215,494,1126,2413,4977,9412,17121,30055,50901,81341,124628,184046,259834,349085,452346,558411,664293,754845,1687050,863649,831715,765606,675091,571722,463822,359235,267941,190235,129622,83733,51937,30863,17465,9387,4697,2177,1035,445,210,72,15,8,1,1,0,0,0,0,0,0,0,0,1,0
0,0,0,0,0,0,0,0,0,0,0,0,2,1,3,4,39,94,201,504,1137,2346,4947,9427,17060,30246,50325,81329,124495,183860,258766,348220,451245,558840,664035,753820,1686608,864601,831118,765693,676121,572418,463680,360884,268039,190678,129623,84257,52197,30777,17530,9482,4750,2188,1044,482,189,73,20,7,2,0,1,0,0,0,0,0,0,0,1,0
0,0,0,0,0,0,0,0,0,0,0,1,1,2,3,8,35,89,204,481,1141,2340,4981,9260,17133,29940,50508,81106,124102,183067,258362,347278,451216,558109,662396,755034,1685701,865991,829905,765837,677752,572469,465025,361082,268168,191038,130125,84500,52316,30912,17566,9410,4766,2273,991,488,189,75,19,10,2,0,1,0,0,0,0,0,0,0,1,0
0,0,0,0,0,0,0,0,0,0,1,0,1,2,3,11,29,89,210,486,1124,2375,4838,9314,17101,29920,50328,80795,123870,183505,256624,347842,449591,557547,662447,753896,1685737,865233,830605,766753,678201,572863,465583,361779,269079,191656,129901,84652,52616,30993,17526,9444,4753,2265,1068,454,189,75,25,7,1,0,1,0,0,0,0,0,0,0,1,0
0,0,0,0,0,0,0,0,0,1,0,1,1,0,4,11,30,85,225,487,1105,2324,4895,9217,16951,29841,50449,80434,123880,182275,257124,346733,448773,558006,661555,753308,1685044,865426,830891,767203,678027,574067,465824,362857,269437,191747,130268,84863,52918,31147,17598,9580,4697,2272,1068,465,193,67,24,8,1,1,0,0,0,0,0,0,0,0,1,0
0,0,0,0,0,0,0,0,0,1,0,0,1,3,5,9,27,82,221,506,1060,2370,4807,9224,16965,29605,50147,80753,123446,181847,256721,346151,448249,556071,661984,753137,1684679,864474,831624,767624,678555,575231,466893,363053,270151,191690,130907,85055,52778,31173,17676,9466,4915,2234,1073,480,177,74,23,9,1,1,0,0,0,0,0,0,0,0,1,0
0,0,0,0,0,0,0,0,1,0,0,0,1,3,6,5,33,89,217,459,1108,2312,4819,9232,16842,29579,49985,80655,123546,180612,256256,346482,446801,555801,661376,752483,1684685,864012,832402,768766,678309,575559,467733,363466,270508,192682,130814,85166,53082,31152,17825,9607,4745,2341,1082,472,194,70,24,8,0,1,0,0,0,0,0,0,0,0,1,0
0,0,0,0,0,0,0,0,1,0,0,0,0,5,5,9,23,91,206,479,1130,2302,4671,9226,16860,29630,49791,80364,122928,181127,255500,344876,447237,555205,659527,753637,1683080,864742,832535,768747,679014,576921,468074,364053,270751,193288,131257,84924,53656,30923,18034,9551,4830,2373,1055,477,193,67,26,5,2,0,0,0,0,0,0,0,0,0,1,0
0,0,0,0,0,0,0,0,1,0,0,0,1,3,6,9,23,94,199,497,1071,2220,4801,9204,16892,29566,49383,80021,122459,180981,255295,344381,447256,553410,659308,753260,1682594,864631,832437,769560,679432,578065,468825,364697,270800,193486,131916,85548,52993,31588,17825,9469,4994,2350,1082,482,188,69,31,4,1,0,0,0,0,0,0,0,0,0,1,0
0,0,0,0,0,0,0,0,1,0,0,0,1,2,8,8,24,81,192,506,1062,2316,4698,9092,16750,29549,49606,79578,121843,181034,255214,344216,445147,554384,658025,751371,1683068,865078,832980,768257,682379,577066,469848,365604,270649,194487,132336,85662,52908,31682,17868,9667,4967,2349,1061,472,205,70,32,4,1,0,0,0,0,0,0,0,0,0,1,0
0,0,0,0,0,0,0,0,1,0,0,0,2,2,6,11,18,78,196,506,1049,2294,4679,9190,16562,29456,49412,79455,121767,180328,254034,344692,444372,553317,658521,750013,1682308,865874,832831,770221,681509,578053,470030,365973,272308,193900,132747,85850,53595,31470,17981,9642,4925,2391,1033,492,205,76,28,4,1,0,0,0,0,0,0,0,0,0,1,0
0,0,0,0,0,0,0,0,1,0,0,0,0,6,1,11,20,84,194,463,1072,2264,4667,9059,16411,29454,49552,79043,122084,179595,253548,343681,443393,553742,657706,750008,1681958,864792,833672,770430,682462,577916,471476,366639,272555,194220,132603,86562,53464,31604,18130,9602,5011,2372,1094,463,218,73,25,7,1,0,0,0,0,0,0,0,0,0,1,0
0,0,0,0,0,0,0,0,1,0,0,0,0,5,6,3,35,69,220,434,1050,2293,4591,8985,16428,29390,49373,78915,121318,179424,252487,343710,443935,551667,657752,749848,1680578,865252,834596,770783,681503,579911,471838,367484,272836,194731,132544,86705,53791,31749,18158,9823,4910,2425,1032,512,205,68,27,7,1,0,0,0,0,0,0,0,0,0,1,0
0,0,0,0,0,0,0,0,1,0,0,0,1,4,7,11,26,76,193,477,1036,2301,4552,8865,16504,29273,49110,78776,121233,179179,252631,341524,444050,550881,656702,749334,1680795,865634,833848,770919,683264,580554,471909,367742,273985,195200,133385,86466,53827,32045,18149,9690,4995,2338,1143,473,198,67,29,5,1,0,0,0,0,0,0,0,0,0,1,0
0,0,0,0,0,0,0,0,0,1,0,1,0,3,7,12,29,72,212,460,999,2301,4478,8885,16377,29348,48799,78727,120914,178276,252790,341594,442685,551540,655224,749340,1677967,866667,834020,771624,683789,581445,472322,368778,274598,195614,133244,86955,53933,32068,18172,9768,5026,2400,1166,479,190,85,20,3,0,1,0,0,0,0,0,0,0,0,1,0
0,0,0,0,0,0,0,0,0,0,1,1,0,2,7,15,27,79,205,463,992,2269,4570,8810,16458,29001,48678,78344,120580,178462,251657,342093,441968,549833,656256,747762,1678519,865564,835141,771617,685085,581110,472963,368995,275273,196006,133813,86994,54457,31953,18226,9702,5132,2369,1166,485,204,72,25,2,2,0,0,0,0,0,0,0,0,0,1,0
0,0,0,0,0,0,0,0,0,0,1,1,0,3,3,14,32,70,210,464,1025,2244,4517,8888,16315,28857,48418,78008,120330,178672,251438,340280,441342,549995,655002,747981,1677708,865641,835156,772361,684344,583487,473339,369597,275939,196769,134007,87023,54304,32225,18025,9853,5205,2380,1128,513,199,72,20,2,1,0,0,0,0,0,0,0,0,0,1,0
0,0,0,0,0,0,0,0,0,0,1,1,0,1,6,10,24,88,194,465,1055,2200,4459,8893,16238,28746,48443,77758,120130,177846,251265,339595,441187,549095,654751,747203,1677670,865075,835307,773445,685316,582943,474970,369714,275555,197445,134537,87599,54412,32290,18117,9888,5084,2422,1169,497,202,65,26,5,1,0,0,0,0,0,0,0,0,0,1,0
0,0,0,0,0,0,0,0,0,0,0,2,1,0,2,12,26,82,221,441,1032,2282,4434,8758,16247,28531,48321,77680,120117,176979,250991,339401,440798,547631,653756,747224,1677501,865038,835873,774921,685205,583558,474755,370316,276810,197370,134579,87886,54585,32317,18322,9877,5148,2430,1137,507,189,76,31,7,1,0,0,0,0,0,0,0,0,0,1,0
0,0,0,0,0,0,0,0,0,0,0,1,1,1,2,10,32,78,206,451,1027,2288,4491,8668,16135,28567,47858,77799,119565,177128,250014,339205,440420,547674,653267,746223,1675218,866133,836346,774162,687517,583792,474129,371309,277458,198154,134672,88292,54458,32648,18663,9813,5134,2449,1103,536,200,77,28,4,2,0,0,0,0,0,0,0,0,0,1,0
0,0,0,0,0,0,0,0,0,0,0,1,1,0,2,11,33,77,192,470,1044,2255,4480,8656,16010,28500,48070,77233,119458,176699,249693,338802,439999,546684,652837,745495,1674153,867410,835577,775482,687849,584498,474867,371118,278638,198051,135322,88345,54576,32744,18506,10010,5086,2480,1175,491,202,89,22,12,3,0,0,0,0,0,0,0,0,0,1,0
0,0,0,0,0,0,0,0,0,0,0,0,1,1,3,11,36,74,187,468,1055,2234,4579,8632,15974,28228,47577,77763,118844,176437,249490,337782,440255,545469,650631,745969,1675659,864619,838041,774988,688050,585352,476394,371840,278656,197993,135578,88385,55396,32598,18592,10016,5055,2522,1128,500,227,82,26,9,2,0,0,0,0,0,0,0,0,0,1,0
0,0,0,0,0,0,0,0,0,0,0,0,1,1,5,8,35,71,177,483,1025,2264,4459,8747,16026,28080,47640,76972,118804,176059,249364,337854,437447,545883,650762,744752,1675565,864883,838410,774819,689390,585614,476685,372844,278305,199140,135475,88891,55447,32770,18556,10028,5132,2496,1193,507,214,84,31,7,3,0,0,0,0,0,0,0,0,0,1,0
0,0,0,0,0,0,0,0,0,0,0,0,1,2,2,16,29,66,189,489,1079,2205,4434,8737,15852,28242,47596,76860,118238,175727,248857,337089,437033,544750,649915,745293,1674110,866446,838053,775192,690225,586328,477284,372578,279570,199272,136018,88816,55537,33006,18558,10068,5058,2571,1160,542,188,87,32,6,2,0,0,0,0,0,0,0,0,0,1,0
0,0,0,0,0,0,0,0,0,0,0,0,0,3,3,10,29,65,177,491,1109,2147,4421,8655,15881,28149,47544,77180,117739,175132,248223,336028,436648,544156,649862,743637,1674812,866041,838402,775664,689973,587824,478540,372966,278959,199974,137082,88856,55656,33060,18607,9965,5166,2544,1186,514,204,83,32,5,4,0,0,0,0,0,0,0,0,0,1,0
0,0,0,0,0,0,0,0,0,0,0,0,0,1,7,10,25,74,164,453,1130,2142,4481,8458,15820,28324,46949,77301,117905,174260,247600,336225,435086,543663,649108,742956,1675236,866966,837484,776612,690456,588122,479164,373680,279236,200397,137190,89161,55768,33280,18774,9985,5160,2571,1149,526,223,91,25,8,1,1,0,0,0,0,0,0,0,0,1,0
0,0,0,0,0,0,0,0,0,0,0,0,1,1,5,7,32,62,193,431,1099,2178,4413,8369,15926,27968,47116,76532,118138,173990,246854,335217,435627,541858,649357,742365,1675325,866330,838817,776375,690879,588360,480075,373723,280052,200845,137321,89767,55659,33407,18860,10093,5194,2558,1163,528,210,87,28,9,3,1,0,0,0,0,0,0,0,0,1,0
0,0,0,0,0,0,0,0,0,0,0,0,0,1,2,10,35,70,177,445,1026,2216,4330,8504,15964,27757,46767,76375,118061,173374,246448,335031,434367,542557,647324,741654,1675562,867375,837406,777001,692037,588408,480989,374906,280550,201252,137419,89795,56159,33132,18890,10121,5365,2491,1189,540,189,92,35,7,2,1,0,0,0,0,0,0,0,0,1,0
0,0,0,0,0,0,0,0,0,0,0,0,0,0,3,14,28,77,170,432,1008,2226,4338,8510,15661,27929,46669,75957,117669,173263,246333,334274,434018,540867,648626,739950,1675390,867563,837683,777099,692539,589344,481175,375763,280857,201857,137795,89819,56243,33275,18836,10245,5269,2583,1181,530,211,87,31,6,4,1,0,0,0,0,0,0,0,0,1,0
0,0,0,0,0,0,0,0,0,0,0,0,0,0,3,12,30,71,184,426,987,2175,4324,8554,15683,27545,46996,75823,117140,173142,245589,332975,434440,540188,645733,742816,1673967,867486,838072,777169,693160,589957,480397,377177,281821,202495,138138,90139,56214,33323,18757,10367,5284,2573,1201,542,202,88,27,13,3,0,0,0,0,0,0,0,0,0,1,0
0,0,0,0,0,0,0,0,0,0,0,0,0,0,2,9,33,63,186,431,996,2160,4354,8366,15626,27726,46625,75639,117041,173169,244959,332711,433152,539343,646311,740225,1674815,868048,837768,777768,693273,589552,482730,378083,281520,202684,138441,90623,56415,33458,18776,10323,5336,2612,1197,495,227,92,25,17,1,2,0,0,0,0,0,0,0,0,1,0
0,0,0,0,0,0,0,0,0,0,0,0,0,0,3,7,30,63,196,428,1004,2094,4283,8481,15410,27642,46639,75549,117099,172110,243832,333065,432674,538703,645205,740752,1673699,867209,839745,777657,693575,590189,483469,378053,282951,202203,139233,90277,56843,33804,18831,10314,5443,2564,1199,512,230,85,40,9,4,1,0,0,0,0,0,0,0,0,1,0
0,0,0,0,0,0,0,0,0,0,0,0,0,1,2,10,25,66,189,421,1019,2067,4330,8335,15526,27683,46672,74613,116832,172069,243215,331691,432890,539206,644044,739904,1672680,867584,839675,779238,692996,592130,483610,378326,283459,203053,139079,90779,56479,34050,18966,10451,5356,2608,1167,542,227,97,32,9,4,1,0,0,0,0,0,0,0,0,1,0
0,0,0,0,0,0,0,0,0,0,0,0,0,0,5,10,24,87,170,400,1030,2119,4221,8335,15480,27455,46562,74801,116456,171416,242833,331147,431769,538763,643503,739941,1672722,866800,839525,779714,694288,592633,483710,379213,283708,203705,139466,90869,56828,34098,19190,10361,5309,2625,1191,556,231,88,37,10,4,0,0,0,0,0,0,0,0,0,1,0
0,0,0,0,0,0,0,0,0,0,0,0,0,1,6,6,24,69,185,415,987,2132,4238,8230,15532,27233,46283,75185,115847,170260,243621,330548,430818,537827,643508,738711,1673821,866080,839719,779933,695515,592286,484374,379318,284267,204387,140195,91181,56791,33999,19306,10520,5282,2624,1244,553,200,91,41,13,2,0,0,0,0,0,0,0,0,0,1,0
0,0,0,0,0,0,0,0,0,0,0,0,0,1,3,11,30,55,188,423,971,2118,4191,8267,15446,27284,45953,74799,115979,170108,243018,329852,430376,537570,643447,737979,1672225,866338,838862,781843,695222,593092,485146,379922,284700,205219,140438,91226,57085,33986,19410,10520,5297,2678,1231,537,224,90,33,14,1,0,0,0,0,0,0,0,0,0,1,0
0,0,0,0,0,0,0,0,0,0,0,0,0,2,1,13,27,66,176,407,995,2078,4177,8282,15423,27044,46056,74583,115385,170356,241847,330074,429415,537201,642546,737763,1670502,867719,839421,780470,696843,594752,484829,380696,285716,204955,140186,91715,57299,34198,19531,10424,5419,2675,1226,559,209,98,36,11,2,0,0,0,0,0,0,0,0,0,1,0
0,0,0,0,0,0,0,0,0,0,0,0,0,1,3,10,29,70,164,442,948,2057,4057,8335,15334,27079,45877,74189,115263,170324,242051,328579,429297,535186,643345,737414,1669799,866797,841042,781217,696686,594734,485997,380900,286079,205127,141051,91573,57607,34611,19447,10336,5478,2731,1226,561,213,90,38,12,1,1,0,0,0,0,0,0,0,0,1,0
0,0,0,0,0,0,0,0,0,0,0,0,0,1,4,10,26,76,164,414,938,2105,4056,8236,15335,27107,45671,73798,115365,169744,241235,328134,428085,536479,641255,738048,1668793,867489,840945,782064,696341,594550,487597,382057,286083,205320,140753,92414,57660,34682,19620,10305,5554,2728,1281,540,210,86,38,9,2,0,1,0,0,0,0,0,0,0,1,0
0,0,0,0,0,0,0,0,0,0,0,0,0,1,2,16,23,73,180,379,917,2116,4058,8230,15280,26944,45530,73767,114762,169360,240999,328202,426892,535553,642816,736122,1668331,866392,842116,782226,696800,596402,487485,382154,287086,205390,141139,92256,58221,34626,19526,10642,5533,2678,1286,559,202,88,31,14,2,0,1,0,0,0,0,0,0,0,1,0
0,0,0,0,0,0,0,0,0,0,0,0,0,1,3,18,26,61,160,411,893,2051,4147,8176,15311,26575,45389,73550,114493,168745,240626,327874,427504,533933,641498,736324,1667666,866813,842182,781780,697560,598176,487856,382808,287250,205944,141194,92758,58147,34753,19681,10663,5497,2723,1265,576,221,83,24,16,1,1,1,0,0,0,0,0,0,0,1,0
0,0,0,0,0,0,0,0,0,0,0,0,0,4,1,11,26,67,161,403,912,2037,4164,8268,15003,26819,45171,73230,114165,168487,240077,326919,427001,534614,639958,736088,1666681,867925,841564,782069,698590,598236,488915,383671,287561,206298,141187,93011,58320,34703,19820,10860,5446,2722,1334,570,211,79,29,16,3,0,1,0,0,0,0,0,0,0,1,0
0,0,0,0,0,0,0,0,0,0,0,0,1,2,4,9,17,55,178,416,946,1983,4164,8096,15156,26753,45133,73277,113456,167984,239534,326608,426912,533030,640111,734671,1667625,867739,841520,782256,699099,598665,489792,383953,288838,206703,141180,92963,58536,34842,19917,10805,5534,2687,1337,583,213,76,29,14,5,1,0,0,0,0,0,0,0,0,1,0
0,0,0,0,0,0,0,0,0,0,0,0,2,1,4,7,21,57,188,416,893,2001,4186,8137,14989,26633,44931,73318,113038,167757,239500,325710,425116,533907,638203,735764,1666957,866898,842591,783285,698855,599153,490535,384293,289453,207172,141580,92987,58475,35199,19866,10875,5479,2731,1291,613,217,77,27,10,9,1,0,0,0,0,0,0,0,0,1,0
0,0,0,0,0,0,0,0,0,0,0,1,1,1,3,11,19,59,165,412,936,2023,4120,8046,14965,26617,45062,72941,112563,168145,238444,325403,425471,531969,639611,733229,1666660,867507,841777,783855,700621,598525,491664,385090,289264,207400,142338,93017,58859,35164,19955,10884,5704,2714,1272,576,219,76,31,10,8,1,0,0,0,0,0,0,0,0,1,0
0,0,0,0,0,0,0,0,0,0,0,1,1,1,5,12,14,66,160,401,945,1951,4140,8098,14871,26641,44735,72874,112469,167703,238355,325180,423829,532224,638667,733540,1664404,868997,840803,785961,700322,598616,492226,386437,289373,207502,142698,93341,59054,35117,20122,10972,5644,2765,1262,540,238,86,27,12,5,1,0,0,0,0,0,0,0,0,1,0
0,0,0,0,0,0,0,0,0,0,1,0,1,2,3,10,17,65,160,390,910,1952,4126,8102,14830,26579,44479,72635,112344,167111,238274,324088,424158,530748,639120,733008,1663568,868364,842188,785340,700576,599923,492294,387423,289592,208058,142966,93785,59236,35275,20151,10866,5777,2733,1285,551,221,74,33,10,5,1,0,0,0,0,0,0,0,0,1,0
0,0,0,0,0,0,0,0,0,0,0,1,1,1,5,5,24,57,171,386,900,1987,4041,7978,15055,26367,44421,72211,112108,167004,237829,322963,424723,530520,637072,733426,1663023,867590,842989,784867,701281,600800,492690,387666,291185,208503,142986,94175,59138,35560,20095,10882,5799,2748,1294,506,236,94,26,12,6,1,0,0,0,0,0,0,0,0,1,0
0,0,0,0,0,0,0,0,0,0,0,1,1,1,4,5,28,46,176,376,889,1970,4069,7984,14825,26194,44613,71911,111912,166398,237703,322240,423997,530585,636506,732280,1662483,868796,842263,784739,702444,601417,493293,388155,291487,209084,143718,94195,59242,35600,20116,10898,5885,2742,1252,524,218,92,33,11,5,2,0,0,0,0,0,0,0,0,1,0
0,0,0,0,0,0,0,0,0,0,0,0,2,1,3,10,20,51,177,355,895,1978,4018,8000,14742,26073,44378,71924,111564,166280,236863,322376,422035,530786,636508,730649,1663397,867655,842950,785859,702196,602314,494201,388212,291281,210173,144076,94584,59415,35553,20220,10929,5777,2796,1268,518,203,90,36,12,4,1,0,0,0,0,0,0,0,0,1,0
0,0,0,0,0,0,0,0,0,0,0,0,2,2,1,8,23,63,150,379,900,1940,4050,7932,14764,26089,44150,71705,111768,165118,237058,321861,421555,529497,635500,730802,1663393,866885,844318,786216,702206,602751,494343,388936,291948,210167,144660,94884,59726,35721,20096,11092,5768,2798,1309,529,206,84,32,19,3,1,0,0,0,0,0,0,0,0,1,0
0,0,0,0,0,0,0,0,0,0,0,1,1,3,0,10,22,58,168,383,864,1940,4034,7917,14557,26163,44169,71703,111205,165193,235775,321455,422300,527719,634722,729983,1664137,867396,842534,787381,703033,603033,494532,389522,293281,210413,144788,95476,59548,35862,20316,11096,5699,2846,1291,542,194,86,37,12,7,0,1,0,0,0,0,0,0,0,1,0
0,0,0,0,0,0,0,0,0,0,0,1,1,1,2,7,28,61,144,391,849,1989,3981,7860,14540,26135,43917,71457,111142,164797,235261,321212,420503,528728,633685,730173,1662050,867388,843848,787614,703280,604133,495733,389214,293939,210908,145140,95351,59782,35930,20328,11112,5793,2847,1284,520,213,77,41,9,6,2,1,0,0,0,0,0,0,0,1,0
0,0,0,0,0,0,0,0,0,0,0,0,2,1,2,8,21,64,151,389,878,1909,4026,7799,14535,26002,44021,71114,110735,164949,234671,320865,419169,528513,633022,729848,1661077,867624,845114,787879,703805,603568,497345,389269,294148,211511,145529,95452,59782,36165,20515,11102,5796,2840,1324,529,209,70,45,9,4,3,0,0,0,0,0,0,0,0,1,0
0,0,0,0,0,0,0,0,0,0,0,0,1,2,6,4,22,65,138,381,919,1882,3982,7779,14467,25773,44357,70738,110341,164862,234123,320281,419578,526655,632538,730168,1660360,866632,846300,787396,705115,604395,497130,390258,294762,211688,145533,95768,60462,35935,20421,11387,5689,2889,1324,556,208,70,43,19,5,0,1,0,0,0,0,0,0,0,1,0
0,0,0,0,0,0,0,0,0,0,0,0,1,2,3,7,18,69,153,397,835,1960,3864,7803,14351,25834,43962,71009,110130,164491,233294,320253,418761,526436,632200,728867,1660643,867160,844570,788270,705455,605133,498052,391134,294825,211981,146229,95943,60342,36182,20741,11113,5860,2789,1364,567,209,78,50,11,5,2,0,0,0,0,0,0,0,0,1,0
0,0,0,0,0,0,0,0,0,0,0,0,1,0,5,6,19,58,173,382,881,1938,3883,7576,14495,25756,43627,70756,110236,163398,233409,319773,418518,524842,632924,728878,1659157,868032,844394,787486,706636,606617,498125,391940,295142,212373,146197,96275,60254,36380,20667,11296,5761,2873,1360,551,213,88,40,12,4,1,0,0,0,0,0,0,0,0,1,0
0,0,0,0,0,0,0,0,0,0,0,1,0,1,4,5,19,62,156,404,854,1914,3918,7582,14320,25686,43539,70664,109828,163270,232449,319608,417944,524201,632271,729485,1657717,867685,844051,789615,706701,606318,498825,392965,295520,213373,145856,96478,60770,36354,20642,11466,5731,2876,1341,590,213,88,33,12,2,1,0,0,0,0,0,0,0,0,1,0
0,0,0,0,0,0,0,0,0,0,0,0,1,1,4,6,18,56,155,399,864,1925,3848,7574,14378,25669,43166,70579,109782,162777,232353,318713,417580,524486,631094,729005,1657587,865710,845764,790791,706439,606996,498415,393935,296801,212856,146494,96437,60988,36470,20808,11517,5916,2793,1342,570,214,82,35,12,2,1,0,0,0,0,0,0,0,0,1,0
0,0,0,0,0,0,0,0,0,0,0,0,1,1,2,7,26,65,124,395,875,1922,3850,7525,14345,25426,43076,70426,109098,163046,232195,317892,416679,524106,631086,727695,1657030,866315,845798,790491,707960,607299,499660,393883,296772,213323,146954,97125,61117,36232,21224,11298,5930,2911,1279,573,246,77,31,11,5,1,0,0,0,0,0,0,0,0,1,0
0,0,0,0,0,0,0,0,0,0,0,0,1,2,2,8,24,62,135,376,893,1921,3820,7558,14374,25309,42777,70232,109161,162877,231700,316633,417045,523413,630231,727263,1656327,866697,845854,790524,707568,608373,501193,394045,296984,214461,146781,97360,61162,36633,21000,11506,5961,2922,1286,586,240,82,29,12,3,1,1,0,0,0,0,0,0,0,1,0
0,0,0,0,0,0,0,0,0,0,0,0,1,3,2,8,17,72,134,400,865,1908,3866,7541,14217,25313,42964,69673,109227,162198,230865,316320,415977,524333,629154,726219,1656300,866843,845853,790066,708841,609426,501405,394920,297285,214641,147148,97492,61347,36778,21092,11476,5993,2956,1339,567,236,83,29,10,3,0,2,0,0,0,0,0,0,0,1,0
0,0,0,0,0,0,0,0,0,0,0,1,0,2,2,12,16,68,149,378,877,1900,3873,7459,14227,25190,42855,69385,109057,161834,230587,316485,414662,523633,629880,724326,1655522,867965,844843,791018,710277,609622,501693,394835,298510,214019,148394,97544,61324,37028,21201,11485,5996,2945,1388,570,233,98,24,12,2,1,1,0,0,0,0,0,0,0,1,0
0,0,0,0,0,0,0,0,0,0,1,0,0,1,4,10,20,62,148,394,872,1829,3902,7562,13944,25115,42609,69778,108035,161873,230344,315839,414298,522479,628874,724738,1655581,867613,846431,790073,710989,610147,502021,394950,298757,215428,148455,97770,61182,37224,21254,11538,6023,2911,1385,567,246,89,34,5,2,1,1,0,0,0,0,0,0,0,1,0
0,0,0,0,0,0,0,0,0,0,1,0,0,1,5,7,17,74,145,390,868,1859,3883,7487,13910,24888,42854,69269,108302,161315,229665,315241,414551,521143,628573,724053,1655500,867375,845877,792178,710211,610773,503125,395206,299159,215771,148783,97987,61581,37261,21111,11736,6059,2922,1349,575,230,92,34,10,1,0,1,0,0,0,0,0,0,0,1,0
0,0,0,0,0,0,0,0,0,0,1,0,0,1,5,7,25,65,153,378,866,1911,3787,7486,13849,24768,42611,69687,107599,160739,229704,314358,413677,521960,626184,725366,1654278,866652,847743,790676,711553,611616,502376,396841,299725,215696,149298,98439,62008,37338,20960,11740,6065,2907,1335,613,220,97,34,8,2,0,1,0,0,0,0,0,0,0,1,0
0,0,0,0,0,0,0,0,0,0,1,0,0,1,4,9,22,68,149,387,855,1886,3775,7509,13841,24677,42419,69152,107707,160863,229582,313203,413236,520618,626204,724625,1653663,867327,847714,791805,711862,611710,502521,397356,300139,216662,149248,98694,62302,37245,21458,11515,6103,2985,1350,595,229,88,35,6,1,1,1,0,0,0,0,0,0,0,1,0
0,0,0,0,0,0,0,0,0,0,0,1,0,1,5,10,27,57,152,372,862,1863,3877,7452,13690,24831,42263,69019,107542,160191,228689,313810,412416,519051,626442,723029,1654282,868229,845451,794136,710734,612962,503809,397448,301347,216655,149686,98547,62600,37285,21468,11608,6193,2987,1390,574,226,93,36,7,1,2,0,0,0,0,0,0,0,0,1,0
0,0,0,0,0,0,0,0,0,0,0,0,1,0,5,16,18,60,161,383,864,1857,3839,7308,13844,24620,42212,68498,107747,159679,228903,312798,411512,519662,624787,723069,1653806,867201,847131,792845,713048,612689,504323,398891,300079,217849,150141,99044,62481,37493,21356,11691,6135,2997,1382,614,232,86,40,8,0,2,1,0,0,0,0,0,0,0,1,0
0,0,0,0,0,0,0,0,0,0,0,0,0,1,5,13,29,63,149,404,798,1872,3805,7429,13709,24567,42014,68244,107264,159489,228586,313049,410473,517774,625330,722843,1652629,867586,846864,794175,713292,613006,505547,398140,301351,218213,150436,99431,62493,37646,21386,11778,6120,3007,1418,619,220,88,38,11,1,2,1,0,0,0,0,0,0,0,1,0
0,0,0,0,0,0,0,0,0,0,0,0,0,1,4,11,27,63,148,391,845,1806,3803,7398,13678,24451,41955,68249,106573,159653,227636,311980,410638,518264,623244,722703,1652275,867307,847560,794357,713575,613702,505994,399293,301768,218274,150914,99260,62985,37811,21451,11731,6165,3096,1375,608,250,93,25,13,1,4,0,0,0,0,0,0,0,0,1,0
0,0,0,0,0,0,0,0,0,0,0,0,0,2,2,13,28,57,157,386,829,1790,3822,7289,13671,24547,41584,68348,106037,159626,227101,311974,410275,516069,624180,721614,1651807,867461,847836,793928,714472,613580,507483,399422,302567,218684,151259,99700,62784,38003,21510,11914,6177,3031,1375,614,261,90,35,9,0,5,0,0,0,0,0,0,0,0,1,0
0,0,0,0,0,0,0,0,0,0,0,0,2,0,3,7,30,60,144,393,855,1803,3763,7217,13695,24399,41680,67896,106382,158182,227929,311355,408974,516571,622911,720975,1650725,867923,847657,794503,714211,615810,507679,400489,302803,218705,151703,99875,63114,37946,21383,11968,6246,2998,1456,576,271,101,27,8,4,1,0,0,0,0,0,0,0,0,1,0
0,0,0,0,0,0,0,0,0,0,0,0,1,1,1,6,27,63,160,377,832,1811,3671,7309,13594,24345,41410,67566,106089,158685,227266,310238,409638,514638,622815,721404,1650971,865854,848501,794610,714899,616379,508550,400130,303662,219323,151906,100001,63423,37997,21639,11883,6282,2999,1440,613,253,98,37,5,4,2,0,0,0,0,0,0,0,0,1,0
0,0,0,0,0,0,0,0,0,0,0,0,1,1,1,8,20,58,180,361,820,1819,3692,7242,13519,24327,41151,67861,105436,158685,226135,310915,408253,514449,621793,722131,1649180,866767,848212,794775,715477,617130,508752,401460,303023,219890,152431,100556,63477,38021,21853,11824,6170,3093,1416,643,273,89,26,8,3,1,0,0,0,0,0,0,0,0,1,0
0,0,0,0,0,0,0,0,0,0,0,0,1,0,3,8,22,61,156,400,806,1790,3691,7119,13782,23914,41427,67457,105612,157739,226001,310370,407807,513742,622636,719282,1649617,866027,848498,796085,715866,616997,509654,401947,303734,220300,152733,100734,63797,38125,21954,11758,6268,3008,1436,655,250,97,26,11,4,1,0,0,0,0,0,0,0,0,1,0
0,0,0,0,0,0,0,0,0,0,0,0,1,0,3,8,28,63,148,372,821,1772,3711,7137,13622,24071,41003,67402,105663,157305,225512,309920,406757,514825,620681,719716,1646978,868144,847981,796485,717580,616840,509933,402448,304286,220701,152655,100968,63995,38435,21798,11848,6258,3026,1469,640,264,92,33,5,3,2,0,0,0,0,0,0,0,0,1,0
0,0,0,0,0,0,0,0,0,0,0,0,0,1,2,10,23,60,144,387,796,1765,3642,7173,13458,24028,41060,67093,105319,156957,225236,309347,406917,513992,619906,718215,1648496,867222,848525,797162,716678,617958,510024,403387,304979,220513,152912,101610,64358,38436,21889,11927,6222,3029,1476,690,244,94,36,6,2,2,0,0,0,0,0,0,0,0,1,0
0,0,0,0,0,0,0,0,0,0,0,0,0,1,1,9,21,63,167,347,787,1779,3662,7091,13368,24094,40924,66900,104906,157062,224694,308683,406579,513032,619822,717639,1648788,866275,848178,797688,717831,618460,511170,403397,305732,220416,153122,102031,64435,38521,21948,12022,6181,3015,1491,675,257,101,34,5,3,1,0,0,0,0,0,0,0,0,1,0
0,0,0,0,0,0,0,0,0,0,0,0,0,1,1,10,24,62,146,360,816,1736,3628,7095,13265,24241,40913,66833,104079,157135,225056,306958,406308,512229,618897,717396,1647737,867576,848719,797491,718488,618599,512339,404158,305838,220662,153586,101674,64787,38675,22132,11891,6207,3096,1488,658,270,97,44,3,4,0,0,0,0,0,0,0,0,0,1,0
0,0,0,0,0,0,0,0,0,0,0,0,0,1,2,12,20,60,151,354,796,1730,3671,7067,13149,24036,40684,66451,104580,156765,224152,307851,405009,510679,619346,718085,1645738,868200,849729,797797,717186,620768,511362,404884,306087,221747,153636,101601,65001,38916,22133,11980,6277,3157,1492,653,263,109,31,7,3,0,0,0,0,0,0,0,0,0,1,0
0,0,0,0,0,0,0,0,0,0,0,0,1,0,1,11,19,57,151,338,810,1757,3649,6985,13215,23746,40834,66389,104167,156602,223690,307142,404446,510275,618336,718023,1645511,868200,850000,798196,717544,619746,512934,405308,307336,221825,153932,102096,64780,39205,22006,12233,6165,3162,1522,664,264,88,30,13,4,0,0,0,0,0,0,0,0,0,1,0
0,0,0,0,0,0,0,0,0,0,0,0,0,1,1,11,18,59,150,345,827,1708,3643,6963,13058,23785,40461,66709,104033,156024,223141,307011,404277,509743,617137,718113,1643685,868115,850570,799152,718527,621011,511928,405963,307236,223537,153368,102681,64811,39293,22173,12199,6151,3190,1518,663,279,97,27,13,3,0,0,0,0,0,0,0,0,0,1,0
0,0,0,0,0,0,0,0,0,0,0,0,0,1,3,7,16,59,147,361,807,1737,3522,7118,12897,23668,40806,66115,103841,155563,223273,306974,402497,509465,616850,717509,1643803,867445,850797,798399,720112,621020,513439,405621,308675,222916,154584,102460,65112,39226,22390,12125,6258,3222,1485,660,281,97,31,11,3,0,0,0,0,0,0,0,0,0,1,0
0,0,0,0,0,0,0,0,0,0,0,0,0,0,4,5,19,62,143,367,811,1715,3572,6904,13120,23549,40679,66113,103276,155930,222480,305498,402828,508821,617511,715408,1642670,868413,851208,799948,719777,620618,514385,406974,308598,222764,155422,102625,65082,39455,22492,11980,6414,3183,1480,676,268,115,31,11,3,1,0,0,0,0,0,0,0,0,1,0
0,0,0,0,0,0,0,0,0,0,0,0,0,0,3,8,20,51,151,346,817,1716,3594,6833,13297,23554,40563,65618,103412,154905,222426,305104,401814,508196,616740,715420,1642205,868698,851395,800210,720707,621199,514439,407454,309111,223304,155538,103176,65334,39169,22441,12185,6488,3218,1441,660,286,113,37,9,2,1,0,0,0,0,0,0,0,0,1,0
0,0,0,0,0,0,0,0,0,0,0,0,0,0,1,9,16,60,155,342,796,1743,3382,7055,13254,23381,40470,65760,103353,154116,222014,304152,402999,506628,615237,715375,1642823,867653,851818,800568,720820,622463,514353,409105,308128,224440,155987,103321,65356,39264,22433,12391,6407,3212,1424,666,314,111,42,8,3,0,0,0,0,0,0,0,0,0,1,0
0,0,0,0,0,0,0,0,0,0,0,0,0,1,2,9,19,54,162,339,819,1678,3504,6907,13175,23497,40033,65547,103402,154462,221156,303612,401721,506597,614051,714100,1643596,868359,852246,799965,721761,622516,516377,408023,309173,224581,156144,103943,65314,39179,22814,12329,6453,3188,1490,656,284,121,36,9,4,0,0,0,0,0,0,0,0,0,1,0
0,0,0,0,0,0,0,0,0,0,0,0,0,1,2,10,17,45,155,347,807,1721,3406,7008,13066,23377,40156,65453,102488,154676,221360,303263,399873,506705,613769,713438,1642865,868985,852113,801533,721062,623291,516394,408602,310482,224347,156229,103908,65677,39411,22696,12441,6431,3172,1534,657,275,109,34,16,1,0,0,0,0,0,0,0,0,0,1,0
0,0,0,0,0,0,0,0,0,0,0,0,1,0,0,12,19,47,118,385,789,1713,3488,7050,12668,23439,40020,65547,102297,153950,221484,302546,400060,504972,613594,713513,1643640,866960,852476,800975,722427,624148,516317,410121,309851,225416,156732,103715,65967,39401,22678,12635,6430,3152,1556,668,272,97,45,15,1,1,0,0,0,0,0,0,0,0,1,0
0,0,0,0,0,0,0,0,0,0,0,0,1,0,0,11,16,59,135,337,805,1701,3541,6849,12897,23138,39915,65510,102580,153152,220590,302244,399689,505180,612296,712401,1642881,867599,851885,801969,723669,624117,517822,409422,310887,226119,156684,104210,65637,39745,22859,12546,6558,3134,1504,683,271,100,43,12,5,0,0,0,0,0,0,0,0,0,1,0
0,0,0,0,0,0,0,0,0,0,0,0,1,0,0,8,20,50,132,330,831,1623,3621,6844,12766,23213,39927,65172,102467,152989,219666,301850,398776,505595,611014,712466,1641244,869177,852002,801142,724270,626031,517165,410151,311871,225339,157933,104226,65638,40047,22899,12560,6519,3239,1434,725,273,100,42,15,3,2,0,0,0,0,0,0,0,0,1,0
0,0,0,0,0,0,0,0,0,0,0,1,0,0,1,5,23,42,145,342,773,1721,3491,6937,12809,22965,39960,65026,101752,153292,219014,301538,397627,504475,611890,711351,1641539,867519,853201,800488,725387,626232,517834,411634,311533,226444,157929,104383,66077,40041,22952,12583,6562,3324,1446,682,273,105,36,22,1,1,0,0,0,0,0,0,0,0,1,0
0,0,0,0,0,0,0,0,0,0,0,1,0,0,2,8,17,63,126,334,794,1685,3511,6893,12807,22988,39334,65272,101650,152840,219220,300209,396836,504374,611240,711450,1640643,867179,852891,801984,725562,626630,518629,411281,312631,226972,158133,104661,66283,40218,22858,12705,6609,3227,1533,692,273,101,42,13,4,0,0,0,0,0,0,0,0,0,1,0
0,0,0,0,0,0,0,0,0,0,0,1,0,0,5,4,17,54,134,337,792,1658,3519,6842,12744,22831,39593,64843,101449,152247,218608,300201,397172,503057,611282,709554,1640487,867478,852745,802104,726047,627477,519183,412362,312599,227798,157800,105406,66637,40185,22805,12749,6690,3293,1516,668,272,106,36,15,5,1,0,0,0,0,0,0,0,0,1,0
0,0,0,0,0,0,0,0,0,0,0,0,1,0,5,6,16,47,144,344,703,1724,3475,6811,12672,22936,39432,64664,101229,151934,218180,299919,397559,501778,610071,709803,1639819,867894,852334,802559,726120,627930,520558,412239,313852,227282,158494,105390,66929,40056,23107,12805,6645,3275,1544,683,278,104,35,17,3,3,0,0,0,0,0,0,0,0,1,0
0,0,0,0,0,0,0,0,0,0,0,0,0,1,3,5,21,37,155,337,727,1656,3547,6741,12775,22771,39122,64421,101357,151369,217545,300109,397377,501609,608295,709691,1638679,868402,851813,803223,726940,628434,520518,414011,313106,228650,158459,105782,66673,40207,23314,12892,6781,3202,1476,697,319,104,35,14,3,3,0,0,0,0,0,0,0,0,1,0
0,0,0,0,0,0,0,0,0,0,0,0,0,1,0,7,20,44,134,327,786,1659,3455,6837,12650,22682,39402,64226,100232,151505,216733,300388,395971,502786,606792,707871,1639384,868455,852088,803852,726395,628730,523088,413057,314253,228441,158928,105798,67114,40239,23588,12913,6697,3228,1471,710,304,118,29,12,5,3,0,0,0,0,0,0,0,0,1,0
0,0,0,0,0,0,0,0,0,0,0,0,0,0,2,7,22,41,135,350,789,1626,3418,6794,12677,22994,38887,64073,100225,150791,216908,299327,396104,501403,607417,707081,1638110,868321,852735,804358,726731,630112,522594,414038,314922,228621,159025,105744,67492,40474,23447,12904,6837,3197,1555,663,300,101,36,13,4,3,0,0,0,0,0,0,0,0,1,0
0,0,0,0,0,0,0,0,0,0,0,0,0,0,2,5,18,53,124,351,767,1630,3401,6746,12737,22714,39070,63850,99876,150721,216701,298651,395419,500830,607061,707256,1636452,868813,853565,804322,727174,628919,524008,415174,315377,228646,159635,105872,67480,40743,23514,13021,6792,3270,1525,685,275,98,43,15,4,3,0,0,0,0,0,0,0,0,1,0
0,0,0,0,0,0,0,0,0,0,0,0,0,0,2,3,20,48,136,379,708,1670,3399,6675,12591,22715,38976,63988,99630,149980,216292,298460,394802,499911,606586,707161,1636657,868017,854443,804585,726259,630222,524246,415396,316600,228674,159831,106254,67680,41107,23545,12995,6793,3385,1432,726,265,101,39,16,6,2,0,0,0,0,0,0,0,0,1,0
0,0,0,0,0,0,0,0,0,0,0,0,0,0,2,9,13,44,137,347,760,1667,3364,6673,12584,22686,38662,63799,99623,149951,215691,297772,394141,500234,605688,707031,1636188,867797,854594,804588,726655,630947,523926,416817,316178,230237,159785,106330,67902,41114,23710,12971,6890,3246,1528,689,278,107,30,16,5,2,0,0,0,0,0,0,0,0,1,0
0,0,0,0,0,0,0,0,0,0,0,0,0,0,2,6,18,41,141,340,751,1654,3373,6702,12602,22546,38701,63310,99406,149939,215141,297654,393923,498401,606222,706136,1635458,867783,854440,805148,727971,630833,525049,416361,316618,231180,160221,106601,67946,41310,23719,13000,6755,3325,1530,714,284,92,35,19,5,2,0,0,0,0,0,0,0,0,1,0
0,0,0,0,0,0,0,0,0,0,0,0,0,0,2,4,24,43,137,321,757,1646,3385,6749,12371,22722,38699,63259,99022,149458,214613,297257,392783,498810,605234,706581,1634635,866897,854557,805306,728325,632443,525440,416590,317496,231184,160851,107087,68011,41155,23720,12951,6868,3291,1580,700,272,109,34,20,7,2,0,0,0,0,0,0,0,0,1,0
0,0,0,0,0,0,0,0,0,0,0,0,0,0,2,8,18,53,128,338,767,1593,3395,6583,12603,22397,38733,63159,98583,148910,214419,296765,393336,497709,604662,705628,1633122,868266,854039,806055,730540,631631,525149,418061,318050,231131,160990,107490,67978,41383,23790,13063,6811,3364,1585,672,272,109,39,24,4,1,0,0,0,0,0,0,0,0,1,0
0,0,0,0,0,0,0,0,0,0,0,0,0,0,6,5,16,57,137,315,752,1601,3395,6666,12303,22508,38615,62891,99222,147986,214355,296283,392078,497959,603687,705617,1632799,866245,855967,807585,728533,633002,526952,417293,318632,231821,160997,107525,68198,41613,23739,13064,6891,3373,1592,687,263,110,48,19,6,0,0,0,0,0,0,0,0,0,1,0
0,0,0,0,0,0,0,0,0,0,0,0,0,2,3,4,17,40,139,356,747,1567,3433,6624,12341,22338,38399,63007,98954,148083,213025,295835,391647,496962,605316,703594,1631555,867514,855050,807765,730169,633088,527876,417900,318744,231898,161546,107992,68170,41674,24016,12924,6995,3406,1545,712,270,98,44,19,4,1,0,0,0,0,0,0,0,0,1,0
0,0,0,0,0,0,0,0,0,0,0,0,0,3,3,4,17,49,130,332,751,1595,3344,6533,12352,22366,38172,62727,99089,148165,213001,294933,390598,496542,604051,704527,1631366,866019,856340,807733,730016,634604,527389,418609,318948,232441,161874,108491,68447,41710,23829,13189,6986,3428,1521,715,294,113,39,16,5,2,0,0,0,0,0,0,0,0,1,0
0,0,0,0,0,0,0,0,0,0,0,0,1,0,5,6,16,52,148,297,731,1616,3288,6547,12262,22344,37983,62791,98347,147833,213657,294314,389168,495927,604402,703606,1631186,866846,855167,807641,731960,634556,527444,419417,319073,233290,162274,108254,69171,41364,24111,13157,7012,3412,1590,672,296,110,40,15,7,2,0,0,0,0,0,0,0,0,1,0
0,0,0,0,0,0,0,0,0,0,0,0,0,1,5,9,21,50,151,283,740,1556,3313,6453,12372,22048,38085,62681,97745,147953,213375,294170,388904,494748,602792,703828,1630175,867368,855123,808396,731852,636338,527340,419759,319892,233231,162724,108485,69105,41825,24217,13186,6942,3439,1565,684,312,107,37,16,6,1,0,0,0,0,0,0,0,0,1,0
0,0,0,0,0,0,0,0,0,0,0,0,0,1,4,10,12,57,135,296,717,1605,3250,6440,12337,22163,37895,61996,98176,147312,212809,293512,388945,494528,602608,702567,1629356,867317,855649,808321,733429,636163,527309,420585,320563,234127,162262,109055,69319,41731,24552,13180,6941,3408,1588,719,292,96,49,16,5,1,0,0,0,0,0,0,0,0,1,0
0,0,0,0,0,0,0,0,0,0,0,0,0,3,2,7,17,45,140,342,701,1533,3270,6427,12253,22151,37782,62112,97742,147378,211871,293526,388009,493486,601384,703355,1628670,867606,855412,808918,734560,635793,527961,421192,321388,234266,162725,109134,69284,42050,24454,13331,6924,3432,1620,707,278,102,40,18,5,1,1,0,0,0,0,0,0,0,1,0
0,0,0,0,0,0,0,0,0,0,0,0,0,2,2,9,14,43,149,316,705,1591,3179,6396,12443,21956,37465,61935,97739,147245,211499,293286,387372,493594,599444,702092,1629149,867541,854932,809774,734194,637228,528855,421301,322304,234031,163573,109707,68956,42543,24373,13417,6757,3542,1608,689,300,90,47,16,3,1,1,0,0,0,0,0,0,0,1,0
0,0,0,0,0,0,0,0,0,0,0,0,0,2,2,7,19,47,135,323,715,1549,3198,6425,12200,22148,37477,61285,98033,146736,211381,291917,388021,492267,599602,701065,1628313,868048,854778,809932,734297,637822,529454,422592,321922,235154,164151,109381,69727,42152,24649,13209,7019,3460,1669,672,275,112,43,18,3,2,0,0,0,0,0,0,0,0,1,0
0,0,0,0,0,0,0,0,0,0,0,0,0,1,3,7,23,49,131,325,684,1541,3263,6371,12169,21906,37651,61084,97916,146148,210274,292096,387074,491855,600117,700775,1626282,867990,855386,810308,735704,638320,529821,422509,322538,235386,164693,109900,69543,42407,24479,13419,7014,3446,1633,730,257,111,48,15,5,1,0,0,0,0,0,0,0,0,1,0
0,0,0,0,0,0,0,0,0,0,0,0,0,0,3,7,22,48,139,293,700,1551,3167,6298,12151,21997,37527,61311,97344,145692,210178,290467,388041,491156,598880,701305,1625812,867347,855718,811215,734944,639307,530932,422358,322655,236031,165026,109940,70099,42297,24708,13427,7070,3453,1666,686,256,120,42,16,4,2,0,0,0,0,0,0,0,0,1,0
0,0,0,0,0,0,0,0,0,0,0,0,0,0,0,12,19,56,141,276,726,1541,3177,6229,12026,21794,37543,61610,96859,145291,209878,290605,386484,491125,598170,700775,1625451,866658,855742,812038,735542,639487,531390,422743,323738,236515,165249,110004,70182,42589,24876,13458,7195,3391,1665,709,271,118,39,15,5,0,1,0,0,0,0,0,0,0,1,0
0,0,0,0,0,0,0,0,0,0,0,0,0,0,1,12,19,55,129,305,692,1496,3255,6261,12039,21729,37250,61588,96364,145084,209529,290586,385325,489726,598723,699050,1625873,866286,857068,811913,735291,640409,531514,423813,324445,236637,165713,110258,70729,42359,25017,13589,7002,3522,1557,715,301,113,47,14,4,1,0,0,0,0,0,0,0,0,1,0
0,0,0,0,0,0,0,0,0,0,0,0,0,0,1,12,22,46,138,309,672,1519,3243,6205,12170,21494,37452,60890,96532,144811,209380,289075,385377,490324,597178,698983,1625197,866362,857062,812059,736474,638722,533778,424238,324506,237967,165464,110426,70486,42939,24831,13670,7129,3472,1639,658,321,122,39,11,2,1,0,0,0,0,0,0,0,0,1,0
0,0,0,0,0,0,0,0,0,0,0,0,0,0,2,10,18,60,114,306,676,1580,3162,6248,11933,21713,37064,61200,96166,144864,208862,289211,384704,488852,597314,697092,1625631,866310,857698,812135,735608,641479,532669,425436,325043,237799,165939,110737,70796,42968,24833,13674,7255,3485,1585,709,286,127,41,11,3,0,0,0,0,0,0,0,0,0,1,0
0,0,0,0,0,0,0,0,0,0,0,0,0,0,3,6,22,52,128,280,685,1558,3141,6276,11909,21597,36704,61279,96204,144730,208179,289271,383828,488808,595528,697823,1624926,865710,857889,812251,736459,641618,533474,426320,325354,238182,165624,111139,71042,43287,24824,13802,7135,3572,1643,673,304,113,40,11,5,0,0,0,0,0,0,0,0,0,1,0
0,0,0,0,0,0,0,0,0,0,0,0,0,1,3,5,23,49,124,313,667,1519,3132,6317,11706,21580,36784,60944,95863,143885,208472,289171,383457,487823,594804,697479,1623373,867238,858250,811842,737990,641024,534576,425713,326517,238074,166678,110947,71428,43288,24995,13776,7230,3531,1646,676,317,119,40,15,3,1,0,0,0,0,0,0,0,0,1,0
0,0,0,0,0,0,0,0,0,0,0,0,0,1,3,6,17,60,144,281,680,1488,3143,6188,11695,21521,36685,60779,95493,143838,207906,288639,382888,487600,594965,695779,1623335,867900,856709,813093,738642,641996,534279,427453,326084,238792,166780,111461,71105,43414,25109,13778,7279,3575,1660,680,289,129,44,19,3,1,0,0,0,0,0,0,0,0,1,0
0,0,0,0,0,0,0,0,0,0,0,0,0,0,4,6,21,56,142,279,673,1529,3071,6232,11628,21375,36877,60414,95053,143861,207866,288170,382056,487114,593810,695863,1623371,866966,856906,813085,739512,642703,534779,427631,327050,239464,166535,111917,71201,43616,25066,13746,7344,3590,1619,732,275,130,51,15,4,0,0,0,0,0,0,0,0,0,1,0
0,0,0,0,0,0,0,0,0,0,0,0,0,0,1,8,20,58,123,287,702,1515,2999,6237,11573,21379,36616,60322,94732,143181,208198,287731,381113,487219,593336,696342,1621385,866815,857795,812974,739457,642583,535996,428392,327366,239576,167802,112230,71254,43364,25096,13855,7330,3585,1654,706,287,144,52,13,4,1,0,0,0,0,0,0,0,0,1,0
0,0,0,0,0,0,0,0,0,0,0,0,0,0,1,6,21,52,118,293,710,1515,3061,6066,11767,21092,36689,59824,94831,142826,207541,287071,382331,485893,592888,695174,1621478,866282,857277,813989,739168,643835,536941,428478,328036,239519,167985,112862,71590,43273,25158,13974,7343,3588,1639,703,305,144,51,16,2,2,0,0,0,0,0,0,0,0,1,0
0,0,0,0,0,0,0,0,0,0,0,0,0,0,2,5,20,53,114,294,679,1580,3029,6028,11601,21251,36273,59842,94250,142830,207252,286749,381255,485804,592291,694845,1620645,866733,856953,814550,739664,644153,537853,428552,328394,240177,168499,112701,71983,43433,25340,13850,7370,3658,1622,724,320,119,47,18,2,1,0,0,0,0,0,0,0,0,1,0
0,0,0,0,0,0,0,0,0,0,0,0,0,0,1,8,20,43,117,278,692,1554,3027,6043,11675,20966,36241,59831,94193,142613,206615,286274,380131,485924,591518,694053,1619961,867095,856879,814840,741119,644176,537775,430228,328445,240012,169078,113097,71935,43806,25284,13914,7422,3638,1640,751,308,119,47,17,5,0,0,0,0,0,0,0,0,0,1,0
0,0,0,0,0,0,0,0,0,0,0,0,0,0,1,5,20,42,114,282,700,1483,3015,6207,11372,21043,36241,59370,94328,142166,206313,285995,379695,484692,591316,694258,1617738,868230,857001,814879,741580,644667,538778,430300,329106,241106,168804,113275,71893,44085,25375,14022,7331,3681,1648,759,295,127,47,18,5,0,0,0,0,0,0,0,0,0,1,0
0,0,0,0,0,0,0,0,0,0,0,0,0,0,0,8,15,46,113,304,692,1496,3030,6093,11432,21000,36021,59669,93354,141812,205831,285250,379679,484618,590137,694420,1617513,867797,858032,813951,742767,645506,538702,430650,330070,240891,169253,113500,72216,44070,25444,14052,7378,3656,1687,765,294,125,49,14,6,0,0,0,0,0,0,0,0,0,1,0
0,0,0,0,0,0,0,0,0,0,0,0,0,0,1,8,18,41,117,300,685,1479,3008,6034,11530,20841,35945,59394,93896,141171,204822,284773,379457,483743,590774,692337,1616967,867788,858722,815427,742516,645167,540011,431386,329841,241985,169285,113354,73063,43897,25453,14020,7520,3674,1692,779,299,128,41,13,5,1,0,0,0,0,0,0,0,0,1,0
0,0,0,0,0,0,0,0,0,0,0,0,0,0,1,8,13,42,119,282,737,1452,2977,6063,11382,20922,35907,58873,93979,140964,204859,283867,378788,483097,590871,691363,1617063,866632,858793,816698,741902,646920,540285,431273,330981,242078,169968,113310,73053,44045,25623,14183,7369,3700,1698,772,318,111,47,14,4,2,0,0,0,0,0,0,0,0,1,0
0,0,0,0,0,0,0,0,0,0,0,0,0,0,1,5,14,39,118,301,697,1471,2989,6031,11398,20680,36077,58827,93352,140956,203938,284063,378618,482482,588771,691385,1617449,865146,859852,816633,743318,647364,540392,431797,331763,241703,170624,113887,72876,44413,25676,14192,7443,3645,1801,711,328,119,43,12,6,1,1,0,0,0,0,0,0,0,1,0
0,0,0,0,0,0,0,0,0,0,0,0,0,0,0,6,17,41,110,303,652,1473,3054,5991,11157,20768,35905,58845,93145,140603,204259,283181,377718,481559,589074,691628,1614775,866150,860806,816350,742921,648472,541063,432991,330534,243156,170843,114468,72885,44323,25629,14274,7519,3757,1762,753,300,128,43,9,6,1,1,0,0,0,0,0,0,0,1,0
0,0,0,0,0,0,0,0,0,0,0,0,0,0,0,1,20,46,110,291,687,1413,3092,5958,11223,20650,35729,58836,93108,140218,202824,283545,377004,481649,589409,689960,1614479,866746,859135,817485,743657,648286,541924,433529,332048,242830,171404,114262,72931,44563,25688,14329,7613,3695,1769,763,306,130,42,16,3,2,0,0,0,0,0,0,0,0,1,0
0,0,0,0,0,0,0,0,0,0,0,0,0,0,0,3,19,46,137,272,659,1443,3014,5967,11400,20415,35680,58573,92294,140269,202951,283421,376591,480705,588054,689555,1614582,866541,860475,816591,744564,648418,542962,433993,332569,243326,170715,114900,73385,44389,25901,14385,7467,3747,1712,810,297,152,42,11,5,1,0,0,0,0,0,0,0,0,1,0
0,0,0,0,0,0,0,0,0,0,0,0,0,0,1,5,17,42,140,305,590,1514,2934,6047,11415,20286,35187,58606,92361,139515,203399,282243,376760,479909,587185,689203,1613415,866606,860655,816830,744181,651145,542221,434266,332868,244740,171545,114787,73163,44823,25941,14212,7526,3738,1769,782,336,143,35,12,5,0,0,0,0,0,0,0,0,0,1,0
0,0,0,0,0,0,0,0,0,0,0,0,0,1,1,3,18,42,129,295,653,1452,2951,6014,11366,20245,35282,57946,92470,139369,202926,282230,375511,479447,586575,689058,1612308,866995,860467,817771,744659,650483,544042,434542,333126,245126,172394,114893,73246,44752,26031,14215,7498,3802,1728,824,327,140,41,11,3,0,0,0,0,0,0,0,0,0,1,0
0,0,0,0,0,0,0,0,0,0,0,0,1,0,0,2,20,47,114,293,623,1469,2938,6004,11228,20473,35045,57676,91912,139350,202753,281825,374867,478414,586268,689700,1610337,866110,861690,817821,745608,651609,544094,434804,334596,245086,172379,115111,73306,44866,26249,14250,7578,3806,1770,772,355,124,56,7,2,0,0,0,0,0,0,0,0,0,1,0
0,0,0,0,0,0,0,0,0,0,0,0,0,1,2,0,17,48,117,263,661,1418,2972,5870,11327,20358,34856,58051,91447,139133,202332,281398,373974,478380,585833,688515,1610544,866190,861074,818778,745352,652228,544865,435339,334492,246015,172523,115737,73270,44934,26181,14456,7519,3791,1799,819,340,118,55,14,2,0,0,0,0,0,0,0,0,0,1,0
0,0,0,0,0,0,0,0,0,0,0,0,0,0,2,1,16,49,105,287,646,1430,2956,5818,11237,20366,34724,57583,91496,139036,202215,281009,373271,477322,586324,686910,1609429,866944,861233,818826,746600,652598,545122,436376,334079,246694,173192,115740,73889,44484,26420,14523,7540,3739,1872,763,352,115,58,16,1,0,0,0,0,0,0,0,0,0,1,0
0,0,0,0,0,0,0,0,0,0,0,0,0,0,1,2,20,48,122,268,609,1447,2971,5777,11255,20273,34596,57551,91427,138596,202000,280078,372777,478172,583830,686862,1610009,865217,862356,819392,747451,651907,546136,436398,335682,246843,173181,116166,73665,44964,26140,14635,7648,3818,1786,809,319,128,55,19,2,0,0,0,0,0,0,0,0,0,1,0
0,0,0,0,0,0,0,0,0,0,0,0,0,0,1,4,18,44,123,255,656,1421,2920,5806,11269,20182,34481,57320,91460,137970,201019,280596,372374,476745,584207,687659,1606916,866191,862333,820918,745409,653191,546773,437447,336206,247228,173303,116676,73541,45108,26464,14574,7674,3750,1838,818,312,130,53,23,2,0,0,0,0,0,0,0,0,0,1,0
0,0,0,0,0,0,0,0,0,0,0,0,0,0,1,4,18,50,114,279,656,1343,2919,5915,11053,19992,34748,56997,91391,137856,200648,279746,373132,475233,583897,686480,1607711,865945,861525,820076,748332,652932,546263,439232,336453,246815,174424,116037,74096,45317,26648,14524,7615,3863,1794,797,323,134,56,20,4,0,0,0,0,0,0,0,0,0,1,0
0,0,0,0,0,0,0,0,0,0,0,0,0,0,2,2,20,48,113,250,645,1358,2932,5903,11007,19867,34614,56839,91363,137844,199932,279355,371521,475724,584105,684848,1607070,865879,862555,819934,748297,653231,547317,440160,337203,247030,174428,116180,74390,45566,26671,14582,7588,3915,1788,801,326,134,44,22,5,0,0,0,0,0,0,0,0,0,1,0
0,0,0,0,0,0,0,0,0,0,0,0,0,1,2,3,14,53,101,262,627,1364,2939,5830,10981,20037,34407,57376,90404,137445,200100,278167,371498,474129,584389,684777,1605476,865553,861970,821216,748678,654007,547902,440489,337584,248322,174435,116939,74231,45779,26705,14589,7627,3830,1813,850,294,150,38,19,5,1,0,0,0,0,0,0,0,0,1,0
0,0,0,0,0,0,0,0,0,0,0,0,0,1,1,5,16,48,102,268,630,1349,2972,5786,10960,19829,34549,57096,90548,137096,199443,277934,371241,473907,582823,684551,1605194,865364,862388,820510,749088,655256,548886,441415,337325,248211,175118,116670,75069,45716,26597,14796,7699,3751,1854,802,325,150,41,18,10,0,0,0,0,0,0,0,0,0,1,0
0,0,0,0,0,0,0,0,0,0,0,0,0,0,3,2,12,51,106,278,576,1397,2867,5758,10891,19935,34437,56924,90161,137224,198953,278114,369934,474057,581395,684300,1605518,864899,861885,820655,749229,656521,549587,440206,338972,249716,174909,116932,75032,45752,26859,14572,7706,3902,1811,822,324,147,55,15,6,1,0,0,0,0,0,0,0,0,1,0
0,0,0,0,0,0,0,0,0,0,0,0,0,0,2,4,9,52,104,268,620,1382,2851,5620,10890,19949,34288,56771,89860,137242,198422,277664,369038,474276,579491,684759,1605026,865821,861396,819998,749702,655735,551138,441807,339205,249730,175501,117289,75337,46015,26640,14605,7884,3857,1791,804,344,153,46,14,7,1,0,0,0,0,0,0,0,0,1,0
0,0,0,0,0,0,0,0,0,0,0,0,0,0,2,5,10,46,111,266,610,1376,2852,5600,10888,19675,34381,56478,90044,136744,198619,276704,369070,472589,580283,682999,1605685,864991,860833,821509,749917,656966,550518,442658,339272,250421,175297,118176,75261,46231,26710,14751,7829,3912,1732,802,372,145,47,14,6,1,0,0,0,0,0,0,0,0,1,0
0,0,0,0,0,0,0,0,0,0,0,0,0,0,3,3,13,45,120,262,595,1348,2859,5653,10711,19890,33999,56620,89739,136631,198209,275967,368412,471790,580515,681635,1605779,864672,860434,821796,751348,656956,551035,443948,340143,249957,176313,117615,75727,46053,26839,14894,7800,3885,1802,818,360,147,50,13,5,0,0,0,0,0,0,0,0,0,1,0
0,0,0,0,0,0,0,0,0,0,0,0,0,1,2,2,17,41,103,279,594,1405,2822,5610,10690,19680,34131,56430,89723,136218,198030,274972,368129,471340,579019,682407,1605539,863916,859539,822563,751031,657853,552439,444496,340838,250387,176187,118520,75515,46171,26945,14914,7808,3834,1850,856,346,148,48,17,2,1,0,0,0,0,0,0,0,0,1,0
0,0,0,0,0,0,0,0,0,0,0,0,1,0,1,5,18,40,108,279,599,1339,2835,5545,10743,19778,33690,56305,89407,135980,197234,274628,368036,470026,580047,681695,1603677,863945,860923,821865,752650,657736,552985,444981,341353,250630,176508,118782,75856,46232,26921,15024,7845,3894,1854,835,361,143,48,16,3,2,0,0,0,0,0,0,0,0,1,0
0,0,0,0,0,0,0,0,0,0,0,0,0,1,1,5,19,39,108,270,621,1314,2799,5557,10769,19585,33907,55883,89244,135429,197297,273692,367752,470770,577107,682398,1602281,865297,861106,821315,752748,658645,553307,445456,341952,251242,176839,119139,75930,46607,26920,14974,7964,3826,1883,837,356,136,59,15,4,2,1,0,0,0,0,0,0,0,1,0
0,0,0,0,0,0,0,0,0,0,0,0,0,1,1,4,18,44,97,274,579,1405,2714,5572,10675,19678,33750,55584,89145,135132,196687,274025,366173,470476,577310,680368,1602553,865268,861070,822771,751317,660363,553951,445895,342146,251276,177756,119088,76498,46588,27006,15093,7825,3949,1844,879,338,143,55,16,6,1,1,0,0,0,0,0,0,0,1,0
0,0,0,0,0,0,0,0,0,0,0,0,0,1,2,5,12,51,100,263,585,1364,2767,5566,10608,19649,33543,55675,88892,134978,195789,273781,365237,470968,576237,680581,1602287,864010,861196,822923,752819,660271,554549,445861,342307,252890,177591,119611,76068,46911,27322,14924,7989,3974,1838,844,358,139,48,17,5,1,1,0,0,0,0,0,0,0,1,0
0,0,0,0,0,0,0,0,0,0,0,0,0,2,2,2,15,37,108,253,618,1311,2812,5549,10554,19260,33477,55857,88271,134560,196436,272483,365515,469856,577081,679233,1600497,865332,860984,822663,752870,661755,555179,445857,343560,252582,178103,119605,76573,46972,27422,14936,7853,4112,1850,836,352,154,40,21,5,3,0,0,0,0,0,0,0,0,1,0
0,0,0,0,0,0,0,0,0,0,0,0,1,1,2,5,12,37,108,272,605,1329,2751,5540,10476,19095,33378,55886,88078,134307,195893,272525,364931,468862,576958,679170,1600070,864361,861716,822109,754816,661338,554958,447623,343610,252646,178404,119636,77028,47191,27326,15050,7926,4119,1875,834,342,141,48,11,6,1,1,0,0,0,0,0,0,0,1,0
0,0,0,0,0,0,0,0,0,0,0,0,1,1,3,3,13,40,115,260,621,1273,2809,5522,10413,18825,33726,55566,88024,133792,195425,271911,365005,468519,576136,677661,1599961,864893,861222,823966,754127,660680,556417,448054,343951,253398,178905,120232,76722,47303,27332,15276,7924,4060,1903,848,368,132,51,12,5,1,1,0,0,0,0,0,0,0,1,0
0,0,0,0,0,0,0,0,0,0,0,1,0,2,2,3,14,42,102,274,583,1333,2748,5578,10254,19088,33240,55655,87914,133243,194733,272153,363970,468250,576139,677175,1598520,864973,861510,823138,755344,662074,556467,447779,345296,253869,179270,120114,77266,47085,27503,15385,7951,4009,1912,885,365,128,43,18,6,1,0,1,0,0,0,0,0,0,1,0
0,0,0,0,0,0,0,0,0,0,0,1,0,2,2,2,11,45,123,259,568,1286,2832,5409,10416,18831,33152,55263,87776,133108,194423,272130,363312,467671,575556,676713,1596583,865021,862543,823481,754686,663502,557045,449323,344849,254499,179407,120669,77246,47413,27537,15267,8052,3979,1982,838,378,154,38,18,5,1,1,0,0,0,0,0,0,0,1,0
0,0,0,0,0,0,0,0,0,0,0,1,0,1,2,1,13,46,128,250,562,1319,2732,5395,10327,18866,33153,55045,87708,132752,194328,270818,364280,466132,574424,676721,1596380,864707,863296,822424,755504,664061,557592,449281,346717,254465,179598,120856,77281,47865,27509,15380,8050,4101,1887,868,369,153,37,17,5,0,1,0,0,0,0,0,0,0,1,0
0,0,0,0,0,0,0,0,0,0,0,0,1,0,2,2,18,45,119,251,595,1284,2698,5366,10306,18902,33099,55113,87199,132868,193521,270492,363089,466459,573862,676161,1595633,864836,862269,824863,755124,664404,558491,449551,346343,255114,180562,120766,77789,47700,27593,15290,8139,4101,1991,817,364,149,45,15,5,1,1,0,0,0,0,0,0,0,1,0
0,0,0,0,0,0,0,0,0,0,0,0,0,1,1,5,19,40,114,267,576,1267,2693,5311,10223,19062,32951,54907,87339,132307,193219,270733,362334,465503,572758,676645,1595014,864622,862233,824765,756170,664727,558237,450674,346517,255935,180582,121263,77708,47830,27926,15318,8082,4143,1974,853,334,158,47,15,4,1,0,1,0,0,0,0,0,0,1,0
0,0,0,0,0,0,0,0,0,0,0,0,0,0,1,8,19,37,109,264,584,1270,2678,5379,10200,18796,33185,54533,86793,132473,193226,269771,362058,464945,572195,675129,1594755,864717,862106,825401,758539,662971,560208,450639,346667,256908,180549,121330,78197,47981,27631,15457,8115,4199,1957,870,346,147,49,9,4,2,0,1,0,0,0,0,0,0,1,0
0,0,0,0,0,0,0,0,0,0,0,0,0,0,1,6,15,45,105,257,564,1295,2734,5302,10207,18877,32836,54499,86319,132463,192769,269371,361356,464626,571934,674821,1594907,862647,862889,826623,757469,664509,560580,450697,348041,256539,180924,121749,78376,48111,27586,15536,8253,4189,1970,850,351,148,44,11,3,3,0,1,0,0,0,0,0,0,1,0
0,0,0,0,0,0,0,0,0,0,0,0,0,0,2,6,14,34,112,250,577,1307,2673,5443,10125,18778,32798,54153,86741,131901,192630,268543,361047,463888,571201,674074,1593604,863558,863361,827079,756645,665799,561401,451238,347930,257406,181333,121877,78813,47913,27875,15410,8333,4143,1947,888,351,142,43,15,4,2,0,1,0,0,0,0,0,0,1,0
0,0,0,0,0,0,0,0,0,0,0,0,0,1,0,5,17,40,113,237,584,1290,2628,5484,10265,18491,32495,54725,85928,131847,192397,268092,360461,463081,570855,673245,1593057,863436,863461,827718,757081,666376,561422,452033,348702,257468,182196,121761,79074,47943,27995,15574,8244,4139,1979,912,354,136,40,20,4,1,0,1,0,0,0,0,0,0,1,0
0,0,0,0,0,0,0,0,0,0,0,0,0,1,0,2,15,50,104,247,585,1226,2658,5431,10219,18527,32725,54167,86050,131210,192020,268075,359609,462867,570293,672265,1592358,864077,863277,827411,758786,665797,561831,453022,349795,257291,182298,122471,79012,48049,28075,15583,8238,4237,1976,880,387,143,46,15,5,1,1,0,0,0,0,0,0,0,1,0
0,0,0,0,0,0,0,0,0,0,0,0,0,1,0,4,13,46,108,241,546,1305,2625,5365,10228,18579,32503,53870,85895,130980,191548,267723,358847,462378,568967,673975,1590428,865742,862773,827443,758369,667223,561857,453742,349914,257697,182766,122831,78974,48164,28204,15513,8330,4218,1993,876,382,143,54,16,6,2,1,0,0,0,0,0,0,0,1,0
0,0,0,0,0,0,0,0,0,0,0,0,0,0,2,2,13,35,117,246,539,1280,2628,5290,10261,18755,32327,53718,85783,130449,190793,267616,358971,461574,568532,673165,1590314,863893,864241,826305,760696,667594,561324,455367,349986,258399,182871,123006,79033,48080,28566,15510,8422,4235,1983,874,395,138,54,19,5,1,1,0,0,0,0,0,0,0,1,0
0,0,0,0,0,0,0,0,0,0,0,0,0,2,1,4,13,40,109,243,547,1275,2641,5334,10241,18567,32321,53364,85465,130369,190419,267193,358395,461246,568517,671766,1590510,863337,863398,828918,759786,668206,562310,455123,350571,259022,182852,123251,79375,48391,28444,15666,8468,4255,1926,937,363,148,51,19,7,2,0,0,0,0,0,0,0,0,1,0
0,0,0,0,0,0,0,0,0,0,0,0,0,2,2,5,14,31,119,233,562,1280,2609,5312,10335,18350,32043,53375,84843,130718,190399,266215,357828,460628,567812,671043,1590365,863438,863451,828535,760843,669133,562645,455085,351993,258551,183498,123571,79409,48995,28109,15829,8430,4246,2000,921,369,159,41,24,6,4,0,0,0,0,0,0,0,0,1,0
0,0,0,0,0,0,0,0,0,0,0,0,0,1,2,5,10,43,112,226,549,1282,2676,5311,10122,18461,31706,53244,84780,130200,189964,266655,357022,459760,567663,670543,1588405,864175,863996,829364,760449,669668,563654,455573,351845,259303,183893,123840,79715,48938,28379,15632,8550,4142,1992,940,385,148,56,21,4,4,0,0,0,0,0,0,0,0,1,0
0,0,0,0,0,0,0,0,0,0,0,0,1,0,2,3,14,43,94,245,526,1282,2710,5295,10153,18366,31674,52820,84906,129488,190599,265428,356959,458813,566946,670310,1587066,864194,864376,829056,762116,669633,564519,456089,352224,260408,183780,123829,80054,49167,28144,15778,8545,4238,1953,955,375,148,56,20,5,2,1,0,0,0,0,0,0,0,1,0
0,0,0,0,0,0,0,0,0,0,0,1,0,0,1,6,10,47,93,227,559,1300,2570,5366,10076,18471,31685,52684,84305,129575,189669,265760,355701,458452,566062,670195,1586755,863554,865038,830187,761695,669801,565574,455893,353456,260734,184022,123748,80437,49082,28453,15843,8547,4234,1997,916,395,150,55,18,7,0,2,0,0,0,0,0,0,0,1,0
0,0,0,0,0,0,0,0,0,0,0,1,0,0,1,3,12,39,96,236,551,1246,2638,5334,10072,18348,31718,52538,83925,129257,190155,264515,355136,458192,565254,669728,1586458,863235,865489,828788,764313,670731,564321,457267,353506,261750,183702,124174,80666,49159,28534,15938,8608,4179,2066,885,417,157,48,15,4,2,1,0,0,0,0,0,0,0,1,0
0,0,0,0,0,0,0,0,0,0,0,1,0,0,1,2,15,36,105,221,567,1246,2562,5305,10039,18334,31472,52776,83829,129374,188506,264457,355306,457051,565340,669492,1584453,864044,865004,829536,763455,671439,566022,457111,354899,261165,184512,124468,80642,49516,28817,15935,8574,4178,2037,933,393,167,51,13,5,2,0,0,0,0,0,0,0,0,1,0
0,0,0,0,0,0,0,0,0,0,1,0,0,0,1,3,16,50,89,223,548,1234,2608,5237,9948,18217,31707,52735,84156,128306,188097,264210,354001,457085,564454,668964,1585275,863179,865549,829390,763668,671900,566260,458514,354576,261578,184789,124992,80952,49561,28905,16028,8569,4238,2052,929,372,165,55,13,8,1,0,0,0,0,0,0,0,0,1,0
0,0,0,0,0,0,0,0,0,0,1,0,0,0,1,4,18,45,70,229,543,1285,2561,5163,9979,18138,31362,52896,83812,128526,187276,263588,354173,456515,564532,667743,1584522,864270,862653,831703,763061,672841,567310,458487,354590,262860,185054,125436,81233,49383,28936,16237,8446,4319,2088,875,407,159,53,17,7,1,0,0,0,0,0,0,0,0,1,0
0,0,0,0,0,0,0,0,0,0,1,0,0,0,0,2,26,38,81,214,538,1282,2515,5142,9967,18038,31528,52486,83706,127835,187682,262932,354140,455454,563332,667157,1584944,862464,865022,830549,764163,673846,567353,458875,355117,262997,185652,125920,80965,49899,28853,16159,8600,4304,2051,943,397,169,43,23,4,0,0,0,0,0,0,0,0,0,1,0
0,0,0,0,0,0,0,0,0,0,0,1,0,0,0,8,11,45,86,210,564,1140,2640,5041,9884,18027,31299,52786,83207,128197,186610,262463,353269,455787,562886,666277,1584294,862887,864570,830433,764530,674790,567749,459519,355833,263745,185584,125903,81438,49784,29110,16143,8651,4394,2039,937,399,163,50,19,6,0,0,0,0,0,0,0,0,0,1,0
0,0,0,0,0,0,0,0,0,0,1,0,0,0,1,5,15,37,84,216,544,1187,2536,5133,9882,18061,31176,52387,83413,127104,187001,262411,352201,455287,562146,666259,1583118,862236,865433,831662,764971,673723,568876,460215,356790,263346,186208,126519,81084,49919,29281,16211,8749,4352,2078,917,390,167,53,15,8,0,0,0,0,0,0,0,0,0,1,0
0,0,0,0,0,0,0,0,0,0,1,0,0,0,2,5,16,37,82,211,552,1223,2478,5050,9938,18018,31000,52367,83224,126711,186734,262181,352304,453992,561928,665204,1583268,861750,865631,831018,765918,674422,569360,460769,356635,264300,186731,126512,81533,50019,29281,16169,8862,4272,2153,905,403,162,56,14,4,3,0,0,0,0,0,0,0,0,1,0
0,0,0,0,0,0,0,0,0,0,0,1,0,0,2,5,18,36,82,226,539,1192,2503,5126,9694,17977,31330,51743,82882,127462,185893,261546,351752,454059,561112,664485,1582634,862726,864348,831946,766071,674773,570229,461015,357422,264267,187290,126786,81473,50201,29379,16396,8696,4429,2055,961,399,162,66,13,5,1,0,0,0,0,0,0,0,0,1,0
0,0,0,0,0,0,0,0,0,0,0,0,1,0,0,11,13,38,87,239,518,1204,2518,5070,9661,17971,31016,51899,82864,126852,185661,261084,350832,453424,560925,664425,1581241,863648,864397,831549,765981,675660,570916,461980,357660,264189,188155,126792,81595,50596,29422,16417,8731,4467,2114,946,380,178,60,13,6,2,0,0,0,0,0,0,0,0,1,0
0,0,0,0,0,0,0,0,0,0,0,0,0,1,3,7,16,30,91,228,533,1201,2516,5075,9616,17842,30865,52006,82641,126805,185090,260701,351010,452984,559962,663324,1580902,862337,865709,831044,767408,675178,571897,463013,358002,264430,188530,126640,82311,50292,29769,16474,8743,4504,2093,936,390,179,58,13,5,3,1,0,0,0,0,0,0,0,1,0
0,0,0,0,0,0,0,0,0,0,0,0,0,2,4,6,13,30,87,238,528,1195,2481,5123,9633,17480,31056,51611,82454,126663,185483,259324,350929,451884,559783,663861,1579941,861671,865467,831484,767488,676552,571957,464321,357642,265468,188023,127695,81875,50713,29604,16649,8915,4380,2152,905,370,182,61,18,3,2,2,0,0,0,0,0,0,0,1,0
0,0,0,0,0,0,0,0,0,0,0,0,0,2,4,7,12,32,80,227,559,1170,2476,5110,9571,17466,30911,51803,82237,125651,184879,260354,349806,451003,559974,663186,1578821,862254,864481,833387,766156,678244,572333,463922,358592,265561,189227,127878,81912,50541,29866,16700,8879,4445,2129,917,406,150,68,12,4,1,1,1,0,0,0,0,0,0,1,0
0,0,0,0,0,0,0,0,0,0,0,0,0,2,2,9,12,27,87,226,535,1132,2478,5062,9660,17464,30652,51666,82116,125626,184402,259614,350012,450711,557477,664189,1577594,861898,865901,832594,767068,678091,573318,464849,358692,266588,188778,127839,82271,50983,29974,16811,8793,4509,2111,960,384,164,55,15,4,1,1,1,0,0,0,0,0,0,1,0
0,0,0,0,0,0,0,0,0,0,0,0,0,1,3,7,16,26,92,232,514,1176,2477,4981,9558,17395,30901,51179,81868,125742,184177,258958,348259,450968,557824,663331,1577495,860703,866112,833073,768541,676999,574301,465403,360072,266446,189069,127682,82706,51289,29964,16786,8863,4517,2100,997,371,145,62,19,4,3,0,1,0,0,0,0,0,0,1,0
0,0,0,0,0,0,0,0,0,0,0,0,1,0,1,9,15,27,101,229,502,1172,2453,4952,9513,17443,30795,51125,81413,125254,184093,259005,347401,450318,556979,662944,1576069,861796,866313,832974,767432,680056,574314,465365,360600,267217,189253,127947,83032,51250,30175,16755,8915,4496,2148,900,427,145,56,20,6,1,0,1,0,0,0,0,0,0,1,0
0,0,0,0,0,0,0,0,0,0,0,0,1,0,2,7,11,37,85,237,515,1153,2410,4961,9547,17442,30500,50939,81349,125177,183375,258549,347524,449267,556947,661750,1575735,862577,865983,832411,767562,680771,575096,465526,361713,267642,189969,128141,82992,51397,30167,16797,8949,4557,2053,948,399,160,49,20,8,0,0,1,0,0,0,0,0,0,1,0
0,0,0,0,0,0,0,0,0,0,0,0,0,1,1,5,13,37,96,229,519,1160,2388,4849,9582,17326,30382,51065,81339,124048,183042,258536,347887,447528,556801,660982,1575339,862807,864942,833901,768138,680545,575652,466451,361839,267830,190514,128760,83129,51519,30186,16895,8921,4614,2025,959,381,157,57,24,4,2,0,1,0,0,0,0,0,0,1,0
0,0,0,0,0,0,0,0,0,0,0,0,0,0,2,4,11,45,84,219,559,1147,2358,4836,9519,17252,30438,50962,80598,124396,182610,258213,347161,448370,555293,659492,1575364,861889,866281,833990,768594,680690,576017,466531,362551,269049,190435,129078,83368,51528,30405,16848,8991,4575,2079,932,408,157,49,21,6,2,0,1,0,0,0,0,0,0,1,0
0,0,0,0,0,0,0,0,0,0,0,0,0,0,1,3,15,33,101,208,546,1114,2411,4859,9464,17058,30389,50440,80773,124032,182628,257552,347234,447008,554611,659666,1575337,860876,865641,835185,769661,680298,576131,468287,362572,269028,191236,129468,83121,51715,30451,16999,9077,4538,2069,917,406,166,57,19,4,1,2,0,0,0,0,0,0,0,1,0
0,0,0,0,0,0,0,0,0,0,0,0,0,0,1,3,13,41,93,215,534,1104,2458,4980,9193,17275,29915,50652,80491,123656,182524,256527,346766,446985,554651,659180,1573702,861296,865762,834245,771012,681008,576468,468357,362941,269910,191463,129531,83588,52118,30370,17092,9008,4595,2123,888,415,173,62,15,6,2,1,0,0,0,0,0,0,0,1,0
0,0,0,0,0,0,0,0,0,0,0,0,0,0,0,5,13,35,90,218,506,1157,2447,4932,9231,17154,29894,50342,80406,124016,181425,256661,345160,447401,554375,658384,1573777,860990,864634,834511,771143,682369,577311,468601,363865,269933,191436,129746,84319,52014,30622,16990,9016,4555,2133,928,398,179,58,19,7,1,1,0,0,0,0,0,0,0,1,0
0,0,0,0,0,0,0,0,0,0,0,0,0,0,1,5,16,30,95,197,538,1138,2413,4932,9276,17010,29983,50255,80282,123239,181873,255605,345001,446644,553631,658436,1572951,860818,865442,834359,772296,681543,578564,468354,364684,270232,191557,130469,84331,52096,30619,17155,9029,4536,2149,946,420,170,62,16,6,3,1,0,0,0,0,0,0,0,1,0
0,0,0,0,0,0,0,0,0,0,0,0,0,0,0,4,12,31,91,211,539,1108,2495,4818,9112,17114,29926,50141,80074,123389,181302,255292,343884,446419,553064,658517,1572633,860690,865082,834599,771589,683070,578487,469279,364492,271334,192098,130391,84536,52216,30755,17213,8979,4627,2167,966,407,164,63,18,5,3,2,0,0,0,0,0,0,0,1,0
0,0,0,0,0,0,0,0,0,0,0,0,0,0,0,4,10,40,73,221,524,1145,2421,4788,9064,17280,29627,50403,79476,123166,181349,254766,343504,445647,552549,657253,1571561,860544,865897,834845,772647,682794,579667,469923,365157,271366,192444,130596,84595,52611,30571,17302,9117,4663,2164,979,399,161,71,15,5,3,1,0,0,0,0,0,0,0,1,0
0,0,0,0,0,0,0,0,0,0,0,0,0,0,1,4,11,36,78,218,514,1112,2379,4893,9100,17146,29990,49394,80086,122653,180671,254368,343675,444687,552283,656779,1570696,859378,868041,834313,772681,683473,580059,470534,365137,272031,193089,131348,84172,52813,30652,17207,9292,4599,2177,962,411,165,74,18,6,2,0,0,0,0,0,0,0,0,1,0
0,0,0,0,0,0,0,0,0,0,0,0,0,0,2,4,10,36,81,213,513,1087,2457,4872,9108,16983,29654,49518,79844,122392,179983,254617,343074,443861,552366,656559,1568779,861869,866425,834236,772491,684632,580528,470718,366406,271962,193647,130827,85306,52673,30596,17361,9240,4648,2188,977,404,164,66,21,6,3,1,0,0,0,0,0,0,0,1,0
0,0,0,0,0,0,0,0,0,0,0,0,0,0,1,4,12,31,92,207,498,1129,2397,4783,9098,16838,29700,49569,79597,122042,179989,252895,343032,443925,551785,656734,1568780,859837,867125,835528,771630,685422,580977,471306,366538,272743,193479,131697,84906,52999,30891,17474,9263,4609,2188,962,445,150,68,23,6,3,1,0,0,0,0,0,0,0,1,0
0,0,0,0,0,0,0,0,0,0,0,0,0,0,0,3,12,33,84,201,470,1130,2427,4772,8987,16783,29689,49599,79491,121926,179327,252431,343266,442675,552906,655248,1566959,860685,867451,835231,772370,685693,581879,470976,367225,273356,193366,132105,85354,52900,31199,17505,9158,4711,2185,946,442,156,67,17,8,3,1,0,0,0,0,0,0,0,1,0
0,0,0,0,0,0,0,0,0,0,0,0,0,0,0,1,12,29,82,214,494,1138,2378,4777,8981,16860,29385,49390,79135,121997,178852,252785,341984,442728,550847,655640,1567634,860030,866732,836482,773028,685485,581079,472557,368322,272922,194441,132179,85496,52894,30972,17717,9125,4757,2213,962,426,148,64,21,10,1,2,0,0,0,0,0,0,0,1,0
0,0,0,0,0,0,0,0,0,0,0,0,0,0,0,2,11,20,102,184,506,1142,2354,4761,9019,16780,29413,49192,79083,121583,178327,252727,341669,441811,550151,655070,1566626,859944,866832,838046,772066,686145,582537,473254,367817,273863,194183,132740,85544,53259,31195,17656,9255,4656,2222,998,409,152,67,22,9,2,1,1,0,0,0,0,0,0,1,0
0,0,0,0,0,0,0,0,0,0,0,0,0,0,0,3,13,22,77,203,521,1111,2368,4679,9032,16789,29327,48950,79278,120858,178505,252328,340641,442357,547915,655204,1565220,859788,867384,837854,774456,685874,581705,475645,367725,273782,195307,132272,86145,53194,31396,17457,9506,4658,2225,959,409,162,73,19,7,2,2,1,0,0,0,0,0,0,1,0
0,0,0,0,0,0,0,0,0,0,0,0,0,0,1,2,9,26,80,223,498,1081,2373,4754,9024,16572,29342,49092,78575,120861,178634,251627,340676,441628,547726,653755,1565018,859869,867710,836674,774998,686926,583061,474337,368957,274987,195515,132333,86214,53309,31301,17466,9539,4726,2255,979,403,167,68,24,8,1,4,0,0,0,0,0,0,0,1,0
0,0,0,0,0,0,0,0,0,0,0,0,0,0,0,3,7,29,80,221,493,1091,2370,4774,8814,16841,29010,48917,78937,120595,178139,251352,340145,440200,548075,653037,1564693,859780,867331,837208,775050,686982,584109,475268,369081,275862,195052,133069,86366,53345,31308,17507,9604,4744,2248,990,401,184,61,24,6,3,2,0,0,0,0,0,0,0,1,0
0,0,0,0,0,0,0,0,0,0,0,0,0,0,1,4,6,26,87,210,489,1124,2347,4779,8980,16585,28971,48885,78646,120653,178000,250858,339219,439334,547790,652041,1565328,859490,866413,837519,775909,687627,585217,474516,370252,275212,196285,133206,86644,53770,31204,17615,9458,4709,2329,968,423,180,57,31,7,3,1,0,0,0,0,0,0,0,1,0
0,0,0,0,0,0,0,0,0,0,0,0,0,0,0,3,10,33,83,205,468,1145,2316,4761,9083,16273,29226,48501,78629,120471,177775,250363,337987,439463,547749,651631,1564258,858483,867049,837396,776641,688895,584425,476292,370387,275530,196235,133968,86628,53831,31375,17611,9470,4776,2302,1004,398,176,65,29,5,3,0,1,0,0,0,0,0,0,1,0
0,0,0,0,0,0,0,0,0,0,0,0,0,0,1,5,9,32,86,198,475,1080,2337,4763,8915,16362,29140,48519,78350,120461,177387,250123,337948,438974,545920,652775,1562201,858656,866450,837845,777670,688385,585598,476549,370896,276104,197701,133227,86994,53939,31534,17704,9289,4897,2198,1003,428,177,70,20,8,3,2,0,0,0,0,0,0,0,1,0
0,0,0,0,0,0,0,0,0,0,0,0,0,0,0,4,15,32,77,206,473,1089,2354,4573,8963,16485,28885,48774,77920,119965,176797,250531,336981,438690,546496,650770,1561854,858596,867522,837839,777140,689011,586257,476847,371644,276951,197307,133621,87399,53755,31676,17772,9411,4749,2259,1016,408,192,65,21,11,4,0,1,0,0,0,0,0,0,1,0
0,0,0,0,0,0,0,0,0,0,0,0,0,0,1,3,14,30,86,184,517,1056,2326,4627,8840,16427,28858,48473,77760,119708,176462,250028,337079,438400,546125,650802,1559652,859033,867614,839145,776340,689986,586674,477148,371942,277870,197127,134078,87208,54185,31669,17698,9504,4714,2293,1014,432,172,67,23,8,5,0,1,0,0,0,0,0,0,1,0
0,0,0,0,0,0,0,0,0,0,0,0,0,0,1,4,12,37,87,181,486,1116,2281,4592,8711,16520,28719,48481,77260,119736,176785,248252,337459,438104,544754,650562,1558624,860469,866538,839704,776857,688827,588127,478036,372307,278658,197233,134094,87841,54167,31656,17756,9545,4744,2348,1008,450,186,50,29,11,2,1,0,0,0,0,0,0,0,1,0
0,0,0,0,0,0,0,0,0,0,0,0,0,0,3,4,9,29,99,192,457,1089,2330,4564,8707,16212,28885,48395,77315,119333,176078,248254,337144,437867,543418,650232,1558137,859745,867993,839254,775814,691465,587411,479055,373288,277700,198612,134511,87577,54068,31927,17817,9494,4878,2276,1057,436,180,58,29,9,0,1,0,0,0,0,0,0,0,1,0
0,0,0,0,0,0,0,0,0,0,0,0,0,0,2,4,8,32,93,200,464,1090,2294,4603,8660,16144,28843,48242,77369,119178,175564,248017,336574,436629,544129,649834,1557669,859299,867609,839351,777169,690360,588077,480851,372693,278436,199210,134409,87871,54267,31717,17853,9702,4807,2291,1091,425,182,58,29,8,1,0,0,0,0,0,0,0,0,1,0
0,0,0,0,0,0,0,0,0,0,0,0,0,0,0,4,14,23,94,196,469,1061,2310,4491,8823,16130,28691,47969,77084,119002,175670,247421,336059,436474,543210,649697,1556546,859166,867494,839454,777104,692301,588589,479681,374534,278353,199154,135432,87776,54555,31755,18055,9669,4854,2272,1055,443,179,61,29,4,1,0,0,0,0,0,0,0,0,1,0
0,0,0,0,0,0,0,0,0,0,0,0,0,0,0,2,12,28,89,208,457,1093,2203,4617,8749,16143,28478,47634,77198,119094,174650,248354,334152,436142,542921,648171,1557162,858508,868078,838861,778841,691993,590111,479268,374992,279328,199203,135140,88224,54802,31937,17905,9697,4899,2333,1036,435,150,82,19,8,1,0,0,0,0,0,0,0,0,1,0
0,0,0,0,0,0,0,0,0,0,0,0,0,0,1,2,13,30,77,217,484,1023,2242,4595,8793,16168,28267,47428,76855,118944,174552,247163,335068,435038,542336,648695,1556133,858519,866670,839954,778241,694184,588964,481421,374919,279108,199692,135701,88435,54694,32054,18173,9649,4907,2301,1014,401,172,79,19,10,3,0,0,0,0,0,0,0,0,1,0
0,0,0,0,0,0,0,0,0,0,0,0,0,0,1,3,10,32,81,202,487,1040,2264,4489,8848,15986,28245,47526,76635,118284,174710,246735,334020,435098,541329,647130,1557049,858568,867313,838095,780183,694388,589517,482009,375477,279686,199808,136217,88046,54730,32520,18065,9600,4942,2322,1016,424,167,75,27,6,2,1,0,0,0,0,0,0,0,1,0
0,0,0,0,0,0,0,0,0,0,0,0,0,0,0,4,11,33,77,239,451,1084,2250,4424,8775,15893,28106,47807,76626,118375,173111,246643,333829,433761,541308,647279,1557474,856741,867861,839152,780221,694647,590173,482064,376658,279575,199687,136409,88736,54675,32407,18136,9752,4925,2236,1077,431,174,78,21,9,2,0,1,0,0,0,0,0,0,1,0
0,0,0,0,0,0,0,0,0,0,0,0,0,0,0,6,6,33,85,202,486,1104,2186,4503,8679,15832,28012,47706,76690,117975,173025,245737,333489,433445,541091,646653,1556384,858618,866340,840084,779542,695528,591428,482022,375665,281367,199949,136088,89138,55047,32342,18172,9782,4862,2354,1039,428,184,66,21,10,2,0,1,0,0,0,0,0,0,1,0
0,0,0,0,0,0,0,0,0,0,0,0,0,0,0,6,8,35,96,194,509,1037,2269,4515,8409,15962,27901,47640,76768,117177,173404,244475,333314,433156,540717,646095,1555167,858567,867398,840282,779834,694897,592360,482167,376757,281638,200189,136842,89018,55334,32461,17960,9788,4915,2360,1085,411,187,68,24,9,2,0,1,0,0,0,0,0,0,1,0
0,0,0,0,0,0,0,0,0,0,0,0,0,0,0,5,10,36,86,215,462,1085,2149,4494,8557,15864,27865,47693,76144,116798,173261,245023,332500,432629,539756,644873,1554819,859381,867700,839697,780469,695829,592371,483386,376740,281415,201011,137208,88911,55543,32611,17951,9809,4830,2414,1079,452,166,74,26,8,1,1,1,0,0,0,0,0,0,1,0
0,0,0,0,0,0,0,0,0,0,0,0,0,0,1,3,9,28,101,226,459,1059,2189,4481,8620,15708,27968,47270,75910,116853,172902,244455,332090,432153,539454,644289,1555335,858788,867134,839746,780449,697061,593215,482953,377642,281583,201897,137018,89032,55429,32737,18369,9734,4808,2404,1143,442,160,64,26,8,1,1,1,0,0,0,0,0,0,1,0
0,0,0,0,0,0,0,0,0,0,0,0,0,0,1,2,8,30,107,217,454,1032,2232,4340,8655,15773,27846,47122,75788,116178,172699,244022,332964,430943,538962,644596,1552571,858678,867208,841272,781214,697028,593267,483843,378131,282331,201359,137349,89401,55625,32818,18409,9837,4834,2405,1146,456,164,54,29,5,1,1,1,0,0,0,0,0,0,1,0
0,0,0,0,0,0,0,0,0,0,0,0,0,0,2,1,9,36,101,220,450,1053,2171,4486,8511,15675,27782,47091,75638,116138,171638,244779,331772,431011,537781,645152,1550673,858698,867515,840621,782992,696713,593178,485039,378823,282975,201273,137449,89691,55998,32893,18460,9849,4812,2409,1139,455,159,62,27,5,1,1,0,1,0,0,0,0,0,1,0
0,0,0,0,0,0,0,0,0,0,0,0,0,0,1,3,11,27,87,221,482,1017,2192,4426,8555,15794,27491,46811,75796,115829,171494,244410,330672,429853,538718,643882,1551217,859103,866420,841746,781818,697707,593584,485575,378927,283584,201658,137580,90238,55870,33291,18322,9862,4902,2395,1123,449,154,75,28,5,1,1,1,0,0,0,0,0,0,1,0
0,0,0,0,0,0,0,0,0,0,0,0,0,0,1,5,9,25,89,241,479,992,2156,4476,8501,15702,27581,46724,75329,115625,171397,243182,331092,429527,537704,643856,1551003,858113,867251,842525,782027,696904,594282,485692,379532,284358,202343,137439,90482,56141,32911,18639,9930,4887,2414,1113,452,185,58,27,4,2,1,0,0,0,0,0,0,0,1,0
0,0,0,0,0,0,0,0,0,0,0,0,0,1,0,2,12,25,95,234,459,1009,2122,4453,8513,15623,27586,46899,74948,115368,171111,243138,329759,430403,536472,643617,1549819,857527,867662,842933,782616,696785,595591,485693,379905,284420,202866,138018,90817,56274,32789,18783,9848,4973,2372,1112,471,182,66,29,5,2,1,0,0,0,0,0,0,0,1,0
0,0,0,0,0,0,0,0,0,0,0,0,0,1,0,1,9,34,95,219,463,1013,2141,4432,8477,15570,27493,46821,74880,115662,170338,242447,329506,430060,536046,642272,1548956,858733,867714,842710,782771,697997,594916,486566,380677,284518,203145,138914,90455,56268,33193,18795,9852,4992,2373,1114,498,169,64,29,6,2,1,0,0,0,0,0,0,0,1,0
0,0,0,0,0,0,0,0,0,0,0,0,0,0,1,2,12,26,88,219,468,981,2252,4303,8531,15455,27432,46775,74647,115387,170351,241751,328946,429145,536498,641624,1549016,857835,867998,842032,784045,697646,595613,487579,380658,285357,203535,139272,90229,56311,33498,18584,10138,4860,2445,1097,494,172,61,26,8,4,1,0,0,0,0,0,0,0,1,0
0,0,0,0,0,0,0,0,0,0,0,0,0,0,0,1,12,30,80,213,446,1081,2143,4333,8335,15581,27500,46629,74381,114969,170434,241772,328263,428049,535926,640781,1549554,856984,868076,842781,783501,697458,597254,488246,381358,285292,204331,139053,90644,56464,33325,18779,10058,4992,2415,1124,485,163,76,24,8,1,3,0,0,0,0,0,0,0,1,0
0,0,0,0,0,0,0,0,0,0,0,0,0,0,0,3,10,24,79,212,481,1034,2131,4316,8324,15520,27481,46266,74453,114830,169805,241914,327444,428043,534679,641222,1547265,856936,868809,843330,783030,699734,596481,488849,381752,285438,204781,139164,91260,56501,33646,18778,10041,5025,2389,1133,519,167,73,24,7,3,2,0,0,0,0,0,0,0,1,0
0,0,0,0,0,0,0,0,0,0,0,0,0,0,0,3,11,17,92,210,478,999,2179,4312,8305,15416,27543,46076,74134,114604,170099,240800,327176,427762,534700,639853,1547781,856255,869313,841914,784541,700770,597139,489064,381259,286068,204340,140614,90847,56768,33549,18864,10167,5054,2421,1126,505,187,54,23,10,3,3,0,0,0,0,0,0,0,1,0
0,0,0,0,0,0,0,0,0,0,0,0,0,0,2,1,10,17,95,201,461,1041,2079,4299,8223,15520,27348,45901,74303,114499,169072,240786,327719,426949,533514,639377,1546864,856300,869064,842793,785905,699398,598596,488614,382087,286851,204578,140567,91594,56862,33351,19016,10206,4976,2415,1178,504,170,62,25,9,4,2,0,0,0,0,0,0,0,1,0
0,0,0,0,0,0,0,0,0,0,0,0,0,0,0,3,6,24,90,192,470,1017,2147,4222,8300,15293,27231,45810,74306,113720,169131,240578,327404,427137,532196,639164,1546011,857236,868799,843895,785249,698952,599073,489040,383261,286971,204799,140473,91812,57071,33630,19046,10180,5022,2503,1167,493,181,72,14,12,2,3,0,0,0,0,0,0,0,1,0
0,0,0,0,0,0,0,0,0,0,0,0,0,0,0,2,7,29,80,198,466,1047,2052,4257,8206,15286,27053,45849,73712,114330,169152,239524,327036,425574,533218,638536,1545143,856767,869635,843961,784444,700040,598604,490874,383197,287582,205297,140652,91816,57296,33742,19053,10189,5033,2509,1202,459,207,57,19,10,4,2,0,0,0,0,0,0,0,1,0
0,0,0,0,0,0,0,0,0,0,0,0,0,0,1,2,11,29,67,215,462,992,2099,4235,8173,15295,26769,45670,73728,114057,168925,239870,326017,424358,533110,638334,1543847,857536,869162,843319,786708,699365,599642,490705,384425,287493,206134,140480,92195,57213,33755,19280,10238,5090,2439,1225,448,189,66,19,7,9,0,0,0,0,0,0,0,0,1,0
0,0,0,0,0,0,0,0,0,0,0,0,0,0,0,3,8,29,79,221,446,1032,2021,4210,8194,15238,26804,45605,73822,113276,168400,239363,325324,425490,531116,638092,1545262,856121,868283,844824,785236,701050,599924,491667,384767,287554,206525,140574,92354,57671,33962,19042,10297,5048,2485,1233,464,183,73,19,8,7,2,0,0,0,0,0,0,0,1,0
0,0,0,0,0,0,0,0,0,0,0,0,0,0,0,3,6,30,86,191,472,971,2036,4226,8227,15154,26715,45636,73189,113422,168055,238962,325119,424126,531309,637451,1544117,856680,868616,844080,786066,701527,600541,491414,385195,289355,206249,140884,92330,57604,34305,19180,10223,5179,2485,1213,500,167,79,19,4,8,2,0,0,0,0,0,0,0,1,0
0,0,0,0,0,0,0,0,0,0,0,0,0,0,0,2,9,28,72,219,456,969,2051,4176,8259,14960,26692,45363,73240,112943,167865,238403,325322,423646,530226,638206,1542509,856791,868080,844416,787023,702147,600554,492023,385856,289054,206679,141477,92357,57692,34518,19195,10315,5116,2524,1199,471,209,54,26,7,7,2,0,0,0,0,0,0,0,1,0
0,0,0,0,0,0,0,0,0,0,0,0,0,0,1,1,11,27,66,219,449,967,2056,4246,8095,15118,26538,45199,72931,112703,167617,238137,324303,423936,529996,637437,1542301,856751,868412,843902,786388,703276,601477,492677,385319,289901,206947,141974,92248,57949,34578,19288,10236,5149,2565,1213,510,178,79,18,8,9,2,0,0,0,0,0,0,0,1,0
0,0,0,0,0,0,0,0,0,0,0,0,0,0,1,3,9,27,61,227,459,978,1985,4326,7931,15088,26659,45016,72984,112433,167298,236855,324386,423939,529545,636819,1541699,855175,869441,844511,787283,701706,603657,492909,386359,289273,207614,142333,92672,57843,34437,19413,10258,5204,2585,1221,493,193,66,16,10,6,0,2,0,0,0,0,0,0,1,0
0,0,0,0,0,0,0,0,0,0,0,0,0,0,1,3,13,18,81,198,443,969,2060,4168,8089,15060,26476,45123,72712,111895,167127,237409,323274,422387,529921,636382,1540800,855480,868520,845505,786502,704602,602869,494082,385531,290466,207925,142483,92960,57846,34330,19407,10510,5242,2538,1197,514,198,60,17,7,6,2,0,0,0,0,0,0,0,1,0
0,0,0,0,0,0,0,0,0,0,0,0,0,0,1,8,6,20,85,188,411,998,2072,4190,8003,15056,26534,44803,72605,112093,166193,236775,324112,420757,529363,635947,1540432,855822,867943,846240,787072,705319,602867,493523,387051,291002,207972,142278,93450,57898,34340,19639,10542,5310,2494,1194,495,213,66,13,9,2,2,0,0,0,0,0,0,0,1,0
0,0,0,0,0,0,0,0,0,0,0,0,0,0,3,7,5,27,78,173,414,1002,2115,4088,8087,14862,26582,44529,72297,112390,165943,236601,323076,420872,528342,635677,1538471,857661,866506,846490,788120,704995,604521,493685,387414,291565,208369,142248,93522,58079,34542,19480,10737,5332,2559,1156,474,198,85,19,6,2,2,0,0,0,0,0,0,0,1,0
0,0,0,0,0,0,0,0,0,0,0,0,0,0,1,8,10,22,71,188,411,992,2088,4096,8026,14816,26555,44629,71832,112116,165958,236419,322031,420458,528255,635177,1539065,855562,868041,845267,789204,705288,605373,493696,388452,291316,208666,142700,93528,58248,34706,19514,10732,5392,2524,1190,484,185,84,24,4,3,1,0,0,0,0,0,0,0,1,0
0,0,0,0,0,0,0,0,0,0,0,0,0,1,2,3,9,22,77,180,408,1009,2084,4085,7947,14953,26223,44537,71918,111588,165964,236113,321624,420652,527011,634057,1539712,854913,867702,845362,789652,706782,604214,495089,388679,291739,208924,143002,93832,58515,34543,19659,10691,5447,2522,1155,499,193,80,25,5,4,1,0,0,0,0,0,0,0,1,0
0,0,0,0,0,0,0,0,0,0,0,0,0,0,2,2,13,22,79,163,423,960,2120,4107,7994,14781,26192,44369,71756,111725,165827,235557,321571,419807,526747,632918,1538207,855717,868254,845419,790616,705991,604673,495824,389404,291741,209453,143235,94125,58634,34617,19796,10633,5422,2539,1186,477,193,80,25,9,2,1,0,0,0,0,0,0,0,1,0
0,0,0,0,0,0,0,0,0,0,0,0,0,1,1,3,12,23,71,179,423,956,2072,4133,7942,14888,25873,44286,71693,111694,165787,234922,321268,419195,525216,633403,1537950,855090,868361,846604,789978,706662,604587,496687,389743,292772,209007,143901,93992,58671,34969,19751,10636,5429,2596,1184,486,194,81,27,4,5,0,0,0,0,0,0,0,0,1,0
0,0,0,0,0,0,0,0,0,0,0,0,0,0,1,4,8,28,73,164,413,980,2077,4092,7961,14779,25995,44051,71912,111186,165032,235126,320169,419728,525074,632242,1537736,854889,868250,845897,790683,707283,605373,496684,390589,292785,209348,144191,94335,58726,35040,19923,10522,5447,2659,1153,490,198,74,27,7,3,1,0,0,0,0,0,0,0,1,0
0,0,0,0,0,0,0,0,0,0,0,0,0,0,1,4,8,28,71,177,443,949,2021,4125,7947,14870,25630,43909,71796,110934,164488,235300,319837,419003,525340,631997,1536836,853653,868415,847507,790392,706570,606448,497368,390681,292898,210343,144193,94781,58797,35182,19773,10588,5457,2650,1184,506,202,68,25,8,4,1,0,0,0,0,0,0,0,1,0
0,0,0,0,0,0,0,0,0,0,0,0,0,0,1,2,14,21,66,183,416,1005,2030,4063,7952,14560,25768,43956,71481,110631,164659,234363,319774,418500,525442,631085,1535637,854386,867946,847368,789973,708494,606445,497071,391752,293605,210780,144238,94794,59154,35283,19807,10634,5420,2643,1189,503,203,75,20,12,3,1,0,0,0,0,0,0,0,1,0
0,0,0,0,0,0,0,0,0,0,0,0,0,0,2,4,7,26,66,190,425,979,1971,4075,7952,14463,25916,43798,71017,111199,164180,233390,319511,417860,525647,631050,1533941,855324,866651,848904,790074,707842,606917,498085,391466,294590,211039,144814,94549,59733,35005,20056,10618,5445,2669,1132,511,192,90,21,7,4,1,0,0,0,0,0,0,0,1,0
0,0,0,0,0,0,0,0,0,0,0,0,0,1,1,5,5,25,68,179,451,930,2007,4069,7892,14452,26036,43760,70725,110329,164441,233586,318810,417609,524162,630744,1534512,853346,869771,847012,790113,708898,606184,498992,392833,294756,211222,144796,95005,59644,35212,20065,10654,5484,2631,1150,511,212,83,23,8,4,0,0,0,0,0,0,0,0,1,0
0,0,0,0,0,0,0,0,0,0,0,0,0,1,2,4,8,19,68,193,428,954,2002,4039,7885,14480,25844,43766,70569,109879,164144,233606,318788,416736,522895,631247,1533003,853534,869512,846744,792217,707664,608389,498731,393107,294326,212360,144755,95715,59418,35468,19961,10850,5488,2592,1164,523,208,84,23,11,4,0,0,0,0,0,0,0,0,1,0
0,0,0,0,0,0,0,0,0,0,0,0,0,2,3,3,5,22,70,174,426,931,2036,4078,7766,14519,25689,43709,70538,109712,163400,233523,318225,415717,524234,630375,1531013,855171,867616,847944,791924,709935,607405,499915,392324,294721,212704,145722,95723,59526,35725,19923,10661,5671,2609,1136,568,192,82,31,9,1,0,0,0,0,0,0,0,0,1,0
0,0,0,0,0,0,0,0,0,0,0,0,0,0,3,6,5,17,75,185,408,942,2074,4001,7805,14490,25471,43692,70302,109414,163830,232740,318089,415112,523765,630259,1529906,853629,869044,848157,791921,710742,608226,499359,392627,295586,212666,146334,96160,59649,35596,20109,10764,5595,2632,1141,556,197,89,26,12,0,0,0,0,0,0,0,0,0,1,0
0,0,0,0,0,0,0,0,0,0,0,0,0,0,2,6,7,21,56,180,437,931,2029,4064,7782,14357,25648,43505,70199,109154,162658,232512,317937,416115,522141,629174,1530100,854443,867990,848116,793423,710009,608656,500292,393083,296077,212712,146919,96076,59500,35990,19967,10824,5599,2660,1184,533,215,91,28,6,0,0,0,0,0,0,0,0,0,1,0
0,0,0,0,0,0,0,0,0,0,0,0,0,1,2,4,9,23,64,174,410,963,1988,4011,7800,14471,25538,43360,70234,108834,162417,231632,317982,415682,521214,629100,1530713,851315,870026,847736,794026,710790,608769,500879,393749,296061,213212,146995,96331,59714,35813,20321,10786,5522,2665,1187,538,220,91,32,4,0,0,0,0,0,0,0,0,0,1,0
0,0,0,0,0,0,0,0,0,0,0,0,0,1,1,6,8,19,82,153,448,911,2002,3931,7811,14391,25416,43367,70059,108840,162150,231534,316673,415880,519921,628770,1529937,853708,867911,848327,793127,712219,610197,500164,394431,296648,213523,147043,96735,59773,35777,20458,10803,5520,2641,1206,544,219,84,32,7,0,0,0,0,0,0,0,0,0,1,0
0,0,0,0,0,0,0,0,0,0,0,0,1,1,2,5,6,22,76,143,451,912,2007,3901,7803,14335,25605,42955,69720,108801,161917,231156,317015,414542,520282,627654,1528517,853603,868511,849376,793012,712357,610649,500978,394766,296530,214355,147434,96368,60022,36188,20202,11039,5455,2666,1166,545,231,77,41,7,1,0,0,0,0,0,0,0,0,1,0
0,0,0,0,0,0,0,0,0,0,0,1,0,0,3,5,8,28,75,161,406,941,1941,3930,7792,14286,25229,43278,69517,108338,162225,230534,316486,414008,520270,627122,1528419,853055,868690,847930,794959,712901,610407,501512,394847,297265,214620,147583,96429,60465,36096,20465,10915,5480,2671,1213,540,234,83,34,11,0,0,0,0,0,0,0,0,0,1,0
0,0,0,0,0,0,0,0,0,0,0,1,0,0,3,3,13,24,68,179,390,928,1945,3909,7667,14380,25157,42973,69753,107789,161667,231164,314941,414813,519061,627087,1526922,853852,867984,848489,795308,713335,611356,501552,395376,297715,215016,147508,96668,60680,36045,20563,10837,5493,2696,1204,525,246,82,29,12,0,0,0,0,0,0,0,0,0,1,0
0,0,0,0,0,0,0,0,0,0,0,0,1,0,2,3,12,24,73,174,387,893,1939,3957,7585,14266,25189,42994,69324,107628,162347,229724,315493,413252,518812,626821,1526357,852635,868270,849716,795330,713247,612150,502240,396187,298441,214459,147750,97231,60670,36165,20387,10962,5502,2703,1220,533,242,68,30,12,1,0,0,0,0,0,0,0,0,1,0
0,0,0,0,0,0,0,0,0,0,0,0,1,1,1,1,11,27,68,166,427,858,1910,3924,7671,14089,25212,42924,69221,107823,161228,229695,314348,412921,518763,626841,1525479,852879,868731,848897,796390,713575,611749,503377,396348,298265,215076,148271,97401,60902,36099,20487,10982,5527,2717,1241,533,228,86,26,8,3,0,0,0,0,0,0,0,0,1,0
0,0,0,0,0,0,0,0,0,0,0,0,1,1,0,2,9,33,66,169,393,887,1899,3979,7524,14121,25153,42650,69493,107724,160281,230116,313654,412254,518913,626342,1523322,853049,869967,849951,795047,712981,613693,502601,397742,299342,214987,148789,97138,60948,36372,20298,11071,5646,2720,1181,545,222,94,28,8,2,0,0,0,0,0,0,0,0,1,0
0,0,0,0,0,0,0,0,0,0,0,0,1,1,0,1,6,36,69,156,384,912,1975,3822,7565,14136,25108,42765,68923,107449,160646,228749,313743,412757,517446,625370,1524113,851551,870519,849208,796681,713115,613135,504329,397965,299484,215520,148979,97313,61224,36231,20577,11030,5624,2666,1227,545,226,87,28,9,1,1,0,0,0,0,0,0,0,1,0
0,0,0,0,0,0,0,0,0,0,0,0,1,1,0,1,3,35,61,178,366,961,1935,3877,7522,14086,25107,42381,68638,107419,160286,229019,313880,410398,518221,624140,1523426,852081,869997,850850,795725,713969,612550,506087,397919,300021,216260,148417,97438,61532,36637,20493,10975,5681,2671,1286,533,220,80,36,4,3,1,0,0,0,0,0,0,0,1,0
0,0,0,0,0,0,0,0,0,0,0,0,1,1,0,1,5,30,69,158,426,872,1970,3903,7433,13990,25099,42106,68713,107156,160224,228917,312153,411160,517288,623857,1523029,851129,870675,850734,796788,714189,613839,505987,397833,299912,216321,149160,98023,61507,36488,20677,11054,5700,2707,1239,536,221,99,22,3,4,0,0,0,0,0,0,0,0,1,0
0,0,0,0,0,0,0,0,0,0,0,0,1,1,1,2,8,26,57,176,395,910,1950,3918,7535,13996,24775,42279,68405,107230,159559,228094,312569,410821,515688,624379,1521942,851032,870721,850662,795543,716324,614852,506454,398015,299982,216834,149451,98249,61516,36700,20702,11127,5655,2745,1240,538,215,96,25,10,3,0,0,0,0,0,0,0,0,1,0
0,0,0,0,0,0,0,0,0,0,0,0,1,1,0,4,9,21,64,178,384,911,1983,3885,7485,13863,24948,41940,68440,106857,159983,227638,312587,409809,516122,622623,1521740,850786,870290,849950,797776,715113,615537,506739,399041,300527,217373,149435,98213,61769,36738,20894,11239,5604,2814,1192,562,202,99,22,16,1,0,0,0,0,0,0,0,0,1,0
0,0,0,0,0,0,0,0,0,0,0,0,1,0,1,3,6,24,65,159,429,843,1938,3889,7442,13751,24707,42153,68316,106885,159176,227203,311525,410324,516579,621656,1520549,850491,869972,851116,797186,716729,614883,507443,399791,301800,217000,149508,98345,61921,36912,20950,11149,5708,2736,1259,532,206,104,34,9,0,0,0,0,0,0,0,0,0,1,0
0,0,0,0,0,0,0,0,0,0,0,0,1,1,1,2,4,30,71,157,393,916,1918,3860,7440,13743,24481,42059,68438,106659,158511,227044,312221,409155,515540,621869,1519278,851087,868336,851581,798201,716833,615743,508275,400159,301749,217771,149600,98373,61795,37337,21064,11121,5714,2737,1251,538,210,90,42,7,2,0,0,0,0,0,0,0,0,1,0
0,0,0,0,0,0,0,0,0,0,0,0,1,0,1,3,9,26,76,151,401,896,1887,3880,7469,13643,24421,41861,68492,106224,158198,227359,311335,408866,514877,621857,1518345,850937,868501,851518,798986,716485,616443,507888,402047,301541,218117,149812,98585,62072,37411,21016,11203,5614,2790,1315,505,209,88,32,15,0,0,0,0,0,0,0,0,0,1,0
0,0,0,0,0,0,0,0,0,0,0,0,1,0,2,1,8,22,72,152,386,869,1908,3841,7380,13869,24165,41717,68495,105640,158700,226828,311280,408442,514257,621282,1517595,849264,869631,852080,798344,718047,616678,508786,401249,303029,217889,150068,99357,61817,37253,21154,11175,5648,2898,1235,557,201,90,31,9,6,0,0,0,0,0,0,0,0,1,0
0,0,0,0,0,0,0,0,0,0,0,1,0,0,2,2,10,21,52,185,371,845,1890,3850,7435,13645,24447,41757,67745,105993,158091,226583,311520,406989,513284,620918,1517450,850844,868045,851938,799092,717512,618410,508446,402518,303000,218219,150624,99190,62089,37264,21185,11152,5822,2809,1286,517,224,92,30,6,8,0,0,0,0,0,0,0,0,1,0
0,0,0,0,0,0,0,0,0,0,0,0,1,0,2,3,9,16,54,189,355,842,1920,3797,7336,13757,24295,41560,67725,105980,157993,225753,310434,408363,512334,620284,1515983,850128,870035,850769,798434,720267,618159,509246,402220,304109,218224,150772,99234,62274,37297,21159,11264,5825,2820,1285,539,232,87,26,12,5,1,0,0,0,0,0,0,0,1,0
0,0,0,0,0,0,0,0,0,0,0,0,1,0,1,3,9,19,59,166,379,860,1833,3836,7275,13750,24280,41455,67871,105559,157541,225253,310328,408024,512518,619081,1515057,850452,869624,851537,798703,719748,619283,509840,402369,304035,219261,150966,99222,62372,37450,21174,11386,5804,2835,1293,529,231,98,23,10,4,1,0,0,0,0,0,0,0,1,0
0,0,0,0,0,0,0,0,0,0,0,0,0,2,0,3,6,20,67,172,386,851,1858,3702,7318,13672,24497,41202,67614,105371,157331,225448,309783,407037,512649,618056,1515396,850366,868337,851667,799792,719989,619556,509724,403274,305158,219163,151212,99098,62828,37162,21216,11562,5794,2860,1296,526,259,84,30,11,2,1,0,0,0,0,0,0,0,1,0
0,0,0,0,0,0,0,0,0,0,0,0,0,1,1,2,6,22,62,162,380,854,1831,3733,7278,13715,24280,41294,67355,104846,157474,224755,309429,407105,511882,617976,1513695,850653,868681,852255,800284,719098,620276,510987,403720,304965,219323,151560,99409,62935,37451,21198,11664,5847,2760,1275,549,239,100,24,13,4,0,0,0,0,0,0,0,0,1,0
0,0,0,0,0,0,0,0,0,0,0,0,0,0,1,3,8,22,61,155,380,849,1845,3716,7251,13591,24138,41487,67027,104802,157041,225269,308054,406813,511751,617395,1513256,849227,869299,852682,799910,720104,620648,511782,405602,303716,220095,151112,100082,63108,37192,21403,11717,5804,2767,1268,618,216,100,23,16,1,1,0,0,0,0,0,0,0,1,0
0,0,0,0,0,0,0,0,0,0,0,0,0,0,4,1,7,19,60,177,358,877,1876,3699,7276,13374,24188,41362,66987,104537,156345,225172,307973,406033,511476,617064,1512695,849784,868147,852220,801039,720992,620057,513150,405003,305127,219889,151621,100448,63104,37446,21276,11667,5801,2801,1313,570,264,78,35,13,2,1,0,0,0,0,0,0,0,1,0
0,0,0,0,0,0,0,0,0,0,0,0,0,0,1,4,6,23,71,139,412,823,1866,3702,7227,13379,24359,40993,66826,104423,156197,224098,307861,405613,510921,616725,1512101,849380,868981,851899,801878,721186,620692,513074,405099,305945,220440,151771,100318,63416,37682,21340,11591,5859,2827,1290,597,232,95,34,10,1,1,0,0,0,0,0,0,0,1,0
0,0,0,0,0,0,0,0,0,0,0,0,0,0,1,3,10,19,58,169,370,868,1839,3613,7260,13476,24154,41066,66826,104031,156118,223051,308133,404618,511256,616185,1510751,850231,868207,852680,802129,720498,621603,512920,406254,306379,220505,152577,100388,63341,37674,21456,11661,5950,2816,1284,588,253,90,37,9,2,1,0,0,0,0,0,0,0,1,0
0,0,0,0,0,0,0,0,0,0,0,0,0,0,1,1,10,20,57,153,378,856,1789,3631,7273,13577,24004,40848,66791,103752,155733,222709,307836,404687,510497,614886,1510904,849957,868225,853324,800971,722102,622303,513847,405115,306655,221800,152762,100552,63453,37773,21355,11809,5835,2870,1327,577,260,104,30,7,1,1,0,0,0,0,0,0,0,1,0
0,0,0,0,0,0,0,0,0,0,0,0,0,0,2,2,7,23,52,152,377,848,1778,3650,7191,13540,23941,40741,66566,103888,155035,223334,306885,404027,510022,614880,1509742,849842,869045,853200,801758,720937,624149,513640,405546,306717,222624,152555,101007,63587,37833,21602,11576,5968,2862,1300,588,256,96,28,5,4,0,0,0,0,0,0,0,0,1,0
0,0,0,0,0,0,0,0,0,0,0,0,0,0,2,2,9,21,52,143,374,793,1850,3606,7165,13417,23974,40760,66556,103210,155057,224245,304628,403755,509025,615778,1509377,849449,870068,851719,801847,722410,623421,513172,406828,307624,222805,152962,101194,63817,38134,21453,11570,6019,2863,1266,591,269,89,30,6,3,0,0,0,0,0,0,0,0,1,0
0,0,0,0,0,0,0,0,0,0,0,0,0,0,1,2,13,23,48,150,322,822,1815,3644,7209,13347,23948,40639,65890,103972,154980,222514,305399,403284,508884,614458,1507277,850609,869889,852304,801613,724128,622682,514283,407784,307709,222637,153800,101020,63663,38240,21651,11587,6013,2894,1287,583,268,86,27,8,2,0,0,0,0,0,0,0,0,1,0
0,0,0,0,0,0,0,0,0,0,0,0,0,0,0,2,16,19,57,135,348,839,1710,3623,7218,13241,23944,40816,66070,103437,154908,221664,305246,402466,508814,613836,1507086,849928,869604,851209,803833,723980,623150,515160,407796,308061,223115,153989,101264,64056,38180,21814,11630,5917,2991,1269,584,257,86,31,8,1,0,0,0,0,0,0,0,0,1,0
0,0,0,0,0,0,0,0,0,0,0,0,0,0,0,2,15,25,46,132,370,774,1769,3611,7136,13338,23771,40759,66031,103515,153757,222217,304356,402119,508242,613134,1508838,847668,869101,852195,804157,724250,622886,515421,408640,308814,223569,154250,101238,64245,38403,21718,11685,5999,2930,1314,606,230,86,37,9,0,0,0,0,0,0,0,0,0,1,0
0,0,0,0,0,0,0,0,0,0,0,0,0,0,0,3,13,20,58,138,329,814,1723,3660,7095,13400,23684,40238,66438,102587,154326,221891,303730,401864,506900,613925,1506439,848873,868727,853126,803330,723736,625675,515507,408822,309038,223228,154805,101744,63988,38806,21730,11739,6065,2915,1316,573,250,90,41,9,0,0,0,0,0,0,0,0,0,1,0
0,0,0,0,0,0,0,0,0,0,0,0,0,0,0,4,8,21,58,131,332,836,1735,3639,7061,13197,23872,40028,66256,102535,153648,221428,303852,400699,506403,614363,1505336,849317,867903,853417,804844,723873,625243,516140,409452,309403,223471,154859,102302,64157,38654,21854,11819,6058,2934,1317,565,235,102,38,8,1,0,0,0,0,0,0,0,0,1,0
0,0,0,0,0,0,0,0,0,0,0,0,0,0,0,3,7,23,50,139,340,814,1784,3562,7044,13260,23466,40408,66149,102619,152943,220633,303596,400024,506915,612015,1506913,847820,869292,852829,805196,724607,624828,517804,408927,309420,224258,155407,102439,64213,38629,21922,11801,6131,2926,1321,545,227,108,43,8,0,0,0,0,0,0,0,0,0,1,0
0,0,0,0,0,0,0,0,0,0,0,0,0,0,0,3,8,21,54,145,343,802,1774,3614,7032,13099,23400,40204,66064,102514,152907,219921,303307,400395,505137,613176,1504979,847990,869102,853565,804306,725815,625460,517845,409883,309290,224810,155357,102613,64635,38836,21917,11794,6050,2923,1373,566,229,89,51,9,1,0,0,0,0,0,0,0,0,1,0
0,0,0,0,0,0,0,0,0,0,0,0,0,0,0,0,9,25,54,151,352,794,1760,3505,7123,13033,23314,40105,65876,101965,153304,220241,301689,400241,505703,612366,1502877,847706,868841,854920,805370,725101,626097,518522,409782,310686,224812,155629,102575,64831,38850,22074,11867,5998,2971,1343,557,235,102,39,11,2,0,0,0,0,0,0,0,0,1,0
0,0,0,0,0,0,0,0,0,0,0,0,0,0,0,0,9,24,59,148,332,797,1800,3518,6952,13088,23178,40043,65163,102455,153028,219755,301758,399843,504811,611077,1503184,847802,868821,854967,806150,724228,627405,518179,410512,311378,224991,155823,103043,64749,39041,22145,11734,6113,3015,1355,541,239,104,34,13,4,0,0,0,0,0,0,0,1,0,0
0,0,0,0,0,0,0,0,0,0,0,0,0,0,0,1,5,32,55,146,322,806,1766,3527,7039,12948,23212,39775,64794,102317,152860,219348,301894,399133,504889,611543,1502271,845685,869646,855079,805539,725374,627340,518709,411412,311810,225620,155814,103241,65108,39000,22083,11894,6048,3008,1336,583,244,103,30,13,6,0,0,0,0,0,0,0,1,0,0
0,0,0,0,0,0,0,0,0,0,0,0,0,0,0,1,10,24,52,148,348,791,1750,3499,7053,12964,23038,39707,64995,101713,152904,219080,301926,397416,505242,610410,1500376,848018,868759,854295,805912,726554,627656,519503,412565,311349,225749,156388,103137,65317,39135,22239,12010,6083,2936,1358,607,251,83,37,14,5,1,0,0,0,0,0,0,0,1,0
0,0,0,0,0,0,0,0,0,0,0,0,0,0,0,2,9,20,64,158,329,815,1669,3563,6951,12897,23325,39407,64955,101675,152537,218745,301485,397661,502911,610211,1501126,846941,868557,855611,806179,726733,627697,519451,413604,311966,226030,156637,103140,65515,39166,22135,12075,6205,2912,1328,642,230,79,37,17,3,3,0,0,0,0,0,0,0,1,0
0,0,0,0,0,0,0,0,0,0,0,0,0,0,0,2,9,17,68,148,360,786,1730,3529,6836,13164,23082,39453,65082,100988,152460,218169,300870,396817,503302,609701,1500718,844958,869807,855884,806860,726917,628487,520522,412872,312323,226903,156576,103482,65473,39339,22020,12226,6153,2966,1359,617,222,90,41,13,4,2,1,0,0,0,0,0,0,1,0
0,0,0,0,0,0,0,0,0,0,0,0,0,0,1,1,6,24,56,147,360,770,1763,3520,6945,12923,23147,39473,64553,101361,151683,218579,299701,396367,502824,610023,1498483,845936,869303,855754,807383,727561,629227,521375,413114,312906,226621,157102,103871,65219,39317,22350,12087,6186,3027,1388,596,229,89,36,13,6,2,0,0,0,0,0,0,0,1,0
0,0,0,0,0,0,0,0,0,0,0,0,0,0,0,2,7,22,66,152,343,784,1752,3499,6920,12957,22994,39338,64324,101339,151781,217204,300257,395569,502379,608677,1498901,846318,868327,856173,807590,727883,629430,521294,414139,313656,227002,157570,104099,64960,39584,22388,12133,6162,3043,1406,601,227,103,32,14,6,1,0,0,0,0,0,0,0,1,0
0,0,0,0,0,0,0,0,0,0,0,0,0,0,0,2,7,21,53,164,329,831,1646,3627,6802,12836,23247,39136,64160,101057,151309,217257,299641,395274,501819,607670,1498352,846134,868919,856577,807381,728268,629570,522922,413604,314210,227277,158161,104097,65320,39634,22273,12116,6262,3036,1414,601,239,99,34,16,2,2,0,0,0,0,0,0,0,1,0
0,0,0,0,0,0,0,0,0,0,0,0,0,0,0,2,6,26,52,139,358,778,1752,3442,6845,12745,23325,39013,64152,100614,151035,217622,298862,395686,500450,607280,1497501,846077,869569,856867,807703,727933,629940,523024,414232,314296,227981,158938,103465,65860,39594,22511,11951,6317,3048,1419,603,243,93,41,11,6,0,1,0,0,0,0,0,0,1,0
0,0,0,0,0,0,0,0,0,0,0,0,0,0,0,3,7,25,58,140,354,768,1703,3536,6856,12741,22963,39344,63584,100594,150732,216146,299625,394937,500414,606690,1496106,846480,870885,855400,808268,729154,630224,522593,414959,315574,227900,158515,103974,66158,39627,22477,12195,6223,3038,1449,604,239,88,40,11,5,2,0,0,0,0,0,0,0,1,0
0,0,0,0,0,0,0,0,0,0,0,0,0,0,0,3,9,29,49,149,347,757,1670,3499,6918,12780,22749,39289,63911,100233,150287,215931,298603,394886,499880,606245,1496053,845654,870781,856291,808158,730036,630853,522201,415825,315530,228397,158530,104411,66312,39552,22605,12193,6343,3035,1441,600,233,97,40,5,6,2,0,0,0,0,0,0,0,1,0
0,0,0,0,0,0,0,0,0,0,0,0,0,0,0,3,8,29,54,142,332,753,1693,3548,6897,12690,22615,39051,64059,99645,150477,215409,297833,394628,498749,606813,1495728,845970,869604,856757,807908,730706,630482,524998,414903,315687,229072,158284,105385,65921,39840,22621,12284,6354,3026,1446,634,225,99,31,10,3,2,0,0,0,0,0,0,0,1,0
0,0,0,0,0,0,0,0,0,0,0,0,0,0,0,5,7,29,53,138,311,784,1686,3488,6848,12699,22779,38817,63624,100037,149260,215461,298614,393263,498614,605877,1494423,846180,869983,855304,809713,730750,631642,525261,415715,315963,229311,158300,105251,66359,39908,22665,12482,6327,3039,1420,629,253,95,27,11,2,1,0,0,0,0,0,0,0,1,0
0,0,0,0,0,0,0,0,0,0,0,0,0,0,0,5,8,24,60,120,320,817,1624,3523,6779,12654,22848,38686,63594,99708,149175,215384,298037,392520,497643,605464,1495407,845232,869129,856491,809562,730177,633489,524195,417450,315974,229634,158511,105578,66313,40184,22697,12519,6393,3044,1414,646,232,98,34,10,1,1,0,0,0,0,0,0,1,0,0
0,0,0,0,0,0,0,0,0,0,0,0,0,0,1,4,8,29,57,128,321,793,1681,3467,6731,12751,22526,38769,63522,99231,149032,215038,297810,392045,497793,604002,1494263,845957,868758,857296,808695,731165,634586,524230,418034,316195,230270,158920,105316,66522,40133,22985,12454,6368,3068,1442,607,268,90,35,10,2,0,0,0,0,0,0,0,1,0,0
0,0,0,0,0,0,0,0,0,0,0,0,0,0,1,4,12,27,55,147,297,777,1682,3497,6678,12817,22373,38781,63279,98960,149221,214758,296381,392128,497707,604455,1492712,845365,868765,857381,809724,732272,633146,525698,417786,317309,230261,159059,105764,66542,40443,22619,12578,6422,3058,1450,630,248,94,31,10,4,0,0,0,0,0,0,0,1,0,0
0,0,0,0,0,0,0,0,0,0,0,0,0,0,3,2,11,18,61,133,321,761,1677,3492,6758,12615,22454,38501,63279,98809,149124,214020,296521,391272,497342,603696,1491485,846811,868448,856817,810473,732468,633960,525605,418503,317754,229735,160522,105699,66781,40154,22845,12513,6382,3139,1453,599,255,97,28,8,4,0,0,0,0,0,0,0,1,0,0
0,0,0,0,0,0,0,0,0,0,0,0,0,0,1,6,10,19,51,146,318,716,1708,3449,6823,12508,22647,38271,62773,98805,148929,214309,295136,391261,495980,604635,1490845,844240,870787,856837,809620,734521,633550,525585,419791,317354,230850,160130,106143,67136,40103,22938,12463,6374,3123,1502,619,263,97,24,7,5,0,0,0,0,0,0,0,1,0,0
0,0,0,0,0,0,0,0,0,0,0,0,0,0,1,4,12,18,57,139,306,737,1643,3451,6752,12452,22681,38131,62660,98567,149096,213790,294452,390875,495810,602844,1491673,845214,869176,856418,811213,734252,634474,526558,419160,317548,231015,160471,107203,66830,40341,22814,12443,6574,3062,1458,633,268,93,28,6,4,1,0,0,0,0,0,0,1,0,0
0,0,0,0,0,0,0,0,0,0,0,0,0,1,0,8,6,20,57,132,340,742,1610,3451,6646,12552,22622,37941,62517,98680,148688,213506,293906,390655,493974,604241,1491240,844208,868374,857997,810818,734215,635280,527856,418577,318377,231347,160573,106985,67336,40422,22937,12392,6545,3142,1439,653,270,88,27,12,3,0,0,0,0,0,0,0,1,0,0
0,0,0,0,0,0,0,0,0,0,0,0,0,1,0,2,10,20,52,145,339,753,1629,3373,6640,12608,22363,38107,62504,98587,148084,213049,294134,389069,495008,602216,1489822,844934,869285,858204,810333,733867,636183,528665,419067,318989,231534,161275,106910,67365,40464,23160,12446,6599,3176,1371,669,264,93,29,9,2,0,0,0,0,0,0,0,1,0,0
0,0,0,0,0,0,0,0,0,0,0,0,0,0,1,2,8,22,52,150,326,763,1615,3432,6619,12481,22198,38152,62300,98290,147767,212755,293985,389320,493540,603389,1488526,843861,869494,858273,811577,733273,636404,529043,420101,319445,231966,161456,106979,67351,40532,23113,12651,6644,3068,1434,664,259,85,31,7,4,0,0,0,0,0,0,0,1,0,0
0,0,0,0,0,0,0,0,0,0,0,0,0,0,0,5,4,19,47,154,331,764,1625,3355,6642,12447,22261,38083,62337,97993,147269,212626,293777,388098,493020,602698,1487520,844462,869993,857885,811743,733569,637843,528906,421039,319377,231980,162424,106797,67802,40394,23182,12728,6607,3122,1487,607,260,81,32,9,4,0,0,0,0,0,0,0,0,1,0
0,0,0,0,0,0,0,0,0,0,0,0,0,0,0,6,6,20,53,134,346,711,1639,3371,6614,12490,22169,37868,62394,97601,147229,212113,292786,388118,492876,601585,1487366,844683,869248,859141,810849,734415,637896,529809,421310,319452,233716,161337,107622,67591,40567,23327,12651,6648,3141,1529,605,247,75,44,6,3,1,0,0,0,0,0,0,0,1,0
0,0,0,0,0,0,0,0,0,0,0,0,0,0,1,3,10,20,47,148,327,744,1614,3306,6615,12349,22339,37813,62195,97109,147231,211700,292339,388295,492213,601122,1485677,844554,870699,858032,811259,735165,637890,530475,421285,321446,232715,162177,107659,67968,40372,23511,12708,6593,3210,1523,571,235,94,37,11,2,0,0,0,0,0,0,0,0,1,0
0,0,0,0,0,0,0,0,0,0,0,0,0,0,0,3,8,21,47,166,319,721,1651,3297,6549,12334,22259,37441,62025,97290,146913,211074,292421,387841,491561,599972,1485789,844802,869985,857831,811561,736163,638444,530901,421985,320815,233597,162373,108173,67930,40617,23391,12849,6595,3246,1451,611,244,96,29,14,3,0,0,0,0,0,0,0,0,1,0
0,0,0,0,0,0,0,0,0,0,0,0,0,0,0,2,9,16,65,134,343,737,1597,3408,6443,12255,22056,37688,61496,97590,145825,211560,291905,386858,491536,599428,1485102,845078,869444,858001,811343,736510,640329,530215,423040,321397,233532,162933,108045,67826,41020,23542,12775,6695,3189,1434,619,245,94,33,10,6,0,0,0,0,0,0,0,0,1,0
0,0,0,0,0,0,0,0,0,0,0,0,0,0,0,3,7,16,66,147,333,727,1612,3348,6398,12305,21906,37615,61705,97091,146130,210618,292338,386291,490265,599440,1485251,842646,870188,857892,811922,737458,639153,532310,422211,322689,234493,162776,108031,68265,40990,23559,12859,6675,3225,1438,619,259,96,24,13,5,0,0,0,0,0,0,0,0,1,0
0,0,0,0,0,0,0,0,0,0,0,0,0,0,0,1,9,16,58,150,333,716,1592,3288,6464,12206,22066,37484,61260,97097,145972,210543,291588,385455,490957,598492,1484320,843063,868979,858521,813000,736668,640514,532892,422607,322351,235188,163300,107778,68592,40947,23639,12846,6739,3253,1445,618,255,95,38,10,3,0,0,0,0,0,0,0,0,1,0
0,0,0,0,0,0,0,0,0,0,0,0,0,0,0,1,10,19,61,128,331,737,1550,3308,6481,12125,21843,37468,61522,96428,145724,210794,290659,384576,491088,597994,1483895,842785,868846,858261,813517,737578,640204,533407,423261,323342,235115,163351,108336,68466,41074,23680,13019,6659,3308,1420,630,265,95,34,10,3,0,0,0,0,0,0,0,0,1,0
0,0,0,0,0,0,0,0,0,0,0,0,0,0,0,3,8,25,55,128,304,758,1577,3257,6449,12058,21933,37193,61516,96421,145238,210768,289706,384915,490783,597909,1480991,843952,868943,857801,814048,738120,641044,532313,425089,324067,234851,163613,108582,68531,41356,23770,12687,6826,3320,1440,652,263,101,30,10,3,1,0,0,0,0,0,0,0,1,0
0,0,0,0,0,0,0,0,0,0,0,0,0,0,0,2,6,29,48,143,314,758,1540,3304,6297,12083,21840,37112,61470,96278,145327,210102,289601,384214,489919,597179,1481565,843564,868662,858135,813958,739113,640739,533702,424881,324116,235352,164007,108746,68597,41556,23630,12863,6843,3245,1502,658,263,93,38,12,1,1,0,0,0,0,0,0,0,1,0
0,0,0,0,0,0,0,0,0,0,0,0,0,0,0,3,6,24,54,139,325,757,1569,3204,6417,12035,21544,37285,61089,96273,144993,209662,289890,384112,489106,595387,1481231,843548,868134,859698,813879,738725,641526,533884,425691,324563,235557,164024,108781,69297,41715,23629,13097,6672,3287,1525,654,275,87,44,10,0,0,1,0,0,0,0,0,0,1,0
0,0,0,0,0,0,0,0,0,0,0,0,0,0,1,2,3,22,64,134,321,751,1607,3139,6468,11932,21517,37153,61064,96305,144884,209249,289120,382951,489181,595397,1480809,841970,869447,859639,814151,738563,642398,534526,425804,324866,236096,164331,109287,68836,41838,24005,12905,6776,3296,1521,649,274,106,39,9,1,0,1,0,0,0,0,0,0,1,0
0,0,0,0,0,0,0,0,0,0,0,0,0,0,1,2,2,21,61,149,314,753,1587,3266,6239,11930,21215,37315,61327,95727,144878,208063,289272,383036,488138,595727,1478144,842743,869154,860588,813907,739859,643005,534561,426458,324616,236748,164516,109237,69465,41482,24285,12990,6729,3280,1538,663,265,102,39,9,1,0,1,0,0,0,0,0,0,1,0
0,0,0,0,0,0,0,0,0,0,0,0,0,0,2,0,10,22,52,147,330,746,1578,3207,6357,11747,21488,37054,60968,95865,144073,207922,288290,383303,487777,595511,1478319,841513,869384,859083,816164,738603,643550,536446,425854,325480,237366,164694,109269,69506,41812,24150,13057,6805,3262,1554,661,275,105,37,9,0,1,0,0,0,0,0,0,0,1,0
0,0,0,0,0,0,0,0,0,0,0,0,0,1,1,2,11,16,55,153,320,764,1563,3224,6230,11737,21428,37159,60722,95311,143930,207598,288103,382827,487313,594730,1478465,841724,867819,860153,815507,740313,643724,536563,426745,325383,237713,165148,109444,69356,42156,24132,13095,6838,3276,1557,693,248,101,43,11,2,1,0,0,0,0,0,0,0,1,0
0,0,0,0,0,0,0,0,0,0,0,0,0,1,1,1,10,20,56,136,319,769,1535,3309,6116,11804,21326,37154,60498,95164,142942,207952,287408,382576,486987,593994,1477854,841723,869151,858074,816333,740585,644356,537074,428070,325504,237725,165125,109834,69581,42217,24269,13008,6842,3386,1535,669,262,89,49,13,2,0,0,0,0,0,0,0,0,1,0
0,0,0,0,0,0,0,0,0,0,0,0,0,0,1,5,10,15,54,138,300,750,1552,3287,6042,11855,21514,36722,60365,95245,142511,207972,287170,381667,486034,594846,1476551,841213,869407,859197,815534,741206,644541,537256,429011,326113,237584,165274,110576,69545,42214,24079,13211,6786,3423,1551,670,259,97,38,13,3,1,0,0,0,0,0,0,0,1,0
0,0,0,0,0,0,0,0,0,0,0,0,0,0,0,6,9,12,58,141,287,744,1583,3203,6160,11750,21481,36916,60044,94882,143270,206331,287042,381464,485817,593264,1477049,840197,868292,860362,816692,740615,645171,539279,427919,326670,237912,166098,110502,69590,42245,24259,13226,6888,3387,1530,626,276,103,38,13,4,1,0,0,0,0,0,0,0,1,0
0,0,0,0,0,0,0,0,0,0,0,0,0,0,2,5,9,15,50,126,336,709,1533,3153,6245,11803,21490,36651,59709,95127,142811,206287,285858,381935,485596,591861,1476828,840328,868614,859365,816584,742452,644879,538188,429847,327167,239046,165640,110511,70280,42084,24116,13215,6941,3451,1496,636,254,123,37,10,4,1,0,0,0,0,0,0,0,1,0
0,0,0,0,0,0,0,0,0,0,0,0,0,0,2,5,7,19,51,118,339,731,1522,3116,6252,11810,21236,36609,60058,94448,142407,206576,285565,380914,485084,592167,1475801,840613,867875,859639,817193,742294,645747,538550,429923,327888,238715,166566,110679,70305,42072,24275,13246,6925,3511,1489,639,247,128,32,14,4,2,0,0,0,0,0,0,0,1,0
0,0,0,0,0,0,0,0,0,0,0,0,0,0,4,2,8,19,46,118,317,735,1573,3110,6171,11534,21521,36277,60286,93836,142077,206126,286009,380119,484437,591164,1475724,840008,868907,859428,817235,742308,646847,538774,430531,328316,239434,166272,111057,69976,42434,24368,13312,6979,3436,1507,614,289,106,40,12,4,1,0,0,0,0,0,0,0,1,0
0,0,0,0,0,0,0,0,0,0,0,0,0,1,3,1,6,16,51,118,313,762,1550,3136,6046,11709,21135,36551,59943,93691,141730,205473,286133,379467,484013,592284,1473813,840672,867192,860281,816997,743321,647617,538873,430836,328728,239509,166917,110926,70371,42396,24422,13330,7055,3412,1526,635,281,111,36,15,3,1,0,0,0,0,0,0,0,1,0
0,0,0,0,0,0,0,0,0,0,0,0,1,0,2,2,5,22,50,119,309,749,1517,3109,6204,11438,21346,36178,59635,93934,141451,204929,285372,380037,482653,591503,1473775,839882,867989,860523,816368,743752,648432,540759,430011,329658,239553,167089,111256,70322,42691,24267,13529,6920,3461,1536,628,285,102,36,15,3,1,0,0,0,0,0,0,0,1,0
0,0,0,0,0,0,0,0,0,0,0,0,0,1,1,2,9,18,50,121,332,725,1515,3047,6209,11734,20986,35836,59781,93584,141487,204907,284181,379476,483198,590931,1471935,840428,868722,859807,816741,743913,649423,541154,431672,328783,240018,167156,111446,70264,42735,24599,13433,7059,3401,1499,654,278,97,43,12,2,2,1,0,0,0,0,0,0,1,0
0,0,0,0,0,0,0,0,0,0,0,0,0,1,0,5,6,15,48,149,310,733,1458,3034,6205,11799,20847,36069,59297,93440,141267,204595,284574,378038,483051,591068,1470605,840260,868507,859437,817851,745238,648746,541460,432713,329342,239732,167795,110998,70804,42756,24415,13691,7024,3416,1510,678,257,111,37,11,2,3,0,0,0,0,0,0,0,1,0
0,0,0,0,0,0,0,0,0,0,0,0,0,1,0,2,4,18,48,139,325,701,1500,3037,6182,11678,20814,35983,59239,93221,140973,204773,283838,378023,482497,589670,1470177,839714,868631,860545,817729,744901,649909,542019,433015,330079,239472,168124,111423,70733,42848,24850,13478,7037,3453,1498,675,263,112,38,12,4,3,0,0,0,0,0,0,0,1,0
0,0,0,0,0,0,0,0,0,0,0,0,1,0,0,1,7,23,49,125,346,709,1447,3109,6062,11583,20835,36104,59108,92706,140713,204214,283924,378529,480394,589914,1470060,839852,868034,860035,817654,745066,651309,542599,433129,330000,241198,167756,111667,70664,43122,24726,13491,7145,3396,1486,674,277,113,34,10,6,2,0,0,0,0,0,0,1,0,0
0,0,0,0,0,0,0,0,0,0,0,0,0,1,0,2,5,20,60,133,299,689,1520,3118,6002,11561,20657,35951,59232,92482,140942,203415,284107,377320,480730,588656,1469442,840437,866541,860791,818354,745632,651371,542700,433925,330223,241953,167912,111793,70997,43055,24759,13554,7079,3396,1479,671,268,128,30,11,4,1,0,0,0,0,0,0,1,0,0
0,0,0,0,0,0,0,0,0,0,0,0,0,1,0,2,9,22,56,121,303,708,1523,3085,6082,11348,20868,35740,58336,92985,140739,203843,282684,376912,480791,587832,1468575,839755,868045,860353,818079,746314,651312,543342,434352,331151,242506,168156,111963,70688,43252,24933,13625,6953,3481,1499,625,295,115,33,11,3,2,0,0,0,0,0,0,1,0,0
0,0,0,0,0,0,0,0,0,0,0,0,0,0,2,4,6,21,44,152,287,727,1465,3104,6068,11396,20737,35607,58139,93204,139985,203723,282395,375847,480126,588857,1467140,839685,868172,860113,819602,745538,652462,543034,434769,331637,242556,168667,112306,70966,43272,24749,13788,6984,3496,1466,656,286,116,37,10,3,2,0,0,0,0,0,0,0,1,0
0,0,0,0,0,0,0,0,0,0,0,0,0,0,2,4,8,15,48,128,307,734,1476,3039,6080,11297,20681,35568,58199,92878,139891,202935,282434,375484,479463,588217,1466694,839407,868502,861548,817952,747349,651415,543866,434762,332696,242385,168864,113049,71216,43014,25067,13602,7037,3455,1532,670,278,104,36,14,2,4,0,0,0,0,0,0,0,1,0
0,0,0,0,0,0,0,0,0,0,0,0,0,0,3,4,6,21,50,131,284,731,1491,3056,6020,11293,20490,35605,58226,92461,139706,202918,282411,373729,479072,588333,1466669,837989,869108,861187,819512,746813,652583,544049,434820,333103,242695,169584,112361,71819,43228,24911,13739,7061,3410,1613,681,281,90,42,12,4,3,0,0,0,0,0,0,0,1,0
0,0,0,0,0,0,0,0,0,0,0,0,0,0,3,3,8,21,53,121,284,734,1452,3024,6033,11388,20494,35309,58590,91950,139574,202945,281951,373266,478669,588155,1463369,840344,867816,862018,819964,746603,652501,545283,435273,333293,243919,169282,112497,71833,43406,25132,13635,7003,3458,1651,677,264,112,26,14,5,3,0,0,0,0,0,0,0,1,0
0,0,0,0,0,0,0,0,0,0,0,0,0,0,1,7,4,28,48,133,311,697,1465,2954,6136,11306,20606,35149,58071,91865,139424,202070,281038,373755,478678,586447,1464166,839092,868268,862331,819469,748559,652224,545807,435522,333515,244052,169813,112751,71950,43500,25219,13855,6931,3394,1684,686,288,93,29,8,4,5,0,0,0,0,0,0,0,1,0
0,0,0,0,0,0,0,0,0,0,0,0,0,1,0,5,8,24,46,124,317,668,1501,2966,6020,11209,20452,35467,57633,91896,139350,201558,280423,373961,478091,584849,1464300,839326,867607,862298,821325,747074,654262,544762,436713,333878,243767,170511,112899,72210,43525,25354,13916,6899,3412,1625,736,292,99,27,12,6,3,1,0,0,0,0,0,0,1,0
0,0,0,0,0,0,0,0,0,0,0,0,0,1,1,2,7,21,47,130,326,671,1481,2987,5867,11453,20293,35089,57732,91813,138810,201465,280067,373887,476767,584739,1463479,838170,869107,862270,820893,748318,653599,546334,436479,334577,244836,169763,113532,72263,43752,25409,13756,7023,3385,1642,710,300,97,36,11,8,2,1,0,0,0,0,0,0,1,0
0,0,0,0,0,0,0,0,0,0,0,0,0,1,0,2,6,25,55,116,337,694,1467,2907,5928,11322,20461,34895,57555,91881,138354,201017,279433,373773,477056,583842,1461466,839630,868785,862193,820592,748788,654479,546992,437632,333958,244497,170413,114402,72054,44034,25297,13744,7163,3369,1621,716,282,118,36,12,5,3,0,0,0,0,0,0,0,1,0
0,0,0,0,0,0,0,0,0,0,0,0,0,0,3,0,9,18,59,117,301,699,1446,3016,5899,11107,20471,35010,57874,91239,138298,200083,279807,372972,476053,584595,1460561,838136,870382,861699,820231,749129,656270,546753,437425,335018,244163,171413,114115,72450,44008,25536,13673,7155,3492,1540,724,280,117,38,16,6,2,0,0,0,0,0,0,0,1,0
0,0,0,0,0,0,0,0,0,0,0,0,0,0,2,2,7,22,42,114,314,681,1396,3061,5922,11128,20179,35112,57577,91382,137784,200289,279269,372154,476389,582045,1461435,837901,869520,862469,820149,750240,655060,548809,438339,334534,245012,171301,114157,72798,44120,25572,13825,7087,3481,1547,706,301,112,39,15,7,0,1,0,0,0,0,0,0,1,0
0,0,0,0,0,0,0,0,0,0,0,0,0,1,2,2,11,18,45,120,284,680,1413,3042,5833,11005,20286,35182,57281,91206,137942,199586,278828,371799,475786,582660,1460327,837878,867416,863315,821430,749995,655426,549200,439915,334546,245218,171468,114646,72679,44101,25563,13972,7044,3428,1643,714,300,110,43,10,7,1,1,0,0,0,0,0,0,1,0
0,0,0,0,0,0,0,0,0,0,0,0,0,1,1,4,6,21,48,114,286,664,1467,3003,5807,11032,20191,35123,57130,90883,137702,200259,277704,371129,475641,582010,1459503,836753,868172,863402,822617,749051,656622,549663,438889,336133,245911,171228,114955,73087,44169,25684,13932,7056,3538,1613,694,329,111,50,13,5,1,1,0,0,0,0,0,0,1,0
0,0,0,0,0,0,0,0,0,0,0,0,0,0,2,2,10,22,48,116,289,677,1458,2983,5816,10953,20138,34984,57261,90542,137963,199041,277587,372456,473937,581091,1459989,835851,867966,864643,820642,750356,657361,549829,439348,336070,246639,171478,115249,72994,44455,25648,14054,7116,3477,1656,716,310,125,39,15,5,1,0,0,0,0,0,0,0,1,0
0,0,0,0,0,0,0,0,0,0,0,0,0,1,1,3,6,25,44,124,255,681,1519,2985,5710,10994,20066,34700,57170,90469,136806,199764,277337,371316,473525,580974,1458834,836807,868281,862977,822216,750898,657610,549545,440915,335898,246523,172382,114878,73532,44469,25635,14116,7085,3428,1693,715,315,120,39,16,5,1,0,0,0,0,0,0,0,1,0
0,0,0,0,0,0,0,0,0,0,0,0,0,1,2,1,7,26,42,116,274,659,1519,2916,5882,10853,20046,34580,57239,90180,136889,198894,276990,370388,474014,580475,1457025,837585,868657,862728,822813,751257,658276,549604,441830,336544,246225,172506,114970,73515,44604,25675,14151,7112,3436,1647,752,324,123,37,15,3,1,0,0,0,0,0,0,0,1,0
0,0,0,0,0,0,0,0,0,0,0,0,0,1,1,2,10,20,40,121,284,638,1457,2999,5778,10873,19976,34603,57046,90227,136449,198958,276127,370141,473361,580239,1455140,837664,870504,862187,822541,751684,658918,550415,441751,337083,246912,172179,115405,73934,44135,25799,14259,7173,3473,1642,754,326,117,41,16,4,1,0,0,0,0,0,0,0,1,0
0,0,0,0,0,0,0,0,0,0,0,0,0,1,0,3,13,14,46,108,294,661,1447,2975,5666,11045,19848,34494,56790,89905,136774,198182,276469,369252,472514,581083,1454608,836722,869014,863608,821860,752795,658915,551305,441610,337794,247263,172783,115590,73683,44732,25706,14171,7250,3503,1656,746,341,108,38,19,3,1,0,0,0,0,0,0,0,1,0
0,0,0,0,0,0,0,0,0,0,0,0,0,0,1,3,9,21,42,109,281,683,1382,3039,5792,10683,20096,34195,56923,90169,136081,198429,275112,368908,472210,580535,1454723,835679,868212,863959,823609,752344,659398,551686,441620,338619,248022,172997,115693,73264,45227,25775,14128,7331,3536,1576,800,341,102,44,16,3,1,0,0,0,0,0,0,0,1,0
0,0,0,0,0,0,0,0,0,0,0,0,0,0,0,4,9,18,53,114,254,686,1424,2962,5829,10674,19641,34518,56698,89811,136263,197658,275388,367227,472570,580920,1453775,836322,867484,863089,823993,754263,657998,552480,442186,339289,248169,173320,115595,73876,45165,25825,14010,7344,3572,1610,813,333,117,39,13,4,2,1,0,0,0,0,0,0,1,0
0,0,0,0,0,0,0,0,0,0,0,0,0,0,2,5,6,22,39,106,255,700,1398,3026,5738,10693,19339,34391,56685,89951,135777,198091,274391,367650,471053,579923,1454989,835814,865823,863105,826359,752717,659200,552630,442940,339360,248474,173680,116353,73775,45095,25924,13977,7330,3630,1716,762,327,125,41,16,3,1,1,0,0,0,0,0,0,1,0
0,0,0,0,0,0,0,0,0,0,0,0,0,0,2,2,9,14,49,93,277,663,1416,2904,5834,10691,19494,34152,56535,89584,136358,196415,275122,367154,470715,580020,1454411,834655,865826,863248,825370,754427,659847,551993,444618,339012,248671,174244,116053,74459,45162,25868,14103,7365,3600,1703,743,349,116,43,13,4,2,0,0,0,0,0,0,0,1,0
0,0,0,0,0,0,0,0,0,0,0,0,0,0,2,1,8,17,34,111,296,638,1394,2891,5619,10887,19616,33943,56516,89195,135762,196872,273913,367159,471491,578387,1453844,834807,865608,864045,825126,754924,660065,553129,443586,340272,249269,174366,115781,74728,45104,25896,14158,7331,3648,1721,748,325,115,43,11,4,2,0,0,0,0,0,0,0,1,0
0,0,0,0,0,0,0,0,0,0,0,0,0,0,2,2,8,14,33,115,301,639,1403,2836,5645,10801,19561,34092,55690,89765,135789,196674,273745,366209,470721,579201,1450927,835413,866649,864516,824776,754325,661371,552736,444713,340086,250112,174352,116378,74685,45071,25977,14106,7375,3646,1689,761,322,118,42,11,4,0,1,0,0,0,0,0,0,1,0
0,0,0,0,0,0,0,0,0,0,0,0,0,0,3,1,7,14,40,115,265,652,1446,2807,5679,10734,19482,33931,55822,89058,135348,196463,274422,365161,470599,578193,1451076,834256,867099,864910,824249,755982,661169,553624,444428,340777,250266,174644,116755,74439,45362,25941,14211,7388,3621,1718,760,314,118,42,12,4,1,0,0,0,0,0,0,0,1,0
0,0,0,0,0,0,0,0,0,0,0,0,0,0,2,2,5,11,50,105,278,615,1458,2838,5576,10727,19589,33449,56206,89084,134723,196443,273938,365156,469527,576300,1450637,834693,868612,863077,826224,755415,662219,553431,445001,341595,250243,175058,116962,74368,45450,26248,14025,7433,3672,1708,742,340,117,37,14,3,1,1,0,0,0,0,0,0,1,0
0,0,0,0,0,0,0,0,0,0,0,0,0,0,2,1,9,9,53,96,280,652,1410,2792,5543,10698,19459,33814,55866,88568,134340,196586,273027,365949,468844,576131,1450253,834475,867663,864203,825578,755455,662718,554219,445585,341614,250418,174994,117599,74698,45508,26034,14304,7276,3731,1682,764,344,105,41,12,4,1,1,0,0,0,0,0,0,1,0
0,0,0,0,0,0,0,0,0,0,0,0,0,0,1,2,10,7,44,111,262,634,1422,2793,5624,10594,19281,33824,56066,88265,134833,195243,272855,365247,468545,575683,1449579,835751,866775,864086,825539,756203,662573,554665,446309,341381,250974,175989,117164,75060,45307,26472,14219,7473,3537,1723,797,322,104,49,5,3,2,1,0,0,0,0,0,0,1,0
0,0,0,0,0,0,0,0,0,0,0,0,0,0,1,2,4,17,37,98,282,643,1367,2828,5700,10407,19257,33837,56033,88258,134167,195538,272847,364479,467463,575566,1450090,834547,866777,864593,825084,755596,664118,555237,445796,342816,251471,175634,117471,75166,45518,26185,14443,7410,3637,1714,790,305,123,42,7,5,1,1,0,0,0,0,0,0,1,0
0,0,0,0,0,0,0,0,0,0,0,0,0,1,0,1,6,17,39,104,280,612,1355,2795,5598,10754,19115,33464,55879,88338,134121,195243,272219,364835,466904,574800,1449209,833890,867300,864152,825583,756771,663112,555805,446659,343485,250973,176279,117808,75529,45482,26337,14443,7512,3640,1706,777,298,120,45,4,7,2,0,0,0,0,0,0,0,1,0
0,0,0,0,0,0,0,0,0,0,0,0,0,1,0,2,5,14,41,101,275,623,1331,2818,5542,10663,19217,33575,55292,88337,133945,195089,272035,363570,467129,575211,1447746,833502,867422,864064,826359,755697,664195,556872,446406,343313,252306,176489,118314,75372,45538,26386,14566,7435,3704,1660,749,325,118,35,13,5,1,0,0,0,0,0,0,0,1,0
0,0,0,0,0,0,0,0,0,0,0,0,1,0,0,2,5,23,27,118,264,577,1344,2796,5574,10620,19228,33290,55365,88130,133827,194637,272005,363411,466894,574625,1446812,833671,865672,864563,826724,756883,664166,557192,447240,343134,253106,176847,118167,75849,45576,26430,14452,7565,3672,1696,727,334,102,49,8,8,0,0,0,0,0,0,0,0,1,0
0,0,0,0,0,0,0,0,0,0,0,0,1,0,0,0,7,22,33,103,273,587,1314,2831,5526,10614,19120,33227,55220,87806,133552,194851,271377,363705,466676,573507,1444970,833878,866278,864613,826411,757760,663942,559203,446880,343875,252768,177010,118785,75652,45890,26309,14630,7568,3672,1695,771,323,118,35,13,7,0,0,0,0,0,0,0,0,1,0
0,0,0,0,0,0,0,0,0,0,0,1,0,0,0,0,7,22,31,117,268,582,1286,2768,5583,10500,19273,33301,54750,87760,133298,194863,271303,363174,465821,573502,1443270,834866,866959,862891,827886,756433,665441,559105,448306,343697,253050,177524,118801,75877,45756,26335,14826,7526,3679,1694,784,312,123,35,16,5,1,0,0,0,0,0,0,0,1,0
0,0,0,0,0,0,0,0,0,0,0,1,0,0,0,0,8,15,36,107,267,604,1317,2755,5549,10516,19108,33324,55013,87349,132827,195063,270745,362472,465939,572884,1443426,832865,866680,865029,826409,757778,665517,559323,449206,344247,253320,177416,118721,76133,46021,26532,14619,7592,3741,1665,772,327,116,33,13,6,2,0,0,0,0,0,0,0,1,0
0,0,0,0,0,0,0,0,0,0,0,1,0,0,0,0,5,21,30,108,276,588,1332,2745,5496,10430,19269,33243,54809,86918,133193,194177,270650,362338,465013,572805,1443574,831822,866235,865272,827540,757342,665997,559053,450409,345053,253886,176856,118896,76347,46091,26745,14407,7753,3683,1734,780,326,109,30,15,3,3,0,0,0,0,0,0,0,1,0
0,0,0,0,0,0,0,0,0,0,0,0,1,0,0,0,4,18,40,102,267,599,1320,2780,5443,10487,19119,33273,54762,86930,132878,193669,270347,361822,464210,572903,1442621,832511,865127,865382,827140,759532,665810,559656,450022,345823,253514,178393,118628,76299,46257,26667,14672,7790,3626,1682,798,312,124,31,12,3,1,1,0,0,0,0,0,0,1,0
0,0,0,0,0,0,0,0,0,0,0,0,0,1,0,1,7,16,32,106,263,609,1315,2718,5397,10416,19141,33085,54606,86983,132750,193457,270317,360886,463597,573357,1441255,832033,865953,865155,827788,758992,667512,559238,449454,346729,254225,177932,119525,76304,46334,26787,14754,7714,3656,1712,789,340,124,28,11,2,2,0,0,0,0,0,0,0,1,0
0,0,0,0,0,0,0,0,0,0,0,0,0,1,0,2,8,13,35,117,236,609,1371,2705,5365,10206,19298,32928,54594,87103,132129,192854,270042,361512,462528,570981,1442662,832140,865313,864793,829042,759606,666547,560685,450184,346183,254922,178216,119518,76575,46154,27033,14825,7619,3729,1735,782,331,129,35,10,1,1,1,0,0,0,0,0,0,1,0
0,0,0,0,0,0,0,0,0,0,0,0,0,1,0,2,9,8,38,108,278,566,1317,2763,5393,10124,19167,32836,54538,86806,132515,191951,269490,360980,463210,571318,1441622,831377,865042,866491,827288,759828,667165,561038,450371,346925,255077,179091,119393,76641,46489,26787,14866,7756,3725,1736,784,335,120,26,13,3,1,0,0,0,0,0,0,0,1,0
0,0,0,0,0,0,0,0,0,0,0,0,0,1,0,3,7,9,45,94,292,550,1331,2678,5346,10300,18937,32975,54632,86363,131901,192261,269252,360465,462611,570690,1441069,830856,866381,865409,827473,759994,668169,561050,450824,347476,255390,179125,119885,76741,46582,26970,14707,7782,3707,1783,795,343,104,35,10,5,0,0,0,0,0,0,0,0,1,0
0,0,0,0,0,0,0,0,0,0,0,0,1,0,1,1,3,17,39,112,254,617,1293,2730,5421,10075,18831,33108,54312,86702,131229,192354,268915,359741,461841,570787,1439172,832049,866660,865282,828283,759897,667368,560717,452096,347525,256686,179663,120037,76425,46894,26806,14874,7774,3795,1769,761,328,110,37,12,4,0,0,0,0,0,0,0,0,1,0
0,0,0,0,0,0,0,0,0,0,0,0,0,1,1,3,3,10,46,109,257,623,1277,2728,5394,10189,18769,32879,54438,86516,131086,191884,268398,359589,461904,570271,1437123,832489,867656,863978,829049,760317,667441,561682,452537,347801,257114,179864,120190,76537,46737,27119,14804,7781,3785,1778,760,325,116,39,8,3,0,0,0,0,0,0,0,0,1,0
0,0,0,0,0,0,0,0,0,0,0,0,0,2,1,0,7,11,39,100,279,601,1316,2647,5310,10299,18708,32677,54540,86644,130614,191085,268885,358322,461927,568968,1437266,831845,866817,865686,828717,760493,668552,561527,453024,349099,256525,179951,120509,77037,46846,26942,14922,7790,3868,1741,760,324,131,40,13,1,0,0,0,0,0,0,0,0,1,0
0,0,0,0,0,0,0,0,0,0,0,0,0,1,2,2,3,17,29,112,270,599,1313,2667,5351,10262,18451,32755,54451,86146,130855,191377,267348,358718,461539,568878,1436749,831288,865586,866689,829634,759825,669182,562605,453026,349224,256649,180230,120728,77239,46851,27160,14885,7829,3866,1723,783,331,123,43,13,1,0,0,0,0,0,0,0,0,1,0
0,0,0,0,0,0,0,0,0,0,0,0,0,1,1,3,3,11,37,100,298,563,1324,2645,5437,10109,18706,32580,53994,86141,130763,190875,267142,358794,459929,569551,1435897,831760,863937,867020,830050,761163,668397,563717,453241,349667,256856,180769,120919,76850,47288,27283,14886,7725,3887,1812,768,328,122,44,14,1,0,0,0,0,0,0,0,0,1,0
0,0,0,0,0,0,0,0,0,0,0,0,0,1,1,3,3,10,35,121,255,596,1252,2724,5343,10232,18631,32575,54047,85540,130709,190308,267157,357642,460301,568407,1436098,831014,865960,865651,829745,761745,669233,563147,454869,349306,256942,181096,121443,77148,47005,27287,15051,7784,3892,1818,783,316,122,44,15,1,0,0,0,0,0,0,0,0,1,0
0,0,0,0,0,0,0,0,0,0,0,0,0,1,2,1,5,12,45,112,243,560,1307,2747,5334,10246,18521,32396,53991,85332,130624,190058,266766,357343,459350,568356,1435166,831515,866825,864952,829496,762544,669060,563332,454983,350941,257270,180994,121131,77409,47106,27407,15084,7794,3957,1793,802,319,121,39,15,1,0,0,0,0,0,0,0,0,1,0
0,0,0,0,0,0,0,0,0,0,0,0,1,1,2,1,5,13,37,132,229,582,1298,2685,5421,10211,18437,32295,53907,85294,130168,190545,265736,357447,458348,567838,1434841,831636,865355,865919,830395,762958,669792,563007,454822,351344,257997,180892,121572,77655,46979,27661,14963,7816,4048,1855,770,322,115,45,14,2,0,0,0,0,0,0,0,0,1,0
0,0,0,0,0,0,0,0,0,0,0,0,1,1,2,1,5,12,51,93,260,590,1312,2709,5324,10150,18468,32078,53966,85188,130035,190178,265414,356198,458906,567084,1434717,830647,865993,866441,829979,762954,670767,563888,454824,351125,258482,181137,121913,77825,47143,27512,14975,7934,4057,1776,807,304,117,49,12,3,1,0,0,0,0,0,0,0,1,0
0,0,0,0,0,0,0,0,0,0,0,0,0,2,1,3,4,20,39,103,264,561,1287,2735,5310,10107,18468,32043,53795,84944,130056,190106,264352,355689,458727,567474,1432904,831060,866501,865738,831108,762900,671020,563563,455520,351890,258533,181750,121652,78334,47321,27439,14905,8070,3955,1866,810,287,133,41,15,2,1,0,0,0,0,0,0,0,1,0
0,0,0,0,0,0,0,0,0,0,0,0,0,1,1,3,5,19,41,107,239,621,1245,2680,5346,10195,18250,31990,53337,85532,130090,188436,264466,355949,458616,566680,1431484,831720,866365,865966,830147,764657,670958,564256,455303,351577,260107,181385,122268,78357,47457,27268,15104,7986,4046,1865,788,308,128,45,11,2,1,0,0,0,0,0,0,0,1,0
0,0,0,0,0,0,0,0,0,0,0,0,0,1,1,4,7,14,50,100,239,604,1288,2719,5287,10218,18208,32040,53060,85436,129417,188812,264093,355333,458673,565307,1432095,830796,866077,865929,831244,764205,670744,566072,455116,352410,259287,182303,122672,78515,47309,27257,15162,8096,4053,1903,720,347,117,51,11,5,1,0,0,0,0,0,0,0,1,0
0,0,0,0,0,0,0,0,0,0,0,0,0,0,2,2,7,23,41,106,232,607,1312,2667,5296,10163,18167,32021,52924,85018,129146,188110,264549,355150,457890,565650,1430907,830128,866883,865774,830675,764427,672118,566053,456285,351870,259649,183145,122610,78355,47435,27486,15256,8063,4038,1863,786,340,107,57,9,6,0,0,0,0,0,0,0,0,1,0
0,0,0,0,0,0,0,0,0,0,0,0,0,0,1,3,5,17,54,124,232,575,1274,2714,5346,10080,17984,31990,53098,84836,128516,188055,263426,356142,456961,564805,1431737,828576,866778,865828,832229,763857,672281,566837,456059,352618,260161,183338,122712,78376,47732,27572,15176,8047,4077,1867,785,340,117,50,14,6,0,0,0,0,0,0,0,0,1,0
0,0,0,0,0,0,0,0,0,0,0,0,0,0,1,0,8,19,57,114,257,549,1309,2661,5278,9979,18235,31559,52969,84742,128033,188715,263265,355070,456054,565507,1430398,828477,865939,868156,830601,765311,672361,567305,456256,352999,260375,183568,122599,78682,47811,27634,15342,8003,3975,1921,807,320,120,47,20,0,0,0,0,0,0,0,0,0,1,0
0,0,0,0,0,0,0,0,0,0,0,0,0,1,0,2,8,20,49,113,239,543,1329,2680,5250,10054,18030,31432,53177,83838,128758,187976,262995,354492,457072,563998,1429428,828502,865325,868506,831595,764768,673437,567547,456624,353047,260651,184030,122621,79103,47820,27743,15359,8027,4083,1830,795,337,107,48,15,4,0,0,0,0,0,0,0,0,1,0
0,0,0,0,0,0,0,0,0,0,0,0,0,1,0,1,8,21,59,105,242,561,1326,2652,5342,9960,18024,31489,52882,83725,128050,187814,263588,353783,455838,564352,1427174,829621,865928,867892,832011,765762,673738,567400,457535,353296,260331,184147,123328,79018,47901,27793,15405,8106,4050,1886,748,333,116,49,13,2,2,0,0,0,0,0,0,0,1,0
0,0,0,0,0,0,0,0,0,0,0,0,0,1,0,1,6,22,54,113,248,580,1280,2717,5246,9929,18110,31408,52679,83786,127611,187499,263555,352817,456594,563393,1427818,828040,865960,867549,832770,764972,674512,568936,457325,353151,261476,183491,123846,79285,48108,27918,15424,7992,4012,1890,781,313,120,50,15,4,0,1,0,0,0,0,0,0,1,0
0,0,0,0,0,0,0,0,0,0,0,0,0,1,0,0,10,16,49,124,259,617,1258,2634,5189,9904,18064,31377,52677,83551,127432,187821,262216,353188,455411,563715,1426528,828741,865575,867981,832489,765104,675561,569208,458008,352593,261675,184613,123663,79359,48105,27879,15568,8068,4047,1824,797,326,111,53,15,3,0,1,0,0,0,0,0,0,1,0
0,0,0,0,0,0,0,0,0,0,0,0,0,0,1,0,6,19,52,124,259,591,1303,2662,5036,10006,17934,31186,52653,83492,127826,186928,261732,352341,455253,562598,1426458,828414,866202,869055,831655,766547,674262,569548,458251,354089,261956,184994,123871,78990,48369,27949,15474,8125,4040,1830,837,316,99,54,17,2,2,0,0,0,0,0,0,0,1,0
0,0,0,0,0,0,0,0,0,0,0,0,0,0,0,1,8,16,49,132,269,564,1277,2639,5208,9735,17993,31177,52488,83254,127590,186684,261323,352166,455198,561137,1425785,828974,865260,869567,832529,767371,673997,569699,459292,354398,261564,185421,124052,79378,48332,28182,15311,8140,4089,1794,863,327,107,49,15,2,2,0,0,0,0,0,0,0,1,0
0,0,0,0,0,0,0,0,0,0,0,0,0,0,1,0,8,19,49,109,289,571,1211,2649,5174,9890,17614,31236,52464,83292,127387,185601,261274,352029,454096,562016,1425286,828287,865373,868218,833219,767290,676667,568177,459942,355249,262024,185329,124416,79228,48859,28090,15326,8145,4105,1879,807,326,119,49,13,5,1,0,0,0,0,0,0,0,1,0
0,0,0,0,0,0,0,0,0,0,0,0,0,1,0,0,9,17,44,124,258,575,1258,2681,5062,9740,17681,31249,52211,83396,127008,185351,260520,351959,454266,561424,1424737,828061,865464,867503,833311,767417,677248,569457,459505,355749,262829,185236,124850,79540,48613,28048,15513,8239,4028,1906,795,329,139,36,14,5,2,0,0,0,0,0,0,1,0,0
0,0,0,0,0,0,0,0,0,0,0,0,0,1,0,2,5,19,42,120,254,573,1279,2601,5150,9638,17707,31146,51806,83389,127176,185148,260547,351344,453816,560613,1423895,826605,866521,868448,832818,767803,676780,570079,460864,356128,262726,185589,125230,79863,48445,28017,15726,8211,4125,1806,829,336,119,52,13,2,2,0,0,0,0,0,0,1,0,0
0,0,0,0,0,0,0,0,0,0,0,0,0,1,0,1,6,16,48,120,256,550,1253,2606,5099,9802,17686,30958,51944,83029,126558,185156,260381,350888,452724,561139,1422233,827037,866028,868925,832930,768237,677289,570782,460769,356499,263644,185616,125092,80110,48471,28261,15731,8218,4077,1924,791,330,130,40,19,3,1,0,0,0,0,0,0,1,0,0
0,0,0,0,0,0,0,0,0,0,0,0,0,0,1,1,4,16,47,108,272,539,1290,2582,5143,9633,17606,31143,51867,82300,126726,185283,258839,351410,453110,560169,1422308,826392,865651,867088,835274,768426,676911,572252,460955,356914,263474,186257,124744,80214,48932,28078,15918,8282,4035,1883,790,345,129,45,17,3,2,0,0,0,0,0,0,0,1,0
0,0,0,0,0,0,0,0,0,0,0,0,0,1,0,2,4,16,50,98,243,585,1242,2596,5059,9858,17617,30975,51693,82529,126377,184194,259480,351320,451398,559849,1421354,826520,865886,868616,833895,768327,678007,572837,461444,356607,264806,185788,124953,80518,48991,28352,15789,8282,4060,1845,790,366,118,46,17,5,3,0,0,0,0,0,0,1,0,0
0,0,0,0,0,0,0,0,0,0,0,0,0,1,0,2,2,20,44,107,239,561,1294,2521,5137,9750,17554,30942,51501,82325,126080,184538,259329,349785,451546,559211,1421406,825912,865346,869157,834653,768120,678678,573189,461698,358043,263692,186455,124722,81030,48812,28691,15744,8312,4037,1861,810,347,135,45,18,5,1,0,0,0,0,0,0,1,0,0
0,0,0,0,0,0,0,0,0,0,0,0,0,0,1,1,5,11,46,114,243,579,1219,2572,5213,9690,17544,30684,51577,82181,125326,184287,259996,348707,451129,558576,1420292,826021,866475,869978,833038,769582,677379,573988,462989,358583,263895,185767,125449,80659,49610,28420,16000,8290,4102,1806,843,352,123,43,19,3,1,0,0,0,0,0,0,0,1,0
0,0,0,0,0,0,0,0,0,0,0,0,0,0,1,2,2,18,46,94,257,617,1232,2482,5154,9737,17624,30522,51333,82194,125186,184183,258963,348529,451001,558053,1419800,826197,866405,868664,835223,769269,677753,573336,463471,359030,264619,186302,125173,80936,49717,28696,15960,8371,4021,1884,789,361,131,47,20,3,0,0,0,0,0,0,0,0,1,0
0,0,0,0,0,0,0,0,0,0,0,0,0,0,2,1,2,17,43,113,241,596,1250,2495,5054,9733,17617,30495,51162,81970,125353,183866,258123,348886,450165,557573,1419296,825200,866100,868781,835398,769543,679065,574481,463574,358985,264983,186133,126042,80942,49849,28724,15813,8460,4043,1871,808,351,141,48,17,3,0,0,0,0,0,0,0,0,1,0
0,0,0,0,0,0,0,0,0,0,0,0,0,0,0,2,4,15,41,112,234,569,1219,2586,5055,9523,17581,30618,51086,81992,124729,183350,258312,348379,450465,556109,1418324,825632,866244,868008,836883,769823,678998,574000,465130,359111,265205,186953,125883,80704,49988,28732,15987,8422,4106,1908,822,376,114,50,18,6,0,0,0,0,0,0,0,0,1,0
0,0,0,0,0,0,0,0,0,0,0,0,0,0,0,2,3,12,44,105,256,555,1228,2572,5074,9449,17398,30883,50927,81534,124883,183523,257054,348544,448910,557911,1417001,825462,865475,868431,835813,770577,679943,574514,466093,358994,265222,186974,126206,81250,49672,28973,16058,8395,4198,1852,847,389,131,49,16,6,0,0,0,0,0,0,0,0,1,0
0,0,0,0,0,0,0,0,0,0,0,0,0,0,0,1,4,19,34,99,262,578,1244,2569,5102,9457,17313,30592,51135,81201,124919,182500,257545,346983,449417,556584,1417920,825132,864027,869654,835483,770956,681169,574820,465373,360372,265264,187154,126076,81576,49697,29164,16146,8364,4161,1913,858,364,133,54,14,5,1,0,0,0,0,0,0,0,1,0
0,0,0,0,0,0,0,0,0,0,0,0,0,0,0,1,4,16,31,107,244,592,1182,2616,5101,9426,17447,30371,50714,81587,124552,182077,257827,346863,448329,556121,1416846,825032,864524,868299,836708,770715,681122,576228,466243,359967,265725,187796,126249,81724,49934,29049,16049,8464,4134,1954,855,374,147,44,13,3,2,0,0,0,0,0,0,1,0,0
0,0,0,0,0,0,0,0,0,0,0,0,0,0,0,1,6,11,33,101,245,541,1241,2513,5107,9494,17327,30367,50664,81279,124280,182136,257397,346503,448066,555034,1416775,823881,865627,868614,835024,772219,681546,575737,467753,360219,265487,188418,126733,81879,49668,29297,16167,8542,4060,1977,869,378,136,36,14,4,1,1,0,0,0,0,0,1,0,0
0,0,0,0,0,0,0,0,0,0,0,0,0,0,0,3,5,10,27,109,246,538,1216,2534,5055,9651,17180,30386,50556,80795,123992,182566,256328,346743,447407,553920,1416205,825362,863274,868526,837038,772042,682335,576838,466321,361291,266146,188571,126904,81633,50139,29325,16212,8411,4121,1999,876,365,142,45,15,3,2,0,0,0,0,0,0,1,0,0
0,0,0,0,0,0,0,0,0,0,0,0,0,0,0,3,3,14,33,98,244,552,1216,2495,5006,9589,17257,30426,50347,80503,123764,182124,256531,346242,447936,553432,1415837,822920,864423,869425,836167,772582,683280,576315,467598,360180,267377,188588,127295,81770,49963,29556,16204,8463,4283,1910,886,353,156,46,10,5,1,0,0,0,0,0,0,1,0,0
0,0,0,0,0,0,0,0,0,0,0,0,0,0,1,1,5,15,31,82,241,579,1120,2562,5025,9501,17417,29977,50215,80707,123348,182277,255937,346555,446822,554022,1413631,823911,864906,868763,836548,772721,682618,577284,467528,361492,267008,189151,127425,81817,50285,29509,16172,8537,4265,1932,873,378,142,58,8,4,2,0,0,0,0,0,0,1,0,0
0,0,0,0,0,0,0,0,0,0,0,0,0,0,0,3,6,13,30,91,246,528,1166,2482,5037,9435,17240,30180,50203,80349,123439,181648,255422,345992,447639,552567,1413405,824474,864348,867885,836608,772962,684160,578262,467186,361717,267527,189097,127709,81756,50605,29418,16421,8476,4216,1999,867,373,153,50,12,5,1,0,0,0,0,0,0,1,0,0
0,0,0,0,0,0,0,0,0,0,0,0,0,0,1,1,5,15,26,102,209,557,1206,2462,4955,9548,17155,30015,50196,80440,122959,181244,255996,345205,446318,553394,1412015,822885,865567,867989,836564,774787,683602,578337,467615,362586,267695,188874,128034,82463,50356,29502,16217,8538,4328,2002,854,371,144,55,14,4,1,0,0,0,0,0,0,1,0,0
0,0,0,0,0,0,0,0,0,0,0,0,0,0,1,0,3,14,40,92,209,558,1161,2492,4956,9524,17046,30087,50270,79775,123060,180843,256024,344830,446037,552472,1411119,822791,865086,868674,837349,774960,683547,578698,467917,363069,268102,188977,128181,82702,50801,29473,16214,8555,4270,1937,888,395,129,63,11,5,1,0,0,0,0,0,0,1,0,0
0,0,0,0,0,0,0,0,0,0,0,0,0,0,0,1,4,12,38,111,215,537,1185,2423,4975,9487,16961,30140,50041,79786,122733,181027,255175,344781,445439,552737,1409923,822970,863817,869903,838282,772731,685600,578646,468883,363444,267997,189465,128296,82544,50852,29580,16236,8718,4211,2026,886,383,135,49,18,4,1,0,0,0,0,0,0,0,1,0
0,0,0,0,0,0,0,0,0,0,0,0,0,0,0,1,4,8,39,105,231,541,1127,2404,4951,9576,16887,30120,49939,79624,122625,180313,255021,344812,444759,551695,1410254,822382,863990,868969,839154,774440,683591,579548,470044,363684,268679,189892,128173,82569,50917,29668,16261,8700,4199,2015,899,375,156,45,18,2,2,0,0,0,0,0,0,0,1,0
0,0,0,0,0,0,0,0,0,0,0,0,0,0,1,1,3,10,31,107,221,525,1167,2439,4930,9404,17021,29590,50095,79618,122564,179942,255061,344203,444117,552273,1408163,822334,865108,868342,838861,774501,684183,579860,469826,364902,269293,190050,128643,82641,50778,29834,16410,8533,4327,1957,926,394,149,45,22,2,1,0,0,0,0,0,0,0,1,0
0,0,0,0,0,0,0,0,0,0,0,0,0,0,1,1,3,6,40,103,201,543,1149,2457,5000,9303,16940,29906,49785,79028,122759,180071,254784,342744,444946,551284,1407451,823063,863916,869104,838191,774816,685137,580285,470196,364976,269446,190731,128608,82872,50948,29836,16260,8732,4254,2023,892,399,151,44,17,6,0,0,0,0,0,0,0,0,1,0
