0,0,0,0,0,0,0,0,0,0,0,0,0,0,0,0,0,0,2742020,0,0,0,0,0,0,0,0,0,0,0,0,0,0,0,0,0,5064903,0,0,0,0,0,0,0,0,0,0,0,0,0,0,0,0,0,2746485,0,0,0,0,0,0,0,0,0,0,0,0,0,0,0,0,0
0,0,0,0,0,0,0,0,0,0,0,0,0,0,1473529,0,0,0,0,0,0,0,0,0,0,0,0,0,3797902,0,0,0,0,0,0,0,0,0,0,0,0,0,0,3804152,0,0,0,0,0,0,0,0,0,0,0,0,0,1477825,0,0,0,0,0,0,0,0,0,0,0,0,0,0
0,0,0,0,0,0,0,0,0,0,0,0,811766,0,0,0,0,0,0,0,0,0,0,0,2622989,0,0,0,0,0,0,0,0,0,0,0,3672955,0,0,0,0,0,0,0,0,0,0,0,2630676,0,0,0,0,0,0,0,0,0,0,0,815022,0,0,0,0,0,0,0,0,0,0,0
0,0,0,0,0,0,0,0,0,0,456062,0,0,0,0,0,0,0,0,0,1745871,0,0,0,0,0,0,0,0,0,3067292,0,0,0,0,0,0,0,0,0,0,3071571,0,0,0,0,0,0,0,0,0,1753496,0,0,0,0,0,0,0,0,0,459116,0,0,0,0,0,0,0,0,0,0
0,0,0,0,0,0,0,0,0,260424,0,0,0,0,0,0,0,0,1141815,0,0,0,0,0,0,0,0,2374124,0,0,0,0,0,0,0,0,2983337,0,0,0,0,0,0,0,0,2383027,0,0,0,0,0,0,0,0,1147394,0,0,0,0,0,0,0,0,263287,0,0,0,0,0,0,0,0
0,0,0,0,0,0,0,0,150020,0,0,0,0,0,0,0,739345,0,0,0,0,0,0,0,1758433,0,0,0,0,0,0,0,2617851,0,0,0,0,0,0,0,2624047,0,0,0,0,0,0,0,1767237,0,0,0,0,0,0,0,744246,0,0,0,0,0,0,0,152229,0,0,0,0,0,0,0
0,0,0,0,0,0,0,87767,0,0,0,0,0,0,475751,0,0,0,0,0,0,1265559,0,0,0,0,0,0,2156903,0,0,0,0,0,0,0,2558367,0,0,0,0,0,0,2166083,0,0,0,0,0,0,1274163,0,0,0,0,0,0,479619,0,0,0,0,0,0,89196,0,0,0,0,0,0,0
0,0,0,0,0,0,51607,0,0,0,0,0,0,305458,0,0,0,0,0,894292,0,0,0,0,0,0,1703721,0,0,0,0,0,2309903,0,0,0,0,0,0,2315695,0,0,0,0,0,1710182,0,0,0,0,0,0,901651,0,0,0,0,0,308041,0,0,0,0,0,0,52858,0,0,0,0,0,0
0,0,0,0,0,0,30811,0,0,0,0,0,195549,0,0,0,0,0,623605,0,0,0,0,0,1305054,0,0,0,0,0,1977145,0,0,0,0,0,2266122,0,0,0,0,0,1985059,0,0,0,0,0,1311218,0,0,0,0,0,629417,0,0,0,0,0,197754,0,0,0,0,0,31674,0,0,0,0,0
0,0,0,0,0,18495,0,0,0,0,0,125414,0,0,0,0,429280,0,0,0,0,0,978922,0,0,0,0,1628589,0,0,0,0,0,2082959,0,0,0,0,2089208,0,0,0,0,0,1635869,0,0,0,0,983669,0,0,0,0,0,434800,0,0,0,0,127047,0,0,0,0,0,19156,0,0,0,0,0
0,0,0,0,0,11169,0,0,0,0,80731,0,0,0,0,293358,0,0,0,0,721590,0,0,0,0,1302088,0,0,0,0,1831465,0,0,0,0,0,2048880,0,0,0,0,1838277,0,0,0,0,1308428,0,0,0,0,725427,0,0,0,0,298463,0,0,0,0,81930,0,0,0,0,11602,0,0,0,0,0
0,0,0,0,6744,0,0,0,0,51733,0,0,0,0,200345,0,0,0,0,523656,0,0,0,0,1018620,0,0,0,1554876,0,0,0,0,1908528,0,0,0,0,1912677,0,0,0,0,1559658,0,0,0,0,1023881,0,0,0,528736,0,0,0,0,204162,0,0,0,0,52761,0,0,0,0,7031,0,0,0,0
0,0,0,0,4128,0,0,0,0,33296,0,0,0,136117,0,0,0,0,376249,0,0,0,783056,0,0,0,0,1282743,0,0,0,1709055,0,0,0,0,1879663,0,0,0,1714912,0,0,0,0,1288409,0,0,0,787595,0,0,0,0,381598,0,0,0,138258,0,0,0,0,34046,0,0,0,4283,0,0,0,0
0,0,0,0,2508,0,0,0,21536,0,0,0,92218,0,0,0,269161,0,0,0,0,591786,0,0,0,1035629,0,0,0,1483144,0,0,0,1768272,0,0,0,0,1772191,0,0,0,1488543,0,0,0,1039703,0,0,0,597265,0,0,0,0,272855,0,0,0,94062,0,0,0,21840,0,0,0,2695,0,0,0,0
0,0,0,0,1539,0,0,0,13879,0,0,0,62179,0,0,0,191424,0,0,0,442734,0,0,0,820376,0,0,0,1253955,0,0,0,1606053,0,0,0,1746052,0,0,0,1609172,0,0,0,1260018,0,0,0,825068,0,0,0,447173,0,0,0,194274,0,0,0,63810,0,0,0,14046,0,0,0,1656,0,0,0
0,0,0,952,0,0,0,8931,0,0,0,41961,0,0,0,135022,0,0,328090,0,0,0,640920,0,0,0,1037324,0,0,0,1417813,0,0,0,1654487,0,0,1654918,0,0,0,1421759,0,0,0,1043717,0,0,0,644531,0,0,0,332691,0,0,137123,0,0,0,43081,0,0,0,9038,0,0,0,1050,0,0,0
0,0,0,581,0,0,0,5811,0,0,28194,0,0,0,94878,0,0,0,241119,0,0,494412,0,0,0,844492,0,0,1220714,0,0,0,1518123,0,0,0,1633139,0,0,1521404,0,0,0,1226468,0,0,848836,0,0,0,498694,0,0,0,244410,0,0,96723,0,0,0,28830,0,0,5934,0,0,0,646,0,0,0
0,0,0,368,0,0,3790,0,0,0,18974,0,0,66372,0,0,0,176016,0,0,377947,0,0,0,676240,0,0,1030831,0,0,1358339,0,0,0,1555941,0,0,1558110,0,0,0,1361607,0,0,1036868,0,0,0,680445,0,0,381610,0,0,178369,0,0,0,67837,0,0,19459,0,0,0,3856,0,0,429,0,0,0
0,0,0,237,0,0,2421,0,0,12884,0,0,0,46307,0,0,127851,0,0,285957,0,0,534722,0,0,0,855283,0,0,1189308,0,0,1440590,0,0,0,1538534,0,0,1443689,0,0,1193335,0,0,861015,0,0,0,539132,0,0,288556,0,0,130309,0,0,47331,0,0,0,13208,0,0,2450,0,0,289,0,0,0
0,0,0,155,0,0,1586,0,0,8711,0,0,32321,0,0,92032,0,0,214658,0,0,418910,0,0,0,699443,0,0,1020904,0,0,1301735,0,0,1473767,0,0,1474566,0,0,1307913,0,0,1024670,0,0,704166,0,0,0,422487,0,0,217321,0,0,94294,0,0,33111,0,0,8890,0,0,1598,0,0,170,0,0,0
0,0,0,88,0,0,1038,0,0,5867,0,0,22570,0,0,66294,0,0,159854,0,0,325024,0,0,564864,0,0,861681,0,0,1154086,0,0,1373886,0,0,1457846,0,0,1377796,0,0,1159263,0,0,865092,0,0,569753,0,0,327992,0,0,162080,0,0,68065,0,0,23145,0,0,5967,0,0,1040,0,0,117,0,0
0,0,53,0,0,679,0,0,3988,0,0,15699,0,0,47789,0,0,118301,0,0,249658,0,0,452015,0,716054,0,0,1004730,0,0,1253446,0,0,1401514,0,0,1402341,0,0,1259395,0,0,1009008,0,0,719692,0,456516,0,0,252170,0,0,120810,0,0,48826,0,0,15937,0,0,4006,0,0,701,0,0,80,0,0
0,0,35,0,0,444,0,0,2638,0,0,10931,0,34196,0,0,87786,0,0,190072,0,0,357054,0,589889,0,0,860053,0,0,1121412,0,0,1315600,0,0,1387295,0,1318097,0,0,1126842,0,0,865144,0,0,592749,0,361970,0,0,192733,0,0,89147,0,0,34959,0,11128,0,0,2709,0,0,474,0,0,51,0,0
0,0,23,0,0,287,0,0,1749,0,7653,0,0,24555,0,0,64429,0,144425,0,0,280787,0,0,478484,0,727013,0,0,987519,0,0,1208183,0,1338853,0,0,1338454,0,0,1212700,0,992900,0,0,730977,0,0,483707,0,283379,0,0,146830,0,0,65515,0,25051,0,0,7762,0,0,1826,0,318,0,0,29,0,0
0,0,16,0,0,190,0,1210,0,0,5274,0,17280,0,0,47545,0,0,109033,0,218727,0,0,385403,0,606338,0,0,856258,0,1091106,0,0,1263071,0,0,1324883,0,1264860,0,0,1095095,0,861452,0,0,611334,0,389049,0,0,221188,0,0,111203,0,48114,0,0,18014,0,5312,0,0,1239,0,196,0,0,18,0,0
0,0,11,0,125,0,0,813,0,3654,0,0,12358,0,34584,0,0,82383,0,169216,0,0,307808,0,500431,0,0,732390,0,969370,0,0,1168620,0,1281901,0,0,1283556,0,1169593,0,0,976033,0,736911,0,0,504699,0,310885,0,0,171669,0,83571,0,0,35398,0,12796,0,0,3656,0,840,0,0,125,0,12,0,0
0,0,7,0,91,0,0,552,0,2551,0,0,8829,0,25211,0,61144,0,0,130437,0,244161,0,0,409303,0,618605,0,849883,0,0,1062607,0,1215177,0,0,1270773,0,1217221,0,1065786,0,0,854401,0,623643,0,0,413153,0,246938,0,132307,0,0,62558,0,25823,0,0,9037,0,2530,0,589,0,0,83,0,8,0,0
0,0,4,0,52,0,383,0,0,1742,0,6260,0,18389,0,0,45867,0,99462,0,192519,0,0,331747,0,518428,0,733504,0,0,952003,0,1130696,0,1232605,0,0,1233286,0,1133571,0,955183,0,0,739914,0,522665,0,334990,0,0,194342,0,101782,0,46625,0,0,18709,0,6500,0,1725,0,0,395,0,54,0,6,0,0
0,0,3,0,31,0,261,0,0,1215,0,4451,0,13254,0,33985,0,0,76018,0,150348,0,267568,0,428881,0,0,627679,0,840651,0,1036842,0,1171745,0,0,1221995,0,1173613,0,1037870,0,845961,0,0,633969,0,432471,0,270406,0,152060,0,0,77878,0,34478,0,13700,0,4562,0,0,1218,0,256,0,35,0,4,0,0
0,0,3,0,17,0,184,0,796,0,3215,0,0,9543,0,25277,0,57491,0,116934,0,214213,0,0,352130,0,531674,0,733806,0,933891,0,1096851,0,1188463,0,0,1186847,0,1098942,0,937683,0,739637,0,536008,0,0,356252,0,215894,0,118813,0,59013,0,25632,0,9911,0,0,3238,0,851,0,173,0,24,0,2,0,0
0,0,3,0,10,0,121,0,554,0,2252,0,6941,0,18721,0,43645,0,0,90462,0,169810,0,287484,0,445235,0,634579,0,832050,0,1009651,0,1132920,0,0,1179820,0,1132220,0,1013538,0,836252,0,638782,0,450233,0,290824,0,171008,0,92528,0,0,44576,0,19074,0,7039,0,2349,0,588,0,120,0,18,0,1,0,0
0,0,3,0,5,0,87,0,377,0,1608,0,5023,0,13774,0,32953,0,69584,0,133727,0,233544,0,369951,0,542319,0,732377,0,917620,0,1063587,0,1147390,0,0,1146693,0,1066319,0,921107,0,735846,0,547721,0,374497,0,235198,0,135648,0,71713,0,33415,0,14019,0,5151,0,1645,0,414,0,84,0,8,0,1,0,0
0,0,3,0,4,0,58,0,260,0,1115,0,3583,0,10181,0,24734,0,53774,0,104765,0,187848,0,305372,0,459753,0,638301,0,821031,0,986481,0,1097350,0,1138109,0,1098494,0,988042,0,826096,0,642642,0,463617,0,309773,0,189563,0,106700,0,55068,0,25185,0,10278,0,3691,0,1204,0,274,0,52,0,6,0,1,0
0,2,0,5,0,37,0,183,0,755,0,2584,0,7429,0,18582,0,41353,0,81831,0,149814,0,251079,0,386111,0,550054,0,729570,0,899755,0,1034738,0,1109766,1109666,0,1035565,0,904769,0,733512,0,554032,0,390700,0,254281,0,151476,0,83583,0,41969,0,18856,0,7666,0,2627,0,834,0,188,0,30,0,6,0,0,0
0,2,0,4,0,22,0,147,0,517,0,1822,0,5514,0,13812,0,31577,63974,0,119077,0,204219,0,322291,0,469968,0,639671,0,813860,0,961407,0,1064759,0,1101776,1065066,0,965770,0,815502,0,643911,0,475703,0,325560,0,207179,0,120683,0,65114,32113,0,14195,0,5527,0,1917,0,595,0,128,0,23,0,3,0,0,0
0,2,0,2,0,15,0,100,0,366,0,1296,3998,0,10384,0,24036,0,49599,0,94375,0,165305,0,266885,398613,0,557137,0,724485,0,884086,0,1007105,0,1075181,1075115,0,1010088,0,886555,0,728995,0,560668,0,404139,0,270271,167167,0,96090,0,50067,0,24866,0,10482,0,4009,1430,0,392,0,88,0,13,0,3,0,0,0
0,1,0,1,0,8,0,77,0,266,900,0,2930,0,7722,0,18202,0,38511,74557,0,132769,0,219733,0,335837,0,479820,640653,0,802549,0,940343,0,1033774,0,1067726,1037253,0,941345,0,805052,0,645662,0,484838,340239,0,222226,0,134958,0,75686,0,38816,18825,0,7757,0,3015,0,1004,0,279,61,0,11,0,2,0,0,0
0,1,0,1,0,5,0,55,198,0,648,0,2094,0,5764,13613,0,30073,0,58335,0,106490,179441,0,281487,0,410453,0,561451,719288,0,867983,0,981367,0,1043418,1045119,0,983950,0,869325,0,723229,567067,0,415210,0,284687,0,181733,108428,0,59291,0,30076,0,14196,5813,0,2156,0,713,0,196,44,0,8,0,2,0,0,0
0,0,0,2,0,4,32,0,140,0,461,0,1546,4245,0,10288,0,22848,46017,0,84786,0,146016,0,233824,348899,0,487696,0,640103,791076,0,920582,0,1005834,0,1036931,1006635,0,922585,0,793973,644936,0,492751,0,353351,0,236400,147725,0,86776,0,46454,23330,0,10492,0,4405,0,1582,505,0,135,0,38,4,0,1,0,0,0
0,0,0,2,0,4,20,0,100,0,324,1112,0,3141,0,7766,17538,0,35939,0,67454,118068,0,193305,0,293876,420768,0,564265,0,714432,851841,0,958206,0,1014121,1014908,0,959127,0,854662,718692,0,568972,0,425609,298150,0,195032,0,119998,68869,0,36377,0,17849,8029,0,3217,0,1146,359,0,99,0,28,2,0,1,0,0,0
0,0,0,0,5,0,14,0,65,247,0,811,0,2294,5855,0,13379,0,27994,53419,0,95222,158576,0,246323,0,360379,493666,0,638579,0,781215,900620,0,979541,0,1007592,982142,0,901597,784524,0,643112,0,498390,364815,0,249653,0,160380,96887,0,54533,0,28290,13725,0,5974,2438,0,804,0,254,71,0,21,0,1,1,0,0,0
0,0,0,0,3,0,13,0,40,176,0,591,1720,0,4343,0,10223,21706,0,42166,76409,0,129545,0,205396,306408,0,428387,566965,0,707955,0,837911,934720,0,987944,987445,0,937045,0,839490,712215,0,571179,433097,0,310033,0,208381,131681,0,77614,42920,0,22126,0,10422,4548,0,1742,591,0,192,0,49,15,0,1,1,0,0,0
0,0,0,0,2,0,10,27,0,117,448,0,1299,0,3245,7769,0,16826,33142,0,61029,105315,0,170154,0,259230,369345,0,498645,637581,0,769792,882149,0,955630,0,981329,956541,0,882763,775129,0,640054,503435,0,374501,261725,0,172699,0,107073,62104,0,33902,17137,0,7989,3345,0,1307,0,440,124,0,44,10,0,2,0,0,0,0
0,0,0,0,1,0,8,21,0,84,305,0,969,2438,0,5939,12920,0,26068,48645,0,85235,140747,0,217056,0,316725,436153,0,567756,701718,0,823595,913705,0,961686,964180,0,914392,825237,0,705961,571886,0,439990,320963,0,220383,0,142238,86733,0,49857,26553,0,13336,5983,0,2541,937,0,328,97,0,28,10,0,1,0,0,0,0
0,0,0,0,1,0,7,13,0,61,216,0,702,1872,0,4445,10008,0,20434,38536,0,68987,115212,0,181397,269660,0,378745,502485,0,633529,760513,0,864446,931730,0,957779,934384,0,865254,763405,0,637611,506816,0,382430,273356,0,184228,116616,0,70454,39534,0,20881,10130,0,4596,1897,0,710,237,0,62,23,0,5,1,0,0,0,0
0,0,0,0,1,5,0,12,40,0,145,522,0,1371,3411,0,7624,15944,0,30692,55596,0,94067,150323,228617,0,325505,442422,0,568241,694705,0,810022,893266,0,939129,941018,0,895089,810295,0,699603,571420,0,445760,330507,0,231740,152848,95916,0,56443,31321,0,16222,7912,0,3489,1403,0,530,168,0,41,19,0,3,1,0,0,0,0
0,0,0,0,1,4,0,7,34,0,96,387,1016,0,2539,5832,0,12436,24194,0,44658,76561,0,124361,192345,279218,0,385759,505572,0,630930,749036,0,848396,911552,0,934320,913198,848407,0,753171,634183,0,509365,389432,0,283864,194633,126745,0,78247,45284,0,24635,12741,0,6061,2570,0,1073,376,116,0,36,14,0,3,0,0,0,0,0
0,0,0,0,0,4,0,4,27,70,0,273,762,0,1912,4470,9586,0,19140,35635,0,62205,102384,0,161149,238020,334270,0,446613,568695,0,687358,795906,875723,0,918231,918049,0,876324,798189,690166,0,573122,450419,0,338568,241611,0,163102,104461,63460,0,36378,19508,0,9808,4661,1963,0,772,286,0,80,32,9,0,3,0,0,0,0,0
0,0,0,0,0,3,3,0,18,55,0,173,586,1469,0,3341,7492,0,14950,28231,50664,0,84023,133930,202212,0,288139,391481,0,508421,627178,739177,0,831592,892753,0,912744,892660,833282,0,741594,630628,512140,0,395779,292790,0,205248,135422,85997,0,51448,28968,0,15300,7645,3529,0,1468,588,189,0,66,21,0,9,2,0,0,0,0,0
0,0,0,0,0,2,2,0,13,36,136,0,399,1157,2555,0,5752,11751,0,22477,40628,68906,0,110657,170679,247121,0,341701,450739,567721,0,682166,781663,857766,0,898529,897382,0,858863,783830,684361,0,571582,455126,346043,0,251091,172467,112805,0,70620,41324,22957,0,12091,5899,0,2684,1085,414,0,155,50,15,0,6,2,0,0,0,0,0
0,0,0,0,0,2,2,0,7,27,95,0,291,841,2008,0,4462,9184,17864,0,32309,56276,91773,0,142627,211358,296121,0,397473,508977,624064,0,729450,816578,874101,0,894288,872049,817398,0,731405,627752,513803,0,401495,301053,213430,0,145194,93232,57733,0,33087,18273,9400,0,4606,2029,819,0,302,113,42,0,7,7,1,0,0,0,0,0
0,0,0,0,0,1,3,5,0,21,57,227,0,601,1545,3459,0,7137,14103,25941,45590,0,75690,119387,179182,0,255396,348235,453927,0,566084,674684,770374,0,841857,879931,877863,840253,0,771352,678004,570805,0,457819,353303,259264,0,181985,120820,77276,0,46886,26513,14440,7381,0,3446,1598,602,0,239,86,24,0,8,3,1,0,0,0,0,0
0,0,0,0,0,0,1,6,0,10,51,157,449,0,1177,2663,5583,0,11051,20949,36763,61981,0,99297,151745,219335,0,303176,402461,510167,618987,0,720771,803763,855219,0,874142,854289,802548,722711,0,623099,514440,407208,0,307494,223446,152987,100981,0,63455,37862,21303,0,11335,5787,2685,1152,0,461,174,60,0,18,7,2,0,0,0,0,0,0
0,0,0,0,0,0,0,5,8,0,36,123,331,873,0,2068,4307,8787,16687,0,29700,50809,81988,0,127370,188053,262820,354270,0,457299,563330,668740,759563,0,824624,860251,860271,824909,0,758975,672050,567824,461366,0,359243,267391,190482,0,128937,83286,52040,30580,0,17088,8971,4440,2111,0,858,351,128,47,0,11,6,1,0,0,0,0,0,0
0,0,0,0,0,0,0,4,6,21,0,85,256,661,1546,0,3375,6777,13421,24026,0,41338,67619,106920,159416,0,226926,310905,406095,510633,0,614914,711784,789061,838046,0,855709,838930,788708,712824,618624,0,514909,411099,315422,230697,0,161804,107994,69021,42377,0,24632,13598,7135,3463,0,1552,675,246,108,0,34,9,2,1,0,0,0,0,0,0
0,0,0,0,0,0,0,3,7,13,64,0,181,497,1194,2552,0,5374,10666,19350,33482,56020,0,88690,135132,195213,270710,0,359286,459411,561812,661930,747656,0,810733,842416,841701,810691,0,747572,664246,566109,463434,365352,0,274475,198060,137086,89779,0,57136,34478,19720,10942,5495,0,2763,1165,510,197,0,68,26,9,2,0,0,0,0,0,0,0
0,0,0,0,0,0,0,2,6,10,47,0,135,357,909,2002,4137,0,8426,15565,27112,45847,73810,0,113936,167175,234851,316119,410453,0,510413,610967,702544,776117,822833,0,837550,821246,776788,704275,613718,0,514666,414900,321309,238290,169694,0,114597,75150,46950,27889,16077,0,8565,4317,2174,868,384,0,143,56,20,8,1,0,0,0,0,0,0,0
0,0,0,0,0,0,0,1,3,11,30,106,247,0,695,1593,3207,6580,12483,0,21840,37595,61272,95097,142648,202939,0,276721,364823,460755,560396,654541,0,736681,796072,826064,826244,794343,738304,0,656417,564295,465099,368942,281671,0,206054,143615,96645,62412,38346,22798,0,12944,6702,3384,1671,670,0,283,102,40,23,4,0,0,0,0,0,0,0,0
0,0,0,0,0,0,1,0,3,7,22,75,186,530,0,1205,2499,5185,9903,17802,30669,0,50093,80129,120660,174274,241512,322566,0,413450,509815,606820,693434,762842,807874,0,821960,806883,762508,695557,608553,514611,417666,0,327190,245355,176758,122259,80658,51724,0,31338,18438,10328,5286,2696,1256,0,481,225,78,30,11,3,0,0,0,0,0,0,0,0
0,0,0,0,0,0,1,0,3,5,15,48,155,402,922,0,1918,4098,7869,14395,24908,41607,66321,0,102047,149230,209611,282563,369716,461656,557963,0,648567,725323,781252,811257,811141,781337,725605,0,651122,561033,466095,373619,288003,212552,151480,0,103163,67264,42617,25540,14958,8214,4191,0,2039,962,369,150,67,25,9,0,1,0,0,0,0,0,0,0
0,0,0,0,0,0,1,3,0,3,13,36,98,310,716,1513,3192,0,6238,11671,20166,34209,55013,85630,127549,180981,0,247445,327835,415627,510103,601525,685402,750180,792633,0,808154,792267,749717,686640,604747,513112,420683,331977,0,251658,184150,128617,87078,56076,34935,20876,12098,0,6487,3231,1619,721,278,119,50,18,0,8,0,0,0,0,0,0,0,0
0,0,0,0,0,0,0,3,3,6,0,32,66,229,561,1146,2551,4874,9304,16597,0,27958,45697,71628,108483,155576,215373,289125,372382,463742,0,555605,641483,714646,767530,797186,796314,768637,715550,643261,558422,0,467699,377286,292695,219575,158094,109649,72774,46422,28619,0,17137,9628,5135,2553,1272,549,204,83,49,0,9,6,0,0,0,0,0,0,0,0
0,0,0,0,0,0,0,1,4,4,27,0,45,161,419,931,1948,3865,7398,13439,22958,37727,59946,0,91478,133225,187488,253616,331576,418755,510021,596927,675799,737603,779864,0,793118,778510,740169,677031,599324,512401,423174,336434,257181,190704,135410,0,92883,60481,38500,23651,13819,7657,4061,2026,960,423,157,0,60,37,8,4,0,0,0,0,0,0,0,0
0,0,0,0,0,0,0,1,2,5,13,43,117,312,0,730,1524,3070,5865,10853,18659,31027,49987,77063,114170,161430,221771,294613,0,375631,464356,552904,635040,703968,755553,782784,782859,755377,705985,636959,555791,467168,380889,0,298253,225440,164544,115587,77876,50631,32160,19022,11163,6135,3226,1620,726,0,298,116,59,24,7,2,0,0,0,0,0,0,0,0
0,0,0,0,0,0,0,0,2,4,9,28,84,248,562,1197,2413,0,4701,8698,15138,25530,41640,64787,96915,139358,193412,259164,336374,420042,508633,592131,667224,727096,766759,0,779228,764523,729196,668651,595928,510545,425200,340341,262879,196642,141661,98319,65271,42509,26139,15564,9076,0,4843,2542,1257,560,225,94,42,19,5,0,0,0,0,0,0,0,0,0
0,0,0,0,0,0,0,0,2,1,9,19,63,184,445,906,1896,3752,7010,12326,21025,34292,54150,0,82005,119976,167788,227690,298822,379448,463529,549756,628329,694650,743460,770225,767736,744794,696028,630602,552876,467174,384129,302986,230889,170927,121408,0,83094,54791,35266,21271,12943,7131,3857,2080,945,436,163,71,35,14,4,0,0,0,0,0,0,0,0,0
0,0,0,0,0,0,0,0,1,2,4,16,49,149,334,693,1509,2948,5607,10072,17225,28269,45142,69142,102201,145579,199087,264816,339619,422120,506416,587647,659373,716465,753919,0,764914,753368,717757,661735,590756,509473,425408,344881,267543,202858,147720,103673,70315,45850,28992,17597,10417,5761,3079,1642,725,316,120,61,31,10,2,0,0,0,0,0,0,0,0,0
0,0,0,0,0,0,0,0,0,3,2,7,36,114,264,549,1151,2356,4426,8234,13975,23432,37488,58559,86735,125331,174026,232832,303182,381444,464847,545654,622950,685100,731477,756318,755976,732686,687292,624892,548285,468143,386496,306295,237020,176847,127204,88269,59176,38357,23768,14396,8443,4656,2541,1229,534,236,93,47,27,6,2,0,0,0,0,0,0,0,0,0
0,0,0,0,0,0,0,0,0,1,4,5,21,91,195,419,919,1883,3451,6644,11349,19422,31163,49013,73681,107329,151220,205433,268797,342570,423471,505248,582438,652692,704961,741404,752900,740958,707151,654181,586287,507197,428034,347086,272774,209086,152709,109241,74636,49966,31795,19545,11851,6758,3788,1959,941,420,182,70,46,17,6,0,0,0,0,0,0,0,0,0
0,0,0,0,0,0,0,0,1,2,7,11,69,173,319,706,1456,2818,5242,9301,15899,25891,41128,62350,91534,130614,179432,238823,306308,384093,463804,543637,614315,677841,721042,742741,744792,720850,678997,618107,545428,467344,388854,310623,241829,182941,132527,92911,63434,41849,26195,16221,9562,5538,3032,1509,749,312,139,59,32,12,5,0,0,0,0,0,0,0,0,0
0,0,0,0,0,0,0,0,1,1,7,7,48,122,272,541,1143,2213,4251,7593,12900,21474,34408,52546,78142,112390,156285,210510,273565,345811,424046,503725,577230,643577,697885,729126,1470468,697082,646854,580731,505973,428332,350046,277551,213806,159037,114125,79252,53535,34711,21866,13344,7871,4436,2381,1187,576,241,102,42,28,8,4,0,0,0,0,0,0,0,0,0
0,0,0,0,0,0,0,0,1,1,7,12,31,111,262,538,1048,2105,4088,7255,12399,20952,33419,51434,76814,110555,154440,208976,272616,345114,423478,503424,578925,646337,700427,732662,1477668,701435,649192,581586,506763,428334,348714,276522,211721,157087,112826,77637,52103,34195,21246,12780,7658,4193,2251,1119,541,228,100,41,25,10,2,0,0,0,0,0,0,0,0,0
0,0,0,0,0,0,0,0,2,1,4,12,29,102,258,493,983,1978,3847,6930,11974,20415,32304,50148,75435,108771,152544,206855,271174,344481,421832,503977,581788,648654,703279,737166,1486115,704442,651940,583380,506909,428377,347433,274405,210246,155531,110458,76393,50963,33050,20609,12417,7152,4103,2157,1041,475,208,94,46,20,3,5,0,0,0,0,0,0,0,0,0
0,0,0,0,0,0,0,0,1,1,3,15,25,93,211,471,958,1924,3604,6660,11626,19471,31531,48744,73963,107249,150585,204926,269461,342772,422150,504638,583383,650866,706906,741124,1494722,707235,654381,585860,507743,426901,346817,272641,208383,153300,108868,74613,50216,31920,19919,12085,6743,3893,2061,935,465,193,92,40,14,2,3,2,0,0,0,0,0,0,0,0
0,0,0,0,0,0,0,1,0,1,5,12,23,79,197,418,933,1792,3476,6300,11236,18975,30413,47510,72595,106024,148546,203458,266822,342156,422102,504978,583449,654997,709853,744901,1502274,711371,656210,586769,509245,426699,345536,271313,206408,151160,107232,73421,48651,31248,19318,11531,6546,3630,1930,919,410,194,90,35,8,6,2,0,0,0,0,0,0,0,0,0
0,0,0,0,0,0,0,0,1,1,2,12,26,70,183,384,866,1738,3282,6057,10923,18072,29685,46774,70940,104421,147100,200851,266069,340859,422320,504724,584804,658454,711647,748800,1511032,712892,658482,589435,509939,426752,343667,269880,204617,149063,105569,72256,47548,30210,18775,11162,6250,3423,1820,868,404,173,74,37,8,6,1,0,0,0,0,0,0,0,0,0
0,0,0,0,0,0,0,0,1,1,2,10,24,70,172,381,789,1603,3170,5886,10376,17621,28773,45769,69679,102632,145821,199423,264664,339805,422216,504890,586444,659589,715772,752092,1518227,715725,661472,590754,509930,425751,343302,268101,202558,147886,103852,70858,46313,29545,18275,10734,6003,3268,1719,808,372,166,70,29,11,3,1,0,0,0,0,0,0,0,0,0
0,0,0,0,0,0,0,0,0,2,1,13,16,69,150,371,728,1531,2982,5644,10150,17087,28074,44739,68377,100971,144346,197562,264064,339155,420981,505381,587881,661794,718640,756165,1523807,720268,663493,591365,509980,425077,342852,266134,201241,146082,102682,69309,45578,28931,17458,10374,5728,3208,1586,784,333,152,71,28,9,3,1,0,0,0,0,0,0,0,0,0
0,0,0,0,0,0,0,0,0,1,2,9,19,50,148,346,718,1457,2820,5380,9885,16559,27340,43878,67305,99518,142126,196449,262721,338411,421101,505360,589439,662888,722100,758837,1530662,722586,666340,592611,509722,425314,341330,265106,199914,144217,101234,68399,44545,28052,17133,9982,5552,3032,1540,712,314,142,64,25,10,3,0,0,0,0,0,0,0,0,0,0
0,0,0,0,0,0,0,0,0,1,2,7,13,55,124,319,703,1418,2690,5209,9370,16266,26776,42751,66187,98111,141090,194759,261713,336557,420913,507335,590277,664622,723401,762483,1536584,726267,667425,593725,510964,423966,340704,264274,197428,143478,99757,67365,43822,27353,16625,9631,5312,2882,1484,668,306,145,55,26,8,2,0,0,0,0,0,0,0,0,0,0
0,0,0,0,0,0,0,0,0,0,5,1,12,50,125,296,667,1357,2602,4959,9050,15964,26103,41901,65072,96833,139720,193775,259528,336545,419532,507849,591774,666784,726588,764578,1543119,727859,670044,594740,511743,422962,339909,262358,196759,141783,98863,65941,42847,26893,16191,9332,5062,2805,1397,635,289,124,51,22,8,2,0,0,0,0,0,0,0,0,0,0
0,0,0,0,0,0,0,0,0,1,3,5,10,41,121,284,600,1286,2503,4864,8765,15309,25517,41409,64042,95570,138669,192430,257775,335965,419794,507405,592491,669560,727677,767319,1549631,731497,670701,596741,511329,422789,338338,261386,195254,140697,97605,64878,41927,26499,15748,9023,4924,2630,1315,615,281,111,46,19,7,2,0,0,0,0,0,0,0,0,0,0
0,0,0,0,0,0,0,0,0,1,3,5,9,42,106,280,551,1237,2435,4672,8465,15090,24878,40626,63091,94314,137673,190871,257164,333537,420239,508012,593667,670526,730518,769674,1556131,733813,672323,597514,511322,422795,336941,260105,194410,139499,95956,63868,41677,25531,15495,8737,4778,2555,1272,567,255,111,41,20,3,2,1,0,0,0,0,0,0,0,0,0
0,0,0,0,0,0,0,0,0,0,2,6,7,44,92,256,524,1146,2419,4509,8222,14567,24635,39752,61883,93727,136004,189400,256587,333001,419169,508559,594404,671997,733247,772497,1561739,735014,674920,599062,511214,420619,337629,258784,193026,137993,95081,63085,40503,25472,14804,8539,4678,2457,1184,545,244,97,42,14,4,3,0,0,0,0,0,0,0,0,0,0
0,0,0,0,0,0,0,0,0,0,1,4,14,34,88,222,522,1119,2269,4357,8021,14206,24071,39093,61109,92634,134930,188483,254854,333033,418318,508356,596343,672749,734965,775937,1566783,737512,675626,599601,511475,422260,335214,258185,191545,136844,93841,62339,39892,24777,14622,8200,4550,2372,1121,538,231,90,36,16,3,3,0,0,0,0,0,0,0,0,0,0
0,0,0,0,0,0,0,0,0,0,1,2,18,37,78,216,487,1056,2154,4246,7775,13760,23697,38466,60682,91181,133444,187492,254037,332011,417677,508554,597278,675253,736500,777238,1572600,739313,679092,599396,511938,421158,334926,256685,190399,135683,93074,61658,38963,24219,14310,8067,4363,2236,1096,519,228,92,34,14,4,1,0,0,0,0,0,0,0,0,0,0
0,0,0,0,0,0,0,0,0,0,1,2,15,37,74,218,443,986,2095,4154,7549,13429,23223,37662,59791,90695,131913,186676,252970,330968,417973,508515,597607,676392,739645,778952,1577315,742188,679763,600208,512169,421133,334395,255723,188739,134605,92080,60625,38662,23790,13984,7776,4200,2206,1041,467,220,85,28,15,6,0,0,0,0,0,0,0,0,0,0,0
0,0,0,0,0,0,0,0,0,0,2,1,18,25,75,211,431,959,1985,3987,7442,13090,22798,37234,58821,89769,131448,185239,251905,330356,417372,507906,598363,678053,741245,782115,1582445,743289,681884,600033,512981,420879,333327,254606,188243,133497,90841,59920,38065,23311,13605,7590,4208,2050,998,458,197,76,35,13,7,0,0,0,0,0,0,0,0,0,0,0
0,0,0,0,0,0,0,0,0,0,2,1,11,33,77,182,416,928,1955,3836,7248,12928,22229,36782,58099,88571,130364,184479,250731,329814,417922,506906,598620,680103,743479,783606,1586852,745880,682052,601804,513040,420368,333205,253252,187331,132034,90265,59185,37364,22939,13382,7418,4012,2015,911,446,211,67,35,14,4,0,0,0,0,0,0,0,0,0,0,0
0,0,0,0,0,0,0,0,0,0,1,2,5,33,87,189,390,872,1910,3758,7044,12678,21831,35999,57385,88278,129519,182596,250250,328643,417202,507908,598698,681412,744896,787698,1590583,747181,683825,602122,512764,420569,332361,252797,185554,131260,89457,58580,36832,22330,13078,7383,3842,1960,900,427,207,65,33,11,3,0,0,0,0,0,0,0,0,0,0,0
0,0,0,0,0,0,0,0,0,0,0,3,5,36,73,195,363,816,1895,3603,6833,12447,21365,35634,56538,87467,128259,182008,249261,328750,415779,508500,599938,681931,747091,789106,1594672,749648,684649,603778,512472,420022,332210,251283,184305,130306,88603,58210,36247,21861,12857,7161,3752,1884,872,417,202,63,27,11,0,0,0,0,0,0,0,0,0,0,0,0
0,0,0,0,0,0,0,0,0,0,0,1,7,32,68,169,365,827,1779,3490,6662,12260,20915,35158,56289,86092,127582,181591,247375,327608,416124,509447,599866,682059,750519,791103,1599234,750045,686409,604380,512426,419504,331675,250616,183216,129133,87862,57508,35911,21607,12451,6972,3651,1843,894,398,184,65,26,10,0,0,0,0,0,0,0,0,0,0,0,0
0,0,0,0,0,0,0,0,0,0,0,1,9,20,70,174,340,826,1697,3359,6588,11857,20970,34472,55637,85127,126717,180618,247511,325740,416113,508584,601453,682966,751262,793003,1604326,752610,686446,605173,512994,419430,330005,249981,182507,128603,87028,56463,35608,21225,12266,6685,3665,1778,841,411,162,46,31,9,1,0,0,0,0,0,0,0,0,0,0,0
0,0,0,0,0,0,0,0,0,0,0,1,7,24,61,159,342,831,1617,3337,6366,11665,20446,34313,54864,84349,125933,179894,246175,325474,415706,509200,600700,686300,750759,796411,1605840,755361,687843,605817,513218,419269,328827,249777,181353,127671,86614,55520,35087,20927,12095,6573,3526,1724,798,402,132,68,25,6,1,0,0,0,0,0,0,0,0,0,0,0
0,0,0,0,0,0,0,0,0,0,0,0,5,24,56,154,350,758,1619,3279,6276,11349,20024,33841,54281,84254,124891,178506,245299,325489,415159,509874,600900,686352,753498,797720,1611057,755382,689822,605882,512734,418977,329032,248134,180890,126512,85777,55439,34309,20853,11685,6470,3465,1629,811,339,152,68,26,4,1,0,0,0,0,0,0,0,0,0,0,0
0,0,0,0,0,0,0,0,0,0,0,0,3,22,56,153,329,781,1521,3228,6113,11185,19723,33322,53828,83211,124316,177294,245088,324588,414748,510127,601775,687278,753762,800224,1614430,757052,691361,606872,512727,418177,328832,247385,179918,125509,84986,54628,34235,20444,11565,6330,3322,1607,765,347,153,66,16,5,1,0,0,0,0,0,0,0,0,0,0,0
0,0,0,0,0,0,0,0,0,0,0,1,4,25,49,137,340,728,1501,3132,6003,11021,19474,32936,53255,82452,123311,176379,244413,324035,414063,509897,602634,688592,755833,800861,1618582,759580,691970,606796,512752,418019,327788,246782,179129,125090,84331,54121,33765,20032,11306,6145,3230,1594,728,370,137,67,11,6,0,1,0,0,0,0,0,0,0,0,0,0
0,0,0,0,0,0,0,0,0,0,0,1,4,12,61,138,308,716,1474,3056,5844,10844,19115,32572,52761,81889,122685,175111,243976,322880,414481,509387,604612,687865,756852,803476,1622811,760110,692922,607180,513543,417459,327017,246147,178387,124548,83325,53792,33191,19701,11137,6067,3148,1515,724,353,134,57,13,6,0,1,0,0,0,0,0,0,0,0,0,0
0,0,0,0,0,0,0,0,0,0,0,1,3,16,50,136,315,667,1484,2967,5768,10551,18859,32181,51889,81414,122200,175156,242207,322901,414073,509361,604573,689119,758093,804620,1627831,760877,693201,608989,512994,416827,325632,245914,177593,123881,83032,53120,32762,19500,11010,5864,3039,1470,742,314,130,65,9,6,1,0,1,0,0,0,0,0,0,0,0,0
0,0,0,0,0,0,0,0,0,0,0,1,4,18,47,115,323,647,1471,2874,5718,10345,18673,31592,51552,80925,121060,174149,241100,323310,414017,509472,603881,690624,759932,805686,1629878,763511,695270,609007,512413,417069,325513,244347,176994,123083,82189,52716,32466,19120,10842,5822,2961,1497,656,308,137,54,13,4,1,0,1,0,0,0,0,0,0,0,0,0
0,0,0,0,0,0,0,0,0,0,0,1,4,18,37,131,295,632,1419,2877,5552,10287,18292,31421,51233,79752,120122,173678,240774,321962,413711,509354,605117,691949,761905,807707,1631794,764880,696477,608637,512652,416951,324537,244270,176290,121957,81799,52259,32099,18839,10415,5808,2904,1459,658,301,132,29,24,5,1,0,1,0,0,0,0,0,0,0,0,0
0,0,0,0,0,0,0,0,0,0,0,2,4,10,41,119,275,633,1406,2886,5399,10145,18096,30953,50917,79119,119269,173102,240189,321247,412757,510509,605577,692897,762472,809422,1634751,766339,697121,609885,513031,415218,324496,243518,175321,121831,80643,52211,31740,18482,10362,5641,2842,1403,650,304,107,39,21,5,0,1,0,0,0,0,0,0,0,0,0,0
0,0,0,0,0,0,0,0,0,0,0,0,3,11,40,114,285,621,1336,2785,5466,9892,17898,30392,50316,79312,118124,171986,240067,320070,412484,510350,606939,693751,763964,809586,1639133,767426,697652,609764,513352,414907,323807,242895,175365,120537,80315,51543,31600,18287,10334,5460,2748,1384,637,320,92,32,20,5,0,0,1,0,0,0,0,0,0,0,0,0
0,0,0,0,0,0,0,0,0,0,0,0,3,15,36,103,270,612,1294,2787,5349,9842,17601,30210,49827,78256,118445,170854,239084,319701,411835,511493,606995,695499,764022,811108,1642795,767670,698128,610508,512822,415240,323384,242056,174043,120835,79721,51023,31192,18184,10115,5404,2621,1347,637,280,99,43,13,6,0,0,0,1,0,0,0,0,0,0,0,0
0,0,0,0,0,0,0,0,0,0,0,0,4,13,33,100,262,563,1270,2700,5353,9626,17460,29691,49534,77625,117960,171048,237747,319069,412026,511084,607520,696311,765688,812140,1645077,769695,698741,609360,513928,414747,323037,241978,172945,120114,79192,50775,30836,17992,9844,5340,2657,1260,627,279,95,45,10,4,2,0,1,0,0,0,0,0,0,0,0,0
0,0,0,0,0,0,0,0,0,0,0,0,4,16,41,87,251,543,1246,2716,5144,9658,17273,29294,49087,77094,117200,170170,237622,318995,411916,510972,607952,695909,767400,813737,1647809,770112,699868,609997,513079,414910,323268,240838,172878,119327,78578,50085,30807,17616,9752,5183,2703,1260,578,272,97,43,15,4,0,1,1,0,0,0,0,0,0,0,0,0
0,0,0,0,0,0,0,0,0,0,0,0,3,16,36,81,253,528,1205,2674,5130,9571,16945,29336,48353,76817,117122,169132,237081,318364,411657,510525,608206,697312,767941,815714,1649508,771987,699625,611046,513101,414782,322608,240663,171545,118919,78422,49626,30363,17475,9751,5110,2630,1272,560,250,103,36,18,4,1,0,1,0,0,0,0,0,0,0,0,0
0,0,0,0,0,0,0,0,0,0,0,1,4,11,36,92,237,491,1241,2660,5063,9318,16861,28769,47832,76738,115975,169627,235335,318563,411647,510399,608876,698012,768588,816452,1652945,772907,700075,611210,513325,414942,322007,239307,171599,118293,77980,49212,29946,17489,9413,5170,2557,1282,544,216,102,35,17,5,1,0,1,0,0,0,0,0,0,0,0,0
0,0,0,0,0,0,0,0,0,0,0,1,3,13,29,88,243,518,1185,2553,4970,9134,16763,28611,47642,75929,115633,169293,235202,317766,410914,510228,608883,698892,770167,818430,1653765,774312,701732,610791,513711,413952,321539,239587,171066,117593,77368,48999,29508,17227,9446,5065,2520,1210,555,219,92,39,18,2,1,1,0,0,0,0,0,0,0,0,0,0
0,0,0,0,0,0,0,0,0,0,0,1,1,10,30,102,210,500,1159,2549,4916,8986,16532,28520,47444,75130,114749,168811,235592,317216,409495,510998,609563,698469,773427,817956,1655782,775832,702178,611783,513288,413891,321213,238690,170680,117168,76639,48647,29313,16995,9410,4957,2483,1186,532,236,89,32,16,0,1,1,0,0,0,0,0,0,0,0,0,0
0,0,0,0,0,0,0,0,0,0,0,2,0,10,36,83,242,492,1142,2493,4790,8988,16156,28609,46998,74947,114600,167371,235425,316325,410014,510196,609261,700891,772325,820024,1659539,775691,702023,612614,513541,413987,320009,239381,169626,116567,76066,48425,28979,16816,9338,4901,2446,1182,499,217,92,33,12,2,1,1,0,0,0,0,0,0,0,0,0,0
0,0,0,0,0,0,0,0,0,0,0,0,2,9,33,99,201,509,1130,2383,4788,8860,16180,28095,46792,74407,114185,167183,234461,315926,410030,510381,610029,701186,773421,821430,1661317,775695,703456,612504,513587,414297,319677,238346,168979,116268,75947,47568,29038,16427,9348,4776,2520,1098,472,230,85,33,16,2,1,1,0,0,0,0,0,0,0,0,0,0
0,0,0,0,0,0,0,0,0,0,0,0,1,11,38,84,201,494,1106,2325,4692,8830,16114,27644,46717,73980,113769,166815,233231,315286,410065,510349,610792,701404,775223,822834,1662123,777203,703753,612898,514191,413717,319327,237167,168975,115630,75682,47611,28614,16243,9126,4781,2414,1104,483,217,93,34,13,3,1,0,0,0,0,0,0,0,0,0,0,0
0,0,0,0,0,0,0,0,0,0,0,0,0,12,29,86,203,486,1067,2254,4593,8854,15976,27485,46243,74085,112735,166288,232539,315556,409708,510298,611448,702211,775525,823985,1664309,777362,704878,613356,514374,412763,319508,237062,167875,115237,75168,47482,28125,16228,8982,4714,2393,1089,493,216,75,38,9,5,1,0,0,0,0,0,0,0,0,0,0,0
0,0,0,0,0,0,0,0,0,0,0,0,1,11,29,70,213,506,1040,2193,4468,8697,15897,27490,45678,73794,112653,165255,232653,315157,409540,510029,611662,702892,775375,825685,1666132,778662,705633,613656,513637,413261,318830,236523,167831,114480,74996,46795,28092,16193,8729,4721,2344,1097,451,232,78,33,6,6,2,0,0,0,0,0,0,0,0,0,0,0
0,0,0,0,0,0,0,0,0,0,0,0,2,9,26,79,204,465,1016,2197,4470,8463,15797,27290,45546,73229,112351,164782,232523,314052,409591,509956,612614,702868,776333,827294,1668563,778916,705924,613460,513532,413178,318270,236386,167732,113914,74926,46017,27983,15833,8780,4635,2351,1072,431,226,77,27,11,7,0,0,0,0,0,0,0,0,0,0,0,0
0,0,0,0,0,0,0,0,0,0,0,0,5,3,25,68,201,455,1021,2195,4322,8428,15610,27183,45196,72920,111698,164614,232281,314096,408773,509825,612830,704287,777812,826242,1669878,781383,706095,613695,513812,412796,318088,235532,167353,113755,73938,46298,27444,15874,8665,4577,2294,1058,453,208,77,31,8,5,1,0,0,0,0,0,0,0,0,0,0,0
0,0,0,0,0,0,0,0,0,0,0,0,1,6,20,70,209,449,959,2155,4331,8345,15500,26901,44985,72707,110841,164020,232576,313174,408507,509710,612887,705977,778592,826303,1672929,781319,706451,614146,514761,411711,317292,235456,167092,113082,73798,46036,27256,15530,8757,4487,2253,1022,474,206,79,33,6,5,2,0,0,0,0,0,0,0,0,0,0,0
0,0,0,0,0,0,0,0,0,0,0,0,2,3,23,70,195,489,946,2072,4251,8283,15318,26772,44725,71842,110689,164600,230879,313385,408270,509947,612685,706185,779888,828390,1674419,780933,707321,614503,514656,411588,316820,234898,166272,113302,73227,45766,27212,15494,8600,4510,2184,1037,442,181,94,25,11,3,1,0,0,0,0,0,0,0,0,0,0,0
0,0,0,0,0,0,0,0,0,0,0,0,1,4,29,49,216,477,945,2016,4152,8238,15109,26732,44438,71667,110992,163103,231279,312018,409129,510193,612289,705998,781331,828249,1676134,782863,707463,614766,514214,411421,317379,233978,165970,112542,72885,45648,27205,15567,8387,4488,2073,1026,445,173,89,26,8,2,2,0,0,0,0,0,0,0,0,0,0,0
0,0,0,0,0,0,0,0,0,0,0,0,0,6,33,57,184,468,935,2006,4130,8114,15183,26348,44326,71214,110078,163403,230112,312589,408754,510081,612402,707211,781070,829598,1678437,782295,707857,616205,513626,411891,316306,233680,165553,112042,72787,45399,27261,15240,8306,4405,2127,958,436,175,81,29,6,3,0,1,0,0,0,0,0,0,0,0,0,0
0,0,0,0,0,0,0,0,0,0,0,0,0,9,23,70,173,438,925,1937,4179,7998,15108,26381,44124,70987,109739,162341,230131,312526,408010,509799,614066,706960,780808,831662,1679438,782696,709220,615165,514384,411340,316200,233697,165087,111349,72510,45495,26866,15065,8434,4287,2080,991,413,188,72,27,6,3,0,1,0,0,0,0,0,0,0,0,0,0
0,0,0,0,0,0,0,0,0,0,0,0,0,5,25,72,169,412,910,1967,4048,8079,14771,26321,43891,70859,109285,161669,229904,312828,407402,510500,614003,707163,782345,831376,1681153,784146,708850,615316,514868,411028,315727,232848,164488,111368,72513,45130,26629,15170,8197,4241,2055,970,415,183,73,26,6,2,2,0,0,0,0,0,0,0,0,0,0,0
0,0,0,0,0,0,0,0,0,0,0,0,0,5,27,67,154,408,930,1956,4060,8029,14702,26010,43824,69993,109204,161462,229612,312850,407066,510551,614187,707867,782951,832162,1683225,784053,709835,616238,513104,411285,315353,232126,164086,111020,72455,45095,26566,14867,8117,4259,2007,952,406,181,63,28,6,1,2,1,0,0,0,0,0,0,0,0,0,0
0,0,0,0,0,0,0,0,0,0,0,0,0,10,24,59,181,425,880,1945,4023,7922,14773,25633,43685,69891,108789,160997,229111,312139,407902,510333,613994,708073,782920,833391,1684416,785898,710645,615246,513621,410777,315253,232267,163644,110433,72060,44692,26627,14879,8023,4182,2058,924,371,201,55,29,3,2,2,0,0,0,0,0,0,0,0,0,0,0
0,0,0,0,0,0,0,0,0,0,0,0,0,11,22,59,161,418,897,1902,3941,8005,14398,25850,43354,69837,108117,161042,228253,311544,407733,511199,614302,708292,783136,833765,1687086,786019,709804,616803,513988,410293,314522,231326,163910,110260,71696,44655,26377,14640,8036,4129,2019,952,398,162,57,25,10,1,2,0,0,0,0,0,0,0,0,0,0,0
0,0,0,0,0,0,0,0,0,0,0,0,2,10,20,57,171,398,910,1854,3939,7770,14366,25476,43503,69669,107662,160468,228277,311309,407049,511690,614542,708507,783595,835132,1688325,786126,711047,616567,513980,409700,314450,231121,163276,110087,71398,44415,26223,14804,7952,3999,1953,950,410,157,57,21,12,1,1,0,0,0,0,0,0,0,0,0,0,0
0,0,0,0,0,0,0,0,0,0,0,0,3,7,19,68,168,368,942,1836,3872,7766,14255,25390,43042,69297,107840,159976,228289,311280,406493,510744,614339,708377,785027,836251,1689240,787293,711701,616541,513717,410012,314192,231159,162476,109876,71219,44200,25973,14698,7893,4023,1986,924,392,157,59,15,12,1,0,0,0,0,0,0,0,0,0,0,0,0
0,0,0,0,0,0,0,0,0,0,0,0,0,6,26,63,146,399,882,1915,3797,7634,14096,25245,42962,69227,107417,159605,228298,310662,406084,510754,616127,707847,785756,836854,1689665,786831,712817,616560,513261,410968,314680,230397,162139,109681,70703,44202,25659,14638,7932,3925,2001,882,418,158,54,26,8,1,0,0,0,0,0,0,0,0,0,0,0,0
0,0,0,0,0,0,0,0,0,0,0,0,0,8,26,61,143,380,858,1922,3824,7470,14101,25054,42470,69203,107418,159565,227423,310534,406345,510998,615071,709383,785774,837070,1691173,786708,713572,616956,513609,410555,314152,230359,162015,109131,70667,43881,25805,14438,7780,4016,1985,874,392,148,60,20,7,4,0,0,0,0,0,0,0,0,0,0,0,0
0,0,0,0,0,0,0,0,0,0,0,0,0,9,21,69,141,373,863,1893,3820,7371,13989,24827,42437,69152,107355,159257,226958,310277,406073,510745,615172,709785,787699,836966,1691892,787262,713043,618021,514433,410434,312940,230226,161677,109281,70326,43434,25632,14455,7716,3935,1962,869,370,162,47,28,7,4,0,0,0,0,0,0,0,0,0,0,0,0
0,0,0,0,0,0,0,0,0,0,0,0,2,4,22,54,155,374,848,1904,3739,7376,13850,24776,42540,68541,107126,159042,226787,309615,406259,510035,615657,710419,789119,836370,1693715,788047,712911,618464,513949,409999,313291,230348,161006,108902,70131,43292,25583,14233,7547,3938,1956,878,369,142,54,26,8,4,1,0,0,0,0,0,0,0,0,0,0,0
0,0,0,0,0,0,0,0,0,0,0,0,2,6,22,47,151,367,847,1900,3736,7271,14017,24621,42091,68500,106659,159127,226178,309655,405924,510037,616036,710248,789154,837669,1695689,789215,712325,617526,514396,410132,312662,229857,161278,108428,70001,43084,25448,14251,7587,3851,1917,907,345,149,62,20,9,3,1,0,0,0,0,0,0,0,0,0,0,0
0,0,0,0,0,0,0,0,0,0,0,1,1,6,17,53,148,354,876,1838,3782,7340,13880,24427,41806,68328,106640,158537,226210,309997,404620,511094,615047,711564,789093,838045,1695801,790609,712685,618413,513874,410142,312926,229009,160998,108428,69700,42808,25320,14283,7467,3861,1894,898,341,147,63,29,3,4,1,0,0,0,0,0,0,0,0,0,0,0
0,0,0,0,0,0,0,0,0,0,0,0,2,1,26,55,133,366,847,1813,3774,7322,13717,24296,41949,68377,106045,158445,225797,309388,405432,508682,617498,711136,789584,838500,1696675,790312,714427,618433,513172,410308,312481,229505,160424,108270,69496,42855,24964,14213,7461,3875,1884,853,393,125,59,29,6,3,0,0,0,0,0,0,0,0,0,0,0,0
0,0,0,0,0,0,0,0,0,0,0,1,1,8,20,61,122,378,854,1750,3744,7301,13575,24384,41650,68216,105617,158348,226402,308286,405317,509921,615874,712184,789071,839498,1697804,792044,713327,619236,513722,409013,312883,229133,160203,107760,69387,42654,25016,14005,7468,3850,1861,869,360,140,56,24,8,2,0,0,0,0,0,0,0,0,0,0,0,0
0,0,0,0,0,0,0,0,0,0,0,1,1,5,23,64,114,370,831,1849,3559,7236,13641,24238,41661,67806,105587,158284,225514,308595,404766,510662,615460,712315,790308,839425,1699381,791030,715461,618341,513892,409050,312617,228230,160390,107523,69517,42315,24813,13889,7624,3765,1793,841,392,144,59,20,4,2,0,0,0,0,0,0,0,0,0,0,0,0
0,0,0,0,0,0,0,0,0,0,0,0,2,6,17,58,131,372,860,1758,3592,7244,13665,24215,41177,67671,105974,157426,224782,309247,404910,510435,614867,712465,791629,839689,1699132,792525,715292,618847,514214,408832,312175,228231,159907,107379,69308,42163,24828,13981,7396,3724,1871,793,387,155,54,15,6,1,0,0,0,0,0,0,0,0,0,0,0,0
0,0,0,0,0,0,0,0,0,0,0,0,2,4,19,52,117,393,848,1742,3562,7089,13617,24215,41297,67437,105870,157025,224948,307771,405860,510612,614551,713099,790608,841176,1700593,791397,717131,618579,514403,407903,311694,228560,159761,107486,68918,42243,24691,13827,7365,3709,1769,859,371,163,51,15,6,0,0,0,0,0,0,0,0,0,0,0,0,0
0,0,0,0,0,0,0,0,0,0,0,0,0,6,16,52,142,348,882,1684,3535,7061,13619,24010,41383,67287,105689,156827,224893,307785,405563,510710,614834,712530,790225,842009,1701445,793923,715085,619785,513782,407429,311843,228550,159788,107134,68802,42104,24663,13729,7373,3670,1747,862,379,161,40,17,7,0,0,0,0,0,0,0,0,0,0,0,0,0
0,0,0,0,0,0,0,0,0,0,0,0,0,6,17,51,125,379,818,1693,3502,7170,13313,24207,40977,67456,104822,157281,224130,308286,404326,511565,614548,712699,791664,842291,1703116,792249,715735,619525,514146,408038,311197,228310,159516,107445,68489,41808,24674,13633,7268,3672,1813,832,396,149,51,15,3,2,0,0,0,0,0,0,0,0,0,0,0,0
0,0,0,0,0,0,0,0,0,0,0,0,0,9,16,46,137,375,760,1685,3566,7082,13480,23900,41163,66911,105126,156284,224383,307998,405060,509688,616513,712248,791914,842116,1704035,794020,715420,618686,514954,408323,310727,227445,159714,107162,68412,41840,24641,13468,7179,3713,1775,826,385,155,48,14,4,2,0,0,0,0,0,0,0,0,0,0,0,0
0,0,0,0,0,0,0,0,0,0,0,0,1,7,17,45,157,347,750,1663,3554,7023,13438,23901,40947,67011,104377,156585,224259,307431,405008,510084,615684,713454,790952,843345,1704650,794849,715835,618626,514421,408432,311201,226930,159365,107094,68291,41656,24543,13547,7105,3625,1778,823,384,150,48,9,4,2,0,0,0,0,0,0,0,0,0,0,0,0
0,0,0,0,0,0,0,0,0,0,0,0,1,8,8,57,144,352,774,1642,3539,7050,13117,23874,40882,67033,104103,156404,223789,308012,404468,509771,616716,712661,791054,844666,1706180,793175,715874,619367,514688,408144,311545,226267,159972,106605,68119,41598,24282,13586,7060,3664,1742,811,380,158,48,11,5,2,0,0,0,0,0,0,0,0,0,0,0,0
0,0,0,0,0,0,0,0,0,0,0,0,1,7,17,43,135,356,755,1652,3522,6967,12877,23453,40260,66266,103123,154262,222430,304378,401914,506270,612825,710391,790082,843721,1707484,795835,719432,623129,517421,410936,313232,229347,161057,107172,68667,41900,24580,13557,7124,3700,1706,832,367,167,38,11,5,2,0,0,0,0,0,0,0,0,0,0,0,1
0,0,0,0,0,0,0,0,0,0,0,0,3,7,19,41,154,311,756,1630,3449,6853,12929,23375,39787,65161,102024,152666,220213,302785,397477,503189,609336,707598,787378,842568,1709249,798303,722961,626457,520447,414489,315710,231429,162292,108315,69205,42491,24583,13714,7318,3592,1759,798,363,154,42,22,4,1,1,0,0,0,0,0,0,0,0,0,0,1
0,0,0,0,0,0,0,0,0,0,0,0,3,7,20,49,129,329,732,1600,3421,6803,12796,22934,39424,64613,100862,151330,217875,299537,395779,500053,606263,701942,786220,840904,1710381,800420,724687,630720,523768,417713,319070,233922,163720,109657,69862,43076,24783,13759,7342,3796,1742,803,347,141,51,18,3,1,1,0,0,0,0,0,0,0,0,0,0,1
0,0,0,0,0,0,0,0,0,0,0,0,3,6,17,44,135,332,746,1607,3303,6715,12781,22709,39112,63540,100209,149946,215878,296831,392848,497111,602010,698380,783548,838469,1710812,801788,729273,633701,527637,420188,322619,236884,165502,110861,70866,43311,25311,14029,7416,3807,1774,796,329,158,42,18,4,1,1,0,0,0,0,0,0,0,0,0,0,1
0,0,0,0,0,0,0,0,0,0,0,0,2,6,19,39,151,307,744,1584,3200,6613,12586,22598,38737,62969,98832,148924,213595,294639,390158,493886,597142,696108,780472,835300,1711168,803618,730998,638244,531640,424119,324627,239629,168135,112517,71660,43893,25673,14371,7512,3812,1823,800,347,142,49,12,6,2,0,0,0,0,0,0,0,0,0,0,0,1
0,0,0,0,0,0,0,0,0,0,0,0,3,4,14,40,147,310,748,1543,3185,6651,12337,22405,38254,62459,98208,147477,212067,292525,386663,490102,593990,692811,776521,833887,1708901,805596,733103,640879,534975,428918,328479,242374,170428,114036,73175,44716,26320,14527,7576,3788,1850,826,386,141,45,10,6,1,1,0,0,0,0,0,0,0,0,0,0,1
0,0,0,0,0,0,0,0,0,0,0,0,2,4,10,61,129,303,751,1522,3182,6530,12295,22061,38193,61673,97182,146191,210604,290430,384204,486581,590962,689296,771447,831417,1707236,806372,735793,643835,539011,432655,331808,246161,172505,116412,74374,45405,26988,14794,7781,3966,1883,814,365,142,60,11,4,2,0,1,0,0,0,0,0,0,0,0,0,1
0,0,0,0,0,0,0,0,0,0,0,0,3,2,18,50,139,303,690,1530,3252,6311,12243,21890,37748,61466,96416,144599,209514,287133,382147,483382,586857,684891,769191,828107,1703154,808900,737520,646440,543429,436463,336644,248528,175466,118390,75716,46690,27403,15261,8128,4017,1934,876,348,145,53,14,5,1,0,1,0,0,0,0,0,0,0,0,0,1
0,0,0,0,0,0,0,0,0,0,0,0,2,4,21,47,125,312,664,1508,3257,6274,12126,21619,37125,61492,95522,143536,207419,285591,378581,479493,583808,682269,764579,825053,1700033,807760,740667,649439,547654,440674,340273,252526,178076,120603,77522,47843,28286,15589,8314,4242,1986,908,363,149,49,16,7,0,1,1,0,0,0,0,0,0,0,0,0,1
0,0,0,0,0,0,0,0,0,0,0,0,1,5,18,49,119,318,671,1498,3184,6365,11851,21362,36953,60635,95446,142556,205387,284053,375735,475455,580691,677419,760615,822338,1696467,808506,741672,652621,550720,444981,345119,256085,181091,122996,79626,49068,28906,16227,8638,4304,2107,939,382,154,53,13,6,1,0,2,0,0,0,0,0,0,0,0,0,1
0,0,0,0,0,0,0,0,0,0,0,1,0,6,13,46,130,287,673,1503,3156,6257,11681,21356,36411,60516,94453,141457,203359,282837,373067,472897,575281,674442,757063,818452,1692260,808571,742585,654497,554697,448718,349812,260454,184496,125732,81919,50400,29720,16900,8921,4604,2157,971,408,159,60,11,9,1,0,2,0,0,0,0,0,0,0,0,0,1
0,0,0,0,0,0,0,0,0,0,0,1,1,5,14,42,137,279,699,1424,3165,6189,11610,21072,36379,59440,93773,140078,203189,279604,370109,470532,572283,669318,755505,812880,1688854,807486,742459,656754,558255,453998,353409,264398,188628,128730,84068,51834,31126,17646,9271,4787,2251,1049,436,155,55,20,8,1,0,2,0,0,0,0,0,0,0,0,0,1
0,0,0,0,0,0,0,0,0,0,0,1,1,5,15,46,129,267,644,1468,3090,6163,11474,20897,35928,58930,92993,140072,200954,276918,367947,467465,569293,666226,748659,810738,1683571,807991,742047,659154,560824,458695,357378,268848,192442,132325,86208,53779,32311,18459,9672,5094,2434,1143,449,176,50,21,9,3,1,1,0,0,0,0,0,0,0,0,0,1
0,0,0,0,0,0,0,0,0,0,0,1,1,3,20,42,125,263,620,1407,3073,6105,11405,20662,35675,58238,92345,139211,199164,275311,364961,463431,566595,662860,745909,805558,1679157,806587,742418,660185,563925,461522,363938,271991,197069,135597,88962,56098,33381,19279,10384,5304,2670,1198,463,191,70,20,9,2,3,0,0,0,0,0,0,0,0,0,0,1
0,0,0,0,0,0,0,0,0,0,0,0,1,4,10,54,109,280,663,1311,3002,6135,11347,20296,35257,57964,91575,137394,198373,273199,362948,459741,562747,659719,741885,802445,1672690,804999,742681,662592,566601,465817,367552,276621,200930,139541,92037,57908,35156,20222,11035,5583,2847,1310,490,224,76,24,8,2,2,1,0,0,0,0,0,0,0,0,0,1
0,0,0,0,0,0,0,0,0,0,0,0,0,4,13,45,116,281,651,1331,2949,5937,11341,20259,34644,57619,90748,136196,196987,271315,360657,457120,558786,656529,737873,798539,1666239,801953,743957,664767,568322,469719,371198,281812,205379,142949,95439,60613,36658,21317,11709,6007,3042,1407,604,248,82,32,11,1,2,1,0,0,0,0,0,0,0,0,0,1
0,0,0,0,0,0,0,0,0,0,0,0,2,3,12,46,119,242,609,1412,2902,5842,11174,20064,34533,56808,89691,135327,195142,270143,357648,454444,554706,652967,734729,795069,1659495,800816,743209,665189,572201,472345,375349,286577,209165,147567,98651,63316,38375,22607,12366,6662,3288,1514,648,281,106,32,11,2,1,1,0,0,0,0,0,0,0,0,0,1
0,0,0,0,0,0,0,0,0,0,0,0,2,4,15,41,107,247,602,1349,2929,5751,11088,19706,34137,56478,88803,133885,193524,268445,355577,451584,552156,648443,730460,791684,1653354,798515,742464,665643,574708,475923,378982,291317,214045,151563,102139,66152,40676,23920,13289,7241,3605,1622,744,310,114,51,7,5,1,1,0,0,0,0,0,0,0,0,0,1
0,0,0,0,0,0,0,0,0,0,0,0,1,3,17,43,97,227,629,1322,2856,5724,10912,19335,33814,56056,87955,132185,192618,266370,353049,449430,548728,645418,725694,787694,1647403,796396,742161,665251,576709,479490,382878,294751,219175,155780,106393,69103,42969,25371,14341,7820,4024,1846,805,369,123,49,17,4,2,1,0,0,0,0,0,0,0,0,0,1
0,0,0,0,0,0,0,0,0,0,0,0,2,0,13,51,84,255,566,1303,2827,5597,10675,19466,33396,55307,86981,131291,191257,264031,350438,446289,545737,642349,722883,782601,1641978,794774,740520,665291,577604,481646,387322,299886,223517,160126,109846,73162,44971,27159,15554,8548,4465,2090,903,392,167,59,20,8,0,1,0,0,0,0,0,0,0,0,0,1
0,0,0,0,0,0,0,0,0,0,0,0,2,2,10,46,91,242,592,1236,2743,5480,10619,19256,32933,54628,86091,130496,189288,262367,347863,443272,543592,637010,719888,780399,1634800,792077,739574,664971,578662,484482,391467,303313,228724,163963,114552,76034,48462,28889,16836,9357,4932,2386,1038,452,180,69,28,12,1,1,0,0,0,0,0,0,0,0,0,1
0,0,0,0,0,0,0,0,0,0,0,0,1,1,9,42,103,231,567,1256,2656,5450,10379,18876,32562,54165,85074,129168,187410,260811,345626,440342,539508,634540,715750,778515,1627285,790103,737964,664810,580013,486227,394423,307898,232884,169017,119143,79310,51389,31048,18152,10431,5506,2663,1261,521,184,88,31,11,3,1,0,0,0,0,0,0,0,0,0,1
0,0,0,0,0,0,0,0,0,0,0,0,0,3,8,34,94,240,540,1245,2582,5396,10275,18640,32156,53248,84262,127801,185756,258430,343699,436693,537384,631199,712183,774145,1622773,787592,736149,664087,580620,487444,397648,311565,237457,174686,122989,83763,54198,33584,19669,11437,6158,3101,1467,614,242,94,38,14,5,1,0,0,0,0,0,0,0,0,0,1
0,0,0,0,0,0,0,0,0,0,0,0,0,2,14,27,115,201,552,1234,2559,5221,10085,18436,31489,52534,83531,126394,184021,256092,341643,434266,534126,628095,707770,770799,1617489,784854,735118,663733,580160,489357,400164,315733,242007,178856,127841,87407,57904,35975,21690,12557,6969,3481,1688,733,304,115,41,20,5,1,0,0,0,0,0,0,0,0,0,1
0,0,0,0,0,0,0,0,0,0,0,0,0,1,12,35,97,206,505,1236,2563,5100,9877,17779,31258,51863,82537,125427,182123,253434,339025,431880,530505,624223,706592,766787,1610471,782823,734427,663996,579858,489967,403066,319118,246249,183450,132050,91813,61244,38883,23717,13843,7837,4103,1980,831,384,149,56,22,3,3,0,0,0,0,0,0,0,0,0,1
0,0,0,0,0,0,0,0,0,0,0,0,0,2,6,39,87,206,518,1186,2487,4995,9654,17560,30980,51174,81591,124142,179672,252081,335262,429841,526695,621705,702713,764098,1603929,781351,732495,663326,580016,490817,405109,322676,249900,188248,136752,96334,64944,41981,25938,15390,8741,4701,2306,1016,453,185,72,27,4,2,1,0,0,0,0,0,0,0,0,1
0,0,0,0,0,0,0,0,0,0,0,0,0,2,13,28,84,214,491,1138,2467,4915,9540,17238,30414,50576,80755,122270,178511,249147,332636,425919,524657,617766,700036,760338,1599516,779642,730194,662719,579117,492800,405935,325786,254297,192260,141291,101238,68714,45198,28401,17093,9894,5290,2730,1218,565,219,84,44,5,1,2,0,0,0,0,0,0,0,0,1
0,0,0,0,0,0,0,0,0,0,0,0,0,4,9,30,75,215,498,1127,2390,4729,9357,17096,29964,49619,79751,120925,176646,246537,328909,422879,522185,614589,696583,757898,1594245,778093,728628,661093,580119,492525,408056,328378,257754,196358,146253,105223,73139,48453,31050,18968,11158,6144,3145,1501,666,278,112,41,9,3,0,1,0,0,0,0,0,0,0,1
0,0,0,0,0,0,0,0,0,0,0,0,0,0,15,23,74,205,502,1127,2303,4642,9184,16802,29470,48992,78381,119243,175228,243458,326459,419850,517295,612624,694035,755057,1589219,775805,727336,660352,579912,493507,408694,330976,260535,200324,150978,109438,77750,52117,34021,20950,12638,7027,3680,1830,793,358,127,52,15,3,1,1,0,0,0,0,0,0,0,1
0,0,0,0,0,0,0,0,0,0,0,0,0,1,13,19,76,200,470,1102,2269,4530,8901,16629,28936,48043,77340,118085,171991,241567,323687,415527,513656,609485,691725,752864,1584862,774437,726037,658362,579819,494462,409993,332025,264156,204224,154680,114365,81792,56390,36941,23339,14211,8100,4282,2162,969,445,156,55,18,9,0,1,0,0,0,0,0,0,0,1
0,0,0,0,0,0,0,0,0,0,0,0,0,1,11,24,83,186,469,1055,2148,4483,8793,16230,28389,47292,75895,116650,169950,238893,320892,412960,509511,605316,688307,750805,1581473,773532,723875,658044,578657,494678,410995,334411,266762,207014,158859,118726,86562,60153,40675,25916,15849,9230,5048,2548,1206,547,205,62,26,8,3,1,0,0,0,0,0,0,0,1
0,0,0,0,0,0,0,0,0,0,0,0,0,4,8,29,75,160,471,1033,2105,4305,8760,15758,27694,46671,74557,115021,168586,235686,317409,409793,505888,601063,685718,747205,1579147,771945,723896,657291,577653,494401,411845,336090,268341,210747,162688,123229,90725,64528,44125,28903,17828,10611,5827,3102,1445,643,258,93,25,18,4,1,0,0,0,0,0,0,0,1
0,0,0,0,0,0,0,0,0,0,0,0,0,4,8,32,65,199,435,988,2080,4304,8308,15520,27382,45470,73594,112776,166533,233129,313840,406507,502252,596927,682169,745021,1575143,772092,723388,657744,576840,494284,412500,336101,270788,213869,165923,127683,94942,69081,48110,31495,20192,12209,6805,3575,1820,775,325,116,41,18,3,3,0,0,0,0,0,0,0,1
0,0,0,0,0,0,0,0,0,0,0,0,0,2,9,32,67,198,403,951,2098,4109,8243,15071,26849,45164,71846,111056,164059,230749,310583,401956,498773,593327,678725,742134,1571508,771256,724431,657389,576990,494571,412466,336618,272127,216380,169480,131307,99698,73357,52093,34836,22606,13913,7955,4255,2160,983,388,159,48,20,7,3,0,0,0,0,0,0,0,1
0,0,0,0,0,0,0,0,0,0,0,0,0,0,8,35,61,182,397,924,1986,4087,8021,14973,26123,44116,71085,109566,160941,227836,308004,397087,495378,589634,674143,741221,1567690,771033,724249,657107,577479,494557,412552,337352,272709,218831,172850,134952,103840,77860,56092,38522,25351,15668,9262,5086,2558,1208,497,191,73,20,6,5,0,0,0,0,0,0,0,1
0,0,0,0,0,0,0,0,0,0,0,0,0,2,4,27,72,161,384,927,1877,3977,7865,14644,25495,43272,69549,107799,159094,224818,303845,394864,490059,585559,671461,737391,1565410,770937,724117,657245,579058,493410,412759,337737,273428,220448,176123,138401,107971,82386,60106,42274,28468,17761,10638,5983,3079,1504,657,226,101,22,7,6,0,0,0,0,0,0,0,1
0,0,0,0,0,0,0,0,0,0,0,0,0,2,8,22,63,173,372,854,1921,3760,7616,14233,25019,42288,68313,106187,157002,221161,300762,390424,486427,581158,667725,734768,1563233,769895,724071,658390,578552,495281,412606,337373,274756,221993,177901,141847,111937,86573,64734,46104,31606,20221,12243,6973,3782,1787,794,321,119,42,10,6,0,0,0,0,0,0,0,1
0,0,0,0,0,0,0,0,0,0,0,0,0,0,7,24,67,157,392,811,1813,3765,7308,13918,24565,41153,67333,104052,154686,217899,296766,387116,482154,577120,663324,731353,1562112,768740,724832,658630,579615,496342,412577,337813,274854,222866,179881,144995,115950,90536,69156,50082,35232,22916,14013,8246,4434,2164,986,415,166,50,15,7,0,0,0,0,0,0,0,1
0,0,0,0,0,0,0,0,0,0,0,0,0,0,8,18,73,134,390,791,1756,3614,7217,13489,23994,40470,65579,102807,152122,214970,292994,382630,477927,572775,658517,728230,1558402,770520,725053,660581,581613,496266,413060,338121,274223,223410,181267,147699,119547,94916,73650,54491,38735,25797,15930,9633,5289,2624,1235,548,196,64,27,6,0,0,0,0,0,0,0,1
0,0,0,0,0,0,0,0,0,0,0,0,0,1,8,17,62,150,346,790,1678,3549,7008,13178,23389,39721,64180,100548,150365,211407,289129,377664,474329,568583,654482,724941,1556746,769100,726965,661265,581689,497664,414460,338019,274274,223322,183033,149768,122931,98994,77657,59000,42360,29116,18318,11183,6169,3283,1503,689,250,78,39,7,1,0,0,0,0,0,0,1
0,0,0,0,0,0,0,0,0,0,0,0,0,1,9,15,52,144,338,775,1633,3427,6881,12816,22813,38839,62922,98846,146969,209102,285288,373353,469534,563263,650711,720793,1554348,769723,727972,664171,582332,498205,415351,338861,274163,223481,183592,151709,126022,102511,82009,63010,46798,32224,20907,13018,7385,3913,1825,849,347,100,44,12,1,1,0,0,0,0,0,1
0,0,0,0,0,0,0,0,0,0,0,0,0,0,5,18,52,146,314,775,1578,3331,6868,12314,22365,37741,61839,96613,144144,205451,281988,369154,463578,559682,645844,717616,1550889,770310,729268,665963,585404,499120,415766,338591,275336,223469,183553,153244,128256,106451,86017,67467,50868,35820,23897,14738,8954,4632,2277,1059,412,161,48,18,3,1,0,0,0,0,0,1
0,0,0,0,0,0,0,0,0,0,0,0,0,0,5,17,56,134,304,752,1491,3251,6640,12149,21664,36818,60459,94730,141531,202235,277261,364880,459312,553887,642499,713728,1547662,771115,730113,668097,587463,501530,416667,339949,274847,223419,183458,153788,130112,109644,90209,72018,54742,39915,26892,17106,10273,5707,2747,1285,544,209,60,28,5,1,0,0,0,0,0,1
0,0,0,0,0,0,0,0,0,0,0,0,0,1,4,21,45,138,274,723,1511,3090,6416,11755,21169,36099,58948,92883,138880,198628,273120,360521,454074,549522,636711,711178,1543268,771865,732413,669922,590086,503432,418476,340860,274818,222627,184475,153484,131325,112214,94291,76301,59614,43570,30084,19758,11987,6759,3391,1607,676,269,86,29,9,1,0,0,0,0,0,1
0,0,0,0,0,0,0,0,0,0,0,0,0,1,8,19,49,122,272,688,1465,2971,6181,11530,20686,35086,57914,90273,136576,195259,268829,355408,448204,545118,633302,706374,1538760,773371,733946,672011,593883,505537,419576,342302,274744,222702,183952,153946,132309,114475,97367,80711,64118,47779,33642,22476,13879,8045,4211,1980,849,319,130,38,13,2,0,0,0,0,0,1
0,0,0,0,0,0,0,0,0,0,0,0,0,0,5,19,46,117,275,663,1382,2929,5893,11100,20308,34259,56382,88546,133427,191889,264822,350359,443609,539002,628069,703229,1535991,773367,735562,675807,595467,508484,421994,342473,275652,222444,183325,154293,132720,116098,100388,84672,68134,52330,37588,25498,16154,9325,5168,2435,1037,426,177,51,13,4,1,0,0,0,0,1
0,0,0,0,0,0,0,0,0,0,0,0,0,0,5,14,45,112,293,608,1325,2867,5755,10716,19600,33546,54941,86395,130543,188848,260758,345102,438067,533318,623145,698227,1533356,773872,737611,678232,598309,512077,424714,344038,275829,222562,182805,153410,133099,117245,102601,88360,72747,56785,41670,28922,18461,11106,6113,3051,1339,520,242,76,17,7,2,0,0,0,0,1
0,0,0,0,0,0,0,0,0,0,0,0,0,0,3,20,34,117,293,567,1270,2810,5556,10544,18806,32630,53541,84373,127954,185087,256959,339639,433174,526656,617418,695188,1528874,775096,738815,680073,602539,516028,427226,346216,276719,222629,181359,153307,132721,118009,104874,91363,77317,61119,46054,32374,21208,12994,7242,3824,1664,721,269,102,23,8,2,0,0,0,0,1
0,0,0,0,0,0,0,0,0,0,0,0,0,0,3,16,40,121,268,554,1278,2616,5382,10089,18345,31956,52210,82089,124859,182321,251791,335144,425983,521574,613526,691137,1522667,775596,741443,682978,606494,519495,430530,348119,278057,222811,180606,151787,132303,118500,106598,94494,81204,65702,50242,36103,24433,15104,8782,4523,2092,906,358,133,35,7,4,0,0,0,0,1
0,0,0,0,0,0,0,0,0,0,0,0,0,0,4,14,42,107,245,568,1252,2573,5100,9728,17943,30844,50950,80224,122282,178215,247644,329521,419791,516763,607964,685847,1518500,774887,743650,687178,610509,523203,434219,350724,279466,222423,179988,151313,131262,118003,107964,96764,84957,70286,54639,40229,27707,17527,10414,5517,2601,1171,463,158,48,13,2,2,0,0,0,1
0,0,0,0,0,0,0,0,0,0,0,0,0,0,6,15,33,87,256,540,1216,2485,4896,9563,17349,30055,49289,78507,119685,173884,243383,323250,414916,509779,602669,681784,1512754,774667,745888,691122,614525,527087,438178,354976,280389,222852,179535,149648,130739,117742,108337,98565,88268,74589,59358,44353,31231,20421,12127,6769,3269,1483,587,208,72,17,3,2,0,0,0,1
0,0,0,0,0,0,0,0,0,0,0,0,0,1,4,14,29,93,232,527,1134,2412,4752,9173,16897,28868,48048,76446,117289,169962,238163,318293,408563,504564,595915,677185,1507335,776078,747050,694271,618288,531224,442743,358737,282650,223353,178899,149246,128868,117109,108587,100047,91039,78597,63813,49125,34903,23421,14240,8145,4057,1840,783,274,89,26,6,1,0,0,0,1
0,0,0,0,0,0,0,0,0,0,0,0,0,1,4,10,26,87,239,462,1113,2349,4572,8900,16367,28102,46611,74382,114033,167366,232401,312910,403773,497103,589665,672241,1502014,775350,749980,696716,622495,537445,446495,361463,286249,224140,178824,147727,128097,115374,108531,101181,93329,82181,68786,53252,39184,26559,16791,9655,5028,2282,1017,377,130,30,8,1,0,0,0,1
0,0,0,0,0,0,0,0,0,0,0,0,0,1,5,12,23,85,195,455,1079,2245,4427,8599,15804,27352,45066,72745,111188,163314,227911,307227,397178,491931,582442,666398,1496375,774924,750763,701924,627366,542198,451705,364809,289090,225349,179228,146854,126008,114592,107272,101860,95059,85954,72812,58140,43388,30064,19436,11550,6081,2955,1259,490,163,47,8,3,0,0,0,1
0,0,0,0,0,0,0,0,0,0,0,0,0,2,4,11,21,85,179,451,989,2171,4374,8313,15152,26268,44237,70491,108488,158917,223544,302080,390688,484582,576953,660233,1489305,774674,754456,704117,633802,545603,457048,368674,292483,227940,179642,145377,124428,112811,106351,101885,96518,88626,77065,62745,47998,33915,22473,13552,7454,3652,1636,646,211,74,10,3,1,0,0,1
0,0,0,0,0,0,0,0,0,0,0,0,0,1,7,8,22,76,168,451,958,2107,4308,7808,14675,25540,42785,68734,105506,154950,219453,295275,384993,477408,570598,654387,1482513,773829,756978,707257,637476,552882,461774,374164,295839,229692,180021,144965,122669,111084,104958,101338,97574,90676,80679,67504,52692,38296,25652,15855,8900,4621,2040,854,286,93,25,3,1,0,0,1
0,0,0,0,0,0,0,0,0,0,0,0,0,0,8,12,19,62,183,397,901,2043,4036,7846,13922,24913,41457,66607,102922,151365,213998,289877,377425,470743,563559,649861,1474383,774068,757459,710551,643265,559278,467621,378397,299339,232680,180415,144646,121628,108541,103668,100477,97470,92956,84082,71724,57467,42634,29378,18556,10685,5634,2618,1085,395,105,38,9,0,0,0,1
0,0,0,0,0,0,0,0,0,0,0,0,0,0,6,11,21,70,162,392,855,1911,3886,7513,13601,23829,40399,64971,99511,147772,209207,283790,370665,464425,556898,643596,1466671,772983,757906,715566,648007,563519,474278,384500,303030,235820,182216,143935,120336,106899,101361,99276,97154,94091,87099,75934,61897,47634,33165,21647,12674,6888,3276,1384,545,162,47,15,2,0,0,1
0,0,0,0,0,0,0,0,0,0,0,0,0,0,5,5,26,62,142,394,847,1785,3812,7167,13159,23131,39016,62706,96416,144077,204802,278067,363417,457326,551099,634809,1459326,772915,758645,719180,653992,568942,480383,389220,308208,238995,183373,145061,119011,104830,99119,97444,96976,94800,89212,79834,66550,52354,37345,25094,14973,8424,4120,1782,694,243,71,19,3,0,0,1
0,0,0,0,0,0,0,0,0,0,0,0,0,0,2,9,22,56,155,362,791,1815,3486,6870,12659,22458,37549,60792,94257,140138,199101,272487,357354,449489,543306,628929,1451464,769915,759999,722473,659059,576075,485940,396405,312691,242191,185616,145321,118381,103390,96499,95658,95883,94417,91554,83132,70859,56981,42177,28579,17822,10026,5161,2315,887,330,93,24,3,1,0,1
0,0,0,0,0,0,0,0,0,0,0,0,0,0,3,14,19,51,138,340,787,1652,3539,6535,12172,21589,36409,58520,91633,136045,194921,266502,350472,442275,535504,621202,1442169,767898,761372,726755,664256,582157,493558,402126,318371,246373,187448,145802,117720,101620,94593,93446,94048,94302,92669,86193,75215,61564,46833,32668,20790,12039,6408,2884,1240,404,128,31,4,2,0,1
0,0,0,0,0,0,0,0,0,0,0,0,0,1,1,12,18,43,138,320,791,1602,3242,6280,11895,20708,35256,56715,88593,132413,189766,261128,343082,434550,526801,615869,1430938,767118,762689,729412,669796,588178,500210,409159,323988,250951,189905,146826,117289,100248,92279,91207,91854,93563,93771,88485,78967,66229,51631,37006,24262,14270,7844,3731,1560,596,160,53,6,2,1,1
0,0,0,0,0,0,0,0,0,0,0,0,0,0,2,8,15,59,124,320,733,1566,3093,6128,11133,20080,34047,55020,85900,128438,185578,253881,336211,426764,519584,608458,1420402,766014,762946,732172,673803,595796,507700,415308,331259,254804,193806,147865,116996,98619,90321,88419,89998,92629,93553,90258,82568,70761,56387,41423,28137,17056,9447,4758,2002,742,232,65,18,1,0,2
0,0,0,0,0,0,0,0,0,0,0,0,0,0,2,8,16,51,127,288,721,1454,2991,5903,10714,19310,32735,52858,83390,124963,180090,248950,328471,418851,511502,600073,1410640,763784,763202,735982,678060,602387,514737,423599,336931,259502,197086,150169,117680,97656,87650,86095,87640,90950,93108,91326,85337,75149,61378,46091,32385,20102,11447,5840,2607,982,315,88,31,3,0,2
0,0,0,0,0,0,0,0,0,0,0,0,0,0,1,7,14,49,113,306,660,1426,2860,5586,10373,18509,31595,51157,80331,121411,175375,242382,322059,409820,503104,592583,1399374,761458,764545,738136,682878,609386,522133,431247,342945,265254,201289,152305,117962,96909,86130,82974,85197,88979,92138,92141,87718,78569,66504,51155,36344,23792,13709,7193,3432,1273,453,119,40,5,0,2
0,0,0,0,0,0,0,0,0,0,0,0,0,0,2,6,13,49,116,288,608,1331,2718,5390,10066,17918,30035,49980,77354,117917,169877,236934,315088,401680,493834,584724,1388179,758138,764650,739373,689539,615495,529809,438567,350715,270731,204807,155703,119054,96122,84481,80843,82090,86587,90818,92165,89539,82123,70763,56375,41050,27451,16602,8813,4310,1725,624,179,54,5,0,2
0,0,0,0,0,0,0,0,0,0,0,0,0,0,0,5,14,46,105,296,581,1245,2651,5099,9595,17037,29116,48033,75248,114117,164746,230852,307786,394231,485314,576920,1374033,755666,764488,742442,693320,622732,537235,447223,356553,277636,210248,157895,120397,96003,83160,78315,79456,83619,89263,91587,90668,84914,75454,60916,46053,31705,19739,10849,5320,2303,863,242,58,14,1,2
0,0,0,0,0,0,0,0,0,0,0,0,0,0,1,5,16,39,110,249,562,1261,2497,4896,9032,16416,27990,46498,72970,109805,160476,224188,300004,386385,477339,568720,1360034,752546,763952,744416,699487,628164,545484,454707,365113,283524,215030,161313,122131,96607,81376,76080,76981,81011,86198,91050,91254,87419,78954,66120,50875,36490,23150,13260,6683,2945,1145,334,100,12,3,2
0,0,0,0,0,0,0,0,0,0,0,0,0,0,2,5,11,47,92,252,541,1168,2370,4729,8725,15643,27039,44869,70221,106324,155148,218714,293189,376817,469088,561157,1345693,749146,762540,746459,703481,635065,553366,463066,373229,291047,220097,164530,124376,97091,80332,74168,74059,77941,83656,89474,91478,89128,82525,70634,56190,41061,27172,15899,8423,3759,1521,489,130,28,3,2
0,0,0,0,0,0,0,0,0,0,0,0,0,0,2,3,12,50,92,215,568,1051,2320,4412,8578,14720,26103,42936,67790,103113,150101,212190,285620,369252,460770,551018,1332230,745105,762117,747628,706258,643422,560290,472235,381521,298077,225942,168724,126601,98171,79633,72195,71538,75143,80826,87110,91139,90372,85506,75079,61234,45809,31199,19394,10310,4803,1982,677,182,36,3,2
0,0,0,0,0,0,0,0,0,0,0,0,0,1,1,5,12,33,94,225,507,1060,2145,4297,8039,14345,25154,41220,65088,100037,145414,206002,277922,361087,451536,542262,1318065,739817,760190,749246,710860,648776,569376,480429,390016,305449,232482,173411,129667,98965,79439,70697,68870,72105,77974,84867,89572,91098,87936,79024,66227,50971,35782,22875,12759,6174,2577,903,260,57,5,2
0,0,0,0,0,0,0,0,0,0,0,0,0,1,0,6,10,39,98,227,451,981,2089,4026,7713,13843,23898,39792,62780,96045,141318,199479,271192,352551,441960,532767,1303348,735211,757138,751194,715044,654936,577610,489236,397901,314189,238637,178851,132682,99740,80181,69397,66405,69418,74957,81870,87824,91069,89578,82515,70822,56558,40541,26756,15591,7824,3381,1285,366,75,11,2
0,0,0,0,0,0,0,0,0,0,0,0,0,1,0,3,16,30,99,190,470,908,1993,3971,7242,13233,22874,38306,60663,92625,136370,193317,263806,343959,432809,523856,1286584,731328,755115,751288,719251,661253,585462,498308,407632,322952,246401,185593,137027,103398,82763,70221,67537,69673,75048,81649,88279,90786,89990,82966,71530,57064,41233,27209,15889,7951,3500,1315,369,91,10,3
0,0,0,0,0,0,0,0,0,0,0,0,0,1,1,4,8,33,89,205,398,901,1886,3757,6939,12543,21983,36653,58156,89709,132301,187537,256276,335510,423949,513852,1271067,725483,753416,750657,722880,668045,593145,507042,417747,331478,255395,190652,142591,107178,84770,71983,68519,70045,75121,81383,88311,90861,90399,83377,72131,57578,41958,27758,16173,8129,3592,1365,383,91,13,2
0,0,0,0,0,0,0,0,0,0,0,0,0,1,0,3,9,30,77,171,404,887,1818,3571,6599,12037,20839,35315,55978,86818,127095,182672,248976,327715,414194,503939,1255999,719171,750597,752039,724587,674125,600675,516684,426660,340599,263286,198743,146763,110962,87356,73753,68933,70676,75004,81935,87795,91173,90555,83912,72772,58304,42571,28101,16623,8269,3740,1411,380,94,11,3
0,0,0,0,0,0,0,0,0,0,0,0,1,0,0,2,8,32,63,180,402,808,1786,3392,6302,11525,19970,33597,54171,83279,123853,176882,242139,318270,405821,495015,1238979,713712,747221,752414,726541,679339,608757,525478,436693,349696,271187,205347,152724,114518,89928,75755,69992,70821,75221,81767,87896,91289,91160,84158,73000,59443,43034,28762,16702,8587,3881,1395,408,92,11,3
0,0,0,0,0,0,0,0,0,0,0,0,0,1,0,3,6,34,60,151,386,776,1707,3203,6084,11005,19243,32065,51965,80294,119950,171362,235143,311311,395394,486891,1220929,707968,744150,751503,730268,683490,615812,535156,446124,358410,279592,212171,158480,118736,92539,77903,70842,71032,75572,81845,88006,91465,91076,84689,73764,59989,43821,29272,17041,8726,4029,1447,423,90,12,3
0,0,0,0,0,0,0,0,0,0,0,0,0,1,0,2,10,28,48,164,347,753,1565,3187,5670,10579,18381,30910,49916,77590,115735,166612,228098,302674,388083,476394,1203949,701945,739409,751017,733489,688027,623521,543823,454314,368637,287268,219704,163901,123286,95465,79521,72393,71322,75954,81527,87829,92009,91436,84862,74787,60377,44676,29588,17503,8928,4141,1503,442,93,13,3
0,0,0,0,0,0,0,0,0,0,0,0,0,1,1,1,7,25,55,130,340,751,1482,2994,5419,10095,17706,29619,48011,75054,111663,161055,221835,295625,378717,466777,1187254,695739,735140,749647,734898,693080,630295,552648,464325,376936,296292,226343,170046,127633,98953,81321,73419,72101,76189,81473,88047,92038,91565,85306,75475,60927,45434,30104,17851,9205,4237,1570,444,94,14,3
0,0,0,0,0,0,0,0,0,0,0,0,0,0,2,1,5,24,48,132,303,673,1513,2778,5148,9637,16937,28434,46290,72319,107606,156221,216043,287343,370985,457232,1169335,688654,731501,748073,736640,697789,637698,559591,474023,386270,304513,233598,176334,132098,102209,83535,74631,72668,76239,81857,88007,92139,91562,86260,75849,61688,46136,30705,18081,9543,4318,1606,470,98,15,2
0,0,0,0,0,0,0,0,0,0,0,0,0,0,3,0,3,25,50,109,280,656,1405,2648,5005,9150,16269,27353,44480,69324,104862,150904,209753,279616,362189,448328,1152118,681883,727363,746131,737592,701267,644383,569050,482992,394531,313486,241281,182194,136753,105578,85948,75809,73428,76495,81894,88229,91908,92025,86558,76794,62353,46723,31118,18586,9833,4430,1654,485,104,18,3
0,0,0,0,0,0,0,0,0,0,0,0,0,0,3,0,6,18,45,107,274,608,1312,2522,4838,8839,15559,26207,42350,67365,101113,146112,203615,272727,352956,439750,1134680,674103,723273,744408,737360,706842,650994,574549,492660,404953,321273,248735,188570,142159,108585,88186,77406,74426,76614,82154,88265,92055,92086,87111,77473,63060,47337,31794,19069,10023,4554,1692,499,110,22,3
0,0,0,0,0,0,0,0,0,0,0,0,0,0,1,2,2,21,43,103,268,567,1219,2431,4644,8352,14932,25249,40891,64459,97530,142279,197143,265380,345431,430430,1117058,666890,718175,741489,738726,709921,656059,584171,500175,413832,331333,256628,194477,146942,112548,90490,79488,74732,76832,82588,88281,92130,92226,87827,77999,63726,48168,32226,19460,10312,4713,1740,530,114,23,3
0,0,0,0,0,0,0,0,0,0,0,0,0,0,1,1,5,12,50,105,249,549,1173,2293,4345,8178,14182,24374,39399,61882,94113,137361,192053,257604,337362,421181,1098784,660974,712283,738726,740366,713064,660440,591817,509627,423090,340057,264511,201084,151847,116433,93484,80747,75827,77054,82825,87953,92413,92970,88006,78386,64558,48915,32866,19928,10580,4832,1789,559,122,17,3
0,0,0,0,0,0,0,0,0,0,0,0,0,0,0,1,8,11,32,118,237,517,1121,2152,4195,7704,13875,23066,38034,59368,90816,132837,186485,250847,328884,412836,1081651,651821,707671,736705,739688,715454,667755,597393,518448,433304,347986,272573,208035,157196,119988,96418,82676,76618,77669,82469,88448,92293,93540,88419,78916,65341,49587,33367,20457,10844,4952,1851,586,130,13,3
0,0,0,0,0,0,0,0,0,0,0,0,0,0,0,1,6,12,36,94,223,505,1062,2079,4003,7369,13094,22283,36417,57558,87395,128851,180470,244530,319610,404433,1063655,645182,701414,734251,739487,718393,672016,605715,525991,442777,356812,280525,215175,162140,124361,99293,84094,78050,78477,82326,88571,92265,93668,89192,79560,65947,50197,34237,20750,11096,5038,1965,599,141,15,3
0,0,0,0,0,0,0,0,0,0,0,0,0,0,1,1,2,14,31,86,205,507,989,1935,3900,6908,12660,21381,35237,55239,84338,124306,175548,237307,312778,394868,1045912,637605,695736,729852,740013,721034,676037,613329,534260,451193,366341,288603,221929,168120,128267,102128,86110,79180,79097,82505,88765,92427,93803,89592,80167,66922,50820,34878,21203,11329,5228,1982,634,146,17,4
0,0,0,0,0,0,0,0,0,0,0,0,0,0,1,1,6,5,35,76,189,481,948,1863,3691,6705,11901,20628,33983,52899,81675,119686,170530,231180,304535,385937,1028823,629207,690497,725647,738060,724543,680086,620405,542943,459073,375563,296877,229191,174211,132525,105284,87956,80321,79773,83139,88274,93184,93723,89933,80879,67799,51396,35475,21780,11646,5382,2044,632,163,16,4
0,0,0,0,0,0,0,0,0,0,0,0,0,0,1,4,2,8,35,75,167,443,958,1724,3550,6400,11248,19897,32549,51365,78071,116118,165643,224550,296652,378211,1010247,622402,683529,721962,736664,724762,686287,626757,551393,467470,384477,304825,236197,180762,136730,108440,90267,81547,80442,83440,88465,93245,94300,90193,81258,68838,52000,36251,22126,11925,5539,2129,680,164,21,4
0,0,0,0,0,0,0,0,0,0,0,0,0,0,1,4,3,7,35,73,169,410,868,1731,3239,6170,10837,18940,31298,49648,75519,112026,159796,218992,288869,369641,993067,613971,677380,718044,734428,726657,690976,632710,559311,477227,392099,313616,243562,186404,141558,111357,92830,83262,80695,84245,88400,93389,94611,90717,81823,69366,52878,36696,22882,12230,5609,2252,681,174,23,3
0,0,0,0,0,0,0,0,0,0,0,0,0,0,1,2,5,14,28,55,181,384,816,1660,3143,5831,10420,18011,30212,47493,73159,108260,154603,212799,281715,361378,975296,606308,669464,713835,734238,726676,694098,639953,567135,484651,402183,322224,250837,192501,146311,114790,95312,84701,81596,84386,88827,93407,94747,91211,82795,69796,53662,37387,23345,12549,5837,2263,711,181,23,3
0,0,0,0,0,0,0,0,0,0,0,0,0,0,2,0,2,16,30,65,153,356,754,1660,3009,5526,9888,17278,28885,45957,70703,104343,149718,206232,274453,353619,957733,597918,662270,710553,731631,727770,698401,643798,575263,494072,410707,330492,258855,198215,151988,118350,97492,85979,82716,84779,89101,93608,94920,91747,83518,70383,54426,38040,23873,12858,6043,2311,729,196,22,3
0,0,0,0,0,0,0,0,0,0,0,0,0,0,1,1,2,12,32,71,138,350,720,1502,2976,5253,9496,16571,27710,43881,68311,100741,145129,200458,267212,345741,938878,590555,656256,705070,728399,728984,701643,648946,582604,504226,419334,338635,266217,205221,156739,122150,99992,87636,83365,85325,89586,93502,95058,92565,83986,71091,55268,38767,24205,13369,6179,2371,757,193,26,3
0,0,0,0,0,0,0,0,0,0,0,0,0,0,0,1,5,8,28,72,129,302,703,1448,2793,4962,9150,15872,26474,42454,65101,97683,140824,194630,260798,336977,922099,581269,649420,700042,726149,729010,704087,655693,589483,511646,428572,347551,273988,211447,162214,126203,102207,89520,84705,85612,90054,93521,95513,92844,84499,71936,55907,39480,24800,13682,6342,2460,818,191,29,2
0,0,0,0,0,0,0,0,0,0,0,0,0,0,0,2,4,10,25,65,120,302,673,1351,2601,4787,8828,15275,25245,40613,63264,93978,136242,189043,253842,328966,905422,571916,642731,694557,723654,728956,707279,659815,598031,519707,436911,356149,281444,218482,167323,130265,104995,91428,85606,86244,90236,93883,95595,93367,85283,72567,56682,40209,25316,13949,6561,2528,857,194,29,2
0,0,0,0,0,0,0,0,0,0,0,0,0,0,0,4,3,13,19,52,128,296,617,1270,2449,4657,8352,14531,24336,38946,61037,91188,131388,183711,247011,320915,887377,565913,633841,689986,720854,727247,709140,666529,603977,527662,446054,364522,289233,225196,172900,134655,107966,93410,86597,87025,90408,94134,95987,93599,85750,73598,57427,40835,25928,14213,6770,2618,896,207,28,4
0,0,0,0,0,0,0,0,0,0,0,0,0,0,0,4,2,12,18,50,121,250,604,1170,2314,4545,7985,13830,23367,37565,58885,87709,127228,178734,240541,312688,870461,556451,628029,683023,717154,727523,712528,669291,611389,535157,455744,373269,296741,232006,178290,139088,111016,95267,87887,87567,90874,94414,96157,93989,86595,74168,58370,41430,26471,14607,6935,2707,934,222,30,3
0,0,0,0,0,0,0,0,0,0,0,0,0,0,0,2,6,6,20,41,113,260,541,1144,2242,4244,7609,13238,22182,36328,56458,84766,123466,172638,234760,305667,852726,548428,619654,677768,713274,726596,713494,674847,617364,544009,463959,382225,304715,238859,184322,143049,114255,97361,88920,88315,91343,94336,96827,94496,87059,74883,59270,42170,26964,15040,7107,2826,941,241,32,3
0,0,0,0,0,0,0,0,0,0,0,0,0,0,1,1,4,9,18,40,100,261,498,1058,2155,3972,7335,12667,21484,34444,54653,81473,119076,168149,227961,298647,835524,539818,612487,670533,711681,724252,714924,680932,622502,551340,473014,390382,312892,245663,190530,147796,116997,99680,90550,88700,91502,94744,97063,95352,87657,75465,60060,43048,27495,15379,7271,2915,974,241,37,3
0,0,0,0,0,0,0,0,0,0,0,0,0,0,1,2,3,7,14,35,111,230,466,1000,1990,3718,7070,12131,20431,33274,52355,79191,115485,162820,220993,291683,818431,532040,604700,665083,705794,724219,715691,684896,628337,559490,480852,399276,321465,252912,196130,151938,121059,101698,92190,89217,91581,95352,97428,95769,88306,76144,61008,43798,27889,15860,7539,3024,995,242,42,4
0,0,0,0,0,0,0,0,0,0,0,0,0,0,1,1,4,7,16,37,84,209,472,929,1922,3578,6787,11465,19654,31779,50683,76364,111371,157901,215281,283272,802372,523370,597734,658318,702440,722726,715709,688332,635411,566193,489050,407696,330033,259976,201948,157124,124443,103940,93804,90153,92288,95634,97544,95902,89217,76954,61739,44341,28704,16259,7760,3140,1033,257,44,4
0,0,0,0,0,0,0,0,0,0,0,0,0,0,2,0,4,9,16,32,81,196,434,902,1780,3440,6405,11047,18781,30791,48269,73945,107733,152929,209787,276034,785806,514341,590226,651562,699108,720069,716172,691596,641910,573422,497360,416320,338271,267296,207790,161674,128079,106712,95365,90743,92629,96255,97827,96684,89596,77589,62622,45121,29288,16673,8047,3255,1076,259,45,4
0,0,0,0,0,0,0,0,0,0,0,0,0,1,0,2,3,5,17,25,84,183,425,843,1681,3329,6001,10569,18021,29531,46607,70935,104428,148108,203830,269498,769358,505224,582811,645502,693588,719114,716872,693196,647576,580532,505791,424576,346252,275140,214221,166921,131783,109037,96778,92086,92960,96618,98367,96950,89998,78697,63204,46067,29887,17066,8320,3355,1101,282,49,4
0,0,0,0,0,0,0,0,0,0,0,0,0,0,1,1,3,5,13,38,65,200,395,828,1617,3033,5814,10055,17289,28374,44816,68522,100907,143540,198246,262093,752962,497384,574369,639028,688699,717108,718266,695525,651413,588791,513611,432386,354995,282238,221355,171342,135559,111540,98481,93417,93513,96663,98928,97214,90838,79409,63973,47024,30489,17465,8600,3472,1147,288,57,5
0,0,0,0,0,0,0,0,0,0,0,0,0,0,1,1,2,4,13,29,79,178,361,805,1440,3072,5441,9706,16467,27217,43004,65774,97886,139114,192164,255842,737163,488353,565892,633595,683311,714729,718301,698066,656488,595723,521245,440773,362968,290165,226985,177118,139570,114261,100207,94555,94270,96871,99192,97834,91131,80223,65074,47562,31205,18011,8826,3587,1199,297,54,5
0,0,0,0,0,0,0,0,0,0,0,0,0,0,0,1,2,5,6,37,72,156,370,702,1481,2809,5298,9276,15653,25749,41757,63715,93949,135117,186249,248793,721471,480053,559315,625128,679138,711246,717986,700699,662186,600957,529554,449469,371146,297456,233480,182527,144017,116589,102183,95766,94925,97204,99443,98155,91973,81226,65627,48499,32080,18273,9137,3698,1240,306,56,4
0,0,0,0,0,0,0,0,0,0,0,0,0,0,0,1,2,5,5,32,80,150,335,671,1392,2644,5120,8865,14863,24855,39942,61200,91056,130983,180122,242697,705256,472112,551128,620011,672709,707939,717230,703629,665889,608220,536438,458032,378665,305364,240544,188264,147777,119688,103886,97298,95295,97681,99737,98783,92600,81903,66805,49103,32668,18808,9421,3858,1277,305,61,5
0,0,0,0,0,0,0,0,0,0,0,0,0,0,0,2,1,2,10,26,63,160,300,626,1390,2521,4842,8450,14264,23938,38408,58580,88425,126130,175266,236180,689796,464061,542192,613897,667952,704472,715935,705455,669788,615135,543031,467141,386968,313112,246781,193905,151855,123100,105801,98395,95986,98428,99855,99168,92939,83195,67465,49778,33566,19337,9607,4024,1306,333,59,7
0,0,0,0,0,0,0,0,0,0,0,0,0,0,1,1,1,1,9,22,66,145,300,594,1216,2459,4594,8029,13938,22738,36680,56787,84920,122472,170847,229009,674546,455475,534346,606428,663308,701281,714850,706672,673357,620921,551681,474161,395986,320477,253661,199215,156553,126231,107924,99676,96866,98368,100527,99488,93781,83990,68205,50856,33975,19885,9935,4191,1336,362,60,6
0,0,0,0,0,0,0,0,0,0,0,0,0,0,0,2,1,1,8,17,59,141,299,551,1161,2368,4293,7842,13023,22001,35183,54618,82030,119101,164897,223809,658760,447591,525550,598222,658892,698752,712252,707748,677710,626915,558363,483474,403133,328915,260186,204913,161011,129507,110596,100493,97852,98753,101029,99777,94650,84567,69087,51962,34664,20261,10252,4345,1416,337,62,7
0,0,0,0,0,0,0,0,0,0,0,0,0,0,0,2,2,0,8,20,55,129,276,545,1110,2177,4184,7327,12653,21021,33850,52533,79052,114959,161057,217345,643837,438770,518142,590206,653138,694477,713482,706973,681192,632439,566370,490347,411929,336191,267321,210660,165560,133112,112658,102081,98694,99558,100991,100467,95441,85399,69853,52865,35278,20655,10597,4553,1442,349,69,8
0,0,0,0,0,0,0,0,0,0,0,0,0,0,0,2,1,2,3,22,55,110,263,526,1060,2031,3935,7071,12086,20104,32577,50610,76546,110764,156010,211476,628973,431091,508053,584751,646425,691534,712003,707874,683845,638222,573615,498502,419734,344181,274229,216124,170292,136493,115350,103456,99442,100396,100991,101287,96003,85981,70875,53629,36075,21208,10887,4676,1508,376,66,8
0,0,0,0,0,0,0,0,0,0,0,0,0,0,0,0,2,2,6,20,56,100,246,501,960,1924,3725,6715,11723,19172,31101,48847,73160,107887,151199,206422,613334,422594,502066,575408,640444,688118,709660,710180,685805,642395,580673,507049,427545,351742,281896,222293,174803,140135,117676,104866,100772,100685,101357,102066,96333,86941,71821,54417,36857,21572,11303,4757,1602,397,70,9
0,0,0,0,0,0,0,0,0,0,0,0,0,0,0,0,0,5,7,24,36,111,200,471,926,1869,3446,6415,11201,18284,29955,47013,70798,104162,146885,199943,600238,413924,493370,568607,634191,683352,708229,710779,689041,647220,586583,514760,436090,359955,288472,228522,179675,143707,120151,106495,101619,101295,101919,102041,97335,87731,72689,55338,37521,22213,11513,4929,1661,416,68,9
0,0,0,0,0,0,0,0,0,0,0,0,0,0,0,0,2,1,8,18,38,104,191,411,890,1779,3262,6107,10653,17475,28792,45388,68333,100594,141955,194922,585683,405704,486216,560654,628206,677033,707223,710698,692799,651658,592805,521996,444757,367503,295834,234657,185101,146967,122650,108222,102731,101736,102669,102771,97782,88351,73790,56235,38142,22808,11766,5102,1699,457,71,10
0,0,0,0,0,0,0,0,0,0,0,0,0,0,0,0,0,3,8,18,40,94,178,382,887,1644,3036,5905,9978,17148,27528,43274,66471,96675,137728,189669,571415,398341,476765,554093,621006,673411,703510,711575,695206,656209,599801,528653,453690,374821,302593,240970,190248,151092,125677,109564,103908,102474,103083,103064,98662,89030,74922,56947,38965,23413,12123,5151,1817,458,77,9
0,0,0,0,0,0,0,0,0,0,0,0,0,0,0,0,0,2,11,19,30,86,166,397,815,1501,3002,5477,9686,16187,26537,41538,64023,93727,133312,184284,557430,390563,469223,546700,613531,668716,701389,711755,696819,661527,605425,536810,460564,382937,309455,247291,195627,154858,128414,111925,104809,103065,103549,103671,99142,89680,75973,57838,39562,24125,12468,5291,1890,501,77,9
0,0,0,0,0,0,0,0,0,0,0,0,0,0,0,0,0,4,6,19,35,69,183,372,744,1460,2824,5224,9122,15497,25553,39872,61671,90688,129040,179330,544093,382333,461590,539237,607355,662342,699421,710344,700139,665056,611610,543744,468206,390789,317566,252992,201184,158980,130882,114175,105861,103648,103990,104515,99598,90537,76614,58980,40361,24754,12752,5477,1948,527,88,8
0,0,0,0,0,0,0,0,0,0,0,0,0,0,0,0,0,3,8,20,32,59,171,353,720,1322,2760,4894,8915,14703,24282,38554,59298,87423,125084,173971,530738,374914,453927,531613,600755,656340,695777,710710,701873,670202,616423,551682,476355,398097,324425,259591,205674,164020,133915,115617,107392,104369,104786,104729,100285,91191,77546,59921,41286,25213,13136,5698,1968,566,95,8
0,0,0,0,0,0,0,0,0,0,0,0,0,0,0,0,1,1,10,18,28,55,165,319,693,1287,2532,4763,8407,14220,23195,37096,56971,84234,121359,169146,517908,367234,445455,524270,593691,652024,691280,710538,703602,673719,622923,557578,484879,405542,332060,266516,210340,168035,137022,117952,108580,104985,105479,104974,100825,92392,78431,60681,42094,25759,13522,5886,2039,592,93,9
0,0,0,0,0,0,0,0,0,0,0,0,0,0,0,0,1,1,8,17,31,52,143,318,660,1208,2450,4530,8110,13378,22466,35440,54525,81794,117840,162967,505623,359787,437148,517213,587475,645910,688506,708731,705989,676638,629315,564243,491598,414297,339355,272162,216168,172116,140316,119781,110071,105709,106153,105654,101426,93022,79423,61668,42721,26444,13931,6059,2142,567,100,9
0,0,0,0,0,0,0,0,0,0,0,0,0,0,0,0,0,2,8,11,34,49,147,275,595,1159,2328,4326,7708,12913,21473,33860,52640,78943,113987,158681,492908,351364,430834,508507,580531,640483,685945,706970,706385,680791,634300,571282,498725,421812,347023,278451,222300,176790,143093,122099,111345,106697,106438,106301,101931,94056,80173,62614,43633,26925,14377,6235,2260,570,113,9
0,0,0,0,0,0,0,0,0,0,0,0,0,0,0,0,0,1,5,14,29,41,148,252,556,1151,2172,4038,7293,12499,20402,32485,50809,76140,110537,153878,480452,344639,422336,500723,573220,636682,681755,705374,707093,684131,638948,578578,506095,429622,353753,285741,227058,180942,146875,124504,112473,107791,107127,106696,102818,94797,81017,63403,44544,27550,14698,6487,2312,609,105,11
0,0,0,0,0,0,0,0,0,0,0,0,0,0,0,0,0,2,2,14,22,37,125,269,540,1032,2076,3825,6961,11958,19611,31325,49092,73398,106756,149585,468138,337578,414593,493068,566865,629586,678210,704281,707928,686598,644247,584013,513641,437736,361595,292323,232691,185621,149506,127054,113980,108958,107437,107016,103884,95471,81872,64466,45409,28193,14974,6740,2346,648,101,12
0,0,0,0,0,0,0,0,0,0,0,0,0,0,0,0,1,2,2,7,20,46,110,261,479,1004,2003,3595,6660,11567,18754,30322,46764,71204,103104,144842,455916,330391,407895,485045,559399,625264,673254,702190,707874,689726,649517,591714,519617,445820,369453,298313,237938,189920,153446,129574,115488,109774,108081,107673,104524,96036,82988,65250,46291,28831,15252,6958,2451,668,117,14
0,0,0,0,0,0,0,0,0,0,0,0,0,0,0,0,0,2,2,7,15,45,107,225,445,968,1896,3481,6256,11059,18005,28976,45358,68428,99464,140296,444865,323383,400122,477242,553211,618657,668297,700893,707950,693089,653789,597210,527806,452597,376782,306002,243407,194371,156933,132204,116976,110592,109105,108157,105177,96737,83944,65947,47393,29466,15605,7035,2633,660,124,13
0,0,0,0,0,0,0,0,0,0,0,0,0,0,0,0,0,2,2,7,18,41,93,214,420,917,1795,3297,6084,10376,17420,27743,43739,65778,96527,135775,433784,316198,392742,469853,545828,612584,664567,698223,707720,695465,658354,603455,535154,460687,383573,312767,249211,198738,160974,134609,118700,111137,110057,108598,105520,97944,84857,66908,47889,30153,16103,7307,2670,691,128,13
0,0,0,0,0,0,0,0,0,0,0,0,0,0,0,0,1,2,1,5,16,39,84,202,431,836,1699,3117,5810,9803,16740,26851,41663,63589,93058,132125,422406,309551,384876,462636,538337,607409,659524,696550,707513,697592,663246,608063,542451,467372,392223,318930,254768,203846,164452,136932,120612,112460,110593,109274,106319,98737,85518,68165,48381,30934,16545,7512,2738,732,125,15
0,0,0,0,0,0,0,0,0,0,0,0,0,0,0,0,1,1,2,3,16,40,69,171,410,797,1601,3002,5417,9471,15777,25874,40660,60540,90016,128269,411486,302685,377977,454770,531626,600143,656596,691787,710219,697697,667225,614702,549872,474733,398260,325829,261178,208112,168001,139976,122603,113735,111022,109975,106765,99593,86287,69103,49304,31655,16870,7748,2818,785,118,17
0,0,0,0,0,0,0,0,0,0,0,0,0,0,0,0,1,1,2,4,12,34,73,172,368,799,1537,2798,5034,9046,15143,24852,38862,58769,86483,124837,400588,295601,370472,448162,523536,595056,651966,690139,707458,701470,669176,621302,556117,482329,405763,332864,266808,213215,171599,142627,124638,115025,111501,110678,107299,100418,86957,70273,50143,32184,17381,7944,2935,812,130,16
0,0,0,0,0,0,0,0,0,0,0,0,0,0,0,1,0,0,3,3,9,30,79,151,375,726,1457,2656,4874,8486,14543,23757,37231,56837,84078,120640,389356,289871,362377,441017,516876,588511,647546,687509,706893,702252,674334,625821,562017,490633,413525,338495,273001,218227,175717,145048,126808,116329,111949,111296,108307,101114,87567,71180,51087,32763,17798,8219,3040,833,141,16
0,0,0,0,0,0,0,0,0,0,0,0,0,0,0,1,0,0,1,3,10,31,65,166,308,699,1391,2538,4662,8056,13890,22564,36398,54497,80944,117215,379546,282374,355941,433377,510560,582124,641401,685461,706460,703888,676351,630383,569528,497912,421153,345432,278917,222978,180174,148090,128269,117160,113239,111833,109209,101245,88864,71687,52039,33438,18258,8499,3152,855,156,17
0,0,0,0,0,0,0,0,0,0,0,0,0,0,0,1,0,0,1,0,11,30,69,150,291,630,1273,2507,4439,7698,13240,21786,34744,52861,78309,113030,369380,276109,349389,426614,502538,576432,636124,681743,705884,705008,679829,635318,576612,504606,428216,352522,285205,228336,183285,151165,130044,118748,113750,112559,109869,101940,89688,72748,52745,34022,18842,8733,3248,902,164,22
0,0,0,0,0,0,0,0,0,0,0,0,0,0,0,1,0,0,1,1,9,27,70,131,289,596,1220,2315,4254,7320,12791,20907,33138,51327,75686,109279,359554,270433,341630,419345,496443,568899,632123,677883,705094,704672,684299,640454,583075,510997,435238,359484,291369,233591,187315,154074,131461,120264,114775,113162,110305,102838,90548,73658,53512,34721,19383,8947,3371,931,176,23
0,0,0,0,0,0,0,0,0,0,0,0,0,0,0,1,0,1,0,1,12,21,57,136,244,565,1169,2234,3992,7031,12136,19848,32106,49210,73279,106068,349768,263674,335169,412787,488857,563601,626137,674357,703524,706316,687791,645271,588144,518713,441347,367432,297227,238439,191224,157006,133490,121536,116054,113398,110904,103521,91413,74659,54516,35286,19889,9211,3452,973,190,22
0,0,0,0,0,0,0,0,0,0,0,0,0,0,0,1,0,1,0,2,6,26,47,98,257,582,1072,2111,3811,6641,11447,19376,30450,47537,70941,102852,340440,257491,328611,405251,481922,557237,620454,671544,701413,708039,689131,651414,593066,526037,449363,373719,303390,243510,195355,159567,135725,122985,117044,114017,111259,104169,92442,75628,55368,35999,20388,9328,3617,1015,188,25
0,0,0,0,0,0,0,0,0,0,0,0,0,0,0,0,1,1,0,0,7,19,46,101,247,526,995,2012,3653,6275,11062,18373,29473,45612,68580,99385,331282,252190,321773,397386,476137,550133,615955,668214,699706,707358,692581,655317,599955,531972,456163,380494,309792,248950,199287,162691,137997,124097,118035,114503,111928,105019,93197,76637,56086,36656,20982,9596,3688,1071,187,26
0,0,0,0,0,0,0,0,0,0,0,0,0,0,0,0,1,1,0,1,7,11,50,87,233,473,1025,1840,3318,6178,10485,17506,28490,43952,65969,96507,322242,246663,315281,390116,468901,543923,611080,663878,699218,707280,694762,660003,606287,537458,463211,388200,315874,253451,203052,166075,140116,125548,118680,115295,112599,105919,94032,77316,56919,37518,21290,9978,3753,1122,209,26
0,0,0,0,0,0,0,0,0,0,0,0,0,0,0,0,1,0,1,1,4,16,34,88,205,484,927,1738,3230,5827,10079,16774,27394,42226,63903,93475,313390,240923,308824,383168,461893,537956,606183,660905,694849,709078,696464,664673,611763,544829,469674,394362,322135,258532,207655,168639,142378,127263,119630,115581,112897,106777,95203,77960,57961,38190,21756,10234,3870,1169,214,24
0,0,0,0,0,0,0,0,0,0,0,0,0,0,0,0,1,0,0,1,2,15,34,86,171,462,845,1689,3119,5500,9522,16186,26308,40797,61643,90232,304758,234844,303269,376423,455321,532305,599412,657315,692658,708918,700492,667969,617939,550228,477140,400424,328078,264000,212013,171615,144380,128933,120247,116239,113927,107088,96063,78651,59007,38990,22189,10506,3998,1206,227,24
0,0,0,0,0,0,0,0,0,0,0,0,0,0,0,0,0,1,0,0,2,8,39,90,166,392,811,1572,2957,5173,9330,15354,25202,39552,59210,87511,296345,229596,296550,370482,448751,525179,594509,652060,691071,708965,702363,672577,622758,556750,484536,406903,333432,270011,215923,174759,146775,130378,120901,117151,114051,108022,97132,79656,59714,39617,22687,10817,4114,1229,247,28
0,0,0,0,0,0,0,0,0,0,0,0,0,0,0,0,0,1,0,1,3,7,40,69,179,373,729,1537,2823,4935,8829,14881,23890,38074,57415,84593,288816,224393,289845,364327,441788,518343,588916,647596,689627,709012,704549,675353,628047,563884,490647,413462,340259,274644,220441,177881,148704,131536,122292,117712,114528,108983,97599,80827,60562,40154,23461,10987,4321,1245,260,29
0,0,0,0,0,0,0,0,0,0,0,0,0,0,0,0,0,1,1,0,1,9,32,64,155,355,725,1419,2646,4743,8483,14260,22933,36590,55357,82111,280811,219078,284167,358271,434860,511683,583101,643508,687175,708572,706989,679074,632934,569798,496616,421201,345804,279988,225034,180717,151453,132856,123203,118130,115223,109891,98112,81657,61382,41093,23848,11260,4438,1292,275,30
0,0,0,0,0,0,0,0,0,0,0,0,0,0,0,0,0,1,1,0,2,9,25,72,140,337,669,1373,2497,4529,8267,13364,22145,35048,53782,79103,273697,213993,278151,351209,428052,505470,578572,639786,683846,708915,706840,684009,637855,575416,503171,426911,352670,284732,229530,184335,153111,134673,124067,119087,115944,110923,98552,82224,62520,41643,24374,11572,4539,1343,281,32
0,0,0,0,0,0,0,0,0,0,0,0,0,0,0,0,0,1,1,1,2,3,34,53,128,316,647,1271,2385,4401,7776,12938,21288,33589,51890,76773,265837,208436,273666,344416,422048,499485,572454,635451,682597,707534,707792,687386,642463,581417,509811,433473,358268,290777,233528,186795,155982,135834,125055,120062,116564,111385,99586,83012,63485,42229,24770,11937,4659,1395,295,28
0,0,0,0,0,0,0,0,0,0,0,0,0,0,0,0,0,1,0,2,0,5,27,62,113,290,622,1213,2204,4255,7275,12532,20339,32488,49923,75021,257723,204498,266778,338362,415146,493385,567097,631681,679419,706960,708807,689858,647984,587328,516350,439897,364616,295308,237799,190835,157878,137648,126028,120750,117078,111959,100766,83768,64231,43047,25252,12234,4830,1403,307,27
0,0,0,0,0,0,0,0,0,0,0,0,0,0,0,0,0,1,0,1,1,7,27,51,125,278,557,1156,2120,3896,7102,11885,19599,31299,48467,72248,250437,199337,261283,332799,408974,486538,561316,628210,675455,707127,708856,693449,652551,592020,523534,446553,370592,300931,241351,194674,160417,139088,126977,121728,117806,112342,101676,84905,64811,43831,25725,12506,4988,1449,326,27
0,0,0,0,0,0,0,0,0,0,0,0,0,0,0,0,0,0,1,2,1,8,18,58,104,265,530,1101,2056,3671,6629,11483,18932,30189,46659,69725,243818,194502,256134,326085,402418,481213,555125,622983,672942,705408,710270,696251,657077,598371,528698,453557,376777,305885,246586,197855,162894,140833,127931,122367,118418,112989,102437,85913,65658,44584,26163,12863,5086,1533,319,34
0,0,0,0,0,0,0,0,0,0,0,0,0,0,0,0,0,0,1,1,2,5,26,48,108,252,494,1004,1937,3576,6320,10919,18150,29170,44870,67437,237230,189410,250656,319748,395911,475035,550992,616708,670743,703184,711644,698718,661490,604178,535732,459626,382636,311052,250918,201862,165338,142715,129020,123108,118767,113816,103084,86974,66557,45204,26791,13093,5212,1564,336,37
0,0,0,0,0,0,0,0,0,0,0,0,0,0,0,0,0,0,1,0,3,8,21,48,94,227,493,911,1858,3425,5918,10521,17372,28150,43334,65289,230192,184829,245533,314015,389246,468954,544556,612520,667245,701427,712625,700816,665331,610799,542198,465728,388834,316026,256094,205409,167895,144161,130598,123888,119261,114120,104378,87741,67267,45865,27338,13582,5274,1607,346,38
0,0,0,0,0,0,0,0,0,0,0,0,0,0,0,0,0,0,1,0,2,10,24,39,98,205,457,865,1779,3183,5791,10094,16652,26924,41826,63349,223649,180226,239932,307739,382870,462245,538473,608730,663589,699220,714615,702929,668683,616400,548574,472563,394267,322617,260160,208965,170497,146093,132248,124415,120016,114624,104933,88986,67848,46929,27702,13880,5458,1631,363,41
0,0,0,0,0,0,0,0,0,0,0,0,0,0,0,0,0,0,1,0,1,12,22,38,85,215,418,843,1633,3117,5438,9570,15968,25841,40486,60862,217263,175958,235189,301321,376341,455458,533343,603393,659177,698437,714478,705499,672844,622749,552907,479739,400722,328777,264570,212818,173685,147495,133505,125176,120756,115001,105853,90141,68415,47679,28270,14152,5663,1675,368,42
0,0,0,0,0,0,0,0,0,0,0,0,0,0,0,0,0,0,0,1,1,12,18,43,81,177,380,811,1611,2881,5250,8992,15264,25038,39080,59129,210812,171425,228928,296555,370203,448802,526925,598242,656507,696034,713181,709620,676254,627106,560107,486332,406471,334559,269399,216857,176333,149602,134745,126034,121311,116141,106234,90850,69620,48147,28838,14418,5847,1779,383,39
0,0,0,0,0,0,0,0,0,0,0,0,0,0,0,0,0,0,0,2,1,5,27,43,68,153,368,770,1510,2822,4911,8729,14624,23819,37795,57174,204242,167407,223712,290119,364842,442210,520693,593114,652523,694398,713856,710259,681127,631047,567622,491551,413736,339964,274859,219862,179390,152012,136003,127231,121624,116763,106894,91823,70510,48773,29475,14714,5976,1820,395,42
0,0,0,0,0,0,0,0,0,0,0,0,0,0,0,0,0,0,0,1,2,6,23,36,78,140,343,727,1448,2629,4735,8301,14012,22948,36072,55499,198043,163271,219477,283406,358735,436128,515270,586468,648939,692849,712648,713032,683774,637087,572801,498622,419975,346204,278888,224393,182589,153549,137664,128087,122495,117329,107667,92310,71621,49571,30104,14895,6193,1882,397,46
0,0,0,0,0,0,0,0,0,0,0,0,0,0,0,0,0,0,1,1,2,7,17,29,85,128,308,667,1392,2508,4414,7990,13403,22064,34892,53371,193094,158023,214675,278485,351548,430436,508656,581717,643669,691424,711972,714173,688202,642367,578436,505223,426790,351361,284402,227968,185360,155923,138578,129277,123356,118079,108431,92966,72446,50418,30716,15280,6285,1946,405,43
0,0,0,0,0,0,0,0,0,0,0,0,0,0,0,0,0,1,0,1,0,7,12,35,73,125,292,642,1219,2422,4314,7624,12741,21131,33845,51435,186907,154656,209047,273200,345339,423821,501444,577568,639806,687022,714522,714203,691603,646734,584851,511618,433253,357608,289406,231710,188999,157835,139804,130354,124080,119061,108739,94206,72779,51479,31333,15581,6474,1997,411,40
0,0,0,0,0,0,0,0,0,0,0,0,0,0,0,0,0,1,0,1,0,8,13,25,69,131,286,580,1155,2328,4187,7185,12281,20289,32347,49820,181861,149999,204068,267977,338762,417364,495305,570962,637349,684137,712137,717120,694824,651115,591668,517076,440698,363065,294423,236027,192089,159794,141442,131342,124881,119591,109780,94826,74034,52011,31830,16000,6648,2029,429,40
0,0,0,0,0,0,0,0,0,0,0,0,0,0,0,0,0,1,0,1,1,6,11,24,59,136,254,561,1134,2168,3966,6903,11952,19313,31017,48265,176038,146692,199279,261546,332568,411193,489748,565407,631823,681956,711184,718221,698642,655367,597091,524015,447349,369724,298946,240686,194800,162355,142690,132351,125818,120300,110596,95482,74710,52901,32436,16382,6795,2071,430,45
0,0,0,0,0,0,0,0,0,0,0,0,0,0,0,0,0,0,1,2,0,3,11,25,57,131,237,536,1053,2052,3798,6637,11287,18745,29870,46600,170751,142477,194729,255705,327449,404569,483328,559204,627966,679110,710016,718295,701895,660671,602250,531467,453288,375940,304355,245004,197423,165021,144536,133145,126879,120534,111160,96413,75879,53755,32767,16826,6914,2154,440,49
0,0,0,0,0,0,0,0,0,0,0,0,0,0,0,0,0,0,0,2,1,5,8,22,59,112,234,499,1004,1940,3632,6307,10812,17780,29065,44792,165953,138618,189640,250583,321527,397004,478296,553612,622884,676114,708350,719959,704288,665281,608335,537627,460074,381728,309664,249350,201066,166956,146131,134505,127449,121331,111771,97284,76767,54545,33417,17179,7113,2231,450,53
0,0,0,0,0,0,0,0,0,0,0,0,0,0,0,0,0,0,0,0,3,2,11,20,54,105,246,454,960,1789,3472,6063,10235,17255,27874,43192,160515,135199,185144,245575,314925,391331,471347,549060,616567,674699,706298,719713,706977,670721,613253,543656,467466,388038,314632,253802,204462,169204,147979,135586,128133,121952,112490,97975,78035,55182,34121,17527,7306,2280,469,55
0,0,0,0,0,0,0,0,0,0,0,0,0,0,0,0,0,0,0,0,1,5,9,23,45,103,230,441,879,1714,3233,5816,9940,16579,26666,41776,155538,131711,180767,239749,308941,384808,464798,543997,612287,669600,706584,719716,709950,675183,619139,549211,474082,394448,320071,257528,207952,172592,148781,136763,129295,122696,113256,98590,78620,56289,34639,17971,7524,2322,492,59
0,0,0,0,0,0,0,0,0,0,0,0,0,0,0,0,0,0,0,0,2,2,10,25,42,86,214,436,825,1633,3069,5492,9492,15983,25726,40302,150773,128204,176154,234523,303117,378141,458944,538112,608145,665108,704849,720438,712905,679718,623072,557000,479890,399963,325839,262115,211498,175124,150770,137906,129944,123380,114135,99315,79400,57325,35368,18183,7782,2360,508,62
0,0,0,0,0,0,0,0,0,0,0,0,0,0,0,0,0,0,0,1,0,2,6,30,35,88,184,409,829,1585,2862,5226,9001,15289,24826,38790,146196,124877,171455,228970,298053,372466,451811,533237,602656,661567,703231,720632,714206,683443,629623,563218,485758,406691,331326,266489,215182,177438,152558,138978,131194,123873,115019,100419,80064,57938,36037,18618,8005,2413,538,67
0,0,0,0,0,0,0,0,0,0,0,0,0,0,0,0,0,0,0,1,0,3,6,25,37,95,167,378,797,1443,2800,5027,8611,14562,23777,37645,141525,121159,167380,223677,291887,366591,446147,526361,598803,657667,701863,720574,716161,686600,636209,568380,492442,412905,337161,270636,218735,180142,154636,140081,131564,125352,115581,101028,81336,58528,36611,18964,8163,2549,571,66
0,0,0,0,0,0,0,0,0,0,0,0,0,0,0,0,0,0,0,1,1,2,5,18,40,86,174,367,717,1406,2630,4834,8223,13936,22856,36232,136786,117653,163542,218848,286097,360080,440862,519937,593182,654932,698814,720106,719518,689862,640914,574239,499125,419859,342148,275862,222415,182817,156439,141443,132473,125689,116430,101941,82346,59258,37264,19398,8326,2631,577,68
0,0,0,0,0,0,0,0,0,0,0,0,0,0,0,0,0,0,1,0,1,3,4,15,37,84,179,343,687,1308,2528,4585,7903,13320,22238,34672,132492,114182,158968,214327,279999,354685,433936,514811,587675,651188,695885,721746,719279,694382,646470,579539,505542,426206,348108,280212,226113,186220,158384,142171,133832,126617,116630,102877,83277,60309,37675,19942,8424,2744,588,66
0,0,0,0,0,0,0,0,0,0,0,0,0,0,0,0,0,0,0,1,1,2,5,14,34,79,168,336,651,1244,2372,4396,7635,12774,21072,33515,128714,110507,155298,209056,274464,347876,429319,507676,582464,647367,694139,720699,721590,698108,651061,585268,512191,432292,353751,285637,229553,188790,160801,143315,134716,127096,117834,103591,84022,61118,38358,20258,8694,2820,607,60
0,0,0,0,0,0,0,0,0,0,0,0,0,0,0,0,0,0,0,2,0,2,5,11,31,67,166,340,603,1181,2269,4072,7479,12242,20270,32197,124440,107664,150896,204693,268437,342816,421253,502602,577484,643019,691626,721368,722494,701469,655295,592532,517884,437771,360605,290100,233942,191411,162629,144826,135388,127836,118920,104117,84870,62024,39020,20617,8848,2891,617,68
0,0,0,0,0,0,0,0,0,0,0,0,0,0,0,0,0,0,0,2,0,2,7,7,31,67,151,310,574,1142,2150,3877,7109,11798,19551,31055,120334,104564,146800,199915,263489,336154,415414,496296,571821,640039,688861,719955,724313,703458,660115,600007,524369,443812,366055,295543,237278,194966,164160,146284,136277,128467,119753,105038,85801,62856,39654,21036,9026,2950,650,66
0,0,0,0,0,0,0,0,0,0,0,0,0,0,0,0,0,0,0,0,2,3,5,9,30,57,149,294,533,1122,2056,3734,6680,11459,18521,30143,116362,101536,143114,194963,258455,330267,408597,489895,567686,634851,686899,719079,725852,705748,665662,605104,530486,450991,371240,300916,241077,197427,166470,148024,137456,128993,120309,106164,86869,63243,40408,21449,9270,3006,676,68
0,0,0,0,0,0,0,0,0,0,0,0,0,0,0,0,0,0,0,1,2,2,4,14,19,64,116,292,541,1040,1887,3578,6332,11035,18130,28450,112770,98735,139958,190475,252495,324009,402148,483650,562716,630531,684911,717391,726816,709136,669964,611630,536753,456219,377636,305834,245401,200158,168928,149218,138587,129808,121316,106625,87842,64085,40916,21931,9470,3090,678,72
0,0,0,0,0,0,0,0,0,0,0,0,0,0,0,0,0,0,0,2,0,3,4,9,26,47,137,250,518,947,1849,3326,6080,10616,17274,27810,108995,95594,136021,186251,247321,318402,395941,477194,557901,625034,682739,716837,727473,711251,675321,616632,542675,462238,384432,310676,250159,202699,171017,151038,139267,130527,122099,107646,88901,64753,41469,22361,9714,3149,712,72
0,0,0,0,0,0,0,0,0,0,0,0,0,0,0,0,0,0,0,1,2,0,4,12,18,47,116,234,526,887,1755,3179,5806,9994,16766,26903,105034,93218,132182,181562,243061,312488,388975,471607,552027,620869,678896,715991,728611,714053,679101,621906,549007,469509,389251,316475,254198,206233,173246,152517,140146,131657,122853,108412,89746,65625,42113,22634,9891,3250,740,75
0,0,0,0,0,0,0,0,0,0,0,0,0,0,0,0,0,0,1,0,2,0,3,8,22,44,113,221,471,849,1663,3121,5558,9555,16019,26002,101301,90624,128864,177313,237555,306021,384012,465036,546291,617134,674157,715483,728505,717326,682618,627371,555490,476359,395422,321200,258330,209811,175731,154240,141037,132586,123624,109480,90215,66353,42833,23157,10106,3348,743,81
0,0,0,0,0,0,0,0,0,0,0,0,0,0,0,0,0,0,0,1,2,0,1,10,21,39,104,207,428,820,1590,2885,5312,9170,15398,25197,98141,87221,125343,173289,232507,300874,376750,459616,539788,613702,671400,713117,728398,719799,687909,631665,562172,482459,401509,326557,262836,213030,178305,155490,142353,133451,124575,110159,91023,67142,43479,23630,10313,3380,758,84
0,0,0,0,0,0,0,0,0,0,0,0,0,0,0,0,0,0,1,0,1,1,2,8,14,42,91,208,418,752,1490,2800,5087,8845,14785,24150,94776,85156,121861,168687,227463,295087,371094,452945,534568,608326,668535,710832,729239,722465,691950,637037,568330,488715,407912,331740,267268,216127,180619,157462,143114,134442,125098,110948,92025,67907,44056,24056,10563,3445,782,84
0,0,0,0,0,0,0,0,0,0,0,0,0,0,0,0,0,0,1,0,0,2,3,9,12,34,88,196,387,739,1381,2695,4868,8440,14311,23024,91757,82772,118067,165210,222304,289390,365309,446503,528686,602658,665591,709885,728777,725012,694878,643226,573760,494934,414143,337654,271779,219757,182566,159543,144175,135114,126053,111496,93155,68514,44865,24530,10775,3513,786,82
0,0,0,0,0,0,0,0,0,0,0,0,0,0,0,0,0,0,0,1,1,1,4,7,14,28,78,196,350,709,1286,2635,4571,8110,13796,22067,88662,80083,115002,160901,217403,284028,359235,440537,522453,598373,661545,709273,727157,727201,699378,648342,579009,502157,419779,343447,276721,222540,185577,161027,145350,136015,126879,112095,94029,69233,45663,24965,11033,3568,804,91
0,0,0,0,0,0,0,0,0,0,0,0,0,0,0,0,0,0,0,1,0,4,2,2,11,37,81,173,336,668,1286,2397,4417,7873,12966,21248,85769,77553,112257,156538,212634,278833,352905,434666,516823,593168,659423,704479,728646,729124,703224,652865,584896,508045,426486,348961,280731,226422,188171,162538,146892,136628,127615,113534,94485,70112,46283,25218,11384,3708,795,96
0,0,0,0,0,0,0,0,0,0,0,0,0,0,0,0,0,0,0,1,1,4,1,4,7,37,78,144,313,635,1228,2358,4148,7480,12467,20493,83041,75170,109137,152680,207636,273011,347639,429014,510037,588439,655235,702755,729170,730955,706347,657183,591393,513550,433257,354656,285181,229740,191034,164241,147881,137751,128303,114634,95304,70813,46929,25608,11573,3812,802,99
0,0,0,0,0,0,0,0,0,0,0,0,0,0,0,0,0,0,0,0,2,3,2,3,5,34,74,142,276,634,1153,2212,4108,7021,11951,19824,79874,73445,105582,148863,203102,267543,342011,422985,504788,583570,650737,699596,729344,731917,709634,663275,597721,519312,438739,359791,290293,233806,193591,165731,149281,138650,129312,115336,96207,71706,47424,26045,11889,3929,828,108
0,0,0,0,0,0,0,0,0,0,0,0,0,0,0,0,0,0,0,0,2,3,2,3,8,31,62,130,268,569,1115,2129,3843,6739,11345,19208,77536,70586,103051,145248,198202,262441,336340,416461,499777,577750,646575,697888,728428,733280,712428,668292,602666,526709,444580,364562,296185,237625,196007,167440,150900,139554,130127,115846,97281,72714,47784,26627,12116,3977,867,102
0,0,0,0,0,0,0,0,0,0,0,0,0,0,0,0,0,0,0,0,1,2,4,4,9,21,62,121,264,531,1058,2028,3697,6357,11110,18314,74780,68436,100304,141700,193754,256899,330969,410725,493380,572364,641861,695813,728954,733694,715129,673465,608049,533071,450816,370506,300613,241607,198340,169547,152282,140498,130642,117312,97657,73730,48346,27207,12319,4034,921,102
0,0,0,0,0,0,0,0,0,0,0,0,0,0,0,0,0,0,0,0,1,3,5,2,9,26,58,114,220,560,998,1914,3503,6086,10629,17500,72257,66444,97459,137983,189576,252175,324410,405135,487245,567600,637406,692990,728312,734719,718750,676656,614727,539115,456605,376691,305213,244948,201800,171476,153195,141392,131516,118293,98826,74346,49041,27641,12655,4137,943,104
0,0,0,0,0,0,0,0,0,0,0,0,0,0,0,0,0,0,0,0,1,3,4,2,13,22,53,111,220,501,968,1830,3314,5924,10070,16831,69696,64633,94820,134147,185152,246817,319816,398495,480884,562269,633002,691116,726721,736960,721449,681115,619477,546120,462751,381516,310242,249227,204430,173435,154422,142087,132588,119087,99698,75205,49903,28073,12850,4254,971,114
0,0,0,0,0,0,0,0,0,0,0,0,0,0,0,0,0,0,0,0,1,4,1,5,8,24,48,100,211,465,943,1751,3171,5687,9635,16156,67309,62839,91790,130682,181311,242033,312907,393680,475418,556102,629758,687873,725090,738678,723354,685467,624933,552475,468155,388234,314534,253565,207434,175045,155738,143171,133456,120065,100238,76352,50311,28633,13080,4344,1034,111
0,0,0,0,0,0,0,0,0,0,0,0,0,0,0,0,0,0,0,0,1,2,4,4,7,23,46,109,208,434,892,1632,3035,5442,9345,15426,64827,60953,89444,127726,177090,236813,307433,387115,469773,550184,625714,685341,723698,739221,726754,688662,630929,557843,474324,393874,320107,257361,210671,177467,156874,144213,134039,120942,101123,77137,51190,28995,13302,4518,1026,116
0,0,0,0,0,0,0,0,0,0,0,0,0,0,0,0,0,0,0,0,1,3,4,4,7,21,47,91,215,438,801,1575,2901,5230,8888,14851,62725,58798,86538,124990,172547,231846,302894,380409,463516,545040,621056,682485,721774,740416,730078,692679,636267,564013,480321,399009,325637,261551,213312,179160,158965,145161,135043,121617,101809,77956,51909,29450,13524,4664,1055,118
0,0,0,0,0,0,0,0,0,0,0,0,0,0,0,0,0,0,0,0,1,0,8,5,4,20,42,94,203,395,786,1505,2711,5047,8534,14332,60409,57073,84372,121136,168884,227284,297158,374391,457019,541309,616654,677889,720518,740602,732814,697114,642383,568416,487115,404452,330661,265999,215938,181906,159751,146358,135507,122907,102801,78570,52773,29904,13742,4693,1096,124
0,0,0,0,0,0,0,0,0,0,0,0,0,0,0,0,0,0,0,0,1,2,4,5,8,16,38,98,178,381,778,1409,2680,4691,8148,13744,58400,54870,82153,118147,165107,222588,291473,368651,452325,534698,612168,674046,719161,741466,734271,702246,646648,575777,492668,409869,335232,270398,219204,184152,161097,147091,136875,123120,104072,79208,53596,30475,13932,4797,1119,128
0,0,0,0,0,0,0,0,0,0,0,0,0,0,0,0,0,0,0,0,1,1,5,3,7,19,35,89,178,353,746,1339,2493,4463,7962,13129,56213,53247,79989,115159,160696,217950,285631,363789,446176,529373,607630,670209,718337,740383,737016,704865,654186,579799,499962,415703,339560,274564,222888,186189,162357,148869,137519,123758,104933,79904,54441,30916,14199,4906,1134,136
0,0,0,0,0,0,0,0,0,0,0,0,0,0,0,0,0,0,0,0,1,1,3,4,7,21,39,69,167,352,698,1309,2386,4271,7543,12710,54204,51507,77277,112574,156913,213362,280949,357591,439600,524464,602243,668029,715322,741946,738171,709972,656693,586366,505900,422473,344558,277982,226307,188582,164286,149951,138077,124698,105719,80924,55009,31396,14423,5061,1167,132
0,0,0,0,0,0,0,0,0,0,0,0,0,0,0,0,0,0,0,1,0,0,3,3,9,17,34,67,181,321,620,1274,2259,4097,7185,12201,52273,49897,74948,109734,153600,208544,275760,351641,434127,518489,597688,663619,713746,741823,740578,714082,661406,591276,512952,427773,349750,282540,229120,191622,165763,150594,139276,125392,106681,81683,55581,32018,14676,5180,1166,139
0,0,0,0,0,0,0,0,0,0,0,0,0,0,0,0,0,0,0,1,0,1,2,2,9,16,33,67,180,309,573,1192,2200,3854,6864,11926,50290,48285,72955,107040,149542,204264,270216,345835,428098,512942,592783,660184,711455,741183,742900,717928,666742,597102,518406,433966,354931,286819,232464,193501,167418,152098,140499,125864,107418,82523,56368,32539,14982,5274,1218,148
0,0,0,0,0,0,0,0,0,0,0,0,0,0,0,0,0,0,0,1,0,1,1,4,5,20,26,67,149,308,562,1116,2041,3695,6646,11334,48789,46678,71083,103818,146305,199552,265399,340158,421737,506935,588141,656577,710305,740466,743444,721290,672067,603212,523937,440512,359732,291100,236541,195107,169359,153175,141316,126952,108299,83187,57161,32889,15382,5433,1244,151
0,0,0,0,0,0,0,0,0,0,0,0,0,0,0,0,0,0,0,0,2,1,1,3,3,16,28,75,136,288,532,1035,1965,3559,6412,10808,46975,45606,68663,100917,142755,195393,260316,334877,415764,501915,582272,652770,708107,740408,745190,724325,676401,609421,529666,446427,364740,295225,240433,197414,170952,154355,142159,127864,109083,84327,57665,33528,15663,5530,1285,154
0,0,0,0,0,0,0,0,0,0,0,0,0,0,0,0,0,0,0,0,2,1,1,4,2,15,24,63,152,262,515,967,1932,3432,6012,10425,45407,43919,66684,98187,139088,191681,254921,329505,410718,495452,577109,648737,707002,738774,746633,728229,679971,615847,535173,452379,370417,299310,243534,200357,172893,155153,142943,128935,109783,85347,58449,33962,15953,5702,1280,166
0,0,0,0,0,0,0,0,0,0,0,0,0,0,0,0,0,0,0,0,1,2,1,3,6,9,21,51,139,268,470,967,1724,3301,5848,10015,43772,42431,64655,95510,135501,188150,250061,323420,405661,489625,572008,644124,702905,740212,748676,729432,685885,620972,541134,457854,377003,303561,246225,203456,174293,156433,143621,129631,111078,86042,59261,34374,16304,5838,1306,169
0,0,0,0,0,0,0,0,0,0,0,0,0,0,0,0,0,0,0,0,0,2,2,2,8,6,19,50,137,254,445,913,1676,3061,5589,9735,42307,41093,62449,92947,132797,183096,246064,317576,399503,483998,567092,640801,700381,737897,750723,733060,689880,625681,548041,463623,381879,308639,249044,206456,176181,157598,144357,130651,111593,87092,59961,35006,16515,5999,1355,175
0,0,0,0,0,0,0,0,0,0,0,0,0,0,0,0,0,0,0,0,1,1,0,3,7,6,19,52,115,246,434,858,1561,2935,5295,9416,40840,39964,60797,89854,129697,179407,240904,312703,392747,478464,561862,637962,697313,736594,751675,735493,694393,631482,553845,469618,387046,313084,253193,208972,177965,158688,145146,131655,112434,88122,60582,35520,16743,6122,1389,185
0,0,0,0,0,0,0,0,0,0,0,0,0,0,0,0,0,0,0,0,2,0,0,2,5,10,22,38,104,197,464,821,1523,2799,4994,9013,39367,38850,59087,87244,126530,175367,236300,307476,386597,472803,556651,633823,694807,736236,751391,739378,697963,636907,559416,476041,391837,317844,257106,211224,179859,160328,146040,132069,113627,88618,61525,36211,17080,6212,1407,194
0,0,0,0,0,0,0,0,0,0,0,0,0,0,0,0,0,0,0,0,2,0,1,1,3,10,19,43,78,228,410,784,1459,2648,4899,8606,37934,37634,57292,85062,123098,171886,231005,301995,382332,466502,551069,630252,691336,735230,751642,741462,702550,642077,565753,482009,397634,321773,260814,214069,181453,162306,146478,133151,114623,89331,62426,36635,17392,6378,1431,204
0,0,0,0,0,0,0,0,0,0,0,0,0,0,0,0,0,0,0,0,1,2,0,0,4,9,17,34,93,214,362,741,1396,2542,4729,8285,36616,36043,56024,82530,119907,167810,227194,296751,376264,460831,545912,624795,690624,732260,753075,743251,706627,647528,571899,487372,403631,326753,263733,217180,183790,163103,147819,133916,115113,90479,63119,37180,17681,6501,1466,203
0,0,0,0,0,0,0,0,0,0,0,0,0,0,0,0,0,0,0,1,0,2,0,0,6,4,16,39,98,182,354,696,1264,2579,4491,7854,35194,35094,54046,80567,116919,163939,222239,291866,371411,454451,540910,619355,687518,732816,752107,746698,709239,653634,577579,493925,408521,331631,267427,219630,185991,164070,148971,134695,116240,91280,63810,37757,17997,6555,1521,220
0,0,0,0,0,0,0,0,0,0,0,0,0,0,0,0,0,0,0,1,0,2,0,0,3,5,18,50,77,158,340,665,1243,2364,4394,7388,34148,33897,52470,78388,113989,159272,218165,287022,365469,448874,536024,615713,683893,731037,752645,748720,713790,658608,583486,498861,414363,336086,271304,222517,187909,165438,150232,135808,116876,92317,64260,38301,18333,6688,1574,224
0,0,0,0,0,0,0,0,0,0,0,0,0,0,0,0,0,0,1,0,0,1,1,0,1,10,12,46,82,153,328,657,1170,2214,4161,7233,32711,33237,50536,76458,110751,156394,213194,281878,359328,444249,530246,611881,680062,730028,752454,750582,717571,664044,588957,504757,419522,341495,275215,224796,190107,166614,151639,136646,117793,92955,64905,39018,18592,6876,1622,226
0,0,0,0,0,0,0,0,0,0,0,0,0,0,0,0,0,0,1,0,0,1,1,0,1,7,17,30,70,172,300,603,1108,2132,3967,6914,31808,32068,49122,73783,108225,152805,209216,276476,353978,438473,524661,607115,676636,727967,754344,751673,722317,667474,595290,510731,425016,345914,279029,228038,191979,168337,152195,138003,118744,93580,65661,39551,19002,6984,1656,234
0,0,0,0,0,0,0,0,0,0,0,0,0,0,0,0,0,0,0,1,0,0,1,1,3,3,13,29,62,143,313,553,1107,2053,3669,6796,30576,30861,47901,71600,105352,149346,204790,271810,348367,432694,519990,602077,673541,726385,753885,754129,725431,672387,601063,515980,430635,351003,282943,230925,194186,169700,153447,138730,119652,94560,66289,40131,19246,7115,1691,244
0,0,0,0,0,0,0,0,0,0,0,0,0,0,0,0,0,0,0,1,0,0,0,1,4,2,8,29,68,141,265,539,1070,1948,3591,6449,29557,29689,46405,69854,102284,145888,200633,266676,342963,428076,514436,596895,669735,724480,754495,755341,728533,678155,605623,522780,435798,356094,287135,233911,196012,171162,154765,139342,120497,95409,67074,40652,19649,7265,1773,257
0,0,0,0,0,0,0,0,0,0,0,0,0,0,0,0,0,0,1,0,0,0,0,1,1,4,9,22,59,141,252,528,1012,1945,3406,6112,28451,28714,44984,67784,100036,142381,196301,261815,337820,422972,508805,591740,666146,722706,753536,757744,732476,681986,611078,528298,442024,361099,290883,237239,197786,172799,155841,140411,121188,96318,67951,41113,20010,7445,1774,262
0,0,0,0,0,0,0,0,0,0,0,0,0,0,0,0,0,0,1,0,0,0,0,1,1,4,5,24,61,116,259,495,991,1790,3328,5890,27463,27616,43611,66033,97508,138903,192127,257185,332766,416968,503922,587059,661130,720075,754003,759458,736106,687093,616585,533957,446834,366463,295457,239676,200236,174413,156886,141412,122125,97108,68570,41734,20310,7562,1828,261
0,0,0,0,0,0,0,0,0,0,0,0,0,0,0,0,0,0,0,1,0,0,0,1,2,2,9,18,48,134,241,462,896,1763,3086,5745,26344,26962,41914,64298,95078,135631,188278,252443,326958,412094,498239,582771,656674,717873,753387,759953,740717,691899,621869,539376,452665,371102,299963,242858,202358,175847,157773,142772,122760,98156,69293,42237,20716,7612,1860,271
0,0,0,0,0,0,0,0,0,0,0,0,0,0,0,0,0,0,0,0,1,0,0,0,2,5,9,18,50,107,232,429,894,1597,3093,5458,25452,25736,40951,62147,92512,132847,184285,247546,322767,405065,493254,577938,654544,713692,753263,762334,741580,696742,628287,544365,458494,376888,303742,246108,204515,177125,159418,143146,123835,99049,70215,42686,21038,7755,1918,275
0,0,0,0,0,0,0,0,0,0,0,0,0,0,0,0,0,0,0,0,1,0,0,0,4,1,8,19,45,98,212,414,832,1592,2944,5257,24488,24859,39654,60665,89911,129289,180377,242629,318139,399406,487826,573300,650801,712385,751825,762924,744653,701317,633708,549895,465021,380879,308158,249130,206962,179032,160272,144319,124313,100014,71069,43193,21356,7957,1972,284
0,0,0,0,0,0,0,0,0,0,0,0,0,0,0,0,0,0,0,0,0,1,0,0,4,1,12,17,42,81,213,393,790,1510,2812,5049,23415,24210,38455,58705,87732,125971,176811,238110,312058,394997,482555,568103,646340,710367,750969,763675,747258,705673,638941,556105,470755,386552,312077,252024,209597,180343,161539,145307,125525,100467,71996,43749,21676,8079,2068,280
0,0,0,0,0,0,0,0,0,0,0,0,0,0,0,0,0,0,0,0,0,0,1,0,2,5,7,24,28,96,199,363,780,1388,2677,4809,22621,23381,37234,57079,85311,123355,171898,234615,307304,389529,476576,563260,641806,708224,750310,764183,750214,709782,644474,561867,476043,391731,316823,255055,212046,181920,162584,146366,126023,101716,72793,44221,22005,8256,2147,278
0,0,0,0,0,0,0,0,0,0,0,0,0,0,0,0,0,0,0,0,0,0,1,0,1,5,12,15,37,74,186,369,714,1351,2518,4656,21804,22710,36119,55331,83082,119800,169123,229821,301697,384192,471181,557643,638189,705553,749376,765865,752685,713299,649989,567378,482593,396091,321062,258817,214322,183718,163653,147363,126860,102450,73648,44847,22361,8410,2148,290
0,0,0,0,0,0,0,0,0,0,0,0,0,0,0,0,0,0,0,0,0,0,1,0,0,7,10,11,35,80,181,336,704,1282,2361,4430,21035,21902,34846,53940,80650,117070,166035,224928,296923,378827,465268,553112,634091,702356,747983,766392,755641,717407,654893,573544,488065,401648,324005,263120,217559,184821,164857,148102,128343,103079,74331,45474,22654,8591,2196,283
0,0,0,0,0,0,0,0,0,0,0,0,0,0,0,0,0,0,0,0,0,0,0,1,1,8,7,14,29,73,169,311,652,1267,2343,4203,20095,21112,34116,52084,78496,114526,162048,221189,291407,372485,461205,547899,629553,699646,746006,767336,757851,721990,660172,578985,493506,406904,328928,266853,219094,187026,166347,148682,129337,104061,75104,45993,23004,8737,2264,290
0,0,0,0,0,0,0,0,0,0,0,0,0,0,0,0,0,0,0,0,0,0,0,0,2,5,8,12,35,76,143,304,605,1182,2152,4146,19475,20376,32808,50673,76527,111918,158211,216426,286844,366950,455848,542762,625065,696744,745225,767265,760555,725702,665445,584663,498774,412340,334273,269738,221322,188940,167489,149660,130218,105295,75761,46437,23492,8902,2313,303
0,0,0,0,0,0,0,0,0,0,0,0,0,0,0,0,0,0,0,0,0,0,0,1,2,2,7,12,38,71,145,286,563,1152,2058,3952,18765,19572,31723,49390,74411,108898,155276,212006,281688,361999,449806,537886,620914,692394,745530,767382,762810,728919,670231,590255,505716,417218,338692,272969,223934,190491,169006,150722,130960,106220,76760,47100,23747,9072,2342,316
0,0,0,0,0,0,0,0,0,0,0,0,0,0,0,0,0,0,0,0,0,0,0,1,1,4,4,14,37,63,148,280,533,1054,2058,3734,17934,18990,30646,48284,72191,106070,151718,208278,276446,357285,444502,532348,616877,689720,742008,768049,766115,731887,674263,597702,510605,422631,342819,276829,226562,192719,170329,151129,132162,106818,77818,47622,24163,9254,2374,331
0,0,0,0,0,0,0,0,0,0,0,0,0,0,0,0,0,0,0,0,0,0,0,1,2,2,4,15,32,59,145,262,525,979,1977,3576,17315,18297,29789,46536,70545,103721,148203,204249,271822,351737,438912,527209,612668,686677,738933,769765,767855,735941,678029,603621,516721,427758,347517,280192,229045,194552,171467,152283,133533,107447,78554,48255,24439,9463,2439,341
0,0,0,0,0,0,0,0,0,0,0,0,0,0,0,0,0,0,0,0,0,0,1,1,1,0,10,8,29,60,135,239,525,938,1852,3358,16766,17694,28687,45284,68729,101332,144501,200190,267005,346296,433724,522390,608168,682216,739253,769068,768917,740836,682506,608669,522476,432910,352262,283776,231409,196769,172505,153504,134268,108654,79292,48908,24767,9623,2558,340
0,0,0,0,0,0,0,0,0,0,0,0,0,0,0,0,0,0,0,0,0,0,0,3,0,0,7,13,25,56,129,239,490,859,1791,3258,16064,17005,27833,43945,66781,98828,141267,196497,262456,340643,427808,517038,604264,678809,736452,769419,771772,743832,687239,614186,528058,438520,356834,287289,234649,198224,173748,154646,135422,109524,79931,49551,25211,9856,2600,338
0,0,0,0,0,0,0,0,0,0,0,0,0,0,0,0,0,0,0,0,0,0,0,1,2,1,6,12,18,48,128,230,475,829,1682,3110,15420,16614,26672,42628,65087,96170,137804,192832,258545,335104,422189,511609,599917,675494,734812,768148,772916,748221,692921,618329,533918,444644,360834,291222,237506,200418,174947,155479,136421,110543,80630,50201,25604,10071,2639,358
0,0,0,0,0,0,0,0,0,0,0,0,0,0,0,0,0,0,0,0,0,0,1,0,2,2,7,9,15,50,104,227,444,809,1561,3044,14802,16015,25841,41343,63282,93334,135539,188639,253823,330383,417238,505890,594518,672122,732338,769077,774436,751387,697390,624070,539208,450026,365680,295132,240111,202339,176323,156583,137405,111517,81184,50989,25864,10240,2692,374
0,0,0,0,0,0,0,0,0,0,0,0,0,0,0,0,0,0,0,0,0,0,0,1,3,2,5,10,15,42,100,198,432,813,1535,2847,14118,15424,25180,39959,61532,91471,132239,184935,249345,325265,410554,502053,589454,667434,732262,767279,776937,753569,702572,629740,544884,454818,370568,299053,242786,204433,177753,157813,137789,112760,82069,51508,26311,10403,2749,387
0,0,0,0,0,0,0,0,0,0,0,0,0,0,0,0,0,0,0,0,0,0,0,0,2,3,5,10,16,34,86,211,376,802,1451,2740,13559,14777,24556,38743,59570,89333,129381,181411,244680,319341,406070,496117,584848,664781,729653,766040,778671,756662,707381,635155,550695,460130,375446,302665,245509,206156,179575,159063,138367,113723,82838,52300,26722,10549,2830,376
0,0,0,0,0,0,0,0,0,0,0,0,0,0,0,0,0,0,0,0,0,0,0,0,0,4,4,10,15,31,75,189,397,761,1360,2597,13122,14473,23358,37677,57902,86922,126273,177663,240174,315365,400306,490743,579158,662611,725930,766839,779415,760145,711214,640865,555918,465484,380090,306491,248662,208530,180504,160379,139477,114584,83561,52925,27212,10740,2868,386
0,0,0,0,0,0,0,0,0,0,0,0,0,0,0,0,0,0,0,0,0,0,0,0,1,2,3,7,22,35,70,170,359,727,1361,2461,12772,13721,22774,36507,56437,84111,123958,173140,235868,311016,395497,485158,574269,659128,722768,766254,781265,761630,715569,646665,562050,471061,384925,309948,251900,210505,182263,161367,140554,115265,84473,53505,27633,10926,2910,399
0,0,0,0,0,0,0,0,0,0,0,0,0,0,0,0,0,0,0,0,0,0,0,1,1,0,4,8,14,41,74,145,332,699,1282,2355,12313,13261,21976,35329,54742,82319,120474,169729,231806,306119,390303,480108,569588,654227,721194,765468,781301,764934,720690,652306,567353,475501,390220,313570,255434,212385,183620,162788,141551,115748,85456,54093,28058,11134,2946,409
0,0,0,0,0,0,0,0,0,0,0,0,0,0,0,0,0,0,0,0,0,0,0,0,2,0,4,5,17,36,65,148,336,619,1212,2392,11748,12865,21139,34437,53181,80040,117646,166065,227754,301500,384439,474736,565777,650163,718238,763595,782296,768882,724522,657855,572344,481747,394339,317674,258069,215063,185329,164018,142125,116567,86467,54646,28591,11311,3008,397
0,0,0,0,0,0,0,0,0,0,0,0,0,0,0,0,0,0,0,0,0,0,0,0,1,1,2,8,17,29,54,159,290,602,1163,2243,11259,12577,20395,33305,51898,78244,114205,162822,223826,296116,379861,469324,561013,645664,715788,762234,784252,770977,728155,662777,577820,487795,399503,321776,260748,217381,186597,165259,143413,117523,87022,55301,29019,11522,3055,414
0,0,0,0,0,0,0,0,0,0,0,0,0,0,0,0,0,0,0,0,0,0,0,0,0,2,2,6,17,24,59,137,316,541,1144,2090,10937,11932,19934,32102,50722,76150,111640,159075,219981,291695,373610,464170,557085,641310,712263,762254,784284,773148,732691,667862,583480,493324,404048,325991,264057,219049,188609,166395,144594,118232,87834,55947,29411,11685,3143,427
0,0,0,0,0,0,0,0,0,0,0,0,0,0,0,0,0,0,0,0,0,0,0,0,1,0,3,11,10,21,54,143,295,543,1076,1992,10440,11532,19215,31324,48800,74613,109069,155609,216076,286861,368655,458681,551168,637790,710509,760839,783809,776238,736935,672666,587912,498958,409804,330430,267367,221086,190355,167142,145437,119387,88475,56754,29808,11860,3223,433
0,0,0,0,0,0,0,0,0,0,0,0,0,0,0,0,0,0,0,0,0,0,0,0,1,0,5,2,15,22,49,133,261,549,1003,1924,10074,11089,18524,30272,47751,72534,106302,152634,211599,282650,364044,452939,546071,633777,707364,759855,784704,776489,742534,676506,594719,504303,414829,334796,270254,223513,191411,168296,146768,120171,89348,57235,30403,11993,3261,433
0,0,0,0,0,0,0,0,0,0,0,0,0,0,0,0,0,0,0,0,0,0,0,0,0,1,1,5,13,21,47,119,260,504,967,1839,9632,10665,18038,29248,46581,70208,104209,149451,207283,278147,358906,448076,541159,630124,703078,759801,784426,779416,744898,681770,601123,508921,419889,338881,273890,225710,193166,169403,147565,120999,90422,57789,30716,12285,3314,443
0,0,0,0,0,0,0,0,0,0,0,0,0,0,0,0,0,0,0,0,0,0,0,0,0,1,0,6,8,23,40,116,230,512,897,1754,9292,10405,17284,28380,45047,68730,101716,145547,203708,273204,354650,442003,537113,625893,699943,758076,784226,782027,748406,687556,605915,514759,423773,344006,276818,228327,194816,170648,148436,121793,91393,58372,31270,12453,3398,439
0,0,0,0,0,0,0,0,0,0,0,0,0,0,0,0,0,0,0,0,0,0,0,0,0,0,1,4,9,14,54,103,244,453,865,1695,8780,10074,16848,27405,43898,67122,99219,142307,199577,268504,350016,437736,530727,621415,698151,754963,784980,784969,751706,691805,611329,520076,429288,348026,280144,230780,196268,171855,149835,122595,92113,59200,31657,12655,3503,441
0,0,0,0,0,0,0,0,0,0,0,0,0,0,0,0,0,0,0,0,0,0,0,0,0,0,1,4,11,20,40,109,219,461,832,1597,8388,9684,16416,26524,42609,65138,97257,139026,195937,263998,344998,432417,525285,617030,695100,753934,785205,785301,756570,696565,617006,524952,434357,352211,283626,232997,198335,173564,150237,123473,93225,59676,32194,12897,3510,473
0,0,0,0,0,0,0,0,0,0,0,0,0,0,0,0,0,0,0,0,0,0,0,0,0,1,0,3,10,15,43,97,239,400,774,1577,8107,9267,15866,25942,41172,63744,94570,136608,191562,259908,339026,427735,520234,612367,692361,752142,783931,788878,759040,701437,622540,530777,439668,355817,287308,235318,200094,174692,151365,124539,94136,60345,32615,13102,3555,482
0,0,0,0,0,0,0,0,0,0,0,0,0,0,0,0,0,0,0,0,0,0,0,0,0,1,1,3,4,25,30,100,209,390,761,1497,7751,8964,15333,25147,40041,61953,92603,133531,187382,255851,334020,422179,515641,608420,688872,749480,785335,789455,762014,706235,627816,536384,445219,359880,290891,237641,201890,176162,152266,125398,94994,61242,32930,13346,3642,480
0,0,0,0,0,0,0,0,0,0,0,0,0,0,0,0,0,0,0,0,0,0,0,0,0,0,3,2,6,16,37,89,207,360,732,1416,7440,8694,14754,24385,39135,60028,90462,130640,184165,250337,329930,416968,510126,603521,686223,747802,784995,790853,765874,709611,633854,542393,450483,363676,294011,240622,203692,177346,153358,126266,95882,61779,33470,13542,3721,503
0,0,0,0,0,0,0,0,0,0,0,0,0,0,0,0,0,0,0,0,0,0,0,0,0,0,2,1,5,20,30,79,182,376,706,1337,7196,8318,14114,23921,37787,58673,88356,127514,180582,245854,325225,411764,505226,598525,683072,746098,784386,793444,768925,714147,638817,547384,455649,367933,297423,243259,205435,178576,154637,127357,96748,62366,33786,13876,3791,507
0,0,0,0,0,0,0,0,0,0,0,0,0,0,0,0,0,0,0,0,0,0,0,0,0,2,0,2,7,16,24,80,156,384,678,1224,6889,8064,13659,23117,36736,57221,85903,125044,176669,242172,319350,407151,500926,594492,678239,743993,784215,795017,771868,720090,642950,553217,460415,372614,300477,245773,207207,180187,155952,127932,97511,63260,33971,14186,3858,511
0,0,0,0,0,0,0,0,0,0,0,0,0,0,0,0,0,0,0,0,0,0,0,0,0,1,1,1,4,18,25,73,152,347,659,1188,6577,7778,13366,22134,35639,55651,84049,122233,173281,238074,314795,402270,495450,589480,674986,741978,783855,795985,775892,722867,648906,558564,465396,377238,303915,248456,209252,181386,156690,129401,98202,63826,34510,14394,3938,526
0,0,0,0,0,0,0,0,0,0,0,0,0,0,0,0,0,0,0,0,0,0,0,0,0,0,1,2,6,11,31,68,143,306,652,1149,6455,7446,12691,21608,34784,53742,82276,119206,169815,233927,310059,397563,490855,584560,670627,740052,783400,797116,777773,728246,654519,563632,470117,382229,307773,250633,211489,182899,157175,130574,99225,64542,35001,14457,4031,543
0,0,0,0,0,0,0,0,0,0,0,0,0,0,0,0,0,0,0,0,0,0,0,0,0,1,0,1,6,8,33,71,127,302,603,1119,6114,7208,12411,20693,33877,52327,79670,117290,166704,229112,306159,392242,484906,581267,667050,736474,783397,797890,781440,731611,659122,570862,474269,386613,311653,253719,212672,184051,158825,131451,99963,65330,35454,14650,4100,562
0,0,0,0,0,0,0,0,0,0,0,0,0,0,0,0,0,0,0,0,0,0,0,0,1,0,0,3,4,12,22,66,124,284,565,1065,5899,7031,11853,20026,32763,51279,77621,114672,163669,224838,301388,387613,480277,574897,664066,733970,782803,798978,784202,735539,664411,576818,479031,391681,314719,256185,214774,185441,160022,132275,100942,65960,36061,14785,4215,559
0,0,0,0,0,0,0,0,0,0,0,0,0,0,0,0,0,0,0,0,0,0,0,0,1,0,0,2,7,10,30,52,125,251,546,1031,5669,6741,11299,19528,31491,50191,75711,112001,160513,221595,296233,382321,475270,571221,658115,733034,781194,799222,787118,740727,669666,580728,485818,395765,318073,259419,216549,186719,161236,133308,101518,66972,36382,15155,4278,574
0,0,0,0,0,0,0,0,0,0,0,0,0,0,0,0,0,0,0,0,0,0,0,0,0,1,0,0,6,15,28,50,118,248,497,1007,5465,6388,11135,18809,30580,48655,74065,109872,156670,218091,291390,377461,470147,566756,653773,729683,781514,799210,788602,746770,674775,585444,490479,401309,321615,262251,218252,188314,162185,134454,102324,67739,36921,15326,4428,587
0,0,0,0,0,0,0,0,0,0,0,0,0,0,0,0,0,0,0,0,0,0,0,0,0,0,1,2,5,12,29,49,98,224,512,968,5244,6094,10619,18306,29788,47352,72355,106907,153949,214289,286170,372653,465482,560804,651217,726872,779612,800745,791632,749959,680123,591007,495457,406010,325614,264614,220797,189332,163138,135811,103053,68434,37445,15570,4449,606
0,0,0,0,0,0,0,0,0,0,0,0,0,0,0,0,0,0,0,0,0,0,0,0,0,0,2,2,3,11,25,54,87,229,479,889,5031,6006,10281,17531,29151,46031,70339,104519,150900,210338,282109,366835,461698,554759,647468,724889,777965,801987,794002,753119,684799,596743,500998,410747,329210,267663,222712,190580,164338,137092,103715,69220,37808,15891,4539,615
0,0,0,0,0,0,0,0,0,0,0,0,0,0,0,0,0,0,0,0,0,0,0,0,0,1,1,2,3,13,21,51,96,211,451,893,4803,5634,10046,17060,28193,44780,68182,102306,147931,206651,277257,362601,455936,550887,643415,721780,776391,802967,796387,756936,689363,602540,507062,414162,332935,271027,224688,192039,165436,138062,104560,69815,38437,16091,4673,633
0,0,0,0,0,0,0,0,0,0,0,0,0,0,0,0,0,0,0,0,0,0,0,0,1,0,0,2,6,6,28,37,96,210,412,839,4638,5476,9647,16664,27120,43705,66265,99863,145269,202614,273261,356985,450745,546840,638518,718914,775209,804332,798336,761095,693860,608079,511639,419533,337175,272920,226757,193900,166788,138872,105439,70726,38851,16335,4745,657
0,0,0,0,0,0,0,0,0,0,0,0,0,0,0,0,0,0,0,0,0,0,0,0,1,0,0,1,6,6,17,51,79,211,397,834,4468,5250,9364,15978,26690,41956,65000,97607,141949,198591,269013,352804,445741,542025,634698,715527,774343,804331,800701,763750,699270,613183,516767,423968,341534,276613,228044,195653,168034,139685,106377,71491,39351,16545,4833,672
0,0,0,0,0,0,0,0,0,0,0,0,0,0,0,0,0,0,0,0,0,0,0,0,1,0,0,2,5,5,16,44,87,184,387,752,4336,5121,9005,15663,25625,40807,63458,95201,138885,195246,265210,347204,440820,537047,630419,713077,772384,805345,802845,766910,704729,617515,522716,428620,345446,279037,230671,197024,169263,140369,107532,72202,39849,16792,4857,696
0,0,0,0,0,0,0,0,0,0,0,0,0,0,0,0,0,0,0,0,0,0,0,1,0,0,1,1,3,8,18,33,97,162,377,703,4168,4917,8705,15252,24723,39721,61934,93266,135879,191156,261220,343330,434422,532872,626068,709372,772060,804842,804217,771991,708962,622111,527927,434384,349141,282096,232657,198177,170531,141806,108233,72924,40283,17002,4927,729
0,0,0,0,0,0,0,0,0,0,0,0,0,0,0,0,0,0,0,0,0,0,0,1,0,0,1,0,4,8,15,40,72,172,376,658,4056,4689,8511,14631,24055,38577,60248,91361,133162,187760,256872,338140,429879,527191,622414,706303,770271,804615,806571,775082,713944,627792,533631,438311,353407,284731,235301,199500,171582,143072,109013,73643,40666,17297,5046,738
0,0,0,0,0,0,0,0,0,0,0,0,0,0,0,0,0,0,0,0,0,0,0,1,0,0,0,1,2,9,10,31,79,176,314,652,3911,4589,8135,14208,23392,37305,58997,89124,130288,184734,252228,333156,424644,523459,617174,702910,768473,804762,808828,778385,718431,633755,538773,442783,357245,288491,236981,200993,173079,144047,110020,74326,41062,17634,5046,766
0,0,0,0,0,0,0,0,0,0,0,0,0,0,0,0,0,0,0,0,0,0,0,0,1,0,1,1,0,12,9,18,85,141,326,642,3676,4456,7837,13622,22803,36588,56941,87525,127669,180785,248133,328477,420346,518452,611664,700847,765538,805177,810075,783079,721918,639777,543743,447126,361804,291909,238989,202336,174610,144681,111166,75012,41563,17952,5095,802
0,0,0,0,0,0,0,0,0,0,0,0,0,0,0,0,0,0,0,0,0,0,0,1,0,0,1,1,0,8,12,23,71,151,288,555,3594,4251,7673,13087,22099,35542,55752,84983,125496,177908,242982,324394,415058,513661,608774,696169,763704,804692,811583,786803,726576,644419,548976,452208,365729,295380,241456,204224,175229,145580,112368,75622,42152,18151,5200,823
0,0,0,0,0,0,0,0,0,0,0,0,0,0,0,0,0,0,0,0,0,0,0,1,0,0,0,2,0,6,10,29,47,155,268,540,3406,4077,7453,12609,21449,34678,54355,83107,122119,174990,239310,319865,410241,507347,605566,692110,761582,804681,814097,788631,731973,649295,554396,457216,369863,298020,244027,206210,176520,146512,112729,76644,42686,18423,5316,848
0,0,0,0,0,0,0,0,0,0,0,0,0,0,0,0,0,0,0,0,0,0,0,0,1,0,0,2,3,4,10,24,56,141,263,579,3165,4038,7086,12376,20695,33654,53343,80613,120049,171133,236100,314824,406088,501634,600565,688838,760204,803902,816200,791064,736503,654696,558684,462761,374191,301244,246018,208384,177401,147601,113710,77534,43057,18667,5437,867
0,0,0,0,0,0,0,0,0,0,0,0,0,0,0,0,0,0,0,0,0,0,0,0,0,1,0,2,4,2,13,21,52,130,263,533,3116,3725,6937,12015,20026,32901,51527,79309,117182,168412,231962,310104,400433,497742,595648,685786,757387,803979,817649,794041,741034,659588,564428,467123,378403,304274,248670,210216,178253,148885,114467,78356,43629,18788,5496,897
0,0,0,0,0,0,0,0,0,0,0,0,0,0,0,0,0,0,0,0,0,0,0,0,0,1,0,1,3,5,9,21,62,117,230,491,2977,3691,6654,11548,19474,31783,50266,77380,114859,165067,228272,305695,395758,492387,592045,681924,755191,802796,818818,798229,744047,665021,570179,472413,381915,307299,251393,211323,180238,149912,115251,78728,44407,19039,5605,885
0,0,0,0,0,0,0,0,0,0,0,0,0,0,0,0,0,0,0,0,0,0,0,0,0,1,0,1,3,1,11,21,61,109,228,479,2864,3465,6544,11084,18886,30846,49103,75512,112473,161823,224924,300883,390207,489052,586904,677449,754044,801328,819508,802029,748581,670104,574718,477838,385988,310361,253973,213103,181745,150756,116178,79372,44993,19237,5722,897
0,0,0,0,0,0,0,0,0,0,0,0,0,0,0,0,0,0,0,0,0,0,0,0,0,1,0,2,2,4,9,24,49,116,201,452,2704,3408,6226,10836,18246,30096,47644,73968,109919,158656,221185,296687,385169,483478,582951,673620,750916,801381,820887,804217,753118,674326,582093,481414,390961,313691,256035,214923,182674,152026,117279,80093,45538,19492,5788,904
0,0,0,0,0,0,0,0,0,0,0,0,0,0,0,0,0,0,0,0,0,0,0,0,0,1,0,2,2,3,13,17,48,109,192,451,2556,3269,5978,10502,17689,29429,46547,72201,107267,155615,217536,292273,380382,478538,577799,669744,749347,801791,820923,806756,757147,679359,586648,487005,395463,316888,258401,216754,184298,152602,118249,80973,46064,19835,5845,898
0,0,0,0,0,0,0,0,0,0,0,0,0,0,0,0,0,0,0,0,0,0,0,0,0,0,1,1,2,3,12,17,44,98,201,418,2475,3194,5745,10029,17205,28495,45723,70111,105340,152669,212851,289093,376515,472383,571970,667291,746867,801082,821751,808177,762470,684077,592148,491546,399813,320473,260632,218835,185287,154009,119148,81665,46555,20130,5954,904
0,0,0,0,0,0,0,0,0,0,0,0,0,0,0,0,0,0,0,0,0,0,0,0,0,0,0,2,2,5,6,16,44,86,212,392,2440,3031,5516,9700,16756,27520,44651,68580,102956,149794,209183,284639,371692,467931,567711,662829,743840,800284,823298,810812,766071,689977,596309,496949,403492,323952,263891,220151,187007,154682,120021,82592,47049,20382,6021,935
0,0,0,0,0,0,0,0,0,0,0,0,0,0,0,0,0,0,0,0,0,0,0,0,0,0,0,1,2,7,5,12,39,96,181,393,2329,2870,5380,9351,16257,27003,42989,67158,101139,146216,205943,279820,367563,462992,562949,660173,739823,798954,824205,814307,769750,694413,601622,501536,408158,327639,266828,221669,188274,155736,121241,83034,47546,20811,6043,952
0,0,0,0,0,0,0,0,0,0,0,0,0,0,0,0,0,0,0,0,0,0,0,0,0,0,0,0,4,6,6,12,33,88,179,380,2211,2789,5114,9175,15717,26227,41956,65307,98854,143839,202034,275813,361790,458551,558987,655670,737979,796432,825367,817735,773045,699778,605824,507530,412176,331175,269675,223497,189478,156750,122003,83996,48065,21067,6118,977
0,0,0,0,0,0,0,0,0,0,0,0,0,0,0,0,0,0,0,0,0,0,0,0,0,0,0,1,1,7,5,17,31,71,174,364,2125,2673,5057,8831,15283,25359,41055,63742,96679,141014,197997,271721,357673,453647,554105,652749,733124,796785,824922,819932,777481,703556,612468,513064,415761,334600,271757,226201,190609,158010,122995,84646,48622,21315,6200,980
0,0,0,0,0,0,0,0,0,0,0,0,0,0,0,0,0,0,0,0,0,0,0,0,0,0,0,2,2,4,6,17,30,59,162,335,1988,2621,4890,8566,14902,24531,39945,62375,94637,138054,194676,267446,352558,449339,548686,649362,731312,794557,825640,822240,780701,708678,618386,517147,420570,337767,274828,228210,191664,159308,123624,85420,49276,21546,6342,1000
0,0,0,0,0,0,0,0,0,0,0,0,0,0,0,0,0,0,0,0,0,0,0,0,0,0,0,1,2,4,6,14,28,68,138,316,1916,2515,4635,8471,14431,23723,38713,61052,92253,135740,191578,262513,348430,444337,545255,644450,728548,793476,825677,823874,783946,713538,624585,522129,424237,342221,276893,230153,193026,160557,124548,86196,49980,21793,6412,1031
0,0,0,0,0,0,0,0,0,0,0,0,0,0,0,0,0,0,0,0,0,0,0,0,0,0,0,1,1,5,5,11,29,61,130,300,1863,2423,4534,8180,13901,23060,37665,59731,90274,132524,188825,258884,342412,440514,541185,639772,726199,791552,824904,827213,787079,718510,629239,527041,429218,345745,279905,231694,194724,161329,125553,87031,50469,22079,6608,1027
0,0,0,0,0,0,0,0,0,0,0,0,0,0,0,0,0,0,0,0,0,0,0,0,0,0,0,0,2,4,5,13,27,51,115,322,1812,2330,4313,7829,13512,22493,36746,58158,88290,129943,185541,254646,338748,434158,537113,636201,723288,789332,826088,828780,790338,722973,634520,532448,433660,349695,282028,233792,195880,162755,126487,87781,51059,22336,6747,1050
0,0,0,0,0,0,0,0,0,0,0,0,0,0,0,0,0,0,0,0,0,0,0,0,0,0,0,1,1,2,7,13,27,52,116,281,1803,2196,4188,7632,12890,21820,35988,56536,86650,127525,182152,250400,334065,430213,531811,632142,719723,788497,825640,830597,795088,726197,640011,537533,438596,353166,284851,235140,197881,163570,127658,88655,51438,22751,6842,1064
0,0,0,0,0,0,0,0,0,0,0,0,0,0,0,0,0,0,0,0,0,0,0,0,0,0,0,1,2,2,6,13,24,53,119,252,1736,2111,4059,7292,12616,21446,34560,55190,84289,125520,179174,246409,329301,426014,526426,627728,717105,786455,826598,831578,798717,731111,644902,542620,443229,356807,287532,237499,199070,164440,128908,89371,51975,23124,6938,1087
0,0,0,0,0,0,0,0,0,0,0,0,0,0,0,0,0,0,0,0,0,0,0,0,0,0,0,0,2,2,4,11,26,59,115,237,1664,2035,3899,7006,12209,20778,33943,53330,82635,122768,176338,243361,324796,420332,521837,622104,714912,785290,826843,832380,802898,736375,648359,548172,448248,360444,290177,239726,200193,165863,129990,89925,52557,23385,7076,1105
0,0,0,0,0,0,0,0,0,0,0,0,0,0,0,0,0,0,0,0,0,0,0,0,0,0,0,0,2,2,2,14,24,54,112,235,1592,1980,3732,6879,11875,20051,33206,52090,80661,120466,172775,239913,320802,414952,516492,618769,711922,782908,826994,834438,805434,740295,654325,553032,452923,363917,293293,241414,202288,166710,130961,90911,52849,23740,7261,1114
0,0,0,0,0,0,0,0,0,0,0,0,0,0,0,0,0,0,0,0,0,0,0,0,0,0,0,0,0,3,3,7,28,55,103,239,1479,1958,3662,6528,11578,19494,32200,50946,78855,117803,169538,236477,316704,410176,512025,613999,708444,781468,826669,836561,807268,745950,659132,558368,457055,367625,296387,243413,203286,168253,131944,91615,53438,24216,7308,1149
0,0,0,0,0,0,0,0,0,0,0,0,0,0,0,0,0,0,0,0,0,0,0,0,0,0,0,0,0,1,5,11,23,48,105,236,1445,1883,3467,6280,11288,19014,31124,49799,76792,115328,167047,232201,312390,406385,507798,608876,704874,779647,826662,836885,810509,750823,663698,564168,462137,371289,299042,245315,204555,169756,132758,92698,53969,24503,7397,1178
0,0,0,0,0,0,0,0,0,0,0,0,0,0,0,0,0,0,0,0,0,0,0,0,0,0,0,0,0,2,5,5,22,46,106,213,1371,1841,3352,6158,10769,18551,30526,48366,75202,112684,164392,228459,308175,401156,503164,604878,700770,777782,826393,838996,813222,755028,669243,568873,466437,375354,302322,247061,206041,170884,134027,93314,54674,24872,7455,1218
0,0,0,0,0,0,0,0,0,0,0,0,0,0,0,0,0,0,0,0,0,0,0,0,0,0,0,0,0,2,3,8,17,38,102,218,1359,1689,3262,5979,10402,17959,30002,46976,73498,110784,160814,225340,304036,395750,498254,600709,697741,775846,825449,840253,816910,759118,674737,573169,471731,379051,304555,249514,207616,172102,134649,94696,54950,25258,7618,1245
0,0,0,0,0,0,0,0,0,0,0,0,0,0,0,0,0,0,0,0,0,0,0,0,0,0,0,0,0,1,3,12,15,33,95,206,1281,1673,3197,5682,10137,17353,28999,46078,72069,108544,157419,221762,299984,391326,493069,597259,694410,771710,826174,840845,821045,763716,678596,578733,475889,383343,307586,251597,208844,173077,135839,95772,55481,25547,7723,1285
0,0,0,0,0,0,0,0,0,0,0,0,0,0,0,0,0,0,0,0,0,0,0,0,0,0,0,0,0,1,4,9,12,42,83,204,1240,1601,3093,5550,9625,16907,28174,45073,70630,106477,154271,218192,296522,385728,488396,593145,690893,769884,824891,843376,822854,767426,683724,584330,480317,387240,310724,253663,210227,174317,137240,96109,56202,25881,7826,1306
0,0,0,0,0,0,0,0,0,0,0,0,0,0,0,0,0,0,0,0,0,0,0,0,0,0,0,0,0,1,6,4,20,19,106,177,1206,1546,2932,5333,9555,16256,27354,44163,69259,103549,151674,214217,292210,381818,482990,589239,687318,768312,824118,843736,826010,771483,689007,589407,485322,390830,313934,255424,211660,175715,138204,96978,56835,26191,7990,1301
0,0,0,0,0,0,0,0,0,0,0,0,0,0,0,0,0,0,0,0,0,0,0,0,0,0,0,0,0,0,4,6,14,34,89,183,1123,1521,2835,5205,9198,15724,26797,43188,66801,101870,148911,211209,287423,377410,478970,584994,682706,766554,823055,845654,827702,776067,694388,593712,490464,394597,316462,258306,212748,177221,139067,97744,57345,26655,8129,1324
0,0,0,0,0,0,0,0,0,0,0,0,0,0,0,0,0,0,0,0,0,0,0,0,0,0,0,0,0,0,3,7,15,36,68,176,1120,1377,2812,4920,8861,15556,25863,41936,65208,100100,146307,207644,283226,372826,474914,580613,679390,764004,821568,846711,829721,780633,698440,599375,495601,398394,319380,260388,214903,178497,139710,98572,58103,26859,8260,1312
0,0,0,0,0,0,0,0,0,0,0,0,0,0,0,0,0,0,0,0,0,0,0,0,0,0,0,0,0,2,3,4,17,33,63,172,1058,1356,2727,4671,8669,14928,25293,40720,63807,98136,144113,203727,279188,368666,470385,575361,676295,761108,820985,847205,832884,784296,703629,604838,499358,402987,322247,262355,216728,179582,140875,99501,58577,27142,8409,1309
0,0,0,0,0,0,0,0,0,0,0,0,0,0,0,0,0,0,0,0,0,0,0,0,0,0,0,0,0,0,5,3,17,29,65,151,1016,1257,2605,4735,8203,14631,24626,39469,62822,95923,141114,200418,274751,364991,465648,570908,672052,758467,820391,847370,836819,787379,708488,610020,504285,406862,325466,264383,218269,180669,142145,100450,59220,27408,8522,1357
0,0,0,0,0,0,0,0,0,0,0,0,0,0,0,0,0,0,0,0,0,0,0,0,0,0,0,0,0,1,3,5,10,30,69,133,957,1232,2460,4675,7958,14179,23886,38750,61298,93631,138264,197547,271268,360255,460329,566901,668202,755491,819615,848390,837984,792733,713111,614226,509145,411699,328112,266858,220184,181592,143466,101180,59769,27751,8702,1358
0,0,0,0,0,0,0,0,0,0,0,0,0,0,0,0,0,0,0,0,0,0,0,0,0,0,0,0,0,2,2,5,10,30,57,149,910,1180,2439,4442,7857,13678,23237,37801,59814,91853,135569,193861,268334,355151,456311,562167,665086,752038,818808,847892,840883,796909,717235,619144,514470,416028,330941,268797,222119,183156,144369,101946,60386,28116,8859,1368
0,0,0,0,0,0,0,0,0,0,0,0,0,0,0,0,0,0,0,0,0,0,0,0,0,0,0,0,0,0,2,6,6,31,60,133,907,1106,2283,4333,7621,13353,22467,36926,58469,89899,133164,190783,263832,351623,451164,557826,660600,750212,817138,848604,844113,799472,722084,623542,520337,419855,334056,271196,223656,184342,145399,102879,61136,28431,8980,1383
0,0,0,0,0,0,0,0,0,0,0,0,0,0,0,0,0,0,0,0,0,0,0,0,0,0,0,0,0,0,3,4,13,29,56,120,869,1112,2153,4147,7375,13038,21977,35853,56942,87890,130891,187006,260870,348201,445521,553229,656761,747529,815677,848476,847242,802884,726559,629321,524612,423771,338122,272692,225393,185708,146601,103899,61524,28834,9088,1417
0,0,0,0,0,0,0,0,0,0,0,0,0,0,0,0,0,0,0,0,0,0,0,0,0,0,0,0,0,0,2,4,15,25,56,126,815,1101,2108,3936,7104,12639,21405,35020,55598,85938,128470,184043,256496,343830,441800,548366,653449,744708,814145,848659,848948,806732,731269,634064,529490,427958,341302,275120,227089,187178,147539,104862,62122,29230,9211,1437
0,0,0,0,0,0,0,0,0,0,0,0,0,0,0,0,0,0,0,0,0,0,0,0,0,0,0,0,0,1,1,6,9,22,53,134,784,1066,1987,3869,6837,12177,20944,34133,54309,84444,125518,181632,252058,339307,437582,544118,649078,742255,812342,849462,850711,809723,736369,639737,534168,431068,344968,277702,229043,188259,148560,105851,62782,29477,9385,1478
0,0,0,0,0,0,0,0,0,0,0,0,0,0,0,0,0,0,0,0,0,0,0,0,0,0,0,0,0,0,2,8,10,20,46,117,784,1005,1935,3692,6664,11971,20256,33256,52944,82648,123238,178691,248561,334488,433500,540018,644444,738966,809945,851809,852109,813917,739614,645147,538243,436397,347822,280247,230324,189935,149759,106633,63453,29809,9443,1539
0,0,0,0,0,0,0,0,0,0,0,0,0,0,0,0,0,0,0,0,0,0,0,0,0,0,0,0,0,0,2,9,5,23,49,117,730,995,1853,3591,6543,11628,19720,32063,52115,80534,121068,175502,245174,330319,429185,535756,639794,735831,809141,851636,853654,817395,744525,649605,544061,440157,350726,282761,232361,191115,150885,107327,64254,30041,9585,1574
0,0,0,0,0,0,0,0,0,0,0,0,0,0,0,0,0,0,0,0,0,0,0,0,0,0,0,0,0,0,4,5,7,23,47,98,716,936,1794,3544,6277,11421,18999,31397,50478,79311,118714,172591,241306,326723,423895,531471,635893,733331,807402,851721,854966,820980,748831,654889,548484,444012,354596,285198,234117,192630,151641,108365,64913,30388,9709,1586
0,0,0,0,0,0,0,0,0,0,0,0,0,0,0,0,0,0,0,0,0,0,0,0,0,0,0,0,0,3,1,4,10,20,48,87,665,923,1702,3454,6139,11038,18499,30598,49476,77133,116676,169453,238520,321525,420761,525968,632102,729533,806109,851581,857952,822413,753870,660003,552868,448662,358263,287809,235946,193908,152616,109099,65733,30738,9856,1645
0,0,0,0,0,0,0,0,0,0,0,0,0,0,0,0,0,0,0,0,0,0,0,0,0,0,0,0,2,1,2,6,6,20,39,93,626,866,1733,3218,6036,10634,17904,29943,48428,75313,114545,167002,233920,319023,415545,520610,628367,727131,804018,851383,858641,826847,758425,664537,558050,452688,361832,290091,237647,195307,153841,109991,66241,31268,9901,1688
0,0,0,0,0,0,0,0,0,0,0,0,0,0,0,0,0,0,0,0,0,0,0,0,0,0,0,0,2,1,2,4,6,17,38,100,575,841,1705,3056,5836,10231,17609,29080,47305,74039,111547,164539,230632,314168,411008,516621,624717,723604,803126,850092,861280,829527,762770,669571,562133,457815,364737,292954,239245,196967,154613,110721,67133,31677,10069,1696
0,0,0,0,0,0,0,0,0,0,0,0,0,0,0,0,0,0,0,0,0,0,0,0,0,0,0,0,1,2,2,4,5,18,40,84,577,810,1556,3023,5633,9828,17127,28430,46381,72318,109578,161262,227501,310017,406714,511872,621657,719722,800932,849909,862242,833342,767074,673745,567166,462109,368639,295730,240915,198076,156146,111475,67755,32075,10175,1742
0,0,0,0,0,0,0,0,0,0,0,0,0,0,0,0,0,0,0,0,0,0,0,0,0,0,0,0,1,2,2,7,4,16,35,83,552,756,1493,2978,5527,9511,16557,27948,45195,70621,107364,158917,223754,306732,401632,507802,616881,717122,798027,849328,862895,837906,771361,678593,571983,465897,372842,298657,242535,198989,157333,112612,68412,32393,10382,1772
0,0,0,0,0,0,0,0,0,0,0,0,0,0,0,0,0,0,0,0,0,0,0,0,0,0,0,0,1,0,3,6,3,20,24,82,562,723,1426,2904,5259,9245,16151,27025,44248,69265,104994,156189,220149,302570,398168,503886,612279,712870,796146,848997,865044,839106,776858,684111,576139,469929,376654,301208,244615,200257,158229,113878,69055,32808,10532,1791
0,0,0,0,0,0,0,0,0,0,0,0,0,0,0,0,0,0,0,0,0,0,0,0,0,0,0,0,1,0,0,6,9,11,32,66,530,721,1411,2818,4990,8923,15725,26360,43324,67755,103380,152500,217420,298522,393161,500636,606652,710586,793581,849399,866264,841728,779987,689069,581918,474166,380055,303851,246340,201865,159018,115085,69916,33188,10622,1818
0,0,0,0,0,0,0,0,0,0,0,0,0,0,0,0,0,0,0,0,0,0,0,0,0,0,0,1,0,0,0,8,4,17,33,64,521,663,1349,2716,4905,8719,15198,25732,42201,66723,100891,149649,214457,294504,388819,495719,602874,707101,791942,849445,866820,844764,783603,694281,586018,478738,383928,305828,248822,203036,160358,116095,70574,33693,10745,1851
0,0,0,0,0,0,0,0,0,0,0,0,0,0,0,0,0,0,0,0,0,0,0,0,0,0,0,0,1,0,2,2,9,12,32,65,506,635,1325,2582,4743,8495,14816,25148,41011,65245,99359,146807,210623,290860,385451,489975,599791,702835,789712,848753,868347,847756,787791,698960,590424,483671,387231,308571,250603,204148,162207,116717,71238,34177,10879,1894
0,0,0,0,0,0,0,0,0,0,0,0,0,0,0,0,0,0,0,0,0,0,0,0,0,0,0,0,1,0,2,2,6,10,32,70,486,624,1220,2448,4656,8322,14272,24432,40269,63749,97517,144432,207217,287044,380209,485486,595826,700443,786901,847668,869724,850569,792444,702447,597077,487088,391031,310575,253276,205059,163591,117642,72116,34441,11060,1925
0,0,0,0,0,0,0,0,0,0,0,0,0,0,0,0,0,0,0,0,0,0,0,0,0,0,0,0,0,1,2,2,4,10,24,78,448,625,1183,2360,4449,8073,13966,23755,39179,62631,95646,141839,204022,282983,376220,480667,591962,696286,785378,846467,870497,853484,796202,707588,601954,491209,394394,313942,255248,206834,164239,118606,72838,34931,11251,1932
0,0,0,0,0,0,0,0,0,0,0,0,0,0,0,0,0,0,0,0,0,0,0,0,0,0,0,0,0,0,2,4,1,11,22,68,442,615,1125,2275,4259,7833,13719,23002,38285,61074,93679,139758,200924,278949,372215,476611,586807,693006,782397,845947,871509,856286,800365,711857,606646,496348,397743,316878,257068,208753,165285,119322,73653,35267,11431,1968
0,0,0,0,0,0,0,0,0,0,0,0,0,0,0,0,0,0,0,0,0,0,0,0,0,0,0,0,0,2,0,0,4,13,19,65,417,563,1050,2234,4196,7529,13315,22703,37071,59914,91836,137126,197924,275349,368312,471530,583017,688989,779995,845686,870850,858473,805953,716689,610891,500327,401575,320074,258961,210640,166090,120151,74654,35601,11618,2003
0,0,0,0,0,0,0,0,0,0,0,0,0,0,0,0,0,0,0,0,0,0,0,0,0,0,0,0,0,0,2,2,4,8,30,48,388,522,1082,2111,4042,7348,12925,22137,36499,58048,90615,134407,195001,271367,363975,467815,577700,685520,776996,845258,871448,862143,808979,721831,615601,504918,405199,322965,260492,212481,167372,120865,75397,35979,11855,2034
0,0,0,0,0,0,0,0,0,0,0,0,0,0,0,0,0,0,0,0,0,0,0,0,0,0,0,0,0,0,2,3,1,10,25,52,369,540,1011,2047,3931,7149,12618,21463,35621,56939,88823,132076,191767,267272,359919,464273,572750,681872,775675,842750,873328,863931,812405,726189,620887,509021,409089,326264,262117,214135,168441,122261,75828,36492,12017,2046
0,0,0,0,0,0,0,0,0,0,0,0,0,0,0,0,0,0,0,0,0,0,0,0,0,0,0,0,0,0,2,2,2,13,23,50,338,530,1005,1971,3749,7060,12196,20956,34713,55805,86771,129924,189025,263502,355510,459331,569115,678199,772257,842345,873930,867203,814922,731170,625705,513553,412912,328718,264545,215796,169521,123329,76395,37049,12149,2118
0,0,0,0,0,0,0,0,0,0,0,0,0,0,0,0,0,0,0,0,0,0,0,0,0,0,0,0,0,0,2,1,4,6,22,55,326,507,975,1896,3687,6771,11872,20354,33874,54614,85389,127123,186332,260047,350959,454462,565297,674635,770691,840519,874492,869748,818011,735998,629942,518450,416480,331663,266691,217114,171065,124142,77215,37410,12412,2156
0,0,0,0,0,0,0,0,0,0,0,0,0,0,0,0,0,0,0,0,0,0,0,0,0,0,0,0,0,0,2,1,3,9,28,43,322,483,919,1919,3486,6510,11678,19897,32748,53741,83541,125012,182474,257357,346871,450174,561186,671191,766427,839993,876258,870410,822823,740797,634017,522504,420439,334828,268180,218974,172626,124894,77923,37977,12560,2184
0,0,0,0,0,0,0,0,0,0,0,0,0,0,0,0,0,0,0,0,0,0,0,0,0,0,0,0,0,0,1,1,4,13,16,48,318,443,884,1795,3453,6298,11318,19314,32083,52852,81441,122923,179647,253879,342772,446248,556215,666958,764350,838138,877119,872310,826093,745428,639735,526604,424264,337604,271058,220039,173960,125655,78724,38358,12821,2225
0,0,0,0,0,0,0,0,0,0,0,0,0,0,0,0,0,0,0,0,0,0,0,0,0,0,0,0,0,0,1,1,5,10,23,47,300,396,874,1708,3326,6187,11061,18585,31833,51042,80388,120554,176804,250146,338403,442027,552399,662482,762222,836149,877816,874701,830196,749523,644596,531088,427664,341006,272952,221499,175234,126684,79334,38891,13011,2241
0,0,0,0,0,0,0,0,0,0,0,0,0,0,0,0,0,0,0,0,0,0,0,0,0,0,0,0,0,0,1,1,6,10,18,53,280,398,810,1680,3239,6019,10599,18302,31007,50158,78470,118260,174188,246614,334756,437162,547887,659077,758694,835084,878381,876840,834566,752834,649917,535603,431343,344045,275230,222446,176613,128097,79926,39340,13161,2294
0,0,0,0,0,0,0,0,0,0,0,0,0,0,0,0,0,0,0,0,0,0,0,0,0,0,0,0,0,0,1,0,5,9,21,51,281,378,808,1615,3077,5775,10438,17775,30318,48947,76786,116040,171686,243309,330908,432758,542844,655606,756617,834008,876743,879794,838615,757327,654057,540043,435369,346859,277236,224228,177786,129101,80746,39730,13355,2359
0,0,0,0,0,0,0,0,0,0,0,0,0,0,0,0,0,0,0,0,0,0,0,0,0,0,0,0,0,1,0,0,3,12,18,48,254,402,729,1537,3072,5553,10193,17417,29462,47942,75405,113882,168665,239399,327051,428088,539557,651507,753199,833162,877332,881809,841880,761889,657571,545092,439454,350076,279167,226127,178944,130020,81295,40238,13582,2375
0,0,0,0,0,0,0,0,0,0,0,0,0,0,0,0,0,0,0,0,0,0,0,0,0,0,0,0,0,0,1,1,4,7,20,42,257,373,729,1448,2964,5460,9827,16876,28849,47080,73541,111960,165744,236241,323323,424159,534966,646950,750870,831158,878561,883699,843558,766890,662040,549748,444197,352157,281787,227702,179969,131279,82044,40820,13702,2406
0,0,0,0,0,0,0,0,0,0,0,0,0,0,0,0,0,0,0,0,0,0,0,0,0,0,0,0,0,0,0,2,4,6,15,42,244,345,707,1437,2830,5329,9389,16590,28254,46046,72183,110289,162949,232092,319722,420361,530422,643556,747357,829131,879457,884761,846551,771190,668041,553619,447690,355562,284047,229428,181085,132169,82952,41209,13905,2441
0,0,0,0,0,0,0,0,0,0,0,0,0,0,0,0,0,0,0,0,0,0,0,0,0,0,0,0,0,0,0,1,4,9,16,34,246,323,667,1391,2744,5128,9169,16046,27723,44893,70810,108316,160074,229291,315406,415912,526732,639181,744094,828418,878989,885673,850271,775906,672440,558234,452032,358300,286550,231310,181870,133178,83794,41597,14143,2494
0,0,0,0,0,0,0,0,0,0,0,0,0,0,0,0,0,0,0,0,0,0,0,0,0,0,0,0,0,0,0,1,3,4,20,30,242,315,641,1301,2578,5092,8935,15689,26876,43884,69545,106543,157407,225837,311659,411007,522800,635549,741815,825481,878731,887269,853846,780274,676425,563755,455922,360879,289487,232463,183248,134559,84320,42102,14335,2540
0,0,0,0,0,0,0,0,0,0,0,0,0,0,0,0,0,0,0,0,0,0,0,0,0,0,0,0,0,0,0,0,3,5,16,32,226,325,638,1246,2486,4808,8777,15343,26150,42865,68200,104650,155002,222263,307870,406629,518440,631650,738203,824818,878807,887906,857582,783185,682211,568424,459915,363952,291416,234421,184734,135376,85168,42482,14611,2574
0,0,0,0,0,0,0,0,0,0,0,0,0,0,0,0,0,0,0,0,0,0,0,0,0,0,0,0,0,0,0,0,2,5,14,31,218,307,602,1206,2405,4631,8474,15139,25339,42031,66821,102942,152846,218799,303577,402566,514043,627251,735983,823654,877229,889815,859979,787562,687045,573763,462911,367671,293612,235778,186218,136535,85921,43080,14819,2585
0,0,0,0,0,0,0,0,0,0,0,0,0,0,0,0,0,0,0,0,0,0,0,0,0,0,0,0,0,0,0,0,4,2,12,32,207,301,558,1194,2381,4407,8247,14682,24820,41045,65333,101285,150153,216165,299405,398330,509491,624424,732539,821809,875775,891751,862881,791700,691805,578315,466674,371265,295557,237880,187472,137541,86789,43564,14987,2627
0,0,0,0,0,0,0,0,0,0,0,0,0,0,0,0,0,0,0,0,0,0,0,0,0,0,0,0,0,0,0,0,3,3,15,23,185,312,560,1129,2288,4352,8075,14071,24325,40060,64083,99251,147998,213035,296441,393046,505970,619483,729995,820014,875020,893517,865692,795319,695859,584074,470475,374252,298036,239870,188348,138728,87555,44136,15128,2683
0,0,0,0,0,0,0,0,0,0,0,0,0,0,0,0,0,0,0,0,0,0,0,0,0,0,0,0,0,0,0,0,2,6,13,26,192,288,522,1111,2191,4280,7697,13887,23591,39208,62716,97511,145724,210269,291581,390072,500671,617055,726845,816862,874994,894504,868237,799508,700533,588589,474977,377395,300531,241177,189554,139964,88409,44659,15322,2736
0,0,0,0,0,0,0,0,0,0,0,0,0,0,0,0,0,0,0,0,0,0,0,0,0,0,0,0,0,0,0,1,0,6,12,31,185,271,535,1078,2105,4235,7431,13561,22911,38368,61358,95760,143447,207339,287711,385886,497324,612290,722804,815331,875136,894619,872121,803451,704394,593162,479659,380542,302849,242869,190920,141099,89190,45079,15593,2746
0,0,0,0,0,0,0,0,0,0,0,0,0,0,0,0,0,0,0,0,0,0,0,0,0,0,0,0,0,0,1,0,1,3,12,26,178,255,511,1061,2097,4008,7253,13117,22688,37305,60128,93956,140746,204303,283987,381790,493039,609044,719390,813502,872689,896956,874663,807597,709701,597835,483605,383746,304801,244769,192537,141997,89932,45615,15788,2777
0,0,0,0,0,0,0,0,0,0,0,0,0,0,0,0,0,0,0,0,0,0,0,0,0,0,0,0,0,0,0,1,1,5,9,28,182,221,525,1026,2059,3815,7112,12797,21923,36620,59038,92006,138384,201287,281003,377464,489067,604233,716500,810479,873173,896905,877289,812086,715395,601077,487898,387684,306907,246502,194113,142849,90813,46165,15960,2808
0,0,0,0,0,0,0,0,0,0,0,0,0,0,0,0,0,0,0,0,0,0,0,0,0,0,0,0,0,0,0,0,1,3,12,26,156,239,501,983,1967,3729,6961,12524,21290,35769,58012,90207,136234,198383,277089,373229,485255,600125,712964,808661,872027,897363,879637,816947,719812,606061,491689,390827,309867,248211,195459,143889,91645,46624,16177,2854
0,0,0,0,0,0,0,0,0,0,0,0,0,0,0,0,0,0,0,0,0,0,0,0,0,0,0,0,0,0,0,0,0,3,10,31,145,228,482,980,1866,3638,6747,12287,20869,34850,56728,88470,133825,195052,274672,368781,481108,596100,709361,806004,871876,899879,880941,819610,724870,610782,495761,394676,312067,249950,196719,145052,92669,47011,16396,2913
0,0,0,0,0,0,0,0,0,0,0,0,0,0,0,0,0,0,0,0,0,0,0,0,0,0,0,0,0,0,0,0,0,4,7,27,142,230,473,929,1836,3567,6456,11933,20483,33878,55506,86877,132256,191461,270814,366017,475997,591355,707479,802901,871792,900071,883857,823509,728911,615566,500178,397702,314772,251487,198239,146020,93667,47404,16630,2976
0,0,0,0,0,0,0,0,0,0,0,0,0,0,0,0,0,0,0,0,0,0,0,0,0,0,0,0,0,0,0,0,0,1,12,24,137,222,436,901,1823,3412,6372,11459,19896,33258,54511,85222,129649,189557,265961,362496,471472,588566,702814,801684,870484,901935,885961,826680,733632,620113,503883,401318,316983,253465,199606,147193,94556,47967,16694,3054
0,0,0,0,0,0,0,0,0,0,0,0,0,0,0,0,0,0,0,0,0,0,0,0,0,0,0,0,0,0,0,0,1,4,7,24,129,227,394,915,1732,3312,6186,11240,19206,32936,52939,83953,127476,186480,262732,358407,466778,585759,698027,799758,870102,901625,888929,830255,738239,624945,508336,404282,319842,255191,200793,148292,95523,48382,16950,3101
0,0,0,0,0,0,0,0,0,0,0,0,0,0,0,0,0,0,0,0,0,0,0,0,0,0,0,0,0,0,0,0,4,0,9,17,133,194,414,873,1670,3214,6050,10916,18757,31961,52088,82476,125358,183236,260213,353662,463274,579907,696187,797241,868520,903313,890661,834314,742064,630191,512333,407410,322440,257286,201791,149707,96298,48862,17187,3178
0,0,0,0,0,0,0,0,0,0,0,0,0,0,0,0,0,0,0,0,0,0,0,0,0,0,0,0,0,0,0,1,1,5,8,16,127,185,404,853,1618,3135,5758,10680,18330,31324,51112,80603,123177,181048,256663,349582,458969,576400,692058,794752,867558,903794,893815,837671,746534,634018,517084,410582,325377,259065,203433,150456,97147,49374,17465,3227
0,0,0,0,0,0,0,0,0,0,0,0,0,0,0,0,0,0,0,0,0,0,0,0,0,0,0,0,0,0,0,1,0,3,12,10,130,174,412,771,1622,3027,5625,10293,18049,30563,49801,79278,121090,178996,252618,346280,454836,572565,688016,791866,867170,904033,895409,842301,750788,638355,520609,414982,327769,260730,204939,151430,97979,49864,17725,3288
0,0,0,0,0,0,0,0,0,0,0,0,0,0,0,0,0,0,0,0,0,0,0,0,0,0,0,0,0,0,0,1,0,5,4,20,107,178,393,756,1533,2996,5435,10001,17680,29858,48716,77842,119179,176004,249950,341687,451486,567727,684605,789315,866021,904484,898290,845360,755747,642350,524933,417971,331057,262289,206069,153026,98622,50487,17901,3324
0,0,0,0,0,0,0,0,0,0,0,0,0,0,0,0,0,0,0,0,0,0,0,0,0,0,0,0,0,0,0,0,1,3,8,12,112,181,348,756,1487,2859,5260,9892,17140,29240,47704,76205,117233,173479,246236,338535,446798,564101,681216,786419,864585,905527,900612,847946,760641,647212,528696,421439,333262,264724,207566,153955,99422,51087,18128,3382
0,0,0,0,0,0,0,0,0,0,0,0,0,0,0,0,0,0,0,0,0,0,0,0,0,0,0,0,0,0,0,0,2,0,7,17,106,170,350,689,1489,2795,5228,9463,16830,28613,46546,74997,114669,170547,244210,334622,442784,559541,677341,784638,862905,905630,902735,852834,763891,651023,533421,425135,336009,266652,208878,155017,100202,51659,18359,3405
0,0,0,0,0,0,0,0,0,0,0,0,0,0,0,0,0,0,0,0,0,0,0,0,0,0,0,0,0,0,0,0,0,3,8,16,99,172,307,727,1424,2673,5062,9262,16538,27754,45607,73713,112737,167966,240419,330734,439035,555565,673709,781005,862912,905652,904856,856551,768145,655544,537917,427873,338875,268808,210416,156175,100922,52185,18597,3446
0,0,0,0,0,0,0,0,0,0,0,0,0,0,0,0,0,0,0,0,0,0,0,0,0,0,0,0,0,0,0,0,0,0,6,23,93,163,308,678,1432,2577,4929,8998,16166,27043,44892,72172,110789,165655,236820,327226,434925,551280,670775,777363,861106,906871,906313,860170,772871,660549,541389,431889,341400,270638,211912,157145,101774,52704,18897,3468
0,0,0,0,0,0,0,0,0,0,0,0,0,0,0,0,0,0,0,0,0,0,0,0,0,0,0,0,0,0,0,0,0,0,7,16,89,146,308,662,1378,2502,4850,8853,15416,26687,44025,70553,109254,162951,233783,323582,430608,547070,667111,774618,859161,908252,907201,863962,777959,664813,544996,435729,343881,272841,213460,158225,102671,53150,19089,3550
0,0,0,0,0,0,0,0,0,0,0,0,0,0,0,0,0,0,0,0,0,0,0,0,0,0,0,0,0,0,0,0,0,0,4,15,95,133,297,641,1324,2503,4648,8538,15290,25995,43157,69085,107104,160605,230822,319826,426194,543373,662570,773294,857170,907800,909843,866969,781901,670232,548822,439486,346547,274918,214800,159392,103447,53597,19352,3620
0,0,0,0,0,0,0,0,0,0,0,0,0,0,0,0,0,0,0,0,0,0,0,0,0,0,0,0,0,0,0,0,0,0,3,17,76,161,259,599,1312,2400,4534,8368,14855,25451,42213,67589,105712,157990,227552,316591,421583,539094,659971,769211,857160,907000,912015,870404,785684,674866,553155,442584,349717,276329,216745,160569,104322,54090,19543,3685
0,0,0,0,0,0,0,0,0,0,0,0,0,0,0,0,0,0,0,0,0,0,0,0,0,0,0,0,0,0,0,0,0,0,2,18,81,140,273,572,1211,2326,4506,8085,14524,24715,41527,66584,103739,154998,225256,312720,417363,535500,655430,766731,854610,907668,913930,873749,790441,679079,557437,445602,352894,278256,218281,161686,105252,54724,19734,3765
0,0,0,0,0,0,0,0,0,0,0,0,0,0,0,0,0,0,0,0,0,0,0,0,0,0,0,0,0,0,0,0,0,1,1,8,86,131,284,540,1161,2329,4248,7870,14279,24132,40615,65532,101774,152754,221566,309445,413672,531175,651514,764217,853590,907534,915344,876307,794836,684084,561761,448839,355867,280538,219382,162684,106235,55320,19951,3803
0,0,0,0,0,0,0,0,0,0,0,0,0,0,0,0,0,0,0,0,0,0,0,0,0,0,0,0,0,0,0,0,0,2,0,8,93,116,275,529,1083,2256,4173,7734,13677,23762,39887,64361,99939,150135,219186,305989,409567,526220,648600,759928,853243,906783,916281,880546,799432,688194,565840,453235,357944,282445,220990,163962,107043,55949,20144,3858
0,0,0,0,0,0,0,0,0,0,0,0,0,0,0,0,0,0,0,0,0,0,0,0,0,0,0,0,0,0,0,0,0,2,0,6,90,122,248,502,1112,2125,4073,7446,13331,23333,38878,63193,98027,148499,215904,302317,405749,521551,644965,757964,851102,906648,917946,883211,803762,692260,570514,456936,361070,284505,222237,164849,108245,56438,20378,3871
0,0,0,0,0,0,0,0,0,0,0,0,0,0,0,0,0,0,0,0,0,0,0,0,0,0,0,0,0,0,0,0,0,2,1,4,94,113,242,496,1078,2030,3921,7340,13112,22642,38057,61936,96645,146539,212721,298204,401913,518066,640644,755463,849052,905926,920123,885686,808276,696558,575344,460549,363521,287031,223546,165939,109115,56903,20683,3894
0,0,0,0,0,0,0,0,0,0,0,0,0,0,0,0,0,0,0,0,0,0,0,0,0,0,0,0,0,0,0,0,0,2,3,2,80,119,240,483,1033,2030,3766,7134,12783,22109,37327,60587,94785,144519,209883,294845,397836,513880,637077,753037,846243,906100,921572,888741,812766,700854,579730,463642,366725,288989,225228,166936,110057,57419,20932,3915
0,0,0,0,0,0,0,0,0,0,0,0,0,0,0,0,0,0,0,0,0,0,0,0,0,0,0,0,0,0,0,0,0,1,2,7,66,109,241,470,985,1968,3719,6866,12513,21650,36459,59406,93179,141908,207251,291316,393992,510147,632994,750268,844393,905933,923217,891667,815495,705700,584383,467613,369197,291359,226562,168198,110991,57969,21234,3981
0,0,0,0,0,0,0,0,0,0,0,0,0,0,0,0,0,0,0,0,0,0,0,0,0,0,0,0,0,0,0,0,0,1,4,6,70,99,233,473,934,1957,3568,6703,12226,21244,35634,57869,91632,139809,204301,288476,389583,506945,628438,747298,841906,905080,925991,894095,819509,709956,589014,471639,371802,293169,228420,169418,111800,58533,21522,4052
0,0,0,0,0,0,0,0,0,0,0,0,0,0,0,0,0,0,0,0,0,0,0,0,0,0,0,0,0,0,0,0,0,2,2,5,73,103,196,480,895,1841,3578,6582,11900,20631,34879,57255,89891,137205,202029,284697,386185,501760,625764,743705,840401,905979,926156,897585,821498,714619,594065,474970,374517,295892,229787,170632,112735,59028,21746,4141
0,0,0,0,0,0,0,0,0,0,0,0,0,0,0,0,0,0,0,0,0,0,0,0,0,0,0,0,0,0,0,0,0,2,2,6,64,96,210,427,935,1761,3387,6439,11647,20167,34276,55743,88923,134868,199631,280317,382180,497779,621720,741080,838274,905974,927451,900119,825698,718715,598636,479546,376972,297832,231053,172152,113467,59718,21926,4216
0,0,0,0,0,0,0,0,0,0,0,0,0,0,0,0,0,0,0,0,0,0,0,0,0,0,0,0,0,0,0,0,1,1,1,4,60,101,206,406,898,1750,3374,6131,11405,19577,33677,54707,87073,133055,196859,277083,378379,493512,617938,737747,836858,905548,928176,902440,829864,723535,602744,483318,380390,299240,232756,173415,114467,60199,22192,4322
0,0,0,0,0,0,0,0,0,0,0,0,0,0,0,0,0,0,0,0,0,0,0,0,0,0,0,0,0,0,0,0,1,2,1,5,54,93,195,434,812,1663,3288,6090,11062,19342,32569,54031,84942,131725,193872,273861,374145,489748,614218,734326,835517,904375,929603,905042,833645,728393,606550,487204,383488,301221,234463,174486,115325,60779,22504,4335
0,0,0,0,0,0,0,0,0,0,0,0,0,0,0,0,0,0,0,0,0,0,0,0,0,0,0,0,0,0,0,0,2,1,0,3,60,75,192,411,787,1700,3127,5931,10792,18919,31768,52697,84220,129489,190424,271268,370450,485480,609911,731119,833994,904333,930160,907820,837727,732951,610191,490986,386888,303097,236219,175608,115994,61446,22786,4383
0,0,0,0,0,0,0,0,0,0,0,0,0,0,0,0,0,0,0,0,0,0,0,0,0,0,0,0,0,0,0,0,2,0,1,2,65,62,192,374,797,1602,3126,5714,10466,18568,31243,51636,82396,127261,188551,266820,367371,481316,605941,727520,832050,903964,930861,911751,841200,737736,613713,494823,390273,305215,237459,176992,116954,61846,23083,4463
0,0,0,0,0,0,0,0,0,0,0,0,0,0,0,0,0,0,0,0,0,0,0,0,0,0,0,0,0,0,0,0,2,0,1,3,50,91,162,375,766,1536,3026,5567,10237,18130,30706,50095,81594,124963,185754,264643,362565,476978,603723,723034,830653,903081,932015,913950,845012,741250,619731,497970,392764,307927,239153,177848,117708,62566,23293,4487
0,0,0,0,0,0,0,0,0,0,0,0,0,0,0,0,0,0,0,0,0,0,0,0,0,0,0,0,0,0,0,1,0,1,1,3,45,91,159,360,726,1474,2926,5447,10026,17710,29999,49354,79945,122775,183388,261765,358729,473228,599200,720069,828060,902513,932839,916407,850070,745350,623367,502077,395621,310349,240474,179233,118557,62873,23657,4540
0,0,0,0,0,0,0,0,0,0,0,0,0,0,0,0,0,0,0,0,0,0,0,0,0,0,0,0,0,0,0,1,0,1,2,2,30,81,172,335,708,1446,2838,5278,9872,17129,29527,48803,78164,121258,180160,258225,355537,469657,594707,717137,825315,901684,934860,918215,854087,749505,627631,506204,398121,312587,242256,180471,119430,63433,23878,4662
0,0,0,0,0,0,0,0,0,0,0,0,0,0,0,0,0,0,0,0,0,0,0,0,0,0,0,0,0,0,0,0,1,1,1,4,31,73,157,330,692,1400,2753,5115,9684,16735,28830,47985,76734,119330,177397,255730,351438,466897,589047,714103,823007,900725,936587,920326,857499,754091,632301,509089,401926,314619,243962,181723,120237,64070,24019,4760
0,0,0,0,0,0,0,0,0,0,0,0,0,0,0,0,0,0,0,0,0,0,0,0,0,0,0,0,0,0,0,0,0,2,2,3,29,63,159,331,695,1362,2659,4867,9426,16533,28238,46898,75367,117526,175329,251982,348449,462161,585987,710860,819239,900169,937883,922784,860744,758404,636917,513190,405248,316438,245756,182927,121112,64660,24191,4819
0,0,0,0,0,0,0,0,0,0,0,0,0,0,0,0,0,0,0,0,0,0,0,0,0,0,0,0,0,0,0,0,0,2,1,7,26,63,154,332,665,1348,2548,4837,9129,15995,27754,46055,74063,115448,173438,248396,344227,458530,582060,707699,817491,898956,938452,924941,864664,763030,640494,517343,407641,319701,247347,183882,122081,65244,24519,4846
0,0,0,0,0,0,0,0,0,0,0,0,0,0,0,0,0,0,0,0,0,0,0,0,0,0,0,0,0,0,0,0,0,1,2,5,25,60,157,298,654,1284,2517,4646,8938,15621,27267,45071,72943,113490,170525,245476,341426,453337,578739,704368,815878,897621,937815,928010,867907,767779,644540,521331,411214,321909,249078,184732,123238,65917,24694,4896
0,0,0,0,0,0,0,0,0,0,0,0,0,0,0,0,0,0,0,0,0,0,0,0,0,0,0,0,0,0,0,0,0,0,3,4,30,52,153,297,632,1239,2488,4627,8550,15378,26456,44277,71730,111984,167608,242309,338159,450054,573795,701543,813516,896381,938664,930432,871368,771751,649334,524899,414429,323852,250549,186596,123924,66464,24947,4935
0,0,0,0,0,0,0,0,0,0,0,0,0,0,0,0,0,0,0,0,0,0,0,0,0,0,0,0,0,0,0,0,0,0,3,4,32,46,131,283,655,1190,2445,4517,8506,14768,25814,43605,70539,109680,165588,239698,334156,446201,570732,696672,812119,895311,939422,931878,875398,775303,653683,529904,416276,326768,252039,187859,124882,66931,25414,4957
0,0,0,0,0,0,0,0,0,0,0,0,0,0,0,0,0,0,0,0,0,0,0,0,0,0,0,0,0,0,0,0,0,0,2,4,29,58,114,289,605,1183,2337,4443,8332,14357,25350,42820,68878,108548,162903,236657,330838,442712,566545,693942,807624,895901,939836,933622,878429,779501,658747,533224,419203,329299,254161,189032,125769,67400,25738,4977
0,0,0,0,0,0,0,0,0,0,0,0,0,0,0,0,0,0,0,0,0,0,0,0,0,0,0,0,0,0,0,0,0,0,2,4,28,51,130,282,547,1159,2279,4411,7913,14082,24678,42191,67449,106563,161090,233764,326887,439530,562894,689431,805541,895053,940153,936387,880803,784489,662648,536351,423101,331350,256357,190025,126884,67920,25923,5059
0,0,0,0,0,0,0,0,0,0,0,0,0,0,0,0,0,0,0,0,0,0,0,0,0,0,0,0,0,0,0,0,0,1,1,4,29,48,132,241,576,1139,2251,4226,7708,13722,24252,41307,66031,105262,158631,230680,323730,434916,560072,685714,803358,892734,940832,938227,885486,788850,666373,539723,426775,333456,257734,191529,127677,68685,26168,5129
0,0,0,0,0,0,0,0,0,0,0,0,0,0,0,0,0,0,0,0,0,0,0,0,0,0,0,0,0,0,0,0,0,1,0,3,30,47,117,249,516,1137,2109,4071,7558,13587,23647,40186,65167,103191,156725,227523,320524,431005,556480,683386,799454,891036,941774,940486,888534,792180,671095,544807,429618,335590,259207,192988,128474,69274,26452,5181
0,0,0,0,0,0,0,0,0,0,0,0,0,0,0,0,0,0,0,0,0,0,0,0,0,0,0,0,0,0,0,0,1,0,1,1,29,47,110,242,528,1063,2025,3978,7385,13358,23049,39523,64169,101253,154396,225027,317003,427016,553015,679162,797516,889887,940911,942916,891739,796815,675017,549109,432947,337910,260721,194420,129366,69811,26672,5271
0,0,0,0,0,0,0,0,0,0,0,0,0,0,0,0,0,0,0,0,0,0,0,0,0,0,0,0,0,0,0,0,0,1,0,4,28,49,96,228,537,1020,1983,3802,7314,13051,22595,38599,63102,100007,151635,222930,313079,423881,547674,675393,795702,888543,941613,945035,894791,800280,679604,552799,436173,340690,262323,195891,130368,70323,26926,5340
0,0,0,0,0,0,0,0,0,0,0,0,0,0,0,0,0,0,0,0,0,0,0,0,0,0,0,0,0,0,0,0,0,1,0,1,27,51,92,253,459,995,1982,3749,7128,12793,22136,37648,61841,98507,149562,219924,310222,419502,544098,671658,793806,886392,941816,947190,897665,805009,684086,556371,439386,343139,264357,197085,131063,70803,27240,5372
0,0,0,0,0,0,0,0,0,0,0,0,0,0,0,0,0,0,0,0,0,0,0,0,0,0,0,0,0,0,0,0,0,1,0,3,26,38,102,235,432,976,1897,3736,6940,12443,21773,36766,60771,96631,147726,217260,307095,415301,540595,667880,791223,885315,941663,949024,900652,808700,689205,560192,442341,345355,266236,198569,132048,71295,27478,5486
0,0,0,0,0,0,0,0,0,0,0,0,0,0,0,0,0,0,0,0,0,0,0,0,0,0,0,0,0,0,0,0,0,1,0,0,26,44,97,209,450,911,1872,3688,6646,12220,21296,36146,59659,95260,145852,214359,303106,412172,536490,665305,787196,884101,941878,950510,904050,812585,693751,563282,447089,347235,268304,199608,132720,72054,27655,5582
0,0,0,0,0,0,0,0,0,0,0,0,0,0,0,0,0,0,0,0,0,0,0,0,0,0,0,0,0,0,0,0,1,0,0,1,23,47,96,175,443,869,1813,3512,6620,11864,20887,35572,58619,93806,143439,211453,299748,409419,532547,661332,784649,881513,942405,952603,907606,816575,697731,566917,450813,349586,270288,200605,133691,72689,27786,5666
0,0,0,0,0,0,0,0,0,0,0,0,0,0,0,0,0,0,0,0,0,0,0,0,0,0,0,0,0,0,0,0,1,0,0,1,22,47,95,190,412,865,1700,3359,6514,11584,20551,34744,57797,91880,141469,208948,296754,406202,528090,657351,780949,880623,942948,953944,912130,819641,701918,571186,453661,352206,272207,201663,134908,73033,28085,5731
0,0,0,0,0,0,0,0,0,0,0,0,0,0,0,0,0,0,0,0,0,0,0,0,0,0,0,0,0,0,0,0,0,1,0,0,20,54,88,180,393,862,1655,3282,6256,11388,20112,34229,56707,90261,139339,206200,293887,402686,523251,654442,777466,879737,943302,955564,914156,824917,705735,575857,456150,354685,273920,202984,135902,73695,28293,5753
0,0,0,0,0,0,0,0,0,0,0,0,0,0,0,0,0,0,0,0,0,0,0,0,0,0,0,0,0,0,0,0,1,0,0,1,22,39,93,182,371,841,1603,3258,5978,11070,19640,33637,55456,89131,137506,203532,290924,398024,520369,649524,775856,878738,941935,957284,917595,828760,710648,579328,459480,357275,275331,204476,136674,74474,28556,5797
0,0,0,0,0,0,0,0,0,0,0,0,0,0,0,0,0,0,0,0,0,0,0,0,0,0,0,0,0,0,0,0,0,1,0,0,23,44,76,191,366,814,1565,3111,6003,10678,19081,32968,54543,87706,135342,201608,287777,394227,516735,645771,772783,877253,941427,958988,920322,832408,714093,585098,462477,360096,276866,205588,137713,75048,28745,5874
0,0,0,0,0,0,0,0,0,0,0,0,0,0,0,0,0,0,0,0,0,0,0,0,0,0,0,0,0,0,0,0,0,1,0,1,18,39,77,186,350,789,1543,3026,5818,10421,18736,32505,53623,86202,133217,199113,284338,390855,513137,642361,769266,875172,942172,960270,922342,836894,718803,589113,465623,362663,278589,206948,138825,75548,28908,5917
0,0,0,0,0,0,0,0,0,0,0,0,0,0,0,0,0,0,0,0,0,0,0,0,0,0,0,0,0,0,0,0,1,0,0,0,24,29,86,177,335,746,1533,2973,5680,10148,18382,31841,52327,85530,130916,196308,281680,386316,509857,639058,766425,873032,942047,961217,925982,840322,723202,593537,468469,365212,280704,208290,139848,76102,29092,5981
0,0,0,0,0,0,0,0,0,0,0,0,0,0,0,0,0,0,0,0,0,0,0,0,0,0,0,0,0,0,0,0,1,0,0,1,19,39,73,169,351,675,1517,2869,5556,9870,18102,31272,51596,83715,129549,193144,278508,383450,505730,635493,763468,870619,942359,963508,927026,845464,726932,597891,472094,367916,281934,209684,140719,76657,29425,6014
0,0,0,0,0,0,0,0,0,0,0,0,0,0,0,0,0,0,0,0,0,0,0,0,0,0,0,0,0,0,0,0,0,1,0,4,14,39,69,160,332,698,1412,2855,5266,9845,17569,30691,50590,82182,127761,190995,275361,379796,502178,632145,760736,867064,943090,964565,930398,848639,732284,601316,475358,370767,283984,210818,141533,77210,29631,6053
0,0,0,0,0,0,0,0,0,0,0,0,0,0,0,0,0,0,0,0,0,0,0,0,0,0,0,0,0,0,0,0,0,1,0,0,13,35,77,153,325,655,1449,2702,5229,9459,17304,30185,49780,80611,126149,188738,271849,377229,497722,628351,757544,866167,941077,965865,933599,853243,735977,605695,478563,373399,286145,211965,142416,77813,29802,6123
0,0,0,0,0,0,0,0,0,0,0,0,0,0,0,0,0,0,0,0,0,0,0,0,0,0,0,0,0,0,0,0,0,0,1,0,14,39,60,149,295,725,1327,2648,5108,9215,16926,29541,49030,78993,124362,186681,268802,372856,494747,624529,754771,864215,940558,966744,937089,856648,740072,609846,481952,376406,287898,213206,143384,78317,30106,6149
0,0,0,0,0,0,0,0,0,0,0,0,0,0,0,0,0,0,0,0,0,0,0,0,0,0,0,0,0,0,0,0,0,1,0,1,10,36,64,139,298,661,1302,2611,5010,9104,16471,28838,48232,77895,122579,184144,266031,369325,490987,620384,751918,863240,937772,969325,939970,860174,744613,613710,485454,378660,290003,214645,144260,78979,30340,6223
0,0,0,0,0,0,0,0,0,0,0,0,0,0,0,0,0,0,0,0,0,0,0,0,0,0,0,0,0,0,0,0,0,0,1,1,11,28,52,139,290,644,1310,2479,4825,9007,16146,28219,47253,76801,120149,182387,262969,366595,486658,616684,748963,860237,938825,968854,942882,865083,748065,618383,489218,381100,291487,216097,145131,79615,30506,6315
0,0,0,0,0,0,0,0,0,0,0,0,0,0,0,0,0,0,0,0,0,0,0,0,0,0,0,0,0,0,0,0,0,0,1,2,10,24,64,125,278,640,1240,2460,4752,8760,15651,27530,46725,75453,118786,179551,260294,363658,482400,613354,744903,859539,936636,970716,945894,867712,753084,622716,492857,383292,293676,217245,145905,80413,30734,6329
0,0,0,0,0,0,0,0,0,0,0,0,0,0,0,0,0,0,0,0,0,0,0,0,0,0,0,0,0,0,0,0,0,0,1,1,10,21,64,115,276,603,1263,2346,4648,8512,15499,27123,45434,74403,117085,177349,257176,360352,478724,610018,741631,856907,937392,971052,947915,871576,758244,625780,496593,385910,295662,218250,147110,80936,31066,6362
0,0,0,0,0,0,0,0,0,0,0,0,0,0,0,0,0,0,0,0,0,0,0,0,0,0,0,0,0,0,0,0,0,0,1,0,12,20,60,128,245,577,1176,2335,4560,8313,15230,26363,44625,73395,115167,175207,254061,356105,475290,606352,739621,854796,936849,971707,949953,875775,762311,630394,499991,388005,298108,219498,147953,81418,31402,6406
0,0,0,0,0,0,0,0,0,0,0,0,0,0,0,0,0,0,0,0,0,0,0,0,0,0,0,0,0,0,0,0,0,0,1,0,16,16,52,122,253,530,1120,2307,4463,8143,14664,26049,43904,72093,113426,172651,252175,352071,471342,603841,736572,852330,936052,973231,951336,879375,766482,634546,504104,390271,300039,220630,149022,82028,31648,6504
0,0,0,0,0,0,0,0,0,0,0,0,0,0,0,0,0,0,0,0,0,0,0,0,0,0,0,0,0,0,0,0,0,0,0,1,15,18,46,122,230,535,1055,2265,4328,8052,14477,25612,42864,70988,111620,170199,249630,348511,468049,599048,733505,851298,935094,973842,954701,882940,770148,638477,507940,393015,301885,222078,149779,82556,31926,6560
0,0,0,0,0,0,0,0,0,0,0,0,0,0,0,0,0,0,0,0,0,0,0,0,0,0,0,0,0,0,0,0,0,0,0,0,15,19,55,103,220,521,1067,2114,4255,7990,14184,24836,42340,69750,110046,168407,246137,345306,464137,595820,730062,849004,936060,973385,958035,886054,773743,642445,512006,395605,303205,224221,150280,83078,32291,6613
0,0,0,0,0,0,0,0,0,0,0,0,0,0,0,0,0,0,0,0,0,0,0,0,0,0,0,0,0,0,0,0,0,0,0,1,12,18,50,90,228,491,996,2096,4160,7814,13971,24294,41488,68123,108736,166217,243863,341914,459658,592515,727401,847306,934292,974589,959283,890533,777737,646559,515362,398906,305243,225162,151626,83402,32604,6669
0,0,0,0,0,0,0,0,0,0,0,0,0,0,0,0,0,0,0,0,0,0,0,0,0,0,0,0,0,0,0,0,0,0,0,2,8,24,42,97,218,453,993,1992,3976,7697,13668,23844,40698,67089,107196,164026,240897,338726,456268,588960,723749,845245,933155,975802,960994,894136,782146,650409,518650,402516,307227,226239,152721,83869,32898,6779
0,0,0,0,0,0,0,0,0,0,0,0,0,0,0,0,0,0,0,0,0,0,0,0,0,0,0,0,0,0,0,0,0,0,0,1,13,18,46,86,208,439,939,2008,3807,7561,13308,23337,40343,65826,105523,162230,237814,335863,451905,585563,721404,842445,932728,975132,964071,898004,785920,654587,522351,405247,309009,227666,153434,84615,33152,6806
0,0,0,0,0,0,0,0,0,0,0,0,0,0,0,0,0,0,0,0,0,0,0,0,0,0,0,0,0,0,0,0,0,0,0,0,14,19,34,90,199,433,930,2008,3736,7182,13024,23131,39476,65098,103798,159940,234852,332461,449958,582114,716951,840557,930900,976734,965882,900939,790737,658745,525469,407926,310975,229021,154514,85305,33366,6891
0,0,0,0,0,0,0,0,0,0,0,0,0,0,0,0,0,0,0,0,0,0,0,0,0,0,0,0,0,0,0,0,0,0,0,0,16,14,37,89,169,419,968,1856,3686,7022,12790,22619,38786,63922,102629,157401,232328,329239,446543,578313,714132,836941,931189,977839,968085,903258,795002,662983,528760,410822,313260,230161,155678,85920,33584,6949
0,0,0,0,0,0,0,0,0,0,0,0,0,0,0,0,0,0,0,0,0,0,0,0,0,0,0,0,0,0,0,0,0,0,0,0,11,17,39,75,195,385,879,1904,3611,6827,12518,22111,38080,62871,101253,155617,229152,326368,442727,574933,710748,835660,930009,977295,970352,907205,798837,667052,532214,413729,315005,231892,156427,86440,33999,6972
0,0,0,0,0,0,0,0,0,0,0,0,0,0,0,0,0,0,0,0,0,0,0,0,0,0,0,0,0,0,0,0,0,0,0,0,11,16,35,73,198,383,876,1756,3637,6690,12228,21774,37254,61985,99754,153510,226746,323032,438912,571039,707990,832710,929474,978256,971867,910765,803244,671070,535033,417024,317388,232824,157807,86714,34262,7072
0,0,0,0,0,0,0,0,0,0,0,0,0,0,0,0,0,0,0,0,0,0,0,0,0,0,0,0,0,0,0,0,0,0,0,0,8,17,30,75,188,389,862,1725,3420,6679,11971,21341,36611,61133,98229,151319,224889,319154,435526,567008,704549,830897,928508,978728,973990,913780,807848,674642,539194,419354,319467,234388,158437,87421,34504,7128
0,0,0,0,0,0,0,0,0,0,0,0,0,0,0,0,0,0,0,0,0,0,0,0,0,0,0,0,0,0,0,0,0,0,0,1,9,10,29,77,192,383,803,1685,3326,6567,11708,20990,35938,60084,97076,149193,221602,316769,432033,563716,700536,828526,927381,978949,976389,918099,810884,678100,543544,421895,321590,236256,159099,88026,34755,7189
0,0,0,0,0,0,0,0,0,0,0,0,0,0,0,0,0,0,0,0,0,0,0,0,0,0,0,0,0,0,0,0,0,0,0,2,7,9,28,71,178,368,782,1649,3325,6287,11520,20418,35475,59260,95420,147100,218959,314098,428304,560246,698254,825237,925172,980424,978793,920680,815466,681868,546766,425050,323319,238093,160001,88534,35009,7237
0,0,0,0,0,0,0,0,0,0,0,0,0,0,0,0,0,0,0,0,0,0,0,0,0,0,0,0,0,0,0,0,0,0,0,1,10,12,27,68,157,349,832,1573,3233,6053,11295,20164,34541,58535,93862,145605,216444,310623,424551,557329,695401,821968,925216,979701,981718,922434,819201,686613,549998,428311,325545,239519,160763,89198,35230,7329
0,0,0,0,0,0,0,0,0,0,0,0,0,0,0,0,0,0,0,0,0,0,0,0,0,0,0,0,0,0,0,0,0,0,0,1,8,13,28,69,155,335,813,1546,3130,5995,11004,19727,34154,57392,92333,143213,215021,307018,421980,553905,691528,819101,923519,980182,983904,925861,822826,691076,553433,431073,327773,240732,161896,89860,35440,7365
0,0,0,0,0,0,0,0,0,0,0,0,0,0,0,0,0,0,0,0,0,0,0,0,0,0,0,0,0,0,0,0,0,0,0,1,9,7,28,66,155,341,760,1541,3034,5849,10834,19296,33576,56432,90714,141644,212669,304646,417870,549657,687985,817170,922775,981212,984111,930048,827276,694517,556649,433642,330053,242317,162756,90576,35735,7458
0,0,0,0,0,0,0,0,0,0,0,0,0,0,0,0,0,0,0,0,0,0,0,0,0,0,0,0,0,0,0,0,0,0,0,1,5,10,26,66,148,325,723,1480,2969,5704,10583,19032,32979,55298,89603,140012,209639,302207,415245,545353,684505,814919,920920,981345,986581,932607,830600,699747,559878,436240,332671,243652,163640,91134,36015,7547
0,0,0,0,0,0,0,0,0,0,0,0,0,0,0,0,0,0,0,0,0,0,0,0,0,0,0,0,0,0,0,0,0,0,0,0,5,10,20,61,145,320,694,1496,2834,5540,10506,18639,32468,54544,88096,138306,207074,298962,411944,541773,681160,812333,920430,981483,987353,936218,834824,703155,563677,439044,335010,245041,164497,91906,36223,7618
0,0,0,0,0,0,0,0,0,0,0,0,0,0,0,0,0,0,0,0,0,0,0,0,0,0,0,0,0,0,0,0,0,0,0,0,6,6,24,56,148,324,664,1389,2820,5369,10300,18274,32012,53531,87029,136132,204730,296240,407942,538147,677255,810961,918786,981445,989887,939986,837427,708055,566799,441862,337423,246416,165273,92371,36607,7713
0,0,0,0,0,0,0,0,0,0,0,0,0,0,0,0,0,0,0,0,0,0,0,0,0,0,0,0,0,0,0,0,0,0,0,0,6,9,19,55,136,324,655,1364,2690,5269,10093,18034,31271,52760,85617,133955,202372,293532,404648,534702,674350,808920,916426,982201,991046,942327,841846,711644,571518,444320,339504,247951,166089,93080,36901,7775
0,0,0,0,0,0,0,0,0,0,0,0,0,0,0,0,0,0,0,0,0,0,0,0,0,0,0,0,0,0,0,0,0,0,0,0,6,11,17,49,137,300,653,1296,2603,5204,9764,17753,30654,52160,84323,132410,199791,290785,401072,532069,670877,805121,915415,981276,993743,945552,845543,715771,575042,447052,341558,249360,167283,93735,37158,7866
0,0,0,0,0,0,0,0,0,0,0,0,0,0,0,0,0,0,0,0,0,0,0,0,0,0,0,0,0,0,0,0,0,0,0,0,7,5,20,53,126,303,590,1316,2545,5043,9584,17244,30273,51270,83089,130280,198258,287514,397912,528311,667411,803405,912543,983092,994404,948625,849424,719271,578090,451198,343251,250916,168465,94114,37501,7956
0,0,0,0,0,0,0,0,0,0,0,0,0,0,0,0,0,0,0,0,0,0,0,0,0,0,0,0,0,0,0,0,0,0,0,0,7,6,18,54,120,301,596,1281,2460,4927,9416,16932,29923,49925,82121,128857,195966,283996,395148,525536,663878,799843,911112,982928,996563,951662,852545,723678,581864,454144,345096,252526,169221,94947,37738,8074
0,0,0,0,0,0,0,0,0,0,0,0,0,0,0,0,0,0,0,0,0,0,0,0,0,0,0,0,0,0,0,0,0,0,0,0,6,12,10,55,119,278,589,1228,2401,4762,9246,16810,29195,49386,80776,127627,193656,280845,391469,522100,660644,796015,910587,983549,997268,955037,856432,727513,585635,456935,347255,253814,170492,95457,38043,8163
0,0,0,0,0,0,0,0,0,0,0,0,0,0,0,0,0,0,0,0,0,0,0,0,0,0,0,0,0,0,0,0,0,0,0,0,4,11,12,56,115,291,582,1144,2410,4696,8911,16389,28866,48309,79833,125664,191601,278484,388236,517944,658303,793584,908306,983952,998021,957943,860465,731744,589101,459549,349593,255366,171335,95987,38383,8219
0,0,0,0,0,0,0,0,0,0,0,0,0,0,0,0,0,0,0,0,0,0,0,0,0,0,0,0,0,0,0,0,0,0,0,0,5,8,18,43,121,275,564,1144,2337,4625,8575,16278,28255,47625,78382,124523,188766,276259,385294,514507,654377,790791,907546,982427,1000864,959931,864398,735862,592504,462662,351336,257301,172231,96486,38804,8285
0,0,0,0,0,0,0,0,0,0,0,0,0,0,0,0,0,0,0,0,0,0,0,0,0,0,0,0,0,0,0,0,0,0,0,0,6,6,20,41,120,257,566,1088,2307,4507,8473,15793,27812,46705,77528,122159,187188,273504,382181,510936,651963,787674,905462,982193,1004161,961478,867759,739309,596719,465509,353407,258606,173405,97127,39098,8342
0,0,0,0,0,0,0,0,0,0,0,0,0,0,0,0,0,0,0,0,0,0,0,0,0,0,0,0,0,0,0,0,0,0,0,0,4,8,16,44,109,279,523,1077,2235,4393,8342,15367,27207,46168,76126,121079,184983,270849,378456,507900,648175,785721,903192,983253,1004215,965075,871754,742158,600705,468025,355592,260242,174631,97674,39428,8404
0,0,0,0,0,0,0,0,0,0,0,0,0,0,0,0,0,0,0,0,0,0,0,0,0,0,0,0,0,0,0,0,0,0,0,0,3,10,16,34,113,279,496,1055,2177,4285,8196,15001,26754,44971,75535,119078,182890,268515,375532,503466,645249,783085,901952,983392,1005710,966882,875716,745949,604185,470888,358219,261620,175567,98414,39642,8533
0,0,0,0,0,0,0,0,0,0,0,0,0,0,0,0,0,0,0,0,0,0,0,0,0,0,0,0,0,0,0,0,0,0,0,0,2,10,15,33,99,252,505,1012,2128,4247,7994,14802,26021,44491,74301,117765,180879,265377,372237,500130,642191,780806,900064,981423,1008476,969580,879255,750147,607085,474353,360215,263342,176625,98834,40107,8606
0,0,0,0,0,0,0,0,0,0,0,0,0,0,0,0,0,0,0,0,0,0,0,0,0,0,0,0,0,0,0,0,0,0,0,0,0,12,11,32,118,206,498,993,2145,4160,7860,14304,25710,43719,73259,116245,178475,262636,370152,496384,637737,778100,898930,981692,1009132,973028,881213,755259,610674,476866,362489,265092,177765,99589,40262,8662
0,0,0,0,0,0,0,0,0,0,0,0,0,0,0,0,0,0,0,0,0,0,0,0,0,0,0,0,0,0,0,0,0,0,0,0,2,5,17,33,108,221,508,970,2014,4038,7704,14191,25234,43075,71852,114926,176683,259776,366953,493584,634268,775436,896346,981647,1010745,974743,886160,758234,614719,479856,364323,266644,178729,100523,40418,8724
0,0,0,0,0,0,0,0,0,0,0,0,0,0,0,0,0,0,0,0,0,0,0,0,0,0,0,0,0,0,0,0,0,0,0,0,1,4,16,45,94,221,489,963,1945,3880,7613,13889,24675,42458,70683,113511,174411,257136,363962,490601,630697,771874,895643,980647,1011362,977970,889485,763016,617973,482921,366417,268315,179845,101130,40707,8810
0,0,0,0,0,0,0,0,0,0,0,0,0,0,0,0,0,0,0,0,0,0,0,0,0,0,0,0,0,0,0,0,0,0,0,0,1,4,16,41,84,241,434,994,1885,3783,7432,13584,24370,41750,69738,111780,172597,254616,360290,487972,627845,769213,893314,980171,1012204,980227,893300,766934,621969,485360,368332,270391,181002,101537,41112,8886
0,0,0,0,0,0,0,0,0,0,0,0,0,0,0,0,0,0,0,0,0,0,0,0,0,0,0,0,0,0,0,0,0,0,0,0,1,2,17,35,109,212,424,949,1867,3734,7263,13349,23882,41008,68832,109863,171201,251712,358184,483849,624246,767529,891002,978277,1014264,982334,897281,770619,625694,488760,370154,272262,181948,102113,41442,8991
0,0,0,0,0,0,0,0,0,0,0,0,0,0,0,0,0,0,0,0,0,0,0,0,0,0,0,0,0,0,0,0,0,0,0,0,1,2,20,33,92,202,462,857,1869,3620,7050,13095,23417,40426,67677,108687,168360,250370,355154,480299,621192,764931,888502,978070,1014894,985216,900398,774638,628871,491639,372899,273610,183188,102866,41716,9086
0,0,0,0,0,0,0,0,0,0,0,0,0,0,0,0,0,0,0,0,0,0,0,0,0,0,0,0,0,0,0,0,0,0,0,0,1,4,11,35,90,194,435,853,1789,3668,6855,12706,23078,39782,66520,107424,166668,248172,351497,476990,618076,761570,887405,977153,1015768,987951,904268,777302,633200,494725,375021,275151,184078,103717,42100,9152
0,0,0,0,0,0,0,0,0,0,0,0,0,0,0,0,0,0,0,0,0,0,0,0,0,0,0,0,0,0,0,0,0,0,0,0,2,2,16,34,86,199,421,852,1733,3599,6651,12487,22562,39235,65610,106292,164738,245255,348219,474460,614828,758481,884776,977362,1016482,990443,907393,780617,637438,497744,377591,276398,185389,104276,42511,9227
0,0,0,0,0,0,0,0,0,0,0,0,0,0,0,0,0,0,0,0,0,0,0,0,0,0,0,0,0,0,0,0,0,0,0,0,3,2,12,37,80,185,427,804,1728,3531,6512,12215,22358,38382,64774,104993,162712,242835,344849,471758,610519,755521,884503,975909,1016996,994608,909650,784134,640798,501205,379827,278359,186151,104885,42821,9326
0,0,0,0,0,0,0,0,0,0,0,0,0,0,0,0,0,0,0,0,0,0,0,0,0,0,0,0,0,0,0,0,0,0,0,0,2,5,12,33,80,177,414,821,1640,3471,6384,11943,21814,38120,63723,103797,161053,239650,342630,467761,607742,752933,882158,975177,1018782,995524,913036,788550,643460,505110,381968,280182,187068,105716,43129,9344
0,0,0,0,0,0,0,0,0,0,0,0,0,0,0,0,0,0,0,0,0,0,0,0,0,0,0,0,0,0,0,0,0,0,0,0,5,4,9,34,81,166,381,792,1631,3355,6378,11724,21213,37578,62836,102497,159238,236994,339565,464909,604022,750420,880171,974810,1018748,998129,916989,792154,646983,508104,384317,281402,188507,106389,43447,9427
0,0,0,0,0,0,0,0,0,0,0,0,0,0,0,0,0,0,0,0,0,0,0,0,0,0,0,0,0,0,0,0,0,0,0,1,5,5,6,26,79,166,389,742,1683,3229,6204,11439,20952,36660,62165,100992,157199,235343,336579,460767,602545,746185,877854,974678,1019436,1000020,920925,795619,651290,510590,386871,282632,189823,106979,43804,9527
0,0,0,0,0,0,0,0,0,0,0,0,0,0,0,0,0,0,0,0,0,0,0,0,0,0,0,0,0,0,0,0,0,0,1,0,4,4,9,36,60,165,360,759,1589,3150,6125,11268,20675,35922,60957,99800,155750,232299,333969,457709,599197,743162,876599,972972,1019803,1002991,924676,799206,654832,513956,389118,283988,190936,107634,44101,9627
0,0,0,0,0,0,0,0,0,0,0,0,0,0,0,0,0,0,0,0,0,0,0,0,0,0,0,0,0,0,0,0,0,0,1,0,2,6,13,21,77,150,343,730,1541,3107,5991,11177,20168,35569,59931,98185,154129,230000,330801,454644,595825,740878,873527,973297,1020308,1004688,927487,804216,657696,517625,391523,285086,192188,108377,44414,9688
0,0,0,0,0,0,0,0,0,0,0,0,0,0,0,0,0,0,0,0,0,0,0,0,0,0,0,0,0,0,0,0,0,0,1,0,3,5,13,22,73,153,320,744,1522,2954,5929,10978,19764,35270,59170,96611,151650,227949,328703,452077,591894,737518,871224,972812,1020315,1007468,931648,807184,661206,520593,394054,286701,193402,109143,44571,9765
0,0,0,0,0,0,0,0,0,0,0,0,0,0,0,0,0,0,0,0,0,0,0,0,0,0,0,0,0,0,0,0,0,0,0,1,2,5,14,19,65,148,315,717,1443,2974,5737,10853,19453,34471,58194,95804,149894,225585,325711,448508,589155,734858,869028,971185,1020966,1009501,934393,811553,665531,523369,396632,288352,194057,110147,44928,9841
0,0,0,0,0,0,0,0,0,0,0,0,0,0,0,0,0,0,0,0,0,0,0,0,0,0,0,0,0,0,0,0,0,0,0,0,4,3,14,23,53,159,289,701,1408,2838,5795,10511,19215,33616,57688,94391,148008,223899,322077,445148,587167,731574,867156,969233,1022066,1011750,937837,815470,669238,525559,399306,289858,195551,110496,45439,9869
0,0,0,0,0,0,0,0,0,0,0,0,0,0,0,0,0,0,0,0,0,0,0,0,0,0,0,0,0,0,0,0,0,0,0,0,2,4,13,27,55,137,301,675,1367,2791,5608,10366,18949,33088,56978,92699,146680,221301,319657,441910,582961,729659,865380,967985,1022614,1013586,941125,819030,673603,527972,401448,292013,196344,111356,45788,9937
0,0,0,0,0,0,0,0,0,0,0,0,0,0,0,0,0,0,0,0,0,0,0,0,0,0,0,0,0,0,0,0,0,0,0,0,1,4,15,28,50,133,294,664,1323,2722,5535,10229,18364,32914,55703,91796,145026,219081,316780,438578,579812,727434,862297,967201,1022715,1016674,943689,823151,676703,531776,403196,293832,197567,112039,46059,10024
0,0,0,0,0,0,0,0,0,0,0,0,0,0,0,0,0,0,0,0,0,0,0,0,0,0,0,0,0,0,0,0,0,0,0,0,1,10,12,18,48,126,299,621,1321,2640,5367,10094,18154,32214,55040,90556,143257,216823,313948,436203,576250,723826,860241,966842,1024275,1017862,946518,826456,679823,535352,405966,295217,198758,112826,46359,10086
0,0,0,0,0,0,0,0,0,0,0,0,0,0,0,0,0,0,0,0,0,0,0,0,0,0,0,0,0,0,0,0,0,0,0,0,1,7,13,23,49,135,266,597,1275,2672,5194,9966,17752,31680,54620,88817,141805,214513,311484,433036,572510,721399,858216,965620,1025342,1019157,950170,829207,683902,538612,408134,297028,199870,113386,46728,10223
0,0,0,0,0,0,0,0,0,0,0,0,0,0,0,0,0,0,0,0,0,0,0,0,0,0,0,0,0,0,0,0,0,0,0,0,2,4,13,23,50,130,246,592,1274,2587,5076,9684,17677,30972,53824,87774,140162,212084,308635,430116,570211,717308,855881,965549,1025150,1021102,953335,833320,686918,542123,410628,298328,201235,113979,47108,10309
0,0,0,0,0,0,0,0,0,0,0,0,0,0,0,0,0,0,0,0,0,0,0,0,0,0,0,0,0,0,0,0,0,0,0,0,3,5,12,22,46,122,261,569,1245,2492,4990,9537,17280,30640,52753,86749,138471,210030,306244,426835,566370,714420,854928,964055,1025918,1022297,956129,837459,691411,544177,412745,300707,201970,114708,47443,10366
0,0,0,0,0,0,0,0,0,0,0,0,0,0,0,0,0,0,0,0,0,0,0,0,0,0,0,0,0,0,0,0,0,0,0,0,3,5,8,22,66,114,243,557,1207,2425,4902,9330,17024,30081,52204,85385,136829,207788,303868,423699,563547,711412,851938,963939,1025322,1025018,958356,841720,694645,547372,415118,302310,203324,115375,47806,10447
0,0,0,0,0,0,0,0,0,0,0,0,0,0,0,0,0,0,0,0,0,0,0,0,0,0,0,0,0,0,0,0,0,0,0,0,2,7,8,21,57,111,241,551,1155,2374,4793,9176,16685,29833,51394,84349,134465,205805,302197,420224,560619,708048,850280,962334,1025984,1026044,961822,845664,697868,550449,417233,304579,204266,116119,48120,10532
0,0,0,0,0,0,0,0,0,0,0,0,0,0,0,0,0,0,0,0,0,0,0,0,0,0,0,0,0,0,0,0,0,0,0,0,4,4,7,21,56,102,235,526,1142,2375,4625,8877,16514,29202,50804,83401,132655,204080,299048,418213,556382,705569,847667,962235,1025551,1028964,963038,849093,702670,552926,419929,306232,205385,116601,48669,10607
0,0,0,0,0,0,0,0,0,0,0,0,0,0,0,0,0,0,0,0,0,0,0,0,0,0,0,0,0,0,0,0,0,0,0,0,4,7,3,16,63,94,239,540,1093,2276,4585,8658,16169,28752,49873,82699,131395,201201,296928,415237,553443,702039,846558,960274,1026116,1030273,966384,851954,705880,556645,422642,307643,206609,117603,48786,10728
0,0,0,0,0,0,0,0,0,0,0,0,0,0,0,0,0,0,0,0,0,0,0,0,0,0,0,0,0,0,0,0,0,0,0,0,3,4,9,17,50,100,241,522,1083,2240,4457,8710,15672,28259,49141,81690,129864,198894,294479,412600,550147,699365,844305,958237,1027088,1031898,969534,854522,710272,559635,424908,309567,207687,118306,49078,10825
0,0,0,0,0,0,0,0,0,0,0,0,0,0,0,0,0,0,0,0,0,0,0,0,0,0,0,0,0,0,0,0,0,0,0,1,1,8,6,16,44,106,215,528,1046,2203,4316,8544,15460,27821,48135,80721,128756,197318,290994,409311,547828,696054,842100,958015,1026711,1032998,972703,857510,714157,562777,427706,310916,209118,118872,49506,10888
0,0,0,0,0,0,0,0,0,0,0,0,0,0,0,0,0,0,0,0,0,0,0,0,0,0,0,0,0,0,0,0,0,0,0,1,1,5,13,13,54,101,214,498,990,2257,4179,8364,15234,27307,47433,79543,127485,195456,288923,405522,545138,693248,839130,957172,1025781,1034875,976569,860974,717479,566211,429629,312884,210177,119816,49668,11065
0,0,0,0,0,0,0,0,0,0,0,0,0,0,0,0,0,0,0,0,0,0,0,0,0,0,0,0,0,0,0,0,0,0,0,1,1,3,11,18,55,94,209,495,983,2180,4092,8137,14897,27042,46894,78416,125724,193776,286164,403122,541653,690731,837176,954514,1026889,1037141,978482,864402,720920,569383,432053,314695,211383,120534,49948,11191
0,0,0,0,0,0,0,0,0,0,0,0,0,0,0,0,0,0,0,0,0,0,0,0,0,0,0,0,0,0,0,0,0,0,0,1,1,5,6,13,52,93,213,479,964,2145,4080,7847,14738,26493,46424,76759,124457,192163,284330,399069,539180,687964,833701,954517,1026940,1037930,981931,868092,723756,572644,434469,316611,212535,121122,50367,11318
0,0,0,0,0,0,0,0,0,0,0,0,0,0,0,0,0,0,0,0,0,0,0,0,0,0,0,0,0,0,0,0,0,0,0,0,3,4,3,22,45,103,187,464,973,2091,3989,7670,14477,26074,45849,75813,122975,190436,281328,397671,534126,685715,831903,952625,1026915,1040329,984685,870614,727312,576351,437003,317909,214128,121580,50648,11389
0,0,0,0,0,0,0,0,0,0,0,0,0,0,0,0,0,0,0,0,0,0,0,0,0,0,0,0,0,0,0,0,0,0,0,0,1,6,4,21,44,94,180,456,943,2030,3919,7645,14038,25870,45052,75015,121239,188597,278683,394694,531491,683411,829491,949377,1028134,1041907,986863,874747,731555,579012,439274,319326,215367,122585,50912,11426
0,0,0,0,0,0,0,0,0,0,0,0,0,0,0,0,0,0,0,0,0,0,0,0,0,0,0,0,0,0,0,0,0,0,0,0,2,5,4,14,53,82,179,447,923,1951,3853,7457,13988,25232,44283,74172,119800,186957,276390,391425,528468,680406,826752,948978,1027496,1043366,990049,877794,735845,581362,441883,320974,216615,123476,51194,11534
0,0,0,0,0,0,0,0,0,0,0,0,0,0,0,0,0,0,0,0,0,0,0,0,0,0,0,0,0,0,0,0,0,0,0,0,2,4,4,16,42,80,193,407,909,1947,3735,7396,13489,25154,43446,73017,118953,185029,273777,388538,525299,677673,823393,948837,1027394,1043970,992772,882156,739411,584202,444090,322911,217610,124253,51674,11626
0,0,0,0,0,0,0,0,0,0,0,0,0,0,0,0,0,0,0,0,0,0,0,0,0,0,0,0,0,0,0,0,0,0,0,0,1,4,4,12,41,82,205,379,900,1847,3749,7229,13402,24578,43041,72078,117422,182676,272142,386152,522037,673328,821764,947932,1026495,1046352,995036,885755,742629,587717,446110,324957,218756,124750,52116,11731
0,0,0,0,0,0,0,0,0,0,0,0,0,0,0,0,0,0,0,0,0,0,0,0,0,0,0,0,0,0,0,0,0,0,0,0,0,5,6,8,38,83,191,416,830,1831,3655,7096,13131,24319,42526,71346,115781,180997,269305,383076,519204,670625,818747,946425,1026871,1048515,997418,888799,746601,590491,448573,326467,220026,125707,52464,11836
0,0,0,0,0,0,0,0,0,0,0,0,0,0,0,0,0,0,0,0,0,0,0,0,0,0,0,0,0,0,0,0,0,0,0,0,0,4,5,12,27,80,191,421,828,1765,3578,6972,13010,23991,41897,70236,114619,178908,267425,380510,515829,667786,816330,944796,1027381,1049353,999957,892839,748565,594511,450779,328038,221302,126587,52956,11921
0,0,0,0,0,0,0,0,0,0,0,0,0,0,0,0,0,0,0,0,0,0,0,0,0,0,0,0,0,0,0,0,0,0,0,0,0,5,7,9,30,69,200,412,810,1699,3502,6871,12832,23654,41148,69517,112818,177317,264964,377496,513179,664643,814186,942726,1026664,1051661,1002893,896207,752009,597446,453650,329670,222579,127168,53354,12014
0,0,0,0,0,0,0,0,0,0,0,0,0,0,0,0,0,0,0,0,0,0,0,0,0,0,0,0,0,0,0,0,0,0,0,0,0,4,6,10,25,69,188,430,759,1672,3456,6735,12694,23143,40821,68432,111605,175604,262169,375281,509417,662199,811260,941451,1026807,1051886,1006330,899818,755242,600819,456464,331146,223721,127878,53751,12117
0,0,0,0,0,0,0,0,0,0,0,0,0,0,0,0,0,0,0,0,0,0,0,0,0,0,0,0,0,0,0,0,0,0,0,0,0,4,7,8,24,64,193,403,804,1617,3358,6656,12405,22895,40043,67755,110550,173724,260097,371071,508433,658022,809080,940481,1025121,1053462,1009387,902608,759055,604249,458684,333135,224966,128608,54271,12169
0,0,0,0,0,0,0,0,0,0,0,0,0,0,0,0,0,0,0,0,0,0,0,0,0,0,0,0,0,0,0,0,0,0,0,0,0,2,7,7,25,70,162,400,810,1608,3307,6505,12212,22663,39257,67094,109098,171702,257630,368869,504473,655388,807610,937901,1025731,1053653,1012569,906678,762056,607256,461013,335431,225850,129448,54660,12264
0,0,0,0,0,0,0,0,0,0,0,0,0,0,0,0,0,0,0,0,0,0,0,0,0,0,0,0,0,0,0,0,0,0,0,0,0,2,7,7,25,58,189,361,773,1560,3276,6321,12249,22020,38914,66218,107637,170007,255407,366387,500707,652644,805388,936672,1026753,1053594,1015271,909103,766160,609578,464054,337569,226750,130296,55088,12364
0,0,0,0,0,0,0,0,0,0,0,0,0,0,0,0,0,0,0,0,0,0,0,0,0,0,0,0,0,0,0,0,0,0,0,0,0,1,6,9,19,66,166,355,787,1546,3172,6274,12006,21832,38380,64872,106581,168323,253278,363611,498509,649468,802348,935230,1025802,1054995,1018436,912005,769935,612106,466851,339601,227749,131153,55469,12468
0,0,0,0,0,0,0,0,0,0,0,0,0,0,0,0,0,0,0,0,0,0,0,0,0,0,0,0,0,0,0,0,0,0,0,0,0,1,3,13,18,62,140,369,772,1520,3098,6179,11767,21577,37767,63972,105886,166085,251421,360687,495212,647049,799907,934365,1024312,1057521,1019357,916383,771914,616035,469064,341159,229452,131881,55831,12630
0,0,0,0,0,0,0,0,0,0,0,0,0,0,0,0,0,0,0,0,0,0,0,0,0,0,0,0,0,0,0,0,0,0,0,0,0,2,3,7,25,56,131,353,756,1477,3080,6074,11728,21012,37101,63554,104687,164336,248599,358583,492766,643891,797004,932685,1024212,1059094,1020718,920026,775649,618574,472202,342660,230774,132763,56058,12769
0,0,0,0,0,0,0,0,0,0,0,0,0,0,0,0,0,0,0,0,0,0,0,0,0,0,0,0,0,0,0,0,0,0,0,0,0,2,2,7,22,62,145,333,718,1456,3022,6017,11253,20861,36673,62624,103704,162766,245972,355861,490212,640805,793961,931175,1024084,1060766,1022399,924086,778047,622245,474534,344715,231918,133537,56547,12878
0,0,0,0,0,0,0,0,0,0,0,0,0,0,0,0,0,0,0,0,0,0,0,0,0,0,0,0,0,0,0,0,0,0,0,0,0,2,2,6,27,62,133,329,685,1425,3004,5972,10964,20674,36181,61665,102527,161190,244031,352913,486688,638553,792166,927903,1024509,1061214,1025141,926840,782092,625071,477360,346550,233206,134316,57027,12981
0,0,0,0,0,0,0,0,0,0,0,0,0,0,0,0,0,0,0,0,0,0,0,0,0,0,0,0,0,0,0,0,0,0,0,0,0,2,2,11,21,61,135,324,659,1416,2933,5829,11043,20065,35893,60715,101314,159633,241637,350765,483918,635220,789803,925838,1024921,1061853,1026394,930616,785765,628484,479889,347983,234583,135285,57343,13056
0,0,0,0,0,0,0,0,0,0,0,0,0,0,0,0,0,0,0,0,0,0,0,0,0,0,0,0,0,0,0,0,0,0,0,0,2,0,2,11,18,54,142,315,659,1374,2828,5736,10916,19822,35322,60399,99327,158270,239771,348040,481225,631333,787908,924256,1024165,1062686,1029371,933042,789867,631660,481909,350196,235729,136118,57772,13164
0,0,0,0,0,0,0,0,0,0,0,0,0,0,0,0,0,0,0,0,0,0,0,0,0,0,0,0,0,0,0,0,0,0,0,0,1,2,3,9,14,54,144,314,642,1368,2803,5529,10758,19537,34913,59513,98256,156356,238205,345482,477796,629122,784414,923646,1023496,1063693,1031246,936071,793521,634866,484146,351995,237204,136677,58345,13268
0,0,0,0,0,0,0,0,0,0,0,0,0,0,0,0,0,0,0,0,0,0,0,0,0,0,0,0,0,0,0,0,0,0,0,0,1,2,4,6,15,57,140,287,647,1340,2678,5553,10532,19207,34165,58952,97200,154757,236062,342444,475463,626728,781758,921655,1023275,1064384,1032903,939574,797232,637484,486791,353813,238741,137410,58783,13366
0,0,0,0,0,0,0,0,0,0,0,0,0,0,0,0,0,0,0,0,0,0,0,0,0,0,0,0,0,0,0,0,0,0,0,0,0,4,1,9,20,52,142,283,640,1264,2691,5441,10266,18976,33885,57941,96120,153353,234182,340329,471763,623773,778731,920708,1022141,1065637,1035449,942671,800746,640695,488618,356380,239724,138156,59123,13495
0,0,0,0,0,0,0,0,0,0,0,0,0,0,0,0,0,0,0,0,0,0,0,0,0,0,0,0,0,0,0,0,0,0,0,0,2,2,2,11,19,58,122,273,644,1239,2635,5307,10185,18525,33435,57371,94937,151756,231955,338228,468739,620620,776436,919461,1020626,1066423,1037933,945726,803798,644596,491440,357890,240989,138728,59657,13641
0,0,0,0,0,0,0,0,0,0,0,0,0,0,0,0,0,0,0,0,0,0,0,0,0,0,0,0,0,0,0,0,0,0,0,0,2,1,5,11,15,54,128,264,604,1233,2573,5169,10043,18397,32667,56784,93930,150319,229625,335358,466393,617106,774611,917319,1020054,1067192,1040516,948722,807042,648240,493437,360106,242151,139590,59989,13759
0,0,0,0,0,0,0,0,0,0,0,0,0,0,0,0,0,0,0,0,0,0,0,0,0,0,0,0,0,0,0,0,0,0,0,0,0,3,7,8,15,56,120,259,589,1229,2547,4990,9897,18060,32375,55996,93257,148695,227465,332673,463321,614906,771434,915104,1020010,1068792,1041988,951532,810955,650739,496300,361812,243707,140244,60499,13825
0,0,0,0,0,0,0,0,0,0,0,0,0,0,0,0,0,0,0,0,0,0,0,0,0,0,0,0,0,0,0,0,0,0,0,0,0,0,8,7,23,42,113,274,539,1248,2483,4959,9651,17999,31875,55137,92206,146878,226193,329733,460803,611185,769858,912576,1019612,1069290,1043915,954967,813872,654438,499006,363565,245052,141111,60796,13995
0,0,0,0,0,0,0,0,0,0,0,0,0,0,0,0,0,0,0,0,0,0,0,0,0,0,0,0,0,0,0,0,0,0,0,0,0,1,4,11,15,49,111,260,560,1200,2438,4960,9363,17564,31635,54366,91115,145570,223271,327780,458183,608364,767052,910667,1019397,1069130,1047508,957320,817283,657598,501264,365649,246378,141971,61283,14089
0,0,0,0,0,0,0,0,0,0,0,0,0,0,0,0,0,0,0,0,0,0,0,0,0,0,0,0,0,0,0,0,0,0,0,0,0,1,3,12,11,53,101,272,527,1167,2381,4849,9349,17154,31081,54101,89601,144229,221540,325440,455152,605670,763499,909373,1019763,1068776,1049529,959611,821637,660423,504778,367049,247720,142747,61656,14154
0,0,0,0,0,0,0,0,0,0,0,0,0,0,0,0,0,0,0,0,0,0,0,0,0,0,0,0,0,0,0,0,0,0,0,0,0,2,0,11,16,46,93,267,510,1178,2326,4764,9160,16943,30688,53149,89004,142828,219020,323343,451992,603240,760507,907970,1019168,1069365,1051215,963236,824732,663207,507368,369006,249049,143750,61906,14350
0,0,0,0,0,0,0,0,0,0,0,0,0,0,0,0,0,0,0,0,0,0,0,0,0,0,0,0,0,0,0,0,0,0,0,0,0,1,2,12,17,48,98,243,501,1121,2302,4551,9128,16784,30111,52466,88412,141132,217080,320123,450748,599850,758212,906099,1017576,1071100,1053203,965617,828282,665813,510335,370739,250421,144608,62242,14432
0,0,0,0,0,0,0,0,0,0,0,0,0,0,0,0,0,0,0,0,0,0,0,0,0,0,0,0,0,0,0,0,0,0,0,0,1,1,1,8,23,48,102,234,482,1118,2255,4458,8945,16502,29635,51872,87137,139564,215836,317427,447500,597958,755624,903375,1017724,1072151,1054539,968845,831330,668698,512668,372893,251870,145319,62788,14478
0,0,0,0,0,0,0,0,0,0,0,0,0,0,0,0,0,0,0,0,0,0,0,0,0,0,0,0,0,0,0,0,0,0,0,0,0,2,2,6,25,46,94,227,483,1116,2186,4401,8729,16313,29209,51024,86136,138026,214374,314958,444428,595082,752957,901880,1017470,1071162,1057279,972540,834636,671320,515655,374580,252991,146263,63262,14547
0,0,0,0,0,0,0,0,0,0,0,0,0,0,0,0,0,0,0,0,0,0,0,0,0,0,0,0,0,0,0,0,0,0,0,0,0,2,2,6,24,43,103,232,433,1042,2240,4397,8535,15991,28845,50257,85072,136756,212400,313307,441319,591938,749977,900765,1015361,1073116,1059530,974499,838664,674748,517408,376573,254580,146824,63736,14684
0,0,0,0,0,0,0,0,0,0,0,0,0,0,0,0,0,0,0,0,0,0,0,0,0,0,0,0,0,0,0,0,0,0,0,0,0,1,3,8,23,43,105,216,431,1033,2124,4445,8347,15619,28491,49781,83723,135687,210494,310696,439266,588938,747505,899099,1013370,1074316,1061090,978331,840959,677962,520434,378134,255756,147981,64169,14829
0,0,0,0,0,0,0,0,0,0,0,0,0,0,0,0,0,0,0,0,0,0,0,0,0,0,0,0,0,0,0,0,0,0,0,0,0,1,3,8,21,44,100,209,446,1013,2077,4354,8206,15491,27911,49224,82574,134458,208589,308953,436390,585596,745473,896706,1012081,1075416,1063619,980270,844960,680761,522914,380203,256750,149021,64635,14932
0,0,0,0,0,0,0,0,0,0,0,0,0,0,0,0,0,0,0,0,0,0,0,0,0,0,0,0,0,0,0,0,0,0,0,0,0,0,2,14,13,47,103,206,440,984,2096,4217,8116,15263,27456,48589,81924,132520,207061,306841,433747,581672,744215,893923,1011868,1074068,1066607,983985,847256,684427,525541,382143,258089,149775,65161,15040
0,0,0,0,0,0,0,0,0,0,0,0,0,0,0,0,0,0,0,0,0,0,0,0,0,0,0,0,0,0,0,0,0,0,0,0,0,1,2,12,15,42,103,211,449,947,2074,4101,8079,14977,26939,48126,80934,131431,205253,304497,431390,578067,741019,893409,1010669,1073832,1068118,987321,850669,687597,527774,384519,259198,150923,65530,15181
0,0,0,0,0,0,0,0,0,0,0,0,0,0,0,0,0,0,0,0,0,0,0,0,0,0,0,0,0,0,0,0,0,0,0,0,0,1,3,8,25,31,97,211,429,933,1973,4056,7977,14664,26771,47527,79927,129935,203976,302458,427584,576512,738024,890681,1009905,1074258,1069675,989807,854309,691446,530245,386121,260935,151724,65924,15257
0,0,0,0,0,0,0,0,0,0,0,0,0,0,0,0,0,0,0,0,0,0,0,0,0,0,0,0,0,0,0,0,0,0,0,0,0,1,4,5,23,35,91,207,428,910,1925,3971,7772,14685,26268,46859,79179,128949,201924,299684,424517,574688,735016,889148,1009028,1075452,1069689,992895,857765,694451,533249,388198,262025,152590,66430,15348
0,0,0,0,0,0,0,0,0,0,0,0,0,0,0,0,0,0,0,0,0,0,0,0,0,0,0,0,0,0,0,0,0,0,0,0,0,1,2,11,20,32,85,199,432,860,1922,3881,7631,14357,26180,46144,78189,127473,200108,297457,423069,571787,732023,886934,1007899,1075813,1071553,994696,861942,697298,536013,389879,263963,153219,66846,15491
0,0,0,0,0,0,0,0,0,0,0,0,0,0,0,0,0,0,0,0,0,0,0,0,0,0,0,0,0,0,0,0,0,0,0,0,0,0,4,10,17,36,70,202,402,880,1896,3805,7485,14563,25619,45602,76809,126710,198360,294891,420700,568134,730627,883850,1007415,1076253,1072852,998177,865037,700971,537671,391757,265618,154237,67125,15624
0,0,0,0,0,0,0,0,0,0,0,0,0,0,0,0,0,0,0,0,0,0,0,0,0,0,0,0,0,0,0,0,0,0,0,0,0,0,5,10,15,28,89,171,412,856,1847,3660,7451,14271,25390,44815,76232,125247,196084,292828,417703,566043,728037,882113,1006648,1076403,1075156,999795,868543,704082,540398,393669,267105,155078,67522,15703
0,0,0,0,0,0,0,0,0,0,0,0,0,0,0,0,0,0,0,0,0,0,0,0,0,0,0,0,0,0,0,0,0,0,0,0,0,0,3,12,15,33,78,169,414,839,1796,3711,7235,14084,24913,44173,75614,123908,194119,291322,414428,563036,725938,880677,1005750,1076495,1076505,1002718,871516,707042,542971,395570,268423,156076,68044,15782
0,0,0,0,0,0,0,0,0,0,0,0,0,0,0,0,0,0,0,0,0,0,0,0,0,0,0,0,0,0,0,0,0,0,0,0,0,1,2,10,17,34,69,159,394,870,1777,3549,7243,13801,24667,43499,74782,122386,192554,289377,410751,561596,722880,879004,1005051,1076339,1077856,1006108,874244,710007,545166,397968,269898,156905,68500,15945
0,0,0,0,0,0,0,0,0,0,0,0,0,0,0,0,0,0,0,0,0,0,0,0,0,0,0,0,0,0,0,0,0,0,0,0,0,1,3,6,17,33,70,168,390,858,1747,3554,7136,13379,24395,43189,73675,121095,190868,287725,408763,557589,720538,876581,1003903,1076513,1080540,1009042,876576,712976,547823,400037,271534,157645,68962,16078
0,0,0,0,0,0,0,0,0,0,0,0,0,0,0,0,0,0,0,0,0,0,0,0,0,0,0,0,0,0,0,0,0,0,0,0,0,1,2,5,14,38,63,167,381,848,1702,3574,6943,13112,24153,42727,73133,119299,190022,285014,406095,555306,716358,875561,1003063,1076983,1081963,1012033,878961,716066,550773,402152,272629,158739,69290,16239
0,0,0,0,0,0,0,0,0,0,0,0,0,0,0,0,0,0,0,0,0,0,0,0,0,0,0,0,0,0,0,0,0,0,0,0,0,0,2,5,17,34,76,164,365,772,1737,3481,6821,13132,23636,42051,72240,118623,188021,282935,403472,552699,714169,872726,1002199,1077411,1082990,1015187,882451,718912,552800,404623,273896,159722,69731,16309
0,0,0,0,0,0,0,0,0,0,0,0,0,0,0,0,0,0,0,0,0,0,0,0,0,0,0,0,0,0,0,0,0,0,0,0,0,0,2,7,13,36,73,156,353,767,1694,3467,6685,12860,23497,41279,71603,117753,186227,280318,401091,549681,712123,870134,1002152,1077849,1084526,1017000,885706,721762,555822,406087,275473,160677,70098,16438
0,0,0,0,0,0,0,0,0,0,0,0,0,0,0,0,0,0,0,0,0,0,0,0,0,0,0,0,0,0,0,0,0,0,0,0,0,0,4,4,14,32,71,149,336,787,1609,3399,6762,12550,23147,40847,70628,116794,184464,277737,399195,545952,709523,868555,1000982,1078664,1086247,1018742,889033,725216,558419,407781,277192,161469,70530,16575
0,0,0,0,0,0,0,0,0,0,0,0,0,0,0,0,0,0,0,0,0,0,0,0,0,0,0,0,0,0,0,0,0,0,0,0,0,1,3,6,11,32,69,141,343,790,1593,3299,6616,12398,22842,40347,69666,115752,182513,275739,397072,543737,705885,867887,998274,1078555,1088797,1021528,891401,729032,560570,409883,278493,162510,70927,16697
0,0,0,0,0,0,0,0,0,0,0,0,0,0,0,0,0,0,0,0,0,0,0,0,0,0,0,0,0,0,0,0,0,0,0,0,0,2,2,5,13,32,61,152,311,776,1579,3254,6498,12139,22569,40051,68714,114427,180766,273529,395343,540780,702821,865648,997706,1078420,1089849,1024582,894975,731688,563338,412223,279417,163445,71508,16786
0,0,0,0,0,0,0,0,0,0,0,0,0,0,0,0,0,0,0,0,0,0,0,0,0,0,0,0,0,0,0,0,0,0,0,0,2,1,1,5,11,30,63,153,325,731,1565,3254,6267,12162,22197,39623,67969,113054,179376,271656,392364,537785,701194,862665,996157,1079097,1091595,1025800,899472,734429,566473,413814,280881,164237,72056,16945
0,0,0,0,0,0,0,0,0,0,0,0,0,0,0,0,0,0,0,0,0,0,0,0,0,0,0,0,0,0,0,0,0,0,0,0,2,0,1,3,17,28,54,138,334,696,1598,3126,6126,12073,21832,39249,67456,111582,178225,270032,389296,535378,698500,859827,995144,1079461,1093346,1027658,902679,737572,569339,415582,282313,165158,72504,17080
0,0,0,0,0,0,0,0,0,0,0,0,0,0,0,0,0,0,0,0,0,0,0,0,0,0,0,0,0,0,0,0,0,0,0,0,1,2,1,5,15,22,60,139,315,684,1542,3070,6120,11733,21729,38684,66740,110573,176762,267633,386999,532847,695368,857924,994075,1079858,1094333,1031182,905402,740588,571696,417495,283649,165943,73016,17204
0,0,0,0,0,0,0,0,0,0,0,0,0,0,0,0,0,0,0,0,0,0,0,0,0,0,0,0,0,0,0,0,0,0,0,0,2,0,1,8,11,26,50,151,304,681,1499,2992,6074,11532,21327,38415,65754,109624,175044,266204,384166,530180,693496,854121,994016,1079880,1095688,1033624,908238,744347,573739,419509,285177,166657,73509,17363
0,0,0,0,0,0,0,0,0,0,0,0,0,0,0,0,0,0,0,0,0,0,0,0,0,0,0,0,0,0,0,0,0,0,0,0,2,0,3,5,11,28,43,135,330,658,1479,2916,5997,11344,21047,37587,65273,108660,173825,263674,382936,527129,689432,852865,992807,1080294,1096915,1036474,910906,747273,576677,421347,286639,167276,73874,17548
0,0,0,0,0,0,0,0,0,0,0,0,0,0,0,0,0,0,0,0,0,0,0,0,0,0,0,0,0,0,0,0,0,0,0,0,1,1,3,3,13,28,43,121,354,635,1434,2944,5782,11306,20555,37260,64304,107797,172312,262148,380305,524536,686712,850517,990734,1081483,1097265,1039402,914438,749594,580164,422620,288425,168346,74100,17724
0,0,0,0,0,0,0,0,0,0,0,0,0,0,0,0,0,0,0,0,0,0,0,0,0,0,0,0,0,0,0,0,0,0,0,0,1,3,1,5,10,28,45,109,320,668,1382,2879,5836,10972,20394,36638,63770,106949,170286,260281,377212,522680,684560,848087,989524,1080719,1099734,1040910,917378,753274,582679,424960,289330,169446,74433,17906
0,0,0,0,0,0,0,0,0,0,0,0,0,0,0,0,0,0,0,0,0,0,0,0,0,0,0,0,0,0,0,0,0,0,0,0,1,1,4,3,12,18,49,110,311,647,1393,2765,5821,10706,20348,35950,63011,105942,168904,258304,374775,519356,682903,845625,989694,1079331,1101995,1042545,920503,755683,585884,426844,290774,170190,74931,18076
0,0,0,0,0,0,0,0,0,0,0,0,0,0,0,0,0,0,0,0,0,0,0,0,0,0,0,0,0,0,0,0,0,0,0,0,1,0,4,6,7,23,44,123,309,619,1297,2746,5610,10737,19882,35631,62118,105247,167109,256128,373012,515979,680197,844781,987748,1079580,1102468,1045204,923519,759267,587901,429395,292226,170934,75368,18189
0,0,0,0,0,0,0,0,0,0,0,0,0,0,0,0,0,0,0,0,0,0,0,0,0,0,0,0,0,0,0,0,0,0,0,0,1,1,4,5,7,18,44,133,279,641,1261,2716,5479,10536,19630,35232,61480,103486,166309,253872,370751,513625,677289,843329,986592,1079570,1103347,1047893,926011,762193,590671,431181,293916,171719,75936,18252
0,0,0,0,0,0,0,0,0,0,0,0,0,0,0,0,0,0,0,0,0,0,0,0,0,0,0,0,0,0,0,0,0,0,0,0,0,2,1,9,5,20,49,114,275,607,1271,2671,5384,10343,19487,34733,60736,102516,164666,251985,368483,510490,675773,840532,985615,1079444,1105292,1048914,929400,765289,593550,433310,294890,172917,76304,18332
0,0,0,0,0,0,0,0,0,0,0,0,0,0,0,0,0,0,0,0,0,0,0,0,0,0,0,0,0,0,0,0,0,0,0,0,2,0,0,7,8,21,47,106,271,589,1283,2561,5339,10113,19211,34401,60063,101566,163483,249850,365851,508367,673174,838696,984346,1078672,1105786,1052389,932064,768283,596141,435814,296219,173687,76590,18409
0,0,0,0,0,0,0,0,0,0,0,0,0,0,0,0,0,0,0,0,0,0,0,0,0,0,0,0,0,0,0,0,0,0,0,0,1,1,1,4,10,25,46,114,241,594,1243,2500,5258,9913,18899,34093,59446,100439,162040,248323,363360,506266,670202,836831,982351,1078638,1107013,1054773,934717,771396,598745,437879,298004,174378,77128,18537
0,0,0,0,0,0,0,0,0,0,0,0,0,0,0,0,0,0,0,0,0,0,0,0,0,0,0,0,0,0,0,0,0,0,0,0,1,1,1,3,8,29,44,109,240,568,1297,2440,5098,9792,18540,33686,59103,99732,159770,246652,361509,503234,668408,834573,980166,1079332,1108079,1056634,937593,774570,601018,440227,299302,175360,77615,18675
0,0,0,0,0,0,0,0,0,0,0,0,0,0,0,0,0,0,0,0,0,0,0,0,0,0,0,0,0,0,0,0,0,0,0,0,1,0,1,3,9,26,44,108,243,574,1185,2512,4939,9738,18120,33152,58684,98468,158351,245531,358897,500693,665290,833050,978186,1080298,1108281,1058899,940430,778234,603638,441864,301126,176003,78085,18746
0,0,0,0,0,0,0,0,0,0,0,0,0,0,0,0,0,0,0,0,0,0,0,0,0,0,0,0,0,0,0,0,0,0,0,0,1,0,0,2,7,29,38,122,237,571,1116,2477,4919,9558,17938,32762,57943,97414,157088,242908,356841,498516,662597,830686,976685,1081377,1108711,1060935,943924,781598,605400,444439,302226,176889,78506,18949
0,0,0,0,0,0,0,0,0,0,0,0,0,0,0,0,0,0,0,0,0,0,0,0,0,0,0,0,0,0,0,0,0,0,0,0,0,1,0,1,8,25,49,98,271,503,1121,2369,4883,9470,17621,32412,57298,96763,155316,241101,354761,496811,658504,829218,975653,1080233,1109837,1064002,947063,783675,608119,446680,303600,177984,78907,19052
0,0,0,0,0,0,0,0,0,0,0,0,0,0,0,0,0,0,0,0,0,0,0,0,0,0,0,0,0,0,0,0,0,0,0,0,0,1,0,4,5,21,49,95,253,531,1076,2321,4842,9326,17485,32074,56566,95690,153797,239277,353498,493070,656518,826470,974567,1079444,1111447,1066091,950583,785448,611369,448705,305428,178877,79329,19152
0,0,0,0,0,0,0,0,0,0,0,0,0,0,0,0,0,0,0,0,0,0,0,0,0,0,0,0,0,0,0,0,0,0,0,0,0,1,1,2,5,21,39,109,231,546,1098,2228,4737,9128,17336,31756,56076,94501,152811,237136,350826,490749,654327,824505,972999,1078996,1112731,1068782,952970,788372,613580,451122,306674,179755,79893,19366
0,0,0,0,0,0,0,0,0,0,0,0,0,0,0,0,0,0,0,0,0,0,0,0,0,0,0,0,0,0,0,0,0,0,0,0,0,2,0,0,8,14,49,95,236,517,1063,2220,4574,9146,17088,31456,55013,93764,151759,235283,347979,488498,652252,821442,972065,1078803,1114399,1070358,955288,792077,616402,452843,308006,180892,80289,19529
0,0,0,0,0,0,0,0,0,0,0,0,0,0,0,0,0,0,0,0,0,0,0,0,0,0,0,0,0,0,0,0,0,0,0,0,0,1,1,1,4,16,45,94,218,507,1074,2172,4439,8960,17043,30946,54478,92464,151097,233346,344995,486735,650003,819213,970384,1077971,1115365,1073521,957826,794987,619248,454434,309585,181949,80550,19737
0,0,0,0,0,0,0,0,0,0,0,0,0,0,0,0,0,0,0,0,0,0,0,0,0,0,0,0,0,0,0,0,0,0,0,0,1,1,0,0,6,15,37,95,224,487,1008,2181,4423,8876,16833,30403,53891,91875,149602,231179,343554,483534,647300,816769,970214,1075820,1118805,1073369,961117,798192,622096,456465,311395,182728,81047,19867
0,0,0,0,0,0,0,0,0,0,0,0,0,0,0,0,0,0,0,0,0,0,0,0,0,0,0,0,0,0,0,0,0,0,0,0,1,0,1,1,6,12,40,88,209,473,1035,2105,4351,8805,16554,30011,53434,90892,148157,229402,341151,481286,644859,814809,967735,1077798,1117018,1076723,963837,801713,624441,458275,312920,183761,81457,20049
0,0,0,0,0,0,0,0,0,0,0,0,0,0,0,0,0,0,0,0,0,0,0,0,0,0,0,0,0,0,0,0,0,0,0,0,1,1,0,1,4,16,35,85,196,501,1002,2128,4190,8670,16372,29570,52705,90047,147223,227270,339284,478561,642808,812085,967025,1077168,1117853,1078785,966194,805014,627268,460283,314195,184809,81929,20131
0,0,0,0,0,0,0,0,0,0,0,0,0,0,0,0,0,0,0,0,0,0,0,0,0,0,0,0,0,0,0,0,0,0,0,0,0,1,1,1,4,15,31,82,195,508,970,2064,4231,8467,16068,29413,52448,88996,145181,225889,336726,476606,640873,809826,964524,1077162,1118614,1081008,968675,808391,630124,462426,315486,185653,82478,20272
0,0,0,0,0,0,0,0,0,0,0,0,0,0,0,0,0,0,0,0,0,0,0,0,0,0,0,0,0,0,0,0,0,0,0,0,1,0,2,0,5,11,33,85,194,438,1064,1996,4102,8382,15772,29165,51773,88086,144237,224506,334174,473762,637737,807973,962873,1077633,1119285,1082670,971523,811388,632706,464838,316854,186856,83009,20276
0,0,0,0,0,0,0,0,0,0,0,0,0,0,0,0,0,0,0,0,0,0,0,0,0,0,0,0,0,0,0,0,0,0,0,0,1,1,0,1,3,13,35,79,186,447,1011,2030,4026,8231,15588,28572,51397,87255,142466,223552,331528,472227,634817,806587,961022,1076278,1119972,1085808,973444,813937,635623,467396,318191,187783,83507,20395
0,0,0,0,0,0,0,0,0,0,0,0,0,0,0,0,0,0,0,0,0,0,0,0,0,0,0,0,0,0,0,0,0,0,0,0,1,0,1,0,5,12,39,74,180,439,986,1979,4087,7960,15237,28595,50726,86409,141292,220958,329986,470294,631344,804757,959794,1076255,1120803,1086751,977605,816502,637814,469511,320041,188599,83927,20446
0,0,0,0,0,0,0,0,0,0,0,0,0,0,0,0,0,0,0,0,0,0,0,0,0,0,0,0,0,0,0,0,0,0,0,0,0,1,1,0,3,14,37,80,184,430,943,2006,3988,7803,15156,27939,50470,85497,140106,218798,328429,467614,628758,802442,959237,1074948,1122598,1087581,981209,819336,640504,470940,321836,189400,84543,20578
0,0,0,0,0,0,0,0,0,0,0,0,0,0,0,0,0,0,0,0,0,0,0,0,0,0,0,0,0,0,0,0,0,0,0,0,1,0,0,1,3,10,42,69,192,408,952,1959,3867,7823,14797,27663,49882,84808,138496,217486,326170,465374,626841,799662,957875,1075026,1122661,1089500,983676,823249,643208,471985,323391,190708,84914,20710
0,0,0,0,0,0,0,0,0,0,0,0,0,0,0,0,0,0,0,0,0,0,0,0,0,0,0,0,0,0,0,0,0,0,0,0,1,0,0,3,3,12,28,86,181,418,902,1970,3823,7711,14647,27219,49441,83730,137283,215725,324741,462688,624020,797779,956605,1073656,1124193,1091074,987166,826012,646277,473767,324597,191330,85465,20856
0,0,0,0,0,0,0,0,0,0,0,0,0,0,0,0,0,0,0,0,0,0,0,0,0,0,0,0,0,0,0,0,0,0,0,0,1,0,0,2,6,11,21,84,176,412,910,1881,3786,7637,14372,27210,48786,82831,136256,214244,321630,460674,622187,795143,955230,1072759,1124981,1093525,989921,828851,649213,475985,325357,192466,85934,20927
0,0,0,0,0,0,0,0,0,0,0,0,0,0,0,0,0,0,0,0,0,0,0,0,0,0,0,0,0,0,0,0,0,0,0,1,0,0,0,1,8,9,23,81,167,408,907,1846,3791,7365,14362,26802,48248,82007,135259,212431,319355,458054,620929,792320,952930,1073576,1124567,1096558,992047,831596,651491,478675,326681,193503,86343,21068
0,0,0,0,0,0,0,0,0,0,0,0,0,0,0,0,0,0,0,0,0,0,0,0,0,0,0,0,0,0,0,0,0,0,0,0,1,0,0,1,6,8,24,63,174,424,857,1810,3749,7237,14204,26631,47794,80828,134189,210440,317785,455490,617602,790642,951692,1071710,1127253,1098118,994248,834824,654107,481134,327980,194406,86743,21235
0,0,0,0,0,0,0,0,0,0,0,0,0,0,0,0,0,0,0,0,0,0,0,0,0,0,0,0,0,0,0,0,0,0,0,0,1,0,0,2,6,12,21,68,166,406,825,1796,3676,7076,14072,26318,47487,79893,132876,208754,315863,453406,614320,787976,951122,1071451,1127923,1100080,996728,837937,656529,483530,329124,195499,87104,21362
0,0,0,0,0,0,0,0,0,0,0,0,0,0,0,0,0,0,0,0,0,0,0,0,0,0,0,0,0,0,0,0,0,0,0,0,1,0,0,1,4,14,23,68,176,382,799,1809,3599,6980,13866,26118,46670,79602,131369,207020,313671,450665,611959,786253,948547,1072423,1127861,1102497,999687,840806,659022,485736,330216,196540,87633,21392
0,0,0,0,0,0,0,0,0,0,0,0,0,0,0,0,0,0,0,0,0,0,0,0,0,0,0,0,0,0,0,0,0,0,0,0,1,0,0,0,4,17,22,72,163,381,783,1767,3512,7041,13554,25876,46021,78828,130382,205722,311697,448100,609571,783354,947859,1071349,1128250,1104863,1002429,843136,661979,487392,332005,197752,88062,21465
0,0,0,0,0,0,0,0,0,0,0,0,0,0,0,0,0,0,0,0,0,0,0,0,0,0,0,0,0,0,0,0,0,0,0,0,1,0,0,0,5,14,28,68,171,360,798,1702,3507,6829,13565,25361,45591,78075,128935,204393,310016,445097,607907,781072,945926,1070551,1128388,1107603,1005054,846003,665292,488920,333561,198391,88549,21676
0,0,0,0,0,0,0,0,0,0,0,0,0,0,0,0,0,0,0,0,0,0,0,0,0,0,0,0,0,0,0,0,0,0,0,0,1,0,0,1,4,9,31,65,155,379,798,1670,3459,6835,13282,25126,44894,77609,127676,203255,307518,442848,604781,778885,945090,1069857,1128284,1109916,1008016,849321,667154,491575,334829,199261,89008,21817
0,0,0,0,0,0,0,0,0,0,0,0,0,0,0,0,0,0,0,0,0,0,0,0,0,0,0,0,0,0,0,0,0,0,0,0,1,0,0,3,1,13,28,56,168,351,781,1670,3361,6759,13063,24713,44551,76874,126509,202023,305035,441004,602336,776731,942655,1069648,1128482,1111901,1009790,853634,669991,493467,336291,200148,89420,21951
0,0,0,0,0,0,0,0,0,0,0,0,0,0,0,0,0,0,0,0,0,0,0,0,0,0,0,0,0,0,0,0,0,0,0,1,0,0,0,3,2,11,34,57,158,362,772,1626,3277,6677,12888,24408,43958,76044,125966,199977,303832,438081,599681,774754,940240,1069644,1128554,1113607,1012915,856869,672784,495724,337388,200828,90220,22067
0,0,0,0,0,0,0,0,0,0,0,0,0,0,0,0,0,0,0,0,0,0,0,0,0,0,0,0,0,0,0,0,0,0,0,1,0,0,0,2,5,9,29,77,149,335,769,1647,3260,6470,12734,23820,43901,75041,125145,198254,302386,434781,598335,772069,938171,1069010,1129559,1114955,1016621,858337,676455,497312,339239,201396,90846,22289
0,0,0,0,0,0,0,0,0,0,0,0,0,0,0,0,0,0,0,0,0,0,0,0,0,0,0,0,0,0,0,0,0,0,1,0,0,0,0,3,3,9,29,70,151,333,767,1560,3278,6376,12551,23645,43014,74247,124205,196982,299308,434254,594924,770494,936154,1068330,1130875,1115861,1018778,861423,678819,499924,341034,202299,91319,22389
0,0,0,0,0,0,0,0,0,0,0,0,0,0,0,0,0,0,0,0,0,0,0,0,0,0,0,0,0,0,0,0,0,0,0,1,0,0,0,4,3,12,27,56,152,322,751,1537,3203,6296,12584,23132,42569,73656,122745,195655,297788,431976,592202,768453,934651,1067060,1131900,1117348,1021880,864488,681508,501863,341962,203441,91728,22456
0,0,0,0,0,0,0,0,0,0,0,0,0,0,0,0,0,0,0,0,0,0,0,0,0,0,0,0,0,0,0,0,0,0,0,1,0,0,0,2,5,6,24,69,140,311,746,1476,3184,6237,12511,22955,42005,72880,121808,194159,295672,429882,590566,764619,933618,1065508,1132633,1120526,1024035,866746,684332,504239,343339,204430,92109,22636
0,0,0,0,0,0,0,0,0,0,0,0,0,0,0,0,0,0,0,0,0,0,0,0,0,0,0,0,0,0,0,0,0,0,0,0,1,0,1,2,3,7,27,55,149,330,697,1467,3119,6228,12329,22852,41135,72134,121086,192413,294320,426810,587962,762929,931172,1065171,1133892,1122106,1025908,869871,687658,506169,344662,205440,92461,22843
0,0,0,0,0,0,0,0,0,0,0,0,0,0,0,0,0,0,0,0,0,0,0,0,0,0,0,0,0,0,0,0,0,0,0,0,1,0,1,1,2,9,24,63,140,326,691,1409,3117,6074,12164,22605,40650,71396,120145,191614,291571,424374,585924,761090,929359,1064579,1134013,1123797,1028680,872113,690766,508615,345793,206424,92954,22925
0,0,0,0,0,0,0,0,0,0,0,0,0,0,0,0,0,0,0,0,0,0,0,0,0,0,0,0,0,0,0,0,0,0,0,0,1,0,1,0,4,9,17,58,150,313,666,1423,3020,6047,12023,22207,40522,70584,118764,190095,289771,422664,583867,758328,927617,1064117,1134111,1125228,1031680,875176,693143,510818,347135,207202,93593,23055
0,0,0,0,0,0,0,0,0,0,0,0,0,0,0,0,0,0,0,0,0,0,0,0,0,0,0,0,0,0,0,0,0,0,0,0,0,1,1,0,4,9,17,62,141,292,674,1416,2906,6032,11812,22023,40090,69868,117472,188626,288378,420035,581012,756780,926532,1062338,1134676,1127778,1033788,877380,696547,512453,349108,207900,94002,23256
0,0,0,0,0,0,0,0,0,0,0,0,0,0,0,0,0,0,0,0,0,0,0,0,0,0,0,0,0,0,0,0,0,0,0,0,0,2,0,2,1,10,16,61,118,300,671,1408,2877,5977,11667,21714,39490,69367,116383,186737,286553,418141,578932,754509,924526,1061413,1136166,1129005,1036333,880083,698739,514981,350761,208598,94442,23426
0,0,0,0,0,0,0,0,0,0,0,0,0,0,0,0,0,0,0,0,0,0,0,0,0,0,0,0,0,0,0,0,0,0,0,0,0,1,1,1,3,6,16,61,122,277,654,1406,2834,5941,11442,21462,39336,68610,115195,185413,284446,415978,576351,752093,923068,1061353,1135190,1132105,1037881,883556,701397,516830,352535,209372,94967,23506
0,0,0,0,0,0,0,0,0,0,0,0,0,0,0,0,0,0,0,0,0,0,0,0,0,0,0,0,0,0,0,0,0,0,0,0,0,0,2,2,3,4,17,62,112,289,652,1366,2785,5868,11287,21171,38941,68061,114247,183770,282838,413454,573647,749543,922168,1060362,1136537,1133433,1039578,886613,703824,519469,354124,210139,95431,23610
0,0,0,0,0,0,0,0,0,0,0,0,0,0,0,0,0,0,0,0,0,0,0,0,0,0,0,0,0,0,0,0,0,0,0,0,0,1,1,1,3,2,17,57,130,266,651,1351,2824,5660,11189,20948,38465,67327,113507,182112,280969,411312,572495,746577,919854,1060224,1136402,1135159,1041925,889685,706499,521384,355676,211170,95900,23666
0,0,0,0,0,0,0,0,0,0,0,0,0,0,0,0,0,0,0,0,0,0,0,0,0,0,0,0,0,0,0,0,0,0,0,0,0,1,2,1,0,6,13,58,120,246,667,1357,2730,5547,11046,20856,38026,66481,112516,181212,278763,409424,570033,744495,918067,1059013,1137028,1137081,1044017,892345,709079,523701,357213,211955,96490,23820
0,0,0,0,0,0,0,0,0,0,0,0,0,0,0,0,0,0,0,0,0,0,0,0,0,0,0,0,0,0,0,0,0,0,0,0,0,1,2,1,0,5,20,52,119,259,624,1327,2739,5453,10928,20774,37316,66035,111387,179986,276835,408193,566091,742275,917279,1057754,1137932,1138266,1046657,895685,711311,525618,358706,213106,96718,23955
0,0,0,0,0,0,0,0,0,0,0,0,0,0,0,0,0,0,0,0,0,0,0,0,0,0,0,0,0,0,0,0,0,0,0,0,0,0,3,1,1,3,18,47,124,264,609,1281,2751,5394,10615,20541,36900,65646,110450,178128,275284,406481,563083,740724,914728,1057171,1138973,1138291,1050410,897545,714762,527566,360282,214037,97197,24099
0,0,0,0,0,0,0,0,0,0,0,0,0,0,0,0,0,0,0,0,0,0,0,0,0,0,0,0,0,0,0,0,0,0,0,0,0,0,3,0,3,5,24,43,108,269,599,1240,2738,5323,10486,20253,36743,64820,109595,176891,273308,403901,561138,738385,912649,1057199,1138963,1140406,1052055,900723,716936,530441,360893,215469,97521,24279
0,0,0,0,0,0,0,0,0,0,0,0,0,0,0,0,0,0,0,0,0,0,0,0,0,0,0,0,0,0,0,0,0,0,0,0,0,0,1,2,3,7,24,43,96,255,574,1251,2592,5322,10450,19891,36475,64116,108259,175945,272136,400783,559748,735560,911158,1055874,1139346,1141146,1055044,903616,720046,532453,362749,215982,98011,24451
0,0,0,0,0,0,0,0,0,0,0,0,0,0,0,0,0,0,0,0,0,0,0,0,0,0,0,0,0,0,0,0,0,0,0,0,0,0,1,1,4,10,17,46,99,249,561,1276,2543,5303,10075,19664,36266,63198,107757,174682,269458,399460,557161,732863,910212,1054832,1138882,1143100,1057872,906681,722308,534915,363819,217056,98497,24541
0,0,0,0,0,0,0,0,0,0,0,0,0,0,0,0,0,0,0,0,0,0,0,0,0,0,0,0,0,0,0,0,0,0,0,0,0,0,0,2,4,5,25,43,90,247,575,1210,2578,5111,10058,19431,35771,62538,106869,172813,268731,396768,554911,731114,908623,1053222,1139571,1144310,1060239,909293,725284,537214,365292,217933,98879,24655
0,0,0,0,0,0,0,0,0,0,0,0,0,0,0,0,0,0,0,0,0,0,0,0,0,0,0,0,0,0,0,0,0,0,0,0,0,0,0,1,4,9,24,34,98,245,568,1211,2514,5030,10036,19233,35100,62248,105918,171281,267091,394689,552303,728388,907632,1052440,1140073,1145696,1061737,913105,727425,539448,367191,218496,99386,24755
0,0,0,0,0,0,0,0,0,0,0,0,0,0,0,0,0,0,0,0,0,0,0,0,0,0,0,0,0,0,0,0,0,0,0,0,0,0,0,1,5,10,16,40,92,242,553,1223,2454,5001,9896,18924,34854,61616,104893,170311,265261,392325,550157,726468,905024,1052264,1140135,1147274,1063034,916985,730008,541227,368817,219490,99825,24984
0,0,0,0,0,0,0,0,0,0,0,0,0,0,0,0,0,0,0,0,0,0,0,0,0,0,0,0,0,0,0,0,0,0,0,0,0,0,0,3,3,10,20,42,84,244,563,1156,2365,4996,9803,18765,34298,60936,104270,169196,263710,389897,547909,724341,903328,1050689,1141290,1148207,1066364,918568,732167,543620,370752,220235,100457,25121
0,0,0,0,0,0,0,0,0,0,0,0,0,0,0,0,0,0,0,0,0,0,0,0,0,0,0,0,0,0,0,0,0,0,0,0,0,0,0,3,3,8,23,37,100,262,521,1111,2358,4909,9618,18592,34113,60340,103254,167763,262469,388156,545146,721816,900656,1050791,1141528,1149423,1069024,920505,735145,546391,371851,221268,101005,25220
0,0,0,0,0,0,0,0,0,0,0,0,0,0,0,0,0,0,0,0,0,0,0,0,0,0,0,0,0,0,0,0,0,0,0,0,0,0,1,3,1,5,22,47,102,241,536,1077,2311,4885,9525,18299,33645,59867,102294,166374,260904,386244,542754,719409,899070,1050019,1142329,1150058,1071327,924040,736785,548492,373549,222409,101395,25390
0,0,0,0,0,0,0,0,0,0,0,0,0,0,0,0,0,0,0,0,0,0,0,0,0,0,0,0,0,0,0,0,0,0,0,0,0,0,1,2,2,3,27,47,103,254,510,1073,2255,4819,9444,17907,33367,59288,101513,165278,259263,384040,540580,717703,897028,1047732,1143180,1151428,1073679,927050,739133,551018,374889,223628,101608,25557
0,0,0,0,0,0,0,0,0,0,0,0,0,0,0,0,0,0,0,0,0,0,0,0,0,0,0,0,0,0,0,0,0,0,0,0,0,0,1,0,4,4,25,48,109,223,513,1092,2210,4684,9263,17902,32898,58776,100560,164377,257269,382190,538325,715801,895003,1046747,1142665,1153380,1076748,929078,741865,552514,376755,224438,102250,25692
0,0,0,0,0,0,0,0,0,0,0,0,0,0,0,0,0,0,0,0,0,0,0,0,0,0,0,0,0,0,0,0,0,0,0,0,0,0,0,2,2,7,26,42,101,214,518,1088,2156,4580,9211,17728,32429,58205,99954,163153,255302,380171,536028,714617,892268,1045516,1143412,1153648,1080225,931803,744304,554382,378663,225014,102886,25754
0,0,0,0,0,0,0,0,0,0,0,0,0,0,0,0,0,0,0,0,0,0,0,0,0,0,0,0,0,0,0,0,0,0,0,0,0,0,0,0,5,7,17,48,96,211,509,1047,2177,4531,9113,17285,32356,57299,99194,162128,253643,378359,534638,711742,889537,1045448,1142708,1155280,1082588,935053,746098,556968,379931,226162,103306,25925
0,0,0,0,0,0,0,0,0,0,0,0,0,0,0,0,0,0,0,0,0,0,0,0,0,0,0,0,0,0,0,0,0,0,0,0,0,0,0,0,2,9,19,41,98,214,488,1074,2124,4468,8967,17135,32006,56977,98001,161076,251876,376868,532093,708639,889258,1044301,1142773,1155910,1085512,936969,749455,558900,381145,227185,103615,26211
0,0,0,0,0,0,0,0,0,0,0,0,0,0,0,0,0,0,0,0,0,0,0,0,0,0,0,0,0,0,0,0,0,0,0,0,0,0,0,0,2,11,13,43,96,201,474,1030,2188,4344,8807,17014,31555,56348,97150,159848,251150,373960,530336,706560,887300,1043626,1142828,1156974,1086132,941162,752392,560828,382337,228288,104133,26279
0,0,0,0,0,0,0,0,0,0,0,0,0,0,0,0,0,0,0,0,0,0,0,0,0,0,0,0,0,0,0,0,0,0,0,0,0,0,0,0,2,6,17,37,85,230,447,1050,2090,4297,8770,16770,31322,55560,96480,158884,249847,372152,527480,704254,885661,1042462,1143256,1158110,1087907,943881,755537,562275,384195,229412,104498,26435
0,0,0,0,0,0,0,0,0,0,0,0,0,0,0,0,0,0,0,0,0,0,0,0,0,0,0,0,0,0,0,0,0,0,0,0,0,0,0,1,2,4,13,40,83,233,450,1000,2097,4200,8640,16595,30913,55413,95236,157772,248309,369770,525591,702514,883264,1041567,1143877,1158379,1091104,946575,758169,564049,385709,230304,104862,26674
0,0,0,0,0,0,0,0,0,0,0,0,0,0,0,0,0,0,0,0,0,0,0,0,0,0,0,0,0,0,0,0,0,0,0,0,0,0,0,1,2,4,15,28,92,210,443,979,2021,4255,8536,16437,30576,54758,94669,156945,246250,367841,523657,700243,880634,1040810,1144090,1160611,1092410,948934,761035,565840,387248,231537,105455,26843
0,0,0,0,0,0,0,0,0,0,0,0,0,0,0,0,0,0,0,0,0,0,0,0,0,0,0,0,0,0,0,0,0,0,0,0,0,0,0,0,4,2,16,33,90,186,449,965,1997,4198,8350,16360,30312,54026,94019,155882,244534,366124,521211,697151,879883,1039266,1143104,1163526,1094742,950865,763529,568062,388714,232826,106008,26975
0,0,0,0,0,0,0,0,0,0,0,0,0,0,0,0,0,0,0,0,0,0,0,0,0,0,0,0,0,0,0,0,0,0,0,0,0,0,0,1,2,4,13,29,93,184,418,972,1972,4119,8306,16008,30215,53639,92938,154747,243330,363797,518859,695404,877317,1038287,1142931,1165442,1097259,953300,766019,570332,389960,234026,106443,27043
0,0,0,0,0,0,0,0,0,0,0,0,0,0,0,0,0,0,0,0,0,0,0,0,0,0,0,0,0,0,0,0,0,0,0,0,0,0,1,1,1,4,8,31,86,180,419,938,1952,4025,8191,15811,29925,53304,92122,153157,241547,362858,517034,691998,875797,1037673,1141761,1166765,1099737,957063,767639,572240,391837,235168,106962,27174
0,0,0,0,0,0,0,0,0,0,0,0,0,0,0,0,0,0,0,0,0,0,0,0,0,0,0,0,0,0,0,0,0,0,0,0,0,0,0,3,1,4,8,29,96,158,413,889,1938,3983,8079,15746,29623,52729,91493,151727,240562,360840,514613,689587,873901,1036724,1141325,1168668,1101998,958820,770121,574708,393803,235930,107531,27359
0,0,0,0,0,0,0,0,0,0,0,0,0,0,0,0,0,0,0,0,0,0,0,0,0,0,0,0,0,0,0,0,0,0,0,0,0,0,2,0,2,6,7,31,91,184,354,922,1845,3938,7984,15720,28995,52661,91028,150115,239103,358732,512810,687402,872306,1036017,1140670,1169529,1103406,961987,772062,577441,395572,236834,108094,27559
0,0,0,0,0,0,0,0,0,0,0,0,0,0,0,0,0,0,0,0,0,0,0,0,0,0,0,0,0,0,0,0,0,0,0,0,0,1,1,0,1,7,8,32,91,170,361,873,1954,3816,7855,15577,28694,52364,89907,149126,237733,356908,510284,684929,871047,1034444,1140831,1170700,1105708,964108,774787,579255,397785,237654,108716,27682
0,0,0,0,0,0,0,0,0,0,0,0,0,0,0,0,0,0,0,0,0,0,0,0,0,0,0,0,0,0,0,0,0,0,0,0,1,0,1,0,3,5,12,30,86,170,348,872,1945,3794,7743,15320,28531,51757,89250,148095,236418,354813,507523,683687,868554,1033831,1140919,1171455,1108452,965198,778061,581395,398788,239111,109346,27895
0,0,0,0,0,0,0,0,0,0,0,0,0,0,0,0,0,0,0,0,0,0,0,0,0,0,0,0,0,0,0,0,0,0,0,0,1,0,0,1,2,7,11,33,75,175,366,839,1882,3779,7552,15230,28291,51258,88483,147567,234664,353199,505011,681667,866503,1031867,1141743,1171525,1111316,967773,780653,583625,400284,240022,109964,28041
0,0,0,0,0,0,0,0,0,0,0,0,0,0,0,0,0,0,0,0,0,0,0,0,0,0,0,0,0,0,0,0,0,0,0,1,0,0,1,0,0,6,12,28,70,169,364,846,1873,3695,7529,14932,28169,50671,88033,146258,232996,351288,503040,679617,864775,1030479,1141879,1172639,1113147,970151,782802,586545,401642,240675,110953,28124
0,0,0,0,0,0,0,0,0,0,0,0,0,0,0,0,0,0,0,0,0,0,0,0,0,0,0,0,0,0,0,0,0,0,1,0,0,0,1,0,0,3,13,30,63,176,395,806,1793,3659,7535,14648,27861,50373,86911,145383,231208,349962,500182,678023,863218,1028810,1142026,1174328,1113990,973106,785705,588269,403546,241670,111273,28442
0,0,0,0,0,0,0,0,0,0,0,0,0,0,0,0,0,0,0,0,0,0,0,0,0,0,0,0,0,0,0,0,0,0,1,0,0,1,0,0,0,4,14,22,68,182,386,816,1704,3652,7381,14574,27508,49908,86165,144199,229992,347993,498078,676113,860897,1027068,1142757,1174879,1116097,976000,788083,590980,404771,242645,111799,28672
0,0,0,0,0,0,0,0,0,0,0,0,0,0,0,0,0,0,0,0,0,0,0,0,0,0,0,0,0,0,0,0,0,0,1,0,0,0,1,0,3,5,7,27,79,165,381,792,1722,3608,7319,14345,27191,49539,85499,142779,228492,346394,495582,673934,859763,1025710,1142583,1175687,1118326,978978,790249,592924,406576,243364,112628,28756
0,0,0,0,0,0,0,0,0,0,0,0,0,0,0,0,0,0,0,0,0,0,0,0,0,0,0,0,0,0,0,0,0,0,1,0,0,0,1,0,2,3,11,29,77,152,383,791,1693,3617,7131,14352,26734,49159,84557,142126,226953,344474,493604,671405,858068,1025056,1142522,1175977,1119509,982890,792047,595790,407095,245107,113148,28945
0,0,0,0,0,0,0,0,0,0,0,0,0,0,0,0,0,0,0,0,0,0,0,0,0,0,0,0,0,0,0,0,0,0,0,1,0,1,0,0,2,3,8,37,65,149,366,772,1664,3636,7098,14100,26455,48451,83774,141879,225316,342390,492084,669631,855430,1024123,1141598,1177295,1121984,984579,795340,597366,408696,246289,113748,29079
0,0,0,0,0,0,0,0,0,0,0,0,0,0,0,0,0,0,0,0,0,0,0,0,0,0,0,0,0,0,0,0,0,0,0,0,1,1,0,0,4,0,12,28,74,141,345,775,1654,3507,7061,13976,26308,47732,83498,140408,224057,339983,490506,667448,853034,1022846,1142539,1178648,1123630,987024,797757,599153,410550,247112,114327,29270
0,0,0,0,0,0,0,0,0,0,0,0,0,0,0,0,0,0,0,0,0,0,0,0,0,0,0,0,0,0,0,0,0,0,0,0,1,1,0,0,3,3,10,32,67,140,333,783,1634,3491,6952,13741,26160,47249,82814,139448,222189,339129,488203,664759,851265,1021676,1141697,1181031,1124931,989435,800226,601694,411904,247960,114924,29524
0,0,0,0,0,0,0,0,0,0,0,0,0,0,0,0,0,0,0,0,0,0,0,0,0,0,0,0,0,0,0,0,0,0,0,0,1,0,1,0,2,5,10,24,68,152,335,745,1658,3400,6876,13591,25728,46979,82126,138215,221468,336100,487280,661504,851248,1019718,1141306,1181537,1127263,991657,801880,604714,413844,248869,115480,29625
0,0,0,0,0,0,0,0,0,0,0,0,0,0,0,0,0,0,0,0,0,0,0,0,0,0,0,0,0,0,0,0,0,0,0,0,1,0,1,0,1,6,10,25,66,133,346,695,1654,3337,6871,13440,25417,46495,81871,137010,220161,333754,486101,659376,848695,1018502,1140994,1182374,1129312,993899,804922,606799,415234,250103,116051,29753
0,0,0,0,0,0,0,0,0,0,0,0,0,0,0,0,0,0,0,0,0,0,0,0,0,0,0,0,0,0,0,0,0,0,0,0,1,0,0,1,2,5,12,28,60,121,334,692,1610,3402,6687,13245,25385,45968,81447,135951,218559,332659,482468,658032,846658,1018531,1139204,1183738,1131452,995441,808047,609028,417192,250967,116556,29926
0,0,0,0,0,0,0,0,0,0,0,0,0,0,0,0,0,0,0,0,0,0,0,0,0,0,0,0,0,0,0,0,0,0,0,0,1,0,0,1,1,6,11,26,55,121,308,698,1607,3327,6660,13149,24970,45921,80445,134809,217087,331603,480091,656055,844949,1017213,1139052,1184363,1133321,997894,811326,610521,418515,252225,116992,30086
0,0,0,0,0,0,0,0,0,0,0,0,0,0,0,0,0,0,0,0,0,0,0,0,0,0,0,0,0,0,0,0,0,0,0,0,0,1,0,0,5,1,17,24,57,119,296,701,1605,3250,6549,13141,24768,45340,79597,134187,215539,329734,477999,653965,843442,1015718,1139808,1184750,1134786,1000365,814147,611964,420639,253140,117549,30206
0,0,0,0,0,0,0,0,0,0,0,0,0,0,0,0,0,0,0,0,0,0,0,0,0,0,0,0,0,0,0,0,0,0,0,0,0,1,0,0,4,3,10,31,66,109,281,728,1525,3198,6545,12845,24799,44608,79466,132820,213842,328208,475448,652673,841284,1015488,1138288,1185229,1137958,1002155,817445,613229,422140,254471,118078,30434
0,0,0,0,0,0,0,0,0,0,0,0,0,0,0,0,0,0,0,0,0,0,0,0,0,0,0,0,0,0,0,0,0,0,0,0,0,1,0,0,4,6,10,24,70,104,273,704,1531,3187,6405,12819,24433,44575,78484,132191,212045,326627,473173,651161,838714,1014835,1137796,1186214,1138946,1006225,818636,615246,424316,255615,118409,30630
0,0,0,0,0,0,0,0,0,0,0,0,0,0,0,0,0,0,0,0,0,0,0,0,0,0,0,0,0,0,0,0,0,0,0,0,1,0,0,0,4,5,11,21,66,111,270,660,1509,3107,6372,12744,24015,44522,77712,130932,211102,324979,471816,648791,836623,1012670,1138532,1186484,1141389,1008060,821473,617082,425999,256598,118951,30798
0,0,0,0,0,0,0,0,0,0,0,0,0,0,0,0,0,0,0,0,0,0,0,0,0,0,0,0,0,0,0,0,0,0,0,0,0,1,0,0,3,7,9,19,63,131,259,650,1457,3066,6320,12512,23730,44261,77076,129908,209831,322902,470679,646626,834888,1010305,1139064,1186577,1143841,1010990,822554,619882,427644,257717,119488,30949
0,0,0,0,0,0,0,0,0,0,0,0,0,0,0,0,0,0,0,0,0,0,0,0,0,0,0,0,0,0,0,0,0,0,0,0,0,1,0,1,0,5,15,17,51,119,273,653,1401,3049,6262,12365,23572,43672,76575,129124,208938,320619,468476,644611,832561,1009911,1138339,1188419,1144737,1013124,825223,621738,429823,258463,120088,31184
0,0,0,0,0,0,0,0,0,0,0,0,0,0,0,0,0,0,0,0,0,0,0,0,0,0,0,0,0,0,0,0,0,0,0,0,0,0,1,1,0,5,15,20,47,101,267,680,1418,2979,6155,12155,23259,43521,75860,128501,207354,318897,466618,642600,830346,1009170,1138131,1188315,1147546,1015316,827257,624076,431446,259544,120428,31380
0,0,0,0,0,0,0,0,0,0,0,0,0,0,0,0,0,0,0,0,0,0,0,0,0,0,0,0,0,0,0,0,0,0,0,0,0,0,1,0,3,4,12,14,53,111,257,645,1455,2879,6113,11998,23235,42738,75526,127205,206710,316630,464674,640864,828493,1008510,1136482,1189901,1148531,1017394,830694,626167,433129,260380,121128,31473
0,0,0,0,0,0,0,0,0,0,0,0,0,0,0,0,0,0,0,0,0,0,0,0,0,0,0,0,0,0,0,0,0,0,0,0,0,0,1,1,1,2,14,16,48,118,263,606,1477,2829,6060,11868,22991,42313,74486,126836,205193,315377,462701,638460,826656,1006568,1137016,1190619,1150169,1020074,832377,628971,434408,261389,121931,31570
0,0,0,0,0,0,0,0,0,0,0,0,0,0,0,0,0,0,0,0,0,0,0,0,0,0,0,0,0,0,0,0,0,0,0,0,0,0,0,2,1,3,11,20,45,122,282,582,1412,2879,6044,11627,22865,41757,74097,126009,203644,313947,461083,635929,825594,1004498,1135355,1192688,1152023,1021846,834993,631140,435890,262684,122533,31804
0,0,0,0,0,0,0,0,0,0,0,0,0,0,0,0,0,0,0,0,0,0,0,0,0,0,0,0,0,0,0,0,0,0,0,0,0,0,0,0,2,3,12,25,37,130,274,597,1311,2911,6013,11499,22527,41217,73523,125624,202261,312464,458479,634397,822876,1003617,1134754,1193838,1154182,1023789,837552,632964,437420,264089,123053,31969
0,0,0,0,0,0,0,0,0,0,0,0,0,0,0,0,0,0,0,0,0,0,0,0,0,0,0,0,0,0,0,0,0,0,0,0,0,0,0,1,1,6,7,27,47,112,269,597,1317,2861,5829,11453,22230,40789,73513,124317,200857,310940,456905,631558,821999,1002236,1134373,1194155,1156250,1025878,840393,634795,439500,264572,123357,32265
0,0,0,0,0,0,0,0,0,0,0,0,0,0,0,0,0,0,0,0,0,0,0,0,0,0,0,0,0,0,0,0,0,0,0,0,0,0,0,0,3,5,12,22,42,121,252,572,1327,2812,5693,11373,21979,40706,72661,123252,199816,309686,454861,629119,820798,1000322,1134940,1194201,1157469,1028431,842777,637320,440688,265818,123865,32466
0,0,0,0,0,0,0,0,0,0,0,0,0,0,0,0,0,0,0,0,0,0,0,0,0,0,0,0,0,0,0,0,0,0,0,0,0,0,0,1,4,2,14,15,56,98,238,593,1300,2783,5625,11280,21908,40164,71810,122797,198313,308235,453092,627348,818752,999607,1134362,1194149,1158987,1031149,845421,638949,442866,266291,124562,32638
0,0,0,0,0,0,0,0,0,0,0,0,0,0,0,0,0,0,0,0,0,0,0,0,0,0,0,0,0,0,0,0,0,0,0,0,0,0,1,0,2,3,11,20,48,105,246,594,1278,2679,5514,11323,21506,39788,71442,121916,197642,306229,450674,625884,816698,998084,1134408,1194601,1160553,1033683,847436,641428,444318,267185,125296,32814
0,0,0,0,0,0,0,0,0,0,0,0,0,0,0,0,0,0,0,0,0,0,0,0,0,0,0,0,0,0,0,0,0,0,0,0,0,0,0,2,2,2,9,17,48,90,253,575,1285,2625,5489,11119,21618,39401,70772,121054,196515,304475,448764,624135,815318,996094,1134205,1195919,1161119,1036037,849598,644025,445931,268140,125813,32960
0,0,0,0,0,0,0,0,0,0,0,0,0,0,0,0,0,0,0,0,0,0,0,0,0,0,0,0,0,0,0,0,0,0,0,0,0,0,1,1,1,4,7,19,52,87,233,574,1251,2588,5507,11060,21119,39367,70316,120131,195130,303182,446696,622722,812535,995448,1133097,1195905,1163796,1037745,852715,645934,447100,269685,126259,33142
0,0,0,0,0,0,0,0,0,0,0,0,0,0,0,0,0,0,0,0,0,0,0,0,0,0,0,0,0,0,0,0,0,0,0,0,0,0,1,1,1,2,8,17,39,95,222,556,1249,2543,5448,10931,20982,39008,69760,119185,193948,301969,444903,620328,811562,994260,1131854,1196074,1166160,1039960,854703,648041,448541,270872,126932,33254
0,0,0,0,0,0,0,0,0,0,0,0,0,0,0,0,0,0,0,0,0,0,0,0,0,0,0,0,0,0,0,0,0,0,0,0,0,0,0,1,1,2,10,14,45,89,218,559,1183,2564,5319,10781,20860,38705,69121,118331,192768,300807,442998,617672,810292,993101,1131021,1197185,1167174,1042049,858175,649486,450190,271721,127498,33469
0,0,0,0,0,0,0,0,0,0,0,0,0,0,0,0,0,0,0,0,0,0,0,0,0,0,0,0,0,0,0,0,0,0,0,0,0,0,0,1,0,4,7,13,37,102,229,522,1171,2547,5283,10717,20606,38359,68625,117553,192140,298120,441569,615728,808779,991253,1131189,1197915,1168271,1044742,859866,651797,451843,272637,128212,33572
0,0,0,0,0,0,0,0,0,0,0,0,0,0,0,0,0,0,0,0,0,0,0,0,0,0,0,0,0,0,0,0,0,0,0,0,0,0,0,0,1,4,2,21,39,101,224,508,1171,2493,5227,10678,20359,38144,68211,116813,190578,296404,440526,613921,806294,990311,1131166,1197109,1170424,1046976,862430,653945,453012,273814,128788,33715
0,0,0,0,0,0,0,0,0,0,0,0,0,0,0,0,0,0,0,0,0,0,0,0,0,0,0,0,0,0,0,0,0,0,0,0,0,0,0,0,1,1,5,14,43,96,222,502,1117,2490,5200,10575,20340,37693,67510,115982,189488,294829,438618,611730,805340,988595,1130596,1198550,1170476,1049244,865466,655954,454536,275020,129158,34018
0,0,0,0,0,0,0,0,0,0,0,0,0,0,0,0,0,0,0,0,0,0,0,0,0,0,0,0,0,0,0,0,0,0,0,0,0,0,0,0,1,1,3,13,41,97,224,470,1177,2399,5219,10376,20191,37387,66741,115323,188420,293469,436324,610423,803155,987049,1130417,1199757,1171161,1051842,867868,658153,455389,276547,129572,34200
0,0,0,0,0,0,0,0,0,0,0,0,0,0,0,0,0,0,0,0,0,0,0,0,0,0,0,0,0,0,0,0,0,0,0,0,0,0,0,0,1,0,6,14,33,104,198,506,1123,2401,5133,10324,19824,37032,66835,114187,187019,292462,434841,608369,800376,985602,1130937,1200642,1172615,1053606,869697,660488,457170,277360,130164,34340
0,0,0,0,0,0,0,0,0,0,0,0,0,0,0,0,0,0,0,0,0,0,0,0,0,0,0,0,0,0,0,0,0,0,0,0,0,0,0,1,0,0,7,14,32,93,201,480,1130,2381,5067,10201,19544,36870,66358,113182,186306,290718,433169,606665,798612,984394,1129725,1200861,1174240,1055606,872173,663306,458190,278708,130634,34541
0,0,0,0,0,0,0,0,0,0,0,0,0,0,0,0,0,0,0,0,0,0,0,0,0,0,0,0,0,0,0,0,0,0,0,0,0,0,0,0,1,1,4,16,30,92,203,459,1100,2406,4943,10139,19405,36670,65655,112523,185225,289363,431872,603097,798455,982021,1129030,1201471,1176659,1057877,874175,664794,459999,280090,130921,34713
0,0,0,0,0,0,0,0,0,0,0,0,0,0,0,0,0,0,0,0,0,0,0,0,0,0,0,0,0,0,0,0,0,0,0,0,0,0,0,0,0,1,5,15,38,83,183,477,1067,2304,5001,9795,19453,36572,65060,111597,184446,288012,429279,602382,796182,981719,1126765,1202637,1177813,1061021,876027,666152,461977,281081,131339,34926
0,0,0,0,0,0,0,0,0,0,0,0,0,0,0,0,0,0,0,0,0,0,0,0,0,0,0,0,0,0,0,0,0,0,0,0,0,0,0,0,0,0,8,13,38,80,189,436,1043,2317,4918,9728,19223,36289,64390,111304,182503,287333,427178,601125,793367,981009,1126990,1202007,1179589,1063085,878591,668034,463504,282112,131929,35077
0,0,0,0,0,0,0,0,0,0,0,0,0,0,0,0,0,0,0,0,0,0,0,0,0,0,0,0,0,0,0,0,0,0,0,0,0,0,0,0,0,1,7,14,36,76,185,435,1009,2319,4858,9644,19080,35899,63835,110328,181853,285597,425838,598975,792359,978201,1127522,1202299,1181130,1064635,881102,670278,465005,283013,132635,35241
0,0,0,0,0,0,0,0,0,0,0,0,0,0,0,0,0,0,0,0,0,0,0,0,0,0,0,0,0,0,0,0,0,0,0,0,0,0,0,0,0,0,9,18,28,76,199,428,1004,2253,4790,9595,18845,35484,63297,109939,180658,284007,424244,596971,789625,978016,1127706,1202568,1182279,1066727,883430,671977,466373,284506,132838,35519
0,0,0,0,0,0,0,0,0,0,0,0,0,0,0,0,0,0,0,0,0,0,0,0,0,0,0,0,0,0,0,0,0,0,0,0,0,0,0,0,0,1,11,11,29,80,189,431,1000,2225,4759,9465,18672,35160,62770,109315,179255,283090,422036,595586,787689,977252,1126370,1203314,1182770,1069356,885669,674360,467786,285524,133689,35545
0,0,0,0,0,0,0,0,0,0,0,0,0,0,0,0,0,0,0,0,0,0,0,0,0,0,0,0,0,0,0,0,0,0,0,0,0,0,0,0,0,2,8,11,28,76,184,447,975,2193,4697,9422,18462,34849,62223,108498,178377,281937,420657,592539,786495,975461,1126594,1203101,1184255,1071356,888453,676019,469344,286908,133931,35907
0,0,0,0,0,0,0,0,0,0,0,0,0,0,0,0,0,0,0,0,0,0,0,0,0,0,0,0,0,0,0,0,0,0,0,0,0,0,0,0,0,1,7,15,23,85,171,445,981,2097,4713,9389,18206,34454,61693,107835,177375,281166,418021,591204,784551,974364,1125010,1203350,1185697,1074832,890528,677870,470829,287728,134609,36160
0,0,0,0,0,0,0,0,0,0,0,0,0,0,0,0,0,0,0,0,0,0,0,0,0,0,0,0,0,0,0,0,0,0,0,0,0,0,0,0,0,0,7,13,25,77,165,436,978,2116,4649,9249,18116,33948,61594,106659,176810,279518,416759,588215,782834,973891,1124704,1203090,1187276,1077357,892720,679755,472350,288847,134927,36324
0,0,0,0,0,0,0,0,0,0,0,0,0,0,0,0,0,0,0,0,0,0,0,0,0,0,0,0,0,0,0,0,0,0,0,0,0,0,0,0,0,0,2,16,22,70,168,433,1001,2083,4541,9165,17900,33678,60935,106282,175698,277526,414974,587175,781631,971502,1124189,1204156,1188823,1078788,895113,682186,473427,289864,135652,36409
0,0,0,0,0,0,0,0,0,0,0,0,0,0,0,0,0,0,0,0,0,0,0,0,0,0,0,0,0,0,0,0,0,0,0,0,0,0,0,0,0,0,3,12,26,70,191,408,965,2102,4490,8978,17754,33284,60675,105647,174679,275960,413133,586039,779874,970494,1122430,1204675,1190725,1080795,897000,684387,475025,290974,136089,36525
0,0,0,0,0,0,0,0,0,0,0,0,0,0,0,0,0,0,0,0,0,0,0,0,0,0,0,0,0,0,0,0,0,0,0,0,0,0,0,0,0,1,1,15,22,77,179,403,933,2116,4403,8852,17660,32961,60296,105072,173435,274626,411888,583889,778214,969261,1121945,1205253,1191874,1082679,899248,686015,476726,292077,136720,36568
0,0,0,0,0,0,0,0,0,0,0,0,0,0,0,0,0,0,0,0,0,0,0,0,0,0,0,0,0,0,0,0,0,0,0,0,0,0,0,0,0,1,2,15,26,69,168,432,961,2015,4404,8714,17505,32711,59992,104184,172636,273188,410348,582106,776330,968197,1121708,1205440,1192473,1084968,901322,687559,479243,292516,137425,36751
0,0,0,0,0,0,0,0,0,0,0,0,0,0,0,0,0,0,0,0,0,0,0,0,0,0,0,0,0,0,0,0,0,0,0,0,0,0,0,0,1,0,3,17,21,69,177,432,907,2057,4257,8673,17402,32638,59522,103501,171655,270870,409554,580211,774094,966706,1121915,1205277,1195225,1086096,902952,690116,480881,293306,137969,36905
0,0,0,0,0,0,0,0,0,0,0,0,0,0,0,0,0,0,0,0,0,0,0,0,0,0,0,0,0,0,0,0,0,0,0,0,0,0,0,0,1,0,6,10,25,74,172,438,898,1960,4219,8596,17186,32182,59299,103075,170622,269756,407394,577660,773806,964687,1121709,1204826,1197944,1087240,905130,692253,482297,294536,138293,37115
0,0,0,0,0,0,0,0,0,0,0,0,0,0,0,0,0,0,0,0,0,0,0,0,0,0,0,0,0,0,0,0,0,0,0,0,0,0,0,0,1,2,2,15,22,79,171,416,884,1956,4118,8589,17020,32243,58401,102751,169062,268823,405747,576325,770456,963955,1122022,1204501,1200121,1088499,907239,694197,483967,295718,138800,37307
0,0,0,0,0,0,0,0,0,0,0,0,0,0,0,0,0,0,0,0,0,0,0,0,0,0,0,0,0,0,0,0,0,0,0,0,0,0,0,0,1,1,5,11,31,67,181,385,852,1939,4142,8415,16985,31879,58185,101606,168513,267663,403873,575013,767919,963337,1121557,1204995,1200225,1091204,909927,695528,485835,296344,139401,37390
0,0,0,0,0,0,0,0,0,0,0,0,0,0,0,0,0,0,0,0,0,0,0,0,0,0,0,0,0,0,0,0,0,0,0,0,0,0,0,0,0,1,6,8,27,79,174,382,871,1886,4045,8491,16681,31620,57911,100808,167218,266450,402825,572523,766501,962690,1120767,1205228,1200497,1094160,912212,697722,487093,296960,140087,37486
0,0,0,0,0,0,0,0,0,0,0,0,0,0,0,0,0,0,0,0,0,0,0,0,0,0,0,0,0,0,0,0,0,0,0,0,0,0,0,0,0,1,6,9,29,76,173,384,831,1906,3943,8415,16543,31326,57634,100010,166604,264913,401100,570757,765790,960240,1119915,1206580,1200902,1096340,914064,700021,488669,297938,140716,37574
0,0,0,0,0,0,0,0,0,0,0,0,0,0,0,0,0,0,0,0,0,0,0,0,0,0,0,0,0,0,0,0,0,0,0,0,0,0,0,0,0,3,5,9,24,72,173,384,839,1877,3879,8299,16374,31206,57121,99367,165698,263732,399473,569011,764296,958554,1118564,1207451,1201658,1098767,916572,702185,489838,299017,141244,37717
0,0,0,0,0,0,0,0,0,0,0,0,0,0,0,0,0,0,0,0,0,0,0,0,0,0,0,0,0,0,0,0,0,0,0,0,0,0,0,0,0,3,7,5,33,66,158,396,832,1849,3928,8144,16300,31060,56304,98915,164723,262920,397116,567737,761813,957293,1117952,1208513,1202690,1100534,918365,704889,491517,299683,141821,37843
0,0,0,0,0,0,0,0,0,0,0,0,0,0,0,0,0,0,0,0,0,0,0,0,0,0,0,0,0,0,0,0,0,0,0,0,0,0,0,0,1,2,5,9,24,70,171,366,838,1818,3955,7925,16194,30650,56034,97986,164019,261864,395218,566038,760385,956361,1116762,1208025,1204355,1102927,920062,707836,492518,300701,142251,38039
0,0,0,0,0,0,0,0,0,0,0,0,0,0,0,0,0,0,0,0,0,0,0,0,0,0,0,0,0,0,0,0,0,0,0,0,0,0,0,0,1,1,4,13,27,66,161,359,834,1777,3836,7940,15954,30478,55646,97311,163640,260025,394068,563446,758493,955429,1115459,1208864,1206396,1104166,922700,709887,493725,301955,142514,38234
0,0,0,0,0,0,0,0,0,0,0,0,0,0,0,0,0,0,0,0,0,0,0,0,0,0,0,0,0,0,0,0,0,0,0,0,0,0,0,0,0,2,4,12,28,64,163,364,811,1697,3890,7952,15751,29947,55400,96705,162563,259436,391757,562099,757216,953390,1115192,1208121,1208355,1105701,925015,712044,495506,302882,142952,38390
0,0,0,0,0,0,0,0,0,0,0,0,0,0,0,0,0,0,0,0,0,0,0,0,0,0,0,0,0,0,0,0,0,0,0,0,0,0,0,0,0,1,4,12,26,63,161,357,811,1675,3734,8057,15640,29593,55031,96323,161483,258190,390257,560464,755015,951561,1114373,1209962,1208851,1107379,927134,714480,497016,303637,143549,38570
0,0,0,0,0,0,0,0,0,0,0,0,0,0,0,0,0,0,0,0,0,0,0,0,0,0,0,0,0,0,0,0,0,0,0,0,0,0,0,0,0,1,4,13,19,77,142,362,830,1659,3690,7895,15536,29319,54571,95901,160514,257195,388821,558757,753116,949119,1115059,1209470,1210542,1109567,929266,715781,498634,304660,144260,38629
0,0,0,0,0,0,0,0,0,0,0,0,0,0,0,0,0,0,0,0,0,0,0,0,0,0,0,0,0,0,0,0,0,0,0,0,0,0,0,0,0,2,5,8,26,70,129,383,784,1704,3634,7755,15574,29018,54025,95310,159906,255596,387263,557103,751275,948230,1113365,1210872,1211670,1111291,931704,717467,500165,305407,144867,38801
0,0,0,0,0,0,0,0,0,0,0,0,0,0,0,0,0,0,0,0,0,0,0,0,0,0,0,0,0,0,0,0,0,0,0,0,0,0,0,0,0,3,4,6,26,62,138,363,801,1657,3664,7671,15381,28783,53675,94741,158914,253820,387045,554026,750275,947356,1113014,1210250,1213269,1113169,933462,719134,502236,306030,145502,38932
0,0,0,0,0,0,0,0,0,0,0,0,0,0,0,0,0,0,0,0,0,0,0,0,0,0,0,0,0,0,0,0,0,0,0,0,0,0,0,0,0,3,3,5,24,69,129,321,803,1656,3661,7592,15157,28727,53299,94057,157759,253132,384825,553428,747503,946631,1111807,1210056,1214448,1115789,935941,721274,503101,307289,145729,39191
0,0,0,0,0,0,0,0,0,0,0,0,0,0,0,0,0,0,0,0,0,0,0,0,0,0,0,0,0,0,0,0,0,0,0,0,0,0,0,0,0,3,3,8,20,63,140,334,773,1657,3568,7658,14825,28612,52983,93268,156971,251592,384134,550578,746874,945053,1111013,1210978,1215397,1117526,938090,722747,505283,307923,146027,39308
0,0,0,0,0,0,0,0,0,0,0,0,0,0,0,0,0,0,0,0,0,0,0,0,0,0,0,0,0,0,0,0,0,0,0,0,0,0,0,0,0,2,3,10,20,69,144,309,730,1684,3531,7543,14765,28241,52592,92875,156007,250453,382675,548756,744881,944021,1110163,1211944,1216422,1119065,939937,725097,506738,308789,146512,39431
0,0,0,0,0,0,0,0,0,0,0,0,0,0,0,0,0,0,0,0,0,0,0,0,0,0,0,0,0,0,0,0,0,0,0,0,0,0,0,0,0,0,5,6,29,60,142,309,720,1667,3454,7466,14721,28123,51974,91934,155565,249513,380630,547497,743505,941647,1110342,1211938,1217238,1121610,941678,726973,508535,309551,147052,39525
0,0,0,0,0,0,0,0,0,0,0,0,0,0,0,0,0,0,0,0,0,0,0,0,0,0,0,0,0,0,0,0,0,0,0,0,0,0,0,0,0,2,4,6,18,65,131,329,742,1589,3417,7357,14619,27878,51528,91687,154286,248183,379584,545931,741724,940330,1109459,1211892,1218971,1122804,943880,729355,510133,310296,147697,39512
0,0,0,0,0,0,0,0,0,0,0,0,0,0,0,0,0,0,0,0,0,0,0,0,0,0,0,0,0,0,0,0,0,0,0,0,0,0,0,0,0,1,6,6,25,48,134,310,719,1627,3397,7199,14586,27675,51130,91024,153661,247244,377375,545143,739253,939720,1108215,1212712,1219481,1125275,945813,730870,511685,311424,148051,39600
0,0,0,0,0,0,0,0,0,0,0,0,0,0,0,0,0,0,0,0,0,0,0,0,0,0,0,0,0,0,0,0,0,0,0,0,0,0,0,0,0,2,3,6,31,38,140,303,708,1616,3475,6991,14531,27502,50668,90500,152748,246263,375703,543394,737350,938835,1107557,1213518,1220124,1127011,947572,733169,513099,312354,148502,39696
0,0,0,0,0,0,0,0,0,0,0,0,0,0,0,0,0,0,0,0,0,0,0,0,0,0,0,0,0,0,0,0,0,0,0,0,0,0,0,0,0,1,4,9,21,51,122,316,684,1590,3450,7014,14168,27520,50438,89685,151580,245559,373991,542439,734846,937834,1107237,1213092,1221787,1128768,949943,734860,514494,313122,148896,39888
0,0,0,0,0,0,0,0,0,0,0,0,0,0,0,0,0,0,0,0,0,0,0,0,0,0,0,0,0,0,0,0,0,0,0,0,0,0,0,0,0,0,7,3,27,47,116,315,665,1621,3405,6965,14002,27391,50137,88965,150825,243965,373267,540156,734330,935726,1106424,1213639,1223469,1130133,951107,737359,515845,314213,149174,40111
0,0,0,0,0,0,0,0,0,0,0,0,0,0,0,0,0,0,0,0,0,0,0,0,0,0,0,0,0,0,0,0,0,0,0,0,0,0,0,0,0,2,3,6,24,55,118,292,689,1627,3372,6828,14101,26871,49987,88372,149469,243232,371841,539007,732109,934458,1106408,1213104,1225473,1130433,954346,738829,517145,315475,149559,40174
0,0,0,0,0,0,0,0,0,0,0,0,0,0,0,0,0,0,0,0,0,0,0,0,0,0,0,0,0,0,0,0,0,0,0,0,0,0,0,0,0,1,3,6,29,53,124,293,643,1607,3338,6817,13999,26505,49714,87770,148974,241798,370575,536880,730638,933825,1105504,1213541,1226159,1131984,956795,740659,518647,316279,149966,40283
0,0,0,0,0,0,0,0,0,0,0,0,0,0,0,0,0,0,0,0,0,0,0,0,0,0,0,0,0,0,0,0,0,0,0,0,0,0,0,0,1,0,2,7,26,55,124,290,641,1543,3348,6723,13973,26300,49374,87103,148124,241293,369007,534788,728840,932307,1105614,1212547,1227684,1133675,959120,743120,519875,317449,150047,40409
0,0,0,0,0,0,0,0,0,0,0,0,0,0,0,0,0,0,0,0,0,0,0,0,0,0,0,0,0,0,0,0,0,0,0,0,0,0,0,0,0,2,2,5,27,58,132,275,655,1523,3305,6697,13841,26093,48996,86684,147150,239949,368110,532644,727254,931608,1104360,1213187,1228761,1135069,961567,744722,521182,318524,150502,40525
0,0,0,0,0,0,0,0,0,0,0,0,0,0,0,0,0,0,0,0,0,0,0,0,0,0,0,0,0,0,0,0,0,0,0,0,0,0,0,0,0,0,3,4,26,55,119,277,670,1495,3228,6833,13444,26142,48461,86128,146771,238587,366577,531463,725561,929266,1104279,1213939,1228662,1137715,963149,746910,522664,319199,151170,40612
0,0,0,0,0,0,0,0,0,0,0,0,0,0,0,0,0,0,0,0,0,0,0,0,0,0,0,0,0,0,0,0,0,0,0,0,0,0,0,0,0,1,2,6,19,55,116,297,608,1499,3251,6787,13350,25653,48147,85769,145894,237603,365388,529545,723977,927797,1103584,1214187,1230163,1138957,965668,748818,523520,320161,151770,40817
0,0,0,0,0,0,0,0,0,0,0,0,0,0,0,0,0,0,0,0,0,0,0,0,0,0,0,0,0,0,0,0,0,0,0,0,0,0,0,0,1,0,0,6,23,56,110,282,646,1477,3240,6664,13139,25723,47752,85397,145353,236077,364411,527675,723034,925093,1103024,1214400,1231616,1140458,968089,750470,525151,321059,151984,40999
0,0,0,0,0,0,0,0,0,0,0,0,0,0,0,0,0,0,0,0,0,0,0,0,0,0,0,0,0,0,0,0,0,0,0,0,0,0,0,1,0,0,2,2,19,57,112,286,617,1491,3213,6545,13092,25416,47502,84918,144775,235097,363267,526236,720473,923668,1102080,1214770,1232683,1143055,969581,751989,527053,321908,152360,41141
0,0,0,0,0,0,0,0,0,0,0,0,0,0,0,0,0,0,0,0,0,0,0,0,0,0,0,0,0,0,0,0,0,0,0,0,0,0,0,1,0,0,1,6,23,54,114,274,624,1500,3101,6497,13109,25093,47325,84415,144178,233866,361299,524455,719416,922321,1100455,1215799,1233402,1145526,971959,753209,528127,323313,152716,41231
0,0,0,0,0,0,0,0,0,0,0,0,0,0,0,0,0,0,0,0,0,0,0,0,0,0,0,0,0,0,0,0,0,0,0,0,0,0,0,0,1,0,1,10,15,56,113,270,589,1466,3127,6410,12983,24963,46811,84171,143055,233154,359170,523003,718476,921151,1099013,1216996,1234033,1146687,974532,754908,529592,324176,153101,41376
0,0,0,0,0,0,0,0,0,0,0,0,0,0,0,0,0,0,0,0,0,0,0,0,0,0,0,0,0,0,0,0,0,0,0,0,0,0,0,0,1,0,2,9,17,42,111,259,613,1457,3033,6466,12867,24767,46579,83524,142210,232548,357506,522342,715984,918837,1100228,1215639,1234666,1149942,975389,757051,531414,324952,153528,41426
0,0,0,0,0,0,0,0,0,0,0,0,0,0,0,0,0,0,0,0,0,0,0,0,0,0,0,0,0,0,0,0,0,0,0,0,0,0,0,0,0,1,2,8,14,49,106,252,638,1371,2975,6409,12829,24608,46206,83104,141655,231231,356259,520927,713915,917717,1099786,1215645,1235336,1151279,977611,759506,532790,325557,154124,41499
0,0,0,0,0,0,0,0,0,0,0,0,0,0,0,0,0,0,0,0,0,0,0,0,0,0,0,0,0,0,0,0,0,0,0,0,0,0,0,0,0,1,4,4,14,45,110,256,625,1390,2954,6382,12641,24465,45816,82676,141027,229695,355074,519873,711720,917053,1098821,1215728,1236656,1152588,980135,761017,533821,326971,154225,41622
0,0,0,0,0,0,0,0,0,0,0,0,0,0,0,0,0,0,0,0,0,0,0,0,0,0,0,0,0,0,0,0,0,0,0,0,0,0,0,0,0,0,3,5,12,47,107,271,613,1354,2948,6249,12604,24191,45771,82089,140147,228728,353784,517755,711089,915898,1097413,1215807,1237809,1154228,982228,763128,534824,327997,154636,41674
0,0,0,0,0,0,0,0,0,0,0,0,0,0,0,0,0,0,0,0,0,0,0,0,0,0,0,0,0,0,0,0,0,0,0,0,0,0,0,0,0,0,5,1,16,48,110,254,612,1342,2941,6145,12500,24260,45300,81592,139401,227912,352251,515710,709841,915040,1096838,1215002,1239472,1156298,983336,765317,536420,328535,155146,41764
0,0,0,0,0,0,0,0,0,0,0,0,0,0,0,0,0,0,0,0,0,0,0,0,0,0,0,0,0,0,0,0,0,0,0,0,0,0,0,0,0,0,4,3,17,48,98,260,621,1310,2933,6065,12350,24099,45151,81049,138969,226267,351388,514285,707992,913985,1095541,1215126,1240339,1158010,986000,766530,538573,329012,155471,41913
0,0,0,0,0,0,0,0,0,0,0,0,0,0,0,0,0,0,0,0,0,0,0,0,0,0,0,0,0,0,0,0,0,0,0,0,0,0,0,0,0,2,2,3,19,38,109,257,601,1319,2893,5980,12262,24010,44803,80814,138031,225320,349724,512723,707378,912540,1094263,1215183,1240528,1160607,988049,768811,539220,330059,155751,42110
0,0,0,0,0,0,0,0,0,0,0,0,0,0,0,0,0,0,0,0,0,0,0,0,0,0,0,0,0,0,0,0,0,0,0,0,0,0,0,0,0,3,1,7,13,40,103,269,558,1345,2853,5922,12261,23785,44414,80504,137055,224461,348491,511678,705128,910775,1093565,1214931,1242910,1161562,991218,769816,540410,331041,156188,42102
0,0,0,0,0,0,0,0,0,0,0,0,0,0,0,0,0,0,0,0,0,0,0,0,0,0,0,0,0,0,0,0,0,0,0,0,0,0,0,0,1,1,1,5,15,40,114,240,568,1328,2813,5954,12059,23657,44172,79789,137041,223006,347896,509742,703687,909248,1092749,1215108,1243287,1163331,993146,772179,541846,331692,156361,42333
0,0,0,0,0,0,0,0,0,0,0,0,0,0,0,0,0,0,0,0,0,0,0,0,0,0,0,0,0,0,0,0,0,0,0,0,0,0,0,0,0,2,1,4,14,37,113,235,551,1337,2795,5813,12144,23342,44091,79319,135785,222592,346704,508372,701161,908130,1092766,1215634,1243933,1164237,995840,773711,543158,332315,156823,42450
0,0,0,0,0,0,0,0,0,0,0,0,0,0,0,0,0,0,0,0,0,0,0,0,0,0,0,0,0,0,0,0,0,0,0,0,0,0,0,0,0,1,3,4,11,33,116,245,544,1303,2779,5820,11964,23225,43840,79022,135043,221514,345314,507187,699167,907074,1093003,1214303,1245607,1165621,997708,775198,544983,332993,157248,42536
0,0,0,0,0,0,0,0,0,0,0,0,0,0,0,0,0,0,0,0,0,0,0,0,0,0,0,0,0,0,0,0,0,0,0,0,0,0,0,0,0,1,3,4,12,32,113,241,563,1255,2756,5711,11937,23095,43469,78325,134840,220479,343943,505800,697652,906631,1090969,1215192,1246175,1167401,999132,777274,546223,333714,157794,42673
0,0,0,0,0,0,0,0,0,0,0,0,0,0,0,0,0,0,0,0,0,0,0,0,0,0,0,0,0,0,0,0,0,0,0,0,0,0,0,0,0,1,3,5,15,37,104,250,546,1261,2729,5695,11797,22779,43452,77754,133839,220260,342270,504359,696606,904112,1090485,1216199,1246562,1168671,1000990,779108,548170,334221,158352,42777
0,0,0,0,0,0,0,0,0,0,0,0,0,0,0,0,0,0,0,0,0,0,0,0,0,0,0,0,0,0,0,0,0,0,0,0,0,0,0,0,0,1,3,8,11,30,105,260,539,1241,2687,5636,11794,22734,42851,77249,133531,219186,340964,502625,695644,902217,1089520,1216360,1246959,1171367,1002866,780663,549727,335159,158594,42878
0,0,0,0,0,0,0,0,0,0,0,0,0,0,0,0,0,0,0,0,0,0,0,0,0,0,0,0,0,0,0,0,0,0,0,0,0,0,0,0,1,0,2,7,15,35,107,232,561,1251,2624,5666,11549,22566,42685,76742,132989,218030,339967,501010,694717,901291,1088313,1215439,1248260,1172655,1005161,782424,550889,336216,159163,42842
0,0,0,0,0,0,0,0,0,0,0,0,0,0,0,0,0,0,0,0,0,0,0,0,0,0,0,0,0,0,0,0,0,0,0,0,0,0,0,0,0,2,2,6,18,37,107,230,540,1195,2619,5701,11271,22536,42483,76218,132423,216944,339010,499239,692766,900287,1087468,1215746,1248594,1174520,1007645,783760,552610,336995,159532,42905
0,0,0,0,0,0,0,0,0,0,0,0,0,0,0,0,0,0,0,0,0,0,0,0,0,0,0,0,0,0,0,0,0,0,0,0,0,0,0,0,0,0,3,8,18,43,108,230,512,1190,2677,5543,11258,22310,42318,75841,131608,216297,337714,496972,691565,898807,1088304,1216062,1248512,1174732,1010684,785261,554171,337895,159792,42974
0,0,0,0,0,0,0,0,0,0,0,0,0,0,0,0,0,0,0,0,0,0,0,0,0,0,0,0,0,0,0,0,0,0,0,0,0,0,0,0,0,2,0,10,22,42,86,258,516,1150,2666,5549,11205,22116,42000,75656,130489,215692,336270,495978,689264,897748,1087722,1215778,1250242,1176259,1012698,786872,555102,338755,160088,43174
0,0,0,0,0,0,0,0,0,0,0,0,0,0,0,0,0,0,0,0,0,0,0,0,0,0,0,0,0,0,0,0,0,0,0,0,0,0,0,0,0,2,1,9,19,46,94,244,511,1173,2599,5534,10985,22087,41705,75042,130257,214247,335576,494369,688004,896181,1086930,1215653,1251581,1178257,1013997,788765,556316,339569,160271,43385
0,0,0,0,0,0,0,0,0,0,0,0,0,0,0,0,0,0,0,0,0,0,0,0,0,0,0,0,0,0,0,0,0,0,0,0,0,0,0,0,0,2,0,7,27,33,107,236,504,1157,2656,5348,11126,21732,41474,74544,129795,213390,334052,493335,686903,894463,1085299,1216640,1252100,1179910,1015479,791274,557469,340146,160820,43381
0,0,0,0,0,0,0,0,0,0,0,0,0,0,0,0,0,0,0,0,0,0,0,0,0,0,0,0,0,0,0,0,0,0,0,0,0,0,0,0,1,0,2,5,25,43,97,222,527,1154,2563,5330,11060,21580,40985,74014,129409,212531,333182,492231,684363,893599,1084853,1216159,1253755,1181167,1016681,793258,558607,341441,161095,43470
0,0,0,0,0,0,0,0,0,0,0,0,0,0,0,0,0,0,0,0,0,0,0,0,0,0,0,0,0,0,0,0,0,0,0,0,0,0,0,0,0,1,0,5,23,37,93,237,522,1117,2534,5339,10909,21386,40723,73996,128169,211900,331533,491324,683489,892140,1083244,1216035,1254680,1183400,1017880,795220,560306,342122,161635,43410
0,0,0,0,0,0,0,0,0,0,0,0,0,0,0,0,0,0,0,0,0,0,0,0,0,0,0,0,0,0,0,0,0,0,0,0,0,0,0,0,0,0,2,8,19,38,81,234,494,1166,2545,5228,10788,21295,40603,73576,127741,210922,330061,489806,682089,891439,1081359,1216220,1255652,1185015,1019938,796962,561894,342856,161896,43482
0,0,0,0,0,0,0,0,0,0,0,0,0,0,0,0,0,0,0,0,0,0,0,0,0,0,0,0,0,0,0,0,0,0,0,0,0,0,0,0,0,0,2,8,19,35,89,233,473,1135,2522,5216,10719,21086,40404,73381,127101,209626,329336,488074,680612,889934,1081198,1215708,1256039,1186300,1022380,799345,563141,343543,162209,43541
0,0,0,0,0,0,0,0,0,0,0,0,0,0,0,0,0,0,0,0,0,0,0,0,0,0,0,0,0,0,0,0,0,0,0,0,0,0,0,0,0,0,1,7,22,40,92,207,495,1148,2432,5176,10687,20979,39865,73196,126192,208609,328168,487204,679412,888737,1080043,1216049,1256449,1188164,1024660,800741,564114,344289,162597,43634
0,0,0,0,0,0,0,0,0,0,0,0,0,0,0,0,0,0,0,0,0,0,0,0,0,0,0,0,0,0,0,0,0,0,0,0,0,0,0,0,0,0,2,7,19,36,87,210,483,1146,2414,5185,10593,20776,39755,72684,125770,207454,326586,486084,678532,886739,1079712,1216241,1256828,1190689,1025081,803241,564941,345549,162848,43717
0,0,0,0,0,0,0,0,0,0,0,0,0,0,0,0,0,0,0,0,0,0,0,0,0,0,0,0,0,0,0,0,0,0,0,0,0,0,0,0,0,0,3,5,21,35,90,202,488,1126,2437,5083,10553,20754,39330,72045,125361,206709,325389,484655,676612,885621,1078171,1217331,1257457,1192209,1027344,805137,565821,346289,163272,43859
0,0,0,0,0,0,0,0,0,0,0,0,0,0,0,0,0,0,0,0,0,0,0,0,0,0,0,0,0,0,0,0,0,0,0,0,0,0,0,0,0,1,2,3,18,44,93,190,492,1065,2432,5129,10448,20514,39146,71887,124323,206167,324606,482907,675245,884362,1076883,1217067,1259590,1193441,1029164,806170,567168,347052,163893,43907
0,0,0,0,0,0,0,0,0,0,0,0,0,0,0,0,0,0,0,0,0,0,0,0,0,0,0,0,0,0,0,0,0,0,0,0,0,0,0,0,1,0,1,6,13,47,84,191,491,1055,2336,5099,10477,20408,38940,71198,123708,205344,324136,480759,673748,883546,1076096,1216622,1260656,1195360,1030323,808221,568356,347934,164316,43937
0,0,0,0,0,0,0,0,0,0,0,0,0,0,0,0,0,0,0,0,0,0,0,0,0,0,0,0,0,0,0,0,0,0,0,0,0,0,0,0,0,2,0,7,12,42,86,187,485,1060,2337,5066,10326,20409,38538,70614,123415,204454,323656,478505,672900,882204,1075439,1215743,1261547,1196545,1032846,809685,569908,348673,164695,44023
0,0,0,0,0,0,0,0,0,0,0,0,0,0,0,0,0,0,0,0,0,0,0,0,0,0,0,0,0,0,0,0,0,0,0,0,0,0,0,0,0,2,0,6,13,39,90,204,439,1058,2346,5028,10216,20212,38432,70543,122729,203755,321124,479008,670902,880827,1074940,1215108,1262261,1198289,1034542,810974,571918,349406,164886,44112
0,0,0,0,0,0,0,0,0,0,0,0,0,0,0,0,0,0,0,0,0,0,0,0,0,0,0,0,0,0,0,0,0,0,0,0,0,0,0,0,1,1,0,5,15,30,89,199,448,1070,2364,4980,10087,20230,38187,69874,122436,203057,319953,477716,669365,879781,1074084,1214132,1263950,1198567,1037104,812528,573437,350253,165285,44181
0,0,0,0,0,0,0,0,0,0,0,0,0,0,0,0,0,0,0,0,0,0,0,0,0,0,0,0,0,0,0,0,0,0,0,0,0,0,0,0,0,2,1,6,12,32,80,190,478,1045,2350,4926,10061,20006,38254,69630,121612,201891,319317,476201,668015,878766,1072833,1214712,1263772,1199513,1039021,815024,574253,351932,165263,44211
0,0,0,0,0,0,0,0,0,0,0,0,0,0,0,0,0,0,0,0,0,0,0,0,0,0,0,0,0,0,0,0,0,0,0,0,0,0,0,0,0,1,2,6,13,29,68,201,467,1046,2359,4798,10096,19923,37959,69068,121180,201002,318076,475395,666723,876284,1072917,1215010,1264907,1200320,1039819,817425,575826,352514,165619,44356
0,0,0,0,0,0,0,0,0,0,0,0,0,0,0,0,0,0,0,0,0,0,0,0,0,0,0,0,0,0,0,0,0,0,0,0,0,0,0,0,0,0,1,6,15,31,72,186,468,1056,2270,4851,9972,19890,37671,68610,120646,200280,317347,473016,666047,875301,1071653,1215270,1264803,1202078,1041748,819329,576504,353718,166059,44511
0,0,0,0,0,0,0,0,0,0,0,0,0,0,0,0,0,0,0,0,0,0,0,0,0,0,0,0,0,0,0,0,0,0,0,0,0,0,0,0,0,0,0,8,17,27,77,191,449,1022,2275,4864,9776,19931,37319,68350,119833,199610,316343,471651,664459,874435,1070779,1215187,1265578,1203416,1043624,820794,577928,354207,166511,44748
