0,0,0,0,0,0,0,0,0,0,0,0,0,0,0,0,0,0,0,0,0,0,0,0,0,0,0,0,0,0,0,0,0,0,0,0,0,0,0,0,0,0,0,0,0,0,0,0,5276628,0,0,0,0,0,0,0,0,0,0,0,0,0,0,0,0,0,0,0,0,0,0,0,0,0,0,0,0,0,0,0,0,0,0,0,0,0,0,0,0,0,0,0,0,0,0,0,5276780,0,0,0,0,0,0,0,0,0,0,0,0,0,0,0,0,0,0,0,0,0,0,0,0,0,0,0,0,0,0,0,0,0,0,0,0,0,0,0,0,0,0,0,0,0,0,0
0,0,0,0,0,0,0,0,0,0,0,0,0,0,0,0,0,0,0,0,0,0,0,0,0,0,0,0,0,0,0,0,0,0,0,0,2742826,0,0,0,0,0,0,0,0,0,0,0,0,0,0,0,0,0,0,0,0,0,0,0,0,0,0,0,0,0,0,0,0,0,0,0,5064847,0,0,0,0,0,0,0,0,0,0,0,0,0,0,0,0,0,0,0,0,0,0,0,0,0,0,0,0,0,0,0,0,0,0,0,2745735,0,0,0,0,0,0,0,0,0,0,0,0,0,0,0,0,0,0,0,0,0,0,0,0,0,0,0,0,0,0,0,0,0,0,0
0,0,0,0,0,0,0,0,0,0,0,0,0,0,0,0,0,0,0,0,0,0,0,0,0,0,0,0,1475919,0,0,0,0,0,0,0,0,0,0,0,0,0,0,0,0,0,0,0,0,0,0,0,0,0,0,0,0,3799696,0,0,0,0,0,0,0,0,0,0,0,0,0,0,0,0,0,0,0,0,0,0,0,0,0,0,0,0,3800774,0,0,0,0,0,0,0,0,0,0,0,0,0,0,0,0,0,0,0,0,0,0,0,0,0,0,0,0,1477019,0,0,0,0,0,0,0,0,0,0,0,0,0,0,0,0,0,0,0,0,0,0,0,0,0,0,0,0
0,0,0,0,0,0,0,0,0,0,0,0,0,0,0,0,0,0,0,0,0,0,0,0,812635,0,0,0,0,0,0,0,0,0,0,0,0,0,0,0,0,0,0,0,0,0,0,0,2626541,0,0,0,0,0,0,0,0,0,0,0,0,0,0,0,0,0,0,0,0,0,0,0,3673077,0,0,0,0,0,0,0,0,0,0,0,0,0,0,0,0,0,0,0,0,0,0,0,2627021,0,0,0,0,0,0,0,0,0,0,0,0,0,0,0,0,0,0,0,0,0,0,0,814134,0,0,0,0,0,0,0,0,0,0,0,0,0,0,0,0,0,0,0,0,0,0,0
0,0,0,0,0,0,0,0,0,0,0,0,0,0,0,0,0,0,0,0,456744,0,0,0,0,0,0,0,0,0,0,0,0,0,0,0,0,0,0,0,0,1749360,0,0,0,0,0,0,0,0,0,0,0,0,0,0,0,0,0,0,0,3068242,0,0,0,0,0,0,0,0,0,0,0,0,0,0,0,0,0,0,0,0,3071968,0,0,0,0,0,0,0,0,0,0,0,0,0,0,0,0,0,0,0,1749559,0,0,0,0,0,0,0,0,0,0,0,0,0,0,0,0,0,0,0,0,457535,0,0,0,0,0,0,0,0,0,0,0,0,0,0,0,0,0,0,0,0
0,0,0,0,0,0,0,0,0,0,0,0,0,0,0,0,0,0,260500,0,0,0,0,0,0,0,0,0,0,0,0,0,0,0,0,0,1144668,0,0,0,0,0,0,0,0,0,0,0,0,0,0,0,0,0,2377437,0,0,0,0,0,0,0,0,0,0,0,0,0,0,0,0,0,2984628,0,0,0,0,0,0,0,0,0,0,0,0,0,0,0,0,0,2379635,0,0,0,0,0,0,0,0,0,0,0,0,0,0,0,0,0,1144898,0,0,0,0,0,0,0,0,0,0,0,0,0,0,0,0,0,261642,0,0,0,0,0,0,0,0,0,0,0,0,0,0,0,0,0
0,0,0,0,0,0,0,0,0,0,0,0,0,0,0,0,150943,0,0,0,0,0,0,0,0,0,0,0,0,0,0,0,741684,0,0,0,0,0,0,0,0,0,0,0,0,0,0,0,1762464,0,0,0,0,0,0,0,0,0,0,0,0,0,0,0,2620260,0,0,0,0,0,0,0,0,0,0,0,0,0,0,0,2620405,0,0,0,0,0,0,0,0,0,0,0,0,0,0,0,1764939,0,0,0,0,0,0,0,0,0,0,0,0,0,0,0,741370,0,0,0,0,0,0,0,0,0,0,0,0,0,0,0,151343,0,0,0,0,0,0,0,0,0,0,0,0,0,0,0
0,0,0,0,0,0,0,0,0,0,0,0,0,0,88341,0,0,0,0,0,0,0,0,0,0,0,0,0,477579,0,0,0,0,0,0,0,0,0,0,0,0,0,0,1270500,0,0,0,0,0,0,0,0,0,0,0,0,0,2159074,0,0,0,0,0,0,0,0,0,0,0,0,0,0,2559494,0,0,0,0,0,0,0,0,0,0,0,0,0,2161208,0,0,0,0,0,0,0,0,0,0,0,0,0,1271187,0,0,0,0,0,0,0,0,0,0,0,0,0,0,477476,0,0,0,0,0,0,0,0,0,0,0,0,0,88549,0,0,0,0,0,0,0,0,0,0,0,0,0,0
0,0,0,0,0,0,0,0,0,0,0,0,0,52053,0,0,0,0,0,0,0,0,0,0,0,0,306977,0,0,0,0,0,0,0,0,0,0,0,0,898503,0,0,0,0,0,0,0,0,0,0,0,0,1705655,0,0,0,0,0,0,0,0,0,0,0,0,2313075,0,0,0,0,0,0,0,0,0,0,0,0,2312344,0,0,0,0,0,0,0,0,0,0,0,0,1706641,0,0,0,0,0,0,0,0,0,0,0,0,898978,0,0,0,0,0,0,0,0,0,0,0,0,306996,0,0,0,0,0,0,0,0,0,0,0,0,52186,0,0,0,0,0,0,0,0,0,0,0,0,0
0,0,0,0,0,0,0,0,0,0,0,0,31189,0,0,0,0,0,0,0,0,0,0,0,197024,0,0,0,0,0,0,0,0,0,0,0,625950,0,0,0,0,0,0,0,0,0,0,0,1309393,0,0,0,0,0,0,0,0,0,0,0,1979742,0,0,0,0,0,0,0,0,0,0,0,2264504,0,0,0,0,0,0,0,0,0,0,0,1981829,0,0,0,0,0,0,0,0,0,0,0,1309038,0,0,0,0,0,0,0,0,0,0,0,626336,0,0,0,0,0,0,0,0,0,0,0,197280,0,0,0,0,0,0,0,0,0,0,0,31123,0,0,0,0,0,0,0,0,0,0,0
0,0,0,0,0,0,0,0,0,0,0,18815,0,0,0,0,0,0,0,0,0,0,126559,0,0,0,0,0,0,0,0,0,0,430821,0,0,0,0,0,0,0,0,0,0,982965,0,0,0,0,0,0,0,0,0,0,1631143,0,0,0,0,0,0,0,0,0,0,2084167,0,0,0,0,0,0,0,0,0,0,2087750,0,0,0,0,0,0,0,0,0,0,1631965,0,0,0,0,0,0,0,0,0,0,981457,0,0,0,0,0,0,0,0,0,0,431874,0,0,0,0,0,0,0,0,0,0,127300,0,0,0,0,0,0,0,0,0,0,18592,0,0,0,0,0,0,0,0,0,0,0
0,0,0,0,0,0,0,0,0,0,11420,0,0,0,0,0,0,0,0,0,81175,0,0,0,0,0,0,0,0,0,295558,0,0,0,0,0,0,0,0,0,0,723792,0,0,0,0,0,0,0,0,0,1305566,0,0,0,0,0,0,0,0,0,1834062,0,0,0,0,0,0,0,0,0,0,2047478,0,0,0,0,0,0,0,0,0,1835631,0,0,0,0,0,0,0,0,0,1305982,0,0,0,0,0,0,0,0,0,723214,0,0,0,0,0,0,0,0,0,0,296438,0,0,0,0,0,0,0,0,0,81849,0,0,0,0,0,0,0,0,0,11243,0,0,0,0,0,0,0,0,0,0
0,0,0,0,0,0,0,0,0,7012,0,0,0,0,0,0,0,0,0,52249,0,0,0,0,0,0,0,0,201789,0,0,0,0,0,0,0,0,0,525254,0,0,0,0,0,0,0,0,0,1022233,0,0,0,0,0,0,0,0,1556839,0,0,0,0,0,0,0,0,0,1910968,0,0,0,0,0,0,0,0,1909660,0,0,0,0,0,0,0,0,0,1556539,0,0,0,0,0,0,0,0,0,1022696,0,0,0,0,0,0,0,0,526170,0,0,0,0,0,0,0,0,0,202432,0,0,0,0,0,0,0,0,52717,0,0,0,0,0,0,0,0,0,6850,0,0,0,0,0,0,0,0,0
0,0,0,0,0,0,0,0,0,4268,0,0,0,0,0,0,0,0,33607,0,0,0,0,0,0,0,0,137367,0,0,0,0,0,0,0,0,378198,0,0,0,0,0,0,0,0,785240,0,0,0,0,0,0,0,0,1285083,0,0,0,0,0,0,0,0,1712383,0,0,0,0,0,0,0,0,1879627,0,0,0,0,0,0,0,0,1711056,0,0,0,0,0,0,0,0,1285593,0,0,0,0,0,0,0,0,785536,0,0,0,0,0,0,0,0,379035,0,0,0,0,0,0,0,0,138266,0,0,0,0,0,0,0,0,33954,0,0,0,0,0,0,0,0,4195,0,0,0,0,0,0,0,0
0,0,0,0,0,0,0,0,2656,0,0,0,0,0,0,0,21710,0,0,0,0,0,0,0,0,92823,0,0,0,0,0,0,0,270919,0,0,0,0,0,0,0,0,594127,0,0,0,0,0,0,0,1038792,0,0,0,0,0,0,0,0,1485093,0,0,0,0,0,0,0,1769542,0,0,0,0,0,0,0,0,1770133,0,0,0,0,0,0,0,1485669,0,0,0,0,0,0,0,0,1037168,0,0,0,0,0,0,0,594935,0,0,0,0,0,0,0,0,271299,0,0,0,0,0,0,0,94035,0,0,0,0,0,0,0,0,21910,0,0,0,0,0,0,0,2597,0,0,0,0,0,0,0,0
0,0,0,0,0,0,0,0,1576,0,0,0,0,0,0,0,14097,0,0,0,0,0,0,0,62842,0,0,0,0,0,0,0,192230,0,0,0,0,0,0,0,443998,0,0,0,0,0,0,0,824480,0,0,0,0,0,0,0,1257086,0,0,0,0,0,0,0,1607695,0,0,0,0,0,0,0,1744784,0,0,0,0,0,0,0,1607696,0,0,0,0,0,0,0,1256211,0,0,0,0,0,0,0,822716,0,0,0,0,0,0,0,445839,0,0,0,0,0,0,0,192663,0,0,0,0,0,0,0,63769,0,0,0,0,0,0,0,14129,0,0,0,0,0,0,0,1597,0,0,0,0,0,0,0
0,0,0,0,0,0,0,1002,0,0,0,0,0,0,0,9047,0,0,0,0,0,0,42329,0,0,0,0,0,0,0,136261,0,0,0,0,0,0,328581,0,0,0,0,0,0,0,644446,0,0,0,0,0,0,0,1040421,0,0,0,0,0,0,1419863,0,0,0,0,0,0,0,1654140,0,0,0,0,0,0,1654241,0,0,0,0,0,0,0,1418757,0,0,0,0,0,0,1040792,0,0,0,0,0,0,0,642865,0,0,0,0,0,0,0,331198,0,0,0,0,0,0,136280,0,0,0,0,0,0,0,42985,0,0,0,0,0,0,9151,0,0,0,0,0,0,0,1049,0,0,0,0,0,0,0
0,0,0,0,0,0,0,639,0,0,0,0,0,0,5805,0,0,0,0,0,0,28492,0,0,0,0,0,0,96103,0,0,0,0,0,0,0,242084,0,0,0,0,0,0,497078,0,0,0,0,0,0,846132,0,0,0,0,0,0,1223509,0,0,0,0,0,0,1520699,0,0,0,0,0,0,0,1632257,0,0,0,0,0,0,1518412,0,0,0,0,0,0,1223900,0,0,0,0,0,0,845628,0,0,0,0,0,0,497073,0,0,0,0,0,0,0,243841,0,0,0,0,0,0,96021,0,0,0,0,0,0,29208,0,0,0,0,0,0,5873,0,0,0,0,0,0,654,0,0,0,0,0,0,0
0,0,0,0,0,0,405,0,0,0,0,0,0,3767,0,0,0,0,0,0,19231,0,0,0,0,0,0,66949,0,0,0,0,0,0,177439,0,0,0,0,0,0,379371,0,0,0,0,0,0,678882,0,0,0,0,0,1032678,0,0,0,0,0,0,1359502,0,0,0,0,0,0,1558020,0,0,0,0,0,0,1556805,0,0,0,0,0,0,1358597,0,0,0,0,0,0,1033239,0,0,0,0,0,0,678483,0,0,0,0,0,380700,0,0,0,0,0,0,178018,0,0,0,0,0,0,67413,0,0,0,0,0,0,19687,0,0,0,0,0,0,3817,0,0,0,0,0,0,405,0,0,0,0,0,0
0,0,0,0,0,0,241,0,0,0,0,0,0,2492,0,0,0,0,0,12797,0,0,0,0,0,0,47066,0,0,0,0,0,128707,0,0,0,0,0,0,286883,0,0,0,0,0,537179,0,0,0,0,0,0,859090,0,0,0,0,0,1189260,0,0,0,0,0,0,1442241,0,0,0,0,0,0,1540278,0,0,0,0,0,1440954,0,0,0,0,0,0,1188275,0,0,0,0,0,859285,0,0,0,0,0,0,537831,0,0,0,0,0,288047,0,0,0,0,0,0,129491,0,0,0,0,0,47286,0,0,0,0,0,0,13279,0,0,0,0,0,2468,0,0,0,0,0,0,258,0,0,0,0,0,0
0,0,0,0,0,0,150,0,0,0,0,0,1645,0,0,0,0,0,8667,0,0,0,0,0,0,32694,0,0,0,0,0,93351,0,0,0,0,0,215357,0,0,0,0,0,420171,0,0,0,0,0,0,703860,0,0,0,0,0,1020278,0,0,0,0,0,1304339,0,0,0,0,0,1475573,0,0,0,0,0,0,1474287,0,0,0,0,0,1302466,0,0,0,0,0,1022696,0,0,0,0,0,702680,0,0,0,0,0,0,421285,0,0,0,0,0,216616,0,0,0,0,0,93629,0,0,0,0,0,32927,0,0,0,0,0,0,8961,0,0,0,0,0,1611,0,0,0,0,0,165,0,0,0,0,0,0
0,0,0,0,0,0,105,0,0,0,0,0,1094,0,0,0,0,0,5872,0,0,0,0,0,22617,0,0,0,0,0,67193,0,0,0,0,0,161123,0,0,0,0,0,326022,0,0,0,0,0,568964,0,0,0,0,0,861706,0,0,0,0,0,1155619,0,0,0,0,0,1375769,0,0,0,0,0,1459358,0,0,0,0,0,1374238,0,0,0,0,0,1155686,0,0,0,0,0,863398,0,0,0,0,0,568304,0,0,0,0,0,326870,0,0,0,0,0,161663,0,0,0,0,0,67689,0,0,0,0,0,22945,0,0,0,0,0,6037,0,0,0,0,0,1037,0,0,0,0,0,99,0,0,0,0,0
0,0,0,0,0,66,0,0,0,0,0,706,0,0,0,0,0,4041,0,0,0,0,0,15533,0,0,0,0,48315,0,0,0,0,0,119667,0,0,0,0,0,250843,0,0,0,0,0,454186,0,0,0,0,719152,0,0,0,0,0,1004479,0,0,0,0,0,1256725,0,0,0,0,0,1402261,0,0,0,0,1401475,0,0,0,0,0,1255284,0,0,0,0,0,1005239,0,0,0,0,0,719931,0,0,0,0,454330,0,0,0,0,0,251442,0,0,0,0,0,120509,0,0,0,0,0,48366,0,0,0,0,16103,0,0,0,0,0,4013,0,0,0,0,0,675,0,0,0,0,0,67,0,0,0,0,0
0,0,0,0,0,40,0,0,0,0,0,468,0,0,0,0,2736,0,0,0,0,0,10806,0,0,0,0,34599,0,0,0,0,0,88008,0,0,0,0,191560,0,0,0,0,0,359522,0,0,0,0,592502,0,0,0,0,0,859749,0,0,0,0,1124328,0,0,0,0,0,1317837,0,0,0,0,0,1387273,0,0,0,0,1315322,0,0,0,0,0,1124163,0,0,0,0,862663,0,0,0,0,0,591876,0,0,0,0,359608,0,0,0,0,0,192261,0,0,0,0,88983,0,0,0,0,0,34813,0,0,0,0,11109,0,0,0,0,0,2699,0,0,0,0,445,0,0,0,0,0,38,0,0,0,0,0
0,0,0,0,0,24,0,0,0,0,312,0,0,0,0,0,1845,0,0,0,0,7432,0,0,0,0,24754,0,0,0,0,0,64849,0,0,0,0,145283,0,0,0,0,282068,0,0,0,0,0,482265,0,0,0,0,727075,0,0,0,0,988694,0,0,0,0,0,1212394,0,0,0,0,1338671,0,0,0,0,1338667,0,0,0,0,0,1210369,0,0,0,0,989364,0,0,0,0,728861,0,0,0,0,0,481353,0,0,0,0,282668,0,0,0,0,146583,0,0,0,0,0,65116,0,0,0,0,24847,0,0,0,0,7793,0,0,0,0,0,1805,0,0,0,0,291,0,0,0,0,25,0,0,0,0,0
0,0,0,0,0,19,0,0,0,0,196,0,0,0,0,1250,0,0,0,0,5201,0,0,0,0,17550,0,0,0,0,47733,0,0,0,0,0,109226,0,0,0,0,220350,0,0,0,0,387603,0,0,0,0,608717,0,0,0,0,856131,0,0,0,0,1095076,0,0,0,0,1265024,0,0,0,0,0,1325054,0,0,0,0,1261592,0,0,0,0,1094443,0,0,0,0,858189,0,0,0,0,608601,0,0,0,0,387751,0,0,0,0,220585,0,0,0,0,0,110674,0,0,0,0,47918,0,0,0,0,17807,0,0,0,0,5283,0,0,0,0,1229,0,0,0,0,193,0,0,0,0,13,0,0,0,0,0
0,0,0,0,10,0,0,0,0,130,0,0,0,0,842,0,0,0,0,3611,0,0,0,0,12435,0,0,0,0,34895,0,0,0,0,82271,0,0,0,0,170183,0,0,0,0,309796,0,0,0,0,502892,0,0,0,0,733753,0,0,0,0,970563,0,0,0,0,1172773,0,0,0,0,1282502,0,0,0,0,1281698,0,0,0,0,1168387,0,0,0,0,972988,0,0,0,0,734130,0,0,0,0,502748,0,0,0,0,310283,0,0,0,0,170927,0,0,0,0,83195,0,0,0,0,34982,0,0,0,0,12792,0,0,0,0,3694,0,0,0,0,799,0,0,0,0,121,0,0,0,0,8,0,0,0,0
0,0,0,0,5,0,0,0,0,89,0,0,0,0,570,0,0,0,0,2533,0,0,0,0,8805,0,0,0,25502,0,0,0,0,61310,0,0,0,0,130954,0,0,0,0,245859,0,0,0,0,411823,0,0,0,619778,0,0,0,0,851415,0,0,0,0,1065170,0,0,0,0,1217776,0,0,0,0,1268908,0,0,0,1215395,0,0,0,0,1064039,0,0,0,0,853588,0,0,0,0,620820,0,0,0,0,411329,0,0,0,246211,0,0,0,0,131607,0,0,0,0,62071,0,0,0,0,25589,0,0,0,0,9119,0,0,0,2496,0,0,0,0,566,0,0,0,0,74,0,0,0,0,7,0,0,0,0
0,0,0,0,3,0,0,0,0,65,0,0,0,400,0,0,0,0,1800,0,0,0,0,6133,0,0,0,18499,0,0,0,0,45870,0,0,0,0,100156,0,0,0,193391,0,0,0,0,333777,0,0,0,0,520235,0,0,0,735870,0,0,0,0,954045,0,0,0,0,1133552,0,0,0,1232739,0,0,0,0,1230875,0,0,0,1131081,0,0,0,0,954974,0,0,0,0,738006,0,0,0,519748,0,0,0,0,333632,0,0,0,0,193855,0,0,0,100917,0,0,0,0,46443,0,0,0,0,18728,0,0,0,6428,0,0,0,0,1748,0,0,0,0,388,0,0,0,46,0,0,0,0,4,0,0,0,0
0,0,0,0,3,0,0,0,0,45,0,0,0,275,0,0,0,0,1230,0,0,0,4340,0,0,0,0,13479,0,0,0,34121,0,0,0,0,76176,0,0,0,151484,0,0,0,0,268356,0,0,0,431527,0,0,0,0,629651,0,0,0,843744,0,0,0,0,1037497,0,0,0,1173031,0,0,0,0,1221719,0,0,0,1171208,0,0,0,0,1037454,0,0,0,844030,0,0,0,0,631233,0,0,0,430959,0,0,0,0,268921,0,0,0,151923,0,0,0,0,76852,0,0,0,34403,0,0,0,0,13709,0,0,0,4571,0,0,0,0,1185,0,0,0,247,0,0,0,0,32,0,0,0,3,0,0,0,0
0,0,0,0,1,0,0,0,28,0,0,0,0,185,0,0,0,851,0,0,0,3113,0,0,0,0,9754,0,0,0,25316,0,0,0,57819,0,0,0,0,117636,0,0,0,214658,0,0,0,0,354090,0,0,0,534166,0,0,0,735861,0,0,0,0,936582,0,0,0,1098069,0,0,0,1187786,0,0,0,0,1186175,0,0,0,1097052,0,0,0,936309,0,0,0,0,737794,0,0,0,534012,0,0,0,0,354992,0,0,0,214747,0,0,0,118366,0,0,0,0,58166,0,0,0,25787,0,0,0,9890,0,0,0,0,3185,0,0,0,824,0,0,0,166,0,0,0,0,25,0,0,0,3,0,0,0,0
0,0,0,0,0,0,0,0,17,0,0,0,130,0,0,0,576,0,0,0,0,2247,0,0,0,7008,0,0,0,18882,0,0,0,43473,0,0,0,0,91214,0,0,0,170216,0,0,0,289405,0,0,0,447915,0,0,0,0,635916,0,0,0,834405,0,0,0,1011324,0,0,0,1134808,0,0,0,0,1177051,0,0,0,1131984,0,0,0,1012191,0,0,0,834209,0,0,0,637132,0,0,0,0,448327,0,0,0,289509,0,0,0,170540,0,0,0,91612,0,0,0,0,44279,0,0,0,18993,0,0,0,7066,0,0,0,2247,0,0,0,0,598,0,0,0,119,0,0,0,12,0,0,0,3,0,0,0,0
0,0,0,0,0,0,0,0,8,0,0,0,97,0,0,0,408,0,0,0,1568,0,0,0,5103,0,0,0,13938,0,0,0,32833,0,0,0,0,70380,0,0,0,134139,0,0,0,234408,0,0,0,372891,0,0,0,544287,0,0,0,735169,0,0,0,918776,0,0,0,1065209,0,0,0,1146240,0,0,0,0,1145593,0,0,0,1064731,0,0,0,919915,0,0,0,735015,0,0,0,544620,0,0,0,373418,0,0,0,234517,0,0,0,134875,0,0,0,70628,0,0,0,0,33409,0,0,0,14026,0,0,0,5134,0,0,0,1570,0,0,0,415,0,0,0,77,0,0,0,10,0,0,0,1,0,0,0,0
0,0,0,0,0,0,0,0,5,0,0,0,62,0,0,0,282,0,0,0,1137,0,0,0,3609,0,0,0,10387,0,0,0,24537,0,0,0,54210,0,0,0,105017,0,0,0,188837,0,0,0,307527,0,0,0,461974,0,0,0,640493,0,0,0,823716,0,0,0,987058,0,0,0,1097499,0,0,0,1137402,0,0,0,1098057,0,0,0,986147,0,0,0,825412,0,0,0,639167,0,0,0,463512,0,0,0,307073,0,0,0,189159,0,0,0,106278,0,0,0,54254,0,0,0,25211,0,0,0,10309,0,0,0,3607,0,0,0,1137,0,0,0,279,0,0,0,48,0,0,0,6,0,0,0,0,0,0,0
0,0,0,0,0,0,0,3,0,0,0,32,0,0,0,201,0,0,0,820,0,0,0,2568,0,0,0,7746,0,0,0,18440,0,0,0,41211,0,0,82498,0,0,0,150584,0,0,0,252131,0,0,0,387767,0,0,0,553936,0,0,0,730346,0,0,0,902248,0,0,0,1035141,0,0,0,1109621,0,0,1108757,0,0,0,1035411,0,0,0,902931,0,0,0,730583,0,0,0,553441,0,0,0,389314,0,0,0,251338,0,0,0,151414,0,0,0,83328,0,0,41569,0,0,0,18872,0,0,0,7530,0,0,0,2579,0,0,0,824,0,0,0,187,0,0,0,32,0,0,0,5,0,0,0,0,0,0,0
0,0,0,0,0,0,0,3,0,0,0,23,0,0,0,123,0,0,605,0,0,0,1837,0,0,0,5573,0,0,0,13953,0,0,0,31424,0,0,64335,0,0,0,119627,0,0,0,205484,0,0,0,323904,0,0,0,472771,0,0,642575,0,0,0,813764,0,0,0,963966,0,0,0,1063643,0,0,0,1102623,0,0,1064773,0,0,0,963072,0,0,0,813224,0,0,0,643547,0,0,473218,0,0,0,324374,0,0,0,205660,0,0,0,120321,0,0,0,65069,0,0,31729,0,0,0,14104,0,0,0,5502,0,0,0,1813,0,0,0,616,0,0,130,0,0,0,19,0,0,0,4,0,0,0,0,0,0,0
0,0,0,0,0,0,0,1,0,0,0,17,0,0,75,0,0,0,415,0,0,0,1352,0,0,4099,0,0,0,10333,0,0,0,24074,0,0,49830,0,0,0,94787,0,0,0,166190,0,0,0,268320,0,0,400882,0,0,0,558628,0,0,0,727935,0,0,885464,0,0,0,1006796,0,0,0,1075718,0,0,1076104,0,0,0,1006866,0,0,0,886267,0,0,726020,0,0,0,559376,0,0,0,402232,0,0,0,269032,0,0,166080,0,0,0,95606,0,0,0,50472,0,0,23927,0,0,0,10628,0,0,0,4013,0,0,1330,0,0,0,438,0,0,0,86,0,0,13,0,0,0,2,0,0,0,0,0,0,0
0,0,0,0,0,0,0,0,0,0,14,0,0,0,57,0,0,0,279,0,0,948,0,0,0,3014,0,0,7782,0,0,0,18207,0,0,0,38664,0,0,74465,0,0,0,134231,0,0,220875,0,0,0,337684,0,0,0,481437,0,0,643429,0,0,0,804532,0,0,940850,0,0,0,1033691,0,0,0,1068753,0,0,1034586,0,0,0,941335,0,0,804404,0,0,0,642293,0,0,0,482811,0,0,338893,0,0,0,221892,0,0,133450,0,0,0,75693,0,0,0,38681,0,0,18322,0,0,0,7905,0,0,2886,0,0,0,969,0,0,0,313,0,0,56,0,0,0,5,0,0,2,0,0,0,0,0,0,0
0,0,0,0,0,0,0,0,0,0,9,0,0,0,41,0,0,208,0,0,0,661,0,0,2202,0,0,0,5801,0,0,13799,0,0,0,29768,0,0,58674,0,0,0,107121,0,0,180987,0,0,0,282412,0,0,412291,0,0,0,563083,0,0,723222,0,0,0,869266,0,0,981534,0,0,0,1043753,0,0,1044262,0,0,0,981258,0,0,869854,0,0,0,722331,0,0,563536,0,0,0,412707,0,0,283905,0,0,0,181240,0,0,107796,0,0,0,59103,0,0,29724,0,0,0,13922,0,0,5828,0,0,0,2135,0,0,721,0,0,0,209,0,0,39,0,0,0,5,0,0,1,0,0,0,0,0,0,0
0,0,0,0,0,0,0,0,0,0,9,0,0,22,0,0,0,138,0,0,472,0,0,0,1572,0,0,4340,0,0,10315,0,0,0,23024,0,0,45854,0,0,0,85353,0,0,147475,0,0,0,234599,0,0,350485,0,0,489887,0,0,0,641702,0,0,794450,0,0,0,921462,0,0,1005693,0,0,0,1036551,0,0,1007181,0,0,920216,0,0,0,792552,0,0,643269,0,0,0,490115,0,0,351086,0,0,0,235623,0,0,147880,0,0,85773,0,0,0,46467,0,0,22681,0,0,0,10627,0,0,4269,0,0,0,1594,0,0,484,0,0,153,0,0,0,31,0,0,4,0,0,0,0,0,0,0,0,0,0
0,0,0,0,0,0,0,0,0,0,5,0,0,16,0,0,104,0,0,0,338,0,0,1111,0,0,3211,0,0,0,7788,0,0,17629,0,0,35943,0,0,0,67534,0,0,119597,0,0,194131,0,0,0,295585,0,0,422628,0,0,566130,0,0,0,716779,0,0,854170,0,0,957903,0,0,0,1014300,0,0,1015426,0,0,0,959064,0,0,851912,0,0,715937,0,0,0,567231,0,0,423282,0,0,296301,0,0,0,195159,0,0,119690,0,0,68036,0,0,0,35983,0,0,17706,0,0,8001,0,0,0,3117,0,0,1171,0,0,353,0,0,0,111,0,0,22,0,0,4,0,0,0,0,0,0,0,0,0,0
0,0,0,0,0,0,0,0,0,1,0,0,0,16,0,0,72,0,0,255,0,0,821,0,0,0,2347,0,0,5846,0,0,13520,0,0,0,27896,0,0,53659,0,0,96079,0,0,159144,0,0,0,248304,0,0,361988,0,0,495298,0,0,641312,0,0,0,783748,0,0,900454,0,0,980543,0,0,0,1007928,0,0,981651,0,0,900288,0,0,781926,0,0,0,640974,0,0,496706,0,0,362128,0,0,249006,0,0,0,160515,0,0,95945,0,0,53754,0,0,0,28174,0,0,13592,0,0,5963,0,0,2378,0,0,0,820,0,0,264,0,0,74,0,0,15,0,0,0,4,0,0,0,0,0,0,0,0,0
0,0,0,0,0,0,0,0,0,1,0,0,11,0,0,0,50,0,0,184,0,0,587,0,0,1718,0,0,4421,0,0,0,10176,0,0,21833,0,0,42265,0,0,76995,0,0,130438,0,0,0,207101,0,0,307694,0,0,430596,0,0,568794,0,0,709848,0,0,0,839637,0,0,936183,0,0,986927,0,0,988575,0,0,935216,0,0,0,837681,0,0,709605,0,0,570067,0,0,431178,0,0,308064,0,0,0,207980,0,0,130597,0,0,77236,0,0,42300,0,0,21975,0,0,0,10467,0,0,4425,0,0,1716,0,0,609,0,0,188,0,0,0,59,0,0,8,0,0,3,0,0,0,0,0,0,0,0,0
0,0,0,0,0,0,0,0,0,0,0,0,5,0,0,42,0,0,119,0,0,441,0,0,0,1285,0,0,3338,0,0,7678,0,0,16733,0,0,33437,0,0,61371,0,0,106494,0,0,171615,0,0,0,260246,0,0,370892,0,0,501222,0,0,638367,0,0,773176,0,0,882168,0,0,956250,0,0,0,982141,0,0,955837,0,0,882172,0,0,771260,0,0,638693,0,0,501823,0,0,372545,0,0,260143,0,0,0,172235,0,0,106400,0,0,61653,0,0,33481,0,0,17045,0,0,7876,0,0,3329,0,0,1282,0,0,0,428,0,0,139,0,0,40,0,0,5,0,0,2,0,0,0,0,0,0,0,0,0
0,0,0,0,0,0,0,0,0,0,0,0,3,0,0,29,0,0,98,0,0,315,0,0,928,0,0,2518,0,0,5890,0,0,12886,0,0,25987,0,0,49075,0,0,86248,0,0,141572,0,0,0,218925,0,0,317954,0,0,437241,0,0,570597,0,0,703488,0,0,825027,0,0,914401,0,0,963108,0,0,962599,0,0,914062,0,0,822091,0,0,705100,0,0,570114,0,0,438411,0,0,319263,0,0,218640,0,0,0,142184,0,0,86225,0,0,49090,0,0,26384,0,0,13085,0,0,6025,0,0,2456,0,0,951,0,0,298,0,0,106,0,0,29,0,0,3,0,0,2,0,0,0,0,0,0,0,0,0
0,0,0,0,0,0,0,0,0,0,0,0,2,0,0,20,0,0,73,0,0,233,0,0,699,0,0,1833,0,0,4493,0,0,9940,0,0,20406,0,0,38967,0,0,69420,0,0,116430,0,0,182719,0,0,271211,0,0,378769,0,0,505212,0,0,636429,0,0,761754,0,0,865751,0,0,933801,0,0,955710,0,0,933029,0,0,864372,0,0,760984,0,0,637195,0,0,505307,0,0,381009,0,0,271256,0,0,182673,0,0,117104,0,0,69535,0,0,38756,0,0,20761,0,0,10127,0,0,4590,0,0,1821,0,0,698,0,0,227,0,0,66,0,0,23,0,0,2,0,0,1,0,0,0,0,0,0,0,0
0,0,0,0,0,0,0,0,0,0,0,1,0,0,12,0,0,57,0,0,162,0,0,542,0,0,1363,0,0,3361,0,0,7651,0,0,16073,0,0,30519,0,0,55760,0,0,95149,0,0,152238,0,229495,0,0,327021,0,0,444126,0,0,570796,0,0,696890,0,0,809561,0,0,895537,0,0,940741,0,0,938030,0,0,894218,0,0,809513,0,0,697048,0,0,571237,0,0,444045,0,0,328375,0,0,230014,0,152022,0,0,95786,0,0,55701,0,0,30779,0,0,16193,0,0,7879,0,0,3401,0,0,1339,0,0,537,0,0,163,0,0,58,0,0,14,0,0,0,0,0,1,0,0,0,0,0,0,0,0
0,0,0,0,0,0,0,0,0,0,0,1,0,0,9,0,0,44,0,0,105,0,0,388,0,1079,0,0,2459,0,0,5848,0,0,12513,0,0,24229,0,0,44451,0,0,77560,0,0,126070,0,192849,0,0,280619,0,0,387084,0,0,508745,0,0,633301,0,0,751070,0,0,848385,0,0,913274,0,0,933393,0,911379,0,0,846969,0,0,751098,0,0,632983,0,0,508947,0,0,387573,0,0,281695,0,0,193538,0,126104,0,0,77752,0,0,44752,0,0,24325,0,0,12640,0,0,6071,0,0,2537,0,0,998,0,404,0,0,116,0,0,40,0,0,10,0,0,1,0,0,0,0,0,0,0,0,0,0,0
0,0,0,0,0,0,0,0,0,0,0,1,0,0,3,0,35,0,0,87,0,0,259,0,0,807,0,0,1875,0,0,4490,0,9578,0,0,19336,0,0,35306,0,0,62652,0,0,104214,0,0,161775,0,238574,0,0,336223,0,0,449541,0,0,570738,0,0,690318,0,796391,0,0,876406,0,0,918662,0,0,917584,0,0,874239,0,0,795062,0,690604,0,0,571272,0,0,448807,0,0,336626,0,0,240118,0,0,162073,0,104285,0,0,63089,0,0,35630,0,0,19227,0,0,9876,0,4580,0,0,1887,0,0,741,0,0,313,0,0,88,0,0,28,0,8,0,0,0,0,0,0,0,0,0,0,0,0,0,0
0,0,0,0,0,0,0,0,0,0,0,0,0,4,0,0,22,0,0,65,0,0,191,0,581,0,0,1470,0,0,3359,0,0,7440,0,0,15092,0,28372,0,0,50368,0,0,85534,0,0,134929,0,202460,0,0,290059,0,0,394124,0,0,510276,0,630586,0,0,740147,0,0,832566,0,0,893713,0,0,911698,0,891681,0,0,830548,0,0,740505,0,0,629601,0,510654,0,0,393990,0,0,290872,0,0,203567,0,135433,0,0,85542,0,0,50927,0,0,28498,0,0,15243,0,7490,0,0,3504,0,0,1409,0,0,584,0,220,0,0,55,0,0,22,0,0,7,0,0,0,0,0,0,0,0,0,0,0,0,0
0,0,0,0,0,0,0,0,0,0,0,0,0,4,0,0,13,0,0,46,0,145,0,0,413,0,0,1115,0,2612,0,0,5732,0,0,11807,0,0,22458,0,40677,0,0,69705,0,0,112195,0,170733,0,0,248960,0,0,343636,0,0,453092,0,569366,0,0,684582,0,0,783049,0,859464,0,0,897210,0,0,896931,0,0,856996,0,782410,0,0,683859,0,0,569893,0,452134,0,0,344650,0,0,249671,0,0,171625,0,112501,0,0,70033,0,0,40958,0,22703,0,0,11834,0,0,5842,0,0,2613,0,1075,0,0,446,0,0,159,0,42,0,0,16,0,0,3,0,0,0,0,0,0,0,0,0,0,0,0,0
0,0,0,0,0,0,0,0,0,0,0,0,0,3,0,0,11,0,26,0,0,120,0,0,289,0,861,0,0,1977,0,0,4412,0,9230,0,0,17858,0,0,32730,0,56782,0,0,92926,0,0,143199,0,212105,0,0,298339,0,0,400124,0,510617,0,0,626217,0,0,731830,0,817480,0,0,874053,0,0,891692,0,873048,0,0,816109,0,0,730169,0,626099,0,0,511110,0,0,399416,0,299373,0,0,212580,0,0,144248,0,93419,0,0,56957,0,0,32960,0,17887,0,0,9384,0,0,4449,0,2019,0,0,810,0,0,332,0,114,0,0,29,0,0,12,0,3,0,0,0,0,0,0,0,0,0,0,0,0,0
0,0,0,0,0,0,0,0,0,0,0,0,0,2,0,9,0,0,18,0,87,0,0,226,0,0,626,0,1531,0,0,3430,0,0,7168,0,14208,0,0,26106,0,46000,0,0,76678,0,0,119992,0,180042,0,0,256682,0,351677,0,0,455220,0,0,568561,0,677161,0,0,771194,0,0,840742,0,880081,0,0,877378,0,840034,0,0,771091,0,0,676173,0,567898,0,0,456239,0,0,351144,0,257411,0,0,180569,0,120982,0,0,76872,0,0,46550,0,26100,0,0,14325,0,7278,0,0,3420,0,0,1559,0,581,0,0,248,0,0,76,0,31,0,0,6,0,2,0,0,0,0,0,0,0,0,0,0,0,0,0
0,0,0,0,0,0,0,0,0,0,0,0,2,0,0,6,0,0,14,0,54,0,0,188,0,454,0,0,1149,0,2656,0,0,5588,0,0,11193,0,20893,0,0,37173,0,62679,0,0,100212,0,152049,0,0,220233,0,0,306194,0,405044,0,0,511866,0,621423,0,0,721966,0,801800,0,0,857195,0,0,874211,0,854024,0,0,801150,0,721846,0,0,620628,0,513127,0,0,404785,0,0,305851,0,221253,0,0,152844,0,100755,0,0,63072,0,37488,0,0,20809,0,0,11402,0,5621,0,0,2624,0,1170,0,0,450,0,178,0,0,62,0,0,21,0,4,0,0,2,0,0,0,0,0,0,0,0,0,0,0,0
0,0,0,0,0,0,0,0,0,0,0,0,1,0,0,3,0,13,0,0,30,0,128,0,0,352,0,916,0,0,2023,0,4360,0,0,8613,0,16812,0,0,29917,0,51174,0,0,83051,0,0,128208,0,188227,0,0,265162,0,356404,0,0,459913,0,566005,0,0,670367,0,759307,0,0,824441,0,861694,0,0,859741,0,824015,0,0,758460,0,669506,0,0,566416,0,459493,0,0,356824,0,265307,0,0,188601,0,0,129222,0,83412,0,0,51563,0,30366,0,0,16631,0,8921,0,0,4327,0,2058,0,0,896,0,326,0,0,133,0,53,0,0,12,0,4,0,0,0,0,0,0,0,0,0,0,0,0,0,0,0
0,0,0,0,0,0,0,0,0,0,0,0,1,0,2,0,0,12,0,16,0,0,97,0,272,0,0,656,0,1571,0,0,3357,0,6798,0,0,13344,0,24119,0,0,41588,0,68630,0,0,107417,0,160036,0,0,228936,0,312067,0,0,410187,0,511927,0,0,617902,0,712510,0,0,788306,0,839169,0,0,856733,0,836416,0,787894,0,0,712693,0,616131,0,0,512634,0,409434,0,0,312886,0,229096,0,0,160638,0,108270,0,0,68853,0,42068,0,0,24361,0,13371,0,0,6994,0,3362,0,0,1591,0,660,0,0,257,0,92,0,0,43,0,10,0,0,1,0,0,0,0,0,0,0,0,0,0,0,0,0,0
0,0,0,0,0,0,0,0,0,0,0,0,0,0,2,0,0,9,0,12,0,63,0,0,221,0,487,0,0,1198,0,2631,0,0,5357,0,10454,0,0,19350,0,33921,0,56630,0,0,89421,0,136100,0,0,195521,0,272575,0,0,362243,0,461653,0,0,565112,0,662092,0,748345,0,0,809895,0,844510,0,0,841640,0,808233,0,0,748471,0,662451,0,563210,0,0,461669,0,362686,0,0,272902,0,196662,0,0,136238,0,90109,0,0,56768,0,34275,0,19632,0,0,10573,0,5451,0,0,2619,0,1184,0,0,535,0,186,0,0,73,0,31,0,7,0,0,1,0,0,0,0,0,0,0,0,0,0,0,0,0,0
0,0,0,0,0,0,0,0,0,0,0,0,0,0,1,0,4,0,0,13,0,48,0,0,154,0,372,0,926,0,0,2015,0,4262,0,0,8221,0,15538,0,27575,0,0,46427,0,74313,0,0,114626,0,167128,0,236496,0,0,318868,0,412959,0,0,512753,0,613478,0,702724,0,0,775235,0,823252,0,0,839256,0,820848,0,775154,0,0,703407,0,611062,0,0,512907,0,413020,0,318872,0,0,237078,0,168185,0,0,115162,0,74582,0,46761,0,0,27734,0,15827,0,0,8330,0,4293,0,1981,0,0,954,0,370,0,0,155,0,54,0,23,0,0,4,0,1,0,0,0,0,0,0,0,0,0,0,0,0,0,0
0,0,0,0,0,0,0,0,0,0,0,0,0,0,0,0,4,0,6,0,0,39,0,106,0,293,0,0,673,0,1629,0,0,3313,0,6553,0,12369,0,0,22320,0,38029,0,61568,0,0,96031,0,142720,0,203616,0,0,279451,0,366388,0,0,463962,0,562565,0,655593,0,0,737333,0,794917,0,826935,0,0,826160,0,795191,0,736275,0,0,655673,0,560890,0,463260,0,0,367362,0,279487,0,0,204604,0,143484,0,96714,0,0,61697,0,38504,0,22441,0,0,12551,0,6680,0,3301,0,0,1563,0,697,0,0,292,0,110,0,39,0,0,18,0,2,0,0,0,0,0,0,0,0,0,0,0,0,0,0,0,0
0,0,0,0,0,0,0,0,0,0,0,0,0,0,0,0,3,0,5,0,27,0,0,74,0,205,0,557,0,0,1254,0,2545,0,5106,0,0,9896,0,18181,0,30984,0,0,50784,0,80122,0,121116,0,0,174586,0,243911,0,324626,0,0,415440,0,513022,0,607458,0,0,694487,0,763221,0,807899,0,0,822288,0,806931,0,762356,0,693011,0,0,607887,0,511938,0,416170,0,0,324483,0,243777,0,175825,0,0,121932,0,80561,0,51363,0,0,31323,0,18131,0,10007,0,0,5301,0,2541,0,1214,0,0,511,0,227,0,77,0,0,28,0,16,0,1,0,0,0,0,0,0,0,0,0,0,0,0,0,0,0,0
0,0,0,0,0,0,0,0,0,0,0,0,0,0,0,0,1,0,5,0,17,0,62,0,0,151,0,410,0,967,0,0,1981,0,3993,0,7939,0,14538,0,0,25479,0,41803,0,66648,0,0,102188,0,149794,0,211011,0,285705,0,0,370796,0,464265,0,559539,0,0,649933,0,726803,0,781595,0,811081,0,0,810516,0,782478,0,723526,0,0,648442,0,559670,0,465246,0,370872,0,0,285400,0,211435,0,150664,0,0,103070,0,66900,0,42893,0,25349,0,0,14526,0,8005,0,4097,0,0,2022,0,933,0,408,0,160,0,0,52,0,32,0,7,0,0,1,0,0,0,0,0,0,0,0,0,0,0,0,0,0,0
0,0,0,0,0,0,0,0,0,0,0,0,0,0,0,0,0,0,5,0,8,0,54,0,108,0,0,297,0,767,0,1536,0,3167,0,0,6339,0,11461,0,20775,0,34723,0,0,55206,0,85992,0,127559,0,182324,0,0,250019,0,328867,0,418578,0,511528,0,0,603784,0,685066,0,752376,0,792789,0,0,806909,0,793465,0,748974,0,684528,0,0,602344,0,512186,0,418357,0,329855,0,0,250413,0,182196,0,128523,0,86663,0,0,56045,0,34993,0,20558,0,11732,0,0,6322,0,3222,0,1576,0,704,0,0,329,0,118,0,36,0,26,0,0,6,0,0,0,0,0,0,0,0,0,0,0,0,0,0,0,0,0
0,0,0,0,0,0,0,0,0,0,0,0,0,0,0,0,0,3,0,5,0,0,41,0,91,0,204,0,584,0,0,1259,0,2409,0,5026,0,9245,0,16877,0,0,28440,0,45814,0,71890,0,108599,0,156175,0,0,217752,0,291171,0,374500,0,465718,0,0,556587,0,642336,0,716445,0,769198,0,796256,0,0,796968,0,768073,0,713161,0,642763,0,555957,0,0,465676,0,374651,0,291846,0,218167,0,0,156666,0,109423,0,72474,0,46713,0,28520,0,0,16568,0,9449,0,5028,0,2537,0,1226,0,0,532,0,249,0,82,0,30,0,0,20,0,4,0,0,0,0,0,0,0,0,0,0,0,0,0,0,0,0,0
0,0,0,0,0,0,0,0,0,0,0,0,0,0,0,0,0,3,0,3,0,20,0,0,81,0,164,0,399,0,1031,0,1906,0,4002,0,0,7327,0,13579,0,23280,0,38010,0,59879,0,0,91888,0,134000,0,188469,0,255710,0,334123,0,420710,0,0,510940,0,598621,0,676443,0,739782,0,780040,0,0,792897,0,779551,0,736839,0,676274,0,598358,0,510056,0,0,421031,0,334251,0,256695,0,189092,0,134066,0,0,92614,0,60796,0,38697,0,23127,0,13475,0,7563,0,0,3993,0,1981,0,923,0,428,0,181,0,0,64,0,28,0,16,0,2,0,0,0,0,0,0,0,0,0,0,0,0,0,0,0,0,0
0,0,0,0,0,0,0,0,0,0,0,0,0,0,0,0,0,1,0,3,0,15,0,62,0,122,0,320,0,0,740,0,1545,0,3086,0,5938,0,10974,0,18957,0,31378,0,0,49829,0,77234,0,114761,0,162481,0,223640,0,296075,0,0,377956,0,465848,0,554659,0,635601,0,705769,0,757292,0,781609,0,0,784192,0,754861,0,703245,0,636312,0,553319,0,465861,0,377938,0,0,296629,0,224597,0,163547,0,114496,0,78059,0,50946,0,0,31707,0,18842,0,10975,0,6027,0,3203,0,1495,0,708,0,0,342,0,120,0,59,0,20,0,11,0,2,0,0,0,0,0,0,0,0,0,0,0,0,0,0,0,0,0
0,0,0,0,0,0,0,0,0,0,0,0,0,0,0,0,0,0,0,3,0,10,0,43,0,99,0,231,0,598,0,1169,0,2514,0,0,4749,0,8601,0,15512,0,25887,0,41649,0,64739,0,97461,0,140088,0,195146,0,0,261107,0,337976,0,422287,0,509307,0,594062,0,668711,0,728281,0,766120,0,0,779827,0,767188,0,725237,0,667744,0,593430,0,509591,0,422728,0,337786,0,261954,0,0,195476,0,140610,0,97684,0,65786,0,42357,0,26097,0,15182,0,8926,0,0,4847,0,2474,0,1166,0,542,0,259,0,102,0,40,0,16,0,7,0,0,2,0,0,0,0,0,0,0,0,0,0,0,0,0,0,0,0
0,0,0,0,0,0,0,0,0,0,0,0,0,0,0,0,0,0,1,0,7,0,33,0,0,81,0,183,0,434,0,943,0,1995,0,3790,0,6954,0,12412,0,21317,0,34712,0,54016,0,0,82497,0,120285,0,168870,0,230298,0,300403,0,380538,0,466050,0,551012,0,629533,0,696735,0,743246,0,769891,0,0,770401,0,742666,0,693669,0,629482,0,551383,0,465873,0,380474,0,301637,0,229905,0,169735,0,120208,0,0,83233,0,54985,0,35253,0,21139,0,12507,0,7193,0,3860,0,1917,0,901,0,426,0,198,0,74,0,0,33,0,14,0,5,0,1,0,0,0,0,0,0,0,0,0,0,0,0,0,0,0,0
0,0,0,0,0,0,0,0,0,0,0,0,0,0,0,0,0,0,0,0,5,0,24,0,56,0,156,0,316,0,730,0,1559,0,3016,0,0,5592,0,10079,0,17439,0,28673,0,45255,0,69504,0,102551,0,146578,0,200924,0,266585,0,341842,0,422498,0,508424,0,589128,0,661093,0,717668,0,754270,0,0,765993,0,753892,0,714665,0,659741,0,589252,0,507803,0,424004,0,341889,0,266686,0,201296,0,146789,0,102897,0,70357,0,46092,0,28890,0,17461,0,10074,0,5870,0,0,3001,0,1510,0,707,0,337,0,134,0,65,0,25,0,8,0,5,0,0,0,0,0,0,0,0,0,0,0,0,0,0,0,0,0,0
0,0,0,0,0,0,0,0,0,0,0,0,0,0,0,0,0,0,0,0,3,0,11,0,47,0,129,0,252,0,551,0,1224,0,2406,0,4525,0,8140,0,14055,0,23843,0,37698,0,58740,0,86994,0,126233,0,174626,0,235492,0,305608,0,381724,0,466377,0,547940,0,623656,0,686996,0,732804,0,756686,0,0,756551,0,731832,0,684763,0,622679,0,547771,0,465871,0,383679,0,305557,0,235050,0,175913,0,126245,0,87854,0,58912,0,38431,0,23806,0,14257,0,8303,0,4645,0,2370,0,1172,0,535,0,263,0,111,0,47,0,21,0,6,0,4,0,0,0,0,0,0,0,0,0,0,0,0,0,0,0,0,0,0
0,0,0,0,0,0,0,0,0,0,0,0,0,0,0,0,0,0,0,0,3,0,8,0,35,0,94,0,207,0,432,0,926,0,1911,0,3595,0,6643,0,11399,0,19586,0,31478,0,49225,0,74063,0,107851,0,151824,0,207031,0,271259,0,344403,0,424379,0,507381,0,583670,0,653070,0,707743,0,742264,0,753482,0,740317,0,705898,0,651853,0,584095,0,506226,0,425366,0,345021,0,272050,0,206537,0,152220,0,108575,0,74536,0,49653,0,31909,0,19565,0,11731,0,6703,0,3622,0,1896,0,917,0,413,0,200,0,83,0,36,0,16,0,7,0,1,0,0,0,0,0,0,0,0,0,0,0,0,0,0,0,0,0
0,0,0,0,0,0,0,0,0,0,0,0,0,0,0,0,0,0,0,2,0,7,0,22,0,72,0,158,0,347,0,709,0,1500,0,2852,0,5357,0,9317,0,15915,0,26202,0,41257,0,62832,0,92126,0,131301,0,180767,0,240524,0,308296,0,385289,0,465806,0,544648,0,616377,0,678870,0,721185,0,744896,744268,0,721158,0,675908,0,616261,0,544162,0,465744,0,386587,0,309211,0,240250,0,180808,0,131461,0,93080,0,63119,0,41556,0,26411,0,16252,0,9496,0,5373,0,2897,0,1467,0,715,0,330,0,157,0,55,0,28,0,16,0,3,0,1,0,0,0,0,0,0,0,0,0,0,0,0,0,0,0,0,0
0,0,0,0,0,0,0,0,0,0,0,0,0,0,0,0,0,0,0,2,0,5,0,17,0,51,0,121,0,271,0,567,0,1173,0,2258,4301,0,7549,0,12999,0,21753,0,34307,0,53176,0,78606,0,113111,0,157397,0,212036,0,275542,0,347635,0,425558,0,504517,0,579766,0,645264,0,698268,0,729686,0,740897,730279,0,696120,0,644028,0,579840,0,503573,0,426233,0,348162,0,276395,0,211968,0,157416,0,113576,0,79373,0,53239,0,34632,0,21994,0,13335,0,7678,0,4248,2326,0,1147,0,545,0,262,0,122,0,46,0,25,0,10,0,3,0,0,0,0,0,0,0,0,0,0,0,0,0,0,0,0,0,0,0
0,0,0,0,0,0,0,0,0,0,0,0,0,0,0,0,0,0,0,2,0,7,0,15,0,42,0,118,0,261,0,533,0,1119,0,2141,4037,0,7252,0,12715,0,21072,0,33625,0,52064,0,77344,0,111264,0,155190,0,210064,0,274373,0,346914,0,425176,0,505250,0,581356,0,647704,0,699869,0,733283,0,744866,734210,0,699427,0,648089,0,580364,0,504995,0,424617,0,348175,0,274114,0,210238,0,155779,0,112385,0,77683,0,51930,0,33999,0,21229,0,12764,0,7462,0,4044,2197,0,1071,0,552,0,242,0,111,0,42,0,21,0,10,0,2,0,0,0,0,0,0,0,0,0,0,0,0,0,0,0,0,0,0,0
0,0,0,0,0,0,0,0,0,0,0,0,0,0,0,0,0,0,0,2,0,8,0,10,0,40,0,108,0,253,0,465,0,1067,0,2127,3717,0,6964,0,12170,0,20446,0,32665,0,50916,0,75482,0,109822,0,153201,0,207964,0,272837,0,346514,0,424279,0,506006,0,583933,0,649108,0,703588,0,737291,0,748578,739181,0,702163,0,649829,0,582631,0,505374,0,424648,0,346456,0,273324,0,208342,0,153922,0,110060,0,76321,0,51067,0,32619,0,20626,0,12332,0,7049,0,3888,2082,0,1025,0,503,0,228,0,101,0,47,0,17,0,10,0,2,0,0,0,0,0,0,0,0,0,0,0,0,0,0,0,0,0,0,0
0,0,0,0,0,0,0,0,0,0,0,0,0,0,0,0,0,0,0,1,0,6,0,10,0,40,0,104,0,204,0,466,0,1010,0,1920,3598,0,6717,0,11614,0,19852,0,31767,0,49530,0,74150,0,107591,0,151949,0,206329,0,270881,0,344717,0,424886,0,506406,0,583419,0,653860,0,706291,0,741592,0,752672,742527,0,705998,0,652258,0,585084,0,506461,0,423303,0,345377,0,271475,0,206669,0,151918,0,108626,0,74884,0,49649,0,31743,0,19709,0,11971,0,6758,0,3670,1904,0,998,0,461,0,213,0,108,0,37,0,16,0,6,0,3,0,0,0,0,0,0,0,0,0,0,0,0,0,0,0,0,0,0,0
0,0,0,0,0,0,0,0,0,0,0,0,0,0,0,0,0,0,0,1,0,7,0,6,0,36,0,94,0,200,0,440,0,920,0,1857,3483,0,6293,0,11279,0,19070,0,30965,0,48009,0,72762,0,106600,0,149765,0,203983,0,270292,0,343558,0,424762,0,505457,0,585878,0,655610,0,710828,0,744594,0,757969,744506,0,710496,0,654558,0,586975,0,505964,0,423279,0,344704,0,269338,0,204616,0,150658,0,106876,0,72852,0,48916,0,30888,0,19041,0,11521,0,6487,0,3448,1854,0,936,0,431,0,182,0,105,0,40,0,12,0,4,0,1,0,2,0,0,0,0,0,0,0,0,0,0,0,0,0,0,0,0,0
0,0,0,0,0,0,0,0,0,0,0,0,0,0,0,0,0,1,0,0,0,7,0,9,0,26,0,85,0,177,0,393,0,888,0,1774,3310,0,6064,0,10808,0,18517,0,30021,0,47269,0,71191,0,104753,0,148402,0,202344,0,268296,0,342696,0,423845,0,506741,0,587101,0,657658,0,713614,0,748795,0,762413,747809,0,713287,0,657971,0,587015,0,506420,0,423447,0,343427,0,267789,0,203268,0,148805,0,104849,0,71896,0,47638,0,30177,0,18613,0,10886,0,6300,0,3275,1728,0,872,0,434,0,159,0,92,0,35,0,12,0,3,0,2,0,0,0,1,0,0,0,0,0,0,0,0,0,0,0,0,0,0,0
0,0,0,0,0,0,0,0,0,0,0,0,0,0,0,0,0,0,0,1,0,5,0,11,0,27,0,74,0,153,0,404,0,830,0,1663,3062,0,5897,0,10480,0,17860,0,29236,0,46169,0,69930,0,103237,0,146405,0,201660,0,266037,0,342469,0,422815,0,507401,0,588067,0,659806,0,716748,0,753235,0,765008,752484,0,715404,0,660583,0,588234,0,506869,0,422117,0,343272,0,266462,0,201737,0,146598,0,103525,0,70496,0,46529,0,29520,0,18074,0,10515,0,6009,0,3197,1602,0,819,0,390,0,157,0,84,0,29,0,7,0,3,0,1,0,0,0,1,0,0,0,0,0,0,0,0,0,0,0,0,0,0,0
0,0,0,0,0,0,0,0,0,0,0,0,0,0,0,0,0,0,0,1,0,4,0,15,0,23,0,63,0,154,0,364,0,801,0,1544,3028,0,5643,0,10041,0,17290,0,28586,0,45245,0,68892,0,101362,0,144945,0,199971,0,264847,0,340508,0,423050,0,507248,0,589525,0,662058,0,720829,0,757305,0,766823,754642,0,719389,0,662884,0,589006,0,506862,0,423459,0,341622,0,265937,0,198700,0,145397,0,102345,0,69233,0,45544,0,28745,0,17536,0,10231,0,5665,0,3113,1533,0,764,0,357,0,172,0,66,0,31,0,5,0,3,0,1,0,1,0,0,0,0,0,0,0,0,0,0,0,0,0,0,0,0,0
0,0,0,0,0,0,0,0,0,0,0,0,0,0,0,0,0,0,0,1,0,3,0,8,0,27,0,54,0,147,0,350,0,781,0,1423,2922,0,5396,0,9683,0,16733,0,27869,0,44196,0,67875,0,99998,0,143359,0,198677,0,263332,0,339272,0,422309,0,507728,0,591101,0,664030,0,724090,0,759958,0,771193,757088,0,722948,0,664224,0,590160,0,508168,0,422082,0,341322,0,263437,0,198371,0,143614,0,100223,0,68519,0,44603,0,28022,0,16988,0,9917,0,5403,0,2991,1519,0,695,0,336,0,157,0,70,0,26,0,6,0,3,0,0,0,1,0,0,0,0,0,0,0,0,0,0,0,0,0,0,0,0,0
0,0,0,0,0,0,0,0,0,0,0,0,0,0,0,0,0,0,0,1,0,2,0,8,0,28,0,39,0,145,0,325,0,711,0,1384,2761,0,5202,0,9389,0,16300,0,27239,0,43454,0,65917,0,99374,0,142073,0,196354,0,262228,0,338827,0,422019,0,507730,0,591948,0,666367,0,727391,0,762690,0,774040,761566,0,723529,0,666472,0,592326,0,508079,0,422164,0,339398,0,262572,0,196867,0,142003,0,99555,0,67042,0,43698,0,27464,0,16428,0,9579,0,5249,0,2842,1384,0,674,0,325,0,160,0,55,0,18,0,9,0,3,0,0,0,1,0,0,0,0,0,0,0,0,0,0,0,0,0,0,0,0,0
0,0,0,0,0,0,0,0,0,0,0,0,0,0,0,0,0,0,0,1,0,2,0,8,0,23,0,46,0,123,0,310,0,660,0,1311,2671,0,5037,0,9129,0,15825,0,26613,0,42322,0,65416,0,97962,0,140722,0,194770,0,260973,0,338316,0,420884,0,507705,0,593700,0,668597,0,728987,0,764842,0,778498,764765,0,726910,0,666862,0,593393,0,509492,0,421825,0,337455,0,261587,0,195171,0,141122,0,98094,0,66093,0,42861,0,26714,0,16047,0,9257,0,5073,0,2697,1344,0,661,0,314,0,136,0,54,0,17,0,9,0,1,0,0,0,1,0,0,0,0,0,0,0,0,0,0,0,0,0,0,0,0,0
0,0,0,0,0,0,0,0,0,0,0,0,0,0,0,0,0,0,0,0,0,3,0,6,0,18,0,50,0,116,0,280,0,625,0,1240,2612,0,4775,0,8853,0,15628,0,25716,0,41738,0,64360,0,96378,0,139796,0,193603,0,259468,0,337160,0,421047,0,509033,0,594136,0,670255,0,730406,0,768866,0,780135,767682,0,730203,0,669197,0,594342,0,509340,0,421314,0,336783,0,260018,0,193657,0,139745,0,97013,0,65097,0,42057,0,26201,0,15770,0,8782,0,4903,0,2573,1324,0,601,0,300,0,132,0,48,0,15,0,6,0,1,0,0,0,1,0,0,0,0,0,0,0,0,0,0,0,0,0,0,0,0,0
0,0,0,0,0,0,0,0,0,0,0,0,0,0,0,0,0,0,0,0,0,3,0,5,0,17,0,48,0,106,0,263,0,575,0,1233,2434,0,4720,0,8608,0,15093,0,25251,0,40781,0,63602,0,95295,0,138309,0,192638,0,258236,0,336302,0,421386,0,508731,0,594637,0,671568,0,732487,0,771493,0,784281,769568,0,732363,0,671457,0,595952,0,508085,0,422531,0,335222,0,259033,0,192842,0,138136,0,95646,0,64265,0,41208,0,25740,0,15128,0,8561,0,4748,0,2527,1264,0,578,0,258,0,126,0,47,0,12,0,7,0,1,0,1,0,0,0,0,0,0,0,0,0,0,0,0,0,0,0,0,0,0,0
0,0,0,0,0,0,0,0,0,0,0,0,0,0,0,0,0,0,0,1,0,2,0,2,0,16,0,50,0,105,0,236,0,537,0,1198,2386,0,4549,0,8289,0,14801,0,24660,0,40108,0,62708,0,94411,0,136744,0,190769,0,258549,0,334672,0,421065,0,509072,0,595664,0,673279,0,734429,0,774009,0,786571,774290,0,732989,0,673963,0,595649,0,509336,0,421551,0,334614,0,258380,0,190988,0,137082,0,94457,0,63097,0,40579,0,25273,0,14755,0,8308,0,4590,0,2451,1172,0,577,0,252,0,113,0,37,0,18,0,3,0,1,0,0,0,1,0,0,0,0,0,0,0,0,0,0,0,0,0,0,0,0,0
0,0,0,0,0,0,0,0,0,0,0,0,0,0,0,0,0,0,0,0,0,3,0,0,0,10,0,43,0,104,0,224,0,513,0,1083,2331,0,4398,0,8138,0,14325,0,24247,0,39500,0,61692,0,93426,0,135178,0,190081,0,256943,0,334513,0,420237,0,509357,0,596267,0,675287,0,736811,0,776586,0,789480,776038,0,735914,0,674776,0,596910,0,509790,0,420827,0,334633,0,256337,0,189870,0,135836,0,93719,0,62088,0,39686,0,24883,0,14359,0,8064,0,4432,0,2374,1141,0,537,0,260,0,96,0,39,0,15,0,6,0,0,0,1,0,0,0,0,0,0,0,0,0,0,0,0,0,0,0,0,0,0,0
0,0,0,0,0,0,0,0,0,0,0,0,0,0,0,0,0,0,0,1,0,1,0,1,0,5,0,40,0,102,0,217,0,483,0,1053,2255,0,4298,0,7873,0,14063,0,23676,0,38805,0,60923,0,91879,0,134586,0,189078,0,255989,0,332724,0,420030,0,510504,0,597281,0,675921,0,738536,0,779798,0,791578,778926,0,738141,0,676075,0,597393,0,510686,0,419892,0,334375,0,255046,0,188608,0,134561,0,92899,0,61624,0,38951,0,23934,0,14127,0,7908,0,4296,0,2285,1061,0,532,0,228,0,110,0,29,0,16,0,3,0,2,0,0,0,0,0,0,0,0,0,0,0,0,0,0,0,0,0,0,0,0,0
0,0,0,0,0,0,0,0,0,0,0,0,0,0,0,0,0,0,0,1,0,1,0,2,0,6,0,41,0,83,0,201,0,482,0,1045,2166,0,4129,0,7728,0,13688,0,23367,0,37941,0,60494,0,90520,0,133539,0,187663,0,255104,0,332118,0,419345,0,511040,0,598497,0,677104,0,741919,0,780162,0,794663,781219,0,740001,0,677045,0,598975,0,510341,0,419853,0,333335,0,254032,0,187538,0,133945,0,91590,0,61090,0,37940,0,23784,0,13720,0,7618,0,4242,0,2150,1051,0,518,0,235,0,92,0,26,0,15,0,3,0,1,0,0,0,0,0,0,0,0,0,0,0,0,0,0,0,0,0,0,0,0,0
0,0,0,0,0,0,0,0,0,0,0,0,0,0,0,0,0,0,0,2,0,0,0,0,0,13,0,35,0,77,0,178,0,484,0,1024,2050,0,3986,0,7551,0,13415,0,22831,0,37619,0,59322,0,89972,0,131757,0,187251,0,253354,0,332481,0,418158,0,510969,0,599807,0,680075,0,742122,0,781894,0,797536,784405,0,742106,0,678423,0,599911,0,510544,0,418686,0,332300,0,253153,0,186632,0,132734,0,91006,0,59527,0,38033,0,23023,0,13483,0,7491,0,4046,0,2101,969,0,511,0,229,0,85,0,31,0,10,0,6,0,0,0,0,0,0,0,0,0,0,0,0,0,0,0,0,0,0,0,0,0,0,0
0,0,0,0,0,0,0,0,0,0,0,0,0,0,0,0,0,0,0,1,0,1,0,2,0,12,0,25,0,75,0,188,0,459,0,944,1999,0,3930,0,7260,0,13076,0,22548,0,37035,0,58300,0,89625,0,130808,0,185358,0,252437,0,331809,0,418762,0,509691,0,601424,0,680558,0,744409,0,785423,0,798899,785309,0,745639,0,680207,0,600163,0,511317,0,418220,0,330566,0,252288,0,185781,0,131650,0,90269,0,58670,0,37349,0,22511,0,13358,0,7344,0,3859,0,2084,967,0,456,0,217,0,81,0,28,0,10,0,7,0,0,0,0,0,0,0,0,0,0,0,0,0,0,0,0,0,0,0,0,0,0,0
0,0,0,0,0,0,0,0,0,0,0,0,0,0,0,0,0,0,0,1,0,1,0,1,0,11,0,24,0,76,0,170,0,422,0,940,1913,0,3723,0,7165,0,12885,0,22141,0,36640,0,57477,0,88892,0,130406,0,183407,0,251116,0,330934,0,419023,0,510743,0,601797,0,681351,0,745964,0,787938,0,801088,787403,0,747066,0,681955,0,601066,0,510956,0,417883,0,330381,0,251450,0,184189,0,131077,0,88891,0,58263,0,36784,0,22251,0,12961,0,7109,0,3841,0,1904,965,0,427,0,221,0,79,0,20,0,11,0,5,0,1,0,0,0,0,0,0,0,0,0,0,0,0,0,0,0,0,0,0,0,0,0
0,0,0,0,0,0,0,0,0,0,0,0,0,0,0,0,0,0,0,0,0,2,0,1,0,7,0,31,0,68,0,161,0,371,0,936,1887,0,3653,0,6808,0,12632,0,21672,0,36241,0,56912,0,87899,0,129213,0,182605,0,250469,0,329739,0,419288,0,511502,0,601959,0,683230,0,747731,0,788809,0,803011,789990,0,750021,0,681589,0,601744,0,510887,0,418580,0,329311,0,250268,0,183245,0,130074,0,88488,0,57402,0,36185,0,22020,0,12597,0,6894,0,3757,0,1860,932,0,433,0,187,0,72,0,18,0,9,0,7,0,1,0,0,0,0,0,0,0,0,0,0,0,0,0,0,0,0,0,0,0,0,0
0,0,0,0,0,0,0,0,0,0,0,0,0,0,0,0,0,0,0,0,0,2,0,0,0,9,0,32,0,58,0,157,0,384,0,854,1863,0,3608,0,6753,0,12099,0,21257,0,35600,0,56509,0,87165,0,127913,0,182363,0,249516,0,328967,0,418365,0,512918,0,601752,0,685181,0,748800,0,791563,0,804431,792193,0,749442,0,684930,0,602506,0,510761,0,417259,0,329527,0,249173,0,182616,0,129313,0,87514,0,56624,0,35667,0,21455,0,12444,0,6853,0,3568,0,1880,863,0,422,0,171,0,73,0,19,0,8,0,7,0,1,0,0,0,0,0,0,0,0,0,0,0,0,0,0,0,0,0,0,0,0,0
0,0,0,0,0,0,0,0,0,0,0,0,0,0,0,0,0,0,0,0,0,1,0,1,0,11,0,28,0,66,0,143,0,352,0,846,1728,0,3528,0,6787,0,11910,0,20854,0,34828,0,56011,0,86274,0,127207,0,181185,0,248281,0,329230,0,417792,0,512503,0,602835,0,685483,0,750602,0,792866,0,807875,793879,0,751165,0,685592,0,603852,0,511388,0,417073,0,327827,0,248648,0,181724,0,128482,0,86405,0,56176,0,35039,0,21225,0,12246,0,6599,0,3519,0,1813,882,0,376,0,177,0,61,0,15,0,12,0,5,0,1,0,0,0,0,0,0,0,0,0,0,0,0,0,0,0,0,0,0,0,0,0
0,0,0,0,0,0,0,0,0,0,0,0,0,0,0,0,0,0,0,0,0,0,0,3,0,10,0,19,0,66,0,147,0,330,0,811,1699,0,3343,0,6671,0,11753,0,20700,0,34210,0,55576,0,85397,0,126596,0,179736,0,248123,0,327716,0,418085,0,511418,0,603825,0,686926,0,752231,0,795014,0,810564,795002,0,753006,0,686373,0,604071,0,511538,0,416998,0,327510,0,248373,0,180680,0,127207,0,85447,0,55309,0,34826,0,21043,0,11993,0,6457,0,3371,0,1805,808,0,356,0,172,0,58,0,19,0,10,0,6,0,1,0,0,0,0,0,0,0,0,0,0,0,0,0,0,0,0,0,0,0,0,0
0,0,0,0,0,0,0,0,0,0,0,0,0,0,0,0,0,0,0,0,0,0,0,3,0,9,0,15,0,63,0,141,0,334,0,778,1600,0,3355,0,6418,0,11576,0,20314,0,34242,0,54751,0,84656,0,125386,0,179256,0,247556,0,327850,0,415691,0,512281,0,604162,0,688958,0,753413,0,796638,0,812892,795685,0,754400,0,688060,0,604540,0,511838,0,417125,0,327145,0,247332,0,179802,0,125793,0,84978,0,55041,0,34224,0,20527,0,11779,0,6360,0,3341,0,1719,788,0,342,0,160,0,60,0,19,0,7,0,4,0,1,0,0,0,0,0,0,0,0,0,0,0,0,0,0,0,0,0,0,0,0,0
0,0,0,0,0,0,0,0,0,0,0,0,0,0,0,0,0,0,0,0,0,0,0,2,0,9,0,15,0,61,0,130,0,340,0,718,1605,0,3233,0,6230,0,11384,0,20049,0,33595,0,54115,0,83888,0,124727,0,178682,0,246975,0,326460,0,415953,0,511610,0,605358,0,689615,0,755815,0,798482,0,813430,799279,0,755092,0,688613,0,605159,0,511517,0,416939,0,326557,0,246855,0,179205,0,124854,0,84240,0,54475,0,33994,0,20085,0,11494,0,6290,0,3262,0,1685,757,0,333,0,149,0,64,0,19,0,4,0,6,0,0,0,0,0,0,0,0,0,0,0,0,0,0,0,0,0,0,0,0,0,0,0
0,0,0,0,0,0,0,0,0,0,0,0,0,0,0,0,0,0,0,0,0,0,0,2,0,13,0,15,0,44,0,130,0,319,0,706,1519,0,3195,0,6129,0,11315,0,19637,0,32994,0,53551,0,83145,0,124331,0,177890,0,245902,0,325706,0,415532,0,511837,0,606101,0,691227,0,757070,0,799558,0,815425,800689,0,757630,0,689423,0,604373,0,511960,0,417073,0,326121,0,245879,0,178535,0,124044,0,83814,0,53618,0,33550,0,19862,0,11282,0,6202,0,3197,0,1562,727,0,349,0,128,0,67,0,21,0,5,0,3,0,1,0,0,0,0,0,0,0,0,0,0,0,0,0,0,0,0,0,0,0,0,0
0,0,0,0,0,0,0,0,0,0,0,0,0,0,0,0,0,0,0,0,0,1,0,0,0,11,0,19,0,43,0,126,0,300,0,691,1462,0,3145,0,5990,0,11080,0,19216,0,32736,0,53135,0,82637,0,123535,0,177203,0,244674,0,325302,0,415243,0,510998,0,607426,0,691384,0,759225,0,801071,0,817156,803683,0,758045,0,691089,0,604554,0,511696,0,416338,0,325735,0,245537,0,177184,0,123708,0,82876,0,53295,0,33065,0,19694,0,11129,0,6088,0,3098,0,1541,687,0,332,0,134,0,59,0,23,0,5,0,4,0,0,0,0,0,0,0,0,0,0,0,0,0,0,0,0,0,0,0,0,0,0,0
0,0,0,0,0,0,0,0,0,0,0,0,0,0,0,0,0,0,0,0,0,1,0,4,0,11,0,14,0,37,0,130,0,300,0,646,1454,0,3032,0,5923,0,10906,0,19068,0,32352,0,52371,0,82170,0,122515,0,176185,0,244482,0,325451,0,413980,0,512348,0,605836,0,693828,0,758673,0,804006,0,820221,803721,0,760076,0,692137,0,605381,0,510890,0,416258,0,325147,0,244534,0,176723,0,122847,0,82266,0,52834,0,32670,0,19318,0,10957,0,5907,0,3085,0,1502,663,0,335,0,130,0,50,0,22,0,7,0,4,0,0,0,0,0,0,0,0,0,0,0,0,0,0,0,0,0,0,0,0,0,0,0
0,0,0,0,0,0,0,0,0,0,0,0,0,0,0,0,0,0,0,0,0,0,0,4,0,13,0,13,0,38,0,115,0,301,0,655,1430,0,3008,0,5756,0,10711,0,18934,0,31758,0,52083,0,81444,0,121932,0,175561,0,243340,0,324832,0,415041,0,511135,0,606953,0,692949,0,761475,0,806139,0,820203,806799,0,761228,0,692610,0,605943,0,510577,0,416897,0,324221,0,243375,0,175531,0,122615,0,82115,0,52089,0,32187,0,19149,0,10777,0,5877,0,3000,0,1397,678,0,314,0,126,0,50,0,18,0,9,0,3,0,0,0,0,0,0,0,0,0,0,0,0,0,0,0,0,0,0,0,0,0,0,0
0,0,0,0,0,0,0,0,0,0,0,0,0,0,0,0,0,0,0,0,0,0,0,6,0,6,0,21,0,37,0,115,0,274,0,642,1446,0,2858,0,5714,0,10439,0,18720,0,31459,0,51370,0,80785,0,121541,0,174936,0,242621,0,323334,0,415615,0,510510,0,607823,0,693973,0,763349,0,806502,0,823620,807856,0,762140,0,693165,0,606411,0,511212,0,415158,0,324919,0,242569,0,174811,0,121504,0,81534,0,51801,0,31720,0,19057,0,10652,0,5693,0,2927,0,1388,669,0,324,0,98,0,56,0,15,0,10,0,2,0,1,0,0,0,0,0,0,0,0,0,0,0,0,0,0,0,0,0,0,0,0,0
0,0,0,0,0,0,0,0,0,0,0,0,0,0,0,0,0,0,0,0,0,1,0,7,0,4,0,19,0,29,0,119,0,262,0,636,1373,0,2795,0,5487,0,10440,0,18444,0,31394,0,50627,0,80493,0,120113,0,174946,0,242021,0,323008,0,414646,0,511571,0,607930,0,694317,0,764217,0,808826,0,825324,808158,0,764061,0,693895,0,607285,0,510941,0,415124,0,323983,0,241550,0,174663,0,120948,0,80521,0,51626,0,31449,0,18674,0,10485,0,5654,0,2847,0,1331,684,0,294,0,109,0,49,0,19,0,6,0,3,0,0,0,0,0,0,0,0,0,0,0,0,0,0,0,0,0,0,0,0,0,0,0
0,0,0,0,0,0,0,0,0,0,0,0,0,0,0,0,0,0,0,0,0,1,0,5,0,5,0,14,0,38,0,117,0,253,0,614,1380,0,2759,0,5341,0,10212,0,18306,0,30982,0,50543,0,79310,0,120204,0,173817,0,241982,0,321595,0,414398,0,511878,0,608298,0,694107,0,766360,0,810140,0,826818,809347,0,766967,0,693275,0,607219,0,512154,0,414134,0,323103,0,242024,0,173473,0,120496,0,80004,0,51040,0,31154,0,18423,0,10272,0,5595,0,2806,0,1319,664,0,289,0,102,0,48,0,12,0,8,0,2,0,1,0,0,0,0,0,0,0,0,0,0,0,0,0,0,0,0,0,0,0,0,0
0,0,0,0,0,0,0,0,0,0,0,0,0,0,0,0,0,0,0,0,0,1,0,2,0,8,0,13,0,38,0,97,0,267,0,594,1400,0,2635,0,5333,0,10065,0,17983,0,30552,0,50190,0,79008,0,119449,0,173136,0,240974,0,321065,0,414291,0,512336,0,606828,0,697334,0,765618,0,813064,0,827571,811266,0,766832,0,696144,0,607359,0,511981,0,413128,0,323326,0,241005,0,172411,0,119974,0,79865,0,50636,0,30840,0,17993,0,10203,0,5395,0,2777,0,1302,650,0,291,0,110,0,44,0,14,0,6,0,4,0,0,0,0,0,0,0,0,0,0,0,0,0,0,0,0,0,0,0,0,0,0,0
0,0,0,0,0,0,0,0,0,0,0,0,0,0,0,0,0,0,0,0,0,0,0,3,0,4,0,18,0,34,0,94,0,256,0,591,1280,0,2694,0,5242,0,9974,0,17801,0,30067,0,49812,0,78921,0,118344,0,172460,0,239679,0,321626,0,414179,0,511385,0,607980,0,697532,0,766546,0,813832,0,829286,813087,0,768582,0,697645,0,608358,0,510796,0,413271,0,321817,0,240732,0,172058,0,119403,0,79010,0,50232,0,30489,0,17840,0,9996,0,5377,0,2688,0,1286,621,0,310,0,108,0,36,0,19,0,3,0,4,0,0,0,0,0,0,0,0,0,0,0,0,0,0,0,0,0,0,0,0,0,0,0
0,0,0,0,0,0,0,0,0,0,0,0,0,0,0,0,0,0,0,0,0,0,0,1,0,6,0,13,0,41,0,82,0,233,0,574,1307,0,2636,0,5080,0,9880,0,17717,0,29909,0,49120,0,78439,0,118129,0,171639,0,238732,0,321274,0,413701,0,511159,0,608958,0,697956,0,767660,0,815321,0,829814,815280,0,769891,0,698400,0,608074,0,510735,0,414263,0,320625,0,240005,0,172080,0,118258,0,78725,0,49690,0,30304,0,17600,0,9866,0,5293,0,2591,0,1266,625,0,281,0,117,0,36,0,15,0,4,0,3,0,0,0,0,0,0,0,0,0,0,0,0,0,0,0,0,0,0,0,0,0,0,0
0,0,0,0,0,0,0,0,0,0,0,0,0,0,0,0,0,0,0,0,0,0,0,1,0,3,0,14,0,34,0,90,0,240,0,554,1265,0,2536,0,5072,0,9765,0,17368,0,29752,0,48837,0,77826,0,117648,0,170997,0,238507,0,320107,0,412742,0,512776,0,609392,0,697865,0,769299,0,815902,0,832962,815085,0,771067,0,698734,0,609515,0,511283,0,412342,0,320902,0,239230,0,171426,0,117781,0,77917,0,49356,0,29910,0,17407,0,9834,0,5213,0,2587,0,1196,651,0,260,0,104,0,31,0,16,0,7,0,0,0,0,0,0,0,0,0,0,0,0,0,0,0,0,0,0,0,0,0,0,0,0,0
0,0,0,0,0,0,0,0,0,0,0,0,0,0,0,0,0,0,0,0,0,0,0,1,0,3,0,16,0,37,0,73,0,242,0,548,1219,0,2545,0,4980,0,9573,0,17300,0,29603,0,48755,0,76867,0,117162,0,170789,0,238130,0,319756,0,412023,0,512196,0,609753,0,699452,0,769057,0,817670,0,833395,817695,0,771750,0,700290,0,608099,0,512461,0,413030,0,318954,0,238690,0,171075,0,117293,0,77400,0,49022,0,29781,0,17094,0,9806,0,5079,0,2482,0,1223,636,0,246,0,93,0,42,0,19,0,3,0,0,0,0,0,0,0,0,0,0,0,0,0,0,0,0,0,0,0,0,0,0,0,0,0
0,0,0,0,0,0,0,0,0,0,0,0,0,0,0,0,0,0,0,0,0,0,0,0,0,5,0,13,0,36,0,82,0,232,0,526,1199,0,2470,0,4957,0,9348,0,17161,0,29485,0,48183,0,76714,0,116463,0,169746,0,237883,0,319354,0,411947,0,511362,0,611366,0,698520,0,771085,0,818640,0,834638,819062,0,772643,0,700203,0,610187,0,511980,0,412474,0,318927,0,237674,0,170888,0,116838,0,76912,0,48478,0,29532,0,17036,0,9556,0,4870,0,2522,0,1246,573,0,248,0,91,0,36,0,14,0,3,0,0,0,0,0,0,0,0,0,0,0,0,0,0,0,0,0,0,0,0,0,0,0,0,0
0,0,0,0,0,0,0,0,0,0,0,0,0,0,0,0,0,0,0,0,0,0,0,2,0,4,0,12,0,25,0,89,0,221,0,529,1154,0,2444,0,4881,0,9224,0,17017,0,29191,0,47810,0,76390,0,115968,0,168884,0,237504,0,320146,0,410899,0,511356,0,610290,0,700209,0,771528,0,820874,0,835565,819789,0,774053,0,700293,0,611031,0,512187,0,411810,0,318903,0,237181,0,170026,0,116759,0,76116,0,48025,0,29206,0,17003,0,9246,0,4956,0,2494,0,1172,564,0,234,0,96,0,35,0,9,0,4,0,0,0,0,0,0,0,0,0,0,0,0,0,0,0,0,0,0,0,0,0,0,0,0,0
0,0,0,0,0,0,0,0,0,0,0,0,0,0,0,0,0,0,0,0,0,0,0,1,0,5,0,12,0,23,0,96,0,221,0,538,1094,0,2353,0,4932,0,9162,0,16764,0,28921,0,47826,0,76018,0,115112,0,168638,0,236620,0,318865,0,411167,0,511477,0,611423,0,699927,0,773811,0,819865,0,837810,820620,0,774935,0,701522,0,610903,0,512436,0,412060,0,318101,0,237224,0,169062,0,115921,0,75625,0,47770,0,29226,0,16694,0,9265,0,4847,0,2425,0,1183,538,0,237,0,76,0,38,0,18,0,1,0,0,0,0,0,0,0,0,0,0,0,0,0,0,0,0,0,0,0,0,0,0,0,0,0
0,0,0,0,0,0,0,0,0,0,0,0,0,0,0,0,0,0,0,0,0,0,0,1,0,4,0,7,0,35,0,81,0,218,0,531,1060,0,2345,0,4832,0,9180,0,16621,0,28539,0,47435,0,75476,0,114446,0,168079,0,236807,0,317270,0,411465,0,512159,0,610156,0,702517,0,773437,0,822540,0,838089,821595,0,775987,0,702994,0,610254,0,512505,0,412185,0,317472,0,236249,0,168853,0,115385,0,75649,0,47285,0,28590,0,16641,0,9181,0,4843,0,2339,0,1166,538,0,224,0,89,0,32,0,19,0,3,0,0,0,0,0,0,0,0,0,0,0,0,0,0,0,0,0,0,0,0,0,0,0,0,0
0,0,0,0,0,0,0,0,0,0,0,0,0,0,0,0,0,0,0,0,0,0,0,2,0,3,0,11,0,28,0,83,0,210,0,513,1061,0,2272,0,4699,0,9035,0,16424,0,28401,0,47118,0,75005,0,113969,0,167649,0,235937,0,318173,0,410883,0,510931,0,611231,0,702477,0,775007,0,823546,0,839260,822837,0,777208,0,703149,0,611227,0,512398,0,411016,0,317736,0,235155,0,168265,0,115276,0,75361,0,46811,0,28216,0,16666,0,9093,0,4686,0,2401,0,1092,538,0,217,0,78,0,38,0,12,0,4,0,0,0,0,0,0,0,0,0,0,0,0,0,0,0,0,0,0,0,0,0,0,0,0,0
0,0,0,0,0,0,0,0,0,0,0,0,0,0,0,0,0,0,0,0,0,1,0,1,0,4,0,8,0,28,0,70,0,226,0,470,1088,0,2265,0,4505,0,8966,0,16345,0,28216,0,46844,0,74318,0,114192,0,167035,0,235714,0,317128,0,410473,0,511118,0,612181,0,701821,0,775944,0,824373,0,840105,825605,0,776194,0,704400,0,611691,0,512318,0,411711,0,316623,0,235407,0,167815,0,114148,0,74836,0,46755,0,28142,0,16410,0,8977,0,4649,0,2373,0,1067,496,0,205,0,100,0,33,0,11,0,3,0,0,0,0,0,0,0,0,0,0,0,0,0,0,0,0,0,0,0,0,0,0,0,0,0
0,0,0,0,0,0,0,0,0,0,0,0,0,0,0,0,0,0,0,0,0,1,0,1,0,4,0,9,0,25,0,66,0,234,0,478,1038,0,2253,0,4483,0,8869,0,16080,0,28029,0,46366,0,74277,0,113701,0,166802,0,235017,0,316779,0,410569,0,511026,0,611516,0,703079,0,776050,0,825389,0,842790,824176,0,779204,0,704044,0,611519,0,512373,0,412156,0,316275,0,235269,0,167121,0,113576,0,74343,0,46731,0,27753,0,16231,0,8808,0,4692,0,2304,0,1075,481,0,205,0,94,0,35,0,9,0,3,0,0,0,0,0,0,0,0,0,0,0,0,0,0,0,0,0,0,0,0,0,0,0,0,0
0,0,0,0,0,0,0,0,0,0,0,0,0,0,0,0,0,0,0,1,0,0,0,0,0,3,0,9,0,25,0,67,0,224,0,495,1027,0,2157,0,4515,0,8701,0,15881,0,27804,0,45952,0,73950,0,113231,0,166271,0,235250,0,316232,0,409107,0,511355,0,613542,0,702120,0,777268,0,826779,0,842826,826462,0,779128,0,704203,0,612709,0,511888,0,411921,0,316920,0,233975,0,167033,0,112565,0,74193,0,46570,0,27683,0,15816,0,8784,0,4629,0,2237,0,1077,473,0,217,0,95,0,27,0,8,0,3,0,0,0,0,0,0,0,0,0,0,0,0,0,0,0,0,0,0,0,0,0,0,0,0,0
0,0,0,0,0,0,0,0,0,0,0,0,0,0,0,0,0,0,0,0,0,1,0,0,0,3,0,9,0,26,0,67,0,212,0,471,1064,0,2142,0,4461,0,8589,0,15664,0,27660,0,46001,0,73471,0,112393,0,165809,0,234737,0,315794,0,409471,0,512246,0,612210,0,704829,0,777434,0,826783,0,843619,828526,0,778408,0,704789,0,613136,0,512927,0,411029,0,316164,0,234278,0,166057,0,112498,0,73753,0,46229,0,27423,0,15812,0,8520,0,4575,0,2261,0,1028,485,0,217,0,89,0,27,0,6,0,4,0,1,0,0,0,0,0,0,0,0,0,0,0,0,0,0,0,0,0,0,0,0,0,0,0
0,0,0,0,0,0,0,0,0,0,0,0,0,0,0,0,0,0,0,0,0,1,0,0,0,3,0,8,0,24,0,79,0,192,0,459,1036,0,2179,0,4343,0,8549,0,15726,0,27161,0,45963,0,73039,0,111944,0,165467,0,233489,0,315867,0,410190,0,511228,0,613095,0,703818,0,779295,0,827347,0,845979,827664,0,780702,0,705250,0,612827,0,512834,0,411153,0,315728,0,233644,0,165384,0,112440,0,73525,0,45734,0,27320,0,15660,0,8430,0,4520,0,2235,0,1055,492,0,203,0,89,0,29,0,5,0,2,0,2,0,0,0,0,0,0,0,0,0,0,0,0,0,0,0,0,0,0,0,0,0,0,0
0,0,0,0,0,0,0,0,0,0,0,0,0,0,0,0,0,0,0,0,0,1,0,1,0,3,0,6,0,31,0,79,0,166,0,440,1022,0,2195,0,4319,0,8402,0,15475,0,27211,0,45613,0,72961,0,111612,0,164516,0,232960,0,316041,0,409961,0,511862,0,612374,0,704084,0,779125,0,829929,0,845848,830602,0,779425,0,706051,0,612979,0,513114,0,410915,0,315779,0,232769,0,165026,0,112323,0,72994,0,45671,0,27028,0,15574,0,8459,0,4415,0,2255,0,1019,452,0,207,0,79,0,24,0,8,0,3,0,0,0,0,0,0,0,0,0,0,0,0,0,0,0,0,0,0,0,0,0,0,0,0,0
0,0,0,0,0,0,0,0,0,0,0,0,0,0,0,0,0,0,0,0,0,1,0,1,0,2,0,7,0,34,0,77,0,184,0,412,975,0,2181,0,4350,0,8308,0,15266,0,27251,0,45157,0,72613,0,111547,0,164213,0,232355,0,315839,0,409822,0,510714,0,613249,0,704972,0,779609,0,830464,0,847502,831278,0,779996,0,705842,0,613723,0,513137,0,410833,0,315752,0,232136,0,164267,0,112111,0,72771,0,45335,0,26970,0,15369,0,8430,0,4358,0,2183,0,1101,426,0,168,0,86,0,21,0,4,0,6,0,0,0,0,0,0,0,0,0,0,0,0,0,0,0,0,0,0,0,0,0,0,0,0,0
0,0,0,0,0,0,0,0,0,0,0,0,0,0,0,0,0,0,0,0,0,1,0,0,0,2,0,7,0,36,0,71,0,179,0,417,975,0,2138,0,4401,0,8086,0,15205,0,26771,0,45376,0,72106,0,111294,0,163824,0,232002,0,315211,0,409563,0,511501,0,613024,0,705183,0,780762,0,831621,0,848257,830242,0,782323,0,706409,0,613486,0,513080,0,411176,0,314947,0,232065,0,164121,0,111282,0,72632,0,45026,0,26972,0,15080,0,8350,0,4303,0,2175,0,1023,417,0,170,0,80,0,25,0,7,0,4,0,0,0,0,0,0,0,0,0,0,0,0,0,0,0,0,0,0,0,0,0,0,0,0,0
0,0,0,0,0,0,0,0,0,0,0,0,0,0,0,0,0,0,0,0,0,0,0,1,0,3,0,10,0,27,0,71,0,180,0,422,968,0,2129,0,4240,0,8114,0,15257,0,26520,0,44917,0,71577,0,110800,0,164458,0,231373,0,314471,0,409367,0,511912,0,613130,0,705445,0,782170,0,832589,0,847951,832033,0,782415,0,706295,0,614436,0,513042,0,410676,0,314508,0,231976,0,163404,0,111248,0,72344,0,44785,0,26670,0,15061,0,8278,0,4314,0,2100,0,1005,437,0,169,0,76,0,24,0,4,0,5,0,1,0,0,0,0,0,0,0,0,0,0,0,0,0,0,0,0,0,0,0,0,0,0,0
0,0,0,0,0,0,0,0,0,0,0,0,0,0,0,0,0,0,0,0,0,0,0,0,0,5,0,5,0,31,0,59,0,189,0,456,921,0,2106,0,4165,0,8188,0,14871,0,26563,0,44725,0,71451,0,110551,0,163725,0,230969,0,313602,0,409619,0,511876,0,612836,0,708015,0,780909,0,832770,0,851852,830049,0,783788,0,707438,0,614483,0,513055,0,409410,0,314929,0,231231,0,162983,0,111111,0,72095,0,44659,0,26510,0,15033,0,8227,0,4150,0,2106,0,996,416,0,177,0,71,0,22,0,6,0,2,0,2,0,0,0,0,0,0,0,0,0,0,0,0,0,0,0,0,0,0,0,0,0,0,0
0,0,0,0,0,0,0,0,0,0,0,0,0,0,0,0,0,0,0,0,0,0,0,0,0,4,0,9,0,24,0,68,0,177,0,440,956,0,2044,0,4103,0,8078,0,15067,0,26285,0,44195,0,71360,0,109903,0,163319,0,231139,0,313528,0,409006,0,512012,0,614003,0,706823,0,783070,0,833481,0,850100,832108,0,784847,0,707844,0,614631,0,513119,0,410127,0,313460,0,230635,0,163216,0,110341,0,72095,0,44441,0,26392,0,14866,0,8196,0,4173,0,2060,0,966,404,0,204,0,60,0,20,0,6,0,1,0,2,0,0,0,0,0,0,0,0,0,0,0,0,0,0,0,0,0,0,0,0,0,0,0
0,0,0,0,0,0,0,0,0,0,0,0,0,0,0,0,0,0,0,0,0,0,0,0,0,6,0,10,0,23,0,61,0,200,0,415,949,0,2042,0,4141,0,7973,0,14809,0,26117,0,44036,0,70739,0,109689,0,163258,0,231030,0,312642,0,409578,0,512000,0,614284,0,706841,0,783356,0,835202,0,849478,834238,0,784030,0,708644,0,615992,0,512637,0,409343,0,313645,0,230223,0,162678,0,110151,0,71835,0,44091,0,26362,0,14757,0,8077,0,4164,0,2022,0,964,407,0,174,0,65,0,19,0,7,0,3,0,1,0,0,0,0,0,0,0,0,0,0,0,0,0,0,0,0,0,0,0,0,0,0,0
0,0,0,0,0,0,0,0,0,0,0,0,0,0,0,0,0,0,0,0,0,0,0,0,0,3,0,12,0,20,0,66,0,177,0,427,939,0,2077,0,4028,0,7923,0,14692,0,26071,0,43909,0,70543,0,109593,0,162400,0,230472,0,312772,0,409169,0,512695,0,613323,0,708018,0,783831,0,835699,0,851096,833460,0,784879,0,710413,0,615008,0,512588,0,409494,0,313389,0,230497,0,161833,0,110024,0,71367,0,44043,0,25989,0,14860,0,7850,0,4092,0,2062,0,973,380,0,154,0,65,0,23,0,7,0,2,0,1,0,0,0,0,0,0,0,0,0,0,0,0,0,0,0,0,0,0,0,0,0,0,0
0,0,0,0,0,0,0,0,0,0,0,0,0,0,0,0,0,0,0,0,0,0,0,0,0,3,0,8,0,20,0,75,0,172,0,398,919,0,2043,0,4019,0,7891,0,14795,0,25712,0,43377,0,70330,0,109339,0,161983,0,230746,0,312158,0,409233,0,512214,0,614291,0,708356,0,785755,0,833618,0,852415,834221,0,786111,0,710597,0,614803,0,512769,0,409551,0,312984,0,230285,0,161956,0,109235,0,71012,0,43990,0,25804,0,14722,0,7904,0,3997,0,2030,0,908,414,0,156,0,56,0,23,0,7,0,2,0,0,0,1,0,0,0,0,0,0,0,0,0,0,0,0,0,0,0,0,0,0,0,0,0
0,0,0,0,0,0,0,0,0,0,0,0,0,0,0,0,0,0,0,0,0,0,0,0,0,3,0,9,0,17,0,71,0,168,0,398,919,0,1977,0,4104,0,7810,0,14550,0,25759,0,43256,0,70096,0,108915,0,161975,0,230115,0,312238,0,408349,0,511631,0,615561,0,708775,0,786283,0,835318,0,851015,836140,0,786794,0,709852,0,616602,0,512062,0,409204,0,313106,0,229664,0,161382,0,109438,0,70232,0,44028,0,25654,0,14556,0,7778,0,4043,0,2020,0,924,363,0,166,0,60,0,17,0,9,0,0,0,1,0,0,0,1,0,0,0,0,0,0,0,0,0,0,0,0,0,0,0,0,0,0,0
0,0,0,0,0,0,0,0,0,0,0,0,0,0,0,0,0,0,0,0,0,0,0,0,0,2,0,7,0,32,0,63,0,150,0,403,904,0,1939,0,4086,0,7788,0,14490,0,25428,0,43296,0,69780,0,108734,0,161756,0,229498,0,312489,0,408083,0,510980,0,615360,0,709519,0,787243,0,834995,0,852439,837403,0,786269,0,710952,0,615509,0,512992,0,409236,0,312784,0,229931,0,160895,0,108838,0,70114,0,43720,0,25615,0,14488,0,7671,0,4038,0,1995,0,880,379,0,149,0,60,0,16,0,7,0,2,0,0,0,0,0,1,0,0,0,0,0,0,0,0,0,0,0,0,0,0,0,0,0,0,0
0,0,0,0,0,0,0,0,0,0,0,0,0,0,0,0,0,0,0,0,0,0,0,1,0,1,0,12,0,33,0,63,0,144,0,386,904,0,1970,0,4045,0,7642,0,14427,0,25270,0,43141,0,69573,0,108792,0,161381,0,228669,0,312973,0,407282,0,511923,0,614712,0,710243,0,787877,0,835510,0,854336,836134,0,787890,0,710681,0,616794,0,512298,0,408404,0,313199,0,228941,0,160873,0,108346,0,70237,0,43338,0,25691,0,14119,0,7753,0,3974,0,1961,0,875,352,0,161,0,49,0,18,0,6,0,3,0,0,0,1,0,0,0,0,0,0,0,0,0,0,0,0,0,0,0,0,0,0,0,0,0
0,0,0,0,0,0,0,0,0,0,0,0,0,0,0,0,0,0,0,0,0,0,0,2,0,2,0,12,0,22,0,76,0,148,0,365,915,0,1954,0,3981,0,7727,0,14230,0,25301,0,42610,0,69765,0,108147,0,160706,0,229012,0,312733,0,407471,0,511062,0,615953,0,711118,0,786385,0,837385,0,853920,837764,0,788658,0,710745,0,617061,0,511594,0,408887,0,312664,0,228746,0,160532,0,108036,0,69947,0,43020,0,25630,0,14178,0,7641,0,3921,0,1879,0,900,380,0,147,0,48,0,16,0,9,0,2,0,1,0,0,0,0,0,0,0,0,0,0,0,0,0,0,0,0,0,0,0,0,0,0,0
0,0,0,0,0,0,0,0,0,0,0,0,0,0,0,0,0,0,0,0,0,0,0,1,0,4,0,7,0,23,0,70,0,134,0,362,910,0,1968,0,3851,0,7686,0,14177,0,25123,0,42653,0,69468,0,108335,0,160196,0,228593,0,312195,0,407820,0,511183,0,615371,0,710960,0,788388,0,837435,0,855623,837195,0,788818,0,712048,0,616063,0,511760,0,409240,0,312172,0,228072,0,160517,0,108091,0,69540,0,43007,0,25402,0,14185,0,7484,0,3932,0,1828,0,920,383,0,133,0,50,0,22,0,8,0,1,0,1,0,0,0,0,0,0,0,0,0,0,0,0,0,0,0,0,0,0,0,0,0,0,0
0,0,0,0,0,0,0,0,0,0,0,0,0,0,0,0,0,0,0,0,0,0,0,1,0,3,0,8,0,21,0,66,0,155,0,357,920,0,1868,0,3950,0,7524,0,14205,0,25040,0,42189,0,69368,0,108595,0,159847,0,228317,0,311647,0,407178,0,511565,0,615967,0,710566,0,789134,0,838213,0,855530,839059,0,788081,0,711950,0,616621,0,512474,0,409167,0,311505,0,227906,0,160444,0,107734,0,69505,0,42579,0,25221,0,14216,0,7602,0,3818,0,1806,0,885,371,0,153,0,47,0,23,0,4,0,3,0,0,0,0,0,0,0,0,0,0,0,0,0,0,0,0,0,0,0,0,0,0,0,0,0
0,0,0,0,0,0,0,0,0,0,0,0,0,0,0,0,0,0,0,0,0,0,0,2,0,1,0,9,0,17,0,61,0,154,0,381,864,0,1832,0,3957,0,7560,0,13989,0,25112,0,42097,0,69277,0,107547,0,160193,0,227803,0,310959,0,406903,0,512867,0,615645,0,711226,0,788968,0,839017,0,856713,838280,0,789186,0,713243,0,616181,0,512545,0,408473,0,311424,0,227507,0,160188,0,107578,0,69278,0,42706,0,24933,0,14130,0,7589,0,3755,0,1809,0,849,370,0,150,0,52,0,17,0,9,0,2,0,0,0,0,0,0,0,0,0,0,0,0,0,0,0,0,0,0,0,0,0,0,0,0,0
0,0,0,0,0,0,0,0,0,0,0,0,0,0,0,0,0,0,0,0,0,0,0,1,0,3,0,5,0,20,0,59,0,162,0,358,810,0,1904,0,3909,0,7381,0,14037,0,24799,0,42579,0,68817,0,107305,0,159388,0,228051,0,310459,0,407493,0,512138,0,616215,0,711266,0,789034,0,840493,0,856830,839307,0,788642,0,712902,0,617560,0,512293,0,408017,0,311413,0,227973,0,159501,0,107460,0,68733,0,42602,0,25096,0,13857,0,7515,0,3776,0,1818,0,837,357,0,156,0,48,0,19,0,7,0,3,0,0,0,0,0,0,0,0,0,0,0,0,0,0,0,0,0,0,0,0,0,0,0,0,0
0,0,0,0,0,0,0,0,0,0,0,0,0,0,0,0,0,0,0,0,0,0,0,1,0,1,0,7,0,21,0,60,0,165,0,338,805,0,1881,0,3826,0,7400,0,14037,0,24833,0,42135,0,69125,0,106875,0,158988,0,227739,0,310229,0,407462,0,512136,0,616479,0,711968,0,788644,0,841022,0,858248,839404,0,789769,0,712144,0,617199,0,512954,0,408625,0,310365,0,228226,0,159212,0,106665,0,68742,0,42379,0,24966,0,13901,0,7479,0,3726,0,1820,0,826,353,0,151,0,47,0,21,0,8,0,0,0,1,0,0,0,0,0,0,0,0,0,0,0,0,0,0,0,0,0,0,0,0,0,0,0
0,0,0,0,0,0,0,0,0,0,0,0,0,0,0,0,0,0,0,0,0,0,0,1,0,0,0,8,0,26,0,64,0,132,0,347,810,0,1828,0,3873,0,7361,0,13812,0,24853,0,41872,0,69074,0,106290,0,159176,0,227281,0,310368,0,408278,0,510958,0,616523,0,711835,0,789421,0,842172,0,857452,839850,0,791215,0,712254,0,617770,0,512199,0,408350,0,311154,0,227554,0,159041,0,106882,0,67933,0,42454,0,24734,0,13755,0,7464,0,3771,0,1804,0,831,348,0,160,0,47,0,13,0,6,0,3,0,1,0,0,0,0,0,0,0,0,0,0,0,0,0,0,0,0,0,0,0,0,0,0,0
0,0,0,0,0,0,0,0,0,0,0,0,0,0,0,0,0,0,0,0,0,0,0,0,0,1,0,5,0,29,0,57,0,140,0,337,844,0,1752,0,3826,0,7362,0,13853,0,24647,0,41943,0,68692,0,106200,0,158902,0,226719,0,310957,0,407183,0,511796,0,616144,0,713139,0,790563,0,839935,0,859413,840090,0,790983,0,714066,0,616596,0,511779,0,408633,0,310379,0,227554,0,159279,0,106682,0,68123,0,42050,0,24758,0,13735,0,7320,0,3762,0,1795,0,818,356,0,147,0,39,0,18,0,3,0,3,0,1,0,0,0,0,0,0,0,0,0,0,0,0,0,0,0,0,0,0,0,0,0,0,0
0,0,0,0,0,0,0,0,0,0,0,0,0,0,0,0,0,0,0,0,0,0,0,0,0,1,0,10,0,20,0,61,0,138,0,363,789,0,1765,0,3716,0,7351,0,13863,0,24582,0,41892,0,68465,0,105827,0,158942,0,226366,0,310154,0,407630,0,512358,0,616317,0,712623,0,790815,0,842217,0,857951,840549,0,791862,0,713874,0,617295,0,512281,0,407680,0,310545,0,227213,0,158926,0,106460,0,67833,0,42181,0,24677,0,13622,0,7328,0,3694,0,1790,0,828,344,0,136,0,50,0,15,0,5,0,4,0,0,0,0,0,0,0,0,0,0,0,0,0,0,0,0,0,0,0,0,0,0,0,0,0
0,0,0,0,0,0,0,0,0,0,0,0,0,0,0,0,0,0,0,0,0,0,0,0,0,2,0,5,0,21,0,53,0,141,0,356,770,0,1760,0,3723,0,7435,0,13742,0,24529,0,41861,0,68087,0,105705,0,158415,0,226532,0,309748,0,408207,0,511531,0,617483,0,712637,0,791129,0,842288,0,858042,841738,0,791223,0,713902,0,617722,0,513569,0,406161,0,311649,0,226178,0,158630,0,106299,0,68044,0,41899,0,24496,0,13624,0,7241,0,3703,0,1748,0,797,363,0,142,0,55,0,12,0,9,0,2,0,0,0,0,0,0,0,0,0,0,0,0,0,0,0,0,0,0,0,0,0,0,0,0,0
0,0,0,0,0,0,0,0,0,0,0,0,0,0,0,0,0,0,0,0,0,0,0,0,0,1,0,6,0,18,0,54,0,138,0,350,747,0,1799,0,3698,0,7203,0,13756,0,24641,0,41300,0,67740,0,105969,0,158342,0,225997,0,309955,0,407451,0,512642,0,616875,0,712542,0,792140,0,841827,0,859303,842123,0,791615,0,714769,0,617814,0,512634,0,406817,0,310213,0,226916,0,158531,0,106108,0,67534,0,41843,0,24399,0,13428,0,7342,0,3752,0,1724,0,767,359,0,149,0,52,0,16,0,7,0,1,0,1,0,0,0,0,0,0,0,0,0,0,0,0,0,0,0,0,0,0,0,0,0,0,0
0,0,0,0,0,0,0,0,0,0,0,0,0,0,0,0,0,0,0,0,0,0,0,0,0,1,0,4,0,15,0,57,0,150,0,353,725,0,1776,0,3631,0,7241,0,13700,0,24472,0,41386,0,67211,0,106007,0,158316,0,226155,0,310730,0,406838,0,510984,0,616808,0,713889,0,792423,0,841771,0,859316,842974,0,793347,0,714362,0,617466,0,512945,0,406245,0,310389,0,226360,0,158354,0,106061,0,67497,0,41564,0,24271,0,13486,0,7397,0,3664,0,1732,0,764,352,0,152,0,40,0,18,0,5,0,4,0,0,0,0,0,0,0,0,0,0,0,0,0,0,0,0,0,0,0,0,0,0,0,0,0
0,0,0,0,0,0,0,0,0,0,0,0,0,0,0,0,0,0,0,0,0,0,0,1,0,1,0,3,0,16,0,54,0,157,0,334,743,0,1728,0,3583,0,7177,0,13758,0,24288,0,41103,0,67647,0,105177,0,158100,0,226283,0,309175,0,407686,0,511938,0,616636,0,714616,0,792065,0,842110,0,859833,844731,0,792115,0,714634,0,617905,0,511909,0,407302,0,309351,0,226718,0,158279,0,105566,0,67577,0,41358,0,24178,0,13631,0,7266,0,3615,0,1744,0,766,319,0,157,0,51,0,17,0,4,0,2,0,1,0,0,0,0,0,0,0,0,0,0,0,0,0,0,0,0,0,0,0,0,0,0,0
0,0,0,0,0,0,0,0,0,0,0,0,0,0,0,0,0,0,0,0,0,0,0,0,0,1,0,4,0,18,0,48,0,163,0,319,756,0,1713,0,3622,0,7201,0,13589,0,24021,0,40957,0,67784,0,104725,0,158592,0,225589,0,309109,0,406935,0,512391,0,617736,0,713245,0,792963,0,842291,0,861622,843581,0,792787,0,714523,0,619231,0,511300,0,407111,0,309861,0,225480,0,158356,0,105357,0,67546,0,41342,0,24190,0,13531,0,7164,0,3594,0,1729,0,772,341,0,145,0,52,0,14,0,5,0,2,0,0,0,0,0,0,0,0,0,0,0,0,0,0,0,0,0,0,0,0,0,0,0,0,0
0,0,0,0,0,0,0,0,0,0,0,0,0,0,0,0,0,0,0,0,0,0,0,0,0,1,0,3,0,20,0,47,0,131,0,319,769,0,1632,0,3533,0,7020,0,13027,0,23642,0,40014,0,65645,0,102093,0,154604,0,220438,0,303621,0,399362,0,504945,0,610355,0,708308,0,788659,0,840289,0,862233,846178,0,796906,0,722288,0,625963,0,520403,0,412959,0,315664,0,229450,0,161452,0,107613,0,68975,0,42190,0,24792,0,13705,0,7368,0,3727,0,1687,0,793,369,0,140,0,54,0,14,0,6,0,2,0,0,0,0,0,0,0,0,0,0,0,0,0,0,0,0,0,0,0,0,0,0,0,0,1
0,0,0,0,0,0,0,0,0,0,0,0,0,0,0,0,0,0,0,0,0,0,0,1,0,0,0,4,0,14,0,44,0,137,0,311,746,0,1640,0,3348,0,6744,0,12830,0,22885,0,39130,0,63891,0,100532,0,150019,0,215897,0,297839,0,392347,0,497230,0,603835,0,701454,0,783268,0,838656,0,861059,849417,0,801123,0,728924,0,632728,0,527700,0,420657,0,321132,0,234897,0,164676,0,110712,0,70444,0,43171,0,25352,0,14203,0,7429,0,3839,0,1733,0,835,351,0,144,0,53,0,20,0,7,0,0,0,0,0,0,0,0,0,0,0,0,0,0,0,0,0,0,0,0,0,0,0,0,0,0,1
0,0,0,0,0,0,0,0,0,0,0,0,0,0,0,0,0,0,0,0,0,0,0,1,0,0,0,4,0,13,0,52,0,119,0,290,747,0,1616,0,3260,0,6690,0,12536,0,22277,0,38389,0,62497,0,98000,0,146909,0,211671,0,292337,0,385315,0,490125,0,595218,0,694373,0,777474,0,835203,0,860701,850138,0,806039,0,734703,0,640070,0,535177,0,428362,0,327769,0,240423,0,168840,0,113400,0,72671,0,44348,0,26302,0,14405,0,7795,0,3843,0,1872,0,833,365,0,148,0,63,0,21,0,4,0,0,0,0,0,0,0,0,0,0,0,0,0,0,0,0,0,0,0,0,0,0,0,0,0,0,1
0,0,0,0,0,0,0,0,0,0,0,0,0,0,0,0,0,0,0,0,0,0,0,1,0,1,0,6,0,14,0,53,0,102,0,290,724,0,1607,0,3224,0,6416,0,12473,0,21717,0,37637,0,61440,0,95868,0,143637,0,207869,0,286438,0,379445,0,481570,0,588064,0,686562,0,770661,0,831290,0,859469,851459,0,809004,0,740640,0,647392,0,542350,0,435747,0,334747,0,247015,0,173250,0,116513,0,75259,0,45995,0,26919,0,15157,0,7981,0,3990,0,1933,0,865,359,0,170,0,58,0,23,0,3,0,1,0,0,0,0,0,0,0,0,0,0,0,0,0,0,0,0,0,0,0,0,0,0,0,0,1
0,0,0,0,0,0,0,0,0,0,0,0,0,0,0,0,0,0,0,0,0,0,0,0,0,1,0,7,0,15,0,51,0,99,0,296,731,0,1522,0,3145,0,6343,0,12158,0,21474,0,36719,0,60278,0,93950,0,140833,0,204512,0,281227,0,372501,0,474813,0,580299,0,678586,0,763195,0,825501,0,857748,851923,0,811708,0,745679,0,654120,0,550537,0,443656,0,342681,0,253318,0,178139,0,120029,0,78039,0,47872,0,27863,0,15810,0,8254,0,4241,0,1983,0,920,388,0,160,0,56,0,21,0,7,0,0,0,0,0,0,0,0,0,0,0,0,0,0,0,0,0,0,0,0,0,0,0,0,0,0,1
0,0,0,0,0,0,0,0,0,0,0,0,0,0,0,0,0,0,0,0,0,0,0,0,0,1,0,4,0,17,0,49,0,118,0,273,712,0,1547,0,3084,0,6176,0,12033,0,21227,0,36193,0,59104,0,92147,0,138714,0,200258,0,276790,0,367206,0,467482,0,571840,0,670983,0,756159,0,819034,0,853490,850635,0,815424,0,749337,0,660985,0,557673,0,451774,0,350846,0,260464,0,183932,0,124443,0,80960,0,49681,0,29242,0,16478,0,8689,0,4517,0,2061,0,930,441,0,172,0,56,0,17,0,10,0,0,0,0,0,0,0,0,0,0,0,0,0,0,0,0,0,0,0,0,0,0,0,0,0,0,1
0,0,0,0,0,0,0,0,0,0,0,0,0,0,0,0,0,0,0,0,0,0,0,0,0,2,0,4,0,17,0,46,0,105,0,286,684,0,1497,0,3128,0,6050,0,11830,0,20787,0,35763,0,58282,0,90656,0,136365,0,196986,0,272540,0,361046,0,460198,0,563512,0,664044,0,747004,0,812642,0,849405,849371,0,816112,0,753575,0,667634,0,564835,0,460820,0,358831,0,267914,0,189714,0,129438,0,84101,0,52252,0,30734,0,17247,0,9218,0,4825,0,2204,0,964,464,0,179,0,63,0,24,0,9,0,1,0,0,0,0,0,0,0,0,0,0,0,0,0,0,0,0,0,0,0,0,0,0,0,0,1
0,0,0,0,0,0,0,0,0,0,0,0,0,0,0,0,0,0,0,0,0,0,0,1,0,1,0,9,0,19,0,41,0,109,0,268,685,0,1432,0,3032,0,6104,0,11462,0,20626,0,35076,0,57535,0,89390,0,134301,0,193801,0,268318,0,355388,0,453719,0,556568,0,654661,0,739752,0,804058,0,844110,847514,0,816621,0,756490,0,672569,0,574176,0,469271,0,366504,0,276129,0,196448,0,134655,0,87872,0,54533,0,32655,0,18293,0,9920,0,5038,0,2425,0,1061,474,0,181,0,78,0,23,0,11,0,1,0,0,0,0,0,0,0,0,0,0,0,0,0,0,0,0,0,0,0,0,0,0,0,0,1
0,0,0,0,0,0,0,0,0,0,0,0,0,0,0,0,0,0,0,0,0,0,0,1,0,2,0,5,0,24,0,44,0,98,0,271,644,0,1408,0,3082,0,5959,0,11356,0,20237,0,34832,0,56371,0,88138,0,132712,0,190620,0,263690,0,350654,0,447778,0,548430,0,645654,0,732561,0,796694,0,837963,843894,0,815708,0,759174,0,678439,0,580895,0,477697,0,376197,0,283559,0,204304,0,139583,0,92199,0,57668,0,34708,0,19705,0,10364,0,5487,0,2576,0,1177,514,0,206,0,82,0,32,0,10,0,1,0,1,0,0,0,0,0,0,0,0,0,0,0,0,0,0,0,0,0,0,0,0,0,0,1
0,0,0,0,0,0,0,0,0,0,0,0,0,0,0,0,0,0,0,0,0,0,0,1,0,1,0,9,0,18,0,49,0,103,0,257,614,0,1429,0,2992,0,5902,0,11165,0,19945,0,34129,0,55838,0,86954,0,131595,0,187243,0,259208,0,346805,0,440802,0,540746,0,637877,0,723371,0,788686,0,832278,839578,0,814531,0,760565,0,682242,0,588404,0,487288,0,384879,0,291928,0,211648,0,146359,0,96574,0,61020,0,37036,0,21085,0,11355,0,5812,0,2889,0,1304,530,0,219,0,94,0,40,0,8,0,2,0,1,0,0,0,0,0,0,0,0,0,0,0,0,0,0,0,0,0,0,0,0,0,0,1
0,0,0,0,0,0,0,0,0,0,0,0,0,0,0,0,0,0,0,0,0,0,0,0,0,3,0,6,0,17,0,42,0,101,0,285,621,0,1380,0,2979,0,5804,0,11020,0,19850,0,33355,0,55120,0,86316,0,129174,0,185328,0,256143,0,340878,0,435114,0,533682,0,628468,0,715705,0,781768,0,823913,834006,0,813727,0,761026,0,686494,0,595000,0,494783,0,394172,0,300852,0,219916,0,153221,0,101921,0,64833,0,39246,0,22692,0,12453,0,6350,0,3205,0,1430,600,0,250,0,109,0,35,0,11,0,3,0,1,0,0,0,0,0,0,0,0,0,0,0,0,0,0,0,0,0,0,0,0,0,0,1
0,0,0,0,0,0,0,0,0,0,0,0,0,0,0,0,0,0,0,0,0,0,0,0,0,3,0,3,0,14,0,50,0,104,0,250,620,0,1401,0,2885,0,5751,0,10769,0,19481,0,33218,0,54076,0,85042,0,127843,0,183008,0,252080,0,336554,0,429192,0,526272,0,622005,0,706020,0,774487,0,816309,828544,0,809277,0,763703,0,688959,0,599684,0,503365,0,402693,0,310702,0,228050,0,160367,0,107647,0,69452,0,42099,0,24469,0,13585,0,7080,0,3528,0,1595,705,0,288,0,122,0,44,0,10,0,2,0,1,0,0,0,0,0,0,0,0,0,0,0,0,0,0,0,0,0,0,0,0,0,0,1
0,0,0,0,0,0,0,0,0,0,0,0,0,0,0,0,0,0,0,0,0,0,0,0,0,3,0,2,0,14,0,46,0,111,0,259,586,0,1358,0,2833,0,5692,0,10580,0,19090,0,32658,0,53592,0,83827,0,126057,0,180585,0,250220,0,331332,0,423387,0,519806,0,613754,0,698603,0,765254,0,809409,821515,0,806910,0,761539,0,691591,0,606028,0,509742,0,412062,0,319665,0,237628,0,167572,0,114218,0,73738,0,45316,0,27003,0,14927,0,7853,0,3860,0,1846,792,0,348,0,136,0,45,0,15,0,1,0,0,0,0,0,0,0,0,0,0,0,0,0,0,0,0,0,0,0,0,0,0,0,0,1
0,0,0,0,0,0,0,0,0,0,0,0,0,0,0,0,0,0,0,0,0,0,0,2,0,1,0,2,0,16,0,49,0,106,0,266,573,0,1307,0,2766,0,5532,0,10454,0,18797,0,32171,0,52643,0,82633,0,124591,0,178636,0,246626,0,327726,0,417429,0,513566,0,607113,0,691049,0,756047,0,801197,815439,0,801186,0,760081,0,694749,0,610022,0,516416,0,421376,0,329146,0,246303,0,176128,0,120489,0,79109,0,48920,0,29433,0,16432,0,8841,0,4418,0,2071,916,0,410,0,153,0,54,0,15,0,3,0,0,0,0,0,0,0,0,0,0,0,0,0,0,0,0,0,0,0,0,0,0,0,0,1
0,0,0,0,0,0,0,0,0,0,0,0,0,0,0,0,0,0,0,0,0,0,0,1,0,2,0,2,0,14,0,48,0,98,0,252,569,0,1268,0,2759,0,5425,0,10215,0,18488,0,31683,0,51888,0,81708,0,122750,0,176877,0,243872,0,323643,0,412201,0,507269,0,599704,0,682600,0,748780,0,793182,808407,0,794517,0,758495,0,696247,0,614072,0,523014,0,428730,0,338596,0,255943,0,184496,0,128068,0,84920,0,52878,0,32170,0,18488,0,9909,0,4883,0,2460,1093,0,444,0,191,0,70,0,14,0,5,0,0,0,0,0,0,0,0,0,0,0,0,0,0,0,0,0,0,0,0,0,0,0,0,1
0,0,0,0,0,0,0,0,0,0,0,0,0,0,0,0,0,0,0,0,0,0,0,1,0,2,0,4,0,11,0,45,0,88,0,270,555,0,1246,0,2709,0,5313,0,10112,0,17967,0,31351,0,51051,0,80367,0,120848,0,175281,0,241180,0,319244,0,407553,0,500998,0,593239,0,676034,0,740301,0,783249,802352,0,789445,0,754548,0,695124,0,618555,0,528865,0,436707,0,347040,0,265699,0,194217,0,135440,0,90571,0,58130,0,35312,0,20700,0,11102,0,5568,0,2842,1299,0,530,0,236,0,78,0,24,0,4,0,1,0,0,0,0,0,0,0,0,0,0,0,0,0,0,0,0,0,0,0,0,0,0,1
0,0,0,0,0,0,0,0,0,0,0,0,0,0,0,0,0,0,0,0,0,0,0,1,0,2,0,5,0,12,0,31,0,100,0,225,570,0,1269,0,2570,0,5337,0,9829,0,17879,0,30499,0,50523,0,79317,0,119144,0,172630,0,238180,0,316299,0,403253,0,494988,0,586367,0,668244,0,732817,0,776096,793534,0,784190,0,750336,0,694109,0,620710,0,533434,0,445178,0,355509,0,275560,0,203204,0,143746,0,97657,0,62767,0,39436,0,22890,0,12661,0,6466,0,3248,1509,0,660,0,268,0,114,0,27,0,7,0,1,0,0,0,0,0,0,0,0,0,0,0,0,0,0,0,0,0,0,0,0,0,0,1
0,0,0,0,0,0,0,0,0,0,0,0,0,0,0,0,0,0,0,0,0,0,0,0,0,2,0,7,0,9,0,31,0,87,0,239,547,0,1238,0,2620,0,5153,0,9769,0,17430,0,29885,0,49638,0,78255,0,117552,0,170565,0,234913,0,312766,0,399049,0,489853,0,579006,0,662040,0,725523,0,768445,785550,0,778203,0,745585,0,691320,0,622758,0,538206,0,451416,0,364812,0,284043,0,213093,0,152332,0,105288,0,68574,0,43090,0,25794,0,14386,0,7394,0,3846,1842,0,751,0,321,0,134,0,38,0,8,0,1,0,1,0,0,0,0,0,0,0,0,0,0,0,0,0,0,0,0,0,0,0,0,1
0,0,0,0,0,0,0,0,0,0,0,0,0,0,0,0,0,0,0,0,0,0,0,0,0,3,0,5,0,9,0,31,0,93,0,220,569,0,1201,0,2514,0,5045,0,9531,0,17110,0,29537,0,48630,0,76986,0,116053,0,168051,0,232480,0,309957,0,393875,0,485126,0,573244,0,653086,0,718820,0,761649,777889,0,771563,0,741065,0,688792,0,622063,0,542415,0,456822,0,373527,0,292983,0,223367,0,161699,0,113005,0,74662,0,47673,0,28780,0,16404,0,8684,0,4477,2158,0,964,0,368,0,145,0,59,0,14,0,4,0,0,0,1,0,0,0,0,0,0,0,0,0,0,0,0,0,0,0,0,0,0,1
0,0,0,0,0,0,0,0,0,0,0,0,0,0,0,0,0,0,0,0,0,0,0,1,0,2,0,2,0,13,0,32,0,85,0,224,504,0,1212,0,2455,0,4899,0,9322,0,16819,0,28985,0,48287,0,75161,0,114388,0,166108,0,229678,0,304810,0,391266,0,480727,0,566880,0,646638,0,712331,0,752727,771363,0,764281,0,736167,0,686007,0,620588,0,545170,0,462800,0,380570,0,302300,0,232699,0,171781,0,120808,0,81696,0,52529,0,32441,0,18788,0,10142,0,5255,2533,0,1188,0,460,0,177,0,83,0,21,0,2,0,2,0,1,0,0,0,0,0,0,0,0,0,0,0,0,0,0,0,0,0,0,1
0,0,0,0,0,0,0,0,0,0,0,0,0,0,0,0,0,0,0,0,0,0,0,1,0,0,0,4,0,9,0,30,0,96,0,212,488,0,1143,0,2416,0,4742,0,9182,0,16411,0,28370,0,47275,0,74411,0,112304,0,164423,0,226424,0,302380,0,385983,0,475876,0,561762,0,641222,0,703216,0,746863,763863,0,757521,0,729878,0,683372,0,619164,0,546499,0,467461,0,387478,0,311176,0,242285,0,181501,0,129933,0,88774,0,57974,0,36428,0,21483,0,11686,0,6297,3013,0,1421,0,600,0,226,0,93,0,33,0,3,0,2,0,1,0,0,0,0,0,0,0,0,0,0,0,0,0,0,0,0,0,0,1
0,0,0,0,0,0,0,0,0,0,0,0,0,0,0,0,0,0,0,0,0,0,0,1,0,1,0,1,0,7,0,35,0,97,0,188,466,0,1095,0,2371,0,4653,0,8782,0,16213,0,27963,0,46229,0,72895,0,110946,0,161571,0,223934,0,299029,0,382375,0,469817,0,556956,0,635240,0,696842,0,739693,757921,0,750842,0,724140,0,678214,0,616811,0,546331,0,471477,0,394155,0,320373,0,251405,0,191250,0,139186,0,96555,0,64381,0,40807,0,24403,0,13829,0,7357,3652,0,1733,0,721,0,297,0,121,0,33,0,11,0,2,0,1,0,0,0,0,0,0,0,0,0,0,0,0,0,0,0,0,0,0,1
0,0,0,0,0,0,0,0,0,0,0,0,0,0,0,0,0,0,0,0,0,0,0,1,0,1,0,0,0,10,0,36,0,82,0,196,452,0,1066,0,2234,0,4496,0,8631,0,15764,0,27490,0,45134,0,71945,0,109155,0,158764,0,221336,0,295253,0,377761,0,465764,0,551403,0,629839,0,692087,0,732883,750461,0,745575,0,717080,0,673654,0,613103,0,547821,0,473450,0,399315,0,328105,0,261209,0,200581,0,149035,0,104634,0,71073,0,45966,0,27789,0,16198,0,8590,4387,0,2109,0,895,0,377,0,153,0,45,0,16,0,3,0,0,0,1,0,0,0,0,0,0,0,0,0,0,0,0,0,0,0,0,1
0,0,0,0,0,0,0,0,0,0,0,0,0,0,0,0,0,0,0,0,0,0,0,1,0,1,0,0,0,10,0,38,0,73,0,191,456,0,989,0,2167,0,4415,0,8369,0,15532,0,26679,0,44436,0,70613,0,107017,0,156310,0,218960,0,291530,0,373860,0,460598,0,547001,0,623560,0,685806,0,728071,744522,0,738711,0,711754,0,667925,0,610360,0,546152,0,475249,0,404507,0,334206,0,270039,0,210946,0,158205,0,113932,0,78415,0,51089,0,32071,0,18734,0,10203,5222,0,2617,0,1119,0,489,0,170,0,62,0,16,0,9,0,0,0,0,0,1,0,0,0,0,0,0,0,0,0,0,0,0,0,0,1
0,0,0,0,0,0,0,0,0,0,0,0,0,0,0,0,0,0,0,0,0,0,0,1,0,1,0,0,0,7,0,29,0,82,0,175,439,0,985,0,2098,0,4201,0,8228,0,14995,0,26221,0,43568,0,69067,0,105593,0,154085,0,215380,0,288506,0,368957,0,456347,0,541415,0,618571,0,679480,0,723047,739621,0,732556,0,705823,0,662627,0,607128,0,542848,0,476739,0,408390,0,341037,0,278143,0,220066,0,168414,0,122645,0,86447,0,57522,0,36153,0,21715,0,12252,6320,0,3121,0,1422,0,601,0,227,0,76,0,25,0,10,0,1,0,0,0,1,0,0,0,0,0,0,0,0,0,0,0,0,0,0,1
0,0,0,0,0,0,0,0,0,0,0,0,0,0,0,0,0,0,0,0,0,0,0,0,0,2,0,0,0,6,0,29,0,74,0,155,441,0,958,0,2058,0,4054,0,8002,0,14539,0,25602,0,42618,0,67953,0,103295,0,151454,0,212025,0,284584,0,365544,0,452235,0,536661,0,612611,0,674247,0,716891,735087,0,727775,0,700345,0,657607,0,601298,0,541600,0,476678,0,410075,0,346860,0,286348,0,229319,0,177913,0,132525,0,94511,0,64183,0,41414,0,25012,0,14440,7658,0,3786,0,1720,0,746,0,311,0,104,0,42,0,9,0,3,0,0,0,0,0,1,0,0,0,0,0,0,0,0,0,0,0,0,1
0,0,0,0,0,0,0,0,0,0,0,0,0,0,0,0,0,0,0,0,0,0,0,0,0,1,0,2,0,7,0,22,0,63,0,163,413,0,933,0,1973,0,3987,0,7724,0,14286,0,24940,0,41641,0,66601,0,101414,0,148322,0,209218,0,280439,0,362326,0,446800,0,531611,0,607702,0,669759,0,711261,730186,0,723594,0,695157,0,651550,0,597640,0,537850,0,474971,0,412884,0,350702,0,293567,0,238291,0,187706,0,142151,0,103795,0,71104,0,47064,0,28994,0,17012,9145,0,4738,0,2145,0,942,0,393,0,152,0,46,0,15,0,3,0,2,0,0,0,1,0,0,0,0,0,0,0,0,0,0,0,0,1
0,0,0,0,0,0,0,0,0,0,0,0,0,0,0,0,0,0,0,0,0,0,0,0,0,0,0,2,0,8,0,20,0,67,0,153,380,0,866,0,1930,0,3890,0,7582,0,13858,0,24135,0,40875,0,64806,0,99283,0,145756,0,206124,0,276442,0,357737,0,442472,0,526007,0,604337,0,663689,0,706827,725741,0,719433,0,689635,0,648072,0,592454,0,533877,0,473270,0,413006,0,354998,0,299397,0,247239,0,197316,0,152083,0,112510,0,79327,0,52841,0,33629,0,19937,10933,0,5814,0,2686,0,1203,0,482,0,186,0,70,0,14,0,6,0,2,0,1,0,0,0,0,0,0,0,0,0,0,0,0,0,0,1
0,0,0,0,0,0,0,0,0,0,0,0,0,0,0,0,0,0,0,0,0,0,0,0,0,1,0,3,0,4,0,26,0,64,0,149,348,0,838,0,1825,0,3795,0,7331,0,13295,0,23793,0,39710,0,63582,0,97142,0,142917,0,202173,0,272877,0,353469,0,436586,0,522246,0,598651,0,660514,0,703088,720892,0,714254,0,686220,0,643254,0,588361,0,530281,0,470593,0,412918,0,356538,0,304418,0,254599,0,207426,0,161644,0,122256,0,87680,0,59891,0,38242,0,23414,13284,0,7008,0,3355,0,1471,0,607,0,247,0,98,0,21,0,6,0,2,0,0,0,1,0,0,0,0,0,0,0,0,0,0,0,0,1
0,0,0,0,0,0,0,0,0,0,0,0,0,0,0,0,0,0,0,0,0,0,0,0,0,0,0,5,0,7,0,23,0,62,0,149,355,0,793,0,1713,0,3727,0,6932,0,13113,0,22948,0,38718,0,62040,0,94870,0,140407,0,198742,0,268775,0,348547,0,431845,0,517428,0,593425,0,655867,0,699016,718664,0,710310,0,682457,0,637777,0,585211,0,525970,0,468364,0,410737,0,358126,0,307976,0,261671,0,216336,0,172095,0,131740,0,96513,0,67011,0,43972,0,27423,15755,0,8460,0,4210,0,1842,0,805,0,307,0,124,0,38,0,4,0,2,0,0,0,1,0,0,0,0,0,0,0,0,0,0,0,0,1
0,0,0,0,0,0,0,0,0,0,0,0,0,0,0,0,0,0,0,0,0,0,0,0,0,1,0,5,0,9,0,20,0,61,0,134,323,0,804,0,1666,0,3477,0,6720,0,12587,0,22508,0,37659,0,59941,0,93568,0,137393,0,194770,0,264502,0,343709,0,427425,0,512096,0,588454,0,652520,0,694562,714406,0,708207,0,678700,0,635074,0,580851,0,522368,0,463709,0,408836,0,358647,0,311062,0,267941,0,224569,0,181610,0,141863,0,105616,0,75165,0,50131,0,31630,18711,0,10140,0,5236,0,2401,0,981,0,415,0,160,0,54,0,7,0,2,0,1,0,1,0,0,0,0,0,0,0,0,0,0,0,0,1
0,0,0,0,0,0,0,0,0,0,0,0,0,0,0,0,0,0,0,0,0,0,0,0,0,2,0,3,0,7,0,24,0,55,0,127,317,0,756,0,1641,0,3294,0,6588,0,12025,0,21758,0,36785,0,58572,0,91429,0,134587,0,190865,0,260060,0,338783,0,422258,0,506890,0,584429,0,648481,0,691125,711154,0,704378,0,676139,0,632303,0,577341,0,518135,0,459922,0,406347,0,358137,0,312682,0,272354,0,231855,0,191867,0,151842,0,115030,0,83606,0,57075,0,36518,21985,0,12314,0,6386,0,3048,0,1309,0,504,0,228,0,62,0,21,0,3,0,1,0,0,0,1,0,0,0,0,0,0,0,0,0,0,1
0,0,0,0,0,0,0,0,0,0,0,0,0,0,0,0,0,0,0,0,0,0,0,0,0,2,0,1,0,9,0,18,0,53,0,131,310,0,733,0,1542,0,3170,0,6320,0,11687,0,21077,0,35560,0,57581,0,88382,0,131920,0,187428,0,255450,0,332999,0,417910,0,500981,0,579516,0,645050,0,688293,707314,0,702518,0,673795,0,629128,0,574282,0,514243,0,456873,0,403257,0,356164,0,314319,0,275273,0,238220,0,200763,0,162011,0,125044,0,92540,0,64432,0,41965,25863,0,14972,0,7790,0,3754,0,1710,0,638,0,294,0,84,0,30,0,6,0,1,0,1,0,1,0,0,0,0,0,0,0,0,0,0,1
0,0,0,0,0,0,0,0,0,0,0,0,0,0,0,0,0,0,0,0,0,0,0,1,0,1,0,3,0,5,0,18,0,47,0,132,293,0,703,0,1515,0,3029,0,6052,0,11183,0,20329,0,34563,0,56322,0,86325,0,128480,0,184045,0,250231,0,329427,0,411643,0,495061,0,575018,0,640659,0,684758,705970,0,698750,0,673591,0,626906,0,571761,0,510435,0,452314,0,400716,0,353268,0,314039,0,277851,0,243485,0,209026,0,172124,0,134973,0,101535,0,72563,0,48422,30156,0,17830,0,9610,0,4688,0,2138,0,887,0,354,0,116,0,43,0,11,0,1,0,1,0,0,0,1,0,0,0,0,0,0,0,0,1
0,0,0,0,0,0,0,0,0,0,0,0,0,0,0,0,0,0,0,0,0,0,0,1,0,0,0,3,0,6,0,14,0,41,0,125,276,0,686,0,1480,0,2917,0,5711,0,10838,0,19591,0,33759,0,54308,0,84388,0,125580,0,179673,0,246517,0,322656,0,407114,0,489245,0,569865,0,635955,0,681926,702806,0,698421,0,670956,0,626811,0,569589,0,507334,0,448811,0,395672,0,351735,0,312288,0,279399,0,247842,0,215706,0,181752,0,145615,0,111327,0,80762,0,55603,35221,0,20994,0,11692,0,5904,0,2624,0,1187,0,430,0,171,0,61,0,17,0,1,0,1,0,0,0,1,0,0,0,0,0,0,0,0,1
0,0,0,0,0,0,0,0,0,0,0,0,0,0,0,0,0,0,0,0,0,0,0,1,0,1,0,3,0,3,0,15,0,38,0,101,281,0,641,0,1413,0,2820,0,5593,0,10396,0,18842,0,32583,0,52708,0,81971,0,122945,0,175667,0,241294,0,317411,0,401359,0,484062,0,564300,0,631129,0,678292,700602,0,697872,0,669954,0,626282,0,567513,0,506119,0,444939,0,391300,0,347907,0,310977,0,279374,0,251262,0,222154,0,189839,0,156375,0,121360,0,90010,0,62867,40826,0,24842,0,14054,0,7272,0,3414,0,1502,0,611,0,218,0,68,0,19,0,5,0,0,0,1,0,1,0,0,0,0,0,0,0,1,0
0,0,0,0,0,0,0,0,0,0,0,0,0,0,0,0,0,0,0,0,0,0,0,2,0,0,0,4,0,1,0,11,0,44,0,99,256,0,600,0,1340,0,2707,0,5406,0,10056,0,18094,0,31155,0,51299,0,79906,0,119902,0,172008,0,235644,0,312528,0,394581,0,479024,0,558812,0,626637,0,675140,698859,0,695700,0,671140,0,624533,0,567022,0,504983,0,441553,0,388000,0,342701,0,308639,0,278738,0,252618,0,227636,0,197605,0,165997,0,132023,0,99677,0,70937,47290,0,29188,0,16903,0,8991,0,4318,0,1907,0,782,0,288,0,87,0,31,0,4,0,1,0,0,0,1,0,0,0,0,0,0,0,1,0
0,0,0,0,0,0,0,0,0,0,0,0,0,0,0,0,0,0,0,0,0,0,0,0,0,2,0,2,0,3,0,12,0,33,0,97,222,0,607,0,1258,0,2564,0,5173,0,9862,0,17384,0,29981,0,49641,0,77409,0,116787,0,168350,0,230777,0,306977,0,388357,0,472896,0,553419,0,621852,0,670902,697230,0,695768,0,670899,0,624996,0,566508,0,503168,0,440747,0,383478,0,338424,0,304614,0,276846,0,254075,0,230808,0,205052,0,174796,0,142269,0,110105,0,79911,54057,0,34225,0,20380,0,11092,0,5392,0,2439,0,1006,0,373,0,127,0,47,0,6,0,2,0,0,0,1,0,0,0,0,0,0,0,1,0
0,0,0,0,0,0,0,0,0,0,0,0,0,0,0,0,0,0,0,0,0,0,0,0,0,1,0,2,0,2,0,11,0,38,0,74,240,0,549,0,1260,0,2490,0,4867,0,9352,0,16903,0,29046,0,47346,0,75555,0,113619,0,163581,0,227324,0,300047,0,381823,0,467133,0,548170,0,616411,0,668045,693942,0,696273,0,671727,0,625405,0,567543,0,501927,0,438961,0,380359,0,334383,0,300122,0,274151,0,252740,0,233831,0,211195,0,183609,0,152337,0,120100,0,89367,62034,0,39957,0,24012,0,13619,0,6800,0,3074,0,1309,0,508,0,165,0,54,0,11,0,3,0,0,0,1,0,0,0,0,0,0,0,1,0
0,0,0,0,0,0,0,0,0,0,0,0,0,0,0,0,0,0,0,0,0,0,0,0,0,1,0,1,0,4,0,11,0,28,0,82,239,0,504,0,1193,0,2309,0,4759,0,9020,0,16120,0,27849,0,46147,0,73103,0,110414,0,159590,0,221566,0,293871,0,376590,0,459550,0,542373,0,612353,0,664085,692989,0,694834,0,672206,0,627751,0,568320,0,501922,0,436966,0,377902,0,329997,0,295506,0,270680,0,252136,0,234255,0,215466,0,191954,0,162474,0,130493,0,98768,70674,0,46253,0,28579,0,16456,0,8445,0,3927,0,1726,0,642,0,236,0,61,0,23,0,4,0,0,0,1,0,0,0,0,0,0,0,1,0
0,0,0,0,0,0,0,0,0,0,0,0,0,0,0,0,0,0,0,0,0,0,0,0,0,2,0,0,0,6,0,6,0,25,0,82,216,0,504,0,1135,0,2226,0,4506,0,8613,0,15649,0,26519,0,44730,0,70678,0,107291,0,155694,0,216064,0,288009,0,368754,0,454768,0,535796,0,606319,0,660433,690645,0,695076,0,673007,0,629055,0,569845,0,503466,0,435743,0,376203,0,326710,0,290395,0,266771,0,248896,0,235207,0,218520,0,198186,0,171632,0,141510,0,108926,79650,0,53612,0,33671,0,19622,0,10508,0,5033,0,2157,0,912,0,295,0,97,0,27,0,5,0,0,0,1,0,0,0,0,0,0,0,1,0
0,0,0,0,0,0,0,0,0,0,0,0,0,0,0,0,0,0,0,0,0,0,0,0,0,1,0,1,0,3,0,9,0,24,0,78,189,0,480,0,1043,0,2211,0,4253,0,8225,0,14952,0,25572,0,43060,0,68192,0,104092,0,151881,0,210305,0,281817,0,362735,0,447579,0,529284,0,601428,0,656355,687931,0,695255,0,673567,0,631596,0,572152,0,503716,0,436490,0,374907,0,323280,0,286594,0,261082,0,245819,0,233387,0,220800,0,203706,0,180558,0,151705,0,119606,88798,0,61754,0,39662,0,23431,0,12922,0,6337,0,2836,0,1170,0,402,0,134,0,33,0,7,0,1,0,1,0,0,0,0,0,0,0,1,0
0,0,0,0,0,0,0,0,0,0,0,0,0,0,0,0,0,0,0,0,0,0,0,1,0,0,0,1,0,1,0,10,0,22,0,65,194,0,425,0,966,0,2129,0,4110,0,7706,0,14379,0,24650,0,41092,0,65869,0,101382,0,146999,0,205738,0,275348,0,355813,0,440902,0,522807,0,595379,0,652419,685161,0,693760,0,675676,0,633805,0,575885,0,506558,0,436499,0,373424,0,320934,0,281391,0,256446,0,241357,0,231381,0,221771,0,207517,0,187932,0,161916,0,130620,98848,0,70270,0,46014,0,28166,0,15669,0,8042,0,3677,0,1503,0,515,0,202,0,53,0,6,0,2,0,1,0,0,0,0,0,0,0,1,0
0,0,0,0,0,0,0,0,0,0,0,0,0,0,0,0,0,0,0,0,0,0,0,0,0,1,0,1,0,0,0,12,0,23,0,60,184,0,417,0,919,0,1979,0,3971,0,7398,0,13506,0,23628,0,39480,0,63680,0,97833,0,143114,0,200229,0,269600,0,349080,0,433361,0,516193,0,589936,0,646810,683720,0,693570,0,676790,0,635626,0,578944,0,509721,0,437837,0,373087,0,319182,0,277797,0,250607,0,235673,0,228082,0,221348,0,210512,0,194345,0,170802,0,141632,109469,0,79932,0,53159,0,33450,0,18958,0,10035,0,4661,0,1967,0,733,0,250,0,84,0,17,0,1,0,2,0,0,0,0,0,0,0,1,0
0,0,0,0,0,0,0,0,0,0,0,0,0,0,0,0,0,0,0,0,0,0,0,1,0,0,0,0,0,1,0,10,0,24,0,61,170,0,378,0,872,0,1798,0,3770,0,7182,0,12731,0,22770,0,37797,0,61340,0,94728,0,138324,0,195776,0,262738,0,341583,0,426893,0,508545,0,583577,0,642859,681355,0,691972,0,677928,0,639459,0,581517,0,513130,0,440643,0,374165,0,316633,0,274766,0,246298,0,230067,0,222999,0,218869,0,212482,0,199314,0,179326,0,151713,120723,0,89804,0,61684,0,39315,0,22892,0,12348,0,6073,0,2538,0,1000,0,325,0,108,0,29,0,3,0,2,0,0,0,0,0,0,0,1,0
0,0,0,0,0,0,0,0,0,0,0,0,0,0,0,0,0,0,0,0,0,0,0,0,0,1,0,0,0,1,0,9,0,26,0,62,168,0,357,0,814,0,1732,0,3507,0,6727,0,12389,0,21860,0,36328,0,59092,0,91000,0,134380,0,190173,0,256378,0,334497,0,417868,0,502351,0,577484,0,637474,678830,0,691779,0,678297,0,642606,0,585948,0,516451,0,443833,0,375417,0,316325,0,271648,0,241522,0,224489,0,217498,0,215966,0,212218,0,203140,0,186205,0,161842,131792,0,100829,0,70412,0,46033,0,27510,0,15283,0,7471,0,3424,0,1319,0,462,0,129,0,38,0,11,0,3,0,0,0,0,0,0,0,1,0
0,0,0,0,0,0,0,0,0,0,0,0,0,0,0,0,0,0,0,0,0,0,0,0,0,0,0,1,0,1,0,8,0,23,0,58,135,0,351,0,751,0,1653,0,3278,0,6363,0,11787,0,20960,0,35175,0,56610,0,87614,0,130329,0,184530,0,249926,0,326905,0,411796,0,494295,0,569735,0,632923,675211,0,691556,0,679085,0,645688,0,590007,0,520821,0,448119,0,377293,0,315564,0,270319,0,236161,0,218613,0,211960,0,211328,0,211200,0,205278,0,193157,0,170108,143094,0,111622,0,80558,0,53379,0,32920,0,18647,0,9486,0,4397,0,1755,0,604,0,209,0,43,0,15,0,4,0,0,0,0,0,0,0,1,0
0,0,0,0,0,0,0,0,0,0,0,0,0,0,0,0,0,0,0,0,0,0,0,0,0,0,0,1,0,5,0,4,0,16,0,59,126,0,335,0,761,0,1520,0,3089,0,6038,0,11328,0,19920,0,33698,0,54417,0,84309,0,126096,0,178403,0,243790,0,319744,0,403227,0,486514,0,563632,0,626030,672747,0,689778,0,681861,0,647716,0,594778,0,525602,0,452819,0,379861,0,317450,0,267350,0,232528,0,212808,0,205986,0,205878,0,208478,0,206632,0,197238,0,179038,153033,0,123053,0,90865,0,62196,0,39005,0,22524,0,11939,0,5650,0,2316,0,845,0,288,0,65,0,15,0,4,0,0,0,0,0,0,0,1,0
0,0,0,0,0,0,0,0,0,0,0,0,0,0,0,0,0,0,0,0,0,0,0,0,0,0,0,1,0,4,0,6,0,12,0,57,138,0,308,0,716,0,1447,0,2872,0,5671,0,10892,0,18886,0,32416,0,52130,0,81424,0,121330,0,172603,0,237577,0,312142,0,393960,0,478947,0,556238,0,620002,670213,0,687758,0,682663,0,651495,0,600568,0,530287,0,458463,0,382596,0,319124,0,266259,0,229191,0,207969,0,198922,0,200833,0,203394,0,206228,0,200667,0,186305,163042,0,134083,0,102200,0,71184,0,46192,0,27145,0,15046,0,7039,0,3099,0,1168,0,379,0,85,0,27,0,5,0,0,0,0,0,0,0,1,0
0,0,0,0,0,0,0,0,0,0,0,0,0,0,0,0,0,0,0,0,0,0,0,0,0,0,0,0,0,4,0,8,0,13,0,50,131,0,299,0,622,0,1398,0,2653,0,5342,0,10314,0,18048,0,30634,0,50583,0,78027,0,116987,0,167303,0,230498,0,305030,0,385242,0,470769,0,546991,0,615767,663931,0,687796,0,683660,0,656193,0,603544,0,537707,0,462360,0,389355,0,319246,0,266459,0,226690,0,202597,0,193157,0,193720,0,199141,0,203242,0,202855,0,192353,172326,0,144900,0,113352,0,81639,0,54046,0,32869,0,18210,0,9034,0,4040,0,1572,0,535,0,130,0,25,0,11,0,0,0,0,0,0,0,1,0
0,0,0,0,0,0,0,0,0,0,0,0,0,0,0,0,0,0,0,0,0,0,0,0,0,0,0,1,0,2,0,7,0,12,0,49,106,0,274,0,619,0,1258,0,2549,0,5073,0,9622,0,17301,0,29249,0,48086,0,75029,0,112502,0,161881,0,223494,0,298348,0,377098,0,460774,0,540263,0,608664,660055,0,685037,0,685326,0,658541,0,609420,0,542983,0,468632,0,393724,0,323842,0,266516,0,224737,0,197957,0,186994,0,186795,0,193442,0,199883,0,202838,0,196801,180803,0,155355,0,124454,0,92759,0,62738,0,39381,0,22342,0,11461,0,5254,0,2092,0,733,0,195,0,41,0,14,0,2,0,0,0,0,0,1,0
0,0,0,0,0,0,0,0,0,0,0,0,0,0,0,0,0,0,0,0,0,0,0,0,0,0,0,1,0,0,0,8,0,19,0,41,108,0,242,0,584,0,1192,0,2406,0,4839,0,9160,0,16312,0,27831,0,45833,0,72511,0,108206,0,155747,0,217698,0,288817,0,369771,0,451933,0,532004,0,602387,654545,0,684364,0,684087,0,661849,0,613689,0,550339,0,475484,0,398935,0,327990,0,267896,0,223412,0,194706,0,180535,0,180309,0,186846,0,195054,0,201245,0,199288,188014,0,165433,0,135758,0,104077,0,72512,0,46840,0,27284,0,14294,0,6795,0,2804,0,996,0,295,0,63,0,17,0,3,0,0,0,0,0,1,0
0,0,0,0,0,0,0,0,0,0,0,0,0,0,0,0,0,0,0,0,0,0,0,0,0,0,0,0,0,1,0,5,0,20,0,37,103,0,233,0,533,0,1091,0,2303,0,4581,0,8614,0,15497,0,26443,0,43980,0,69088,0,104049,0,150863,0,210382,0,281083,0,360530,0,443609,0,523422,0,595411,648928,0,681452,0,686376,0,663396,0,619011,0,556187,0,482891,0,405579,0,331852,0,270485,0,222877,0,191845,0,175766,0,172947,0,179443,0,189806,0,198094,0,200043,192910,0,175570,0,147218,0,115412,0,83220,0,54833,0,33134,0,17963,0,8628,0,3754,0,1345,0,434,0,107,0,18,0,6,0,0,0,0,0,1,0
0,0,0,0,0,0,0,0,0,0,0,0,0,0,0,0,0,0,0,0,0,0,0,0,0,0,0,0,0,1,0,5,0,16,0,32,95,0,216,0,485,0,1017,0,2153,0,4255,0,8117,0,14755,0,25371,0,41849,0,65879,0,100159,0,145488,0,203392,0,272883,0,352102,0,433559,0,514994,0,587067,645301,0,677009,0,687422,0,667102,0,623373,0,562403,0,490331,0,412400,0,337901,0,272676,0,223185,0,190009,0,170924,0,166073,0,172254,0,182928,0,194462,0,199051,196242,0,183288,0,158937,0,126764,0,94988,0,63977,0,39615,0,22240,0,11113,0,4867,0,1882,0,600,0,166,0,26,0,8,0,1,0,0,0,1,0
0,0,0,0,0,0,0,0,0,0,0,0,0,0,0,0,0,0,0,0,0,0,0,0,0,0,0,0,0,1,0,6,0,11,0,35,73,0,226,0,440,0,941,0,2003,0,4099,0,7575,0,13930,0,24096,0,39644,0,63066,0,96148,0,140284,0,197164,0,264572,0,341603,0,424204,0,507300,0,579070,638084,0,675752,0,686178,0,669766,0,628699,0,569320,0,497676,0,419063,0,344120,0,276998,0,225059,0,187815,0,166997,0,159334,0,164986,0,175906,0,188390,0,197735,198118,0,189075,0,169364,0,139400,0,106129,0,74315,0,47177,0,27435,0,13930,0,6406,0,2518,0,888,0,240,0,33,0,7,0,4,0,0,0,1,0
0,0,0,0,0,0,0,0,0,0,0,0,0,0,0,0,0,0,0,0,0,0,0,0,0,0,0,0,0,2,0,5,0,5,0,44,73,0,193,0,437,0,880,0,1908,0,3711,0,7179,0,13169,0,22745,0,37939,0,60122,0,92199,0,134950,0,189964,0,257087,0,332697,0,414719,0,496310,0,571781,632199,0,670926,0,686736,0,671159,0,634817,0,576039,0,505435,0,426448,0,350284,0,282260,0,227343,0,187074,0,163421,0,153649,0,157916,0,167938,0,182201,0,193702,199128,0,193652,0,177258,0,151331,0,118703,0,85329,0,56012,0,33303,0,17806,0,8235,0,3321,0,1232,0,348,0,67,0,13,0,4,0,0,0,1,0
0,0,0,0,0,0,0,0,0,0,0,0,0,0,0,0,0,0,0,0,0,0,0,0,0,0,0,0,0,1,0,5,0,7,0,36,70,0,188,0,366,0,889,0,1736,0,3546,0,6704,0,12473,0,21600,0,35993,0,57330,0,88353,0,129690,0,183209,0,247963,0,324317,0,404829,0,487016,0,563229,624921,0,667845,0,684925,0,673783,0,639558,0,582851,0,512943,0,434867,0,357226,0,287913,0,230263,0,187422,0,160475,0,149284,0,150015,0,160087,0,174827,0,189004,198011,0,197347,0,184130,0,162559,0,131087,0,97167,0,65614,0,40089,0,22287,0,10548,0,4485,0,1678,0,518,0,108,0,16,0,5,0,0,0,1,0
0,0,0,0,0,0,0,0,0,0,0,0,0,0,0,0,0,0,0,0,0,0,0,0,0,0,0,0,0,1,0,6,0,5,0,26,62,0,168,0,365,0,817,0,1626,0,3335,0,6308,0,11593,0,20459,0,34414,0,54614,0,84187,0,124687,0,176419,0,240188,0,314613,0,394952,0,477294,0,554819,617140,0,662636,0,683510,0,675341,0,644289,0,590758,0,521156,0,442721,0,365329,0,293524,0,234701,0,188643,0,159033,0,143947,0,143720,0,151668,0,167315,0,182218,195535,0,198634,0,190794,0,172136,0,143086,0,109796,0,76317,0,48413,0,27263,0,13748,0,5924,0,2204,0,739,0,184,0,22,0,6,0,0,0,1,0
0,0,0,0,0,0,0,0,0,0,0,0,0,0,0,0,0,0,0,0,0,0,0,0,0,0,0,0,0,0,0,7,0,7,0,19,48,0,156,0,371,0,732,0,1547,0,3101,0,6029,0,10876,0,19366,0,32590,0,51974,0,80215,0,119641,0,169587,0,232614,0,304935,0,384524,0,466781,0,545296,610359,0,657208,0,681618,0,677272,0,648597,0,598040,0,528709,0,451724,0,373975,0,300272,0,238780,0,191389,0,157416,0,140775,0,137635,0,144306,0,158143,0,175839,190067,0,198609,0,195523,0,180317,0,155148,0,122499,0,87914,0,57548,0,33506,0,17545,0,7879,0,3046,0,1000,0,281,0,47,0,6,0,0,0,1,0
0,0,0,0,0,0,0,0,0,0,0,0,0,0,0,0,0,0,0,0,0,0,0,0,0,0,0,0,0,0,0,3,0,10,0,20,41,0,132,0,330,0,703,0,1474,0,2901,0,5568,0,10267,0,18336,0,30583,0,49558,0,76687,0,113858,0,163202,0,224876,0,295750,0,373786,0,456598,0,535600,601404,0,652339,0,679236,0,677790,0,653895,0,604260,0,537954,0,460182,0,383136,0,307813,0,244100,0,193843,0,157870,0,137461,0,131899,0,137303,0,149612,0,167588,184539,0,196539,0,198211,0,187309,0,165953,0,135408,0,100540,0,67886,0,40611,0,21993,0,10396,0,4214,0,1376,0,384,0,72,0,8,0,1,0,1,0
0,0,0,0,0,0,0,0,0,0,0,0,0,0,0,0,0,0,0,0,0,0,0,0,0,0,0,0,0,0,0,1,0,10,0,20,42,0,116,0,296,0,641,0,1420,0,2704,0,5256,0,9550,0,17269,0,29029,0,46765,0,73169,0,108522,0,157782,0,216077,0,286195,0,364216,0,445376,0,524887,593313,0,646456,0,677036,0,678474,0,657515,0,610007,0,546311,0,470947,0,391682,0,315739,0,250697,0,197191,0,158520,0,135953,0,126226,0,130108,0,142016,0,159021,177852,0,192117,0,199020,0,193227,0,175617,0,148314,0,113346,0,78863,0,49355,0,27489,0,13362,0,5609,0,2007,0,529,0,127,0,17,0,2,0,1,0
0,0,0,0,0,0,0,0,0,0,0,0,0,0,0,0,0,0,0,0,0,0,0,0,0,0,0,0,0,0,0,0,0,7,0,18,50,0,100,0,274,0,615,0,1260,0,2552,0,4943,0,9139,0,16081,0,27291,0,44459,0,69387,0,104612,0,150142,0,208411,0,276632,0,353542,0,435188,0,513956,584452,0,640478,0,673055,0,679182,0,660383,0,616778,0,554650,0,480496,0,400831,0,325477,0,256878,0,201515,0,160773,0,134349,0,123076,0,122869,0,133278,0,151025,169876,0,187361,0,197346,0,197006,0,184278,0,159734,0,126861,0,91040,0,59030,0,34164,0,17227,0,7446,0,2818,0,808,0,175,0,33,0,1,0,1,0
0,0,0,0,0,0,0,0,0,0,0,0,0,0,0,0,0,0,0,0,0,0,0,0,0,0,0,0,0,0,0,1,0,7,0,19,37,0,103,0,261,0,570,0,1149,0,2385,0,4640,0,8529,0,15080,0,25778,0,42351,0,65791,0,99304,0,144292,0,200183,0,266844,0,343504,0,424192,0,502937,575878,0,632844,0,669234,0,678542,0,663806,0,623004,0,562952,0,490947,0,410836,0,333983,0,264557,0,206458,0,163349,0,134246,0,119625,0,117084,0,125871,0,141936,161287,0,181017,0,194537,0,198568,0,190700,0,170563,0,140024,0,104734,0,69595,0,41987,0,21963,0,9959,0,3857,0,1188,0,272,0,45,0,3,0,1,0
0,0,0,0,0,0,0,0,0,0,0,0,0,0,0,0,0,0,0,0,0,0,0,0,0,0,0,0,0,0,0,2,0,5,0,19,30,0,94,0,259,0,520,0,1069,0,2161,0,4377,0,8053,0,13988,0,24479,0,39686,0,62550,0,94656,0,137726,0,192565,0,257707,0,332618,0,412728,0,492294,565618,0,626114,0,664220,0,677526,0,666708,0,629008,0,571985,0,499951,0,420797,0,344837,0,272337,0,212563,0,166344,0,134797,0,116835,0,112704,0,118296,0,133567,152266,0,172446,0,190864,0,198314,0,195363,0,179918,0,153145,0,117710,0,82090,0,51223,0,27723,0,13111,0,5180,0,1785,0,404,0,67,0,6,0,1,0
0,0,0,0,0,0,0,0,0,0,0,0,0,0,0,0,0,0,0,0,0,0,0,0,0,0,0,0,0,0,0,2,0,3,0,14,33,0,101,0,225,0,496,0,988,0,1982,0,4089,0,7512,0,13192,0,23002,0,37523,0,59028,0,90047,0,131675,0,184459,0,247693,0,322171,0,401880,0,481440,554931,0,617211,0,659598,0,677030,0,667829,0,636731,0,578592,0,510267,0,432073,0,354667,0,281602,0,218487,0,170612,0,135403,0,115998,0,108033,0,112144,0,124276,143664,0,164670,0,184066,0,196425,0,199013,0,187304,0,164751,0,132019,0,94569,0,61610,0,34982,0,16954,0,7070,0,2485,0,662,0,116,0,8,0,2,0
0,0,0,0,0,0,0,0,0,0,0,0,0,0,0,0,0,0,0,0,0,0,0,0,0,0,0,0,0,0,0,3,0,5,0,9,33,0,96,0,198,0,461,0,884,0,1915,0,3727,0,7047,0,12460,0,21703,0,35161,0,55819,0,85562,0,125649,0,176503,0,238696,0,311017,0,390142,0,470389,544817,0,608118,0,653055,0,674868,0,670267,0,641223,0,589321,0,518791,0,443180,0,365396,0,290604,0,226398,0,174515,0,137533,0,115013,0,104997,0,106667,0,116770,133947,0,155672,0,177083,0,192409,0,199319,0,194362,0,174934,0,145093,0,109081,0,72765,0,43420,0,22123,0,9516,0,3460,0,1009,0,187,0,14,0,3,0
0,0,0,0,0,0,0,0,0,0,0,0,0,0,0,0,0,0,0,0,0,0,0,0,0,0,0,0,0,0,0,2,0,4,0,12,27,0,86,0,183,0,412,0,820,0,1770,0,3507,0,6475,0,11866,0,20058,0,33473,0,52653,0,81097,0,119636,0,168400,0,230062,0,299138,0,378999,0,458491,534394,0,599394,0,646525,0,672871,0,671516,0,644550,0,597471,0,530069,0,453743,0,375791,0,301118,0,234304,0,179521,0,140659,0,114999,0,102843,0,101075,0,109840,125415,0,145676,0,168947,0,186934,0,197720,0,198327,0,184716,0,158110,0,122902,0,86010,0,52875,0,28607,0,12689,0,4804,0,1472,0,318,0,30,0,3,0
0,0,0,0,0,0,0,0,0,0,0,0,0,0,0,0,0,0,0,0,0,0,0,0,0,0,0,0,0,0,0,2,0,5,0,12,31,0,69,0,172,0,360,0,793,0,1634,0,3245,0,6117,0,10946,0,18946,0,31269,0,49892,0,76647,0,113918,0,160656,0,220508,0,289687,0,365805,0,446772,522521,0,590259,0,639853,0,669045,0,672456,0,649926,0,603901,0,540773,0,465344,0,386766,0,311006,0,242726,0,186727,0,144078,0,116096,0,100184,0,97333,0,103479,117294,0,136339,0,159271,0,180499,0,194401,0,200085,0,191974,0,170442,0,137087,0,99483,0,64202,0,35952,0,17091,0,6623,0,2136,0,516,0,50,0,5,0
0,0,0,0,0,0,0,0,0,0,0,0,0,0,0,0,0,0,0,0,0,0,0,0,0,0,0,0,0,0,0,3,0,3,0,11,27,0,52,0,164,0,329,0,721,0,1545,0,2996,0,5731,0,10144,0,17621,0,29473,0,47030,0,72579,0,107647,0,153275,0,211378,0,279237,0,354423,0,434356,510669,0,579650,0,633056,0,665215,0,671885,0,654697,0,611227,0,550183,0,476779,0,398814,0,321452,0,251688,0,194231,0,148296,0,117492,0,99142,0,93783,0,97828,109426,0,127310,0,150062,0,171808,0,190184,0,199536,0,197152,0,180723,0,151136,0,113987,0,76760,0,44922,0,22446,0,9243,0,3006,0,763,0,107,0,6,0
0,0,0,0,0,0,0,0,0,0,0,0,0,0,0,0,0,0,0,0,0,0,0,0,0,0,0,0,0,0,0,2,0,4,0,12,21,0,52,0,151,0,328,0,637,0,1471,0,2757,0,5451,0,9293,0,16607,0,27473,0,44473,0,68358,0,101770,0,146466,0,202407,0,268550,0,342603,0,420974,499669,0,569704,0,624353,0,659818,0,671525,0,657780,0,618678,0,559834,0,488367,0,410649,0,332946,0,261309,0,201358,0,153320,0,120353,0,99233,0,90986,0,92216,102674,0,118392,0,140384,0,163154,0,183437,0,197701,0,199632,0,189450,0,164634,0,128516,0,90278,0,55889,0,28944,0,12668,0,4366,0,1140,0,179,0,13,0
0,0,0,0,0,0,0,0,0,0,0,0,0,0,0,0,0,0,0,0,0,0,0,0,0,0,0,0,0,1,0,1,0,4,0,11,19,0,59,0,122,0,307,0,637,0,1314,0,2626,0,4841,0,8979,0,15214,0,25955,0,41538,0,64664,0,96682,0,139130,0,193047,0,257940,0,331109,0,407940,486835,0,559000,0,616118,0,654652,0,670308,0,659608,0,625234,0,570253,0,500073,0,422580,0,343876,0,272310,0,209551,0,159342,0,123046,0,100122,0,88686,0,88412,96035,0,110083,0,130824,0,153590,0,175581,0,193317,0,201362,0,195603,0,175803,0,143739,0,105084,0,67549,0,37236,0,17093,0,6307,0,1736,0,289,0,32,0
0,0,0,0,0,0,0,0,0,0,0,0,0,0,0,0,0,0,0,0,0,0,0,0,0,0,0,0,0,1,0,0,0,4,0,6,23,0,53,0,119,0,249,0,610,0,1254,0,2411,0,4503,0,8211,0,14474,0,24197,0,38961,0,60846,0,91325,0,132675,0,184558,0,246765,0,318560,0,396056,473571,0,547642,0,606994,0,648137,0,668511,0,662389,0,630923,0,579371,0,511828,0,435169,0,356617,0,282740,0,217903,0,165787,0,126760,0,101675,0,87610,0,84576,90335,0,102739,0,121261,0,143999,0,166709,0,187401,0,200012,0,200438,0,185450,0,157718,0,120336,0,81267,0,46954,0,22686,0,8903,0,2576,0,511,0,50,0
0,0,0,0,0,0,0,0,0,0,0,0,0,0,0,0,0,0,0,0,0,0,0,0,0,0,0,0,0,0,0,2,0,1,0,8,19,0,52,0,97,0,255,0,558,0,1150,0,2214,0,4167,0,7559,0,13504,0,22750,0,36475,0,57294,0,86348,0,125778,0,175286,0,237025,0,306529,0,383090,460717,0,535248,0,597380,0,642215,0,665048,0,663709,0,637678,0,588265,0,523149,0,448530,0,369770,0,294511,0,228813,0,174090,0,133623,0,106115,0,90448,0,86441,90695,0,102659,0,120746,0,143414,0,165793,0,187405,0,199756,0,200855,0,187212,0,159585,0,122396,0,82993,0,48065,0,23528,0,9159,0,2644,0,538,0,55,0
0,0,0,0,0,0,0,0,0,0,0,0,0,0,0,0,0,0,0,0,0,0,0,0,0,0,0,0,0,0,0,1,0,3,0,3,21,0,46,0,96,0,244,0,527,0,1043,0,2048,0,3832,0,6969,0,12551,0,21106,0,34267,0,54007,0,81353,0,119612,0,166948,0,226807,0,294495,0,370394,448238,0,523167,0,587424,0,634060,0,661803,0,665329,0,642256,0,597167,0,534919,0,459990,0,383343,0,307170,0,239366,0,183443,0,140634,0,110827,0,93901,0,88060,91198,0,102732,0,120010,0,142627,0,165274,0,186583,0,200763,0,201069,0,188793,0,161303,0,124544,0,84632,0,49232,0,24397,0,9430,0,2731,0,561,0,60,0
0,0,0,0,0,0,0,0,0,0,0,0,0,0,0,0,0,0,0,0,0,0,0,0,0,0,0,0,0,0,0,1,0,3,0,3,16,0,43,0,87,0,216,0,495,0,995,0,1822,0,3586,0,6458,0,11764,0,19611,0,32042,0,50890,0,76945,0,112786,0,159855,0,216580,0,283466,0,357047,436048,0,510412,0,576336,0,627889,0,657730,0,664168,0,646930,0,605306,0,545689,0,473600,0,395068,0,320186,0,250244,0,193132,0,147478,0,116493,0,97219,0,89777,92128,0,102812,0,119565,0,141775,0,164681,0,186105,0,200822,0,201827,0,190565,0,163030,0,126596,0,86177,0,50643,0,24924,0,9811,0,2888,0,576,0,68,0
0,0,0,0,0,0,0,0,0,0,0,0,0,0,0,0,0,0,0,0,0,0,0,0,0,0,0,0,0,0,0,0,0,2,0,4,15,0,36,0,83,0,193,0,456,0,909,0,1815,0,3138,0,6107,0,10813,0,18258,0,29922,0,48011,0,72546,0,107461,0,151604,0,207219,0,271641,0,346071,421670,0,499675,0,564372,0,619968,0,652602,0,664607,0,650220,0,613022,0,555071,0,485854,0,409019,0,332276,0,262203,0,202095,0,155523,0,121795,0,101081,0,91827,93260,0,102949,0,119012,0,141085,0,163893,0,185831,0,200702,0,202746,0,191785,0,165127,0,128606,0,87770,0,52002,0,25537,0,10192,0,3072,0,585,0,71,0
0,0,0,0,0,0,0,0,0,0,0,0,0,0,0,0,0,0,0,0,0,0,0,0,0,0,0,0,0,0,0,0,0,2,0,4,12,0,32,0,71,0,184,0,394,0,892,0,1620,0,3077,0,5558,0,10009,0,17211,0,28049,0,44974,0,68837,0,101397,0,144077,0,197591,0,261689,0,333601,409194,0,486166,0,554865,0,610015,0,647987,0,662822,0,654106,0,617925,0,566679,0,497190,0,421671,0,345879,0,272680,0,212865,0,163415,0,127460,0,105129,0,94290,94215,0,102899,0,119010,0,140144,0,162948,0,185612,0,200760,0,203262,0,193124,0,167456,0,130653,0,89766,0,53222,0,26313,0,10497,0,3218,0,621,0,70,0
0,0,0,0,0,0,0,0,0,0,0,0,0,0,0,0,0,0,0,0,0,0,0,0,0,0,0,0,0,0,0,0,0,1,0,7,16,0,25,0,67,0,144,0,389,0,778,0,1557,0,2830,0,5191,0,9345,0,16095,0,26382,0,41998,0,64890,0,96159,0,136655,0,189095,0,251140,0,321386,396968,0,473059,0,543751,0,600852,0,642558,0,660445,0,655617,0,624669,0,575522,0,509495,0,434988,0,357483,0,285192,0,222787,0,172337,0,133251,0,109541,0,96922,95274,0,103699,0,118659,0,138913,0,162656,0,184911,0,200534,0,204146,0,194487,0,169657,0,132682,0,91656,0,54432,0,27160,0,10839,0,3397,0,651,0,69,0
0,0,0,0,0,0,0,0,0,0,0,0,0,0,0,0,0,0,0,0,0,0,0,0,0,0,0,0,0,0,0,0,0,3,0,6,15,0,25,0,54,0,146,0,321,0,688,0,1446,0,2695,0,4835,0,8647,0,15059,0,24652,0,39542,0,61239,0,90542,0,130372,0,180657,0,240308,0,309979,384436,0,460545,0,532234,0,592310,0,635789,0,657636,0,655737,0,630872,0,583689,0,522242,0,447045,0,369866,0,296997,0,233907,0,180508,0,140283,0,113416,0,100080,96922,0,104043,0,118157,0,138940,0,161819,0,184490,0,200224,0,204809,0,196309,0,171300,0,134621,0,93279,0,56099,0,27965,0,11296,0,3545,0,695,0,73,0
0,0,0,0,0,0,0,0,0,0,0,0,0,0,0,0,0,0,0,0,0,0,0,0,0,0,0,0,0,0,0,0,0,2,0,2,15,0,22,0,52,0,128,0,306,0,640,0,1295,0,2446,0,4490,0,8213,0,13890,0,23152,0,37275,0,57385,0,85957,0,123573,0,171949,0,230863,0,298012,372580,0,448142,0,519812,0,583176,0,628599,0,655187,0,655414,0,635879,0,591877,0,532129,0,460057,0,382933,0,309718,0,244233,0,189329,0,147464,0,118674,0,102744,98627,0,104955,0,117735,0,138379,0,161255,0,183920,0,199878,0,206054,0,196799,0,173401,0,136973,0,95261,0,57443,0,28944,0,11682,0,3679,0,735,0,75,0
0,0,0,0,0,0,0,0,0,0,0,0,0,0,0,0,0,0,0,0,0,0,0,0,0,0,0,0,0,0,0,0,0,1,0,3,12,0,23,0,58,0,109,0,284,0,575,0,1200,0,2340,0,4216,0,7414,0,13118,0,21673,0,34883,0,54192,0,81127,0,117444,0,164471,0,220400,0,286987,360547,0,435519,0,508356,0,572940,0,622125,0,650469,0,655710,0,639600,0,599495,0,541687,0,472073,0,396437,0,322115,0,255281,0,198793,0,154005,0,123940,0,106584,100333,0,105487,0,117719,0,137805,0,160644,0,183432,0,199528,0,206602,0,198268,0,175727,0,138975,0,97318,0,58679,0,29890,0,12080,0,3869,0,770,0,77,0
0,0,0,0,0,0,0,0,0,0,0,0,0,0,0,0,0,0,0,0,0,0,0,0,0,0,0,0,0,0,0,0,0,0,0,7,10,0,25,0,44,0,96,0,253,0,542,0,1117,0,2135,0,3933,0,6937,0,12177,0,20283,0,32565,0,51298,0,76894,0,111590,0,156264,0,211221,0,275568,349113,0,424177,0,495551,0,562532,0,614136,0,645482,0,655974,0,642843,0,605775,0,551815,0,484264,0,408921,0,334596,0,266362,0,207941,0,161927,0,129617,0,109791,102708,0,106241,0,118079,0,137178,0,159641,0,182622,0,199578,0,207524,0,199523,0,177303,0,141469,0,99155,0,60347,0,30787,0,12575,0,3996,0,827,0,80,0
0,0,0,0,0,0,0,0,0,0,0,0,0,0,0,0,0,0,0,0,0,0,0,0,0,0,0,0,0,0,0,0,0,0,0,3,10,0,18,0,45,0,96,0,238,0,519,0,1013,0,1961,0,3668,0,6470,0,11408,0,18992,0,30448,0,48375,0,72609,0,106379,0,148454,0,201726,0,265682,336986,0,411818,0,483920,0,550665,0,606562,0,640416,0,655029,0,645175,0,612870,0,561462,0,494808,0,421706,0,346579,0,278374,0,217282,0,170112,0,135255,0,113827,105204,0,106872,0,118414,0,136576,0,159102,0,182098,0,198923,0,208256,0,201343,0,178918,0,143577,0,101300,0,61916,0,31803,0,13033,0,4157,0,862,0,95,0
0,0,0,0,0,0,0,0,0,0,0,0,0,0,0,0,0,0,0,0,0,0,0,0,0,0,0,0,0,0,0,0,0,1,0,1,9,0,14,0,45,0,101,0,215,0,463,0,949,0,1791,0,3427,0,6079,0,10478,0,17757,0,28635,0,45354,0,68490,0,101024,0,141887,0,192679,0,255553,324768,0,400023,0,470547,0,541098,0,597608,0,635195,0,652442,0,647873,0,618461,0,571271,0,506616,0,432363,0,359321,0,289716,0,227782,0,177607,0,141850,0,117836,107759,0,108041,0,118638,0,136285,0,158250,0,181679,0,198881,0,208460,0,203057,0,180743,0,145784,0,103297,0,63584,0,32744,0,13544,0,4324,0,913,0,97,0
0,0,0,0,0,0,0,0,0,0,0,0,0,0,0,0,0,0,0,0,0,0,0,0,0,0,0,0,0,0,0,1,0,0,0,0,6,0,19,0,37,0,89,0,207,0,429,0,820,0,1691,0,3134,0,5704,0,9744,0,16523,0,27140,0,42575,0,64648,0,95800,0,135136,0,184467,0,244859,314236,0,385862,0,460295,0,529490,0,588357,0,629924,0,649793,0,648762,0,624339,0,578520,0,517777,0,445145,0,371487,0,301574,0,238332,0,185892,0,147665,0,122630,110621,0,109405,0,119015,0,135838,0,157815,0,180621,0,199246,0,208911,0,204086,0,182578,0,148029,0,105508,0,65062,0,33916,0,14111,0,4465,0,976,0,97,0
0,0,0,0,0,0,0,0,0,0,0,0,0,0,0,0,0,0,0,0,0,0,0,0,0,0,0,0,0,0,0,0,0,1,0,0,5,0,16,0,36,0,79,0,202,0,371,0,756,0,1599,0,2846,0,5267,0,9228,0,15516,0,25285,0,39951,0,61498,0,90573,0,128396,0,176830,0,234807,301865,0,375000,0,447795,0,518406,0,579396,0,622070,0,647567,0,648684,0,629573,0,586777,0,527634,0,458417,0,383825,0,312878,0,247941,0,195314,0,154103,0,127698,113358,0,111185,0,119166,0,135672,0,157509,0,179775,0,199088,0,209601,0,205066,0,184471,0,150233,0,107937,0,66556,0,35136,0,14692,0,4644,0,1007,0,108,0
0,0,0,0,0,0,0,0,0,0,0,0,0,0,0,0,0,0,0,0,0,0,0,0,0,0,0,0,0,0,0,0,0,0,0,1,4,0,18,0,32,0,65,0,191,0,334,0,708,0,1426,0,2687,0,4894,0,8558,0,14602,0,23592,0,37872,0,58039,0,85697,0,122473,0,168866,0,224874,290952,0,362421,0,436625,0,507183,0,568476,0,616084,0,643582,0,648955,0,633247,0,594546,0,537149,0,469887,0,397084,0,324204,0,259143,0,204053,0,161313,0,132179,116897,0,112928,0,120043,0,135280,0,157077,0,178962,0,199038,0,209860,0,206415,0,186496,0,152631,0,109951,0,68226,0,36422,0,15152,0,4842,0,1057,0,116,0
0,0,0,0,0,0,0,0,0,0,0,0,0,0,0,0,0,0,0,0,0,0,0,0,0,0,0,0,0,0,0,0,0,0,0,2,2,0,12,0,33,0,64,0,173,0,313,0,653,0,1296,0,2529,0,4492,0,7994,0,13554,0,22216,0,35491,0,54845,0,81077,0,116646,0,161061,0,216199,279742,0,350702,0,423961,0,496941,0,559089,0,607165,0,640182,0,648626,0,635546,0,601059,0,547800,0,480978,0,409365,0,336307,0,269963,0,213352,0,168458,0,137693,120202,0,114796,0,120849,0,135652,0,156261,0,178462,0,198784,0,210374,0,207542,0,188205,0,155008,0,112286,0,69941,0,37340,0,15837,0,5058,0,1110,0,121,0
0,0,0,0,0,0,0,0,0,0,0,0,0,0,0,0,0,0,0,0,0,0,0,0,0,0,0,0,0,0,0,0,0,0,0,2,1,0,11,0,29,0,58,0,165,0,304,0,569,0,1208,0,2277,0,4313,0,7374,0,12606,0,20968,0,33211,0,51765,0,76970,0,110319,0,154346,0,206550,269527,0,339482,0,411873,0,484314,0,549317,0,600916,0,634035,0,648239,0,637512,0,607674,0,557180,0,492082,0,421529,0,347834,0,281219,0,223290,0,175748,0,143091,124292,0,117116,0,121362,0,136017,0,155377,0,177863,0,198626,0,210759,0,208430,0,190600,0,157229,0,114483,0,72026,0,38358,0,16345,0,5312,0,1167,0,139,0
0,0,0,0,0,0,0,0,0,0,0,0,0,0,0,0,0,0,0,0,0,0,0,0,0,0,0,0,0,0,0,0,0,2,0,0,2,0,9,0,21,0,64,0,135,0,288,0,574,0,1130,0,2113,0,3877,0,6953,0,11820,0,19535,0,31323,0,48782,0,72957,0,105043,0,146463,0,198333,259172,0,327553,0,400736,0,471454,0,539131,0,593029,0,628758,0,646105,0,640528,0,613458,0,565065,0,504077,0,432413,0,361008,0,292345,0,232710,0,183795,0,148916,128049,0,119517,0,122558,0,136155,0,155190,0,177319,0,198256,0,211073,0,209338,0,192450,0,159901,0,116473,0,73976,0,39592,0,16930,0,5586,0,1228,0,141,0
0,0,0,0,0,0,0,0,0,0,0,0,0,0,0,0,0,0,0,0,0,0,0,0,0,0,0,0,0,0,0,0,0,1,0,1,2,0,6,0,23,0,61,0,142,0,236,0,525,0,1079,0,1936,0,3508,0,6481,0,11032,0,18505,0,29541,0,45707,0,69266,0,99472,0,139842,0,189805,249329,0,316407,0,387493,0,461445,0,527302,0,584698,0,624216,0,644036,0,641606,0,617972,0,573242,0,514545,0,445586,0,371849,0,303861,0,242657,0,192254,0,154856,132458,0,121792,0,123919,0,136377,0,155004,0,176569,0,197982,0,211421,0,210594,0,194152,0,162100,0,118950,0,75847,0,40873,0,17635,0,5763,0,1301,0,147,0
0,0,0,0,0,0,0,0,0,0,0,0,0,0,0,0,0,0,0,0,0,0,0,0,0,0,0,0,0,0,0,0,0,0,0,2,0,0,5,0,21,0,66,0,118,0,217,0,487,0,1002,0,1804,0,3271,0,5926,0,10352,0,17150,0,27751,0,43326,0,65378,0,94631,0,133454,0,181494,239335,0,305239,0,376557,0,448643,0,516832,0,575448,0,618401,0,641493,0,642182,0,623079,0,581796,0,523716,0,456707,0,384218,0,315228,0,252809,0,200950,0,161295,136747,0,124518,0,125503,0,136611,0,154955,0,176071,0,197491,0,211798,0,211951,0,195689,0,164562,0,121511,0,77535,0,42299,0,18300,0,5946,0,1384,0,155,0
0,0,0,0,0,0,0,0,0,0,0,0,0,0,0,0,0,0,0,0,0,0,0,0,0,0,0,0,0,0,0,0,0,0,0,1,1,0,2,0,19,0,56,0,113,0,219,0,471,0,885,0,1622,0,3154,0,5354,0,9790,0,16083,0,25902,0,40768,0,61700,0,90293,0,126517,0,174080,230325,0,294222,0,364244,0,437412,0,506669,0,565789,0,611624,0,637990,0,643085,0,627123,0,587745,0,533964,0,468418,0,396458,0,326248,0,263434,0,209155,0,167926,141816,0,127696,0,127045,0,137028,0,154651,0,175950,0,196915,0,211889,0,213245,0,197757,0,166792,0,123793,0,79448,0,43698,0,18999,0,6209,0,1458,0,159,0
0,0,0,0,0,0,0,0,0,0,0,0,0,0,0,0,0,0,0,0,0,0,0,0,0,0,0,0,0,0,0,0,0,0,0,1,2,0,0,0,20,0,49,0,93,0,214,0,434,0,818,0,1553,0,2842,0,5120,0,9044,0,14912,0,24671,0,38190,0,58424,0,85214,0,121556,0,165274,220999,0,284177,0,352910,0,425437,0,495969,0,556962,0,603981,0,634546,0,643376,0,630068,0,593735,0,543246,0,479438,0,408932,0,337898,0,272970,0,218746,0,175096,146319,0,131269,0,128750,0,137700,0,154648,0,175699,0,196487,0,212002,0,214124,0,199804,0,169178,0,126032,0,81570,0,44970,0,19737,0,6514,0,1525,0,164,0
0,0,0,0,0,0,0,0,0,0,0,0,0,0,0,0,0,0,0,0,0,0,0,0,0,0,0,0,0,0,0,0,0,0,0,2,1,0,3,0,11,0,40,0,107,0,180,0,393,0,783,0,1404,0,2642,0,4762,0,8340,0,13931,0,23012,0,36032,0,54912,0,81030,0,115688,0,158642,211847,0,274084,0,341652,0,412374,0,485123,0,547556,0,596582,0,630803,0,642313,0,632118,0,601789,0,551712,0,490050,0,420021,0,349483,0,284422,0,227251,0,182833,151697,0,134673,0,130782,0,138433,0,154464,0,175318,0,196265,0,212126,0,215247,0,201680,0,171467,0,128127,0,83759,0,46426,0,20434,0,6806,0,1600,0,177,0
0,0,0,0,0,0,0,0,0,0,0,0,0,0,0,0,0,0,0,0,0,0,0,0,0,0,0,0,0,0,0,0,0,1,0,1,1,0,3,0,17,0,33,0,95,0,167,0,371,0,716,0,1314,0,2459,0,4348,0,7750,0,13084,0,21481,0,34091,0,51551,0,76576,0,110246,0,151682,203250,0,263817,0,331701,0,401005,0,471901,0,538374,0,588934,0,626376,0,640470,0,634467,0,607469,0,559732,0,500651,0,432998,0,360275,0,295307,0,236483,0,190837,157129,0,137946,0,133144,0,139478,0,154735,0,174606,0,196411,0,212357,0,215748,0,203688,0,173756,0,130365,0,86173,0,47667,0,21219,0,7124,0,1639,0,190,0
0,0,0,0,0,0,0,0,0,0,0,0,0,0,0,0,0,0,0,0,0,0,0,0,0,0,0,0,0,0,0,0,0,1,0,0,1,0,7,0,12,0,24,0,79,0,163,0,359,0,627,0,1204,0,2272,0,4093,0,7213,0,12251,0,19959,0,32130,0,48743,0,72599,0,104420,0,145284,194452,0,254010,0,320776,0,389972,0,461112,0,526983,0,581707,0,620639,0,638735,0,636280,0,612319,0,568691,0,510628,0,443273,0,372825,0,306088,0,246299,0,198017,163516,0,141711,0,135338,0,140945,0,154757,0,174241,0,196113,0,212461,0,217093,0,205014,0,175980,0,133198,0,88366,0,49101,0,22022,0,7391,0,1720,0,195,0
0,0,0,0,0,0,0,0,0,0,0,0,0,0,0,0,0,0,0,0,0,0,0,0,0,0,0,0,0,0,0,0,0,0,0,1,1,0,6,0,14,0,22,0,62,0,165,0,317,0,582,0,1130,0,2074,0,3825,0,6732,0,11368,0,18829,0,30106,0,46072,0,68703,0,99168,0,138595,186632,0,244436,0,309823,0,377967,0,450770,0,517166,0,573086,0,613814,0,636924,0,638082,0,616820,0,575713,0,521068,0,453923,0,384378,0,317279,0,255254,0,206474,169981,0,146346,0,137502,0,141907,0,155482,0,173689,0,195595,0,213163,0,218157,0,206910,0,177611,0,136241,0,90502,0,50389,0,22815,0,7741,0,1792,0,205,0
0,0,0,0,0,0,0,0,0,0,0,0,0,0,0,0,0,0,0,0,0,0,0,0,0,0,0,0,0,0,0,0,0,0,0,1,2,0,3,0,12,0,19,0,58,0,152,0,293,0,524,0,1054,0,1974,0,3519,0,6284,0,10629,0,17602,0,28199,0,43430,0,65066,0,94133,0,132024,178971,0,235474,0,298618,0,368359,0,437984,0,507066,0,564445,0,607303,0,634623,0,637636,0,621698,0,582667,0,530199,0,465326,0,395692,0,328416,0,265687,0,214364,176468,0,150931,0,140215,0,143292,0,155730,0,174116,0,195187,0,213158,0,219440,0,208210,0,180040,0,138733,0,92462,0,52144,0,23596,0,8084,0,1869,0,228,0
0,0,0,0,0,0,0,0,0,0,0,0,0,0,0,0,0,0,0,0,0,0,0,0,0,0,0,0,0,0,0,0,0,0,0,1,1,0,5,0,8,0,22,0,54,0,132,0,249,0,505,0,974,0,1871,0,3240,0,5843,0,9919,0,16590,0,26268,0,41506,0,61032,0,89320,0,125978,171425,0,226067,0,289564,0,356112,0,426877,0,495923,0,556308,0,600761,0,630904,0,637819,0,625269,0,590194,0,539198,0,475315,0,407187,0,338953,0,276115,0,223065,182847,0,156261,0,142970,0,144706,0,156133,0,174129,0,195391,0,213102,0,220152,0,210035,0,182560,0,140922,0,94728,0,53720,0,24536,0,8440,0,1962,0,241,0
0,0,0,0,0,0,0,0,0,0,0,0,0,0,0,0,0,0,0,0,0,0,0,0,0,0,0,0,0,0,0,0,0,1,0,0,1,0,5,0,11,0,14,0,58,0,100,0,255,0,452,0,910,0,1735,0,3043,0,5389,0,9331,0,15504,0,24796,0,38811,0,58019,0,84547,0,120009,164122,0,217154,0,278929,0,345814,0,415560,0,485971,0,546290,0,594780,0,627044,0,636795,0,627916,0,596482,0,548034,0,485935,0,418865,0,349540,0,286299,0,232174,189377,0,161408,0,146189,0,146504,0,156945,0,173871,0,195407,0,213269,0,220329,0,212255,0,184764,0,143634,0,96917,0,55359,0,25313,0,8880,0,2033,0,260,0
0,0,0,0,0,0,0,0,0,0,0,0,0,0,0,0,0,0,0,0,0,0,0,0,0,0,0,0,0,0,0,0,0,1,0,0,0,0,7,0,9,0,14,0,42,0,101,0,224,0,424,0,829,0,1545,0,2899,0,5064,0,8767,0,14430,0,23287,0,36481,0,54631,0,80541,0,114024,156741,0,209095,0,268958,0,334838,0,405549,0,474076,0,537225,0,587598,0,621958,0,637358,0,629416,0,601984,0,556513,0,496227,0,429768,0,360939,0,297042,0,240937,196646,0,166061,0,149850,0,148287,0,157532,0,174601,0,195032,0,213478,0,221172,0,214081,0,187150,0,146122,0,98950,0,56993,0,26216,0,9275,0,2148,0,273,0
0,0,0,0,0,0,0,0,0,0,0,0,0,0,0,0,0,0,0,0,0,0,0,0,0,0,0,0,0,0,0,0,0,0,0,1,1,0,4,0,7,0,11,0,41,0,103,0,187,0,386,0,756,0,1415,0,2700,0,4774,0,8061,0,13596,0,21891,0,34295,0,51512,0,76670,0,108536,149917,0,200422,0,259557,0,324273,0,394148,0,464229,0,526689,0,579436,0,618354,0,634568,0,632495,0,607056,0,564966,0,506766,0,439593,0,372253,0,307133,0,250530,203643,0,171815,0,153710,0,150055,0,158422,0,174494,0,195369,0,213986,0,221329,0,215892,0,189365,0,148564,0,101363,0,58692,0,27100,0,9702,0,2284,0,292,0
0,0,0,0,0,0,0,0,0,0,0,0,0,0,0,0,0,0,0,0,0,0,0,0,0,0,0,0,0,0,0,0,0,0,0,1,0,0,4,0,4,0,13,0,32,0,91,0,194,0,304,0,716,0,1310,0,2496,0,4364,0,7592,0,12707,0,20619,0,32136,0,49114,0,72412,0,103530,142851,0,192674,0,249632,0,314060,0,383338,0,452582,0,517494,0,571805,0,612316,0,633474,0,632960,0,612539,0,571954,0,517164,0,450626,0,382845,0,317855,0,259406,211655,0,177676,0,157636,0,152297,0,158838,0,175013,0,195477,0,214130,0,222424,0,216812,0,191949,0,151117,0,103866,0,60404,0,28107,0,10071,0,2411,0,312,0
0,0,0,0,0,0,0,0,0,0,0,0,0,0,0,0,0,0,0,0,0,0,0,0,0,0,0,0,0,0,0,0,0,0,0,1,0,0,3,0,4,0,12,0,35,0,67,0,171,0,326,0,605,0,1215,0,2298,0,4086,0,7071,0,11959,0,19220,0,30318,0,46347,0,68659,0,98774,136790,0,183959,0,240477,0,303948,0,372417,0,441418,0,507960,0,563917,0,606943,0,630917,0,633891,0,617127,0,578743,0,525457,0,462297,0,394219,0,327794,0,269100,219020,0,183576,0,162140,0,154314,0,160243,0,175417,0,195344,0,213816,0,223647,0,218499,0,193979,0,154030,0,106159,0,62189,0,29114,0,10510,0,2540,0,327,0
0,0,0,0,0,0,0,0,0,0,0,0,0,0,0,0,0,0,0,0,0,0,0,0,0,0,0,0,0,0,0,0,0,0,0,1,0,0,3,0,4,0,8,0,35,0,65,0,152,0,287,0,586,0,1100,0,2122,0,3719,0,6658,0,11136,0,18069,0,28556,0,43880,0,64859,0,93582,130880,0,176589,0,231103,0,294063,0,361495,0,430561,0,497927,0,555503,0,600961,0,628016,0,634718,0,620399,0,586754,0,533718,0,472149,0,405380,0,338718,0,278691,227247,0,189259,0,166383,0,157213,0,161401,0,175757,0,195398,0,213948,0,224804,0,219554,0,196600,0,156714,0,108572,0,64029,0,30110,0,10990,0,2637,0,346,0
0,0,0,0,0,0,0,0,0,0,0,0,0,0,0,0,0,0,0,0,0,0,0,0,0,0,0,0,0,0,0,0,0,0,0,1,1,0,2,0,1,0,18,0,23,0,65,0,126,0,269,0,527,0,1044,0,1894,0,3580,0,6013,0,10535,0,16938,0,27256,0,41019,0,61748,0,88554,124537,0,169408,0,222594,0,283715,0,351000,0,420793,0,486614,0,546881,0,595462,0,624638,0,633384,0,624705,0,593489,0,541702,0,482618,0,415975,0,349745,0,287906,235487,0,195993,0,170800,0,160040,0,162951,0,175991,0,195676,0,213773,0,225556,0,221359,0,198494,0,159519,0,111093,0,66302,0,31077,0,11359,0,2802,0,357,0
0,0,0,0,0,0,0,0,0,0,0,0,0,0,0,0,0,0,0,0,0,0,0,0,0,0,0,0,0,0,0,0,0,0,0,0,1,0,1,0,4,0,19,0,22,0,57,0,113,0,250,0,508,0,936,0,1723,0,3292,0,5648,0,9824,0,15894,0,25495,0,39213,0,58087,0,84375,118811,0,162335,0,213966,0,274047,0,340237,0,409741,0,477634,0,538017,0,587505,0,620757,0,634413,0,626152,0,598347,0,550952,0,492154,0,427723,0,360576,0,297578,243240,0,202877,0,175528,0,163027,0,164759,0,176889,0,194956,0,214197,0,225905,0,223381,0,200694,0,162412,0,113685,0,67961,0,32392,0,11753,0,2981,0,364,1
0,0,0,0,0,0,0,0,0,0,0,0,0,0,0,0,0,0,0,0,0,0,0,0,0,0,0,0,0,0,0,0,0,0,0,0,1,0,1,0,6,0,14,0,23,0,53,0,94,0,237,0,460,0,874,0,1578,0,3115,0,5268,0,9115,0,14947,0,23747,0,37110,0,55085,0,80511,112512,0,155803,0,205949,0,263997,0,329854,0,399428,0,467049,0,528967,0,581065,0,617715,0,631772,0,628405,0,603031,0,560551,0,502160,0,436898,0,371556,0,307787,251485,0,209498,0,180075,0,167078,0,166451,0,176976,0,195275,0,214441,0,226891,0,224552,0,203416,0,165077,0,116391,0,69562,0,33748,0,12241,0,3132,0,381,1
0,0,0,0,0,0,0,0,0,0,0,0,0,0,0,0,0,0,0,0,0,0,0,0,0,0,0,0,0,0,0,0,0,0,0,0,1,0,2,0,4,0,7,0,30,0,44,0,88,0,207,0,403,0,819,0,1525,0,2840,0,4985,0,8440,0,14042,0,22283,0,34923,0,52068,0,76151,108381,0,147990,0,198506,0,254245,0,320758,0,387678,0,457080,0,519619,0,573906,0,612078,0,631282,0,629657,0,608113,0,567157,0,512576,0,447138,0,382169,0,318784,259877,0,215731,0,186339,0,169460,0,168810,0,177780,0,195305,0,215092,0,227646,0,225756,0,205774,0,167760,0,119367,0,71468,0,34833,0,12713,0,3306,0,412,1
0,0,0,0,0,0,0,0,0,0,0,0,0,0,0,0,0,0,0,0,0,0,0,0,0,0,0,0,0,0,0,0,0,0,0,0,1,0,1,0,5,0,8,0,12,0,53,0,85,0,179,0,382,0,751,0,1403,0,2646,0,4628,0,7930,0,13151,0,21010,0,32766,0,49268,0,72438,103102,0,141793,0,190025,0,246303,0,309771,0,377383,0,445997,0,510989,0,566089,0,606524,0,628804,0,631806,0,613365,0,574767,0,521421,0,457063,0,392687,0,328181,270023,0,222806,0,190982,0,173164,0,170539,0,179293,0,195957,0,214396,0,228666,0,227566,0,207982,0,170285,0,122241,0,73390,0,36227,0,13236,0,3442,0,426,1
0,0,0,0,0,0,0,0,0,0,0,0,0,0,0,0,0,0,0,0,0,0,0,0,0,0,0,0,0,0,0,0,0,0,0,0,0,0,3,0,5,0,4,0,15,0,46,0,81,0,154,0,370,0,659,0,1301,0,2439,0,4339,0,7360,0,12117,0,19885,0,30737,0,47009,0,68284,98310,0,135605,0,182574,0,237010,0,299698,0,367745,0,435648,0,501206,0,557839,0,601715,0,626017,0,633316,0,616142,0,581880,0,531245,0,467259,0,402508,0,338428,279218,0,230655,0,196214,0,177050,0,172614,0,179653,0,196498,0,215216,0,228999,0,229283,0,209556,0,173368,0,125137,0,75758,0,37333,0,13857,0,3596,0,450,1
0,0,0,0,0,0,0,0,0,0,0,0,0,0,0,0,0,0,0,0,0,0,0,0,0,0,0,0,0,0,0,0,0,0,0,0,1,0,2,0,5,0,3,0,19,0,36,0,71,0,159,0,326,0,618,0,1150,0,2298,0,4047,0,6862,0,11464,0,18452,0,29041,0,44332,0,65383,93163,0,129596,0,175537,0,228621,0,290071,0,356367,0,426023,0,491688,0,548815,0,596213,0,623255,0,633277,0,620413,0,588443,0,539012,0,477849,0,413096,0,348373,288017,0,238558,0,201975,0,180999,0,175533,0,180464,0,196314,0,215833,0,230151,0,229989,0,212431,0,175880,0,127837,0,77853,0,38847,0,14410,0,3756,0,480,1
0,0,0,0,0,0,0,0,0,0,0,0,0,0,0,0,0,0,0,0,0,0,0,0,0,0,0,0,0,0,0,0,0,0,0,0,1,0,2,0,6,0,5,0,14,0,30,0,69,0,125,0,292,0,608,0,1088,0,2014,0,3795,0,6457,0,10755,0,17209,0,27251,0,42155,0,61662,88442,0,124185,0,167930,0,220845,0,280428,0,346335,0,415517,0,481459,0,542015,0,589005,0,621264,0,631990,0,623774,0,593663,0,548885,0,486661,0,424234,0,358005,297554,0,246094,0,208097,0,185360,0,177191,0,182082,0,196815,0,215862,0,230837,0,231597,0,214397,0,179033,0,130386,0,80324,0,40205,0,14977,0,3921,0,501,1
0,0,0,0,0,0,0,0,0,0,0,0,0,0,0,0,0,0,0,0,0,0,0,0,0,0,0,0,0,0,0,0,0,0,0,0,1,0,1,0,3,0,13,0,15,0,20,0,58,0,126,0,264,0,561,0,970,0,1898,0,3543,0,5984,0,9977,0,16189,0,25713,0,39606,0,58489,84207,0,118287,0,161217,0,212505,0,271404,0,336075,0,405376,0,471379,0,533823,0,582950,0,617355,0,631725,0,626873,0,598807,0,556178,0,497164,0,434212,0,368168,306312,0,254674,0,214344,0,189715,0,180045,0,183102,0,197560,0,216300,0,231022,0,233153,0,216813,0,181761,0,132921,0,82733,0,41550,0,15651,0,4082,0,534,1
0,0,0,0,0,0,0,0,0,0,0,0,0,0,0,0,0,0,0,0,0,0,0,0,0,0,0,0,0,0,0,0,0,0,0,0,0,0,3,0,1,0,11,0,14,0,23,0,53,0,107,0,240,0,477,0,937,0,1774,0,3254,0,5617,0,9374,0,15168,0,24106,0,37187,0,55414,80314,0,112981,0,154472,0,203737,0,262532,0,326923,0,395137,0,462025,0,524125,0,577283,0,612812,0,630857,0,628683,0,604177,0,562873,0,507707,0,443754,0,378620,315814,0,262701,0,221038,0,193835,0,182882,0,185097,0,198100,0,216551,0,231330,0,234552,0,219063,0,184829,0,135822,0,84918,0,42925,0,16366,0,4266,0,547,1
0,0,0,0,0,0,0,0,0,0,0,0,0,0,0,0,0,0,0,0,0,0,0,0,0,0,0,0,0,0,0,0,0,0,0,0,0,0,2,0,3,0,5,0,15,0,28,0,45,0,115,0,217,0,418,0,828,0,1710,0,2975,0,5164,0,8786,0,14183,0,22761,0,35101,0,52494,76122,0,107791,0,147779,0,196569,0,253341,0,317541,0,384549,0,452627,0,515565,0,569419,0,608945,0,629887,0,629200,0,609194,0,570751,0,516730,0,454262,0,388582,324919,0,271198,0,227226,0,198966,0,185902,0,186783,0,198608,0,217357,0,231547,0,235807,0,221361,0,187443,0,138815,0,87319,0,44370,0,17044,0,4476,0,563,1
0,0,0,0,0,0,0,0,0,0,0,0,0,0,0,0,0,0,0,0,0,0,0,0,0,0,0,0,0,0,0,0,0,0,0,0,0,0,1,0,3,0,10,0,8,0,18,0,44,0,109,0,203,0,389,0,754,0,1565,0,2777,0,4802,0,8086,0,13470,0,21445,0,33040,0,49424,72669,0,102903,0,141753,0,188820,0,244612,0,307112,0,375083,0,442957,0,507002,0,561695,0,603979,0,627898,0,631782,0,613131,0,576976,0,525420,0,464966,0,398788,334399,0,278401,0,234580,0,204079,0,189059,0,188812,0,199591,0,216959,0,232380,0,237249,0,223745,0,190494,0,141617,0,89620,0,45689,0,17743,0,4698,0,599,1
0,0,0,0,0,0,0,0,0,0,0,0,0,0,0,0,0,0,0,0,0,0,0,0,0,0,0,0,0,0,0,0,0,0,0,0,0,0,1,0,1,0,7,0,12,0,16,0,41,0,93,0,177,0,352,0,742,0,1374,0,2554,0,4632,0,7523,0,12369,0,20412,0,31131,0,46926,68640,0,98248,0,135537,0,181754,0,235926,0,297588,0,364683,0,433528,0,498203,0,553728,0,599205,0,626167,0,631631,0,617844,0,583714,0,533725,0,474437,0,409215,343632,0,287594,0,240765,0,209485,0,192724,0,190929,0,200314,0,217314,0,233011,0,238647,0,226074,0,193341,0,144212,0,92146,0,47116,0,18438,0,4910,0,620,1
0,0,0,0,0,0,0,0,0,0,0,0,0,0,0,0,0,0,0,0,0,0,0,0,0,0,0,0,0,0,0,0,0,0,0,0,0,0,1,0,1,0,5,0,14,0,14,0,34,0,88,0,157,0,341,0,643,0,1327,0,2344,0,4236,0,7126,0,11618,0,18847,0,29626,0,44609,65055,0,93423,0,129557,0,174563,0,228023,0,288208,0,354768,0,423623,0,489259,0,546664,0,593308,0,623947,0,632420,0,620302,0,591006,0,542203,0,483019,0,419324,353088,0,296541,0,247768,0,214470,0,196665,0,192820,0,201309,0,218228,0,233158,0,240028,0,228466,0,195929,0,147010,0,94508,0,48795,0,19120,0,5133,0,669,1
0,0,0,0,0,0,0,0,0,0,0,0,0,0,0,0,0,0,0,0,0,0,0,0,0,0,0,0,0,0,0,0,0,0,0,0,0,0,1,0,3,0,2,0,8,0,18,0,39,0,78,0,147,0,297,0,603,0,1216,0,2170,0,3978,0,6609,0,10911,0,17734,0,28004,0,41970,61860,0,88963,0,124075,0,167635,0,219797,0,279350,0,344853,0,413655,0,480068,0,539632,0,586790,0,620662,0,632524,0,624081,0,595696,0,550994,0,492854,0,429244,363187,0,304388,0,255193,0,220272,0,199839,0,195391,0,202462,0,218672,0,233893,0,241206,0,230581,0,198664,0,149772,0,97055,0,50323,0,19939,0,5337,0,713,1
0,0,0,0,0,0,0,0,0,0,0,0,0,0,0,0,0,0,0,0,0,0,0,0,0,0,0,0,0,0,0,0,0,0,0,0,0,0,1,0,2,0,5,0,3,0,17,0,31,0,78,0,154,0,272,0,554,0,1121,0,2010,0,3605,0,6240,0,10291,0,16510,0,26353,0,39593,58903,0,84809,0,118347,0,161450,0,211555,0,270545,0,335005,0,403785,0,470633,0,532694,0,581447,0,615992,0,632630,0,627688,0,599556,0,558776,0,503042,0,438547,372439,0,313825,0,262427,0,225929,0,203721,0,197177,0,204066,0,219585,0,234202,0,242409,0,232504,0,201773,0,152659,0,99416,0,52023,0,20662,0,5594,0,753,1
0,0,0,0,0,0,0,0,0,0,0,0,0,0,0,0,0,0,0,0,0,0,0,0,0,0,0,0,0,0,0,0,0,0,0,0,0,0,1,0,1,0,4,0,6,0,12,0,35,0,73,0,128,0,249,0,520,0,1019,0,1834,0,3422,0,5658,0,9731,0,15490,0,24716,0,37754,55736,0,80929,0,112890,0,154888,0,203963,0,262136,0,325213,0,393975,0,461932,0,524108,0,575484,0,612517,0,631682,0,629432,0,606053,0,564918,0,511773,0,448261,382996,0,322319,0,269760,0,231584,0,207723,0,199657,0,205646,0,220002,0,235700,0,243691,0,234257,0,204088,0,155947,0,101585,0,53837,0,21448,0,5836,0,789,1
0,0,0,0,0,0,0,0,0,0,0,0,0,0,0,0,0,0,0,0,0,0,0,0,0,0,0,0,0,0,0,0,0,0,0,0,0,0,0,0,2,0,4,0,4,0,12,0,29,0,70,0,117,0,242,0,487,0,898,0,1693,0,3137,0,5310,0,9015,0,14651,0,23228,0,35578,53006,0,76858,0,108512,0,147769,0,196026,0,254437,0,316821,0,383169,0,452569,0,515800,0,569931,0,608301,0,630357,0,630798,0,611227,0,572071,0,520506,0,457789,392666,0,331081,0,277754,0,237270,0,211884,0,202174,0,207173,0,220764,0,236657,0,244810,0,236225,0,206983,0,158756,0,104051,0,55570,0,22227,0,6103,0,836,1
0,0,0,0,0,0,0,0,0,0,0,0,0,0,0,0,0,0,0,0,0,0,0,0,0,0,0,0,0,0,0,0,0,0,0,0,0,0,0,0,1,0,5,0,2,0,18,0,19,0,62,0,115,0,230,0,423,0,858,0,1560,0,2848,0,4986,0,8457,0,13723,0,21733,0,33637,50288,0,73158,0,103203,0,141869,0,189518,0,245131,0,308001,0,374188,0,443126,0,506791,0,563874,0,604352,0,628532,0,632774,0,615150,0,578465,0,528578,0,467477,402629,0,340173,0,285334,0,243015,0,217151,0,204476,0,208891,0,221549,0,237192,0,246035,0,238329,0,209487,0,161668,0,106904,0,57081,0,23175,0,6312,0,855,1
0,0,0,0,0,0,0,0,0,0,0,0,0,0,0,0,0,0,0,0,0,0,0,0,0,0,0,0,0,0,0,0,0,0,0,0,0,0,0,0,2,0,1,0,5,0,15,0,30,0,47,0,97,0,218,0,408,0,767,0,1444,0,2713,0,4631,0,7800,0,12968,0,20287,0,31900,47457,0,69721,0,98571,0,136040,0,182636,0,237250,0,297631,0,365236,0,434047,0,499024,0,556410,0,599877,0,627430,0,632944,0,618864,0,585003,0,537158,0,476597,412272,0,349425,0,293124,0,249528,0,221252,0,207736,0,210539,0,222113,0,238030,0,247170,0,240297,0,212201,0,164695,0,109487,0,58671,0,24069,0,6667,0,903,1
0,0,0,0,0,0,0,0,0,0,0,0,0,0,0,0,0,0,0,0,0,0,0,0,0,0,0,0,0,0,0,0,0,0,0,0,0,0,0,0,1,0,3,0,3,0,12,0,25,0,54,0,84,0,222,0,343,0,708,0,1368,0,2444,0,4381,0,7371,0,11964,0,19031,0,30189,45223,0,65968,0,94219,0,130610,0,175065,0,228717,0,289312,0,356458,0,424180,0,490090,0,550414,0,594504,0,625710,0,634425,0,621862,0,591648,0,544517,0,486042,421311,0,358658,0,300884,0,255905,0,225666,0,210995,0,212545,0,223454,0,238322,0,248286,0,242277,0,214694,0,167800,0,112211,0,60428,0,24924,0,6939,0,942,1
0,0,0,0,0,0,0,0,0,0,0,0,0,0,0,0,0,0,0,0,0,0,0,0,0,0,0,0,0,0,0,0,0,0,0,0,0,0,0,0,1,0,2,0,2,0,10,0,28,0,42,0,91,0,175,0,342,0,649,0,1194,0,2351,0,3953,0,7033,0,11272,0,18027,0,28050,43022,0,62857,0,89616,0,125224,0,168377,0,220850,0,280589,0,346666,0,415008,0,482122,0,543109,0,590146,0,622626,0,634360,0,625036,0,597384,0,553592,0,494210,431165,0,366799,0,309485,0,262595,0,230615,0,214144,0,214121,0,224619,0,238934,0,249368,0,244243,0,217259,0,170983,0,114741,0,62235,0,25813,0,7282,0,991,1
0,0,0,0,0,0,0,0,0,0,0,0,0,0,0,0,0,0,0,0,0,0,0,0,0,0,0,0,0,0,0,0,0,0,0,0,0,0,0,0,0,0,2,0,3,0,7,0,20,0,46,0,85,0,153,0,314,0,593,0,1167,0,2058,0,3772,0,6448,0,10519,0,17080,0,26465,40355,0,60289,0,85477,0,119556,0,162246,0,213338,0,272251,0,336676,0,405679,0,473786,0,535920,0,584943,0,619634,0,634455,0,628111,0,603022,0,561534,0,502644,440179,0,375837,0,317901,0,268738,0,235763,0,217787,0,215909,0,225641,0,239679,0,250446,0,246339,0,219682,0,174096,0,117366,0,64041,0,26685,0,7630,0,1041,1
0,0,0,0,0,0,0,0,0,0,0,0,0,0,0,0,0,0,0,0,0,0,0,0,0,0,0,0,0,0,0,0,0,0,0,0,0,0,0,0,1,0,1,0,3,0,6,0,21,0,28,0,86,0,150,0,274,0,546,0,1085,0,1902,0,3504,0,5969,0,9844,0,16027,0,25031,38332,0,56763,0,82072,0,114414,0,155751,0,205902,0,263514,0,327943,0,396655,0,465083,0,528730,0,579945,0,614998,0,635151,0,630599,0,608310,0,568807,0,511848,448953,0,384641,0,325696,0,275884,0,240272,0,221857,0,218184,0,226418,0,240570,0,251347,0,247808,0,222554,0,177224,0,119937,0,66162,0,27540,0,7974,0,1092,1
0,0,0,0,0,0,0,0,0,0,0,0,0,0,0,0,0,0,0,0,0,0,0,0,0,0,0,0,0,0,0,0,0,0,0,0,0,0,0,0,0,0,1,0,3,0,3,0,20,0,33,0,54,0,156,0,255,0,490,0,1005,0,1781,0,3159,0,5707,0,9180,0,15071,0,23766,36012,0,54030,0,78256,0,109367,0,150451,0,197937,0,255818,0,319303,0,387025,0,456740,0,520703,0,573450,0,613228,0,633233,0,633220,0,613251,0,575661,0,520621,458025,0,394266,0,333266,0,282317,0,245590,0,225311,0,220061,0,228224,0,241399,0,251995,0,249922,0,225200,0,179984,0,122744,0,68057,0,28616,0,8275,0,1166,1
0,0,0,0,0,0,0,0,0,0,0,0,0,0,0,0,0,0,0,0,0,0,0,0,0,0,0,0,0,0,0,0,0,0,0,0,0,0,0,0,0,0,1,0,1,0,5,0,19,0,23,0,67,0,121,0,253,0,451,0,899,0,1674,0,2982,0,5231,0,8697,0,14133,0,22265,34399,0,50814,0,74611,0,105158,0,143802,0,191611,0,247899,0,310308,0,378211,0,447565,0,513969,0,567210,0,608975,0,632481,0,635048,0,617547,0,582664,0,528976,467394,0,402880,0,341222,0,289534,0,250807,0,229165,0,222346,0,229406,0,242446,0,252806,0,251734,0,227446,0,183236,0,125519,0,69874,0,29671,0,8639,0,1213,1
0,0,0,0,0,0,0,0,0,0,0,0,0,0,0,0,0,0,0,0,0,0,0,0,0,0,0,0,0,0,0,0,0,0,0,0,0,0,0,0,0,0,1,0,1,0,5,0,16,0,24,0,64,0,124,0,216,0,425,0,793,0,1563,0,2743,0,4930,0,8114,0,13199,0,21044,32227,0,48528,0,70944,0,100839,0,138308,0,184379,0,240537,0,302066,0,368982,0,439156,0,504328,0,561884,0,605879,0,630736,0,638308,0,620646,0,588739,0,536897,476513,0,411862,0,349748,0,296437,0,256116,0,232446,0,224575,0,231007,0,243213,0,254399,0,253059,0,230342,0,185826,0,128201,0,72078,0,30693,0,8970,0,1278,1
0,0,0,0,0,0,0,0,0,0,0,0,0,0,0,0,0,0,0,0,0,0,0,0,0,0,0,0,0,0,0,0,0,0,0,0,0,0,0,0,0,0,1,0,1,0,4,0,13,0,24,0,58,0,105,0,208,0,387,0,729,0,1436,0,2603,0,4530,0,7615,0,12294,0,19687,30621,0,46193,0,67586,0,96319,0,132860,0,178390,0,231881,0,294082,0,360431,0,430565,0,495943,0,555723,0,601102,0,630828,0,638005,0,625768,0,594355,0,544373,485834,0,420072,0,358246,0,303427,0,262440,0,235612,0,227454,0,232180,0,244319,0,255170,0,254938,0,232791,0,188912,0,130614,0,74232,0,31784,0,9328,0,1335,1
0,0,0,0,0,0,0,0,0,0,0,0,0,0,0,0,0,0,0,0,0,0,0,0,0,0,0,0,0,0,0,0,0,0,0,0,0,0,0,0,1,0,0,0,1,0,5,0,15,0,23,0,43,0,96,0,194,0,369,0,658,0,1349,0,2386,0,4176,0,7068,0,11625,0,18546,28880,0,44085,0,64300,0,91821,0,128100,0,171671,0,225068,0,284612,0,351825,0,422152,0,489469,0,548329,0,597109,0,627912,0,639908,0,628786,0,600013,0,552656,494156,0,429602,0,366194,0,310274,0,267547,0,239669,0,230344,0,233813,0,245199,0,256448,0,255799,0,235793,0,191773,0,133393,0,76156,0,32942,0,9641,0,1414,1
0,0,0,0,0,0,0,0,0,0,0,0,0,0,0,0,0,0,0,0,0,0,0,0,0,0,0,0,0,0,0,0,0,0,0,0,0,0,0,0,0,0,1,0,2,0,5,0,8,0,25,0,44,0,89,0,168,0,344,0,651,0,1208,0,2196,0,3854,0,6631,0,10972,0,17278,27474,0,41801,0,61280,0,87858,0,122609,0,166190,0,217188,0,277070,0,342654,0,413645,0,481668,0,542168,0,592735,0,625820,0,639497,0,632279,0,605779,0,559863,502516,0,438680,0,374849,0,317303,0,273274,0,243625,0,232479,0,235476,0,246415,0,257621,0,257216,0,238302,0,194609,0,136329,0,78105,0,34046,0,10013,0,1496,1
0,0,0,0,0,0,0,0,0,0,0,0,0,0,0,0,0,0,0,0,0,0,0,0,0,0,0,0,0,0,0,0,0,0,0,0,0,0,0,0,1,0,0,0,1,0,5,0,6,0,21,0,34,0,90,0,149,0,319,0,586,0,1196,0,1951,0,3562,0,6130,0,10387,0,16328,25917,0,39632,0,58459,0,83833,0,117666,0,159854,0,210420,0,269457,0,334699,0,404473,0,474001,0,535339,0,586973,0,624429,0,639893,0,636048,0,610593,0,566498,511246,0,446765,0,383253,0,324668,0,278272,0,248719,0,234499,0,237418,0,247682,0,258201,0,259198,0,240430,0,197686,0,139043,0,80347,0,35091,0,10368,0,1572,1
0,0,0,0,0,0,0,0,0,0,0,0,0,0,0,0,0,0,0,0,0,0,0,0,0,0,0,0,0,0,0,0,0,0,0,0,0,0,0,0,0,0,1,0,2,0,3,0,5,0,13,0,39,0,76,0,163,0,278,0,581,0,1056,0,1849,0,3238,0,5865,0,9640,0,15442,24491,0,37411,0,56032,0,79900,0,112768,0,154081,0,204167,0,260961,0,326275,0,397044,0,464819,0,529433,0,581670,0,621784,0,640765,0,638066,0,615527,0,572537,519444,0,456101,0,391569,0,332038,0,283855,0,252983,0,237339,0,238903,0,248625,0,259674,0,260808,0,242614,0,200393,0,141963,0,82498,0,36206,0,10774,0,1639,1
0,0,0,0,0,0,0,0,0,0,0,0,0,0,0,0,0,0,0,0,0,0,0,0,0,0,0,0,0,0,0,0,0,0,0,0,0,0,0,0,0,0,1,0,2,0,2,0,6,0,15,0,31,0,65,0,143,0,265,0,512,0,978,0,1761,0,3050,0,5363,0,9160,0,14486,23145,0,35473,0,53037,0,76842,0,108244,0,148468,0,196688,0,254440,0,317925,0,387555,0,457829,0,521418,0,577514,0,618846,0,640896,0,640163,0,619673,0,580362,527062,0,464935,0,398500,0,340293,0,289907,0,257242,0,239877,0,240545,0,249651,0,260444,0,263057,0,244562,0,203514,0,144592,0,84629,0,37408,0,11124,0,1708,1
0,0,0,0,0,0,0,0,0,0,0,0,0,0,0,0,0,0,0,0,0,0,0,0,0,0,0,0,0,0,0,0,0,0,0,0,0,0,0,0,0,0,1,0,1,0,2,0,5,0,12,0,31,0,58,0,142,0,226,0,474,0,929,0,1589,0,2863,0,5087,0,8513,0,13694,21879,0,33567,0,50429,0,73468,0,103926,0,142744,0,190777,0,246765,0,310322,0,379405,0,448691,0,515460,0,572513,0,615121,0,640561,0,641897,0,625485,0,586195,535439,0,472606,0,406774,0,346872,0,296118,0,261600,0,242716,0,242143,0,250519,0,261904,0,264615,0,247103,0,205916,0,147712,0,86533,0,38590,0,11627,0,1789,1
0,0,0,0,0,0,0,0,0,0,0,0,0,0,0,0,0,0,0,0,0,0,0,0,0,0,0,0,0,0,0,0,0,0,0,0,0,0,0,0,0,0,0,0,3,0,0,0,8,0,6,0,35,0,53,0,110,0,228,0,435,0,819,0,1489,0,2693,0,4789,0,7876,0,12957,20570,0,31998,0,47952,0,70232,0,99366,0,137556,0,184329,0,239329,0,302653,0,371491,0,442128,0,507662,0,566642,0,611809,0,639431,0,645097,0,628465,0,594015,542025,0,480345,0,415583,0,354119,0,301768,0,266047,0,245961,0,243316,0,252030,0,262909,0,266392,0,249260,0,208733,0,150437,0,88476,0,39917,0,11995,0,1869,1
0,0,0,0,0,0,0,0,0,0,0,0,0,0,0,0,0,0,0,0,0,0,0,0,0,0,0,0,0,0,0,0,0,0,0,0,0,0,0,0,0,0,0,0,2,0,2,0,4,0,8,0,33,0,53,0,96,0,216,0,392,0,787,0,1362,0,2379,0,4536,0,7438,0,12162,19435,0,30283,0,45693,0,67184,0,95395,0,131847,0,178428,0,232680,0,294900,0,363441,0,433839,0,501282,0,560859,0,608458,0,638325,0,646386,0,633674,0,599628,549380,0,488106,0,423888,0,360688,0,308013,0,270559,0,249222,0,244912,0,253051,0,264134,0,267666,0,251375,0,211702,0,153370,0,90680,0,41079,0,12438,0,1938,1
0,0,0,0,0,0,0,0,0,0,0,0,0,0,0,0,0,0,0,0,0,0,0,0,0,0,0,0,0,0,0,0,0,0,0,0,0,0,0,0,0,0,0,0,0,0,3,0,3,0,12,0,17,0,63,0,96,0,182,0,354,0,709,0,1298,0,2311,0,4034,0,7021,0,11476,18408,0,28782,0,43439,0,64073,0,91880,0,126687,0,172341,0,226335,0,286617,0,355515,0,425777,0,493936,0,555986,0,604945,0,637636,0,647418,0,637128,0,605423,557122,0,496199,0,431599,0,368028,0,313502,0,274650,0,253383,0,246051,0,254494,0,264919,0,269394,0,253261,0,214564,0,156320,0,92764,0,42274,0,12963,0,2016,1
0,0,0,0,0,0,0,0,0,0,0,0,0,0,0,0,0,0,0,0,0,0,0,0,0,0,0,0,0,0,0,0,0,0,0,0,0,0,0,0,0,0,0,0,0,0,1,0,6,0,11,0,21,0,40,0,99,0,155,0,356,0,633,0,1219,0,2168,0,3803,0,6499,0,10800,17391,0,27387,0,41390,0,60960,0,88079,0,121986,0,166765,0,219128,0,280329,0,346891,0,417773,0,487731,0,550243,0,600273,0,636076,0,649582,0,640171,0,610994,564457,0,504646,0,438458,0,375505,0,319847,0,279211,0,255946,0,248799,0,255095,0,266078,0,270506,0,255434,0,217642,0,158984,0,94731,0,43638,0,13369,0,2102,1
0,0,0,0,0,0,0,0,0,0,0,0,0,0,0,0,0,0,0,0,0,0,0,0,0,0,0,0,0,0,0,0,0,0,0,0,0,0,0,0,0,0,0,0,0,0,1,0,6,0,10,0,17,0,39,0,80,0,161,0,314,0,592,0,1104,0,2005,0,3634,0,6138,0,10077,16523,0,26000,0,39333,0,57967,0,84765,0,117933,0,160208,0,213247,0,273244,0,339430,0,409847,0,480647,0,544123,0,596355,0,633829,0,650993,0,642735,0,616807,571847,0,512386,0,446258,0,382076,0,326623,0,283649,0,258635,0,251260,0,256130,0,266460,0,272416,0,257706,0,220000,0,161762,0,97120,0,44839,0,13887,0,2190,1
0,0,0,0,0,0,0,0,0,0,0,0,0,0,0,0,0,0,0,0,0,0,0,0,0,0,0,0,0,0,0,0,0,0,0,0,0,0,0,0,0,0,0,0,0,0,3,0,3,0,9,0,15,0,38,0,70,0,150,0,265,0,583,0,1008,0,1932,0,3391,0,5802,0,9467,15499,0,24548,0,37618,0,55843,0,80522,0,113680,0,155322,0,206460,0,266319,0,331736,0,402039,0,472682,0,538612,0,591740,0,632620,0,651047,0,646140,0,622023,578000,0,519832,0,454718,0,389497,0,332260,0,288990,0,261828,0,253225,0,257531,0,267180,0,273757,0,260263,0,222584,0,164358,0,99482,0,45993,0,14456,0,2268,1
0,0,0,0,0,0,0,0,0,0,0,0,0,0,0,0,0,0,0,0,0,0,0,0,0,0,0,0,0,0,0,0,0,0,0,0,0,0,0,0,0,0,0,0,0,0,2,0,3,0,6,0,18,0,29,0,64,0,136,0,263,0,511,0,947,0,1806,0,3191,0,5463,0,9064,14476,0,23048,0,35973,0,53362,0,76968,0,109410,0,149926,0,200718,0,258767,0,324051,0,394251,0,466167,0,532193,0,587585,0,629435,0,651658,0,650467,0,625200,585075,0,528073,0,461989,0,396480,0,338600,0,294272,0,265112,0,255152,0,258689,0,268548,0,275088,0,262332,0,224990,0,167452,0,101855,0,47249,0,14914,0,2380,1
0,0,0,0,0,0,0,0,0,0,0,0,0,0,0,0,0,0,0,0,0,0,0,0,0,0,0,0,0,0,0,0,0,0,0,0,0,0,0,0,0,0,0,0,0,0,0,0,5,0,5,0,15,0,38,0,58,0,128,0,242,0,472,0,926,0,1585,0,2935,0,5228,0,8482,13653,0,21991,0,33908,0,51053,0,74059,0,104382,0,145084,0,194300,0,252350,0,316217,0,387016,0,458600,0,525622,0,583355,0,627805,0,650111,0,652520,0,631983,590414,0,536383,0,469378,0,404006,0,344924,0,299067,0,269180,0,256995,0,260009,0,269452,0,276244,0,264434,0,227728,0,170168,0,104404,0,48521,0,15497,0,2476,1
0,0,0,0,0,0,0,0,0,0,0,0,0,0,0,0,0,0,0,0,0,0,0,0,0,0,0,0,0,0,0,0,0,0,0,0,0,0,0,0,0,0,0,0,0,0,0,0,4,0,6,0,13,0,31,0,64,0,103,0,210,0,444,0,839,0,1542,0,2772,0,4748,0,8022,13115,0,20586,0,32167,0,48732,0,70765,0,100912,0,139934,0,188024,0,245210,0,309025,0,379761,0,450504,0,519216,0,579372,0,624483,0,650226,0,654414,0,636633,597374,0,542307,0,477942,0,411934,0,351099,0,304064,0,272955,0,259258,0,261730,0,270782,0,277058,0,266815,0,230226,0,172956,0,106580,0,49905,0,15963,0,2583,1
0,0,0,0,0,0,0,0,0,0,0,0,0,0,0,0,0,0,0,0,0,0,0,0,0,0,0,0,0,0,0,0,0,0,0,0,0,0,0,0,0,0,0,0,0,0,1,0,1,0,5,0,14,0,26,0,58,0,98,0,189,0,401,0,812,0,1411,0,2556,0,4499,0,7474,12230,0,19697,0,30731,0,46084,0,67842,0,97353,0,134388,0,182619,0,238028,0,301947,0,371607,0,443019,0,513785,0,573500,0,621657,0,650176,0,655752,0,641183,603664,0,549305,0,485935,0,419522,0,358077,0,308256,0,277706,0,261415,0,263419,0,271886,0,278142,0,268912,0,232653,0,175901,0,109087,0,51167,0,16526,0,2692,1
0,0,0,0,0,0,0,0,0,0,0,0,0,0,0,0,0,0,0,0,0,0,0,0,0,0,0,0,0,0,0,0,0,0,0,0,0,0,0,0,0,0,0,0,0,0,1,0,1,0,5,0,13,0,26,0,55,0,88,0,168,0,379,0,739,0,1334,0,2355,0,4159,0,7195,11404,0,18693,0,29057,0,43930,0,65100,0,92840,0,130211,0,176391,0,231911,0,293964,0,363775,0,436537,0,505547,0,570239,0,618362,0,649359,0,657814,0,643928,609757,0,556950,0,493916,0,427085,0,364690,0,313991,0,280848,0,263902,0,264971,0,273078,0,279607,0,270789,0,235472,0,178759,0,111383,0,52707,0,17123,0,2800,1
0,0,0,0,0,0,0,0,0,0,0,0,0,0,0,0,0,0,0,0,0,0,0,0,0,0,0,0,0,0,0,0,0,0,0,0,0,0,0,0,0,0,0,0,1,0,0,0,1,0,7,0,10,0,19,0,52,0,93,0,142,0,342,0,643,0,1247,0,2247,0,3839,0,6704,10956,0,17519,0,27597,0,42245,0,62026,0,89042,0,125566,0,170387,0,224989,0,287492,0,355681,0,429057,0,499207,0,565084,0,615811,0,646835,0,659217,0,648264,615489,0,564367,0,501636,0,434936,0,371885,0,318873,0,284689,0,266641,0,266221,0,274119,0,281104,0,272952,0,238102,0,181735,0,113639,0,54147,0,17672,0,2879,1
0,0,0,0,0,0,0,0,0,0,0,0,0,0,0,0,0,0,0,0,0,0,0,0,0,0,0,0,0,0,0,0,0,0,0,0,0,0,0,0,0,0,0,0,0,0,1,0,0,0,7,0,11,0,17,0,50,0,77,0,143,0,304,0,619,0,1118,0,2060,0,3629,0,6231,10343,0,16616,0,26104,0,40044,0,59578,0,85438,0,120946,0,164617,0,218258,0,280702,0,347344,0,421751,0,493061,0,559071,0,611969,0,645407,0,661213,0,650751,621947,0,571807,0,508894,0,442324,0,379683,0,324860,0,288147,0,269865,0,267429,0,275533,0,281963,0,274721,0,241161,0,184518,0,116301,0,55511,0,18258,0,3006,1
0,0,0,0,0,0,0,0,0,0,0,0,0,0,0,0,0,0,0,0,0,0,0,0,0,0,0,0,0,0,0,0,0,0,0,0,0,0,0,0,0,0,0,0,0,0,1,0,0,0,5,0,9,0,21,0,37,0,76,0,143,0,265,0,555,0,1070,0,1929,0,3338,0,5801,9686,0,15889,0,24662,0,38184,0,56611,0,81993,0,116550,0,159079,0,211638,0,273407,0,340656,0,412931,0,487924,0,553275,0,606825,0,644161,0,661245,0,656013,626916,0,578067,0,517572,0,450028,0,385970,0,331251,0,292417,0,271886,0,269352,0,276923,0,283360,0,276862,0,243879,0,187096,0,118729,0,57149,0,18875,0,3097,1
0,0,0,0,0,0,0,0,0,0,0,0,0,0,0,0,0,0,0,0,0,0,0,0,0,0,0,0,0,0,0,0,0,0,0,0,0,0,0,0,0,0,0,0,0,0,0,0,1,0,4,0,12,0,14,0,46,0,60,0,127,0,248,0,493,0,967,0,1832,0,3143,0,5505,9119,0,15036,0,23334,0,36209,0,53997,0,78882,0,111870,0,153949,0,205411,0,265620,0,333655,0,406063,0,479531,0,547779,0,603232,0,641742,0,662472,0,659137,632898,0,584505,0,524276,0,458643,0,393625,0,336723,0,296112,0,275258,0,271413,0,277812,0,284917,0,278506,0,246882,0,189770,0,121248,0,58672,0,19441,0,3217,1
0,0,0,0,0,0,0,0,0,0,0,0,0,0,0,0,0,0,0,0,0,0,0,0,0,0,0,0,0,0,0,0,0,0,0,0,0,0,0,0,0,0,0,0,0,0,0,0,0,0,3,0,11,0,20,0,30,0,62,0,121,0,221,0,475,0,874,0,1642,0,2977,0,5242,8447,0,14146,0,22238,0,34585,0,51231,0,75758,0,107559,0,149050,0,198756,0,258655,0,326615,0,398926,0,471830,0,541141,0,599606,0,639477,0,662998,0,661766,637761,0,591465,0,532368,0,466811,0,400163,0,343095,0,300640,0,277853,0,273329,0,279404,0,286223,0,280075,0,249743,0,192401,0,124013,0,60242,0,20023,0,3337,1
0,0,0,0,0,0,0,0,0,0,0,0,0,0,0,0,0,0,0,0,0,0,0,0,0,0,0,0,0,0,0,0,0,0,0,0,0,0,0,0,0,0,0,0,0,0,0,0,1,0,4,0,8,0,14,0,33,0,54,0,111,0,210,0,415,0,846,0,1562,0,2764,0,4849,7942,0,13277,0,21255,0,32748,0,49235,0,72122,0,104245,0,143571,0,192940,0,251458,0,318779,0,391285,0,465107,0,534645,0,594904,0,638704,0,661590,0,664123,642931,0,599107,0,539589,0,474302,0,407438,0,349141,0,305976,0,280759,0,274426,0,281137,0,287835,0,281691,0,252422,0,195523,0,126432,0,61727,0,20710,0,3461,1
0,0,0,0,0,0,0,0,0,0,0,0,0,0,0,0,0,0,0,0,0,0,0,0,0,0,0,0,0,0,0,0,0,0,0,0,0,0,0,0,0,0,0,0,0,0,0,0,2,0,5,0,6,0,15,0,24,0,59,0,104,0,187,0,383,0,754,0,1501,0,2547,0,4484,7543,0,12600,0,20081,0,31083,0,47142,0,69087,0,99936,0,138513,0,187200,0,244324,0,311617,0,383758,0,457586,0,527923,0,590338,0,636420,0,662506,0,666853,647142,0,605000,0,547261,0,482112,0,415030,0,355232,0,310305,0,284704,0,276437,0,281986,0,289884,0,282893,0,255133,0,198561,0,128894,0,63338,0,21323,0,3592,1
0,0,0,0,0,0,0,0,0,0,0,0,0,0,0,0,0,0,0,0,0,0,0,0,0,0,0,0,0,0,0,0,0,0,0,0,0,0,0,0,0,0,0,0,0,0,1,0,0,0,7,0,7,0,10,0,22,0,59,0,79,0,175,0,346,0,699,0,1345,0,2459,0,4148,7148,0,11826,0,19031,0,29586,0,44746,0,66347,0,96039,0,134139,0,181042,0,237621,0,303573,0,377154,0,449346,0,521789,0,585153,0,633624,0,662057,0,668793,652383,0,611923,0,554186,0,490013,0,422031,0,362401,0,315017,0,288078,0,278188,0,283616,0,290925,0,284969,0,257754,0,201475,0,131461,0,64757,0,22132,0,3728,1
0,0,0,0,0,0,0,0,0,0,0,0,0,0,0,0,0,0,0,0,0,0,0,0,0,0,0,0,0,0,0,0,0,0,0,0,0,0,0,0,0,0,0,0,0,0,1,0,1,0,3,0,8,0,11,0,16,0,50,0,81,0,173,0,305,0,619,0,1265,0,2289,0,3931,6632,0,11104,0,18033,0,27956,0,43237,0,63488,0,91883,0,129601,0,175421,0,230955,0,296132,0,369216,0,442238,0,514761,0,579635,0,631313,0,661364,0,670905,656721,0,618094,0,562558,0,497170,0,430037,0,367508,0,320891,0,291207,0,280502,0,285263,0,292098,0,286789,0,260497,0,204511,0,133654,0,66727,0,22715,0,3839,1
0,0,0,0,0,0,0,0,0,0,0,0,0,0,0,0,0,0,0,0,0,0,0,0,0,0,0,0,0,0,0,0,0,0,0,0,0,0,0,0,0,0,0,0,0,0,1,0,2,0,1,0,4,0,14,0,20,0,50,0,68,0,164,0,255,0,611,0,1159,0,2162,0,3591,6287,0,10365,0,16928,0,26894,0,41152,0,60688,0,88716,0,124637,0,169966,0,224806,0,288479,0,361421,0,434127,0,509058,0,574109,0,628470,0,660167,0,671709,661200,0,623372,0,571271,0,504970,0,437359,0,374349,0,325729,0,294767,0,283214,0,286341,0,294050,0,288490,0,262700,0,207718,0,135985,0,68405,0,23442,0,3965,1
0,0,0,0,0,0,0,0,0,0,0,0,0,0,0,0,0,0,0,0,0,0,0,0,0,0,0,0,0,0,0,0,0,0,0,0,0,0,0,0,0,0,0,0,0,0,0,0,2,0,1,0,3,0,10,0,22,0,39,0,77,0,132,0,261,0,568,0,1062,0,1951,0,3442,5879,0,9829,0,16052,0,25548,0,39145,0,57947,0,85221,0,120044,0,164924,0,217873,0,282318,0,353110,0,427539,0,500787,0,570133,0,624326,0,659262,0,673669,663619,0,630848,0,577562,0,513548,0,443722,0,381358,0,330699,0,298902,0,285295,0,287980,0,295327,0,290853,0,265055,0,210567,0,138511,0,70140,0,24150,0,4096,1
0,0,0,0,0,0,0,0,0,0,0,0,0,0,0,0,0,0,0,0,0,0,0,0,0,0,0,0,0,0,0,0,0,0,0,0,0,0,0,0,0,0,0,0,0,0,0,0,1,0,2,0,3,0,9,0,21,0,30,0,73,0,130,0,246,0,521,0,925,0,1866,0,3179,5645,0,9128,0,15245,0,24389,0,37226,0,55608,0,81873,0,115706,0,158640,0,212414,0,275519,0,345332,0,419446,0,494021,0,564283,0,620563,0,659030,0,674939,666124,0,637580,0,584325,0,521183,0,451445,0,388397,0,335951,0,302046,0,288504,0,289473,0,296171,0,293010,0,267856,0,213331,0,141121,0,71743,0,24886,0,4249,1
0,0,0,0,0,0,0,0,0,0,0,0,0,0,0,0,0,0,0,0,0,0,0,0,0,0,0,0,0,0,0,0,0,0,0,0,0,0,0,0,0,0,0,0,0,0,0,0,1,0,3,0,4,0,9,0,13,0,36,0,52,0,124,0,233,0,477,0,881,0,1678,0,3023,5162,0,8856,0,14240,0,23167,0,35431,0,53165,0,78436,0,111609,0,154087,0,205604,0,268085,0,338434,0,412048,0,487294,0,557535,0,617303,0,657553,0,675648,669926,0,642155,0,591462,0,529388,0,459613,0,394245,0,342122,0,305995,0,290677,0,291344,0,297556,0,295281,0,269884,0,216464,0,143589,0,73387,0,25708,0,4421,1
0,0,0,0,0,0,0,0,0,0,0,0,0,0,0,0,0,0,0,0,0,0,0,0,0,0,0,0,0,0,0,0,0,0,0,0,0,0,0,0,0,0,0,0,0,0,0,0,0,0,2,0,6,0,9,0,14,0,28,0,39,0,117,0,228,0,431,0,827,0,1587,0,2784,4884,0,8321,0,13557,0,21689,0,33824,0,51081,0,75237,0,107291,0,148632,0,199996,0,261542,0,330514,0,404799,0,480174,0,551643,0,612741,0,655846,0,676727,673219,0,646978,0,599192,0,535841,0,467995,0,400918,0,347699,0,310494,0,293396,0,292594,0,298838,0,297516,0,272494,0,218971,0,146511,0,75130,0,26451,0,4601,1
0,0,0,0,0,0,0,0,0,0,0,0,0,0,0,0,0,0,0,0,0,0,0,0,0,0,0,0,0,0,0,0,0,0,0,0,0,0,0,0,0,0,0,0,0,0,0,0,0,0,1,0,8,0,4,0,15,0,26,0,52,0,100,0,194,0,426,0,734,0,1430,0,2686,4521,0,7848,0,12873,0,20494,0,32204,0,48689,0,72353,0,102944,0,143588,0,194890,0,253815,0,323204,0,397136,0,474681,0,544787,0,608456,0,653410,0,677445,676244,0,652306,0,605563,0,543757,0,475991,0,407087,0,353692,0,314523,0,295769,0,294511,0,300740,0,299001,0,275249,0,221753,0,149360,0,76863,0,27221,0,4764,1
0,0,0,0,0,0,0,0,0,0,0,0,0,0,0,0,0,0,0,0,0,0,0,0,0,0,0,0,0,0,0,0,0,0,0,0,0,0,0,0,0,0,0,0,0,0,0,0,0,0,1,0,2,0,7,0,12,0,25,0,45,0,104,0,185,0,387,0,688,0,1317,0,2450,4316,0,7332,0,12163,0,19357,0,30738,0,46657,0,69146,0,99044,0,139111,0,188182,0,248154,0,315125,0,389650,0,467485,0,539421,0,602961,0,651414,0,678007,679130,0,656705,0,613080,0,550966,0,483588,0,414788,0,359162,0,318503,0,298205,0,296633,0,302072,0,300975,0,277396,0,225368,0,151649,0,78768,0,27980,0,4954,1
0,0,0,0,0,0,0,0,0,0,0,0,0,0,0,0,0,0,0,0,0,0,0,0,0,0,0,0,0,0,0,0,0,0,0,0,0,0,0,0,0,0,0,0,0,0,0,0,0,0,0,0,3,0,4,0,10,0,28,0,40,0,92,0,169,0,378,0,633,0,1214,0,2260,3979,0,6963,0,11344,0,18658,0,29101,0,44618,0,66318,0,95639,0,133529,0,183061,0,240875,0,308709,0,381831,0,460099,0,533561,0,598257,0,648467,0,678390,681602,0,661408,0,619140,0,558240,0,491863,0,422030,0,364755,0,322796,0,301311,0,298309,0,303906,0,302534,0,280213,0,227915,0,154651,0,80613,0,28740,0,5152,1
0,0,0,0,0,0,0,0,0,0,0,0,0,0,0,0,0,0,0,0,0,0,0,0,0,0,0,0,0,0,0,0,0,0,0,0,0,0,0,0,0,0,0,0,0,0,0,0,0,0,0,0,1,0,4,0,9,0,21,0,43,0,83,0,169,0,317,0,611,0,1152,0,2087,3758,0,6421,0,10865,0,17509,0,27749,0,42670,0,63405,0,92000,0,129327,0,177250,0,234098,0,301225,0,374701,0,453093,0,526543,0,593482,0,646253,0,677920,684028,0,665666,0,625598,0,566384,0,498376,0,429602,0,370960,0,327545,0,304111,0,300111,0,305790,0,304038,0,282740,0,231236,0,156975,0,82651,0,29482,0,5349,1
0,0,0,0,0,0,0,0,0,0,0,0,0,0,0,0,0,0,0,0,0,0,0,0,0,0,0,0,0,0,0,0,0,0,0,0,0,0,0,0,0,0,0,0,0,0,0,0,0,0,0,0,1,0,4,0,8,0,19,0,42,0,63,0,161,0,302,0,581,0,1062,0,1950,3532,0,5991,0,10221,0,16671,0,26238,0,40609,0,60922,0,88405,0,124729,0,171504,0,227837,0,294024,0,368247,0,444668,0,521200,0,587856,0,642976,0,677563,686597,0,669184,0,632091,0,573586,0,506276,0,437047,0,377462,0,331729,0,306594,0,302873,0,307035,0,305878,0,285403,0,234347,0,159570,0,84457,0,30337,0,5556,1
0,0,0,0,0,0,0,0,0,0,0,0,0,0,0,0,0,0,0,0,0,0,0,0,0,0,0,0,0,0,0,0,0,0,0,0,0,0,0,0,0,0,0,0,0,0,0,0,0,0,0,0,3,0,3,0,3,0,24,0,33,0,69,0,140,0,275,0,522,0,1011,0,1863,3290,0,5625,0,9480,0,15893,0,24893,0,38818,0,58146,0,85124,0,120247,0,166297,0,222012,0,286067,0,361223,0,436815,0,515135,0,583145,0,637837,0,677979,688251,0,674529,0,637255,0,581064,0,514890,0,443394,0,384113,0,335881,0,310369,0,304512,0,308573,0,308162,0,287356,0,237413,0,162266,0,86546,0,31066,0,5796,1
0,0,0,0,0,0,0,0,0,0,0,0,0,0,0,0,0,0,0,0,0,0,0,0,0,0,0,0,0,0,0,0,0,0,0,0,0,0,0,0,0,0,0,0,0,0,0,0,0,0,0,0,4,0,1,0,4,0,19,0,31,0,69,0,128,0,260,0,471,0,975,0,1665,3127,0,5359,0,8933,0,14832,0,23786,0,36843,0,55901,0,81497,0,116401,0,160394,0,215819,0,279722,0,353262,0,430503,0,507434,0,577492,0,636066,0,676016,689928,0,678892,0,643063,0,588455,0,521806,0,451124,0,389733,0,341581,0,313691,0,306473,0,310132,0,310034,0,289884,0,240299,0,164902,0,88454,0,31950,0,5993,1
0,0,0,0,0,0,0,0,0,0,0,0,0,0,0,0,0,0,0,0,0,0,0,0,0,0,0,0,0,0,0,0,0,0,0,0,0,0,0,0,0,0,0,0,0,0,0,0,0,0,0,0,3,0,3,0,3,0,20,0,28,0,57,0,130,0,238,0,459,0,840,0,1603,2871,0,5093,0,8438,0,14143,0,22567,0,35015,0,53289,0,78544,0,112157,0,155064,0,209922,0,273255,0,345739,0,422498,0,500688,0,572786,0,632031,0,673922,691303,0,683288,0,649711,0,595360,0,528930,0,458698,0,396190,0,346285,0,317359,0,308743,0,311715,0,312125,0,292227,0,242856,0,167863,0,90227,0,32960,0,6162,1
0,0,0,0,0,0,0,0,0,0,0,0,0,0,0,0,0,0,0,0,0,0,0,0,0,0,0,0,0,0,0,0,0,0,0,0,0,0,0,0,0,0,0,0,0,0,0,0,0,0,0,0,3,0,2,0,10,0,12,0,21,0,61,0,102,0,232,0,423,0,799,0,1489,2726,0,4747,0,8031,0,13370,0,21482,0,33382,0,50741,0,75593,0,108114,0,150307,0,203626,0,266380,0,338243,0,415834,0,493334,0,567530,0,628043,0,671836,692343,0,687011,0,655915,0,601832,0,537543,0,465850,0,402564,0,350917,0,321121,0,311271,0,313029,0,313829,0,295225,0,245213,0,170866,0,92246,0,33824,0,6336,1
0,0,0,0,0,0,0,0,0,0,0,0,0,0,0,0,0,0,0,0,0,0,0,0,0,0,0,0,0,0,0,0,0,0,0,0,0,0,0,0,0,0,0,0,0,0,0,0,0,0,1,0,2,0,4,0,3,0,16,0,25,0,46,0,107,0,183,0,409,0,735,0,1374,2588,0,4437,0,7673,0,12533,0,20425,0,31774,0,48736,0,71882,0,104620,0,145359,0,197468,0,260087,0,330672,0,408783,0,486829,0,561019,0,624993,0,669466,692260,0,691322,0,660546,0,609863,0,544949,0,473148,0,409191,0,356496,0,324652,0,313490,0,314566,0,315621,0,297383,0,248120,0,174028,0,94143,0,34816,0,6565,1
0,0,0,0,0,0,0,0,0,0,0,0,0,0,0,0,0,0,0,0,0,0,0,0,0,0,0,0,0,0,0,0,0,0,0,0,0,0,0,0,0,0,0,0,0,0,0,0,0,0,1,0,1,0,2,0,9,0,8,0,26,0,46,0,89,0,181,0,332,0,696,0,1297,2389,0,4298,0,7073,0,12089,0,19169,0,30370,0,46392,0,69541,0,100181,0,140956,0,191760,0,252669,0,324296,0,401210,0,480596,0,555146,0,620100,0,667914,692678,0,694121,0,666035,0,616635,0,551934,0,481238,0,415809,0,361607,0,328527,0,315674,0,316354,0,317604,0,299431,0,251226,0,177226,0,95844,0,35865,0,6763,1
0,0,0,0,0,0,0,0,0,0,0,0,0,0,0,0,0,0,0,0,0,0,0,0,0,0,0,0,0,0,0,0,0,0,0,0,0,0,0,0,0,0,0,0,0,0,0,0,0,0,0,0,3,0,1,0,7,0,8,0,25,0,43,0,79,0,161,0,294,0,631,0,1225,2280,0,3963,0,6769,0,11334,0,18286,0,28654,0,44498,0,66749,0,97030,0,136196,0,185737,0,246314,0,316443,0,394191,0,473332,0,549145,0,615092,0,667205,693189,0,696539,0,671149,0,623564,0,559033,0,489030,0,421699,0,367437,0,332604,0,318497,0,317986,0,319470,0,301746,0,253998,0,180054,0,97869,0,36907,0,6942,1
0,0,0,0,0,0,0,0,0,0,0,0,0,0,0,0,0,0,0,0,0,0,0,0,0,0,0,0,0,0,0,0,0,0,0,0,0,0,0,0,0,0,0,0,0,0,0,0,0,0,0,0,2,0,2,0,6,0,5,0,22,0,45,0,73,0,138,0,291,0,577,0,1165,2026,0,3741,0,6391,0,10625,0,17426,0,27395,0,42555,0,64060,0,93507,0,131474,0,180231,0,239940,0,309592,0,386728,0,466102,0,542873,0,610852,0,663874,694567,0,698214,0,676416,0,630191,0,566661,0,496462,0,428065,0,373138,0,336887,0,320938,0,319844,0,321427,0,304260,0,256647,0,183103,0,99911,0,37802,0,7157,1
0,0,0,0,0,0,0,0,0,0,0,0,0,0,0,0,0,0,0,0,0,0,0,0,0,0,0,0,0,0,0,0,0,0,0,0,0,0,0,0,0,0,0,0,0,0,0,0,0,0,0,0,1,0,4,0,3,0,11,0,10,0,41,0,71,0,122,0,281,0,518,0,1070,1915,0,3476,0,6103,0,10065,0,16478,0,26271,0,40404,0,61457,0,90028,0,127203,0,175032,0,232840,0,303009,0,379140,0,458995,0,536271,0,606778,0,661160,694596,0,701177,0,680765,0,637462,0,573845,0,503001,0,434821,0,379395,0,340434,0,324183,0,321509,0,323388,0,306752,0,259365,0,185881,0,101867,0,38811,0,7399,1
0,0,0,0,0,0,0,0,0,0,0,0,0,0,0,0,0,0,0,0,0,0,0,0,0,0,0,0,0,0,0,0,0,0,0,0,0,0,0,0,0,0,0,0,0,0,0,0,0,0,0,0,1,0,3,0,2,0,11,0,13,0,35,0,59,0,128,0,251,0,510,0,909,1764,0,3343,0,5724,0,9555,0,15701,0,24945,0,38736,0,58795,0,86533,0,122920,0,169483,0,226852,0,296598,0,371490,0,451321,0,530594,0,601216,0,659262,694220,0,703289,0,685894,0,642463,0,581331,0,511299,0,442040,0,384004,0,345144,0,326354,0,323947,0,325247,0,308976,0,262479,0,188439,0,104118,0,39788,0,7622,1
0,0,0,0,0,0,0,0,0,0,0,0,0,0,0,0,0,0,0,0,0,0,0,0,0,0,0,0,0,0,0,0,0,0,0,0,0,0,0,0,0,0,0,0,0,0,0,0,0,0,0,0,0,0,3,0,4,0,8,0,15,0,27,0,57,0,123,0,233,0,480,0,876,1625,0,3104,0,5435,0,9086,0,14689,0,23928,0,36884,0,56198,0,83422,0,118601,0,164101,0,221228,0,289374,0,364168,0,444787,0,523399,0,597580,0,655046,694266,0,704593,0,690341,0,649001,0,588843,0,518105,0,449974,0,389600,0,348886,0,329683,0,326093,0,326764,0,311071,0,265554,0,191081,0,106514,0,40652,0,7906,1
0,0,0,0,0,0,0,0,0,0,0,0,0,0,0,0,0,0,0,0,0,0,0,0,0,0,0,0,0,0,0,0,0,0,0,0,0,0,0,0,0,0,0,0,0,0,0,0,0,0,0,0,0,0,1,0,4,0,11,0,10,0,28,0,53,0,111,0,218,0,434,0,835,1512,0,2944,0,5026,0,8591,0,14067,0,22455,0,35388,0,53801,0,80325,0,114328,0,159051,0,215752,0,281617,0,357409,0,437255,0,518004,0,592211,0,651914,692875,0,706589,0,694478,0,656286,0,595536,0,525864,0,456089,0,395979,0,353039,0,332221,0,328664,0,328272,0,313406,0,268282,0,194144,0,108473,0,41765,0,8091,1
0,0,0,0,0,0,0,0,0,0,0,0,0,0,0,0,0,0,0,0,0,0,0,0,0,0,0,0,0,0,0,0,0,0,0,0,0,0,0,0,0,0,0,0,0,0,0,0,0,0,0,0,0,0,1,0,2,0,8,0,14,0,24,0,54,0,99,0,208,0,408,0,760,1475,0,2607,0,4763,0,8239,0,13204,0,21322,0,33963,0,51422,0,76918,0,110719,0,154137,0,209805,0,275113,0,350086,0,430571,0,511304,0,586082,0,648777,691576,0,709494,0,698169,0,661934,0,602746,0,533643,0,463048,0,401164,0,357680,0,335421,0,330965,0,330247,0,315583,0,270905,0,196889,0,110812,0,42711,0,8336,1
0,0,0,0,0,0,0,0,0,0,0,0,0,0,0,0,0,0,0,0,0,0,0,0,0,0,0,0,0,0,0,0,0,0,0,0,0,0,0,0,0,0,0,0,0,0,0,0,0,0,0,0,0,0,0,0,3,0,5,0,18,0,15,0,50,0,94,0,177,0,406,0,719,1382,0,2417,0,4484,0,7534,0,12760,0,20268,0,32397,0,49503,0,73488,0,106857,0,149215,0,203973,0,268890,0,342887,0,423098,0,505779,0,579572,0,645864,690163,0,710669,0,702140,0,667264,0,610134,0,541566,0,470187,0,407198,0,361812,0,338474,0,333508,0,331850,0,318162,0,274000,0,199396,0,112743,0,43770,0,8517,1
0,0,0,0,0,0,0,0,0,0,0,0,0,0,0,0,0,0,0,0,0,0,0,0,0,0,0,0,0,0,0,0,0,0,0,0,0,0,0,0,0,0,0,0,0,0,0,0,0,0,0,0,0,0,0,0,3,0,4,0,11,0,30,0,29,0,77,0,179,0,355,0,701,1283,0,2335,0,4190,0,7129,0,12028,0,19485,0,30489,0,47458,0,70951,0,102781,0,144773,0,198412,0,262344,0,335219,0,415912,0,499177,0,574642,0,642067,688041,0,712116,0,706184,0,672325,0,617354,0,549200,0,477083,0,413529,0,366575,0,341444,0,335442,0,334499,0,319863,0,276915,0,202360,0,114903,0,44715,0,8796,1
0,0,0,0,0,0,0,0,0,0,0,0,0,0,0,0,0,0,0,0,0,0,0,0,0,0,0,0,0,0,0,0,0,0,0,0,0,0,0,0,0,0,0,0,0,0,0,0,0,0,0,0,0,0,1,0,2,0,8,0,9,0,16,0,36,0,78,0,163,0,342,0,644,1161,0,2171,0,3943,0,6786,0,11360,0,18562,0,29141,0,45190,0,68317,0,99245,0,140083,0,192745,0,256117,0,328219,0,408682,0,491831,0,569794,0,637503,686632,0,712435,0,709927,0,678313,0,624477,0,556527,0,484916,0,419183,0,371162,0,344706,0,337509,0,336379,0,322682,0,279533,0,205226,0,116835,0,45802,0,9015,1
0,0,0,0,0,0,0,0,0,0,0,0,0,0,0,0,0,0,0,0,0,0,0,0,0,0,0,0,0,0,0,0,0,0,0,0,0,0,0,0,0,0,0,0,0,0,0,0,0,0,0,0,0,0,2,0,1,0,4,0,10,0,17,0,36,0,66,0,150,0,315,0,620,1125,0,1995,0,3763,0,6333,0,10688,0,17755,0,27868,0,43499,0,65390,0,95239,0,135626,0,187351,0,249744,0,322057,0,400515,0,485938,0,563128,0,634044,685488,0,711921,0,713157,0,683906,0,631526,0,563974,0,491948,0,425547,0,376319,0,347569,0,339785,0,338245,0,325249,0,282516,0,207710,0,119175,0,46770,0,9324,1
0,0,0,0,0,0,0,0,0,0,0,0,0,0,0,0,0,0,0,0,0,0,0,0,0,0,0,0,0,0,0,0,0,0,0,0,0,0,0,0,0,0,0,0,0,0,0,0,0,0,0,0,0,0,2,0,0,0,3,0,11,0,14,0,41,0,60,0,143,0,266,0,595,1083,0,1847,0,3479,0,6049,0,10125,0,16857,0,26767,0,41589,0,62749,0,91832,0,131203,0,181420,0,244001,0,314785,0,394606,0,477541,0,558203,0,629281,683265,0,713048,0,715503,0,688902,0,639315,0,570305,0,500084,0,431698,0,380711,0,351558,0,341572,0,340773,0,327315,0,285298,0,210687,0,121538,0,47682,0,9602,1
0,0,0,0,0,0,0,0,0,0,0,0,0,0,0,0,0,0,0,0,0,0,0,0,0,0,0,0,0,0,0,0,0,0,0,0,0,0,0,0,0,0,0,0,0,0,0,0,0,0,0,0,0,0,0,0,2,0,3,0,5,0,20,0,36,0,57,0,115,0,262,0,560,985,0,1795,0,3326,0,5593,0,9685,0,15860,0,25620,0,39604,0,60436,0,88807,0,126593,0,176891,0,236896,0,307937,0,386819,0,471328,0,552624,0,625207,681147,0,712949,0,717947,0,694422,0,644613,0,579050,0,506120,0,438869,0,385290,0,355421,0,344120,0,342860,0,329726,0,287810,0,213460,0,123708,0,49028,0,9802,1
0,0,0,0,0,0,0,0,0,0,0,0,0,0,0,0,0,0,0,0,0,0,0,0,0,0,0,0,0,0,0,0,0,0,0,0,0,0,0,0,0,0,0,0,0,0,0,0,0,0,0,0,0,0,0,0,3,0,0,0,6,0,14,0,31,0,64,0,102,0,251,0,476,977,0,1702,0,3053,0,5288,0,9142,0,15058,0,24254,0,38274,0,57743,0,85516,0,122616,0,171841,0,230496,0,301325,0,379985,0,464408,0,546615,0,620240,679102,0,713322,0,719603,0,699283,0,650724,0,587188,0,512966,0,445866,0,390353,0,358891,0,346892,0,344563,0,332115,0,290454,0,216604,0,125803,0,50133,0,10066,1
0,0,0,0,0,0,0,0,0,0,0,0,0,0,0,0,0,0,0,0,0,0,0,0,0,0,0,0,0,0,0,0,0,0,0,0,0,0,0,0,0,0,0,0,0,0,0,0,0,0,0,0,0,0,0,0,0,0,4,0,5,0,6,0,34,0,56,0,102,0,217,0,449,898,0,1611,0,2840,0,5009,0,8672,0,14343,0,23082,0,36485,0,55382,0,82371,0,119061,0,166000,0,225255,0,294268,0,373595,0,456930,0,539879,0,616570,676572,0,712293,0,722283,0,703804,0,657234,0,595021,0,519568,0,452438,0,396045,0,362326,0,348683,0,347223,0,334381,0,293201,0,219496,0,127986,0,51378,0,10352,1
0,0,0,0,0,0,0,0,0,0,0,0,0,0,0,0,0,0,0,0,0,0,0,0,0,0,0,0,0,0,0,0,0,0,0,0,0,0,0,0,0,0,0,0,0,0,0,0,0,0,0,0,0,0,0,0,0,0,4,0,4,0,9,0,21,0,64,0,87,0,215,0,417,833,0,1494,0,2734,0,4728,0,8227,0,13572,0,22044,0,34675,0,53148,0,79487,0,114623,0,161720,0,218978,0,287721,0,366671,0,449704,0,533824,0,611541,673479,0,712607,0,723747,0,708369,0,664463,0,601621,0,526597,0,459596,0,401139,0,365635,0,352221,0,348842,0,336583,0,296321,0,222091,0,130388,0,52483,0,10681,1
0,0,0,0,0,0,0,0,0,0,0,0,0,0,0,0,0,0,0,0,0,0,0,0,0,0,0,0,0,0,0,0,0,0,0,0,0,0,0,0,0,0,0,0,0,0,0,0,0,0,0,0,0,0,0,0,0,0,4,0,6,0,8,0,24,0,42,0,90,0,212,0,387,764,0,1411,0,2498,0,4519,0,7847,0,12846,0,21063,0,33070,0,51252,0,76244,0,111028,0,156789,0,212965,0,281620,0,359648,0,442810,0,527380,0,606730,670536,0,711438,0,726123,0,712140,0,671039,0,607980,0,534860,0,466119,0,406315,0,369430,0,354594,0,351282,0,338969,0,298797,0,225025,0,132932,0,53637,0,10935,1
0,0,0,0,0,0,0,0,0,0,0,0,0,0,0,0,0,0,0,0,0,0,0,0,0,0,0,0,0,0,0,0,0,0,0,0,0,0,0,0,0,0,0,0,0,0,0,0,0,0,0,0,0,0,0,0,0,0,3,0,7,0,10,0,17,0,39,0,83,0,193,0,356,727,0,1356,0,2368,0,4210,0,7351,0,12225,0,20036,0,31817,0,48844,0,73717,0,107320,0,151758,0,207846,0,274229,0,353266,0,435558,0,521217,0,602602,666142,0,711931,0,727207,0,715988,0,676455,0,615562,0,543021,0,471215,0,412804,0,373620,0,356614,0,353577,0,341305,0,301695,0,227769,0,135145,0,54950,0,11253,1
0,0,0,0,0,0,0,0,0,0,0,0,0,0,0,0,0,0,0,0,0,0,0,0,0,0,0,0,0,0,0,0,0,0,0,0,0,0,0,0,0,0,0,0,0,0,0,0,0,0,0,0,0,0,0,0,1,0,1,0,6,0,5,0,19,0,38,0,78,0,186,0,319,681,0,1235,0,2311,0,3985,0,6908,0,11682,0,19017,0,30300,0,47031,0,71027,0,103554,0,147060,0,202360,0,268035,0,345891,0,428943,0,515350,0,596432,663529,0,709529,0,730736,0,719041,0,682509,0,622680,0,550114,0,478082,0,417369,0,378228,0,359504,0,355420,0,343848,0,304153,0,230905,0,137557,0,56159,0,11590,1
0,0,0,0,0,0,0,0,0,0,0,0,0,0,0,0,0,0,0,0,0,0,0,0,0,0,0,0,0,0,0,0,0,0,0,0,0,0,0,0,0,0,0,0,0,0,0,0,0,0,0,0,0,0,0,0,1,0,1,0,4,0,5,0,22,0,39,0,75,0,159,0,310,620,0,1158,0,2168,0,3728,0,6544,0,11121,0,18112,0,28791,0,45174,0,68375,0,100062,0,143049,0,196422,0,262148,0,338942,0,421911,0,509191,0,590423,660104,0,708793,0,731002,0,722948,0,689631,0,629088,0,557493,0,484666,0,422497,0,381918,0,363006,0,357717,0,345587,0,307131,0,234127,0,139805,0,57448,0,11892,1
0,0,0,0,0,0,0,0,0,0,0,0,0,0,0,0,0,0,0,0,0,0,0,0,0,0,0,0,0,0,0,0,0,0,0,0,0,0,0,0,0,0,0,0,0,0,0,0,0,0,0,0,0,0,0,0,1,0,1,0,3,0,4,0,24,0,34,0,71,0,129,0,309,601,0,1043,0,2039,0,3566,0,6144,0,10574,0,17389,0,27580,0,43199,0,65770,0,96857,0,138098,0,191609,0,255743,0,332421,0,414817,0,503290,0,583830,656633,0,707485,0,732208,0,726782,0,694433,0,637102,0,563997,0,491136,0,428769,0,386120,0,365886,0,359508,0,347985,0,310334,0,236854,0,142067,0,58713,0,12250,1
0,0,0,0,0,0,0,0,0,0,0,0,0,0,0,0,0,0,0,0,0,0,0,0,0,0,0,0,0,0,0,0,0,0,0,0,0,0,0,0,0,0,0,0,0,0,0,0,0,0,0,0,0,0,0,0,1,0,1,0,1,0,7,0,16,0,42,0,61,0,126,0,284,546,0,990,0,1834,0,3380,0,5897,0,9962,0,16577,0,26339,0,41720,0,63238,0,93283,0,133819,0,186275,0,250344,0,325078,0,408622,0,495662,0,578683,653286,0,705820,0,731890,0,730750,0,699511,0,643455,0,572675,0,497656,0,434692,0,390210,0,368579,0,361655,0,349960,0,313858,0,239535,0,144492,0,60032,0,12564,1
0,0,0,0,0,0,0,0,0,0,0,0,0,0,0,0,0,0,0,0,0,0,0,0,0,0,0,0,0,0,0,0,0,0,0,0,0,0,0,0,0,0,0,0,0,0,0,0,0,0,0,0,0,0,1,0,0,0,1,0,1,0,5,0,16,0,32,0,66,0,127,0,231,508,0,958,0,1704,0,3165,0,5526,0,9507,0,15610,0,25403,0,39949,0,61100,0,90252,0,129420,0,180659,0,244246,0,319347,0,401401,0,488451,0,574130,648612,0,704092,0,732522,0,733631,0,705656,0,649631,0,580498,0,504168,0,440108,0,394487,0,371992,0,363589,0,352301,0,316434,0,242553,0,147091,0,61358,0,12869,1
0,0,0,0,0,0,0,0,0,0,0,0,0,0,0,0,0,0,0,0,0,0,0,0,0,0,0,0,0,0,0,0,0,0,0,0,0,0,0,0,0,0,0,0,0,0,0,0,0,0,0,0,0,0,1,0,0,0,1,0,1,0,3,0,17,0,25,0,68,0,115,0,236,429,0,896,0,1618,0,2994,0,5262,0,9015,0,14804,0,24349,0,38424,0,58604,0,87030,0,125560,0,175775,0,238619,0,312604,0,394462,0,481252,0,567861,645183,0,701547,0,733786,0,736598,0,710873,0,656690,0,587237,0,511420,0,445580,0,398817,0,375197,0,365920,0,354603,0,318930,0,245626,0,149525,0,62645,0,13206,1
0,0,0,0,0,0,0,0,0,0,0,0,0,0,0,0,0,0,0,0,0,0,0,0,0,0,0,0,0,0,0,0,0,0,0,0,0,0,0,0,0,0,0,0,0,0,0,0,0,0,0,0,0,0,1,0,0,0,0,0,2,0,6,0,11,0,28,0,60,0,112,0,208,424,0,835,0,1544,0,2892,0,4950,0,8425,0,14069,0,23323,0,36910,0,56270,0,84203,0,121708,0,170839,0,232581,0,305643,0,387296,0,476104,0,561193,641120,0,699384,0,734470,0,739098,0,715911,0,663135,0,594144,0,518606,0,451733,0,402632,0,378462,0,368394,0,356784,0,321715,0,248559,0,152124,0,63925,0,13575,1
0,0,0,0,0,0,0,0,0,0,0,0,0,0,0,0,0,0,0,0,0,0,0,0,0,0,0,0,0,0,0,0,0,0,0,0,0,0,0,0,0,0,0,0,0,0,0,0,0,0,0,0,0,0,1,0,0,0,0,0,2,0,6,0,7,0,21,0,55,0,115,0,194,399,0,744,0,1455,0,2661,0,4781,0,8013,0,13316,0,22204,0,35394,0,54218,0,81334,0,117789,0,166356,0,226909,0,298309,0,381825,0,469193,0,554877,635770,0,697597,0,735047,0,741397,0,720916,0,669485,0,600901,0,525979,0,457338,0,407365,0,381640,0,370984,0,359371,0,324277,0,251201,0,154741,0,65247,0,13974,1
0,0,0,0,0,0,0,0,0,0,0,0,0,0,0,0,0,0,0,0,0,0,0,0,0,0,0,0,0,0,0,0,0,0,0,0,0,0,0,0,0,0,0,0,0,0,0,0,0,0,0,0,0,0,1,0,0,0,0,0,1,0,2,0,11,0,24,0,40,0,104,0,187,380,0,689,0,1388,0,2460,0,4484,0,7582,0,12805,0,21238,0,33797,0,51976,0,78439,0,114416,0,161159,0,221538,0,291887,0,375347,0,461473,0,550255,630944,0,694947,0,734334,0,744965,0,724214,0,676059,0,609265,0,532365,0,463257,0,411873,0,384992,0,373504,0,361948,0,326722,0,254079,0,157298,0,66614,0,14345,1
0,0,0,0,0,0,0,0,0,0,0,0,0,0,0,0,0,0,0,0,0,0,0,0,0,0,0,0,0,0,0,0,0,0,0,0,0,0,0,0,0,0,0,0,0,0,0,0,0,0,0,0,1,0,0,0,0,0,0,0,1,0,1,0,10,0,19,0,40,0,88,0,164,363,0,649,0,1260,0,2344,0,4185,0,7233,0,12165,0,20272,0,32443,0,50044,0,75373,0,111194,0,156230,0,215837,0,286047,0,367737,0,454866,0,544775,626849,0,692033,0,734365,0,747405,0,728044,0,682426,0,616519,0,539326,0,468970,0,416163,0,388669,0,376400,0,364010,0,329317,0,257052,0,159676,0,68129,0,14714,1
0,0,0,0,0,0,0,0,0,0,0,0,0,0,0,0,0,0,0,0,0,0,0,0,0,0,0,0,0,0,0,0,0,0,0,0,0,0,0,0,0,0,0,0,0,0,0,0,0,0,0,0,1,0,0,0,0,0,0,0,0,0,2,0,5,0,21,0,41,0,71,0,183,313,0,601,0,1210,0,2178,0,3965,0,6846,0,11597,0,19390,0,31044,0,48110,0,72795,0,106992,0,152235,0,209967,0,279964,0,361820,0,448363,0,538545,621139,0,689428,0,733934,0,749776,0,732842,0,688105,0,623296,0,546451,0,475009,0,421058,0,391533,0,378683,0,367001,0,331940,0,260039,0,162298,0,69411,0,15206,1
0,0,0,0,0,0,0,0,0,0,0,0,0,0,0,0,0,0,0,0,0,0,0,0,0,0,0,0,0,0,0,0,0,0,0,0,0,0,0,0,0,0,0,0,0,0,0,0,0,0,0,0,0,0,1,0,0,0,0,0,1,0,1,0,2,0,20,0,44,0,64,0,151,312,0,596,0,1099,0,2085,0,3709,0,6540,0,11072,0,18376,0,29811,0,46440,0,70299,0,103242,0,148131,0,204303,0,274143,0,354312,0,442498,0,531640,616280,0,686754,0,733048,0,752916,0,736937,0,693341,0,630653,0,553036,0,480739,0,426800,0,394857,0,380386,0,369626,0,334900,0,263136,0,164646,0,70838,0,15623,1
0,0,0,0,0,0,0,0,0,0,0,0,0,0,0,0,0,0,0,0,0,0,0,0,0,0,0,0,0,0,0,0,0,0,0,0,0,0,0,0,0,0,0,0,0,0,0,0,0,0,0,0,0,0,0,0,1,0,1,0,0,0,0,0,3,0,18,0,32,0,73,0,136,280,0,559,0,1035,0,1977,0,3442,0,6196,0,10571,0,17743,0,28222,0,44451,0,67898,0,100262,0,143354,0,199312,0,268015,0,347670,0,436175,0,525414,610911,0,683270,0,732542,0,754197,0,741574,0,699554,0,636942,0,560190,0,487368,0,431349,0,398564,0,382980,0,371826,0,337645,0,266025,0,167280,0,72321,0,16030,1
0,0,0,0,0,0,0,0,0,0,0,0,0,0,0,0,0,0,0,0,0,0,0,0,0,0,0,0,0,0,0,0,0,0,0,0,0,0,0,0,0,0,0,0,0,0,0,0,0,0,0,0,0,0,1,0,0,0,1,0,0,0,0,0,5,0,13,0,28,0,62,0,130,255,0,526,0,974,0,1789,0,3388,0,5861,0,10035,0,16759,0,27397,0,42441,0,65657,0,96599,0,139064,0,194301,0,262071,0,341601,0,429157,0,519373,605489,0,679339,0,732733,0,754906,0,746753,0,705142,0,643127,0,567086,0,494229,0,435853,0,402453,0,385080,0,374353,0,340421,0,268852,0,170054,0,73639,0,16411,1
0,0,0,0,0,0,0,0,0,0,0,0,0,0,0,0,0,0,0,0,0,0,0,0,0,0,0,0,0,0,0,0,0,0,0,0,0,0,0,0,0,0,0,0,0,0,0,0,0,0,0,0,0,0,1,0,0,0,1,0,0,0,0,0,7,0,8,0,23,0,69,0,120,245,0,466,0,925,0,1689,0,3169,0,5570,0,9731,0,15970,0,25903,0,41067,0,62773,0,93932,0,134906,0,188905,0,256622,0,335070,0,422320,0,513122,600098,0,676859,0,730671,0,756357,0,750830,0,710899,0,649487,0,574319,0,500105,0,441611,0,404982,0,388612,0,376647,0,342934,0,271614,0,172722,0,75103,0,16944,1
0,0,0,0,0,0,0,0,0,0,0,0,0,0,0,0,0,0,0,0,0,0,0,0,0,0,0,0,0,0,0,0,0,0,0,0,0,0,0,0,0,0,0,0,0,0,0,0,0,0,0,0,0,0,0,0,2,0,0,0,0,0,1,0,4,0,10,0,13,0,66,0,109,206,0,480,0,839,0,1679,0,2884,0,5275,0,9179,0,15313,0,24710,0,39459,0,60602,0,90637,0,130995,0,184223,0,250518,0,328546,0,416008,0,506507,595016,0,673345,0,728920,0,757151,0,755305,0,716247,0,656334,0,581504,0,506410,0,446433,0,408897,0,391118,0,378619,0,346183,0,274346,0,175469,0,76472,0,17374,1
0,0,0,0,0,0,0,0,0,0,0,0,0,0,0,0,0,0,0,0,0,0,0,0,0,0,0,0,0,0,0,0,0,0,0,0,0,0,0,0,0,0,0,0,0,0,0,0,0,0,0,0,0,0,0,0,1,0,1,0,0,0,1,0,5,0,5,0,17,0,44,0,115,210,0,432,0,810,0,1536,0,2745,0,4980,0,8719,0,14480,0,23614,0,38009,0,58533,0,87575,0,126725,0,179754,0,244500,0,322184,0,409870,0,500418,589333,0,669387,0,728334,0,758134,0,757125,0,722525,0,662581,0,588883,0,512480,0,451572,0,412738,0,393650,0,381181,0,348664,0,277514,0,178385,0,77854,0,17785,1
0,0,0,0,0,0,0,0,0,0,0,0,0,0,0,0,0,0,0,0,0,0,0,0,0,0,0,0,0,0,0,0,0,0,0,0,0,0,0,0,0,0,0,0,0,0,0,0,0,0,0,0,0,0,0,0,0,0,1,0,1,0,3,0,4,0,3,0,13,0,49,0,88,209,0,391,0,772,0,1448,0,2594,0,4763,0,8215,0,13783,0,22600,0,36402,0,56459,0,84956,0,123155,0,174540,0,238387,0,316267,0,403023,0,494334,584102,0,664796,0,726633,0,759468,0,760099,0,727821,0,669320,0,596259,0,518993,0,456019,0,416846,0,396633,0,383546,0,351389,0,280295,0,180797,0,79729,0,18203,1
0,0,0,0,0,0,0,0,0,0,0,0,0,0,0,0,0,0,0,0,0,0,0,0,0,0,0,0,0,0,0,0,0,0,0,0,0,0,0,0,0,0,0,0,0,0,0,0,0,0,0,0,0,0,0,0,0,0,1,0,1,0,2,0,3,0,5,0,12,0,41,0,92,184,0,396,0,669,0,1389,0,2516,0,4461,0,7753,0,13216,0,21652,0,34715,0,54175,0,82408,0,119669,0,169885,0,232596,0,310074,0,395926,0,488144,578335,0,661808,0,725006,0,759599,0,762650,0,733445,0,675468,0,603063,0,525575,0,461601,0,420396,0,399960,0,385631,0,354249,0,283045,0,183559,0,81353,0,18680,1
0,0,0,0,0,0,0,0,0,0,0,0,0,0,0,0,0,0,0,0,0,0,0,0,0,0,0,0,0,0,0,0,0,0,0,0,0,0,0,0,0,0,0,0,0,0,0,0,0,0,0,0,0,0,0,0,0,0,1,0,1,0,0,0,6,0,4,0,7,0,31,0,94,190,0,329,0,689,0,1238,0,2389,0,4214,0,7347,0,12681,0,20959,0,33221,0,52287,0,78938,0,115941,0,165254,0,228324,0,303063,0,389700,0,482366,572701,0,657230,0,722358,0,760370,0,765448,0,738490,0,682204,0,609960,0,531760,0,466985,0,424284,0,403011,0,388429,0,356289,0,286736,0,185669,0,83062,0,19148,1
0,0,0,0,0,0,0,0,0,0,0,0,0,0,0,0,0,0,0,0,0,0,0,0,0,0,0,0,0,0,0,0,0,0,0,0,0,0,0,0,0,0,0,0,0,0,0,0,0,0,0,0,0,0,0,0,0,0,1,0,1,0,0,0,3,0,6,0,10,0,26,0,91,164,0,333,0,633,0,1153,0,2197,0,4019,0,7106,0,12099,0,19665,0,31927,0,50546,0,76342,0,113082,0,160301,0,222637,0,296381,0,382931,0,475981,567949,0,653111,0,720838,0,759964,0,768280,0,743423,0,687968,0,617112,0,538247,0,472566,0,427871,0,406267,0,390576,0,359262,0,289684,0,188449,0,84576,0,19630,1
0,0,0,0,0,0,0,0,0,0,0,0,0,0,0,0,0,0,0,0,0,0,0,0,0,0,0,0,0,0,0,0,0,0,0,0,0,0,0,0,0,0,0,0,0,0,0,0,0,0,0,0,0,0,0,0,0,0,1,0,0,0,1,0,1,0,7,0,11,0,27,0,69,176,0,295,0,582,0,1121,0,2058,0,3801,0,6693,0,11511,0,18871,0,30749,0,48425,0,74010,0,109173,0,156335,0,217064,0,290786,0,375969,0,468883,562480,0,648394,0,719385,0,760034,0,770875,0,747234,0,695890,0,622763,0,544886,0,478691,0,431705,0,408720,0,393410,0,362149,0,292932,0,190871,0,86178,0,20192,1
0,0,0,0,0,0,0,0,0,0,0,0,0,0,0,0,0,0,0,0,0,0,0,0,0,0,0,0,0,0,0,0,0,0,0,0,0,0,0,0,0,0,0,0,0,0,0,0,0,0,0,0,0,0,0,0,0,0,0,0,1,0,1,0,2,0,7,0,6,0,28,0,58,158,0,301,0,513,0,1051,0,1956,0,3630,0,6313,0,10980,0,18055,0,29541,0,46715,0,71031,0,105950,0,151982,0,211524,0,284560,0,370106,0,462512,556823,0,643948,0,717325,0,759544,0,773034,0,752689,0,701707,0,629236,0,551622,0,484172,0,435795,0,411494,0,395926,0,365003,0,296443,0,193105,0,87884,0,20677,1
0,0,0,0,0,0,0,0,0,0,0,0,0,0,0,0,0,0,0,0,0,0,0,0,0,0,0,0,0,0,0,0,0,0,0,0,0,0,0,0,0,0,0,0,0,0,0,0,0,0,0,0,0,0,0,0,0,0,0,0,2,0,0,0,1,0,5,0,6,0,30,0,64,137,0,293,0,486,0,923,0,1874,0,3448,0,6037,0,10384,0,17424,0,28164,0,44882,0,68876,0,102320,0,147748,0,206655,0,278177,0,363368,0,456717,550599,0,639668,0,713885,0,760503,0,775634,0,756514,0,707423,0,636392,0,558644,0,489303,0,440123,0,414349,0,398787,0,367716,0,299199,0,195954,0,89425,0,21269,1
0,0,0,0,0,0,0,0,0,0,0,0,0,0,0,0,0,0,0,0,0,0,0,0,0,0,0,0,0,0,0,0,0,0,0,0,0,0,0,0,0,0,0,0,0,0,0,0,0,0,0,0,0,0,0,0,0,0,0,0,1,0,1,0,3,0,2,0,8,0,23,0,53,142,0,243,0,484,0,928,0,1721,0,3248,0,5780,0,9870,0,16588,0,27110,0,43171,0,66408,0,99120,0,143223,0,202410,0,271742,0,357792,0,448961,545040,0,635345,0,710406,0,760789,0,777367,0,761129,0,713512,0,643326,0,565044,0,495416,0,443873,0,417371,0,401295,0,370323,0,302927,0,198265,0,91139,0,21809,1
0,0,0,0,0,0,0,0,0,0,0,0,0,0,0,0,0,0,0,0,0,0,0,0,0,0,0,0,0,0,0,0,0,0,0,0,0,0,0,0,0,0,0,0,0,0,0,0,0,0,0,0,0,0,0,0,0,0,1,0,0,0,0,0,4,0,2,0,4,0,25,0,55,118,0,225,0,475,0,862,0,1653,0,3048,0,5386,0,9473,0,15874,0,26178,0,41294,0,64397,0,95748,0,139707,0,196528,0,266582,0,351156,0,442499,538819,0,631117,0,707199,0,759954,0,778971,0,765486,0,720332,0,649394,0,571763,0,501416,0,447907,0,420553,0,403703,0,373126,0,306168,0,201023,0,92962,0,22221,1
0,0,0,0,0,0,0,0,0,0,0,0,0,0,0,0,0,0,0,0,0,0,0,0,0,0,0,0,0,0,0,0,0,0,0,0,0,0,0,0,0,0,0,0,0,0,0,0,0,0,0,0,0,0,0,0,0,0,1,0,0,0,0,0,1,0,6,0,2,0,19,0,63,112,0,198,0,424,0,846,0,1548,0,2890,0,5120,0,8945,0,15202,0,25047,0,39850,0,62187,0,92534,0,136096,0,191151,0,260899,0,345161,0,435556,532708,0,625566,0,705404,0,758727,0,781097,0,769604,0,725837,0,655832,0,578949,0,507118,0,452308,0,423402,0,406367,0,376050,0,309314,0,203825,0,94633,0,22809,1
0,0,0,0,0,0,0,0,0,0,0,0,0,0,0,0,0,0,0,0,0,0,0,0,0,0,0,0,0,0,0,0,0,0,0,0,0,0,0,0,0,0,0,0,0,0,0,0,0,0,0,0,0,0,0,0,0,0,1,0,0,0,0,0,1,0,6,0,7,0,12,0,49,109,0,206,0,401,0,782,0,1464,0,2692,0,4981,0,8354,0,14640,0,24019,0,38386,0,59821,0,89737,0,131560,0,187029,0,254983,0,338828,0,430071,525394,0,620995,0,701590,0,757978,0,783035,0,774344,0,730259,0,662462,0,586278,0,512829,0,457582,0,426301,0,408358,0,379144,0,312374,0,206672,0,96293,0,23381,1
0,0,0,0,0,0,0,0,0,0,0,0,0,0,0,0,0,0,0,0,0,0,0,0,0,0,0,0,0,0,0,0,0,0,0,0,0,0,0,0,0,0,0,0,0,0,0,0,0,0,0,0,0,0,0,0,0,0,1,0,0,0,0,0,1,0,4,0,5,0,18,0,43,96,0,206,0,364,0,714,0,1378,0,2536,0,4757,0,8129,0,13861,0,23053,0,36687,0,57758,0,87310,0,127540,0,182153,0,249684,0,332279,0,422614,520130,0,616262,0,697920,0,756861,0,784861,0,777723,0,735763,0,669863,0,592191,0,518090,0,463168,0,429815,0,410648,0,382733,0,314778,0,209363,0,98135,0,23913,1
0,0,0,0,0,0,0,0,0,0,0,0,0,0,0,0,0,0,0,0,0,0,0,0,0,0,0,0,0,0,0,0,0,0,0,0,0,0,0,0,0,0,0,0,0,0,0,0,0,0,0,0,0,0,0,0,0,0,0,0,1,0,0,0,2,0,3,0,5,0,16,0,42,81,0,196,0,345,0,703,0,1225,0,2439,0,4507,0,7661,0,13407,0,21896,0,35665,0,55260,0,84726,0,123888,0,177347,0,244732,0,325065,0,416434,513951,0,610993,0,694529,0,755072,0,786155,0,782302,0,741326,0,676804,0,598377,0,523844,0,468179,0,433058,0,414034,0,384432,0,318103,0,212239,0,99885,0,24479,1
0,0,0,0,0,0,0,0,0,0,0,0,0,0,0,0,0,0,0,0,0,0,0,0,0,0,0,0,0,0,0,0,0,0,0,0,0,0,0,0,0,0,0,0,0,0,0,0,0,0,0,0,0,0,0,0,0,0,0,0,1,0,1,0,0,0,2,0,9,0,16,0,34,79,0,191,0,330,0,623,0,1189,0,2312,0,4265,0,7391,0,12679,0,20972,0,34250,0,53506,0,81601,0,120499,0,172509,0,239437,0,319675,0,409400,508275,0,605043,0,690188,0,755142,0,787023,0,785957,0,747471,0,682079,0,605295,0,529867,0,472694,0,436418,0,416798,0,387470,0,320862,0,215070,0,101791,0,24994,1
0,0,0,0,0,0,0,0,0,0,0,0,0,0,0,0,0,0,0,0,0,0,0,0,0,0,0,0,0,0,0,0,0,0,0,0,0,0,0,0,0,0,0,0,0,0,0,0,0,0,0,0,0,0,0,0,0,0,0,0,0,0,2,0,0,0,2,0,6,0,23,0,27,78,0,166,0,326,0,568,0,1129,0,2156,0,4068,0,7076,0,12113,0,20209,0,32854,0,51852,0,78808,0,116707,0,168429,0,233865,0,313156,0,403381,501367,0,599794,0,686785,0,752981,0,788859,0,788216,0,754186,0,688089,0,612535,0,535571,0,477203,0,440221,0,419459,0,390065,0,324055,0,217672,0,103869,0,25480,1
0,0,0,0,0,0,0,0,0,0,0,0,0,0,0,0,0,0,0,0,0,0,0,0,0,0,0,0,0,0,0,0,0,0,0,0,0,0,0,0,0,0,0,0,0,0,0,0,0,0,0,0,0,0,0,0,0,0,0,0,0,0,1,0,2,0,4,0,5,0,19,0,36,55,0,160,0,309,0,557,0,1054,0,2075,0,3733,0,6744,0,11660,0,19264,0,31621,0,49975,0,76255,0,113631,0,163600,0,228721,0,306694,0,397709,494976,0,593973,0,683151,0,751290,0,790126,0,790719,0,758388,0,695915,0,619003,0,541313,0,482151,0,444017,0,422163,0,392882,0,327272,0,220567,0,105522,0,26096,1
0,0,0,0,0,0,0,0,0,0,0,0,0,0,0,0,0,0,0,0,0,0,0,0,0,0,0,0,0,0,0,0,0,0,0,0,0,0,0,0,0,0,0,0,0,0,0,0,0,0,0,0,0,0,0,0,0,0,0,0,0,0,1,0,3,0,4,0,7,0,12,0,33,63,0,140,0,292,0,521,0,1014,0,1970,0,3460,0,6506,0,11152,0,18316,0,30385,0,48176,0,74019,0,110111,0,159618,0,223346,0,300555,0,391100,488658,0,589222,0,678731,0,749008,0,790057,0,794897,0,763137,0,702838,0,625357,0,547704,0,486953,0,447101,0,425606,0,395598,0,330204,0,223421,0,107448,0,26664,1
0,0,0,0,0,0,0,0,0,0,0,0,0,0,0,0,0,0,0,0,0,0,0,0,0,0,0,0,0,0,0,0,0,0,0,0,0,0,0,0,0,0,0,0,0,0,0,0,0,0,0,0,0,0,0,0,0,0,0,0,0,0,2,0,1,0,2,0,8,0,13,0,25,61,0,132,0,266,0,488,0,1001,0,1861,0,3334,0,6101,0,10546,0,17588,0,29163,0,46472,0,71630,0,106824,0,155131,0,217955,0,295162,0,385002,482584,0,582683,0,674637,0,746035,0,790883,0,798563,0,768666,0,708796,0,632203,0,553727,0,492197,0,450929,0,428288,0,398298,0,332999,0,226532,0,109409,0,27211,1
0,0,0,0,0,0,0,0,0,0,0,0,0,0,0,0,0,0,0,0,0,0,0,0,0,0,0,0,0,0,0,0,0,0,0,0,0,0,0,0,0,0,0,0,0,0,0,0,0,0,0,0,0,0,0,0,0,0,0,0,0,0,1,0,2,0,3,0,5,0,16,0,22,54,0,119,0,242,0,489,0,920,0,1728,0,3186,0,5790,0,10047,0,16946,0,27977,0,44803,0,69203,0,103470,0,151665,0,212486,0,288813,0,379388,476480,0,577123,0,669586,0,744304,0,790419,0,802226,0,772577,0,716075,0,638584,0,560479,0,496203,0,455074,0,431214,0,401188,0,336084,0,229413,0,111285,0,27719,1
0,0,0,0,0,0,0,0,0,0,0,0,0,0,0,0,0,0,0,0,0,0,0,0,0,0,0,0,0,0,0,0,0,0,0,0,0,0,0,0,0,0,0,0,0,0,0,0,0,0,0,0,0,0,0,0,0,0,0,0,1,0,0,0,2,0,2,0,5,0,11,0,21,52,0,119,0,224,0,444,0,862,0,1671,0,3004,0,5418,0,9640,0,16301,0,26822,0,43030,0,67158,0,100758,0,147475,0,207444,0,283444,0,372488,470366,0,571502,0,664807,0,741956,0,790732,0,803529,0,778616,0,722092,0,645556,0,567254,0,500977,0,458439,0,434227,0,403733,0,339277,0,232457,0,113169,0,28323,1
0,0,0,0,0,0,0,0,0,0,0,0,0,0,0,0,0,0,0,0,0,0,0,0,0,0,0,0,0,0,0,0,0,0,0,0,0,0,0,0,0,0,0,0,0,0,0,0,0,0,0,0,0,0,0,0,0,0,1,0,0,0,0,0,1,0,3,0,4,0,8,0,24,51,0,105,0,209,0,422,0,824,0,1545,0,2837,0,5161,0,9195,0,15672,0,25653,0,41505,0,64996,0,97630,0,143381,0,202749,0,278234,0,365413,464210,0,565713,0,660802,0,739228,0,790664,0,805858,0,783305,0,728725,0,652037,0,573691,0,505708,0,462609,0,437229,0,406338,0,342139,0,235664,0,114877,0,28988,1
0,0,0,0,0,0,0,0,0,0,0,0,0,0,0,0,0,0,0,0,0,0,0,0,0,0,0,0,0,0,0,0,0,0,0,0,0,0,0,0,0,0,0,0,0,0,0,0,0,0,0,0,0,0,0,0,1,0,0,0,0,0,0,0,0,0,2,0,2,0,14,0,18,46,0,106,0,200,0,380,0,779,0,1465,0,2701,0,4868,0,8885,0,14731,0,25074,0,39611,0,62512,0,95308,0,138956,0,198632,0,272517,0,358536,458728,0,559776,0,656664,0,736984,0,789717,0,808279,0,788035,0,733682,0,659499,0,579852,0,510469,0,466425,0,440295,0,409574,0,345068,0,238596,0,116757,0,29664,1
0,0,0,0,0,0,0,0,0,0,0,0,0,0,0,0,0,0,0,0,0,0,0,0,0,0,0,0,0,0,0,0,0,0,0,0,0,0,0,0,0,0,0,0,0,0,0,0,0,0,0,0,0,0,0,0,0,0,1,0,0,0,0,0,0,0,1,0,3,0,10,0,22,37,0,92,0,200,0,380,0,714,0,1349,0,2601,0,4696,0,8282,0,14242,0,23926,0,38424,0,60310,0,92212,0,135397,0,193875,0,267318,0,352996,451054,0,553779,0,652096,0,734234,0,790029,0,810449,0,791642,0,740186,0,666975,0,584719,0,516729,0,470284,0,443193,0,412277,0,348375,0,241184,0,118798,0,30317,1
0,0,0,0,0,0,0,0,0,0,0,0,0,0,0,0,0,0,0,0,0,0,0,0,0,0,0,0,0,0,0,0,0,0,0,0,0,0,0,0,0,0,0,0,0,0,0,0,0,0,0,0,0,0,0,0,0,0,1,0,0,0,0,0,0,0,0,0,3,0,12,0,19,40,0,81,0,174,0,366,0,660,0,1286,0,2456,0,4474,0,7876,0,13793,0,22676,0,37201,0,58277,0,89220,0,131580,0,189307,0,261759,0,346867,444915,0,547457,0,647840,0,731435,0,789034,0,813144,0,795209,0,746439,0,674223,0,590263,0,522056,0,474778,0,445890,0,415382,0,351519,0,244130,0,120709,0,30857,1
0,0,0,0,0,0,0,0,0,0,0,0,0,0,0,0,0,0,0,0,0,0,0,0,0,0,0,0,0,0,0,0,0,0,0,0,0,0,0,0,0,0,0,0,0,0,0,0,0,0,0,0,0,0,0,0,0,0,0,0,1,0,0,0,0,0,0,0,4,0,4,0,18,46,0,66,0,177,0,335,0,637,0,1204,0,2336,0,4240,0,7608,0,13203,0,21956,0,35577,0,56401,0,86371,0,127952,0,184505,0,256500,0,341163,438458,0,541169,0,642966,0,728012,0,788783,0,815115,0,799479,0,751936,0,681351,0,596662,0,526866,0,478835,0,449244,0,418342,0,354588,0,247041,0,122815,0,31442,1
0,0,0,0,0,0,0,0,0,0,0,0,0,0,0,0,0,0,0,0,0,0,0,0,0,0,0,0,0,0,0,0,0,0,0,0,0,0,0,0,0,0,0,0,0,0,0,0,0,0,0,0,0,0,0,0,0,0,0,0,0,0,1,0,0,0,1,0,2,0,11,0,9,37,0,64,0,169,0,310,0,595,0,1172,0,2213,0,3959,0,7289,0,12531,0,21130,0,34280,0,54729,0,83640,0,124171,0,179991,0,250922,0,335461,431992,0,535550,0,637293,0,724458,0,788796,0,816481,0,804779,0,757359,0,687854,0,603407,0,531886,0,482422,0,452932,0,420976,0,357575,0,250140,0,124699,0,32122,1
0,0,0,0,0,0,0,0,0,0,0,0,0,0,0,0,0,0,0,0,0,0,0,0,0,0,0,0,0,0,0,0,0,0,0,0,0,0,0,0,0,0,0,0,0,0,0,0,0,0,0,0,0,0,0,0,0,0,0,0,0,0,0,0,1,0,0,0,4,0,10,0,8,26,0,74,0,155,0,285,0,579,0,1094,0,2128,0,3848,0,6760,0,12030,0,20374,0,33028,0,52675,0,81148,0,120856,0,175619,0,245153,0,330110,425096,0,529944,0,631486,0,722142,0,787235,0,818115,0,808352,0,764120,0,694832,0,609677,0,536938,0,486768,0,455811,0,423553,0,361056,0,253112,0,126363,0,32843,1
0,0,0,0,0,0,0,0,0,0,0,0,0,0,0,0,0,0,0,0,0,0,0,0,0,0,0,0,0,0,0,0,0,0,0,0,0,0,0,0,0,0,0,0,0,0,0,0,0,0,0,0,0,0,0,0,0,0,0,0,0,0,1,0,0,0,0,0,6,0,6,0,9,31,0,64,0,154,0,254,0,553,0,1049,0,2009,0,3563,0,6547,0,11531,0,19468,0,32058,0,50407,0,78862,0,117297,0,171452,0,239916,0,323916,419697,0,522877,0,625895,0,719641,0,785583,0,820559,0,812250,0,768853,0,701498,0,616174,0,543096,0,490406,0,459153,0,426145,0,364680,0,255832,0,128364,0,33552,1
0,0,0,0,0,0,0,0,0,0,0,0,0,0,0,0,0,0,0,0,0,0,0,0,0,0,0,0,0,0,0,0,0,0,0,0,0,0,0,0,0,0,0,0,0,0,0,0,0,0,0,0,0,0,0,0,0,0,0,0,0,0,0,0,1,0,2,0,5,0,4,0,11,27,0,69,0,125,0,258,0,489,0,981,0,1952,0,3430,0,6208,0,10956,0,18690,0,30703,0,49036,0,75799,0,114602,0,167084,0,235037,0,317372,413133,0,517409,0,621889,0,714960,0,784571,0,820271,0,817179,0,774636,0,707292,0,623605,0,548401,0,494509,0,462745,0,429089,0,367466,0,258882,0,130309,0,34221,1
0,0,0,0,0,0,0,0,0,0,0,0,0,0,0,0,0,0,0,0,0,0,0,0,0,0,0,0,0,0,0,0,0,0,0,0,0,0,0,0,0,0,0,0,0,0,0,0,0,0,0,0,0,0,0,0,0,0,0,0,0,0,0,0,3,0,0,0,1,0,7,0,12,23,0,61,0,111,0,233,0,472,0,947,0,1810,0,3322,0,5917,0,10365,0,17881,0,29641,0,47320,0,73756,0,111488,0,162570,0,229578,0,311753,407432,0,511590,0,616838,0,711161,0,783041,0,820626,0,820572,0,781194,0,712988,0,630335,0,554004,0,498551,0,466371,0,431862,0,370565,0,261704,0,132451,0,34852,1
0,0,0,0,0,0,0,0,0,0,0,0,0,0,0,0,0,0,0,0,0,0,0,0,0,0,0,0,0,0,0,0,0,0,0,0,0,0,0,0,0,0,0,0,0,0,0,0,0,0,0,0,0,0,0,0,0,0,0,0,0,0,0,0,1,0,2,0,1,0,5,0,13,19,0,46,0,122,0,221,0,467,0,904,0,1676,0,3151,0,5631,0,9971,0,17087,0,28603,0,45828,0,71569,0,108034,0,158344,0,224742,0,306250,400644,0,505527,0,611314,0,708342,0,781197,0,821951,0,823085,0,786814,0,719924,0,636918,0,558977,0,503121,0,469311,0,435380,0,373657,0,264688,0,134350,0,35521,1
0,0,0,0,0,0,0,0,0,0,0,0,0,0,0,0,0,0,0,0,0,0,0,0,0,0,0,0,0,0,0,0,0,0,0,0,0,0,0,0,0,0,0,0,0,0,0,0,0,0,0,0,0,0,0,0,0,0,0,0,0,0,0,0,1,0,3,0,1,0,5,0,8,18,0,48,0,97,0,230,0,430,0,823,0,1604,0,3021,0,5336,0,9609,0,16396,0,27348,0,44305,0,69375,0,105029,0,154304,0,219606,0,300572,394453,0,499702,0,605805,0,704948,0,779052,0,822399,0,826638,0,792846,0,725189,0,643548,0,565235,0,507366,0,472465,0,438439,0,376977,0,267504,0,136480,0,36193,1
0,0,0,0,0,0,0,0,0,0,0,0,0,0,0,0,0,0,0,0,0,0,0,0,0,0,0,0,0,0,0,0,0,0,0,0,0,0,0,0,0,0,0,0,0,0,0,0,0,0,0,0,0,0,0,0,0,0,0,0,0,0,0,0,1,0,2,0,2,0,6,0,5,19,0,35,0,95,0,186,0,430,0,812,0,1510,0,2856,0,5170,0,9025,0,15826,0,26400,0,42539,0,67313,0,102218,0,150290,0,214924,0,294329,389297,0,493261,0,600610,0,699924,0,777696,0,822977,0,830381,0,797302,0,732103,0,649328,0,570886,0,512405,0,475512,0,441647,0,380109,0,270326,0,138772,0,36879,1
0,0,0,0,0,0,0,0,0,0,0,0,0,0,0,0,0,0,0,0,0,0,0,0,0,0,0,0,0,0,0,0,0,0,0,0,0,0,0,0,0,0,0,0,0,0,0,0,0,0,0,0,0,0,0,0,0,0,0,0,0,0,0,0,2,0,1,0,2,0,4,0,6,13,0,50,0,72,0,186,0,384,0,773,0,1447,0,2679,0,5051,0,8618,0,15025,0,25481,0,41153,0,65022,0,99226,0,146819,0,209447,0,288914,383411,0,486966,0,595290,0,696220,0,775862,0,824179,0,831830,0,803363,0,737260,0,656237,0,577456,0,516352,0,479322,0,444375,0,383211,0,273159,0,140914,0,37626,1
0,0,0,0,0,0,0,0,0,0,0,0,0,0,0,0,0,0,0,0,0,0,0,0,0,0,0,0,0,0,0,0,0,0,0,0,0,0,0,0,0,0,0,0,0,0,0,0,0,0,0,0,0,0,0,0,0,0,0,0,0,0,0,0,1,0,1,0,3,0,2,0,6,13,0,32,0,78,0,170,0,367,0,739,0,1395,0,2504,0,4731,0,8315,0,14468,0,24396,0,39692,0,62811,0,96613,0,143365,0,204486,0,283451,376756,0,481282,0,589873,0,691677,0,774713,0,824217,0,834758,0,807605,0,744595,0,662141,0,583245,0,520770,0,483187,0,447254,0,385942,0,276421,0,142964,0,38369,1
0,0,0,0,0,0,0,0,0,0,0,0,0,0,0,0,0,0,0,0,0,0,0,0,0,0,0,0,0,0,0,0,0,0,0,0,0,0,0,0,0,0,0,0,0,0,0,0,0,0,0,0,0,0,0,0,0,0,0,0,0,0,0,0,1,0,1,0,0,0,3,0,11,12,0,27,0,76,0,134,0,357,0,732,0,1277,0,2449,0,4452,0,8048,0,13773,0,23317,0,38450,0,60835,0,93758,0,139747,0,200101,0,278080,370729,0,475008,0,584457,0,686987,0,771546,0,824710,0,838192,0,812595,0,751046,0,668229,0,589124,0,525056,0,487249,0,450090,0,389173,0,279546,0,144906,0,39124,1
0,0,0,0,0,0,0,0,0,0,0,0,0,0,0,0,0,0,0,0,0,0,0,0,0,0,0,0,0,0,0,0,0,0,0,0,0,0,0,0,0,0,0,0,0,0,0,0,0,0,0,0,0,0,0,0,0,0,0,0,0,0,0,0,1,0,1,0,0,0,3,0,7,11,0,31,0,63,0,152,0,319,0,655,0,1258,0,2274,0,4267,0,7684,0,13400,0,22315,0,36815,0,59161,0,91140,0,136364,0,195345,0,272472,364270,0,468402,0,579663,0,682547,0,769378,0,824799,0,841377,0,816369,0,757645,0,674435,0,595007,0,530267,0,490580,0,453319,0,392163,0,282783,0,146725,0,39941,1
0,0,0,0,0,0,0,0,0,0,0,0,0,0,0,0,0,0,0,0,0,0,0,0,0,0,0,0,0,0,0,0,0,0,0,0,0,0,0,0,0,0,0,0,0,0,0,0,0,0,0,0,0,0,0,0,0,0,0,0,0,0,0,0,1,0,0,0,1,0,3,0,5,14,0,22,0,65,0,131,0,302,0,597,0,1204,0,2167,0,4063,0,7543,0,12650,0,21432,0,35703,0,57385,0,88553,0,132455,0,190994,0,267015,358980,0,461840,0,573659,0,678480,0,766134,0,825240,0,843629,0,821781,0,763611,0,680715,0,600819,0,534793,0,494067,0,456565,0,395306,0,285877,0,148940,0,40667,1
0,0,0,0,0,0,0,0,0,0,0,0,0,0,0,0,0,0,0,0,0,0,0,0,0,0,0,0,0,0,0,0,0,0,0,0,0,0,0,0,0,0,0,0,0,0,0,0,0,0,0,0,0,0,0,0,0,0,0,0,0,0,0,0,1,0,0,0,1,0,3,0,0,17,0,27,0,61,0,128,0,278,0,560,0,1075,0,2167,0,3850,0,7015,0,12298,0,20624,0,34500,0,55441,0,86117,0,129150,0,186738,0,261322,352815,0,456483,0,567827,0,673765,0,764334,0,823581,0,847203,0,825105,0,769834,0,687321,0,606923,0,540385,0,496899,0,459772,0,398603,0,288811,0,150977,0,41397,1
0,0,0,0,0,0,0,0,0,0,0,0,0,0,0,0,0,0,0,0,0,0,0,0,0,0,0,0,0,0,0,0,0,0,0,0,0,0,0,0,0,0,0,0,0,0,0,0,0,0,0,0,0,0,0,0,0,0,0,0,0,0,0,0,1,0,0,0,2,0,1,0,1,8,0,37,0,50,0,128,0,257,0,527,0,1050,0,1974,0,3647,0,6796,0,11777,0,19788,0,33263,0,53591,0,83624,0,126058,0,182424,0,255912,347176,0,450590,0,561363,0,670060,0,761015,0,823725,0,848843,0,829694,0,775600,0,693799,0,613207,0,544926,0,500843,0,462874,0,401568,0,292216,0,152877,0,42116,1
0,0,0,0,0,0,0,0,0,0,0,0,0,0,0,0,0,0,0,0,0,0,0,0,0,0,0,0,0,0,0,0,0,0,0,0,0,0,0,0,0,0,0,0,0,0,0,0,0,0,0,0,0,0,0,0,0,0,0,0,0,0,0,0,0,0,2,0,1,0,0,0,1,4,0,39,0,52,0,99,0,279,0,488,0,971,0,1915,0,3424,0,6502,0,11272,0,18992,0,32245,0,51821,0,81023,0,122563,0,178416,0,250780,341165,0,444380,0,556707,0,664880,0,757379,0,823335,0,851062,0,834436,0,781033,0,701080,0,618396,0,550878,0,504230,0,465954,0,404779,0,295193,0,154870,0,42762,1
0,0,0,0,0,0,0,0,0,0,0,0,0,0,0,0,0,0,0,0,0,0,0,0,0,0,0,0,0,0,0,0,0,0,0,0,0,0,0,0,0,0,0,0,0,0,0,0,0,0,0,0,0,0,0,0,0,0,0,0,0,0,0,0,1,0,1,0,1,0,0,0,1,5,0,24,0,55,0,110,0,244,0,482,0,923,0,1779,0,3269,0,6265,0,10694,0,18505,0,30679,0,50425,0,78856,0,119053,0,174097,0,246309,334947,0,438497,0,550712,0,659577,0,755260,0,822582,0,852440,0,838921,0,787328,0,707375,0,624361,0,555830,0,508344,0,468879,0,408075,0,298136,0,156854,0,43512,1
0,0,0,0,0,0,0,0,0,0,0,0,0,0,0,0,0,0,0,0,0,0,0,0,0,0,0,0,0,0,0,0,0,0,0,0,0,0,0,0,0,0,0,0,0,0,0,0,0,0,0,0,0,0,0,0,0,0,0,0,0,0,0,0,1,0,1,0,1,0,0,0,0,6,0,20,0,57,0,97,0,230,0,447,0,854,0,1705,0,3142,0,5846,0,10439,0,17718,0,29630,0,48677,0,76558,0,116190,0,169219,0,241810,329664,0,432253,0,544411,0,654816,0,752374,0,821907,0,853539,0,843868,0,792635,0,713833,0,631147,0,560412,0,511995,0,472760,0,410824,0,301117,0,158863,0,44342,1
0,0,0,0,0,0,0,0,0,0,0,0,0,0,0,0,0,0,0,0,0,0,0,0,0,0,0,0,0,0,0,0,0,0,0,0,0,0,0,0,0,0,0,0,0,0,0,0,0,0,0,0,0,0,0,0,0,0,0,0,0,0,0,0,0,0,2,0,0,0,1,0,0,7,0,23,0,46,0,93,0,209,0,432,0,820,0,1607,0,3020,0,5561,0,10056,0,16869,0,28855,0,47000,0,74369,0,112984,0,165757,0,235671,324924,0,426067,0,537782,0,650751,0,748751,0,821104,0,855548,0,847703,0,798453,0,720401,0,637234,0,565783,0,515166,0,476495,0,413688,0,304227,0,160879,0,45070,1
0,0,0,0,0,0,0,0,0,0,0,0,0,0,0,0,0,0,0,0,0,0,0,0,0,0,0,0,0,0,0,0,0,0,0,0,0,0,0,0,0,0,0,0,0,0,0,0,0,0,0,0,0,0,0,0,0,0,0,0,0,0,0,0,1,0,1,0,0,0,1,0,1,5,0,19,0,47,0,75,0,192,0,414,0,789,0,1497,0,2984,0,5339,0,9371,0,16504,0,27749,0,45730,0,71839,0,110130,0,161674,0,231497,318355,0,420681,0,531695,0,645729,0,745018,0,820294,0,857413,0,851032,0,804781,0,726682,0,642652,0,570868,0,519510,0,479948,0,416649,0,307174,0,163258,0,45810,1
0,0,0,0,0,0,0,0,0,0,0,0,0,0,0,0,0,0,0,0,0,0,0,0,0,0,0,0,0,0,0,0,0,0,0,0,0,0,0,0,0,0,0,0,0,0,0,0,0,0,0,0,0,0,0,0,0,0,0,0,0,0,0,0,0,0,2,0,1,0,0,0,1,6,0,19,0,48,0,66,0,177,0,386,0,750,0,1422,0,2814,0,5160,0,9023,0,15840,0,26714,0,43816,0,70258,0,106816,0,158179,0,226204,313600,0,414645,0,526177,0,639134,0,742408,0,818522,0,859813,0,854746,0,810065,0,733478,0,648563,0,575644,0,523618,0,483120,0,419510,0,310716,0,165311,0,46636,1
0,0,0,0,0,0,0,0,0,0,0,0,0,0,0,0,0,0,0,0,0,0,0,0,0,0,0,0,0,0,0,0,0,0,0,0,0,0,0,0,0,0,0,0,0,0,0,0,0,0,0,0,0,0,0,0,0,0,0,0,0,0,0,0,1,0,2,0,0,0,0,0,1,4,0,16,0,38,0,68,0,178,0,379,0,667,0,1378,0,2693,0,4942,0,8649,0,15283,0,25747,0,42303,0,67911,0,103969,0,154344,0,221454,308232,0,408272,0,520670,0,634626,0,739224,0,817248,0,860944,0,859292,0,814271,0,739910,0,655090,0,580191,0,527041,0,486585,0,422818,0,314121,0,167385,0,47461,1
0,0,0,0,0,0,0,0,0,0,0,0,0,0,0,0,0,0,0,0,0,0,0,0,0,0,0,0,0,0,0,0,0,0,0,0,0,0,0,0,0,0,0,0,0,0,0,0,0,0,0,0,0,0,0,0,0,0,0,0,0,0,1,0,0,0,1,0,1,0,0,0,1,4,0,14,0,34,0,69,0,172,0,324,0,687,0,1286,0,2506,0,4746,0,8351,0,14583,0,24808,0,40971,0,65701,0,101307,0,150740,0,217295,302510,0,402280,0,513857,0,630545,0,735098,0,815710,0,862562,0,862862,0,819566,0,746559,0,660627,0,585385,0,531240,0,489502,0,426341,0,317297,0,169561,0,48304,1
0,0,0,0,0,0,0,0,0,0,0,0,0,0,0,0,0,0,0,0,0,0,0,0,0,0,0,0,0,0,0,0,0,0,0,0,0,0,0,0,0,0,0,0,0,0,0,0,0,0,0,0,0,0,0,0,0,0,0,0,1,0,0,0,0,0,0,0,2,0,0,0,2,4,0,5,0,30,0,85,0,143,0,315,0,647,0,1254,0,2404,0,4523,0,7907,0,14116,0,23875,0,39376,0,63790,0,98672,0,146845,0,213348,296854,0,397081,0,507858,0,625178,0,731266,0,814268,0,862498,0,867990,0,823636,0,752987,0,666661,0,590566,0,535617,0,492417,0,429935,0,320275,0,171802,0,49175,1
0,0,0,0,0,0,0,0,0,0,0,0,0,0,0,0,0,0,0,0,0,0,0,0,0,0,0,0,0,0,0,0,0,0,0,0,0,0,0,0,0,0,0,0,0,0,0,0,0,0,0,0,0,0,0,0,0,0,0,0,1,0,0,0,0,0,0,0,2,0,0,0,2,2,0,9,0,22,0,78,0,146,0,280,0,638,0,1175,0,2294,0,4319,0,7506,0,13511,0,23216,0,38159,0,61526,0,95799,0,143868,0,208460,291740,0,391054,0,502202,0,619627,0,728097,0,811996,0,864078,0,869979,0,830131,0,758364,0,673478,0,595336,0,539894,0,496129,0,433116,0,323086,0,173990,0,50098,1
0,0,0,0,0,0,0,0,0,0,0,0,0,0,0,0,0,0,0,0,0,0,0,0,0,0,0,0,0,0,0,0,0,0,0,0,0,0,0,0,0,0,0,0,0,0,0,0,0,0,0,0,0,0,0,0,0,0,0,0,1,0,0,0,0,0,0,0,2,0,0,0,1,2,0,9,0,19,0,66,0,139,0,270,0,577,0,1152,0,2207,0,4069,0,7329,0,12950,0,22305,0,36938,0,59752,0,93274,0,140225,0,204384,285518,0,386188,0,496372,0,613810,0,724160,0,810722,0,863809,0,873626,0,835084,0,764654,0,680215,0,600416,0,544085,0,499221,0,436201,0,326524,0,176097,0,51035,1
0,0,0,0,0,0,0,0,0,0,0,0,0,0,0,0,0,0,0,0,0,0,0,0,0,0,0,0,0,0,0,0,0,0,0,0,0,0,0,0,0,0,0,0,0,0,0,0,0,0,0,0,0,0,0,0,0,0,0,0,1,0,0,0,0,0,0,0,0,0,2,0,0,2,0,7,0,19,0,57,0,130,0,269,0,546,0,1067,0,2130,0,3831,0,7090,0,12574,0,21293,0,35702,0,57874,0,90739,0,136906,0,199982,280938,0,380237,0,491023,0,608000,0,720151,0,808803,0,864120,0,876541,0,840332,0,770913,0,685769,0,605826,0,548382,0,502583,0,439698,0,329450,0,178489,0,51932,1
0,0,0,0,0,0,0,0,0,0,0,0,0,0,0,0,0,0,0,0,0,0,0,0,0,0,0,0,0,0,0,0,0,0,0,0,0,0,0,0,0,0,0,0,0,0,0,0,0,0,0,0,0,0,0,0,0,0,0,0,0,0,1,0,0,0,0,0,0,0,0,0,3,3,0,7,0,21,0,50,0,134,0,252,0,504,0,1024,0,2036,0,3650,0,6737,0,12189,0,20558,0,34262,0,56274,0,88260,0,133310,0,196295,275475,0,373695,0,486184,0,602885,0,714950,0,807114,0,865571,0,879510,0,844269,0,777215,0,691453,0,611984,0,552211,0,506154,0,443345,0,332265,0,180766,0,52792,1
0,0,0,0,0,0,0,0,0,0,0,0,0,0,0,0,0,0,0,0,0,0,0,0,0,0,0,0,0,0,0,0,0,0,0,0,0,0,0,0,0,0,0,0,0,0,0,0,0,0,0,0,0,0,0,0,0,0,0,0,0,0,1,0,0,0,0,0,0,0,0,0,3,3,0,7,0,18,0,59,0,101,0,248,0,493,0,971,0,1895,0,3522,0,6494,0,11499,0,19761,0,33303,0,54738,0,85722,0,129861,0,192001,270778,0,367835,0,480501,0,597547,0,710906,0,805181,0,866342,0,881003,0,849917,0,783367,0,697012,0,617763,0,556311,0,509689,0,446293,0,335481,0,183136,0,53646,1
0,0,0,0,0,0,0,0,0,0,0,0,0,0,0,0,0,0,0,0,0,0,0,0,0,0,0,0,0,0,0,0,0,0,0,0,0,0,0,0,0,0,0,0,0,0,0,0,0,0,0,0,0,0,0,0,0,0,0,0,0,0,1,0,0,0,0,0,0,0,0,0,2,1,0,9,0,20,0,42,0,109,0,238,0,466,0,907,0,1821,0,3419,0,6158,0,11025,0,19028,0,32107,0,53218,0,83252,0,127146,0,186620,266850,0,362497,0,474064,0,591958,0,707876,0,801983,0,866083,0,883189,0,855060,0,790138,0,703268,0,623280,0,560811,0,512851,0,449232,0,338826,0,185441,0,54412,1
0,0,0,0,0,0,0,0,0,0,0,0,0,0,0,0,0,0,0,0,0,0,0,0,0,0,0,0,0,0,0,0,0,0,0,0,0,0,0,0,0,0,0,0,0,0,0,0,0,0,0,0,0,0,0,0,0,0,0,0,0,0,1,0,0,0,0,0,0,0,0,0,2,5,0,3,0,20,0,52,0,94,0,212,0,442,0,874,0,1699,0,3311,0,5975,0,10574,0,18294,0,31110,0,51464,0,81027,0,124077,0,183080,261363,0,356279,0,468626,0,587100,0,702355,0,799178,0,867016,0,885817,0,859633,0,796963,0,709360,0,628754,0,565122,0,516326,0,452357,0,341988,0,187594,0,55261,1
0,0,0,0,0,0,0,0,0,0,0,0,0,0,0,0,0,0,0,0,0,0,0,0,0,0,0,0,0,0,0,0,0,0,0,0,0,0,0,0,0,0,0,0,0,0,0,0,0,0,0,0,0,0,0,0,0,0,0,0,0,0,1,0,0,0,0,0,0,0,0,0,3,2,0,8,0,18,0,46,0,80,0,214,0,420,0,853,0,1573,0,3109,0,5781,0,10177,0,17630,0,30232,0,49511,0,78773,0,121574,0,179203,255748,0,351495,0,462295,0,581535,0,698741,0,796762,0,865495,0,889064,0,864222,0,802805,0,716162,0,634005,0,569064,0,520125,0,456034,0,344923,0,189541,0,56184,1
0,0,0,0,0,0,0,0,0,0,0,0,0,0,0,0,0,0,0,0,0,0,0,0,0,0,0,0,0,0,0,0,0,0,0,0,0,0,0,0,0,0,0,0,0,0,0,0,0,0,0,0,0,0,0,0,0,0,0,0,0,0,0,0,1,0,0,0,0,0,0,0,0,5,0,8,0,17,0,42,0,83,0,180,0,404,0,822,0,1539,0,2970,0,5402,0,9786,0,17023,0,29153,0,48004,0,76718,0,118410,0,175182,251104,0,346083,0,456179,0,576100,0,693915,0,795385,0,864054,0,892357,0,868513,0,808541,0,722271,0,639703,0,573501,0,524077,0,458879,0,348010,0,191894,0,57093,1
0,0,0,0,0,0,0,0,0,0,0,0,0,0,0,0,0,0,0,0,0,0,0,0,0,0,0,0,0,0,0,0,0,0,0,0,0,0,0,0,0,0,0,0,0,0,0,0,0,0,0,0,0,0,0,0,0,0,0,0,0,0,0,0,0,0,1,0,0,0,0,0,0,6,0,3,0,19,0,41,0,72,0,176,0,405,0,743,0,1478,0,2874,0,5229,0,9379,0,16302,0,28057,0,46814,0,74430,0,115403,0,171578,246069,0,340167,0,450843,0,570985,0,689523,0,792123,0,864947,0,893953,0,872095,0,814994,0,729067,0,644663,0,577939,0,527551,0,462348,0,351152,0,194135,0,57844,1
0,0,0,0,0,0,0,0,0,0,0,0,0,0,0,0,0,0,0,0,0,0,0,0,0,0,0,0,0,0,0,0,0,0,0,0,0,0,0,0,0,0,0,0,0,0,0,0,0,0,0,0,0,0,0,0,0,0,0,0,0,0,0,0,0,0,0,0,1,0,0,0,0,4,0,6,0,17,0,35,0,71,0,163,0,354,0,730,0,1426,0,2758,0,4980,0,8927,0,15764,0,27379,0,45128,0,72448,0,112606,0,167445,241697,0,335012,0,444288,0,566002,0,684703,0,789520,0,864844,0,895743,0,876245,0,821330,0,734420,0,650966,0,582346,0,530552,0,466500,0,353827,0,196416,0,58755,1
0,0,0,0,0,0,0,0,0,0,0,0,0,0,0,0,0,0,0,0,0,0,0,0,0,0,0,0,0,0,0,0,0,0,0,0,0,0,0,0,0,0,0,0,0,0,0,0,0,0,0,0,0,0,0,0,0,0,0,0,0,0,0,0,0,0,0,0,1,0,0,0,1,3,0,6,0,12,0,33,0,74,0,149,0,336,0,687,0,1364,0,2634,0,4639,0,8657,0,15341,0,26289,0,43603,0,70513,0,109536,0,164371,236908,0,329518,0,438895,0,559732,0,680263,0,787385,0,864393,0,896368,0,881654,0,826511,0,741414,0,656084,0,586315,0,534348,0,470114,0,356644,0,198984,0,59629,1
0,0,0,0,0,0,0,0,0,0,0,0,0,0,0,0,0,0,0,0,0,0,0,0,0,0,0,0,0,0,0,0,0,0,0,0,0,0,0,0,0,0,0,0,0,0,0,0,0,0,0,0,0,0,0,0,0,0,0,0,0,0,0,0,0,0,0,0,0,0,1,0,0,2,0,5,0,8,0,36,0,71,0,129,0,332,0,687,0,1253,0,2475,0,4489,0,8350,0,14761,0,25260,0,42285,0,68633,0,106962,0,160620,232402,0,324505,0,431870,0,554866,0,675486,0,784853,0,863052,0,898496,0,885917,0,832795,0,747361,0,661194,0,591892,0,537680,0,473207,0,359559,0,201426,0,60488,1
0,0,0,0,0,0,0,0,0,0,0,0,0,0,0,0,0,0,0,0,0,0,0,0,0,0,0,0,0,0,0,0,0,0,0,0,0,0,0,0,0,0,0,0,0,0,0,0,0,0,0,0,0,0,0,0,0,0,0,0,0,0,0,0,0,0,0,0,0,0,1,0,0,4,0,2,0,12,0,32,0,62,0,122,0,315,0,615,0,1248,0,2316,0,4413,0,7959,0,14210,0,24475,0,40973,0,66734,0,104061,0,157237,228167,0,318620,0,426735,0,548403,0,671199,0,782038,0,862341,0,900312,0,890101,0,837544,0,754325,0,666635,0,596324,0,541489,0,476370,0,363123,0,203461,0,61430,1
0,0,0,0,0,0,0,0,0,0,0,0,0,0,0,0,0,0,0,0,0,0,0,0,0,0,0,0,0,0,0,0,0,0,0,0,0,0,0,0,0,0,0,0,0,0,0,0,0,0,0,0,0,0,0,0,0,0,0,0,0,0,0,0,0,0,0,0,0,0,1,0,1,4,0,1,0,7,0,33,0,51,0,136,0,281,0,588,0,1178,0,2259,0,4185,0,7603,0,13723,0,23532,0,39905,0,64858,0,101305,0,153947,223902,0,312480,0,422076,0,542197,0,665842,0,779881,0,861470,0,901749,0,894233,0,843411,0,759869,0,672018,0,601319,0,545314,0,479973,0,366119,0,205659,0,62298,1
0,0,0,0,0,0,0,0,0,0,0,0,0,0,0,0,0,0,0,0,0,0,0,0,0,0,0,0,0,0,0,0,0,0,0,0,0,0,0,0,0,0,0,0,0,0,0,0,0,0,0,0,0,0,0,0,0,0,0,0,0,0,0,0,0,0,0,0,0,0,1,0,1,4,0,1,0,11,0,24,0,55,0,116,0,279,0,583,0,1142,0,2092,0,3971,0,7298,0,13250,0,22660,0,38711,0,62950,0,98811,0,150820,219362,0,308634,0,414821,0,537060,0,660764,0,776251,0,861245,0,902550,0,899160,0,847694,0,766012,0,677993,0,606294,0,549132,0,483296,0,369053,0,208192,0,63115,1
0,0,0,0,0,0,0,0,0,0,0,0,0,0,0,0,0,0,0,0,0,0,0,0,0,0,0,0,0,0,0,0,0,0,0,0,0,0,0,0,0,0,0,0,0,0,0,0,0,0,0,0,0,0,0,0,0,0,0,0,0,0,0,0,0,0,0,0,0,0,0,0,3,1,0,2,0,10,0,27,0,50,0,101,0,259,0,566,0,1078,0,1991,0,3765,0,7062,0,12796,0,21993,0,37415,0,61138,0,96477,0,146839,215848,0,303024,0,410120,0,530547,0,655746,0,772831,0,859465,0,904707,0,903154,0,852932,0,772528,0,683244,0,611216,0,553482,0,486041,0,372429,0,210573,0,63948,1
0,0,0,0,0,0,0,0,0,0,0,0,0,0,0,0,0,0,0,0,0,0,0,0,0,0,0,0,0,0,0,0,0,0,0,0,0,0,0,0,0,0,0,0,0,0,0,0,0,0,0,0,0,0,0,0,0,0,0,0,0,0,0,0,0,0,0,0,0,0,0,0,3,1,0,4,0,6,0,23,0,49,0,107,0,245,0,512,0,1027,0,1923,0,3586,0,6803,0,12345,0,21498,0,36006,0,59181,0,94080,0,143575,211537,0,298650,0,404711,0,523477,0,651624,0,768570,0,858656,0,905999,0,906645,0,858605,0,778889,0,689147,0,615873,0,557724,0,489131,0,375276,0,213032,0,64888,1
0,0,0,0,0,0,0,0,0,0,0,0,0,0,0,0,0,0,0,0,0,0,0,0,0,0,0,0,0,0,0,0,0,0,0,0,0,0,0,0,0,0,0,0,0,0,0,0,0,0,0,0,0,0,0,0,0,0,0,0,0,0,0,0,0,0,0,0,0,0,1,0,3,1,0,1,0,8,0,24,0,48,0,98,0,226,0,451,0,960,0,1897,0,3427,0,6580,0,11805,0,20885,0,34754,0,57505,0,91925,0,140408,207134,0,293569,0,398963,0,518431,0,646778,0,763493,0,858520,0,907346,0,909586,0,864553,0,784594,0,695400,0,619730,0,562205,0,492411,0,378534,0,215348,0,65806,1
0,0,0,0,0,0,0,0,0,0,0,0,0,0,0,0,0,0,0,0,0,0,0,0,0,0,0,0,0,0,0,0,0,0,0,0,0,0,0,0,0,0,0,0,0,0,0,0,0,0,0,0,0,0,0,0,0,0,0,0,0,0,0,0,0,0,0,0,0,0,2,0,0,2,0,3,0,4,0,25,0,42,0,96,0,221,0,425,0,941,0,1765,0,3326,0,6286,0,11323,0,20026,0,33912,0,55756,0,89384,0,137568,202509,0,288920,0,393757,0,512905,0,641971,0,759972,0,855515,0,908497,0,913814,0,869783,0,790459,0,700907,0,625423,0,565581,0,495998,0,381917,0,217668,0,66705,1
0,0,0,0,0,0,0,0,0,0,0,0,0,0,0,0,0,0,0,0,0,0,0,0,0,0,0,0,0,0,0,0,0,0,0,0,0,0,0,0,0,0,0,0,0,0,0,0,0,0,0,0,0,0,0,0,0,0,0,0,0,0,0,0,0,0,0,0,0,0,1,0,2,1,0,1,0,9,0,18,0,40,0,75,0,229,0,397,0,920,0,1653,0,3210,0,6102,0,10783,0,19457,0,32710,0,54469,0,86492,0,134412,198753,0,283965,0,388470,0,507559,0,636544,0,756635,0,853384,0,909156,0,917526,0,874617,0,796482,0,707662,0,629770,0,569269,0,499673,0,385480,0,219887,0,67595,1
0,0,0,0,0,0,0,0,0,0,0,0,0,0,0,0,0,0,0,0,0,0,0,0,0,0,0,0,0,0,0,0,0,0,0,0,0,0,0,0,0,0,0,0,0,0,0,0,0,0,0,0,0,0,0,0,0,0,0,0,0,0,0,0,0,0,0,0,0,0,1,0,1,2,0,4,0,5,0,18,0,30,0,84,0,195,0,405,0,836,0,1628,0,3075,0,5813,0,10343,0,18879,0,31888,0,52419,0,84705,0,131429,194647,0,279128,0,382398,0,502950,0,631056,0,753262,0,850436,0,910162,0,921373,0,879790,0,802815,0,712977,0,634569,0,573718,0,502723,0,388646,0,222379,0,68619,1
0,0,0,0,0,0,0,0,0,0,0,0,0,0,0,0,0,0,0,0,0,0,0,0,0,0,0,0,0,0,0,0,0,0,0,0,0,0,0,0,0,0,0,0,0,0,0,0,0,0,0,0,0,0,0,0,0,0,0,0,0,0,0,0,0,0,0,0,0,0,1,0,1,3,0,2,0,10,0,12,0,31,0,78,0,175,0,406,0,753,0,1548,0,3002,0,5441,0,10128,0,18068,0,31101,0,51020,0,82396,0,128218,190604,0,274864,0,376560,0,497231,0,626732,0,748623,0,848906,0,911107,0,924326,0,884503,0,808747,0,719350,0,639355,0,577427,0,506565,0,391631,0,224840,0,69643,1
0,0,0,0,0,0,0,0,0,0,0,0,0,0,0,0,0,0,0,0,0,0,0,0,0,0,0,0,0,0,0,0,0,0,0,0,0,0,0,0,0,0,0,0,0,0,0,0,0,0,0,0,0,0,0,0,0,0,0,0,0,0,0,0,0,0,0,0,0,0,1,0,1,2,0,2,0,9,0,17,0,30,0,79,0,156,0,361,0,740,0,1470,0,2827,0,5294,0,9614,0,17492,0,30037,0,49686,0,80326,0,124912,187066,0,269310,0,371840,0,491606,0,621599,0,744798,0,847967,0,910530,0,927473,0,889395,0,814688,0,725504,0,644346,0,581281,0,510190,0,394814,0,227266,0,70679,1
0,0,0,0,0,0,0,0,0,0,0,0,0,0,0,0,0,0,0,0,0,0,0,0,0,0,0,0,0,0,0,0,0,0,0,0,0,0,0,0,0,0,0,0,0,0,0,0,0,0,0,0,0,0,0,0,0,0,0,0,0,0,0,0,0,0,0,0,0,0,0,0,2,2,0,3,0,8,0,12,0,31,0,76,0,137,0,359,0,716,0,1351,0,2772,0,5021,0,9216,0,16845,0,29103,0,48560,0,77873,0,122431,182686,0,265202,0,367112,0,485908,0,615625,0,741133,0,845373,0,912046,0,928692,0,895699,0,819869,0,732009,0,649170,0,585036,0,514087,0,398045,0,229599,0,71599,1
0,0,0,0,0,0,0,0,0,0,0,0,0,0,0,0,0,0,0,0,0,0,0,0,0,0,0,0,0,0,0,0,0,0,0,0,0,0,0,0,0,0,0,0,0,0,0,0,0,0,0,0,0,0,0,0,0,0,0,0,0,0,0,0,0,0,0,0,0,0,0,0,2,1,0,4,0,6,0,12,0,28,0,72,0,140,0,326,0,673,0,1344,0,2625,0,4875,0,8908,0,16181,0,28084,0,47171,0,76153,0,119318,179042,0,260084,0,361852,0,480305,0,610843,0,736744,0,842976,0,913281,0,931142,0,900637,0,826039,0,737928,0,654021,0,589510,0,517605,0,400831,0,232078,0,72567,1
0,0,0,0,0,0,0,0,0,0,0,0,0,0,0,0,0,0,0,0,0,0,0,0,0,0,0,0,0,0,0,0,0,0,0,0,0,0,0,0,0,0,0,0,0,0,0,0,0,0,0,0,0,0,0,0,0,0,0,0,0,0,0,0,0,0,0,0,0,0,0,0,2,1,0,1,0,8,0,13,0,26,0,70,0,141,0,302,0,660,0,1274,0,2479,0,4635,0,8638,0,15536,0,27203,0,46039,0,74003,0,116428,175950,0,254569,0,357139,0,474378,0,605611,0,733157,0,841303,0,912675,0,934769,0,905031,0,831485,0,744071,0,659332,0,593368,0,521163,0,403960,0,234517,0,73471,1
0,0,0,0,0,0,0,0,0,0,0,0,0,0,0,0,0,0,0,0,0,0,0,0,0,0,0,0,0,0,0,0,0,0,0,0,0,0,0,0,0,0,0,0,0,0,0,0,0,0,0,0,0,0,0,0,0,0,0,0,0,0,0,0,0,0,0,0,0,0,0,0,2,0,0,4,0,7,0,13,0,25,0,64,0,132,0,276,0,649,0,1211,0,2433,0,4398,0,8319,0,15187,0,26088,0,44643,0,72260,0,113521,172553,0,250689,0,351359,0,469319,0,600178,0,728494,0,839055,0,912217,0,938410,0,909451,0,837612,0,750168,0,664124,0,597362,0,524973,0,406958,0,236905,0,74349,1
0,0,0,0,0,0,0,0,0,0,0,0,0,0,0,0,0,0,0,0,0,0,0,0,0,0,0,0,0,0,0,0,0,0,0,0,0,0,0,0,0,0,0,0,0,0,0,0,0,0,0,0,0,0,0,0,0,0,0,0,0,0,0,0,0,0,0,0,0,0,0,0,1,1,0,5,0,4,0,13,0,22,0,71,0,124,0,271,0,563,0,1160,0,2348,0,4234,0,8012,0,14718,0,25397,0,43176,0,70317,0,110917,168820,0,246328,0,345945,0,464194,0,595636,0,723359,0,837030,0,911928,0,940803,0,914795,0,843037,0,756086,0,669636,0,601559,0,528144,0,410310,0,239099,0,75345,1
0,0,0,0,0,0,0,0,0,0,0,0,0,0,0,0,0,0,0,0,0,0,0,0,0,0,0,0,0,0,0,0,0,0,0,0,0,0,0,0,0,0,0,0,0,0,0,0,0,0,0,0,0,0,0,0,0,0,0,0,0,0,0,0,0,0,0,0,0,0,0,0,0,3,0,4,0,3,0,10,0,26,0,54,0,148,0,226,0,536,0,1151,0,2199,0,4101,0,7682,0,14127,0,24785,0,41997,0,68180,0,108641,165075,0,241926,0,340537,0,459422,0,589685,0,720115,0,832908,0,912634,0,943950,0,919600,0,847908,0,762378,0,674869,0,605967,0,531289,0,413578,0,241540,0,76154,1
0,0,0,0,0,0,0,0,0,0,0,0,0,0,0,0,0,0,0,0,0,0,0,0,0,0,0,0,0,0,0,0,0,0,0,0,0,0,0,0,0,0,0,0,0,0,0,0,0,0,0,0,0,0,0,0,0,0,0,0,0,0,0,0,0,0,0,0,0,0,0,0,0,1,0,3,0,5,0,8,0,20,0,61,0,128,0,248,0,521,0,1060,0,2115,0,3928,0,7450,0,13589,0,23996,0,40634,0,66573,0,105978,161975,0,237429,0,335731,0,454322,0,583688,0,715418,0,830401,0,913088,0,946827,0,923287,0,853623,0,768516,0,679440,0,610853,0,535061,0,416489,0,243938,0,77004,1
0,0,0,0,0,0,0,0,0,0,0,0,0,0,0,0,0,0,0,0,0,0,0,0,0,0,0,0,0,0,0,0,0,0,0,0,0,0,0,0,0,0,0,0,0,0,0,0,0,0,0,0,0,0,0,0,0,0,0,0,0,0,0,0,0,0,0,0,0,0,0,0,0,1,0,2,0,6,0,6,0,19,0,47,0,131,0,245,0,493,0,1022,0,2023,0,3776,0,7107,0,13249,0,22908,0,39730,0,64757,0,103759,158319,0,233658,0,330392,0,448642,0,578526,0,710965,0,828427,0,912404,0,948081,0,928010,0,860264,0,773518,0,685236,0,615026,0,539028,0,419512,0,246243,0,77876,1
0,0,0,0,0,0,0,0,0,0,0,0,0,0,0,0,0,0,0,0,0,0,0,0,0,0,0,0,0,0,0,0,0,0,0,0,0,0,0,0,0,0,0,0,0,0,0,0,0,0,0,0,0,0,0,0,0,0,0,0,0,0,0,0,0,0,0,0,0,0,0,0,0,1,0,2,0,6,0,5,0,19,0,54,0,109,0,225,0,500,0,986,0,1868,0,3717,0,6788,0,12753,0,22292,0,38319,0,63375,0,101052,155290,0,229117,0,326011,0,442153,0,574734,0,705885,0,825695,0,911050,0,950955,0,931966,0,867208,0,778863,0,690511,0,619380,0,542462,0,422643,0,248690,0,78724,1
0,0,0,0,0,0,0,0,0,0,0,0,0,0,0,0,0,0,0,0,0,0,0,0,0,0,0,0,0,0,0,0,0,0,0,0,0,0,0,0,0,0,0,0,0,0,0,0,0,0,0,0,0,0,0,0,0,0,0,0,0,0,0,0,0,0,0,0,0,0,0,0,0,1,0,2,0,4,0,8,0,20,0,45,0,98,0,223,0,489,0,917,0,1815,0,3529,0,6677,0,12228,0,21534,0,37393,0,61660,0,98723,151851,0,224900,0,320894,0,437900,0,567808,0,702479,0,823142,0,910471,0,952598,0,936444,0,873599,0,783887,0,695991,0,623315,0,546051,0,426015,0,251018,0,79679,1
0,0,0,0,0,0,0,0,0,0,0,0,0,0,0,0,0,0,0,0,0,0,0,0,0,0,0,0,0,0,0,0,0,0,0,0,0,0,0,0,0,0,0,0,0,0,0,0,0,0,0,0,0,0,0,0,0,0,0,0,0,0,0,0,0,0,0,0,0,0,0,0,0,0,0,4,0,3,0,8,0,20,0,44,0,90,0,202,0,459,0,911,0,1735,0,3433,0,6429,0,11762,0,20996,0,36041,0,60017,0,96276,149088,0,220547,0,315879,0,432304,0,562905,0,697761,0,820651,0,910054,0,954273,0,940355,0,878954,0,790232,0,701519,0,628111,0,549230,0,429438,0,253139,0,80538,1
0,0,0,0,0,0,0,0,0,0,0,0,0,0,0,0,0,0,0,0,0,0,0,0,0,0,0,0,0,0,0,0,0,0,0,0,0,0,0,0,0,0,0,0,0,0,0,0,0,0,0,0,0,0,0,0,0,0,0,0,0,0,0,0,0,0,0,0,0,0,0,0,0,0,0,1,0,4,0,4,0,22,0,48,0,82,0,190,0,446,0,881,0,1679,0,3236,0,6229,0,11278,0,20378,0,35020,0,58593,0,94138,145320,0,217180,0,311019,0,426314,0,557870,0,693529,0,816989,0,909954,0,955651,0,944965,0,884359,0,795853,0,707441,0,632456,0,552586,0,432701,0,255300,0,81692,1
0,0,0,0,0,0,0,0,0,0,0,0,0,0,0,0,0,0,0,0,0,0,0,0,0,0,0,0,0,0,0,0,0,0,0,0,0,0,0,0,0,0,0,0,0,0,0,0,0,0,0,0,0,0,0,0,0,0,0,0,0,0,0,0,0,0,0,0,0,0,0,0,0,0,0,1,0,5,0,4,0,19,0,45,0,87,0,198,0,396,0,830,0,1611,0,3124,0,5922,0,11103,0,19645,0,34041,0,57051,0,91765,142658,0,212991,0,306155,0,421658,0,551901,0,689203,0,813198,0,909198,0,956882,0,949312,0,889923,0,801993,0,713558,0,636673,0,555749,0,436204,0,257771,0,82534,1
0,0,0,0,0,0,0,0,0,0,0,0,0,0,0,0,0,0,0,0,0,0,0,0,0,0,0,0,0,0,0,0,0,0,0,0,0,0,0,0,0,0,0,0,0,0,0,0,0,0,0,0,0,0,0,0,0,0,0,0,0,0,0,0,0,0,0,0,0,0,0,0,0,0,0,1,0,4,0,6,0,17,0,45,0,81,0,177,0,388,0,775,0,1537,0,3030,0,5808,0,10674,0,18924,0,33224,0,55334,0,89910,139000,0,209944,0,300822,0,416307,0,546778,0,685008,0,810139,0,907813,0,959291,0,952177,0,896000,0,807678,0,719563,0,640466,0,560090,0,438899,0,260045,0,83453,1
0,0,0,0,0,0,0,0,0,0,0,0,0,0,0,0,0,0,0,0,0,0,0,0,0,0,0,0,0,0,0,0,0,0,0,0,0,0,0,0,0,0,0,0,0,0,0,0,0,0,0,0,0,0,0,0,0,0,0,0,0,0,0,0,0,0,0,0,0,0,0,0,0,0,0,2,0,1,0,8,0,14,0,38,0,81,0,176,0,365,0,702,0,1507,0,2909,0,5516,0,10353,0,18297,0,32324,0,53957,0,87225,136904,0,205811,0,296556,0,410254,0,541875,0,680171,0,807293,0,907115,0,959610,0,956309,0,900909,0,814877,0,724084,0,645619,0,564072,0,441904,0,262212,0,84358,1
0,0,0,0,0,0,0,0,0,0,0,0,0,0,0,0,0,0,0,0,0,0,0,0,0,0,0,0,0,0,0,0,0,0,0,0,0,0,0,0,0,0,0,0,0,0,0,0,0,0,0,0,0,0,0,0,0,0,0,0,0,0,0,0,0,0,0,0,0,0,0,0,0,0,0,2,0,2,0,5,0,16,0,35,0,78,0,164,0,345,0,684,0,1461,0,2664,0,5473,0,9972,0,17810,0,31213,0,52589,0,85456,133692,0,201780,0,292184,0,405813,0,536594,0,674651,0,804080,0,906210,0,961351,0,960084,0,905589,0,821419,0,729402,0,650184,0,567586,0,445108,0,264414,0,85298,1
0,0,0,0,0,0,0,0,0,0,0,0,0,0,0,0,0,0,0,0,0,0,0,0,0,0,0,0,0,0,0,0,0,0,0,0,0,0,0,0,0,0,0,0,0,0,0,0,0,0,0,0,0,0,0,0,0,0,0,0,0,0,0,0,0,0,0,0,0,0,0,0,0,1,0,1,0,1,0,7,0,14,0,37,0,63,0,174,0,303,0,680,0,1324,0,2672,0,5199,0,9671,0,17160,0,30413,0,51197,0,83044,131265,0,197769,0,287846,0,400658,0,532135,0,668951,0,801937,0,904579,0,961993,0,962976,0,911860,0,827059,0,735287,0,654346,0,571557,0,448284,0,266612,0,86333,1
0,0,0,0,0,0,0,0,0,0,0,0,0,0,0,0,0,0,0,0,0,0,0,0,0,0,0,0,0,0,0,0,0,0,0,0,0,0,0,0,0,0,0,0,0,0,0,0,0,0,0,0,0,0,0,0,0,0,0,0,0,0,0,0,0,0,0,0,0,0,0,0,1,0,0,0,0,4,0,5,0,12,0,30,0,66,0,155,0,314,0,624,0,1269,0,2601,0,5061,0,9254,0,16582,0,29474,0,49866,0,81050,128117,0,194371,0,283106,0,396078,0,526262,0,664713,0,798602,0,902873,0,963460,0,966987,0,917003,0,832794,0,740666,0,659354,0,575096,0,451231,0,269051,0,87276,1
0,0,0,0,0,0,0,0,0,0,0,0,0,0,0,0,0,0,0,0,0,0,0,0,0,0,0,0,0,0,0,0,0,0,0,0,0,0,0,0,0,0,0,0,0,0,0,0,0,0,0,0,0,0,0,0,0,0,0,0,0,0,0,0,0,0,0,0,0,0,0,0,1,0,0,0,0,4,0,5,0,11,0,28,0,62,0,139,0,310,0,603,0,1177,0,2575,0,4783,0,8951,0,16240,0,28518,0,48356,0,79042,125488,0,191172,0,278679,0,390345,0,521035,0,660381,0,794532,0,902061,0,964210,0,970532,0,922822,0,838650,0,745906,0,663744,0,579354,0,453962,0,271528,0,88202,1
0,0,0,0,0,0,0,0,0,0,0,0,0,0,0,0,0,0,0,0,0,0,0,0,0,0,0,0,0,0,0,0,0,0,0,0,0,0,0,0,0,0,0,0,0,0,0,0,0,0,0,0,0,0,0,0,0,0,0,0,0,0,0,0,0,0,0,0,0,0,0,0,1,0,0,0,0,2,0,8,0,10,0,25,0,53,0,128,0,286,0,574,0,1200,0,2350,0,4621,0,8661,0,15736,0,27795,0,47159,0,77131,122615,0,187572,0,274319,0,385562,0,515099,0,655865,0,791899,0,899621,0,964597,0,974907,0,928383,0,844378,0,751394,0,667401,0,583619,0,457594,0,273664,0,89179,1
0,0,0,0,0,0,0,0,0,0,0,0,0,0,0,0,0,0,0,0,0,0,0,0,0,0,0,0,0,0,0,0,0,0,0,0,0,0,0,0,0,0,0,0,0,0,0,0,0,0,0,0,0,0,0,0,0,0,0,0,0,0,0,0,0,0,0,0,0,0,0,0,0,1,0,0,0,1,0,8,0,11,0,24,0,40,0,116,0,289,0,552,0,1141,0,2242,0,4540,0,8382,0,15320,0,26758,0,45854,0,75176,120118,0,183847,0,270001,0,380840,0,510134,0,651126,0,787610,0,898826,0,965467,0,978059,0,933572,0,849758,0,757307,0,671669,0,587648,0,461173,0,275783,0,90015,1
0,0,0,0,0,0,0,0,0,0,0,0,0,0,0,0,0,0,0,0,0,0,0,0,0,0,0,0,0,0,0,0,0,0,0,0,0,0,0,0,0,0,0,0,0,0,0,0,0,0,0,0,0,0,0,0,0,0,0,0,0,0,0,0,0,0,0,0,0,0,0,0,0,0,0,1,0,2,0,8,0,9,0,22,0,40,0,123,0,248,0,519,0,1096,0,2180,0,4304,0,8220,0,14689,0,26031,0,44533,0,73494,117533,0,180081,0,266031,0,375421,0,505637,0,645627,0,783625,0,897525,0,967068,0,980685,0,937874,0,856650,0,763248,0,675946,0,591183,0,464743,0,278056,0,90956,1
0,0,0,0,0,0,0,0,0,0,0,0,0,0,0,0,0,0,0,0,0,0,0,0,0,0,0,0,0,0,0,0,0,0,0,0,0,0,0,0,0,0,0,0,0,0,0,0,0,0,0,0,0,0,0,0,0,0,0,0,0,0,0,0,0,0,0,0,0,0,0,0,0,0,0,1,0,3,0,7,0,8,0,18,0,36,0,105,0,259,0,482,0,1039,0,2108,0,4129,0,7980,0,14156,0,25441,0,43267,0,71835,115401,0,176306,0,261360,0,370964,0,499724,0,641430,0,779832,0,895721,0,967395,0,984750,0,942033,0,862861,0,768509,0,681271,0,594448,0,468064,0,280348,0,92117,1
0,0,0,0,0,0,0,0,0,0,0,0,0,0,0,0,0,0,0,0,0,0,0,0,0,0,0,0,0,0,0,0,0,0,0,0,0,0,0,0,0,0,0,0,0,0,0,0,0,0,0,0,0,0,0,0,0,0,0,0,0,0,0,0,0,0,0,0,0,0,0,0,0,0,0,1,0,1,0,6,0,8,0,18,0,45,0,82,0,237,0,490,0,971,0,2012,0,4081,0,7599,0,13640,0,24709,0,42388,0,70029,112832,0,173130,0,257139,0,365186,0,495725,0,637097,0,775529,0,893431,0,969132,0,987001,0,946615,0,868154,0,775186,0,685497,0,598471,0,470957,0,282991,0,93018,1
0,0,0,0,0,0,0,0,0,0,0,0,0,0,0,0,0,0,0,0,0,0,0,0,0,0,0,0,0,0,0,0,0,0,0,0,0,0,0,0,0,0,0,0,0,0,0,0,0,0,0,0,0,0,0,0,0,0,0,0,0,0,0,0,0,0,0,0,0,0,0,0,0,0,0,1,0,1,0,3,0,10,0,21,0,40,0,80,0,222,0,448,0,960,0,1947,0,3929,0,7370,0,13177,0,24041,0,41172,0,68497,110192,0,170011,0,253199,0,360140,0,490302,0,631361,0,772861,0,891358,0,969377,0,989932,0,952702,0,872618,0,780800,0,690513,0,602476,0,473846,0,285752,0,94049,1
0,0,0,0,0,0,0,0,0,0,0,0,0,0,0,0,0,0,0,0,0,0,0,0,0,0,0,0,0,0,0,0,0,0,0,0,0,0,0,0,0,0,0,0,0,0,0,0,0,0,0,0,0,0,0,0,0,0,0,0,0,0,0,0,0,0,0,0,0,0,0,0,0,0,0,1,0,1,0,2,0,14,0,15,0,42,0,74,0,205,0,441,0,912,0,1934,0,3710,0,7038,0,12944,0,23130,0,40125,0,67040,107841,0,166641,0,248991,0,356115,0,484149,0,627176,0,768664,0,889392,0,969611,0,992563,0,958169,0,878335,0,785568,0,696082,0,605971,0,477219,0,288171,0,95122,1
0,0,0,0,0,0,0,0,0,0,0,0,0,0,0,0,0,0,0,0,0,0,0,0,0,0,0,0,0,0,0,0,0,0,0,0,0,0,0,0,0,0,0,0,0,0,0,0,0,0,0,0,0,0,0,0,0,0,0,0,0,0,0,0,0,0,0,0,0,0,0,0,0,0,0,1,0,0,0,7,0,9,0,15,0,30,0,90,0,179,0,448,0,849,0,1866,0,3590,0,6677,0,12532,0,22652,0,38966,0,65449,105340,0,163800,0,244746,0,351817,0,478604,0,622094,0,765055,0,887835,0,970184,0,994918,0,961592,0,885340,0,790597,0,700384,0,610746,0,480162,0,290627,0,96207,1
0,0,0,0,0,0,0,0,0,0,0,0,0,0,0,0,0,0,0,0,0,0,0,0,0,0,0,0,0,0,0,0,0,0,0,0,0,0,0,0,0,0,0,0,0,0,0,0,0,0,0,0,0,0,0,0,0,0,0,0,0,0,0,0,0,0,0,0,0,0,0,0,0,0,0,1,0,0,0,6,0,9,0,13,0,37,0,77,0,179,0,422,0,837,0,1785,0,3340,0,6597,0,12068,0,22110,0,37902,0,63453,103288,0,160629,0,241045,0,347188,0,473419,0,617575,0,760698,0,886186,0,970117,0,997690,0,966523,0,890462,0,795836,0,705463,0,614668,0,483508,0,292908,0,97369,1
0,0,0,0,0,0,0,0,0,0,0,0,0,0,0,0,0,0,0,0,0,0,0,0,0,0,0,0,0,0,0,0,0,0,0,0,0,0,0,0,0,0,0,0,0,0,0,0,0,0,0,0,0,0,0,0,0,0,0,0,0,0,0,0,0,0,0,0,0,0,0,0,0,0,0,1,0,0,0,5,0,7,0,15,0,30,0,90,0,157,0,402,0,828,0,1657,0,3286,0,6272,0,11762,0,21306,0,36985,0,61953,101014,0,157837,0,236899,0,342061,0,468815,0,611899,0,757566,0,884110,0,970365,0,999664,0,972125,0,895096,0,801470,0,710189,0,618725,0,487336,0,295106,0,98375,1
0,0,0,0,0,0,0,0,0,0,0,0,0,0,0,0,0,0,0,0,0,0,0,0,0,0,0,0,0,0,0,0,0,0,0,0,0,0,0,0,0,0,0,0,0,0,0,0,0,0,0,0,0,0,0,0,0,0,0,0,0,0,0,0,0,0,0,0,0,0,0,0,0,0,0,0,0,1,0,5,0,8,0,6,0,41,0,76,0,153,0,383,0,794,0,1595,0,3152,0,6057,0,11462,0,20553,0,35820,0,60758,98685,0,154770,0,233273,0,337050,0,463880,0,607177,0,753339,0,882577,0,970368,0,1002088,0,976896,0,900644,0,806442,0,715121,0,622946,0,490486,0,297287,0,99515,1
0,0,0,0,0,0,0,0,0,0,0,0,0,0,0,0,0,0,0,0,0,0,0,0,0,0,0,0,0,0,0,0,0,0,0,0,0,0,0,0,0,0,0,0,0,0,0,0,0,0,0,0,0,0,0,0,0,0,0,0,0,0,0,0,0,0,0,0,0,0,0,0,0,0,0,0,0,1,0,5,0,5,0,10,0,29,0,77,0,144,0,368,0,751,0,1542,0,3057,0,5891,0,11050,0,19899,0,34861,0,59359,96429,0,151938,0,229757,0,332239,0,459116,0,602147,0,748846,0,880584,0,971368,0,1004469,0,980423,0,906303,0,811739,0,720268,0,626422,0,493894,0,299798,0,100619,1
0,0,0,0,0,0,0,0,0,0,0,0,0,0,0,0,0,0,0,0,0,0,0,0,0,0,0,0,0,0,0,0,0,0,0,0,0,0,0,0,0,0,0,0,0,0,0,0,0,0,0,0,0,0,0,0,0,0,0,0,0,0,0,0,0,0,0,0,0,0,0,0,0,0,0,0,0,3,0,2,0,4,0,13,0,28,0,70,0,137,0,350,0,710,0,1524,0,2940,0,5721,0,10602,0,19344,0,33934,0,57988,94547,0,148691,0,226511,0,327080,0,453626,0,598109,0,744029,0,879390,0,970281,0,1007209,0,983862,0,912740,0,817275,0,725799,0,629870,0,497167,0,302313,0,101539,1
0,0,0,0,0,0,0,0,0,0,0,0,0,0,0,0,0,0,0,0,0,0,0,0,0,0,0,0,0,0,0,0,0,0,0,0,0,0,0,0,0,0,0,0,0,0,0,0,0,0,0,0,0,0,0,0,0,0,0,0,0,0,0,0,0,0,0,0,0,0,0,0,0,0,0,0,0,1,0,4,0,5,0,10,0,30,0,59,0,152,0,337,0,671,0,1502,0,2772,0,5526,0,10231,0,18747,0,33074,0,56509,92565,0,146061,0,222224,0,323787,0,448365,0,591947,0,741341,0,875429,0,970296,0,1009765,0,988619,0,918936,0,821393,0,731382,0,633852,0,500331,0,304910,0,102575,1
0,0,0,0,0,0,0,0,0,0,0,0,0,0,0,0,0,0,0,0,0,0,0,0,0,0,0,0,0,0,0,0,0,0,0,0,0,0,0,0,0,0,0,0,0,0,0,0,0,0,0,0,0,0,0,0,0,0,0,0,0,0,0,0,0,0,0,0,0,0,0,0,0,0,0,1,0,0,0,3,0,3,0,12,0,28,0,62,0,130,0,321,0,656,0,1459,0,2723,0,5287,0,9883,0,18254,0,32154,0,55009,90414,0,143399,0,218799,0,318781,0,443811,0,587306,0,736705,0,872675,0,970018,0,1013188,0,992406,0,923771,0,828085,0,735372,0,637526,0,504153,0,307318,0,103696,1
0,0,0,0,0,0,0,0,0,0,0,0,0,0,0,0,0,0,0,0,0,0,0,0,0,0,0,0,0,0,0,0,0,0,0,0,0,0,0,0,0,0,0,0,0,0,0,0,0,0,0,0,0,0,0,0,0,0,0,0,0,0,0,0,0,0,0,0,0,0,0,0,0,1,0,0,0,0,0,2,0,7,0,8,0,26,0,56,0,137,0,293,0,644,0,1370,0,2615,0,5129,0,9639,0,17658,0,31586,0,53035,88897,0,140351,0,215002,0,314993,0,439707,0,581610,0,732587,0,869812,0,969776,0,1014455,0,997943,0,928154,0,834399,0,740101,0,641349,0,507415,0,309775,0,104876,1
0,0,0,0,0,0,0,0,0,0,0,0,0,0,0,0,0,0,0,0,0,0,0,0,0,0,0,0,0,0,0,0,0,0,0,0,0,0,0,0,0,0,0,0,0,0,0,0,0,0,0,0,0,0,0,0,0,0,0,0,0,0,0,0,0,0,0,0,0,0,0,0,1,0,0,0,0,0,0,2,0,6,0,12,0,21,0,55,0,133,0,271,0,620,0,1284,0,2542,0,4921,0,9285,0,17238,0,30507,0,51937,86966,0,137672,0,211451,0,311548,0,434510,0,576205,0,729087,0,866035,0,968816,0,1017563,0,1002555,0,932928,0,840185,0,744097,0,645835,0,510777,0,312484,0,105859,1
0,0,0,0,0,0,0,0,0,0,0,0,0,0,0,0,0,0,0,0,0,0,0,0,0,0,0,0,0,0,0,0,0,0,0,0,0,0,0,0,0,0,0,0,0,0,0,0,0,0,0,0,0,0,0,0,0,0,0,0,0,0,0,0,0,0,0,0,0,0,0,0,0,1,0,0,0,0,0,1,0,6,0,11,0,23,0,53,0,122,0,269,0,596,0,1204,0,2452,0,4809,0,8938,0,16840,0,29482,0,50881,84715,0,135381,0,207440,0,307397,0,429714,0,571945,0,723903,0,864004,0,968242,0,1019276,0,1006659,0,938456,0,845603,0,749023,0,649730,0,514449,0,315177,0,106606,1
0,0,0,0,0,0,0,0,0,0,0,0,0,0,0,0,0,0,0,0,0,0,0,0,0,0,0,0,0,0,0,0,0,0,0,0,0,0,0,0,0,0,0,0,0,0,0,0,0,0,0,0,0,0,0,0,0,0,0,0,0,0,0,0,0,0,0,0,0,0,0,0,0,0,0,1,0,0,0,2,0,4,0,11,0,19,0,48,0,130,0,259,0,561,0,1154,0,2395,0,4578,0,8806,0,16119,0,28687,0,49720,82784,0,132968,0,204403,0,302788,0,424349,0,567592,0,719816,0,860050,0,968587,0,1020707,0,1010858,0,944259,0,850733,0,754318,0,653635,0,517381,0,318139,0,107547,1
0,0,0,0,0,0,0,0,0,0,0,0,0,0,0,0,0,0,0,0,0,0,0,0,0,0,0,0,0,0,0,0,0,0,0,0,0,0,0,0,0,0,0,0,0,0,0,0,0,0,0,0,0,0,0,0,0,0,0,0,0,0,0,0,0,0,0,0,0,0,0,0,0,0,0,0,0,1,0,1,0,5,0,6,0,28,0,43,0,118,0,246,0,535,0,1107,0,2280,0,4485,0,8495,0,15687,0,28076,0,48330,81152,0,130331,0,201407,0,298375,0,420065,0,560903,0,715534,0,858240,0,967133,0,1023049,0,1014263,0,950629,0,856071,0,758632,0,657816,0,520949,0,320742,0,108674,1
0,0,0,0,0,0,0,0,0,0,0,0,0,0,0,0,0,0,0,0,0,0,0,0,0,0,0,0,0,0,0,0,0,0,0,0,0,0,0,0,0,0,0,0,0,0,0,0,0,0,0,0,0,0,0,0,0,0,0,0,0,0,0,0,0,0,0,0,0,0,0,0,0,0,0,0,0,1,0,2,0,2,0,10,0,18,0,56,0,107,0,233,0,496,0,1105,0,2200,0,4284,0,8150,0,15394,0,27247,0,47157,79389,0,128011,0,197947,0,294229,0,415116,0,556235,0,710857,0,855751,0,966178,0,1024840,0,1017771,0,955910,0,861796,0,763503,0,661723,0,524478,0,323391,0,109821,1
0,0,0,0,0,0,0,0,0,0,0,0,0,0,0,0,0,0,0,0,0,0,0,0,0,0,0,0,0,0,0,0,0,0,0,0,0,0,0,0,0,0,0,0,0,0,0,0,0,0,0,0,0,0,0,0,0,0,0,0,0,0,0,0,0,0,0,0,0,0,0,0,0,0,0,1,0,0,0,2,0,5,0,4,0,20,0,52,0,99,0,232,0,481,0,1027,0,2137,0,4170,0,7916,0,15079,0,26270,0,46078,77705,0,125468,0,194568,0,290577,0,410022,0,551431,0,706473,0,852412,0,965688,0,1027159,0,1020790,0,961654,0,867143,0,767861,0,666353,0,527421,0,326167,0,110943,1
0,0,0,0,0,0,0,0,0,0,0,0,0,0,0,0,0,0,0,0,0,0,0,0,0,0,0,0,0,0,0,0,0,0,0,0,0,0,0,0,0,0,0,0,0,0,0,0,0,0,0,0,0,0,0,0,0,0,0,0,0,0,0,0,0,0,0,0,0,0,0,0,0,1,0,0,0,0,0,2,0,4,0,5,0,26,0,41,0,96,0,231,0,462,0,1008,0,2046,0,4007,0,7726,0,14498,0,25650,0,45021,75984,0,122861,0,191577,0,285884,0,406193,0,546386,0,701750,0,848946,0,965075,0,1029240,0,1024875,0,966352,0,872764,0,772185,0,670175,0,531733,0,328571,0,112033,1
0,0,0,0,0,0,0,0,0,0,0,0,0,0,0,0,0,0,0,0,0,0,0,0,0,0,0,0,0,0,0,0,0,0,0,0,0,0,0,0,0,0,0,0,0,0,0,0,0,0,0,0,0,0,0,0,0,0,0,0,0,0,0,0,0,0,0,0,0,0,0,0,1,0,0,0,0,0,0,1,0,2,0,7,0,27,0,35,0,105,0,208,0,432,0,1027,0,1922,0,3876,0,7473,0,13942,0,25154,0,43906,74229,0,120795,0,188350,0,281298,0,401338,0,541815,0,697522,0,845764,0,964467,0,1030542,0,1027700,0,971978,0,877960,0,777670,0,673426,0,535655,0,331392,0,113389,1
0,0,0,0,0,0,0,0,0,0,0,0,0,0,0,0,0,0,0,0,0,0,0,0,0,0,0,0,0,0,0,0,0,0,0,0,0,0,0,0,0,0,0,0,0,0,0,0,0,0,0,0,0,0,0,0,0,0,0,0,0,0,0,0,0,0,0,0,0,0,0,0,1,0,0,0,0,0,0,1,0,0,0,6,0,25,0,39,0,103,0,195,0,439,0,913,0,1911,0,3676,0,7375,0,13276,0,24551,0,42639,73041,0,118448,0,185034,0,277794,0,396291,0,537442,0,692456,0,842143,0,964288,0,1031051,0,1032527,0,976347,0,884177,0,781343,0,678550,0,538453,0,334099,0,114774,1
0,0,0,0,0,0,0,0,0,0,0,0,0,0,0,0,0,0,0,0,0,0,0,0,0,0,0,0,0,0,0,0,0,0,0,0,0,0,0,0,0,0,0,0,0,0,0,0,0,0,0,0,0,0,0,0,0,0,0,0,0,0,0,0,0,0,0,0,0,0,0,0,1,0,0,0,0,0,0,1,0,2,0,2,0,23,0,40,0,98,0,183,0,439,0,860,0,1862,0,3595,0,6964,0,13108,0,23760,0,41601,71422,0,116300,0,182145,0,273639,0,392117,0,531826,0,688279,0,839023,0,962756,0,1032151,0,1036211,0,982485,0,888400,0,786607,0,682726,0,542155,0,336656,0,115971,1
0,0,0,0,0,0,0,0,0,0,0,0,0,0,0,0,0,0,0,0,0,0,0,0,0,0,0,0,0,0,0,0,0,0,0,0,0,0,0,0,0,0,0,0,0,0,0,0,0,0,0,0,0,0,0,0,0,0,0,0,0,0,0,0,0,0,0,0,0,0,0,0,0,1,0,0,0,0,0,1,0,2,0,5,0,14,0,45,0,78,0,212,0,380,0,857,0,1751,0,3473,0,6745,0,12773,0,23165,0,40777,69765,0,113760,0,178904,0,270088,0,386912,0,528309,0,683735,0,835166,0,960409,0,1033670,0,1040377,0,987028,0,894569,0,791420,0,686736,0,545958,0,339115,0,117208,1
0,0,0,0,0,0,0,0,0,0,0,0,0,0,0,0,0,0,0,0,0,0,0,0,0,0,0,0,0,0,0,0,0,0,0,0,0,0,0,0,0,0,0,0,0,0,0,0,0,0,0,0,0,0,0,0,0,0,0,0,0,0,0,0,0,0,0,0,0,0,0,0,0,1,0,0,0,0,0,2,0,0,0,5,0,16,0,39,0,65,0,204,0,393,0,831,0,1631,0,3457,0,6450,0,12363,0,22585,0,39961,67788,0,111703,0,176604,0,265733,0,382291,0,523946,0,679031,0,832125,0,958702,0,1035442,0,1043425,0,991586,0,899684,0,796755,0,691247,0,548924,0,342113,0,118306,1
0,0,0,0,0,0,0,0,0,0,0,0,0,0,0,0,0,0,0,0,0,0,0,0,0,0,0,0,0,0,0,0,0,0,0,0,0,0,0,0,0,0,0,0,0,0,0,0,0,0,0,0,0,0,0,0,0,0,0,0,0,0,0,0,0,0,0,0,0,0,0,0,0,0,0,1,0,0,0,2,0,0,0,6,0,12,0,36,0,78,0,188,0,377,0,788,0,1624,0,3258,0,6246,0,11923,0,22028,0,39065,66302,0,109829,0,173276,0,261066,0,378934,0,519050,0,674607,0,828495,0,957662,0,1035501,0,1047518,0,996137,0,905209,0,802185,0,695198,0,552553,0,344523,0,119731,1
0,0,0,0,0,0,0,0,0,0,0,0,0,0,0,0,0,0,0,0,0,0,0,0,0,0,0,0,0,0,0,0,0,0,0,0,0,0,0,0,0,0,0,0,0,0,0,0,0,0,0,0,0,0,0,0,0,0,0,0,0,0,0,0,0,0,0,0,0,0,0,0,0,0,0,0,0,2,0,1,0,1,0,6,0,11,0,33,0,79,0,167,0,366,0,761,0,1571,0,3211,0,6002,0,11518,0,21531,0,38064,65011,0,107666,0,170181,0,257635,0,373628,0,514435,0,670468,0,824996,0,956285,0,1037095,0,1050668,0,1001304,0,910042,0,807028,0,699531,0,556053,0,347131,0,120927,1
0,0,0,0,0,0,0,0,0,0,0,0,0,0,0,0,0,0,0,0,0,0,0,0,0,0,0,0,0,0,0,0,0,0,0,0,0,0,0,0,0,0,0,0,0,0,0,0,0,0,0,0,0,0,0,0,0,0,0,0,0,0,0,0,0,0,0,0,0,0,0,0,0,0,0,1,0,2,0,0,0,1,0,6,0,15,0,22,0,75,0,179,0,339,0,745,0,1500,0,3030,0,5967,0,11112,0,20901,0,37150,63799,0,105236,0,167303,0,254174,0,368503,0,509264,0,667294,0,821518,0,954326,0,1038398,0,1053446,0,1006187,0,916143,0,811813,0,703165,0,560093,0,349630,0,122071,1
0,0,0,0,0,0,0,0,0,0,0,0,0,0,0,0,0,0,0,0,0,0,0,0,0,0,0,0,0,0,0,0,0,0,0,0,0,0,0,0,0,0,0,0,0,0,0,0,0,0,0,0,0,0,0,0,0,0,0,0,0,0,0,0,0,0,0,0,0,0,0,0,0,0,0,0,0,3,0,0,0,1,0,3,0,16,0,18,0,84,0,150,0,336,0,727,0,1436,0,2936,0,5805,0,10805,0,20238,0,36264,62351,0,103284,0,164382,0,250170,0,364662,0,504016,0,663342,0,818027,0,952124,0,1039705,0,1056389,0,1011499,0,921015,0,816637,0,707682,0,563917,0,352145,0,123239,1
0,0,0,0,0,0,0,0,0,0,0,0,0,0,0,0,0,0,0,0,0,0,0,0,0,0,0,0,0,0,0,0,0,0,0,0,0,0,0,0,0,0,0,0,0,0,0,0,0,0,0,0,0,0,0,0,0,0,0,0,0,0,0,0,0,0,0,0,0,0,0,0,0,0,0,0,0,1,0,2,0,2,0,4,0,10,0,28,0,58,0,144,0,350,0,667,0,1402,0,2824,0,5611,0,10590,0,19619,0,35296,60805,0,101542,0,161755,0,246229,0,360506,0,499349,0,659472,0,814418,0,950748,0,1039720,0,1059411,0,1015775,0,926662,0,821899,0,711515,0,567685,0,354762,0,124547,1
0,0,0,0,0,0,0,0,0,0,0,0,0,0,0,0,0,0,0,0,0,0,0,0,0,0,0,0,0,0,0,0,0,0,0,0,0,0,0,0,0,0,0,0,0,0,0,0,0,0,0,0,0,0,0,0,0,0,0,0,0,0,0,0,0,0,0,0,0,0,0,0,0,0,0,0,0,0,0,2,0,4,0,3,0,10,0,32,0,48,0,132,0,332,0,663,0,1339,0,2790,0,5369,0,10249,0,19167,0,34585,59329,0,99608,0,158905,0,242914,0,355509,0,495373,0,654342,0,811362,0,948928,0,1040332,0,1062232,0,1021286,0,931167,0,827406,0,715786,0,570849,0,357542,0,125813,1
0,0,0,0,0,0,0,0,0,0,0,0,0,0,0,0,0,0,0,0,0,0,0,0,0,0,0,0,0,0,0,0,0,0,0,0,0,0,0,0,0,0,0,0,0,0,0,0,0,0,0,0,0,0,0,0,0,0,0,0,0,0,0,0,0,0,0,0,0,0,0,0,0,0,0,0,0,0,0,1,0,4,0,5,0,7,0,32,0,54,0,125,0,299,0,658,0,1358,0,2581,0,5161,0,10029,0,18772,0,33563,58192,0,97328,0,156769,0,239013,0,350727,0,491254,0,649582,0,808691,0,947108,0,1040004,0,1066136,0,1024855,0,936334,0,832556,0,720452,0,574504,0,360057,0,127197,1
0,0,0,0,0,0,0,0,0,0,0,0,0,0,0,0,0,0,0,0,0,0,0,0,0,0,0,0,0,0,0,0,0,0,0,0,0,0,0,0,0,0,0,0,0,0,0,0,0,0,0,0,0,0,0,0,0,0,0,0,0,0,0,0,0,0,0,0,0,0,0,0,0,0,0,0,0,0,0,2,0,2,0,7,0,5,0,28,0,63,0,118,0,296,0,604,0,1321,0,2513,0,4997,0,9700,0,18231,0,32740,56984,0,95493,0,153831,0,235814,0,346710,0,486446,0,645217,0,804438,0,945490,0,1041212,0,1068278,0,1029509,0,941760,0,837296,0,724955,0,578016,0,362877,0,128455,1
0,0,0,0,0,0,0,0,0,0,0,0,0,0,0,0,0,0,0,0,0,0,0,0,0,0,0,0,0,0,0,0,0,0,0,0,0,0,0,0,0,0,0,0,0,0,0,0,0,0,0,0,0,0,0,0,0,0,0,0,0,0,0,0,0,0,0,0,0,0,0,0,0,0,0,0,0,0,0,1,0,4,0,3,0,8,0,26,0,58,0,122,0,288,0,596,0,1242,0,2466,0,4832,0,9438,0,17781,0,31857,55787,0,93876,0,151057,0,231991,0,342856,0,481765,0,640070,0,801516,0,943694,0,1041862,0,1071025,0,1033058,0,947183,0,842770,0,729287,0,581356,0,365681,0,129852,1
0,0,0,0,0,0,0,0,0,0,0,0,0,0,0,0,0,0,0,0,0,0,0,0,0,0,0,0,0,0,0,0,0,0,0,0,0,0,0,0,0,0,0,0,0,0,0,0,0,0,0,0,0,0,0,0,0,0,0,0,0,0,0,0,0,0,0,0,0,0,0,0,0,0,0,0,0,0,0,1,0,3,0,5,0,6,0,25,0,47,0,142,0,262,0,583,0,1187,0,2416,0,4677,0,9135,0,17263,0,31164,54727,0,91816,0,148302,0,229060,0,338855,0,477274,0,635550,0,798535,0,941898,0,1041150,0,1072510,0,1038462,0,952307,0,847801,0,733546,0,585172,0,368386,0,131141,1
0,0,0,0,0,0,0,0,0,0,0,0,0,0,0,0,0,0,0,0,0,0,0,0,0,0,0,0,0,0,0,0,0,0,0,0,0,0,0,0,0,0,0,0,0,0,0,0,0,0,0,0,0,0,0,0,0,0,0,0,0,0,0,0,0,0,0,0,0,0,0,0,0,0,0,0,0,0,0,1,0,4,0,2,0,10,0,24,0,50,0,106,0,279,0,542,0,1146,0,2333,0,4573,0,8854,0,16762,0,30312,53808,0,89983,0,145746,0,225872,0,334724,0,472349,0,631191,0,794347,0,939517,0,1042716,0,1074682,0,1043115,0,957455,0,852728,0,738271,0,588519,0,371053,0,132334,1
0,0,0,0,0,0,0,0,0,0,0,0,0,0,0,0,0,0,0,0,0,0,0,0,0,0,0,0,0,0,0,0,0,0,0,0,0,0,0,0,0,0,0,0,0,0,0,0,0,0,0,0,0,0,0,0,0,0,0,0,0,0,0,0,0,0,0,0,0,0,0,0,0,0,0,0,0,1,0,0,0,3,0,5,0,7,0,27,0,45,0,115,0,273,0,533,0,1084,0,2231,0,4525,0,8573,0,16225,0,29779,52358,0,88332,0,142939,0,223147,0,330455,0,467952,0,626397,0,790681,0,937739,0,1041885,0,1078068,0,1047820,0,962523,0,857754,0,742079,0,592266,0,374135,0,133452,1
0,0,0,0,0,0,0,0,0,0,0,0,0,0,0,0,0,0,0,0,0,0,0,0,0,0,0,0,0,0,0,0,0,0,0,0,0,0,0,0,0,0,0,0,0,0,0,0,0,0,0,0,0,0,0,0,0,0,0,0,0,0,0,0,0,0,0,0,0,0,0,0,0,0,0,0,0,1,0,0,0,1,0,8,0,7,0,20,0,39,0,121,0,259,0,514,0,1048,0,2200,0,4389,0,8322,0,15713,0,29060,51359,0,86058,0,141038,0,220329,0,325677,0,463760,0,621763,0,785958,0,937042,0,1041121,0,1080879,0,1052166,0,967867,0,862260,0,747289,0,595763,0,376665,0,134712,1
0,0,0,0,0,0,0,0,0,0,0,0,0,0,0,0,0,0,0,0,0,0,0,0,0,0,0,0,0,0,0,0,0,0,0,0,0,0,0,0,0,0,0,0,0,0,0,0,0,0,0,0,0,0,0,0,0,0,0,0,0,0,0,0,0,0,0,0,0,0,0,0,0,0,0,0,0,1,0,0,0,3,0,6,0,5,0,18,0,41,0,106,0,242,0,495,0,1009,0,2146,0,4219,0,8110,0,15470,0,28521,49971,0,84586,0,138198,0,216842,0,322968,0,458701,0,617298,0,782030,0,934312,0,1040891,0,1083709,0,1056205,0,973624,0,867183,0,751258,0,599871,0,379295,0,136074,1
0,0,0,0,0,0,0,0,0,0,0,0,0,0,0,0,0,0,0,0,0,0,0,0,0,0,0,0,0,0,0,0,0,0,0,0,0,0,0,0,0,0,0,0,0,0,0,0,0,0,0,0,0,0,0,0,0,0,0,0,0,0,0,0,0,0,0,0,0,0,0,0,0,0,0,0,0,0,0,1,0,4,0,4,0,6,0,18,0,45,0,99,0,206,0,511,0,949,0,2083,0,4063,0,7984,0,14877,0,27901,48737,0,82914,0,136467,0,213059,0,319333,0,453809,0,613014,0,779431,0,930739,0,1041109,0,1086092,0,1059805,0,979298,0,872288,0,755783,0,603127,0,382476,0,137176,1
0,0,0,0,0,0,0,0,0,0,0,0,0,0,0,0,0,0,0,0,0,0,0,0,0,0,0,0,0,0,0,0,0,0,0,0,0,0,0,0,0,0,0,0,0,0,0,0,0,0,0,0,0,0,0,0,0,0,0,0,0,0,0,0,0,0,0,0,0,0,0,0,0,0,0,0,0,0,0,1,0,5,0,1,0,8,0,15,0,34,0,96,0,223,0,442,0,966,0,1965,0,3977,0,7606,0,14622,0,26978,48040,0,81521,0,133334,0,209921,0,315375,0,449898,0,608374,0,776534,0,927955,0,1041031,0,1088408,0,1064057,0,983778,0,877701,0,759694,0,607392,0,385072,0,138384,1
0,0,0,0,0,0,0,0,0,0,0,0,0,0,0,0,0,0,0,0,0,0,0,0,0,0,0,0,0,0,0,0,0,0,0,0,0,0,0,0,0,0,0,0,0,0,0,0,0,0,0,0,0,0,0,0,0,0,0,0,0,0,0,0,0,0,0,0,0,0,0,0,0,0,0,0,0,0,0,1,0,1,0,6,0,4,0,14,0,33,0,85,0,210,0,453,0,934,0,1902,0,3793,0,7456,0,14214,0,26291,47048,0,79712,0,131130,0,206958,0,311559,0,444552,0,604659,0,772933,0,926197,0,1040601,0,1090165,0,1068161,0,989208,0,882791,0,763599,0,610940,0,388035,0,139763,1
0,0,0,0,0,0,0,0,0,0,0,0,0,0,0,0,0,0,0,0,0,0,0,0,0,0,0,0,0,0,0,0,0,0,0,0,0,0,0,0,0,0,0,0,0,0,0,0,0,0,0,0,0,0,0,0,0,0,0,0,0,0,0,0,0,0,0,0,0,0,0,0,0,0,0,0,0,0,0,0,0,2,0,6,0,3,0,13,0,30,0,82,0,211,0,436,0,896,0,1822,0,3675,0,7300,0,13924,0,25868,45418,0,78337,0,128895,0,204139,0,307459,0,439866,0,600944,0,768746,0,924250,0,1040312,0,1092057,0,1072178,0,994664,0,887403,0,768243,0,614491,0,390825,0,140913,1
0,0,0,0,0,0,0,0,0,0,0,0,0,0,0,0,0,0,0,0,0,0,0,0,0,0,0,0,0,0,0,0,0,0,0,0,0,0,0,0,0,0,0,0,0,0,0,0,0,0,0,0,0,0,0,0,0,0,0,0,0,0,0,0,0,0,0,0,0,0,0,0,0,0,0,0,0,0,0,0,0,1,0,4,0,6,0,10,0,33,0,77,0,179,0,455,0,847,0,1796,0,3500,0,7095,0,13510,0,25391,44452,0,76702,0,126504,0,201314,0,303680,0,435970,0,596358,0,764565,0,921900,0,1040501,0,1093573,0,1075994,0,1000352,0,891592,0,773481,0,617629,0,393734,0,142203,1
0,0,0,0,0,0,0,0,0,0,0,0,0,0,0,0,0,0,0,0,0,0,0,0,0,0,0,0,0,0,0,0,0,0,0,0,0,0,0,0,0,0,0,0,0,0,0,0,0,0,0,0,0,0,0,0,0,0,0,0,0,0,0,0,0,0,0,0,0,0,0,0,0,0,0,0,0,0,0,0,0,1,0,4,0,6,0,10,0,24,0,88,0,183,0,422,0,804,0,1684,0,3513,0,6782,0,13214,0,24574,43856,0,75055,0,124156,0,198240,0,300131,0,432201,0,591498,0,760288,0,919671,0,1040778,0,1095276,0,1080709,0,1003640,0,897732,0,777715,0,620955,0,396785,0,143413,1
0,0,0,0,0,0,0,0,0,0,0,0,0,0,0,0,0,0,0,0,0,0,0,0,0,0,0,0,0,0,0,0,0,0,0,0,0,0,0,0,0,0,0,0,0,0,0,0,0,0,0,0,0,0,0,0,0,0,0,0,0,0,0,0,0,0,0,0,0,0,0,0,0,0,0,0,0,0,0,0,0,1,0,2,0,6,0,14,0,25,0,73,0,181,0,386,0,814,0,1646,0,3398,0,6565,0,12979,0,23971,42678,0,73827,0,121927,0,195023,0,296718,0,427999,0,587244,0,756155,0,916775,0,1040437,0,1098145,0,1084243,0,1008017,0,903632,0,781753,0,624567,0,399538,0,144669,1
0,0,0,0,0,0,0,0,0,0,0,0,0,0,0,0,0,0,0,0,0,0,0,0,0,0,0,0,0,0,0,0,0,0,0,0,0,0,0,0,0,0,0,0,0,0,0,0,0,0,0,0,0,0,0,0,0,0,0,0,0,0,0,0,0,0,0,0,0,0,0,0,0,0,0,0,0,0,0,0,0,0,0,2,0,4,0,18,0,20,0,73,0,174,0,375,0,796,0,1611,0,3250,0,6474,0,12615,0,23275,41506,0,72883,0,119599,0,192021,0,293548,0,423853,0,582260,0,752129,0,914029,0,1039855,0,1101932,0,1087541,0,1012297,0,908901,0,785593,0,628553,0,402240,0,145981,1
0,0,0,0,0,0,0,0,0,0,0,0,0,0,0,0,0,0,0,0,0,0,0,0,0,0,0,0,0,0,0,0,0,0,0,0,0,0,0,0,0,0,0,0,0,0,0,0,0,0,0,0,0,0,0,0,0,0,0,0,0,0,0,0,0,0,0,0,0,0,0,0,0,0,0,0,0,0,0,0,0,1,0,2,0,4,0,18,0,23,0,63,0,162,0,357,0,774,0,1544,0,3167,0,6294,0,12161,0,22701,40669,0,71312,0,117732,0,189649,0,289721,0,420035,0,576533,0,749074,0,911341,0,1039409,0,1103016,0,1092271,0,1017686,0,913297,0,789644,0,632365,0,405111,0,147272,1
0,0,0,0,0,0,0,0,0,0,0,0,0,0,0,0,0,0,0,0,0,0,0,0,0,0,0,0,0,0,0,0,0,0,0,0,0,0,0,0,0,0,0,0,0,0,0,0,0,0,0,0,0,0,0,0,0,0,0,0,0,0,0,0,0,0,0,0,0,0,0,0,0,0,0,0,0,0,0,0,0,1,0,2,0,6,0,11,0,28,0,68,0,147,0,349,0,709,0,1543,0,3060,0,6138,0,11733,0,22282,39806,0,69671,0,116085,0,187035,0,285722,0,415771,0,571504,0,745979,0,909044,0,1038705,0,1104679,0,1096045,0,1023041,0,917854,0,793541,0,636441,0,407746,0,148662,1
0,0,0,0,0,0,0,0,0,0,0,0,0,0,0,0,0,0,0,0,0,0,0,0,0,0,0,0,0,0,0,0,0,0,0,0,0,0,0,0,0,0,0,0,0,0,0,0,0,0,0,0,0,0,0,0,0,0,0,0,0,0,0,0,0,0,0,0,0,0,0,0,0,0,0,0,0,0,0,0,0,2,0,1,0,6,0,12,0,21,0,58,0,161,0,332,0,672,0,1503,0,2921,0,5892,0,11669,0,21514,39142,0,68178,0,114212,0,184419,0,282298,0,411132,0,567309,0,742094,0,906533,0,1038108,0,1106249,0,1099924,0,1028095,0,922251,0,798178,0,640171,0,410417,0,149934,1
0,0,0,0,0,0,0,0,0,0,0,0,0,0,0,0,0,0,0,0,0,0,0,0,0,0,0,0,0,0,0,0,0,0,0,0,0,0,0,0,0,0,0,0,0,0,0,0,0,0,0,0,0,0,0,0,0,0,0,0,0,0,0,0,0,0,0,0,0,0,0,0,0,0,0,0,0,0,0,1,0,0,0,2,0,3,0,9,0,25,0,57,0,147,0,314,0,674,0,1438,0,2818,0,5774,0,11155,0,21089,38235,0,66964,0,112347,0,181557,0,279048,0,406459,0,563649,0,737433,0,903770,0,1037890,0,1108242,0,1103490,0,1032980,0,926971,0,802396,0,643678,0,413465,0,151328,1
0,0,0,0,0,0,0,0,0,0,0,0,0,0,0,0,0,0,0,0,0,0,0,0,0,0,0,0,0,0,0,0,0,0,0,0,0,0,0,0,0,0,0,0,0,0,0,0,0,0,0,0,0,0,0,0,0,0,0,0,0,0,0,0,0,0,0,0,0,0,0,0,0,0,0,0,0,1,0,0,0,0,0,4,0,0,0,11,0,14,0,69,0,141,0,274,0,671,0,1407,0,2747,0,5619,0,10890,0,20616,37325,0,65599,0,110407,0,179363,0,275029,0,402489,0,558565,0,734084,0,901189,0,1037298,0,1109595,0,1106700,0,1038323,0,931443,0,807124,0,647175,0,416528,0,152708,1
0,0,0,0,0,0,0,0,0,0,0,0,0,0,0,0,0,0,0,0,0,0,0,0,0,0,0,0,0,0,0,0,0,0,0,0,0,0,0,0,0,0,0,0,0,0,0,0,0,0,0,0,0,0,0,0,0,0,0,0,0,0,0,0,0,0,0,0,0,0,0,0,0,0,0,0,0,1,0,0,0,0,0,3,0,2,0,8,0,19,0,63,0,129,0,277,0,650,0,1333,0,2696,0,5378,0,10720,0,20138,36694,0,63878,0,108323,0,177339,0,270918,0,399060,0,554417,0,729754,0,899032,0,1036433,0,1110578,0,1110099,0,1043035,0,936033,0,811634,0,651178,0,419560,0,154026,1
0,0,0,0,0,0,0,0,0,0,0,0,0,0,0,0,0,0,0,0,0,0,0,0,0,0,0,0,0,0,0,0,0,0,0,0,0,0,0,0,0,0,0,0,0,0,0,0,0,0,0,0,0,0,0,0,0,0,0,0,0,0,0,0,0,0,0,0,0,0,0,0,0,0,0,0,0,1,0,0,0,0,0,1,0,3,0,7,0,24,0,51,0,135,0,269,0,607,0,1299,0,2632,0,5252,0,10352,0,19671,36066,0,62816,0,106478,0,174163,0,267808,0,395523,0,550044,0,725456,0,896065,0,1035685,0,1111189,0,1114010,0,1047689,0,940511,0,816522,0,655189,0,422624,0,155266,1
0,0,0,0,0,0,0,0,0,0,0,0,0,0,0,0,0,0,0,0,0,0,0,0,0,0,0,0,0,0,0,0,0,0,0,0,0,0,0,0,0,0,0,0,0,0,0,0,0,0,0,0,0,0,0,0,0,0,0,0,0,0,0,0,0,0,0,0,0,0,0,0,0,0,0,0,0,0,0,1,0,0,0,0,0,3,0,6,0,25,0,44,0,131,0,265,0,581,0,1252,0,2550,0,5137,0,10089,0,19190,35338,0,61490,0,104723,0,171406,0,264500,0,390883,0,546868,0,720726,0,893688,0,1033674,0,1114010,0,1116928,0,1053125,0,944848,0,820390,0,659007,0,425832,0,156698,1
0,0,0,0,0,0,0,0,0,0,0,0,0,0,0,0,0,0,0,0,0,0,0,0,0,0,0,0,0,0,0,0,0,0,0,0,0,0,0,0,0,0,0,0,0,0,0,0,0,0,0,0,0,0,0,0,0,0,0,0,0,0,0,0,0,0,0,0,0,0,0,0,0,0,0,0,0,0,0,1,0,0,0,0,0,3,0,9,0,19,0,50,0,117,0,256,0,547,0,1212,0,2475,0,4978,0,9781,0,18915,34177,0,60647,0,103080,0,168665,0,261195,0,386922,0,542525,0,717539,0,890735,0,1032284,0,1115255,0,1119928,0,1057086,0,950634,0,824540,0,662588,0,428951,0,158294,1
0,0,0,0,0,0,0,0,0,0,0,0,0,0,0,0,0,0,0,0,0,0,0,0,0,0,0,0,0,0,0,0,0,0,0,0,0,0,0,0,0,0,0,0,0,0,0,0,0,0,0,0,0,0,0,0,0,0,0,0,0,0,0,0,0,0,0,0,0,0,0,0,0,0,0,0,0,0,0,1,0,0,0,0,0,3,0,8,0,19,0,47,0,110,0,246,0,553,0,1194,0,2319,0,4873,0,9580,0,18265,33590,0,59396,0,101546,0,165373,0,258462,0,382851,0,538028,0,713225,0,888891,0,1031542,0,1116336,0,1123333,0,1061275,0,955129,0,828923,0,666335,0,432080,0,159875,1
0,0,0,0,0,0,0,0,0,0,0,0,0,0,0,0,0,0,0,0,0,0,0,0,0,0,0,0,0,0,0,0,0,0,0,0,0,0,0,0,0,0,0,0,0,0,0,0,0,0,0,0,0,0,0,0,0,0,0,0,0,0,0,0,0,0,0,0,0,0,0,0,0,0,0,0,0,0,0,0,0,1,0,0,0,3,0,11,0,15,0,41,0,105,0,266,0,506,0,1127,0,2361,0,4662,0,9214,0,17850,33057,0,58224,0,99824,0,163299,0,254732,0,378843,0,533787,0,708951,0,886337,0,1030069,0,1117874,0,1126771,0,1065464,0,959812,0,833393,0,669865,0,435479,0,161465,1
0,0,0,0,0,0,0,0,0,0,0,0,0,0,0,0,0,0,0,0,0,0,0,0,0,0,0,0,0,0,0,0,0,0,0,0,0,0,0,0,0,0,0,0,0,0,0,0,0,0,0,0,0,0,0,0,0,0,0,0,0,0,0,0,0,0,0,0,0,0,0,0,0,0,0,0,0,0,0,0,0,0,0,2,0,2,0,10,0,13,0,41,0,105,0,239,0,540,0,1054,0,2294,0,4509,0,9041,0,17424,32042,0,57354,0,98376,0,160371,0,251801,0,375545,0,528881,0,705348,0,883516,0,1028926,0,1118074,0,1130399,0,1069545,0,964956,0,837482,0,673935,0,438591,0,162992,1
0,0,0,0,0,0,0,0,0,0,0,0,0,0,0,0,0,0,0,0,0,0,0,0,0,0,0,0,0,0,0,0,0,0,0,0,0,0,0,0,0,0,0,0,0,0,0,0,0,0,0,0,0,0,0,0,0,0,0,0,0,0,0,0,0,0,0,0,0,0,0,0,0,0,0,0,0,0,0,0,0,0,0,2,0,2,0,6,0,20,0,35,0,97,0,246,0,510,0,1027,0,2188,0,4483,0,8727,0,16975,31532,0,55934,0,96529,0,158515,0,248061,0,371740,0,524758,0,701631,0,880202,0,1027820,0,1118123,0,1134216,0,1074798,0,969205,0,841895,0,678055,0,441437,0,164639,1
0,0,0,0,0,0,0,0,0,0,0,0,0,0,0,0,0,0,0,0,0,0,0,0,0,0,0,0,0,0,0,0,0,0,0,0,0,0,0,0,0,0,0,0,0,0,0,0,0,0,0,0,0,0,0,0,0,0,0,0,0,0,0,0,0,0,0,0,0,0,0,0,0,0,0,0,0,0,0,0,0,0,0,1,0,4,0,6,0,14,0,40,0,87,0,234,0,515,0,1004,0,2068,0,4287,0,8671,0,16493,30823,0,55082,0,94560,0,156544,0,244836,0,368050,0,519516,0,698548,0,877256,0,1026457,0,1119465,0,1136825,0,1079372,0,973544,0,846310,0,681522,0,445043,0,166231,1
0,0,0,0,0,0,0,0,0,0,0,0,0,0,0,0,0,0,0,0,0,0,0,0,0,0,0,0,0,0,0,0,0,0,0,0,0,0,0,0,0,0,0,0,0,0,0,0,0,0,0,0,0,0,0,0,0,0,0,0,0,0,0,0,0,0,0,0,0,0,0,0,0,0,0,0,0,0,0,0,0,0,0,1,0,2,0,7,0,18,0,40,0,92,0,209,0,482,0,966,0,2024,0,4176,0,8377,0,16033,30285,0,54209,0,93025,0,153575,0,242315,0,364042,0,516017,0,693752,0,874051,0,1025137,0,1120847,0,1139961,0,1083450,0,978031,0,850672,0,685866,0,447934,0,167812,1
0,0,0,0,0,0,0,0,0,0,0,0,0,0,0,0,0,0,0,0,0,0,0,0,0,0,0,0,0,0,0,0,0,0,0,0,0,0,0,0,0,0,0,0,0,0,0,0,0,0,0,0,0,0,0,0,0,0,0,0,0,0,0,0,0,0,0,0,0,0,0,0,0,0,0,0,0,0,0,0,0,0,0,1,0,2,0,3,0,24,0,31,0,88,0,192,0,465,0,960,0,1889,0,4144,0,8055,0,15718,29634,0,53378,0,91152,0,151161,0,239268,0,360562,0,511986,0,689658,0,869967,0,1024448,0,1122513,0,1142107,0,1088177,0,982293,0,855689,0,689176,0,451238,0,169429,1
0,0,0,0,0,0,0,0,0,0,0,0,0,0,0,0,0,0,0,0,0,0,0,0,0,0,0,0,0,0,0,0,0,0,0,0,0,0,0,0,0,0,0,0,0,0,0,0,0,0,0,0,0,0,0,0,0,0,0,0,0,0,0,0,0,0,0,0,0,0,0,0,0,0,0,0,0,0,0,0,0,0,0,2,0,1,0,6,0,17,0,35,0,73,0,186,0,445,0,901,0,1890,0,3974,0,7942,0,15293,28959,0,52209,0,89948,0,148542,0,236531,0,356494,0,508442,0,686154,0,866351,0,1022365,0,1122718,0,1145771,0,1092657,0,986846,0,859784,0,693229,0,454647,0,170996,1
0,0,0,0,0,0,0,0,0,0,0,0,0,0,0,0,0,0,0,0,0,0,0,0,0,0,0,0,0,0,0,0,0,0,0,0,0,0,0,0,0,0,0,0,0,0,0,0,0,0,0,0,0,0,0,0,0,0,0,0,0,0,0,0,0,0,0,0,0,0,0,0,0,0,0,0,0,0,0,0,0,0,0,2,0,2,0,4,0,14,0,34,0,71,0,186,0,411,0,873,0,1835,0,3898,0,7704,0,15104,28179,0,51277,0,88065,0,146720,0,233518,0,352887,0,503728,0,682531,0,864140,0,1020132,0,1123275,0,1148791,0,1097302,0,991151,0,864433,0,697006,0,457568,0,172567,1
0,0,0,0,0,0,0,0,0,0,0,0,0,0,0,0,0,0,0,0,0,0,0,0,0,0,0,0,0,0,0,0,0,0,0,0,0,0,0,0,0,0,0,0,0,0,0,0,0,0,0,0,0,0,0,0,0,0,0,0,0,0,0,0,0,0,0,0,0,0,0,0,0,0,0,0,0,0,0,0,0,0,0,1,0,3,0,5,0,12,0,28,0,71,0,174,0,409,0,825,0,1821,0,3771,0,7524,0,14784,27588,0,50089,0,86928,0,144312,0,230168,0,349206,0,499789,0,678041,0,862013,0,1017621,0,1124082,0,1151809,0,1101888,0,995949,0,868599,0,701421,0,460145,0,174332,1
0,0,0,0,0,0,0,0,0,0,0,0,0,0,0,0,0,0,0,0,0,0,0,0,0,0,0,0,0,0,0,0,0,0,0,0,0,0,0,0,0,0,0,0,0,0,0,0,0,0,0,0,0,0,0,0,0,0,0,0,0,0,0,0,0,0,0,0,0,0,0,0,0,0,0,0,0,0,0,0,0,0,0,1,0,4,0,3,0,12,0,23,0,63,0,176,0,411,0,796,0,1744,0,3649,0,7281,0,14563,27090,0,48823,0,85420,0,142413,0,227683,0,344982,0,496623,0,673819,0,857635,0,1017207,0,1124062,0,1154685,0,1105744,0,1001097,0,872581,0,705648,0,463336,0,175834,1
0,0,0,0,0,0,0,0,0,0,0,0,0,0,0,0,0,0,0,0,0,0,0,0,0,0,0,0,0,0,0,0,0,0,0,0,0,0,0,0,0,0,0,0,0,0,0,0,0,0,0,0,0,0,0,0,0,0,0,0,0,0,0,0,0,0,0,0,0,0,0,0,0,0,0,0,0,0,0,0,0,0,0,1,0,4,0,5,0,8,0,25,0,56,0,157,0,402,0,804,0,1695,0,3497,0,7105,0,14090,26723,0,47858,0,83846,0,140546,0,224313,0,341384,0,492743,0,669876,0,854459,0,1015765,0,1124107,0,1157829,0,1108999,0,1006843,0,876414,0,709760,0,466541,0,177553,1
0,0,0,0,0,0,0,0,0,0,0,0,0,0,0,0,0,0,0,0,0,0,0,0,0,0,0,0,0,0,0,0,0,0,0,0,0,0,0,0,0,0,0,0,0,0,0,0,0,0,0,0,0,0,0,0,0,0,0,0,0,0,0,0,0,0,0,0,0,0,0,0,0,0,0,0,0,0,0,0,0,0,0,2,0,2,0,5,0,8,0,25,0,60,0,148,0,370,0,817,0,1627,0,3397,0,6989,0,13753,26209,0,46846,0,82351,0,138239,0,221695,0,338092,0,489273,0,665321,0,850952,0,1013776,0,1124917,0,1160517,0,1113268,0,1011596,0,880986,0,713200,0,470017,0,178950,1
0,0,0,0,0,0,0,0,0,0,0,0,0,0,0,0,0,0,0,0,0,0,0,0,0,0,0,0,0,0,0,0,0,0,0,0,0,0,0,0,0,0,0,0,0,0,0,0,0,0,0,0,0,0,0,0,0,0,0,0,0,0,0,0,0,0,0,0,0,0,0,0,0,0,0,0,0,0,0,0,0,0,0,1,0,2,0,4,0,9,0,26,0,56,0,149,0,347,0,785,0,1631,0,3282,0,6826,0,13459,25443,0,46091,0,81127,0,136116,0,218927,0,334886,0,484832,0,661470,0,847653,0,1012519,0,1124368,0,1163005,0,1118189,0,1016206,0,885173,0,717249,0,473231,0,180346,1
0,0,0,0,0,0,0,0,0,0,0,0,0,0,0,0,0,0,0,0,0,0,0,0,0,0,0,0,0,0,0,0,0,0,0,0,0,0,0,0,0,0,0,0,0,0,0,0,0,0,0,0,0,0,0,0,0,0,0,0,0,0,0,0,0,0,0,0,0,0,0,0,0,0,0,0,0,0,0,0,0,0,0,1,0,1,0,4,0,11,0,24,0,52,0,140,0,347,0,754,0,1578,0,3180,0,6638,0,13237,24790,0,45228,0,79863,0,134334,0,216278,0,331102,0,480567,0,656693,0,845831,0,1008877,0,1126412,0,1165264,0,1122320,0,1020962,0,889214,0,721230,0,476361,0,182115,1
0,0,0,0,0,0,0,0,0,0,0,0,0,0,0,0,0,0,0,0,0,0,0,0,0,0,0,0,0,0,0,0,0,0,0,0,0,0,0,0,0,0,0,0,0,0,0,0,0,0,0,0,0,0,0,0,0,0,0,0,0,0,0,0,0,0,0,0,0,0,0,0,0,0,0,0,0,0,0,0,0,0,0,0,0,3,0,2,0,12,0,20,0,58,0,120,0,338,0,763,0,1512,0,3054,0,6479,0,12877,24166,0,44820,0,78184,0,132605,0,213251,0,327306,0,476660,0,653025,0,842057,0,1008677,0,1126024,0,1167949,0,1125593,0,1026411,0,893125,0,725006,0,479506,0,183805,1
0,0,0,0,0,0,0,0,0,0,0,0,0,0,0,0,0,0,0,0,0,0,0,0,0,0,0,0,0,0,0,0,0,0,0,0,0,0,0,0,0,0,0,0,0,0,0,0,0,0,0,0,0,0,0,0,0,0,0,0,0,0,0,0,0,0,0,0,0,0,0,0,0,0,0,0,0,0,0,0,0,0,0,0,0,4,0,3,0,9,0,14,0,62,0,127,0,294,0,752,0,1460,0,3050,0,6201,0,12505,23851,0,43770,0,77115,0,130580,0,210501,0,323481,0,472668,0,649715,0,838114,0,1007248,0,1126797,0,1169853,0,1129302,0,1031157,0,898314,0,728587,0,482444,0,185430,1
0,0,0,0,0,0,0,0,0,0,0,0,0,0,0,0,0,0,0,0,0,0,0,0,0,0,0,0,0,0,0,0,0,0,0,0,0,0,0,0,0,0,0,0,0,0,0,0,0,0,0,0,0,0,0,0,0,0,0,0,0,0,0,0,0,0,0,0,0,0,0,0,0,0,0,0,0,0,0,0,0,0,0,1,0,3,0,4,0,5,0,24,0,50,0,127,0,295,0,696,0,1452,0,2973,0,6048,0,12181,23204,0,43044,0,75806,0,128765,0,207950,0,320038,0,468240,0,646277,0,834738,0,1004593,0,1128507,0,1171512,0,1133217,0,1035315,0,903576,0,732123,0,485546,0,187098,1
0,0,0,0,0,0,0,0,0,0,0,0,0,0,0,0,0,0,0,0,0,0,0,0,0,0,0,0,0,0,0,0,0,0,0,0,0,0,0,0,0,0,0,0,0,0,0,0,0,0,0,0,0,0,0,0,0,0,0,0,0,0,0,0,0,0,0,0,0,0,0,0,0,0,0,0,0,0,0,0,0,0,0,2,0,2,0,4,0,5,0,18,0,50,0,116,0,301,0,680,0,1390,0,2900,0,5901,0,11920,22740,0,42256,0,74596,0,126342,0,205355,0,317269,0,464405,0,642326,0,830423,0,1003721,0,1127780,0,1174026,0,1138093,0,1039457,0,907952,0,736168,0,488669,0,188541,1
0,0,0,0,0,0,0,0,0,0,0,0,0,0,0,0,0,0,0,0,0,0,0,0,0,0,0,0,0,0,0,0,0,0,0,0,0,0,0,0,0,0,0,0,0,0,0,0,0,0,0,0,0,0,0,0,0,0,0,0,0,0,0,0,0,0,0,0,0,0,0,0,0,0,0,0,0,0,0,0,0,1,0,2,0,1,0,2,0,7,0,21,0,39,0,122,0,266,0,641,0,1338,0,2899,0,5791,0,11623,22265,0,41236,0,73261,0,124655,0,202417,0,313988,0,460524,0,638405,0,827417,0,1001504,0,1128399,0,1176754,0,1141387,0,1043990,0,912332,0,740011,0,492008,0,190102,1
0,0,0,0,0,0,0,0,0,0,0,0,0,0,0,0,0,0,0,0,0,0,0,0,0,0,0,0,0,0,0,0,0,0,0,0,0,0,0,0,0,0,0,0,0,0,0,0,0,0,0,0,0,0,0,0,0,0,0,0,0,0,0,0,0,0,0,0,0,0,0,0,0,0,0,0,0,0,0,0,0,2,0,1,0,1,0,3,0,5,0,19,0,47,0,101,0,273,0,604,0,1303,0,2853,0,5609,0,11375,21874,0,40418,0,72044,0,122527,0,199883,0,310831,0,456890,0,633462,0,824982,0,1000116,0,1128137,0,1178587,0,1145753,0,1048555,0,916223,0,744366,0,494878,0,191686,1
0,0,0,0,0,0,0,0,0,0,0,0,0,0,0,0,0,0,0,0,0,0,0,0,0,0,0,0,0,0,0,0,0,0,0,0,0,0,0,0,0,0,0,0,0,0,0,0,0,0,0,0,0,0,0,0,0,0,0,0,0,0,0,0,0,0,0,0,0,0,0,0,0,0,0,0,0,0,0,0,0,1,0,2,0,1,0,5,0,3,0,16,0,48,0,109,0,249,0,585,0,1293,0,2688,0,5539,0,11168,21383,0,39535,0,70884,0,120666,0,197549,0,307773,0,452846,0,629758,0,820891,0,998274,0,1128326,0,1180696,0,1149696,0,1053577,0,920126,0,748214,0,498170,0,193337,1
0,0,0,0,0,0,0,0,0,0,0,0,0,0,0,0,0,0,0,0,0,0,0,0,0,0,0,0,0,0,0,0,0,0,0,0,0,0,0,0,0,0,0,0,0,0,0,0,0,0,0,0,0,0,0,0,0,0,0,0,0,0,0,0,0,0,0,0,0,0,0,0,0,0,0,0,0,0,0,0,0,1,0,1,0,3,0,3,0,4,0,20,0,37,0,108,0,237,0,573,0,1225,0,2577,0,5415,0,11009,20911,0,38727,0,69754,0,119057,0,195152,0,303892,0,449517,0,625901,0,816707,0,996952,0,1128262,0,1182235,0,1154223,0,1057561,0,925233,0,752085,0,501043,0,194983,1
0,0,0,0,0,0,0,0,0,0,0,0,0,0,0,0,0,0,0,0,0,0,0,0,0,0,0,0,0,0,0,0,0,0,0,0,0,0,0,0,0,0,0,0,0,0,0,0,0,0,0,0,0,0,0,0,0,0,0,0,0,0,0,0,0,0,0,0,0,0,0,0,0,0,0,0,0,0,0,1,0,0,0,1,0,2,0,4,0,3,0,19,0,40,0,104,0,209,0,556,0,1217,0,2491,0,5341,0,10697,20383,0,38183,0,68364,0,117502,0,192713,0,300770,0,445563,0,621424,0,814305,0,994148,0,1128222,0,1185503,0,1157381,0,1061502,0,929402,0,756586,0,504086,0,196686,1
0,0,0,0,0,0,0,0,0,0,0,0,0,0,0,0,0,0,0,0,0,0,0,0,0,0,0,0,0,0,0,0,0,0,0,0,0,0,0,0,0,0,0,0,0,0,0,0,0,0,0,0,0,0,0,0,0,0,0,0,0,0,0,0,0,0,0,0,0,0,0,0,0,0,0,0,0,0,0,1,0,0,0,1,0,2,0,3,0,4,0,12,0,44,0,90,0,226,0,516,0,1173,0,2457,0,5181,0,10382,20066,0,37566,0,66873,0,115772,0,190286,0,297614,0,441861,0,617922,0,810354,0,991236,0,1129197,0,1187626,0,1160015,0,1067299,0,933959,0,760006,0,507255,0,198409,1
0,0,0,0,0,0,0,0,0,0,0,0,0,0,0,0,0,0,0,0,0,0,0,0,0,0,0,0,0,0,0,0,0,0,0,0,0,0,0,0,0,0,0,0,0,0,0,0,0,0,0,0,0,0,0,0,0,0,0,0,0,0,0,0,0,0,0,0,0,0,0,0,0,0,0,0,0,0,0,0,0,1,0,0,0,3,0,3,0,3,0,16,0,33,0,95,0,227,0,500,0,1129,0,2324,0,5155,0,10168,19645,0,36687,0,65822,0,114026,0,188091,0,294396,0,437526,0,614248,0,807698,0,988286,0,1130100,0,1189010,0,1164004,0,1070801,0,938878,0,763949,0,510581,0,200003,1
0,0,0,0,0,0,0,0,0,0,0,0,0,0,0,0,0,0,0,0,0,0,0,0,0,0,0,0,0,0,0,0,0,0,0,0,0,0,0,0,0,0,0,0,0,0,0,0,0,0,0,0,0,0,0,0,0,0,0,0,0,0,0,0,0,0,0,0,0,0,0,0,0,0,0,0,0,0,0,0,0,0,0,1,0,3,0,3,0,3,0,16,0,27,0,92,0,199,0,509,0,1079,0,2320,0,4984,0,9828,19422,0,35715,0,65136,0,112079,0,185787,0,291258,0,433931,0,609893,0,803723,0,987480,0,1129804,0,1191071,0,1167168,0,1075062,0,943264,0,767855,0,514165,0,201531,1
0,0,0,0,0,0,0,0,0,0,0,0,0,0,0,0,0,0,0,0,0,0,0,0,0,0,0,0,0,0,0,0,0,0,0,0,0,0,0,0,0,0,0,0,0,0,0,0,0,0,0,0,0,0,0,0,0,0,0,0,0,0,0,0,0,0,0,0,0,0,0,0,0,0,0,0,0,0,0,0,0,0,0,1,0,1,0,5,0,5,0,15,0,33,0,74,0,209,0,473,0,1080,0,2297,0,4802,0,9629,18824,0,35220,0,64161,0,110568,0,183305,0,288688,0,429102,0,606566,0,800412,0,985373,0,1129169,0,1192928,0,1171692,0,1078924,0,947703,0,771946,0,517123,0,203080,1
0,0,0,0,0,0,0,0,0,0,0,0,0,0,0,0,0,0,0,0,0,0,0,0,0,0,0,0,0,0,0,0,0,0,0,0,0,0,0,0,0,0,0,0,0,0,0,0,0,0,0,0,0,0,0,0,0,0,0,0,0,0,0,0,0,0,0,0,0,0,0,0,0,0,0,0,0,0,0,0,0,0,0,1,0,1,0,4,0,9,0,10,0,31,0,70,0,206,0,439,0,1093,0,2188,0,4687,0,9388,18508,0,34678,0,62902,0,108744,0,180697,0,285831,0,425987,0,602319,0,797169,0,983183,0,1128756,0,1194121,0,1175994,0,1083387,0,951877,0,776124,0,520288,0,204716,1
0,0,0,0,0,0,0,0,0,0,0,0,0,0,0,0,0,0,0,0,0,0,0,0,0,0,0,0,0,0,0,0,0,0,0,0,0,0,0,0,0,0,0,0,0,0,0,0,0,0,0,0,0,0,0,0,0,0,0,0,0,0,0,0,0,0,0,0,0,0,0,0,0,0,0,0,0,0,0,0,0,0,0,1,0,0,0,2,0,11,0,14,0,22,0,83,0,178,0,428,0,1030,0,2139,0,4600,0,9219,18163,0,33851,0,61833,0,107564,0,178139,0,282687,0,422857,0,597308,0,793464,0,982232,0,1126875,0,1197848,0,1178667,0,1088301,0,956264,0,779811,0,523396,0,206421,1
0,0,0,0,0,0,0,0,0,0,0,0,0,0,0,0,0,0,0,0,0,0,0,0,0,0,0,0,0,0,0,0,0,0,0,0,0,0,0,0,0,0,0,0,0,0,0,0,0,0,0,0,0,0,0,0,0,0,0,0,0,0,0,0,0,0,0,0,0,0,0,0,0,0,0,0,0,0,0,0,0,0,0,1,0,0,0,1,0,10,0,15,0,29,0,63,0,185,0,411,0,1036,0,2042,0,4563,0,8957,17862,0,33167,0,60570,0,106102,0,175771,0,279902,0,419562,0,593079,0,790121,0,979414,0,1127158,0,1199650,0,1181627,0,1092916,0,960318,0,783987,0,526855,0,208034,1
0,0,0,0,0,0,0,0,0,0,0,0,0,0,0,0,0,0,0,0,0,0,0,0,0,0,0,0,0,0,0,0,0,0,0,0,0,0,0,0,0,0,0,0,0,0,0,0,0,0,0,0,0,0,0,0,0,0,0,0,0,0,0,0,0,0,0,0,0,0,0,0,0,0,0,0,0,0,0,0,0,0,0,0,0,1,0,1,0,6,0,16,0,39,0,56,0,183,0,415,0,980,0,2037,0,4323,0,8882,17467,0,32645,0,59592,0,104389,0,173646,0,276883,0,415547,0,589189,0,787233,0,976577,0,1128054,0,1200432,0,1185121,0,1097282,0,964820,0,787446,0,530369,0,209777,1
0,0,0,0,0,0,0,0,0,0,0,0,0,0,0,0,0,0,0,0,0,0,0,0,0,0,0,0,0,0,0,0,0,0,0,0,0,0,0,0,0,0,0,0,0,0,0,0,0,0,0,0,0,0,0,0,0,0,0,0,0,0,0,0,0,0,0,0,0,0,0,0,0,0,0,0,0,0,0,0,0,0,0,0,0,1,0,0,0,9,0,16,0,29,0,66,0,169,0,429,0,895,0,2018,0,4175,0,8721,17087,0,32271,0,58711,0,102490,0,171716,0,273669,0,411842,0,585873,0,783713,0,973655,0,1128248,0,1201901,0,1188495,0,1101909,0,968433,0,791839,0,533687,0,211341,1
0,0,0,0,0,0,0,0,0,0,0,0,0,0,0,0,0,0,0,0,0,0,0,0,0,0,0,0,0,0,0,0,0,0,0,0,0,0,0,0,0,0,0,0,0,0,0,0,0,0,0,0,0,0,0,0,0,0,0,0,0,0,0,0,0,0,0,0,0,0,0,0,0,0,0,0,0,0,0,0,0,0,0,0,0,0,0,1,0,13,0,14,0,28,0,59,0,176,0,393,0,902,0,1919,0,4122,0,8484,16747,0,31740,0,57729,0,101040,0,169566,0,270041,0,408604,0,582078,0,780968,0,970757,0,1128490,0,1202988,0,1192117,0,1106212,0,972135,0,795916,0,537170,0,212999,1
0,0,0,0,0,0,0,0,0,0,0,0,0,0,0,0,0,0,0,0,0,0,0,0,0,0,0,0,0,0,0,0,0,0,0,0,0,0,0,0,0,0,0,0,0,0,0,0,0,0,0,0,0,0,0,0,0,0,0,0,0,0,0,0,0,0,0,0,0,0,0,0,0,0,0,0,0,0,0,0,0,0,0,0,0,0,0,1,0,9,0,15,0,26,0,67,0,173,0,354,0,876,0,1889,0,4035,0,8237,16411,0,31153,0,56687,0,99975,0,167317,0,266885,0,405216,0,578741,0,776866,0,968923,0,1126688,0,1205446,0,1194886,0,1110979,0,976635,0,800021,0,540101,0,214796,1
0,0,0,0,0,0,0,0,0,0,0,0,0,0,0,0,0,0,0,0,0,0,0,0,0,0,0,0,0,0,0,0,0,0,0,0,0,0,0,0,0,0,0,0,0,0,0,0,0,0,0,0,0,0,0,0,0,0,0,0,0,0,0,0,0,0,0,0,0,0,0,0,0,0,0,0,0,0,0,0,0,0,0,0,0,0,0,1,0,6,0,13,0,28,0,73,0,161,0,350,0,823,0,1875,0,3988,0,8029,16150,0,30228,0,56008,0,98471,0,165476,0,264097,0,401801,0,575095,0,772731,0,967242,0,1125479,0,1206551,0,1199085,0,1113719,0,982465,0,803753,0,543307,0,216403,1
0,0,0,0,0,0,0,0,0,0,0,0,0,0,0,0,0,0,0,0,0,0,0,0,0,0,0,0,0,0,0,0,0,0,0,0,0,0,0,0,0,0,0,0,0,0,0,0,0,0,0,0,0,0,0,0,0,0,0,0,0,0,0,0,0,0,0,0,0,0,0,0,0,0,0,0,0,0,0,0,0,0,0,0,0,0,0,1,0,8,0,9,0,32,0,65,0,161,0,372,0,768,0,1835,0,3784,0,7964,15755,0,29742,0,54816,0,97560,0,163383,0,261061,0,397962,0,572209,0,768795,0,964714,0,1124697,0,1208658,0,1202059,0,1118624,0,986332,0,807441,0,546462,0,218139,1
0,0,0,0,0,0,0,0,0,0,0,0,0,0,0,0,0,0,0,0,0,0,0,0,0,0,0,0,0,0,0,0,0,0,0,0,0,0,0,0,0,0,0,0,0,0,0,0,0,0,0,0,0,0,0,0,0,0,0,0,0,0,0,0,0,0,0,0,0,0,0,0,0,0,0,0,0,0,0,0,0,0,0,0,0,0,0,1,0,5,0,10,0,23,0,75,0,149,0,380,0,755,0,1756,0,3707,0,7804,15277,0,29328,0,54230,0,95733,0,161398,0,258612,0,394723,0,567936,0,765379,0,961843,0,1124496,0,1209877,0,1205387,0,1123027,0,991017,0,811403,0,549334,0,219743,1
0,0,0,0,0,0,0,0,0,0,0,0,0,0,0,0,0,0,0,0,0,0,0,0,0,0,0,0,0,0,0,0,0,0,0,0,0,0,0,0,0,0,0,0,0,0,0,0,0,0,0,0,0,0,0,0,0,0,0,0,0,0,0,0,0,0,0,0,0,0,0,0,0,0,0,0,0,0,0,0,0,0,0,0,0,1,0,0,0,4,0,8,0,28,0,80,0,136,0,341,0,768,0,1644,0,3746,0,7548,14940,0,28824,0,53470,0,94160,0,159371,0,256272,0,391229,0,564525,0,760895,0,959775,0,1123470,0,1211916,0,1208242,0,1127579,0,995280,0,815395,0,552401,0,221360,1
0,0,0,0,0,0,0,0,0,0,0,0,0,0,0,0,0,0,0,0,0,0,0,0,0,0,0,0,0,0,0,0,0,0,0,0,0,0,0,0,0,0,0,0,0,0,0,0,0,0,0,0,0,0,0,0,0,0,0,0,0,0,0,0,0,0,0,0,0,0,0,0,0,0,0,0,0,0,0,0,0,0,0,0,0,0,0,1,0,4,0,11,0,27,0,71,0,148,0,311,0,759,0,1574,0,3626,0,7484,14558,0,28377,0,52619,0,92795,0,157426,0,253095,0,388136,0,560777,0,757432,0,957470,0,1122790,0,1212690,0,1212158,0,1131759,0,999268,0,819609,0,555491,0,222942,1
0,0,0,0,0,0,0,0,0,0,0,0,0,0,0,0,0,0,0,0,0,0,0,0,0,0,0,0,0,0,0,0,0,0,0,0,0,0,0,0,0,0,0,0,0,0,0,0,0,0,0,0,0,0,0,0,0,0,0,0,0,0,0,0,0,0,0,0,0,0,0,0,0,0,0,0,0,0,0,0,0,0,0,0,0,0,0,2,0,3,0,13,0,28,0,70,0,132,0,305,0,729,0,1553,0,3535,0,7313,14247,0,27725,0,51730,0,91509,0,155888,0,250536,0,384505,0,556879,0,753918,0,955607,0,1121568,0,1213242,0,1216188,0,1135603,0,1003672,0,824038,0,558296,0,224574,1
0,0,0,0,0,0,0,0,0,0,0,0,0,0,0,0,0,0,0,0,0,0,0,0,0,0,0,0,0,0,0,0,0,0,0,0,0,0,0,0,0,0,0,0,0,0,0,0,0,0,0,0,0,0,0,0,0,0,0,0,0,0,0,0,0,0,0,0,0,0,0,0,0,0,0,0,0,0,0,0,0,0,0,0,0,0,0,1,0,4,0,14,0,30,0,62,0,131,0,317,0,701,0,1541,0,3480,0,7062,13969,0,27364,0,50756,0,90078,0,154188,0,248067,0,380869,0,553352,0,749912,0,953179,0,1120836,0,1214898,0,1219322,0,1139506,0,1008828,0,827370,0,561610,0,225961,1
0,0,0,0,0,0,0,0,0,0,0,0,0,0,0,0,0,0,0,0,0,0,0,0,0,0,0,0,0,0,0,0,0,0,0,0,0,0,0,0,0,0,0,0,0,0,0,0,0,0,0,0,0,0,0,0,0,0,0,0,0,0,0,0,0,0,0,0,0,0,0,0,0,0,0,0,0,0,0,0,0,0,0,0,0,0,0,0,0,7,0,11,0,31,0,58,0,127,0,294,0,680,0,1522,0,3304,0,6975,13709,0,26760,0,49750,0,88926,0,152366,0,245428,0,377813,0,549129,0,747422,0,949521,0,1120867,0,1215897,0,1222445,0,1144077,0,1012764,0,831337,0,564657,0,227531,1
0,0,0,0,0,0,0,0,0,0,0,0,0,0,0,0,0,0,0,0,0,0,0,0,0,0,0,0,0,0,0,0,0,0,0,0,0,0,0,0,0,0,0,0,0,0,0,0,0,0,0,0,0,0,0,0,0,0,0,0,0,0,0,0,0,0,0,0,0,0,0,0,0,0,0,0,0,0,0,0,0,0,0,0,0,0,0,0,0,3,0,17,0,20,0,72,0,110,0,296,0,678,0,1455,0,3291,0,6683,13572,0,26290,0,48922,0,87725,0,150248,0,243136,0,374339,0,545580,0,743984,0,947014,0,1119405,0,1217168,0,1225397,0,1148958,0,1017280,0,834889,0,567640,0,229236,1
0,0,0,0,0,0,0,0,0,0,0,0,0,0,0,0,0,0,0,0,0,0,0,0,0,0,0,0,0,0,0,0,0,0,0,0,0,0,0,0,0,0,0,0,0,0,0,0,0,0,0,0,0,0,0,0,0,0,0,0,0,0,0,0,0,0,0,0,0,0,0,0,0,0,0,0,0,0,0,0,0,0,0,0,0,0,0,0,0,4,0,9,0,24,0,65,0,100,0,304,0,633,0,1475,0,3156,0,6574,13328,0,25623,0,48491,0,86529,0,148156,0,240255,0,371268,0,541533,0,740909,0,944348,0,1119031,0,1219110,0,1227387,0,1152871,0,1022001,0,838724,0,570545,0,230955,1
0,0,0,0,0,0,0,0,0,0,0,0,0,0,0,0,0,0,0,0,0,0,0,0,0,0,0,0,0,0,0,0,0,0,0,0,0,0,0,0,0,0,0,0,0,0,0,0,0,0,0,0,0,0,0,0,0,0,0,0,0,0,0,0,0,0,0,0,0,0,0,0,0,0,0,0,0,0,0,0,0,0,0,0,0,0,0,0,0,3,0,5,0,28,0,64,0,110,0,268,0,642,0,1395,0,3147,0,6390,13205,0,25160,0,47531,0,85098,0,146362,0,238102,0,367683,0,538174,0,737098,0,941852,0,1118411,0,1220751,0,1230455,0,1155796,0,1026987,0,841958,0,574286,0,232447,1
0,0,0,0,0,0,0,0,0,0,0,0,0,0,0,0,0,0,0,0,0,0,0,0,0,0,0,0,0,0,0,0,0,0,0,0,0,0,0,0,0,0,0,0,0,0,0,0,0,0,0,0,0,0,0,0,0,0,0,0,0,0,0,0,0,0,0,0,0,0,0,0,0,0,0,0,0,0,0,0,0,0,0,0,0,0,0,0,0,1,0,5,0,29,0,57,0,122,0,252,0,643,0,1370,0,3088,0,6224,12871,0,24745,0,46843,0,83626,0,144762,0,235444,0,365091,0,534516,0,732977,0,939496,0,1117249,0,1222172,0,1233300,0,1159799,0,1031451,0,846236,0,576923,0,234116,1
0,0,0,0,0,0,0,0,0,0,0,0,0,0,0,0,0,0,0,0,0,0,0,0,0,0,0,0,0,0,0,0,0,0,0,0,0,0,0,0,0,0,0,0,0,0,0,0,0,0,0,0,0,0,0,0,0,0,0,0,0,0,0,0,0,0,0,0,0,0,0,0,0,0,0,0,0,0,0,0,0,0,0,0,0,0,0,0,0,3,0,5,0,26,0,52,0,118,0,264,0,596,0,1388,0,2918,0,6220,12578,0,24252,0,45998,0,82912,0,142488,0,233165,0,361433,0,531009,0,729744,0,937236,0,1115898,0,1223421,0,1235610,0,1164752,0,1035905,0,849935,0,579842,0,235640,1
0,0,0,0,0,0,0,0,0,0,0,0,0,0,0,0,0,0,0,0,0,0,0,0,0,0,0,0,0,0,0,0,0,0,0,0,0,0,0,0,0,0,0,0,0,0,0,0,0,0,0,0,0,0,0,0,0,0,0,0,0,0,0,0,0,0,0,0,0,0,0,0,0,0,0,0,0,0,0,0,0,0,0,0,0,0,0,0,0,3,0,5,0,21,0,50,0,122,0,245,0,596,0,1333,0,2847,0,6159,12195,0,23911,0,45129,0,81893,0,140516,0,230418,0,358359,0,528333,0,726020,0,934441,0,1114651,0,1224721,0,1239177,0,1168451,0,1039720,0,854225,0,582560,0,237307,1
0,0,0,0,0,0,0,0,0,0,0,0,0,0,0,0,0,0,0,0,0,0,0,0,0,0,0,0,0,0,0,0,0,0,0,0,0,0,0,0,0,0,0,0,0,0,0,0,0,0,0,0,0,0,0,0,0,0,0,0,0,0,0,0,0,0,0,0,0,0,0,0,0,0,0,0,0,0,0,0,0,0,0,0,0,0,0,0,0,3,0,4,0,16,0,51,0,117,0,243,0,557,0,1314,0,2797,0,5901,12072,0,23553,0,44172,0,80646,0,138679,0,228275,0,355275,0,524455,0,722829,0,932636,0,1112691,0,1225646,0,1243048,0,1171771,0,1044037,0,858012,0,585719,0,238889,1
0,0,0,0,0,0,0,0,0,0,0,0,0,0,0,0,0,0,0,0,0,0,0,0,0,0,0,0,0,0,0,0,0,0,0,0,0,0,0,0,0,0,0,0,0,0,0,0,0,0,0,0,0,0,0,0,0,0,0,0,0,0,0,0,0,0,0,0,0,0,0,0,0,0,0,0,0,0,0,0,0,0,0,0,0,0,0,1,0,1,0,5,0,17,0,55,0,105,0,221,0,542,0,1240,0,2799,0,5706,11844,0,23293,0,43480,0,79406,0,136810,0,225852,0,352487,0,520293,0,719068,0,931071,0,1111498,0,1226208,0,1246266,0,1175527,0,1048513,0,861709,0,589114,0,240277,1
0,0,0,0,0,0,0,0,0,0,0,0,0,0,0,0,0,0,0,0,0,0,0,0,0,0,0,0,0,0,0,0,0,0,0,0,0,0,0,0,0,0,0,0,0,0,0,0,0,0,0,0,0,0,0,0,0,0,0,0,0,0,0,0,0,0,0,0,0,0,0,0,0,0,0,0,0,0,0,0,0,0,0,0,0,0,0,1,0,0,0,5,0,19,0,49,0,105,0,199,0,573,0,1225,0,2712,0,5616,11567,0,22595,0,43102,0,78380,0,134974,0,223578,0,349305,0,516883,0,715132,0,928399,0,1110840,0,1226928,0,1249047,0,1179279,0,1052323,0,866106,0,592427,0,242039,1
0,0,0,0,0,0,0,0,0,0,0,0,0,0,0,0,0,0,0,0,0,0,0,0,0,0,0,0,0,0,0,0,0,0,0,0,0,0,0,0,0,0,0,0,0,0,0,0,0,0,0,0,0,0,0,0,0,0,0,0,0,0,0,0,0,0,0,0,0,0,0,0,0,0,0,0,0,0,0,0,0,0,0,0,0,0,0,0,0,1,0,5,0,20,0,43,0,106,0,201,0,529,0,1233,0,2658,0,5506,11307,0,22288,0,42270,0,77245,0,133468,0,220981,0,345973,0,513451,0,712568,0,924768,0,1109961,0,1228145,0,1251437,0,1183584,0,1056257,0,870181,0,595452,0,243770,1
0,0,0,0,0,0,0,0,0,0,0,0,0,0,0,0,0,0,0,0,0,0,0,0,0,0,0,0,0,0,0,0,0,0,0,0,0,0,0,0,0,0,0,0,0,0,0,0,0,0,0,0,0,0,0,0,0,0,0,0,0,0,0,0,0,0,0,0,0,0,0,0,0,0,0,0,0,0,0,0,0,0,0,0,0,0,0,1,0,0,0,4,0,15,0,52,0,90,0,211,0,497,0,1203,0,2616,0,5389,11068,0,21949,0,41467,0,76221,0,131903,0,218370,0,343307,0,509875,0,709470,0,921973,0,1108542,0,1228808,0,1253860,0,1188341,0,1060195,0,874034,0,598497,0,245450,1
0,0,0,0,0,0,0,0,0,0,0,0,0,0,0,0,0,0,0,0,0,0,0,0,0,0,0,0,0,0,0,0,0,0,0,0,0,0,0,0,0,0,0,0,0,0,0,0,0,0,0,0,0,0,0,0,0,0,0,0,0,0,0,0,0,0,0,0,0,0,0,0,0,0,0,0,0,0,0,0,0,0,0,0,0,0,0,0,0,1,0,3,0,11,0,48,0,93,0,198,0,468,0,1224,0,2496,0,5226,10947,0,21680,0,40510,0,75338,0,130065,0,216263,0,340598,0,506029,0,706772,0,918611,0,1107136,0,1229480,0,1256700,0,1193054,0,1063635,0,877976,0,601867,0,246979,1
0,0,0,0,0,0,0,0,0,0,0,0,0,0,0,0,0,0,0,0,0,0,0,0,0,0,0,0,0,0,0,0,0,0,0,0,0,0,0,0,0,0,0,0,0,0,0,0,0,0,0,0,0,0,0,0,0,0,0,0,0,0,0,0,0,0,0,0,0,0,0,0,0,0,0,0,0,0,0,0,0,0,0,0,0,0,0,0,0,0,0,6,0,13,0,41,0,95,0,187,0,492,0,1152,0,2429,0,5140,10766,0,21290,0,39912,0,74263,0,128667,0,213363,0,338139,0,502908,0,702915,0,915844,0,1105698,0,1230432,0,1259423,0,1196539,0,1067873,0,882176,0,604807,0,248838,1
0,0,0,0,0,0,0,0,0,0,0,0,0,0,0,0,0,0,0,0,0,0,0,0,0,0,0,0,0,0,0,0,0,0,0,0,0,0,0,0,0,0,0,0,0,0,0,0,0,0,0,0,0,0,0,0,0,0,0,0,0,0,0,0,0,0,0,0,0,0,0,0,0,0,0,0,0,0,0,0,0,0,0,0,0,0,0,0,0,1,0,5,0,16,0,34,0,89,0,198,0,475,0,1130,0,2397,0,5062,10545,0,20874,0,39247,0,73106,0,127317,0,211374,0,335121,0,499136,0,698859,0,913812,0,1104541,0,1231424,0,1261633,0,1199721,0,1072584,0,885669,0,608380,0,250658,1
0,0,0,0,0,0,0,0,0,0,0,0,0,0,0,0,0,0,0,0,0,0,0,0,0,0,0,0,0,0,0,0,0,0,0,0,0,0,0,0,0,0,0,0,0,0,0,0,0,0,0,0,0,0,0,0,0,0,0,0,0,0,0,0,0,0,0,0,0,0,0,0,0,0,0,0,0,0,0,0,0,0,0,0,0,0,0,0,0,1,0,6,0,11,0,34,0,74,0,207,0,463,0,1112,0,2342,0,5047,10273,0,20392,0,38720,0,72032,0,125510,0,209097,0,332466,0,495527,0,696040,0,910309,0,1102922,0,1232460,0,1264290,0,1204069,0,1076668,0,889048,0,611846,0,252442,1
0,0,0,0,0,0,0,0,0,0,0,0,0,0,0,0,0,0,0,0,0,0,0,0,0,0,0,0,0,0,0,0,0,0,0,0,0,0,0,0,0,0,0,0,0,0,0,0,0,0,0,0,0,0,0,0,0,0,0,0,0,0,0,0,0,0,0,0,0,0,0,0,0,0,0,0,0,0,0,0,0,0,0,0,0,0,0,0,0,2,0,3,0,13,0,31,0,75,0,192,0,470,0,1098,0,2229,0,4956,10040,0,19948,0,38237,0,71005,0,123821,0,207269,0,328582,0,493231,0,692062,0,907882,0,1101687,0,1233341,0,1266624,0,1208043,0,1080443,0,892639,0,615358,0,254127,1
0,0,0,0,0,0,0,0,0,0,0,0,0,0,0,0,0,0,0,0,0,0,0,0,0,0,0,0,0,0,0,0,0,0,0,0,0,0,0,0,0,0,0,0,0,0,0,0,0,0,0,0,0,0,0,0,0,0,0,0,0,0,0,0,0,0,0,0,0,0,0,0,0,0,0,0,0,0,0,0,0,0,0,0,0,0,0,1,0,0,0,4,0,13,0,33,0,73,0,184,0,444,0,1068,0,2192,0,4797,9890,0,19607,0,37552,0,70032,0,122169,0,205212,0,325956,0,490187,0,689150,0,904103,0,1099985,0,1235042,0,1267834,0,1212297,0,1084334,0,896606,0,618837,0,255806,1
0,0,0,0,0,0,0,0,0,0,0,0,0,0,0,0,0,0,0,0,0,0,0,0,0,0,0,0,0,0,0,0,0,0,0,0,0,0,0,0,0,0,0,0,0,0,0,0,0,0,0,0,0,0,0,0,0,0,0,0,0,0,0,0,0,0,0,0,0,0,0,0,0,0,0,0,0,0,0,0,0,0,0,0,0,0,0,0,0,1,0,4,0,11,0,32,0,70,0,183,0,425,0,1035,0,2150,0,4792,9553,0,19402,0,36936,0,68766,0,120658,0,203508,0,323000,0,486991,0,686373,0,899917,0,1099715,0,1234424,0,1270913,0,1215875,0,1088021,0,901027,0,622019,0,257607,1
0,0,0,0,0,0,0,0,0,0,0,0,0,0,0,0,0,0,0,0,0,0,0,0,0,0,0,0,0,0,0,0,0,0,0,0,0,0,0,0,0,0,0,0,0,0,0,0,0,0,0,0,0,0,0,0,0,0,0,0,0,0,0,0,0,0,0,0,0,0,0,0,0,0,0,0,0,0,0,0,0,0,0,0,0,0,0,0,0,2,0,3,0,7,0,31,0,73,0,168,0,410,0,1040,0,2081,0,4605,9548,0,18895,0,36546,0,67732,0,119259,0,200931,0,320637,0,484002,0,682291,0,897775,0,1097652,0,1234877,0,1273714,0,1219080,0,1092912,0,904786,0,625096,0,259255,1
0,0,0,0,0,0,0,0,0,0,0,0,0,0,0,0,0,0,0,0,0,0,0,0,0,0,0,0,0,0,0,0,0,0,0,0,0,0,0,0,0,0,0,0,0,0,0,0,0,0,0,0,0,0,0,0,0,0,0,0,0,0,0,0,0,0,0,0,0,0,0,0,0,0,0,0,0,0,0,0,0,0,0,0,0,0,0,0,0,1,0,6,0,8,0,25,0,69,0,163,0,390,0,1010,0,2062,0,4525,9294,0,18621,0,35957,0,66645,0,117939,0,199184,0,317733,0,480289,0,678993,0,895037,0,1096427,0,1234862,0,1276492,0,1223159,0,1096653,0,908487,0,628529,0,260848,1
0,0,0,0,0,0,0,0,0,0,0,0,0,0,0,0,0,0,0,0,0,0,0,0,0,0,0,0,0,0,0,0,0,0,0,0,0,0,0,0,0,0,0,0,0,0,0,0,0,0,0,0,0,0,0,0,0,0,0,0,0,0,0,0,0,0,0,0,0,0,0,0,0,0,0,0,0,0,0,0,0,0,0,0,0,0,0,0,0,2,0,4,0,11,0,28,0,55,0,172,0,407,0,894,0,2066,0,4419,9128,0,18393,0,35290,0,65870,0,116548,0,196939,0,315105,0,476560,0,675649,0,892412,0,1094579,0,1235190,0,1278978,0,1227268,0,1100997,0,911971,0,631633,0,262840,1
0,0,0,0,0,0,0,0,0,0,0,0,0,0,0,0,0,0,0,0,0,0,0,0,0,0,0,0,0,0,0,0,0,0,0,0,0,0,0,0,0,0,0,0,0,0,0,0,0,0,0,0,0,0,0,0,0,0,0,0,0,0,0,0,0,0,0,0,0,0,0,0,0,0,0,0,0,0,0,0,0,0,0,0,0,0,0,0,0,2,0,4,0,10,0,21,0,63,0,166,0,406,0,874,0,2040,0,4244,8979,0,18022,0,34850,0,64824,0,114915,0,195396,0,312617,0,473243,0,671801,0,889973,0,1092958,0,1235205,0,1282021,0,1230567,0,1104964,0,915948,0,634816,0,264479,1
0,0,0,0,0,0,0,0,0,0,0,0,0,0,0,0,0,0,0,0,0,0,0,0,0,0,0,0,0,0,0,0,0,0,0,0,0,0,0,0,0,0,0,0,0,0,0,0,0,0,0,0,0,0,0,0,0,0,0,0,0,0,0,0,0,0,0,0,0,0,0,0,0,0,0,0,0,0,0,0,0,0,0,0,0,0,0,0,0,0,0,5,0,10,0,19,0,63,0,169,0,392,0,863,0,1982,0,4235,8774,0,17582,0,34462,0,63898,0,113493,0,193140,0,309996,0,470076,0,668846,0,887610,0,1090095,0,1235921,0,1284537,0,1233976,0,1108804,0,920079,0,638224,0,266157,1
0,0,0,0,0,0,0,0,0,0,0,0,0,0,0,0,0,0,0,0,0,0,0,0,0,0,0,0,0,0,0,0,0,0,0,0,0,0,0,0,0,0,0,0,0,0,0,0,0,0,0,0,0,0,0,0,0,0,0,0,0,0,0,0,0,0,0,0,0,0,0,0,0,0,0,0,0,0,0,0,0,0,0,0,0,0,0,0,0,1,0,2,0,11,0,19,0,59,0,161,0,379,0,876,0,1891,0,4195,8425,0,17490,0,33833,0,63008,0,112684,0,190655,0,306754,0,467451,0,665340,0,885491,0,1088135,0,1235421,0,1287436,0,1238483,0,1112049,0,923761,0,641293,0,268105,1
0,0,0,0,0,0,0,0,0,0,0,0,0,0,0,0,0,0,0,0,0,0,0,0,0,0,0,0,0,0,0,0,0,0,0,0,0,0,0,0,0,0,0,0,0,0,0,0,0,0,0,0,0,0,0,0,0,0,0,0,0,0,0,0,0,0,0,0,0,0,0,0,0,0,0,0,0,0,0,0,0,0,0,0,0,0,0,0,0,0,0,3,0,9,0,21,0,54,0,151,0,379,0,855,0,1844,0,4109,8432,0,16896,0,33408,0,62178,0,110860,0,188947,0,304158,0,463915,0,662685,0,882648,0,1086733,0,1235672,0,1289662,0,1241585,0,1117024,0,927112,0,644061,0,270007,1
0,0,0,0,0,0,0,0,0,0,0,0,0,0,0,0,0,0,0,0,0,0,0,0,0,0,0,0,0,0,0,0,0,0,0,0,0,0,0,0,0,0,0,0,0,0,0,0,0,0,0,0,0,0,0,0,0,0,0,0,0,0,0,0,0,0,0,0,0,0,0,0,0,0,0,0,0,0,0,0,0,0,0,0,0,0,0,0,0,0,0,2,0,6,0,23,0,53,0,166,0,356,0,809,0,1796,0,3992,8318,0,16690,0,32714,0,61309,0,109885,0,186274,0,302057,0,460936,0,659057,0,879998,0,1084588,0,1236305,0,1291728,0,1245263,0,1121358,0,930768,0,647141,0,271816,1
0,0,0,0,0,0,0,0,0,0,0,0,0,0,0,0,0,0,0,0,0,0,0,0,0,0,0,0,0,0,0,0,0,0,0,0,0,0,0,0,0,0,0,0,0,0,0,0,0,0,0,0,0,0,0,0,0,0,0,0,0,0,0,0,0,0,0,0,0,0,0,0,0,0,0,0,0,0,0,0,0,0,0,0,0,0,0,0,0,0,0,2,0,6,0,23,0,61,0,156,0,347,0,798,0,1744,0,3871,8092,0,16486,0,32264,0,60414,0,108332,0,185050,0,299619,0,457088,0,655910,0,877117,0,1082108,0,1236751,0,1294547,0,1249352,0,1124505,0,935222,0,650060,0,273483,1
0,0,0,0,0,0,0,0,0,0,0,0,0,0,0,0,0,0,0,0,0,0,0,0,0,0,0,0,0,0,0,0,0,0,0,0,0,0,0,0,0,0,0,0,0,0,0,0,0,0,0,0,0,0,0,0,0,0,0,0,0,0,0,0,0,0,0,0,0,0,0,0,0,0,0,0,0,0,0,0,0,0,0,0,0,0,0,0,0,1,0,1,0,7,0,22,0,54,0,155,0,357,0,759,0,1767,0,3790,7908,0,16218,0,31775,0,59416,0,106553,0,183644,0,296993,0,454203,0,652349,0,874538,0,1081305,0,1236051,0,1296376,0,1252951,0,1129351,0,938706,0,653058,0,275100,1
0,0,0,0,0,0,0,0,0,0,0,0,0,0,0,0,0,0,0,0,0,0,0,0,0,0,0,0,0,0,0,0,0,0,0,0,0,0,0,0,0,0,0,0,0,0,0,0,0,0,0,0,0,0,0,0,0,0,0,0,0,0,0,0,0,0,0,0,0,0,0,0,0,0,0,0,0,0,0,0,0,0,0,0,0,0,0,1,0,0,0,2,0,5,0,19,0,53,0,147,0,368,0,733,0,1719,0,3702,7790,0,15908,0,31276,0,58745,0,104961,0,181872,0,294368,0,451606,0,647937,0,872154,0,1080571,0,1235959,0,1297444,0,1256883,0,1133512,0,942812,0,656203,0,276658,1
0,0,0,0,0,0,0,0,0,0,0,0,0,0,0,0,0,0,0,0,0,0,0,0,0,0,0,0,0,0,0,0,0,0,0,0,0,0,0,0,0,0,0,0,0,0,0,0,0,0,0,0,0,0,0,0,0,0,0,0,0,0,0,0,0,0,0,0,0,0,0,0,0,0,0,0,0,0,0,0,0,0,0,0,0,0,0,1,0,1,0,0,0,6,0,14,0,63,0,142,0,350,0,720,0,1678,0,3614,7671,0,15585,0,30802,0,57890,0,104187,0,179293,0,292255,0,448601,0,645064,0,867988,0,1079294,0,1236240,0,1300064,0,1259944,0,1137785,0,946799,0,658967,0,278390,1
0,0,0,0,0,0,0,0,0,0,0,0,0,0,0,0,0,0,0,0,0,0,0,0,0,0,0,0,0,0,0,0,0,0,0,0,0,0,0,0,0,0,0,0,0,0,0,0,0,0,0,0,0,0,0,0,0,0,0,0,0,0,0,0,0,0,0,0,0,0,0,0,0,0,0,0,0,0,0,0,0,0,0,0,0,0,0,1,0,0,0,2,0,4,0,18,0,60,0,138,0,317,0,752,0,1592,0,3525,7557,0,15475,0,30200,0,57208,0,102766,0,177566,0,289473,0,445314,0,642322,0,865147,0,1077332,0,1236396,0,1302693,0,1262865,0,1142482,0,950353,0,661811,0,280039,1
0,0,0,0,0,0,0,0,0,0,0,0,0,0,0,0,0,0,0,0,0,0,0,0,0,0,0,0,0,0,0,0,0,0,0,0,0,0,0,0,0,0,0,0,0,0,0,0,0,0,0,0,0,0,0,0,0,0,0,0,0,0,0,0,0,0,0,0,0,0,0,0,0,0,0,0,0,0,0,0,0,0,0,0,0,1,0,0,0,0,0,3,0,5,0,18,0,50,0,131,0,332,0,690,0,1601,0,3447,7394,0,15180,0,29855,0,56032,0,101853,0,176001,0,286369,0,442399,0,639572,0,861996,0,1075585,0,1236811,0,1304303,0,1266461,0,1147172,0,953406,0,665231,0,281510,1
0,0,0,0,0,0,0,0,0,0,0,0,0,0,0,0,0,0,0,0,0,0,0,0,0,0,0,0,0,0,0,0,0,0,0,0,0,0,0,0,0,0,0,0,0,0,0,0,0,0,0,0,0,0,0,0,0,0,0,0,0,0,0,0,0,0,0,0,0,0,0,0,0,0,0,0,0,0,0,0,0,0,0,0,0,0,0,1,0,0,0,1,0,10,0,21,0,40,0,123,0,327,0,666,0,1561,0,3438,7187,0,14958,0,29309,0,55411,0,100616,0,174361,0,284151,0,439028,0,636366,0,858734,0,1074312,0,1236933,0,1306203,0,1270069,0,1150919,0,957240,0,668402,0,283021,1
0,0,0,0,0,0,0,0,0,0,0,0,0,0,0,0,0,0,0,0,0,0,0,0,0,0,0,0,0,0,0,0,0,0,0,0,0,0,0,0,0,0,0,0,0,0,0,0,0,0,0,0,0,0,0,0,0,0,0,0,0,0,0,0,0,0,0,0,0,0,0,0,0,0,0,0,0,0,0,0,0,0,0,0,0,0,0,1,0,0,0,2,0,8,0,21,0,35,0,126,0,299,0,652,0,1517,0,3319,7177,0,14660,0,28907,0,54824,0,99471,0,172037,0,282274,0,435839,0,633165,0,856603,0,1072240,0,1236617,0,1307896,0,1274200,0,1154223,0,961195,0,671438,0,284662,1
0,0,0,0,0,0,0,0,0,0,0,0,0,0,0,0,0,0,0,0,0,0,0,0,0,0,0,0,0,0,0,0,0,0,0,0,0,0,0,0,0,0,0,0,0,0,0,0,0,0,0,0,0,0,0,0,0,0,0,0,0,0,0,0,0,0,0,0,0,0,0,0,0,0,0,0,0,0,0,0,0,0,0,0,0,1,0,0,0,2,0,0,0,7,0,22,0,39,0,117,0,289,0,632,0,1433,0,3297,7110,0,14457,0,28453,0,54040,0,98505,0,170309,0,279720,0,433012,0,629788,0,854046,0,1070097,0,1236734,0,1309522,0,1277935,0,1157973,0,965204,0,674349,0,286315,1
0,0,0,0,0,0,0,0,0,0,0,0,0,0,0,0,0,0,0,0,0,0,0,0,0,0,0,0,0,0,0,0,0,0,0,0,0,0,0,0,0,0,0,0,0,0,0,0,0,0,0,0,0,0,0,0,0,0,0,0,0,0,0,0,0,0,0,0,0,0,0,0,0,0,0,0,0,0,0,0,0,0,0,0,0,1,0,0,0,1,0,1,0,10,0,16,0,46,0,109,0,268,0,647,0,1379,0,3193,6988,0,14315,0,27923,0,53349,0,97310,0,168358,0,277419,0,431091,0,626439,0,850318,0,1068921,0,1236531,0,1312058,0,1281190,0,1161280,0,969211,0,676821,0,288215,1
0,0,0,0,0,0,0,0,0,0,0,0,0,0,0,0,0,0,0,0,0,0,0,0,0,0,0,0,0,0,0,0,0,0,0,0,0,0,0,0,0,0,0,0,0,0,0,0,0,0,0,0,0,0,0,0,0,0,0,0,0,0,0,0,0,0,0,0,0,0,0,0,0,0,0,0,0,0,0,0,0,0,0,0,0,0,0,1,0,1,0,2,0,8,0,16,0,40,0,119,0,252,0,613,0,1370,0,3217,6792,0,13947,0,27592,0,52689,0,96444,0,166528,0,274603,0,428089,0,623003,0,847882,0,1066965,0,1237225,0,1313885,0,1284120,0,1165516,0,973038,0,679797,0,289654,1
0,0,0,0,0,0,0,0,0,0,0,0,0,0,0,0,0,0,0,0,0,0,0,0,0,0,0,0,0,0,0,0,0,0,0,0,0,0,0,0,0,0,0,0,0,0,0,0,0,0,0,0,0,0,0,0,0,0,0,0,0,0,0,0,0,0,0,0,0,0,0,0,0,0,0,0,0,0,0,0,0,0,0,0,0,0,0,1,0,0,0,3,0,7,0,13,0,43,0,110,0,242,0,609,0,1351,0,3141,6621,0,13883,0,26903,0,52173,0,95329,0,164353,0,273113,0,424930,0,619872,0,843931,0,1065800,0,1237070,0,1315494,0,1288018,0,1169363,0,977192,0,682640,0,291203,1
0,0,0,0,0,0,0,0,0,0,0,0,0,0,0,0,0,0,0,0,0,0,0,0,0,0,0,0,0,0,0,0,0,0,0,0,0,0,0,0,0,0,0,0,0,0,0,0,0,0,0,0,0,0,0,0,0,0,0,0,0,0,0,0,0,0,0,0,0,0,0,0,0,0,0,0,0,0,0,0,0,0,0,0,0,0,0,1,0,1,0,3,0,6,0,12,0,47,0,103,0,259,0,563,0,1303,0,3060,6526,0,13578,0,26782,0,51394,0,93942,0,163061,0,271209,0,420940,0,616801,0,840955,0,1064611,0,1237453,0,1317345,0,1290757,0,1173490,0,980873,0,685601,0,292732,1
0,0,0,0,0,0,0,0,0,0,0,0,0,0,0,0,0,0,0,0,0,0,0,0,0,0,0,0,0,0,0,0,0,0,0,0,0,0,0,0,0,0,0,0,0,0,0,0,0,0,0,0,0,0,0,0,0,0,0,0,0,0,0,0,0,0,0,0,0,0,0,0,0,0,0,0,0,0,0,0,0,0,0,0,0,1,0,0,0,1,0,3,0,5,0,13,0,42,0,106,0,244,0,577,0,1295,0,2967,6456,0,13341,0,26305,0,50576,0,92962,0,161786,0,268640,0,418027,0,613792,0,837887,0,1062591,0,1237023,0,1319371,0,1294706,0,1177094,0,984214,0,688907,0,294476,1
0,0,0,0,0,0,0,0,0,0,0,0,0,0,0,0,0,0,0,0,0,0,0,0,0,0,0,0,0,0,0,0,0,0,0,0,0,0,0,0,0,0,0,0,0,0,0,0,0,0,0,0,0,0,0,0,0,0,0,0,0,0,0,0,0,0,0,0,0,0,0,0,0,0,0,0,0,0,0,0,0,0,0,0,0,1,0,0,0,1,0,2,0,7,0,17,0,33,0,103,0,247,0,553,0,1274,0,2910,6387,0,13010,0,25981,0,50053,0,92088,0,159977,0,266956,0,414863,0,610693,0,835564,0,1059588,0,1237450,0,1320262,0,1298607,0,1180714,0,988034,0,692054,0,295979,1
0,0,0,0,0,0,0,0,0,0,0,0,0,0,0,0,0,0,0,0,0,0,0,0,0,0,0,0,0,0,0,0,0,0,0,0,0,0,0,0,0,0,0,0,0,0,0,0,0,0,0,0,0,0,0,0,0,0,0,0,0,0,0,0,0,0,0,0,0,0,0,0,0,0,0,0,0,0,0,0,0,0,0,0,0,1,0,0,0,1,0,2,0,4,0,16,0,43,0,97,0,220,0,538,0,1322,0,2825,6249,0,12725,0,25735,0,49533,0,90629,0,158503,0,264409,0,412471,0,607621,0,832413,0,1058466,0,1236613,0,1321533,0,1302217,0,1184531,0,991795,0,695146,0,297750,1
0,0,0,0,0,0,0,0,0,0,0,0,0,0,0,0,0,0,0,0,0,0,0,0,0,0,0,0,0,0,0,0,0,0,0,0,0,0,0,0,0,0,0,0,0,0,0,0,0,0,0,0,0,0,0,0,0,0,0,0,0,0,0,0,0,0,0,0,0,0,0,0,0,0,0,0,0,0,0,0,0,0,0,0,0,1,0,0,0,2,0,1,0,5,0,13,0,47,0,99,0,199,0,543,0,1277,0,2828,6095,0,12556,0,25364,0,48482,0,89622,0,157130,0,262218,0,409932,0,604591,0,829647,0,1055867,0,1237271,0,1322398,0,1305254,0,1188256,0,995232,0,698794,0,299684,1
0,0,0,0,0,0,0,0,0,0,0,0,0,0,0,0,0,0,0,0,0,0,0,0,0,0,0,0,0,0,0,0,0,0,0,0,0,0,0,0,0,0,0,0,0,0,0,0,0,0,0,0,0,0,0,0,0,0,0,0,0,0,0,0,0,0,0,0,0,0,0,0,0,0,0,0,0,0,0,0,0,0,0,0,0,0,0,1,0,1,0,3,0,7,0,13,0,44,0,90,0,193,0,555,0,1180,0,2830,5911,0,12437,0,25016,0,47828,0,88255,0,155892,0,259874,0,407479,0,601299,0,827342,0,1053630,0,1237313,0,1323899,0,1308586,0,1191065,0,999388,0,701670,0,301607,1
0,0,0,0,0,0,0,0,0,0,0,0,0,0,0,0,0,0,0,0,0,0,0,0,0,0,0,0,0,0,0,0,0,0,0,0,0,0,0,0,0,0,0,0,0,0,0,0,0,0,0,0,0,0,0,0,0,0,0,0,0,0,0,0,0,0,0,0,0,0,0,0,0,0,0,0,0,0,0,0,0,0,0,0,0,0,0,1,0,2,0,1,0,9,0,18,0,34,0,88,0,186,0,526,0,1197,0,2695,5946,0,12296,0,24424,0,47345,0,87416,0,154329,0,256969,0,404919,0,598419,0,824937,0,1051453,0,1236804,0,1325901,0,1311983,0,1194478,0,1002710,0,704860,0,303462,1
0,0,0,0,0,0,0,0,0,0,0,0,0,0,0,0,0,0,0,0,0,0,0,0,0,0,0,0,0,0,0,0,0,0,0,0,0,0,0,0,0,0,0,0,0,0,0,0,0,0,0,0,0,0,0,0,0,0,0,0,0,0,0,0,0,0,0,0,0,0,0,0,0,0,0,0,0,0,0,0,0,0,0,0,0,0,0,2,0,1,0,2,0,7,0,17,0,40,0,85,0,182,0,513,0,1165,0,2655,5783,0,12138,0,24070,0,46827,0,86327,0,152399,0,255549,0,401892,0,595569,0,821824,0,1049658,0,1236870,0,1327055,0,1314619,0,1198085,0,1006763,0,708078,0,305233,1
0,0,0,0,0,0,0,0,0,0,0,0,0,0,0,0,0,0,0,0,0,0,0,0,0,0,0,0,0,0,0,0,0,0,0,0,0,0,0,0,0,0,0,0,0,0,0,0,0,0,0,0,0,0,0,0,0,0,0,0,0,0,0,0,0,0,0,0,0,0,0,0,0,0,0,0,0,0,0,0,0,0,0,0,0,0,0,2,0,0,0,3,0,4,0,16,0,50,0,86,0,195,0,482,0,1127,0,2590,5668,0,11948,0,23771,0,46367,0,85192,0,150706,0,253252,0,399152,0,592884,0,818507,0,1048636,0,1236400,0,1328709,0,1316717,0,1201901,0,1010556,0,711270,0,307217,1
0,0,0,0,0,0,0,0,0,0,0,0,0,0,0,0,0,0,0,0,0,0,0,0,0,0,0,0,0,0,0,0,0,0,0,0,0,0,0,0,0,0,0,0,0,0,0,0,0,0,0,0,0,0,0,0,0,0,0,0,0,0,0,0,0,0,0,0,0,0,0,0,0,0,0,0,0,0,0,0,0,0,0,0,0,0,0,2,0,0,0,3,0,4,0,14,0,46,0,89,0,195,0,480,0,1098,0,2530,5541,0,11754,0,23523,0,45505,0,84720,0,149166,0,250689,0,397093,0,589644,0,816093,0,1045687,0,1235659,0,1330979,0,1319769,0,1205673,0,1013712,0,714791,0,308949,1
0,0,0,0,0,0,0,0,0,0,0,0,0,0,0,0,0,0,0,0,0,0,0,0,0,0,0,0,0,0,0,0,0,0,0,0,0,0,0,0,0,0,0,0,0,0,0,0,0,0,0,0,0,0,0,0,0,0,0,0,0,0,0,0,0,0,0,0,0,0,0,0,0,0,0,0,0,0,0,0,0,0,0,0,0,0,0,2,0,0,0,3,0,3,0,14,0,43,0,76,0,225,0,461,0,1094,0,2467,5474,0,11446,0,23204,0,44854,0,83642,0,148101,0,248361,0,393952,0,587266,0,813887,0,1043469,0,1234812,0,1332839,0,1322254,0,1209502,0,1017134,0,718152,0,310671,1
0,0,0,0,0,0,0,0,0,0,0,0,0,0,0,0,0,0,0,0,0,0,0,0,0,0,0,0,0,0,0,0,0,0,0,0,0,0,0,0,0,0,0,0,0,0,0,0,0,0,0,0,0,0,0,0,0,0,0,0,0,0,0,0,0,0,0,0,0,0,0,0,0,0,0,0,0,0,0,0,0,0,0,0,0,0,0,2,0,1,0,0,0,5,0,14,0,36,0,80,0,214,0,461,0,1089,0,2417,5383,0,11197,0,22923,0,44314,0,82595,0,146383,0,246415,0,391539,0,583992,0,811033,0,1041706,0,1233605,0,1335388,0,1325123,0,1212483,0,1021152,0,721359,0,312499,1
0,0,0,0,0,0,0,0,0,0,0,0,0,0,0,0,0,0,0,0,0,0,0,0,0,0,0,0,0,0,0,0,0,0,0,0,0,0,0,0,0,0,0,0,0,0,0,0,0,0,0,0,0,0,0,0,0,0,0,0,0,0,0,0,0,0,0,0,0,0,0,0,0,0,0,0,0,0,0,0,0,0,0,0,0,0,0,1,0,2,0,1,0,5,0,15,0,32,0,78,0,210,0,452,0,1056,0,2418,5235,0,10921,0,22783,0,43454,0,81699,0,145147,0,244096,0,389298,0,580596,0,808584,0,1039640,0,1233121,0,1336634,0,1328034,0,1216628,0,1024818,0,724081,0,314369,1
0,0,0,0,0,0,0,0,0,0,0,0,0,0,0,0,0,0,0,0,0,0,0,0,0,0,0,0,0,0,0,0,0,0,0,0,0,0,0,0,0,0,0,0,0,0,0,0,0,0,0,0,0,0,0,0,0,0,0,0,0,0,0,0,0,0,0,0,0,0,0,0,0,0,0,0,0,0,0,0,0,0,0,0,0,0,0,1,0,0,0,2,0,5,0,16,0,28,0,87,0,199,0,425,0,1084,0,2396,5045,0,10905,0,22370,0,42849,0,80841,0,143678,0,242428,0,385989,0,577894,0,805232,0,1038846,0,1231754,0,1338171,0,1331332,0,1219909,0,1028706,0,726862,0,316354,1
0,0,0,0,0,0,0,0,0,0,0,0,0,0,0,0,0,0,0,0,0,0,0,0,0,0,0,0,0,0,0,0,0,0,0,0,0,0,0,0,0,0,0,0,0,0,0,0,0,0,0,0,0,0,0,0,0,0,0,0,0,0,0,0,0,0,0,0,0,0,0,0,0,0,0,0,0,0,0,0,0,0,0,0,0,0,0,1,0,0,0,2,0,2,0,17,0,34,0,82,0,175,0,436,0,1048,0,2350,4996,0,10704,0,22051,0,42464,0,79883,0,142160,0,240820,0,382605,0,575419,0,802901,0,1036443,0,1230300,0,1339698,0,1334280,0,1224203,0,1032224,0,729922,0,318188,1
0,0,0,0,0,0,0,0,0,0,0,0,0,0,0,0,0,0,0,0,0,0,0,0,0,0,0,0,0,0,0,0,0,0,0,0,0,0,0,0,0,0,0,0,0,0,0,0,0,0,0,0,0,0,0,0,0,0,0,0,0,0,0,0,0,0,0,0,0,0,0,0,0,0,0,0,0,0,0,0,0,0,0,0,0,0,0,0,0,1,0,2,0,2,0,14,0,38,0,73,0,176,0,444,0,1039,0,2331,4830,0,10550,0,21739,0,41991,0,78904,0,140795,0,238759,0,380309,0,571884,0,800802,0,1033975,0,1230577,0,1339739,0,1337672,0,1228175,0,1035867,0,732952,0,319768,1
0,0,0,0,0,0,0,0,0,0,0,0,0,0,0,0,0,0,0,0,0,0,0,0,0,0,0,0,0,0,0,0,0,0,0,0,0,0,0,0,0,0,0,0,0,0,0,0,0,0,0,0,0,0,0,0,0,0,0,0,0,0,0,0,0,0,0,0,0,0,0,0,0,0,0,0,0,0,0,0,0,0,0,0,0,0,0,0,0,0,0,2,0,4,0,10,0,38,0,76,0,176,0,410,0,1020,0,2238,4885,0,10369,0,21408,0,41326,0,77922,0,139596,0,236317,0,378121,0,569276,0,797801,0,1032725,0,1229530,0,1341740,0,1339211,0,1232489,0,1038814,0,736239,0,321665,1
0,0,0,0,0,0,0,0,0,0,0,0,0,0,0,0,0,0,0,0,0,0,0,0,0,0,0,0,0,0,0,0,0,0,0,0,0,0,0,0,0,0,0,0,0,0,0,0,0,0,0,0,0,0,0,0,0,0,0,0,0,0,0,0,0,0,0,0,0,0,0,0,0,0,0,0,0,0,0,0,0,0,0,0,0,0,0,0,0,0,0,0,0,6,0,11,0,37,0,70,0,179,0,394,0,1010,0,2212,4775,0,10257,0,21041,0,40770,0,77051,0,138586,0,233758,0,376063,0,566239,0,794152,0,1031645,0,1229182,0,1343262,0,1341135,0,1236170,0,1042518,0,739500,0,323385,1
0,0,0,0,0,0,0,0,0,0,0,0,0,0,0,0,0,0,0,0,0,0,0,0,0,0,0,0,0,0,0,0,0,0,0,0,0,0,0,0,0,0,0,0,0,0,0,0,0,0,0,0,0,0,0,0,0,0,0,0,0,0,0,0,0,0,0,0,0,0,0,0,0,0,0,0,0,0,0,0,0,0,0,0,0,0,0,0,0,0,0,0,0,6,0,14,0,35,0,71,0,156,0,388,0,1016,0,2153,4673,0,10079,0,20603,0,40574,0,76236,0,136730,0,232100,0,373520,0,563185,0,791584,0,1029506,0,1229373,0,1343612,0,1344282,0,1239434,0,1045452,0,743475,0,325151,1
0,0,0,0,0,0,0,0,0,0,0,0,0,0,0,0,0,0,0,0,0,0,0,0,0,0,0,0,0,0,0,0,0,0,0,0,0,0,0,0,0,0,0,0,0,0,0,0,0,0,0,0,0,0,0,0,0,0,0,0,0,0,0,0,0,0,0,0,0,0,0,0,0,0,0,0,0,0,0,0,0,0,0,0,0,0,0,0,0,0,0,0,0,6,0,13,0,28,0,71,0,156,0,412,0,931,0,2106,4700,0,9936,0,20249,0,39877,0,75722,0,134883,0,230477,0,371485,0,559637,0,789341,0,1027273,0,1228999,0,1345061,0,1346694,0,1242755,0,1049187,0,746734,0,326675,1
0,0,0,0,0,0,0,0,0,0,0,0,0,0,0,0,0,0,0,0,0,0,0,0,0,0,0,0,0,0,0,0,0,0,0,0,0,0,0,0,0,0,0,0,0,0,0,0,0,0,0,0,0,0,0,0,0,0,0,0,0,0,0,0,0,0,0,0,0,0,0,0,0,0,0,0,0,0,0,0,0,0,0,0,0,0,0,0,0,0,0,0,0,4,0,11,0,29,0,66,0,181,0,389,0,885,0,2076,4566,0,9890,0,19925,0,39505,0,74541,0,133697,0,228866,0,369036,0,557219,0,785938,0,1025157,0,1228746,0,1346218,0,1348724,0,1246199,0,1053415,0,749726,0,328399,1
0,0,0,0,0,0,0,0,0,0,0,0,0,0,0,0,0,0,0,0,0,0,0,0,0,0,0,0,0,0,0,0,0,0,0,0,0,0,0,0,0,0,0,0,0,0,0,0,0,0,0,0,0,0,0,0,0,0,0,0,0,0,0,0,0,0,0,0,0,0,0,0,0,0,0,0,0,0,0,0,0,0,0,0,0,0,0,0,0,0,0,0,0,1,0,16,0,26,0,60,0,175,0,395,0,831,0,2067,4534,0,9693,0,19677,0,38885,0,73831,0,132486,0,226664,0,366403,0,554947,0,782612,0,1023773,0,1228137,0,1347251,0,1351602,0,1249666,0,1056908,0,752684,0,330084,1
0,0,0,0,0,0,0,0,0,0,0,0,0,0,0,0,0,0,0,0,0,0,0,0,0,0,0,0,0,0,0,0,0,0,0,0,0,0,0,0,0,0,0,0,0,0,0,0,0,0,0,0,0,0,0,0,0,0,0,0,0,0,0,0,0,0,0,0,0,0,0,0,0,0,0,0,0,0,0,0,0,0,0,0,0,0,0,0,0,0,0,0,0,2,0,13,0,22,0,67,0,154,0,386,0,850,0,1977,4468,0,9493,0,19358,0,38590,0,72933,0,131237,0,224847,0,363823,0,551701,0,780128,0,1021688,0,1227783,0,1348273,0,1354454,0,1252885,0,1060556,0,755975,0,331745,1
0,0,0,0,0,0,0,0,0,0,0,0,0,0,0,0,0,0,0,0,0,0,0,0,0,0,0,0,0,0,0,0,0,0,0,0,0,0,0,0,0,0,0,0,0,0,0,0,0,0,0,0,0,0,0,0,0,0,0,0,0,0,0,0,0,0,0,0,0,0,0,0,0,0,0,0,0,0,0,0,0,0,0,0,0,0,0,0,0,0,0,0,0,4,0,7,0,20,0,70,0,154,0,366,0,874,0,1926,4381,0,9323,0,19130,0,38062,0,72056,0,130160,0,222673,0,361772,0,548504,0,778227,0,1018892,0,1226758,0,1350307,0,1357060,0,1256170,0,1063550,0,759230,0,333732,1
0,0,0,0,0,0,0,0,0,0,0,0,0,0,0,0,0,0,0,0,0,0,0,0,0,0,0,0,0,0,0,0,0,0,0,0,0,0,0,0,0,0,0,0,0,0,0,0,0,0,0,0,0,0,0,0,0,0,0,0,0,0,0,0,0,0,0,0,0,0,0,0,0,0,0,0,0,0,0,0,0,0,0,0,0,0,0,0,0,0,0,0,0,4,0,7,0,22,0,73,0,145,0,356,0,845,0,1927,4327,0,9078,0,19006,0,37483,0,71505,0,128931,0,220862,0,358833,0,546324,0,775280,0,1016541,0,1226515,0,1351592,0,1359441,0,1259512,0,1066970,0,762489,0,335340,1
0,0,0,0,0,0,0,0,0,0,0,0,0,0,0,0,0,0,0,0,0,0,0,0,0,0,0,0,0,0,0,0,0,0,0,0,0,0,0,0,0,0,0,0,0,0,0,0,0,0,0,0,0,0,0,0,0,0,0,0,0,0,0,0,0,0,0,0,0,0,0,0,0,0,0,0,0,0,0,0,0,0,0,0,0,0,0,0,0,0,0,0,0,5,0,7,0,23,0,61,0,152,0,354,0,817,0,1915,4231,0,8946,0,18626,0,37142,0,71045,0,127113,0,219743,0,356024,0,543407,0,772674,0,1014516,0,1225804,0,1352958,0,1361223,0,1264189,0,1069769,0,765408,0,337256,1
0,0,0,0,0,0,0,0,0,0,0,0,0,0,0,0,0,0,0,0,0,0,0,0,0,0,0,0,0,0,0,0,0,0,0,0,0,0,0,0,0,0,0,0,0,0,0,0,0,0,0,0,0,0,0,0,0,0,0,0,0,0,0,0,0,0,0,0,0,0,0,0,0,0,0,0,0,0,0,0,0,0,0,0,0,0,0,0,0,0,0,0,0,5,0,10,0,16,0,60,0,161,0,325,0,799,0,1852,4164,0,8824,0,18541,0,36706,0,69840,0,126176,0,217797,0,353428,0,541455,0,769349,0,1013182,0,1224687,0,1352911,0,1364290,0,1268079,0,1073369,0,768154,0,339228,1
0,0,0,0,0,0,0,0,0,0,0,0,0,0,0,0,0,0,0,0,0,0,0,0,0,0,0,0,0,0,0,0,0,0,0,0,0,0,0,0,0,0,0,0,0,0,0,0,0,0,0,0,0,0,0,0,0,0,0,0,0,0,0,0,0,0,0,0,0,0,0,0,0,0,0,0,0,0,0,0,0,0,0,0,0,0,0,0,0,0,0,1,0,5,0,7,0,22,0,57,0,145,0,334,0,773,0,1797,4150,0,8731,0,18216,0,36370,0,68901,0,124970,0,216148,0,351098,0,538738,0,766062,0,1011817,0,1223889,0,1354629,0,1365835,0,1271315,0,1077067,0,771203,0,341128,1
0,0,0,0,0,0,0,0,0,0,0,0,0,0,0,0,0,0,0,0,0,0,0,0,0,0,0,0,0,0,0,0,0,0,0,0,0,0,0,0,0,0,0,0,0,0,0,0,0,0,0,0,0,0,0,0,0,0,0,0,0,0,0,0,0,0,0,0,0,0,0,0,0,0,0,0,0,0,0,0,0,0,0,0,0,0,0,0,0,0,0,1,0,5,0,9,0,26,0,53,0,126,0,341,0,741,0,1821,4007,0,8532,0,18008,0,35930,0,68195,0,124313,0,213552,0,349332,0,534995,0,764357,0,1009607,0,1222659,0,1355333,0,1368722,0,1275069,0,1080469,0,774321,0,342884,1
0,0,0,0,0,0,0,0,0,0,0,0,0,0,0,0,0,0,0,0,0,0,0,0,0,0,0,0,0,0,0,0,0,0,0,0,0,0,0,0,0,0,0,0,0,0,0,0,0,0,0,0,0,0,0,0,0,0,0,0,0,0,0,0,0,0,0,0,0,0,0,0,0,0,0,0,0,0,0,0,0,0,0,0,0,0,0,0,0,0,0,2,0,2,0,12,0,18,0,45,0,126,0,326,0,753,0,1772,3948,0,8398,0,17816,0,35552,0,67040,0,123356,0,211936,0,346853,0,532320,0,762428,0,1007005,0,1222122,0,1356075,0,1370842,0,1278438,0,1084167,0,777278,0,344778,1
0,0,0,0,0,0,0,0,0,0,0,0,0,0,0,0,0,0,0,0,0,0,0,0,0,0,0,0,0,0,0,0,0,0,0,0,0,0,0,0,0,0,0,0,0,0,0,0,0,0,0,0,0,0,0,0,0,0,0,0,0,0,0,0,0,0,0,0,0,0,0,0,0,0,0,0,0,0,0,0,0,0,0,0,0,0,0,0,0,0,0,2,0,3,0,9,0,15,0,55,0,105,0,327,0,758,0,1728,3829,0,8354,0,17647,0,34987,0,66564,0,121930,0,210397,0,344518,0,529316,0,760483,0,1004496,0,1221847,0,1356883,0,1372952,0,1281591,0,1087680,0,780587,0,346345,1
0,0,0,0,0,0,0,0,0,0,0,0,0,0,0,0,0,0,0,0,0,0,0,0,0,0,0,0,0,0,0,0,0,0,0,0,0,0,0,0,0,0,0,0,0,0,0,0,0,0,0,0,0,0,0,0,0,0,0,0,0,0,0,0,0,0,0,0,0,0,0,0,0,0,0,0,0,0,0,0,0,0,0,0,0,0,0,0,0,0,0,3,0,4,0,7,0,20,0,45,0,121,0,309,0,737,0,1699,3802,0,8280,0,17379,0,34488,0,65824,0,120671,0,208528,0,342520,0,527281,0,756924,0,1002967,0,1220588,0,1357747,0,1376072,0,1284282,0,1091466,0,783668,0,347976,1
0,0,0,0,0,0,0,0,0,0,0,0,0,0,0,0,0,0,0,0,0,0,0,0,0,0,0,0,0,0,0,0,0,0,0,0,0,0,0,0,0,0,0,0,0,0,0,0,0,0,0,0,0,0,0,0,0,0,0,0,0,0,0,0,0,0,0,0,0,0,0,0,0,0,0,0,0,0,0,0,0,0,0,0,0,0,0,0,0,0,0,1,0,5,0,5,0,23,0,40,0,129,0,293,0,735,0,1648,3677,0,8113,0,17212,0,33996,0,65051,0,119836,0,206540,0,340512,0,524486,0,754229,0,1000641,0,1220235,0,1358733,0,1378639,0,1287190,0,1095054,0,786687,0,349698,1
0,0,0,0,0,0,0,0,0,0,0,0,0,0,0,0,0,0,0,0,0,0,0,0,0,0,0,0,0,0,0,0,0,0,0,0,0,0,0,0,0,0,0,0,0,0,0,0,0,0,0,0,0,0,0,0,0,0,0,0,0,0,0,0,0,0,0,0,0,0,0,0,0,0,0,0,0,0,0,0,0,0,0,0,0,0,0,0,0,0,0,1,0,5,0,8,0,16,0,49,0,110,0,294,0,710,0,1601,3774,0,7853,0,16989,0,33671,0,64692,0,118308,0,204961,0,338133,0,521537,0,751457,0,999558,0,1218019,0,1360785,0,1380934,0,1289781,0,1098934,0,789756,0,351472,1
0,0,0,0,0,0,0,0,0,0,0,0,0,0,0,0,0,0,0,0,0,0,0,0,0,0,0,0,0,0,0,0,0,0,0,0,0,0,0,0,0,0,0,0,0,0,0,0,0,0,0,0,0,0,0,0,0,0,0,0,0,0,0,0,0,0,0,0,0,0,0,0,0,0,0,0,0,0,0,0,0,0,0,0,0,0,0,0,0,0,0,1,0,4,0,5,0,18,0,50,0,109,0,277,0,709,0,1609,3640,0,7826,0,16634,0,33443,0,63960,0,117249,0,203053,0,336388,0,519351,0,748524,0,996749,0,1218533,0,1360401,0,1383319,0,1292667,0,1102777,0,792859,0,353253,1
0,0,0,0,0,0,0,0,0,0,0,0,0,0,0,0,0,0,0,0,0,0,0,0,0,0,0,0,0,0,0,0,0,0,0,0,0,0,0,0,0,0,0,0,0,0,0,0,0,0,0,0,0,0,0,0,0,0,0,0,0,0,0,0,0,0,0,0,0,0,0,0,0,0,0,0,0,0,0,0,0,0,0,0,0,0,0,0,0,0,0,1,0,3,0,8,0,13,0,49,0,113,0,262,0,681,0,1646,3513,0,7676,0,16479,0,32961,0,63515,0,115659,0,202142,0,334442,0,516261,0,745831,0,993740,0,1218884,0,1360349,0,1385923,0,1296035,0,1106487,0,795655,0,355080,1
0,0,0,0,0,0,0,0,0,0,0,0,0,0,0,0,0,0,0,0,0,0,0,0,0,0,0,0,0,0,0,0,0,0,0,0,0,0,0,0,0,0,0,0,0,0,0,0,0,0,0,0,0,0,0,0,0,0,0,0,0,0,0,0,0,0,0,0,0,0,0,0,0,0,0,0,0,0,0,0,0,0,0,0,0,0,0,0,0,0,0,1,0,3,0,6,0,19,0,36,0,107,0,269,0,691,0,1554,3553,0,7578,0,16266,0,32495,0,62903,0,114798,0,200680,0,331867,0,514131,0,743034,0,991198,0,1217620,0,1361005,0,1388647,0,1299672,0,1109871,0,798808,0,356596,1
0,0,0,0,0,0,0,0,0,0,0,0,0,0,0,0,0,0,0,0,0,0,0,0,0,0,0,0,0,0,0,0,0,0,0,0,0,0,0,0,0,0,0,0,0,0,0,0,0,0,0,0,0,0,0,0,0,0,0,0,0,0,0,0,0,0,0,0,0,0,0,0,0,0,0,0,0,0,0,0,0,0,0,0,0,0,0,0,0,0,0,0,0,3,0,10,0,16,0,36,0,109,0,262,0,663,0,1569,3475,0,7344,0,16158,0,32401,0,61714,0,114247,0,198913,0,330140,0,510952,0,740600,0,988967,0,1215784,0,1362966,0,1390270,0,1303344,0,1113391,0,801869,0,358205,1
0,0,0,0,0,0,0,0,0,0,0,0,0,0,0,0,0,0,0,0,0,0,0,0,0,0,0,0,0,0,0,0,0,0,0,0,0,0,0,0,0,0,0,0,0,0,0,0,0,0,0,0,0,0,0,0,0,0,0,0,0,0,0,0,0,0,0,0,0,0,0,0,0,0,0,0,0,0,0,0,0,0,0,0,0,0,0,0,0,0,0,0,0,2,0,12,0,14,0,41,0,106,0,248,0,665,0,1559,3335,0,7389,0,15859,0,31870,0,61329,0,113217,0,196995,0,328618,0,508002,0,738078,0,986808,0,1214814,0,1364163,0,1391304,0,1307203,0,1116636,0,805084,0,360057,1
0,0,0,0,0,0,0,0,0,0,0,0,0,0,0,0,0,0,0,0,0,0,0,0,0,0,0,0,0,0,0,0,0,0,0,0,0,0,0,0,0,0,0,0,0,0,0,0,0,0,0,0,0,0,0,0,0,0,0,0,0,0,0,0,0,0,0,0,0,0,0,0,0,0,0,0,0,0,0,0,0,0,0,0,0,0,0,0,0,0,0,0,0,1,0,7,0,18,0,35,0,110,0,239,0,674,0,1533,3349,0,7242,0,15513,0,31554,0,60897,0,111839,0,195505,0,326425,0,505443,0,735541,0,984861,0,1212829,0,1365515,0,1394259,0,1310160,0,1119548,0,808436,0,361875,1
0,0,0,0,0,0,0,0,0,0,0,0,0,0,0,0,0,0,0,0,0,0,0,0,0,0,0,0,0,0,0,0,0,0,0,0,0,0,0,0,0,0,0,0,0,0,0,0,0,0,0,0,0,0,0,0,0,0,0,0,0,0,0,0,0,0,0,0,0,0,0,0,0,0,0,0,0,0,0,0,0,0,0,0,0,0,0,0,0,0,0,0,0,3,0,7,0,18,0,34,0,96,0,249,0,664,0,1501,3301,0,7003,0,15487,0,31178,0,60296,0,110705,0,193953,0,324262,0,503503,0,732476,0,982954,0,1211717,0,1365664,0,1396603,0,1313697,0,1123172,0,810965,0,363900,1
0,0,0,0,0,0,0,0,0,0,0,0,0,0,0,0,0,0,0,0,0,0,0,0,0,0,0,0,0,0,0,0,0,0,0,0,0,0,0,0,0,0,0,0,0,0,0,0,0,0,0,0,0,0,0,0,0,0,0,0,0,0,0,0,0,0,0,0,0,0,0,0,0,0,0,0,0,0,0,0,0,0,0,0,0,0,0,0,0,0,0,0,0,3,0,9,0,13,0,37,0,93,0,262,0,615,0,1497,3263,0,6983,0,15134,0,30857,0,59554,0,109686,0,192765,0,322048,0,501181,0,730185,0,979375,0,1210774,0,1366879,0,1399272,0,1316528,0,1126731,0,813800,0,365864,1
0,0,0,0,0,0,0,0,0,0,0,0,0,0,0,0,0,0,0,0,0,0,0,0,0,0,0,0,0,0,0,0,0,0,0,0,0,0,0,0,0,0,0,0,0,0,0,0,0,0,0,0,0,0,0,0,0,0,0,0,0,0,0,0,0,0,0,0,0,0,0,0,0,0,0,0,0,0,0,0,0,0,0,0,0,0,0,0,0,0,0,0,0,3,0,8,0,12,0,39,0,86,0,238,0,635,0,1472,3144,0,6993,0,14806,0,30645,0,58740,0,108727,0,191316,0,319652,0,499619,0,726973,0,977176,0,1209809,0,1367364,0,1401927,0,1319942,0,1130091,0,816711,0,367280,1
0,0,0,0,0,0,0,0,0,0,0,0,0,0,0,0,0,0,0,0,0,0,0,0,0,0,0,0,0,0,0,0,0,0,0,0,0,0,0,0,0,0,0,0,0,0,0,0,0,0,0,0,0,0,0,0,0,0,0,0,0,0,0,0,0,0,0,0,0,0,0,0,0,0,0,0,0,0,0,0,0,0,0,0,0,0,0,0,0,0,0,2,0,1,0,5,0,15,0,34,0,83,0,261,0,605,0,1419,3106,0,6843,0,14675,0,30332,0,58142,0,107732,0,189724,0,317633,0,497769,0,723921,0,974702,0,1209017,0,1367814,0,1404531,0,1323004,0,1133361,0,819888,0,368789,1
0,0,0,0,0,0,0,0,0,0,0,0,0,0,0,0,0,0,0,0,0,0,0,0,0,0,0,0,0,0,0,0,0,0,0,0,0,0,0,0,0,0,0,0,0,0,0,0,0,0,0,0,0,0,0,0,0,0,0,0,0,0,0,0,0,0,0,0,0,0,0,0,0,0,0,0,0,0,0,0,0,0,0,0,0,0,0,0,0,1,0,0,0,4,0,3,0,14,0,27,0,102,0,258,0,584,0,1361,3106,0,6698,0,14589,0,29841,0,57725,0,106693,0,188525,0,315425,0,495085,0,720798,0,972953,0,1209157,0,1367936,0,1405473,0,1327643,0,1135980,0,822802,0,370625,1
0,0,0,0,0,0,0,0,0,0,0,0,0,0,0,0,0,0,0,0,0,0,0,0,0,0,0,0,0,0,0,0,0,0,0,0,0,0,0,0,0,0,0,0,0,0,0,0,0,0,0,0,0,0,0,0,0,0,0,0,0,0,0,0,0,0,0,0,0,0,0,0,0,0,0,0,0,0,0,0,0,0,0,0,0,0,0,0,0,1,0,0,0,2,0,6,0,11,0,30,0,95,0,240,0,574,0,1367,3014,0,6706,0,14368,0,29461,0,57020,0,105707,0,186994,0,313131,0,492389,0,718804,0,971566,0,1207609,0,1367727,0,1409455,0,1329262,0,1140035,0,825427,0,372407,1
0,0,0,0,0,0,0,0,0,0,0,0,0,0,0,0,0,0,0,0,0,0,0,0,0,0,0,0,0,0,0,0,0,0,0,0,0,0,0,0,0,0,0,0,0,0,0,0,0,0,0,0,0,0,0,0,0,0,0,0,0,0,0,0,0,0,0,0,0,0,0,0,0,0,0,0,0,0,0,0,0,0,0,0,0,0,0,0,0,1,0,0,0,2,0,4,0,12,0,35,0,85,0,231,0,564,0,1344,2984,0,6740,0,13997,0,29123,0,56441,0,104794,0,185386,0,311356,0,489981,0,715690,0,970435,0,1206056,0,1367921,0,1412028,0,1332247,0,1144055,0,827835,0,374061,1
0,0,0,0,0,0,0,0,0,0,0,0,0,0,0,0,0,0,0,0,0,0,0,0,0,0,0,0,0,0,0,0,0,0,0,0,0,0,0,0,0,0,0,0,0,0,0,0,0,0,0,0,0,0,0,0,0,0,0,0,0,0,0,0,0,0,0,0,0,0,0,0,0,0,0,0,0,0,0,0,0,0,0,0,0,0,0,1,0,0,0,1,0,1,0,4,0,11,0,31,0,85,0,220,0,553,0,1337,2992,0,6563,0,13935,0,28742,0,55633,0,104110,0,184313,0,308997,0,486760,0,714269,0,967304,0,1205043,0,1369648,0,1414228,0,1335391,0,1146750,0,830734,0,375752,1
0,0,0,0,0,0,0,0,0,0,0,0,0,0,0,0,0,0,0,0,0,0,0,0,0,0,0,0,0,0,0,0,0,0,0,0,0,0,0,0,0,0,0,0,0,0,0,0,0,0,0,0,0,0,0,0,0,0,0,0,0,0,0,0,0,0,0,0,0,0,0,0,0,0,0,0,0,0,0,0,0,0,0,0,0,0,0,1,0,0,0,1,0,1,0,3,0,11,0,26,0,80,0,238,0,532,0,1315,2901,0,6482,0,13801,0,28294,0,55240,0,103257,0,182972,0,306844,0,484706,0,711525,0,965282,0,1204229,0,1369718,0,1416451,0,1338648,0,1150237,0,833302,0,377311,1
0,0,0,0,0,0,0,0,0,0,0,0,0,0,0,0,0,0,0,0,0,0,0,0,0,0,0,0,0,0,0,0,0,0,0,0,0,0,0,0,0,0,0,0,0,0,0,0,0,0,0,0,0,0,0,0,0,0,0,0,0,0,0,0,0,0,0,0,0,0,0,0,0,0,0,0,0,0,0,0,0,0,0,0,0,0,0,1,0,0,0,0,0,2,0,4,0,14,0,29,0,65,0,234,0,536,0,1271,2943,0,6366,0,13554,0,28138,0,54613,0,102315,0,181240,0,304988,0,482543,0,708297,0,963514,0,1203220,0,1370819,0,1418827,0,1340703,0,1153714,0,836387,0,379071,1
0,0,0,0,0,0,0,0,0,0,0,0,0,0,0,0,0,0,0,0,0,0,0,0,0,0,0,0,0,0,0,0,0,0,0,0,0,0,0,0,0,0,0,0,0,0,0,0,0,0,0,0,0,0,0,0,0,0,0,0,0,0,0,0,0,0,0,0,0,0,0,0,0,0,0,0,0,0,0,0,0,0,0,0,0,0,0,1,0,0,0,0,0,2,0,4,0,9,0,33,0,66,0,224,0,510,0,1253,2910,0,6254,0,13464,0,27631,0,53972,0,101517,0,180071,0,303061,0,480563,0,705849,0,961143,0,1201795,0,1372313,0,1419602,0,1344269,0,1156778,0,839458,0,380656,1
0,0,0,0,0,0,0,0,0,0,0,0,0,0,0,0,0,0,0,0,0,0,0,0,0,0,0,0,0,0,0,0,0,0,0,0,0,0,0,0,0,0,0,0,0,0,0,0,0,0,0,0,0,0,0,0,0,0,0,0,0,0,0,0,0,0,0,0,0,0,0,0,0,0,0,0,0,0,0,0,0,0,0,0,0,1,0,0,0,0,0,0,0,0,0,4,0,12,0,29,0,77,0,221,0,473,0,1238,2820,0,6210,0,13355,0,27306,0,53343,0,100629,0,178483,0,301243,0,478421,0,702903,0,959399,0,1201096,0,1371583,0,1422838,0,1347676,0,1159382,0,842361,0,382305,1
0,0,0,0,0,0,0,0,0,0,0,0,0,0,0,0,0,0,0,0,0,0,0,0,0,0,0,0,0,0,0,0,0,0,0,0,0,0,0,0,0,0,0,0,0,0,0,0,0,0,0,0,0,0,0,0,0,0,0,0,0,0,0,0,0,0,0,0,0,0,0,0,0,0,0,0,0,0,0,0,0,0,0,0,0,1,0,0,0,0,0,0,0,1,0,4,0,8,0,27,0,80,0,210,0,461,0,1248,2786,0,6175,0,13086,0,26876,0,52931,0,99508,0,177584,0,299061,0,475862,0,701111,0,957497,0,1199831,0,1370667,0,1425914,0,1350789,0,1162872,0,844762,0,384056,1
0,0,0,0,0,0,0,0,0,0,0,0,0,0,0,0,0,0,0,0,0,0,0,0,0,0,0,0,0,0,0,0,0,0,0,0,0,0,0,0,0,0,0,0,0,0,0,0,0,0,0,0,0,0,0,0,0,0,0,0,0,0,0,0,0,0,0,0,0,0,0,0,0,0,0,0,0,0,0,0,0,0,0,0,0,1,0,0,0,0,0,0,0,0,0,3,0,9,0,28,0,64,0,201,0,497,0,1206,2722,0,6085,0,12954,0,26525,0,52344,0,98703,0,176370,0,297153,0,473223,0,698026,0,955856,0,1198790,0,1371539,0,1428033,0,1353469,0,1166251,0,847766,0,385590,1
0,0,0,0,0,0,0,0,0,0,0,0,0,0,0,0,0,0,0,0,0,0,0,0,0,0,0,0,0,0,0,0,0,0,0,0,0,0,0,0,0,0,0,0,0,0,0,0,0,0,0,0,0,0,0,0,0,0,0,0,0,0,0,0,0,0,0,0,0,0,0,0,0,0,0,0,0,0,0,0,0,0,0,0,0,0,0,1,0,0,0,0,0,0,0,2,0,16,0,17,0,68,0,196,0,498,0,1190,2647,0,6011,0,12913,0,26133,0,51977,0,97467,0,175562,0,295277,0,470669,0,696241,0,953218,0,1197657,0,1372061,0,1430287,0,1355230,0,1170073,0,850684,0,387313,1
0,0,0,0,0,0,0,0,0,0,0,0,0,0,0,0,0,0,0,0,0,0,0,0,0,0,0,0,0,0,0,0,0,0,0,0,0,0,0,0,0,0,0,0,0,0,0,0,0,0,0,0,0,0,0,0,0,0,0,0,0,0,0,0,0,0,0,0,0,0,0,0,0,0,0,0,0,0,0,0,0,0,0,0,0,0,0,1,0,0,0,0,0,0,0,3,0,11,0,26,0,68,0,186,0,500,0,1105,2637,0,5912,0,12739,0,25921,0,51441,0,96896,0,174291,0,293145,0,468239,0,693663,0,950981,0,1195777,0,1373297,0,1432203,0,1359042,0,1172807,0,853796,0,388721,1
0,0,0,0,0,0,0,0,0,0,0,0,0,0,0,0,0,0,0,0,0,0,0,0,0,0,0,0,0,0,0,0,0,0,0,0,0,0,0,0,0,0,0,0,0,0,0,0,0,0,0,0,0,0,0,0,0,0,0,0,0,0,0,0,0,0,0,0,0,0,0,0,0,0,0,0,0,0,0,0,0,0,0,0,0,0,0,1,0,0,0,0,0,1,0,2,0,10,0,26,0,68,0,183,0,458,0,1136,2585,0,5778,0,12595,0,25565,0,51155,0,95779,0,172789,0,291942,0,465719,0,691237,0,948316,0,1195092,0,1373880,0,1433713,0,1362554,0,1176110,0,856345,0,390369,1
0,0,0,0,0,0,0,0,0,0,0,0,0,0,0,0,0,0,0,0,0,0,0,0,0,0,0,0,0,0,0,0,0,0,0,0,0,0,0,0,0,0,0,0,0,0,0,0,0,0,0,0,0,0,0,0,0,0,0,0,0,0,0,0,0,0,0,0,0,0,0,0,0,0,0,0,0,0,0,0,0,0,0,0,0,0,0,1,0,0,0,0,0,1,0,2,0,12,0,27,0,61,0,168,0,466,0,1124,2479,0,5786,0,12411,0,25434,0,50518,0,95024,0,171298,0,290503,0,462782,0,688936,0,946755,0,1193736,0,1374610,0,1435437,0,1365764,0,1178958,0,858974,0,392141,1
0,0,0,0,0,0,0,0,0,0,0,0,0,0,0,0,0,0,0,0,0,0,0,0,0,0,0,0,0,0,0,0,0,0,0,0,0,0,0,0,0,0,0,0,0,0,0,0,0,0,0,0,0,0,0,0,0,0,0,0,0,0,0,0,0,0,0,0,0,0,0,0,0,0,0,0,0,0,0,0,0,0,0,0,0,0,0,0,0,1,0,0,0,0,0,4,0,11,0,28,0,70,0,172,0,428,0,1091,2534,0,5695,0,12120,0,25107,0,50236,0,93994,0,170232,0,288551,0,461078,0,686953,0,943948,0,1192350,0,1375491,0,1437443,0,1367922,0,1182020,0,862415,0,393514,1
0,0,0,0,0,0,0,0,0,0,0,0,0,0,0,0,0,0,0,0,0,0,0,0,0,0,0,0,0,0,0,0,0,0,0,0,0,0,0,0,0,0,0,0,0,0,0,0,0,0,0,0,0,0,0,0,0,0,0,0,0,0,0,0,0,0,0,0,0,0,0,0,0,0,0,0,0,0,0,0,0,0,0,0,0,0,0,0,0,1,0,0,0,1,0,2,0,12,0,23,0,64,0,180,0,415,0,1056,2518,0,5634,0,11890,0,24947,0,49521,0,93594,0,168712,0,286781,0,459420,0,684014,0,941942,0,1191200,0,1375759,0,1439180,0,1371283,0,1184973,0,865494,0,394792,1
0,0,0,0,0,0,0,0,0,0,0,0,0,0,0,0,0,0,0,0,0,0,0,0,0,0,0,0,0,0,0,0,0,0,0,0,0,0,0,0,0,0,0,0,0,0,0,0,0,0,0,0,0,0,0,0,0,0,0,0,0,0,0,0,0,0,0,0,0,0,0,0,0,0,0,0,0,0,0,0,0,0,0,0,0,0,0,0,0,1,0,0,0,2,0,1,0,11,0,26,0,58,0,180,0,421,0,1054,2431,0,5504,0,11813,0,24615,0,49309,0,92533,0,167400,0,285544,0,456226,0,682359,0,939192,0,1191308,0,1375562,0,1441190,0,1373466,0,1188041,0,868912,0,396249,1
0,0,0,0,0,0,0,0,0,0,0,0,0,0,0,0,0,0,0,0,0,0,0,0,0,0,0,0,0,0,0,0,0,0,0,0,0,0,0,0,0,0,0,0,0,0,0,0,0,0,0,0,0,0,0,0,0,0,0,0,0,0,0,0,0,0,0,0,0,0,0,0,0,0,0,0,0,0,0,0,0,0,0,0,0,0,0,0,0,0,0,1,0,2,0,1,0,11,0,27,0,61,0,162,0,432,0,1007,2427,0,5417,0,11567,0,24403,0,48675,0,91960,0,166060,0,283736,0,453912,0,680577,0,936851,0,1189949,0,1375776,0,1443543,0,1375367,0,1192427,0,871053,0,398004,1
0,0,0,0,0,0,0,0,0,0,0,0,0,0,0,0,0,0,0,0,0,0,0,0,0,0,0,0,0,0,0,0,0,0,0,0,0,0,0,0,0,0,0,0,0,0,0,0,0,0,0,0,0,0,0,0,0,0,0,0,0,0,0,0,0,0,0,0,0,0,0,0,0,0,0,0,0,0,0,0,0,0,0,0,0,0,0,0,0,0,0,1,0,2,0,2,0,10,0,25,0,56,0,172,0,426,0,975,2390,0,5325,0,11526,0,23997,0,48072,0,91594,0,164670,0,281399,0,452459,0,677732,0,935402,0,1188541,0,1376227,0,1444904,0,1378456,0,1195837,0,873495,0,399713,1
0,0,0,0,0,0,0,0,0,0,0,0,0,0,0,0,0,0,0,0,0,0,0,0,0,0,0,0,0,0,0,0,0,0,0,0,0,0,0,0,0,0,0,0,0,0,0,0,0,0,0,0,0,0,0,0,0,0,0,0,0,0,0,0,0,0,0,0,0,0,0,0,0,0,0,0,0,0,0,0,0,0,0,0,0,0,0,0,0,0,0,1,0,1,0,3,0,10,0,19,0,59,0,178,0,416,0,975,2296,0,5266,0,11502,0,23632,0,47658,0,90608,0,163291,0,280468,0,450119,0,675565,0,932096,0,1187712,0,1377071,0,1446770,0,1381553,0,1198542,0,876241,0,401356,1
0,0,0,0,0,0,0,0,0,0,0,0,0,0,0,0,0,0,0,0,0,0,0,0,0,0,0,0,0,0,0,0,0,0,0,0,0,0,0,0,0,0,0,0,0,0,0,0,0,0,0,0,0,0,0,0,0,0,0,0,0,0,0,0,0,0,0,0,0,0,0,0,0,0,0,0,0,0,0,0,0,0,0,0,0,0,0,0,0,0,0,1,0,1,0,3,0,7,0,21,0,66,0,170,0,396,0,948,2291,0,5222,0,11358,0,23393,0,46877,0,89720,0,162305,0,278918,0,448096,0,673492,0,929339,0,1186998,0,1376939,0,1449266,0,1383822,0,1202057,0,878463,0,403239,1
0,0,0,0,0,0,0,0,0,0,0,0,0,0,0,0,0,0,0,0,0,0,0,0,0,0,0,0,0,0,0,0,0,0,0,0,0,0,0,0,0,0,0,0,0,0,0,0,0,0,0,0,0,0,0,0,0,0,0,0,0,0,0,0,0,0,0,0,0,0,0,0,0,0,0,0,0,0,0,0,0,0,0,0,0,0,0,0,0,0,0,1,0,1,0,2,0,5,0,29,0,47,0,179,0,403,0,912,2275,0,5111,0,11249,0,23160,0,46397,0,89190,0,160867,0,277452,0,446094,0,670268,0,927796,0,1185870,0,1377574,0,1450472,0,1386814,0,1205054,0,881323,0,404863,1
0,0,0,0,0,0,0,0,0,0,0,0,0,0,0,0,0,0,0,0,0,0,0,0,0,0,0,0,0,0,0,0,0,0,0,0,0,0,0,0,0,0,0,0,0,0,0,0,0,0,0,0,0,0,0,0,0,0,0,0,0,0,0,0,0,0,0,0,0,0,0,0,0,0,0,0,0,0,0,0,0,0,0,0,0,0,0,0,0,0,0,1,0,1,0,1,0,10,0,24,0,53,0,151,0,399,0,931,2196,0,5038,0,11186,0,22997,0,45789,0,88272,0,159992,0,275821,0,443761,0,667948,0,926658,0,1183786,0,1378003,0,1451766,0,1389737,0,1207809,0,884704,0,406374,1
0,0,0,0,0,0,0,0,0,0,0,0,0,0,0,0,0,0,0,0,0,0,0,0,0,0,0,0,0,0,0,0,0,0,0,0,0,0,0,0,0,0,0,0,0,0,0,0,0,0,0,0,0,0,0,0,0,0,0,0,0,0,0,0,0,0,0,0,0,0,0,0,0,0,0,0,0,0,0,0,0,0,0,0,0,0,0,0,0,0,0,0,0,1,0,3,0,6,0,24,0,56,0,145,0,388,0,926,2162,0,4981,0,10899,0,22854,0,45324,0,87269,0,159062,0,274307,0,441820,0,665207,0,925278,0,1182172,0,1378057,0,1453577,0,1392413,0,1210957,0,887454,0,408066,1
0,0,0,0,0,0,0,0,0,0,0,0,0,0,0,0,0,0,0,0,0,0,0,0,0,0,0,0,0,0,0,0,0,0,0,0,0,0,0,0,0,0,0,0,0,0,0,0,0,0,0,0,0,0,0,0,0,0,0,0,0,0,0,0,0,0,0,0,0,0,0,0,0,0,0,0,0,0,0,0,0,0,0,0,0,0,0,0,0,0,0,0,0,1,0,3,0,9,0,19,0,58,0,134,0,382,0,916,2150,0,4875,0,10843,0,22480,0,44920,0,86570,0,158047,0,272252,0,439969,0,662702,0,923573,0,1180928,0,1378241,0,1454930,0,1395635,0,1213857,0,890418,0,409496,1
0,0,0,0,0,0,0,0,0,0,0,0,0,0,0,0,0,0,0,0,0,0,0,0,0,0,0,0,0,0,0,0,0,0,0,0,0,0,0,0,0,0,0,0,0,0,0,0,0,0,0,0,0,0,0,0,0,0,0,0,0,0,0,0,0,0,0,0,0,0,0,0,0,0,0,0,0,0,0,0,0,0,0,0,0,0,0,0,0,0,0,1,0,1,0,1,0,10,0,16,0,58,0,137,0,368,0,933,2079,0,4806,0,10657,0,22304,0,44408,0,86266,0,156458,0,270393,0,438271,0,660501,0,921947,0,1178827,0,1378923,0,1456490,0,1398501,0,1216642,0,893080,0,411330,1
0,0,0,0,0,0,0,0,0,0,0,0,0,0,0,0,0,0,0,0,0,0,0,0,0,0,0,0,0,0,0,0,0,0,0,0,0,0,0,0,0,0,0,0,0,0,0,0,0,0,0,0,0,0,0,0,0,0,0,0,0,0,0,0,0,0,0,0,0,0,0,0,0,0,0,0,0,0,0,0,0,0,0,0,0,0,0,0,0,0,0,0,0,2,0,0,0,8,0,19,0,62,0,127,0,346,0,904,2091,0,4765,0,10595,0,21950,0,43821,0,85564,0,155171,0,269321,0,435789,0,657834,0,920300,0,1178188,0,1379019,0,1458182,0,1401033,0,1219411,0,895837,0,413069,1
0,0,0,0,0,0,0,0,0,0,0,0,0,0,0,0,0,0,0,0,0,0,0,0,0,0,0,0,0,0,0,0,0,0,0,0,0,0,0,0,0,0,0,0,0,0,0,0,0,0,0,0,0,0,0,0,0,0,0,0,0,0,0,0,0,0,0,0,0,0,0,0,0,0,0,0,0,0,0,0,0,0,0,0,0,0,0,0,0,0,0,0,0,2,0,1,0,8,0,20,0,55,0,128,0,343,0,904,2078,0,4699,0,10423,0,21637,0,43591,0,84663,0,154270,0,267193,0,434038,0,655706,0,918117,0,1177344,0,1378635,0,1459807,0,1404238,0,1222589,0,898326,0,414593,1
0,0,0,0,0,0,0,0,0,0,0,0,0,0,0,0,0,0,0,0,0,0,0,0,0,0,0,0,0,0,0,0,0,0,0,0,0,0,0,0,0,0,0,0,0,0,0,0,0,0,0,0,0,0,0,0,0,0,0,0,0,0,0,0,0,0,0,0,0,0,0,0,0,0,0,0,0,0,0,0,0,0,0,0,0,0,0,0,0,0,0,0,0,1,0,2,0,7,0,20,0,54,0,137,0,324,0,864,2095,0,4638,0,10141,0,21515,0,43320,0,83759,0,153067,0,265413,0,432434,0,653195,0,916089,0,1176420,0,1378286,0,1462211,0,1406006,0,1226305,0,901081,0,416024,1
0,0,0,0,0,0,0,0,0,0,0,0,0,0,0,0,0,0,0,0,0,0,0,0,0,0,0,0,0,0,0,0,0,0,0,0,0,0,0,0,0,0,0,0,0,0,0,0,0,0,0,0,0,0,0,0,0,0,0,0,0,0,0,0,0,0,0,0,0,0,0,0,0,0,0,0,0,0,0,0,0,0,0,0,0,0,0,0,0,0,0,0,0,2,0,1,0,8,0,22,0,54,0,121,0,331,0,843,2063,0,4631,0,9992,0,21136,0,43134,0,82966,0,151982,0,264013,0,430148,0,651289,0,913969,0,1175036,0,1378891,0,1463294,0,1409043,0,1229048,0,903666,0,417725,1
0,0,0,0,0,0,0,0,0,0,0,0,0,0,0,0,0,0,0,0,0,0,0,0,0,0,0,0,0,0,0,0,0,0,0,0,0,0,0,0,0,0,0,0,0,0,0,0,0,0,0,0,0,0,0,0,0,0,0,0,0,0,0,0,0,0,0,0,0,0,0,0,0,0,0,0,0,0,0,0,0,0,0,0,0,0,0,0,0,0,0,0,0,0,0,3,0,7,0,22,0,58,0,123,0,320,0,835,2030,0,4590,0,9895,0,20936,0,42609,0,82202,0,151409,0,262149,0,427576,0,650173,0,910812,0,1174615,0,1378491,0,1464844,0,1412031,0,1231883,0,906591,0,419204,1
0,0,0,0,0,0,0,0,0,0,0,0,0,0,0,0,0,0,0,0,0,0,0,0,0,0,0,0,0,0,0,0,0,0,0,0,0,0,0,0,0,0,0,0,0,0,0,0,0,0,0,0,0,0,0,0,0,0,0,0,0,0,0,0,0,0,0,0,0,0,0,0,0,0,0,0,0,0,0,0,0,0,0,0,0,0,0,0,0,0,0,0,0,0,0,1,0,10,0,18,0,60,0,132,0,310,0,818,2003,0,4539,0,9730,0,20905,0,41861,0,81851,0,150357,0,260622,0,425338,0,648255,0,908514,0,1173657,0,1378498,0,1465791,0,1415542,0,1234622,0,909156,0,420818,1
0,0,0,0,0,0,0,0,0,0,0,0,0,0,0,0,0,0,0,0,0,0,0,0,0,0,0,0,0,0,0,0,0,0,0,0,0,0,0,0,0,0,0,0,0,0,0,0,0,0,0,0,0,0,0,0,0,0,0,0,0,0,0,0,0,0,0,0,0,0,0,0,0,0,0,0,0,0,0,0,0,0,0,0,0,0,0,0,0,0,0,0,0,0,0,3,0,4,0,21,0,58,0,133,0,321,0,779,1970,0,4445,0,9667,0,20619,0,41586,0,81114,0,149604,0,258897,0,423053,0,646023,0,907120,0,1172681,0,1378092,0,1467044,0,1418360,0,1237930,0,912175,0,421709,1
0,0,0,0,0,0,0,0,0,0,0,0,0,0,0,0,0,0,0,0,0,0,0,0,0,0,0,0,0,0,0,0,0,0,0,0,0,0,0,0,0,0,0,0,0,0,0,0,0,0,0,0,0,0,0,0,0,0,0,0,0,0,0,0,0,0,0,0,0,0,0,0,0,0,0,0,0,0,0,0,0,0,0,0,0,0,0,0,0,0,0,0,0,0,0,2,0,6,0,19,0,58,0,122,0,319,0,784,1966,0,4338,0,9559,0,20446,0,41304,0,80290,0,148350,0,257817,0,420964,0,643208,0,906064,0,1171305,0,1377310,0,1469268,0,1420857,0,1241361,0,914675,0,423016,1
0,0,0,0,0,0,0,0,0,0,0,0,0,0,0,0,0,0,0,0,0,0,0,0,0,0,0,0,0,0,0,0,0,0,0,0,0,0,0,0,0,0,0,0,0,0,0,0,0,0,0,0,0,0,0,0,0,0,0,0,0,0,0,0,0,0,0,0,0,0,0,0,0,0,0,0,0,0,0,0,0,0,0,0,0,0,0,0,0,0,0,0,0,0,0,1,0,5,0,19,0,51,0,130,0,314,0,760,1942,0,4252,0,9461,0,20233,0,40934,0,79589,0,147446,0,256014,0,419590,0,640320,0,904571,0,1169922,0,1377787,0,1470396,0,1424351,0,1243827,0,917029,0,424464,1
0,0,0,0,0,0,0,0,0,0,0,0,0,0,0,0,0,0,0,0,0,0,0,0,0,0,0,0,0,0,0,0,0,0,0,0,0,0,0,0,0,0,0,0,0,0,0,0,0,0,0,0,0,0,0,0,0,0,0,0,0,0,0,0,0,0,0,0,0,0,0,0,0,0,0,0,0,0,0,0,0,0,0,0,0,0,0,0,0,0,0,0,0,0,0,1,0,3,0,25,0,47,0,122,0,317,0,750,1844,0,4255,0,9479,0,19900,0,40603,0,78971,0,146255,0,254831,0,417624,0,638191,0,902139,0,1169188,0,1377242,0,1471852,0,1427601,0,1246719,0,919539,0,425910,1
0,0,0,0,0,0,0,0,0,0,0,0,0,0,0,0,0,0,0,0,0,0,0,0,0,0,0,0,0,0,0,0,0,0,0,0,0,0,0,0,0,0,0,0,0,0,0,0,0,0,0,0,0,0,0,0,0,0,0,0,0,0,0,0,0,0,0,0,0,0,0,0,0,0,0,0,0,0,0,0,0,0,0,0,0,0,0,0,0,0,0,0,0,0,0,1,0,8,0,18,0,45,0,128,0,309,0,743,1828,0,4210,0,9400,0,19691,0,40253,0,78611,0,144683,0,253682,0,415759,0,635372,0,901139,0,1167519,0,1376298,0,1474534,0,1430117,0,1250119,0,921912,0,427029,1
0,0,0,0,0,0,0,0,0,0,0,0,0,0,0,0,0,0,0,0,0,0,0,0,0,0,0,0,0,0,0,0,0,0,0,0,0,0,0,0,0,0,0,0,0,0,0,0,0,0,0,0,0,0,0,0,0,0,0,0,0,0,0,0,0,0,0,0,0,0,0,0,0,0,0,0,0,0,0,0,0,0,0,0,0,0,0,0,0,0,0,0,0,0,0,1,0,9,0,21,0,41,0,133,0,283,0,768,1804,0,4219,0,9024,0,19703,0,39863,0,77448,0,144271,0,252261,0,414120,0,633143,0,898784,0,1166141,0,1376493,0,1476628,0,1432845,0,1252887,0,923857,0,428661,1
0,0,0,0,0,0,0,0,0,0,0,0,0,0,0,0,0,0,0,0,0,0,0,0,0,0,0,0,0,0,0,0,0,0,0,0,0,0,0,0,0,0,0,0,0,0,0,0,0,0,0,0,0,0,0,0,0,0,0,0,0,0,0,0,0,0,0,0,0,0,0,0,0,0,0,0,0,0,0,0,0,0,0,0,0,0,0,0,0,0,0,0,0,0,0,2,0,7,0,23,0,39,0,118,0,301,0,745,1764,0,4150,0,9078,0,19408,0,39591,0,76807,0,143276,0,250961,0,411740,0,630806,0,896866,0,1164741,0,1376850,0,1478323,0,1435453,0,1256213,0,926049,0,430097,1
0,0,0,0,0,0,0,0,0,0,0,0,0,0,0,0,0,0,0,0,0,0,0,0,0,0,0,0,0,0,0,0,0,0,0,0,0,0,0,0,0,0,0,0,0,0,0,0,0,0,0,0,0,0,0,0,0,0,0,0,0,0,0,0,0,0,0,0,0,0,0,0,0,0,0,0,0,0,0,0,0,0,0,0,0,0,0,0,0,0,0,0,0,0,0,4,0,6,0,20,0,41,0,118,0,299,0,710,1746,0,4093,0,8991,0,19228,0,39461,0,76090,0,142175,0,249585,0,410036,0,628978,0,894947,0,1162973,0,1376637,0,1480291,0,1437760,0,1259390,0,928426,0,431403,1
0,0,0,0,0,0,0,0,0,0,0,0,0,0,0,0,0,0,0,0,0,0,0,0,0,0,0,0,0,0,0,0,0,0,0,0,0,0,0,0,0,0,0,0,0,0,0,0,0,0,0,0,0,0,0,0,0,0,0,0,0,0,0,0,0,0,0,0,0,0,0,0,0,0,0,0,0,0,0,0,0,0,0,0,0,0,0,0,0,0,0,0,0,0,0,5,0,5,0,22,0,39,0,110,0,292,0,682,1742,0,4046,0,8792,0,18989,0,39006,0,75578,0,141439,0,247718,0,408149,0,627045,0,893041,0,1161986,0,1377133,0,1481344,0,1439960,0,1262443,0,931320,0,432522,1
0,0,0,0,0,0,0,0,0,0,0,0,0,0,0,0,0,0,0,0,0,0,0,0,0,0,0,0,0,0,0,0,0,0,0,0,0,0,0,0,0,0,0,0,0,0,0,0,0,0,0,0,0,0,0,0,0,0,0,0,0,0,0,0,0,0,0,0,0,0,0,0,0,0,0,0,0,0,0,0,0,0,0,0,0,0,0,0,0,0,0,0,0,0,0,3,0,8,0,19,0,36,0,123,0,264,0,736,1675,0,3984,0,8707,0,18794,0,38519,0,75339,0,140058,0,246263,0,406579,0,625072,0,891290,0,1160167,0,1376881,0,1483154,0,1443056,0,1265119,0,933837,0,433725,1
0,0,0,0,0,0,0,0,0,0,0,0,0,0,0,0,0,0,0,0,0,0,0,0,0,0,0,0,0,0,0,0,0,0,0,0,0,0,0,0,0,0,0,0,0,0,0,0,0,0,0,0,0,0,0,0,0,0,0,0,0,0,0,0,0,0,0,0,0,0,0,0,0,0,0,0,0,0,0,0,0,0,0,0,0,0,0,0,0,0,0,0,0,0,0,3,0,9,0,16,0,39,0,115,0,272,0,696,1702,0,3865,0,8692,0,18541,0,38235,0,74749,0,139264,0,244855,0,404297,0,623570,0,889002,0,1158922,0,1377590,0,1483800,0,1445937,0,1267929,0,936175,0,435133,1
0,0,0,0,0,0,0,0,0,0,0,0,0,0,0,0,0,0,0,0,0,0,0,0,0,0,0,0,0,0,0,0,0,0,0,0,0,0,0,0,0,0,0,0,0,0,0,0,0,0,0,0,0,0,0,0,0,0,0,0,0,0,0,0,0,0,0,0,0,0,0,0,0,0,0,0,0,0,0,0,0,0,0,0,0,0,0,0,0,0,0,0,0,0,0,5,0,7,0,11,0,47,0,103,0,280,0,664,1668,0,3886,0,8609,0,18454,0,37664,0,74127,0,138173,0,243692,0,402691,0,622094,0,885921,0,1157582,0,1378671,0,1484474,0,1448080,0,1270933,0,939160,0,436412,1
0,0,0,0,0,0,0,0,0,0,0,0,0,0,0,0,0,0,0,0,0,0,0,0,0,0,0,0,0,0,0,0,0,0,0,0,0,0,0,0,0,0,0,0,0,0,0,0,0,0,0,0,0,0,0,0,0,0,0,0,0,0,0,0,0,0,0,0,0,0,0,0,0,0,0,0,0,0,0,0,0,0,0,0,0,0,0,0,0,0,0,0,0,0,0,6,0,5,0,11,0,42,0,109,0,261,0,671,1634,0,3825,0,8495,0,18431,0,37283,0,73579,0,137083,0,242098,0,400984,0,619828,0,884417,0,1156489,0,1378503,0,1485886,0,1449908,0,1274462,0,941460,0,437938,1
0,0,0,0,0,0,0,0,0,0,0,0,0,0,0,0,0,0,0,0,0,0,0,0,0,0,0,0,0,0,0,0,0,0,0,0,0,0,0,0,0,0,0,0,0,0,0,0,0,0,0,0,0,0,0,0,0,0,0,0,0,0,0,0,0,0,0,0,0,0,0,0,0,0,0,0,0,0,0,0,0,0,0,0,0,0,0,0,0,0,0,0,0,0,0,4,0,5,0,18,0,36,0,110,0,265,0,638,1642,0,3777,0,8497,0,18177,0,36903,0,73264,0,136098,0,240484,0,398886,0,617775,0,882324,0,1155558,0,1378139,0,1488125,0,1452207,0,1277166,0,943840,0,439470,1
0,0,0,0,0,0,0,0,0,0,0,0,0,0,0,0,0,0,0,0,0,0,0,0,0,0,0,0,0,0,0,0,0,0,0,0,0,0,0,0,0,0,0,0,0,0,0,0,0,0,0,0,0,0,0,0,0,0,0,0,0,0,0,0,0,0,0,0,0,0,0,0,0,0,0,0,0,0,0,0,0,0,0,0,0,0,0,0,0,0,0,0,0,0,0,3,0,6,0,18,0,30,0,114,0,262,0,646,1565,0,3811,0,8380,0,18007,0,36691,0,72463,0,135195,0,239358,0,397270,0,615748,0,879841,0,1153451,0,1380072,0,1488327,0,1454678,0,1280427,0,945807,0,441238,1
0,0,0,0,0,0,0,0,0,0,0,0,0,0,0,0,0,0,0,0,0,0,0,0,0,0,0,0,0,0,0,0,0,0,0,0,0,0,0,0,0,0,0,0,0,0,0,0,0,0,0,0,0,0,0,0,0,0,0,0,0,0,0,0,0,0,0,0,0,0,0,0,0,0,0,0,0,0,0,0,0,0,0,0,0,0,0,0,0,0,0,0,0,0,0,4,0,4,0,16,0,41,0,107,0,257,0,635,1527,0,3746,0,8283,0,17755,0,36538,0,71826,0,134450,0,238309,0,395066,0,613698,0,877530,0,1152697,0,1379921,0,1489354,0,1457217,0,1283379,0,948469,0,442579,1
0,0,0,0,0,0,0,0,0,0,0,0,0,0,0,0,0,0,0,0,0,0,0,0,0,0,0,0,0,0,0,0,0,0,0,0,0,0,0,0,0,0,0,0,0,0,0,0,0,0,0,0,0,0,0,0,0,0,0,0,0,0,0,0,0,0,0,0,0,0,0,0,0,0,0,0,0,0,0,0,0,0,0,0,0,0,0,0,0,0,0,0,0,0,0,4,0,5,0,15,0,38,0,102,0,251,0,620,1576,0,3589,0,8326,0,17425,0,36371,0,71144,0,134049,0,236909,0,393219,0,611387,0,876066,0,1151236,0,1379597,0,1491450,0,1459110,0,1286136,0,950697,0,444086,1
0,0,0,0,0,0,0,0,0,0,0,0,0,0,0,0,0,0,0,0,0,0,0,0,0,0,0,0,0,0,0,0,0,0,0,0,0,0,0,0,0,0,0,0,0,0,0,0,0,0,0,0,0,0,0,0,0,0,0,0,0,0,0,0,0,0,0,0,0,0,0,0,0,0,0,0,0,0,0,0,0,0,0,0,0,0,0,0,0,0,0,0,0,1,0,3,0,5,0,12,0,39,0,93,0,249,0,645,1525,0,3593,0,8121,0,17360,0,35680,0,70823,0,133331,0,235872,0,391524,0,609294,0,874093,0,1150052,0,1379718,0,1491767,0,1462340,0,1288404,0,953554,0,445310,1
0,0,0,0,0,0,0,0,0,0,0,0,0,0,0,0,0,0,0,0,0,0,0,0,0,0,0,0,0,0,0,0,0,0,0,0,0,0,0,0,0,0,0,0,0,0,0,0,0,0,0,0,0,0,0,0,0,0,0,0,0,0,0,0,0,0,0,0,0,0,0,0,0,0,0,0,0,0,0,0,0,0,0,0,0,0,0,0,0,0,0,1,0,0,0,2,0,7,0,10,0,44,0,88,0,238,0,622,1498,0,3583,0,8036,0,17089,0,35372,0,70519,0,132317,0,234801,0,389808,0,607144,0,872243,0,1149136,0,1378409,0,1494184,0,1464765,0,1290986,0,955481,0,447025,1
0,0,0,0,0,0,0,0,0,0,0,0,0,0,0,0,0,0,0,0,0,0,0,0,0,0,0,0,0,0,0,0,0,0,0,0,0,0,0,0,0,0,0,0,0,0,0,0,0,0,0,0,0,0,0,0,0,0,0,0,0,0,0,0,0,0,0,0,0,0,0,0,0,0,0,0,0,0,0,0,0,0,0,0,0,0,0,0,0,0,0,0,0,1,0,1,0,7,0,11,0,39,0,89,0,243,0,620,1465,0,3525,0,7921,0,17016,0,35302,0,69665,0,131333,0,233505,0,388563,0,604608,0,870865,0,1147725,0,1378099,0,1495520,0,1467076,0,1294053,0,957650,0,448506,1
0,0,0,0,0,0,0,0,0,0,0,0,0,0,0,0,0,0,0,0,0,0,0,0,0,0,0,0,0,0,0,0,0,0,0,0,0,0,0,0,0,0,0,0,0,0,0,0,0,0,0,0,0,0,0,0,0,0,0,0,0,0,0,0,0,0,0,0,0,0,0,0,0,0,0,0,0,0,0,0,0,0,0,0,0,0,0,0,0,0,0,0,0,1,0,1,0,5,0,17,0,35,0,87,0,242,0,620,1453,0,3424,0,7813,0,16821,0,35038,0,69371,0,130178,0,232006,0,387289,0,602972,0,868516,0,1146230,0,1378454,0,1496279,0,1469561,0,1296917,0,960091,0,449987,1
0,0,0,0,0,0,0,0,0,0,0,0,0,0,0,0,0,0,0,0,0,0,0,0,0,0,0,0,0,0,0,0,0,0,0,0,0,0,0,0,0,0,0,0,0,0,0,0,0,0,0,0,0,0,0,0,0,0,0,0,0,0,0,0,0,0,0,0,0,0,0,0,0,0,0,0,0,0,0,0,0,0,0,0,0,0,0,0,0,0,0,0,0,1,0,1,0,5,0,13,0,40,0,90,0,227,0,602,1437,0,3399,0,7657,0,16784,0,34945,0,68465,0,129681,0,230744,0,385427,0,600704,0,866950,0,1144666,0,1378564,0,1497776,0,1472168,0,1298676,0,962971,0,451415,1
0,0,0,0,0,0,0,0,0,0,0,0,0,0,0,0,0,0,0,0,0,0,0,0,0,0,0,0,0,0,0,0,0,0,0,0,0,0,0,0,0,0,0,0,0,0,0,0,0,0,0,0,0,0,0,0,0,0,0,0,0,0,0,0,0,0,0,0,0,0,0,0,0,0,0,0,0,0,0,0,0,0,0,0,0,0,0,0,0,0,0,0,0,0,0,1,0,4,0,17,0,38,0,81,0,254,0,575,1374,0,3352,0,7565,0,16675,0,34733,0,68084,0,128422,0,229493,0,383982,0,598927,0,864849,0,1143779,0,1378982,0,1498461,0,1474063,0,1301190,0,965546,0,452961,1
0,0,0,0,0,0,0,0,0,0,0,0,0,0,0,0,0,0,0,0,0,0,0,0,0,0,0,0,0,0,0,0,0,0,0,0,0,0,0,0,0,0,0,0,0,0,0,0,0,0,0,0,0,0,0,0,0,0,0,0,0,0,0,0,0,0,0,0,0,0,0,0,0,0,0,0,0,0,0,0,0,0,0,0,0,0,0,0,0,0,0,0,0,0,0,1,0,4,0,15,0,32,0,88,0,245,0,564,1399,0,3270,0,7609,0,16379,0,34560,0,67489,0,127581,0,228159,0,381878,0,597074,0,862760,0,1142738,0,1379174,0,1499347,0,1477286,0,1303812,0,967856,0,454088,1
0,0,0,0,0,0,0,0,0,0,0,0,0,0,0,0,0,0,0,0,0,0,0,0,0,0,0,0,0,0,0,0,0,0,0,0,0,0,0,0,0,0,0,0,0,0,0,0,0,0,0,0,0,0,0,0,0,0,0,0,0,0,0,0,0,0,0,0,0,0,0,0,0,0,0,0,0,0,0,0,0,0,0,0,0,0,0,0,0,0,0,0,0,0,0,2,0,7,0,11,0,37,0,88,0,240,0,543,1370,0,3249,0,7447,0,16451,0,33940,0,67198,0,126568,0,227341,0,379692,0,595667,0,860327,0,1142128,0,1378683,0,1501002,0,1479025,0,1306623,0,970289,0,455480,1
0,0,0,0,0,0,0,0,0,0,0,0,0,0,0,0,0,0,0,0,0,0,0,0,0,0,0,0,0,0,0,0,0,0,0,0,0,0,0,0,0,0,0,0,0,0,0,0,0,0,0,0,0,0,0,0,0,0,0,0,0,0,0,0,0,0,0,0,0,0,0,0,0,0,0,0,0,0,0,0,0,0,0,0,0,0,0,0,0,0,0,0,0,1,0,1,0,5,0,10,0,37,0,90,0,236,0,524,1357,0,3265,0,7405,0,16266,0,33494,0,66622,0,126053,0,225697,0,378659,0,593754,0,857712,0,1141546,0,1378235,0,1502678,0,1481369,0,1308592,0,972847,0,456953,1
0,0,0,0,0,0,0,0,0,0,0,0,0,0,0,0,0,0,0,0,0,0,0,0,0,0,0,0,0,0,0,0,0,0,0,0,0,0,0,0,0,0,0,0,0,0,0,0,0,0,0,0,0,0,0,0,0,0,0,0,0,0,0,0,0,0,0,0,0,0,0,0,0,0,0,0,0,0,0,0,0,0,0,0,0,0,0,0,0,0,0,0,0,1,0,2,0,3,0,10,0,38,0,86,0,236,0,529,1368,0,3183,0,7264,0,16185,0,33143,0,66273,0,125121,0,224327,0,377283,0,591236,0,856038,0,1140417,0,1378511,0,1503800,0,1483152,0,1311229,0,975646,0,458327,1
0,0,0,0,0,0,0,0,0,0,0,0,0,0,0,0,0,0,0,0,0,0,0,0,0,0,0,0,0,0,0,0,0,0,0,0,0,0,0,0,0,0,0,0,0,0,0,0,0,0,0,0,0,0,0,0,0,0,0,0,0,0,0,0,0,0,0,0,0,0,0,0,0,0,0,0,0,0,0,0,0,0,0,0,0,0,0,0,0,0,0,0,0,1,0,2,0,2,0,14,0,30,0,79,0,226,0,542,1362,0,3165,0,7191,0,15809,0,33126,0,65773,0,124392,0,222645,0,375679,0,589556,0,854856,0,1138844,0,1378180,0,1505613,0,1484985,0,1313899,0,977867,0,459570,1
0,0,0,0,0,0,0,0,0,0,0,0,0,0,0,0,0,0,0,0,0,0,0,0,0,0,0,0,0,0,0,0,0,0,0,0,0,0,0,0,0,0,0,0,0,0,0,0,0,0,0,0,0,0,0,0,0,0,0,0,0,0,0,0,0,0,0,0,0,0,0,0,0,0,0,0,0,0,0,0,0,0,0,0,0,0,0,0,0,0,0,0,0,0,0,3,0,4,0,8,0,30,0,72,0,222,0,561,1337,0,3053,0,7283,0,15637,0,32637,0,65537,0,123348,0,222327,0,373493,0,587490,0,853182,0,1137861,0,1377318,0,1507213,0,1486707,0,1317159,0,980178,0,460748,1
0,0,0,0,0,0,0,0,0,0,0,0,0,0,0,0,0,0,0,0,0,0,0,0,0,0,0,0,0,0,0,0,0,0,0,0,0,0,0,0,0,0,0,0,0,0,0,0,0,0,0,0,0,0,0,0,0,0,0,0,0,0,0,0,0,0,0,0,0,0,0,0,0,0,0,0,0,0,0,0,0,0,0,0,0,0,0,0,0,0,0,0,0,0,0,2,0,4,0,13,0,23,0,76,0,200,0,567,1324,0,3035,0,7039,0,15627,0,32368,0,65184,0,122935,0,220576,0,372106,0,585743,0,851355,0,1136356,0,1377310,0,1508468,0,1488279,0,1320174,0,982511,0,462133,1
0,0,0,0,0,0,0,0,0,0,0,0,0,0,0,0,0,0,0,0,0,0,0,0,0,0,0,0,0,0,0,0,0,0,0,0,0,0,0,0,0,0,0,0,0,0,0,0,0,0,0,0,0,0,0,0,0,0,0,0,0,0,0,0,0,0,0,0,0,0,0,0,0,0,0,0,0,0,0,0,0,0,0,0,0,0,0,0,0,0,0,0,0,0,0,1,0,4,0,14,0,29,0,71,0,189,0,556,1323,0,3016,0,6914,0,15451,0,32106,0,64738,0,122205,0,219746,0,369820,0,584141,0,849601,0,1135693,0,1376445,0,1510025,0,1490219,0,1322322,0,985012,0,463767,1
0,0,0,0,0,0,0,0,0,0,0,0,0,0,0,0,0,0,0,0,0,0,0,0,0,0,0,0,0,0,0,0,0,0,0,0,0,0,0,0,0,0,0,0,0,0,0,0,0,0,0,0,0,0,0,0,0,0,0,0,0,0,0,0,0,0,0,0,0,0,0,0,0,0,0,0,0,0,0,0,0,0,0,0,0,0,0,0,0,0,0,0,0,0,0,2,0,3,0,11,0,32,0,73,0,188,0,542,1317,0,2981,0,6935,0,15155,0,32000,0,64131,0,121505,0,218667,0,368740,0,581641,0,848513,0,1132858,0,1377454,0,1510960,0,1492489,0,1325218,0,987041,0,464952,1
0,0,0,0,0,0,0,0,0,0,0,0,0,0,0,0,0,0,0,0,0,0,0,0,0,0,0,0,0,0,0,0,0,0,0,0,0,0,0,0,0,0,0,0,0,0,0,0,0,0,0,0,0,0,0,0,0,0,0,0,0,0,0,0,0,0,0,0,0,0,0,0,0,0,0,0,0,0,0,0,0,0,0,0,0,0,0,0,0,0,0,0,0,0,0,2,0,3,0,9,0,30,0,74,0,190,0,522,1299,0,2969,0,6814,0,15050,0,31784,0,63567,0,120919,0,217414,0,367518,0,579112,0,847771,0,1131541,0,1376157,0,1512797,0,1494651,0,1327412,0,989571,0,466232,1
0,0,0,0,0,0,0,0,0,0,0,0,0,0,0,0,0,0,0,0,0,0,0,0,0,0,0,0,0,0,0,0,0,0,0,0,0,0,0,0,0,0,0,0,0,0,0,0,0,0,0,0,0,0,0,0,0,0,0,0,0,0,0,0,0,0,0,0,0,0,0,0,0,0,0,0,0,0,0,0,0,0,0,0,0,0,0,0,0,0,0,0,0,0,0,2,0,2,0,11,0,32,0,64,0,201,0,508,1292,0,2894,0,6702,0,15115,0,31336,0,63168,0,120142,0,216338,0,365721,0,577705,0,845485,0,1130526,0,1376315,0,1512541,0,1498185,0,1329759,0,991658,0,467706,1
0,0,0,0,0,0,0,0,0,0,0,0,0,0,0,0,0,0,0,0,0,0,0,0,0,0,0,0,0,0,0,0,0,0,0,0,0,0,0,0,0,0,0,0,0,0,0,0,0,0,0,0,0,0,0,0,0,0,0,0,0,0,0,0,0,0,0,0,0,0,0,0,0,0,0,0,0,0,0,0,0,0,0,0,0,0,0,0,0,0,0,0,0,0,0,3,0,1,0,10,0,30,0,68,0,197,0,509,1270,0,2898,0,6731,0,14767,0,31390,0,62404,0,119375,0,215464,0,363609,0,576522,0,843663,0,1128874,0,1376062,0,1513814,0,1500404,0,1332567,0,993670,0,469106,1
0,0,0,0,0,0,0,0,0,0,0,0,0,0,0,0,0,0,0,0,0,0,0,0,0,0,0,0,0,0,0,0,0,0,0,0,0,0,0,0,0,0,0,0,0,0,0,0,0,0,0,0,0,0,0,0,0,0,0,0,0,0,0,0,0,0,0,0,0,0,0,0,0,0,0,0,0,0,0,0,0,0,0,0,0,0,0,0,0,0,0,0,0,0,0,2,0,2,0,11,0,25,0,71,0,202,0,503,1251,0,2922,0,6589,0,14658,0,31077,0,61994,0,118815,0,214024,0,362592,0,574258,0,841969,0,1128784,0,1374765,0,1514824,0,1502802,0,1334678,0,996438,0,470152,1
0,0,0,0,0,0,0,0,0,0,0,0,0,0,0,0,0,0,0,0,0,0,0,0,0,0,0,0,0,0,0,0,0,0,0,0,0,0,0,0,0,0,0,0,0,0,0,0,0,0,0,0,0,0,0,0,0,0,0,0,0,0,0,0,0,0,0,0,0,0,0,0,0,0,0,0,0,0,0,0,0,0,0,0,0,0,0,0,0,0,0,0,0,0,0,1,0,2,0,5,0,34,0,68,0,201,0,483,1247,0,2908,0,6515,0,14640,0,30789,0,61635,0,117922,0,212902,0,361142,0,572114,0,840376,0,1128173,0,1373765,0,1516178,0,1504501,0,1337334,0,999179,0,471294,1
0,0,0,0,0,0,0,0,0,0,0,0,0,0,0,0,0,0,0,0,0,0,0,0,0,0,0,0,0,0,0,0,0,0,0,0,0,0,0,0,0,0,0,0,0,0,0,0,0,0,0,0,0,0,0,0,0,0,0,0,0,0,0,0,0,0,0,0,0,0,0,0,0,0,0,0,0,0,0,0,0,0,0,0,0,0,0,0,0,0,0,0,0,0,0,0,0,3,0,5,0,35,0,63,0,197,0,484,1210,0,2887,0,6512,0,14535,0,30475,0,61151,0,117265,0,211580,0,360026,0,569827,0,838772,0,1126757,0,1374124,0,1517891,0,1505500,0,1340387,0,1001465,0,472257,1
0,0,0,0,0,0,0,0,0,0,0,0,0,0,0,0,0,0,0,0,0,0,0,0,0,0,0,0,0,0,0,0,0,0,0,0,0,0,0,0,0,0,0,0,0,0,0,0,0,0,0,0,0,0,0,0,0,0,0,0,0,0,0,0,0,0,0,0,0,0,0,0,0,0,0,0,0,0,0,0,0,0,0,0,0,0,0,0,0,0,0,0,0,0,0,0,0,0,0,10,0,33,0,63,0,194,0,497,1191,0,2813,0,6480,0,14369,0,30268,0,60946,0,115940,0,210877,0,358526,0,568301,0,836722,0,1124893,0,1374865,0,1518756,0,1507384,0,1343163,0,1003472,0,473645,1
0,0,0,0,0,0,0,0,0,0,0,0,0,0,0,0,0,0,0,0,0,0,0,0,0,0,0,0,0,0,0,0,0,0,0,0,0,0,0,0,0,0,0,0,0,0,0,0,0,0,0,0,0,0,0,0,0,0,0,0,0,0,0,0,0,0,0,0,0,0,0,0,0,0,0,0,0,0,0,0,0,0,0,0,0,0,0,0,0,0,0,0,0,0,0,0,0,0,0,11,0,30,0,67,0,192,0,470,1169,0,2823,0,6336,0,14297,0,30155,0,60330,0,115495,0,210033,0,357012,0,566303,0,834655,0,1123763,0,1375030,0,1519851,0,1508303,0,1346483,0,1005498,0,475102,1
0,0,0,0,0,0,0,0,0,0,0,0,0,0,0,0,0,0,0,0,0,0,0,0,0,0,0,0,0,0,0,0,0,0,0,0,0,0,0,0,0,0,0,0,0,0,0,0,0,0,0,0,0,0,0,0,0,0,0,0,0,0,0,0,0,0,0,0,0,0,0,0,0,0,0,0,0,0,0,0,0,0,0,0,0,0,0,0,0,0,0,0,0,0,0,0,0,0,0,14,0,28,0,74,0,189,0,459,1146,0,2800,0,6296,0,14152,0,29917,0,60061,0,114980,0,208509,0,355555,0,565138,0,832211,0,1122719,0,1374619,0,1521047,0,1510369,0,1348830,0,1007829,0,476466,1
0,0,0,0,0,0,0,0,0,0,0,0,0,0,0,0,0,0,0,0,0,0,0,0,0,0,0,0,0,0,0,0,0,0,0,0,0,0,0,0,0,0,0,0,0,0,0,0,0,0,0,0,0,0,0,0,0,0,0,0,0,0,0,0,0,0,0,0,0,0,0,0,0,0,0,0,0,0,0,0,0,0,0,0,0,0,0,0,0,0,0,0,0,0,0,0,0,0,0,11,0,27,0,72,0,193,0,476,1126,0,2700,0,6361,0,13992,0,29647,0,59531,0,114435,0,207638,0,353860,0,563676,0,830833,0,1121437,0,1373158,0,1523031,0,1512502,0,1350705,0,1010145,0,477852,1
0,0,0,0,0,0,0,0,0,0,0,0,0,0,0,0,0,0,0,0,0,0,0,0,0,0,0,0,0,0,0,0,0,0,0,0,0,0,0,0,0,0,0,0,0,0,0,0,0,0,0,0,0,0,0,0,0,0,0,0,0,0,0,0,0,0,0,0,0,0,0,0,0,0,0,0,0,0,0,0,0,0,0,0,0,0,0,0,0,0,0,0,0,0,0,0,0,1,0,11,0,27,0,73,0,193,0,449,1116,0,2639,0,6329,0,13917,0,29333,0,59381,0,113469,0,206550,0,352899,0,561491,0,829626,0,1119351,0,1374187,0,1522828,0,1515005,0,1352998,0,1012207,0,479328,1
0,0,0,0,0,0,0,0,0,0,0,0,0,0,0,0,0,0,0,0,0,0,0,0,0,0,0,0,0,0,0,0,0,0,0,0,0,0,0,0,0,0,0,0,0,0,0,0,0,0,0,0,0,0,0,0,0,0,0,0,0,0,0,0,0,0,0,0,0,0,0,0,0,0,0,0,0,0,0,0,0,0,0,0,0,0,0,0,0,0,0,0,0,0,0,0,0,1,0,12,0,23,0,80,0,167,0,460,1111,0,2610,0,6253,0,13781,0,29041,0,58833,0,113188,0,205802,0,351244,0,559384,0,828046,0,1119379,0,1372217,0,1524230,0,1517203,0,1355176,0,1014424,0,480743,1
0,0,0,0,0,0,0,0,0,0,0,0,0,0,0,0,0,0,0,0,0,0,0,0,0,0,0,0,0,0,0,0,0,0,0,0,0,0,0,0,0,0,0,0,0,0,0,0,0,0,0,0,0,0,0,0,0,0,0,0,0,0,0,0,0,0,0,0,0,0,0,0,0,0,0,0,0,0,0,0,0,0,0,0,0,0,0,0,0,0,0,0,0,0,0,1,0,2,0,6,0,26,0,80,0,167,0,444,1097,0,2545,0,6239,0,13705,0,28847,0,58353,0,112613,0,204464,0,350003,0,557988,0,826321,0,1117759,0,1371804,0,1525459,0,1519344,0,1357748,0,1016082,0,482311,1
0,0,0,0,0,0,0,0,0,0,0,0,0,0,0,0,0,0,0,0,0,0,0,0,0,0,0,0,0,0,0,0,0,0,0,0,0,0,0,0,0,0,0,0,0,0,0,0,0,0,0,0,0,0,0,0,0,0,0,0,0,0,0,0,0,0,0,0,0,0,0,0,0,0,0,0,0,0,0,0,0,0,0,0,0,0,0,0,0,0,0,0,0,0,0,1,0,2,0,4,0,30,0,67,0,179,0,413,1085,0,2568,0,6092,0,13538,0,28745,0,57988,0,111800,0,203500,0,348166,0,557293,0,824192,0,1117121,0,1371662,0,1525387,0,1521951,0,1359850,0,1018178,0,483596,1
0,0,0,0,0,0,0,0,0,0,0,0,0,0,0,0,0,0,0,0,0,0,0,0,0,0,0,0,0,0,0,0,0,0,0,0,0,0,0,0,0,0,0,0,0,0,0,0,0,0,0,0,0,0,0,0,0,0,0,0,0,0,0,0,0,0,0,0,0,0,0,0,0,0,0,0,0,0,0,0,0,0,0,0,0,0,0,0,0,0,0,0,0,0,0,1,0,2,0,5,0,22,0,69,0,181,0,400,1071,0,2603,0,5960,0,13404,0,28589,0,57813,0,110969,0,202393,0,346360,0,556377,0,821306,0,1116204,0,1372155,0,1525609,0,1524622,0,1362296,0,1020008,0,484989,1
0,0,0,0,0,0,0,0,0,0,0,0,0,0,0,0,0,0,0,0,0,0,0,0,0,0,0,0,0,0,0,0,0,0,0,0,0,0,0,0,0,0,0,0,0,0,0,0,0,0,0,0,0,0,0,0,0,0,0,0,0,0,0,0,0,0,0,0,0,0,0,0,0,0,0,0,0,0,0,0,0,0,0,0,0,0,0,0,0,0,0,0,0,0,0,1,0,2,0,5,0,20,0,69,0,184,0,393,1084,0,2518,0,5911,0,13394,0,28197,0,57409,0,110570,0,201196,0,345520,0,554275,0,819652,0,1114382,0,1372567,0,1526960,0,1526035,0,1364750,0,1022060,0,486254,1
0,0,0,0,0,0,0,0,0,0,0,0,0,0,0,0,0,0,0,0,0,0,0,0,0,0,0,0,0,0,0,0,0,0,0,0,0,0,0,0,0,0,0,0,0,0,0,0,0,0,0,0,0,0,0,0,0,0,0,0,0,0,0,0,0,0,0,0,0,0,0,0,0,0,0,0,0,0,0,0,0,0,0,0,0,0,0,0,0,0,0,0,0,0,0,1,0,1,0,4,0,25,0,76,0,170,0,394,1052,0,2583,0,5763,0,13208,0,28277,0,56814,0,109614,0,200563,0,344172,0,552699,0,817776,0,1112948,0,1372260,0,1528325,0,1528033,0,1366226,0,1024657,0,487767,1
0,0,0,0,0,0,0,0,0,0,0,0,0,0,0,0,0,0,0,0,0,0,0,0,0,0,0,0,0,0,0,0,0,0,0,0,0,0,0,0,0,0,0,0,0,0,0,0,0,0,0,0,0,0,0,0,0,0,0,0,0,0,0,0,0,0,0,0,0,0,0,0,0,0,0,0,0,0,0,0,0,0,0,0,0,0,0,0,0,0,0,0,0,0,0,1,0,1,0,4,0,24,0,76,0,161,0,392,1052,0,2522,0,5779,0,13213,0,27963,0,56260,0,108990,0,199685,0,343152,0,551076,0,815952,0,1111171,0,1372867,0,1528495,0,1530354,0,1368426,0,1026870,0,488922,1
0,0,0,0,0,0,0,0,0,0,0,0,0,0,0,0,0,0,0,0,0,0,0,0,0,0,0,0,0,0,0,0,0,0,0,0,0,0,0,0,0,0,0,0,0,0,0,0,0,0,0,0,0,0,0,0,0,0,0,0,0,0,0,0,0,0,0,0,0,0,0,0,0,0,0,0,0,0,0,0,0,0,0,0,0,0,0,0,0,0,0,0,0,0,0,1,0,1,0,7,0,19,0,66,0,164,0,404,1030,0,2489,0,5855,0,12910,0,27948,0,55762,0,108359,0,198586,0,342104,0,549615,0,814235,0,1109680,0,1372951,0,1528535,0,1532471,0,1371061,0,1029036,0,490119,1
0,0,0,0,0,0,0,0,0,0,0,0,0,0,0,0,0,0,0,0,0,0,0,0,0,0,0,0,0,0,0,0,0,0,0,0,0,0,0,0,0,0,0,0,0,0,0,0,0,0,0,0,0,0,0,0,0,0,0,0,0,0,0,0,0,0,0,0,0,0,0,0,0,0,0,0,0,0,0,0,0,0,0,0,0,0,0,0,0,0,0,0,0,0,0,0,0,2,0,8,0,20,0,56,0,157,0,402,1034,0,2542,0,5700,0,12953,0,27674,0,55436,0,107613,0,197777,0,340949,0,547399,0,813256,0,1108151,0,1372085,0,1530137,0,1533513,0,1374692,0,1030715,0,491137,1
0,0,0,0,0,0,0,0,0,0,0,0,0,0,0,0,0,0,0,0,0,0,0,0,0,0,0,0,0,0,0,0,0,0,0,0,0,0,0,0,0,0,0,0,0,0,0,0,0,0,0,0,0,0,0,0,0,0,0,0,0,0,0,0,0,0,0,0,0,0,0,0,0,0,0,0,0,0,0,0,0,0,0,0,0,0,0,0,0,0,0,0,0,0,0,1,0,3,0,8,0,17,0,55,0,160,0,412,1017,0,2507,0,5647,0,12848,0,27444,0,55204,0,106925,0,196750,0,339949,0,545017,0,811967,0,1108237,0,1370501,0,1530719,0,1535931,0,1376409,0,1033319,0,492361,1
0,0,0,0,0,0,0,0,0,0,0,0,0,0,0,0,0,0,0,0,0,0,0,0,0,0,0,0,0,0,0,0,0,0,0,0,0,0,0,0,0,0,0,0,0,0,0,0,0,0,0,0,0,0,0,0,0,0,0,0,0,0,0,0,0,0,0,0,0,0,0,0,0,0,0,0,0,0,0,0,0,0,0,0,0,0,0,0,0,0,0,0,0,0,0,2,0,3,0,4,0,21,0,63,0,141,0,426,1002,0,2464,0,5631,0,12644,0,27154,0,55113,0,106332,0,195309,0,338636,0,544020,0,810164,0,1106534,0,1370371,0,1531578,0,1537609,0,1379278,0,1035412,0,493497,1
0,0,0,0,0,0,0,0,0,0,0,0,0,0,0,0,0,0,0,0,0,0,0,0,0,0,0,0,0,0,0,0,0,0,0,0,0,0,0,0,0,0,0,0,0,0,0,0,0,0,0,0,0,0,0,0,0,0,0,0,0,0,0,0,0,0,0,0,0,0,0,0,0,0,0,0,0,0,0,0,0,0,0,0,0,0,0,0,0,0,0,0,0,1,0,2,0,2,0,3,0,20,0,55,0,167,0,405,973,0,2435,0,5619,0,12577,0,26871,0,54739,0,105844,0,194493,0,337243,0,541570,0,809600,0,1104114,0,1370921,0,1532461,0,1539289,0,1381950,0,1037291,0,494763,1
0,0,0,0,0,0,0,0,0,0,0,0,0,0,0,0,0,0,0,0,0,0,0,0,0,0,0,0,0,0,0,0,0,0,0,0,0,0,0,0,0,0,0,0,0,0,0,0,0,0,0,0,0,0,0,0,0,0,0,0,0,0,0,0,0,0,0,0,0,0,0,0,0,0,0,0,0,0,0,0,0,0,0,0,0,0,0,0,0,0,0,0,0,1,0,1,0,1,0,6,0,17,0,48,0,155,0,402,986,0,2420,0,5600,0,12503,0,26710,0,54195,0,105169,0,193586,0,336234,0,539794,0,807709,0,1103252,0,1370494,0,1533373,0,1541461,0,1383912,0,1039380,0,495999,1
0,0,0,0,0,0,0,0,0,0,0,0,0,0,0,0,0,0,0,0,0,0,0,0,0,0,0,0,0,0,0,0,0,0,0,0,0,0,0,0,0,0,0,0,0,0,0,0,0,0,0,0,0,0,0,0,0,0,0,0,0,0,0,0,0,0,0,0,0,0,0,0,0,0,0,0,0,0,0,0,0,0,0,0,0,0,0,0,0,0,0,0,0,2,0,0,0,1,0,6,0,15,0,47,0,155,0,414,994,0,2350,0,5552,0,12433,0,26354,0,54004,0,104695,0,192747,0,334368,0,539136,0,805722,0,1101574,0,1370168,0,1534809,0,1542862,0,1385934,0,1041804,0,497262,1
0,0,0,0,0,0,0,0,0,0,0,0,0,0,0,0,0,0,0,0,0,0,0,0,0,0,0,0,0,0,0,0,0,0,0,0,0,0,0,0,0,0,0,0,0,0,0,0,0,0,0,0,0,0,0,0,0,0,0,0,0,0,0,0,0,0,0,0,0,0,0,0,0,0,0,0,0,0,0,0,0,0,0,0,0,0,0,0,0,0,0,0,0,2,0,0,0,2,0,7,0,14,0,42,0,147,0,422,977,0,2364,0,5484,0,12371,0,26133,0,53752,0,103927,0,191945,0,333133,0,537318,0,804694,0,1100034,0,1369857,0,1535152,0,1545212,0,1388605,0,1043462,0,498352,1
0,0,0,0,0,0,0,0,0,0,0,0,0,0,0,0,0,0,0,0,0,0,0,0,0,0,0,0,0,0,0,0,0,0,0,0,0,0,0,0,0,0,0,0,0,0,0,0,0,0,0,0,0,0,0,0,0,0,0,0,0,0,0,0,0,0,0,0,0,0,0,0,0,0,0,0,0,0,0,0,0,0,0,0,0,0,0,0,0,0,0,0,0,1,0,1,0,2,0,5,0,17,0,37,0,149,0,413,984,0,2355,0,5467,0,12238,0,25944,0,53239,0,103837,0,190566,0,331830,0,536501,0,803012,0,1098075,0,1370356,0,1535367,0,1547429,0,1389993,0,1046084,0,499506,1
0,0,0,0,0,0,0,0,0,0,0,0,0,0,0,0,0,0,0,0,0,0,0,0,0,0,0,0,0,0,0,0,0,0,0,0,0,0,0,0,0,0,0,0,0,0,0,0,0,0,0,0,0,0,0,0,0,0,0,0,0,0,0,0,0,0,0,0,0,0,0,0,0,0,0,0,0,0,0,0,0,0,0,0,0,0,0,0,0,0,0,1,0,0,0,0,0,2,0,6,0,15,0,44,0,143,0,406,978,0,2356,0,5395,0,12210,0,25588,0,53030,0,103287,0,189372,0,330790,0,535356,0,800616,0,1098176,0,1369260,0,1536400,0,1549036,0,1391926,0,1048338,0,500677,1
0,0,0,0,0,0,0,0,0,0,0,0,0,0,0,0,0,0,0,0,0,0,0,0,0,0,0,0,0,0,0,0,0,0,0,0,0,0,0,0,0,0,0,0,0,0,0,0,0,0,0,0,0,0,0,0,0,0,0,0,0,0,0,0,0,0,0,0,0,0,0,0,0,0,0,0,0,0,0,0,0,0,0,0,0,0,0,0,0,1,0,0,0,0,0,0,0,3,0,7,0,14,0,38,0,153,0,391,968,0,2302,0,5416,0,11978,0,25604,0,52723,0,102407,0,189045,0,329652,0,533057,0,799496,0,1097263,0,1367747,0,1537425,0,1551438,0,1393545,0,1050787,0,501948,1
0,0,0,0,0,0,0,0,0,0,0,0,0,0,0,0,0,0,0,0,0,0,0,0,0,0,0,0,0,0,0,0,0,0,0,0,0,0,0,0,0,0,0,0,0,0,0,0,0,0,0,0,0,0,0,0,0,0,0,0,0,0,0,0,0,0,0,0,0,0,0,0,0,0,0,0,0,0,0,0,0,0,0,0,0,0,0,1,0,0,0,0,0,0,0,0,0,2,0,7,0,16,0,50,0,144,0,381,937,0,2307,0,5311,0,11811,0,25577,0,52224,0,102062,0,188279,0,328543,0,531156,0,797888,0,1096156,0,1367324,0,1538078,0,1553386,0,1395597,0,1052787,0,503384,1
0,0,0,0,0,0,0,0,0,0,0,0,0,0,0,0,0,0,0,0,0,0,0,0,0,0,0,0,0,0,0,0,0,0,0,0,0,0,0,0,0,0,0,0,0,0,0,0,0,0,0,0,0,0,0,0,0,0,0,0,0,0,0,0,0,0,0,0,0,0,0,0,0,0,0,0,0,0,0,0,0,0,0,0,0,0,0,0,0,1,0,0,0,0,0,1,0,1,0,5,0,16,0,54,0,156,0,358,936,0,2267,0,5241,0,11684,0,25349,0,51969,0,101615,0,187482,0,327185,0,529583,0,796431,0,1095005,0,1367094,0,1538275,0,1555153,0,1398447,0,1054548,0,504552,1
0,0,0,0,0,0,0,0,0,0,0,0,0,0,0,0,0,0,0,0,0,0,0,0,0,0,0,0,0,0,0,0,0,0,0,0,0,0,0,0,0,0,0,0,0,0,0,0,0,0,0,0,0,0,0,0,0,0,0,0,0,0,0,0,0,0,0,0,0,0,0,0,0,0,0,0,0,0,0,0,0,0,0,0,0,0,0,0,0,1,0,0,0,0,0,1,0,1,0,7,0,13,0,57,0,153,0,361,922,0,2236,0,5161,0,11713,0,24982,0,51746,0,101078,0,186897,0,325174,0,528840,0,794327,0,1094320,0,1366301,0,1539235,0,1557125,0,1401092,0,1056265,0,505400,1
0,0,0,0,0,0,0,0,0,0,0,0,0,0,0,0,0,0,0,0,0,0,0,0,0,0,0,0,0,0,0,0,0,0,0,0,0,0,0,0,0,0,0,0,0,0,0,0,0,0,0,0,0,0,0,0,0,0,0,0,0,0,0,0,0,0,0,0,0,0,0,0,0,0,0,0,0,0,0,0,0,0,0,0,0,0,0,0,0,0,0,1,0,0,0,0,0,3,0,6,0,12,0,57,0,140,0,369,903,0,2260,0,5103,0,11564,0,24949,0,51242,0,100699,0,185947,0,323512,0,527917,0,792119,0,1093385,0,1366756,0,1539849,0,1558193,0,1403904,0,1057837,0,506681,1
0,0,0,0,0,0,0,0,0,0,0,0,0,0,0,0,0,0,0,0,0,0,0,0,0,0,0,0,0,0,0,0,0,0,0,0,0,0,0,0,0,0,0,0,0,0,0,0,0,0,0,0,0,0,0,0,0,0,0,0,0,0,0,0,0,0,0,0,0,0,0,0,0,0,0,0,0,0,0,0,0,0,0,0,0,0,0,0,0,0,0,0,0,1,0,0,0,4,0,4,0,13,0,57,0,148,0,348,934,0,2240,0,4965,0,11529,0,24855,0,51019,0,100189,0,185200,0,321950,0,525856,0,791320,0,1092063,0,1366438,0,1540630,0,1560006,0,1405870,0,1059951,0,507818,1
0,0,0,0,0,0,0,0,0,0,0,0,0,0,0,0,0,0,0,0,0,0,0,0,0,0,0,0,0,0,0,0,0,0,0,0,0,0,0,0,0,0,0,0,0,0,0,0,0,0,0,0,0,0,0,0,0,0,0,0,0,0,0,0,0,0,0,0,0,0,0,0,0,0,0,0,0,0,0,0,0,0,0,0,0,0,0,0,0,0,0,0,0,1,0,0,0,3,0,6,0,18,0,50,0,154,0,344,903,0,2223,0,5042,0,11372,0,24787,0,50730,0,99373,0,184841,0,320997,0,524273,0,789782,0,1091420,0,1365080,0,1541911,0,1561001,0,1408759,0,1061183,0,509155,1
0,0,0,0,0,0,0,0,0,0,0,0,0,0,0,0,0,0,0,0,0,0,0,0,0,0,0,0,0,0,0,0,0,0,0,0,0,0,0,0,0,0,0,0,0,0,0,0,0,0,0,0,0,0,0,0,0,0,0,0,0,0,0,0,0,0,0,0,0,0,0,0,0,0,0,0,0,0,0,0,0,0,0,0,0,0,0,0,0,0,0,0,0,0,0,1,0,4,0,4,0,16,0,47,0,163,0,315,925,0,2188,0,5026,0,11295,0,24579,0,50334,0,99136,0,184289,0,319620,0,522861,0,788337,0,1089850,0,1364653,0,1543566,0,1561888,0,1411059,0,1063020,0,510232,1
0,0,0,0,0,0,0,0,0,0,0,0,0,0,0,0,0,0,0,0,0,0,0,0,0,0,0,0,0,0,0,0,0,0,0,0,0,0,0,0,0,0,0,0,0,0,0,0,0,0,0,0,0,0,0,0,0,0,0,0,0,0,0,0,0,0,0,0,0,0,0,0,0,0,0,0,0,0,0,0,0,0,0,0,0,0,0,0,0,0,0,0,0,0,0,0,0,5,0,4,0,15,0,50,0,142,0,332,902,0,2178,0,4967,0,11258,0,24295,0,50138,0,98537,0,183336,0,319533,0,521190,0,787053,0,1087676,0,1364117,0,1544519,0,1563328,0,1413953,0,1064657,0,511223,1
0,0,0,0,0,0,0,0,0,0,0,0,0,0,0,0,0,0,0,0,0,0,0,0,0,0,0,0,0,0,0,0,0,0,0,0,0,0,0,0,0,0,0,0,0,0,0,0,0,0,0,0,0,0,0,0,0,0,0,0,0,0,0,0,0,0,0,0,0,0,0,0,0,0,0,0,0,0,0,0,0,0,0,0,0,0,0,0,0,0,0,0,0,0,0,0,0,5,0,5,0,12,0,49,0,133,0,341,883,0,2152,0,4949,0,11184,0,24350,0,49873,0,97653,0,182244,0,319477,0,519094,0,785521,0,1086651,0,1363611,0,1544992,0,1565053,0,1415777,0,1066912,0,512487,1
0,0,0,0,0,0,0,0,0,0,0,0,0,0,0,0,0,0,0,0,0,0,0,0,0,0,0,0,0,0,0,0,0,0,0,0,0,0,0,0,0,0,0,0,0,0,0,0,0,0,0,0,0,0,0,0,0,0,0,0,0,0,0,0,0,0,0,0,0,0,0,0,0,0,0,0,0,0,0,0,0,0,0,0,0,0,0,0,0,0,0,0,0,0,0,0,0,2,0,7,0,11,0,46,0,140,0,346,886,0,2058,0,4930,0,11100,0,24164,0,49726,0,97057,0,181401,0,318213,0,517696,0,784401,0,1085090,0,1363285,0,1545989,0,1566805,0,1417801,0,1068610,0,513644,1
0,0,0,0,0,0,0,0,0,0,0,0,0,0,0,0,0,0,0,0,0,0,0,0,0,0,0,0,0,0,0,0,0,0,0,0,0,0,0,0,0,0,0,0,0,0,0,0,0,0,0,0,0,0,0,0,0,0,0,0,0,0,0,0,0,0,0,0,0,0,0,0,0,0,0,0,0,0,0,0,0,0,0,0,0,0,0,0,0,0,0,0,0,0,0,0,0,1,0,7,0,15,0,37,0,136,0,337,868,0,2102,0,4836,0,11001,0,23953,0,49403,0,96458,0,180546,0,317461,0,516613,0,782527,0,1084725,0,1362480,0,1545984,0,1568914,0,1419094,0,1070988,0,514922,1
0,0,0,0,0,0,0,0,0,0,0,0,0,0,0,0,0,0,0,0,0,0,0,0,0,0,0,0,0,0,0,0,0,0,0,0,0,0,0,0,0,0,0,0,0,0,0,0,0,0,0,0,0,0,0,0,0,0,0,0,0,0,0,0,0,0,0,0,0,0,0,0,0,0,0,0,0,0,0,0,0,0,0,0,0,0,0,0,0,0,0,0,0,0,0,0,0,1,0,9,0,12,0,42,0,124,0,351,831,0,2085,0,4861,0,10907,0,23663,0,49125,0,95769,0,180625,0,315425,0,515030,0,782001,0,1082248,0,1363293,0,1546259,0,1570373,0,1420921,0,1073473,0,515980,1
0,0,0,0,0,0,0,0,0,0,0,0,0,0,0,0,0,0,0,0,0,0,0,0,0,0,0,0,0,0,0,0,0,0,0,0,0,0,0,0,0,0,0,0,0,0,0,0,0,0,0,0,0,0,0,0,0,0,0,0,0,0,0,0,0,0,0,0,0,0,0,0,0,0,0,0,0,0,0,0,0,0,0,0,0,0,0,0,0,0,0,0,0,0,0,0,0,1,0,10,0,15,0,38,0,128,0,354,826,0,2036,0,4872,0,10891,0,23492,0,48652,0,95724,0,179411,0,314688,0,513143,0,780391,0,1081287,0,1363435,0,1545701,0,1572278,0,1422994,0,1075872,0,517169,1
0,0,0,0,0,0,0,0,0,0,0,0,0,0,0,0,0,0,0,0,0,0,0,0,0,0,0,0,0,0,0,0,0,0,0,0,0,0,0,0,0,0,0,0,0,0,0,0,0,0,0,0,0,0,0,0,0,0,0,0,0,0,0,0,0,0,0,0,0,0,0,0,0,0,0,0,0,0,0,0,0,0,0,0,0,0,0,0,0,0,0,0,0,0,0,0,0,2,0,9,0,21,0,37,0,136,0,323,809,0,2019,0,4908,0,10760,0,23406,0,48240,0,95341,0,178736,0,313596,0,512480,0,778044,0,1080330,0,1362123,0,1546690,0,1574303,0,1424624,0,1077944,0,518527,1
0,0,0,0,0,0,0,0,0,0,0,0,0,0,0,0,0,0,0,0,0,0,0,0,0,0,0,0,0,0,0,0,0,0,0,0,0,0,0,0,0,0,0,0,0,0,0,0,0,0,0,0,0,0,0,0,0,0,0,0,0,0,0,0,0,0,0,0,0,0,0,0,0,0,0,0,0,0,0,0,0,0,0,0,0,0,0,0,0,0,0,0,0,0,0,0,0,1,0,9,0,17,0,40,0,141,0,319,799,0,2027,0,4872,0,10621,0,23203,0,48069,0,95075,0,177760,0,312737,0,510532,0,776783,0,1079251,0,1361631,0,1547526,0,1575872,0,1426762,0,1079791,0,519570,1
0,0,0,0,0,0,0,0,0,0,0,0,0,0,0,0,0,0,0,0,0,0,0,0,0,0,0,0,0,0,0,0,0,0,0,0,0,0,0,0,0,0,0,0,0,0,0,0,0,0,0,0,0,0,0,0,0,0,0,0,0,0,0,0,0,0,0,0,0,0,0,0,0,0,0,0,0,0,0,0,0,0,0,0,0,0,0,0,0,0,0,0,0,0,0,0,0,1,0,9,0,16,0,41,0,131,0,324,825,0,2008,0,4761,0,10546,0,23020,0,47877,0,94856,0,177067,0,311503,0,509584,0,774364,0,1078842,0,1361211,0,1546860,0,1578141,0,1429175,0,1081611,0,520635,1
0,0,0,0,0,0,0,0,0,0,0,0,0,0,0,0,0,0,0,0,0,0,0,0,0,0,0,0,0,0,0,0,0,0,0,0,0,0,0,0,0,0,0,0,0,0,0,0,0,0,0,0,0,0,0,0,0,0,0,0,0,0,0,0,0,0,0,0,0,0,0,0,0,0,0,0,0,0,0,0,0,0,0,0,0,0,0,0,0,0,0,0,0,0,0,0,0,2,0,6,0,15,0,45,0,129,0,322,802,0,2012,0,4676,0,10470,0,22963,0,47524,0,94142,0,176555,0,310629,0,508072,0,773434,0,1077038,0,1360058,0,1548146,0,1580330,0,1431064,0,1082949,0,522025,1
0,0,0,0,0,0,0,0,0,0,0,0,0,0,0,0,0,0,0,0,0,0,0,0,0,0,0,0,0,0,0,0,0,0,0,0,0,0,0,0,0,0,0,0,0,0,0,0,0,0,0,0,0,0,0,0,0,0,0,0,0,0,0,0,0,0,0,0,0,0,0,0,0,0,0,0,0,0,0,0,0,0,0,0,0,0,0,0,0,0,0,0,0,0,0,0,0,1,0,6,0,11,0,54,0,120,0,325,789,0,1946,0,4671,0,10468,0,22721,0,47332,0,93820,0,176203,0,309525,0,506050,0,772313,0,1076091,0,1360017,0,1548593,0,1581138,0,1432948,0,1085347,0,522919,1
0,0,0,0,0,0,0,0,0,0,0,0,0,0,0,0,0,0,0,0,0,0,0,0,0,0,0,0,0,0,0,0,0,0,0,0,0,0,0,0,0,0,0,0,0,0,0,0,0,0,0,0,0,0,0,0,0,0,0,0,0,0,0,0,0,0,0,0,0,0,0,0,0,0,0,0,0,0,0,0,0,0,0,0,0,0,0,0,0,0,0,0,0,0,0,0,0,0,0,4,0,17,0,53,0,122,0,330,755,0,1940,0,4742,0,10211,0,22643,0,47197,0,93115,0,175230,0,308528,0,505750,0,769721,0,1075339,0,1359154,0,1549245,0,1582713,0,1435153,0,1087605,0,523841,1
0,0,0,0,0,0,0,0,0,0,0,0,0,0,0,0,0,0,0,0,0,0,0,0,0,0,0,0,0,0,0,0,0,0,0,0,0,0,0,0,0,0,0,0,0,0,0,0,0,0,0,0,0,0,0,0,0,0,0,0,0,0,0,0,0,0,0,0,0,0,0,0,0,0,0,0,0,0,0,0,0,0,0,0,0,0,0,0,0,0,0,0,0,0,0,0,0,1,0,5,0,14,0,48,0,125,0,320,737,0,1930,0,4687,0,10194,0,22360,0,47021,0,92592,0,174583,0,306933,0,505145,0,768553,0,1073442,0,1359067,0,1550086,0,1583761,0,1437309,0,1089039,0,525456,1
0,0,0,0,0,0,0,0,0,0,0,0,0,0,0,0,0,0,0,0,0,0,0,0,0,0,0,0,0,0,0,0,0,0,0,0,0,0,0,0,0,0,0,0,0,0,0,0,0,0,0,0,0,0,0,0,0,0,0,0,0,0,0,0,0,0,0,0,0,0,0,0,0,0,0,0,0,0,0,0,0,0,0,0,0,0,0,0,0,0,0,0,0,0,0,1,0,0,0,7,0,15,0,53,0,116,0,316,755,0,1909,0,4602,0,10248,0,22117,0,46656,0,92325,0,173475,0,305656,0,504570,0,767721,0,1071154,0,1358796,0,1550914,0,1585267,0,1439153,0,1090856,0,526726,1
0,0,0,0,0,0,0,0,0,0,0,0,0,0,0,0,0,0,0,0,0,0,0,0,0,0,0,0,0,0,0,0,0,0,0,0,0,0,0,0,0,0,0,0,0,0,0,0,0,0,0,0,0,0,0,0,0,0,0,0,0,0,0,0,0,0,0,0,0,0,0,0,0,0,0,0,0,0,0,0,0,0,0,0,0,0,0,0,0,0,0,0,0,0,0,0,0,3,0,7,0,17,0,46,0,119,0,313,752,0,1932,0,4489,0,10092,0,22269,0,46225,0,91795,0,172745,0,305146,0,502990,0,766420,0,1069885,0,1358446,0,1551296,0,1586000,0,1441363,0,1093064,0,527994,1
0,0,0,0,0,0,0,0,0,0,0,0,0,0,0,0,0,0,0,0,0,0,0,0,0,0,0,0,0,0,0,0,0,0,0,0,0,0,0,0,0,0,0,0,0,0,0,0,0,0,0,0,0,0,0,0,0,0,0,0,0,0,0,0,0,0,0,0,0,0,0,0,0,0,0,0,0,0,0,0,0,0,0,0,0,0,0,0,0,0,0,0,0,0,0,1,0,1,0,9,0,17,0,45,0,116,0,311,779,0,1877,0,4422,0,10072,0,22063,0,45776,0,91661,0,172099,0,303810,0,501287,0,765418,0,1069571,0,1357725,0,1551930,0,1587035,0,1443121,0,1095399,0,528863,1
0,0,0,0,0,0,0,0,0,0,0,0,0,0,0,0,0,0,0,0,0,0,0,0,0,0,0,0,0,0,0,0,0,0,0,0,0,0,0,0,0,0,0,0,0,0,0,0,0,0,0,0,0,0,0,0,0,0,0,0,0,0,0,0,0,0,0,0,0,0,0,0,0,0,0,0,0,0,0,0,0,0,0,0,0,0,0,0,0,0,0,0,0,1,0,0,0,1,0,5,0,24,0,40,0,106,0,327,757,0,1864,0,4342,0,10100,0,21889,0,45771,0,91089,0,171593,0,302580,0,500541,0,763411,0,1068736,0,1357519,0,1551966,0,1588649,0,1444616,0,1097313,0,530168,1
0,0,0,0,0,0,0,0,0,0,0,0,0,0,0,0,0,0,0,0,0,0,0,0,0,0,0,0,0,0,0,0,0,0,0,0,0,0,0,0,0,0,0,0,0,0,0,0,0,0,0,0,0,0,0,0,0,0,0,0,0,0,0,0,0,0,0,0,0,0,0,0,0,0,0,0,0,0,0,0,0,0,0,0,0,0,0,0,0,0,0,0,0,1,0,0,0,2,0,5,0,16,0,47,0,104,0,315,742,0,1860,0,4267,0,10039,0,21687,0,45603,0,91102,0,170509,0,301993,0,499312,0,761301,0,1068049,0,1356875,0,1553142,0,1589650,0,1446458,0,1099042,0,531287,1
0,0,0,0,0,0,0,0,0,0,0,0,0,0,0,0,0,0,0,0,0,0,0,0,0,0,0,0,0,0,0,0,0,0,0,0,0,0,0,0,0,0,0,0,0,0,0,0,0,0,0,0,0,0,0,0,0,0,0,0,0,0,0,0,0,0,0,0,0,0,0,0,0,0,0,0,0,0,0,0,0,0,0,0,0,0,0,0,0,0,0,0,0,0,0,2,0,1,0,5,0,16,0,40,0,103,0,326,723,0,1801,0,4321,0,9973,0,21549,0,45355,0,90881,0,169720,0,300973,0,498240,0,759716,0,1066184,0,1357096,0,1553625,0,1591078,0,1448576,0,1100810,0,532294,1
0,0,0,0,0,0,0,0,0,0,0,0,0,0,0,0,0,0,0,0,0,0,0,0,0,0,0,0,0,0,0,0,0,0,0,0,0,0,0,0,0,0,0,0,0,0,0,0,0,0,0,0,0,0,0,0,0,0,0,0,0,0,0,0,0,0,0,0,0,0,0,0,0,0,0,0,0,0,0,0,0,0,0,0,0,0,0,0,0,0,0,0,0,0,0,1,0,2,0,3,0,15,0,44,0,114,0,306,727,0,1746,0,4344,0,9941,0,21331,0,45166,0,90298,0,169282,0,299908,0,496698,0,758532,0,1065764,0,1356134,0,1554536,0,1592801,0,1449480,0,1102905,0,533330,1
0,0,0,0,0,0,0,0,0,0,0,0,0,0,0,0,0,0,0,0,0,0,0,0,0,0,0,0,0,0,0,0,0,0,0,0,0,0,0,0,0,0,0,0,0,0,0,0,0,0,0,0,0,0,0,0,0,0,0,0,0,0,0,0,0,0,0,0,0,0,0,0,0,0,0,0,0,0,0,0,0,0,0,0,0,0,0,0,0,0,0,0,0,0,0,1,0,3,0,4,0,14,0,40,0,122,0,295,728,0,1758,0,4273,0,9851,0,21273,0,44943,0,89503,0,168711,0,298461,0,495982,0,757292,0,1064912,0,1354211,0,1556133,0,1594128,0,1451496,0,1104680,0,534594,1
0,0,0,0,0,0,0,0,0,0,0,0,0,0,0,0,0,0,0,0,0,0,0,0,0,0,0,0,0,0,0,0,0,0,0,0,0,0,0,0,0,0,0,0,0,0,0,0,0,0,0,0,0,0,0,0,0,0,0,0,0,0,0,0,0,0,0,0,0,0,0,0,0,0,0,0,0,0,0,0,0,0,0,0,0,0,0,0,0,0,0,0,0,0,0,1,0,3,0,3,0,14,0,44,0,126,0,277,724,0,1740,0,4317,0,9702,0,21268,0,44602,0,89204,0,168049,0,297703,0,493849,0,756615,0,1063482,0,1354104,0,1556446,0,1595647,0,1453301,0,1106522,0,535665,1
0,0,0,0,0,0,0,0,0,0,0,0,0,0,0,0,0,0,0,0,0,0,0,0,0,0,0,0,0,0,0,0,0,0,0,0,0,0,0,0,0,0,0,0,0,0,0,0,0,0,0,0,0,0,0,0,0,0,0,0,0,0,0,0,0,0,0,0,0,0,0,0,0,0,0,0,0,0,0,0,0,0,0,0,0,0,0,0,0,0,0,0,0,0,0,1,0,1,0,7,0,16,0,41,0,116,0,272,722,0,1754,0,4270,0,9525,0,21283,0,44468,0,88833,0,167095,0,297264,0,492208,0,755442,0,1061445,0,1354414,0,1557034,0,1597082,0,1455151,0,1108199,0,536765,1
0,0,0,0,0,0,0,0,0,0,0,0,0,0,0,0,0,0,0,0,0,0,0,0,0,0,0,0,0,0,0,0,0,0,0,0,0,0,0,0,0,0,0,0,0,0,0,0,0,0,0,0,0,0,0,0,0,0,0,0,0,0,0,0,0,0,0,0,0,0,0,0,0,0,0,0,0,0,0,0,0,0,0,0,0,0,0,0,0,0,0,0,0,1,0,0,0,1,0,7,0,16,0,39,0,119,0,268,726,0,1742,0,4190,0,9676,0,20987,0,44345,0,88181,0,166672,0,296292,0,490561,0,754043,0,1060171,0,1354991,0,1556455,0,1599271,0,1457087,0,1109631,0,537936,1
0,0,0,0,0,0,0,0,0,0,0,0,0,0,0,0,0,0,0,0,0,0,0,0,0,0,0,0,0,0,0,0,0,0,0,0,0,0,0,0,0,0,0,0,0,0,0,0,0,0,0,0,0,0,0,0,0,0,0,0,0,0,0,0,0,0,0,0,0,0,0,0,0,0,0,0,0,0,0,0,0,0,0,0,0,0,0,0,0,0,0,0,0,1,0,0,0,1,0,5,0,19,0,40,0,118,0,268,698,0,1766,0,4108,0,9537,0,21027,0,44096,0,87760,0,166045,0,294579,0,490729,0,752818,0,1058083,0,1354702,0,1557044,0,1600503,0,1459069,0,1111373,0,539019,1
0,0,0,0,0,0,0,0,0,0,0,0,0,0,0,0,0,0,0,0,0,0,0,0,0,0,0,0,0,0,0,0,0,0,0,0,0,0,0,0,0,0,0,0,0,0,0,0,0,0,0,0,0,0,0,0,0,0,0,0,0,0,0,0,0,0,0,0,0,0,0,0,0,0,0,0,0,0,0,0,0,0,0,0,0,0,0,0,0,0,0,1,0,0,0,0,0,1,0,5,0,22,0,38,0,112,0,261,713,0,1743,0,4100,0,9406,0,20851,0,43806,0,87456,0,165793,0,293145,0,489449,0,751510,0,1057573,0,1353919,0,1557531,0,1601955,0,1461074,0,1112590,0,540354,1
0,0,0,0,0,0,0,0,0,0,0,0,0,0,0,0,0,0,0,0,0,0,0,0,0,0,0,0,0,0,0,0,0,0,0,0,0,0,0,0,0,0,0,0,0,0,0,0,0,0,0,0,0,0,0,0,0,0,0,0,0,0,0,0,0,0,0,0,0,0,0,0,0,0,0,0,0,0,0,0,0,0,0,0,0,0,0,0,0,0,0,1,0,0,0,1,0,0,0,7,0,17,0,47,0,109,0,263,687,0,1737,0,4151,0,9274,0,20694,0,43428,0,87306,0,164826,0,292960,0,487641,0,750266,0,1056520,0,1353711,0,1557290,0,1604012,0,1462705,0,1114126,0,541629,1
0,0,0,0,0,0,0,0,0,0,0,0,0,0,0,0,0,0,0,0,0,0,0,0,0,0,0,0,0,0,0,0,0,0,0,0,0,0,0,0,0,0,0,0,0,0,0,0,0,0,0,0,0,0,0,0,0,0,0,0,0,0,0,0,0,0,0,0,0,0,0,0,0,0,0,0,0,0,0,0,0,0,0,0,0,0,0,0,0,0,0,0,0,1,0,1,0,1,0,5,0,17,0,40,0,116,0,252,704,0,1695,0,4153,0,9302,0,20457,0,43259,0,86978,0,164104,0,292256,0,486457,0,748528,0,1056070,0,1353679,0,1557052,0,1605163,0,1464549,0,1115930,0,542639,1
0,0,0,0,0,0,0,0,0,0,0,0,0,0,0,0,0,0,0,0,0,0,0,0,0,0,0,0,0,0,0,0,0,0,0,0,0,0,0,0,0,0,0,0,0,0,0,0,0,0,0,0,0,0,0,0,0,0,0,0,0,0,0,0,0,0,0,0,0,0,0,0,0,0,0,0,0,0,0,0,0,0,0,0,0,0,0,0,0,0,0,0,0,1,0,1,0,1,0,7,0,18,0,35,0,112,0,254,679,0,1685,0,4123,0,9184,0,20365,0,43185,0,86340,0,163596,0,291865,0,485101,0,746784,0,1055016,0,1353504,0,1558136,0,1605686,0,1466229,0,1117521,0,543980,1
0,0,0,0,0,0,0,0,0,0,0,0,0,0,0,0,0,0,0,0,0,0,0,0,0,0,0,0,0,0,0,0,0,0,0,0,0,0,0,0,0,0,0,0,0,0,0,0,0,0,0,0,0,0,0,0,0,0,0,0,0,0,0,0,0,0,0,0,0,0,0,0,0,0,0,0,0,0,0,0,0,0,0,0,0,0,0,0,0,0,0,0,0,1,0,0,0,2,0,7,0,17,0,39,0,106,0,242,691,0,1652,0,4024,0,9234,0,20280,0,43016,0,85980,0,162897,0,290686,0,484115,0,745574,0,1054492,0,1353126,0,1558018,0,1606647,0,1468415,0,1118953,0,545194,1
0,0,0,0,0,0,0,0,0,0,0,0,0,0,0,0,0,0,0,0,0,0,0,0,0,0,0,0,0,0,0,0,0,0,0,0,0,0,0,0,0,0,0,0,0,0,0,0,0,0,0,0,0,0,0,0,0,0,0,0,0,0,0,0,0,0,0,0,0,0,0,0,0,0,0,0,0,0,0,0,0,0,0,0,0,0,0,0,0,0,0,0,0,1,0,0,0,0,0,7,0,17,0,37,0,109,0,236,680,0,1644,0,4015,0,9234,0,20166,0,42503,0,85723,0,162047,0,289942,0,482765,0,744478,0,1053687,0,1353721,0,1557380,0,1608123,0,1469792,0,1120761,0,546340,1
0,0,0,0,0,0,0,0,0,0,0,0,0,0,0,0,0,0,0,0,0,0,0,0,0,0,0,0,0,0,0,0,0,0,0,0,0,0,0,0,0,0,0,0,0,0,0,0,0,0,0,0,0,0,0,0,0,0,0,0,0,0,0,0,0,0,0,0,0,0,0,0,0,0,0,0,0,0,0,0,0,0,0,0,0,0,0,0,0,0,0,0,0,1,0,0,0,2,0,4,0,18,0,42,0,90,0,243,668,0,1649,0,3952,0,9180,0,20068,0,42382,0,85111,0,161703,0,289253,0,481560,0,742896,0,1052192,0,1353304,0,1558153,0,1609491,0,1471432,0,1122602,0,547412,1
0,0,0,0,0,0,0,0,0,0,0,0,0,0,0,0,0,0,0,0,0,0,0,0,0,0,0,0,0,0,0,0,0,0,0,0,0,0,0,0,0,0,0,0,0,0,0,0,0,0,0,0,0,0,0,0,0,0,0,0,0,0,0,0,0,0,0,0,0,0,0,0,0,0,0,0,0,0,0,0,0,0,0,0,0,0,0,0,0,0,0,0,0,1,0,1,0,2,0,3,0,18,0,42,0,97,0,223,679,0,1626,0,3911,0,9161,0,19954,0,42155,0,84566,0,161255,0,288254,0,480535,0,741823,0,1050779,0,1352872,0,1559042,0,1609987,0,1473802,0,1124270,0,548350,1
0,0,0,0,0,0,0,0,0,0,0,0,0,0,0,0,0,0,0,0,0,0,0,0,0,0,0,0,0,0,0,0,0,0,0,0,0,0,0,0,0,0,0,0,0,0,0,0,0,0,0,0,0,0,0,0,0,0,0,0,0,0,0,0,0,0,0,0,0,0,0,0,0,0,0,0,0,0,0,0,0,0,0,0,0,0,0,0,0,0,0,1,0,0,0,1,0,3,0,1,0,17,0,46,0,90,0,221,673,0,1640,0,3846,0,9097,0,19712,0,42040,0,84150,0,160930,0,287241,0,479522,0,740451,0,1050272,0,1352507,0,1558078,0,1611298,0,1475994,0,1126293,0,549284,1
0,0,0,0,0,0,0,0,0,0,0,0,0,0,0,0,0,0,0,0,0,0,0,0,0,0,0,0,0,0,0,0,0,0,0,0,0,0,0,0,0,0,0,0,0,0,0,0,0,0,0,0,0,0,0,0,0,0,0,0,0,0,0,0,0,0,0,0,0,0,0,0,0,0,0,0,0,0,0,0,0,0,0,0,0,0,0,0,0,0,0,0,0,1,0,0,0,4,0,1,0,11,0,45,0,87,0,255,621,0,1669,0,3828,0,9025,0,19459,0,42005,0,83917,0,160090,0,286547,0,477968,0,739367,0,1049380,0,1352585,0,1557728,0,1613229,0,1476787,0,1128619,0,550180,1
0,0,0,0,0,0,0,0,0,0,0,0,0,0,0,0,0,0,0,0,0,0,0,0,0,0,0,0,0,0,0,0,0,0,0,0,0,0,0,0,0,0,0,0,0,0,0,0,0,0,0,0,0,0,0,0,0,0,0,0,0,0,0,0,0,0,0,0,0,0,0,0,0,0,0,0,0,0,0,0,0,0,0,0,0,0,0,0,0,0,0,0,0,0,0,1,0,4,0,3,0,9,0,40,0,91,0,240,621,0,1620,0,3898,0,8981,0,19354,0,41764,0,83504,0,159262,0,285692,0,476976,0,738285,0,1048537,0,1351594,0,1559359,0,1613688,0,1478050,0,1130471,0,551364,1
0,0,0,0,0,0,0,0,0,0,0,0,0,0,0,0,0,0,0,0,0,0,0,0,0,0,0,0,0,0,0,0,0,0,0,0,0,0,0,0,0,0,0,0,0,0,0,0,0,0,0,0,0,0,0,0,0,0,0,0,0,0,0,0,0,0,0,0,0,0,0,0,0,0,0,0,0,0,0,0,0,0,0,0,0,0,0,0,0,0,0,0,0,0,0,1,0,4,0,3,0,7,0,38,0,90,0,231,642,0,1611,0,3798,0,8884,0,19242,0,41540,0,83327,0,158517,0,284974,0,475458,0,737048,0,1047451,0,1351599,0,1559270,0,1615239,0,1480229,0,1131839,0,552366,1
0,0,0,0,0,0,0,0,0,0,0,0,0,0,0,0,0,0,0,0,0,0,0,0,0,0,0,0,0,0,0,0,0,0,0,0,0,0,0,0,0,0,0,0,0,0,0,0,0,0,0,0,0,0,0,0,0,0,0,0,0,0,0,0,0,0,0,0,0,0,0,0,0,0,0,0,0,0,0,0,0,0,0,0,0,0,0,0,0,0,0,0,0,0,0,1,0,4,0,1,0,12,0,35,0,83,0,237,644,0,1560,0,3853,0,8859,0,19258,0,41068,0,83383,0,157576,0,283945,0,474911,0,735652,0,1046668,0,1349686,0,1560547,0,1616767,0,1481773,0,1133743,0,553142,1
0,0,0,0,0,0,0,0,0,0,0,0,0,0,0,0,0,0,0,0,0,0,0,0,0,0,0,0,0,0,0,0,0,0,0,0,0,0,0,0,0,0,0,0,0,0,0,0,0,0,0,0,0,0,0,0,0,0,0,0,0,0,0,0,0,0,0,0,0,0,0,0,0,0,0,0,0,0,0,0,0,0,0,0,0,0,0,0,0,0,0,0,0,0,0,1,0,1,0,4,0,12,0,31,0,88,0,221,654,0,1542,0,3797,0,8865,0,19244,0,40821,0,82877,0,157117,0,283054,0,474018,0,734482,0,1045252,0,1349205,0,1561158,0,1618280,0,1483619,0,1134935,0,554130,1
0,0,0,0,0,0,0,0,0,0,0,0,0,0,0,0,0,0,0,0,0,0,0,0,0,0,0,0,0,0,0,0,0,0,0,0,0,0,0,0,0,0,0,0,0,0,0,0,0,0,0,0,0,0,0,0,0,0,0,0,0,0,0,0,0,0,0,0,0,0,0,0,0,0,0,0,0,0,0,0,0,0,0,0,0,0,0,0,0,0,0,0,0,0,0,0,0,2,0,5,0,11,0,29,0,85,0,220,662,0,1557,0,3793,0,8691,0,19223,0,40693,0,82215,0,156845,0,282295,0,472811,0,732940,0,1044366,0,1349259,0,1561443,0,1619139,0,1485016,0,1137003,0,555105,1
0,0,0,0,0,0,0,0,0,0,0,0,0,0,0,0,0,0,0,0,0,0,0,0,0,0,0,0,0,0,0,0,0,0,0,0,0,0,0,0,0,0,0,0,0,0,0,0,0,0,0,0,0,0,0,0,0,0,0,0,0,0,0,0,0,0,0,0,0,0,0,0,0,0,0,0,0,0,0,0,0,0,0,0,0,0,0,0,0,0,0,0,0,0,0,0,0,1,0,7,0,11,0,31,0,76,0,205,642,0,1581,0,3749,0,8637,0,19114,0,40414,0,81744,0,156542,0,281400,0,471495,0,732341,0,1042852,0,1349327,0,1561284,0,1620283,0,1487529,0,1138336,0,555807,1
0,0,0,0,0,0,0,0,0,0,0,0,0,0,0,0,0,0,0,0,0,0,0,0,0,0,0,0,0,0,0,0,0,0,0,0,0,0,0,0,0,0,0,0,0,0,0,0,0,0,0,0,0,0,0,0,0,0,0,0,0,0,0,0,0,0,0,0,0,0,0,0,0,0,0,0,0,0,0,0,0,0,0,0,0,0,0,0,0,0,0,0,0,0,0,0,0,3,0,4,0,14,0,25,0,83,0,209,625,0,1518,0,3716,0,8645,0,18993,0,40396,0,81194,0,155958,0,280215,0,471182,0,730973,0,1042141,0,1348111,0,1562086,0,1621549,0,1488782,0,1140427,0,556559,1
0,0,0,0,0,0,0,0,0,0,0,0,0,0,0,0,0,0,0,0,0,0,0,0,0,0,0,0,0,0,0,0,0,0,0,0,0,0,0,0,0,0,0,0,0,0,0,0,0,0,0,0,0,0,0,0,0,0,0,0,0,0,0,0,0,0,0,0,0,0,0,0,0,0,0,0,0,0,0,0,0,0,0,0,0,0,0,0,0,0,0,0,0,0,0,0,0,1,0,5,0,14,0,31,0,69,0,220,634,0,1502,0,3651,0,8672,0,18827,0,39999,0,81208,0,155348,0,279639,0,469251,0,730337,0,1040868,0,1348245,0,1562482,0,1621868,0,1491420,0,1141663,0,557454,1
0,0,0,0,0,0,0,0,0,0,0,0,0,0,0,0,0,0,0,0,0,0,0,0,0,0,0,0,0,0,0,0,0,0,0,0,0,0,0,0,0,0,0,0,0,0,0,0,0,0,0,0,0,0,0,0,0,0,0,0,0,0,0,0,0,0,0,0,0,0,0,0,0,0,0,0,0,0,0,0,0,0,0,0,0,0,0,0,0,0,0,0,0,0,0,0,0,1,0,5,0,9,0,36,0,66,0,225,622,0,1504,0,3639,0,8556,0,18801,0,39847,0,80740,0,154940,0,278283,0,468924,0,729458,0,1039469,0,1347089,0,1562544,0,1624302,0,1492539,0,1143604,0,558205,1
0,0,0,0,0,0,0,0,0,0,0,0,0,0,0,0,0,0,0,0,0,0,0,0,0,0,0,0,0,0,0,0,0,0,0,0,0,0,0,0,0,0,0,0,0,0,0,0,0,0,0,0,0,0,0,0,0,0,0,0,0,0,0,0,0,0,0,0,0,0,0,0,0,0,0,0,0,0,0,0,0,0,0,0,0,0,0,0,0,0,0,0,0,0,0,0,0,1,0,6,0,11,0,29,0,81,0,214,626,0,1476,0,3630,0,8516,0,18714,0,39697,0,80300,0,154465,0,277231,0,468034,0,727977,0,1038494,0,1346651,0,1562885,0,1626205,0,1494042,0,1145037,0,559086,1
0,0,0,0,0,0,0,0,0,0,0,0,0,0,0,0,0,0,0,0,0,0,0,0,0,0,0,0,0,0,0,0,0,0,0,0,0,0,0,0,0,0,0,0,0,0,0,0,0,0,0,0,0,0,0,0,0,0,0,0,0,0,0,0,0,0,0,0,0,0,0,0,0,0,0,0,0,0,0,0,0,0,0,0,0,0,0,0,0,0,0,0,0,0,0,0,0,1,0,8,0,11,0,25,0,78,0,225,599,0,1449,0,3625,0,8431,0,18595,0,39678,0,79998,0,153805,0,276868,0,466518,0,726893,0,1037769,0,1346468,0,1562554,0,1627519,0,1495859,0,1146223,0,560209,1
0,0,0,0,0,0,0,0,0,0,0,0,0,0,0,0,0,0,0,0,0,0,0,0,0,0,0,0,0,0,0,0,0,0,0,0,0,0,0,0,0,0,0,0,0,0,0,0,0,0,0,0,0,0,0,0,0,0,0,0,0,0,0,0,0,0,0,0,0,0,0,0,0,0,0,0,0,0,0,0,0,0,0,0,0,0,0,0,0,0,0,0,0,0,0,0,0,2,0,9,0,9,0,19,0,90,0,229,581,0,1459,0,3559,0,8417,0,18536,0,39323,0,79604,0,153642,0,275683,0,465508,0,725771,0,1036896,0,1345856,0,1563494,0,1628288,0,1497161,0,1148361,0,560911,1
0,0,0,0,0,0,0,0,0,0,0,0,0,0,0,0,0,0,0,0,0,0,0,0,0,0,0,0,0,0,0,0,0,0,0,0,0,0,0,0,0,0,0,0,0,0,0,0,0,0,0,0,0,0,0,0,0,0,0,0,0,0,0,0,0,0,0,0,0,0,0,0,0,0,0,0,0,0,0,0,0,0,0,0,0,0,0,0,0,0,0,0,0,0,0,0,0,1,0,8,0,11,0,23,0,75,0,232,595,0,1430,0,3553,0,8350,0,18315,0,39192,0,79110,0,153137,0,275312,0,464073,0,725068,0,1036393,0,1344288,0,1564918,0,1628678,0,1499098,0,1150068,0,561480,1
0,0,0,0,0,0,0,0,0,0,0,0,0,0,0,0,0,0,0,0,0,0,0,0,0,0,0,0,0,0,0,0,0,0,0,0,0,0,0,0,0,0,0,0,0,0,0,0,0,0,0,0,0,0,0,0,0,0,0,0,0,0,0,0,0,0,0,0,0,0,0,0,0,0,0,0,0,0,0,0,0,0,0,0,0,0,0,0,0,0,0,0,0,0,0,0,0,1,0,7,0,10,0,30,0,83,0,227,574,0,1431,0,3529,0,8353,0,18196,0,38788,0,78864,0,152814,0,274459,0,463367,0,723071,0,1035690,0,1343987,0,1565357,0,1629778,0,1501284,0,1150875,0,562633,1
0,0,0,0,0,0,0,0,0,0,0,0,0,0,0,0,0,0,0,0,0,0,0,0,0,0,0,0,0,0,0,0,0,0,0,0,0,0,0,0,0,0,0,0,0,0,0,0,0,0,0,0,0,0,0,0,0,0,0,0,0,0,0,0,0,0,0,0,0,0,0,0,0,0,0,0,0,0,0,0,0,0,0,0,0,0,0,0,0,0,0,0,0,0,0,0,0,1,0,6,0,14,0,23,0,80,0,220,573,0,1424,0,3506,0,8354,0,18060,0,38798,0,78494,0,152313,0,273261,0,462426,0,722502,0,1034012,0,1343713,0,1566353,0,1630814,0,1502506,0,1152522,0,563433,1
0,0,0,0,0,0,0,0,0,0,0,0,0,0,0,0,0,0,0,0,0,0,0,0,0,0,0,0,0,0,0,0,0,0,0,0,0,0,0,0,0,0,0,0,0,0,0,0,0,0,0,0,0,0,0,0,0,0,0,0,0,0,0,0,0,0,0,0,0,0,0,0,0,0,0,0,0,0,0,0,0,0,0,0,0,0,0,0,0,0,0,0,0,0,0,0,0,1,0,3,0,14,0,28,0,76,0,220,570,0,1415,0,3417,0,8262,0,17990,0,38708,0,78275,0,151810,0,272798,0,461227,0,721483,0,1033108,0,1342902,0,1567478,0,1631248,0,1504388,0,1153552,0,564435,1
0,0,0,0,0,0,0,0,0,0,0,0,0,0,0,0,0,0,0,0,0,0,0,0,0,0,0,0,0,0,0,0,0,0,0,0,0,0,0,0,0,0,0,0,0,0,0,0,0,0,0,0,0,0,0,0,0,0,0,0,0,0,0,0,0,0,0,0,0,0,0,0,0,0,0,0,0,0,0,0,0,0,0,0,0,0,0,0,0,0,0,0,0,0,0,0,0,0,0,6,0,10,0,27,0,82,0,211,575,0,1402,0,3401,0,8130,0,17982,0,38640,0,77923,0,151308,0,271900,0,459779,0,722233,0,1031300,0,1342651,0,1566128,0,1633820,0,1506088,0,1154490,0,565322,1
0,0,0,0,0,0,0,0,0,0,0,0,0,0,0,0,0,0,0,0,0,0,0,0,0,0,0,0,0,0,0,0,0,0,0,0,0,0,0,0,0,0,0,0,0,0,0,0,0,0,0,0,0,0,0,0,0,0,0,0,0,0,0,0,0,0,0,0,0,0,0,0,0,0,0,0,0,0,0,0,0,0,0,0,0,0,0,0,0,0,0,0,0,0,0,0,0,0,0,6,0,8,0,29,0,75,0,214,567,0,1426,0,3340,0,8014,0,18018,0,38459,0,77970,0,150358,0,270751,0,459589,0,720305,0,1031463,0,1341895,0,1565569,0,1635918,0,1507214,0,1156219,0,566001,1
0,0,0,0,0,0,0,0,0,0,0,0,0,0,0,0,0,0,0,0,0,0,0,0,0,0,0,0,0,0,0,0,0,0,0,0,0,0,0,0,0,0,0,0,0,0,0,0,0,0,0,0,0,0,0,0,0,0,0,0,0,0,0,0,0,0,0,0,0,0,0,0,0,0,0,0,0,0,0,0,0,0,0,0,0,0,0,0,0,0,0,0,0,0,0,0,0,0,0,4,0,10,0,35,0,70,0,218,557,0,1393,0,3326,0,7981,0,18000,0,38335,0,77852,0,149423,0,270782,0,457664,0,719547,0,1030429,0,1341127,0,1566505,0,1636287,0,1509192,0,1157942,0,566729,1
0,0,0,0,0,0,0,0,0,0,0,0,0,0,0,0,0,0,0,0,0,0,0,0,0,0,0,0,0,0,0,0,0,0,0,0,0,0,0,0,0,0,0,0,0,0,0,0,0,0,0,0,0,0,0,0,0,0,0,0,0,0,0,0,0,0,0,0,0,0,0,0,0,0,0,0,0,0,0,0,0,0,0,0,0,0,0,0,0,0,0,0,0,0,0,0,0,0,0,2,0,12,0,34,0,82,0,204,557,0,1354,0,3326,0,7898,0,17947,0,38139,0,77514,0,148770,0,270641,0,456419,0,718416,0,1029953,0,1339772,0,1567664,0,1636946,0,1510841,0,1159372,0,567545,1
0,0,0,0,0,0,0,0,0,0,0,0,0,0,0,0,0,0,0,0,0,0,0,0,0,0,0,0,0,0,0,0,0,0,0,0,0,0,0,0,0,0,0,0,0,0,0,0,0,0,0,0,0,0,0,0,0,0,0,0,0,0,0,0,0,0,0,0,0,0,0,0,0,0,0,0,0,0,0,0,0,0,0,0,0,0,0,0,0,0,0,0,0,0,0,0,0,0,0,2,0,12,0,41,0,78,0,194,555,0,1344,0,3337,0,7780,0,17849,0,37811,0,77322,0,148211,0,269941,0,455638,0,716830,0,1028763,0,1340242,0,1567906,0,1637352,0,1512935,0,1160905,0,568360,1
0,0,0,0,0,0,0,0,0,0,0,0,0,0,0,0,0,0,0,0,0,0,0,0,0,0,0,0,0,0,0,0,0,0,0,0,0,0,0,0,0,0,0,0,0,0,0,0,0,0,0,0,0,0,0,0,0,0,0,0,0,0,0,0,0,0,0,0,0,0,0,0,0,0,0,0,0,0,0,0,0,0,0,0,0,0,0,0,0,0,0,0,0,0,0,0,0,1,0,1,0,10,0,38,0,94,0,184,557,0,1345,0,3308,0,7817,0,17696,0,37721,0,76896,0,147622,0,269537,0,454571,0,715352,0,1028782,0,1338814,0,1568973,0,1637830,0,1514966,0,1162365,0,568928,1
0,0,0,0,0,0,0,0,0,0,0,0,0,0,0,0,0,0,0,0,0,0,0,0,0,0,0,0,0,0,0,0,0,0,0,0,0,0,0,0,0,0,0,0,0,0,0,0,0,0,0,0,0,0,0,0,0,0,0,0,0,0,0,0,0,0,0,0,0,0,0,0,0,0,0,0,0,0,0,0,0,0,0,0,0,0,0,0,0,0,0,0,0,0,0,0,0,1,0,2,0,14,0,32,0,80,0,214,550,0,1285,0,3340,0,7833,0,17601,0,37380,0,76501,0,147515,0,268676,0,453239,0,714686,0,1027604,0,1338881,0,1568847,0,1639882,0,1516198,0,1163278,0,569769,1
0,0,0,0,0,0,0,0,0,0,0,0,0,0,0,0,0,0,0,0,0,0,0,0,0,0,0,0,0,0,0,0,0,0,0,0,0,0,0,0,0,0,0,0,0,0,0,0,0,0,0,0,0,0,0,0,0,0,0,0,0,0,0,0,0,0,0,0,0,0,0,0,0,0,0,0,0,0,0,0,0,0,0,0,0,0,0,0,0,0,0,0,0,0,0,0,0,0,0,5,0,15,0,28,0,82,0,204,544,0,1257,0,3373,0,7792,0,17400,0,37422,0,76084,0,147037,0,267704,0,453068,0,713602,0,1026533,0,1338578,0,1568954,0,1640534,0,1517685,0,1164861,0,570646,1
0,0,0,0,0,0,0,0,0,0,0,0,0,0,0,0,0,0,0,0,0,0,0,0,0,0,0,0,0,0,0,0,0,0,0,0,0,0,0,0,0,0,0,0,0,0,0,0,0,0,0,0,0,0,0,0,0,0,0,0,0,0,0,0,0,0,0,0,0,0,0,0,0,0,0,0,0,0,0,0,0,0,0,0,0,0,0,0,0,0,0,0,0,0,0,0,0,1,0,4,0,15,0,24,0,75,0,216,509,0,1321,0,3350,0,7707,0,17374,0,37056,0,75826,0,146637,0,266944,0,452662,0,712699,0,1025137,0,1338399,0,1569549,0,1640640,0,1519613,0,1166128,0,571522,1
0,0,0,0,0,0,0,0,0,0,0,0,0,0,0,0,0,0,0,0,0,0,0,0,0,0,0,0,0,0,0,0,0,0,0,0,0,0,0,0,0,0,0,0,0,0,0,0,0,0,0,0,0,0,0,0,0,0,0,0,0,0,0,0,0,0,0,0,0,0,0,0,0,0,0,0,0,0,0,0,0,0,0,0,0,0,0,0,0,0,0,0,0,0,0,0,0,2,0,2,0,17,0,21,0,75,0,200,528,0,1372,0,3336,0,7622,0,17213,0,36927,0,75699,0,146054,0,266296,0,451828,0,711575,0,1023844,0,1337925,0,1570474,0,1641980,0,1520349,0,1168105,0,571964,1
0,0,0,0,0,0,0,0,0,0,0,0,0,0,0,0,0,0,0,0,0,0,0,0,0,0,0,0,0,0,0,0,0,0,0,0,0,0,0,0,0,0,0,0,0,0,0,0,0,0,0,0,0,0,0,0,0,0,0,0,0,0,0,0,0,0,0,0,0,0,0,0,0,0,0,0,0,0,0,0,0,0,0,0,0,0,0,0,0,0,0,0,0,0,0,0,0,2,0,4,0,10,0,26,0,82,0,192,523,0,1372,0,3221,0,7626,0,17043,0,36955,0,75386,0,145407,0,265889,0,450720,0,710329,0,1022746,0,1338313,0,1570856,0,1643358,0,1521939,0,1169005,0,572404,1
0,0,0,0,0,0,0,0,0,0,0,0,0,0,0,0,0,0,0,0,0,0,0,0,0,0,0,0,0,0,0,0,0,0,0,0,0,0,0,0,0,0,0,0,0,0,0,0,0,0,0,0,0,0,0,0,0,0,0,0,0,0,0,0,0,0,0,0,0,0,0,0,0,0,0,0,0,0,0,0,0,0,0,0,0,0,0,0,0,0,0,0,0,0,0,1,0,1,0,5,0,9,0,25,0,83,0,190,525,0,1350,0,3220,0,7588,0,17033,0,36607,0,75407,0,144828,0,265216,0,449446,0,709565,0,1022322,0,1337492,0,1570788,0,1645056,0,1522555,0,1170760,0,573336,1
0,0,0,0,0,0,0,0,0,0,0,0,0,0,0,0,0,0,0,0,0,0,0,0,0,0,0,0,0,0,0,0,0,0,0,0,0,0,0,0,0,0,0,0,0,0,0,0,0,0,0,0,0,0,0,0,0,0,0,0,0,0,0,0,0,0,0,0,0,0,0,0,0,0,0,0,0,0,0,0,0,0,0,0,0,0,0,0,0,0,0,0,0,0,0,0,0,4,0,4,0,7,0,29,0,78,0,192,502,0,1353,0,3232,0,7464,0,17016,0,36633,0,74578,0,144760,0,263955,0,449379,0,708113,0,1021371,0,1337211,0,1571156,0,1645960,0,1523807,0,1172638,0,573966,1
0,0,0,0,0,0,0,0,0,0,0,0,0,0,0,0,0,0,0,0,0,0,0,0,0,0,0,0,0,0,0,0,0,0,0,0,0,0,0,0,0,0,0,0,0,0,0,0,0,0,0,0,0,0,0,0,0,0,0,0,0,0,0,0,0,0,0,0,0,0,0,0,0,0,0,0,0,0,0,0,0,0,0,0,0,0,0,0,0,0,0,0,0,0,0,0,0,5,0,3,0,8,0,26,0,74,0,187,508,0,1333,0,3210,0,7430,0,17033,0,36238,0,74343,0,144673,0,263339,0,448337,0,707024,0,1019763,0,1336944,0,1572791,0,1646718,0,1524584,0,1174496,0,574341,1
0,0,0,0,0,0,0,0,0,0,0,0,0,0,0,0,0,0,0,0,0,0,0,0,0,0,0,0,0,0,0,0,0,0,0,0,0,0,0,0,0,0,0,0,0,0,0,0,0,0,0,0,0,0,0,0,0,0,0,0,0,0,0,0,0,0,0,0,0,0,0,0,0,0,0,0,0,0,0,0,0,0,0,0,0,0,0,0,0,0,0,0,0,0,0,0,0,4,0,4,0,12,0,23,0,76,0,180,512,0,1280,0,3209,0,7452,0,16886,0,36002,0,74319,0,143810,0,262845,0,447710,0,705420,0,1019486,0,1336467,0,1572938,0,1647847,0,1526567,0,1175411,0,574948,1
0,0,0,0,0,0,0,0,0,0,0,0,0,0,0,0,0,0,0,0,0,0,0,0,0,0,0,0,0,0,0,0,0,0,0,0,0,0,0,0,0,0,0,0,0,0,0,0,0,0,0,0,0,0,0,0,0,0,0,0,0,0,0,0,0,0,0,0,0,0,0,0,0,0,0,0,0,0,0,0,0,0,0,0,0,0,0,0,0,0,0,0,0,0,0,1,0,3,0,4,0,9,0,27,0,71,0,173,526,0,1254,0,3256,0,7447,0,16781,0,35851,0,74078,0,143400,0,262006,0,446961,0,704580,0,1018625,0,1336265,0,1572682,0,1648347,0,1528534,0,1176573,0,575954,1
0,0,0,0,0,0,0,0,0,0,0,0,0,0,0,0,0,0,0,0,0,0,0,0,0,0,0,0,0,0,0,0,0,0,0,0,0,0,0,0,0,0,0,0,0,0,0,0,0,0,0,0,0,0,0,0,0,0,0,0,0,0,0,0,0,0,0,0,0,0,0,0,0,0,0,0,0,0,0,0,0,0,0,0,0,0,0,0,0,0,0,0,0,0,0,1,0,3,0,4,0,8,0,30,0,62,0,185,532,0,1245,0,3210,0,7490,0,16772,0,35802,0,73383,0,143193,0,261667,0,445536,0,703330,0,1018564,0,1336425,0,1571705,0,1649884,0,1528885,0,1178201,0,577291,1
0,0,0,0,0,0,0,0,0,0,0,0,0,0,0,0,0,0,0,0,0,0,0,0,0,0,0,0,0,0,0,0,0,0,0,0,0,0,0,0,0,0,0,0,0,0,0,0,0,0,0,0,0,0,0,0,0,0,0,0,0,0,0,0,0,0,0,0,0,0,0,0,0,0,0,0,0,0,0,0,0,0,0,0,0,0,0,0,0,0,0,0,0,0,0,1,0,4,0,3,0,9,0,28,0,73,0,191,487,0,1230,0,3162,0,7514,0,16644,0,36034,0,72852,0,142940,0,260750,0,445073,0,701870,0,1017794,0,1335314,0,1573128,0,1650369,0,1529907,0,1179797,0,578234,1
0,0,0,0,0,0,0,0,0,0,0,0,0,0,0,0,0,0,0,0,0,0,0,0,0,0,0,0,0,0,0,0,0,0,0,0,0,0,0,0,0,0,0,0,0,0,0,0,0,0,0,0,0,0,0,0,0,0,0,0,0,0,0,0,0,0,0,0,0,0,0,0,0,0,0,0,0,0,0,0,0,0,0,0,0,0,0,0,0,0,0,0,0,0,0,1,0,3,0,5,0,5,0,28,0,76,0,187,476,0,1228,0,3202,0,7371,0,16714,0,35696,0,72699,0,142528,0,260168,0,444228,0,701133,0,1016079,0,1335237,0,1573545,0,1650717,0,1531645,0,1181348,0,579089,1
0,0,0,0,0,0,0,0,0,0,0,0,0,0,0,0,0,0,0,0,0,0,0,0,0,0,0,0,0,0,0,0,0,0,0,0,0,0,0,0,0,0,0,0,0,0,0,0,0,0,0,0,0,0,0,0,0,0,0,0,0,0,0,0,0,0,0,0,0,0,0,0,0,0,0,0,0,0,0,0,0,0,0,0,0,0,0,0,0,0,0,0,0,0,0,2,0,2,0,3,0,6,0,24,0,78,0,187,473,0,1249,0,3142,0,7381,0,16615,0,35266,0,72712,0,141875,0,259435,0,443077,0,700741,0,1015433,0,1333958,0,1573955,0,1651510,0,1533634,0,1182708,0,579942,1
0,0,0,0,0,0,0,0,0,0,0,0,0,0,0,0,0,0,0,0,0,0,0,0,0,0,0,0,0,0,0,0,0,0,0,0,0,0,0,0,0,0,0,0,0,0,0,0,0,0,0,0,0,0,0,0,0,0,0,0,0,0,0,0,0,0,0,0,0,0,0,0,0,0,0,0,0,0,0,0,0,0,0,0,0,0,0,0,0,0,0,0,0,1,0,0,0,3,0,4,0,6,0,27,0,75,0,167,480,0,1264,0,3097,0,7369,0,16342,0,35270,0,72455,0,141279,0,258467,0,442531,0,699929,0,1014228,0,1333564,0,1574199,0,1651982,0,1535442,0,1184120,0,581107,1
0,0,0,0,0,0,0,0,0,0,0,0,0,0,0,0,0,0,0,0,0,0,0,0,0,0,0,0,0,0,0,0,0,0,0,0,0,0,0,0,0,0,0,0,0,0,0,0,0,0,0,0,0,0,0,0,0,0,0,0,0,0,0,0,0,0,0,0,0,0,0,0,0,0,0,0,0,0,0,0,0,0,0,0,0,0,0,0,0,0,0,0,0,1,0,1,0,3,0,3,0,7,0,22,0,76,0,159,463,0,1294,0,3076,0,7219,0,16234,0,35212,0,72257,0,140852,0,257892,0,441740,0,698575,0,1014755,0,1331904,0,1574629,0,1652751,0,1536939,0,1185166,0,582178,1
0,0,0,0,0,0,0,0,0,0,0,0,0,0,0,0,0,0,0,0,0,0,0,0,0,0,0,0,0,0,0,0,0,0,0,0,0,0,0,0,0,0,0,0,0,0,0,0,0,0,0,0,0,0,0,0,0,0,0,0,0,0,0,0,0,0,0,0,0,0,0,0,0,0,0,0,0,0,0,0,0,0,0,0,0,0,0,0,0,0,0,0,0,2,0,1,0,2,0,4,0,10,0,20,0,69,0,156,454,0,1261,0,3089,0,7136,0,16242,0,35039,0,72080,0,140201,0,257587,0,440694,0,697749,0,1014159,0,1331253,0,1574457,0,1653925,0,1538447,0,1186218,0,583153,1
0,0,0,0,0,0,0,0,0,0,0,0,0,0,0,0,0,0,0,0,0,0,0,0,0,0,0,0,0,0,0,0,0,0,0,0,0,0,0,0,0,0,0,0,0,0,0,0,0,0,0,0,0,0,0,0,0,0,0,0,0,0,0,0,0,0,0,0,0,0,0,0,0,0,0,0,0,0,0,0,0,0,0,0,0,0,0,0,0,0,0,0,0,1,0,1,0,2,0,7,0,6,0,28,0,63,0,161,464,0,1235,0,3093,0,7171,0,16082,0,34912,0,71687,0,139885,0,257184,0,439575,0,697128,0,1012152,0,1332001,0,1574082,0,1655636,0,1539443,0,1187822,0,583587,1
0,0,0,0,0,0,0,0,0,0,0,0,0,0,0,0,0,0,0,0,0,0,0,0,0,0,0,0,0,0,0,0,0,0,0,0,0,0,0,0,0,0,0,0,0,0,0,0,0,0,0,0,0,0,0,0,0,0,0,0,0,0,0,0,0,0,0,0,0,0,0,0,0,0,0,0,0,0,0,0,0,0,0,0,0,0,0,0,0,0,0,0,0,0,0,2,0,2,0,5,0,9,0,22,0,62,0,182,439,0,1224,0,3077,0,7101,0,16088,0,34648,0,71596,0,139359,0,256568,0,438756,0,696477,0,1010748,0,1331831,0,1574038,0,1657006,0,1541492,0,1188396,0,584280,1
0,0,0,0,0,0,0,0,0,0,0,0,0,0,0,0,0,0,0,0,0,0,0,0,0,0,0,0,0,0,0,0,0,0,0,0,0,0,0,0,0,0,0,0,0,0,0,0,0,0,0,0,0,0,0,0,0,0,0,0,0,0,0,0,0,0,0,0,0,0,0,0,0,0,0,0,0,0,0,0,0,0,0,0,0,0,0,0,0,0,0,0,0,0,0,3,0,1,0,2,0,9,0,22,0,61,0,186,431,0,1212,0,3027,0,7136,0,15992,0,34614,0,71072,0,139053,0,256335,0,438005,0,695349,0,1009531,0,1331039,0,1575995,0,1657262,0,1542048,0,1190113,0,584910,1
0,0,0,0,0,0,0,0,0,0,0,0,0,0,0,0,0,0,0,0,0,0,0,0,0,0,0,0,0,0,0,0,0,0,0,0,0,0,0,0,0,0,0,0,0,0,0,0,0,0,0,0,0,0,0,0,0,0,0,0,0,0,0,0,0,0,0,0,0,0,0,0,0,0,0,0,0,0,0,0,0,0,0,0,0,0,0,0,0,0,0,0,0,0,0,0,0,3,0,3,0,5,0,29,0,56,0,176,445,0,1170,0,3064,0,7055,0,15908,0,34657,0,70765,0,138679,0,255862,0,437411,0,694013,0,1008962,0,1331150,0,1575051,0,1658875,0,1542796,0,1191509,0,585764,1
0,0,0,0,0,0,0,0,0,0,0,0,0,0,0,0,0,0,0,0,0,0,0,0,0,0,0,0,0,0,0,0,0,0,0,0,0,0,0,0,0,0,0,0,0,0,0,0,0,0,0,0,0,0,0,0,0,0,0,0,0,0,0,0,0,0,0,0,0,0,0,0,0,0,0,0,0,0,0,0,0,0,0,0,0,0,0,0,0,0,0,0,0,0,0,0,0,2,0,3,0,6,0,26,0,60,0,168,450,0,1170,0,3033,0,7015,0,15823,0,34296,0,70709,0,138324,0,255348,0,436228,0,693768,0,1007901,0,1329970,0,1575450,0,1660005,0,1544494,0,1192544,0,586615,1
0,0,0,0,0,0,0,0,0,0,0,0,0,0,0,0,0,0,0,0,0,0,0,0,0,0,0,0,0,0,0,0,0,0,0,0,0,0,0,0,0,0,0,0,0,0,0,0,0,0,0,0,0,0,0,0,0,0,0,0,0,0,0,0,0,0,0,0,0,0,0,0,0,0,0,0,0,0,0,0,0,0,0,0,0,0,0,0,0,0,0,0,0,0,0,1,0,1,0,3,0,6,0,26,0,67,0,165,451,0,1143,0,3023,0,6937,0,15737,0,34321,0,70457,0,138379,0,254603,0,435419,0,692405,0,1006909,0,1329486,0,1576187,0,1661209,0,1545307,0,1193780,0,587386,1
0,0,0,0,0,0,0,0,0,0,0,0,0,0,0,0,0,0,0,0,0,0,0,0,0,0,0,0,0,0,0,0,0,0,0,0,0,0,0,0,0,0,0,0,0,0,0,0,0,0,0,0,0,0,0,0,0,0,0,0,0,0,0,0,0,0,0,0,0,0,0,0,0,0,0,0,0,0,0,0,0,0,0,0,0,0,0,0,0,0,0,0,0,0,0,1,0,1,0,3,0,6,0,22,0,70,0,175,453,0,1156,0,2920,0,7055,0,15586,0,34051,0,70438,0,137945,0,254028,0,434569,0,690951,0,1007278,0,1328329,0,1575624,0,1662629,0,1547058,0,1195068,0,587992,1
0,0,0,0,0,0,0,0,0,0,0,0,0,0,0,0,0,0,0,0,0,0,0,0,0,0,0,0,0,0,0,0,0,0,0,0,0,0,0,0,0,0,0,0,0,0,0,0,0,0,0,0,0,0,0,0,0,0,0,0,0,0,0,0,0,0,0,0,0,0,0,0,0,0,0,0,0,0,0,0,0,0,0,0,0,0,0,0,0,0,0,0,0,0,0,1,0,2,0,1,0,8,0,24,0,67,0,173,439,0,1149,0,2884,0,6900,0,15699,0,34148,0,70132,0,137520,0,252870,0,434041,0,690126,0,1005790,0,1328670,0,1575653,0,1663917,0,1548594,0,1196077,0,588523,1
0,0,0,0,0,0,0,0,0,0,0,0,0,0,0,0,0,0,0,0,0,0,0,0,0,0,0,0,0,0,0,0,0,0,0,0,0,0,0,0,0,0,0,0,0,0,0,0,0,0,0,0,0,0,0,0,0,0,0,0,0,0,0,0,0,0,0,0,0,0,0,0,0,0,0,0,0,0,0,0,0,0,0,0,0,0,0,0,0,0,0,0,0,0,0,0,0,3,0,1,0,6,0,27,0,69,0,170,431,0,1156,0,2830,0,6990,0,15483,0,34229,0,69822,0,137117,0,251947,0,433289,0,689758,0,1004631,0,1328129,0,1574832,0,1666429,0,1549805,0,1197089,0,589165,1
0,0,0,0,0,0,0,0,0,0,0,0,0,0,0,0,0,0,0,0,0,0,0,0,0,0,0,0,0,0,0,0,0,0,0,0,0,0,0,0,0,0,0,0,0,0,0,0,0,0,0,0,0,0,0,0,0,0,0,0,0,0,0,0,0,0,0,0,0,0,0,0,0,0,0,0,0,0,0,0,0,0,0,0,0,0,0,0,0,0,0,0,0,0,0,0,0,2,0,3,0,8,0,25,0,66,0,167,441,0,1168,0,2799,0,6899,0,15461,0,34089,0,69591,0,136922,0,251131,0,432616,0,688877,0,1004264,0,1327379,0,1574835,0,1667958,0,1550825,0,1198006,0,589876,1
0,0,0,0,0,0,0,0,0,0,0,0,0,0,0,0,0,0,0,0,0,0,0,0,0,0,0,0,0,0,0,0,0,0,0,0,0,0,0,0,0,0,0,0,0,0,0,0,0,0,0,0,0,0,0,0,0,0,0,0,0,0,0,0,0,0,0,0,0,0,0,0,0,0,0,0,0,0,0,0,0,0,0,0,0,0,0,0,0,0,0,0,0,0,0,0,0,2,0,1,0,13,0,23,0,63,0,167,447,0,1153,0,2794,0,6885,0,15563,0,33775,0,69463,0,136650,0,250436,0,431671,0,688123,0,1003530,0,1327182,0,1576004,0,1667647,0,1552700,0,1198724,0,590392,1
0,0,0,0,0,0,0,0,0,0,0,0,0,0,0,0,0,0,0,0,0,0,0,0,0,0,0,0,0,0,0,0,0,0,0,0,0,0,0,0,0,0,0,0,0,0,0,0,0,0,0,0,0,0,0,0,0,0,0,0,0,0,0,0,0,0,0,0,0,0,0,0,0,0,0,0,0,0,0,0,0,0,0,0,0,0,0,0,0,0,0,0,0,0,0,0,0,2,0,0,0,8,0,32,0,65,0,167,447,0,1150,0,2701,0,6854,0,15526,0,33702,0,69285,0,136446,0,249390,0,430759,0,687931,0,1001801,0,1327360,0,1576682,0,1668573,0,1554244,0,1199463,0,590820,1
0,0,0,0,0,0,0,0,0,0,0,0,0,0,0,0,0,0,0,0,0,0,0,0,0,0,0,0,0,0,0,0,0,0,0,0,0,0,0,0,0,0,0,0,0,0,0,0,0,0,0,0,0,0,0,0,0,0,0,0,0,0,0,0,0,0,0,0,0,0,0,0,0,0,0,0,0,0,0,0,0,0,0,0,0,0,0,0,0,0,0,0,0,0,0,0,0,1,0,2,0,7,0,26,0,62,0,182,434,0,1112,0,2735,0,6820,0,15472,0,33433,0,69024,0,136051,0,249067,0,429593,0,687472,0,1001154,0,1327288,0,1577247,0,1668588,0,1555343,0,1200808,0,591487,1
0,0,0,0,0,0,0,0,0,0,0,0,0,0,0,0,0,0,0,0,0,0,0,0,0,0,0,0,0,0,0,0,0,0,0,0,0,0,0,0,0,0,0,0,0,0,0,0,0,0,0,0,0,0,0,0,0,0,0,0,0,0,0,0,0,0,0,0,0,0,0,0,0,0,0,0,0,0,0,0,0,0,0,0,0,0,0,0,0,0,0,0,0,0,0,0,0,1,0,2,0,8,0,19,0,74,0,174,439,0,1076,0,2756,0,6797,0,15321,0,33422,0,68991,0,135452,0,249218,0,428795,0,685438,0,1001340,0,1326621,0,1577318,0,1670499,0,1555351,0,1202226,0,592070,1
0,0,0,0,0,0,0,0,0,0,0,0,0,0,0,0,0,0,0,0,0,0,0,0,0,0,0,0,0,0,0,0,0,0,0,0,0,0,0,0,0,0,0,0,0,0,0,0,0,0,0,0,0,0,0,0,0,0,0,0,0,0,0,0,0,0,0,0,0,0,0,0,0,0,0,0,0,0,0,0,0,0,0,0,0,0,0,0,0,0,0,0,0,0,0,0,0,1,0,1,0,11,0,15,0,73,0,181,442,0,1072,0,2743,0,6744,0,15286,0,33386,0,68550,0,134569,0,249122,0,428549,0,684186,0,1000646,0,1326690,0,1577247,0,1670607,0,1557527,0,1203373,0,592387,1
0,0,0,0,0,0,0,0,0,0,0,0,0,0,0,0,0,0,0,0,0,0,0,0,0,0,0,0,0,0,0,0,0,0,0,0,0,0,0,0,0,0,0,0,0,0,0,0,0,0,0,0,0,0,0,0,0,0,0,0,0,0,0,0,0,0,0,0,0,0,0,0,0,0,0,0,0,0,0,0,0,0,0,0,0,0,0,0,0,0,0,0,0,0,0,1,0,0,0,3,0,8,0,19,0,74,0,167,419,0,1100,0,2748,0,6673,0,15173,0,33332,0,68453,0,134086,0,248186,0,427891,0,683513,0,999967,0,1326264,0,1578193,0,1671218,0,1558443,0,1204668,0,592809,1
0,0,0,0,0,0,0,0,0,0,0,0,0,0,0,0,0,0,0,0,0,0,0,0,0,0,0,0,0,0,0,0,0,0,0,0,0,0,0,0,0,0,0,0,0,0,0,0,0,0,0,0,0,0,0,0,0,0,0,0,0,0,0,0,0,0,0,0,0,0,0,0,0,0,0,0,0,0,0,0,0,0,0,0,0,0,0,0,0,0,0,0,0,0,0,0,0,2,0,2,0,8,0,19,0,71,0,163,425,0,1097,0,2714,0,6632,0,15141,0,33234,0,68307,0,133728,0,247485,0,427252,0,682210,0,999823,0,1325533,0,1578186,0,1672748,0,1559524,0,1206086,0,593018,1
0,0,0,0,0,0,0,0,0,0,0,0,0,0,0,0,0,0,0,0,0,0,0,0,0,0,0,0,0,0,0,0,0,0,0,0,0,0,0,0,0,0,0,0,0,0,0,0,0,0,0,0,0,0,0,0,0,0,0,0,0,0,0,0,0,0,0,0,0,0,0,0,0,0,0,0,0,0,0,0,0,0,0,0,0,0,0,0,0,0,0,0,0,0,0,0,0,1,0,2,0,6,0,30,0,61,0,151,425,0,1115,0,2732,0,6537,0,15032,0,33176,0,68324,0,133292,0,246443,0,426726,0,681705,0,998463,0,1325290,0,1578680,0,1673422,0,1561635,0,1206565,0,593595,1
0,0,0,0,0,0,0,0,0,0,0,0,0,0,0,0,0,0,0,0,0,0,0,0,0,0,0,0,0,0,0,0,0,0,0,0,0,0,0,0,0,0,0,0,0,0,0,0,0,0,0,0,0,0,0,0,0,0,0,0,0,0,0,0,0,0,0,0,0,0,0,0,0,0,0,0,0,0,0,0,0,0,0,0,0,0,0,0,0,0,0,0,0,0,0,0,0,1,0,1,0,10,0,23,0,61,0,149,442,0,1124,0,2714,0,6513,0,14955,0,33142,0,67894,0,133104,0,245830,0,426367,0,680451,0,997860,0,1324980,0,1578309,0,1675428,0,1562588,0,1207427,0,594035,1
0,0,0,0,0,0,0,0,0,0,0,0,0,0,0,0,0,0,0,0,0,0,0,0,0,0,0,0,0,0,0,0,0,0,0,0,0,0,0,0,0,0,0,0,0,0,0,0,0,0,0,0,0,0,0,0,0,0,0,0,0,0,0,0,0,0,0,0,0,0,0,0,0,0,0,0,0,0,0,0,0,0,0,0,0,0,0,0,0,0,0,0,0,0,0,0,0,0,0,4,0,11,0,26,0,48,0,155,419,0,1153,0,2699,0,6458,0,14990,0,32792,0,67728,0,132548,0,246120,0,424778,0,680010,0,996842,0,1324959,0,1578975,0,1675974,0,1563575,0,1208900,0,594244,1
0,0,0,0,0,0,0,0,0,0,0,0,0,0,0,0,0,0,0,0,0,0,0,0,0,0,0,0,0,0,0,0,0,0,0,0,0,0,0,0,0,0,0,0,0,0,0,0,0,0,0,0,0,0,0,0,0,0,0,0,0,0,0,0,0,0,0,0,0,0,0,0,0,0,0,0,0,0,0,0,0,0,0,0,0,0,0,0,0,0,0,0,0,0,0,0,0,0,0,4,0,10,0,24,0,59,0,159,401,0,1154,0,2676,0,6471,0,15009,0,32769,0,67053,0,132384,0,245657,0,423921,0,678939,0,996616,0,1324476,0,1578851,0,1677966,0,1564369,0,1209582,0,594858,1
0,0,0,0,0,0,0,0,0,0,0,0,0,0,0,0,0,0,0,0,0,0,0,0,0,0,0,0,0,0,0,0,0,0,0,0,0,0,0,0,0,0,0,0,0,0,0,0,0,0,0,0,0,0,0,0,0,0,0,0,0,0,0,0,0,0,0,0,0,0,0,0,0,0,0,0,0,0,0,0,0,0,0,0,0,0,0,0,0,0,0,0,0,0,0,0,0,0,0,3,0,9,0,22,0,66,0,143,423,0,1147,0,2678,0,6389,0,14912,0,32718,0,67069,0,131628,0,245389,0,423302,0,678551,0,995663,0,1323956,0,1578706,0,1679336,0,1565136,0,1210634,0,595528,1
0,0,0,0,0,0,0,0,0,0,0,0,0,0,0,0,0,0,0,0,0,0,0,0,0,0,0,0,0,0,0,0,0,0,0,0,0,0,0,0,0,0,0,0,0,0,0,0,0,0,0,0,0,0,0,0,0,0,0,0,0,0,0,0,0,0,0,0,0,0,0,0,0,0,0,0,0,0,0,0,0,0,0,0,0,0,0,0,0,0,0,0,0,0,0,0,0,0,0,2,0,10,0,26,0,59,0,150,434,0,1089,0,2732,0,6433,0,14883,0,32324,0,66805,0,131463,0,244832,0,422722,0,677885,0,995118,0,1323631,0,1578534,0,1680359,0,1566548,0,1211256,0,596113,1
0,0,0,0,0,0,0,0,0,0,0,0,0,0,0,0,0,0,0,0,0,0,0,0,0,0,0,0,0,0,0,0,0,0,0,0,0,0,0,0,0,0,0,0,0,0,0,0,0,0,0,0,0,0,0,0,0,0,0,0,0,0,0,0,0,0,0,0,0,0,0,0,0,0,0,0,0,0,0,0,0,0,0,0,0,0,0,0,0,0,0,0,0,0,0,0,0,0,0,2,0,6,0,28,0,56,0,158,427,0,1115,0,2689,0,6438,0,14774,0,32199,0,66689,0,131216,0,244594,0,421391,0,677402,0,993956,0,1323311,0,1579025,0,1681583,0,1567243,0,1212640,0,596466,1
0,0,0,0,0,0,0,0,0,0,0,0,0,0,0,0,0,0,0,0,0,0,0,0,0,0,0,0,0,0,0,0,0,0,0,0,0,0,0,0,0,0,0,0,0,0,0,0,0,0,0,0,0,0,0,0,0,0,0,0,0,0,0,0,0,0,0,0,0,0,0,0,0,0,0,0,0,0,0,0,0,0,0,0,0,0,0,0,0,0,0,0,0,0,0,0,0,0,0,2,0,9,0,23,0,51,0,170,416,0,1125,0,2634,0,6444,0,14724,0,32168,0,66447,0,131273,0,243644,0,420971,0,675663,0,994500,0,1322518,0,1579033,0,1682846,0,1568118,0,1213598,0,597031,1
0,0,0,0,0,0,0,0,0,0,0,0,0,0,0,0,0,0,0,0,0,0,0,0,0,0,0,0,0,0,0,0,0,0,0,0,0,0,0,0,0,0,0,0,0,0,0,0,0,0,0,0,0,0,0,0,0,0,0,0,0,0,0,0,0,0,0,0,0,0,0,0,0,0,0,0,0,0,0,0,0,0,0,0,0,0,0,0,0,0,0,0,0,0,0,0,0,0,0,5,0,10,0,20,0,47,0,178,402,0,1080,0,2709,0,6440,0,14668,0,31955,0,66461,0,130612,0,243594,0,420265,0,674591,0,993601,0,1322658,0,1578963,0,1683311,0,1570070,0,1214041,0,597727,1
0,0,0,0,0,0,0,0,0,0,0,0,0,0,0,0,0,0,0,0,0,0,0,0,0,0,0,0,0,0,0,0,0,0,0,0,0,0,0,0,0,0,0,0,0,0,0,0,0,0,0,0,0,0,0,0,0,0,0,0,0,0,0,0,0,0,0,0,0,0,0,0,0,0,0,0,0,0,0,0,0,0,0,0,0,0,0,0,0,0,0,0,0,0,0,0,0,0,0,5,0,11,0,20,0,54,0,153,432,0,1082,0,2689,0,6352,0,14665,0,31745,0,66300,0,130423,0,243338,0,419342,0,673983,0,992446,0,1322050,0,1579919,0,1683758,0,1571676,0,1214909,0,598056,1
0,0,0,0,0,0,0,0,0,0,0,0,0,0,0,0,0,0,0,0,0,0,0,0,0,0,0,0,0,0,0,0,0,0,0,0,0,0,0,0,0,0,0,0,0,0,0,0,0,0,0,0,0,0,0,0,0,0,0,0,0,0,0,0,0,0,0,0,0,0,0,0,0,0,0,0,0,0,0,0,0,0,0,0,0,0,0,0,0,0,0,0,0,0,0,0,0,0,0,4,0,12,0,22,0,52,0,129,441,0,1096,0,2688,0,6353,0,14430,0,31833,0,66021,0,130230,0,242802,0,418964,0,672994,0,990870,0,1321844,0,1580976,0,1684345,0,1572656,0,1216185,0,598461,1
0,0,0,0,0,0,0,0,0,0,0,0,0,0,0,0,0,0,0,0,0,0,0,0,0,0,0,0,0,0,0,0,0,0,0,0,0,0,0,0,0,0,0,0,0,0,0,0,0,0,0,0,0,0,0,0,0,0,0,0,0,0,0,0,0,0,0,0,0,0,0,0,0,0,0,0,0,0,0,0,0,0,0,0,0,0,0,0,0,0,0,0,0,0,0,0,0,0,0,2,0,13,0,19,0,43,0,154,408,0,1117,0,2692,0,6335,0,14396,0,31613,0,65974,0,130156,0,241628,0,418613,0,672337,0,990198,0,1322060,0,1580359,0,1685485,0,1574172,0,1217031,0,598603,1
0,0,0,0,0,0,0,0,0,0,0,0,0,0,0,0,0,0,0,0,0,0,0,0,0,0,0,0,0,0,0,0,0,0,0,0,0,0,0,0,0,0,0,0,0,0,0,0,0,0,0,0,0,0,0,0,0,0,0,0,0,0,0,0,0,0,0,0,0,0,0,0,0,0,0,0,0,0,0,0,0,0,0,0,0,0,0,0,0,0,0,0,0,0,0,0,0,0,0,1,0,14,0,16,0,53,0,135,411,0,1093,0,2679,0,6353,0,14319,0,31530,0,65827,0,129372,0,241150,0,418401,0,672273,0,988745,0,1321434,0,1581070,0,1685866,0,1575585,0,1218121,0,598960,1
0,0,0,0,0,0,0,0,0,0,0,0,0,0,0,0,0,0,0,0,0,0,0,0,0,0,0,0,0,0,0,0,0,0,0,0,0,0,0,0,0,0,0,0,0,0,0,0,0,0,0,0,0,0,0,0,0,0,0,0,0,0,0,0,0,0,0,0,0,0,0,0,0,0,0,0,0,0,0,0,0,0,0,0,0,0,0,0,0,0,0,0,0,0,0,0,0,0,0,2,0,8,0,17,0,49,0,140,441,0,1053,0,2667,0,6345,0,14070,0,31530,0,65584,0,129223,0,240744,0,417684,0,671523,0,988312,0,1320495,0,1581912,0,1686424,0,1576915,0,1219122,0,599148,1
0,0,0,0,0,0,0,0,0,0,0,0,0,0,0,0,0,0,0,0,0,0,0,0,0,0,0,0,0,0,0,0,0,0,0,0,0,0,0,0,0,0,0,0,0,0,0,0,0,0,0,0,0,0,0,0,0,0,0,0,0,0,0,0,0,0,0,0,0,0,0,0,0,0,0,0,0,0,0,0,0,0,0,0,0,0,0,0,0,0,0,0,0,0,0,0,0,0,0,2,0,7,0,20,0,50,0,164,398,0,1091,0,2694,0,6222,0,14059,0,31570,0,65247,0,129104,0,240187,0,417218,0,671321,0,987295,0,1319888,0,1582258,0,1686480,0,1578652,0,1220303,0,599178,1
0,0,0,0,0,0,0,0,0,0,0,0,0,0,0,0,0,0,0,0,0,0,0,0,0,0,0,0,0,0,0,0,0,0,0,0,0,0,0,0,0,0,0,0,0,0,0,0,0,0,0,0,0,0,0,0,0,0,0,0,0,0,0,0,0,0,0,0,0,0,0,0,0,0,0,0,0,0,0,0,0,0,0,0,0,0,0,0,0,0,0,0,0,0,0,0,0,0,0,1,0,7,0,21,0,53,0,169,379,0,1115,0,2664,0,6207,0,14081,0,31346,0,65145,0,128557,0,239793,0,417026,0,670147,0,986959,0,1318629,0,1583421,0,1687268,0,1579583,0,1220841,0,599996,1
0,0,0,0,0,0,0,0,0,0,0,0,0,0,0,0,0,0,0,0,0,0,0,0,0,0,0,0,0,0,0,0,0,0,0,0,0,0,0,0,0,0,0,0,0,0,0,0,0,0,0,0,0,0,0,0,0,0,0,0,0,0,0,0,0,0,0,0,0,0,0,0,0,0,0,0,0,0,0,0,0,0,0,0,0,0,0,0,0,0,0,0,0,0,0,0,0,0,0,0,0,7,0,18,0,59,0,168,375,0,1097,0,2683,0,6164,0,14134,0,31184,0,64834,0,128445,0,239069,0,416368,0,670176,0,985223,0,1319153,0,1583465,0,1688077,0,1580420,0,1222376,0,599913,1
0,0,0,0,0,0,0,0,0,0,0,0,0,0,0,0,0,0,0,0,0,0,0,0,0,0,0,0,0,0,0,0,0,0,0,0,0,0,0,0,0,0,0,0,0,0,0,0,0,0,0,0,0,0,0,0,0,0,0,0,0,0,0,0,0,0,0,0,0,0,0,0,0,0,0,0,0,0,0,0,0,0,0,0,0,0,0,0,0,0,0,0,0,0,0,0,0,0,0,1,0,5,0,21,0,62,0,151,409,0,1093,0,2657,0,6055,0,14192,0,31170,0,64565,0,128237,0,238514,0,416474,0,668225,0,985469,0,1318163,0,1584221,0,1688935,0,1580919,0,1223406,0,600464,1
0,0,0,0,0,0,0,0,0,0,0,0,0,0,0,0,0,0,0,0,0,0,0,0,0,0,0,0,0,0,0,0,0,0,0,0,0,0,0,0,0,0,0,0,0,0,0,0,0,0,0,0,0,0,0,0,0,0,0,0,0,0,0,0,0,0,0,0,0,0,0,0,0,0,0,0,0,0,0,0,0,0,0,0,0,0,0,0,0,0,0,0,0,0,0,0,0,0,0,1,0,5,0,18,0,61,0,152,394,0,1077,0,2609,0,6123,0,14020,0,31083,0,64574,0,127940,0,238331,0,415738,0,667002,0,985217,0,1317874,0,1584526,0,1690020,0,1581173,0,1224438,0,601032,1
0,0,0,0,0,0,0,0,0,0,0,0,0,0,0,0,0,0,0,0,0,0,0,0,0,0,0,0,0,0,0,0,0,0,0,0,0,0,0,0,0,0,0,0,0,0,0,0,0,0,0,0,0,0,0,0,0,0,0,0,0,0,0,0,0,0,0,0,0,0,0,0,0,0,0,0,0,0,0,0,0,0,0,0,0,0,0,0,0,0,0,0,0,0,0,0,0,0,0,1,0,6,0,16,0,58,0,158,395,0,1063,0,2596,0,6136,0,14027,0,30934,0,64087,0,128011,0,238076,0,414691,0,666536,0,984485,0,1317810,0,1584374,0,1691002,0,1581783,0,1226006,0,601157,1
0,0,0,0,0,0,0,0,0,0,0,0,0,0,0,0,0,0,0,0,0,0,0,0,0,0,0,0,0,0,0,0,0,0,0,0,0,0,0,0,0,0,0,0,0,0,0,0,0,0,0,0,0,0,0,0,0,0,0,0,0,0,0,0,0,0,0,0,0,0,0,0,0,0,0,0,0,0,0,0,0,0,0,0,0,0,0,0,0,0,0,0,0,0,0,0,0,0,0,1,0,4,0,18,0,64,0,147,389,0,1092,0,2512,0,6141,0,14069,0,30866,0,63854,0,127151,0,237700,0,414819,0,665731,0,983581,0,1317755,0,1584971,0,1690983,0,1583060,0,1226977,0,601523,1
0,0,0,0,0,0,0,0,0,0,0,0,0,0,0,0,0,0,0,0,0,0,0,0,0,0,0,0,0,0,0,0,0,0,0,0,0,0,0,0,0,0,0,0,0,0,0,0,0,0,0,0,0,0,0,0,0,0,0,0,0,0,0,0,0,0,0,0,0,0,0,0,0,0,0,0,0,0,0,0,0,0,0,0,0,0,0,0,0,0,0,0,0,0,0,0,0,0,0,1,0,4,0,18,0,66,0,134,372,0,1092,0,2544,0,6124,0,13933,0,30617,0,63789,0,127124,0,237260,0,413769,0,665538,0,982375,0,1318275,0,1584661,0,1691868,0,1583946,0,1227541,0,602357,1
0,0,0,0,0,0,0,0,0,0,0,0,0,0,0,0,0,0,0,0,0,0,0,0,0,0,0,0,0,0,0,0,0,0,0,0,0,0,0,0,0,0,0,0,0,0,0,0,0,0,0,0,0,0,0,0,0,0,0,0,0,0,0,0,0,0,0,0,0,0,0,0,0,0,0,0,0,0,0,0,0,0,0,0,0,0,0,0,0,0,0,0,0,0,0,0,0,0,0,2,0,4,0,15,0,67,0,138,384,0,1030,0,2591,0,6081,0,13897,0,30438,0,63946,0,126674,0,237229,0,412557,0,665287,0,981078,0,1318453,0,1584411,0,1693072,0,1584502,0,1229008,0,602544,1
0,0,0,0,0,0,0,0,0,0,0,0,0,0,0,0,0,0,0,0,0,0,0,0,0,0,0,0,0,0,0,0,0,0,0,0,0,0,0,0,0,0,0,0,0,0,0,0,0,0,0,0,0,0,0,0,0,0,0,0,0,0,0,0,0,0,0,0,0,0,0,0,0,0,0,0,0,0,0,0,0,0,0,0,0,0,0,0,0,0,0,0,0,0,0,0,0,1,0,1,0,3,0,19,0,70,0,123,379,0,1065,0,2548,0,6028,0,13904,0,30218,0,64066,0,126605,0,236755,0,412000,0,664798,0,980767,0,1317980,0,1583726,0,1693206,0,1586278,0,1229543,0,603325,1
0,0,0,0,0,0,0,0,0,0,0,0,0,0,0,0,0,0,0,0,0,0,0,0,0,0,0,0,0,0,0,0,0,0,0,0,0,0,0,0,0,0,0,0,0,0,0,0,0,0,0,0,0,0,0,0,0,0,0,0,0,0,0,0,0,0,0,0,0,0,0,0,0,0,0,0,0,0,0,0,0,0,0,0,0,0,0,0,0,0,0,0,0,0,0,0,0,1,0,1,0,2,0,23,0,57,0,126,408,0,1029,0,2521,0,5957,0,14011,0,29917,0,64243,0,126252,0,236131,0,411864,0,664008,0,980228,0,1318400,0,1582020,0,1695015,0,1587091,0,1230062,0,604041,1
0,0,0,0,0,0,0,0,0,0,0,0,0,0,0,0,0,0,0,0,0,0,0,0,0,0,0,0,0,0,0,0,0,0,0,0,0,0,0,0,0,0,0,0,0,0,0,0,0,0,0,0,0,0,0,0,0,0,0,0,0,0,0,0,0,0,0,0,0,0,0,0,0,0,0,0,0,0,0,0,0,0,0,0,0,0,0,0,0,0,0,0,0,0,0,0,0,0,0,2,0,2,0,21,0,60,0,116,413,0,1021,0,2485,0,6041,0,13831,0,29995,0,64013,0,126008,0,235656,0,411539,0,662929,0,980374,0,1317563,0,1582502,0,1695586,0,1587905,0,1230571,0,604775,1
0,0,0,0,0,0,0,0,0,0,0,0,0,0,0,0,0,0,0,0,0,0,0,0,0,0,0,0,0,0,0,0,0,0,0,0,0,0,0,0,0,0,0,0,0,0,0,0,0,0,0,0,0,0,0,0,0,0,0,0,0,0,0,0,0,0,0,0,0,0,0,0,0,0,0,0,0,0,0,0,0,0,0,0,0,0,0,0,0,0,0,0,0,0,0,0,0,1,0,0,0,2,0,15,0,61,0,117,435,0,1016,0,2451,0,5972,0,13739,0,30023,0,63694,0,125996,0,235339,0,411149,0,662191,0,979052,0,1317918,0,1582528,0,1695623,0,1589402,0,1231523,0,605161,1
0,0,0,0,0,0,0,0,0,0,0,0,0,0,0,0,0,0,0,0,0,0,0,0,0,0,0,0,0,0,0,0,0,0,0,0,0,0,0,0,0,0,0,0,0,0,0,0,0,0,0,0,0,0,0,0,0,0,0,0,0,0,0,0,0,0,0,0,0,0,0,0,0,0,0,0,0,0,0,0,0,0,0,0,0,0,0,0,0,0,0,0,0,0,0,1,0,0,0,0,0,2,0,19,0,47,0,150,433,0,992,0,2433,0,5901,0,13800,0,29953,0,63518,0,125682,0,235336,0,409789,0,662201,0,978496,0,1317111,0,1582953,0,1696564,0,1589675,0,1232772,0,605580,1
0,0,0,0,0,0,0,0,0,0,0,0,0,0,0,0,0,0,0,0,0,0,0,0,0,0,0,0,0,0,0,0,0,0,0,0,0,0,0,0,0,0,0,0,0,0,0,0,0,0,0,0,0,0,0,0,0,0,0,0,0,0,0,0,0,0,0,0,0,0,0,0,0,0,0,0,0,0,0,0,0,0,0,0,0,0,0,0,0,0,0,0,0,0,0,1,0,0,0,0,0,3,0,17,0,48,0,154,438,0,971,0,2434,0,5847,0,13743,0,29935,0,63251,0,125806,0,234700,0,409231,0,661417,0,978342,0,1317042,0,1582574,0,1696823,0,1590396,0,1234050,0,606185,1
0,0,0,0,0,0,0,0,0,0,0,0,0,0,0,0,0,0,0,0,0,0,0,0,0,0,0,0,0,0,0,0,0,0,0,0,0,0,0,0,0,0,0,0,0,0,0,0,0,0,0,0,0,0,0,0,0,0,0,0,0,0,0,0,0,0,0,0,0,0,0,0,0,0,0,0,0,0,0,0,0,0,0,0,0,0,0,0,0,0,0,0,0,0,0,1,0,0,0,0,0,2,0,20,0,41,0,170,396,0,986,0,2474,0,5828,0,13489,0,29953,0,63072,0,125709,0,234633,0,408728,0,659810,0,978760,0,1316729,0,1582279,0,1697473,0,1591073,0,1235013,0,606769,1
0,0,0,0,0,0,0,0,0,0,0,0,0,0,0,0,0,0,0,0,0,0,0,0,0,0,0,0,0,0,0,0,0,0,0,0,0,0,0,0,0,0,0,0,0,0,0,0,0,0,0,0,0,0,0,0,0,0,0,0,0,0,0,0,0,0,0,0,0,0,0,0,0,0,0,0,0,0,0,0,0,0,0,0,0,0,0,0,0,0,0,0,0,1,0,0,0,0,0,1,0,2,0,19,0,43,0,161,389,0,1006,0,2422,0,5742,0,13446,0,29959,0,62773,0,125758,0,234188,0,408380,0,658873,0,978863,0,1315528,0,1582720,0,1697806,0,1591955,0,1236144,0,607229,1
0,0,0,0,0,0,0,0,0,0,0,0,0,0,0,0,0,0,0,0,0,0,0,0,0,0,0,0,0,0,0,0,0,0,0,0,0,0,0,0,0,0,0,0,0,0,0,0,0,0,0,0,0,0,0,0,0,0,0,0,0,0,0,0,0,0,0,0,0,0,0,0,0,0,0,0,0,0,0,0,0,0,0,0,0,0,0,0,0,0,0,0,0,1,0,0,0,0,0,0,0,5,0,16,0,48,0,152,402,0,975,0,2415,0,5779,0,13424,0,29839,0,62564,0,125582,0,233634,0,407471,0,659046,0,978091,0,1315000,0,1582662,0,1698693,0,1593315,0,1236427,0,607867,1
0,0,0,0,0,0,0,0,0,0,0,0,0,0,0,0,0,0,0,0,0,0,0,0,0,0,0,0,0,0,0,0,0,0,0,0,0,0,0,0,0,0,0,0,0,0,0,0,0,0,0,0,0,0,0,0,0,0,0,0,0,0,0,0,0,0,0,0,0,0,0,0,0,0,0,0,0,0,0,0,0,0,0,0,0,0,0,0,0,0,0,0,0,1,0,0,0,0,0,0,0,3,0,24,0,48,0,154,407,0,952,0,2387,0,5786,0,13394,0,29712,0,62400,0,125095,0,233401,0,407155,0,658773,0,977069,0,1313918,0,1583283,0,1698927,0,1595342,0,1236706,0,608471,1
0,0,0,0,0,0,0,0,0,0,0,0,0,0,0,0,0,0,0,0,0,0,0,0,0,0,0,0,0,0,0,0,0,0,0,0,0,0,0,0,0,0,0,0,0,0,0,0,0,0,0,0,0,0,0,0,0,0,0,0,0,0,0,0,0,0,0,0,0,0,0,0,0,0,0,0,0,0,0,0,0,0,0,0,0,0,0,0,0,0,0,0,0,1,0,0,0,0,0,0,0,4,0,17,0,55,0,153,398,0,938,0,2346,0,5739,0,13399,0,29586,0,62313,0,124387,0,233157,0,406906,0,659213,0,975643,0,1313437,0,1582703,0,1699600,0,1597019,0,1237648,0,608746,1
0,0,0,0,0,0,0,0,0,0,0,0,0,0,0,0,0,0,0,0,0,0,0,0,0,0,0,0,0,0,0,0,0,0,0,0,0,0,0,0,0,0,0,0,0,0,0,0,0,0,0,0,0,0,0,0,0,0,0,0,0,0,0,0,0,0,0,0,0,0,0,0,0,0,0,0,0,0,0,0,0,0,0,0,0,0,0,0,0,0,0,0,0,1,0,0,0,0,0,1,0,3,0,15,0,61,0,159,362,0,980,0,2342,0,5737,0,13386,0,29448,0,62242,0,124102,0,232505,0,406626,0,658403,0,975290,0,1312908,0,1583674,0,1698968,0,1598914,0,1238125,0,609156,1
0,0,0,0,0,0,0,0,0,0,0,0,0,0,0,0,0,0,0,0,0,0,0,0,0,0,0,0,0,0,0,0,0,0,0,0,0,0,0,0,0,0,0,0,0,0,0,0,0,0,0,0,0,0,0,0,0,0,0,0,0,0,0,0,0,0,0,0,0,0,0,0,0,0,0,0,0,0,0,0,0,0,0,0,0,0,0,0,0,0,0,0,0,1,0,0,0,1,0,0,0,4,0,16,0,54,0,162,391,0,953,0,2302,0,5768,0,13354,0,29254,0,62064,0,124232,0,231792,0,406182,0,657872,0,974160,0,1312930,0,1583526,0,1699878,0,1599765,0,1239298,0,609449,1
0,0,0,0,0,0,0,0,0,0,0,0,0,0,0,0,0,0,0,0,0,0,0,0,0,0,0,0,0,0,0,0,0,0,0,0,0,0,0,0,0,0,0,0,0,0,0,0,0,0,0,0,0,0,0,0,0,0,0,0,0,0,0,0,0,0,0,0,0,0,0,0,0,0,0,0,0,0,0,0,0,0,0,0,0,0,0,0,0,0,0,0,0,1,0,0,0,0,0,1,0,3,0,20,0,54,0,146,383,0,951,0,2361,0,5708,0,13325,0,29122,0,62010,0,124176,0,231716,0,405266,0,657609,0,973671,0,1311478,0,1584579,0,1700590,0,1599906,0,1240703,0,609629,1
0,0,0,0,0,0,0,0,0,0,0,0,0,0,0,0,0,0,0,0,0,0,0,0,0,0,0,0,0,0,0,0,0,0,0,0,0,0,0,0,0,0,0,0,0,0,0,0,0,0,0,0,0,0,0,0,0,0,0,0,0,0,0,0,0,0,0,0,0,0,0,0,0,0,0,0,0,0,0,0,0,0,0,0,0,0,0,0,0,0,0,0,0,1,0,0,0,0,0,1,0,3,0,18,0,61,0,142,372,0,951,0,2376,0,5649,0,13286,0,29195,0,61744,0,123900,0,231249,0,404922,0,656749,0,973040,0,1311512,0,1584716,0,1701444,0,1601231,0,1240690,0,610156,1
0,0,0,0,0,0,0,0,0,0,0,0,0,0,0,0,0,0,0,0,0,0,0,0,0,0,0,0,0,0,0,0,0,0,0,0,0,0,0,0,0,0,0,0,0,0,0,0,0,0,0,0,0,0,0,0,0,0,0,0,0,0,0,0,0,0,0,0,0,0,0,0,0,0,0,0,0,0,0,0,0,0,0,0,0,0,0,0,0,0,0,0,0,1,0,0,0,0,0,0,0,4,0,10,0,60,0,140,370,0,952,0,2331,0,5728,0,13018,0,29284,0,61749,0,123557,0,231229,0,404351,0,655510,0,972937,0,1311621,0,1583859,0,1702427,0,1602033,0,1241794,0,610443,1
0,0,0,0,0,0,0,0,0,0,0,0,0,0,0,0,0,0,0,0,0,0,0,0,0,0,0,0,0,0,0,0,0,0,0,0,0,0,0,0,0,0,0,0,0,0,0,0,0,0,0,0,0,0,0,0,0,0,0,0,0,0,0,0,0,0,0,0,0,0,0,0,0,0,0,0,0,0,0,0,0,0,0,0,0,0,0,0,0,0,0,0,0,0,0,1,0,0,0,0,0,3,0,14,0,60,0,131,340,0,960,0,2351,0,5653,0,13123,0,29129,0,61612,0,123141,0,230653,0,404282,0,654979,0,972489,0,1310846,0,1583645,0,1703324,0,1603114,0,1242859,0,610699,1
0,0,0,0,0,0,0,0,0,0,0,0,0,0,0,0,0,0,0,0,0,0,0,0,0,0,0,0,0,0,0,0,0,0,0,0,0,0,0,0,0,0,0,0,0,0,0,0,0,0,0,0,0,0,0,0,0,0,0,0,0,0,0,0,0,0,0,0,0,0,0,0,0,0,0,0,0,0,0,0,0,0,0,0,0,0,0,0,0,0,0,0,0,0,0,1,0,0,0,1,0,2,0,14,0,61,0,123,337,0,961,0,2341,0,5614,0,12977,0,29133,0,61371,0,122667,0,230571,0,403859,0,654733,0,971250,0,1310590,0,1583963,0,1703795,0,1604119,0,1243846,0,611079,1
